sinr_bin_for_expected,rsrp_bin_for_expected,carrier_count_for_expected,serving_band_for_expected,serving_earfcn_for_expected,rb_usage_bucket,expected_tp_p75,expected_tp_median,expected_tp_mean,expected_tp_group_n,expected_tp_p75_ci_low,expected_tp_p75_ci_high,expected_tp_p75_ci_width,fallback_level,group_cols,reference_scope,reference_name
Fair,Fair,1.0,1,356,low_rb_usage,8.200472,4.6604,6.623073345263158,95,6.436858502500001,11.68956,5.2527014974999995,1,"sinr_bin_for_expected,rsrp_bin_for_expected,carrier_count_for_expected,serving_band_for_expected,serving_earfcn_for_expected,rb_usage_bucket",all_valid_lte_dl_rows,rb_conditioned
Fair,Fair,1.0,1,500,below_median_rb_usage,30.516119,23.88244,23.818235380246914,81,27.164097,34.44522682499999,7.28112982499999,1,"sinr_bin_for_expected,rsrp_bin_for_expected,carrier_count_for_expected,serving_band_for_expected,serving_earfcn_for_expected,rb_usage_bucket",all_valid_lte_dl_rows,rb_conditioned
Fair,Fair,1.0,1,500,low_rb_usage,13.713882,8.841484,10.144048488157894,152,12.724601250000001,14.656423599999991,1.9318223499999903,1,"sinr_bin_for_expected,rsrp_bin_for_expected,carrier_count_for_expected,serving_band_for_expected,serving_earfcn_for_expected,rb_usage_bucket",all_valid_lte_dl_rows,rb_conditioned
Fair,Fair,1.0,28,9310,below_median_rb_usage,11.592166,9.533868,9.970576883333333,72,10.739288,11.981644600000001,1.2423566000000008,1,"sinr_bin_for_expected,rsrp_bin_for_expected,carrier_count_for_expected,serving_band_for_expected,serving_earfcn_for_expected,rb_usage_bucket",all_valid_lte_dl_rows,rb_conditioned
Fair,Fair,1.0,28,9310,low_rb_usage,6.173532,3.815048,4.3811965322834645,127,5.5760055,6.759481596249999,1.1834760962499988,1,"sinr_bin_for_expected,rsrp_bin_for_expected,carrier_count_for_expected,serving_band_for_expected,serving_earfcn_for_expected,rb_usage_bucket",all_valid_lte_dl_rows,rb_conditioned
Fair,Fair,1.0,3,1850,below_median_rb_usage,30.876104,22.30848,23.247572254777072,157,28.021548975,34.34140597499997,6.3198569999999705,1,"sinr_bin_for_expected,rsrp_bin_for_expected,carrier_count_for_expected,serving_band_for_expected,serving_earfcn_for_expected,rb_usage_bucket",all_valid_lte_dl_rows,rb_conditioned
Fair,Fair,1.0,3,1850,low_rb_usage,12.524334,4.696188,7.343449469418982,216,10.823604999999999,13.643112784374992,2.819507784374993,1,"sinr_bin_for_expected,rsrp_bin_for_expected,carrier_count_for_expected,serving_band_for_expected,serving_earfcn_for_expected,rb_usage_bucket",all_valid_lte_dl_rows,rb_conditioned
Fair,Fair,1.0,41,40790,below_median_rb_usage,32.33895,23.959816,25.097895875565612,221,30.429728375,35.705276375,5.275547999999997,1,"sinr_bin_for_expected,rsrp_bin_for_expected,carrier_count_for_expected,serving_band_for_expected,serving_earfcn_for_expected,rb_usage_bucket",all_valid_lte_dl_rows,rb_conditioned
Fair,Fair,1.0,41,40790,low_rb_usage,13.369364000000001,7.269144,8.35042719117183,355,12.1543464,14.138981599999997,1.9846351999999978,1,"sinr_bin_for_expected,rsrp_bin_for_expected,carrier_count_for_expected,serving_band_for_expected,serving_earfcn_for_expected,rb_usage_bucket",all_valid_lte_dl_rows,rb_conditioned
Fair,Fair,1.0,41,40988,below_median_rb_usage,25.51978175,13.768343999999999,16.640214441964286,112,22.88806635625,28.80383525,5.915768893749998,1,"sinr_bin_for_expected,rsrp_bin_for_expected,carrier_count_for_expected,serving_band_for_expected,serving_earfcn_for_expected,rb_usage_bucket",all_valid_lte_dl_rows,rb_conditioned
Fair,Fair,1.0,41,40988,low_rb_usage,9.928092,6.13068,6.874731314193549,155,8.587276899999999,11.169885899999999,2.5826089999999997,1,"sinr_bin_for_expected,rsrp_bin_for_expected,carrier_count_for_expected,serving_band_for_expected,serving_earfcn_for_expected,rb_usage_bucket",all_valid_lte_dl_rows,rb_conditioned
Fair,Fair,1.0,41,41186,below_median_rb_usage,27.023735,19.676023,20.20459191020408,245,25.412207625,28.093096,2.6808883749999985,1,"sinr_bin_for_expected,rsrp_bin_for_expected,carrier_count_for_expected,serving_band_for_expected,serving_earfcn_for_expected,rb_usage_bucket",all_valid_lte_dl_rows,rb_conditioned
Fair,Fair,1.0,41,41186,low_rb_usage,10.501847999999999,5.861672,7.207758182352942,187,9.519324,12.193812000000001,2.674488000000002,1,"sinr_bin_for_expected,rsrp_bin_for_expected,carrier_count_for_expected,serving_band_for_expected,serving_earfcn_for_expected,rb_usage_bucket",all_valid_lte_dl_rows,rb_conditioned
Fair,Fair,1.0,41,41384,below_median_rb_usage,23.756607,17.36488,18.546213612590797,413,22.84748625,24.783632999999995,1.9361467499999954,1,"sinr_bin_for_expected,rsrp_bin_for_expected,carrier_count_for_expected,serving_band_for_expected,serving_earfcn_for_expected,rb_usage_bucket",all_valid_lte_dl_rows,rb_conditioned
Fair,Fair,1.0,41,41384,low_rb_usage,11.33788,6.272184,7.407223278302041,490,10.454974049999999,12.548970899999999,2.09399685,1,"sinr_bin_for_expected,rsrp_bin_for_expected,carrier_count_for_expected,serving_band_for_expected,serving_earfcn_for_expected,rb_usage_bucket",all_valid_lte_dl_rows,rb_conditioned
Fair,Fair,2.0,1,356,below_median_rb_usage,14.386050000000001,8.386892,11.483383761842106,76,12.138504,17.88681118125,5.74830718125,1,"sinr_bin_for_expected,rsrp_bin_for_expected,carrier_count_for_expected,serving_band_for_expected,serving_earfcn_for_expected,rb_usage_bucket",all_valid_lte_dl_rows,rb_conditioned
Fair,Fair,2.0,1,356,low_rb_usage,13.05772,5.725464,8.104982303703704,81,9.197376,16.764046975,7.566670974999999,1,"sinr_bin_for_expected,rsrp_bin_for_expected,carrier_count_for_expected,serving_band_for_expected,serving_earfcn_for_expected,rb_usage_bucket",all_valid_lte_dl_rows,rb_conditioned
Fair,Fair,2.0,1,356,medium_rb_usage,39.722339500000004,25.976608,27.110718543636363,55,33.03999905,46.651081262499986,13.611082212499987,1,"sinr_bin_for_expected,rsrp_bin_for_expected,carrier_count_for_expected,serving_band_for_expected,serving_earfcn_for_expected,rb_usage_bucket",all_valid_lte_dl_rows,rb_conditioned
Fair,Fair,2.0,1,500,below_median_rb_usage,24.27595525,14.724284,17.14931180714286,98,20.67281775,27.19735474375,6.524536993750001,1,"sinr_bin_for_expected,rsrp_bin_for_expected,carrier_count_for_expected,serving_band_for_expected,serving_earfcn_for_expected,rb_usage_bucket",all_valid_lte_dl_rows,rb_conditioned
Fair,Fair,2.0,1,500,high_rb_usage,72.061292,51.991577,52.73530131578947,95,62.31541980000001,77.56015,15.244730199999985,1,"sinr_bin_for_expected,rsrp_bin_for_expected,carrier_count_for_expected,serving_band_for_expected,serving_earfcn_for_expected,rb_usage_bucket",all_valid_lte_dl_rows,rb_conditioned
Fair,Fair,2.0,1,500,low_rb_usage,8.815387999999999,3.116,5.986353729411765,119,6.428108400000001,10.494378799999998,4.066270399999997,1,"sinr_bin_for_expected,rsrp_bin_for_expected,carrier_count_for_expected,serving_band_for_expected,serving_earfcn_for_expected,rb_usage_bucket",all_valid_lte_dl_rows,rb_conditioned
Fair,Fair,2.0,1,500,medium_rb_usage,48.1638925,34.3834,34.47319481193182,176,45.028526,55.0977452625,10.069219262499999,1,"sinr_bin_for_expected,rsrp_bin_for_expected,carrier_count_for_expected,serving_band_for_expected,serving_earfcn_for_expected,rb_usage_bucket",all_valid_lte_dl_rows,rb_conditioned
Fair,Fair,2.0,28,9310,high_rb_usage,27.754448,18.58568,21.249561285714286,35,21.6676999875,37.3193883125,15.651688325000002,1,"sinr_bin_for_expected,rsrp_bin_for_expected,carrier_count_for_expected,serving_band_for_expected,serving_earfcn_for_expected,rb_usage_bucket",all_valid_lte_dl_rows,rb_conditioned
Fair,Fair,2.0,28,9310,low_rb_usage,3.200018,1.66416,2.264255238095238,42,2.164691,3.883674,1.7189830000000001,1,"sinr_bin_for_expected,rsrp_bin_for_expected,carrier_count_for_expected,serving_band_for_expected,serving_earfcn_for_expected,rb_usage_bucket",all_valid_lte_dl_rows,rb_conditioned
Fair,Fair,2.0,28,9310,medium_rb_usage,16.855828499999998,8.693024000000001,13.078138086956521,46,12.668248949999999,27.907582424999998,15.239333474999999,1,"sinr_bin_for_expected,rsrp_bin_for_expected,carrier_count_for_expected,serving_band_for_expected,serving_earfcn_for_expected,rb_usage_bucket",all_valid_lte_dl_rows,rb_conditioned
Fair,Fair,2.0,3,1850,below_median_rb_usage,18.4104485,14.499888,14.30799221930502,259,17.6784817875,19.6492205,1.9707387124999975,1,"sinr_bin_for_expected,rsrp_bin_for_expected,carrier_count_for_expected,serving_band_for_expected,serving_earfcn_for_expected,rb_usage_bucket",all_valid_lte_dl_rows,rb_conditioned
Fair,Fair,2.0,3,1850,high_rb_usage,49.46347875,38.04701,38.38843673780488,82,42.968314,60.51006201249998,17.54174801249998,1,"sinr_bin_for_expected,rsrp_bin_for_expected,carrier_count_for_expected,serving_band_for_expected,serving_earfcn_for_expected,rb_usage_bucket",all_valid_lte_dl_rows,rb_conditioned
Fair,Fair,2.0,3,1850,low_rb_usage,9.961984,5.262688,6.422950733761468,109,7.345576,11.609624,4.264048,1,"sinr_bin_for_expected,rsrp_bin_for_expected,carrier_count_for_expected,serving_band_for_expected,serving_earfcn_for_expected,rb_usage_bucket",all_valid_lte_dl_rows,rb_conditioned
Fair,Fair,2.0,3,1850,medium_rb_usage,32.0803415,25.180392,25.273233765306124,392,30.4561307125,33.302470306249994,2.8463395937499953,1,"sinr_bin_for_expected,rsrp_bin_for_expected,carrier_count_for_expected,serving_band_for_expected,serving_earfcn_for_expected,rb_usage_bucket",all_valid_lte_dl_rows,rb_conditioned
Fair,Fair,2.0,41,40790,below_median_rb_usage,30.988118,19.564808,21.144581132352943,68,24.857907775,35.813263,10.955355224999998,1,"sinr_bin_for_expected,rsrp_bin_for_expected,carrier_count_for_expected,serving_band_for_expected,serving_earfcn_for_expected,rb_usage_bucket",all_valid_lte_dl_rows,rb_conditioned
Fair,Fair,2.0,41,40790,high_rb_usage,60.041045999999994,46.301006,44.37216224422443,303,56.9451515,61.560521387499996,4.615369887499995,1,"sinr_bin_for_expected,rsrp_bin_for_expected,carrier_count_for_expected,serving_band_for_expected,serving_earfcn_for_expected,rb_usage_bucket",all_valid_lte_dl_rows,rb_conditioned
Fair,Fair,2.0,41,40790,low_rb_usage,9.891636,2.69353195,6.179230377998,50,5.4000993,14.607084,9.2069847,1,"sinr_bin_for_expected,rsrp_bin_for_expected,carrier_count_for_expected,serving_band_for_expected,serving_earfcn_for_expected,rb_usage_bucket",all_valid_lte_dl_rows,rb_conditioned
Fair,Fair,2.0,41,40790,medium_rb_usage,41.34718925,25.624699999999997,27.95493063979592,196,38.154176443749996,43.276520443749995,5.122343999999998,1,"sinr_bin_for_expected,rsrp_bin_for_expected,carrier_count_for_expected,serving_band_for_expected,serving_earfcn_for_expected,rb_usage_bucket",all_valid_lte_dl_rows,rb_conditioned
Fair,Fair,2.0,41,40988,below_median_rb_usage,20.665253,11.2089,14.502263084745762,118,20.1204837625,24.659795387499997,4.539311624999996,1,"sinr_bin_for_expected,rsrp_bin_for_expected,carrier_count_for_expected,serving_band_for_expected,serving_earfcn_for_expected,rb_usage_bucket",all_valid_lte_dl_rows,rb_conditioned
Fair,Fair,2.0,41,40988,high_rb_usage,51.982494,34.098022,38.15254566666667,93,45.455265,58.39851,12.943245000000005,1,"sinr_bin_for_expected,rsrp_bin_for_expected,carrier_count_for_expected,serving_band_for_expected,serving_earfcn_for_expected,rb_usage_bucket",all_valid_lte_dl_rows,rb_conditioned
Fair,Fair,2.0,41,40988,low_rb_usage,13.747488,5.226312,8.392045158253968,63,7.3400234,21.260404612499997,13.920381212499997,1,"sinr_bin_for_expected,rsrp_bin_for_expected,carrier_count_for_expected,serving_band_for_expected,serving_earfcn_for_expected,rb_usage_bucket",all_valid_lte_dl_rows,rb_conditioned
Fair,Fair,2.0,41,40988,medium_rb_usage,38.595138500000004,20.999855,25.23840001092437,119,33.263554912500005,42.59918089999999,9.335625987499988,1,"sinr_bin_for_expected,rsrp_bin_for_expected,carrier_count_for_expected,serving_band_for_expected,serving_earfcn_for_expected,rb_usage_bucket",all_valid_lte_dl_rows,rb_conditioned
Fair,Fair,2.0,41,41186,below_median_rb_usage,29.08816475,17.4956285,19.32458581363636,66,23.06711549375,31.48369925,8.416583756250002,1,"sinr_bin_for_expected,rsrp_bin_for_expected,carrier_count_for_expected,serving_band_for_expected,serving_earfcn_for_expected,rb_usage_bucket",all_valid_lte_dl_rows,rb_conditioned
Fair,Fair,2.0,41,41186,high_rb_usage,52.0317035,36.41293,38.343335638036805,163,44.310392900000004,57.3087292875,12.998336387499997,1,"sinr_bin_for_expected,rsrp_bin_for_expected,carrier_count_for_expected,serving_band_for_expected,serving_earfcn_for_expected,rb_usage_bucket",all_valid_lte_dl_rows,rb_conditioned
Fair,Fair,2.0,41,41186,low_rb_usage,7.437716,3.393384,5.293146252957746,71,4.9625772999999995,11.071618599999994,6.109041299999994,1,"sinr_bin_for_expected,rsrp_bin_for_expected,carrier_count_for_expected,serving_band_for_expected,serving_earfcn_for_expected,rb_usage_bucket",all_valid_lte_dl_rows,rb_conditioned
Fair,Fair,2.0,41,41186,medium_rb_usage,43.281736,26.0780365,29.456172492957744,142,39.03561595,48.42393765,9.388321699999999,1,"sinr_bin_for_expected,rsrp_bin_for_expected,carrier_count_for_expected,serving_band_for_expected,serving_earfcn_for_expected,rb_usage_bucket",all_valid_lte_dl_rows,rb_conditioned
Fair,Fair,2.0,41,41384,below_median_rb_usage,28.73784175,19.2949075,19.781164574590164,122,25.016332775,32.36998244375,7.353649668749998,1,"sinr_bin_for_expected,rsrp_bin_for_expected,carrier_count_for_expected,serving_band_for_expected,serving_earfcn_for_expected,rb_usage_bucket",all_valid_lte_dl_rows,rb_conditioned
Fair,Fair,2.0,41,41384,high_rb_usage,47.599007,36.288303,36.586458063424125,257,45.861281500000004,50.424168,4.562886499999998,1,"sinr_bin_for_expected,rsrp_bin_for_expected,carrier_count_for_expected,serving_band_for_expected,serving_earfcn_for_expected,rb_usage_bucket",all_valid_lte_dl_rows,rb_conditioned
Fair,Fair,2.0,41,41384,low_rb_usage,11.633248,5.786632,7.4264163528,125,8.507682,13.403890799999989,4.896208799999988,1,"sinr_bin_for_expected,rsrp_bin_for_expected,carrier_count_for_expected,serving_band_for_expected,serving_earfcn_for_expected,rb_usage_bucket",all_valid_lte_dl_rows,rb_conditioned
Fair,Fair,2.0,41,41384,medium_rb_usage,37.924175,24.280497,26.327298997630333,211,33.5576087875,44.302441912499994,10.744833124999992,1,"sinr_bin_for_expected,rsrp_bin_for_expected,carrier_count_for_expected,serving_band_for_expected,serving_earfcn_for_expected,rb_usage_bucket",all_valid_lte_dl_rows,rb_conditioned
Fair,Fair,3.0,1,356,high_rb_usage,134.8689,110.174358,104.0896210625,64,123.8812975,141.29782,17.4165225,1,"sinr_bin_for_expected,rsrp_bin_for_expected,carrier_count_for_expected,serving_band_for_expected,serving_earfcn_for_expected,rb_usage_bucket",all_valid_lte_dl_rows,rb_conditioned
Fair,Fair,3.0,28,9310,high_rb_usage,156.82002,133.84724,119.91008534042554,47,144.2102155,168.717238375,24.50702287499999,1,"sinr_bin_for_expected,rsrp_bin_for_expected,carrier_count_for_expected,serving_band_for_expected,serving_earfcn_for_expected,rb_usage_bucket",all_valid_lte_dl_rows,rb_conditioned
Fair,Good,1.0,1,356,low_rb_usage,13.759688,9.645692,9.41145094,60,12.29019715,14.723419349999988,2.433222199999989,1,"sinr_bin_for_expected,rsrp_bin_for_expected,carrier_count_for_expected,serving_band_for_expected,serving_earfcn_for_expected,rb_usage_bucket",all_valid_lte_dl_rows,rb_conditioned
Fair,Good,1.0,1,500,low_rb_usage,18.601831,14.692656,15.677976262162163,37,17.726725375,22.553017,4.826291625,1,"sinr_bin_for_expected,rsrp_bin_for_expected,carrier_count_for_expected,serving_band_for_expected,serving_earfcn_for_expected,rb_usage_bucket",all_valid_lte_dl_rows,rb_conditioned
Fair,Good,1.0,28,9310,low_rb_usage,11.256032,4.744992,7.151824981479012,81,7.0658544,14.16404339999999,7.09818899999999,1,"sinr_bin_for_expected,rsrp_bin_for_expected,carrier_count_for_expected,serving_band_for_expected,serving_earfcn_for_expected,rb_usage_bucket",all_valid_lte_dl_rows,rb_conditioned
Fair,Good,1.0,3,1850,below_median_rb_usage,44.94051,27.104748,30.9802565,32,32.3816493375,52.25769789375,19.876048556249998,1,"sinr_bin_for_expected,rsrp_bin_for_expected,carrier_count_for_expected,serving_band_for_expected,serving_earfcn_for_expected,rb_usage_bucket",all_valid_lte_dl_rows,rb_conditioned
Fair,Good,1.0,3,1850,low_rb_usage,25.11497,16.6146605,18.618209200000003,30,20.029132037500002,32.16216275,12.133030712499998,1,"sinr_bin_for_expected,rsrp_bin_for_expected,carrier_count_for_expected,serving_band_for_expected,serving_earfcn_for_expected,rb_usage_bucket",all_valid_lte_dl_rows,rb_conditioned
Fair,Good,1.0,41,41384,below_median_rb_usage,28.8847885,25.313608,24.85663458064516,31,26.4572725875,32.0201498125,5.562877225000001,1,"sinr_bin_for_expected,rsrp_bin_for_expected,carrier_count_for_expected,serving_band_for_expected,serving_earfcn_for_expected,rb_usage_bucket",all_valid_lte_dl_rows,rb_conditioned
Fair,Good,1.0,41,41384,low_rb_usage,17.74369575,12.294336000000001,13.238565800000002,88,16.33758364375,20.86388289375,4.526299249999997,1,"sinr_bin_for_expected,rsrp_bin_for_expected,carrier_count_for_expected,serving_band_for_expected,serving_earfcn_for_expected,rb_usage_bucket",all_valid_lte_dl_rows,rb_conditioned
Fair,Good,2.0,1,356,below_median_rb_usage,20.101506,13.377224,16.211714495945944,74,17.201428981249997,25.375412362499997,8.17398338125,1,"sinr_bin_for_expected,rsrp_bin_for_expected,carrier_count_for_expected,serving_band_for_expected,serving_earfcn_for_expected,rb_usage_bucket",all_valid_lte_dl_rows,rb_conditioned
Fair,Good,2.0,1,356,low_rb_usage,13.35579175,10.072584,10.521422871414286,35,11.8193044,14.559804099999992,2.740499699999992,1,"sinr_bin_for_expected,rsrp_bin_for_expected,carrier_count_for_expected,serving_band_for_expected,serving_earfcn_for_expected,rb_usage_bucket",all_valid_lte_dl_rows,rb_conditioned
Fair,Good,2.0,1,356,medium_rb_usage,47.206043,33.277386,37.073811966101694,59,40.732723125,61.79460449999996,21.061881374999963,1,"sinr_bin_for_expected,rsrp_bin_for_expected,carrier_count_for_expected,serving_band_for_expected,serving_earfcn_for_expected,rb_usage_bucket",all_valid_lte_dl_rows,rb_conditioned
Fair,Good,2.0,1,500,below_median_rb_usage,26.566032,18.734144,19.69041851754386,57,23.897038175,29.76981842499999,5.872780249999991,1,"sinr_bin_for_expected,rsrp_bin_for_expected,carrier_count_for_expected,serving_band_for_expected,serving_earfcn_for_expected,rb_usage_bucket",all_valid_lte_dl_rows,rb_conditioned
Fair,Good,2.0,1,500,high_rb_usage,88.7379975,68.05795499999999,68.62151856730769,104,80.42040639375,98.56871375,18.14830735625,1,"sinr_bin_for_expected,rsrp_bin_for_expected,carrier_count_for_expected,serving_band_for_expected,serving_earfcn_for_expected,rb_usage_bucket",all_valid_lte_dl_rows,rb_conditioned
Fair,Good,2.0,1,500,low_rb_usage,15.22431,7.80636,9.558270172413794,58,11.506812199999999,16.190217425,4.683405225000001,1,"sinr_bin_for_expected,rsrp_bin_for_expected,carrier_count_for_expected,serving_band_for_expected,serving_earfcn_for_expected,rb_usage_bucket",all_valid_lte_dl_rows,rb_conditioned
Fair,Good,2.0,1,500,medium_rb_usage,54.92370175,41.094232500000004,41.23214884313725,102,50.3767063625,60.69152464374999,10.314818281249991,1,"sinr_bin_for_expected,rsrp_bin_for_expected,carrier_count_for_expected,serving_band_for_expected,serving_earfcn_for_expected,rb_usage_bucket",all_valid_lte_dl_rows,rb_conditioned
Fair,Good,2.0,28,9310,high_rb_usage,70.41693000000001,49.4167765,51.11399272222223,54,59.887623937499995,87.4370225,27.549398562500002,1,"sinr_bin_for_expected,rsrp_bin_for_expected,carrier_count_for_expected,serving_band_for_expected,serving_earfcn_for_expected,rb_usage_bucket",all_valid_lte_dl_rows,rb_conditioned
Fair,Good,2.0,28,9310,medium_rb_usage,58.0321715,36.052895,34.99933870454545,44,43.697341375,64.972728,21.275386625000003,1,"sinr_bin_for_expected,rsrp_bin_for_expected,carrier_count_for_expected,serving_band_for_expected,serving_earfcn_for_expected,rb_usage_bucket",all_valid_lte_dl_rows,rb_conditioned
Fair,Good,2.0,3,1850,below_median_rb_usage,27.218733999999998,19.4450595,21.004027016666665,90,24.710257,29.021973331249995,4.311716331249997,1,"sinr_bin_for_expected,rsrp_bin_for_expected,carrier_count_for_expected,serving_band_for_expected,serving_earfcn_for_expected,rb_usage_bucket",all_valid_lte_dl_rows,rb_conditioned
Fair,Good,2.0,3,1850,high_rb_usage,71.9723615,56.7739675,59.80804797368421,114,66.398074675,78.40408,12.00600532499999,1,"sinr_bin_for_expected,rsrp_bin_for_expected,carrier_count_for_expected,serving_band_for_expected,serving_earfcn_for_expected,rb_usage_bucket",all_valid_lte_dl_rows,rb_conditioned
Fair,Good,2.0,3,1850,low_rb_usage,11.450652,5.774352,7.792163413793103,58,7.54868,15.752945199999985,8.204265199999984,1,"sinr_bin_for_expected,rsrp_bin_for_expected,carrier_count_for_expected,serving_band_for_expected,serving_earfcn_for_expected,rb_usage_bucket",all_valid_lte_dl_rows,rb_conditioned
Fair,Good,2.0,3,1850,medium_rb_usage,53.486081999999996,40.558799,41.37052513095238,84,45.022377,63.11806968749999,18.09569268749999,1,"sinr_bin_for_expected,rsrp_bin_for_expected,carrier_count_for_expected,serving_band_for_expected,serving_earfcn_for_expected,rb_usage_bucket",all_valid_lte_dl_rows,rb_conditioned
Fair,Good,2.0,41,40790,below_median_rb_usage,21.573889,15.684288,17.5842127,45,20.0102436,30.199535,10.189291400000002,1,"sinr_bin_for_expected,rsrp_bin_for_expected,carrier_count_for_expected,serving_band_for_expected,serving_earfcn_for_expected,rb_usage_bucket",all_valid_lte_dl_rows,rb_conditioned
Fair,Good,2.0,41,40790,high_rb_usage,70.60763,54.872257,56.17760046919431,211,65.554308,75.746953,10.192644999999999,1,"sinr_bin_for_expected,rsrp_bin_for_expected,carrier_count_for_expected,serving_band_for_expected,serving_earfcn_for_expected,rb_usage_bucket",all_valid_lte_dl_rows,rb_conditioned
Fair,Good,2.0,41,40790,medium_rb_usage,47.696416,29.8122,35.98052624444445,135,37.3856051,59.86748902499999,22.48188392499999,1,"sinr_bin_for_expected,rsrp_bin_for_expected,carrier_count_for_expected,serving_band_for_expected,serving_earfcn_for_expected,rb_usage_bucket",all_valid_lte_dl_rows,rb_conditioned
Fair,Good,2.0,41,40988,below_median_rb_usage,31.36665,13.054836,18.971445508139535,86,20.38351710625,36.59577542499998,16.212258318749978,1,"sinr_bin_for_expected,rsrp_bin_for_expected,carrier_count_for_expected,serving_band_for_expected,serving_earfcn_for_expected,rb_usage_bucket",all_valid_lte_dl_rows,rb_conditioned
Fair,Good,2.0,41,40988,high_rb_usage,51.307278,42.253143,44.98790762021858,183,47.637936,58.676051474999994,11.03811547499999,1,"sinr_bin_for_expected,rsrp_bin_for_expected,carrier_count_for_expected,serving_band_for_expected,serving_earfcn_for_expected,rb_usage_bucket",all_valid_lte_dl_rows,rb_conditioned
Fair,Good,2.0,41,40988,low_rb_usage,16.90039675,4.80216,9.447315118931034,58,9.065770850000002,22.357907750000003,13.292136900000001,1,"sinr_bin_for_expected,rsrp_bin_for_expected,carrier_count_for_expected,serving_band_for_expected,serving_earfcn_for_expected,rb_usage_bucket",all_valid_lte_dl_rows,rb_conditioned
Fair,Good,2.0,41,40988,medium_rb_usage,43.1372995,30.9425805,35.030167526666666,150,39.31956,46.265174512499996,6.9456145124999935,1,"sinr_bin_for_expected,rsrp_bin_for_expected,carrier_count_for_expected,serving_band_for_expected,serving_earfcn_for_expected,rb_usage_bucket",all_valid_lte_dl_rows,rb_conditioned
Fair,Good,2.0,41,41186,high_rb_usage,64.152885,50.845222,50.515920099173556,121,58.0192033,68.853516,10.834312699999998,1,"sinr_bin_for_expected,rsrp_bin_for_expected,carrier_count_for_expected,serving_band_for_expected,serving_earfcn_for_expected,rb_usage_bucket",all_valid_lte_dl_rows,rb_conditioned
Fair,Good,2.0,41,41186,low_rb_usage,9.700224,5.8674,6.339224115789474,57,8.73676,13.561984,4.825224,1,"sinr_bin_for_expected,rsrp_bin_for_expected,carrier_count_for_expected,serving_band_for_expected,serving_earfcn_for_expected,rb_usage_bucket",all_valid_lte_dl_rows,rb_conditioned
Fair,Good,2.0,41,41186,medium_rb_usage,52.233307499999995,37.0926,37.51969835185185,135,46.760631124999996,57.833584,11.072952875000006,1,"sinr_bin_for_expected,rsrp_bin_for_expected,carrier_count_for_expected,serving_band_for_expected,serving_earfcn_for_expected,rb_usage_bucket",all_valid_lte_dl_rows,rb_conditioned
Fair,Good,2.0,41,41384,below_median_rb_usage,32.069935,21.861752,22.15014439344262,61,28.350492574999997,34.18846179999999,5.837969224999995,1,"sinr_bin_for_expected,rsrp_bin_for_expected,carrier_count_for_expected,serving_band_for_expected,serving_earfcn_for_expected,rb_usage_bucket",all_valid_lte_dl_rows,rb_conditioned
Fair,Good,2.0,41,41384,high_rb_usage,53.3986395,44.460743,44.081479386454184,251,51.080078799999995,56.049774799999994,4.969695999999999,1,"sinr_bin_for_expected,rsrp_bin_for_expected,carrier_count_for_expected,serving_band_for_expected,serving_earfcn_for_expected,rb_usage_bucket",all_valid_lte_dl_rows,rb_conditioned
Fair,Good,2.0,41,41384,low_rb_usage,12.721768,5.185288,8.387666783783782,37,9.842997,18.466536,8.623539000000001,1,"sinr_bin_for_expected,rsrp_bin_for_expected,carrier_count_for_expected,serving_band_for_expected,serving_earfcn_for_expected,rb_usage_bucket",all_valid_lte_dl_rows,rb_conditioned
Fair,Good,2.0,41,41384,medium_rb_usage,37.785278000000005,28.723152,30.169052647540983,183,35.816549050000006,40.868579712499994,5.052030662499988,1,"sinr_bin_for_expected,rsrp_bin_for_expected,carrier_count_for_expected,serving_band_for_expected,serving_earfcn_for_expected,rb_usage_bucket",all_valid_lte_dl_rows,rb_conditioned
Fair,Good,3.0,1,500,below_median_rb_usage,63.731218,54.298004500000005,51.26134724137931,58,58.021368825,67.49760037499998,9.476231549999973,1,"sinr_bin_for_expected,rsrp_bin_for_expected,carrier_count_for_expected,serving_band_for_expected,serving_earfcn_for_expected,rb_usage_bucket",all_valid_lte_dl_rows,rb_conditioned
Fair,Good,3.0,1,500,high_rb_usage,113.80715000000001,88.463905,94.65643176470587,51,105.803739375,130.14079162499996,24.337052249999957,1,"sinr_bin_for_expected,rsrp_bin_for_expected,carrier_count_for_expected,serving_band_for_expected,serving_earfcn_for_expected,rb_usage_bucket",all_valid_lte_dl_rows,rb_conditioned
Fair,Good,3.0,1,500,low_rb_usage,38.939899999999994,28.856984,22.700764929966667,30,29.524050837500003,45.50600284999999,15.981952012499985,1,"sinr_bin_for_expected,rsrp_bin_for_expected,carrier_count_for_expected,serving_band_for_expected,serving_earfcn_for_expected,rb_usage_bucket",all_valid_lte_dl_rows,rb_conditioned
Fair,Good,3.0,1,500,medium_rb_usage,80.017465,60.966183,61.063151425,40,69.22662265625,87.2109555,17.984332843749996,1,"sinr_bin_for_expected,rsrp_bin_for_expected,carrier_count_for_expected,serving_band_for_expected,serving_earfcn_for_expected,rb_usage_bucket",all_valid_lte_dl_rows,rb_conditioned
Fair,Excellent,1.0,41,41384,below_median_rb_usage,30.22730875,25.762084,25.698320988636365,44,27.16300255,35.89902085,8.736018299999998,1,"sinr_bin_for_expected,rsrp_bin_for_expected,carrier_count_for_expected,serving_band_for_expected,serving_earfcn_for_expected,rb_usage_bucket",all_valid_lte_dl_rows,rb_conditioned
Fair,Excellent,1.0,41,41384,low_rb_usage,13.66780775,8.984688,9.602475181818182,55,11.4673266,15.946240399999994,4.478913799999994,1,"sinr_bin_for_expected,rsrp_bin_for_expected,carrier_count_for_expected,serving_band_for_expected,serving_earfcn_for_expected,rb_usage_bucket",all_valid_lte_dl_rows,rb_conditioned
Fair,Excellent,2.0,1,500,high_rb_usage,108.61037,85.23494,83.54945467924527,53,94.7372155,120.8346385,26.097422999999992,1,"sinr_bin_for_expected,rsrp_bin_for_expected,carrier_count_for_expected,serving_band_for_expected,serving_earfcn_for_expected,rb_usage_bucket",all_valid_lte_dl_rows,rb_conditioned
Fair,Excellent,2.0,1,500,medium_rb_usage,79.4583685,43.747532,51.4096234047619,42,57.529655,85.17588,27.64622500000001,1,"sinr_bin_for_expected,rsrp_bin_for_expected,carrier_count_for_expected,serving_band_for_expected,serving_earfcn_for_expected,rb_usage_bucket",all_valid_lte_dl_rows,rb_conditioned
Fair,Excellent,2.0,3,1850,below_median_rb_usage,36.234447,19.36688,24.71957281081081,37,20.37932,46.376865,25.997545000000002,1,"sinr_bin_for_expected,rsrp_bin_for_expected,carrier_count_for_expected,serving_band_for_expected,serving_earfcn_for_expected,rb_usage_bucket",all_valid_lte_dl_rows,rb_conditioned
Fair,Excellent,2.0,3,1850,high_rb_usage,90.59959,66.7446475,71.83503168,50,71.5582,106.49812771249994,34.93992771249994,1,"sinr_bin_for_expected,rsrp_bin_for_expected,carrier_count_for_expected,serving_band_for_expected,serving_earfcn_for_expected,rb_usage_bucket",all_valid_lte_dl_rows,rb_conditioned
Fair,Excellent,2.0,3,1850,medium_rb_usage,58.78320125,46.108523000000005,47.97016832758621,58,54.109993037500004,63.32015661874999,9.210163581249986,1,"sinr_bin_for_expected,rsrp_bin_for_expected,carrier_count_for_expected,serving_band_for_expected,serving_earfcn_for_expected,rb_usage_bucket",all_valid_lte_dl_rows,rb_conditioned
Fair,Excellent,2.0,41,40988,high_rb_usage,104.48011299999999,96.28816,84.40448404761905,42,100.6690754375,106.069084125,5.400008687500005,1,"sinr_bin_for_expected,rsrp_bin_for_expected,carrier_count_for_expected,serving_band_for_expected,serving_earfcn_for_expected,rb_usage_bucket",all_valid_lte_dl_rows,rb_conditioned
Fair,Excellent,2.0,41,40988,medium_rb_usage,78.933,42.310745,49.195286143902436,41,55.00205,83.236885,28.234835000000004,1,"sinr_bin_for_expected,rsrp_bin_for_expected,carrier_count_for_expected,serving_band_for_expected,serving_earfcn_for_expected,rb_usage_bucket",all_valid_lte_dl_rows,rb_conditioned
Fair,Excellent,2.0,41,41384,high_rb_usage,68.86541,55.05331,53.148538894736845,57,59.545051625,71.39411949999999,11.849067874999989,1,"sinr_bin_for_expected,rsrp_bin_for_expected,carrier_count_for_expected,serving_band_for_expected,serving_earfcn_for_expected,rb_usage_bucket",all_valid_lte_dl_rows,rb_conditioned
Fair,Excellent,2.0,41,41384,medium_rb_usage,66.80812,50.413265,48.276926878787876,33,55.382730599999995,71.092865,15.710134400000008,1,"sinr_bin_for_expected,rsrp_bin_for_expected,carrier_count_for_expected,serving_band_for_expected,serving_earfcn_for_expected,rb_usage_bucket",all_valid_lte_dl_rows,rb_conditioned
Good,Fair,1.0,1,356,low_rb_usage,24.14074,18.6802,17.074060589743592,39,21.8136017125,28.012675,6.199073287500003,1,"sinr_bin_for_expected,rsrp_bin_for_expected,carrier_count_for_expected,serving_band_for_expected,serving_earfcn_for_expected,rb_usage_bucket",all_valid_lte_dl_rows,rb_conditioned
Good,Fair,1.0,1,500,below_median_rb_usage,63.088856,43.968426,48.59375732432432,37,51.831848349999994,69.27047,17.43862165000001,1,"sinr_bin_for_expected,rsrp_bin_for_expected,carrier_count_for_expected,serving_band_for_expected,serving_earfcn_for_expected,rb_usage_bucket",all_valid_lte_dl_rows,rb_conditioned
Good,Fair,1.0,3,1850,below_median_rb_usage,41.65546325,32.282323500000004,34.089839852941175,34,38.77947805625,48.53923,9.759751943750004,1,"sinr_bin_for_expected,rsrp_bin_for_expected,carrier_count_for_expected,serving_band_for_expected,serving_earfcn_for_expected,rb_usage_bucket",all_valid_lte_dl_rows,rb_conditioned
Good,Fair,1.0,41,40790,below_median_rb_usage,43.19093,35.556854,34.1791485054945,91,39.934219,49.97050686249999,10.03628786249999,1,"sinr_bin_for_expected,rsrp_bin_for_expected,carrier_count_for_expected,serving_band_for_expected,serving_earfcn_for_expected,rb_usage_bucket",all_valid_lte_dl_rows,rb_conditioned
Good,Fair,1.0,41,40790,low_rb_usage,22.47007,14.04709175,14.432169332857143,70,17.605502650000002,24.172344043749998,6.566841393749996,1,"sinr_bin_for_expected,rsrp_bin_for_expected,carrier_count_for_expected,serving_band_for_expected,serving_earfcn_for_expected,rb_usage_bucket",all_valid_lte_dl_rows,rb_conditioned
Good,Fair,1.0,41,40988,below_median_rb_usage,48.0112485,37.883583,35.30609493617021,47,41.864548049999996,53.14124568749999,11.276697637499993,1,"sinr_bin_for_expected,rsrp_bin_for_expected,carrier_count_for_expected,serving_band_for_expected,serving_earfcn_for_expected,rb_usage_bucket",all_valid_lte_dl_rows,rb_conditioned
Good,Fair,1.0,41,40988,low_rb_usage,20.7330235,14.197768,15.198862947761194,67,17.7794927125,22.827253599999995,5.047760887499994,1,"sinr_bin_for_expected,rsrp_bin_for_expected,carrier_count_for_expected,serving_band_for_expected,serving_earfcn_for_expected,rb_usage_bucket",all_valid_lte_dl_rows,rb_conditioned
Good,Fair,1.0,41,41186,below_median_rb_usage,39.550304,32.607487,34.02466056804734,169,37.13120575,42.024330025,4.893124274999998,1,"sinr_bin_for_expected,rsrp_bin_for_expected,carrier_count_for_expected,serving_band_for_expected,serving_earfcn_for_expected,rb_usage_bucket",all_valid_lte_dl_rows,rb_conditioned
Good,Fair,1.0,41,41186,low_rb_usage,23.871928,13.985824000000001,14.23675825,64,19.9372262375,25.42878515,5.4915589125,1,"sinr_bin_for_expected,rsrp_bin_for_expected,carrier_count_for_expected,serving_band_for_expected,serving_earfcn_for_expected,rb_usage_bucket",all_valid_lte_dl_rows,rb_conditioned
Good,Fair,1.0,41,41384,below_median_rb_usage,40.19992,31.572968,32.36020260406091,197,38.5047332,42.498257,3.9935238000000055,1,"sinr_bin_for_expected,rsrp_bin_for_expected,carrier_count_for_expected,serving_band_for_expected,serving_earfcn_for_expected,rb_usage_bucket",all_valid_lte_dl_rows,rb_conditioned
Good,Fair,1.0,41,41384,low_rb_usage,20.913624,13.32652,14.176746402657805,237,18.9315486,22.5818216,3.650273000000002,1,"sinr_bin_for_expected,rsrp_bin_for_expected,carrier_count_for_expected,serving_band_for_expected,serving_earfcn_for_expected,rb_usage_bucket",all_valid_lte_dl_rows,rb_conditioned
Good,Fair,2.0,1,500,below_median_rb_usage,36.78880175,23.984699999999997,27.15853238636364,44,25.4239932,41.32961394999993,15.90562074999993,1,"sinr_bin_for_expected,rsrp_bin_for_expected,carrier_count_for_expected,serving_band_for_expected,serving_earfcn_for_expected,rb_usage_bucket",all_valid_lte_dl_rows,rb_conditioned
Good,Fair,2.0,1,500,high_rb_usage,120.097985,101.83814,103.12125003174603,63,112.587525,122.803883375,10.216358374999999,1,"sinr_bin_for_expected,rsrp_bin_for_expected,carrier_count_for_expected,serving_band_for_expected,serving_earfcn_for_expected,rb_usage_bucket",all_valid_lte_dl_rows,rb_conditioned
Good,Fair,2.0,1,500,low_rb_usage,18.0415075,12.427544,13.91421265116279,43,14.339314799999999,21.246553299999995,6.9072384999999965,1,"sinr_bin_for_expected,rsrp_bin_for_expected,carrier_count_for_expected,serving_band_for_expected,serving_earfcn_for_expected,rb_usage_bucket",all_valid_lte_dl_rows,rb_conditioned
Good,Fair,2.0,1,500,medium_rb_usage,79.68191250000001,65.532684,63.31846505084746,59,70.12899,82.75295924999999,12.623969249999988,1,"sinr_bin_for_expected,rsrp_bin_for_expected,carrier_count_for_expected,serving_band_for_expected,serving_earfcn_for_expected,rb_usage_bucket",all_valid_lte_dl_rows,rb_conditioned
Good,Fair,2.0,3,1850,medium_rb_usage,62.6605545,52.635095500000006,52.53453644117647,34,59.38385481875,72.81321606249998,13.429361243749973,1,"sinr_bin_for_expected,rsrp_bin_for_expected,carrier_count_for_expected,serving_band_for_expected,serving_earfcn_for_expected,rb_usage_bucket",all_valid_lte_dl_rows,rb_conditioned
Good,Fair,2.0,41,40790,below_median_rb_usage,41.217027,32.227787,30.794526774999998,40,35.122823999999994,47.3723143125,12.249490312500008,1,"sinr_bin_for_expected,rsrp_bin_for_expected,carrier_count_for_expected,serving_band_for_expected,serving_earfcn_for_expected,rb_usage_bucket",all_valid_lte_dl_rows,rb_conditioned
Good,Fair,2.0,41,40790,high_rb_usage,76.84575000000001,56.237144,55.654083464788734,71,69.629992625,80.66802299999998,11.038030374999977,1,"sinr_bin_for_expected,rsrp_bin_for_expected,carrier_count_for_expected,serving_band_for_expected,serving_earfcn_for_expected,rb_usage_bucket",all_valid_lte_dl_rows,rb_conditioned
Good,Fair,2.0,41,40790,medium_rb_usage,61.082569250000006,37.6382315,44.4269663125,80,48.32202068125,68.34255016249999,20.020529481249987,1,"sinr_bin_for_expected,rsrp_bin_for_expected,carrier_count_for_expected,serving_band_for_expected,serving_earfcn_for_expected,rb_usage_bucket",all_valid_lte_dl_rows,rb_conditioned
Good,Fair,2.0,41,40988,below_median_rb_usage,39.550113499999995,24.2406245,27.378095342307695,78,29.150961775,45.46356279375,16.31260101875,1,"sinr_bin_for_expected,rsrp_bin_for_expected,carrier_count_for_expected,serving_band_for_expected,serving_earfcn_for_expected,rb_usage_bucket",all_valid_lte_dl_rows,rb_conditioned
Good,Fair,2.0,41,40988,high_rb_usage,80.6858525,62.066052,61.92422306756756,74,75.15817890625,86.24426125,11.086082343749993,1,"sinr_bin_for_expected,rsrp_bin_for_expected,carrier_count_for_expected,serving_band_for_expected,serving_earfcn_for_expected,rb_usage_bucket",all_valid_lte_dl_rows,rb_conditioned
Good,Fair,2.0,41,40988,low_rb_usage,31.144655,14.698952,18.770853939393938,33,24.78328,37.08325,12.299969999999998,1,"sinr_bin_for_expected,rsrp_bin_for_expected,carrier_count_for_expected,serving_band_for_expected,serving_earfcn_for_expected,rb_usage_bucket",all_valid_lte_dl_rows,rb_conditioned
Good,Fair,2.0,41,40988,medium_rb_usage,73.600835,48.265827,52.95719305555555,90,65.70290871249999,84.58398646874996,18.881077756249965,1,"sinr_bin_for_expected,rsrp_bin_for_expected,carrier_count_for_expected,serving_band_for_expected,serving_earfcn_for_expected,rb_usage_bucket",all_valid_lte_dl_rows,rb_conditioned
Good,Fair,2.0,41,41186,below_median_rb_usage,45.069222999999994,24.6872,29.926051031612904,31,32.595134375,63.80970024999999,31.21456587499999,1,"sinr_bin_for_expected,rsrp_bin_for_expected,carrier_count_for_expected,serving_band_for_expected,serving_earfcn_for_expected,rb_usage_bucket",all_valid_lte_dl_rows,rb_conditioned
Good,Fair,2.0,41,41186,high_rb_usage,72.475822,54.57051,55.93792930722892,83,65.2945490625,80.78395225,15.489403187500002,1,"sinr_bin_for_expected,rsrp_bin_for_expected,carrier_count_for_expected,serving_band_for_expected,serving_earfcn_for_expected,rb_usage_bucket",all_valid_lte_dl_rows,rb_conditioned
Good,Fair,2.0,41,41186,medium_rb_usage,52.436319999999995,36.56976,40.17379626699029,103,46.5201238,60.54287359999999,14.022749799999993,1,"sinr_bin_for_expected,rsrp_bin_for_expected,carrier_count_for_expected,serving_band_for_expected,serving_earfcn_for_expected,rb_usage_bucket",all_valid_lte_dl_rows,rb_conditioned
Good,Fair,2.0,41,41384,below_median_rb_usage,34.065048250000004,25.7369995,26.384217452702703,74,29.726094149999998,39.612187150000004,9.886093000000006,1,"sinr_bin_for_expected,rsrp_bin_for_expected,carrier_count_for_expected,serving_band_for_expected,serving_earfcn_for_expected,rb_usage_bucket",all_valid_lte_dl_rows,rb_conditioned
Good,Fair,2.0,41,41384,high_rb_usage,76.13344000000001,61.0899025,60.56147062837838,148,72.1279857,81.4752096875,9.347223987500001,1,"sinr_bin_for_expected,rsrp_bin_for_expected,carrier_count_for_expected,serving_band_for_expected,serving_earfcn_for_expected,rb_usage_bucket",all_valid_lte_dl_rows,rb_conditioned
Good,Fair,2.0,41,41384,low_rb_usage,18.089705,10.124416,11.50415921111111,45,10.818208,22.697855,11.879647,1,"sinr_bin_for_expected,rsrp_bin_for_expected,carrier_count_for_expected,serving_band_for_expected,serving_earfcn_for_expected,rb_usage_bucket",all_valid_lte_dl_rows,rb_conditioned
Good,Fair,2.0,41,41384,medium_rb_usage,55.064114,42.41828,42.102106275167785,149,51.931741025,58.62219759999999,6.690456574999992,1,"sinr_bin_for_expected,rsrp_bin_for_expected,carrier_count_for_expected,serving_band_for_expected,serving_earfcn_for_expected,rb_usage_bucket",all_valid_lte_dl_rows,rb_conditioned
Good,Good,1.0,1,356,low_rb_usage,11.144098,8.702228,10.954724857142857,42,8.93199155,17.263445299999997,8.331453749999998,1,"sinr_bin_for_expected,rsrp_bin_for_expected,carrier_count_for_expected,serving_band_for_expected,serving_earfcn_for_expected,rb_usage_bucket",all_valid_lte_dl_rows,rb_conditioned
Good,Good,1.0,1,500,low_rb_usage,40.853648,26.732304,28.176734322580643,31,28.446556,48.3971892875,19.950633287499997,1,"sinr_bin_for_expected,rsrp_bin_for_expected,carrier_count_for_expected,serving_band_for_expected,serving_earfcn_for_expected,rb_usage_bucket",all_valid_lte_dl_rows,rb_conditioned
Good,Good,1.0,3,1850,below_median_rb_usage,60.821321000000005,49.269487999999996,50.06251840625,32,54.1318267625,75.64278009375,21.510953331250008,1,"sinr_bin_for_expected,rsrp_bin_for_expected,carrier_count_for_expected,serving_band_for_expected,serving_earfcn_for_expected,rb_usage_bucket",all_valid_lte_dl_rows,rb_conditioned
Good,Good,1.0,3,1850,low_rb_usage,28.8562,19.767263,18.87249768619608,51,24.3610868125,36.01291614999999,11.651829337499986,1,"sinr_bin_for_expected,rsrp_bin_for_expected,carrier_count_for_expected,serving_band_for_expected,serving_earfcn_for_expected,rb_usage_bucket",all_valid_lte_dl_rows,rb_conditioned
Good,Good,1.0,41,41186,below_median_rb_usage,48.930867750000004,41.4072765,39.15154721052632,38,43.13205,52.02351,8.891460000000002,1,"sinr_bin_for_expected,rsrp_bin_for_expected,carrier_count_for_expected,serving_band_for_expected,serving_earfcn_for_expected,rb_usage_bucket",all_valid_lte_dl_rows,rb_conditioned
Good,Good,1.0,41,41384,below_median_rb_usage,46.728266,35.048555,36.177449403846154,52,38.416492068749996,50.74642602499999,12.329933956249995,1,"sinr_bin_for_expected,rsrp_bin_for_expected,carrier_count_for_expected,serving_band_for_expected,serving_earfcn_for_expected,rb_usage_bucket",all_valid_lte_dl_rows,rb_conditioned
Good,Good,1.0,41,41384,low_rb_usage,23.22003,14.17642,17.177609564814816,108,19.90448191875,29.024653493749998,9.120171574999997,1,"sinr_bin_for_expected,rsrp_bin_for_expected,carrier_count_for_expected,serving_band_for_expected,serving_earfcn_for_expected,rb_usage_bucket",all_valid_lte_dl_rows,rb_conditioned
Good,Good,2.0,1,356,below_median_rb_usage,35.791285,25.252775,27.701970457288137,59,30.545377012499998,45.43112252499998,14.88574551249998,1,"sinr_bin_for_expected,rsrp_bin_for_expected,carrier_count_for_expected,serving_band_for_expected,serving_earfcn_for_expected,rb_usage_bucket",all_valid_lte_dl_rows,rb_conditioned
Good,Good,2.0,1,356,medium_rb_usage,70.43947,51.252434,54.658369804878056,41,58.486696375,84.9116,26.424903625000006,1,"sinr_bin_for_expected,rsrp_bin_for_expected,carrier_count_for_expected,serving_band_for_expected,serving_earfcn_for_expected,rb_usage_bucket",all_valid_lte_dl_rows,rb_conditioned
Good,Good,2.0,1,500,below_median_rb_usage,47.808471499999996,31.229752,34.786488638297875,47,41.398047399999996,63.578022,22.1799746,1,"sinr_bin_for_expected,rsrp_bin_for_expected,carrier_count_for_expected,serving_band_for_expected,serving_earfcn_for_expected,rb_usage_bucket",all_valid_lte_dl_rows,rb_conditioned
Good,Good,2.0,1,500,high_rb_usage,112.26096,92.52881,97.41020835555555,45,105.65625,122.01132999999996,16.35507999999996,1,"sinr_bin_for_expected,rsrp_bin_for_expected,carrier_count_for_expected,serving_band_for_expected,serving_earfcn_for_expected,rb_usage_bucket",all_valid_lte_dl_rows,rb_conditioned
Good,Good,2.0,1,500,low_rb_usage,21.895293000000002,13.044395999999999,18.11383515,40,18.466385,34.23108,15.764695,1,"sinr_bin_for_expected,rsrp_bin_for_expected,carrier_count_for_expected,serving_band_for_expected,serving_earfcn_for_expected,rb_usage_bucket",all_valid_lte_dl_rows,rb_conditioned
Good,Good,2.0,1,500,medium_rb_usage,83.165205,65.81423,66.28191554198474,131,78.6877662375,88.82673445,10.138968212500004,1,"sinr_bin_for_expected,rsrp_bin_for_expected,carrier_count_for_expected,serving_band_for_expected,serving_earfcn_for_expected,rb_usage_bucket",all_valid_lte_dl_rows,rb_conditioned
Good,Good,2.0,3,1850,below_median_rb_usage,50.5097795,37.910382999999996,36.72545331916667,120,48.237039225,53.712632031249996,5.475592806249999,1,"sinr_bin_for_expected,rsrp_bin_for_expected,carrier_count_for_expected,serving_band_for_expected,serving_earfcn_for_expected,rb_usage_bucket",all_valid_lte_dl_rows,rb_conditioned
Good,Good,2.0,3,1850,high_rb_usage,101.60060999999999,85.08517,89.01527616296296,135,93.289828375,110.7155441875,17.425715812500002,1,"sinr_bin_for_expected,rsrp_bin_for_expected,carrier_count_for_expected,serving_band_for_expected,serving_earfcn_for_expected,rb_usage_bucket",all_valid_lte_dl_rows,rb_conditioned
Good,Good,2.0,3,1850,low_rb_usage,19.921770249999998,14.121276,14.796155963888888,72,18.04707018125,23.492598881249997,5.445528699999997,1,"sinr_bin_for_expected,rsrp_bin_for_expected,carrier_count_for_expected,serving_band_for_expected,serving_earfcn_for_expected,rb_usage_bucket",all_valid_lte_dl_rows,rb_conditioned
Good,Good,2.0,3,1850,medium_rb_usage,76.006714,52.745777,58.03739367901235,81,67.2545245,89.7260269,22.47150239999999,1,"sinr_bin_for_expected,rsrp_bin_for_expected,carrier_count_for_expected,serving_band_for_expected,serving_earfcn_for_expected,rb_usage_bucket",all_valid_lte_dl_rows,rb_conditioned
Good,Good,2.0,41,40790,below_median_rb_usage,68.66144,38.149857,43.51051663636363,55,48.337400925000004,83.82512824999999,35.48772732499999,1,"sinr_bin_for_expected,rsrp_bin_for_expected,carrier_count_for_expected,serving_band_for_expected,serving_earfcn_for_expected,rb_usage_bucket",all_valid_lte_dl_rows,rb_conditioned
Good,Good,2.0,41,40790,high_rb_usage,93.7845075,73.095474,75.96355409497207,179,86.1425973,99.68901425,13.546416949999994,1,"sinr_bin_for_expected,rsrp_bin_for_expected,carrier_count_for_expected,serving_band_for_expected,serving_earfcn_for_expected,rb_usage_bucket",all_valid_lte_dl_rows,rb_conditioned
Good,Good,2.0,41,40790,medium_rb_usage,72.81198,50.56835,56.59321576033058,121,67.644637,81.92214485000001,14.277507850000006,1,"sinr_bin_for_expected,rsrp_bin_for_expected,carrier_count_for_expected,serving_band_for_expected,serving_earfcn_for_expected,rb_usage_bucket",all_valid_lte_dl_rows,rb_conditioned
Good,Good,2.0,41,40988,below_median_rb_usage,40.53028,17.092096,25.202501178400002,125,29.485664,44.351397574999964,14.865733574999965,1,"sinr_bin_for_expected,rsrp_bin_for_expected,carrier_count_for_expected,serving_band_for_expected,serving_earfcn_for_expected,rb_usage_bucket",all_valid_lte_dl_rows,rb_conditioned
Good,Good,2.0,41,40988,high_rb_usage,83.24216,68.71839,69.8648107591241,137,78.889725,93.79671074999999,14.90698574999999,1,"sinr_bin_for_expected,rsrp_bin_for_expected,carrier_count_for_expected,serving_band_for_expected,serving_earfcn_for_expected,rb_usage_bucket",all_valid_lte_dl_rows,rb_conditioned
Good,Good,2.0,41,40988,low_rb_usage,15.33952,3.055368,10.28704893632184,87,11.010616399999998,25.01555371249999,14.004937312499992,1,"sinr_bin_for_expected,rsrp_bin_for_expected,carrier_count_for_expected,serving_band_for_expected,serving_earfcn_for_expected,rb_usage_bucket",all_valid_lte_dl_rows,rb_conditioned
Good,Good,2.0,41,40988,medium_rb_usage,66.534996,49.480625,52.48251694186047,129,59.58821745,75.737175,16.14895754999999,1,"sinr_bin_for_expected,rsrp_bin_for_expected,carrier_count_for_expected,serving_band_for_expected,serving_earfcn_for_expected,rb_usage_bucket",all_valid_lte_dl_rows,rb_conditioned
Good,Good,2.0,41,41186,below_median_rb_usage,47.977872000000005,32.730788,33.2322005,52,37.356361500000006,53.4191125,16.06275099999999,1,"sinr_bin_for_expected,rsrp_bin_for_expected,carrier_count_for_expected,serving_band_for_expected,serving_earfcn_for_expected,rb_usage_bucket",all_valid_lte_dl_rows,rb_conditioned
Good,Good,2.0,41,41186,high_rb_usage,79.695975,67.918222,67.08808613698629,146,74.1463698125,84.23240543749999,10.086035624999994,1,"sinr_bin_for_expected,rsrp_bin_for_expected,carrier_count_for_expected,serving_band_for_expected,serving_earfcn_for_expected,rb_usage_bucket",all_valid_lte_dl_rows,rb_conditioned
Good,Good,2.0,41,41186,low_rb_usage,20.077184,10.440508,13.8529990875,88,15.214513,26.150703,10.93619,1,"sinr_bin_for_expected,rsrp_bin_for_expected,carrier_count_for_expected,serving_band_for_expected,serving_earfcn_for_expected,rb_usage_bucket",all_valid_lte_dl_rows,rb_conditioned
Good,Good,2.0,41,41186,medium_rb_usage,73.1056675,52.8241565,55.38185489156626,166,68.06001135,79.52786,11.467848650000008,1,"sinr_bin_for_expected,rsrp_bin_for_expected,carrier_count_for_expected,serving_band_for_expected,serving_earfcn_for_expected,rb_usage_bucket",all_valid_lte_dl_rows,rb_conditioned
Good,Good,2.0,41,41384,below_median_rb_usage,44.6888855,29.733724,33.42863834883721,86,39.184898624999995,52.71083916249998,13.525940537499984,1,"sinr_bin_for_expected,rsrp_bin_for_expected,carrier_count_for_expected,serving_band_for_expected,serving_earfcn_for_expected,rb_usage_bucket",all_valid_lte_dl_rows,rb_conditioned
Good,Good,2.0,41,41384,high_rb_usage,87.783095,67.1606875,71.71663180288462,208,81.62951025,95.65961574999996,14.030105499999962,1,"sinr_bin_for_expected,rsrp_bin_for_expected,carrier_count_for_expected,serving_band_for_expected,serving_earfcn_for_expected,rb_usage_bucket",all_valid_lte_dl_rows,rb_conditioned
Good,Good,2.0,41,41384,low_rb_usage,24.756484,15.61256,16.49654078494253,87,21.843920500000003,26.77486061249998,4.930940112499979,1,"sinr_bin_for_expected,rsrp_bin_for_expected,carrier_count_for_expected,serving_band_for_expected,serving_earfcn_for_expected,rb_usage_bucket",all_valid_lte_dl_rows,rb_conditioned
Good,Good,2.0,41,41384,medium_rb_usage,63.988005,43.42185,49.607046948148145,135,54.950645224999995,70.44580487499998,15.495159649999984,1,"sinr_bin_for_expected,rsrp_bin_for_expected,carrier_count_for_expected,serving_band_for_expected,serving_earfcn_for_expected,rb_usage_bucket",all_valid_lte_dl_rows,rb_conditioned
Good,Good,3.0,1,500,high_rb_usage,189.8838,165.36642,160.9291955106383,47,176.190173,196.706467375,20.516294375,1,"sinr_bin_for_expected,rsrp_bin_for_expected,carrier_count_for_expected,serving_band_for_expected,serving_earfcn_for_expected,rb_usage_bucket",all_valid_lte_dl_rows,rb_conditioned
Good,Excellent,1.0,41,41186,low_rb_usage,29.4030175,21.8929565,21.128596275,40,24.083841806250003,39.47385175,15.390009943749998,1,"sinr_bin_for_expected,rsrp_bin_for_expected,carrier_count_for_expected,serving_band_for_expected,serving_earfcn_for_expected,rb_usage_bucket",all_valid_lte_dl_rows,rb_conditioned
Good,Excellent,1.0,41,41384,below_median_rb_usage,51.216336,45.42551,43.780258319148935,47,48.978431875,56.180913499999996,7.202481624999997,1,"sinr_bin_for_expected,rsrp_bin_for_expected,carrier_count_for_expected,serving_band_for_expected,serving_earfcn_for_expected,rb_usage_bucket",all_valid_lte_dl_rows,rb_conditioned
Good,Excellent,1.0,41,41384,low_rb_usage,27.8817595,17.756056,20.031683170285714,175,25.5522027125,30.1710835,4.6188807875,1,"sinr_bin_for_expected,rsrp_bin_for_expected,carrier_count_for_expected,serving_band_for_expected,serving_earfcn_for_expected,rb_usage_bucket",all_valid_lte_dl_rows,rb_conditioned
Good,Excellent,2.0,1,500,below_median_rb_usage,55.37038725,44.8048835,45.72695045588235,68,51.54599219375,69.83533343124999,18.28934123749999,1,"sinr_bin_for_expected,rsrp_bin_for_expected,carrier_count_for_expected,serving_band_for_expected,serving_earfcn_for_expected,rb_usage_bucket",all_valid_lte_dl_rows,rb_conditioned
Good,Excellent,2.0,1,500,high_rb_usage,146.78557,129.94717,126.97842831999999,75,138.172849,150.146833,11.973983999999973,1,"sinr_bin_for_expected,rsrp_bin_for_expected,carrier_count_for_expected,serving_band_for_expected,serving_earfcn_for_expected,rb_usage_bucket",all_valid_lte_dl_rows,rb_conditioned
Good,Excellent,2.0,1,500,medium_rb_usage,93.04067,72.35918,74.00504336363637,121,84.237225375,97.62879,13.391564625,1,"sinr_bin_for_expected,rsrp_bin_for_expected,carrier_count_for_expected,serving_band_for_expected,serving_earfcn_for_expected,rb_usage_bucket",all_valid_lte_dl_rows,rb_conditioned
Good,Excellent,2.0,28,9310,high_rb_usage,125.29992250000001,105.4299575,104.34968623529413,34,118.82967256250001,132.37656,13.546887437500004,1,"sinr_bin_for_expected,rsrp_bin_for_expected,carrier_count_for_expected,serving_band_for_expected,serving_earfcn_for_expected,rb_usage_bucket",all_valid_lte_dl_rows,rb_conditioned
Good,Excellent,2.0,3,1850,below_median_rb_usage,60.1183105,47.4362075,47.32289375,84,54.0419534,75.37110006249999,21.329146662499994,1,"sinr_bin_for_expected,rsrp_bin_for_expected,carrier_count_for_expected,serving_band_for_expected,serving_earfcn_for_expected,rb_usage_bucket",all_valid_lte_dl_rows,rb_conditioned
Good,Excellent,2.0,3,1850,high_rb_usage,123.06184,94.72697,99.51162281208053,149,115.56375675,131.17719,15.61343325,1,"sinr_bin_for_expected,rsrp_bin_for_expected,carrier_count_for_expected,serving_band_for_expected,serving_earfcn_for_expected,rb_usage_bucket",all_valid_lte_dl_rows,rb_conditioned
Good,Excellent,2.0,3,1850,low_rb_usage,22.22334,2.035288,11.6051306857,35,8.4669913,35.416728824999964,26.949737524999964,1,"sinr_bin_for_expected,rsrp_bin_for_expected,carrier_count_for_expected,serving_band_for_expected,serving_earfcn_for_expected,rb_usage_bucket",all_valid_lte_dl_rows,rb_conditioned
Good,Excellent,2.0,3,1850,medium_rb_usage,108.6966925,84.71070499999999,81.24642356206895,174,100.10925982500001,115.27598165625,15.166721831249987,1,"sinr_bin_for_expected,rsrp_bin_for_expected,carrier_count_for_expected,serving_band_for_expected,serving_earfcn_for_expected,rb_usage_bucket",all_valid_lte_dl_rows,rb_conditioned
Good,Excellent,2.0,41,40790,high_rb_usage,104.987305,87.54546,85.17424119753086,81,95.7134015,111.36551,15.652108499999997,1,"sinr_bin_for_expected,rsrp_bin_for_expected,carrier_count_for_expected,serving_band_for_expected,serving_earfcn_for_expected,rb_usage_bucket",all_valid_lte_dl_rows,rb_conditioned
Good,Excellent,2.0,41,40790,medium_rb_usage,79.096657,55.8499105,59.34964696875,48,65.0980175625,91.760475,26.662457437499995,1,"sinr_bin_for_expected,rsrp_bin_for_expected,carrier_count_for_expected,serving_band_for_expected,serving_earfcn_for_expected,rb_usage_bucket",all_valid_lte_dl_rows,rb_conditioned
Good,Excellent,2.0,41,40988,below_median_rb_usage,68.65446,40.621937,41.07911121698113,53,57.567738,73.96233,16.394591999999996,1,"sinr_bin_for_expected,rsrp_bin_for_expected,carrier_count_for_expected,serving_band_for_expected,serving_earfcn_for_expected,rb_usage_bucket",all_valid_lte_dl_rows,rb_conditioned
Good,Excellent,2.0,41,40988,high_rb_usage,120.30231,88.404305,92.09700613483145,89,109.24822,127.31341,18.06519,1,"sinr_bin_for_expected,rsrp_bin_for_expected,carrier_count_for_expected,serving_band_for_expected,serving_earfcn_for_expected,rb_usage_bucket",all_valid_lte_dl_rows,rb_conditioned
Good,Excellent,2.0,41,40988,medium_rb_usage,87.9185275,67.08722499999999,67.49837655263158,114,83.036059625,94.99310062499998,11.95704099999999,1,"sinr_bin_for_expected,rsrp_bin_for_expected,carrier_count_for_expected,serving_band_for_expected,serving_earfcn_for_expected,rb_usage_bucket",all_valid_lte_dl_rows,rb_conditioned
Good,Excellent,2.0,41,41186,high_rb_usage,89.425005,72.73061799999999,72.245016625,48,78.135777975,92.07746637499999,13.94168839999999,1,"sinr_bin_for_expected,rsrp_bin_for_expected,carrier_count_for_expected,serving_band_for_expected,serving_earfcn_for_expected,rb_usage_bucket",all_valid_lte_dl_rows,rb_conditioned
Good,Excellent,2.0,41,41186,low_rb_usage,20.226828,10.556304,13.474402472222222,36,14.63554019375,29.955190756249973,15.319650562499973,1,"sinr_bin_for_expected,rsrp_bin_for_expected,carrier_count_for_expected,serving_band_for_expected,serving_earfcn_for_expected,rb_usage_bucket",all_valid_lte_dl_rows,rb_conditioned
Good,Excellent,2.0,41,41186,medium_rb_usage,80.0366475,63.2503935,64.43914085714285,70,74.78729899999999,84.3680425,9.580743500000011,1,"sinr_bin_for_expected,rsrp_bin_for_expected,carrier_count_for_expected,serving_band_for_expected,serving_earfcn_for_expected,rb_usage_bucket",all_valid_lte_dl_rows,rb_conditioned
Good,Excellent,2.0,41,41384,below_median_rb_usage,55.897085,44.2588925,41.94170979411765,34,48.192257325,60.901913924999995,12.709656599999995,1,"sinr_bin_for_expected,rsrp_bin_for_expected,carrier_count_for_expected,serving_band_for_expected,serving_earfcn_for_expected,rb_usage_bucket",all_valid_lte_dl_rows,rb_conditioned
Good,Excellent,2.0,41,41384,high_rb_usage,119.85412,84.45449,88.68243168217053,129,112.30553675,125.9439629,13.63842615,1,"sinr_bin_for_expected,rsrp_bin_for_expected,carrier_count_for_expected,serving_band_for_expected,serving_earfcn_for_expected,rb_usage_bucket",all_valid_lte_dl_rows,rb_conditioned
Good,Excellent,2.0,41,41384,medium_rb_usage,91.501274,67.04413,68.12757632673268,101,78.64280775,98.76852187499999,20.125714124999988,1,"sinr_bin_for_expected,rsrp_bin_for_expected,carrier_count_for_expected,serving_band_for_expected,serving_earfcn_for_expected,rb_usage_bucket",all_valid_lte_dl_rows,rb_conditioned
Excellent,Fair,1.0,41,41186,below_median_rb_usage,68.15388,57.313065,56.01653488495575,113,63.21508,69.30254,6.087459999999993,1,"sinr_bin_for_expected,rsrp_bin_for_expected,carrier_count_for_expected,serving_band_for_expected,serving_earfcn_for_expected,rb_usage_bucket",all_valid_lte_dl_rows,rb_conditioned
Excellent,Fair,1.0,41,41186,low_rb_usage,41.44212625,27.5774605,26.557185120689653,58,33.50249266875,43.705725737499996,10.203233068749995,1,"sinr_bin_for_expected,rsrp_bin_for_expected,carrier_count_for_expected,serving_band_for_expected,serving_earfcn_for_expected,rb_usage_bucket",all_valid_lte_dl_rows,rb_conditioned
Excellent,Fair,1.0,41,41384,below_median_rb_usage,58.43765825,47.035998,49.08720091129032,124,53.702750712500006,60.984047812499995,7.281297099999989,1,"sinr_bin_for_expected,rsrp_bin_for_expected,carrier_count_for_expected,serving_band_for_expected,serving_earfcn_for_expected,rb_usage_bucket",all_valid_lte_dl_rows,rb_conditioned
Excellent,Fair,1.0,41,41384,low_rb_usage,35.818734,26.805536,26.95755882911392,79,33.5909027,38.48198284999999,4.891080149999986,1,"sinr_bin_for_expected,rsrp_bin_for_expected,carrier_count_for_expected,serving_band_for_expected,serving_earfcn_for_expected,rb_usage_bucket",all_valid_lte_dl_rows,rb_conditioned
Excellent,Fair,2.0,41,40790,high_rb_usage,116.31027,87.140205,92.67769007692308,65,106.410973,124.594599125,18.183626125000004,1,"sinr_bin_for_expected,rsrp_bin_for_expected,carrier_count_for_expected,serving_band_for_expected,serving_earfcn_for_expected,rb_usage_bucket",all_valid_lte_dl_rows,rb_conditioned
Excellent,Fair,2.0,41,40790,medium_rb_usage,78.480755,62.91288,61.871277042553196,47,73.41778649999999,91.3317884375,17.914001937500004,1,"sinr_bin_for_expected,rsrp_bin_for_expected,carrier_count_for_expected,serving_band_for_expected,serving_earfcn_for_expected,rb_usage_bucket",all_valid_lte_dl_rows,rb_conditioned
Excellent,Fair,2.0,41,40988,high_rb_usage,118.10928875,94.772415,92.75210778125,32,106.25693722500002,126.49840687499997,20.241469649999956,1,"sinr_bin_for_expected,rsrp_bin_for_expected,carrier_count_for_expected,serving_band_for_expected,serving_earfcn_for_expected,rb_usage_bucket",all_valid_lte_dl_rows,rb_conditioned
Excellent,Fair,2.0,41,40988,medium_rb_usage,84.286255,69.16632,69.33663075510205,49,76.75922625000001,91.69425135,14.93502509999999,1,"sinr_bin_for_expected,rsrp_bin_for_expected,carrier_count_for_expected,serving_band_for_expected,serving_earfcn_for_expected,rb_usage_bucket",all_valid_lte_dl_rows,rb_conditioned
Excellent,Fair,2.0,41,41186,high_rb_usage,117.789505,97.706184,94.73055575308642,81,111.17445,122.27334,11.098890000000011,1,"sinr_bin_for_expected,rsrp_bin_for_expected,carrier_count_for_expected,serving_band_for_expected,serving_earfcn_for_expected,rb_usage_bucket",all_valid_lte_dl_rows,rb_conditioned
Excellent,Fair,2.0,41,41186,medium_rb_usage,86.3924825,69.878435,66.82937603333333,60,76.7426117875,90.64981690625,13.90720511875,1,"sinr_bin_for_expected,rsrp_bin_for_expected,carrier_count_for_expected,serving_band_for_expected,serving_earfcn_for_expected,rb_usage_bucket",all_valid_lte_dl_rows,rb_conditioned
Excellent,Fair,2.0,41,41384,below_median_rb_usage,38.758276,26.3961285,26.4854172037037,54,33.669156,41.05888925,7.389733249999999,1,"sinr_bin_for_expected,rsrp_bin_for_expected,carrier_count_for_expected,serving_band_for_expected,serving_earfcn_for_expected,rb_usage_bucket",all_valid_lte_dl_rows,rb_conditioned
Excellent,Fair,2.0,41,41384,high_rb_usage,101.0513225,89.977375,86.607619984375,64,94.42342109375,108.533792875,14.11037178125001,1,"sinr_bin_for_expected,rsrp_bin_for_expected,carrier_count_for_expected,serving_band_for_expected,serving_earfcn_for_expected,rb_usage_bucket",all_valid_lte_dl_rows,rb_conditioned
Excellent,Fair,2.0,41,41384,low_rb_usage,27.96298025,12.60058,15.104589657894739,38,14.105483,34.965596250000004,20.860113250000005,1,"sinr_bin_for_expected,rsrp_bin_for_expected,carrier_count_for_expected,serving_band_for_expected,serving_earfcn_for_expected,rb_usage_bucket",all_valid_lte_dl_rows,rb_conditioned
Excellent,Fair,2.0,41,41384,medium_rb_usage,72.23186,56.72624,58.996743910112365,89,69.23165965000001,78.39744,9.165780349999991,1,"sinr_bin_for_expected,rsrp_bin_for_expected,carrier_count_for_expected,serving_band_for_expected,serving_earfcn_for_expected,rb_usage_bucket",all_valid_lte_dl_rows,rb_conditioned
Excellent,Good,1.0,41,40790,below_median_rb_usage,86.59514,69.6671,63.999179305084745,59,82.170800625,90.14134425,7.970543625000005,1,"sinr_bin_for_expected,rsrp_bin_for_expected,carrier_count_for_expected,serving_band_for_expected,serving_earfcn_for_expected,rb_usage_bucket",all_valid_lte_dl_rows,rb_conditioned
Excellent,Good,1.0,41,40790,low_rb_usage,39.7748215,31.734316,32.1984095,44,34.96016125,45.780865531249994,10.820704281249995,1,"sinr_bin_for_expected,rsrp_bin_for_expected,carrier_count_for_expected,serving_band_for_expected,serving_earfcn_for_expected,rb_usage_bucket",all_valid_lte_dl_rows,rb_conditioned
Excellent,Good,1.0,41,40988,below_median_rb_usage,75.2412575,52.054739,53.336894566666665,30,58.264930750000005,82.719647,24.45471624999999,1,"sinr_bin_for_expected,rsrp_bin_for_expected,carrier_count_for_expected,serving_band_for_expected,serving_earfcn_for_expected,rb_usage_bucket",all_valid_lte_dl_rows,rb_conditioned
Excellent,Good,1.0,41,41186,below_median_rb_usage,70.1865925,54.428751000000005,57.455757481481484,108,63.012998,77.0959636625,14.082965662499994,1,"sinr_bin_for_expected,rsrp_bin_for_expected,carrier_count_for_expected,serving_band_for_expected,serving_earfcn_for_expected,rb_usage_bucket",all_valid_lte_dl_rows,rb_conditioned
Excellent,Good,1.0,41,41186,low_rb_usage,51.578487,37.897736,34.57525377192982,57,44.997566,56.456417,11.458851000000003,1,"sinr_bin_for_expected,rsrp_bin_for_expected,carrier_count_for_expected,serving_band_for_expected,serving_earfcn_for_expected,rb_usage_bucket",all_valid_lte_dl_rows,rb_conditioned
Excellent,Good,1.0,41,41384,below_median_rb_usage,55.824560000000005,47.082863,47.28210099029126,103,52.237370687500004,57.98044654999998,5.743075862499978,1,"sinr_bin_for_expected,rsrp_bin_for_expected,carrier_count_for_expected,serving_band_for_expected,serving_earfcn_for_expected,rb_usage_bucket",all_valid_lte_dl_rows,rb_conditioned
Excellent,Good,1.0,41,41384,low_rb_usage,36.04978625,22.402624,25.13060589527027,148,33.00453953125,41.09519059374998,8.09065106249998,1,"sinr_bin_for_expected,rsrp_bin_for_expected,carrier_count_for_expected,serving_band_for_expected,serving_earfcn_for_expected,rb_usage_bucket",all_valid_lte_dl_rows,rb_conditioned
Excellent,Good,2.0,1,356,below_median_rb_usage,51.58737275,30.858590999999997,39.22357828541667,48,37.399963312500006,75.79340837499997,38.393445062499964,1,"sinr_bin_for_expected,rsrp_bin_for_expected,carrier_count_for_expected,serving_band_for_expected,serving_earfcn_for_expected,rb_usage_bucket",all_valid_lte_dl_rows,rb_conditioned
Excellent,Good,2.0,1,500,high_rb_usage,211.42659,173.8505,172.9665649139785,93,191.19633349999998,224.36774,33.17140650000002,1,"sinr_bin_for_expected,rsrp_bin_for_expected,carrier_count_for_expected,serving_band_for_expected,serving_earfcn_for_expected,rb_usage_bucket",all_valid_lte_dl_rows,rb_conditioned
Excellent,Good,2.0,1,500,medium_rb_usage,121.69474,100.39503,102.68169670666666,75,116.835330875,138.61614,21.780809125000005,1,"sinr_bin_for_expected,rsrp_bin_for_expected,carrier_count_for_expected,serving_band_for_expected,serving_earfcn_for_expected,rb_usage_bucket",all_valid_lte_dl_rows,rb_conditioned
Excellent,Good,2.0,3,1850,high_rb_usage,158.8554775,139.13284,138.51809775,32,152.073967875,167.1531975,15.07922962500001,1,"sinr_bin_for_expected,rsrp_bin_for_expected,carrier_count_for_expected,serving_band_for_expected,serving_earfcn_for_expected,rb_usage_bucket",all_valid_lte_dl_rows,rb_conditioned
Excellent,Good,2.0,3,1850,medium_rb_usage,102.526375,75.40771,77.47485245098039,51,89.483040125,113.87256932499999,24.389529199999984,1,"sinr_bin_for_expected,rsrp_bin_for_expected,carrier_count_for_expected,serving_band_for_expected,serving_earfcn_for_expected,rb_usage_bucket",all_valid_lte_dl_rows,rb_conditioned
Excellent,Good,2.0,41,40790,below_median_rb_usage,80.398994,59.857254,59.43277497849462,93,74.10655925,86.447666125,12.341106874999994,1,"sinr_bin_for_expected,rsrp_bin_for_expected,carrier_count_for_expected,serving_band_for_expected,serving_earfcn_for_expected,rb_usage_bucket",all_valid_lte_dl_rows,rb_conditioned
Excellent,Good,2.0,41,40790,high_rb_usage,133.517565,113.6008325,109.42117631351351,370,130.232035125,137.41420637499996,7.1821712499999535,1,"sinr_bin_for_expected,rsrp_bin_for_expected,carrier_count_for_expected,serving_band_for_expected,serving_earfcn_for_expected,rb_usage_bucket",all_valid_lte_dl_rows,rb_conditioned
Excellent,Good,2.0,41,40790,low_rb_usage,23.190584,3.481616,13.881457608163267,49,17.5826098,36.248432,18.6658222,1,"sinr_bin_for_expected,rsrp_bin_for_expected,carrier_count_for_expected,serving_band_for_expected,serving_earfcn_for_expected,rb_usage_bucket",all_valid_lte_dl_rows,rb_conditioned
Excellent,Good,2.0,41,40790,medium_rb_usage,108.22067224999999,81.95605499999999,82.47277409415584,308,104.03338446875001,112.57628449999999,8.542900031249971,1,"sinr_bin_for_expected,rsrp_bin_for_expected,carrier_count_for_expected,serving_band_for_expected,serving_earfcn_for_expected,rb_usage_bucket",all_valid_lte_dl_rows,rb_conditioned
Excellent,Good,2.0,41,40988,below_median_rb_usage,74.1268025,51.390633,50.17139030841121,107,70.3742687,80.427963,10.053694300000004,1,"sinr_bin_for_expected,rsrp_bin_for_expected,carrier_count_for_expected,serving_band_for_expected,serving_earfcn_for_expected,rb_usage_bucket",all_valid_lte_dl_rows,rb_conditioned
Excellent,Good,2.0,41,40988,high_rb_usage,125.5997405,108.005777,105.7515949047619,126,117.65028575,135.766993375,18.116707625000004,1,"sinr_bin_for_expected,rsrp_bin_for_expected,carrier_count_for_expected,serving_band_for_expected,serving_earfcn_for_expected,rb_usage_bucket",all_valid_lte_dl_rows,rb_conditioned
Excellent,Good,2.0,41,40988,low_rb_usage,39.05892125,19.941671499999998,24.013961967857142,56,27.94775475,49.30702678124997,21.359272031249965,1,"sinr_bin_for_expected,rsrp_bin_for_expected,carrier_count_for_expected,serving_band_for_expected,serving_earfcn_for_expected,rb_usage_bucket",all_valid_lte_dl_rows,rb_conditioned
Excellent,Good,2.0,41,40988,medium_rb_usage,99.277405,79.37616,78.43398616666667,150,93.8227441875,104.9270631875,11.10431899999999,1,"sinr_bin_for_expected,rsrp_bin_for_expected,carrier_count_for_expected,serving_band_for_expected,serving_earfcn_for_expected,rb_usage_bucket",all_valid_lte_dl_rows,rb_conditioned
Excellent,Good,2.0,41,41186,below_median_rb_usage,66.7100235,49.785053000000005,49.54291013333333,60,60.408146368749996,70.1121403,9.703993931249997,1,"sinr_bin_for_expected,rsrp_bin_for_expected,carrier_count_for_expected,serving_band_for_expected,serving_earfcn_for_expected,rb_usage_bucket",all_valid_lte_dl_rows,rb_conditioned
Excellent,Good,2.0,41,41186,high_rb_usage,135.1067025,108.6771525,106.6271149107143,168,129.7173383125,139.1155693125,9.39823100000001,1,"sinr_bin_for_expected,rsrp_bin_for_expected,carrier_count_for_expected,serving_band_for_expected,serving_earfcn_for_expected,rb_usage_bucket",all_valid_lte_dl_rows,rb_conditioned
Excellent,Good,2.0,41,41186,low_rb_usage,28.310015,15.040371749999998,16.80752531724138,58,20.31397285,34.67808889999998,14.364116049999978,1,"sinr_bin_for_expected,rsrp_bin_for_expected,carrier_count_for_expected,serving_band_for_expected,serving_earfcn_for_expected,rb_usage_bucket",all_valid_lte_dl_rows,rb_conditioned
Excellent,Good,2.0,41,41186,medium_rb_usage,96.24120500000001,72.10649699999999,73.7003449680851,188,90.9461899375,100.7312239375,9.78503400000001,1,"sinr_bin_for_expected,rsrp_bin_for_expected,carrier_count_for_expected,serving_band_for_expected,serving_earfcn_for_expected,rb_usage_bucket",all_valid_lte_dl_rows,rb_conditioned
Excellent,Good,2.0,41,41384,below_median_rb_usage,65.1313,46.716473,48.538984221238934,113,58.536646250000004,66.29450974999999,7.757863499999985,1,"sinr_bin_for_expected,rsrp_bin_for_expected,carrier_count_for_expected,serving_band_for_expected,serving_earfcn_for_expected,rb_usage_bucket",all_valid_lte_dl_rows,rb_conditioned
Excellent,Good,2.0,41,41384,high_rb_usage,130.3351825,105.31879,106.8867925132275,378,125.68584415,134.0701769375,8.384332787500014,1,"sinr_bin_for_expected,rsrp_bin_for_expected,carrier_count_for_expected,serving_band_for_expected,serving_earfcn_for_expected,rb_usage_bucket",all_valid_lte_dl_rows,rb_conditioned
Excellent,Good,2.0,41,41384,low_rb_usage,41.4493475,26.380056,24.485663810810813,111,35.5272028875,45.2349254125,9.707722524999994,1,"sinr_bin_for_expected,rsrp_bin_for_expected,carrier_count_for_expected,serving_band_for_expected,serving_earfcn_for_expected,rb_usage_bucket",all_valid_lte_dl_rows,rb_conditioned
Excellent,Good,2.0,41,41384,medium_rb_usage,94.51446125000001,74.08158,73.7651198961039,308,89.59950971250001,98.9468334375,9.347323724999995,1,"sinr_bin_for_expected,rsrp_bin_for_expected,carrier_count_for_expected,serving_band_for_expected,serving_earfcn_for_expected,rb_usage_bucket",all_valid_lte_dl_rows,rb_conditioned
Excellent,Good,3.0,1,500,high_rb_usage,203.8026,179.94537,182.55296,33,191.50044,218.18617,26.685730000000007,1,"sinr_bin_for_expected,rsrp_bin_for_expected,carrier_count_for_expected,serving_band_for_expected,serving_earfcn_for_expected,rb_usage_bucket",all_valid_lte_dl_rows,rb_conditioned
Excellent,Excellent,1.0,1,500,below_median_rb_usage,106.49044,87.26784,94.05268173529412,34,100.67925340625,121.30795,20.628696593750007,1,"sinr_bin_for_expected,rsrp_bin_for_expected,carrier_count_for_expected,serving_band_for_expected,serving_earfcn_for_expected,rb_usage_bucket",all_valid_lte_dl_rows,rb_conditioned
Excellent,Excellent,1.0,1,500,low_rb_usage,58.123688,47.2136765,46.869984,46,56.15541423125,66.74867541249998,10.593261181249979,1,"sinr_bin_for_expected,rsrp_bin_for_expected,carrier_count_for_expected,serving_band_for_expected,serving_earfcn_for_expected,rb_usage_bucket",all_valid_lte_dl_rows,rb_conditioned
Excellent,Excellent,1.0,41,40790,below_median_rb_usage,86.98526,73.537025,66.47918685714286,49,81.65336,89.06461,7.4112499999999955,1,"sinr_bin_for_expected,rsrp_bin_for_expected,carrier_count_for_expected,serving_band_for_expected,serving_earfcn_for_expected,rb_usage_bucket",all_valid_lte_dl_rows,rb_conditioned
Excellent,Excellent,1.0,41,40790,low_rb_usage,49.702884999999995,40.984455,41.399347023255814,43,46.8170522875,56.854965500000006,10.037913212500008,1,"sinr_bin_for_expected,rsrp_bin_for_expected,carrier_count_for_expected,serving_band_for_expected,serving_earfcn_for_expected,rb_usage_bucket",all_valid_lte_dl_rows,rb_conditioned
Excellent,Excellent,1.0,41,41186,below_median_rb_usage,57.524085,50.3590835,51.44945383333333,78,54.17311446875,63.757097387499996,9.583982918749996,1,"sinr_bin_for_expected,rsrp_bin_for_expected,carrier_count_for_expected,serving_band_for_expected,serving_earfcn_for_expected,rb_usage_bucket",all_valid_lte_dl_rows,rb_conditioned
Excellent,Excellent,1.0,41,41186,low_rb_usage,41.8532505,27.857947,27.687888599785712,140,37.14193135,42.95745436874999,5.8155230187499924,1,"sinr_bin_for_expected,rsrp_bin_for_expected,carrier_count_for_expected,serving_band_for_expected,serving_earfcn_for_expected,rb_usage_bucket",all_valid_lte_dl_rows,rb_conditioned
Excellent,Excellent,1.0,41,41384,below_median_rb_usage,66.07286500000001,56.91056,55.95317091213389,239,64.34697075,67.2057720625,2.858801312500006,1,"sinr_bin_for_expected,rsrp_bin_for_expected,carrier_count_for_expected,serving_band_for_expected,serving_earfcn_for_expected,rb_usage_bucket",all_valid_lte_dl_rows,rb_conditioned
Excellent,Excellent,1.0,41,41384,low_rb_usage,31.353082,19.051863500000003,22.35868589237668,892,30.23898535,33.108666568749996,2.869681218749996,1,"sinr_bin_for_expected,rsrp_bin_for_expected,carrier_count_for_expected,serving_band_for_expected,serving_earfcn_for_expected,rb_usage_bucket",all_valid_lte_dl_rows,rb_conditioned
Excellent,Excellent,2.0,1,356,below_median_rb_usage,63.675943000000004,51.873571999999996,54.05422098333334,60,56.5254087625,69.470018875,12.944610112499994,1,"sinr_bin_for_expected,rsrp_bin_for_expected,carrier_count_for_expected,serving_band_for_expected,serving_earfcn_for_expected,rb_usage_bucket",all_valid_lte_dl_rows,rb_conditioned
Excellent,Excellent,2.0,1,500,below_median_rb_usage,84.30652,52.178463,56.565467509433965,53,64.881930925,97.247536,32.36560507499999,1,"sinr_bin_for_expected,rsrp_bin_for_expected,carrier_count_for_expected,serving_band_for_expected,serving_earfcn_for_expected,rb_usage_bucket",all_valid_lte_dl_rows,rb_conditioned
Excellent,Excellent,2.0,1,500,high_rb_usage,217.23352,185.5529,177.74830989830508,177,210.17469025,227.97764775000002,17.80295750000002,1,"sinr_bin_for_expected,rsrp_bin_for_expected,carrier_count_for_expected,serving_band_for_expected,serving_earfcn_for_expected,rb_usage_bucket",all_valid_lte_dl_rows,rb_conditioned
Excellent,Excellent,2.0,1,500,medium_rb_usage,117.884358,96.62434,96.34537488690476,168,112.63335093750001,127.59809,14.964739062499987,1,"sinr_bin_for_expected,rsrp_bin_for_expected,carrier_count_for_expected,serving_band_for_expected,serving_earfcn_for_expected,rb_usage_bucket",all_valid_lte_dl_rows,rb_conditioned
Excellent,Excellent,2.0,28,9310,below_median_rb_usage,50.039375,35.856182,37.913279606060605,33,38.094345,58.512357649999984,20.418012649999987,1,"sinr_bin_for_expected,rsrp_bin_for_expected,carrier_count_for_expected,serving_band_for_expected,serving_earfcn_for_expected,rb_usage_bucket",all_valid_lte_dl_rows,rb_conditioned
Excellent,Excellent,2.0,28,9310,high_rb_usage,165.75754,149.5927,146.61023246341463,41,154.27655,171.51695,17.240400000000022,1,"sinr_bin_for_expected,rsrp_bin_for_expected,carrier_count_for_expected,serving_band_for_expected,serving_earfcn_for_expected,rb_usage_bucket",all_valid_lte_dl_rows,rb_conditioned
Excellent,Excellent,2.0,28,9310,medium_rb_usage,136.39436,119.32652,117.14213840449437,89,132.06062,140.34901,8.288389999999993,1,"sinr_bin_for_expected,rsrp_bin_for_expected,carrier_count_for_expected,serving_band_for_expected,serving_earfcn_for_expected,rb_usage_bucket",all_valid_lte_dl_rows,rb_conditioned
Excellent,Excellent,2.0,3,1850,below_median_rb_usage,106.849585,80.8126,80.32664243832599,227,100.969905,111.76923,10.799324999999996,1,"sinr_bin_for_expected,rsrp_bin_for_expected,carrier_count_for_expected,serving_band_for_expected,serving_earfcn_for_expected,rb_usage_bucket",all_valid_lte_dl_rows,rb_conditioned
Excellent,Excellent,2.0,3,1850,high_rb_usage,173.9707375,148.33873499999999,151.86185335632183,174,164.29162975,180.5426199375,16.25099018750001,1,"sinr_bin_for_expected,rsrp_bin_for_expected,carrier_count_for_expected,serving_band_for_expected,serving_earfcn_for_expected,rb_usage_bucket",all_valid_lte_dl_rows,rb_conditioned
Excellent,Excellent,2.0,3,1850,low_rb_usage,34.23432,19.88008,23.391800592213592,103,29.319885,39.863028449999995,10.543143449999995,1,"sinr_bin_for_expected,rsrp_bin_for_expected,carrier_count_for_expected,serving_band_for_expected,serving_earfcn_for_expected,rb_usage_bucket",all_valid_lte_dl_rows,rb_conditioned
Excellent,Excellent,2.0,3,1850,medium_rb_usage,136.32124,108.81352,107.60021597508651,289,131.59288575,139.439947,7.847061249999996,1,"sinr_bin_for_expected,rsrp_bin_for_expected,carrier_count_for_expected,serving_band_for_expected,serving_earfcn_for_expected,rb_usage_bucket",all_valid_lte_dl_rows,rb_conditioned
Excellent,Excellent,2.0,41,40790,below_median_rb_usage,65.679272,41.977871,45.65028979411765,102,59.48121863125,76.3367795,16.855560868750004,1,"sinr_bin_for_expected,rsrp_bin_for_expected,carrier_count_for_expected,serving_band_for_expected,serving_earfcn_for_expected,rb_usage_bucket",all_valid_lte_dl_rows,rb_conditioned
Excellent,Excellent,2.0,41,40790,high_rb_usage,138.2563025,113.599548,113.32875618404908,326,133.68723356249998,142.6285296875,8.941296125000008,1,"sinr_bin_for_expected,rsrp_bin_for_expected,carrier_count_for_expected,serving_band_for_expected,serving_earfcn_for_expected,rb_usage_bucket",all_valid_lte_dl_rows,rb_conditioned
Excellent,Excellent,2.0,41,40790,low_rb_usage,19.2922,0.78684,10.414673444705882,85,3.5404822,29.363297225,25.822815025,1,"sinr_bin_for_expected,rsrp_bin_for_expected,carrier_count_for_expected,serving_band_for_expected,serving_earfcn_for_expected,rb_usage_bucket",all_valid_lte_dl_rows,rb_conditioned
Excellent,Excellent,2.0,41,40790,medium_rb_usage,107.869896,80.578606,83.50913580219779,273,97.98454,114.4980346,16.5134946,1,"sinr_bin_for_expected,rsrp_bin_for_expected,carrier_count_for_expected,serving_band_for_expected,serving_earfcn_for_expected,rb_usage_bucket",all_valid_lte_dl_rows,rb_conditioned
Excellent,Excellent,2.0,41,40988,below_median_rb_usage,59.6869565,35.45396,41.970021204188484,191,51.17453516250001,69.2426287375,18.068093574999992,1,"sinr_bin_for_expected,rsrp_bin_for_expected,carrier_count_for_expected,serving_band_for_expected,serving_earfcn_for_expected,rb_usage_bucket",all_valid_lte_dl_rows,rb_conditioned
Excellent,Excellent,2.0,41,40988,high_rb_usage,144.9015475,118.049735,115.65826015725807,248,138.89158225,149.1292728125,10.237690562500006,1,"sinr_bin_for_expected,rsrp_bin_for_expected,carrier_count_for_expected,serving_band_for_expected,serving_earfcn_for_expected,rb_usage_bucket",all_valid_lte_dl_rows,rb_conditioned
Excellent,Excellent,2.0,41,40988,low_rb_usage,16.86815425,0.877988,10.009110686034884,86,10.849103399999999,18.811870868750002,7.962767468750004,1,"sinr_bin_for_expected,rsrp_bin_for_expected,carrier_count_for_expected,serving_band_for_expected,serving_earfcn_for_expected,rb_usage_bucket",all_valid_lte_dl_rows,rb_conditioned
Excellent,Excellent,2.0,41,40988,medium_rb_usage,109.39058,73.90788,79.7833544132492,317,99.2879415,116.72039149999999,17.43244999999999,1,"sinr_bin_for_expected,rsrp_bin_for_expected,carrier_count_for_expected,serving_band_for_expected,serving_earfcn_for_expected,rb_usage_bucket",all_valid_lte_dl_rows,rb_conditioned
Excellent,Excellent,2.0,41,41186,below_median_rb_usage,74.66905,62.229,59.75833051546392,97,69.39259975,77.097725,7.705125249999995,1,"sinr_bin_for_expected,rsrp_bin_for_expected,carrier_count_for_expected,serving_band_for_expected,serving_earfcn_for_expected,rb_usage_bucket",all_valid_lte_dl_rows,rb_conditioned
Excellent,Excellent,2.0,41,41186,high_rb_usage,142.54785,112.17955,111.159755981203,133,134.278,149.37216,15.094160000000016,1,"sinr_bin_for_expected,rsrp_bin_for_expected,carrier_count_for_expected,serving_band_for_expected,serving_earfcn_for_expected,rb_usage_bucket",all_valid_lte_dl_rows,rb_conditioned
Excellent,Excellent,2.0,41,41186,low_rb_usage,38.168743000000006,24.747663,24.918397739430894,123,34.9938298375,45.6366023,10.642772462499998,1,"sinr_bin_for_expected,rsrp_bin_for_expected,carrier_count_for_expected,serving_band_for_expected,serving_earfcn_for_expected,rb_usage_bucket",all_valid_lte_dl_rows,rb_conditioned
Excellent,Excellent,2.0,41,41186,medium_rb_usage,109.543755,86.67538,83.54120410837437,203,102.908394,112.518467325,9.610073325000002,1,"sinr_bin_for_expected,rsrp_bin_for_expected,carrier_count_for_expected,serving_band_for_expected,serving_earfcn_for_expected,rb_usage_bucket",all_valid_lte_dl_rows,rb_conditioned
Excellent,Excellent,2.0,41,41384,below_median_rb_usage,92.19759125,75.11762999999999,71.29571174545454,110,83.9484403125,100.82725716875,16.878816856249998,1,"sinr_bin_for_expected,rsrp_bin_for_expected,carrier_count_for_expected,serving_band_for_expected,serving_earfcn_for_expected,rb_usage_bucket",all_valid_lte_dl_rows,rb_conditioned
Excellent,Excellent,2.0,41,41384,high_rb_usage,137.9042325,117.56017,116.99415972945205,584,134.27539968750003,139.89793,5.6225303124999755,1,"sinr_bin_for_expected,rsrp_bin_for_expected,carrier_count_for_expected,serving_band_for_expected,serving_earfcn_for_expected,rb_usage_bucket",all_valid_lte_dl_rows,rb_conditioned
Excellent,Excellent,2.0,41,41384,low_rb_usage,44.410308,1.755004,20.222619152671296,108,31.6542639625,48.43609924999999,16.78183528749999,1,"sinr_bin_for_expected,rsrp_bin_for_expected,carrier_count_for_expected,serving_band_for_expected,serving_earfcn_for_expected,rb_usage_bucket",all_valid_lte_dl_rows,rb_conditioned
Excellent,Excellent,2.0,41,41384,medium_rb_usage,104.49569,86.169334,85.5160749376278,489,100.01960150000001,109.12091,9.101308499999988,1,"sinr_bin_for_expected,rsrp_bin_for_expected,carrier_count_for_expected,serving_band_for_expected,serving_earfcn_for_expected,rb_usage_bucket",all_valid_lte_dl_rows,rb_conditioned
Excellent,Excellent,3.0,1,500,high_rb_usage,227.81928,201.04903,201.6816144516129,155,217.81570587500002,236.66110625,18.84540037499997,1,"sinr_bin_for_expected,rsrp_bin_for_expected,carrier_count_for_expected,serving_band_for_expected,serving_earfcn_for_expected,rb_usage_bucket",all_valid_lte_dl_rows,rb_conditioned
Excellent,Excellent,3.0,28,9310,high_rb_usage,171.62932,130.15375,134.59088795081965,61,143.54341,185.24176,41.698350000000005,1,"sinr_bin_for_expected,rsrp_bin_for_expected,carrier_count_for_expected,serving_band_for_expected,serving_earfcn_for_expected,rb_usage_bucket",all_valid_lte_dl_rows,rb_conditioned
Excellent,Excellent,3.0,28,9310,medium_rb_usage,133.35666750000001,117.497075,115.181084625,32,119.36715625000001,145.87509474999996,26.507938499999952,1,"sinr_bin_for_expected,rsrp_bin_for_expected,carrier_count_for_expected,serving_band_for_expected,serving_earfcn_for_expected,rb_usage_bucket",all_valid_lte_dl_rows,rb_conditioned
Excellent,Excellent,3.0,3,1850,below_median_rb_usage,113.38664625000001,96.49783500000001,97.98458035294118,34,96.99589,121.79174793749999,24.79585793749999,1,"sinr_bin_for_expected,rsrp_bin_for_expected,carrier_count_for_expected,serving_band_for_expected,serving_earfcn_for_expected,rb_usage_bucket",all_valid_lte_dl_rows,rb_conditioned
Excellent,Excellent,3.0,3,1850,medium_rb_usage,149.7185175,132.682235,134.40335286842105,38,142.58377787499998,159.13959899999998,16.555821124999994,1,"sinr_bin_for_expected,rsrp_bin_for_expected,carrier_count_for_expected,serving_band_for_expected,serving_earfcn_for_expected,rb_usage_bucket",all_valid_lte_dl_rows,rb_conditioned
Poor,Poor,1.0,41,,low_rb_usage,0.522692,0.16704799,0.9758231792307692,39,0.2972878,1.9103628999999998,1.6130750999999997,2,"sinr_bin_for_expected,rsrp_bin_for_expected,carrier_count_for_expected,serving_band_for_expected,rb_usage_bucket",all_valid_lte_dl_rows,rb_conditioned
Poor,Fair,1.0,41,,low_rb_usage,4.025464,1.532648,3.272752241818182,33,2.4924,6.65,4.1576,2,"sinr_bin_for_expected,rsrp_bin_for_expected,carrier_count_for_expected,serving_band_for_expected,rb_usage_bucket",all_valid_lte_dl_rows,rb_conditioned
Fair,Poor,1.0,41,,low_rb_usage,1.887088,0.607544,1.7410801509433962,53,1.1318,4.053716199999994,2.921916199999994,2,"sinr_bin_for_expected,rsrp_bin_for_expected,carrier_count_for_expected,serving_band_for_expected,rb_usage_bucket",all_valid_lte_dl_rows,rb_conditioned
Fair,Fair,1.0,1,,below_median_rb_usage,30.48898325,23.892656,23.839285790243903,82,26.448433606250003,33.48657286874999,7.0381392624999854,2,"sinr_bin_for_expected,rsrp_bin_for_expected,carrier_count_for_expected,serving_band_for_expected,rb_usage_bucket",all_valid_lte_dl_rows,rb_conditioned
Fair,Fair,1.0,1,,low_rb_usage,12.674472000000002,6.987976,8.789827279352226,247,11.06204235625,13.450478599999997,2.3884362437499966,2,"sinr_bin_for_expected,rsrp_bin_for_expected,carrier_count_for_expected,serving_band_for_expected,rb_usage_bucket",all_valid_lte_dl_rows,rb_conditioned
Fair,Fair,1.0,28,,below_median_rb_usage,11.592166,9.533868,9.970576883333333,72,10.739288,11.981644600000001,1.2423566000000008,2,"sinr_bin_for_expected,rsrp_bin_for_expected,carrier_count_for_expected,serving_band_for_expected,rb_usage_bucket",all_valid_lte_dl_rows,rb_conditioned
Fair,Fair,1.0,28,,low_rb_usage,6.173532,3.815048,4.3811965322834645,127,5.5760055,6.759481596249999,1.1834760962499988,2,"sinr_bin_for_expected,rsrp_bin_for_expected,carrier_count_for_expected,serving_band_for_expected,rb_usage_bucket",all_valid_lte_dl_rows,rb_conditioned
Fair,Fair,1.0,3,,below_median_rb_usage,30.876104,22.30848,23.247572254777072,157,28.021548975,34.34140597499997,6.3198569999999705,2,"sinr_bin_for_expected,rsrp_bin_for_expected,carrier_count_for_expected,serving_band_for_expected,rb_usage_bucket",all_valid_lte_dl_rows,rb_conditioned
Fair,Fair,1.0,3,,low_rb_usage,12.524334,4.696188,7.343449469418982,216,10.823604999999999,13.643112784374992,2.819507784374993,2,"sinr_bin_for_expected,rsrp_bin_for_expected,carrier_count_for_expected,serving_band_for_expected,rb_usage_bucket",all_valid_lte_dl_rows,rb_conditioned
Fair,Fair,1.0,41,,below_median_rb_usage,26.7372565,18.99352,20.201867049445003,991,25.7934173125,27.799331799999997,2.0059144874999966,2,"sinr_bin_for_expected,rsrp_bin_for_expected,carrier_count_for_expected,serving_band_for_expected,rb_usage_bucket",all_valid_lte_dl_rows,rb_conditioned
Fair,Fair,1.0,41,,low_rb_usage,11.680888,6.3216,7.588353153356361,1187,10.7219988,12.296584,1.5745851999999996,2,"sinr_bin_for_expected,rsrp_bin_for_expected,carrier_count_for_expected,serving_band_for_expected,rb_usage_bucket",all_valid_lte_dl_rows,rb_conditioned
Fair,Fair,2.0,1,,below_median_rb_usage,20.69478025,11.960715749999999,14.674538637931036,174,16.92626955,23.2212842125,6.295014662499998,2,"sinr_bin_for_expected,rsrp_bin_for_expected,carrier_count_for_expected,serving_band_for_expected,rb_usage_bucket",all_valid_lte_dl_rows,rb_conditioned
Fair,Fair,2.0,1,,high_rb_usage,72.061292,51.991577,52.73530131578947,95,62.31541980000001,77.56015,15.244730199999985,2,"sinr_bin_for_expected,rsrp_bin_for_expected,carrier_count_for_expected,serving_band_for_expected,rb_usage_bucket",all_valid_lte_dl_rows,rb_conditioned
Fair,Fair,2.0,1,,low_rb_usage,10.546586,4.280787999999999,6.844398301999999,200,8.7464953,12.934594149999995,4.188098849999996,2,"sinr_bin_for_expected,rsrp_bin_for_expected,carrier_count_for_expected,serving_band_for_expected,rb_usage_bucket",all_valid_lte_dl_rows,rb_conditioned
Fair,Fair,2.0,1,,medium_rb_usage,46.559525,31.802336,32.72022427186147,231,43.872444824999995,50.83727596249999,6.964831137499992,2,"sinr_bin_for_expected,rsrp_bin_for_expected,carrier_count_for_expected,serving_band_for_expected,rb_usage_bucket",all_valid_lte_dl_rows,rb_conditioned
Fair,Fair,2.0,28,,high_rb_usage,27.754448,18.58568,21.249561285714286,35,21.6676999875,37.3193883125,15.651688325000002,2,"sinr_bin_for_expected,rsrp_bin_for_expected,carrier_count_for_expected,serving_band_for_expected,rb_usage_bucket",all_valid_lte_dl_rows,rb_conditioned
Fair,Fair,2.0,28,,low_rb_usage,3.200018,1.66416,2.264255238095238,42,2.164691,3.883674,1.7189830000000001,2,"sinr_bin_for_expected,rsrp_bin_for_expected,carrier_count_for_expected,serving_band_for_expected,rb_usage_bucket",all_valid_lte_dl_rows,rb_conditioned
Fair,Fair,2.0,28,,medium_rb_usage,16.855828499999998,8.693024000000001,13.078138086956521,46,12.668248949999999,27.907582424999998,15.239333474999999,2,"sinr_bin_for_expected,rsrp_bin_for_expected,carrier_count_for_expected,serving_band_for_expected,rb_usage_bucket",all_valid_lte_dl_rows,rb_conditioned
Fair,Fair,2.0,3,,below_median_rb_usage,18.4104485,14.499888,14.30799221930502,259,17.6784817875,19.6492205,1.9707387124999975,2,"sinr_bin_for_expected,rsrp_bin_for_expected,carrier_count_for_expected,serving_band_for_expected,rb_usage_bucket",all_valid_lte_dl_rows,rb_conditioned
Fair,Fair,2.0,3,,high_rb_usage,49.46347875,38.04701,38.38843673780488,82,42.968314,60.51006201249998,17.54174801249998,2,"sinr_bin_for_expected,rsrp_bin_for_expected,carrier_count_for_expected,serving_band_for_expected,rb_usage_bucket",all_valid_lte_dl_rows,rb_conditioned
Fair,Fair,2.0,3,,low_rb_usage,9.961984,5.262688,6.422950733761468,109,7.345576,11.609624,4.264048,2,"sinr_bin_for_expected,rsrp_bin_for_expected,carrier_count_for_expected,serving_band_for_expected,rb_usage_bucket",all_valid_lte_dl_rows,rb_conditioned
Fair,Fair,2.0,3,,medium_rb_usage,32.0803415,25.180392,25.273233765306124,392,30.4561307125,33.302470306249994,2.8463395937499953,2,"sinr_bin_for_expected,rsrp_bin_for_expected,carrier_count_for_expected,serving_band_for_expected,rb_usage_bucket",all_valid_lte_dl_rows,rb_conditioned
Fair,Fair,2.0,41,,below_median_rb_usage,26.94862625,15.297152,18.28295000748663,374,24.69872418125,28.9502158375,4.25149165625,2,"sinr_bin_for_expected,rsrp_bin_for_expected,carrier_count_for_expected,serving_band_for_expected,rb_usage_bucket",all_valid_lte_dl_rows,rb_conditioned
Fair,Fair,2.0,41,,high_rb_usage,53.46001175,38.8632415,40.006906051838236,816,51.943812575,54.84950484999999,2.9056922749999856,2,"sinr_bin_for_expected,rsrp_bin_for_expected,carrier_count_for_expected,serving_band_for_expected,rb_usage_bucket",all_valid_lte_dl_rows,rb_conditioned
Fair,Fair,2.0,41,,low_rb_usage,10.543952,4.654296,6.931313242491586,309,8.6271176,12.302411599999997,3.6752939999999974,2,"sinr_bin_for_expected,rsrp_bin_for_expected,carrier_count_for_expected,serving_band_for_expected,rb_usage_bucket",all_valid_lte_dl_rows,rb_conditioned
Fair,Fair,2.0,41,,medium_rb_usage,40.2718825,24.491932,27.27600687005988,668,38.105705012499996,42.5604285,4.454723487500004,2,"sinr_bin_for_expected,rsrp_bin_for_expected,carrier_count_for_expected,serving_band_for_expected,rb_usage_bucket",all_valid_lte_dl_rows,rb_conditioned
Fair,Fair,3.0,1,,below_median_rb_usage,34.55428875,25.613869,24.111670450000002,30,28.534518256250003,37.18712268125,8.652604425,2,"sinr_bin_for_expected,rsrp_bin_for_expected,carrier_count_for_expected,serving_band_for_expected,rb_usage_bucket",all_valid_lte_dl_rows,rb_conditioned
Fair,Fair,3.0,1,,high_rb_usage,126.72887,103.60046,96.73493354022987,87,114.7912944375,136.91948962499998,22.128195187499983,2,"sinr_bin_for_expected,rsrp_bin_for_expected,carrier_count_for_expected,serving_band_for_expected,rb_usage_bucket",all_valid_lte_dl_rows,rb_conditioned
Fair,Fair,3.0,28,,high_rb_usage,156.82002,133.84724,119.91008534042554,47,144.2102155,168.717238375,24.50702287499999,2,"sinr_bin_for_expected,rsrp_bin_for_expected,carrier_count_for_expected,serving_band_for_expected,rb_usage_bucket",all_valid_lte_dl_rows,rb_conditioned
Fair,Good,1.0,1,,low_rb_usage,15.98312,12.09632,11.801775031958764,97,14.4725132,17.938528175,3.4660149749999984,2,"sinr_bin_for_expected,rsrp_bin_for_expected,carrier_count_for_expected,serving_band_for_expected,rb_usage_bucket",all_valid_lte_dl_rows,rb_conditioned
Fair,Good,1.0,28,,low_rb_usage,11.256032,4.744992,7.151824981479012,81,7.0658544,14.16404339999999,7.09818899999999,2,"sinr_bin_for_expected,rsrp_bin_for_expected,carrier_count_for_expected,serving_band_for_expected,rb_usage_bucket",all_valid_lte_dl_rows,rb_conditioned
Fair,Good,1.0,3,,below_median_rb_usage,44.94051,27.104748,30.9802565,32,32.3816493375,52.25769789375,19.876048556249998,2,"sinr_bin_for_expected,rsrp_bin_for_expected,carrier_count_for_expected,serving_band_for_expected,rb_usage_bucket",all_valid_lte_dl_rows,rb_conditioned
Fair,Good,1.0,3,,low_rb_usage,25.11497,16.6146605,18.618209200000003,30,20.029132037500002,32.16216275,12.133030712499998,2,"sinr_bin_for_expected,rsrp_bin_for_expected,carrier_count_for_expected,serving_band_for_expected,rb_usage_bucket",all_valid_lte_dl_rows,rb_conditioned
Fair,Good,1.0,41,,below_median_rb_usage,32.21953,26.258753,25.820179487012986,77,29.290615,33.401512749999995,4.110897749999996,2,"sinr_bin_for_expected,rsrp_bin_for_expected,carrier_count_for_expected,serving_band_for_expected,rb_usage_bucket",all_valid_lte_dl_rows,rb_conditioned
Fair,Good,1.0,41,,low_rb_usage,19.669912,12.4112,13.83890636787234,141,17.247141625,22.184840424999997,4.937698799999996,2,"sinr_bin_for_expected,rsrp_bin_for_expected,carrier_count_for_expected,serving_band_for_expected,rb_usage_bucket",all_valid_lte_dl_rows,rb_conditioned
Fair,Good,2.0,1,,below_median_rb_usage,25.2675835,15.363576,17.725349070229008,131,21.8626891,27.55998917499999,5.6973000749999905,2,"sinr_bin_for_expected,rsrp_bin_for_expected,carrier_count_for_expected,serving_band_for_expected,rb_usage_bucket",all_valid_lte_dl_rows,rb_conditioned
Fair,Good,2.0,1,,high_rb_usage,88.7379975,68.05795499999999,68.62151856730769,104,80.42040639375,98.56871375,18.14830735625,2,"sinr_bin_for_expected,rsrp_bin_for_expected,carrier_count_for_expected,serving_band_for_expected,rb_usage_bucket",all_valid_lte_dl_rows,rb_conditioned
Fair,Good,2.0,1,,low_rb_usage,13.463056,8.938048,9.92074699461828,93,11.830368,15.9911702,4.160802199999999,2,"sinr_bin_for_expected,rsrp_bin_for_expected,carrier_count_for_expected,serving_band_for_expected,rb_usage_bucket",all_valid_lte_dl_rows,rb_conditioned
Fair,Good,2.0,1,,medium_rb_usage,54.48361,37.895615,39.70828626086957,161,48.35483,57.643042925,9.288212925000003,2,"sinr_bin_for_expected,rsrp_bin_for_expected,carrier_count_for_expected,serving_band_for_expected,rb_usage_bucket",all_valid_lte_dl_rows,rb_conditioned
Fair,Good,2.0,28,,high_rb_usage,70.41693000000001,49.4167765,51.11399272222223,54,59.887623937499995,87.4370225,27.549398562500002,2,"sinr_bin_for_expected,rsrp_bin_for_expected,carrier_count_for_expected,serving_band_for_expected,rb_usage_bucket",all_valid_lte_dl_rows,rb_conditioned
Fair,Good,2.0,28,,medium_rb_usage,58.0321715,36.052895,34.99933870454545,44,43.697341375,64.972728,21.275386625000003,2,"sinr_bin_for_expected,rsrp_bin_for_expected,carrier_count_for_expected,serving_band_for_expected,rb_usage_bucket",all_valid_lte_dl_rows,rb_conditioned
Fair,Good,2.0,3,,below_median_rb_usage,27.218733999999998,19.4450595,21.004027016666665,90,24.710257,29.021973331249995,4.311716331249997,2,"sinr_bin_for_expected,rsrp_bin_for_expected,carrier_count_for_expected,serving_band_for_expected,rb_usage_bucket",all_valid_lte_dl_rows,rb_conditioned
Fair,Good,2.0,3,,high_rb_usage,71.9723615,56.7739675,59.80804797368421,114,66.398074675,78.40408,12.00600532499999,2,"sinr_bin_for_expected,rsrp_bin_for_expected,carrier_count_for_expected,serving_band_for_expected,rb_usage_bucket",all_valid_lte_dl_rows,rb_conditioned
Fair,Good,2.0,3,,low_rb_usage,11.450652,5.774352,7.792163413793103,58,7.54868,15.752945199999985,8.204265199999984,2,"sinr_bin_for_expected,rsrp_bin_for_expected,carrier_count_for_expected,serving_band_for_expected,rb_usage_bucket",all_valid_lte_dl_rows,rb_conditioned
Fair,Good,2.0,3,,medium_rb_usage,53.486081999999996,40.558799,41.37052513095238,84,45.022377,63.11806968749999,18.09569268749999,2,"sinr_bin_for_expected,rsrp_bin_for_expected,carrier_count_for_expected,serving_band_for_expected,rb_usage_bucket",all_valid_lte_dl_rows,rb_conditioned
Fair,Good,2.0,41,,below_median_rb_usage,29.366504,17.21532,19.86129718666667,210,23.84223830625,31.791759250000002,7.949520943750002,2,"sinr_bin_for_expected,rsrp_bin_for_expected,carrier_count_for_expected,serving_band_for_expected,rb_usage_bucket",all_valid_lte_dl_rows,rb_conditioned
Fair,Good,2.0,41,,high_rb_usage,60.0460375,46.376510999999994,48.646394845300264,766,57.511208637500005,62.7688759625,5.257667324999993,2,"sinr_bin_for_expected,rsrp_bin_for_expected,carrier_count_for_expected,serving_band_for_expected,rb_usage_bucket",all_valid_lte_dl_rows,rb_conditioned
Fair,Good,2.0,41,,low_rb_usage,11.753998,4.831156,7.463771026458823,170,9.300813,13.911748,4.610935,2,"sinr_bin_for_expected,rsrp_bin_for_expected,carrier_count_for_expected,serving_band_for_expected,rb_usage_bucket",all_valid_lte_dl_rows,rb_conditioned
Fair,Good,2.0,41,,medium_rb_usage,44.052619500000006,30.933136,34.32502833167496,603,42.3295456125,46.88387975,4.5543341375,2,"sinr_bin_for_expected,rsrp_bin_for_expected,carrier_count_for_expected,serving_band_for_expected,rb_usage_bucket",all_valid_lte_dl_rows,rb_conditioned
Fair,Good,3.0,1,,below_median_rb_usage,63.610912,53.418232,49.659413,61,57.634489224999996,66.66070674999999,9.026217524999993,2,"sinr_bin_for_expected,rsrp_bin_for_expected,carrier_count_for_expected,serving_band_for_expected,rb_usage_bucket",all_valid_lte_dl_rows,rb_conditioned
Fair,Good,3.0,1,,high_rb_usage,114.327955,93.01792499999999,95.82986,58,104.72158821875,127.87562224999994,23.154034031249935,2,"sinr_bin_for_expected,rsrp_bin_for_expected,carrier_count_for_expected,serving_band_for_expected,rb_usage_bucket",all_valid_lte_dl_rows,rb_conditioned
Fair,Good,3.0,1,,low_rb_usage,37.26419,28.190767,20.805420239363634,33,29.980553,45.04399,15.063437,2,"sinr_bin_for_expected,rsrp_bin_for_expected,carrier_count_for_expected,serving_band_for_expected,rb_usage_bucket",all_valid_lte_dl_rows,rb_conditioned
Fair,Good,3.0,1,,medium_rb_usage,80.52208,61.757286,61.77450651219512,41,68.54819,87.19873,18.650539999999992,2,"sinr_bin_for_expected,rsrp_bin_for_expected,carrier_count_for_expected,serving_band_for_expected,rb_usage_bucket",all_valid_lte_dl_rows,rb_conditioned
Fair,Excellent,1.0,41,,below_median_rb_usage,30.22730875,25.663908,26.29519540833333,60,28.168315849999995,35.89902085,7.730705000000004,2,"sinr_bin_for_expected,rsrp_bin_for_expected,carrier_count_for_expected,serving_band_for_expected,rb_usage_bucket",all_valid_lte_dl_rows,rb_conditioned
Fair,Excellent,1.0,41,,low_rb_usage,14.423232,9.452648,9.846007123076923,65,11.9148164,17.6890082,5.7741918000000005,2,"sinr_bin_for_expected,rsrp_bin_for_expected,carrier_count_for_expected,serving_band_for_expected,rb_usage_bucket",all_valid_lte_dl_rows,rb_conditioned
Fair,Excellent,2.0,1,,high_rb_usage,108.61037,85.23494,83.54945467924527,53,94.7372155,120.8346385,26.097422999999992,2,"sinr_bin_for_expected,rsrp_bin_for_expected,carrier_count_for_expected,serving_band_for_expected,rb_usage_bucket",all_valid_lte_dl_rows,rb_conditioned
Fair,Excellent,2.0,1,,medium_rb_usage,76.201385,42.562927,49.55748450943396,53,58.79152145,81.83075974999997,23.039238299999973,2,"sinr_bin_for_expected,rsrp_bin_for_expected,carrier_count_for_expected,serving_band_for_expected,rb_usage_bucket",all_valid_lte_dl_rows,rb_conditioned
Fair,Excellent,2.0,3,,below_median_rb_usage,36.234447,19.36688,24.71957281081081,37,20.37932,46.376865,25.997545000000002,2,"sinr_bin_for_expected,rsrp_bin_for_expected,carrier_count_for_expected,serving_band_for_expected,rb_usage_bucket",all_valid_lte_dl_rows,rb_conditioned
Fair,Excellent,2.0,3,,high_rb_usage,90.59959,66.7446475,71.83503168,50,71.5582,106.49812771249994,34.93992771249994,2,"sinr_bin_for_expected,rsrp_bin_for_expected,carrier_count_for_expected,serving_band_for_expected,rb_usage_bucket",all_valid_lte_dl_rows,rb_conditioned
Fair,Excellent,2.0,3,,medium_rb_usage,58.78320125,46.108523000000005,47.97016832758621,58,54.109993037500004,63.32015661874999,9.210163581249986,2,"sinr_bin_for_expected,rsrp_bin_for_expected,carrier_count_for_expected,serving_band_for_expected,rb_usage_bucket",all_valid_lte_dl_rows,rb_conditioned
Fair,Excellent,2.0,41,,below_median_rb_usage,40.20757,24.190449,25.66859185849057,53,29.4759846,45.61246324999999,16.13647864999999,2,"sinr_bin_for_expected,rsrp_bin_for_expected,carrier_count_for_expected,serving_band_for_expected,rb_usage_bucket",all_valid_lte_dl_rows,rb_conditioned
Fair,Excellent,2.0,41,,high_rb_usage,82.339065,58.699285,61.917034659722226,144,71.3960411875,90.5418215,19.145780312499994,2,"sinr_bin_for_expected,rsrp_bin_for_expected,carrier_count_for_expected,serving_band_for_expected,rb_usage_bucket",all_valid_lte_dl_rows,rb_conditioned
Fair,Excellent,2.0,41,,low_rb_usage,12.910804,5.385084,9.12878768125,32,6.870788,19.72233103124999,12.851543031249989,2,"sinr_bin_for_expected,rsrp_bin_for_expected,carrier_count_for_expected,serving_band_for_expected,rb_usage_bucket",all_valid_lte_dl_rows,rb_conditioned
Fair,Excellent,2.0,41,,medium_rb_usage,61.48465,40.152695,42.79089373471075,121,53.613216075000004,69.4171865,15.803970424999996,2,"sinr_bin_for_expected,rsrp_bin_for_expected,carrier_count_for_expected,serving_band_for_expected,rb_usage_bucket",all_valid_lte_dl_rows,rb_conditioned
Good,Fair,1.0,1,,below_median_rb_usage,63.088856,43.968426,48.59375732432432,37,51.831848349999994,69.27047,17.43862165000001,2,"sinr_bin_for_expected,rsrp_bin_for_expected,carrier_count_for_expected,serving_band_for_expected,rb_usage_bucket",all_valid_lte_dl_rows,rb_conditioned
Good,Fair,1.0,1,,low_rb_usage,28.012675,20.661848,19.785050925373135,67,23.260130925000002,30.452805799999993,7.192674874999991,2,"sinr_bin_for_expected,rsrp_bin_for_expected,carrier_count_for_expected,serving_band_for_expected,rb_usage_bucket",all_valid_lte_dl_rows,rb_conditioned
Good,Fair,1.0,3,,below_median_rb_usage,41.65546325,32.282323500000004,34.089839852941175,34,38.77947805625,48.53923,9.759751943750004,2,"sinr_bin_for_expected,rsrp_bin_for_expected,carrier_count_for_expected,serving_band_for_expected,rb_usage_bucket",all_valid_lte_dl_rows,rb_conditioned
Good,Fair,1.0,41,,below_median_rb_usage,41.602777,32.6206515,33.52146135912698,504,39.602979562499996,42.8477189125,3.2447393500000032,2,"sinr_bin_for_expected,rsrp_bin_for_expected,carrier_count_for_expected,serving_band_for_expected,rb_usage_bucket",all_valid_lte_dl_rows,rb_conditioned
Good,Fair,1.0,41,,low_rb_usage,21.88878475,13.760504000000001,14.38268743431484,438,20.11878490625,22.916883125000002,2.7980982187500025,2,"sinr_bin_for_expected,rsrp_bin_for_expected,carrier_count_for_expected,serving_band_for_expected,rb_usage_bucket",all_valid_lte_dl_rows,rb_conditioned
Good,Fair,2.0,1,,below_median_rb_usage,36.236223499999994,25.198776,27.58925352238806,67,32.7110185875,41.044495,8.333476412499998,2,"sinr_bin_for_expected,rsrp_bin_for_expected,carrier_count_for_expected,serving_band_for_expected,rb_usage_bucket",all_valid_lte_dl_rows,rb_conditioned
Good,Fair,2.0,1,,high_rb_usage,120.097985,101.83814,103.12125003174603,63,112.587525,122.803883375,10.216358374999999,2,"sinr_bin_for_expected,rsrp_bin_for_expected,carrier_count_for_expected,serving_band_for_expected,rb_usage_bucket",all_valid_lte_dl_rows,rb_conditioned
Good,Fair,2.0,1,,low_rb_usage,17.72819425,11.377016000000001,12.542622267857142,56,14.3430915,19.273664931249996,4.9305734312499965,2,"sinr_bin_for_expected,rsrp_bin_for_expected,carrier_count_for_expected,serving_band_for_expected,rb_usage_bucket",all_valid_lte_dl_rows,rb_conditioned
Good,Fair,2.0,1,,medium_rb_usage,79.68191250000001,60.53264,60.56983777464789,71,70.82029925,83.71001,12.889710749999992,2,"sinr_bin_for_expected,rsrp_bin_for_expected,carrier_count_for_expected,serving_band_for_expected,rb_usage_bucket",all_valid_lte_dl_rows,rb_conditioned
Good,Fair,2.0,3,,medium_rb_usage,62.6605545,52.635095500000006,52.53453644117647,34,59.38385481875,72.81321606249998,13.429361243749973,2,"sinr_bin_for_expected,rsrp_bin_for_expected,carrier_count_for_expected,serving_band_for_expected,rb_usage_bucket",all_valid_lte_dl_rows,rb_conditioned
Good,Fair,2.0,41,,below_median_rb_usage,38.9160195,25.905296,28.01530126089686,223,34.6457038,42.0029939,7.3572901,2,"sinr_bin_for_expected,rsrp_bin_for_expected,carrier_count_for_expected,serving_band_for_expected,rb_usage_bucket",all_valid_lte_dl_rows,rb_conditioned
Good,Fair,2.0,41,,high_rb_usage,76.84487625,58.9330715,58.88238887898936,376,73.1735870625,79.90057089999999,6.726983837499986,2,"sinr_bin_for_expected,rsrp_bin_for_expected,carrier_count_for_expected,serving_band_for_expected,rb_usage_bucket",all_valid_lte_dl_rows,rb_conditioned
Good,Fair,2.0,41,,low_rb_usage,19.254004000000002,10.323384,12.500670555118111,127,16.06756,24.838736,8.771176,2,"sinr_bin_for_expected,rsrp_bin_for_expected,carrier_count_for_expected,serving_band_for_expected,rb_usage_bucket",all_valid_lte_dl_rows,rb_conditioned
Good,Fair,2.0,41,,medium_rb_usage,58.953508,39.6115455,44.38725007227488,422,55.701264775,62.20335328749999,6.502088512499995,2,"sinr_bin_for_expected,rsrp_bin_for_expected,carrier_count_for_expected,serving_band_for_expected,rb_usage_bucket",all_valid_lte_dl_rows,rb_conditioned
Good,Fair,3.0,1,,high_rb_usage,185.383425,153.05385,152.34866071428573,35,167.65220499999998,195.41967825,27.767473250000023,2,"sinr_bin_for_expected,rsrp_bin_for_expected,carrier_count_for_expected,serving_band_for_expected,rb_usage_bucket",all_valid_lte_dl_rows,rb_conditioned
Good,Good,1.0,1,,low_rb_usage,26.732304,12.58464,18.268180931506848,73,18.896969,33.315275275,14.418306274999999,2,"sinr_bin_for_expected,rsrp_bin_for_expected,carrier_count_for_expected,serving_band_for_expected,rb_usage_bucket",all_valid_lte_dl_rows,rb_conditioned
Good,Good,1.0,3,,below_median_rb_usage,60.821321000000005,49.269487999999996,50.06251840625,32,54.1318267625,75.64278009375,21.510953331250008,2,"sinr_bin_for_expected,rsrp_bin_for_expected,carrier_count_for_expected,serving_band_for_expected,rb_usage_bucket",all_valid_lte_dl_rows,rb_conditioned
Good,Good,1.0,3,,low_rb_usage,28.8562,19.767263,18.87249768619608,51,24.3610868125,36.01291614999999,11.651829337499986,2,"sinr_bin_for_expected,rsrp_bin_for_expected,carrier_count_for_expected,serving_band_for_expected,rb_usage_bucket",all_valid_lte_dl_rows,rb_conditioned
Good,Good,1.0,41,,below_median_rb_usage,47.72112,35.911255,36.949041848,125,44.383526200000006,50.59333714999999,6.209810949999984,2,"sinr_bin_for_expected,rsrp_bin_for_expected,carrier_count_for_expected,serving_band_for_expected,rb_usage_bucket",all_valid_lte_dl_rows,rb_conditioned
Good,Good,1.0,41,,low_rb_usage,23.841771,14.84571175,16.822970414814815,162,22.324604475,28.623075725,6.298471249999999,2,"sinr_bin_for_expected,rsrp_bin_for_expected,carrier_count_for_expected,serving_band_for_expected,rb_usage_bucket",all_valid_lte_dl_rows,rb_conditioned
Good,Good,2.0,1,,below_median_rb_usage,43.0768315,27.2674795,30.84321908471698,106,34.3847041625,47.918938,13.534233837499997,2,"sinr_bin_for_expected,rsrp_bin_for_expected,carrier_count_for_expected,serving_band_for_expected,rb_usage_bucket",all_valid_lte_dl_rows,rb_conditioned
Good,Good,2.0,1,,high_rb_usage,112.26096,92.52881,97.41020835555555,45,105.65625,122.01132999999996,16.35507999999996,2,"sinr_bin_for_expected,rsrp_bin_for_expected,carrier_count_for_expected,serving_band_for_expected,rb_usage_bucket",all_valid_lte_dl_rows,rb_conditioned
Good,Good,2.0,1,,low_rb_usage,20.020512,11.796768,15.257734569230768,65,18.085196999999997,21.400047,3.3148500000000034,2,"sinr_bin_for_expected,rsrp_bin_for_expected,carrier_count_for_expected,serving_band_for_expected,rb_usage_bucket",all_valid_lte_dl_rows,rb_conditioned
Good,Good,2.0,1,,medium_rb_usage,80.41202,61.961552499999996,63.51118661627907,172,74.4605,86.665607,12.205106999999998,2,"sinr_bin_for_expected,rsrp_bin_for_expected,carrier_count_for_expected,serving_band_for_expected,rb_usage_bucket",all_valid_lte_dl_rows,rb_conditioned
Good,Good,2.0,3,,below_median_rb_usage,50.5097795,37.910382999999996,36.72545331916667,120,48.237039225,53.712632031249996,5.475592806249999,2,"sinr_bin_for_expected,rsrp_bin_for_expected,carrier_count_for_expected,serving_band_for_expected,rb_usage_bucket",all_valid_lte_dl_rows,rb_conditioned
Good,Good,2.0,3,,high_rb_usage,101.60060999999999,85.08517,89.01527616296296,135,93.289828375,110.7155441875,17.425715812500002,2,"sinr_bin_for_expected,rsrp_bin_for_expected,carrier_count_for_expected,serving_band_for_expected,rb_usage_bucket",all_valid_lte_dl_rows,rb_conditioned
Good,Good,2.0,3,,low_rb_usage,19.921770249999998,14.121276,14.796155963888888,72,18.04707018125,23.492598881249997,5.445528699999997,2,"sinr_bin_for_expected,rsrp_bin_for_expected,carrier_count_for_expected,serving_band_for_expected,rb_usage_bucket",all_valid_lte_dl_rows,rb_conditioned
Good,Good,2.0,3,,medium_rb_usage,76.006714,52.745777,58.03739367901235,81,67.2545245,89.7260269,22.47150239999999,2,"sinr_bin_for_expected,rsrp_bin_for_expected,carrier_count_for_expected,serving_band_for_expected,rb_usage_bucket",all_valid_lte_dl_rows,rb_conditioned
Good,Good,2.0,41,,below_median_rb_usage,45.82219825,26.129696000000003,31.906693038679244,318,41.253087199999996,50.66843288749998,9.415345687499986,2,"sinr_bin_for_expected,rsrp_bin_for_expected,carrier_count_for_expected,serving_band_for_expected,rb_usage_bucket",all_valid_lte_dl_rows,rb_conditioned
Good,Good,2.0,41,,high_rb_usage,86.23670125000001,69.43609000000001,71.46399290746268,670,83.1953050875,90.0442608125,6.848955724999996,2,"sinr_bin_for_expected,rsrp_bin_for_expected,carrier_count_for_expected,serving_band_for_expected,rb_usage_bucket",all_valid_lte_dl_rows,rb_conditioned
Good,Good,2.0,41,,low_rb_usage,22.27708,9.8430395,13.161796433157894,285,18.5333408,24.7302526,6.196911799999999,2,"sinr_bin_for_expected,rsrp_bin_for_expected,carrier_count_for_expected,serving_band_for_expected,rb_usage_bucket",all_valid_lte_dl_rows,rb_conditioned
Good,Good,2.0,41,,medium_rb_usage,70.25589,49.178818,53.55419789927405,551,65.55986337499999,74.635707125,9.075843750000004,2,"sinr_bin_for_expected,rsrp_bin_for_expected,carrier_count_for_expected,serving_band_for_expected,rb_usage_bucket",all_valid_lte_dl_rows,rb_conditioned
Good,Good,3.0,1,,high_rb_usage,189.51794,164.74995,159.74397793877552,49,173.61104,196.68399,23.07294999999999,2,"sinr_bin_for_expected,rsrp_bin_for_expected,carrier_count_for_expected,serving_band_for_expected,rb_usage_bucket",all_valid_lte_dl_rows,rb_conditioned
Good,Excellent,1.0,41,,below_median_rb_usage,50.1003625,43.53944,42.46211443661972,71,48.1427615,54.36961659999999,6.2268550999999945,2,"sinr_bin_for_expected,rsrp_bin_for_expected,carrier_count_for_expected,serving_band_for_expected,rb_usage_bucket",all_valid_lte_dl_rows,rb_conditioned
Good,Excellent,1.0,41,,low_rb_usage,27.8817595,17.756056,19.919190461674006,227,24.813656,29.887835787499995,5.074179787499993,2,"sinr_bin_for_expected,rsrp_bin_for_expected,carrier_count_for_expected,serving_band_for_expected,rb_usage_bucket",all_valid_lte_dl_rows,rb_conditioned
Good,Excellent,2.0,1,,below_median_rb_usage,51.93460275,39.14231,39.919474739130436,92,46.6476679,54.52738655624999,7.879718656249992,2,"sinr_bin_for_expected,rsrp_bin_for_expected,carrier_count_for_expected,serving_band_for_expected,rb_usage_bucket",all_valid_lte_dl_rows,rb_conditioned
Good,Excellent,2.0,1,,high_rb_usage,146.78557,129.94717,126.97842831999999,75,138.172849,150.146833,11.973983999999973,2,"sinr_bin_for_expected,rsrp_bin_for_expected,carrier_count_for_expected,serving_band_for_expected,rb_usage_bucket",all_valid_lte_dl_rows,rb_conditioned
Good,Excellent,2.0,1,,medium_rb_usage,90.88073,70.74901,71.28464824427482,131,83.81778367499999,96.77090362499999,12.953119950000001,2,"sinr_bin_for_expected,rsrp_bin_for_expected,carrier_count_for_expected,serving_band_for_expected,rb_usage_bucket",all_valid_lte_dl_rows,rb_conditioned
Good,Excellent,2.0,28,,high_rb_usage,125.29992250000001,105.4299575,104.34968623529413,34,118.82967256250001,132.37656,13.546887437500004,2,"sinr_bin_for_expected,rsrp_bin_for_expected,carrier_count_for_expected,serving_band_for_expected,rb_usage_bucket",all_valid_lte_dl_rows,rb_conditioned
Good,Excellent,2.0,3,,below_median_rb_usage,60.1183105,47.4362075,47.32289375,84,54.0419534,75.37110006249999,21.329146662499994,2,"sinr_bin_for_expected,rsrp_bin_for_expected,carrier_count_for_expected,serving_band_for_expected,rb_usage_bucket",all_valid_lte_dl_rows,rb_conditioned
Good,Excellent,2.0,3,,high_rb_usage,123.06184,94.72697,99.51162281208053,149,115.56375675,131.17719,15.61343325,2,"sinr_bin_for_expected,rsrp_bin_for_expected,carrier_count_for_expected,serving_band_for_expected,rb_usage_bucket",all_valid_lte_dl_rows,rb_conditioned
Good,Excellent,2.0,3,,low_rb_usage,22.22334,2.035288,11.6051306857,35,8.4669913,35.416728824999964,26.949737524999964,2,"sinr_bin_for_expected,rsrp_bin_for_expected,carrier_count_for_expected,serving_band_for_expected,rb_usage_bucket",all_valid_lte_dl_rows,rb_conditioned
Good,Excellent,2.0,3,,medium_rb_usage,108.6966925,84.71070499999999,81.24642356206895,174,100.10925982500001,115.27598165625,15.166721831249987,2,"sinr_bin_for_expected,rsrp_bin_for_expected,carrier_count_for_expected,serving_band_for_expected,rb_usage_bucket",all_valid_lte_dl_rows,rb_conditioned
Good,Excellent,2.0,41,,below_median_rb_usage,61.01100225,41.1574285,40.714169732258064,124,55.565873081250004,65.75181356249998,10.185940481249972,2,"sinr_bin_for_expected,rsrp_bin_for_expected,carrier_count_for_expected,serving_band_for_expected,rb_usage_bucket",all_valid_lte_dl_rows,rb_conditioned
Good,Excellent,2.0,41,,high_rb_usage,110.128035,84.27238,86.46553765994237,347,106.07156775,116.30074,10.229172250000005,2,"sinr_bin_for_expected,rsrp_bin_for_expected,carrier_count_for_expected,serving_band_for_expected,rb_usage_bucket",all_valid_lte_dl_rows,rb_conditioned
Good,Excellent,2.0,41,,low_rb_usage,20.3828275,8.74736,13.714445192263735,91,16.5278994,27.338576387499987,10.810676987499988,2,"sinr_bin_for_expected,rsrp_bin_for_expected,carrier_count_for_expected,serving_band_for_expected,rb_usage_bucket",all_valid_lte_dl_rows,rb_conditioned
Good,Excellent,2.0,41,,medium_rb_usage,84.99934,64.20102,65.8715406921922,333,79.78823,88.36244199999999,8.574211999999989,2,"sinr_bin_for_expected,rsrp_bin_for_expected,carrier_count_for_expected,serving_band_for_expected,rb_usage_bucket",all_valid_lte_dl_rows,rb_conditioned
Excellent,Fair,1.0,41,,below_median_rb_usage,64.50082375,52.7451475,53.01034487956204,274,61.4687181,68.387784375,6.919066274999999,2,"sinr_bin_for_expected,rsrp_bin_for_expected,carrier_count_for_expected,serving_band_for_expected,rb_usage_bucket",all_valid_lte_dl_rows,rb_conditioned
Excellent,Fair,1.0,41,,low_rb_usage,35.9064435,26.452016,25.31695843597561,164,33.99971870625,40.89889814374999,6.899179437499988,2,"sinr_bin_for_expected,rsrp_bin_for_expected,carrier_count_for_expected,serving_band_for_expected,rb_usage_bucket",all_valid_lte_dl_rows,rb_conditioned
Excellent,Fair,2.0,41,,below_median_rb_usage,47.5854,34.454273,34.57330120168067,119,41.215973999999996,51.252968599999996,10.0369946,2,"sinr_bin_for_expected,rsrp_bin_for_expected,carrier_count_for_expected,serving_band_for_expected,rb_usage_bucket",all_valid_lte_dl_rows,rb_conditioned
Excellent,Fair,2.0,41,,high_rb_usage,114.960053,91.374145,91.76933883884297,242,110.53340718749999,118.94537358125,8.411966393750006,2,"sinr_bin_for_expected,rsrp_bin_for_expected,carrier_count_for_expected,serving_band_for_expected,rb_usage_bucket",all_valid_lte_dl_rows,rb_conditioned
Excellent,Fair,2.0,41,,low_rb_usage,28.2040005,12.134984,15.1008938,55,17.298745225,35.1098845875,17.811139362499997,2,"sinr_bin_for_expected,rsrp_bin_for_expected,carrier_count_for_expected,serving_band_for_expected,rb_usage_bucket",all_valid_lte_dl_rows,rb_conditioned
Excellent,Fair,2.0,41,,medium_rb_usage,78.707184,62.928024,63.534357951020404,245,76.47548,83.5724505,7.096970499999998,2,"sinr_bin_for_expected,rsrp_bin_for_expected,carrier_count_for_expected,serving_band_for_expected,rb_usage_bucket",all_valid_lte_dl_rows,rb_conditioned
Excellent,Good,1.0,41,,below_median_rb_usage,69.7739425,51.9656275,54.837788753333335,300,65.20152763125,73.45340974999998,8.251882118749975,2,"sinr_bin_for_expected,rsrp_bin_for_expected,carrier_count_for_expected,serving_band_for_expected,rb_usage_bucket",all_valid_lte_dl_rows,rb_conditioned
Excellent,Good,1.0,41,,low_rb_usage,42.12632,27.291985,28.80454675095057,263,38.937009375,44.9631528875,6.026143512499999,2,"sinr_bin_for_expected,rsrp_bin_for_expected,carrier_count_for_expected,serving_band_for_expected,rb_usage_bucket",all_valid_lte_dl_rows,rb_conditioned
Excellent,Good,2.0,1,,below_median_rb_usage,56.22632025,37.7973955,42.76277162833333,60,47.695723699999995,72.6546596875,24.958935987500006,2,"sinr_bin_for_expected,rsrp_bin_for_expected,carrier_count_for_expected,serving_band_for_expected,rb_usage_bucket",all_valid_lte_dl_rows,rb_conditioned
Excellent,Good,2.0,1,,high_rb_usage,211.42659,173.8505,172.9665649139785,93,191.19633349999998,224.36774,33.17140650000002,2,"sinr_bin_for_expected,rsrp_bin_for_expected,carrier_count_for_expected,serving_band_for_expected,rb_usage_bucket",all_valid_lte_dl_rows,rb_conditioned
Excellent,Good,2.0,1,,low_rb_usage,49.662574500000005,30.2221805,28.966593500000002,34,33.03502715625,52.5244097125,19.48938255625,2,"sinr_bin_for_expected,rsrp_bin_for_expected,carrier_count_for_expected,serving_band_for_expected,rb_usage_bucket",all_valid_lte_dl_rows,rb_conditioned
Excellent,Good,2.0,1,,medium_rb_usage,115.79347999999999,95.68184,96.01740948543689,103,110.704695625,121.6589155,10.954219875000007,2,"sinr_bin_for_expected,rsrp_bin_for_expected,carrier_count_for_expected,serving_band_for_expected,rb_usage_bucket",all_valid_lte_dl_rows,rb_conditioned
Excellent,Good,2.0,3,,high_rb_usage,158.8554775,139.13284,138.51809775,32,152.073967875,167.1531975,15.07922962500001,2,"sinr_bin_for_expected,rsrp_bin_for_expected,carrier_count_for_expected,serving_band_for_expected,rb_usage_bucket",all_valid_lte_dl_rows,rb_conditioned
Excellent,Good,2.0,3,,medium_rb_usage,102.526375,75.40771,77.47485245098039,51,89.483040125,113.87256932499999,24.389529199999984,2,"sinr_bin_for_expected,rsrp_bin_for_expected,carrier_count_for_expected,serving_band_for_expected,rb_usage_bucket",all_valid_lte_dl_rows,rb_conditioned
Excellent,Good,2.0,41,,below_median_rb_usage,70.95042,52.905487,51.88489721447721,373,66.81570462500001,73.95814962499999,7.142444999999981,2,"sinr_bin_for_expected,rsrp_bin_for_expected,carrier_count_for_expected,serving_band_for_expected,rb_usage_bucket",all_valid_lte_dl_rows,rb_conditioned
Excellent,Good,2.0,41,,high_rb_usage,132.3352875,108.91995,107.60758068042227,1042,130.0407938125,134.68079625,4.640002437499987,2,"sinr_bin_for_expected,rsrp_bin_for_expected,carrier_count_for_expected,serving_band_for_expected,rb_usage_bucket",all_valid_lte_dl_rows,rb_conditioned
Excellent,Good,2.0,41,,low_rb_usage,35.6308505,18.3854845,20.867585563503653,274,31.20659241875,39.610946750000004,8.404354331250005,2,"sinr_bin_for_expected,rsrp_bin_for_expected,carrier_count_for_expected,serving_band_for_expected,rb_usage_bucket",all_valid_lte_dl_rows,rb_conditioned
Excellent,Good,2.0,41,,medium_rb_usage,99.57077874999999,76.78218,77.29772969392033,954,96.39170843750001,101.4275423125,5.03583387499998,2,"sinr_bin_for_expected,rsrp_bin_for_expected,carrier_count_for_expected,serving_band_for_expected,rb_usage_bucket",all_valid_lte_dl_rows,rb_conditioned
Excellent,Good,3.0,1,,high_rb_usage,203.8026,179.94537,182.55296,33,191.50044,218.18617,26.685730000000007,2,"sinr_bin_for_expected,rsrp_bin_for_expected,carrier_count_for_expected,serving_band_for_expected,rb_usage_bucket",all_valid_lte_dl_rows,rb_conditioned
Excellent,Excellent,1.0,1,,below_median_rb_usage,106.49044,87.26784,94.05268173529412,34,100.67925340625,121.30795,20.628696593750007,2,"sinr_bin_for_expected,rsrp_bin_for_expected,carrier_count_for_expected,serving_band_for_expected,rb_usage_bucket",all_valid_lte_dl_rows,rb_conditioned
Excellent,Excellent,1.0,1,,low_rb_usage,57.374607,41.653854,44.11667996491228,57,54.814415,60.561512,5.747097000000004,2,"sinr_bin_for_expected,rsrp_bin_for_expected,carrier_count_for_expected,serving_band_for_expected,rb_usage_bucket",all_valid_lte_dl_rows,rb_conditioned
Excellent,Excellent,1.0,41,,below_median_rb_usage,66.87439,55.60816,55.66487376905371,391,64.62286,68.45657087500001,3.8337108750000084,2,"sinr_bin_for_expected,rsrp_bin_for_expected,carrier_count_for_expected,serving_band_for_expected,rb_usage_bucket",all_valid_lte_dl_rows,rb_conditioned
Excellent,Excellent,1.0,41,,low_rb_usage,34.31713175,20.384332,23.883306461369486,1088,32.268320706249995,35.428899825,3.1605791187500074,2,"sinr_bin_for_expected,rsrp_bin_for_expected,carrier_count_for_expected,serving_band_for_expected,rb_usage_bucket",all_valid_lte_dl_rows,rb_conditioned
Excellent,Excellent,2.0,1,,below_median_rb_usage,67.93739,52.031185,55.23206227433628,113,61.38951935,82.19284249999998,20.803323149999983,2,"sinr_bin_for_expected,rsrp_bin_for_expected,carrier_count_for_expected,serving_band_for_expected,rb_usage_bucket",all_valid_lte_dl_rows,rb_conditioned
Excellent,Excellent,2.0,1,,high_rb_usage,217.23352,185.5529,177.74830989830508,177,210.17469025,227.97764775000002,17.80295750000002,2,"sinr_bin_for_expected,rsrp_bin_for_expected,carrier_count_for_expected,serving_band_for_expected,rb_usage_bucket",all_valid_lte_dl_rows,rb_conditioned
Excellent,Excellent,2.0,1,,low_rb_usage,38.93844175,28.4022795,27.5658060625,32,35.0244004375,47.780138,12.755737562500002,2,"sinr_bin_for_expected,rsrp_bin_for_expected,carrier_count_for_expected,serving_band_for_expected,rb_usage_bucket",all_valid_lte_dl_rows,rb_conditioned
Excellent,Excellent,2.0,1,,medium_rb_usage,117.61568,93.25408,95.17764006417111,187,112.38260647499999,122.13189512499999,9.749288649999997,2,"sinr_bin_for_expected,rsrp_bin_for_expected,carrier_count_for_expected,serving_band_for_expected,rb_usage_bucket",all_valid_lte_dl_rows,rb_conditioned
Excellent,Excellent,2.0,28,,below_median_rb_usage,50.039375,35.856182,37.913279606060605,33,38.094345,58.512357649999984,20.418012649999987,2,"sinr_bin_for_expected,rsrp_bin_for_expected,carrier_count_for_expected,serving_band_for_expected,rb_usage_bucket",all_valid_lte_dl_rows,rb_conditioned
Excellent,Excellent,2.0,28,,high_rb_usage,165.75754,149.5927,146.61023246341463,41,154.27655,171.51695,17.240400000000022,2,"sinr_bin_for_expected,rsrp_bin_for_expected,carrier_count_for_expected,serving_band_for_expected,rb_usage_bucket",all_valid_lte_dl_rows,rb_conditioned
Excellent,Excellent,2.0,28,,medium_rb_usage,136.39436,119.32652,117.14213840449437,89,132.06062,140.34901,8.288389999999993,2,"sinr_bin_for_expected,rsrp_bin_for_expected,carrier_count_for_expected,serving_band_for_expected,rb_usage_bucket",all_valid_lte_dl_rows,rb_conditioned
Excellent,Excellent,2.0,3,,below_median_rb_usage,106.849585,80.8126,80.32664243832599,227,100.969905,111.76923,10.799324999999996,2,"sinr_bin_for_expected,rsrp_bin_for_expected,carrier_count_for_expected,serving_band_for_expected,rb_usage_bucket",all_valid_lte_dl_rows,rb_conditioned
Excellent,Excellent,2.0,3,,high_rb_usage,173.9707375,148.33873499999999,151.86185335632183,174,164.29162975,180.5426199375,16.25099018750001,2,"sinr_bin_for_expected,rsrp_bin_for_expected,carrier_count_for_expected,serving_band_for_expected,rb_usage_bucket",all_valid_lte_dl_rows,rb_conditioned
Excellent,Excellent,2.0,3,,low_rb_usage,34.23432,19.88008,23.391800592213592,103,29.319885,39.863028449999995,10.543143449999995,2,"sinr_bin_for_expected,rsrp_bin_for_expected,carrier_count_for_expected,serving_band_for_expected,rb_usage_bucket",all_valid_lte_dl_rows,rb_conditioned
Excellent,Excellent,2.0,3,,medium_rb_usage,136.32124,108.81352,107.60021597508651,289,131.59288575,139.439947,7.847061249999996,2,"sinr_bin_for_expected,rsrp_bin_for_expected,carrier_count_for_expected,serving_band_for_expected,rb_usage_bucket",all_valid_lte_dl_rows,rb_conditioned
Excellent,Excellent,2.0,41,,below_median_rb_usage,75.1686325,49.726379,52.623379922,500,70.4024510875,78.254439925,7.851988837500002,2,"sinr_bin_for_expected,rsrp_bin_for_expected,carrier_count_for_expected,serving_band_for_expected,rb_usage_bucket",all_valid_lte_dl_rows,rb_conditioned
Excellent,Excellent,2.0,41,,high_rb_usage,139.394385,116.63709,115.2108906758327,1291,137.722848,141.346809125,3.623961124999994,2,"sinr_bin_for_expected,rsrp_bin_for_expected,carrier_count_for_expected,serving_band_for_expected,rb_usage_bucket",all_valid_lte_dl_rows,rb_conditioned
Excellent,Excellent,2.0,41,,low_rb_usage,32.63897925,5.4382079999999995,17.40058843840174,402,29.147608418750004,35.71843174999999,6.57082333124999,2,"sinr_bin_for_expected,rsrp_bin_for_expected,carrier_count_for_expected,serving_band_for_expected,rb_usage_bucket",all_valid_lte_dl_rows,rb_conditioned
Excellent,Excellent,2.0,41,,medium_rb_usage,106.84568,82.71893,83.35845748946957,1282,104.355403325,110.55512674999999,6.199723424999988,2,"sinr_bin_for_expected,rsrp_bin_for_expected,carrier_count_for_expected,serving_band_for_expected,rb_usage_bucket",all_valid_lte_dl_rows,rb_conditioned
Excellent,Excellent,3.0,1,,high_rb_usage,227.81928,201.04903,201.6816144516129,155,217.81570587500002,236.66110625,18.84540037499997,2,"sinr_bin_for_expected,rsrp_bin_for_expected,carrier_count_for_expected,serving_band_for_expected,rb_usage_bucket",all_valid_lte_dl_rows,rb_conditioned
Excellent,Excellent,3.0,28,,high_rb_usage,171.62932,130.15375,134.59088795081965,61,143.54341,185.24176,41.698350000000005,2,"sinr_bin_for_expected,rsrp_bin_for_expected,carrier_count_for_expected,serving_band_for_expected,rb_usage_bucket",all_valid_lte_dl_rows,rb_conditioned
Excellent,Excellent,3.0,28,,medium_rb_usage,133.35666750000001,117.497075,115.181084625,32,119.36715625000001,145.87509474999996,26.507938499999952,2,"sinr_bin_for_expected,rsrp_bin_for_expected,carrier_count_for_expected,serving_band_for_expected,rb_usage_bucket",all_valid_lte_dl_rows,rb_conditioned
Excellent,Excellent,3.0,3,,below_median_rb_usage,113.38664625000001,96.49783500000001,97.98458035294118,34,96.99589,121.79174793749999,24.79585793749999,2,"sinr_bin_for_expected,rsrp_bin_for_expected,carrier_count_for_expected,serving_band_for_expected,rb_usage_bucket",all_valid_lte_dl_rows,rb_conditioned
Excellent,Excellent,3.0,3,,medium_rb_usage,149.7185175,132.682235,134.40335286842105,38,142.58377787499998,159.13959899999998,16.555821124999994,2,"sinr_bin_for_expected,rsrp_bin_for_expected,carrier_count_for_expected,serving_band_for_expected,rb_usage_bucket",all_valid_lte_dl_rows,rb_conditioned
Poor,Poor,1.0,,,low_rb_usage,0.896136,0.278984,1.1161574318867924,53,0.392368,2.9245897999999992,2.5322217999999994,3,"sinr_bin_for_expected,rsrp_bin_for_expected,carrier_count_for_expected,rb_usage_bucket",all_valid_lte_dl_rows,rb_conditioned
Poor,Fair,1.0,,,below_median_rb_usage,12.618622,7.310784,10.00953311111111,36,9.730814350000001,15.674729799999993,5.9439154499999916,3,"sinr_bin_for_expected,rsrp_bin_for_expected,carrier_count_for_expected,rb_usage_bucket",all_valid_lte_dl_rows,rb_conditioned
Poor,Fair,1.0,,,low_rb_usage,3.390552,1.479072,3.239984096894366,71,2.6562105,4.625960599999998,1.9697500999999984,3,"sinr_bin_for_expected,rsrp_bin_for_expected,carrier_count_for_expected,rb_usage_bucket",all_valid_lte_dl_rows,rb_conditioned
Poor,Fair,2.0,,,below_median_rb_usage,13.7418,6.340856,9.679244656756756,37,7.052461999999999,19.929345025,12.876883025000001,3,"sinr_bin_for_expected,rsrp_bin_for_expected,carrier_count_for_expected,rb_usage_bucket",all_valid_lte_dl_rows,rb_conditioned
Poor,Fair,2.0,,,high_rb_usage,24.346068,13.765944,17.766613174358973,39,16.085908875,30.287607,14.201698125,3,"sinr_bin_for_expected,rsrp_bin_for_expected,carrier_count_for_expected,rb_usage_bucket",all_valid_lte_dl_rows,rb_conditioned
Poor,Fair,2.0,,,low_rb_usage,2.875456,1.460832,1.9053620514285716,35,1.8273159,4.66872,2.8414041,3,"sinr_bin_for_expected,rsrp_bin_for_expected,carrier_count_for_expected,rb_usage_bucket",all_valid_lte_dl_rows,rb_conditioned
Poor,Fair,2.0,,,medium_rb_usage,12.917259999999999,6.672952,9.155553061904763,63,9.961095599999998,14.953614199999997,4.992518599999999,3,"sinr_bin_for_expected,rsrp_bin_for_expected,carrier_count_for_expected,rb_usage_bucket",all_valid_lte_dl_rows,rb_conditioned
Fair,Poor,1.0,,,low_rb_usage,2.144532,0.7714080000000001,1.7529416470588237,68,1.4584716,4.038504249999999,2.580032649999999,3,"sinr_bin_for_expected,rsrp_bin_for_expected,carrier_count_for_expected,rb_usage_bucket",all_valid_lte_dl_rows,rb_conditioned
Fair,Fair,1.0,,,below_median_rb_usage,26.96950975,18.937036,20.23242861781874,1302,26.058519425,27.7768545,1.7183350749999988,3,"sinr_bin_for_expected,rsrp_bin_for_expected,carrier_count_for_expected,rb_usage_bucket",all_valid_lte_dl_rows,rb_conditioned
Fair,Fair,1.0,,,low_rb_usage,11.425584,6.1016,7.496375675874226,1777,10.8746302,11.917656,1.0430257999999988,3,"sinr_bin_for_expected,rsrp_bin_for_expected,carrier_count_for_expected,rb_usage_bucket",all_valid_lte_dl_rows,rb_conditioned
Fair,Fair,2.0,,,below_median_rb_usage,21.817411999999997,14.065368,16.13726248791209,819,20.7415116375,22.805187574999998,2.0636759374999976,3,"sinr_bin_for_expected,rsrp_bin_for_expected,carrier_count_for_expected,rb_usage_bucket",all_valid_lte_dl_rows,rb_conditioned
Fair,Fair,2.0,,,high_rb_usage,54.08948625,38.970675,40.415443016342415,1028,52.98030839375,56.310593,3.3302846062499967,3,"sinr_bin_for_expected,rsrp_bin_for_expected,carrier_count_for_expected,rb_usage_bucket",all_valid_lte_dl_rows,rb_conditioned
Fair,Fair,2.0,,,low_rb_usage,9.705784,4.173672,6.5240239428937885,660,8.370742049999999,10.694232,2.323489950000001,3,"sinr_bin_for_expected,rsrp_bin_for_expected,carrier_count_for_expected,rb_usage_bucket",all_valid_lte_dl_rows,rb_conditioned
Fair,Fair,2.0,,,medium_rb_usage,37.545376,25.329256,27.140947183246077,1337,35.922860575,38.710393775,2.7875331999999986,3,"sinr_bin_for_expected,rsrp_bin_for_expected,carrier_count_for_expected,rb_usage_bucket",all_valid_lte_dl_rows,rb_conditioned
Fair,Fair,3.0,,,below_median_rb_usage,35.36310075,25.659416,25.0616657375,40,30.988377800000002,37.957401225,6.969023424999996,3,"sinr_bin_for_expected,rsrp_bin_for_expected,carrier_count_for_expected,rb_usage_bucket",all_valid_lte_dl_rows,rb_conditioned
Fair,Fair,3.0,,,high_rb_usage,137.6591,104.11726,102.65544668275862,145,127.591413,142.12592274999997,14.53450974999997,3,"sinr_bin_for_expected,rsrp_bin_for_expected,carrier_count_for_expected,rb_usage_bucket",all_valid_lte_dl_rows,rb_conditioned
Fair,Good,1.0,,,below_median_rb_usage,35.29098675,27.180415,28.770634123333334,150,32.44011834375,39.39916689375,6.959048549999999,3,"sinr_bin_for_expected,rsrp_bin_for_expected,carrier_count_for_expected,rb_usage_bucket",all_valid_lte_dl_rows,rb_conditioned
Fair,Good,1.0,,,low_rb_usage,17.2606,11.012696,12.131524571546706,349,15.2958,18.537141599999998,3.2413415999999984,3,"sinr_bin_for_expected,rsrp_bin_for_expected,carrier_count_for_expected,rb_usage_bucket",all_valid_lte_dl_rows,rb_conditioned
Fair,Good,2.0,,,below_median_rb_usage,27.418432,16.922472,19.337110302672606,449,25.064849624999997,28.6763764,3.6115267750000015,3,"sinr_bin_for_expected,rsrp_bin_for_expected,carrier_count_for_expected,rb_usage_bucket",all_valid_lte_dl_rows,rb_conditioned
Fair,Good,2.0,,,high_rb_usage,65.53058,48.4508805,52.00197443015414,1038,63.6409261625,67.2628539375,3.621927774999996,3,"sinr_bin_for_expected,rsrp_bin_for_expected,carrier_count_for_expected,rb_usage_bucket",all_valid_lte_dl_rows,rb_conditioned
Fair,Good,2.0,,,low_rb_usage,11.96104,6.1745358,8.101682076444954,327,10.5147652,13.429427999999996,2.914662799999997,3,"sinr_bin_for_expected,rsrp_bin_for_expected,carrier_count_for_expected,rb_usage_bucket",all_valid_lte_dl_rows,rb_conditioned
Fair,Good,2.0,,,medium_rb_usage,47.396660999999995,32.6564045,35.99340940134529,892,46.12045415,50.956477225,4.836023075,3,"sinr_bin_for_expected,rsrp_bin_for_expected,carrier_count_for_expected,rb_usage_bucket",all_valid_lte_dl_rows,rb_conditioned
Fair,Good,3.0,,,below_median_rb_usage,63.3764095,50.928095,48.49066871212121,66,57.634489224999996,66.379548275,8.745059050000009,3,"sinr_bin_for_expected,rsrp_bin_for_expected,carrier_count_for_expected,rb_usage_bucket",all_valid_lte_dl_rows,rb_conditioned
Fair,Good,3.0,,,high_rb_usage,136.27311,100.17013,105.19403289655172,87,119.075018375,145.15339,26.078371625000003,3,"sinr_bin_for_expected,rsrp_bin_for_expected,carrier_count_for_expected,rb_usage_bucket",all_valid_lte_dl_rows,rb_conditioned
Fair,Good,3.0,,,low_rb_usage,31.923576,12.286432,18.994999024297297,37,29.1603836,44.15407,14.993686399999998,3,"sinr_bin_for_expected,rsrp_bin_for_expected,carrier_count_for_expected,rb_usage_bucket",all_valid_lte_dl_rows,rb_conditioned
Fair,Good,3.0,,,medium_rb_usage,76.7943555,55.155409000000006,58.771372791666664,48,65.95199478125001,85.49360465625,19.541609874999992,3,"sinr_bin_for_expected,rsrp_bin_for_expected,carrier_count_for_expected,rb_usage_bucket",all_valid_lte_dl_rows,rb_conditioned
Fair,Excellent,1.0,,,below_median_rb_usage,36.18508,26.855831,29.971791582352942,85,30.878656,40.746777,9.868121000000002,3,"sinr_bin_for_expected,rsrp_bin_for_expected,carrier_count_for_expected,rb_usage_bucket",all_valid_lte_dl_rows,rb_conditioned
Fair,Excellent,1.0,,,low_rb_usage,14.343914,9.787848,10.697378220581395,86,12.017092499999999,16.181022699999993,4.163930199999994,3,"sinr_bin_for_expected,rsrp_bin_for_expected,carrier_count_for_expected,rb_usage_bucket",all_valid_lte_dl_rows,rb_conditioned
Fair,Excellent,2.0,,,below_median_rb_usage,37.39546,21.555471,24.343882521008403,119,30.8594227625,40.528309187499985,9.668886424999986,3,"sinr_bin_for_expected,rsrp_bin_for_expected,carrier_count_for_expected,rb_usage_bucket",all_valid_lte_dl_rows,rb_conditioned
Fair,Excellent,2.0,,,high_rb_usage,91.1322675,67.428065,69.51499995255475,274,84.15356625,97.040662125,12.887095875,3,"sinr_bin_for_expected,rsrp_bin_for_expected,carrier_count_for_expected,rb_usage_bucket",all_valid_lte_dl_rows,rb_conditioned
Fair,Excellent,2.0,,,low_rb_usage,15.457685999999999,7.821144,10.966178045833333,72,12.191131500000001,19.34704619375,7.155914693749999,3,"sinr_bin_for_expected,rsrp_bin_for_expected,carrier_count_for_expected,rb_usage_bucket",all_valid_lte_dl_rows,rb_conditioned
Fair,Excellent,2.0,,,medium_rb_usage,60.343111,42.20531,44.95807932263374,243,57.486943999999994,65.498107,8.01116300000001,3,"sinr_bin_for_expected,rsrp_bin_for_expected,carrier_count_for_expected,rb_usage_bucket",all_valid_lte_dl_rows,rb_conditioned
Fair,Excellent,3.0,,,medium_rb_usage,87.14842,69.957695,71.66379003030303,33,77.623024,90.14273,12.519706,3,"sinr_bin_for_expected,rsrp_bin_for_expected,carrier_count_for_expected,rb_usage_bucket",all_valid_lte_dl_rows,rb_conditioned
Good,Fair,1.0,,,below_median_rb_usage,42.163114,33.306551999999996,34.48805414756944,576,41.293041499999994,43.350309749999994,2.05726825,3,"sinr_bin_for_expected,rsrp_bin_for_expected,carrier_count_for_expected,rb_usage_bucket",all_valid_lte_dl_rows,rb_conditioned
Good,Fair,1.0,,,low_rb_usage,22.56151325,14.04709175,14.890760429559196,522,21.4877275875,23.85856375625,2.3708361687499995,3,"sinr_bin_for_expected,rsrp_bin_for_expected,carrier_count_for_expected,rb_usage_bucket",all_valid_lte_dl_rows,rb_conditioned
Good,Fair,2.0,,,below_median_rb_usage,38.119481,25.616355499999997,27.751953755419358,310,34.434398,39.662564425,5.228166424999998,3,"sinr_bin_for_expected,rsrp_bin_for_expected,carrier_count_for_expected,rb_usage_bucket",all_valid_lte_dl_rows,rb_conditioned
Good,Fair,2.0,,,high_rb_usage,84.987236,63.8534,64.96476503829322,457,80.55402325,88.634735,8.080711750000006,3,"sinr_bin_for_expected,rsrp_bin_for_expected,carrier_count_for_expected,rb_usage_bucket",all_valid_lte_dl_rows,rb_conditioned
Good,Fair,2.0,,,low_rb_usage,18.58205525,11.014984,12.771346541666666,204,16.361075800000002,21.2282073,4.867131499999999,3,"sinr_bin_for_expected,rsrp_bin_for_expected,carrier_count_for_expected,rb_usage_bucket",all_valid_lte_dl_rows,rb_conditioned
Good,Fair,2.0,,,medium_rb_usage,62.248768,43.14099,46.952519144612474,529,60.25097,66.13471549999998,5.883745499999982,3,"sinr_bin_for_expected,rsrp_bin_for_expected,carrier_count_for_expected,rb_usage_bucket",all_valid_lte_dl_rows,rb_conditioned
Good,Fair,3.0,,,high_rb_usage,185.383425,162.00449,155.32313192307691,39,162.23711525000002,195.81468462499998,33.57756937499997,3,"sinr_bin_for_expected,rsrp_bin_for_expected,carrier_count_for_expected,rb_usage_bucket",all_valid_lte_dl_rows,rb_conditioned
Good,Good,1.0,,,below_median_rb_usage,51.9516725,38.224596500000004,40.33117638947368,190,48.925211306250006,54.488898475,5.563687168749993,3,"sinr_bin_for_expected,rsrp_bin_for_expected,carrier_count_for_expected,rb_usage_bucket",all_valid_lte_dl_rows,rb_conditioned
Good,Good,1.0,,,low_rb_usage,25.6689125,15.537616,17.540981910354517,299,24.004711,28.422621699999997,4.417910699999997,3,"sinr_bin_for_expected,rsrp_bin_for_expected,carrier_count_for_expected,rb_usage_bucket",all_valid_lte_dl_rows,rb_conditioned
Good,Good,2.0,,,below_median_rb_usage,47.9219735,28.678579999999997,32.944459344568344,556,44.268593,49.58600325,5.317410249999995,3,"sinr_bin_for_expected,rsrp_bin_for_expected,carrier_count_for_expected,rb_usage_bucket",all_valid_lte_dl_rows,rb_conditioned
Good,Good,2.0,,,high_rb_usage,91.65709,73.0069,75.44578513402061,873,88.72165475,93.84668314999999,5.125028399999991,3,"sinr_bin_for_expected,rsrp_bin_for_expected,carrier_count_for_expected,rb_usage_bucket",all_valid_lte_dl_rows,rb_conditioned
Good,Good,2.0,,,low_rb_usage,21.101671,10.973864,13.750136846705884,425,18.5320506,22.679935,4.147884399999999,3,"sinr_bin_for_expected,rsrp_bin_for_expected,carrier_count_for_expected,rb_usage_bucket",all_valid_lte_dl_rows,rb_conditioned
Good,Good,2.0,,,medium_rb_usage,75.13265,52.323833,56.55258322969697,825,71.438169,76.88335162499999,5.445182624999987,3,"sinr_bin_for_expected,rsrp_bin_for_expected,carrier_count_for_expected,rb_usage_bucket",all_valid_lte_dl_rows,rb_conditioned
Good,Good,3.0,,,below_median_rb_usage,71.2655225,64.833702,62.2043796,30,66.264317525,73.36275562499999,7.098438099999996,3,"sinr_bin_for_expected,rsrp_bin_for_expected,carrier_count_for_expected,rb_usage_bucket",all_valid_lte_dl_rows,rb_conditioned
Good,Good,3.0,,,high_rb_usage,198.0326325,166.554215,166.1993345,70,188.4349664375,212.3841,23.94913356249998,3,"sinr_bin_for_expected,rsrp_bin_for_expected,carrier_count_for_expected,rb_usage_bucket",all_valid_lte_dl_rows,rb_conditioned
Good,Excellent,1.0,,,below_median_rb_usage,57.543673999999996,47.9560515,47.18391333636364,110,52.012376312499995,59.617287,7.604910687500002,3,"sinr_bin_for_expected,rsrp_bin_for_expected,carrier_count_for_expected,rb_usage_bucket",all_valid_lte_dl_rows,rb_conditioned
Good,Excellent,1.0,,,low_rb_usage,28.60499725,17.805719,20.237109178521127,284,27.082205549999998,31.274038925,4.191833375000002,3,"sinr_bin_for_expected,rsrp_bin_for_expected,carrier_count_for_expected,rb_usage_bucket",all_valid_lte_dl_rows,rb_conditioned
Good,Excellent,2.0,,,below_median_rb_usage,55.956135,41.69292,41.68559456778115,329,53.089753375,60.653295074999996,7.563541699999995,3,"sinr_bin_for_expected,rsrp_bin_for_expected,carrier_count_for_expected,rb_usage_bucket",all_valid_lte_dl_rows,rb_conditioned
Good,Excellent,2.0,,,high_rb_usage,121.53163,93.56696,95.70585921157024,605,119.841027,125.725365,5.884338,3,"sinr_bin_for_expected,rsrp_bin_for_expected,carrier_count_for_expected,rb_usage_bucket",all_valid_lte_dl_rows,rb_conditioned
Good,Excellent,2.0,,,low_rb_usage,22.451825499999998,9.855164,14.122390405814935,154,17.1146218375,28.53144638125,11.41682454375,3,"sinr_bin_for_expected,rsrp_bin_for_expected,carrier_count_for_expected,rb_usage_bucket",all_valid_lte_dl_rows,rb_conditioned
Good,Excellent,2.0,,,medium_rb_usage,92.193515,69.5649,71.07045377756025,664,89.043153125,96.17338875,7.130235624999997,3,"sinr_bin_for_expected,rsrp_bin_for_expected,carrier_count_for_expected,rb_usage_bucket",all_valid_lte_dl_rows,rb_conditioned
Good,Excellent,3.0,,,below_median_rb_usage,82.10183625,67.799365,65.3537514117647,34,70.52513975000001,91.5603191125,21.03517936249999,3,"sinr_bin_for_expected,rsrp_bin_for_expected,carrier_count_for_expected,rb_usage_bucket",all_valid_lte_dl_rows,rb_conditioned
Good,Excellent,3.0,,,high_rb_usage,178.071255,149.64137,156.5145124285714,35,167.47223300000002,194.81447899999984,27.342245999999818,3,"sinr_bin_for_expected,rsrp_bin_for_expected,carrier_count_for_expected,rb_usage_bucket",all_valid_lte_dl_rows,rb_conditioned
Excellent,Fair,1.0,,,below_median_rb_usage,69.06362,53.956097,56.019955037037036,297,67.75966275,70.474478125,2.7148153750000006,3,"sinr_bin_for_expected,rsrp_bin_for_expected,carrier_count_for_expected,rb_usage_bucket",all_valid_lte_dl_rows,rb_conditioned
Excellent,Fair,1.0,,,low_rb_usage,36.0461105,25.678031500000003,25.56336904885057,174,33.449491887499995,40.04883125,6.599339362500004,3,"sinr_bin_for_expected,rsrp_bin_for_expected,carrier_count_for_expected,rb_usage_bucket",all_valid_lte_dl_rows,rb_conditioned
Excellent,Fair,2.0,,,below_median_rb_usage,47.666545,34.552961499999995,35.1807688115942,138,41.22872100625,51.79723393124999,10.568512924999993,3,"sinr_bin_for_expected,rsrp_bin_for_expected,carrier_count_for_expected,rb_usage_bucket",all_valid_lte_dl_rows,rb_conditioned
Excellent,Fair,2.0,,,high_rb_usage,118.1460975,94.89268,96.85959420973784,267,113.798338625,122.58106325,8.782724625,3,"sinr_bin_for_expected,rsrp_bin_for_expected,carrier_count_for_expected,rb_usage_bucket",all_valid_lte_dl_rows,rb_conditioned
Excellent,Fair,2.0,,,low_rb_usage,28.2040005,12.689272,15.535515779661017,59,18.537095275000002,34.7154537125,16.1783584375,3,"sinr_bin_for_expected,rsrp_bin_for_expected,carrier_count_for_expected,rb_usage_bucket",all_valid_lte_dl_rows,rb_conditioned
Excellent,Fair,2.0,,,medium_rb_usage,79.61684,63.256657,64.36260692134832,267,76.81622387499999,84.68641,7.870186125000004,3,"sinr_bin_for_expected,rsrp_bin_for_expected,carrier_count_for_expected,rb_usage_bucket",all_valid_lte_dl_rows,rb_conditioned
Excellent,Good,1.0,,,below_median_rb_usage,72.964872,53.128674,56.69363368575851,323,67.190765925,77.67743375,10.486667825000012,3,"sinr_bin_for_expected,rsrp_bin_for_expected,carrier_count_for_expected,rb_usage_bucket",all_valid_lte_dl_rows,rb_conditioned
Excellent,Good,1.0,,,low_rb_usage,41.770264,27.035799,28.2826736331058,293,37.89764025,43.783137575,5.885497324999996,3,"sinr_bin_for_expected,rsrp_bin_for_expected,carrier_count_for_expected,rb_usage_bucket",all_valid_lte_dl_rows,rb_conditioned
Excellent,Good,2.0,,,below_median_rb_usage,70.154305,50.962856,50.62281776337079,445,66.55088,72.36933,5.818449999999999,3,"sinr_bin_for_expected,rsrp_bin_for_expected,carrier_count_for_expected,rb_usage_bucket",all_valid_lte_dl_rows,rb_conditioned
Excellent,Good,2.0,,,high_rb_usage,137.66205,113.58156,113.79593807901443,1177,134.907501,139.49782,4.590318999999994,3,"sinr_bin_for_expected,rsrp_bin_for_expected,carrier_count_for_expected,rb_usage_bucket",all_valid_lte_dl_rows,rb_conditioned
Excellent,Good,2.0,,,low_rb_usage,35.923342,19.7523245,21.743210565568862,334,34.394284999999996,39.79607469999999,5.401789699999995,3,"sinr_bin_for_expected,rsrp_bin_for_expected,carrier_count_for_expected,rb_usage_bucket",all_valid_lte_dl_rows,rb_conditioned
Excellent,Good,2.0,,,medium_rb_usage,101.2853025,78.57688,79.16458040358745,1115,99.026571375,103.7829565,4.756385124999994,3,"sinr_bin_for_expected,rsrp_bin_for_expected,carrier_count_for_expected,rb_usage_bucket",all_valid_lte_dl_rows,rb_conditioned
Excellent,Good,3.0,,,high_rb_usage,203.8026,179.94537,182.55296,33,191.50044,218.18617,26.685730000000007,3,"sinr_bin_for_expected,rsrp_bin_for_expected,carrier_count_for_expected,rb_usage_bucket",all_valid_lte_dl_rows,rb_conditioned
Excellent,Excellent,1.0,,,below_median_rb_usage,69.34766450000001,56.870872,58.77449311977273,440,66.93929962499999,71.52823225,4.588932625000012,3,"sinr_bin_for_expected,rsrp_bin_for_expected,carrier_count_for_expected,rb_usage_bucket",all_valid_lte_dl_rows,rb_conditioned
Excellent,Excellent,1.0,,,low_rb_usage,35.80411,21.334332,25.016950785318965,1160,34.41133360625,36.8854965125,2.474162906250001,3,"sinr_bin_for_expected,rsrp_bin_for_expected,carrier_count_for_expected,rb_usage_bucket",all_valid_lte_dl_rows,rb_conditioned
Excellent,Excellent,2.0,,,below_median_rb_usage,82.290085,57.886192,59.608475439289805,873,79.71463075,84.81902,5.104389249999997,3,"sinr_bin_for_expected,rsrp_bin_for_expected,carrier_count_for_expected,rb_usage_bucket",all_valid_lte_dl_rows,rb_conditioned
Excellent,Excellent,2.0,,,high_rb_usage,150.211265,124.246445,126.34206341622104,1683,148.261953,152.06777325,3.8058202499999823,3,"sinr_bin_for_expected,rsrp_bin_for_expected,carrier_count_for_expected,rb_usage_bucket",all_valid_lte_dl_rows,rb_conditioned
Excellent,Excellent,2.0,,,low_rb_usage,34.12117275,13.026816,19.131484558823903,548,30.7994201,36.301674625,5.502254524999998,3,"sinr_bin_for_expected,rsrp_bin_for_expected,carrier_count_for_expected,rb_usage_bucket",all_valid_lte_dl_rows,rb_conditioned
Excellent,Excellent,2.0,,,medium_rb_usage,114.919488,88.80938,89.97610932772062,1847,112.69156692499999,116.72267699999999,4.031110075000001,3,"sinr_bin_for_expected,rsrp_bin_for_expected,carrier_count_for_expected,rb_usage_bucket",all_valid_lte_dl_rows,rb_conditioned
Excellent,Excellent,3.0,,,below_median_rb_usage,108.558857,93.140884,89.60625714084507,71,99.8183467125,117.715098875,17.896752162499993,3,"sinr_bin_for_expected,rsrp_bin_for_expected,carrier_count_for_expected,rb_usage_bucket",all_valid_lte_dl_rows,rb_conditioned
Excellent,Excellent,3.0,,,high_rb_usage,217.0890875,188.52586,182.6502169495413,218,210.77949393749998,225.73665281249998,14.957158875000005,3,"sinr_bin_for_expected,rsrp_bin_for_expected,carrier_count_for_expected,rb_usage_bucket",all_valid_lte_dl_rows,rb_conditioned
Excellent,Excellent,3.0,,,low_rb_usage,30.16736625,9.677496000000001,23.119062633333332,30,16.476225,69.3029225,52.826697499999995,3,"sinr_bin_for_expected,rsrp_bin_for_expected,carrier_count_for_expected,rb_usage_bucket",all_valid_lte_dl_rows,rb_conditioned
Excellent,Excellent,3.0,,,medium_rb_usage,144.65058,128.47911,124.80088323170733,82,138.80230331250002,151.854289375,13.051986062499992,3,"sinr_bin_for_expected,rsrp_bin_for_expected,carrier_count_for_expected,rb_usage_bucket",all_valid_lte_dl_rows,rb_conditioned
Poor,,1.0,,,below_median_rb_usage,12.618622,6.1128800000000005,9.15870790625,64,9.07596925,16.847082,7.77111275,4,"sinr_bin_for_expected,carrier_count_for_expected,rb_usage_bucket",all_valid_lte_dl_rows,rb_conditioned
Poor,,1.0,,,low_rb_usage,2.9572279999999997,0.895584,2.622925675350394,127,2.17766399875,3.50754,1.3298760012500002,4,"sinr_bin_for_expected,carrier_count_for_expected,rb_usage_bucket",all_valid_lte_dl_rows,rb_conditioned
Poor,,2.0,,,below_median_rb_usage,13.178728,5.693864,9.228359759183673,49,6.978752,17.393984,10.415232,4,"sinr_bin_for_expected,carrier_count_for_expected,rb_usage_bucket",all_valid_lte_dl_rows,rb_conditioned
Poor,,2.0,,,high_rb_usage,24.346068,13.765944,17.62373194883721,43,16.726961325,29.190176,12.463214675,4,"sinr_bin_for_expected,carrier_count_for_expected,rb_usage_bucket",all_valid_lte_dl_rows,rb_conditioned
Poor,,2.0,,,low_rb_usage,2.643972,1.277984,1.8690614777777779,54,2.16093345,4.021844799999999,1.8609113499999994,4,"sinr_bin_for_expected,carrier_count_for_expected,rb_usage_bucket",all_valid_lte_dl_rows,rb_conditioned
Poor,,2.0,,,medium_rb_usage,13.680888,7.678856,11.379480258441559,77,11.2163924,17.875025,6.658632600000001,4,"sinr_bin_for_expected,carrier_count_for_expected,rb_usage_bucket",all_valid_lte_dl_rows,rb_conditioned
Fair,,1.0,,,below_median_rb_usage,28.150978,19.9536275,21.468170803737113,1552,27.428391206249998,28.776966649999995,1.348575443749997,4,"sinr_bin_for_expected,carrier_count_for_expected,rb_usage_bucket",all_valid_lte_dl_rows,rb_conditioned
Fair,,1.0,,,low_rb_usage,12.393034,6.4935279999999995,8.155322899328201,2280,11.92600395,12.786408,0.8604040499999996,4,"sinr_bin_for_expected,carrier_count_for_expected,rb_usage_bucket",all_valid_lte_dl_rows,rb_conditioned
Fair,,2.0,,,below_median_rb_usage,24.190449,15.102536,17.82898006281407,1393,23.506264025,25.122215,1.6159509750000005,4,"sinr_bin_for_expected,carrier_count_for_expected,rb_usage_bucket",all_valid_lte_dl_rows,rb_conditioned
Fair,,2.0,,,high_rb_usage,63.11089,45.826775999999995,48.873792634825236,2346,61.7814343625,64.56105674999999,2.779622387499991,4,"sinr_bin_for_expected,carrier_count_for_expected,rb_usage_bucket",all_valid_lte_dl_rows,rb_conditioned
Fair,,2.0,,,low_rb_usage,10.834384,4.76676,7.232932268972414,1073,9.855048,11.869578999999998,2.014530999999998,4,"sinr_bin_for_expected,carrier_count_for_expected,rb_usage_bucket",all_valid_lte_dl_rows,rb_conditioned
Fair,,2.0,,,medium_rb_usage,43.299507500000004,29.0499925,32.04186993432956,2476,42.525527843750005,44.18965858125,1.6641307374999954,4,"sinr_bin_for_expected,carrier_count_for_expected,rb_usage_bucket",all_valid_lte_dl_rows,rb_conditioned
Fair,,3.0,,,below_median_rb_usage,58.1227225,40.70617,42.07608301181102,127,53.7670179875,62.631378687499996,8.864360699999999,4,"sinr_bin_for_expected,carrier_count_for_expected,rb_usage_bucket",all_valid_lte_dl_rows,rb_conditioned
Fair,,3.0,,,high_rb_usage,135.7850325,101.824725,103.00383380078125,256,127.646375,142.745816625,15.099441624999997,4,"sinr_bin_for_expected,carrier_count_for_expected,rb_usage_bucket",all_valid_lte_dl_rows,rb_conditioned
Fair,,3.0,,,low_rb_usage,29.69282825,10.41248,16.950882807338235,68,27.000929999999997,33.32450899999998,6.323578999999981,4,"sinr_bin_for_expected,carrier_count_for_expected,rb_usage_bucket",all_valid_lte_dl_rows,rb_conditioned
Fair,,3.0,,,medium_rb_usage,80.017465,57.3807935,60.84319380769231,104,70.89182934374999,85.92855971874998,15.03673037499999,4,"sinr_bin_for_expected,carrier_count_for_expected,rb_usage_bucket",all_valid_lte_dl_rows,rb_conditioned
Good,,1.0,,,below_median_rb_usage,46.700786,36.012848,37.34962690639269,876,45.06801995,49.001843943749996,3.9338239937499964,4,"sinr_bin_for_expected,carrier_count_for_expected,rb_usage_bucket",all_valid_lte_dl_rows,rb_conditioned
Good,,1.0,,,low_rb_usage,24.318617,15.039632,16.981963386539277,1105,23.493258425,25.471369775,1.978111349999999,4,"sinr_bin_for_expected,carrier_count_for_expected,rb_usage_bucket",all_valid_lte_dl_rows,rb_conditioned
Good,,2.0,,,below_median_rb_usage,48.03058,30.316208,34.00400474691213,1195,46.695888999999994,49.326716,2.6308270000000036,4,"sinr_bin_for_expected,carrier_count_for_expected,rb_usage_bucket",all_valid_lte_dl_rows,rb_conditioned
Good,,2.0,,,high_rb_usage,99.1007,75.36604,79.30496789018088,1935,95.92668745,102.0568173625,6.130129912499996,4,"sinr_bin_for_expected,carrier_count_for_expected,rb_usage_bucket",all_valid_lte_dl_rows,rb_conditioned
Good,,2.0,,,low_rb_usage,20.4282475,10.860152,13.568340966597063,783,18.7680727,22.278203887500002,3.5101311875000007,4,"sinr_bin_for_expected,carrier_count_for_expected,rb_usage_bucket",all_valid_lte_dl_rows,rb_conditioned
Good,,2.0,,,medium_rb_usage,78.4838365,54.8921145,58.81295594663033,2018,76.188380575,80.22291775000001,4.034537175000011,4,"sinr_bin_for_expected,carrier_count_for_expected,rb_usage_bucket",all_valid_lte_dl_rows,rb_conditioned
Good,,3.0,,,below_median_rb_usage,73.3596575,65.75455500000001,63.03026365151515,66,70.7922535,79.89762875,9.105375249999994,4,"sinr_bin_for_expected,carrier_count_for_expected,rb_usage_bucket",all_valid_lte_dl_rows,rb_conditioned
Good,,3.0,,,high_rb_usage,190.9261625,162.58431000000002,160.89974649305555,144,177.71878,198.4853011875,20.76652118749999,4,"sinr_bin_for_expected,carrier_count_for_expected,rb_usage_bucket",all_valid_lte_dl_rows,rb_conditioned
Good,,3.0,,,low_rb_usage,34.14622225,6.873956,19.3690593124375,32,10.662704,47.60589,36.943186000000004,4,"sinr_bin_for_expected,carrier_count_for_expected,rb_usage_bucket",all_valid_lte_dl_rows,rb_conditioned
Good,,3.0,,,medium_rb_usage,113.52874,97.853017,92.95986257407407,54,106.07489699999999,125.23271143749999,19.157814437499994,4,"sinr_bin_for_expected,carrier_count_for_expected,rb_usage_bucket",all_valid_lte_dl_rows,rb_conditioned
Excellent,,1.0,,,below_median_rb_usage,69.49576375,54.8129715,57.368629527547164,1060,68.49611593750001,71.38969349999999,2.893577562499985,4,"sinr_bin_for_expected,carrier_count_for_expected,rb_usage_bucket",all_valid_lte_dl_rows,rb_conditioned
Excellent,,1.0,,,low_rb_usage,36.825556,22.749464,25.66349877072526,1627,35.5747918,38.300992962500004,2.726201162500004,4,"sinr_bin_for_expected,carrier_count_for_expected,rb_usage_bucket",all_valid_lte_dl_rows,rb_conditioned
Excellent,,2.0,,,below_median_rb_usage,75.44837125,51.9069685,54.5469086945055,1456,72.67795605,77.82702065624999,5.149064606249979,4,"sinr_bin_for_expected,carrier_count_for_expected,rb_usage_bucket",all_valid_lte_dl_rows,rb_conditioned
Excellent,,2.0,,,high_rb_usage,143.438105,117.64343,119.10234202190598,3127,141.51370699999998,145.19396450000002,3.680257500000039,4,"sinr_bin_for_expected,carrier_count_for_expected,rb_usage_bucket",all_valid_lte_dl_rows,rb_conditioned
Excellent,,2.0,,,low_rb_usage,34.6026,15.170384,19.833030072407546,941,32.32153745,36.937079624999996,4.6155421749999945,4,"sinr_bin_for_expected,carrier_count_for_expected,rb_usage_bucket",all_valid_lte_dl_rows,rb_conditioned
Excellent,,2.0,,,medium_rb_usage,108.07816,82.53408,84.12486749033756,3229,106.42686325,110.418433,3.9915697499999965,4,"sinr_bin_for_expected,carrier_count_for_expected,rb_usage_bucket",all_valid_lte_dl_rows,rb_conditioned
Excellent,,3.0,,,below_median_rb_usage,106.909744,93.140884,89.54610673972603,73,98.94615,116.73568,17.78953,4,"sinr_bin_for_expected,carrier_count_for_expected,rb_usage_bucket",all_valid_lte_dl_rows,rb_conditioned
Excellent,,3.0,,,high_rb_usage,216.19347,188.19571,182.83144723938224,259,211.4674265,219.141124,7.673697500000003,4,"sinr_bin_for_expected,carrier_count_for_expected,rb_usage_bucket",all_valid_lte_dl_rows,rb_conditioned
Excellent,,3.0,,,low_rb_usage,28.9329805,8.639912,22.373936483870967,31,16.634119912499997,70.3481,53.713980087500005,4,"sinr_bin_for_expected,carrier_count_for_expected,rb_usage_bucket",all_valid_lte_dl_rows,rb_conditioned
Excellent,,3.0,,,medium_rb_usage,144.33285999999998,128.4314,123.96087568674699,83,138.864687375,152.90904650000002,14.044359125000028,4,"sinr_bin_for_expected,carrier_count_for_expected,rb_usage_bucket",all_valid_lte_dl_rows,rb_conditioned
,,1.0,,,below_median_rb_usage,49.292706,31.700671999999997,35.876626932038285,3552,48.019446106249994,50.458166156249995,2.4387200500000006,5,"carrier_count_for_expected,rb_usage_bucket",all_valid_lte_dl_rows,rb_conditioned
,,1.0,,,low_rb_usage,22.357212,11.758784,15.459589377959466,5139,21.6107961125,22.8091777625,1.1983816499999982,5,"carrier_count_for_expected,rb_usage_bucket",all_valid_lte_dl_rows,rb_conditioned
,,2.0,,,below_median_rb_usage,50.774654,28.030432,35.510149911424385,4093,49.60862925,52.79443707499999,3.1858078249999906,5,"carrier_count_for_expected,rb_usage_bucket",all_valid_lte_dl_rows,rb_conditioned
,,2.0,,,high_rb_usage,117.97858500000001,79.702446,86.06950400820025,7451,116.243939625,119.410762775,3.166823149999999,5,"carrier_count_for_expected,rb_usage_bucket",all_valid_lte_dl_rows,rb_conditioned
,,2.0,,,low_rb_usage,19.4357805,7.9323997,13.03007994366482,2851,18.478772312500002,20.1958692125,1.7170968999999978,5,"carrier_count_for_expected,rb_usage_bucket",all_valid_lte_dl_rows,rb_conditioned
,,2.0,,,medium_rb_usage,85.262145,54.61832,60.32508104665385,7800,83.81715306875,86.740899375,2.9237463062499955,5,"carrier_count_for_expected,rb_usage_bucket",all_valid_lte_dl_rows,rb_conditioned
,,3.0,,,below_median_rb_usage,76.61681,57.020687,57.84762417944251,287,71.37334843750001,80.06951612499998,8.696167687499965,5,"carrier_count_for_expected,rb_usage_bucket",all_valid_lte_dl_rows,rb_conditioned
,,3.0,,,high_rb_usage,190.405325,146.53722,145.20865467362145,671,184.765450625,196.404070625,11.638620000000003,5,"carrier_count_for_expected,rb_usage_bucket",all_valid_lte_dl_rows,rb_conditioned
,,3.0,,,low_rb_usage,29.014928,6.399632,17.470624999284723,144,24.57706705,35.944421187499984,11.367354137499984,5,"carrier_count_for_expected,rb_usage_bucket",all_valid_lte_dl_rows,rb_conditioned
,,3.0,,,medium_rb_usage,118.26301,87.1961,87.72460580321285,249,111.71578109999999,128.836182,17.12040090000002,5,"carrier_count_for_expected,rb_usage_bucket",all_valid_lte_dl_rows,rb_conditioned
,,,,,,74.47316500000001,38.80148,50.85981862913888,32238,73.260228375,75.41927871875,2.159050343749996,6,GLOBAL,all_valid_lte_dl_rows,rb_conditioned
