anomaly_id,anomaly_episode_id,source_index,id,timestamp,date,hour,minute,id_route_test_label,id_location_label,id_test_type,session_elapsed_seconds,sample_gap_seconds,anomaly_analysis_window_flag,download_activity_window_raw_flag,download_analysis_window_flag,inactive_download_context_flag,download_context_label,latitude,longitude,speed,location_accuracy,altitude,distance_from_prev_m,serving_pci,serving_earfcn,serving_band,serving_eci,serving_enodebid,serving_lci,actual_lte_dl_throughput,expected_tp_p75,expected_tp_source_level,expected_tp_group_n,expected_tp_group_cols,expected_tp_p75_ci_low,expected_tp_p75_ci_high,expected_tp_p75_ci_width,expected_tp_reliable_flag,expected_tp_confidence,expected_tp_radio_p75,expected_tp_radio_source_level,expected_tp_radio_group_n,expected_tp_radio_group_cols,expected_tp_radio_p75_ci_low,expected_tp_radio_p75_ci_high,expected_tp_radio_p75_ci_width,throughput_gap_p75_ci_low,throughput_ratio_p75_ci_low,expected_tp_rb_conditioned_p75,expected_tp_rb_source_level,expected_tp_rb_group_n,expected_tp_rb_group_cols,expected_tp_rb_p75_ci_low,expected_tp_rb_p75_ci_high,expected_tp_rb_p75_ci_width,expected_tp_rb_reliable_flag,expected_tp_rb_confidence,throughput_gap_rb_p75,throughput_ratio_rb_p75,log_residual_rb_p75,throughput_gap_rb_p75_ci_low,throughput_ratio_rb_p75_ci_low,underperform_vs_rb_p75_context_flag,underperform_vs_rb_p75_flag,independent_trigger_count,trigger_family_flags,score_base_from_strongest_trigger,score_continuous_magnitude,score_independent_trigger_bonus,score_evidence_bonus,throughput_gap_p75,throughput_ratio_p75,log_residual_p75,rolling_median_tp,rolling_p25_tp,rolling_count,rolling_tp_gap,rolling_tp_ratio,prev_tp,tp_drop_from_prev,tp_ratio_to_prev,session_rows,session_mean_tp,session_median_tp,session_p10_tp_threshold,session_p25_tp,session_low_tp_ratio,anomaly_score_0_100,anomaly_severity,anomaly_type,anomaly_type_flags,anomaly_method_count,context_flag_count,weak_low_rb_only_candidate_flag,rca_handoff_flag,lte_rsrp,lte_rsrq,lte_sinr,lte_rssi,lte_cqi,lte_mcs,lte_bler,lte_rank,lte_rb_count,lte_agg_rb_dl,lte_agg_rb_dl_bin,lte_bandwidth_dl,lte_agg_bandwidth_dl,rb_usage_evidence_reliable_flag,reliable_rb_columns,rb_reference_column,rb_usage_value,rb_usage_bucket,rb_demand_confidence,estimated_available_rb,rb_capacity_estimation_method,rb_utilization_pct,rb_low_usage_threshold,rb_medium_usage_threshold,rb_high_usage_threshold,rb_low_usage_flag,rb_medium_or_high_usage_flag,rb_high_usage_flag,throughput_per_rb,rb_efficiency_p10_threshold,low_rb_efficiency_high_rb_flag,rb_efficiency_family_flag,low_tp_low_rb_flag,p75_demand_confirmed_flag,p75_underperformance_demand_unknown_context_flag,score_low_rb_cap_applied_flag,catastrophic_score_allowed_flag,carrier_count,ca_condition_label,scell1_rsrp,scell1_rsrq,scell1_sinr,scell1_cqi,scell1_mcs,scell1_bler,scell1_rb_count,neighbor_count,best_neighbor_rsrp,strong_neighbor_count,serving_minus_best_neighbor_rsrp,poor_rsrp_flag,poor_rsrq_flag,poor_sinr_flag,high_bler_flag,low_cqi_flag,low_rb_allocation_flag,low_tp_fixed_flag,low_tp_global_p10_flag,low_tp_session_p10_flag,low_tp_robust_z_flag,low_tp_iqr_flag,rolling_drop_flag,rolling_bad_window_flag,rolling_sustained_degradation_flag,bad_session_flag,bad_session_sample_flag,sudden_drop_flag,underperform_vs_p75_context_flag,underperform_vs_p75_flag,unexpected_underperformance_flag,radio_limited_degradation_flag,ca_active_flag,ca_underperformance_flag,event_related_degradation_flag,rach_failure_direct_flag,rach_result,rach_reason,rach_latency,any_event_count_pm30s,near_any_event_flag,measurement_report_event_count_pm5s,near_measurement_report_event_flag,handover_execution_count_pm5s,near_handover_execution_flag,handover_failure_count_pm10s,near_handover_failure_flag,rach_attempt_count_pm10s,near_rach_attempt_flag,rach_failure_count_pm10s,near_rach_failure_flag,ca_activation_change_count_pm10s,near_ca_activation_change_flag,failure_other_count_pm10s,near_failure_other_flag,low_tp_family_flag,temporal_drop_family_flag,expected_tp_family_flag,score_fixed_low_tp,score_global_p10_low_tp,score_session_p10_low_tp,score_robust_z_low_tp,score_iqr_low_tp,score_rolling_drop,score_rolling_bad_window,score_bad_session,score_sudden_drop,score_group_p75_gap,score_group_rb_p75_gap,score_rb_efficiency,score_magnitude_ratio_severity,score_magnitude_gap_severity,score_magnitude_low_tp_severity,score_magnitude_drop_severity,score_magnitude_rb_efficiency,score_raw_before_caps,anomaly_score_raw_0_100,score_after_low_rb_cap,rca_status,rca_decision_placeholder
LTE-TP-000001,LTE-TP-EP-000001,32048,542020041221088+20250827094025+Fiji-Nadi-LTE-DL-D!20250827093942,2025-08-26 23:37:40+02:00,2025-08-26,23,37,Fiji-Nadi-LTE-DL-D,Fiji-Nadi,DL-D,0.0,,True,False,False,True,outside_download_activity,-17.81254961067749,177.39595948410067,-0.40585529052585656,9.682805459837223,70.78936642276834,,345.7372826809597,-1342.7555834814711,0.9796629580495562,1156527.7555454688,4005.818961319838,200.07301950477924,0.8341784533330415,36.006173492679416,3.0,81.0,"sinr_bin_for_expected,rsrp_bin_for_expected,carrier_count_for_expected",34.90546168328142,40.05773955709195,5.152277873810526,True,high,36.006173492679416,3.0,81.0,"sinr_bin_for_expected,rsrp_bin_for_expected,carrier_count_for_expected",34.90546168328142,40.05773955709195,5.152277873810526,34.071283229948385,0.023898221456059004,29.201226340433465,5.0,95.0,"carrier_count_for_expected,rb_usage_bucket",27.436165199145872,31.81367095125307,4.377505752107197,False,medium,28.367047887100423,0.028566555514074308,-2.8012858589560055,26.60198674581283,0.03040433848091171,True,False,1,low_tp_family,35.0,68.59707908774195,0.0,3.0,35.17199503934638,0.023167650778071217,-3.0044880779801306,0.7612789372548009,0.626085925894752,6.0,-0.07289951607824063,1.095759271025045,,,,114,31.572608509649918,30.187616641227034,11.491031809043045,24.847788903171732,0.08771929824561403,40.9,Medium,sustained_low_throughput_window,resource_limited_or_demand_uncertain_low_throughput;sustained_low_throughput_window;fixed_low_throughput;global_percentile_low_throughput;session_percentile_low_throughput;iqr_extreme_low_throughput;robust_z_extreme_low_throughput,1,5,True,False,-100.92845819065245,-8.51130550864092,10.303266052665059,-73.95599451076329,,1.1232638199587497,-0.31173978177412764,,3.9755009076132586,5.616233445356187,0-10,19.881320843293924,19.232143914621872,True,lte_rb_count;lte_agg_rb_dl,lte_agg_rb_dl,5.616233445356187,low_rb_usage,low_or_uncertain,100.0,aggregate_bandwidth,5.616233445356187,86.74455260159908,93.7799316942077,160.64413438518753,True,False,False,0.14852987530687253,0.1391379587959315,False,False,True,False,True,True,False,0.9867084725487447,unknown_carrier_count,,,,,,,,0,,0,,False,False,False,False,False,True,True,True,True,True,True,False,True,True,False,False,False,True,False,False,False,False,False,False,False,,,,0,False,0,False,0,False,0,False,0,False,0,False,0,False,0,False,True,False,False,0.9165821546666958,0.9474477530330514,0.9274061313905186,1.0,0.7220798641845713,0.0,0.9238721062745199,0.0,0.0,0.0,0.0,0.0,0.9613872487032146,0.4396499379918297,0.958291077333348,0.0,0.0,71.59707908774195,71.59707908774195,40.862494016581465,pending_rca,
LTE-TP-000002,LTE-TP-EP-000001,32049,542020041221088+20250827094025+Fiji-Nadi-LTE-DL-D!20250827093942,2025-08-26 23:37:41+02:00,2025-08-26,23,37,Fiji-Nadi-LTE-DL-D,Fiji-Nadi,DL-D,1.0,1.0,True,False,False,True,outside_download_activity,-17.813415322646293,177.39530397331893,-0.9260227222792449,9.88285785024185,72.46954070448429,118.66865483437996,345.7577828124495,655.4120261864066,0.21817469049799965,1029551.0070496948,3846.699363172533,200.50298476746661,0.01163947582834917,36.31305223888564,3.0,144.0,"sinr_bin_for_expected,rsrp_bin_for_expected,carrier_count_for_expected",31.585509980216504,38.73488577855031,7.1493757983338035,True,high,36.31305223888564,3.0,144.0,"sinr_bin_for_expected,rsrp_bin_for_expected,carrier_count_for_expected",31.585509980216504,38.73488577855031,7.1493757983338035,31.573870504388154,0.0003685068196030244,24.63994399743227,3.0,52.0,"sinr_bin_for_expected,rsrp_bin_for_expected,carrier_count_for_expected,rb_usage_bucket",20.515628463924894,26.918551454805066,6.402922990880171,True,high,24.62830452160392,0.0004723823978480682,-3.232579189650589,20.503988988096545,0.0005673467838831389,False,False,1,low_tp_family,35.0,71.61939659144963,0.0,3.0,36.30141276305729,0.0003205314648787661,-3.607770933203455,0.8341784533330415,0.6468504243220214,7.0,0.8225389775046924,0.013953220419255025,0.8341784533330415,0.8225389775046924,0.013953220419255025,114,31.572608509649918,30.187616641227034,11.491031809043045,24.847788903171732,0.08771929824561403,41.3,Medium,sustained_low_throughput_window,resource_limited_or_demand_uncertain_low_throughput;sustained_low_throughput_window;fixed_low_throughput;global_percentile_low_throughput;session_percentile_low_throughput;iqr_extreme_low_throughput;robust_z_extreme_low_throughput,1,4,True,False,-106.09522799125403,-9.579760086531152,7.264514394292701,-75.24802359151867,7.875039346094006,10.289991218085936,0.1439659641440405,1.0037393068104317,1.1134521883685222,2.8884987439935417,0-10,20.026017490207657,19.15814532549643,True,lte_rb_count;lte_agg_rb_dl,lte_agg_rb_dl,2.8884987439935417,low_rb_usage,low_or_uncertain,100.0,aggregate_bandwidth,2.8884987439935417,86.74455260159908,93.7799316942077,160.64413438518753,True,False,False,0.00402959352243194,0.1391379587959315,False,False,True,False,True,True,False,1.006145802259116,unknown_carrier_count,,,,,,,,0,,0,,False,False,False,False,False,True,True,True,True,True,True,False,True,True,False,False,False,True,False,False,False,False,False,False,False,,,,0,False,0,False,0,False,0,False,0,False,0,False,0,False,0,False,True,False,False,0.998836052417165,0.999266726914543,0.9989870817502055,1.0,0.9946980197502644,0.0,0.9165821546666958,0.0,0.0,0.0,0.0,0.0,0.9994657808918688,0.4537676595382162,0.9994180262085826,0.02056347443761731,0.0,74.61939659144963,74.61939659144963,41.25901378672184,pending_rca,
LTE-TP-000003,LTE-TP-EP-000002,32053,542020041221088+20250827094025+Fiji-Nadi-LTE-DL-D!20250827093942,2025-08-26 23:37:45+02:00,2025-08-26,23,37,Fiji-Nadi-LTE-DL-D,Fiji-Nadi,DL-D,5.0,1.0,True,False,False,True,outside_download_activity,-17.815044568778042,177.39595276384466,-0.3092612154989962,9.89972541403902,72.54134184541792,444.5885410424975,142.7174608708153,41636.87239194617,42.1521464112481,1014446.94123738,4051.5607014130796,48.326077027794625,1.9293661375014446,62.464923791031794,3.0,80.0,"sinr_bin_for_expected,rsrp_bin_for_expected,carrier_count_for_expected",55.008776699597014,66.51022794102303,11.501451241426018,True,high,62.464923791031794,3.0,80.0,"sinr_bin_for_expected,rsrp_bin_for_expected,carrier_count_for_expected",55.008776699597014,66.51022794102303,11.501451241426018,53.07941056209557,0.03507378737101745,50.82461320786116,6.0,412.0,GLOBAL,46.68729935864987,57.978478039948165,11.291178681298298,False,not_available_or_sparse,48.895247070359716,0.03796125569339355,-2.8730791305649497,44.75793322114842,0.04132528897591902,True,False,1,low_tp_family,35.0,74.70390118793318,0.0,5.0,60.53555765353035,0.0308871926900269,-3.0757013077349526,1.3817722954172431,0.6676149227492908,8.0,-0.5475938420842015,1.3962981772759084,0.01163947582834917,-1.9177266616730955,165.76056911448453,114,31.572608509649918,30.187616641227034,11.491031809043045,24.847788903171732,0.08771929824561403,41.8,Medium,sustained_low_throughput_window,resource_limited_or_demand_uncertain_low_throughput;sustained_low_throughput_window;fixed_low_throughput;global_percentile_low_throughput;session_percentile_low_throughput;iqr_extreme_low_throughput;robust_z_extreme_low_throughput,1,5,True,False,-109.14657077360494,-10.091374627006294,3.7097118960954543,-80.17372235547091,7.960772349158018,6.992269233371263,0.8620789320226869,1.0174327524052953,3.99984560717244,5.623203606953664,0-10,20.19893475413675,39.375977245733736,True,lte_rb_count;lte_agg_rb_dl,lte_agg_rb_dl,5.623203606953664,low_rb_usage,low_or_uncertain,200.57744886974768,fallback_100rb_per_carrier,2.803507392600899,86.74455260159908,93.7799316942077,160.64413438518753,True,False,False,0.34310799899110656,0.1391379587959315,False,False,True,False,True,True,False,2.005774488697477,unknown_carrier_count,,,,,,,,0,,0,,False,False,False,False,False,True,True,True,True,True,True,False,True,True,False,False,False,True,False,False,False,True,False,False,False,Success,Connection Request,-4.767997856142744,0,False,0,False,0,False,0,False,0,False,0,False,0,False,0,False,True,False,False,0.8070633862498555,0.8784522360383202,0.8320980944476108,1.0,0.5075728193037891,0.0,0.8664770154501419,0.0,0.0,0.0,0.0,0.0,0.9485213455166218,0.7566944706691293,0.9035316931249279,0.0,0.0,79.70390118793318,79.70390118793318,41.84223094344565,pending_rca,
LTE-TP-000004,LTE-TP-EP-000003,32056,542020041221088+20250827094025+Fiji-Nadi-LTE-DL-D!20250827093942,2025-08-26 23:37:48+02:00,2025-08-26,23,37,Fiji-Nadi-LTE-DL-D,Fiji-Nadi,DL-D,8.0,1.0,True,False,False,True,outside_download_activity,-17.812469419314027,177.3960015479588,0.5091684588344165,10.006600275568074,72.44005097996639,436.41299589824183,144.60937306419217,41672.49082455493,39.12480098337386,1098029.6969507758,4446.447394880379,52.11794914758277,0.6883794211765603,36.31305223888564,3.0,144.0,"sinr_bin_for_expected,rsrp_bin_for_expected,carrier_count_for_expected",31.585509980216504,38.73488577855031,7.1493757983338035,True,high,36.31305223888564,3.0,144.0,"sinr_bin_for_expected,rsrp_bin_for_expected,carrier_count_for_expected",31.585509980216504,38.73488577855031,7.1493757983338035,30.897130559039944,0.02179415249612005,24.63994399743227,3.0,52.0,"sinr_bin_for_expected,rsrp_bin_for_expected,carrier_count_for_expected,rb_usage_bucket",20.515628463924894,26.918551454805066,6.402922990880171,True,high,23.95156457625571,0.027937540006109443,-2.720382301368524,19.827249042748335,0.03355390366846528,False,False,1,low_tp_family,35.0,69.63179241938461,0.0,3.0,35.624672817709076,0.018956804199439143,-3.09557404492139,1.9293661375014446,0.6883794211765603,9.0,1.2409867163248842,0.3567904545417289,1.9293661375014446,1.2409867163248842,0.3567904545417289,114,31.572608509649918,30.187616641227034,11.491031809043045,24.847788903171732,0.08771929824561403,41.0,Medium,sustained_low_throughput_window,resource_limited_or_demand_uncertain_low_throughput;sustained_low_throughput_window;fixed_low_throughput;global_percentile_low_throughput;session_percentile_low_throughput;iqr_extreme_low_throughput;robust_z_extreme_low_throughput,1,4,True,False,-111.64630081706756,-10.511397181677173,2.184577723286604,-77.77350767991922,7.815848156561622,8.634747709166954,-0.1660527156956167,1.0008953894676036,6.955566884544043,4.8339132409498,0-10,20.058385648514626,18.94275683516645,True,lte_rb_count;lte_agg_rb_dl,lte_agg_rb_dl,4.8339132409498,low_rb_usage,low_or_uncertain,100.0,aggregate_bandwidth,4.8339132409498,86.74455260159908,93.7799316942077,160.64413438518753,True,False,False,0.14240624249211864,0.1391379587959315,False,False,True,False,True,True,False,0.992493896133612,unknown_carrier_count,,,,,,,,0,,0,,False,False,False,False,False,True,True,True,True,True,True,False,True,True,False,False,False,True,False,False,False,False,False,False,False,Success,Connection Request,-15.906125104532428,0,False,0,False,0,False,0,False,0,False,0,False,0,False,0,False,True,False,False,0.9311620578823441,0.9566329180475815,0.9400942027995407,1.0,0.7600283696352388,0.0,0.8623241157646879,0.0,0.0,0.0,0.0,0.0,0.9684053263342681,0.44530841022136347,0.965581028941172,0.031024667908122104,0.0,72.63179241938461,72.63179241938461,41.00276551819733,pending_rca,
LTE-TP-000005,LTE-TP-EP-000004,32059,542020041221088+20250827094025+Fiji-Nadi-LTE-DL-D!20250827093942,2025-08-26 23:37:51+02:00,2025-08-26,23,37,Fiji-Nadi-LTE-DL-D,Fiji-Nadi,DL-D,11.0,1.0,True,False,False,True,outside_download_activity,-17.81721959128047,177.39600756373977,0.17266280356769004,9.996782021513113,72.94556343168134,356.68020821447334,135.67335300056183,41285.37816351738,42.0748040528659,1102996.3609965548,4109.961876823795,50.5466759429514,0.6053214274674825,36.31305223888564,3.0,144.0,"sinr_bin_for_expected,rsrp_bin_for_expected,carrier_count_for_expected",31.585509980216504,38.73488577855031,7.1493757983338035,True,high,36.31305223888564,3.0,144.0,"sinr_bin_for_expected,rsrp_bin_for_expected,carrier_count_for_expected",31.585509980216504,38.73488577855031,7.1493757983338035,30.98018855274902,0.01916452917323874,24.63994399743227,3.0,52.0,"sinr_bin_for_expected,rsrp_bin_for_expected,carrier_count_for_expected,rb_usage_bucket",20.515628463924894,26.918551454805066,6.402922990880171,True,high,24.034622569964785,0.02456667221039801,-2.7708274449963413,19.91030703645741,0.02950538066781099,False,False,1,low_tp_family,35.0,71.46937710081185,0.0,3.0,35.70773081141816,0.016669527625641924,-3.1460191885492073,6.044660408997662,0.7248291792156806,10.0,5.439338981530179,0.10014151110398908,0.6883794211765603,0.08305799370907774,0.87934271253037,114,31.572608509649918,30.187616641227034,11.491031809043045,24.847788903171732,0.08771929824561403,41.2,Medium,sustained_low_throughput_window,resource_limited_or_demand_uncertain_low_throughput;sustained_low_throughput_window;fixed_low_throughput;global_percentile_low_throughput;session_percentile_low_throughput;iqr_extreme_low_throughput;robust_z_extreme_low_throughput,1,4,True,False,-112.42996581750941,-10.918030722252263,2.948216005134245,-81.16493319774202,5.999440432858096,8.063673092594495,0.5585597421561398,1.0306939908615518,5.320604511921899,8.117975240082044,0-10,19.941879021074513,20.277464966173827,True,lte_rb_count;lte_agg_rb_dl,lte_agg_rb_dl,8.117975240082044,low_rb_usage,low_or_uncertain,100.0,pcell_bandwidth_times_carriers,8.117975240082044,86.74455260159908,93.7799316942077,160.64413438518753,True,False,False,0.07456556709839939,0.1391379587959315,False,False,True,False,True,True,False,0.9957572203501726,unknown_carrier_count,,,,,,,,0,,0,,False,False,False,False,True,True,True,True,True,True,True,False,True,True,False,False,False,True,False,False,False,False,False,False,False,Success,Connection Request,34.43520410391487,0,False,0,False,0,False,0,False,0,False,0,False,0,False,0,False,True,False,False,0.9394678572532518,0.9618654725214335,0.9473222737934539,1.0,0.783140466713468,0.0,0.855034164156864,0.0,0.0,0.0,0.0,0.0,0.9722174539572636,0.446346635142727,0.9697339286266258,0.1359834745382545,0.0,74.46937710081185,74.46937710081185,41.240259572635885,pending_rca,
LTE-TP-000006,LTE-TP-EP-000005,32061,542020041221088+20250827094025+Fiji-Nadi-LTE-DL-D!20250827093942,2025-08-26 23:37:53+02:00,2025-08-26,23,37,Fiji-Nadi-LTE-DL-D,Fiji-Nadi,DL-D,13.0,1.0,True,False,False,True,outside_download_activity,-17.81930572105447,177.3937572283083,-0.06250266574710596,9.815521674642948,72.5168178162079,1130.7771563376107,142.11397339512783,40087.42888440415,41.93925171448615,1155241.329334418,4455.998434349383,48.33549314000955,10.159954680493879,36.31305223888564,3.0,144.0,"sinr_bin_for_expected,rsrp_bin_for_expected,carrier_count_for_expected",31.585509980216504,38.73488577855031,7.1493757983338035,True,high,36.31305223888564,3.0,144.0,"sinr_bin_for_expected,rsrp_bin_for_expected,carrier_count_for_expected",31.585509980216504,38.73488577855031,7.1493757983338035,21.425555299722625,0.32166505105846127,24.63994399743227,3.0,52.0,"sinr_bin_for_expected,rsrp_bin_for_expected,carrier_count_for_expected,rb_usage_bucket",20.515628463924894,26.918551454805066,6.402922990880171,True,high,14.47998931693839,0.41233676024396193,-0.8318195518053009,10.355673783431016,0.4952299998198619,False,False,1,low_tp_family,35.0,39.15193550673419,0.0,1.0,26.15309755839176,0.27978795650821514,-1.2070112953581669,10.159954680493879,0.7612789372548009,11.0,0.0,1.0,0.6053214274674825,-9.554633253026397,16.78439622235191,114,31.572608509649918,30.187616641227034,11.491031809043045,24.847788903171732,0.08771929824561403,33.2,Low,sustained_low_throughput_window,resource_limited_or_demand_uncertain_low_throughput;sustained_low_throughput_window;global_percentile_low_throughput;session_percentile_low_throughput,1,4,True,False,-109.5164418332939,-10.663102414762472,8.03769778518214,-78.12391836549638,9.059868496031928,16.109122685259518,9.5198334134031,2.022541309034073,82.49556857277419,82.71125044922312,50-100,19.973011800772728,20.268423426901016,True,lte_rb_count;lte_agg_rb_dl,lte_agg_rb_dl,82.71125044922312,low_rb_usage,low_or_uncertain,101.18273063970047,pcell_bandwidth_times_carriers,81.74443398226514,86.74455260159908,93.7799316942077,160.64413438518753,True,False,False,0.12283642944959622,0.1391379587959315,False,False,True,False,True,True,False,1.0118273063970047,unknown_carrier_count,,,,,,,,0,,0,,False,False,False,False,False,True,False,True,True,False,False,False,True,True,False,False,False,True,False,False,False,False,False,False,False,Success,Connection Request,-15.43417724972075,0,False,0,False,0,False,0,False,0,False,0,False,0,False,0,False,True,False,False,0.0,0.3599349810475729,0.11583617125675823,0.0,0.0,0.0,0.8477442125490399,0.0,0.0,0.0,0.0,0.0,0.5336867391529747,0.326913719479897,0.49200226597530605,0.0,0.0,40.15193550673419,40.15193550673419,33.19805156387727,pending_rca,
LTE-TP-000007,LTE-TP-EP-000006,32072,542020041221088+20250827094025+Fiji-Nadi-LTE-DL-D!20250827093942,2025-08-26 23:38:04+02:00,2025-08-26,23,38,Fiji-Nadi-LTE-DL-D,Fiji-Nadi,DL-D,24.0,1.0,True,False,False,True,outside_download_activity,-17.81602157784294,177.39606431678192,-0.04495067167341038,10.210004039714873,71.32251160992948,136.2022614822804,145.08403319806774,41712.90308229375,40.81796682509059,1032234.1121063365,3927.7049809512973,50.61719911625474,6.029151331144575,36.006173492679416,3.0,81.0,"sinr_bin_for_expected,rsrp_bin_for_expected,carrier_count_for_expected",34.90546168328142,40.05773955709195,5.152277873810526,True,high,36.006173492679416,3.0,81.0,"sinr_bin_for_expected,rsrp_bin_for_expected,carrier_count_for_expected",34.90546168328142,40.05773955709195,5.152277873810526,28.876310352136848,0.17272802135811144,29.201226340433465,5.0,95.0,"carrier_count_for_expected,rb_usage_bucket",27.436165199145872,31.81367095125307,4.377505752107197,False,medium,23.17207500928889,0.20646911403156767,-1.4578165533523544,21.407013868001297,0.21975196924868606,True,False,2,low_tp_family;temporal_drop_family,50.0,59.43001368987437,3.4657359027997265,3.0,29.97702216153484,0.1674477109424135,-1.6610187723764795,20.066377393191754,11.624926826835697,11.0,14.037226062047178,0.3004603777256867,25.672928842165682,19.643777511021106,0.23484470230144477,114,31.572608509649918,30.187616641227034,11.491031809043045,24.847788903171732,0.08771929824561403,65.9,High,sudden_drop,resource_limited_or_demand_uncertain_low_throughput;sudden_drop;rolling_local_drop;fixed_low_throughput;global_percentile_low_throughput;session_percentile_low_throughput;iqr_extreme_low_throughput;robust_z_extreme_low_throughput,2,5,False,True,-107.88127756925294,-9.818103041964324,11.200306526906354,-78.66933052275606,7.81903872450151,11.491635495787966,3.6800783598326525,0.9997277791454068,67.78451375775396,67.32274511107934,50-100,19.940425352883864,20.079414654773203,True,lte_rb_count;lte_agg_rb_dl,lte_agg_rb_dl,67.32274511107934,low_rb_usage,low_or_uncertain,101.31747148092525,pcell_bandwidth_times_carriers,66.44732061217498,86.74455260159908,93.7799316942077,160.64413438518753,True,False,False,0.089555934197228,0.1391379587959315,False,False,True,False,True,False,False,1.0131747148092525,unknown_carrier_count,,,,,,,,0,,0,,False,False,False,False,False,True,True,True,True,True,True,True,False,False,False,False,True,True,False,False,False,False,False,False,False,Success,Connection Request,2.91360843598496,0,False,0,False,0,False,0,False,0,False,0,False,0,False,0,False,True,True,False,0.39708486688554256,0.6201706619375872,0.47531680084639216,1.0,0.10655197032382874,0.6995396222743133,0.0,0.0,0.7651552976985552,0.0,0.0,0.0,0.7209204817626441,0.3747127770191855,0.6985424334427712,0.49109443777552764,0.0,65.8957495926741,65.8957495926741,65.8957495926741,pending_rca,
LTE-TP-000008,LTE-TP-EP-000006,32073,542020041221088+20250827094025+Fiji-Nadi-LTE-DL-D!20250827093942,2025-08-26 23:38:05+02:00,2025-08-26,23,38,Fiji-Nadi-LTE-DL-D,Fiji-Nadi,DL-D,25.0,1.0,True,False,False,True,outside_download_activity,-17.814146287207862,177.39556945774646,-0.08933461303842889,9.926484239771343,72.22938784946518,215.00305405414673,148.81898819400027,42906.691070991976,39.001783906536,1097323.5410942321,4202.56439970166,48.49904590784601,5.09587159734415,36.006173492679416,3.0,81.0,"sinr_bin_for_expected,rsrp_bin_for_expected,carrier_count_for_expected",34.90546168328142,40.05773955709195,5.152277873810526,True,high,36.006173492679416,3.0,81.0,"sinr_bin_for_expected,rsrp_bin_for_expected,carrier_count_for_expected",34.90546168328142,40.05773955709195,5.152277873810526,29.809590085937273,0.14599066597606145,29.201226340433465,5.0,95.0,"carrier_count_for_expected,rb_usage_bucket",27.436165199145872,31.81367095125307,4.377505752107197,False,medium,24.105354743089315,0.17450882157946065,-1.6002707761207802,22.340293601801722,0.18573556327408292,True,False,2,low_tp_family;temporal_drop_family,50.0,62.750242715416185,3.4657359027997265,5.0,30.910301895335266,0.14152771880578244,-1.8034729951449053,25.672928842165682,11.624926826835697,11.0,20.577057244821532,0.19849202358924464,6.029151331144575,0.9332797338004246,0.8452054555374295,114,31.572608509649918,30.187616641227034,11.491031809043045,24.847788903171732,0.08771929824561403,71.2,High,radio_limited_degradation,radio_limited_degradation;resource_limited_or_demand_uncertain_low_throughput;rolling_local_drop;fixed_low_throughput;global_percentile_low_throughput;session_percentile_low_throughput;iqr_extreme_low_throughput;robust_z_extreme_low_throughput,2,6,False,True,-109.34498528338187,-9.858199218691293,10.849209790623576,-79.75582965399448,7.969296872774247,8.57562665368954,11.721671221199635,1.9971236019503358,64.13192158627993,61.56942027211551,50-100,19.91241646877256,20.402586773800973,True,lte_rb_count;lte_agg_rb_dl,lte_agg_rb_dl,61.56942027211551,low_rb_usage,low_or_uncertain,101.05415956972858,pcell_bandwidth_times_carriers,60.92715088054527,86.74455260159908,93.7799316942077,160.64413438518753,True,False,False,0.08276627544683973,0.1391379587959315,False,False,True,False,True,False,False,1.0105415956972859,unknown_carrier_count,,,,,,,,0,,0,,False,False,False,True,False,True,True,True,True,True,True,True,False,False,False,False,False,True,False,False,True,False,False,False,False,Success,Connection Request,6.582540442776294,0,False,0,False,0,False,0,False,0,False,0,False,0,False,0,False,True,True,False,0.490412840265585,0.6789661712964781,0.5565348976465391,1.0,0.17181922082704698,0.8015079764107553,0.0,0.0,0.0,0.0,0.0,0.0,0.7641204686570293,0.3863787736916908,0.7452064201327925,0.5144264311205383,0.0,71.21597861821591,71.21597861821591,71.21597861821591,pending_rca,
LTE-TP-000009,LTE-TP-EP-000006,32074,542020041221088+20250827094025+Fiji-Nadi-LTE-DL-D!20250827093942,2025-08-26 23:38:06+02:00,2025-08-26,23,38,Fiji-Nadi-LTE-DL-D,Fiji-Nadi,DL-D,26.0,1.0,True,False,False,True,outside_download_activity,-17.814761362228897,177.39634989275456,0.2531069075137136,9.946228848762734,70.8253723307226,107.25504320319213,149.37835652039104,41407.80550210499,42.105656759344704,1103075.2018609687,4271.635522948078,49.37870509685939,3.2361145162239477,36.31305223888564,3.0,144.0,"sinr_bin_for_expected,rsrp_bin_for_expected,carrier_count_for_expected",31.585509980216504,38.73488577855031,7.1493757983338035,True,high,36.31305223888564,3.0,144.0,"sinr_bin_for_expected,rsrp_bin_for_expected,carrier_count_for_expected",31.585509980216504,38.73488577855031,7.1493757983338035,28.349395463992558,0.10245566774925842,24.63994399743227,3.0,52.0,"sinr_bin_for_expected,rsrp_bin_for_expected,carrier_count_for_expected,rb_usage_bucket",20.515628463924894,26.918551454805066,6.402922990880171,True,high,21.40382948120832,0.13133611491004946,-1.8005049864416263,17.27951394770095,0.15773899015155196,False,False,2,low_tp_family;temporal_drop_family,50.0,69.36602564772416,3.4657359027997265,3.0,33.07693772266169,0.08911711675832558,-2.1756967299944923,25.29777913553412,11.624926826835697,11.0,22.06166461931017,0.12792089372297472,5.09587159734415,1.8597570811202022,0.6350463221856955,114,31.572608509649918,30.187616641227034,11.491031809043045,24.847788903171732,0.08771929824561403,75.8,High,rolling_local_drop,resource_limited_or_demand_uncertain_low_throughput;rolling_local_drop;fixed_low_throughput;global_percentile_low_throughput;session_percentile_low_throughput;iqr_extreme_low_throughput;robust_z_extreme_low_throughput,2,4,False,True,-112.1299870718183,-11.962365222420651,7.649592914361054,-79.43535124390357,6.070673015802051,6.82904244697464,9.837891136662964,2.0130022202456717,46.63872462579824,51.3239679346767,50-100,20.07405159104453,19.52643517311246,True,lte_rb_count;lte_agg_rb_dl,lte_agg_rb_dl,51.3239679346767,low_rb_usage,low_or_uncertain,100.0,aggregate_bandwidth,51.32396793467671,86.74455260159908,93.7799316942077,160.64413438518753,True,False,False,0.06305269538673934,0.1391379587959315,False,False,True,False,True,False,False,0.9859149319392079,unknown_carrier_count,,,,,,,,0,,0,,False,False,False,False,True,True,True,True,True,True,True,True,False,False,False,False,False,True,False,False,False,False,False,False,False,Success,Connection Request,-4.444477621410108,0,False,0,False,0,False,0,False,0,False,0,False,0,False,0,False,True,True,False,0.6763885483776052,0.7961286477846358,0.7183791177327316,1.0,0.33857464240414475,0.8720791062770252,0.0,0.0,0.0,0.0,0.0,0.0,0.8514714720694574,0.4134617215332711,0.8381942741888025,0.5515416154827543,0.0,75.83176155052388,75.83176155052388,75.83176155052388,pending_rca,
LTE-TP-000010,LTE-TP-EP-000007,32112,542020041221088+20250827094025+Fiji-Nadi-LTE-DL-D!20250827093942,2025-08-26 23:38:44+02:00,2025-08-26,23,38,Fiji-Nadi-LTE-DL-D,Fiji-Nadi,DL-D,64.0,1.0,True,False,False,True,outside_download_activity,-17.817371911890817,177.39459940518663,0.17053890765093047,9.974230726938826,73.70462715965677,532.0406017452323,146.54995436855157,40344.6301800611,40.9425621130946,1153566.777124763,4188.621009126964,47.191768746033276,14.596878442324424,36.31305223888564,3.0,144.0,"sinr_bin_for_expected,rsrp_bin_for_expected,carrier_count_for_expected",31.585509980216504,38.73488577855031,7.1493757983338035,True,high,36.31305223888564,3.0,144.0,"sinr_bin_for_expected,rsrp_bin_for_expected,carrier_count_for_expected",31.585509980216504,38.73488577855031,7.1493757983338035,16.98863153789208,0.4621384442254419,24.63994399743227,3.0,52.0,"sinr_bin_for_expected,rsrp_bin_for_expected,carrier_count_for_expected,rb_usage_bucket",20.515628463924894,26.918551454805066,6.402922990880171,True,high,10.043065555107844,0.5924071273800608,-0.49708065348072816,5.91875002160047,0.7115004284656391,False,False,2,low_tp_family;temporal_drop_family,50.0,33.39680936470454,3.4657359027997265,3.0,21.716173796561215,0.401973327559985,-0.8722723970335942,31.836076155752497,26.755591233069982,11.0,17.239197713428073,0.45850117869148577,36.74367101259237,22.146792570267948,0.3972623866929885,114,31.572608509649918,30.187616641227034,11.491031809043045,24.847788903171732,0.08771929824561403,56.5,Medium,radio_limited_degradation,radio_limited_degradation;resource_limited_or_demand_uncertain_low_throughput;sudden_drop;rolling_local_drop;global_percentile_low_throughput,2,3,False,True,-107.80122705226425,-11.164670882903998,8.958227497693002,-76.77420782199789,8.001749675988911,16.105512281010625,11.30108092819343,2.002314645049514,77.9077467556834,73.84632682723176,50-100,20.162659935720693,20.2784064443644,True,lte_rb_count;lte_agg_rb_dl,lte_agg_rb_dl,73.84632682723176,low_rb_usage,low_or_uncertain,100.06038855185606,fallback_100rb_per_carrier,73.80175901371906,86.74455260159908,93.7799316942077,160.64413438518753,True,False,False,0.19766559921761256,0.1391379587959315,False,False,True,False,False,False,False,1.0006038855185606,unknown_carrier_count,,,,,,,,0,,0,,False,False,False,True,False,True,False,True,False,False,False,True,False,False,False,False,True,False,False,False,True,False,False,False,False,Success,Connection Request,1.8206720073985876,0,False,0,False,0,False,0,False,0,False,0,False,0,False,0,False,True,True,False,0.0,0.0804140795263377,0.0,0.0,0.0,0.5414988213085142,0.0,0.0,0.6027376133070115,0.0,0.0,0.0,0.33004445406669164,0.2714521724570152,0.27015607788377877,0.5536698142566987,0.0,56.46573590279973,56.46573590279973,56.46573590279973,pending_rca,
LTE-TP-000011,LTE-TP-EP-000008,32139,542020041221088+20250827094025+Fiji-Nadi-LTE-DL-D!20250827093942,2025-08-26 23:39:11+02:00,2025-08-26,23,39,Fiji-Nadi-LTE-DL-D,Fiji-Nadi,DL-D,91.0,1.0,True,False,False,True,outside_download_activity,-17.817109234770527,177.39569882082614,-0.053841578673716556,10.017458690977923,73.00518169772558,335.11645953681347,144.4796768768884,40626.94191250248,40.4487702537664,1100253.978557317,3852.1648847190327,50.273535816846525,15.862337179241477,36.31305223888564,3.0,144.0,"sinr_bin_for_expected,rsrp_bin_for_expected,carrier_count_for_expected",31.585509980216504,38.73488577855031,7.1493757983338035,True,high,36.31305223888564,3.0,144.0,"sinr_bin_for_expected,rsrp_bin_for_expected,carrier_count_for_expected",31.585509980216504,38.73488577855031,7.1493757983338035,15.723172800975027,0.5022029781750178,24.63994399743227,3.0,52.0,"sinr_bin_for_expected,rsrp_bin_for_expected,carrier_count_for_expected,rb_usage_bucket",20.515628463924894,26.918551454805066,6.402922990880171,True,high,8.777606818190792,0.643765147392157,-0.4190688821652975,4.653291284683418,0.7731830982967028,False,False,1,low_tp_family,25.0,26.142811101931812,0.0,1.0,20.45071505964416,0.4368219194269596,-0.7942606257181635,27.4513020129123,23.485886311860966,11.0,11.588964833670824,0.5778355129305084,29.358771187465926,13.49643400822445,0.5402929529289546,114,31.572608509649918,30.187616641227034,11.491031809043045,24.847788903171732,0.08771929824561403,26.8,Low,resource_limited_or_demand_uncertain_low_throughput,resource_limited_or_demand_uncertain_low_throughput;global_percentile_low_throughput,1,2,True,False,-111.17994108566626,-11.965268938459692,7.31661609104413,-79.18861980690805,7.732110342534073,9.065602770964226,2.132937658651215,2.004510558283841,78.73866723948254,77.86967558863316,50-100,19.90964675443503,19.617627873775657,True,lte_rb_count;lte_agg_rb_dl,lte_agg_rb_dl,77.86967558863316,low_rb_usage,low_or_uncertain,100.0,aggregate_bandwidth,77.86967558863316,86.74455260159908,93.7799316942077,160.64413438518753,True,False,False,0.20370365048184358,0.1391379587959315,False,False,True,False,False,True,False,0.9653936142469132,unknown_carrier_count,,,,,,,,0,,0,,False,False,False,False,False,True,False,True,False,False,False,False,False,False,False,False,False,False,False,False,False,False,False,False,False,Success,Connection Request,-3.280788141218287,0,False,0,False,0,False,0,False,0,False,0,False,0,False,0,False,True,False,False,0.0,0.0006916894271572128,0.0,0.0,0.0,0.0,0.0,0.0,0.0,0.0,0.0,0.0,0.271963467621734,0.25563393824555203,0.20688314103792615,0.33741085020561123,0.0,27.142811101931812,27.142811101931812,26.79125233208723,pending_rca,
LTE-TP-000012,LTE-TP-EP-000009,32148,542020041221088+20250827094025+Fiji-Nadi-LTE-DL-D!20250827093942,2025-08-26 23:39:20+02:00,2025-08-26,23,39,Fiji-Nadi-LTE-DL-D,Fiji-Nadi,DL-D,100.0,1.0,True,False,False,True,outside_download_activity,-17.814574723678042,177.39675112510386,0.03364683299504829,9.916566904320698,72.62079300068906,152.69398253535573,275.9911311829387,41339.44257763383,40.87799289236326,999572.8059131979,4173.936102130793,62.99053935418479,1.7817510034371196,36.31305223888564,3.0,144.0,"sinr_bin_for_expected,rsrp_bin_for_expected,carrier_count_for_expected",31.585509980216504,38.73488577855031,7.1493757983338035,True,high,36.31305223888564,3.0,144.0,"sinr_bin_for_expected,rsrp_bin_for_expected,carrier_count_for_expected",31.585509980216504,38.73488577855031,7.1493757983338035,29.803758976779385,0.056410392124525276,46.70130864847751,3.0,32.0,"sinr_bin_for_expected,rsrp_bin_for_expected,carrier_count_for_expected,rb_usage_bucket",40.92621743532434,50.344876725566934,9.418659290242594,True,high,44.919557645040385,0.038152057297760666,-2.8418782457193883,39.14446643188722,0.043535687270704136,True,True,4,low_tp_family;temporal_drop_family;expected_tp_family;rb_efficiency_family,75.0,79.8622975099984,6.931471805599453,5.0,34.53130123544852,0.049066407079081636,-2.596262604638302,29.18884747256351,20.311166860785626,11.0,27.40709646912639,0.06104218418051288,29.18884747256351,27.40709646912639,0.06104218418051288,114,31.572608509649918,30.187616641227034,11.491031809043045,24.847788903171732,0.08771929824561403,89.9,High,rb_efficiency_underperformance,radio_limited_degradation;rb_efficiency_underperformance;rb_conditioned_underperformance;radio_p75_underperformance;sudden_drop;rolling_local_drop;fixed_low_throughput;global_percentile_low_throughput;session_percentile_low_throughput;iqr_extreme_low_throughput;robust_z_extreme_low_throughput,4,3,False,True,-108.11317235803953,-10.253504073624757,7.666736843563143,-76.77019411706466,8.8281383605736,12.43789202488245,10.20449078157844,2.009355408389461,90.61695289884943,94.2020555342605,50-100,19.92276169339888,19.627029249918976,True,lte_rb_count;lte_agg_rb_dl,lte_agg_rb_dl,94.2020555342605,medium_rb_usage,medium,100.0,aggregate_bandwidth,94.2020555342605,86.74455260159908,93.7799316942077,160.64413438518753,False,True,False,0.018914141451925236,0.1391379587959315,True,True,False,True,False,False,False,1.0078897194232137,unknown_carrier_count,,,,,,,,0,,0,,False,False,False,True,False,False,True,True,True,True,True,True,False,False,False,False,True,True,True,False,True,False,False,False,False,Success,Radio link Failure,12.141797820545738,0,False,0,False,0,False,0,False,0,False,0,False,0,False,0,False,True,True,True,0.8218248996562881,0.8877518133055247,0.8449442110120222,1.0,0.5312623547094802,0.9389578158194871,0.0,0.0,0.9389578158194871,0.9509335929209184,0.9618479427022393,0.864061959686602,0.9364132378370656,0.5614944705630048,0.910912449828144,0.6851774117281597,0.864061959686602,91.79376931559786,91.79376931559786,91.79376931559786,pending_rca,
LTE-TP-000013,LTE-TP-EP-000009,32149,542020041221088+20250827094025+Fiji-Nadi-LTE-DL-D!20250827093942,2025-08-26 23:39:21+02:00,2025-08-26,23,39,Fiji-Nadi-LTE-DL-D,Fiji-Nadi,DL-D,101.0,1.0,True,False,False,True,outside_download_activity,-17.82409709601716,177.39650727458587,0.2714621583309418,9.827543032958255,72.34813897283883,1059.1555796763637,144.4246165279139,40923.366098146354,42.37223953044514,1053537.6153115241,4056.538548006595,65.9777974613774,8.122884613749704,62.464923791031794,3.0,80.0,"sinr_bin_for_expected,rsrp_bin_for_expected,carrier_count_for_expected",55.008776699597014,66.51022794102303,11.501451241426018,True,high,62.464923791031794,3.0,80.0,"sinr_bin_for_expected,rsrp_bin_for_expected,carrier_count_for_expected",55.008776699597014,66.51022794102303,11.501451241426018,46.88589208584731,0.14766524727697156,68.42137275067724,5.0,53.0,"carrier_count_for_expected,rb_usage_bucket",55.48631239416858,73.9359125140991,18.449600119930523,False,medium,60.29848813692753,0.11871852737227205,-2.0294087353658297,47.363427780418874,0.14639438562875898,True,False,4,low_tp_family;temporal_drop_family;expected_tp_family;rb_efficiency_family,55.0,70.18851597538307,6.931471805599453,3.0,54.34203917728209,0.13003913429757394,-1.9397013225936304,30.587128959961838,20.311166860785626,11.0,22.464244346212134,0.26556544827670675,1.7817510034371196,-6.341133610312585,4.558933654635302,114,31.572608509649918,30.187616641227034,11.491031809043045,24.847788903171732,0.08771929824561403,80.1,High,ca_underperformance,unexpected_underperformance;ca_underperformance;rb_efficiency_underperformance;radio_p75_underperformance;rolling_local_drop;fixed_low_throughput;global_percentile_low_throughput;session_percentile_low_throughput,4,3,False,True,-104.84118544631107,-10.407573862426764,6.999419264360409,-73.35808005743314,9.96477362329237,17.689403159271713,0.9356655788069664,0.9933595198606691,56.558081889214854,144.46869646319288,100-150,20.119275837915588,39.249874690927115,True,lte_rb_count;lte_agg_rb_dl,lte_agg_rb_dl,144.46869646319288,medium_rb_usage,medium,197.85706682437097,fallback_100rb_per_carrier,73.01669775152959,86.74455260159908,93.7799316942077,160.64413438518753,False,True,False,0.05622591476638137,0.1391379587959315,True,True,False,True,False,False,False,1.9785706682437099,unknown_carrier_count,-103.57100939121796,-11.158474816420224,2.788844298622796,12.687464392224559,14.317214154149038,1.3211582630946097,87.31685291249114,0,,0,,False,False,False,False,False,False,True,True,True,False,False,True,False,False,False,False,False,True,True,True,False,True,True,False,False,Success,Radio link Failure,-29.759177331374772,0,False,0,False,0,False,0,False,0,False,0,False,0,False,0,False,True,True,True,0.18771153862502957,0.48826796400676964,0.293110945236678,0.0,0.0,0.7344345517232933,0.0,0.0,0.0,0.869960865702426,0.0,0.5958980909814421,0.8021357877128799,0.7537311017115942,0.5938557693125148,0.5616061086553034,0.5958980909814421,80.11998778098253,80.11998778098253,80.11998778098253,pending_rca,
LTE-TP-000014,LTE-TP-EP-000010,32153,542020041221088+20250827094025+Fiji-Nadi-LTE-DL-D!20250827093942,2025-08-26 23:39:25+02:00,2025-08-26,23,39,Fiji-Nadi-LTE-DL-D,Fiji-Nadi,DL-D,105.0,1.0,True,False,False,True,outside_download_activity,-17.812433195036952,177.39642251710654,-0.31071846699759226,9.679184252916977,71.35520450311616,227.3588774915081,150.8751260181673,41668.797307605135,40.811268242476004,1151891.1012391022,4072.8625978551013,62.14088756588197,19.954910591748796,62.464923791031794,3.0,80.0,"sinr_bin_for_expected,rsrp_bin_for_expected,carrier_count_for_expected",55.008776699597014,66.51022794102303,11.501451241426018,True,high,62.464923791031794,3.0,80.0,"sinr_bin_for_expected,rsrp_bin_for_expected,carrier_count_for_expected",55.008776699597014,66.51022794102303,11.501451241426018,35.05386610784822,0.3627586685070745,68.42137275067724,5.0,53.0,"carrier_count_for_expected,rb_usage_bucket",55.48631239416858,73.9359125140991,18.449600119930523,False,medium,48.46646215892844,0.29164732874423777,-1.197821770119249,35.53140180241978,0.3596366334455845,True,False,1,temporal_drop_family,50.0,44.65263333718624,0.0,2.0,42.510013199282994,0.31945785539585914,-1.1081143573470498,37.40089842954585,14.978939814525178,11.0,17.445987837797052,0.533540942320917,50.5236119134047,30.568701321655904,0.39496207487997204,114,31.572608509649918,30.187616641227034,11.491031809043045,24.847788903171732,0.08771929824561403,52.0,Medium,sudden_drop,sudden_drop,1,2,False,True,-109.36840552085577,-12.661770735708389,4.450390869045536,-77.17564928953725,8.211944602860427,13.398205510966456,8.71956310546675,1.0364069894136083,70.99480570475703,157.78066667130327,150-250,20.00562186106468,39.671740306899146,True,lte_rb_count;lte_agg_rb_dl,lte_agg_rb_dl,157.78066667130327,medium_rb_usage,medium,199.21683229297878,fallback_100rb_per_carrier,79.20046958645678,86.74455260159908,93.7799316942077,160.64413438518753,False,True,False,0.12647246974383677,0.1391379587959315,False,False,False,True,False,False,False,1.9921683229297877,unknown_carrier_count,-105.38607732894333,-10.66912444152173,5.8800891232607855,7.764945369054368,11.603164813451848,8.136045023574695,91.73023920213139,0,,0,,False,False,False,False,False,False,False,False,False,False,False,False,False,False,False,False,True,True,False,False,False,True,False,False,False,Success,Radio link Failure,43.57859059663429,0,False,0,False,0,False,0,False,0,False,0,False,0,False,0,False,False,True,False,0.0,0.0,0.0,0.0,0.0,0.0,0.0,0.0,0.605037925120028,0.0,0.0,0.0,0.5139211187596037,0.6058307769866055,0.0022544704125602166,0.7642175330413976,0.0,52.0,52.0,52.0,pending_rca,
LTE-TP-000015,LTE-TP-EP-000011,32156,542020041221088+20250827094025+Fiji-Nadi-LTE-DL-D!20250827093942,2025-08-26 23:39:28+02:00,2025-08-26,23,39,Fiji-Nadi-LTE-DL-D,Fiji-Nadi,DL-D,108.0,1.0,True,False,False,True,outside_download_activity,-17.816499719871,177.39506081628238,0.056373659354164975,10.044878456693866,72.86079143714434,483.15704847733457,294.9988554103969,41172.27183429778,41.96816019419793,1132252.4901309425,3993.357772378969,60.16488334211097,10.002969037301561,62.464923791031794,3.0,80.0,"sinr_bin_for_expected,rsrp_bin_for_expected,carrier_count_for_expected",55.008776699597014,66.51022794102303,11.501451241426018,True,high,62.464923791031794,3.0,80.0,"sinr_bin_for_expected,rsrp_bin_for_expected,carrier_count_for_expected",55.008776699597014,66.51022794102303,11.501451241426018,45.00580766229545,0.18184314644784386,50.82461320786116,6.0,412.0,GLOBAL,46.68729935864987,57.978478039948165,11.291178681298298,False,not_available_or_sparse,40.8216441705596,0.19681348083047248,-1.5497000460058152,36.684330321348305,0.21425460831347676,True,False,2,low_tp_family;temporal_drop_family,50.0,68.62582888062364,3.4657359027997265,5.0,52.46195475373023,0.16013737679029566,-1.7523222231758182,47.54037249368505,35.346215500436244,11.0,37.53740345638349,0.21040998445332523,33.291532571326634,23.288563534025073,0.30046586217892923,114,31.572608509649918,30.187616641227034,11.491031809043045,24.847788903171732,0.08771929824561403,77.1,High,sudden_drop,resource_limited_or_demand_uncertain_low_throughput;sudden_drop;rolling_local_drop;global_percentile_low_throughput;session_percentile_low_throughput,2,6,False,True,-104.53203764764432,-10.22994012755784,8.451699045833278,-72.75304424756342,10.851426031874905,16.370409814249793,7.095508616151997,1.9905427085265741,70.52176091252161,67.27028148265515,50-100,19.948203033075323,39.95194206414372,True,lte_rb_count;lte_agg_rb_dl,lte_agg_rb_dl,67.27028148265515,low_rb_usage,low_or_uncertain,201.51617686673595,pcell_bandwidth_times_carriers,33.382075091242655,86.74455260159908,93.7799316942077,160.64413438518753,True,False,False,0.14869818910867363,0.1391379587959315,False,False,True,False,True,False,False,2.0151617686673595,unknown_carrier_count,,,,,,,,0,,0,,False,False,False,False,False,True,False,True,True,False,False,True,False,False,False,False,True,True,False,False,False,True,False,True,True,Failure at MSG2,Radio link Failure,-2.1028307372861725,0,False,0,False,0,False,0,False,0,False,0,False,0,False,0,False,True,True,False,0.0,0.3698248892061264,0.1294977506345801,0.0,0.0,0.7895900155466747,0.0,0.0,0.6995341378210708,0.0,0.0,0.0,0.7331043720161738,0.6557744344216279,0.49985154813492194,0.9384350864095872,0.0,77.09156478342337,77.09156478342337,77.09156478342337,pending_rca,
LTE-TP-000016,LTE-TP-EP-000012,32166,542020041221088+20250827094025+Fiji-Nadi-LTE-DL-D!20250827093942,2025-08-26 23:39:38+02:00,2025-08-26,23,39,Fiji-Nadi-LTE-DL-D,Fiji-Nadi,DL-D,118.0,1.0,True,False,False,True,outside_download_activity,-17.817554702965026,177.39662603118276,1.0740709993456758,9.708621951942137,73.00873770363148,479.0654187359576,276.91927613789954,41146.197385364234,40.33844277335382,981326.4600002633,3927.922421107932,58.5073344314588,31.558969510056432,62.464923791031794,3.0,80.0,"sinr_bin_for_expected,rsrp_bin_for_expected,carrier_count_for_expected",55.008776699597014,66.51022794102303,11.501451241426018,True,high,62.464923791031794,3.0,80.0,"sinr_bin_for_expected,rsrp_bin_for_expected,carrier_count_for_expected",55.008776699597014,66.51022794102303,11.501451241426018,23.449807189540582,0.5737078954218523,65.93225724254272,3.0,57.0,"sinr_bin_for_expected,rsrp_bin_for_expected,carrier_count_for_expected,rb_usage_bucket",60.99254231210596,69.40482028977027,8.41227797766431,True,high,34.37328773248629,0.4786575013496283,-0.7206281302871229,29.43357280204953,0.5174234146293739,False,False,1,temporal_drop_family,50.0,32.819964837673645,0.0,8.0,30.90595428097536,0.5052270553572246,-0.6674344803568681,65.13424966951169,62.49586529464655,10.0,33.57528015945526,0.4845218862608421,90.98195645811721,59.42298694806078,0.3468706404943528,114,31.572608509649918,30.187616641227034,11.491031809043045,24.847788903171732,0.08771929824561403,58.0,Medium,sudden_drop,sudden_drop;rolling_local_drop,1,1,False,True,-108.8509624424536,-10.433601636322809,6.970210795150054,-77.88397320160806,10.289483332505734,15.923174505455053,1.133884793679437,2.0034797231369215,75.87317646731651,169.843515862453,150-250,19.849945006848603,41.071776439264745,True,lte_rb_count;lte_agg_rb_dl,lte_agg_rb_dl,169.843515862453,high_rb_usage,high,198.21747201106308,pcell_bandwidth_times_carriers,85.68544141909626,86.74455260159908,93.7799316942077,160.64413438518753,False,True,True,0.18581203615458786,0.1391379587959315,False,False,False,True,False,False,False,1.9821747201106308,unknown_carrier_count,-103.92190004777177,-9.931413243170852,9.262932405065856,10.156619585011757,16.642254716704702,1.322186633653438,94.5553122477768,0,,0,,False,False,False,False,False,False,False,False,False,False,False,True,False,False,False,False,True,False,False,False,False,True,False,True,True,Failure at MSG2,Radio link Failure,7.1749396360812545,0,False,0,False,0,False,0,False,0,False,0,False,0,False,0,False,False,True,False,0.0,0.0,0.0,0.0,0.0,0.515478113739158,0.0,0.0,0.6531293595056472,0.0,0.0,0.0,0.20223749775061944,0.42966609665607863,0.0,1.0,0.0,58.0,58.0,58.0,pending_rca,
LTE-TP-000017,LTE-TP-EP-000013,32171,542020041221088+20250827094505+Fiji-Nadi-LTE-DL-D!20250827094151,2025-08-26 23:39:49+02:00,2025-08-26,23,39,Fiji-Nadi-LTE-DL-D,Fiji-Nadi,DL-D,0.0,,True,True,True,False,active_download_analysis_window,-17.81062227174921,177.39586585100756,-0.0962569965336517,10.078782060157343,73.56798180421816,,289.9762236884399,40279.69684862522,41.73898512403283,,,,5.0747149049581495,62.464923791031794,3.0,80.0,"sinr_bin_for_expected,rsrp_bin_for_expected,carrier_count_for_expected",55.008776699597014,66.51022794102303,11.501451241426018,True,high,62.464923791031794,3.0,80.0,"sinr_bin_for_expected,rsrp_bin_for_expected,carrier_count_for_expected",55.008776699597014,66.51022794102303,11.501451241426018,49.934061794638865,0.09225282235726079,65.93225724254272,3.0,57.0,"sinr_bin_for_expected,rsrp_bin_for_expected,carrier_count_for_expected,rb_usage_bucket",60.99254231210596,69.40482028977027,8.41227797766431,True,high,60.85754233758457,0.07696862078132667,-2.399545963066177,55.91782740714781,0.08320221969089665,True,True,4,low_tp_family;temporal_drop_family;expected_tp_family;rb_efficiency_family,55.0,83.18475213705344,6.931471805599453,9.0,57.390208886073644,0.08124103251826485,-2.346352313135922,52.283442147493986,20.720965356539875,6.0,47.208727242535836,0.09706160682080087,,,,122,38.39031243976029,37.35165453964726,17.551158223269614,25.69763070280064,0.03278688524590164,92.6,High,ca_underperformance,unexpected_underperformance;ca_underperformance;rb_efficiency_underperformance;rb_conditioned_underperformance;radio_p75_underperformance;rolling_local_drop;fixed_low_throughput;global_percentile_low_throughput;session_percentile_low_throughput;iqr_extreme_low_throughput;robust_z_extreme_low_throughput,4,3,False,True,-110.84983370202782,-10.878241975224977,5.508278257986451,-77.87170535179938,10.86283099662596,16.68295218620295,1.4616293186127693,1.9923358675325271,75.01359525784441,175.09749472782013,150-250,20.021726021561552,41.03289218471078,True,lte_rb_count;lte_agg_rb_dl,lte_agg_rb_dl,175.09749472782013,high_rb_usage,high,199.57294994921776,fallback_100rb_per_carrier,87.73608586352734,86.74455260159908,93.7799316942077,160.64413438518753,False,True,True,0.028982224519240138,0.1391379587959315,True,True,False,True,False,False,False,1.9957294994921775,unknown_carrier_count,-103.2854923241433,-9.04004005223258,11.180837699684336,10.94945852917937,8.692709816368094,0.07392790768991069,97.49053209941667,0,,0,,False,False,False,False,False,False,True,True,True,True,True,True,False,False,False,False,False,True,True,True,False,True,True,False,False,,,,0,False,0,False,0,False,0,False,0,False,0,False,0,False,0,False,True,True,True,0.49252850950418503,0.6802990176662571,0.7108615374323268,1.0,0.1734121141336216,0.9029383931791991,0.0,0.0,0.0,0.9187589674817351,0.9230313792186733,0.7917015258090189,0.8717189653644555,0.7607192792198071,0.7462642547520926,1.0,0.7917015258090189,99.1162239426529,99.1162239426529,99.1162239426529,pending_rca,
LTE-TP-000018,LTE-TP-EP-000013,32172,542020041221088+20250827094505+Fiji-Nadi-LTE-DL-D!20250827094151,2025-08-26 23:39:50+02:00,2025-08-26,23,39,Fiji-Nadi-LTE-DL-D,Fiji-Nadi,DL-D,1.0,1.0,True,True,True,False,active_download_analysis_window,-17.820949391044888,177.39480122491562,-0.7612347382145935,9.852182177517106,72.17652507193341,1153.8423741547888,291.0845134358423,41643.489414563985,39.13591588140486,1133920.4092112896,4287.580345336906,62.76997189459968,11.45812044622732,62.464923791031794,3.0,80.0,"sinr_bin_for_expected,rsrp_bin_for_expected,carrier_count_for_expected",55.008776699597014,66.51022794102303,11.501451241426018,True,high,62.464923791031794,3.0,80.0,"sinr_bin_for_expected,rsrp_bin_for_expected,carrier_count_for_expected",55.008776699597014,66.51022794102303,11.501451241426018,43.550656253369695,0.2082962235062984,68.42137275067724,5.0,53.0,"carrier_count_for_expected,rb_usage_bucket",55.48631239416858,73.9359125140991,18.449600119930523,False,medium,56.96325230444992,0.16746405378301776,-1.717822129840029,44.02819194794126,0.20650354928671613,True,False,3,low_tp_family;temporal_drop_family;expected_tp_family,55.0,68.70962931668042,5.493061443340547,3.0,51.006803344804474,0.1834328732163183,-1.6281147170678296,56.05738420751043,29.98381026685243,7.0,44.59926376128311,0.2043998414876481,5.0747149049581495,-6.38340554126917,2.25788456313721,122,38.39031243976029,37.35165453964726,17.551158223269614,25.69763070280064,0.03278688524590164,77.2,High,ca_underperformance,unexpected_underperformance;ca_underperformance;radio_p75_underperformance;rolling_local_drop;global_percentile_low_throughput;session_percentile_low_throughput,3,3,False,True,-105.02160014618332,-10.1691210236734,5.803287245032864,-74.44568515906083,9.893867484227727,15.913003108731626,6.324252020359212,1.986235837030873,61.432863150931205,155.1130924506306,150-250,20.068095757915852,40.23499265919427,True,lte_rb_count;lte_agg_rb_dl,lte_agg_rb_dl,155.1130924506306,medium_rb_usage,medium,198.2542667493896,fallback_100rb_per_carrier,78.239472468306,86.74455260159908,93.7799316942077,160.64413438518753,False,True,False,0.073869460438191,0.1391379587959315,False,False,False,True,False,False,False,1.9825426674938957,unknown_carrier_count,-103.87696900898807,-8.859198819905602,9.511885108884334,9.150784427183108,12.187961040339147,8.243934365471478,90.54604768719085,0,,0,,False,False,False,False,False,False,False,True,True,False,False,True,False,False,False,False,False,True,True,True,False,True,True,False,False,,,,0,False,0,False,0,False,0,False,0,False,0,False,0,False,0,False,True,True,True,0.0,0.27815208716884,0.3471587287592248,0.0,0.0,0.7956001585123519,0.0,0.0,0.0,0.8165671267836817,0.0,0.0,0.7208932436949704,0.712040653805624,0.42709397768863405,1.0,0.0,77.20269076002097,77.20269076002097,77.20269076002097,pending_rca,
LTE-TP-000019,LTE-TP-EP-000014,32182,542020041221088+20250827094505+Fiji-Nadi-LTE-DL-D!20250827094151,2025-08-26 23:40:00+02:00,2025-08-26,23,40,Fiji-Nadi-LTE-DL-D,Fiji-Nadi,DL-D,11.0,1.0,True,True,True,False,active_download_analysis_window,-17.818157772911302,177.39537038511259,-0.5883119495648823,9.816092441072895,73.48987863339583,180.22704989056407,291.0469471931817,39512.33484235439,41.22344591606269,1118214.5430960786,4128.612593858954,58.68576491339428,42.78855322167083,62.464923791031794,3.0,80.0,"sinr_bin_for_expected,rsrp_bin_for_expected,carrier_count_for_expected",55.008776699597014,66.51022794102303,11.501451241426018,True,high,62.464923791031794,3.0,80.0,"sinr_bin_for_expected,rsrp_bin_for_expected,carrier_count_for_expected",55.008776699597014,66.51022794102303,11.501451241426018,12.220223477926183,0.7778495685395653,65.93225724254272,3.0,57.0,"sinr_bin_for_expected,rsrp_bin_for_expected,carrier_count_for_expected,rb_usage_bucket",60.99254231210596,69.40482028977027,8.41227797766431,True,high,23.143704020871887,0.6489775264976301,-0.4243085807109317,18.20398909043513,0.7015374601490918,False,False,1,temporal_drop_family,50.0,22.232407506522463,0.0,6.0,19.676370569360962,0.6850012875196058,-0.3711149307806769,68.73405411179607,60.82577218340657,11.0,25.94550089012524,0.6225233441355746,88.5770607242926,45.78850750262176,0.4830658510430332,122,38.39031243976029,37.35165453964726,17.551158223269614,25.69763070280064,0.03278688524590164,56.0,Medium,sudden_drop,sudden_drop,1,0,False,True,-104.03129734607457,-10.37887713224573,6.906156906173959,-73.30484742965872,11.487542454847015,17.791986432383073,3.465557200778702,1.9988488668858282,93.60398318741892,192.13042995903527,150-250,19.975167869363695,40.78507660793997,True,lte_rb_count;lte_agg_rb_dl,lte_agg_rb_dl,192.13042995903527,high_rb_usage,high,198.04947265992053,pcell_bandwidth_times_carriers,97.01133124901115,86.74455260159908,93.7799316942077,160.64413438518753,False,True,True,0.22270575895132236,0.1391379587959315,False,False,False,True,False,False,False,1.9804947265992052,unknown_carrier_count,-104.67343553502629,-9.854416642740258,8.233920235991413,13.070449445389785,16.14658404550126,1.9821397431634231,96.59976834376769,0,,0,,False,False,False,False,False,False,False,False,False,False,False,False,False,False,False,False,True,False,False,False,False,True,False,False,False,,,,0,False,0,False,0,False,0,False,0,False,0,False,0,False,0,False,False,True,False,0.0,0.0,0.0,0.0,0.0,0.0,0.0,0.0,0.5169341489569668,0.0,0.0,0.0,0.0,0.2892963002608986,0.0,1.0,0.0,56.0,56.0,56.0,pending_rca,
LTE-TP-000020,LTE-TP-EP-000014,32183,542020041221088+20250827094505+Fiji-Nadi-LTE-DL-D!20250827094151,2025-08-26 23:40:01+02:00,2025-08-26,23,40,Fiji-Nadi-LTE-DL-D,Fiji-Nadi,DL-D,12.0,1.0,True,True,True,False,active_download_analysis_window,-17.81750671676811,177.39436478205525,0.7602845266287962,9.889097158415288,72.15610549895348,128.73819294245362,276.456382851785,40108.13316436613,40.61631671262223,1042261.1911727148,4174.561632146708,62.47293571381394,14.048160961678622,62.464923791031794,3.0,80.0,"sinr_bin_for_expected,rsrp_bin_for_expected,carrier_count_for_expected",55.008776699597014,66.51022794102303,11.501451241426018,True,high,62.464923791031794,3.0,80.0,"sinr_bin_for_expected,rsrp_bin_for_expected,carrier_count_for_expected",55.008776699597014,66.51022794102303,11.501451241426018,40.96061573791839,0.2553803557275168,65.93225724254272,3.0,57.0,"sinr_bin_for_expected,rsrp_bin_for_expected,carrier_count_for_expected,rb_usage_bucket",60.99254231210596,69.40482028977027,8.41227797766431,True,high,51.8840962808641,0.21306961947321382,-1.492425233475445,46.944381350427335,0.23032587967546167,True,True,3,low_tp_family;temporal_drop_family;expected_tp_family,55.0,61.22451774973429,5.493061443340547,9.0,48.416762829353175,0.22489679181671463,-1.4392315835451903,68.73405411179607,60.82577218340657,11.0,54.68589315011745,0.20438429164718352,42.78855322167083,28.74039225999221,0.3283158673045235,122,38.39031243976029,37.35165453964726,17.551158223269614,25.69763070280064,0.03278688524590164,75.7,High,rb_conditioned_underperformance,radio_limited_degradation;rb_conditioned_underperformance;radio_p75_underperformance;sudden_drop;rolling_local_drop;global_percentile_low_throughput;session_percentile_low_throughput,3,3,False,True,-102.81200003920898,-11.255861637760002,3.6917179767049704,-70.48878815135595,10.146109557793404,12.969368541447782,10.104976059255096,1.9999278245831644,81.31865706883643,175.42580752445318,150-250,20.01506421194052,39.54165694497002,True,lte_rb_count;lte_agg_rb_dl,lte_agg_rb_dl,175.42580752445318,high_rb_usage,high,196.7915757965244,fallback_100rb_per_carrier,89.14294568474685,86.74455260159908,93.7799316942077,160.64413438518753,False,True,True,0.0800803551080727,0.1391379587959315,False,False,False,True,False,False,False,1.967915757965244,unknown_carrier_count,-103.96547291059301,-9.186084461758988,8.205172412773365,11.310458891147245,13.069861067503284,-0.41158552840796103,96.33208369261756,0,,0,,False,False,False,True,False,False,False,True,True,False,False,True,False,False,False,False,True,True,True,False,True,True,False,False,False,,,,0,False,0,False,0,False,0,False,0,False,0,False,0,False,0,False,True,True,True,0.0,0.11498262591202008,0.19958781164348802,0.0,0.0,0.7956157083528165,0.0,0.0,0.6716841326954766,0.7751032081832854,0.7869303805267862,0.0,0.6448839675446437,0.6485512035108012,0.2975919519160689,1.0,0.0,75.71757919307484,75.71757919307484,75.71757919307484,pending_rca,
LTE-TP-000021,LTE-TP-EP-000015,32204,542020041221088+20250827094505+Fiji-Nadi-LTE-DL-D!20250827094151,2025-08-26 23:40:22+02:00,2025-08-26,23,40,Fiji-Nadi-LTE-DL-D,Fiji-Nadi,DL-D,33.0,1.0,True,True,True,False,active_download_analysis_window,-17.81515781951912,177.39597712850895,0.5196934627024117,9.78380765384495,71.94496490707942,675.1834973926655,288.3692477205794,41178.81312386756,41.54609392520956,1081817.6564683213,4205.91533926691,58.7283483423425,18.609954974683074,36.31305223888564,3.0,144.0,"sinr_bin_for_expected,rsrp_bin_for_expected,carrier_count_for_expected",31.585509980216504,38.73488577855031,7.1493757983338035,True,high,36.31305223888564,3.0,144.0,"sinr_bin_for_expected,rsrp_bin_for_expected,carrier_count_for_expected",31.585509980216504,38.73488577855031,7.1493757983338035,12.97555500553343,0.5891927971509521,24.63994399743227,3.0,52.0,"sinr_bin_for_expected,rsrp_bin_for_expected,carrier_count_for_expected,rb_usage_bucket",20.515628463924894,26.918551454805066,6.402922990880171,True,high,6.029989022749195,0.7552758633145603,-0.268114103695555,1.9056734892418206,0.9071111327350856,False,False,1,temporal_drop_family,50.0,23.061028497016444,0.0,0.0,17.703097264202565,0.5124866632597384,-0.643305847248421,41.63431228292615,31.576058914269748,11.0,23.02435730824308,0.4469860063550238,47.1067807803499,28.496825805666827,0.39505894196968816,122,38.39031243976029,37.35165453964726,17.551158223269614,25.69763070280064,0.03278688524590164,50.0,Medium,sudden_drop,sudden_drop;rolling_local_drop,1,1,False,True,-108.00437749812829,-11.154029531762804,7.711925963782016,-76.25567352978665,10.258410608079268,14.507688539910973,5.2129621246247835,1.9821009728576655,76.18263087461136,78.13092957721574,50-100,19.957851542201407,20.0398289649398,True,lte_rb_count;lte_agg_rb_dl,lte_agg_rb_dl,78.13092957721574,low_rb_usage,low_or_uncertain,100.0,pcell_bandwidth_times_carriers,78.13092957721574,86.74455260159908,93.7799316942077,160.64413438518753,True,False,False,0.23818934544086165,0.1391379587959315,False,False,False,False,False,False,False,0.9444418214659865,unknown_carrier_count,,,,,,,,0,,0,,False,False,False,False,False,True,False,False,False,False,False,True,False,False,False,False,True,False,False,False,False,False,False,False,False,,,,0,False,0,False,0,False,0,False,0,False,0,False,0,False,0,False,False,True,False,0.0,0.0,0.0,0.0,0.0,0.5530139936449763,0.0,0.0,0.6049410580303118,0.0,0.0,0.0,0.1458555612337694,0.22128871580253207,0.0695022512658463,0.7124206451416707,0.0,50.0,50.0,50.0,pending_rca,
LTE-TP-000022,LTE-TP-EP-000016,32216,542020041221088+20250827094505+Fiji-Nadi-LTE-DL-D!20250827094151,2025-08-26 23:40:34+02:00,2025-08-26,23,40,Fiji-Nadi-LTE-DL-D,Fiji-Nadi,DL-D,45.0,1.0,True,True,True,False,active_download_analysis_window,-17.818622211690652,177.3967571315729,-0.010650884320458335,10.017341246311004,73.85514420573318,616.9265707902089,285.7241849675522,39307.89570055654,41.80938767220654,1044423.9060535303,3995.366366137982,60.110178863670626,14.10808809724943,36.31305223888564,3.0,144.0,"sinr_bin_for_expected,rsrp_bin_for_expected,carrier_count_for_expected",31.585509980216504,38.73488577855031,7.1493757983338035,True,high,36.31305223888564,3.0,144.0,"sinr_bin_for_expected,rsrp_bin_for_expected,carrier_count_for_expected",31.585509980216504,38.73488577855031,7.1493757983338035,17.47742188296707,0.44666329928141074,24.63994399743227,3.0,52.0,"sinr_bin_for_expected,rsrp_bin_for_expected,carrier_count_for_expected,rb_usage_bucket",20.515628463924894,26.918551454805066,6.402922990880171,True,high,10.531855900182839,0.572569811795012,-0.5289212118637958,6.407540366675464,0.6876751605273699,False,False,2,low_tp_family;temporal_drop_family,50.0,38.05009061363746,3.4657359027997265,1.0,22.20496414163621,0.38851286871836843,-0.9041129554166618,31.976755813738144,27.647886690146237,11.0,17.868667716488716,0.4411982309721421,44.533155073719,30.425066976469573,0.316799653514225,122,38.39031243976029,37.35165453964726,17.551158223269614,25.69763070280064,0.03278688524590164,54.5,Medium,sudden_drop,resource_limited_or_demand_uncertain_low_throughput;sudden_drop;rolling_local_drop;global_percentile_low_throughput;session_percentile_low_throughput,2,2,False,True,-107.5887306443175,-9.967168757033837,7.333629208741797,-75.20705319038494,10.776798942807224,13.819462438324427,1.1517009593269585,2.0418935780214253,86.26238219573003,86.44937620807772,50-100,20.095128031242915,20.20611291483437,True,lte_rb_count;lte_agg_rb_dl,lte_agg_rb_dl,86.44937620807772,low_rb_usage,low_or_uncertain,100.41855000336271,fallback_100rb_per_carrier,86.08905048438042,86.74455260159908,93.7799316942077,160.64413438518753,True,False,False,0.1631947934857532,0.1391379587959315,False,False,True,False,False,False,False,1.004185500033627,unknown_carrier_count,,,,,,,,0,,0,,False,False,False,False,False,True,False,True,True,False,False,True,False,False,False,False,True,False,False,False,False,False,False,False,False,,,,0,False,0,False,0,False,0,False,0,False,0,False,0,False,0,False,True,True,False,0.0,0.11120728789417084,0.19617338538121687,0.0,0.0,0.5588017690278579,0.0,0.0,0.683200346485775,0.0,0.0,0.0,0.3524785521360526,0.2775620517704526,0.2945955951375285,0.7606266744117394,0.0,54.46573590279973,54.46573590279973,54.46573590279973,pending_rca,
LTE-TP-000023,LTE-TP-EP-000017,32233,542020041221088+20250827094505+Fiji-Nadi-LTE-DL-D!20250827094151,2025-08-26 23:40:51+02:00,2025-08-26,23,40,Fiji-Nadi-LTE-DL-D,Fiji-Nadi,DL-D,62.0,1.0,True,False,False,True,outside_download_activity,-17.809040450026878,177.39564775942432,0.24646441218719567,9.965151991590337,72.77239500896393,1480.5377631523859,288.9233665333333,39302.217095530614,40.94328137278791,1077544.481367524,3940.4697435257212,60.435216983248566,18.521973613308123,36.31305223888564,3.0,144.0,"sinr_bin_for_expected,rsrp_bin_for_expected,carrier_count_for_expected",31.585509980216504,38.73488577855031,7.1493757983338035,True,high,36.31305223888564,3.0,144.0,"sinr_bin_for_expected,rsrp_bin_for_expected,carrier_count_for_expected",31.585509980216504,38.73488577855031,7.1493757983338035,13.06353636690838,0.5864072995784875,24.63994399743227,3.0,52.0,"sinr_bin_for_expected,rsrp_bin_for_expected,carrier_count_for_expected,rb_usage_bucket",20.515628463924894,26.918551454805066,6.402922990880171,True,high,6.1179703841241455,0.7517051830652821,-0.27261076474947554,1.993654850616771,0.9028226284111912,False,False,1,temporal_drop_family,50.0,20.962774813481495,0.0,0.0,17.791078625577516,0.5100638054730625,-0.6478025083023415,26.025108546490728,21.212597771782427,11.0,7.503134933182604,0.7116963059047705,40.67997826811431,22.158004654806188,0.4553093291061558,122,38.39031243976029,37.35165453964726,17.551158223269614,25.69763070280064,0.03278688524590164,50.0,Medium,sudden_drop,sudden_drop,1,1,False,True,-109.93060655789421,-12.903660070415869,6.961193299490447,-75.7882304732761,8.996663943330201,15.726312658141886,8.60051723447942,1.9714471963517823,83.09840514321091,80.43975742482398,50-100,19.76047151412624,20.586370892443043,True,lte_rb_count;lte_agg_rb_dl,lte_agg_rb_dl,80.43975742482398,low_rb_usage,low_or_uncertain,104.47472105778301,pcell_bandwidth_times_carriers,76.99446967686495,86.74455260159908,93.7799316942077,160.64413438518753,True,False,False,0.230258944162258,0.1391379587959315,False,False,False,False,False,False,False,1.0447472105778302,unknown_carrier_count,,,,,,,,0,,0,,False,False,False,False,False,True,False,False,False,False,False,False,False,False,False,False,True,False,False,False,False,False,False,False,False,,,,0,False,0,False,0,False,0,False,0,False,0,False,0,False,0,False,False,True,False,0.0,0.0,0.0,0.0,0.0,0.0,0.0,0.0,0.5446906708938442,0.0,0.0,0.0,0.14989365754489578,0.22238848281971896,0.07390131933459383,0.5539501163701547,0.0,50.0,50.0,50.0,pending_rca,
LTE-TP-000024,LTE-TP-EP-000017,32234,542020041221088+20250827094505+Fiji-Nadi-LTE-DL-D!20250827094151,2025-08-26 23:40:52+02:00,2025-08-26,23,40,Fiji-Nadi-LTE-DL-D,Fiji-Nadi,DL-D,63.0,1.0,True,False,False,True,outside_download_activity,-17.81039118874056,177.39537637114978,-0.08268359302756267,9.967132505806653,74.0023367314361,152.918775004223,291.81645856673936,40564.545849530754,40.8422679040722,1054566.7534485057,3985.739377043153,59.671369269103785,17.213238629863366,36.31305223888564,3.0,144.0,"sinr_bin_for_expected,rsrp_bin_for_expected,carrier_count_for_expected",31.585509980216504,38.73488577855031,7.1493757983338035,True,high,36.31305223888564,3.0,144.0,"sinr_bin_for_expected,rsrp_bin_for_expected,carrier_count_for_expected",31.585509980216504,38.73488577855031,7.1493757983338035,14.372271350353138,0.544972635890471,24.63994399743227,3.0,52.0,"sinr_bin_for_expected,rsrp_bin_for_expected,carrier_count_for_expected,rb_usage_bucket",20.515628463924894,26.918551454805066,6.402922990880171,True,high,7.426705367568903,0.6985908178872955,-0.3420027209597416,3.302389834061529,0.8390305303165088,False,False,1,low_tp_family,25.0,20.105226241371554,0.0,0.0,19.099813609022274,0.4740234590203536,-0.7171944645126076,26.025108546490728,21.212597771782427,11.0,8.811869916627362,0.6614089082131582,18.521973613308123,1.308734983444758,0.9293414940131204,122,38.39031243976029,37.35165453964726,17.551158223269614,25.69763070280064,0.03278688524590164,25.4,Low,resource_limited_or_demand_uncertain_low_throughput,resource_limited_or_demand_uncertain_low_throughput;session_percentile_low_throughput,1,2,True,False,-109.66037080320096,-12.04233118040994,6.083097593007832,-76.90834569053132,8.136460521906208,12.541415525805737,2.837405660446481,2.001060810268201,83.56477004523931,80.71139281361077,50-100,20.101458413774314,19.3946006351758,True,lte_rb_count;lte_agg_rb_dl,lte_agg_rb_dl,80.71139281361077,low_rb_usage,low_or_uncertain,100.0,aggregate_bandwidth,80.71139281361077,86.74455260159908,93.7799316942077,160.64413438518753,True,False,False,0.2132690073830644,0.1391379587959315,False,False,True,False,False,True,False,0.9728251648751026,unknown_carrier_count,,,,,,,,0,,0,,False,False,False,False,False,True,False,False,True,False,False,False,False,False,False,False,False,False,False,False,False,False,False,False,False,,,,0,False,0,False,0,False,0,False,0,False,0,False,0,False,0,False,True,False,False,0.0,0.0,0.0192534070462785,0.0,0.0,0.0,0.0,0.0,0.0,0.0,0.0,0.0,0.209960901632744,0.23874767011277842,0.13933806850683172,0.22029674791568404,0.0,25.0,25.0,25.44308061718148,pending_rca,
LTE-TP-000025,LTE-TP-EP-000018,32237,542020041221088+20250827094505+Fiji-Nadi-LTE-DL-D!20250827094151,2025-08-26 23:40:55+02:00,2025-08-26,23,40,Fiji-Nadi-LTE-DL-D,Fiji-Nadi,DL-D,66.0,1.0,True,False,False,True,outside_download_activity,-17.819116210704223,177.39395221462513,-0.1750840926098025,10.210512254765527,70.40567428905385,421.88153915457593,285.1429657574719,41037.702440043424,41.59404481537746,1082111.8882732932,4250.347438560828,60.87534969013455,4.505971169574186,36.31305223888564,3.0,144.0,"sinr_bin_for_expected,rsrp_bin_for_expected,carrier_count_for_expected",31.585509980216504,38.73488577855031,7.1493757983338035,True,high,36.31305223888564,3.0,144.0,"sinr_bin_for_expected,rsrp_bin_for_expected,carrier_count_for_expected",31.585509980216504,38.73488577855031,7.1493757983338035,27.07953881064232,0.14265944011657525,24.63994399743227,3.0,52.0,"sinr_bin_for_expected,rsrp_bin_for_expected,carrier_count_for_expected,rb_usage_bucket",20.515628463924894,26.918551454805066,6.402922990880171,True,high,20.13397282785808,0.18287262219604697,-1.5383182773392707,16.00965729435071,0.2196360290642609,False,False,2,low_tp_family;temporal_drop_family,50.0,64.82181081432182,3.4657359027997265,3.0,31.80708106931145,0.12408681980053968,-1.9135100208921367,25.180530539781852,19.98572481827412,11.0,20.674559370207668,0.17894663348952708,25.180530539781852,20.674559370207668,0.17894663348952708,122,38.39031243976029,37.35165453964726,17.551158223269614,25.69763070280064,0.03278688524590164,71.3,High,sudden_drop,resource_limited_or_demand_uncertain_low_throughput;sudden_drop;rolling_local_drop;fixed_low_throughput;global_percentile_low_throughput;session_percentile_low_throughput;iqr_extreme_low_throughput;robust_z_extreme_low_throughput,2,4,False,True,-107.78390403723142,-11.167241776924019,6.119452212451289,-76.34130446741935,8.018369754347544,13.79152185464054,6.0441029544265605,2.0255949710290526,54.33150035963566,56.15981478664321,50-100,20.013166097831125,19.91052545032835,True,lte_rb_count;lte_agg_rb_dl,lte_agg_rb_dl,56.15981478664321,low_rb_usage,low_or_uncertain,100.0,aggregate_bandwidth,56.15981478664322,86.74455260159908,93.7799316942077,160.64413438518753,True,False,False,0.08023479398379116,0.1391379587959315,False,False,True,False,True,False,False,0.9795522773389569,unknown_carrier_count,,,,,,,,0,,0,,False,False,False,False,False,True,True,True,True,True,True,True,False,False,False,False,True,True,False,False,False,False,False,False,False,,,,0,False,0,False,0,False,0,False,0,False,0,False,0,False,0,False,True,True,False,0.5494028830425813,0.7161291941990834,0.74326644929905,1.0,0.21845039975943545,0.8210533665104729,0.0,0.0,0.8210533665104729,0.0,0.0,0.0,0.7931886336657672,0.3975885133663931,0.7747014415212907,0.5168639842551916,0.0,71.28754671712154,71.28754671712154,71.28754671712154,pending_rca,
LTE-TP-000026,LTE-TP-EP-000019,32251,542020041221088+20250827094505+Fiji-Nadi-LTE-DL-D!20250827094151,2025-08-26 23:41:09+02:00,2025-08-26,23,41,Fiji-Nadi-LTE-DL-D,Fiji-Nadi,DL-D,80.0,1.0,True,False,False,True,outside_download_activity,-17.818136352899334,177.39753833184156,-0.9186672614462212,10.0920640288153,72.90435054764302,527.525665151877,291.9977190199693,39907.82095185997,40.806983865739504,982143.4126273596,4306.91338923723,62.7508767589133,20.423987627994386,36.31305223888564,3.0,144.0,"sinr_bin_for_expected,rsrp_bin_for_expected,carrier_count_for_expected",31.585509980216504,38.73488577855031,7.1493757983338035,True,high,36.31305223888564,3.0,144.0,"sinr_bin_for_expected,rsrp_bin_for_expected,carrier_count_for_expected",31.585509980216504,38.73488577855031,7.1493757983338035,11.161522352222118,0.6466252291252189,24.63994399743227,3.0,52.0,"sinr_bin_for_expected,rsrp_bin_for_expected,carrier_count_for_expected,rb_usage_bucket",20.515628463924894,26.918551454805066,6.402922990880171,True,high,4.215956369437883,0.8288974857297878,-0.17964023639738347,0.09164083593050876,0.9955331207088464,False,False,1,temporal_drop_family,50.0,21.35446127264317,0.0,0.0,15.889064610891253,0.5624420523407136,-0.5548319799502495,36.75518484892757,26.91665745247459,11.0,16.331197220933184,0.5556763681625263,58.2859830989667,37.86199547097232,0.3504099363532304,122,38.39031243976029,37.35165453964726,17.551158223269614,25.69763070280064,0.03278688524590164,50.0,Medium,sudden_drop,sudden_drop,1,1,False,True,-103.8496796375605,-10.236279759773026,8.919996517059444,-73.6624063413772,10.880455556119378,15.392637379337373,5.246422487324922,1.9909720686556842,76.67458858266723,76.69942424425015,50-100,19.85155178039981,20.352012785845538,True,lte_rb_count;lte_agg_rb_dl,lte_agg_rb_dl,76.69942424425015,low_rb_usage,low_or_uncertain,100.57939930968449,pcell_bandwidth_times_carriers,76.25758830403454,86.74455260159908,93.7799316942077,160.64413438518753,True,False,False,0.26628606184779136,0.1391379587959315,False,False,False,False,False,False,False,1.005793993096845,unknown_carrier_count,,,,,,,,0,,0,,False,False,False,False,False,True,False,False,False,False,False,False,False,False,False,False,True,False,False,False,False,False,False,False,False,,,,0,False,0,False,0,False,0,False,0,False,0,False,0,False,0,False,False,True,False,0.0,0.0,0.0,0.0,0.0,0.0,0.0,0.0,0.6495900636467695,0.0,0.0,0.0,0.06259657943214389,0.19861330763614066,0.0,0.946549886774308,0.0,50.0,50.0,50.0,pending_rca,
LTE-TP-000027,LTE-TP-EP-000020,32254,542020041221088+20250827094505+Fiji-Nadi-LTE-DL-D!20250827094151,2025-08-26 23:41:12+02:00,2025-08-26,23,41,Fiji-Nadi-LTE-DL-D,Fiji-Nadi,DL-D,83.0,1.0,True,False,False,True,outside_download_activity,-17.81305749929532,177.3949675026485,0.38063278032934017,9.76767842205252,73.74905198704776,581.5902020278196,284.6250728984541,41445.03528203426,39.671898039279036,1061828.9222525598,4232.525457196325,61.357021277404336,18.024358801119153,36.31305223888564,3.0,144.0,"sinr_bin_for_expected,rsrp_bin_for_expected,carrier_count_for_expected",31.585509980216504,38.73488577855031,7.1493757983338035,True,high,36.31305223888564,3.0,144.0,"sinr_bin_for_expected,rsrp_bin_for_expected,carrier_count_for_expected",31.585509980216504,38.73488577855031,7.1493757983338035,13.561151179097351,0.5706527712361985,24.63994399743227,3.0,52.0,"sinr_bin_for_expected,rsrp_bin_for_expected,carrier_count_for_expected,rb_usage_bucket",20.515628463924894,26.918551454805066,6.402922990880171,True,high,6.615585196313116,0.7315097308255843,-0.2984312476462967,2.491269662805742,0.8785672265811187,False,False,1,temporal_drop_family,50.0,22.81931880988938,0.0,0.0,18.288693437766486,0.49636033574225036,-0.6736229911991627,20.423987627994386,14.739524482567399,11.0,2.399628826875233,0.8825092890486208,40.92810154854378,22.903742747424626,0.44039078577199386,122,38.39031243976029,37.35165453964726,17.551158223269614,25.69763070280064,0.03278688524590164,50.0,Medium,sudden_drop,sudden_drop,1,1,False,True,-105.82199205685333,-10.797289035941862,6.86475717231625,-74.38974460217887,8.869055855557251,18.160013205285697,2.8233690331257066,1.959257343170489,80.08218949410177,77.35484282048287,50-100,19.95013253755195,19.777849418378395,True,lte_rb_count;lte_agg_rb_dl,lte_agg_rb_dl,77.35484282048287,low_rb_usage,low_or_uncertain,100.0,aggregate_bandwidth,77.35484282048287,86.74455260159908,93.7799316942077,160.64413438518753,True,False,False,0.23300879613895956,0.1391379587959315,False,False,False,False,False,False,False,1.027647601717599,unknown_carrier_count,,,,,,,,0,,0,,False,False,False,False,False,True,False,False,False,False,False,False,False,False,False,False,True,False,False,False,False,False,False,False,False,,,,0,False,0,False,0,False,0,False,0,False,0,False,0,False,0,False,False,True,False,0.0,0.0,0.0,0.0,0.0,0.0,0.0,0.0,0.5596092142280061,0.0,0.0,0.0,0.17273277376291604,0.22860866797208107,0.09878205994404236,0.5725935686856156,0.0,50.0,50.0,50.0,pending_rca,
LTE-TP-000028,LTE-TP-EP-000021,32256,542020041221088+20250827094505+Fiji-Nadi-LTE-DL-D!20250827094151,2025-08-26 23:41:14+02:00,2025-08-26,23,41,Fiji-Nadi-LTE-DL-D,Fiji-Nadi,DL-D,85.0,1.0,True,False,False,True,outside_download_activity,-17.812501523818245,177.39790447193533,-0.31084001489781066,9.958725727441626,73.23227048912572,382.9362223295455,287.37994585447046,42255.30857914681,40.68098704600575,1023639.2302296424,3785.8552781753815,65.88633221127938,0.3391634590014666,36.31305223888564,3.0,144.0,"sinr_bin_for_expected,rsrp_bin_for_expected,carrier_count_for_expected",31.585509980216504,38.73488577855031,7.1493757983338035,True,high,36.31305223888564,3.0,144.0,"sinr_bin_for_expected,rsrp_bin_for_expected,carrier_count_for_expected",31.585509980216504,38.73488577855031,7.1493757983338035,31.246346521215038,0.010737944684568991,24.63994399743227,3.0,52.0,"sinr_bin_for_expected,rsrp_bin_for_expected,carrier_count_for_expected,rb_usage_bucket",20.515628463924894,26.918551454805066,6.402922990880171,True,high,24.300780538430804,0.013764782056193426,-2.9521063131736183,20.17646500492343,0.01653195560632513,False,False,2,low_tp_family;temporal_drop_family,50.0,82.67436473949029,3.4657359027997265,5.0,35.97388877988417,0.009339987637785931,-3.3272980567264843,20.423987627994386,14.739524482567399,11.0,20.08482416899292,0.016606133198817066,33.40932727695479,33.07016381795332,0.010151759602636957,122,38.39031243976029,37.35165453964726,17.551158223269614,25.69763070280064,0.03278688524590164,89.6,High,radio_limited_degradation,radio_limited_degradation;resource_limited_or_demand_uncertain_low_throughput;sudden_drop;rolling_local_drop;fixed_low_throughput;global_percentile_low_throughput;session_percentile_low_throughput;iqr_extreme_low_throughput;robust_z_extreme_low_throughput,2,5,False,True,-108.28130890001304,-8.98018797835587,8.690103640150443,-78.25212327683349,11.016697274136428,15.501471068202154,15.50068316653558,2.0165055218786403,0.2615681110011323,-0.03451351014827431,,20.05159323311643,19.165807892010033,True,lte_rb_count;lte_agg_rb_dl,lte_agg_rb_dl,-0.03451351014827431,low_rb_usage,low_or_uncertain,100.0,aggregate_bandwidth,0.0,86.74455260159908,93.7799316942077,160.64413438518753,True,False,False,-9.826976669263093,0.1391379587959315,False,False,True,False,True,False,False,1.0227061429360556,unknown_carrier_count,,,,,,,,0,,0,,False,False,False,True,False,True,True,True,True,True,True,True,False,False,False,False,True,True,False,False,True,False,False,False,False,,,,0,False,0,False,0,False,0,False,0,False,0,False,0,False,0,False,True,True,False,0.9660836540998533,0.9786331068749223,0.980675722098397,1.0,0.8661957322600687,0.9833938668011829,0.0,0.0,0.9898482403973631,0.0,0.0,0.0,0.9844333539370234,0.44967360974855214,0.9830418270499267,0.826754095448833,0.0,91.14010064229001,91.14010064229001,91.14010064229001,pending_rca,
LTE-TP-000029,LTE-TP-EP-000021,32257,542020041221088+20250827094505+Fiji-Nadi-LTE-DL-D!20250827094151,2025-08-26 23:41:15+02:00,2025-08-26,23,41,Fiji-Nadi-LTE-DL-D,Fiji-Nadi,DL-D,86.0,1.0,True,False,False,True,outside_download_activity,-17.817909175582702,177.39384479633458,0.1722826805497524,9.818357545650823,71.66139210493105,739.1000439214129,287.77081959938823,40752.17589207663,40.740684447920486,1026938.5548035122,3986.5317482262776,61.65653055468747,11.66736845882267,36.31305223888564,3.0,144.0,"sinr_bin_for_expected,rsrp_bin_for_expected,carrier_count_for_expected",31.585509980216504,38.73488577855031,7.1493757983338035,True,high,36.31305223888564,3.0,144.0,"sinr_bin_for_expected,rsrp_bin_for_expected,carrier_count_for_expected",31.585509980216504,38.73488577855031,7.1493757983338035,19.918141521393835,0.3693899027158496,24.63994399743227,3.0,52.0,"sinr_bin_for_expected,rsrp_bin_for_expected,carrier_count_for_expected,rb_usage_bucket",20.515628463924894,26.918551454805066,6.402922990880171,True,high,12.972575538609599,0.47351440652781224,-0.7051221736951847,8.848260005102224,0.5687063635091079,False,False,1,low_tp_family,25.0,38.12337229436694,0.0,1.0,24.645683780062967,0.3212995807146371,-1.0803139172480507,21.66278773432338,14.739524482567399,11.0,9.99541927550071,0.5385903514318441,0.3391634590014666,-11.328204999821203,34.400428905792644,122,38.39031243976029,37.35165453964726,17.551158223269614,25.69763070280064,0.03278688524590164,32.8,Low,resource_limited_or_demand_uncertain_low_throughput,resource_limited_or_demand_uncertain_low_throughput;global_percentile_low_throughput;session_percentile_low_throughput,1,4,True,False,-108.18239913886293,-11.687060704536325,5.302598908992552,-75.83587794743198,10.172817050945849,13.335309358720863,6.276662223328147,1.9768599560007931,60.53239897122138,62.79661807491497,50-100,19.904716524832637,20.817718378343887,True,lte_rb_count;lte_agg_rb_dl,lte_agg_rb_dl,62.79661807491497,low_rb_usage,low_or_uncertain,100.0,pcell_bandwidth_times_carriers,62.79661807491497,86.74455260159908,93.7799316942077,160.64413438518753,True,False,False,0.18579612750648067,0.1391379587959315,False,False,True,False,True,True,False,0.9847516681225762,unknown_carrier_count,,,,,,,,0,,0,,False,False,False,False,False,True,False,True,True,False,False,False,False,False,False,False,False,True,False,False,False,False,False,False,False,,,,0,False,0,False,0,False,0,False,0,False,0,False,0,False,0,False,True,False,False,0.0,0.26496971211309905,0.33523655189012647,0.0,0.0,0.0,0.0,0.0,0.0,0.0,0.0,0.0,0.46450069880893813,0.3080710472507871,0.4166315770588665,0.24988548188751775,0.0,39.12337229436694,39.12337229436694,32.78640006109862,pending_rca,
LTE-TP-000030,LTE-TP-EP-000021,32258,542020041221088+20250827094505+Fiji-Nadi-LTE-DL-D!20250827094151,2025-08-26 23:41:16+02:00,2025-08-26,23,41,Fiji-Nadi-LTE-DL-D,Fiji-Nadi,DL-D,87.0,1.0,True,False,False,True,outside_download_activity,-17.81532877884087,177.39573935642173,0.982941681086771,9.897872463642075,71.43539012824088,350.0751522411418,292.3364340546616,42277.81835326576,39.95619906890207,1055546.4591583842,4402.265014425246,60.45173712627334,13.35315623776956,36.31305223888564,3.0,144.0,"sinr_bin_for_expected,rsrp_bin_for_expected,carrier_count_for_expected",31.585509980216504,38.73488577855031,7.1493757983338035,True,high,36.31305223888564,3.0,144.0,"sinr_bin_for_expected,rsrp_bin_for_expected,carrier_count_for_expected",31.585509980216504,38.73488577855031,7.1493757983338035,18.232353742446943,0.4227620907857202,24.63994399743227,3.0,52.0,"sinr_bin_for_expected,rsrp_bin_for_expected,carrier_count_for_expected,rb_usage_bucket",20.515628463924894,26.918551454805066,6.402922990880171,True,high,11.286787759662708,0.5419312738357317,-0.5801815829588182,7.162472226155334,0.6508772695533079,False,False,1,low_tp_family,25.0,32.14910683900082,0.0,1.0,22.95989600111608,0.36772332300589167,-0.9553733265116842,21.66278773432338,14.739524482567399,11.0,8.30963149655382,0.6164098730752132,11.66736845882267,-1.6857877789468905,1.1444874038988737,122,38.39031243976029,37.35165453964726,17.551158223269614,25.69763070280064,0.03278688524590164,30.1,Low,resource_limited_or_demand_uncertain_low_throughput,resource_limited_or_demand_uncertain_low_throughput;global_percentile_low_throughput;session_percentile_low_throughput,1,2,True,False,-107.90809482502617,-12.877188004363928,2.778091385814029,-76.53040641877575,10.048354919719221,9.2854076149311,4.6433015720301025,1.996596136611482,73.21136549118735,75.5970134364052,50-100,19.947820568672054,20.031053230074516,True,lte_rb_count;lte_agg_rb_dl,lte_agg_rb_dl,75.5970134364052,low_rb_usage,low_or_uncertain,102.79151226517365,pcell_bandwidth_times_carriers,73.5440230136763,86.74455260159908,93.7799316942077,160.64413438518753,True,False,False,0.17663602873680576,0.1391379587959315,False,False,True,False,False,True,False,1.0279151226517365,unknown_carrier_count,,,,,,,,0,,0,,False,False,False,False,False,True,False,True,True,False,False,False,False,False,False,False,False,False,False,False,False,False,False,False,False,,,,0,False,0,False,0,False,0,False,0,False,0,False,0,False,0,False,True,False,False,0.0,0.158767094029279,0.2391866070658672,0.0,0.0,0.0,0.0,0.0,0.0,0.0,0.0,0.0,0.3871277949901805,0.286998700013951,0.33234218811152194,0.2077407874138455,0.0,33.14910683900082,33.14910683900082,30.09506655554153,pending_rca,
LTE-TP-000031,LTE-TP-EP-000021,32259,542020041221088+20250827094505+Fiji-Nadi-LTE-DL-D!20250827094151,2025-08-26 23:41:17+02:00,2025-08-26,23,41,Fiji-Nadi-LTE-DL-D,Fiji-Nadi,DL-D,88.0,1.0,True,False,False,True,outside_download_activity,-17.81633701475915,177.39501160259053,0.26379539775786,9.796660795902348,72.96332900822665,136.03057136848196,291.6786350442622,41815.24556903425,41.16788422795191,1103159.060804051,4026.4884023590666,59.97794655362051,16.125892727365237,36.31305223888564,3.0,144.0,"sinr_bin_for_expected,rsrp_bin_for_expected,carrier_count_for_expected",31.585509980216504,38.73488577855031,7.1493757983338035,True,high,36.31305223888564,3.0,144.0,"sinr_bin_for_expected,rsrp_bin_for_expected,carrier_count_for_expected",31.585509980216504,38.73488577855031,7.1493757983338035,15.459617252851267,0.5105471698087397,24.63994399743227,3.0,52.0,"sinr_bin_for_expected,rsrp_bin_for_expected,carrier_count_for_expected,rb_usage_bucket",20.515628463924894,26.918551454805066,6.402922990880171,True,high,8.514051270067032,0.6544614195976143,-0.40355993500788756,4.389735736559658,0.7860296727307837,False,False,1,low_tp_family,25.0,22.322802464571957,0.0,0.0,20.187159511520402,0.4440797931631016,-0.7787516785607536,21.66278773432338,14.739524482567399,11.0,5.536895006958144,0.7444052411506914,13.35315623776956,-2.772736489595676,1.2076465249281634,122,38.39031243976029,37.35165453964726,17.551158223269614,25.69763070280064,0.03278688524590164,25.4,Low,resource_limited_or_demand_uncertain_low_throughput,resource_limited_or_demand_uncertain_low_throughput;session_percentile_low_throughput,1,2,True,False,-103.54540678393762,-10.416314151883695,5.731917956636647,-74.41591671167228,9.962653634283022,15.856440584141975,1.9037903646681196,1.9917563377624852,63.82499859744222,62.22311667375336,50-100,19.92708477844887,19.594814703398455,True,lte_rb_count;lte_agg_rb_dl,lte_agg_rb_dl,62.22311667375336,low_rb_usage,low_or_uncertain,100.0,aggregate_bandwidth,62.22311667375337,86.74455260159908,93.7799316942077,160.64413438518753,True,False,False,0.25916240762924336,0.1391379587959315,False,False,True,False,False,True,False,0.9909686271355973,unknown_carrier_count,,,,,,,,0,,0,,False,False,False,False,False,True,False,False,True,False,False,False,False,False,False,False,False,False,False,False,False,False,False,False,False,,,,0,False,0,False,0,False,0,False,0,False,0,False,0,False,0,False,True,False,False,0.0,0.0,0.0812063499042893,0.0,0.0,0.0,0.0,0.0,0.0,0.0,0.0,0.0,0.25986701139483065,0.252339493894005,0.19370536363173815,0.1384223751739536,0.0,25.0,25.0,25.44308061718148,pending_rca,
LTE-TP-000032,LTE-TP-EP-000022,32275,542020041221088+20250827094505+Fiji-Nadi-LTE-DL-D!20250827094151,2025-08-26 23:41:33+02:00,2025-08-26,23,41,Fiji-Nadi-LTE-DL-D,Fiji-Nadi,DL-D,104.0,1.0,True,False,False,True,outside_download_activity,-17.81336734338611,177.39792067627448,0.4899910619778278,10.02033357883063,73.70245810605675,803.5995107919834,287.98808563202203,41733.56708898046,40.84226405527131,977010.5314470711,4343.672644859199,61.116527237877875,20.339487007797118,62.464923791031794,3.0,80.0,"sinr_bin_for_expected,rsrp_bin_for_expected,carrier_count_for_expected",55.008776699597014,66.51022794102303,11.501451241426018,True,high,62.464923791031794,3.0,80.0,"sinr_bin_for_expected,rsrp_bin_for_expected,carrier_count_for_expected",55.008776699597014,66.51022794102303,11.501451241426018,34.6692896917999,0.36974985135319544,68.42137275067724,5.0,53.0,"carrier_count_for_expected,rb_usage_bucket",55.48631239416858,73.9359125140991,18.449600119930523,False,medium,48.08188574288012,0.29726803468139706,-1.179635578221185,35.14682538637146,0.3665676475904124,True,False,1,temporal_drop_family,50.0,44.18048631322433,0.0,2.0,42.125436783234676,0.32561453329936335,-1.0899281654489856,47.17149166272405,28.96666801286669,11.0,26.832004654926934,0.4311817644696156,50.99424000776811,30.654752999970995,0.3988585182306617,122,38.39031243976029,37.35165453964726,17.551158223269614,25.69763070280064,0.03278688524590164,52.0,Medium,sudden_drop,sudden_drop;rolling_local_drop,1,2,False,True,-103.81609687536147,-11.927887621876117,4.114206943431284,-72.89629726775786,8.265686926035764,11.982020952869574,3.277219525611515,2.024311917414109,50.54740292785509,120.68001618142476,100-150,20.03446747532674,40.343509292746056,True,lte_rb_count;lte_agg_rb_dl,lte_agg_rb_dl,120.68001618142476,medium_rb_usage,medium,191.263275797829,fallback_100rb_per_carrier,63.09628216813935,86.74455260159908,93.7799316942077,160.64413438518753,False,True,False,0.16854063871867297,0.1391379587959315,False,False,False,True,False,False,False,1.91263275797829,unknown_carrier_count,-102.82548179155424,-9.66270902114775,10.471636309405984,9.974174671529582,11.030273215014516,1.7594269249874284,66.68634393250825,0,,0,,False,False,False,False,False,False,False,False,False,False,False,True,False,False,False,False,True,True,False,False,False,True,False,False,False,,,,0,False,0,False,0,False,0,False,0,False,0,False,0,False,0,False,False,True,False,0.0,0.0,0.0,0.0,0.0,0.5688182355303844,0.0,0.0,0.6011414817693383,0.0,0.0,0.0,0.5045532755310049,0.6010235717860015,0.0,0.7663688249992748,0.0,52.0,52.0,52.0,pending_rca,
LTE-TP-000033,LTE-TP-EP-000023,32278,542020041221088+20250827094505+Fiji-Nadi-LTE-DL-D!20250827094151,2025-08-26 23:41:36+02:00,2025-08-26,23,41,Fiji-Nadi-LTE-DL-D,Fiji-Nadi,DL-D,107.0,1.0,True,False,False,True,outside_download_activity,-17.81625163747475,177.39656702997794,0.44622556416595605,9.869540376195829,72.18771949659944,522.1254064517873,298.6086892967707,41444.12221932226,39.98776774052094,1077615.6245422184,3990.9965406457336,63.820706986226384,0.2217225774697242,62.464923791031794,3.0,80.0,"sinr_bin_for_expected,rsrp_bin_for_expected,carrier_count_for_expected",55.008776699597014,66.51022794102303,11.501451241426018,True,high,62.464923791031794,3.0,80.0,"sinr_bin_for_expected,rsrp_bin_for_expected,carrier_count_for_expected",55.008776699597014,66.51022794102303,11.501451241426018,54.78705412212729,0.00403067638970689,50.82461320786116,6.0,412.0,GLOBAL,46.68729935864987,57.978478039948165,11.291178681298298,False,not_available_or_sparse,50.602890630391435,0.004362503981347169,-3.7476033832378204,46.46557678118014,0.004749098373980913,True,False,2,low_tp_family;temporal_drop_family,50.0,93.96678988054693,3.4657359027997265,7.0,62.24320121356207,0.003549553317498121,-3.9502255604078234,49.981717451389066,41.5016966550682,11.0,49.75999487391934,0.004436073604020628,47.17149166272405,46.949769085254324,0.004700351200573423,122,38.39031243976029,37.35165453964726,17.551158223269614,25.69763070280064,0.03278688524590164,93.6,High,radio_limited_degradation,radio_limited_degradation;resource_limited_or_demand_uncertain_low_throughput;sudden_drop;rolling_local_drop;fixed_low_throughput;global_percentile_low_throughput;session_percentile_low_throughput;iqr_extreme_low_throughput;robust_z_extreme_low_throughput,2,6,False,True,-105.85221727026115,-11.953762335052179,5.390937056470275,-74.06642162866972,8.319520974330148,12.898580909169494,14.44548546996576,1.013454746529675,3.8515398970510684,24.157672738321843,10-25,20.11689476230269,40.26387439243098,True,lte_rb_count;lte_agg_rb_dl,lte_agg_rb_dl,24.157672738321843,low_rb_usage,low_or_uncertain,202.36533201924846,fallback_100rb_per_carrier,11.937653795376388,86.74455260159908,93.7799316942077,160.64413438518753,True,False,False,0.009178143104737108,0.1391379587959315,False,False,True,False,True,False,False,2.0236533201924845,unknown_carrier_count,-104.65896076518368,-8.905074629020584,8.212937230302868,10.087663830709591,14.554664523036665,2.1152735167916434,19.77322677473952,0,,0,,False,False,False,True,False,True,True,True,True,True,True,True,False,False,False,False,True,True,False,False,True,True,False,False,False,,,,0,False,0,False,0,False,0,False,0,False,0,False,0,False,0,False,True,True,False,0.9778277422530277,0.9860317422455824,0.9873670686202487,1.0,0.9082474526077514,0.9955639263959793,0.0,0.0,0.9952996487994266,0.0,0.0,0.0,0.9940840778041699,0.7780400151695258,0.9889138711265139,1.0,0.0,104.43252578334665,100.0,104.43252578334665,pending_rca,
LTE-TP-000034,LTE-TP-EP-000024,32285,542020041221088+20250827094505+Fiji-Nadi-LTE-DL-D!20250827094151,2025-08-26 23:41:43+02:00,2025-08-26,23,41,Fiji-Nadi-LTE-DL-D,Fiji-Nadi,DL-D,114.0,1.0,True,False,False,True,outside_download_activity,-17.81192472178449,177.39444637875857,-1.0739092663915621,10.004933048149287,70.98515762913027,412.3552082342995,291.18871446807304,40727.26086630996,39.722446265470694,1072842.9215746333,4008.397621312201,63.76704568899516,17.49858038128633,62.464923791031794,3.0,80.0,"sinr_bin_for_expected,rsrp_bin_for_expected,carrier_count_for_expected",55.008776699597014,66.51022794102303,11.501451241426018,True,high,62.464923791031794,3.0,80.0,"sinr_bin_for_expected,rsrp_bin_for_expected,carrier_count_for_expected",55.008776699597014,66.51022794102303,11.501451241426018,37.51019631831068,0.31810524485658165,50.82461320786116,6.0,412.0,GLOBAL,46.68729935864987,57.978478039948165,11.291178681298298,False,not_available_or_sparse,33.32603282657483,0.344293429439809,-1.0301712018730993,29.188718977363536,0.3748038678969836,True,False,2,low_tp_family;temporal_drop_family,50.0,43.81306836944023,3.4657359027997265,2.0,44.96634340974546,0.2801345030024456,-1.2327933790431023,38.76655604078505,22.702742174685916,11.0,21.267975659498717,0.45138341313777364,37.56335540310265,20.064775021816317,0.4658417809991753,122,38.39031243976029,37.35165453964726,17.551158223269614,25.69763070280064,0.03278688524590164,55.5,Medium,sudden_drop,resource_limited_or_demand_uncertain_low_throughput;sudden_drop;rolling_local_drop;session_percentile_low_throughput,2,5,False,True,-105.32662088361988,-11.986290168994753,4.183461765861595,-74.38668127762908,9.005271622117771,12.946466294955343,0.9103799964149918,2.020835001742609,49.73274471184805,81.99398214156548,50-100,20.00885665511373,39.63423052749033,True,lte_rb_count;lte_agg_rb_dl,lte_agg_rb_dl,81.99398214156548,low_rb_usage,low_or_uncertain,200.68722843583691,fallback_100rb_per_carrier,40.85660197742994,86.74455260159908,93.7799316942077,160.64413438518753,True,False,False,0.21341298378549806,0.1391379587959315,False,False,True,False,True,False,False,2.0068722843583693,unknown_carrier_count,-103.71482266079016,-10.03540121229165,7.620596572248971,9.266637129758378,11.661041755222008,2.571594758587334,33.046218503623386,0,,0,,False,False,False,False,False,True,False,False,True,False,False,True,False,False,False,False,True,True,False,False,False,True,False,False,False,,,,0,False,0,False,0,False,0,False,0,False,0,False,0,False,0,False,True,True,False,0.0,0.0,0.002995690729605181,0.0,0.0,0.5486165868622264,0.0,0.0,0.5341582190008247,0.0,0.0,0.0,0.5331091616625907,0.5620792926218183,0.12507098093568345,0.5316993914874679,0.0,55.46573590279973,55.46573590279973,55.46573590279973,pending_rca,
LTE-TP-000035,LTE-TP-EP-000024,32286,542020041221088+20250827094505+Fiji-Nadi-LTE-DL-D!20250827094151,2025-08-26 23:41:44+02:00,2025-08-26,23,41,Fiji-Nadi-LTE-DL-D,Fiji-Nadi,DL-D,115.0,1.0,True,False,False,True,outside_download_activity,-17.818922745446283,177.39572493060652,-0.017397406210486976,9.89716930614605,72.30653038438041,789.8296375591659,287.08258218430393,41817.75401793342,41.53702556971597,1064139.845585984,4224.773523717403,60.62793928591806,18.387303513758095,62.464923791031794,3.0,80.0,"sinr_bin_for_expected,rsrp_bin_for_expected,carrier_count_for_expected",55.008776699597014,66.51022794102303,11.501451241426018,True,high,62.464923791031794,3.0,80.0,"sinr_bin_for_expected,rsrp_bin_for_expected,carrier_count_for_expected",55.008776699597014,66.51022794102303,11.501451241426018,36.62147318583892,0.33426126914567067,68.42137275067724,5.0,53.0,"carrier_count_for_expected,rb_usage_bucket",55.48631239416858,73.9359125140991,18.449600119930523,False,medium,50.03406923691914,0.26873625556681185,-1.2755763910441074,37.09900888041048,0.33138449322666713,True,False,2,temporal_drop_family;expected_tp_family,55.0,44.16625512811312,3.4657359027997265,2.0,44.077620277273695,0.2943620579010135,-1.185868978271908,37.56335540310265,22.702742174685916,11.0,19.176051889344553,0.4895010926590265,17.49858038128633,-0.8887231324717639,1.0507882989995119,122,38.39031243976029,37.35165453964726,17.551158223269614,25.69763070280064,0.03278688524590164,60.5,High,radio_p75_underperformance,unexpected_underperformance;radio_p75_underperformance;rolling_local_drop,2,3,False,True,-105.21146819776929,-12.295307575996963,5.4605850621709395,-73.3896842742516,8.961670401387625,12.97243144779554,2.147545342913626,1.9712280170406402,74.91177814574131,131.3318471781612,100-150,20.037361020423756,39.210672434528576,True,lte_rb_count;lte_agg_rb_dl,lte_agg_rb_dl,131.3318471781612,medium_rb_usage,medium,202.25647741188345,fallback_100rb_per_carrier,64.93332073153415,86.74455260159908,93.7799316942077,160.64413438518753,False,True,False,0.14000643338865384,0.1391379587959315,False,False,False,True,False,False,False,2.0225647741188344,unknown_carrier_count,-105.50812788673066,-10.056229935386229,7.5342864346269005,8.076082593987467,10.56747514705542,21.757681978230014,59.776168176305475,0,,0,,False,False,False,False,False,False,False,False,False,False,False,True,False,False,False,False,False,True,True,True,False,True,False,False,False,,,,0,False,0,False,0,False,0,False,0,False,0,False,0,False,0,False,False,True,True,0.0,0.0,0.0,0.0,0.0,0.5104989073409735,0.0,0.0,0.0,0.7056379420989864,0.0,0.0,0.5521062407219802,0.6254258654614893,0.08063482431209526,0.4794012972336138,0.0,60.46573590279973,60.46573590279973,60.46573590279973,pending_rca,
LTE-TP-000036,LTE-TP-EP-000025,32288,542020041221088+20250827094505+Fiji-Nadi-LTE-DL-D!20250827094151,2025-08-26 23:41:46+02:00,2025-08-26,23,41,Fiji-Nadi-LTE-DL-D,Fiji-Nadi,DL-D,117.0,1.0,True,False,False,True,outside_download_activity,-17.819500901490347,177.39650171632107,0.07724978194009009,9.732059868520055,70.68308000917737,1234.344233374942,290.24349863543813,42242.35570208932,40.71558384376439,1085303.7471428458,4060.2991760473406,59.48880507918438,13.485846311634994,62.464923791031794,3.0,80.0,"sinr_bin_for_expected,rsrp_bin_for_expected,carrier_count_for_expected",55.008776699597014,66.51022794102303,11.501451241426018,True,high,62.464923791031794,3.0,80.0,"sinr_bin_for_expected,rsrp_bin_for_expected,carrier_count_for_expected",55.008776699597014,66.51022794102303,11.501451241426018,41.52293038796202,0.24515808423228921,68.42137275067724,5.0,53.0,"carrier_count_for_expected,rb_usage_bucket",55.48631239416858,73.9359125140991,18.449600119930523,False,medium,54.93552643904224,0.19709990854431536,-1.5670227285328586,42.000466082533585,0.24304816322687017,True,False,3,low_tp_family;temporal_drop_family;expected_tp_family,55.0,56.809038094140575,5.493061443340547,3.0,48.9790774793968,0.21589470527091528,-1.4773153157606593,34.809816009151476,22.702742174685916,11.0,21.323969697516482,0.38741504143801203,27.01818083561374,13.532334523978747,0.4991396864832129,122,38.39031243976029,37.35165453964726,17.551158223269614,25.69763070280064,0.03278688524590164,65.3,High,ca_underperformance,unexpected_underperformance;ca_underperformance;radio_p75_underperformance;sudden_drop;rolling_local_drop;global_percentile_low_throughput;session_percentile_low_throughput,3,3,False,True,-103.82184917432026,-11.588541859110236,6.254350612995935,-72.58672427564015,7.897119093144584,12.081260353903296,2.3629931069009236,1.9705144461201443,67.28797651787094,119.42333860357071,100-150,20.078217732091694,40.17170971782009,True,lte_rb_count;lte_agg_rb_dl,lte_agg_rb_dl,119.42333860357071,medium_rb_usage,medium,199.05753046763078,fallback_100rb_per_carrier,59.99438369551682,86.74455260159908,93.7799316942077,160.64413438518753,False,True,False,0.11292471362236536,0.1391379587959315,False,False,False,True,False,False,False,1.990575304676308,unknown_carrier_count,-104.93385355266462,-10.066870253063005,7.892031027859969,10.157407992898326,14.012273055347649,1.0102496639100313,49.90109616104213,0,,0,,False,False,False,False,False,False,False,True,True,False,False,True,False,False,False,False,True,True,True,True,False,True,True,False,False,,,,0,False,0,False,0,False,0,False,0,False,0,False,0,False,0,False,True,True,True,0.0,0.15040777774152672,0.2316264180357489,0.0,0.0,0.612584958561988,0.0,0.0,0.5008603135167871,0.7841052947290847,0.0,0.0,0.671500152426141,0.686694080488028,0.3257076844182503,0.5330992424379121,0.0,65.30209953748113,65.30209953748113,65.30209953748113,pending_rca,
LTE-TP-000037,LTE-TP-EP-000026,32294,542020041221088+20250827094505+Fiji-Nadi-LTE-DL-D!20250827094151,2025-08-26 23:41:52+02:00,2025-08-26,23,41,Fiji-Nadi-LTE-DL-D,Fiji-Nadi,DL-D,123.0,1.0,True,False,False,True,outside_download_activity,-17.812949348039414,177.39422785009094,0.2682878246274516,9.977487177020445,73.03673466814973,481.0001169939525,295.3415750103094,39676.89476760868,42.486043519588456,1015004.9165859265,4045.8949437539804,60.38506832645246,20.841169047718648,62.464923791031794,3.0,80.0,"sinr_bin_for_expected,rsrp_bin_for_expected,carrier_count_for_expected",55.008776699597014,66.51022794102303,11.501451241426018,True,high,62.464923791031794,3.0,80.0,"sinr_bin_for_expected,rsrp_bin_for_expected,carrier_count_for_expected",55.008776699597014,66.51022794102303,11.501451241426018,34.16760765187837,0.37886988764597135,65.93225724254272,3.0,57.0,"sinr_bin_for_expected,rsrp_bin_for_expected,carrier_count_for_expected,rb_usage_bucket",60.99254231210596,69.40482028977027,8.41227797766431,True,high,45.09108819482407,0.31609973508188804,-1.1198843446964961,40.15137326438732,0.34170028429167537,True,True,1,expected_tp_family,55.0,36.58248996180268,0.0,6.0,41.62375474331314,0.33364595332638275,-1.0666906947662413,36.656305351799446,33.17920826582498,6.0,15.815136304080799,0.5685561828367834,34.809816009151476,13.968646961432828,0.5987152888782727,122,38.39031243976029,37.35165453964726,17.551158223269614,25.69763070280064,0.03278688524590164,61.0,High,rb_conditioned_underperformance,unexpected_underperformance;rb_conditioned_underperformance,1,3,False,True,-106.40608847378309,-12.175323309548173,5.040290272057309,-75.29373293127243,8.739383557870198,12.13763817263532,4.482286530246867,1.9690394268292521,72.49706198365655,162.9058950395591,150-250,19.92374512457903,40.000270487335705,True,lte_rb_count;lte_agg_rb_dl,lte_agg_rb_dl,162.9058950395591,high_rb_usage,high,202.26566466252206,pcell_bandwidth_times_carriers,80.54055803854091,86.74455260159908,93.7799316942077,160.64413438518753,False,True,True,0.12793379295855253,0.1391379587959315,False,False,False,True,False,False,False,2.0226566466252205,unknown_carrier_count,-106.73866622816988,-10.670240867828952,8.127954239417626,10.955020395625155,14.793213819114264,6.39856814417059,88.3435931416385,0,,0,,False,False,False,False,False,False,False,False,False,False,False,False,False,False,False,False,False,True,False,True,False,True,False,False,False,,,,0,False,0,False,0,False,0,False,0,False,0,False,0,False,0,False,False,False,True,0.0,0.0,0.0,0.0,0.0,0.0,0.0,0.0,0.0,0.0,0.683900264918112,0.0,0.47316710819685326,0.5636386024353008,0.0,0.39537840760202,0.0,61.0,61.0,61.0,pending_rca,
LTE-TP-000038,LTE-TP-EP-000027,32295,542020041221088+20250827094725+Fiji-Nadi-LTE-DL-D!20250827094401,2025-08-26 23:41:59+02:00,2025-08-26,23,41,Fiji-Nadi-LTE-DL-D,Fiji-Nadi,DL-D,0.0,,True,True,True,False,active_download_analysis_window,-17.814252200397902,177.3948593663866,1.382404308242445,9.947642674791041,73.86002173571454,,297.3734497072847,40757.5045006941,42.71505896816669,1020137.6625076501,4286.85759444738,60.76673094319422,15.351725333669433,62.464923791031794,3.0,80.0,"sinr_bin_for_expected,rsrp_bin_for_expected,carrier_count_for_expected",55.008776699597014,66.51022794102303,11.501451241426018,True,high,62.464923791031794,3.0,80.0,"sinr_bin_for_expected,rsrp_bin_for_expected,carrier_count_for_expected",55.008776699597014,66.51022794102303,11.501451241426018,39.65705136592758,0.2790777445843819,65.93225724254272,3.0,57.0,"sinr_bin_for_expected,rsrp_bin_for_expected,carrier_count_for_expected,rb_usage_bucket",60.99254231210596,69.40482028977027,8.41227797766431,True,high,50.58053190887328,0.23284088814365284,-1.4093476051956184,45.640816978436526,0.25169840035709384,True,True,2,low_tp_family;expected_tp_family,55.0,47.61309714925951,3.4657359027997265,7.0,47.11319845736236,0.24576553371019255,-1.3561539552653636,27.56165263110006,23.112228628532037,6.0,12.209927297430626,0.5569958209380678,,,,122,38.368102518303935,31.369441268885694,14.962010764066896,22.023694375863414,0.06557377049180328,65.5,High,rb_conditioned_underperformance,unexpected_underperformance;rb_conditioned_underperformance;radio_p75_underperformance;global_percentile_low_throughput,2,3,False,True,-113.1160378750661,-12.1948801106091,3.7123598921849523,-80.72310133269734,,9.765646753590095,2.613503105217766,,82.03343972123977,161.37408427527623,150-250,20.1237247927718,40.12795384407153,True,lte_rb_count;lte_agg_rb_dl,lte_agg_rb_dl,161.37408427527623,high_rb_usage,high,196.550237615325,fallback_100rb_per_carrier,82.1032252278966,86.74455260159908,93.7799316942077,160.64413438518753,False,True,True,0.0951312932470746,0.1391379587959315,False,False,False,True,False,False,False,1.9655023761532497,unknown_carrier_count,-105.36336348655472,-10.562280135812669,6.589196120861489,,14.253813849499135,2.9728900702070318,79.60057626020205,0,,0,,False,False,False,False,False,False,False,True,False,False,False,False,False,False,False,False,False,True,True,True,False,True,False,False,False,,,,0,False,0,False,0,False,0,False,0,False,0,False,0,False,0,False,True,False,True,0.0,0.032859626282316166,0.0,0.0,0.0,0.0,0.0,0.0,0.0,0.7542344662898075,0.7671591118563472,0.0,0.611931853093912,0.632256648860916,0.23241373331652831,0.3052481824357657,0.0,65.46573590279974,65.46573590279974,65.46573590279974,pending_rca,
LTE-TP-000039,LTE-TP-EP-000028,32305,542020041221088+20250827094725+Fiji-Nadi-LTE-DL-D!20250827094401,2025-08-26 23:42:09+02:00,2025-08-26,23,42,Fiji-Nadi-LTE-DL-D,Fiji-Nadi,DL-D,10.0,1.0,True,True,True,False,active_download_analysis_window,-17.815089649887337,177.39797384892944,-0.7794441956602558,10.004085340490894,71.473987644458,242.0507844097856,300.1414947082862,40153.99027626169,40.411791484811424,1033156.0469144022,4133.924219357041,51.79594488441833,2.288568972033265,37.172646518569856,5.0,248.0,carrier_count_for_expected,35.14192852037574,40.13288049740045,4.990951977024707,False,medium,37.172646518569856,5.0,248.0,carrier_count_for_expected,35.14192852037574,40.13288049740045,4.990951977024707,32.853359548342475,0.06512360215821177,29.201226340433465,5.0,95.0,"carrier_count_for_expected,rb_usage_bucket",27.436165199145872,31.81367095125307,4.377505752107197,False,medium,26.9126573684002,0.07837235824799588,-2.217430023609838,25.147596227112608,0.08341431666640174,True,False,2,low_tp_family;temporal_drop_family,50.0,79.43586243976202,3.4657359027997265,5.0,34.88407754653659,0.061565941259791514,-2.4516666921503596,21.29262180600734,8.093241218447146,11.0,19.004052833974075,0.10748178373165795,42.25295829202997,39.964389319996705,0.05416352048573484,122,38.368102518303935,31.369441268885694,14.962010764066896,22.023694375863414,0.06557377049180328,87.5,High,radio_limited_degradation,radio_limited_degradation;resource_limited_or_demand_uncertain_low_throughput;sudden_drop;rolling_local_drop;fixed_low_throughput;global_percentile_low_throughput;session_percentile_low_throughput;iqr_extreme_low_throughput;robust_z_extreme_low_throughput,2,5,False,True,-110.72942804114213,-14.729906323855303,-1.1503966088225228,-76.29172532233933,6.172214964416706,3.2615311770387327,0.5678505742118989,1.0132075363617314,69.72315509125895,68.15830367669949,50-100,19.95802536685697,20.82675707061547,True,lte_rb_count;lte_agg_rb_dl,lte_agg_rb_dl,68.15830367669949,low_rb_usage,low_or_uncertain,105.49723381884186,pcell_bandwidth_times_carriers,64.60672115227194,86.74455260159908,93.7799316942077,160.64413438518753,True,False,False,0.03357725836148755,0.1391379587959315,False,False,True,False,False,False,False,1.0549723381884186,unknown_carrier_count,,,,,,,,0,,0,,False,False,True,False,True,True,True,True,True,True,True,True,False,False,False,False,True,True,False,False,True,False,False,False,False,Success,Handover,23.349935277950177,0,False,0,False,0,False,0,False,0,False,0,False,0,False,0,False,True,True,False,0.7711431027966735,0.8558228861718502,0.8470413497142013,1.0,0.45457873769813206,0.892518216268342,0.0,0.0,0.9458364795142652,0.0,0.0,0.0,0.8973900979003474,0.43605096933170734,0.8855715513983368,0.9991097329999177,0.0,87.90159834256174,87.90159834256174,87.90159834256174,pending_rca,
LTE-TP-000040,LTE-TP-EP-000028,32306,542020041221088+20250827094725+Fiji-Nadi-LTE-DL-D!20250827094401,2025-08-26 23:42:10+02:00,2025-08-26,23,42,Fiji-Nadi-LTE-DL-D,Fiji-Nadi,DL-D,11.0,1.0,True,True,True,False,active_download_analysis_window,-17.812953364936146,177.3947841958072,-0.5963649778597069,10.055038360835276,73.55958355891549,412.8528936439869,296.01106471999196,39907.079202538625,41.2438074916905,1079115.7258210909,4016.4647265475905,50.85734871119275,7.449214345067497,36.31305223888564,3.0,144.0,"sinr_bin_for_expected,rsrp_bin_for_expected,carrier_count_for_expected",31.585509980216504,38.73488577855031,7.1493757983338035,True,high,36.31305223888564,3.0,144.0,"sinr_bin_for_expected,rsrp_bin_for_expected,carrier_count_for_expected",31.585509980216504,38.73488577855031,7.1493757983338035,24.136295635149008,0.23584277568205458,24.63994399743227,3.0,52.0,"sinr_bin_for_expected,rsrp_bin_for_expected,carrier_count_for_expected,rb_usage_bucket",20.515628463924894,26.918551454805066,6.402922990880171,True,high,17.190729652364773,0.3023226978861551,-1.110077987731203,13.066414118857399,0.36309949549760806,False,False,2,low_tp_family;temporal_drop_family,50.0,51.802777609422094,3.4657359027997265,2.0,28.863837893818143,0.20513875551035463,-1.485269731284069,18.2779439549581,8.093241218447146,11.0,10.828729609890605,0.4075520946680008,2.288568972033265,-5.160645373034232,3.254966066611175,122,38.368102518303935,31.369441268885694,14.962010764066896,22.023694375863414,0.06557377049180328,57.3,High,rolling_local_drop,resource_limited_or_demand_uncertain_low_throughput;rolling_local_drop;fixed_low_throughput;global_percentile_low_throughput;session_percentile_low_throughput;iqr_extreme_low_throughput,2,4,False,True,-111.92127250449401,-12.703932248629458,5.614204216173827,-79.21465539340369,7.830703334490552,5.418818960282174,0.3895181822072503,0.992702884394173,84.69999704927943,82.33515478723334,50-100,20.023479701449443,20.064019803579676,True,lte_rb_count;lte_agg_rb_dl,lte_agg_rb_dl,82.33515478723334,low_rb_usage,low_or_uncertain,100.0,fallback_100rb_per_carrier,82.33515478723334,86.74455260159908,93.7799316942077,160.64413438518753,True,False,False,0.09047428603635238,0.1391379587959315,False,False,True,False,True,False,False,0.9905257642368601,unknown_carrier_count,,,,,,,,0,,0,,False,False,False,False,False,True,True,True,True,False,True,True,False,False,False,False,False,True,False,False,False,False,False,False,False,Success,Handover,40.444321669782624,0,False,0,False,0,False,0,False,0,False,0,False,0,False,0,False,True,True,False,0.2550785654932503,0.5307083869074358,0.5021247837250793,0.0,0.02224655466278125,0.5924479053319992,0.0,0.0,0.0,0.0,0.0,0.0,0.6581020741494089,0.3607979736727268,0.6275392827466252,0.2707182402472651,0.0,57.26851351222182,57.26851351222182,57.26851351222182,pending_rca,
LTE-TP-000041,LTE-TP-EP-000028,32307,542020041221088+20250827094725+Fiji-Nadi-LTE-DL-D!20250827094401,2025-08-26 23:42:11+02:00,2025-08-26,23,42,Fiji-Nadi-LTE-DL-D,Fiji-Nadi,DL-D,12.0,1.0,True,True,True,False,active_download_analysis_window,-17.808196618779938,177.39268771410522,0.31057116198326234,10.0163722107824,73.05567290811705,573.6056610988759,299.4129036458157,40788.791519521204,41.35566758726528,1096594.5141845178,3781.32661085453,50.62361051804647,8.737268091826795,36.31305223888564,3.0,144.0,"sinr_bin_for_expected,rsrp_bin_for_expected,carrier_count_for_expected",31.585509980216504,38.73488577855031,7.1493757983338035,True,high,36.31305223888564,3.0,144.0,"sinr_bin_for_expected,rsrp_bin_for_expected,carrier_count_for_expected",31.585509980216504,38.73488577855031,7.1493757983338035,22.84824188838971,0.27662266961335624,36.44880219414222,3.0,60.0,"sinr_bin_for_expected,rsrp_bin_for_expected,carrier_count_for_expected,rb_usage_bucket",34.41725265071216,39.0805307843546,4.663278133642443,True,high,27.711534102315422,0.23971344916324808,-1.347014130390388,25.679984558885362,0.2538630314423428,True,False,1,low_tp_family,25.0,47.02600999916201,0.0,1.0,27.575784147058844,0.24060957570706595,-1.3433825964891581,17.460002069146086,8.093241218447146,11.0,8.72273397731929,0.5004162117063315,7.449214345067497,-1.2880537467592985,1.1729113550897061,122,38.368102518303935,31.369441268885694,14.962010764066896,22.023694375863414,0.06557377049180328,48.0,Medium,fixed_low_throughput,fixed_low_throughput;global_percentile_low_throughput;session_percentile_low_throughput,1,3,False,False,-111.02874296229504,-12.220774238556993,6.654860048036306,-78.00632360356578,5.774530141508073,6.111492154119834,0.08719973595528507,2.002436808086181,95.65682127642602,91.56579756395764,50-100,19.955751466455194,19.512257661577845,True,lte_rb_count;lte_agg_rb_dl,lte_agg_rb_dl,91.56579756395764,below_median_rb_usage,unknown,100.0,aggregate_bandwidth,91.56579756395764,86.74455260159908,93.7799316942077,160.64413438518753,False,False,False,0.09542065186210949,0.1391379587959315,False,False,False,False,True,False,False,1.0059831332200955,unknown_carrier_count,,,,,,,,0,,0,,False,False,False,False,True,False,True,True,True,False,False,False,False,False,False,False,False,True,False,False,False,False,False,False,False,Success,Handover,-35.06586853506254,0,False,0,False,0,False,0,False,0,False,0,False,0,False,0,False,True,False,False,0.12627319081732047,0.44956253815536656,0.4160365054134023,0.0,0.0,0.0,0.0,0.0,0.0,0.0,0.0,0.0,0.6004775847279198,0.34639417627894276,0.5631365954086602,0.21806834943298226,0.0,48.02600999916201,48.02600999916201,48.02600999916201,pending_rca,
LTE-TP-000042,LTE-TP-EP-000028,32308,542020041221088+20250827094725+Fiji-Nadi-LTE-DL-D!20250827094401,2025-08-26 23:42:12+02:00,2025-08-26,23,42,Fiji-Nadi-LTE-DL-D,Fiji-Nadi,DL-D,13.0,1.0,True,True,True,False,active_download_analysis_window,-17.814439972684717,177.39678976027528,0.6315440767452392,9.975330299732335,73.31684304205162,818.8659592056638,147.71974955627473,41735.20558134863,40.75204866065318,1020731.1165892214,4563.70069323786,46.902610123541926,4.587662608757836,62.464923791031794,3.0,80.0,"sinr_bin_for_expected,rsrp_bin_for_expected,carrier_count_for_expected",55.008776699597014,66.51022794102303,11.501451241426018,True,high,62.464923791031794,3.0,80.0,"sinr_bin_for_expected,rsrp_bin_for_expected,carrier_count_for_expected",55.008776699597014,66.51022794102303,11.501451241426018,50.421114090839176,0.08339873896507581,65.93225724254272,3.0,57.0,"sinr_bin_for_expected,rsrp_bin_for_expected,carrier_count_for_expected,rb_usage_bucket",60.99254231210596,69.40482028977027,8.41227797766431,True,high,61.34459463378488,0.06958145831230016,-2.483119960211819,56.40487970334812,0.07521677954137787,True,True,4,low_tp_family;temporal_drop_family;expected_tp_family;rb_efficiency_family,75.0,74.20381645820522,6.931471805599453,9.0,57.877261182273955,0.07344381983247525,-2.429926310281564,17.460002069146086,8.093241218447146,11.0,12.87233946038825,0.26275269559473796,8.737268091826795,4.149605483068959,0.5250683120332919,122,38.368102518303935,31.369441268885694,14.962010764066896,22.023694375863414,0.06557377049180328,89.5,High,ca_underperformance,unexpected_underperformance;ca_underperformance;rb_efficiency_underperformance;rb_conditioned_underperformance;radio_p75_underperformance;rolling_local_drop;fixed_low_throughput;global_percentile_low_throughput;session_percentile_low_throughput;iqr_extreme_low_throughput;robust_z_extreme_low_throughput,4,3,False,True,-109.52770998760127,-11.46679206910607,5.663619973284963,-78.31923835264112,6.947844583977588,6.004283191053499,0.030321819276268046,1.9765940180909616,88.21379616059828,182.0115232173552,150-250,20.03586641028429,41.110005223746036,True,lte_rb_count;lte_agg_rb_dl,lte_agg_rb_dl,182.0115232173552,high_rb_usage,high,201.2262880942174,fallback_100rb_per_carrier,90.4511656708265,86.74455260159908,93.7799316942077,160.64413438518753,False,True,True,0.02520534155015737,0.1391379587959315,True,True,False,True,False,False,False,2.012262880942174,unknown_carrier_count,,,,8.025312930552904,7.283088768509414,1.3267691467160112,87.00800347149786,0,,0,,False,False,False,False,True,False,True,True,True,True,True,True,False,False,False,False,False,True,True,True,False,True,True,False,False,Success,Handover,-11.62066811777785,0,False,0,False,0,False,0,False,0,False,0,False,0,False,0,False,True,True,True,0.5412337391242164,0.7109827310293488,0.6933792736083528,1.0,0.2117026252975267,0.7372473044052621,0.0,0.0,0.0,0.9265561801675247,0.9304185416876999,0.8188464041856104,0.8840309028128331,0.766807432922311,0.7706168695621083,0.3218084865097063,0.8188464041856104,90.93147180559946,90.93147180559946,90.93147180559946,pending_rca,
LTE-TP-000043,LTE-TP-EP-000028,32309,542020041221088+20250827094725+Fiji-Nadi-LTE-DL-D!20250827094401,2025-08-26 23:42:13+02:00,2025-08-26,23,42,Fiji-Nadi-LTE-DL-D,Fiji-Nadi,DL-D,14.0,1.0,True,True,True,False,active_download_analysis_window,-17.816258871337773,177.3940492422587,-0.06345932597969728,9.813719272005601,71.63453527287577,353.6600030230244,144.11187607906743,41354.65968714843,40.6958030822122,1008850.1371604103,4077.786908948544,49.32523920283269,18.2779439549581,62.464923791031794,3.0,80.0,"sinr_bin_for_expected,rsrp_bin_for_expected,carrier_count_for_expected",55.008776699597014,66.51022794102303,11.501451241426018,True,high,62.464923791031794,3.0,80.0,"sinr_bin_for_expected,rsrp_bin_for_expected,carrier_count_for_expected",55.008776699597014,66.51022794102303,11.501451241426018,36.73083274463892,0.3322732307750447,68.42137275067724,5.0,53.0,"carrier_count_for_expected,rb_usage_bucket",55.48631239416858,73.9359125140991,18.449600119930523,False,medium,50.14342879571913,0.2671379310316042,-1.2812331426530674,37.208368439210474,0.329413564648406,True,False,1,expected_tp_family,55.0,37.23934557812102,0.0,2.0,44.18697983607369,0.29261132241359267,-1.1915257298808681,17.460002069146086,8.093241218447146,11.0,-0.8179418858120151,1.0468466087559873,4.587662608757836,-13.690281346200265,3.98415173776414,122,38.368102518303935,31.369441268885694,14.962010764066896,22.023694375863414,0.06557377049180328,57.0,Medium,radio_p75_underperformance,unexpected_underperformance;radio_p75_underperformance,1,3,False,True,-111.89025585314474,-11.546489977886841,8.339072240633804,-78.69508950735727,7.704751746249944,8.760245530101471,0.9308788090232324,2.006415159136053,83.7845777931913,160.28125005763698,150-250,19.951930419272458,40.46443434961226,True,lte_rb_count;lte_agg_rb_dl,lte_agg_rb_dl,160.28125005763698,medium_rb_usage,medium,198.51865273315164,pcell_bandwidth_times_carriers,80.73863480883416,86.74455260159908,93.7799316942077,160.64413438518753,False,True,False,0.11403669455026942,0.1391379587959315,False,False,False,True,False,False,False,1.9851865273315163,unknown_carrier_count,-116.36185531600793,-13.761260835153102,0.2987848397406183,6.016366291586361,7.097896239346212,-0.05670055450617009,76.20157020359771,0,,0,,False,False,False,False,False,False,False,False,False,False,False,False,False,False,False,False,False,True,True,True,False,True,False,False,False,Success,Handover,-17.78569645490668,0,False,0,False,0,False,0,False,0,False,0,False,0,False,0,False,False,False,True,0.0,0.0,0.0,0.0,0.0,0.0,0.0,0.0,0.0,0.7073886775864073,0.0,0.0,0.5547701149473263,0.6267928599464891,0.08610280225209496,0.0,0.0,57.0,57.0,57.0,pending_rca,
LTE-TP-000044,LTE-TP-EP-000029,32311,542020041221088+20250827094725+Fiji-Nadi-LTE-DL-D!20250827094401,2025-08-26 23:42:15+02:00,2025-08-26,23,42,Fiji-Nadi-LTE-DL-D,Fiji-Nadi,DL-D,16.0,1.0,True,True,True,False,active_download_analysis_window,-17.815652525977494,177.39391274585796,-0.7167497331446729,9.770158279584505,72.28093960059586,36.73941041928044,142.8912935783936,41773.244512700054,40.06359984146764,1019189.02271856,4031.0469052651665,52.711004628688194,13.817785068877074,36.31305223888564,3.0,144.0,"sinr_bin_for_expected,rsrp_bin_for_expected,carrier_count_for_expected",31.585509980216504,38.73488577855031,7.1493757983338035,True,high,36.31305223888564,3.0,144.0,"sinr_bin_for_expected,rsrp_bin_for_expected,carrier_count_for_expected",31.585509980216504,38.73488577855031,7.1493757983338035,17.767724911339428,0.43747228009083294,24.63994399743227,3.0,52.0,"sinr_bin_for_expected,rsrp_bin_for_expected,carrier_count_for_expected,rb_usage_bucket",20.515628463924894,26.918551454805066,6.402922990880171,True,high,10.822158928555195,0.5607880062680753,-0.5483232947055847,6.697843395047821,0.6735248248999319,False,False,1,low_tp_family,25.0,30.36369590997236,0.0,1.0,22.495267170008567,0.38051841464541974,-0.9235150382584507,18.2779439549581,11.277526580351935,11.0,4.460158886081027,0.7559813676487853,21.29262180600734,7.474836737130266,0.6489470951378391,122,38.368102518303935,31.369441268885694,14.962010764066896,22.023694375863414,0.06557377049180328,29.2,Low,resource_limited_or_demand_uncertain_low_throughput,resource_limited_or_demand_uncertain_low_throughput;global_percentile_low_throughput;session_percentile_low_throughput,1,2,True,False,-109.89402537088957,-12.008382647330343,6.845672135069309,-77.31558064543326,6.899656895620688,9.071771340397513,9.074829146693078,2.009067848632525,79.56194663751262,75.91181145509434,50-100,19.915378592336577,19.770132186133036,True,lte_rb_count;lte_agg_rb_dl,lte_agg_rb_dl,75.91181145509434,low_rb_usage,low_or_uncertain,100.0,aggregate_bandwidth,75.91181145509434,86.74455260159908,93.7799316942077,160.64413438518753,True,False,False,0.1820241778455121,0.1391379587959315,False,False,True,False,False,True,False,1.0338695936352067,unknown_carrier_count,,,,,,,,0,,0,,False,False,False,False,True,True,False,True,True,False,False,False,False,False,False,False,False,False,False,False,False,False,False,False,False,Success,Handover,-21.6766447379435,0,False,0,False,0,False,0,False,0,False,0,False,0,False,0,False,True,False,False,0.0,0.12949603220459988,0.07647539580293719,0.0,0.0,0.0,0.0,0.0,0.0,0.0,0.0,0.0,0.36580264225763376,0.2811908396251071,0.30911074655614634,0.18687091842825665,0.0,31.36369590997236,31.36369590997236,29.1810915882415,pending_rca,
LTE-TP-000045,LTE-TP-EP-000030,32319,542020041221088+20250827094725+Fiji-Nadi-LTE-DL-D!20250827094401,2025-08-26 23:42:23+02:00,2025-08-26,23,42,Fiji-Nadi-LTE-DL-D,Fiji-Nadi,DL-D,24.0,1.0,True,True,True,False,active_download_analysis_window,-17.81380073175536,177.39604179869994,0.4368276682460638,9.858949328440534,72.07230502861731,336.54026972204144,141.7149752565512,40673.73187878959,41.20775349050224,1060433.4037579934,3954.680539351922,52.01843951166465,19.65536455887995,36.31305223888564,3.0,144.0,"sinr_bin_for_expected,rsrp_bin_for_expected,carrier_count_for_expected",31.585509980216504,38.73488577855031,7.1493757983338035,True,high,36.31305223888564,3.0,144.0,"sinr_bin_for_expected,rsrp_bin_for_expected,carrier_count_for_expected",31.585509980216504,38.73488577855031,7.1493757983338035,11.930145421336555,0.6222905557387243,36.44880219414222,3.0,60.0,"sinr_bin_for_expected,rsrp_bin_for_expected,carrier_count_for_expected,rb_usage_bucket",34.41725265071216,39.0805307843546,4.663278133642443,True,high,16.79343763526227,0.5392595469718567,-0.5949996547142384,14.761888091832208,0.5710904574038754,False,False,1,temporal_drop_family,50.0,16.998735027085566,0.0,0.0,16.65768768000569,0.5412754738868276,-0.5913681208130086,27.45596560475379,19.251400075555658,11.0,7.80060104587384,0.7158868437494245,40.39349354916711,20.738128990287162,0.4865972915899281,122,38.368102518303935,31.369441268885694,14.962010764066896,22.023694375863414,0.06557377049180328,50.0,Medium,sudden_drop,sudden_drop,1,0,False,True,-111.36019169470119,-11.184383824148961,4.205692698523814,-80.20902263651125,7.1152161729154395,16.20194843015979,6.822003319592423,2.0294842275502334,92.05008881304317,90.60033847357408,50-100,19.990320002769447,19.973970784674574,True,lte_rb_count;lte_agg_rb_dl,lte_agg_rb_dl,90.60033847357408,below_median_rb_usage,unknown,100.0,aggregate_bandwidth,90.60033847357408,86.74455260159908,93.7799316942077,160.64413438518753,False,False,False,0.2169458181948508,0.1391379587959315,False,False,False,False,False,False,False,1.0436476705586448,unknown_carrier_count,,,,,,,,0,,0,,False,False,False,False,False,False,False,False,False,False,False,False,False,False,False,False,True,False,False,False,False,False,False,False,False,Success,Handover,-41.4151142030211,0,False,0,False,0,False,0,False,0,False,0,False,0,False,0,False,False,True,False,0.0,0.0,0.0,0.0,0.0,0.0,0.0,0.0,0.5134027084100719,0.0,0.0,0.0,0.10123408838023873,0.20991797044077837,0.01723177205600255,0.518453224757179,0.0,50.0,50.0,50.0,pending_rca,
LTE-TP-000046,LTE-TP-EP-000030,32320,542020041221088+20250827094725+Fiji-Nadi-LTE-DL-D!20250827094401,2025-08-26 23:42:24+02:00,2025-08-26,23,42,Fiji-Nadi-LTE-DL-D,Fiji-Nadi,DL-D,25.0,1.0,True,True,True,False,active_download_analysis_window,-17.816586754447602,177.39786413410846,-0.2985360425583171,9.942901490938013,71.26593738768014,364.9499528270747,146.2726517874031,41789.803280859596,41.25551463087826,1101671.603197717,4212.934357725549,48.90963038842148,13.005512166229687,36.31305223888564,3.0,144.0,"sinr_bin_for_expected,rsrp_bin_for_expected,carrier_count_for_expected",31.585509980216504,38.73488577855031,7.1493757983338035,True,high,36.31305223888564,3.0,144.0,"sinr_bin_for_expected,rsrp_bin_for_expected,carrier_count_for_expected",31.585509980216504,38.73488577855031,7.1493757983338035,18.579997813986814,0.41175564916873764,24.63994399743227,3.0,52.0,"sinr_bin_for_expected,rsrp_bin_for_expected,carrier_count_for_expected,rb_usage_bucket",20.515628463924894,26.918551454805066,6.402922990880171,True,high,11.634431831202582,0.5278223102936026,-0.6047004695778582,7.510116297695207,0.6339319406714179,False,False,2,low_tp_family;temporal_drop_family,50.0,35.406368520448076,3.4657359027997265,1.0,23.307540072655954,0.35814979365195865,-0.9798922131307242,27.063442171281572,19.251400075555658,11.0,14.057930005051885,0.4805564674263983,19.65536455887995,6.649852392650262,0.6616774838884393,122,38.368102518303935,31.369441268885694,14.962010764066896,22.023694375863414,0.06557377049180328,54.5,Medium,rolling_local_drop,resource_limited_or_demand_uncertain_low_throughput;rolling_local_drop;global_percentile_low_throughput;session_percentile_low_throughput,2,2,False,True,-112.4004033355161,-11.325955544403524,6.186359851616177,-80.8776822082086,9.029688716167858,12.55678952923766,6.627561256179203,1.9891386640250321,67.43039205125704,67.93095018201944,50-100,20.020518441227075,19.88572829360916,True,lte_rb_count;lte_agg_rb_dl,lte_agg_rb_dl,67.93095018201944,low_rb_usage,low_or_uncertain,100.0,aggregate_bandwidth,67.93095018201944,86.74455260159908,93.7799316942077,160.64413438518753,True,False,False,0.19145193952655912,0.1391379587959315,False,False,True,False,False,False,False,1.0120181296003472,unknown_carrier_count,,,,,,,,0,,0,,False,False,False,False,False,True,False,True,True,False,False,True,False,False,False,False,False,False,False,False,False,False,False,False,False,Success,Handover,-10.08044419188259,0,False,0,False,0,False,0,False,0,False,0,False,0,False,0,False,True,True,False,0.0,0.18066825562265448,0.1307644158722289,0.0,0.0,0.5194435325736018,0.0,0.0,0.0,0.0,0.0,0.0,0.40308367724673555,0.29134425090819943,0.34972439168851566,0.3514482501262971,0.0,54.46573590279973,54.46573590279973,54.46573590279973,pending_rca,
LTE-TP-000047,LTE-TP-EP-000031,32346,542020041221088+20250827094725+Fiji-Nadi-LTE-DL-D!20250827094401,2025-08-26 23:42:50+02:00,2025-08-26,23,42,Fiji-Nadi-LTE-DL-D,Fiji-Nadi,DL-D,51.0,1.0,True,True,True,False,active_download_analysis_window,-17.815221886078128,177.3949644213634,-0.41046222402950844,10.120185302589302,72.45571158674267,194.33584842240953,147.0543396422168,42366.670791103075,41.097103465827566,1087647.432617465,4143.55694498292,51.789418053546584,11.382947774648102,36.31305223888564,3.0,144.0,"sinr_bin_for_expected,rsrp_bin_for_expected,carrier_count_for_expected",31.585509980216504,38.73488577855031,7.1493757983338035,True,high,36.31305223888564,3.0,144.0,"sinr_bin_for_expected,rsrp_bin_for_expected,carrier_count_for_expected",31.585509980216504,38.73488577855031,7.1493757983338035,20.2025622055684,0.3603851190554713,24.63994399743227,3.0,52.0,"sinr_bin_for_expected,rsrp_bin_for_expected,carrier_count_for_expected,rb_usage_bucket",20.515628463924894,26.918551454805066,6.402922990880171,True,high,13.256996222784167,0.4619713330450069,-0.7278311011424963,9.132680689276793,0.5548427529122061,False,False,2,low_tp_family;temporal_drop_family,50.0,40.195646062250304,3.4657359027997265,3.0,24.930104464237537,0.31346711644521946,-1.1030228446953623,21.057656339885103,16.156894348260767,11.0,9.674708565237001,0.5405610002803479,24.500960916312113,13.118013141664012,0.46459189145800506,122,38.368102518303935,31.369441268885694,14.962010764066896,22.023694375863414,0.06557377049180328,56.5,Medium,radio_limited_degradation,radio_limited_degradation;resource_limited_or_demand_uncertain_low_throughput;sudden_drop;global_percentile_low_throughput;session_percentile_low_throughput,2,5,False,True,-113.05901571264678,-11.443554918771653,7.922531110422332,-82.31413619253064,10.143781103520741,13.672767960867613,12.216412645256339,0.9977623690505173,73.15574833658418,74.22488924155076,50-100,20.00916115311471,19.472352283027693,True,lte_rb_count;lte_agg_rb_dl,lte_agg_rb_dl,74.22488924155076,low_rb_usage,low_or_uncertain,100.0,aggregate_bandwidth,74.22488924155076,86.74455260159908,93.7799316942077,160.64413438518753,True,False,False,0.15335755823904929,0.1391379587959315,False,False,True,False,True,False,False,1.0599676384636156,unknown_carrier_count,,,,,,,,0,,0,,False,False,False,True,False,True,False,True,True,False,False,False,False,False,False,False,True,True,False,False,True,False,False,False,False,Success,Handover,-25.08672709166738,0,False,0,False,0,False,0,False,0,False,0,False,0,False,0,False,True,True,False,0.0,0.28288787575965263,0.2392100263698749,0.0,0.0,0.0,0.0,0.0,0.5354081085419949,0.0,0.0,0.0,0.47755480592463423,0.31162630580296924,0.4308526112675949,0.3279503285416003,0.0,56.46573590279973,56.46573590279973,56.46573590279973,pending_rca,
LTE-TP-000048,LTE-TP-EP-000031,32347,542020041221088+20250827094725+Fiji-Nadi-LTE-DL-D!20250827094401,2025-08-26 23:42:51+02:00,2025-08-26,23,42,Fiji-Nadi-LTE-DL-D,Fiji-Nadi,DL-D,52.0,1.0,True,True,True,False,active_download_analysis_window,-17.815287189236603,177.3958095981931,0.04859069455328382,9.917007070034547,72.86712795270967,89.76717126375053,134.30441212410474,40294.939729777754,41.59584600768362,1049272.8641878106,4169.042617831091,48.10388668486234,14.91870914522217,36.31305223888564,3.0,144.0,"sinr_bin_for_expected,rsrp_bin_for_expected,carrier_count_for_expected",31.585509980216504,38.73488577855031,7.1493757983338035,True,high,36.31305223888564,3.0,144.0,"sinr_bin_for_expected,rsrp_bin_for_expected,carrier_count_for_expected",31.585509980216504,38.73488577855031,7.1493757983338035,16.666800834994334,0.4723276323404771,24.63994399743227,3.0,52.0,"sinr_bin_for_expected,rsrp_bin_for_expected,carrier_count_for_expected,rb_usage_bucket",20.515628463924894,26.918551454805066,6.402922990880171,True,high,9.721234852210099,0.6054684680605139,-0.4766563545766389,5.596919318702724,0.7271875278622606,False,False,1,low_tp_family,25.0,27.313132873675006,0.0,1.0,21.39434309366347,0.4108360004298,-0.8518480981295049,23.561963670123216,16.156894348260767,11.0,8.643254524901046,0.6331691769875373,11.382947774648102,-3.5357613705740683,1.3106191331606434,122,38.368102518303935,31.369441268885694,14.962010764066896,22.023694375863414,0.06557377049180328,27.5,Low,resource_limited_or_demand_uncertain_low_throughput,resource_limited_or_demand_uncertain_low_throughput;global_percentile_low_throughput;session_percentile_low_throughput,1,2,True,False,-107.74864097929485,-10.175867977027844,9.558789093219476,-78.7399680192455,8.979242291542562,15.663936108696957,2.4734173437518585,0.9877048820328646,70.56284210233179,69.5669477475966,50-100,20.014152644928064,18.79942605072142,True,lte_rb_count;lte_agg_rb_dl,lte_agg_rb_dl,69.5669477475966,low_rb_usage,low_or_uncertain,100.0,aggregate_bandwidth,69.5669477475966,86.74455260159908,93.7799316942077,160.64413438518753,True,False,False,0.21445110973317902,0.1391379587959315,False,False,True,False,False,True,False,1.0722164276185333,unknown_carrier_count,,,,,,,,0,,0,,False,False,False,False,False,True,False,True,True,False,False,False,False,False,False,False,False,False,False,False,False,False,False,False,False,Success,Handover,15.2344719808232,0,False,0,False,0,False,0,False,0,False,0,False,0,False,0,False,True,False,False,0.0,0.06013912934912833,0.002894104243576693,0.0,0.0,0.0,0.0,0.0,0.0,0.0,0.0,0.0,0.31527333261699997,0.26742928867079335,0.2540645427388915,0.21608136312252615,0.0,28.313132873675006,28.313132873675006,27.487911848562664,pending_rca,
LTE-TP-000049,LTE-TP-EP-000032,32351,542020041221088+20250827094725+Fiji-Nadi-LTE-DL-D!20250827094401,2025-08-26 23:42:55+02:00,2025-08-26,23,42,Fiji-Nadi-LTE-DL-D,Fiji-Nadi,DL-D,56.0,1.0,True,True,True,False,active_download_analysis_window,-17.817039389882687,177.39537195481103,0.2011809194506113,9.887849449083204,70.62869080350914,748.7055189192813,142.11595205377358,40920.51403967169,40.09857590990534,981104.6019303311,4414.309800375691,52.42558137697059,2.0212422844837827,36.31305223888564,3.0,144.0,"sinr_bin_for_expected,rsrp_bin_for_expected,carrier_count_for_expected",31.585509980216504,38.73488577855031,7.1493757983338035,True,high,36.31305223888564,3.0,144.0,"sinr_bin_for_expected,rsrp_bin_for_expected,carrier_count_for_expected",31.585509980216504,38.73488577855031,7.1493757983338035,29.56426769573272,0.06399270696435747,24.63994399743227,3.0,52.0,"sinr_bin_for_expected,rsrp_bin_for_expected,carrier_count_for_expected,rb_usage_bucket",20.515628463924894,26.918551454805066,6.402922990880171,True,high,22.618701712948486,0.082031123313203,-2.138483348579959,18.49438617944111,0.09852207491659234,False,False,2,low_tp_family;temporal_drop_family,50.0,73.41162146298234,3.4657359027997265,5.0,34.291809954401856,0.0556615916279091,-2.513675092132825,20.799950031811854,16.156894348260767,11.0,18.77870774732807,0.09717534327690475,24.605001980833634,22.58375969634985,0.08214761722263847,122,38.368102518303935,31.369441268885694,14.962010764066896,22.023694375863414,0.06557377049180328,81.9,High,radio_limited_degradation,radio_limited_degradation;resource_limited_or_demand_uncertain_low_throughput;sudden_drop;rolling_local_drop;fixed_low_throughput;global_percentile_low_throughput;session_percentile_low_throughput;iqr_extreme_low_throughput;robust_z_extreme_low_throughput,2,5,False,True,-109.55976125458672,-9.60056877223512,9.2421770556327,-78.66656126798568,9.161671641239474,9.974438899216707,13.23735082749306,1.9975017523287537,36.91459973564896,35.14340838290988,25-50,20.009227404617988,20.588342905283184,True,lte_rb_count;lte_agg_rb_dl,lte_agg_rb_dl,35.14340838290988,low_rb_usage,low_or_uncertain,100.0,fallback_100rb_per_carrier,35.14340838290988,86.74455260159908,93.7799316942077,160.64413438518753,True,False,False,0.05751412220639094,0.1391379587959315,False,False,True,False,True,False,False,0.9435805642913772,unknown_carrier_count,,,,,,,,0,,0,,False,False,False,True,False,True,True,True,True,True,True,True,False,False,False,False,True,True,False,False,True,False,False,False,False,Success,Handover,-5.825943510662814,0,False,0,False,0,False,0,False,0,False,0,False,0,False,0,False,True,True,False,0.7978757715516217,0.8726641484327299,0.864908379204081,1.0,0.4934238142830932,0.9028246567230953,0.0,0.0,0.9178523827773615,0.0,0.0,0.0,0.9072306806201516,0.4286476244300232,0.8989378857758108,0.5645939924087463,0.0,81.87735736578206,81.87735736578206,81.87735736578206,pending_rca,
LTE-TP-000050,LTE-TP-EP-000033,32357,542020041221088+20250827094725+Fiji-Nadi-LTE-DL-D!20250827094401,2025-08-26 23:43:01+02:00,2025-08-26,23,43,Fiji-Nadi-LTE-DL-D,Fiji-Nadi,DL-D,62.0,1.0,True,True,True,False,active_download_analysis_window,-17.81579829995655,177.39556298966323,5.854137477938119,9.741019507633897,73.63193376187873,409.7788517934732,149.4959146612578,40892.345403262516,41.39674436129153,1133690.5409416987,4419.8428553170315,51.19577034972718,34.399831269508994,108.96080341052915,3.0,41.0,"sinr_bin_for_expected,rsrp_bin_for_expected,carrier_count_for_expected",92.88179807140473,116.91703868691584,24.035240615511114,True,high,108.96080341052915,3.0,41.0,"sinr_bin_for_expected,rsrp_bin_for_expected,carrier_count_for_expected",92.88179807140473,116.91703868691584,24.035240615511114,58.48196680189574,0.37036138386407463,116.7270739404027,4.0,34.0,"sinr_bin_for_expected,carrier_count_for_expected,rb_usage_bucket",106.74701614855988,122.00259451982203,15.255578371262146,True,high,82.32724267089371,0.29470310621400914,-1.2016619590664033,72.34718487905089,0.3222556705625826,True,True,1,expected_tp_family,55.0,42.80898547084947,0.0,6.0,74.56097214102016,0.3157083115466901,-1.1334169159289869,31.3181423940872,22.784557904512063,11.0,-3.0816888754217935,1.0983994783804167,31.3181423940872,-3.0816888754217935,1.0983994783804167,122,38.368102518303935,31.369441268885694,14.962010764066896,22.023694375863414,0.06557377049180328,61.0,High,rb_conditioned_underperformance,unexpected_underperformance;rb_conditioned_underperformance,1,3,False,True,-101.46866206483907,-10.249356319691199,16.50572602634529,-69.49572938321216,12.270646163389607,12.715030457467012,4.438143069025863,1.9660903317910745,85.25542848956685,171.90306665410927,150-250,20.074424478903815,40.227661833844415,True,lte_rb_count;lte_agg_rb_dl,lte_agg_rb_dl,171.90306665410927,high_rb_usage,high,199.099616395554,fallback_100rb_per_carrier,86.34022996437474,86.74455260159908,93.7799316942077,160.64413438518753,False,True,True,0.20011179520564232,0.1391379587959315,False,False,False,True,False,False,False,1.9909961639555398,unknown_carrier_count,-100.88441732310748,-10.072991446441295,6.566304210038808,7.903164807966783,14.621860558620837,3.5686709830709207,84.6624733909149,0,,0,,False,False,False,False,False,False,False,False,False,False,False,False,False,False,False,False,False,True,False,True,False,True,False,False,False,Success,Handover,46.91318988562333,0,False,0,False,0,False,0,False,0,False,0,False,0,False,0,False,False,False,True,0.0,0.0,0.0,0.0,0.0,0.0,0.0,0.0,0.0,0.0,0.7052968937859909,0.0,0.5088281563099848,1.0,0.0,0.0,0.0,61.0,61.0,61.0,pending_rca,
LTE-TP-000051,LTE-TP-EP-000034,32360,542020041221088+20250827094725+Fiji-Nadi-LTE-DL-D!20250827094401,2025-08-26 23:43:04+02:00,2025-08-26,23,43,Fiji-Nadi-LTE-DL-D,Fiji-Nadi,DL-D,65.0,1.0,True,True,True,False,active_download_analysis_window,-17.814484098146274,177.39619419028253,8.167336104651861,9.947082390016588,73.02255743677712,93.2248977847041,134.91628957100428,42229.439987345606,40.30445139579159,1039259.6948490589,4203.916133357251,49.34283721575936,1.4000676405960781,62.464923791031794,3.0,80.0,"sinr_bin_for_expected,rsrp_bin_for_expected,carrier_count_for_expected",55.008776699597014,66.51022794102303,11.501451241426018,True,high,62.464923791031794,3.0,80.0,"sinr_bin_for_expected,rsrp_bin_for_expected,carrier_count_for_expected",55.008776699597014,66.51022794102303,11.501451241426018,53.60870905900094,0.025451713791816332,68.42137275067724,5.0,53.0,"carrier_count_for_expected,rb_usage_bucket",55.48631239416858,73.9359125140991,18.449600119930523,False,medium,67.02130511008116,0.02046243131803023,-3.3646978642700778,54.0862447535725,0.025232666944059172,True,False,4,low_tp_family;temporal_drop_family;expected_tp_family;rb_efficiency_family,75.0,90.79744864052357,6.931471805599453,7.0,61.064856150435716,0.02241366122977786,-3.2749904514978785,27.049746387974725,19.224814823231206,11.0,25.649678747378648,0.05175899324581077,35.52544676393849,34.12537912334241,0.03941027539778253,122,38.368102518303935,31.369441268885694,14.962010764066896,22.023694375863414,0.06557377049180328,93.6,Critical,rb_efficiency_underperformance,radio_limited_degradation;rb_efficiency_underperformance;radio_p75_underperformance;sudden_drop;rolling_local_drop;fixed_low_throughput;global_percentile_low_throughput;session_percentile_low_throughput;iqr_extreme_low_throughput;robust_z_extreme_low_throughput,4,3,False,True,-111.71034022110874,-11.99853346255618,8.244473337855794,-77.75299747024036,8.050190609512002,11.785630199318259,12.265620508629581,1.0228584134504348,8.051068041289053,106.0903856674837,100-150,20.043623691840576,39.54624431680145,True,lte_rb_count;lte_agg_rb_dl,lte_agg_rb_dl,106.0903856674837,medium_rb_usage,medium,197.33979898555512,fallback_100rb_per_carrier,53.7602583021022,86.74455260159908,93.7799316942077,160.64413438518753,False,True,False,0.013196932330741762,0.1391379587959315,True,True,False,True,False,False,False,1.9733979898555511,unknown_carrier_count,-113.38242477783658,-11.294111100623459,10.516748979793602,7.850193682088005,8.036678128249887,-1.5698528610726972,100.15956099719766,0,,0,,False,False,False,True,False,False,True,True,True,True,True,True,False,False,False,False,True,True,True,False,True,True,False,False,False,Success,Handover,4.09557640458546,0,False,0,False,0,False,0,False,0,False,0,False,0,False,0,False,True,True,True,0.8599932359403922,0.9117974096249367,0.9064251682027584,1.0,0.5988797262930685,0.9482410067541892,0.0,0.0,0.9605897246022175,0.9775863387702222,0.0,0.9051521781335228,0.9658959478032829,0.8377663138760145,0.9299966179701962,0.8531344780835604,0.9051521781335228,104.72892044612303,100.0,104.72892044612303,pending_rca,
LTE-TP-000052,LTE-TP-EP-000035,32375,542020041221088+20250827094725+Fiji-Nadi-LTE-DL-D!20250827094401,2025-08-26 23:43:19+02:00,2025-08-26,23,43,Fiji-Nadi-LTE-DL-D,Fiji-Nadi,DL-D,80.0,1.0,True,True,True,False,active_download_analysis_window,-17.80839911407098,177.39724737387488,10.151262700517016,10.098137493944257,79.03341712876158,601.2901326818485,140.874278382318,41287.06562333062,42.16382733556123,1106586.7392139987,3881.0832394780414,49.425302554672065,19.00969558874518,80.5955273998368,5.0,164.0,carrier_count_for_expected,70.30285897438168,87.54117730129303,17.238318326911354,False,medium,80.5955273998368,5.0,164.0,carrier_count_for_expected,70.30285897438168,87.54117730129303,17.238318326911354,51.2931633856365,0.2703971910398737,68.42137275067724,5.0,53.0,"carrier_count_for_expected,rb_usage_bucket",55.48631239416858,73.9359125140991,18.449600119930523,False,medium,49.411677161932055,0.2778327125650519,-1.243977849284866,36.4766168054234,0.3426015312335486,True,False,1,temporal_drop_family,50.0,56.72463847588634,0.0,2.0,61.585831811091616,0.2358653910711139,-1.4055575136676972,27.852474711949554,21.77520328233802,11.0,8.842779123204373,0.6825137006798698,64.61061746337711,45.60092187463193,0.29421937655247365,122,38.368102518303935,31.369441268885694,14.962010764066896,22.023694375863414,0.06557377049180328,58.7,Medium,sudden_drop,sudden_drop,1,2,False,True,-109.87471719891946,-11.240879481486846,12.077615574754846,-77.81499620901228,6.625150000804656,10.909594027764737,2.1614276600292475,1.9936242666651736,65.02984616057853,131.697188267487,100-150,20.039070206753617,40.5135700739973,True,lte_rb_count;lte_agg_rb_dl,lte_agg_rb_dl,131.697188267487,medium_rb_usage,medium,197.84934043185777,fallback_100rb_per_carrier,66.56438074548218,86.74455260159908,93.7799316942077,160.64413438518753,False,True,False,0.14434397452840864,0.1391379587959315,False,False,False,True,False,False,False,1.9784934043185776,unknown_carrier_count,-109.1983653496348,-9.966187715125207,9.04995778735569,12.059931086915128,18.848601257051346,3.689549265163488,64.11945183408979,0,,0,,False,False,False,False,True,False,False,False,False,False,False,False,False,False,False,False,True,True,False,False,False,True,False,False,False,Success,Handover,6.350045716312909,0,False,0,False,0,False,0,False,0,False,0,False,0,False,0,False,False,True,False,0.0,0.0,0.0,0.0,0.0,0.0,0.0,0.0,0.7057806234475263,0.0,0.0,0.0,0.6068910148814768,0.7698228976386452,0.049515220562740936,1.0,0.0,58.72463847588634,58.72463847588634,58.72463847588634,pending_rca,
LTE-TP-000053,LTE-TP-EP-000036,32377,542020041221088+20250827094725+Fiji-Nadi-LTE-DL-D!20250827094401,2025-08-26 23:43:21+02:00,2025-08-26,23,43,Fiji-Nadi-LTE-DL-D,Fiji-Nadi,DL-D,82.0,1.0,True,True,True,False,active_download_analysis_window,-17.815910163438918,177.39948441457514,33.7442624662398,10.04821699328329,77.26112017034716,1195.7936773850215,152.80233666169258,41594.105344228345,39.411246317873704,1133388.027945715,4578.006265952281,54.23535164476514,13.132519788092642,80.5955273998368,5.0,164.0,carrier_count_for_expected,70.30285897438168,87.54117730129303,17.238318326911354,False,medium,80.5955273998368,5.0,164.0,carrier_count_for_expected,70.30285897438168,87.54117730129303,17.238318326911354,57.170339186289034,0.18679922807802346,68.42137275067724,5.0,53.0,"carrier_count_for_expected,rb_usage_bucket",55.48631239416858,73.9359125140991,18.449600119930523,False,medium,55.28885296258459,0.19193592966844789,-1.5917162750587464,42.353792606075935,0.23668034910665328,True,False,2,low_tp_family;temporal_drop_family,50.0,60.68148395283346,3.4657359027997265,3.0,67.46300761174416,0.1629435306371509,-1.7532959394415775,27.852474711949554,21.77520328233802,11.0,14.719954923856912,0.4715027990837164,20.144129022168034,7.011609234075392,0.6519279028465654,122,38.368102518303935,31.369441268885694,14.962010764066896,22.023694375863414,0.06557377049180328,67.1,High,rolling_local_drop,rolling_local_drop;global_percentile_low_throughput;session_percentile_low_throughput,2,2,False,True,-112.63975380149319,-10.984905903027887,11.192917714033285,-81.2780217522114,9.918516251895412,8.729885191031611,3.5170315189082344,2.007442570409018,76.02896012260852,136.45421017434944,100-150,20.08064342122417,39.75670700572815,True,lte_rb_count;lte_agg_rb_dl,lte_agg_rb_dl,136.45421017434944,medium_rb_usage,medium,197.57838122088253,fallback_100rb_per_carrier,69.06333037611063,86.74455260159908,93.7799316942077,160.64413438518753,False,True,False,0.09624122092907972,0.1391379587959315,False,False,False,True,False,False,False,1.9757838122088254,unknown_carrier_count,-115.39659900416927,-10.468020954222819,11.209392272036244,8.983074751295703,8.05908362685569,7.726624553845182,62.26636395918192,0,,0,,False,False,False,False,False,False,False,True,True,False,False,True,False,False,False,False,False,True,False,False,False,True,False,False,False,Success,Handover,-35.153095544676766,0,False,0,False,0,False,0,False,0,False,0,False,0,False,0,False,True,True,False,0.0,0.17266692702904474,0.12227574253375095,0.0,0.0,0.5284972009162836,0.0,0.0,0.0,0.0,0.0,0.0,0.7284274489380819,0.843287595146802,0.3433740105953679,0.3679988730964228,0.0,67.14721985563318,67.14721985563318,67.14721985563318,pending_rca,
LTE-TP-000054,LTE-TP-EP-000037,32384,542020041221088+20250827094725+Fiji-Nadi-LTE-DL-D!20250827094401,2025-08-26 23:43:28+02:00,2025-08-26,23,43,Fiji-Nadi-LTE-DL-D,Fiji-Nadi,DL-D,89.0,1.0,True,True,True,False,active_download_analysis_window,-17.818718694175207,177.39659650467038,32.79663428307293,9.86145992956583,77.03121259764028,301.64678517207597,153.33098194911423,41639.06800862592,40.934681639974066,1063249.778829672,4010.209530634949,52.4309646470782,23.434020412408767,37.172646518569856,5.0,248.0,carrier_count_for_expected,35.14192852037574,40.13288049740045,4.990951977024707,False,medium,37.172646518569856,5.0,248.0,carrier_count_for_expected,35.14192852037574,40.13288049740045,4.990951977024707,11.707908107966976,0.6668393397596669,29.201226340433465,5.0,95.0,"carrier_count_for_expected,rb_usage_bucket",27.436165199145872,31.81367095125307,4.377505752107197,False,medium,5.767205928024698,0.8025012422153265,-0.2119060904639385,4.002144786737105,0.854128856650065,False,False,1,temporal_drop_family,50.0,19.240023676506215,0.0,0.0,13.738626106161089,0.6304103314436366,-0.4461427590044602,63.29189512795777,29.572715198552793,11.0,39.857874715549,0.3702531005752317,63.29189512795777,39.857874715549,0.3702531005752317,122,38.368102518303935,31.369441268885694,14.962010764066896,22.023694375863414,0.06557377049180328,50.0,Medium,sudden_drop,sudden_drop;rolling_local_drop,1,1,False,True,-100.04563676013933,-9.539139888164433,15.259110835465968,-69.56449449761548,10.872501864034653,13.008924530544375,8.427199887716663,0.9819700097782387,86.0407540358169,84.02037328922935,50-100,20.133316866672114,19.81357476130831,True,lte_rb_count;lte_agg_rb_dl,lte_agg_rb_dl,84.02037328922935,low_rb_usage,low_or_uncertain,100.0,aggregate_bandwidth,84.02037328922935,86.74455260159908,93.7799316942077,160.64413438518753,True,False,False,0.2789087871787972,0.1391379587959315,False,False,False,False,False,False,False,1.0138605441272008,unknown_carrier_count,,,,,,,,0,,0,,False,False,False,False,False,True,False,False,False,False,False,True,False,False,False,False,True,False,False,False,False,False,False,False,False,Success,Handover,16.85813911133914,0,False,0,False,0,False,0,False,0,False,0,False,0,False,0,False,False,True,False,0.0,0.0,0.0,0.0,0.0,0.6297468994247684,0.0,0.0,0.6297468994247684,0.0,0.0,0.0,0.0,0.17173282632701362,0.0,0.996446867888725,0.0,50.0,50.0,50.0,pending_rca,
LTE-TP-000055,LTE-TP-EP-000038,32390,542020041221088+20250827094725+Fiji-Nadi-LTE-DL-D!20250827094401,2025-08-26 23:43:34+02:00,2025-08-26,23,43,Fiji-Nadi-LTE-DL-D,Fiji-Nadi,DL-D,95.0,1.0,True,True,True,False,active_download_analysis_window,-17.817045264560942,177.39865572791177,10.628586530732138,10.029822977505553,73.58669549126031,756.9474672582909,158.59758238131118,42216.657930273235,43.234695619913076,1099314.5648494782,4248.02626628653,51.43134576813883,33.73464572006557,106.14538642026594,4.0,62.0,"sinr_bin_for_expected,carrier_count_for_expected",89.82343575231165,116.1571797008633,26.333743948551643,True,high,106.14538642026594,4.0,62.0,"sinr_bin_for_expected,carrier_count_for_expected",89.82343575231165,116.1571797008633,26.333743948551643,56.08879003224608,0.37556619202463976,68.42137275067724,5.0,53.0,"carrier_count_for_expected,rb_usage_bucket",55.48631239416858,73.9359125140991,18.449600119930523,False,medium,34.686727030611664,0.4930425152823562,-0.6924571602243907,21.751666674103006,0.6079813969329663,False,False,1,temporal_drop_family,50.0,54.08912080312779,0.0,2.0,72.41074070020036,0.31781546855459697,-1.126449039201424,66.03192999805354,38.73992385991194,11.0,32.29728427798797,0.5108838363661335,84.97841003208428,51.24376431201871,0.39697901746253883,122,38.368102518303935,31.369441268885694,14.962010764066896,22.023694375863414,0.06557377049180328,56.1,Medium,sudden_drop,sudden_drop,1,1,False,True,-98.92948525895643,-9.192840714874192,18.959778185529743,-70.28907445417317,12.33043471175111,22.080960797574615,9.10649812126262,1.9916716842964328,35.83942579868234,115.80087922931709,100-150,19.862129753966485,39.560721204354,True,lte_rb_count;lte_agg_rb_dl,lte_agg_rb_dl,115.80087922931709,medium_rb_usage,medium,197.91441326916922,pcell_bandwidth_times_carriers,58.51058410375833,86.74455260159908,93.7799316942077,160.64413438518753,False,True,False,0.29131597224976025,0.1391379587959315,False,False,False,True,False,False,False,1.979144132691692,unknown_carrier_count,-99.91941566233209,-9.666118632174408,14.875891303182993,11.912876520359935,21.023449596982832,10.183895044912655,80.03315526209516,0,,0,,False,False,False,False,False,False,False,False,False,False,False,False,False,False,False,False,True,True,False,False,False,True,False,False,False,Success,Handover,12.274725303175446,0,False,0,False,0,False,0,False,0,False,0,False,0,False,0,False,False,True,False,0.0,0.0,0.0,0.0,0.0,0.0,0.0,0.0,0.6030209825374612,0.0,0.0,0.0,0.470307552409005,0.9051342587525045,0.0,1.0,0.0,56.08912080312779,56.08912080312779,56.08912080312779,pending_rca,
LTE-TP-000056,LTE-TP-EP-000039,32393,542020041221088+20250827094725+Fiji-Nadi-LTE-DL-D!20250827094401,2025-08-26 23:43:37+02:00,2025-08-26,23,43,Fiji-Nadi-LTE-DL-D,Fiji-Nadi,DL-D,98.0,1.0,True,True,True,False,active_download_analysis_window,-17.815810129407925,177.39798721275267,38.738983899545346,9.938069445877437,68.23263706509407,153.0784354775803,144.86572344692485,39998.261505414855,41.194187857083094,1093924.7059057483,3687.684727820801,50.05337942809363,0.6488133453149076,106.14538642026594,4.0,62.0,"sinr_bin_for_expected,carrier_count_for_expected",89.82343575231165,116.1571797008633,26.333743948551643,True,high,106.14538642026594,4.0,62.0,"sinr_bin_for_expected,carrier_count_for_expected",89.82343575231165,116.1571797008633,26.333743948551643,89.17462240699675,0.007223207839700232,50.82461320786116,6.0,412.0,GLOBAL,46.68729935864987,57.978478039948165,11.291178681298298,False,not_available_or_sparse,50.175799862546256,0.012765731096888194,-3.4478093503488143,46.03848601333496,0.013896998846104822,True,False,2,low_tp_family;temporal_drop_family,50.0,98.49123774542407,3.4657359027997265,5.0,105.49657307495103,0.006112496898791563,-4.17413081926805,39.738991335085295,33.24602282278465,11.0,39.09017798977039,0.01632686999637242,37.74085638473858,37.09204303942367,0.017191272468773944,122,38.368102518303935,31.369441268885694,14.962010764066896,22.023694375863414,0.06557377049180328,93.9,High,sudden_drop,resource_limited_or_demand_uncertain_low_throughput;sudden_drop;rolling_local_drop;fixed_low_throughput;global_percentile_low_throughput;session_percentile_low_throughput;iqr_extreme_low_throughput;robust_z_extreme_low_throughput,2,5,False,True,-97.93823059442042,-7.833235963443836,20.341302565073093,-68.74693898538588,13.922516582479574,26.450622008884515,-0.49832542520612166,2.0264920017958863,-0.16808475977577597,0.410144638792595,0-10,20.081312903531316,39.16470076487063,True,lte_rb_count;lte_agg_rb_dl,lte_agg_rb_dl,0.410144638792595,low_rb_usage,low_or_uncertain,200.30423593107537,fallback_100rb_per_carrier,0.20476084137018732,86.74455260159908,93.7799316942077,160.64413438518753,True,False,False,1.5819135103775046,0.1391379587959315,False,False,True,False,True,False,False,2.003042359310754,unknown_carrier_count,-101.6772760355617,-7.813568224260319,16.94687874729394,12.92744868517735,,,,0,,0,,False,False,False,False,False,True,True,True,True,True,True,True,False,False,False,False,True,True,False,False,False,True,False,False,False,Success,Handover,36.63227988054679,0,False,0,False,0,False,0,False,0,False,0,False,0,False,0,False,True,True,False,0.9351186654685092,0.9591255336047043,0.956635952510266,1.0,0.7708929266156046,0.9836731300036275,0.0,0.0,0.9828087275312261,0.0,0.0,0.0,0.9898125051686807,1.0,0.9675593327342547,0.9772544497442597,0.0,106.9569736482238,100.0,106.9569736482238,pending_rca,
LTE-TP-000057,LTE-TP-EP-000040,32397,542020041221088+20250827094725+Fiji-Nadi-LTE-DL-D!20250827094401,2025-08-26 23:43:41+02:00,2025-08-26,23,43,Fiji-Nadi-LTE-DL-D,Fiji-Nadi,DL-D,102.0,1.0,True,True,True,False,active_download_analysis_window,-17.812128208931767,177.39817226445106,10.752137793809876,9.895439202569067,69.25385675814194,1292.13904335863,154.7101111167638,41029.04592842044,40.995218833263024,1007894.236939482,4496.889078830575,52.90290443587484,32.757399925503734,62.464923791031794,3.0,80.0,"sinr_bin_for_expected,rsrp_bin_for_expected,carrier_count_for_expected",55.008776699597014,66.51022794102303,11.501451241426018,True,high,62.464923791031794,3.0,80.0,"sinr_bin_for_expected,rsrp_bin_for_expected,carrier_count_for_expected",55.008776699597014,66.51022794102303,11.501451241426018,22.25137677409328,0.5954940627818708,65.93225724254272,3.0,57.0,"sinr_bin_for_expected,rsrp_bin_for_expected,carrier_count_for_expected,rb_usage_bucket",60.99254231210596,69.40482028977027,8.41227797766431,True,high,33.174857317038985,0.49683419460371603,-0.684481371629396,28.235142386602227,0.5370722170897598,False,False,1,temporal_drop_family,50.0,29.75913803579797,0.0,6.0,29.70752386552806,0.5244127093645278,-0.6312877216991413,37.74085638473858,27.990363779218104,11.0,4.983456459234844,0.8679559253125474,68.42137275067724,35.6639728251735,0.478759758955282,122,38.368102518303935,31.369441268885694,14.962010764066896,22.023694375863414,0.06557377049180328,56.0,Medium,sudden_drop,sudden_drop,1,0,False,True,-115.0955559669362,-12.324216643186693,7.926501111114807,-82.08172900744164,8.85154377002666,9.921146213786708,7.665871566963795,1.9996899810406348,89.38975760191568,169.53859004932508,150-250,19.958777116340542,40.10952920755047,True,lte_rb_count;lte_agg_rb_dl,lte_agg_rb_dl,169.53859004932508,high_rb_usage,high,199.69955856089072,pcell_bandwidth_times_carriers,84.8968276500375,86.74455260159908,93.7799316942077,160.64413438518753,False,True,True,0.1932150073677821,0.1391379587959315,False,False,False,True,False,False,False,1.9969955856089072,unknown_carrier_count,-115.18895600880522,-12.175641572598666,5.2548969687499705,5.911316206256316,8.69199884575479,6.816081286054677,77.4279732337158,0,,0,,False,False,False,False,False,False,False,False,False,False,False,False,False,False,False,False,True,False,False,False,False,True,False,False,False,Success,Handover,26.99888556104226,0,False,0,False,0,False,0,False,0,False,0,False,0,False,0,False,False,True,False,0.0,0.0,0.0,0.0,0.0,0.0,0.0,0.0,0.521240241044718,0.0,0.0,0.0,0.1719430089938066,0.4146857164629873,0.0,0.8915993206293376,0.0,56.0,56.0,56.0,pending_rca,
LTE-TP-000058,LTE-TP-EP-000041,32401,542020041221088+20250827094725+Fiji-Nadi-LTE-DL-D!20250827094401,2025-08-26 23:43:45+02:00,2025-08-26,23,43,Fiji-Nadi-LTE-DL-D,Fiji-Nadi,DL-D,106.0,1.0,True,True,True,False,active_download_analysis_window,-17.811490336200038,177.39824907970817,10.613572008617577,9.911490503212795,67.36621492219615,230.25906262406286,155.4816053314524,41010.65140361349,40.7674407957231,997133.641674676,4214.4568740419245,54.248902648507205,16.539788992201238,80.5955273998368,5.0,164.0,carrier_count_for_expected,70.30285897438168,87.54117730129303,17.238318326911354,False,medium,80.5955273998368,5.0,164.0,carrier_count_for_expected,70.30285897438168,87.54117730129303,17.238318326911354,53.76306998218044,0.23526481331617435,89.44143203969942,5.0,103.0,"carrier_count_for_expected,rb_usage_bucket",82.22692533926308,105.9670393443349,23.74011400507183,False,medium,72.90164304749818,0.18492312360182134,-1.6402305246447457,65.68713634706184,0.20114809016583216,True,False,1,temporal_drop_family,50.0,65.79401793940643,0.0,6.0,64.05573840763556,0.20521968806217813,-1.537302492410833,55.137583491990675,34.71971494372944,11.0,38.59779449978944,0.29997304823131793,36.68202996195515,20.142240969753914,0.45089622928053646,122,38.368102518303935,31.369441268885694,14.962010764066896,22.023694375863414,0.06557377049180328,71.8,High,sudden_drop,sudden_drop;rolling_local_drop,1,2,False,True,-102.40395451551724,-9.217643427365141,10.659152156619788,-72.84418856400175,8.98517006477771,7.3615104333150105,8.262614301115459,0.9745795693771048,92.54280689660834,184.69234222731077,150-250,20.20953231763609,39.486508069721026,True,lte_rb_count;lte_agg_rb_dl,lte_agg_rb_dl,184.69234222731077,high_rb_usage,high,200.36257515367066,fallback_100rb_per_carrier,92.1790619259403,86.74455260159908,93.7799316942077,160.64413438518753,False,True,True,0.08955319312505568,0.1391379587959315,False,False,False,True,False,False,False,2.0036257515367066,unknown_carrier_count,-114.24894699890386,-13.87292933740844,4.435999359013596,9.952261247502282,9.245559658326124,0.5578685207557532,97.0497412657007,0,,0,,False,False,False,False,False,False,False,False,False,False,False,True,False,False,False,False,True,True,False,False,False,True,False,False,False,Success,Handover,-22.84409408274016,0,False,0,False,0,False,0,False,0,False,0,False,0,False,0,False,False,True,False,0.0,0.0,0.0,0.0,0.0,0.7000269517686821,0.0,0.0,0.5491037707194635,0.0,0.0,0.0,0.6917947939969644,0.9112705380937273,0.1730105503899381,0.9649448624947359,0.0,71.79401793940643,71.79401793940643,71.79401793940643,pending_rca,
LTE-TP-000059,LTE-TP-EP-000042,32408,542020041221088+20250827094725+Fiji-Nadi-LTE-DL-D!20250827094401,2025-08-26 23:43:52+02:00,2025-08-26,23,43,Fiji-Nadi-LTE-DL-D,Fiji-Nadi,DL-D,113.0,1.0,True,False,False,True,outside_download_activity,-17.809351225157737,177.40128444208003,38.920368106182174,9.898820823316893,69.22132620994216,335.43715385384957,150.50945868626354,42156.41039850406,39.08681575007839,1058218.271904283,4178.475633765101,53.05250354882748,6.908464975527978,106.14538642026594,4.0,62.0,"sinr_bin_for_expected,carrier_count_for_expected",89.82343575231165,116.1571797008633,26.333743948551643,True,high,106.14538642026594,4.0,62.0,"sinr_bin_for_expected,carrier_count_for_expected",89.82343575231165,116.1571797008633,26.333743948551643,82.91497077678368,0.07691160906579088,50.82461320786116,6.0,412.0,GLOBAL,46.68729935864987,57.978478039948165,11.291178681298298,False,not_available_or_sparse,43.916148232333185,0.13592754650731761,-1.8799314931671263,39.77883438312189,0.14797311196900556,True,False,2,low_tp_family;temporal_drop_family,50.0,87.56779790209474,3.4657359027997265,4.0,99.23692144473796,0.06508492934563354,-2.6062529620863617,85.60319646109576,63.27338012654667,11.0,78.69473148556779,0.08070335292523428,89.83418100014308,82.9257160246151,0.0769024095128888,122,38.368102518303935,31.369441268885694,14.962010764066896,22.023694375863414,0.06557377049180328,91.3,High,sudden_drop,resource_limited_or_demand_uncertain_low_throughput;sudden_drop;rolling_local_drop;fixed_low_throughput;global_percentile_low_throughput;session_percentile_low_throughput;iqr_extreme_low_throughput,2,5,False,True,-99.840093875128,-7.418245412836688,20.36793661793199,-73.10088759350968,11.011526481068612,23.697765836369907,4.332958165301446,2.002687303462198,55.18387867697378,58.15702007495523,50-100,20.00736145902881,40.61268192142394,True,lte_rb_count;lte_agg_rb_dl,lte_agg_rb_dl,58.15702007495523,low_rb_usage,low_or_uncertain,200.87318647020032,fallback_100rb_per_carrier,28.952107096475448,86.74455260159908,93.7799316942077,160.64413438518753,True,False,False,0.11878987208464355,0.1391379587959315,False,False,True,False,True,False,False,2.0087318647020034,unknown_carrier_count,-99.46352544547041,-7.929330921949394,13.46098966382503,12.977575367300593,,,,0,,0,,False,False,False,False,False,True,True,True,True,False,True,True,False,False,False,False,True,True,False,False,False,True,False,False,False,Success,Handover,3.1560006393761815,0,False,0,False,0,False,0,False,0,False,0,False,0,False,0,False,True,True,False,0.3091535024472022,0.564774951803373,0.5382662742016265,0.0,0.05254934315106872,0.9192966470747657,0.0,0.0,0.9230975904871112,0.0,0.0,0.0,0.8915251177572774,1.0,0.6545767512236011,1.0,0.0,95.03353380489446,95.03353380489446,95.03353380489446,pending_rca,
LTE-TP-000060,LTE-TP-EP-000043,32420,542020041221088+20250827094925+Fiji-Nadi-LTE-DL-D!20250827094611,2025-08-26 23:44:12+02:00,2025-08-26,23,44,Fiji-Nadi-LTE-DL-D,Fiji-Nadi,DL-D,4.0,2.0,True,False,False,True,outside_download_activity,-17.813421685691953,177.39953234245215,-0.48466900601171714,9.969253738306781,72.5973057549841,164.5026488618506,151.60662335506885,42641.69732216126,40.17372316450552,1108241.0131590595,4233.431061424017,52.302511602002795,27.43675220501905,37.172646518569856,5.0,248.0,carrier_count_for_expected,35.14192852037574,40.13288049740045,4.990951977024707,False,medium,37.172646518569856,5.0,248.0,carrier_count_for_expected,35.14192852037574,40.13288049740045,4.990951977024707,7.705176315356692,0.7807412216751528,29.201226340433465,5.0,95.0,"carrier_count_for_expected,rb_usage_bucket",27.436165199145872,31.81367095125307,4.377505752107197,False,medium,1.7644741354144138,0.9395753412941006,-0.06020013057731255,-0.0005870058731787253,1.0000213953323622,False,False,1,temporal_drop_family,50.0,13.718975518444942,0.0,0.0,9.735894313550805,0.738089826112134,-0.29443679911783427,28.00529035946299,26.269214761322992,7.0,0.5685381544439387,0.9796989016308546,55.907441659579895,28.470689454560844,0.49075313394022363,54,74.26570084623202,76.4916563878673,25.71660381109298,51.28281163307866,0.05555555555555555,50.0,Medium,sudden_drop,sudden_drop,1,1,False,True,-105.11093623975998,-7.874626598655286,18.480668183731407,-76.64394870172569,13.766562415679601,24.217598613917293,5.250292273453356,1.989936182835357,43.51884281871362,39.66889353581113,25-50,20.051148732401415,20.003407829858777,True,lte_rb_count;lte_agg_rb_dl,lte_agg_rb_dl,39.66889353581113,low_rb_usage,low_or_uncertain,100.2682080998069,fallback_100rb_per_carrier,39.56278294743708,86.74455260159908,93.7799316942077,160.64413438518753,True,False,False,0.6916440001093174,0.1391379587959315,False,False,False,False,False,False,False,1.002682080998069,unknown_carrier_count,,,,,,,,0,,0,,False,False,False,False,False,True,False,False,False,False,False,False,False,False,False,False,True,False,False,False,False,False,False,False,False,,,,0,False,0,False,0,False,0,False,0,False,0,False,0,False,0,False,False,True,False,0.0,0.0,0.0,0.0,0.0,0.0,0.0,0.0,0.5092468660597764,0.0,0.0,0.0,0.0,0.12169867891938506,0.0,0.7117672363640211,0.0,50.0,50.0,50.0,pending_rca,
LTE-TP-000061,LTE-TP-EP-000044,32423,542020041221088+20250827094925+Fiji-Nadi-LTE-DL-D!20250827094611,2025-08-26 23:44:18+02:00,2025-08-26,23,44,Fiji-Nadi-LTE-DL-D,Fiji-Nadi,DL-D,10.0,3.0,True,False,False,True,outside_download_activity,-17.813199482403945,177.39960987499194,0.26719875223821893,9.984035000626124,74.28168737371941,504.7893967584058,157.68065494189278,40652.14572007904,40.9593973160853,1022784.425176279,4224.109413654893,49.94983627316283,2.0439587741813257,37.172646518569856,5.0,248.0,carrier_count_for_expected,35.14192852037574,40.13288049740045,4.990951977024707,False,medium,37.172646518569856,5.0,248.0,carrier_count_for_expected,35.14192852037574,40.13288049740045,4.990951977024707,33.097969746194416,0.05816296544443234,29.201226340433465,5.0,95.0,"carrier_count_for_expected,rb_usage_bucket",27.436165199145872,31.81367095125307,4.377505752107197,False,medium,27.157267566252138,0.06999564848244606,-2.2947236342521897,25.392206424964545,0.07449870487895141,True,False,2,low_tp_family;temporal_drop_family,50.0,79.70900327998973,3.4657359027997265,3.0,35.12868774438853,0.05498555969535964,-2.5289603027927114,40.69389960037947,27.22276227314007,10.0,38.64994082619814,0.050227645771315214,28.00529035946299,25.961331585281663,0.07298473781010707,54,74.26570084623202,76.4916563878673,25.71660381109298,51.28281163307866,0.05555555555555555,86.1,High,sudden_drop,resource_limited_or_demand_uncertain_low_throughput;sudden_drop;rolling_local_drop;fixed_low_throughput;global_percentile_low_throughput;iqr_extreme_low_throughput;robust_z_extreme_low_throughput,2,4,False,True,-105.8632048790604,-7.732017927675897,17.957417787096595,-79.57829965181334,12.841335852498243,22.68802737247766,6.729155243164789,1.9874445309897988,9.820118708632654,5.799528170652687,0-10,19.88743778626784,19.2699816146809,True,lte_rb_count;lte_agg_rb_dl,lte_agg_rb_dl,5.799528170652687,low_rb_usage,low_or_uncertain,100.0,aggregate_bandwidth,5.799528170652687,86.74455260159908,93.7799316942077,160.64413438518753,True,False,False,0.35243535578020924,0.1391379587959315,False,False,True,False,False,False,False,0.9849611069680634,unknown_carrier_count,,,,,,,,0,,0,,False,False,False,False,False,True,True,True,False,True,True,True,False,False,False,False,True,True,False,False,False,False,False,False,False,,,,0,False,0,False,0,False,0,False,0,False,0,False,0,False,0,False,True,True,False,0.7956041225818675,0.8712330366939438,0.0,1.0,0.4899918082976141,0.9497723542286848,0.0,0.0,0.9270152621898929,0.0,0.0,0.0,0.9083574005077338,0.4391085968048566,0.8978020612909337,0.9662485206549535,0.0,86.17473918278945,86.17473918278945,86.17473918278945,pending_rca,
LTE-TP-000062,LTE-TP-EP-000044,32424,542020041221088+20250827094925+Fiji-Nadi-LTE-DL-D!20250827094611,2025-08-26 23:44:19+02:00,2025-08-26,23,44,Fiji-Nadi-LTE-DL-D,Fiji-Nadi,DL-D,11.0,1.0,True,False,False,True,outside_download_activity,-17.810692365788128,177.40201777776025,0.44724050593958614,9.792518630095534,72.33803362423183,377.7541722881392,153.17531109156198,40641.5976861623,41.76346943409736,1036383.4335265341,4112.159780699062,52.58701863566174,25.101677317626937,37.172646518569856,5.0,248.0,carrier_count_for_expected,35.14192852037574,40.13288049740045,4.990951977024707,False,medium,37.172646518569856,5.0,248.0,carrier_count_for_expected,35.14192852037574,40.13288049740045,4.990951977024707,10.040251202748806,0.7142942454928921,29.201226340433465,5.0,95.0,"carrier_count_for_expected,rb_usage_bucket",27.436165199145872,31.81367095125307,4.377505752107197,False,medium,4.099549022806528,0.8596103815979095,-0.1458829535485755,2.3344878815189354,0.914912019789427,False,False,1,temporal_drop_family,50.0,14.377489696670537,0.0,0.0,12.070969200942919,0.675272805908162,-0.3801196220890972,53.38250884129594,27.294092250433064,11.0,28.280831523669,0.47022288503249665,2.0439587741813257,-23.05771854344561,12.280911745727849,54,74.26570084623202,76.4916563878673,25.71660381109298,51.28281163307866,0.05555555555555555,50.0,Medium,rolling_local_drop,rolling_local_drop,1,1,False,True,-102.51683730788858,-7.988867197619742,19.153463718531494,-74.37508757242786,12.88312925474604,23.820596574127205,6.087365046705097,1.999646389538572,57.229583675757986,57.84183811284192,50-100,19.81568056660783,20.053695387712853,True,lte_rb_count;lte_agg_rb_dl,lte_agg_rb_dl,57.84183811284192,low_rb_usage,low_or_uncertain,100.0,pcell_bandwidth_times_carriers,57.84183811284191,86.74455260159908,93.7799316942077,160.64413438518753,True,False,False,0.4339709479608311,0.1391379587959315,False,False,False,False,False,False,False,0.9971005251651807,unknown_carrier_count,,,,,,,,0,,0,,False,False,False,False,False,True,False,False,False,False,False,True,False,False,False,False,False,False,False,False,False,False,False,False,False,,,,0,False,0,False,0,False,0,False,0,False,0,False,0,False,0,False,False,True,False,0.0,0.0,0.0,0.0,0.0,0.5297771149675033,0.0,0.0,0.0,0.0,0.0,0.0,0.0,0.15088711501178648,0.0,0.707020788091725,0.0,50.0,50.0,50.0,pending_rca,
LTE-TP-000063,LTE-TP-EP-000045,32427,542020041221088+20250827094925+Fiji-Nadi-LTE-DL-D!20250827094611,2025-08-26 23:44:23+02:00,2025-08-26,23,44,Fiji-Nadi-LTE-DL-D,Fiji-Nadi,DL-D,15.0,2.0,True,False,False,True,outside_download_activity,-17.80417826460797,177.3987214644499,-0.9731664797973739,9.958681452278688,71.31289612409904,1112.9666991690615,165.22393405090202,41024.58084786668,40.45509862041951,1058926.679518909,4250.008427444792,49.720238924624134,27.151432295847076,37.172646518569856,5.0,248.0,carrier_count_for_expected,35.14192852037574,40.13288049740045,4.990951977024707,False,medium,37.172646518569856,5.0,248.0,carrier_count_for_expected,35.14192852037574,40.13288049740045,4.990951977024707,7.990496224528666,0.7726221479309061,29.201226340433465,5.0,95.0,"carrier_count_for_expected,rb_usage_bucket",27.436165199145872,31.81367095125307,4.377505752107197,False,medium,2.0497940445863883,0.9298045218824204,-0.0702842967170354,0.28473290329879575,0.9896219861182474,False,False,1,temporal_drop_family,50.0,18.131629444600865,0.0,0.0,10.02121422272278,0.7304142921942184,-0.3045209652575571,48.01491639717047,26.126554806737005,11.0,20.86348410132339,0.5654791121837113,69.29183591591705,42.140403620069975,0.391841721855866,54,74.26570084623202,76.4916563878673,25.71660381109298,51.28281163307866,0.05555555555555555,50.0,Medium,sudden_drop,sudden_drop,1,1,False,True,-104.97756173137405,-8.896352669735771,19.59781535490656,-74.24704338425487,13.13893725275691,24.39594262059364,4.7475935852473485,2.0405957061719366,40.661756874638144,39.99998537746223,25-50,19.988286408307392,19.945031023254945,True,lte_rb_count;lte_agg_rb_dl,lte_agg_rb_dl,39.99998537746223,low_rb_usage,low_or_uncertain,100.0,aggregate_bandwidth,39.99998537746223,86.74455260159908,93.7799316942077,160.64413438518753,True,False,False,0.6787860555355453,0.1391379587959315,False,False,False,False,False,False,False,1.0314106629233817,unknown_carrier_count,,,,,,,,0,,0,,False,False,False,False,False,True,False,False,False,False,False,False,False,False,False,False,True,False,False,False,False,False,False,False,False,,,,0,False,0,False,0,False,0,False,0,False,0,False,0,False,0,False,False,True,False,0.0,0.0,0.0,0.0,0.0,0.0,0.0,0.0,0.6081582781441339,0.0,0.0,0.0,0.0,0.12526517778403473,0.0,1.0,0.0,50.0,50.0,50.0,pending_rca,
LTE-TP-000064,LTE-TP-EP-000046,32433,542020041221088+20250827094925+Fiji-Nadi-LTE-DL-D!20250827094611,2025-08-26 23:44:33+02:00,2025-08-26,23,44,Fiji-Nadi-LTE-DL-D,Fiji-Nadi,DL-D,25.0,1.0,True,False,False,True,outside_download_activity,-17.808731334598857,177.3997510899481,1.2093147853794446,9.955376667429604,72.26579229310431,330.53502293195663,152.25290885567034,40671.25575782801,40.22662572033327,1035543.401256262,4204.301998437225,53.321546422467314,22.5341399579879,37.172646518569856,5.0,248.0,carrier_count_for_expected,35.14192852037574,40.13288049740045,4.990951977024707,False,medium,37.172646518569856,5.0,248.0,carrier_count_for_expected,35.14192852037574,40.13288049740045,4.990951977024707,12.607788562387842,0.6412323087198335,29.201226340433465,5.0,95.0,"carrier_count_for_expected,rb_usage_bucket",27.436165199145872,31.81367095125307,4.377505752107197,False,medium,6.667086382445564,0.7716847126651669,-0.24943039977662762,4.902025241157972,0.8213297957066326,False,False,1,temporal_drop_family,50.0,16.142671631422374,0.0,0.0,14.638506560581956,0.6062021961963567,-0.48366706831714934,53.38250884129594,43.063972867588674,11.0,30.848368883308037,0.42212590691421037,48.01491639717047,25.480776439182566,0.46931540547919903,54,74.26570084623202,76.4916563878673,25.71660381109298,51.28281163307866,0.05555555555555555,50.0,Medium,sudden_drop,sudden_drop;rolling_local_drop,1,1,False,True,-103.96927589353345,-8.337226444742459,17.138544519353903,-77.11918825044263,12.72808731884538,22.50375299981602,6.862057813866848,2.026720120581483,80.25225633269885,80.67620980694075,50-100,19.801161589399943,20.40309041014339,True,lte_rb_count;lte_agg_rb_dl,lte_agg_rb_dl,80.67620980694075,low_rb_usage,low_or_uncertain,106.93034882677759,pcell_bandwidth_times_carriers,75.44743909667088,86.74455260159908,93.7799316942077,160.64413438518753,True,False,False,0.27931579844804805,0.1391379587959315,False,False,False,False,False,False,False,1.0693034882677759,unknown_carrier_count,,,,,,,,0,,0,,False,False,False,False,False,True,False,False,False,False,False,True,False,False,False,False,True,False,False,False,False,False,False,False,False,,,,0,False,0,False,0,False,0,False,0,False,0,False,0,False,0,False,False,True,False,0.0,0.0,0.0,0.0,0.0,0.5778740930857896,0.0,0.0,0.530684594520801,0.0,0.0,0.0,0.0,0.18298133200727446,0.0,0.7712092220827009,0.0,50.0,50.0,50.0,pending_rca,
LTE-TP-000065,LTE-TP-EP-000047,32439,542020041221088+20250827094925+Fiji-Nadi-LTE-DL-D!20250827094611,2025-08-26 23:44:45+02:00,2025-08-26,23,44,Fiji-Nadi-LTE-DL-D,Fiji-Nadi,DL-D,37.0,3.0,True,False,False,True,outside_download_activity,-17.809881474614258,177.3992847878851,-0.10902290136620586,9.778113501619181,73.34769070805793,416.0592627325395,152.9021260501807,41234.34850600374,41.484248774905794,1083221.4298261763,4428.217409862474,53.578196972552185,33.51072126180789,37.172646518569856,5.0,248.0,carrier_count_for_expected,35.14192852037574,40.13288049740045,4.990951977024707,False,medium,37.172646518569856,5.0,248.0,carrier_count_for_expected,35.14192852037574,40.13288049740045,4.990951977024707,1.631207258567855,0.9535823067415876,29.201226340433465,5.0,95.0,"carrier_count_for_expected,rb_usage_bucket",27.436165199145872,31.81367095125307,4.377505752107197,False,medium,-4.309494921374423,1.1475792444856086,0.13338750611738126,-6.074556062662015,1.221406891909629,False,False,1,temporal_drop_family,50.0,16.144351642738116,0.0,0.0,3.6619252567619682,0.9014887128111089,-0.10084916242314046,65.67363957944629,47.26637320696039,11.0,32.1629183176384,0.510261369346974,80.62952667433478,47.118805412526896,0.4156135183226209,54,74.26570084623202,76.4916563878673,25.71660381109298,51.28281163307866,0.05555555555555555,50.0,Medium,sudden_drop,sudden_drop,1,1,False,True,-105.11964991634245,-8.930660103295558,20.119714450025523,-74.73279055912963,14.042901360907278,22.674812704357457,2.1888820305419716,1.9674016839631003,67.13429190681667,63.55546476814945,50-100,19.999244050959206,19.806291124175672,True,lte_rb_count;lte_agg_rb_dl,lte_agg_rb_dl,63.55546476814945,low_rb_usage,low_or_uncertain,100.0,aggregate_bandwidth,63.55546476814945,86.74455260159908,93.7799316942077,160.64413438518753,True,False,False,0.5272673464674534,0.1391379587959315,False,False,False,False,False,False,False,1.0206488991405653,unknown_carrier_count,,,,,,,,0,,0,,False,False,False,False,False,True,False,False,False,False,False,False,False,False,False,False,True,False,False,False,False,False,False,False,False,,,,0,False,0,False,0,False,0,False,0,False,0,False,0,False,0,False,False,True,False,0.0,0.0,0.0,0.0,0.0,0.0,0.0,0.0,0.5843864816773792,0.0,0.0,0.0,0.0,0.0457740657095246,0.0,1.0,0.0,50.0,50.0,50.0,pending_rca,
LTE-TP-000066,LTE-TP-EP-000048,32444,542020041221088+20250827094925+Fiji-Nadi-LTE-DL-D!20250827094611,2025-08-26 23:44:53+02:00,2025-08-26,23,44,Fiji-Nadi-LTE-DL-D,Fiji-Nadi,DL-D,45.0,1.0,True,False,False,True,outside_download_activity,-17.81043125760606,177.40049969768165,0.15881370446313356,10.108377589827912,74.5567232310429,198.90977273508776,151.48190063511896,41397.010263447984,42.3956514702136,1138700.6504265098,4017.582743368105,51.93764431810113,43.94983385024788,106.14538642026594,4.0,62.0,"sinr_bin_for_expected,carrier_count_for_expected",89.82343575231165,116.1571797008633,26.333743948551643,True,high,106.14538642026594,4.0,62.0,"sinr_bin_for_expected,carrier_count_for_expected",89.82343575231165,116.1571797008633,26.333743948551643,45.873601902063776,0.4892913912961385,68.42137275067724,5.0,53.0,"carrier_count_for_expected,rb_usage_bucket",55.48631239416858,73.9359125140991,18.449600119930523,False,medium,24.47153890042936,0.6423407202073838,-0.4346477202214696,11.536478543920701,0.7920842448139851,False,False,1,temporal_drop_family,50.0,45.28300852771693,0.0,2.0,62.19555257001806,0.41405317114994933,-0.8686395991985028,73.80210608142862,60.68184701117261,11.0,29.85227223118074,0.5955092094764394,92.1949500739751,48.245116223727216,0.47670543576392793,54,74.26570084623202,76.4916563878673,25.71660381109298,51.28281163307866,0.05555555555555555,52.0,Medium,sudden_drop,sudden_drop,1,0,False,True,-99.32937369167443,-10.152311181119103,18.497198958443313,-70.47667400374065,13.877778904356594,23.889219550978414,1.261901972698755,2.000222013461443,63.840267704135634,119.87641049470484,100-150,19.86431165847062,40.092228558540214,True,lte_rb_count;lte_agg_rb_dl,lte_agg_rb_dl,119.87641049470484,medium_rb_usage,medium,194.06451081929475,pcell_bandwidth_times_carriers,61.771423321355776,86.74455260159908,93.7799316942077,160.64413438518753,False,True,False,0.36662620834971715,0.1391379587959315,False,False,False,True,False,False,False,1.9406451081929477,unknown_carrier_count,-99.47429051300733,-9.25732855463915,17.321126639816857,12.974783833338163,19.764827810502474,4.116102516992281,60.50866484123354,0,,0,,False,False,False,False,False,False,False,False,False,False,False,False,False,False,False,False,True,False,False,False,False,True,False,False,False,,,,0,False,0,False,0,False,0,False,0,False,0,False,0,False,0,False,False,True,False,0.0,0.0,0.0,0.0,0.0,0.0,0.0,0.0,0.523294564236072,0.0,0.0,0.0,0.3099113814167511,0.7774444071252258,0.0,1.0,0.0,52.0,52.0,52.0,pending_rca,
LTE-TP-000067,LTE-TP-EP-000049,32460,542020041221088+20250827094925+Fiji-Nadi-LTE-DL-D!20250827094611,2025-08-26 23:45:35+02:00,2025-08-26,23,45,Fiji-Nadi-LTE-DL-D,Fiji-Nadi,DL-D,87.0,1.0,True,False,False,True,outside_download_activity,-17.805607675193716,177.39972202015946,0.3528394262509678,10.039068077606096,74.3771048234751,849.9372576091461,149.61112979929803,39619.66892537369,42.651471837825206,1051903.8411665668,3986.9790346549225,50.190915516630106,0.5000980414827451,108.96080341052915,3.0,41.0,"sinr_bin_for_expected,rsrp_bin_for_expected,carrier_count_for_expected",92.88179807140473,116.91703868691584,24.035240615511114,True,high,108.96080341052915,3.0,41.0,"sinr_bin_for_expected,rsrp_bin_for_expected,carrier_count_for_expected",92.88179807140473,116.91703868691584,24.035240615511114,92.38170002992199,0.0053842416045637356,50.82461320786116,6.0,412.0,GLOBAL,46.68729935864987,57.978478039948165,11.291178681298298,False,not_available_or_sparse,50.32451516637842,0.009839682191725834,-3.5423347279056,46.18720131716712,0.010711650670582013,True,False,2,low_tp_family;temporal_drop_family,50.0,99.10714460440782,3.4657359027997265,7.0,108.46070536904641,0.004589705892664328,-4.29459350269858,105.55015190263533,76.72210448757323,11.0,105.05005386115259,0.0047380134700711765,72.65438172563069,72.15428368414794,0.006883246813265809,54,74.26570084623202,76.4916563878673,25.71660381109298,51.28281163307866,0.05555555555555555,94.1,High,radio_limited_degradation,radio_limited_degradation;resource_limited_or_demand_uncertain_low_throughput;sudden_drop;rolling_local_drop;fixed_low_throughput;global_percentile_low_throughput;iqr_extreme_low_throughput;robust_z_extreme_low_throughput,2,6,False,True,-105.05468938075937,-8.010726388876549,16.395397711153343,-77.11638867148365,11.03050727203303,24.027763077095692,19.305447716566828,2.006523790124389,1.6101835645658118,3.03460980501502,0-10,19.93330254010853,39.36505098316673,True,lte_rb_count;lte_agg_rb_dl,lte_agg_rb_dl,3.03460980501502,low_rb_usage,low_or_uncertain,203.45308361997692,pcell_bandwidth_times_carriers,1.491552622855923,86.74455260159908,93.7799316942077,160.64413438518753,True,False,False,0.16479813670155521,0.1391379587959315,False,False,True,False,True,False,False,2.034530836199769,unknown_carrier_count,-106.63403694933561,-8.06015780722352,11.8922697601095,10.950928040543769,,,,0,,0,,False,False,False,True,False,True,True,True,False,True,True,True,False,False,False,False,True,True,False,False,True,True,False,False,False,,,,0,False,0,False,0,False,0,False,0,False,0,False,0,False,0,False,True,True,False,0.9499901958517254,0.9684944202542284,0.0,1.0,0.8142009548089076,0.9952619865299288,0.0,0.0,0.9931167531867342,0.0,0.0,0.0,0.9923504901788929,1.0,0.9749950979258628,1.0,0.0,109.57288050720754,100.0,109.57288050720754,pending_rca,
LTE-TP-000068,LTE-TP-EP-000050,32463,542020041221088+20250827094925+Fiji-Nadi-LTE-DL-D!20250827094611,2025-08-26 23:45:43+02:00,2025-08-26,23,45,Fiji-Nadi-LTE-DL-D,Fiji-Nadi,DL-D,95.0,2.0,True,False,False,True,outside_download_activity,-17.816382181986782,177.40067431375599,0.13116631998517195,9.913173139248087,73.78738759963586,332.0826673966713,140.62933831547522,41943.90016169486,40.57996370027506,1108285.8257202513,4068.435863900464,53.166514742821924,0.897038745502052,80.5955273998368,5.0,164.0,carrier_count_for_expected,70.30285897438168,87.54117730129303,17.238318326911354,False,medium,80.5955273998368,5.0,164.0,carrier_count_for_expected,70.30285897438168,87.54117730129303,17.238318326911354,69.40582022887962,0.012759633940760963,50.82461320786116,6.0,412.0,GLOBAL,46.68729935864987,57.978478039948165,11.291178681298298,False,not_available_or_sparse,49.92757446235911,0.017649691534953087,-3.3075710795031283,45.790260613147815,0.019213763867792784,True,False,2,low_tp_family;temporal_drop_family,50.0,98.13522165443807,3.4657359027997265,5.0,79.69848865433474,0.011130130597096489,-3.7614803338281617,99.9982732705945,41.56377151939706,11.0,99.10123452509244,0.008970542352013146,110.62619748152792,109.72915873602587,0.008108737043518442,54,74.26570084623202,76.4916563878673,25.71660381109298,51.28281163307866,0.05555555555555555,93.8,High,sudden_drop,resource_limited_or_demand_uncertain_low_throughput;sudden_drop;rolling_local_drop;fixed_low_throughput;global_percentile_low_throughput;iqr_extreme_low_throughput;robust_z_extreme_low_throughput,2,4,False,True,-102.22720445027704,-7.093132511920335,13.913368248159536,-75.84716641459012,14.062258442331883,23.20535447956574,2.358653562708528,1.9970689733010791,2.6718834610725493,65.16417451766854,50-100,20.08446779743293,40.13989049491756,True,lte_rb_count;lte_agg_rb_dl,lte_agg_rb_dl,65.16417451766854,low_rb_usage,low_or_uncertain,194.73596821717,fallback_100rb_per_carrier,33.46283437736438,86.74455260159908,93.7799316942077,160.64413438518753,True,False,False,0.013765826884814291,0.1391379587959315,False,False,True,False,False,False,False,1.9473596821717,unknown_carrier_count,-105.93687720968892,-7.60618072157766,12.4195757960951,12.762754980201835,21.813663544731067,35.26746042177155,61.94537612740074,0,,0,,False,False,False,False,False,True,True,True,False,True,True,True,False,False,False,False,True,True,False,False,False,True,False,False,False,,,,0,False,0,False,0,False,0,False,0,False,0,False,0,False,0,False,True,True,False,0.9102961254497949,0.9434876296502416,0.0,1.0,0.7066409432377398,0.9910294576479869,0.0,0.0,0.9918912629564816,0.0,0.0,0.0,0.9814497823381726,0.9962311081791843,0.9551480627248974,1.0,0.0,106.60095755723779,100.0,106.60095755723779,pending_rca,
LTE-TP-000069,LTE-TP-EP-000051,32466,542020041221088+20250827094925+Fiji-Nadi-LTE-DL-D!20250827094611,2025-08-26 23:45:52+02:00,2025-08-26,23,45,Fiji-Nadi-LTE-DL-D,Fiji-Nadi,DL-D,104.0,2.0,True,False,False,True,outside_download_activity,-17.81521875462203,177.39913647424785,-0.36449906043605096,9.960991186909272,75.35813363747381,461.77173704402395,147.19439294927932,40271.018450826414,42.03250378911671,1121398.265881492,4210.055948395755,50.57810231249572,10.47316131316343,108.96080341052915,3.0,41.0,"sinr_bin_for_expected,rsrp_bin_for_expected,carrier_count_for_expected",92.88179807140473,116.91703868691584,24.035240615511114,True,high,108.96080341052915,3.0,41.0,"sinr_bin_for_expected,rsrp_bin_for_expected,carrier_count_for_expected",92.88179807140473,116.91703868691584,24.035240615511114,82.4086367582413,0.11275795183370567,68.42137275067724,5.0,53.0,"carrier_count_for_expected,rb_usage_bucket",55.48631239416858,73.9359125140991,18.449600119930523,False,medium,57.948211437513805,0.15306856457450668,-1.8001842758477586,45.01315108100515,0.1887521599698906,True,False,3,low_tp_family;temporal_drop_family;expected_tp_family,55.0,81.30162925725449,5.493061443340547,3.0,98.48764209736572,0.09611861316499234,-2.2601134606985367,110.62619748152792,84.26240601265147,11.0,100.1530361683645,0.09467161984766051,122.00259451982203,111.5294332066586,0.0858437589330269,54,74.26570084623202,76.4916563878673,25.71660381109298,51.28281163307866,0.05555555555555555,88.8,High,ca_underperformance,unexpected_underperformance;ca_underperformance;radio_p75_underperformance;sudden_drop;rolling_local_drop;global_percentile_low_throughput,3,3,False,True,-101.83100680256766,-7.291276040797898,18.14112753038744,-74.46689426599455,14.157397081378035,21.769842582236567,2.8285581780800624,1.9703537419257982,53.81976036782195,106.1960670084834,100-150,20.100845475467324,39.50055890912173,True,lte_rb_count;lte_agg_rb_dl,lte_agg_rb_dl,106.1960670084834,medium_rb_usage,medium,203.96318812878164,fallback_100rb_per_carrier,52.066290972776706,86.74455260159908,93.7799316942077,160.64413438518753,False,True,False,0.09862099047723481,0.1391379587959315,False,False,False,True,False,False,False,2.0396318812878165,unknown_carrier_count,-102.43879657584833,-8.937836281856374,13.146695718506995,13.25295731606102,21.120142133583613,1.9923182338552334,52.177389710801826,0,,0,,False,False,False,False,False,False,False,True,False,False,False,True,False,False,False,False,True,True,True,True,False,True,True,False,False,,,,0,False,0,False,0,False,0,False,0,False,0,False,0,False,0,False,True,True,True,0.0,0.3402033370019011,0.0,0.0,0.0,0.9053283801523395,0.0,0.0,0.9141562410669731,0.9038813868350076,0.0,0.0,0.8398023113916794,1.0,0.4763419343418285,1.0,0.0,89.79469070059504,89.79469070059504,89.79469070059504,pending_rca,
