source_index,Activity.DNS Resolution Time,Activity.Remote Address,Activity.Remote IPs,Activity.Source Ports,Activity.Sub Activity,Activity.TTFB,Activity.Error,Throughput.HTTP_DL,Throughput.Physical_DL,Activity.Band,Extra_KPIs.Attach Delay,LTE - SecondaryCell 1 - SCell1_EARFCN_UL,Activity.LCI,Activity.ARFCN,Activity.Private IP,Activity.Activity,Activity.Connection Reset,Activity.Duplicated ACK,Activity.Duration,Activity.End TimeStamp,Activity.Fast Retransmission,Activity.Out of Order,Activity.Packet Loss Rate,Activity.Power,Activity.Public IP,Activity.Quality,Activity.SINR,Activity.Size,Activity.Spurious Retransmission,Activity.Start TimeStamp,Activity.Status,Activity.TCP Window Update,Activity.Tech,Activity.Throughput,Activity.Throughput WIFI,Extra_KPIs.RRC Connection Setup Time,LTE - SecondaryCell 1 - SCell1_MCS_CW1,LTE - SecondaryCell 1 - SCell1_Modulation_CW1,LTE - SecondaryCell 1 - SCell1_RxAntNum,LTE - SecondaryCell 1 - SCell1_SpatialRank,LTE - SecondaryCell 1 - SCell1_TxAntNum,Extra_KPIs.LTE Handover Interruption Time,Extra_KPIs.ERRC Connection Setup Time,LTE - SecondaryCell 1 - SCell1_1024QAMUsage,LTE - SecondaryCell 1 - SCell1_16QAMUsage,LTE - SecondaryCell 1 - SCell1_256QAMUsage,LTE - SecondaryCell 1 - SCell1_64QAMUsage,LTE - SecondaryCell 1 - SCell1_BLER,LTE - SecondaryCell 1 - SCell1_LayerNum,LTE - SecondaryCell 1 - SCell1_MCS_CW0,LTE - SecondaryCell 1 - SCell1_Modulation_CW0,LTE - SecondaryCell 1 - SCell1_QPSKUsage,LTE - SecondaryCell 1 - SCell1_ResourceBlockNum,LTE - SecondaryCell 1 - SCell1_Throughput,LTE - SecondaryCell 1 - SCell1_ThroughputStream0,LTE - SecondaryCell 1 - SCell1_ThroughputStream1,LTE - SecondaryCell 1 - SCell1_ThroughputStreamAll,LTE - SecondaryCell 1 - SCell1_Rank1Usage,LTE - SecondaryCell 1 - SCell1_Rank2Usage,LTE - SecondaryCell 1 - SCell1_Rank3Usage,LTE - SecondaryCell 1 - SCell1_Rank4Usage,LTE - SecondaryCell 1 - SCell1_CQI_CW1,LTE - SecondaryCell 1 - SCell1_BandWidth_UL,LTE - SecondaryCell 1 - SCell1_CQI,LTE - SecondaryCell 1 - SCell1_CQI_CW0,LTE - SecondaryCell 1 - SCell1_TransMode,LTE - Serving - R15_Support,LTE - SecondaryCell 1 Radio - SCell1_RSRP,LTE - SecondaryCell 1 Radio - SCell1_RSRQ,LTE - SecondaryCell 1 Radio - SCell1_RSSI,LTE - SecondaryCell 1 Radio - SCell1_SINR,LTE - SecondaryCell 1 Radio - SCell1_Frame_Timing_0,LTE - SecondaryCell 1 Radio - SCell1_Frame_Timing_1,LTE - SecondaryCell 1 Radio - SCell1_eNBTxDifference,LTE - SecondaryCell 1 - SCell1_Band,LTE - SecondaryCell 1 - SCell1_BandWidth_DL,LTE - SecondaryCell 1 - SCell1_EARFCN_DL,LTE - SecondaryCell 1 - SCell1_PCI,Extra_KPIs.UMTS Handover Interruption Time,LTE - PrimaryCell - PCell_CQI_CW1,LTE - PrimaryCell - PCell_MCS_CW1,LTE - PrimaryCell - PCell_Modulation_CW1,LTE.RACH.RACH_Latency,LTE.RACH.RACH_Result,LTE.RACH.RACH_Reason,LTE - PrimaryCell - PCell_Rank1Usage,LTE - PrimaryCell - PCell_Rank2Usage,LTE - PrimaryCell - PCell_Rank3Usage,LTE - PrimaryCell - PCell_Rank4Usage,LTE - PrimaryCell - PCell_RxAntNum,LTE - PrimaryCell - PCell_SpatialRank,LTE - PrimaryCell - PCell_TxAntNum,LTE.LTE_Data_KPI.Agg_Throughput_UL,LTE - PrimaryCell - PCell_CQI,LTE - PrimaryCell - PCell_CQI_CW0,LTE - PrimaryCell - PCell_TransMode,LTE - PrimaryCell - PCell_BandWidth_UL,LTE - PrimaryCell - PCell_EARFCN_UL,LTE - PrimaryCell - PCell_1024QAMUsage,LTE - PrimaryCell - PCell_16QAMUsage,LTE - PrimaryCell - PCell_256QAMUsage,LTE - PrimaryCell - PCell_64QAMUsage,LTE - PrimaryCell - PCell_BLER,LTE - PrimaryCell - PCell_LayerNum,LTE - PrimaryCell - PCell_MCS_CW0,LTE - PrimaryCell - PCell_Modulation_CW0,LTE - PrimaryCell - PCell_QPSKUsage,LTE - PrimaryCell - PCell_ResourceBlockNum,LTE - PrimaryCell - PCell_Throughput,LTE - PrimaryCell - PCell_ThroughputStream0,LTE - PrimaryCell - PCell_ThroughputStream1,LTE - PrimaryCell - PCell_ThroughputStreamAll,LTE.DownlinkMeasurements.Throughput_DL,LTE.LTE_Data_KPI.Agg_Throughput_DL,LTE - PrimaryCell - PCell_BandWidth_DL,LTE - Serving - BandWidth_DL,LTE.LTE_Data_KPI.Agg_Bandwidth_DL,LTE - PrimaryCell - PCell_Band,LTE - PrimaryCell - PCell_EARFCN_DL,LTE - PrimaryCell - PCell_PCI,LTE - PrimaryCell Radio - PCell_RSRQ,LTE - PrimaryCell Radio - PCell_RSSI,LTE - PrimaryCell Radio - PCell_SINR,LTE - PrimaryCell Radio - RSRP,LTE - Serving - Band,LTE - Serving - EARFCN_DL,LTE - Serving - PCI,LTE.DedicatedRadioLink.CarrierCount,LTE - Serving - ECI,LTE - Serving - EnodeBID,LTE - Serving - LCI,LTE - Serving - MCC,LTE - Serving - MNC,LTE - Serving - TAC,LTE.LTE_Data_KPI.Agg_RB_DL,LTE.LTE_Data_KPI.Agg_RB_UL,Events.subject,Events.description,WCDMA - WCDMACellsTable(3) - Band,WCDMA - WCDMACellsTable(3) - EcNo,WCDMA - WCDMACellsTable(3) - EcNo Before RAKE,WCDMA - WCDMACellsTable(3) - PSC,WCDMA - WCDMACellsTable(3) - RSCP,WCDMA - WCDMACellsTable(3) - RSCP After RAKE,WCDMA - WCDMACellsTable(3) - Set_Type,WCDMA - WCDMACellsTable(3) - UARFCN,Events.Tech,Events.Timestamp,Events.category,Events.titles,WCDMA - WCDMACellsTable(2) - Band,WCDMA - WCDMACellsTable(2) - EcNo,WCDMA - WCDMACellsTable(2) - EcNo Before RAKE,WCDMA - WCDMACellsTable(2) - PSC,WCDMA - WCDMACellsTable(2) - RSCP,WCDMA - WCDMACellsTable(2) - RSCP After RAKE,WCDMA - WCDMACellsTable(2) - Set_Type,WCDMA - WCDMACellsTable(2) - UARFCN,Extra_KPIs.CSFB RAT,Extra_KPIs.Call RAT,WCDMA - WCDMACellsTable(1) - Band,WCDMA - WCDMACellsTable(1) - EcNo,WCDMA - WCDMACellsTable(1) - EcNo Before RAKE,WCDMA - WCDMACellsTable(1) - PSC,WCDMA - WCDMACellsTable(1) - RSCP,WCDMA - WCDMACellsTable(1) - RSCP After RAKE,WCDMA - WCDMACellsTable(1) - Set_Type,WCDMA - WCDMACellsTable(1) - UARFCN,WCDMA - DownlinkMeasurements - RSCP_Strongest_Neighbor_2nd,WCDMA - WCDMACellsTable(0) - Band,WCDMA - WCDMACellsTable(0) - EcNo,WCDMA - WCDMACellsTable(0) - EcNo Before RAKE,WCDMA - WCDMACellsTable(0) - PSC,WCDMA - WCDMACellsTable(0) - RSCP,WCDMA - WCDMACellsTable(0) - RSCP After RAKE,WCDMA - WCDMACellsTable(0) - UARFCN,WCDMA - Serving - RAI,WCDMA - Serving - ServiceType,WCDMA - Serving - LAC,WCDMA - DownlinkMeasurements - RSCP_Strongest_Neighbor_1st,WCDMA - UplinkMeasurements - RACHAICHStatus,WCDMA - UplinkMeasurements - RACHAICHTiming,WCDMA - UplinkMeasurements - RACHMsgLength,WCDMA - UplinkMeasurements - RACHPreambleCount,WCDMA - UplinkMeasurements - RACHSubChannel,WCDMA - UplinkMeasurements - RACHTxPower,WCDMA - UplinkMeasurements - RACHMaxTxPower,WCDMA - UplinkMeasurements - RACHPreambleOffset,WCDMA - UplinkMeasurements - RACHPreamblesCountMax,WCDMA - ServingCell - URA_Identity,WCDMA - UplinkMeasurements - Uu_UL_Interference,WCDMA - DownlinkMeasurements - SIR,WCDMA - DownlinkMeasurements - TxPowerCommandDL,WCDMA - DownlinkMeasurements - TxPowerCommandUL,WCDMA - Serving - CI,WCDMA - Serving - LCI,WCDMA - Serving - RNCID,WCDMA - Serving - MCC,WCDMA - Serving - MNC,WCDMA - DownlinkMeasurements - PowerControlAlgorithm,WCDMA - DownlinkMeasurements - TPCStepSize,WCDMA - DownlinkMeasurements - BLER_DL,WCDMA - DownlinkMeasurements - TxPower,WCDMA - DownlinkMeasurements - EcNo,WCDMA - DownlinkMeasurements - EcNo Before RAKE,WCDMA - DownlinkMeasurements - RSCP,WCDMA - DownlinkMeasurements - RSCP After RAKE,WCDMA - DownlinkMeasurements - RSSI,WCDMA - ServingCell - BandIndicator,WCDMA - ServingCell - PSC,WCDMA - ServingCell - UARFCN_DL,WCDMA - ServingCell - UARFCN_UL,WCDMA - ServingCell - Active_set_num,Location - Accuracy,Location - Altitude,Location - Latitude,Location - Longitude,Location - Speed,PCAP.Connection_reset,PCAP.TCP_window_update,PCAP.dns_time,PCAP.duplicate_ack,PCAP.fast_retransmission,PCAP.initial_rtt,PCAP.out_of_order,PCAP.pkt_loss,PCAP.rtt,PCAP.spurious_retransmission,id,imsi,timestamp,id_imsi,id_session_time_raw,id_route_test_label,id_log_time_raw,id_session_time,id_log_time,id_location_label,id_test_type,date,hour,minute,sample_gap_seconds,session_elapsed_seconds,Activity.Start TimeStamp_parsed,Activity.End TimeStamp_parsed,activity_duration_seconds_from_timestamps,has_valid_location,prev_lat,prev_lon,distance_from_prev_m,latitude,longitude,speed,location_accuracy,altitude,actual_lte_dl_throughput,serving_pci,serving_earfcn,serving_band,serving_eci,serving_enodebid,serving_lci,lte_rsrp,lte_rsrq,lte_sinr,lte_rssi,lte_cqi,lte_mcs,lte_bler,lte_rank,lte_rb_count,lte_agg_rb_dl,lte_bandwidth_dl,lte_agg_bandwidth_dl,carrier_count,scell1_rsrp,scell1_rsrq,scell1_sinr,scell1_cqi,scell1_mcs,scell1_bler,scell1_rb_count,rach_latency,rach_result,rach_reason,has_lte_measurement,has_lte_dl_throughput,is_download_test,download_activity_window_raw_flag,download_analysis_window_flag,download_context_label,inactive_download_context_flag,rsrp_bin,rsrq_bin,sinr_bin,poor_rsrp_flag,poor_rsrq_flag,poor_sinr_flag,high_bler_flag,low_cqi_flag,low_rb_allocation_flag,neighbor_count,best_neighbor_rsrp,strong_neighbor_count,serving_minus_best_neighbor_rsrp,neighbor_pci_count,any_event_count_prev30s,near_any_event_prev_flag,any_event_count_pm30s,near_any_event_flag,measurement_report_event_count_prev5s,near_measurement_report_event_prev_flag,measurement_report_event_count_pm5s,near_measurement_report_event_flag,handover_execution_count_prev5s,near_handover_execution_prev_flag,handover_execution_count_pm5s,near_handover_execution_flag,handover_failure_count_prev10s,near_handover_failure_prev_flag,handover_failure_count_pm10s,near_handover_failure_flag,rach_attempt_count_prev10s,near_rach_attempt_prev_flag,rach_attempt_count_pm10s,near_rach_attempt_flag,rach_failure_count_prev10s,near_rach_failure_prev_flag,rach_failure_count_pm10s,near_rach_failure_flag,ca_activation_change_count_prev10s,near_ca_activation_change_prev_flag,ca_activation_change_count_pm10s,near_ca_activation_change_flag,failure_other_count_prev10s,near_failure_other_prev_flag,failure_other_count_pm10s,near_failure_other_flag,handover_mobility_count_pm5s,near_handover_mobility_flag,ca_change_count_pm10s,near_ca_change_flag,rach_count_pm10s,near_rach_flag,rach_failure_direct_flag,ca_condition_label,rb_usage_evidence_reliable_flag,reliable_rb_columns,rb_reference_column,rb_usage_value,rb_low_usage_threshold,rb_medium_usage_threshold,rb_high_usage_threshold,rb_low_usage_flag,rb_medium_or_high_usage_flag,rb_high_usage_flag,rb_usage_bucket,rb_demand_confidence,estimated_available_rb,rb_capacity_estimation_method,rb_utilization_pct,lte_agg_rb_dl_bin,ml_hour_sin,ml_hour_cos,rb_utilization_pct_clipped,rb_demand_confidence_ml,ml_log1p_measurement_report_event_count_prev5s,ml_log1p_handover_execution_count_prev5s,ml_log1p_handover_failure_count_prev10s,ml_log1p_rach_attempt_count_prev10s,ml_log1p_rach_failure_count_prev10s,ml_log1p_ca_activation_change_count_prev10s,ml_log1p_failure_other_count_prev10s,ml_tp_log_lag_1,ml_tp_log_lag_2,ml_tp_log_lag_3,ml_tp_log_lag_5,ml_tp_log_lag_10,ml_tp_log_past_median_5,ml_tp_log_past_mean_10,ml_tp_log_past_slope_5,ml_rsrp_lag_1,ml_rsrp_past_mean_5,ml_sinr_lag_1,ml_sinr_past_mean_5,ml_rb_lag_1,ml_rb_past_mean_5,ml_bler_lag_1,ml_bler_past_mean_5,ml_cqi_lag_1,ml_cqi_past_mean_5,ml_temporal_history_count,expected_tp_ml_hgb_resource_q50,expected_tp_ml_hgb_temporal_q50,expected_tp_ml_q75_resource,expected_tp_ml_lstm_q50,ml_hgb_resource_gap_mbps,ml_hgb_resource_ratio,ml_hgb_resource_log_residual,ml_hgb_resource_residual_percentile,ml_hgb_temporal_gap_mbps,ml_hgb_temporal_ratio,ml_hgb_temporal_log_residual,ml_hgb_temporal_residual_percentile,ml_q75_resource_gap_mbps,ml_q75_resource_ratio,ml_q75_resource_log_residual,ml_q75_resource_residual_percentile,ml_lstm_q50_gap_mbps,ml_lstm_q50_ratio,ml_lstm_q50_log_residual,ml_lstm_q50_residual_percentile,ml_resource_expected_tp,ml_temporal_expected_tp,ml_best_expected_tp,ml_best_gap_mbps,ml_best_ratio,ml_low_expected_context_flag,ml_q75_resource_magnitude_flag,ml_q75_resource_residual_evidence_flag,ml_q75_resource_underperformance_flag,ml_q75_resource_severe_underperformance_flag,ml_hgb_resource_magnitude_flag,ml_hgb_resource_residual_evidence_flag,ml_hgb_resource_underperformance_flag,ml_hgb_resource_severe_underperformance_flag,ml_hgb_temporal_magnitude_flag,ml_hgb_temporal_residual_evidence_flag,ml_hgb_temporal_underperformance_flag,ml_hgb_temporal_severe_underperformance_flag,ml_lstm_q50_magnitude_flag,ml_lstm_q50_residual_evidence_flag,ml_lstm_q50_underperformance_flag,ml_lstm_q50_severe_underperformance_flag,ml_resource_family_flag,ml_temporal_family_flag,ml_iforest_raw_flag,ml_iforest_anomaly_strength,ml_iforest_context_flag,ml_iforest_confirmed_underperformance_flag,ml_q75_resource_evidence_0_1,ml_hgb_resource_evidence_0_1,ml_hgb_temporal_evidence_0_1,ml_lstm_evidence_0_1,ml_iforest_evidence_0_1,ml_resource_family_evidence_0_1,ml_temporal_family_evidence_0_1,ml_lstm_context_evidence_0_1,ml_iforest_context_evidence_0_1,ml_capability_family_flag,ml_capability_family_evidence_0_1,ml_residual_space_family_flag,ml_residual_family_evidence_0_1,ml_independent_trigger_count,ml_detection_confidence_0_100,ml_impact_score_0_100,ml_anomaly_score_raw_0_100,ml_anomaly_candidate_flag,ml_single_family_strong_flag,is_ml_throughput_anomaly,ml_requires_human_review_flag,ml_anomaly_score_0_100,ml_catastrophic_flag,ml_anomaly_type,ml_validation_context_flags,ml_anomaly_severity
32048,,,,,,,,,,,,,,,,,,,,,,,,,,,,,,,,,,,,,,,,,,,,,,,,,,,,,,,,,,,,,,,,,,,,,,,,,,,,,,,,,,,,,,,,,,,,,,,,,,,1.9542158744758382e-09,0.7302262936450653,0.013946982983535014,1.2896424983765142,-0.31173978177412764,1.062398575456265,1.1232638199587497,QPSK,100.94890811662519,3.9755009076132586,0.08211153193389191,0.1210644569875243,0.03313568006514041,-0.05002202782387635,0.17035490065435926,0.8341784533330415,20.06303644893379,19.881320843293924,19.232143914621872,1.1800230398589586,1225.8938890016334,359.8897795300941,-8.51130550864092,-73.95599451076329,10.303266052665059,-100.92845819065245,0.9796629580495562,-1342.7555834814711,345.7372826809597,0.9867084725487447,1156527.7555454688,4005.818961319838,200.07301950477924,541.9999999983636,2.0000000003347647,5.941489736161304,5.616233445356187,-1.4688211655127479,,,,,,,,,,,,,,,,,,,,,,,,,,,,,,,,,,,,,,,,,,,,,,,,,,,,,,,,,,,,,,,,,,,,,,,,,,,,,,9.682805459837223,70.78936642276834,-17.81254961067749,177.39595948410067,-0.40585529052585656,5.075115006076687e-10,-1.6105547805313833e-09,-8.061690219019579e-10,7.485891354708082e-10,-9.169653727417098e-10,-2.393100339493217e-10,7.580704388769141e-10,-9.87257013243587e-10,2.371207520153446e-10,1.6555558731385297e-09,542020041221088+20250827094025+Fiji-Nadi-LTE-DL-D!20250827093942,542020041221088.0,2025-08-26 23:37:40+02:00,542020041221088,20250827094025,Fiji-Nadi-LTE-DL-D,20250827093942,2025-08-27 09:40:25,2025-08-27 09:39:42,Fiji-Nadi,DL-D,2025-08-26,23,37,,0.0,,,,True,,,,-17.81254961067749,177.39595948410067,-0.40585529052585656,9.682805459837223,70.78936642276834,0.8341784533330415,345.7372826809597,-1342.7555834814711,0.9796629580495562,1156527.7555454688,4005.818961319838,200.07301950477924,-100.92845819065245,-8.51130550864092,10.303266052665059,-73.95599451076329,,1.1232638199587497,-0.31173978177412764,,3.9755009076132586,5.616233445356187,19.881320843293924,19.232143914621872,0.9867084725487447,,,,,,,,,,,True,True,True,False,False,outside_download_activity,True,Fair,Excellent,Good,False,False,False,False,False,True,0,,0,,0,0,False,0,False,0,False,0,False,0,False,0,False,0,False,0,False,0,False,0,False,0,False,0,False,0,False,0,False,0,False,0,False,0,False,0,False,0,False,False,unknown_carrier_count,True,lte_rb_count;lte_agg_rb_dl,lte_agg_rb_dl,5.616233445356187,86.74455260159908,93.7799316942077,160.64413438518753,True,False,False,low_rb_usage,low_or_uncertain,100.0,aggregate_bandwidth,5.616233445356187,0-10,-0.25881904510252157,0.9659258262890681,5.616233445356187,low_or_uncertain,0.0,0.0,0.0,0.0,0.0,0.0,0.0,,,,,,,,,,,,,,,,,,,0,0.0,0.0,0.3809912161872984,,-0.8341784533330415,,0.606596671899486,0.9854368932038835,-0.8341784533330415,,0.606596671899486,0.9878640776699029,-0.4531872371457431,2.1894952373992593,0.28379515796518845,0.9684466019417476,,,,,0.1904956080936492,0.0,0.3809912161872984,-0.4531872371457431,2.1894952373992593,True,False,False,False,False,False,False,False,False,False,False,False,False,False,False,False,False,False,False,False,0.0,False,False,0.0,0.0,0.0,0.0,0.0,0.0,0.0,0.0,0.0,False,0.0,False,0.0,0,0.0,0.0,0.0,False,False,False,False,0.0,False,normal,none,Normal
32049,,,,,,,,,,,,,,,,,,,,,,,,,,,,,,,,,,,,,,,,,,,,,,,,,,,,,,,,,,,,,,,,,,,,,,,,,,,,,,,,,,,,,,104.05891894925783,-0.8321579047818732,0.0031672120122070054,0.004149828536992244,1.9403897138330979,1.0037393068104317,2.0416136047203177,-0.050593224593161595,7.875039346094006,7.810091739812429,TM4-CL SM,19.819306831718325,18856.95898611967,-9.517325775808041e-10,87.41882510827004,-0.06254921257667119,0.6331692138525208,0.1439659641440405,0.9546636524615029,10.289991218085936,16QAM,12.827887641205661,1.1134521883685222,-0.055621994485481066,0.34516536187608005,-0.596071273957064,0.6574921113152827,0.5674169959090244,0.01163947582834917,20.100469815776247,20.026017490207657,19.15814532549643,1.6946347605912317,-262.59560745335114,341.6514405136107,-9.579760086531152,-75.24802359151867,7.264514394292701,-106.09522799125403,0.21817469049799965,655.4120261864066,345.7577828124495,1.006145802259116,1029551.0070496948,3846.699363172533,200.50298476746661,541.999999999565,2.000000000326615,5.901848763780218,2.8884987439935417,5.122847450437324,,,,,,,,,,,,,,,,,,,,,,,,,,,,,,,,,,,,,,,,,,,,,,,,,,,,,,,,,,,,,,,,,,,,,,,,,,,,,,9.88285785024185,72.46954070448429,-17.813415322646293,177.39530397331893,-0.9260227222792449,-2.101865007813562e-10,-1.6219243209809576e-09,1.0066558738575118e-09,-1.033809937339556e-11,-4.046556812684817e-10,-1.09363494089132e-09,1.2257997944672482e-09,-7.917933766052818e-10,8.809290281932923e-10,1.158742974461781e-09,542020041221088+20250827094025+Fiji-Nadi-LTE-DL-D!20250827093942,542020041221088.0,2025-08-26 23:37:41+02:00,542020041221088,20250827094025,Fiji-Nadi-LTE-DL-D,20250827093942,2025-08-27 09:40:25,2025-08-27 09:39:42,Fiji-Nadi,DL-D,2025-08-26,23,37,1.0,1.0,,,,True,-17.81254961067749,177.39595948410067,118.66865483437996,-17.813415322646293,177.39530397331893,-0.9260227222792449,9.88285785024185,72.46954070448429,0.01163947582834917,345.7577828124495,655.4120261864066,0.21817469049799965,1029551.0070496948,3846.699363172533,200.50298476746661,-106.09522799125403,-9.579760086531152,7.264514394292701,-75.24802359151867,7.875039346094006,10.289991218085936,0.1439659641440405,1.0037393068104317,1.1134521883685222,2.8884987439935417,20.026017490207657,19.15814532549643,1.006145802259116,,,,,,,,,,,True,True,True,False,False,outside_download_activity,True,Fair,Excellent,Fair,False,False,False,False,False,True,0,,0,,0,0,False,0,False,0,False,0,False,0,False,0,False,0,False,0,False,0,False,0,False,0,False,0,False,0,False,0,False,0,False,0,False,0,False,0,False,0,False,False,unknown_carrier_count,True,lte_rb_count;lte_agg_rb_dl,lte_agg_rb_dl,2.8884987439935417,86.74455260159908,93.7799316942077,160.64413438518753,True,False,False,low_rb_usage,low_or_uncertain,100.0,aggregate_bandwidth,2.8884987439935417,0-10,-0.25881904510252157,0.9659258262890681,2.8884987439935417,low_or_uncertain,0.0,0.0,0.0,0.0,0.0,0.0,0.0,0.606596671899486,,,,,,,,-100.92845819065245,,10.303266052665059,,5.616233445356187,,-0.31173978177412764,,,,1,0.12176774667536494,0.21098415598399084,0.23297470137320248,,0.11012827084701576,0.09558751102933873,-0.10333352806311567,0.30339805825242716,0.19934468015564166,0.05516753508842795,-0.17986112285801376,0.20631067961165048,0.2213352255448533,0.04996025645593115,-0.1978574478142285,0.3859223300970874,,,,,0.1773712240242837,0.21098415598399084,0.23297470137320248,0.2213352255448533,0.04996025645593115,True,False,False,False,False,False,False,False,False,False,False,False,False,False,False,False,False,False,False,False,0.0,False,False,0.0,0.0,0.0,0.0,0.0,0.0,0.0,0.0,0.0,False,0.0,False,0.0,0,0.0,0.0,0.0,False,False,False,False,0.0,False,normal,none,Normal
32053,,,,,,,,,,,,,,,,,,,,,,,,,,,,,,,,,,,,,,,,,,,,,,,,,,,,,,,,,,,,,,,,,,,,,,,,,,,39.57722595790079,20.3299284575179,40846.183819916114,134.66066845103686,,,,,-4.767997856142744,Success,Connection Request,99.06609630495669,-0.9131605001052987,-0.0019756708313686516,-0.010799420227270986,2.069587482418303,1.0174327524052953,1.9469986103180335,0.2241658428814159,7.960772349158018,8.0652574227121,TM4-CL SM,19.841213573748693,41365.07982124709,2.3244260713773427e-09,26.531915155766328,-0.06796719126979568,0.9533692999302795,0.8620789320226869,1.9600218304562913,6.992269233371263,16QAM,74.19060690906848,3.99984560717244,-0.319003704041979,0.30461785208096176,-0.17175257818376613,-0.4077900028277445,-0.2276198467599116,1.9293661375014446,20.218875055129843,20.19893475413675,39.375977245733736,41.14319536522995,40354.81695499721,145.42940074718243,-10.091374627006294,-80.17372235547091,3.7097118960954543,-109.14657077360494,42.1521464112481,41636.87239194617,142.7174608708153,2.005774488697477,1014446.94123738,4051.5607014130796,48.326077027794625,541.9999999987327,2.000000000443337,10.042923323098535,5.623203606953664,9.150017196446486,nan$$$$nan$$$$nan,"$$$$$$$${
  ""reportConfig"" : {
    ""reportConfigId"" : ""6"",
    ""reportConfig -> reportConfigEUTRA"" : {
      ""triggerType -> event"" : {
        ""eventId -> eventA2"" : {
          ""a2-Threshold -> threshold-RSRP"" : ""-109.0 dBm (31)""
        },
        ""hysteresis"" : ""2"",
        ""timeToTrigger"" : ""ms640""
      },
      ""triggerQuantity"" : ""rsrp"",
      ""reportQuantity"" : ""sameAsTriggerQuantity"",
      ""maxReportCells"" : ""1"",
      ""reportInterval"" : ""ms5120"",
      ""reportAmount"" : ""r1""
    }
  },
  ""measResult"" : {
    ""measResultPCell"" : {
      ""rsrpResult"" : ""-111.0 dBm (29)"",
      ""rsrqResult"" : ""-11.0 dB (18)""
    }
  }
}
",,,,,,,,,LTE$$$$LTE$$$$LTE,2025-08-26T23:37:44.707896+02:00$$$$2025-08-26T23:37:44.707930+02:00$$$$2025-08-26T23:37:45.150000+02:00,Network$$$$Network$$$$Network,LTE CA Init$$$$LTE CA Complete$$$$Event A2,,,,,,,,,,,,,,,,,,,,,,,,,,,,,,,,,,,,,,,,,,,,,,,,,,,,,,,,,,,,,,,,9.89972541403902,72.54134184541792,-17.815044568778042,177.39595276384466,-0.3092612154989962,-1.063782706661072e-09,8.109816875988876e-10,9.201809594347901e-10,3.5516063616644045e-10,1.890589028978882e-10,3.250474806926e-10,-7.548206673234979e-10,1.1870659229645915e-09,4.4816326604761334e-10,8.32707936729412e-10,542020041221088+20250827094025+Fiji-Nadi-LTE-DL-D!20250827093942,542020041221088.0,2025-08-26 23:37:45+02:00,542020041221088,20250827094025,Fiji-Nadi-LTE-DL-D,20250827093942,2025-08-27 09:40:25,2025-08-27 09:39:42,Fiji-Nadi,DL-D,2025-08-26,23,37,1.0,5.0,,,,True,-17.81869770302799,177.39424584006474,444.5885410424975,-17.815044568778042,177.39595276384466,-0.3092612154989962,9.89972541403902,72.54134184541792,1.9293661375014446,142.7174608708153,41636.87239194617,42.1521464112481,1014446.94123738,4051.5607014130796,48.326077027794625,-109.14657077360494,-10.091374627006294,3.7097118960954543,-80.17372235547091,7.960772349158018,6.992269233371263,0.8620789320226869,1.0174327524052953,3.99984560717244,5.623203606953664,20.19893475413675,39.375977245733736,2.005774488697477,,,,,,,,-4.767997856142744,Success,Connection Request,True,True,True,False,False,outside_download_activity,True,Fair,Good,Fair,False,False,False,False,False,True,0,,0,,0,0,False,0,False,0,False,0,False,0,False,0,False,0,False,0,False,0,False,0,False,0,False,0,False,0,False,0,False,0,False,0,False,0,False,0,False,0,False,False,unknown_carrier_count,True,lte_rb_count;lte_agg_rb_dl,lte_agg_rb_dl,5.623203606953664,86.74455260159908,93.7799316942077,160.64413438518753,True,False,False,low_rb_usage,low_or_uncertain,200.57744886974768,fallback_100rb_per_carrier,2.803507392600899,0-10,-0.25881904510252157,0.9659258262890681,2.803507392600899,low_or_uncertain,0.0,0.0,0.0,0.0,0.0,0.0,0.0,0.011572258211986031,0.606596671899486,,,,0.309084465055736,,,-106.09522799125403,-103.51184309095325,7.264514394292701,8.78389022347888,2.8884987439935417,4.252366094674864,0.1439659641440405,-0.08388690881504357,7.875039346094006,,2,0.06053792833567455,0.0,0.0,,-1.86882820916577,31.870369379067164,1.0160098053396474,1.0,-1.9293661375014446,,1.0747860643013754,1.0,-1.9293661375014446,,1.0747860643013754,1.0,,,,,0.030268964167837274,0.0,0.06053792833567455,-1.86882820916577,31.870369379067164,True,False,False,False,False,False,False,False,False,False,False,False,False,False,False,False,False,False,False,True,0.010777277082931525,False,False,0.0,0.0,0.0,0.0,0.0,0.0,0.0,0.0,0.0,False,0.0,False,0.0,0,0.0,0.0,0.0,False,False,False,False,0.0,False,normal,none,Normal
32056,,,,,,,,,,,,,,,,,,,,,,,,,,,,,,,,,,,,,,,,,,,,,,,,,,,,,,,,,,,,,,,,,,,,,,,,,,,,,,,,,,,-15.906125104532428,Success,Connection Request,101.0738245182272,-0.17168195966410194,-0.004286736985548445,0.009300744558358054,1.951116251905401,1.0008953894676036,1.981474102557732,0.014976497975717238,7.815848156561622,8.060146434173463,TM4-CL SM,19.866719603304993,42015.4057678219,-1.2780037569733953e-09,-0.002466175316578521,-0.20604239226195323,-1.4695920347120084,-0.1660527156956167,1.0502861791569391,8.634747709166954,QPSK,98.69681226981756,6.955566884544043,-0.5270325165607466,-0.36369322389501385,-0.033863166829316255,-0.34722601399893493,-0.306736866077644,0.6883794211765603,20.15070221375853,20.058385648514626,18.94275683516645,41.5951647854711,40442.39822532679,135.20397688904325,-10.511397181677173,-77.77350767991922,2.184577723286604,-111.64630081706756,39.12480098337386,41672.49082455493,144.60937306419217,0.992493896133612,1098029.6969507758,4446.447394880379,52.11794914758277,541.9999999985706,1.9999999995383064,9.997280790568809,4.8339132409498,3.7575038278826702,,,,,,,,,,,,,,,,,,,,,,,,,,,,,,,,,,,,,,,,,,,,,,,,,,,,,,,,,,,,,,,,,,,,,,,,,,,,,,10.006600275568074,72.44005097996639,-17.812469419314027,177.3960015479588,0.5091684588344165,1.5372742340069965e-09,-3.1887407731999477e-10,1.3544299422991466e-09,7.56220186938689e-10,-1.6298220831129408e-09,-4.169495004273485e-10,1.1369649733468302e-09,-1.1286997798781936e-11,1.8831813458068467e-10,-9.806721376246749e-10,542020041221088+20250827094025+Fiji-Nadi-LTE-DL-D!20250827093942,542020041221088.0,2025-08-26 23:37:48+02:00,542020041221088,20250827094025,Fiji-Nadi-LTE-DL-D,20250827093942,2025-08-27 09:40:25,2025-08-27 09:39:42,Fiji-Nadi,DL-D,2025-08-26,23,37,1.0,8.0,,,,True,-17.816393455959673,177.39608019451035,436.41299589824183,-17.812469419314027,177.3960015479588,0.5091684588344165,10.006600275568074,72.44005097996639,0.6883794211765603,144.60937306419217,41672.49082455493,39.12480098337386,1098029.6969507758,4446.447394880379,52.11794914758277,-111.64630081706756,-10.511397181677173,2.184577723286604,-77.77350767991922,7.815848156561622,8.634747709166954,-0.1660527156956167,1.0008953894676036,6.955566884544043,4.8339132409498,20.058385648514626,18.94275683516645,0.992493896133612,,,,,,,,-15.906125104532428,Success,Connection Request,True,True,True,False,False,outside_download_activity,True,Fair,Good,Fair,False,False,False,False,False,True,0,,0,,0,0,False,0,False,0,False,0,False,0,False,0,False,0,False,0,False,0,False,0,False,0,False,0,False,0,False,0,False,0,False,0,False,0,False,0,False,0,False,False,unknown_carrier_count,True,lte_rb_count;lte_agg_rb_dl,lte_agg_rb_dl,4.8339132409498,86.74455260159908,93.7799316942077,160.64413438518753,True,False,False,low_rb_usage,low_or_uncertain,100.0,aggregate_bandwidth,4.8339132409498,0-10,-0.25881904510252157,0.9659258262890681,4.8339132409498,low_or_uncertain,0.0,0.0,0.0,0.0,0.0,0.0,0.0,1.0747860643013754,0.011572258211986031,0.606596671899486,,,0.606596671899486,0.5643183314709491,,-109.14657077360494,-105.39008565183714,3.7097118960954543,7.092497447684405,5.623203606953664,4.709311932101131,0.8620789320226869,0.2314350381308666,7.960772349158018,7.917905847626011,3,0.11947544727544719,0.34133714614025856,0.04866911123615435,,-0.568903973901113,5.76168105560234,0.4109089215443907,0.9514563106796117,-0.3470422750363017,2.016714058111035,0.2301021598188679,0.883495145631068,-0.6397103099404059,14.144072157725999,0.47624729940722027,0.9951456310679612,,,,,0.08407227925580077,0.34133714614025856,0.34133714614025856,-0.3470422750363017,2.016714058111035,True,False,False,False,False,False,False,False,False,False,False,False,False,False,False,False,False,False,False,True,0.02510484829397619,False,False,0.0,0.0,0.0,0.0,0.0,0.0,0.0,0.0,0.0,False,0.0,False,0.0,0,0.0,0.0,0.0,False,False,False,False,0.0,False,normal,none,Normal
32059,,,,,,,,-0.6936032089237574,-0.40763695738521105,,,,,,,,,,,,,,,,,,,,,,,,,,,,,,,,,,,,,,,,,,,,,,,,,,,,,,,,,,,,,,,,,,,,,,,,,,34.43520410391487,Success,Connection Request,98.64883162807416,0.4113093809183803,0.0044138949174742925,0.0010047426804319585,3.930871599135479,1.0306939908615518,2.0113558496666277,0.0201264301408634,5.999440432858096,6.046360265725764,TM4-CL SM,19.90587975269147,41626.56255970618,4.3808625051358696e-10,13.227306272073019,-0.1945576696565377,-1.462004300176582,0.5585597421561398,0.9917374654602358,8.063673092594495,16QAM,85.69876674170985,5.320604511921899,0.21015676962252525,0.29268397189276085,0.19435284786092188,0.3058120400319412,0.4998335484096851,0.6053214274674825,19.979361122694723,19.941879021074513,20.277464966173827,41.83004700692414,40352.26401622592,158.46009815882746,-10.918030722252263,-81.16493319774202,2.948216005134245,-112.42996581750941,42.0748040528659,41285.37816351738,135.67335300056183,0.9957572203501726,1102996.3609965548,4109.961876823795,50.5466759429514,542.0000000012886,1.999999999234662,9.991904741374466,8.117975240082044,19.1951402833773,Start$$$$Start,https://syd.download.datapacket.com/10000mb.bin$$$$https://syd.download.datapacket.com/10000mb.bin,,,,,,,,,LTE$$$$LTE,2025-08-26T23:37:51.338000+02:00$$$$2025-08-26T23:37:51.810000+02:00,Script$$$$Script,HTTP DL Link$$$$HTTP DL Link,,,,,,,,,,,,,,,,,,,,,,,,,,,,,,,,,,,,,,,,,,,,,,,,,,,,,,,,,,,,,,,,9.996782021513113,72.94556343168134,-17.81721959128047,177.39600756373977,0.17266280356769004,-1.2428250170659187e-09,2.0576046721482068e-10,2.92186215401152e-10,-6.156378185705728e-10,2.971561449092564e-10,-2.848288760195051e-10,-1.5424416766256912e-09,2.616509611531581e-10,-3.699789174894561e-10,3.3203839281678717e-10,542020041221088+20250827094025+Fiji-Nadi-LTE-DL-D!20250827093942,542020041221088.0,2025-08-26 23:37:51+02:00,542020041221088,20250827094025,Fiji-Nadi-LTE-DL-D,20250827093942,2025-08-27 09:40:25,2025-08-27 09:39:42,Fiji-Nadi,DL-D,2025-08-26,23,37,1.0,11.0,,,,True,-17.814436567680158,177.3976829310459,356.68020821447334,-17.81721959128047,177.39600756373977,0.17266280356769004,9.996782021513113,72.94556343168134,0.6053214274674825,135.67335300056183,41285.37816351738,42.0748040528659,1102996.3609965548,4109.961876823795,50.5466759429514,-112.42996581750941,-10.918030722252263,2.948216005134245,-81.16493319774202,5.999440432858096,8.063673092594495,0.5585597421561398,1.0306939908615518,5.320604511921899,8.117975240082044,19.941879021074513,20.277464966173827,0.9957572203501726,,,,,,,,34.43520410391487,Success,Connection Request,True,True,True,False,False,outside_download_activity,True,Fair,Good,Fair,False,False,False,False,True,True,0,,0,,0,0,False,0,False,0,False,0,False,0,False,0,False,0,False,0,False,0,False,0,False,0,False,0,False,0,False,0,False,0,False,0,False,0,False,0,False,0,False,False,unknown_carrier_count,True,lte_rb_count;lte_agg_rb_dl,lte_agg_rb_dl,8.117975240082044,86.74455260159908,93.7799316942077,160.64413438518753,True,False,False,low_rb_usage,low_or_uncertain,100.0,pcell_bandwidth_times_carriers,8.117975240082044,0-10,-0.25881904510252157,0.9659258262890681,8.117975240082044,low_or_uncertain,0.0,0.0,0.0,0.0,0.0,0.0,0.0,0.5237691464940508,1.0747860643013754,0.011572258211986031,,,0.5651829091967684,0.5541810352267246,,-111.64630081706756,-106.95413944314474,2.184577723286604,5.865517516584955,4.8339132409498,4.740462259313298,-0.1660527156956167,0.1320630996742458,7.815848156561622,7.883886617271216,4,0.10304947569652409,0.10068958430333583,0.0,,-0.5022719517709584,5.874085465996217,0.37524540802829814,0.9368932038834952,-0.5046318431641467,6.0117581342266835,0.37738712465716895,0.9538834951456311,-0.6053214274674825,,0.4733240028662338,0.9927184466019418,,,,,0.051524737848262045,0.10068958430333583,0.10304947569652409,-0.5022719517709584,5.874085465996217,True,False,False,False,False,False,False,False,False,False,False,False,False,False,False,False,False,False,False,True,0.022482937843585127,False,False,0.0,0.0,0.0,0.0,0.0,0.0,0.0,0.0,0.0,False,0.0,False,0.0,0,0.0,0.0,0.0,False,False,False,False,0.0,False,normal,none,Normal
32072,,,,,,,,5.120248137323676,6.813311417459806,,,,,,,,,,,,,,,,,,,,,,,,,,,,,,,,,,,,,,,,,,,,,,,,,,,,,,,,,,,,,,,,,,,,,,,9.022049592623423,8.237259589783742,16QAM,2.91360843598496,Success,Connection Request,32.76489807400064,67.55800313842813,0.001242246616918272,0.0032202005169980094,3.9006002101579305,0.9997277791454068,1.9953772410555826,0.3088234844004542,7.81903872450151,8.010203197175816,TM4-CL SM,20.067255992652644,41660.46088287892,-4.0217052317737316e-10,43.27841211754981,-0.019050206985288268,2.7350372078110023,3.6800783598326525,0.9753069003908316,11.491635495787966,16QAM,56.507910231510444,67.78451375775396,6.0525815998379695,3.71947854724242,1.9425534428931317,5.848262146773925,4.878509124706164,6.029151331144575,19.855379571897306,19.940425352883864,20.079414654773203,39.553946351017956,41971.3120261258,147.01902647606005,-9.818103041964324,-78.66933052275606,11.200306526906354,-107.88127756925294,40.81796682509059,41712.90308229375,145.08403319806774,1.0131747148092525,1032234.1121063365,3927.7049809512973,50.61719911625474,542.0000000009055,1.9999999988329558,10.072780614594329,67.32274511107934,17.242387551107274,,,,,,,,,,,,,,,,,,,,,,,,,,,,,,,,,,,,,,,,,,,,,,,,,,,,,,,,,,,,,,,,,,,,,,,,,,,,,,10.210004039714873,71.32251160992948,-17.81602157784294,177.39606431678192,-0.04495067167341038,8.94128191327396e-10,-2.3695378703245545e-09,-1.0202002213881993e-09,9.388723813233578e-10,-9.391804469809384e-10,6.857055589558907e-10,1.400538743065087e-09,1.334378373831016e-09,-1.0615913064885731e-09,6.970249386511474e-10,542020041221088+20250827094025+Fiji-Nadi-LTE-DL-D!20250827093942,542020041221088.0,2025-08-26 23:38:04+02:00,542020041221088,20250827094025,Fiji-Nadi-LTE-DL-D,20250827093942,2025-08-27 09:40:25,2025-08-27 09:39:42,Fiji-Nadi,DL-D,2025-08-26,23,38,1.0,24.0,,,,True,-17.81519448358775,177.39701330791357,136.2022614822804,-17.81602157784294,177.39606431678192,-0.04495067167341038,10.210004039714873,71.32251160992948,6.029151331144575,145.08403319806774,41712.90308229375,40.81796682509059,1032234.1121063365,3927.7049809512973,50.61719911625474,-107.88127756925294,-9.818103041964324,11.200306526906354,-78.66933052275606,7.81903872450151,11.491635495787966,3.6800783598326525,0.9997277791454068,67.78451375775396,67.32274511107934,19.940425352883864,20.079414654773203,1.0131747148092525,,,,,,,,2.91360843598496,Success,Connection Request,True,True,True,False,False,outside_download_activity,True,Fair,Excellent,Good,False,False,False,False,False,True,0,,0,,0,0,False,0,False,0,False,0,False,0,False,0,False,0,False,0,False,0,False,0,False,0,False,0,False,0,False,0,False,0,False,0,False,0,False,0,False,0,False,False,unknown_carrier_count,True,lte_rb_count;lte_agg_rb_dl,lte_agg_rb_dl,67.32274511107934,86.74455260159908,93.7799316942077,160.64413438518753,True,False,False,low_rb_usage,low_or_uncertain,101.31747148092525,pcell_bandwidth_times_carriers,66.44732061217498,50-100,-0.25881904510252157,0.9659258262890681,66.44732061217498,low_or_uncertain,0.0,0.0,0.0,0.0,0.0,0.0,0.0,3.2836491500183653,3.047678281054592,3.581577209088629,2.9692890221329726,3.2831966186423083,3.2836491500183653,3.2949049102949965,0.07859003197134817,-110.70251040260584,-111.06834216914815,9.055205356437632,9.482405809685577,95.80341089723795,92.90500428329653,7.200550258057998,6.561614477994849,7.857775786028988,8.495472764850737,16,8.294269805947804,12.166134226061182,11.117127599970079,,2.26511847480323,0.7269056194459796,-0.2793320828596313,0.1407766990291262,6.136982894916607,0.4955683719344044,-0.6275819663911713,0.038834951456310676,5.087976268825504,0.5423299568101387,-0.5445539783477362,0.11650485436893204,,,,,9.70569870295894,12.166134226061182,12.166134226061182,6.136982894916607,0.4955683719344044,True,False,False,False,False,False,False,False,False,False,True,False,False,False,False,False,False,False,False,False,0.0,False,False,0.0,0.0,0.0,0.0,0.0,0.0,0.0,0.0,0.0,False,0.0,False,0.0,0,0.0,0.0,0.0,False,False,False,False,0.0,False,normal,none,Normal
32073,,,,,,,,2.2331227758254535,4.7676261698357765,,,,,,,,,,,,,,,,,,,,,,,,,,,,,,,,,,,,,,,,,,,,,,,,,,,,,,,,,,,,,,,,,,,,,,,8.753600831724627,10.682966552665448,16QAM,6.582540442776294,Success,Connection Request,5.465721094212748,94.58466734818566,0.006481305082632072,0.004577930530767764,3.9276089424028644,1.9971236019503358,2.015207983902812,0.7158921279982359,7.969296872774247,8.07447214527979,TM4-CL SM,19.910434371717617,41913.20752412677,5.402051517488305e-10,59.801196079303764,-0.06465638706527532,-1.770386052704899,11.721671221199635,2.013272140712969,8.57562665368954,16QAM,40.411687712696626,64.13192158627993,4.436362819134537,2.4318497540923496,2.085323258464979,4.988780045754667,5.616478690919709,5.09587159734415,19.938782355722108,19.91241646877256,20.402586773800973,40.86091997662819,41546.235498846014,146.2515418563468,-9.858199218691293,-79.75582965399448,10.849209790623576,-109.34498528338187,39.001783906536,42906.691070991976,148.81898819400027,1.0105415956972859,1097323.5410942321,4202.56439970166,48.49904590784601,542.0000000005342,2.0000000004976766,9.96809678584547,61.56942027211551,22.06557102372263,,,,,,,,,,,,,,,,,,,,,,,,,,,,,,,,,,,,,,,,,,,,,,,,,,,,,,,,,,,,,,,,,,,,,,,,,,,,,,9.926484239771343,72.22938784946518,-17.814146287207862,177.39556945774646,-0.08933461303842889,-6.756184745563278e-10,1.4580720558948612e-09,-9.62794098850092e-10,-1.2832765762278209e-09,-2.384232506887155e-10,1.0412333784856189e-10,-2.4542877195314886e-09,1.9895995570817415e-10,-1.5641659356588169e-09,1.6700403753923572e-10,542020041221088+20250827094025+Fiji-Nadi-LTE-DL-D!20250827093942,542020041221088.0,2025-08-26 23:38:05+02:00,542020041221088,20250827094025,Fiji-Nadi-LTE-DL-D,20250827093942,2025-08-27 09:40:25,2025-08-27 09:39:42,Fiji-Nadi,DL-D,2025-08-26,23,38,1.0,25.0,,,,True,-17.81602157784294,177.39606431678192,215.00305405414673,-17.814146287207862,177.39556945774646,-0.08933461303842889,9.926484239771343,72.22938784946518,5.09587159734415,148.81898819400027,42906.691070991976,39.001783906536,1097323.5410942321,4202.56439970166,48.49904590784601,-109.34498528338187,-9.858199218691293,10.849209790623576,-79.75582965399448,7.969296872774247,8.57562665368954,11.721671221199635,1.9971236019503358,64.13192158627993,61.56942027211551,19.91241646877256,20.402586773800973,1.0105415956972859,,,,,,,,6.582540442776294,Success,Connection Request,True,True,True,False,False,outside_download_activity,True,Fair,Excellent,Good,False,False,False,True,False,True,0,,0,,0,0,False,0,False,0,False,0,False,0,False,0,False,0,False,0,False,0,False,0,False,0,False,0,False,0,False,0,False,0,False,0,False,0,False,0,False,0,False,False,unknown_carrier_count,True,lte_rb_count;lte_agg_rb_dl,lte_agg_rb_dl,61.56942027211551,86.74455260159908,93.7799316942077,160.64413438518753,True,False,False,low_rb_usage,low_or_uncertain,101.05415956972858,pcell_bandwidth_times_carriers,60.92715088054527,50-100,-0.25881904510252157,0.9659258262890681,60.92715088054527,low_or_uncertain,0.0,0.0,0.0,0.0,0.0,0.0,0.0,1.950065977503137,3.2836491500183653,3.047678281054592,3.351371960291491,3.3083033544233578,3.2836491500183653,3.1615918461810795,-0.3503264956970885,-107.88127756925294,-110.41405520156522,11.200306526906354,10.261431437131394,67.32274511107934,89.3539905536136,3.6800783598326525,6.014155795190606,7.81903872450151,8.839019639992111,17,6.647465724274274,6.03977068124428,11.961860652645564,,1.5515941269301239,0.7665886232005331,-0.22676256034645315,0.16747572815533981,0.9438990839001304,0.843719383778711,-0.1439638412178137,0.23058252427184467,6.865989055301414,0.42600994488404387,-0.754399494761365,0.050970873786407765,,,,,9.30466318845992,6.03977068124428,11.961860652645564,6.865989055301414,0.42600994488404387,True,False,True,False,False,False,False,False,False,False,False,False,False,False,False,False,False,False,False,False,0.0,False,False,0.0,0.0,0.0,0.0,0.0,0.0,0.0,0.0,0.0,False,0.0,False,0.0,0,0.0,0.0,0.0,False,False,False,False,0.0,False,normal,none,Normal
32074,,,,,,,,3.9437838424406313,4.1766410166246875,,,,,,,,,,,,,,,,,,,,,,,,,,,,,,,,,,,,,,,,,,,,,,,,,,,,,,,,,,,,,,,,,,,,,,,7.185948106095155,7.520291002912073,16QAM,-4.444477621410108,Success,Connection Request,5.777608562585455,102.46118109620589,-0.0016542207682010935,0.0026811514314448942,3.9327159477645197,2.0130022202456717,2.0044219289812846,0.41370673655979284,6.070673015802051,6.045154133668821,TM4-CL SM,20.0163764811706,42010.64074206298,-5.985102493241482e-10,17.212238914513648,-0.12596922000283708,0.3687895216857896,9.837891136662964,2.0044947190935534,6.82904244697464,QPSK,86.20074520942389,46.63872462579824,3.659171924475232,1.615459215348405,2.227035461025472,2.925624052310453,4.308934131722267,3.2361145162239477,19.96157684968385,20.07405159104453,19.52643517311246,39.434310409050255,41232.776210342956,142.38535898725632,-11.962365222420651,-79.43535124390357,7.649592914361054,-112.1299870718183,42.105656759344704,41407.80550210499,149.37835652039104,0.9859149319392079,1103075.2018609687,4271.635522948078,49.37870509685939,541.9999999988886,2.0000000002439484,10.060878245876697,51.3239679346767,21.864180152122884,,,,,,,,,,,,,,,,,,,,,,,,,,,,,,,,,,,,,,,,,,,,,,,,,,,,,,,,,,,,,,,,,,,,,,,,,,,,,,9.946228848762734,70.8253723307226,-17.814761362228897,177.39634989275456,0.2531069075137136,-1.0950674746710092e-09,-7.759698769117047e-10,-6.228080327990138e-10,1.7382622816638037e-09,-5.705980585128532e-10,-6.500123525960562e-10,-9.333607472677763e-10,-1.0566567948114585e-09,5.45959402239951e-10,5.904437556779279e-10,542020041221088+20250827094025+Fiji-Nadi-LTE-DL-D!20250827093942,542020041221088.0,2025-08-26 23:38:06+02:00,542020041221088,20250827094025,Fiji-Nadi-LTE-DL-D,20250827093942,2025-08-27 09:40:25,2025-08-27 09:39:42,Fiji-Nadi,DL-D,2025-08-26,23,38,1.0,26.0,,,,True,-17.814146287207862,177.39556945774646,107.25504320319213,-17.814761362228897,177.39634989275456,0.2531069075137136,9.946228848762734,70.8253723307226,3.2361145162239477,149.37835652039104,41407.80550210499,42.105656759344704,1103075.2018609687,4271.635522948078,49.37870509685939,-112.1299870718183,-11.962365222420651,7.649592914361054,-79.43535124390357,6.070673015802051,6.82904244697464,9.837891136662964,2.0130022202456717,46.63872462579824,51.3239679346767,20.07405159104453,19.52643517311246,0.9859149319392079,,,,,,,,-4.444477621410108,Success,Connection Request,True,True,True,False,False,outside_download_activity,True,Fair,Good,Fair,False,False,False,False,True,True,0,,0,,0,0,False,0,False,0,False,0,False,0,False,0,False,0,False,0,False,0,False,0,False,0,False,0,False,0,False,0,False,0,False,0,False,0,False,0,False,0,False,False,unknown_carrier_count,True,lte_rb_count;lte_agg_rb_dl,lte_agg_rb_dl,51.3239679346767,86.74455260159908,93.7799316942077,160.64413438518753,True,False,False,low_rb_usage,low_or_uncertain,100.0,aggregate_bandwidth,51.32396793467671,50-100,-0.25881904510252157,0.9659258262890681,51.32396793467671,low_or_uncertain,0.0,0.0,0.0,0.0,0.0,0.0,0.0,1.8076117547347113,1.950065977503137,3.2836491500183653,3.581577209088629,3.356998615066051,3.047678281054592,3.0115226862122153,-0.4434913635884794,-109.34498528338187,-109.90010165103813,10.849209790623576,10.526362211455568,61.56942027211551,82.41009485104453,11.721671221199635,7.078963622496521,7.969296872774247,8.669904542073393,18,3.7029486778748524,3.006712035087851,7.121190453554018,,0.46683416165090463,0.8739290759171894,-0.10454322884683576,0.30097087378640774,-0.22940248113609663,1.076296791464898,0.05567549781286352,0.6067961165048543,3.88507593733007,0.45443448498261685,-0.6508302895873408,0.0703883495145631,,,,,5.412069565714435,3.006712035087851,7.121190453554018,3.88507593733007,0.45443448498261685,True,False,False,False,False,False,False,False,False,False,False,False,False,False,False,False,False,False,False,False,0.0,False,False,0.0,0.0,0.0,0.0,0.0,0.0,0.0,0.0,0.0,False,0.0,False,0.0,0,0.0,0.0,0.0,False,False,False,False,0.0,False,normal,none,Normal
32075,,,,,,,,10.077992863588026,17.55624396244548,,,,,,,,,,,,,,,,,,,,,,,,,,,,,,,,,,,,,,,,,,,,,,,,,,,,,,,,,,,,,,,,,,,,,,,9.014025392884072,10.450036894316861,16QAM,-37.272690618073135,Success,Connection Request,-0.2676149334218745,100.58635571467663,0.0011732014295095501,-0.008153955014148014,4.0206071216245425,2.006045084847138,1.986498961207052,0.5946607542176017,8.738060396367265,9.944627623953588,TM4-CL SM,20.125933461292586,41204.83753149104,-1.6613310109287454e-09,40.750536292547274,-0.09740663172204052,0.8782940881726615,3.4377712693034255,2.027453765215265,8.708362820856427,16QAM,58.32170808032393,86.41306227007189,17.976708742437737,8.528185742078696,9.563385931023177,16.798615423268668,17.011211383820743,17.22070232252682,20.0310696165596,19.928166935762643,19.67006186989045,41.48660761583345,40008.141942714516,145.99905546719827,-11.530979831575808,-78.6157530958315,9.723868281223407,-111.11996076475502,39.83998585050917,40520.74428463535,154.1288992471998,1.0370416252755748,1044402.1019906704,4266.319261745308,50.323330039931164,541.9999999983398,2.0000000006113776,9.943385484842034,85.61189172901454,21.96397461608982,,,,,,,,,,,,,,,,,,,,,,,,,,,,,,,,,,,,,,,,,,,,,,,,,,,,,,,,,,,,,,,,,,,,,,,,,,,,,,10.077376047512544,72.23593396784297,-17.818238454712063,177.39691889818423,-0.30788279703710697,3.95405424293733e-10,7.385732052184246e-10,-1.6873116425028032e-09,8.096996308808375e-10,-1.49087346836807e-10,2.8191685413301654e-10,8.270986509864802e-10,-1.8092140046951558e-09,-1.0684131143756637e-10,1.3297165118973315e-09,542020041221088+20250827094025+Fiji-Nadi-LTE-DL-D!20250827093942,542020041221088.0,2025-08-26 23:38:07+02:00,542020041221088,20250827094025,Fiji-Nadi-LTE-DL-D,20250827093942,2025-08-27 09:40:25,2025-08-27 09:39:42,Fiji-Nadi,DL-D,2025-08-26,23,38,1.0,27.0,,,,True,-17.814761362228897,177.39634989275456,391.29972306519034,-17.818238454712063,177.39691889818423,-0.30788279703710697,10.077376047512544,72.23593396784297,17.22070232252682,154.1288992471998,40520.74428463535,39.83998585050917,1044402.1019906704,4266.319261745308,50.323330039931164,-111.11996076475502,-11.530979831575808,9.723868281223407,-78.6157530958315,8.738060396367265,8.708362820856427,3.4377712693034255,2.006045084847138,86.41306227007189,85.61189172901454,19.928166935762643,19.67006186989045,1.0370416252755748,,,,,,,,-37.272690618073135,Success,Connection Request,True,True,True,False,False,outside_download_activity,True,Fair,Good,Fair,False,False,False,False,False,True,0,,0,,0,0,False,0,False,0,False,0,False,0,False,0,False,0,False,0,False,0,False,0,False,0,False,0,False,0,False,0,False,0,False,0,False,0,False,0,False,0,False,False,unknown_carrier_count,True,lte_rb_count;lte_agg_rb_dl,lte_agg_rb_dl,85.61189172901454,86.74455260159908,93.7799316942077,160.64413438518753,True,False,False,low_rb_usage,low_or_uncertain,100.0,aggregate_bandwidth,85.61189172901454,50-100,-0.25881904510252157,0.9659258262890681,85.61189172901454,low_or_uncertain,0.0,0.0,0.0,0.0,0.0,0.0,0.0,1.4436464614209488,1.8076117547347113,1.950065977503137,3.047678281054592,3.355488090272126,1.950065977503137,2.8201874708477046,-0.4010079549084108,-112.1299870718183,-110.09694325262096,7.649592914361054,9.827367212875975,51.3239679346767,74.21555452309637,9.837891136662964,7.664290254687614,6.070673015802051,7.708274273777869,19,15.570418888953942,12.501844804778923,18.781336688002007,,-1.650283433572877,1.1059883774060588,0.09493932679966921,0.6359223300970874,-4.718857517747896,1.377452895267431,0.2997321095654506,0.9223300970873787,1.5606343654751882,0.9169050429476534,-0.08218046378708399,0.6383495145631068,,,,,17.175877788477976,12.501844804778923,18.781336688002007,1.5606343654751882,0.9169050429476534,True,False,False,False,False,False,False,False,False,False,False,False,False,False,False,False,False,False,False,False,0.0,False,False,0.0,0.0,0.0,0.0,0.0,0.0,0.0,0.0,0.0,False,0.0,False,0.0,0,0.0,0.0,0.0,False,False,False,False,0.0,False,normal,none,Normal
32133,,,,,,,,16.01305310082016,17.152107923316763,,,,,,,,,,,,,,,,,,,,,,,,,,,,,,,,,,,,,,,,,,,,,,,,,,,,,,,,,,,,,,,,,,,,,,,7.867480225717611,8.559021766641312,16QAM,-0.017202406585390406,Success,Connection Request,0.7811486320324128,103.68042241497524,0.009220202503365834,0.004196541497430115,4.008900616736683,2.0030531078033604,2.0061330671778923,0.8108648017233149,6.895071262740768,7.42796382317385,TM4-CL SM,19.914296662093253,41269.22842490739,6.509670538130738e-10,7.839185333254223,-0.056343055033392354,0.5432217161124996,3.9243574971314414,2.025564733744554,6.891904706779357,QPSK,90.10340097554204,89.67313884546144,17.56307008000795,7.85735267554452,8.818505746638074,16.5085680145481,17.403404771497993,16.385340111710708,19.86029753843827,19.941239501053737,20.907590115031436,42.38034603562954,40338.32524315505,149.17799749242047,-12.418561280907072,-80.00713769899824,6.1242883910352806,-111.87279576991763,40.807725410099046,39701.02229464015,137.39769703454354,1.0360688769957114,1099796.2925079232,4436.798672578071,49.383888446467395,541.9999999993971,1.999999999114988,10.041127137817979,87.28912753514372,29.668259712466185,,,,,,,,,,,,,,,,,,,,,,,,,,,,,,,,,,,,,,,,,,,,,,,,,,,,,,,,,,,,,,,,,,,,,,,,,,,,,,9.884754721940423,71.98431911962129,-17.820826546221085,177.39624187045274,-0.18926717577215882,5.319286537442472e-10,4.663152335242719e-10,1.2552205078346892e-09,-7.303913164499063e-10,1.2687147531081398e-09,6.573091829705836e-10,-1.5517293681297414e-09,2.0019685315920247e-10,1.5754748941670193e-09,-4.838020202049346e-10,542020041221088+20250827094025+Fiji-Nadi-LTE-DL-D!20250827093942,542020041221088.0,2025-08-26 23:39:05+02:00,542020041221088,20250827094025,Fiji-Nadi-LTE-DL-D,20250827093942,2025-08-27 09:40:25,2025-08-27 09:39:42,Fiji-Nadi,DL-D,2025-08-26,23,39,1.0,85.0,,,,True,-17.81087549509042,177.3973939882583,1113.2095823809182,-17.820826546221085,177.39624187045274,-0.18926717577215882,9.884754721940423,71.98431911962129,16.385340111710708,137.39769703454354,39701.02229464015,40.807725410099046,1099796.2925079232,4436.798672578071,49.383888446467395,-111.87279576991763,-12.418561280907072,6.1242883910352806,-80.00713769899824,6.895071262740768,6.891904706779357,3.9243574971314414,2.0030531078033604,89.67313884546144,87.28912753514372,19.941239501053737,20.907590115031436,1.0360688769957114,,,,,,,,-0.017202406585390406,Success,Connection Request,True,True,True,False,False,outside_download_activity,True,Fair,Good,Fair,False,False,False,False,True,False,0,,0,,0,0,False,0,False,0,False,0,False,0,False,0,False,0,False,0,False,0,False,0,False,0,False,0,False,0,False,0,False,0,False,0,False,0,False,0,False,0,False,False,unknown_carrier_count,True,lte_rb_count;lte_agg_rb_dl,lte_agg_rb_dl,87.28912753514372,86.74455260159908,93.7799316942077,160.64413438518753,False,False,False,below_median_rb_usage,unknown,103.60688769957113,pcell_bandwidth_times_carriers,84.25031334620917,50-100,-0.25881904510252157,0.9659258262890681,84.25031334620917,below_median_or_uncertain,0.0,0.0,0.0,0.0,0.0,0.0,0.0,3.3973136567196858,3.4284580024833895,3.4025934218243528,3.546710899122754,3.4764792121451285,3.4284580024833895,3.4002843850565823,-0.03734931060076707,-113.81940227463981,-112.50551496210971,8.421818698533562,9.734290561617456,91.59486766509782,90.61863403592235,4.557534222054568,5.103885897010242,6.047508037202422,9.154106377642659,20,12.16630049133104,18.885746306266967,14.786290164617906,,-4.219039620379668,1.3467808166817758,0.2779667567163462,0.8956310679611651,2.500406194556259,0.8676035273370937,-0.13437588028905045,0.24029126213592233,-1.5990499470928015,1.1081440935684574,0.09648547653000428,0.9053398058252428,,,,,13.476295327974473,18.885746306266967,18.885746306266967,2.500406194556259,0.8676035273370937,True,False,False,False,False,False,False,False,False,False,False,False,False,False,False,False,False,False,False,False,0.0,False,False,0.0,0.0,0.0,0.0,0.0,0.0,0.0,0.0,0.0,False,0.0,False,0.0,0,0.0,0.0,0.0,False,False,False,False,0.0,False,normal,none,Normal
32139,,,,,,,,15.365221609108927,15.196938312317737,,,,,,,,,,,,,,,,,,,,,,,,,,,,,,,,,,,,,,,,,,,,,,,,,,,,,,,,,,,,,,,,,,,,,,,7.908289976895712,9.115829008816009,16QAM,-3.280788141218287,Success,Connection Request,-1.568832061463385,101.96641448430479,0.0011773588745957054,0.007755478068521254,4.094099002369562,2.004510558283841,1.9653271956477847,0.560319167516935,7.732110342534073,8.687614522894588,TM4-CL SM,20.226710586389153,39915.27215963459,-6.69287624230291e-10,29.450796562000367,-0.0676968795749732,2.015764061481108,2.132937658651215,2.022986898793474,9.065602770964226,16QAM,70.39448234965357,78.73866723948254,15.561124159511598,8.056104728336987,7.890717893844848,16.159691329825684,16.04921866884844,15.862337179241477,19.93334744297309,19.90964675443503,19.617627873775657,41.28889889247155,41413.15307010937,134.92201985170988,-11.965268938459692,-79.18861980690805,7.31661609104413,-111.17994108566626,40.4487702537664,40626.94191250248,144.4796768768884,0.9653936142469132,1100253.978557317,3852.1648847190327,50.273535816846525,541.99999999859,1.9999999981968504,9.901232769284071,77.86967558863316,29.16499823195933,,,,,,,,,,,,,,,,,,,,,,,,,,,,,,,,,,,,,,,,,,,,,,,,,,,,,,,,,,,,,,,,,,,,,,,,,,,,,,10.017458690977923,73.00518169772558,-17.817109234770527,177.39569882082614,-0.053841578673716556,6.234295677350126e-10,1.0702268532176808e-09,-3.6520194546264643e-10,-5.050474012342467e-10,1.9383289953304573e-11,6.288321885250794e-11,-7.642289195213711e-10,6.107016816768926e-10,-7.602179270444092e-11,4.4973939380718765e-10,542020041221088+20250827094025+Fiji-Nadi-LTE-DL-D!20250827093942,542020041221088.0,2025-08-26 23:39:11+02:00,542020041221088,20250827094025,Fiji-Nadi-LTE-DL-D,20250827093942,2025-08-27 09:40:25,2025-08-27 09:39:42,Fiji-Nadi,DL-D,2025-08-26,23,39,1.0,91.0,,,,True,-17.814096520170274,177.39561502964315,335.11645953681347,-17.817109234770527,177.39569882082614,-0.053841578673716556,10.017458690977923,73.00518169772558,15.862337179241477,144.4796768768884,40626.94191250248,40.4487702537664,1100253.978557317,3852.1648847190327,50.273535816846525,-111.17994108566626,-11.965268938459692,7.31661609104413,-79.18861980690805,7.732110342534073,9.065602770964226,2.132937658651215,2.004510558283841,78.73866723948254,77.86967558863316,19.90964675443503,19.617627873775657,0.9653936142469132,,,,,,,,-3.280788141218287,Success,Connection Request,True,True,True,False,False,outside_download_activity,True,Fair,Good,Fair,False,False,False,False,False,True,0,,0,,0,0,False,0,False,0,False,0,False,0,False,0,False,0,False,0,False,0,False,0,False,0,False,0,False,0,False,0,False,0,False,0,False,0,False,0,False,0,False,False,unknown_carrier_count,True,lte_rb_count;lte_agg_rb_dl,lte_agg_rb_dl,77.86967558863316,86.74455260159908,93.7799316942077,160.64413438518753,True,False,False,low_rb_usage,low_or_uncertain,100.0,aggregate_bandwidth,77.86967558863316,50-100,-0.25881904510252157,0.9659258262890681,77.86967558863316,low_or_uncertain,0.0,0.0,0.0,0.0,0.0,0.0,0.0,3.413085476987157,3.5536898392781553,3.326433111308334,3.348193924478137,3.587535259409054,3.413085476987157,3.3779788190253726,0.01622288812725503,-109.18920034162969,-111.5020913535325,12.033784602488499,10.010205527379217,76.53144610733159,84.53830057858563,9.65099184909313,7.334252541630183,9.264654395177669,8.86978781239174,20,12.163109159520404,16.538781918400755,14.665762337958759,,-3.6992280197210725,1.304135067046207,0.24766440938248957,0.8713592233009708,0.6764447391592778,0.9590994825074344,-0.039331972906017754,0.39563106796116504,-1.1965748412827182,1.0815896789889794,0.07360497743038685,0.8883495145631068,,,,,13.414435748739582,16.538781918400755,16.538781918400755,0.6764447391592778,0.9590994825074344,True,False,False,False,False,False,False,False,False,False,False,False,False,False,False,False,False,False,False,False,0.0,False,False,0.0,0.0,0.0,0.0,0.0,0.0,0.0,0.0,0.0,False,0.0,False,0.0,0,0.0,0.0,0.0,False,False,False,False,0.0,False,normal,none,Normal
32149,,,,,,,,3.3957472748316677,8.379762270673147,,,40818.087345457505,,,,,,,,,,,,,,,,,,,,,,,,,,,1.9300850954366109,2.0265526512537186,2.0080774978669904,,,-1.4145604371102622e-10,52.22336230413968,-0.10333514169693474,26.953887423505527,1.3211582630946097,0.9795293890425175,14.317214154149038,64QAM,18.70844982628088,87.31685291249114,3.6187615398537893,2.923229497245121,0.34832614541826873,2.321172575529851,98.81215293465753,-1.929829467214764,0.014067303115012215,0.04607036641873783,,19.999999999640313,12.687464392224559,12.676394594446123,TM4-CL SM,,-103.57100939121796,-11.158474816420224,-72.32410701372142,2.788844298622796,89806.4509250725,86378.15797985726,5.650283972164645,39.314506453742055,20.04904840449467,41264.20615963138,139.19485428220383,,8.761206640506044,12.529800013972887,16QAM,-29.759177331374772,Success,Radio link Failure,96.88337388537234,-0.3842178978320099,0.0075163110301750685,0.008667871775588193,4.055551683351626,0.9933595198606691,2.0344518711633097,0.40109423578800446,9.96477362329237,12.174315236341007,TM4-CL SM,20.025593572533946,40081.03424887065,1.7234730504810903e-09,21.86416082966402,-0.12350885244876755,62.03298920712084,0.9356655788069664,1.0059082045319152,17.689403159271713,64QAM,18.756185815307717,56.558081889214854,4.583596378872159,4.552722642382733,0.0051811966238426614,4.424829578858114,8.00681128867112,8.122884613749704,19.982432113100955,20.119275837915588,39.249874690927115,39.68741262837359,41093.89981352631,127.1807988250056,-10.407573862426764,-73.35808005743314,6.999419264360409,-104.84118544631107,42.37223953044514,40923.366098146354,144.4246165279139,1.9785706682437099,1053537.6153115241,4056.538548006595,65.9777974613774,541.9999999992041,2.0000000000151155,10.098791898894266,144.46869646319288,19.031186110535803,nan$$$$nan$$$$nan,$$$$$$$$,,,,,,,,,LTE$$$$LTE$$$$LTE,2025-08-26T23:39:20.000000+02:00$$$$2025-08-26T23:39:20.346836+02:00$$$$2025-08-26T23:39:20.350016+02:00,Network$$$$Network$$$$Network,LTE CA Activation$$$$LTE CA Init$$$$LTE CA Complete,,,,,,,,,,,,,,,,,,,,,,,,,,,,,,,,,,,,,,,,,,,,,,,,,,,,,,,,,,,,,,,,9.827543032958255,72.34813897283883,-17.82409709601716,177.39650727458587,0.2714621583309418,2.0505643951929505e-09,6.012234097943629e-10,1.8441679305924422e-10,-9.891356210416895e-10,-4.3687869670081124e-11,2.553674884413623e-10,-6.355475713510434e-10,-1.563681198048971e-09,-1.0540347043912169e-09,6.675774681893952e-10,542020041221088+20250827094025+Fiji-Nadi-LTE-DL-D!20250827093942,542020041221088.0,2025-08-26 23:39:21+02:00,542020041221088,20250827094025,Fiji-Nadi-LTE-DL-D,20250827093942,2025-08-27 09:40:25,2025-08-27 09:39:42,Fiji-Nadi,DL-D,2025-08-26,23,39,1.0,101.0,,,,True,-17.814574723678042,177.39675112510386,1059.1555796763637,-17.82409709601716,177.39650727458587,0.2714621583309418,9.827543032958255,72.34813897283883,8.122884613749704,144.4246165279139,40923.366098146354,42.37223953044514,1053537.6153115241,4056.538548006595,65.9777974613774,-104.84118544631107,-10.407573862426764,6.999419264360409,-73.35808005743314,9.96477362329237,17.689403159271713,0.9356655788069664,0.9933595198606691,56.558081889214854,144.46869646319288,20.119275837915588,39.249874690927115,1.9785706682437099,-103.57100939121796,-11.158474816420224,2.788844298622796,12.687464392224559,14.317214154149038,1.3211582630946097,87.31685291249114,-29.759177331374772,Success,Radio link Failure,True,True,True,False,False,outside_download_activity,True,Fair,Good,Fair,False,False,False,False,False,False,0,,0,,0,0,False,0,False,0,False,0,False,0,False,0,False,0,False,0,False,0,False,0,False,0,False,0,False,0,False,0,False,0,False,0,False,0,False,0,False,0,False,False,unknown_carrier_count,True,lte_rb_count;lte_agg_rb_dl,lte_agg_rb_dl,144.46869646319288,86.74455260159908,93.7799316942077,160.64413438518753,False,True,False,medium_rb_usage,medium,197.85706682437097,fallback_100rb_per_carrier,73.01669775152959,100-150,-0.25881904510252157,0.9659258262890681,73.01669775152959,medium,0.0,0.0,0.0,0.0,0.0,0.0,0.0,1.023080586777139,3.4074725671888904,3.4527497262254365,3.0758098943021723,2.8250825656972776,3.4074725671888904,3.0483692381029472,-0.5131823268812583,-108.11317235803953,-114.09874137568036,7.666736843563143,7.711003885747803,94.2020555342605,90.72231260286917,10.20449078157844,6.102466438279471,8.8281383605736,9.340692510790914,20,22.105729061050326,20.259053879013265,31.51248809738561,,13.982844447300621,0.36745608305052463,-0.9292945486362116,0.014563106796116505,12.136169265263561,0.4009508372039206,-0.845996820082596,0.01699029126213592,23.389603483635906,0.2577671616613354,-1.2708382152385216,0.019417475728155338,,,,,26.80910857921797,20.259053879013265,31.51248809738561,23.389603483635906,0.2577671616613354,False,True,True,True,False,False,True,False,False,False,True,False,False,False,False,False,False,True,False,False,0.0,False,False,0.41137609435067424,0.28478660694244146,0.3183635401708478,0.0,0.0,0.37023848491560685,0.30244536316230536,0.0,0.0,False,0.0,False,0.0,1,59.07,41.52,49.42,True,False,False,False,0.0,False,ml_quantile_p75_resource_underperformance,none,Normal
32171,,,,,,,,,,,,,,,,,,,,,,,,,,,,,,,,,,,,,8.211482501408389,16QAM,4.011001482228008,2.0212262873794784,2.0448678920418875,,,-6.421402473853179e-10,10.122551020415745,0.26027298338355115,-1.2612867713971674,0.07392790768991069,2.016423485885888,8.692709816368094,16QAM,88.27630776988829,97.49053209941667,1.1791685926140332,0.9091604706489824,1.4080483462726705,1.356114645900092,0.9909624430111791,99.50974601508102,-0.027187094007935786,0.007687038681215777,10.869428146303013,,10.94945852917937,10.918582043066891,TM4-CL SM,,-103.2854923241433,-9.04004005223258,-74.00725444807644,11.180837699684336,104142.02413538881,99940.82048543099,3.5754581774527594,41.49530727628658,19.9297490870032,41102.25803794274,283.49520043348673,,10.777162077711722,15.682208323992143,64QAM,,,,-1.4634507060525923,102.61412699660153,-0.002926352283434122,0.001140007203914837,4.12449384046601,1.9923358675325271,1.9705620141261262,,10.86283099662596,10.949299683194036,TM4-CL SM,,,3.397598898115611e-11,46.99444053001457,-0.19655858905446547,52.67839168315484,1.4616293186127693,2.0359617185844767,16.68295218620295,64QAM,4.174480797365531,75.01359525784441,3.5089480666433843,1.5099344335524219,1.4107470670437012,2.824765765596566,5.91503578463379,5.0747149049581495,19.89634266220976,20.021726021561552,41.03289218471078,41.230035930101714,41593.992853017015,284.8079491529122,-10.878241975224977,-77.87170535179938,5.508278257986451,-110.84983370202782,41.73898512403283,40279.69684862522,289.9762236884399,1.9957294994921775,,,,,,,175.09749472782013,-0.4629750433800546,nan$$$$nan$$$$nan,$$$$$$$$,,,,,,,,,LTE$$$$LTE$$$$LTE,2025-08-26T23:39:48.000000+02:00$$$$2025-08-26T23:39:48.165769+02:00$$$$2025-08-26T23:39:48.165934+02:00,Network$$$$Network$$$$Network,LTE CA Activation$$$$LTE CA Init$$$$LTE CA Complete,,,,,,,,,,,,,,,,,,,,,,,,,,,,,,,,,,,,,,,,,,,,,,,,,,,,,,,,,,,,,,,,10.078782060157343,73.56798180421816,-17.81062227174921,177.39586585100756,-0.0962569965336517,-2.580250822786723e-10,-6.18952199646062e-10,-2.533820957010844e-09,8.55656708377958e-10,-3.366041696074096e-10,-1.7151766560721154e-09,-9.933703933625824e-10,1.8885764724518228e-09,1.5013707184490956e-10,7.423938999569618e-11,542020041221088+20250827094505+Fiji-Nadi-LTE-DL-D!20250827094151,542020041221088.0,2025-08-26 23:39:49+02:00,542020041221088,20250827094505,Fiji-Nadi-LTE-DL-D,20250827094151,2025-08-27 09:45:05,2025-08-27 09:41:51,Fiji-Nadi,DL-D,2025-08-26,23,39,,0.0,,,,True,,,,-17.81062227174921,177.39586585100756,-0.0962569965336517,10.078782060157343,73.56798180421816,5.0747149049581495,289.9762236884399,40279.69684862522,41.73898512403283,,,,-110.84983370202782,-10.878241975224977,5.508278257986451,-77.87170535179938,10.86283099662596,16.68295218620295,1.4616293186127693,1.9923358675325271,75.01359525784441,175.09749472782013,20.021726021561552,41.03289218471078,1.9957294994921775,-103.2854923241433,-9.04004005223258,11.180837699684336,10.94945852917937,8.692709816368094,0.07392790768991069,97.49053209941667,,,,True,True,True,True,True,active_download_analysis_window,False,Fair,Good,Fair,False,False,False,False,False,False,0,,0,,0,0,False,0,False,0,False,0,False,0,False,0,False,0,False,0,False,0,False,0,False,0,False,0,False,0,False,0,False,0,False,0,False,0,False,0,False,0,False,False,unknown_carrier_count,True,lte_rb_count;lte_agg_rb_dl,lte_agg_rb_dl,175.09749472782013,86.74455260159908,93.7799316942077,160.64413438518753,False,True,True,high_rb_usage,high,199.57294994921776,fallback_100rb_per_carrier,87.73608586352734,150-250,-0.25881904510252157,0.9659258262890681,87.73608586352734,high,0.0,0.0,0.0,0.0,0.0,0.0,0.0,,,,,,,,,,,,,,,,,,,0,26.43066293257352,19.176813147153993,47.662293269918784,,21.35594802761537,0.19200104507042084,-1.5075264139150455,0.007281553398058253,14.102098242195844,0.26462764516800236,-1.2003990222040188,0.009708737864077669,42.587578364960635,0.10647231924446586,-2.080769405785044,0.007281553398058253,,,,,37.04647810124615,19.176813147153993,47.662293269918784,42.587578364960635,0.10647231924446586,False,True,True,True,False,True,True,True,False,False,True,False,False,False,False,False,False,True,False,False,0.0,False,False,0.6835405593551671,0.49437876090252053,0.0,0.0,0.0,0.6151865034196504,0.0,0.0,0.0,False,0.0,False,0.0,1,64.52,61.65,62.94,True,False,False,False,0.0,False,ml_quantile_p75_resource_underperformance,none,Normal
32172,,,,,,,,,,,,,,,,,,,,,,,,,,,,,,,,,,,,,9.964625369782805,16QAM,3.9990921159666994,1.9705842470817634,1.993641973097447,,,-1.3873255337946678e-09,44.03108552535874,-0.6088813779367362,13.638532979762205,8.243934365471478,2.0035496621977984,12.187961040339147,16QAM,44.45078639340385,90.54604768719085,4.012003414894678,1.1170365173859051,2.0679783015852236,3.7529124382564203,0.22067362905888696,101.03334269734184,0.026143129243885958,0.043109546067635174,8.96808010953131,,9.150784427183108,9.335610001394016,TM4-CL SM,,-103.87696900898807,-8.859198819905602,-74.30591041141655,9.511885108884334,102442.09731044224,92710.62708049643,4.1614086286093945,42.086631102701034,20.04556394434328,41722.08323072931,277.4401757739005,,9.849756566565407,13.985093948908089,64QAM,,,,4.951720606237691,91.88469441872118,-0.0004357040687395916,-0.002273101687461035,4.052106778399631,1.986235837030873,2.024661853144024,0.37161066889823463,9.893867484227727,10.935151189683852,TM4-CL SM,20.152440411415643,40842.313029723715,-9.078908165376467e-10,66.16282582818185,0.03978521003880072,33.26527968649325,6.324252020359212,1.9336365989790953,15.913003108731626,64QAM,1.4478688103059996,61.432863150931205,7.218813072715248,3.8404703115236676,3.5172728430315394,7.263105652130393,10.864044887098958,11.45812044622732,19.960662217362273,20.068095757915852,40.23499265919427,40.86980671497288,41321.17553744706,293.69328828785547,-10.1691210236734,-74.44568515906083,5.803287245032864,-105.02160014618332,39.13591588140486,41643.489414563985,291.0845134358423,1.9825426674938957,1133920.4092112896,4287.580345336906,62.76997189459968,542.0000000007877,1.9999999995620825,10.035630107195226,155.1130924506306,17.690676757178686,nan$$$$nan,$$$$,,,,,,,,,LTE$$$$LTE,2025-08-26T23:39:49.811919+02:00$$$$2025-08-26T23:39:49.812199+02:00,Network$$$$Network,LTE CA Init$$$$LTE CA Complete,,,,,,,,,,,,,,,,,,,,,,,,,,,,,,,,,,,,,,,,,,,,,,,,,,,,,,,,,,,,,,,,9.852182177517106,72.17652507193341,-17.820949391044888,177.39480122491562,-0.7612347382145935,6.001843232142292e-10,1.0603500012363124e-10,-2.3910500034638997e-10,-7.78832407562171e-11,-1.9399546645805695e-09,3.6206857204025045e-10,5.71638728783112e-10,1.3177614447305595e-09,5.922699015530982e-10,1.0993681212340319e-09,542020041221088+20250827094505+Fiji-Nadi-LTE-DL-D!20250827094151,542020041221088.0,2025-08-26 23:39:50+02:00,542020041221088,20250827094505,Fiji-Nadi-LTE-DL-D,20250827094151,2025-08-27 09:45:05,2025-08-27 09:41:51,Fiji-Nadi,DL-D,2025-08-26,23,39,1.0,1.0,,,,True,-17.81062227174921,177.39586585100756,1153.8423741547888,-17.820949391044888,177.39480122491562,-0.7612347382145935,9.852182177517106,72.17652507193341,11.45812044622732,291.0845134358423,41643.489414563985,39.13591588140486,1133920.4092112896,4287.580345336906,62.76997189459968,-105.02160014618332,-10.1691210236734,5.803287245032864,-74.44568515906083,9.893867484227727,15.913003108731626,6.324252020359212,1.986235837030873,61.432863150931205,155.1130924506306,20.068095757915852,40.23499265919427,1.9825426674938957,-103.87696900898807,-8.859198819905602,9.511885108884334,9.150784427183108,12.187961040339147,8.243934365471478,90.54604768719085,,,,True,True,True,True,True,active_download_analysis_window,False,Fair,Good,Fair,False,False,False,False,False,False,0,,0,,0,0,False,0,False,0,False,0,False,0,False,0,False,0,False,0,False,0,False,0,False,0,False,0,False,0,False,0,False,0,False,0,False,0,False,0,False,0,False,False,unknown_carrier_count,True,lte_rb_count;lte_agg_rb_dl,lte_agg_rb_dl,155.1130924506306,86.74455260159908,93.7799316942077,160.64413438518753,False,True,False,medium_rb_usage,medium,198.2542667493896,fallback_100rb_per_carrier,78.239472468306,150-250,-0.25881904510252157,0.9659258262890681,78.239472468306,medium,0.0,0.0,0.0,0.0,0.0,0.0,0.0,1.8041350589004057,,,,,,,,-110.84983370202782,,5.508278257986451,,175.09749472782013,,1.4616293186127693,,10.86283099662596,,1,22.164754368760924,25.93305438685637,43.86069590985016,,10.706633922533605,0.5169522863008322,-0.6202592602937518,0.03398058252427184,14.47493394062905,0.4418345897594936,-0.7709816649131587,0.021844660194174758,32.40257546362284,0.26123891125161275,-1.2811893869290123,0.01699029126213592,,,,,33.012725139305545,25.93305438685637,43.86069590985016,32.40257546362284,0.26123891125161275,False,True,True,True,False,False,True,False,False,False,True,False,False,False,False,False,False,True,False,False,0.0,False,False,0.46415125444178484,0.19805825242718447,0.2751818065858302,0.0,0.0,0.41773612899760637,0.2614227162565387,0.0,0.0,False,0.0,False,0.0,1,60.0,36.21,46.92,True,False,False,False,0.0,False,ml_quantile_p75_resource_underperformance,none,Normal
32182,,,,,,,,,,,,,,,,,,,,,,,,,,,,,,,,,,,,,17.104923738883617,64QAM,3.9773347749831482,1.9942467442679859,2.0086201557647145,,,-1.3742502915255321e-09,54.177023670772726,-0.3402799960626333,46.039239341932685,1.9821397431634231,1.9973542525417376,16.14658404550126,64QAM,2.2968902337039796,96.59976834376769,21.984838355098766,10.493020874279694,10.680639378252227,21.557520035431235,2.394510517042298,100.3703440783155,-0.04004884302360472,0.005224305926738436,12.929365639410639,,13.070449445389785,12.674206554923556,TM4-CL SM,,-104.67343553502629,-9.854416642740258,-74.82645029921551,8.233920235991413,90489.02164939862,100512.81919012687,1.6020175739430695,42.19253170570897,20.008512490904437,42349.37804350151,282.90868492407293,,10.984032076374397,16.721945146920653,64QAM,,,,-2.3009965254136917,102.0720321485779,-0.0031544492273061094,-0.014104525989287926,3.9968835926447204,1.9988488668858282,1.9514100948711413,0.7799205441175071,11.487542454847015,11.881798905622583,TM4-CL SM,20.02727424502733,41674.10543455353,1.641523572113367e-10,32.534728932923485,-0.19207272788860533,67.93291129969114,3.465557200778702,2.0165384462735902,17.791986432383073,64QAM,2.5460441692920517,93.60398318741892,21.993660380063307,11.307663329272682,10.836906733524565,22.671698826505274,44.10926581552258,42.78855322167083,19.85699498356851,19.975167869363695,40.78507660793997,40.37666541666866,40808.970167696985,299.6468651478902,-10.37887713224573,-73.30484742965872,6.906156906173959,-104.03129734607457,41.22344591606269,39512.33484235439,291.0469471931817,1.9804947265992052,1118214.5430960786,4128.612593858954,58.68576491339428,541.9999999994442,1.9999999994868907,10.072438474438385,192.13042995903527,21.41843091948017,nan$$$$nan,$$$$,,,,,,,,,LTE$$$$LTE,2025-08-26T23:39:59.470311+02:00$$$$2025-08-26T23:39:59.470732+02:00,Network$$$$Network,LTE CA Init$$$$LTE CA Complete,,,,,,,,,,,,,,,,,,,,,,,,,,,,,,,,,,,,,,,,,,,,,,,,,,,,,,,,,,,,,,,,9.816092441072895,73.48987863339583,-17.818157772911302,177.39537038511259,-0.5883119495648823,-1.744951392863895e-10,8.189296976406882e-10,-1.4489116291189972e-10,-8.025776966253526e-12,2.1127711900184185e-09,4.743121507516225e-10,-1.7187189553536539e-09,-5.043657066867609e-10,1.0136685661881351e-09,-1.2846147813743517e-09,542020041221088+20250827094505+Fiji-Nadi-LTE-DL-D!20250827094151,542020041221088.0,2025-08-26 23:40:00+02:00,542020041221088,20250827094505,Fiji-Nadi-LTE-DL-D,20250827094151,2025-08-27 09:45:05,2025-08-27 09:41:51,Fiji-Nadi,DL-D,2025-08-26,23,40,1.0,11.0,,,,True,-17.81761128515101,177.39697317553131,180.22704989056407,-17.818157772911302,177.39537038511259,-0.5883119495648823,9.816092441072895,73.48987863339583,42.78855322167083,291.0469471931817,39512.33484235439,41.22344591606269,1118214.5430960786,4128.612593858954,58.68576491339428,-104.03129734607457,-10.37887713224573,6.906156906173959,-73.30484742965872,11.487542454847015,17.791986432383073,3.465557200778702,1.9988488668858282,93.60398318741892,192.13042995903527,19.975167869363695,40.78507660793997,1.9804947265992052,-104.67343553502629,-9.854416642740258,8.233920235991413,13.070449445389785,16.14658404550126,1.9821397431634231,96.59976834376769,,,,True,True,True,True,True,active_download_analysis_window,False,Fair,Good,Fair,False,False,False,False,False,False,0,,0,,0,0,False,0,False,0,False,0,False,0,False,0,False,0,False,0,False,0,False,0,False,0,False,0,False,0,False,0,False,0,False,0,False,0,False,0,False,0,False,False,unknown_carrier_count,True,lte_rb_count;lte_agg_rb_dl,lte_agg_rb_dl,192.13042995903527,86.74455260159908,93.7799316942077,160.64413438518753,False,True,True,high_rb_usage,high,198.04947265992053,pcell_bandwidth_times_carriers,97.01133124901115,150-250,-0.25881904510252157,0.9659258262890681,97.01133124901115,high,0.0,0.0,0.0,0.0,0.0,0.0,0.0,4.495099268500411,4.244688779680464,4.503309281278497,4.230778583441439,2.5223726549684984,4.244688779680464,4.077294796714527,0.06608017126474297,-103.35417460715333,-104.68073489854052,7.547559579349283,6.095293517220193,176.98680407461117,182.7145795207694,3.0247121923482165,2.893105764752027,12.117289725696546,10.784337598513757,11,90.88414032451557,91.62131397727204,101.1365544921088,,48.09558710284474,0.47080330043160257,-0.741155997854233,0.02669902912621359,48.83276075560121,0.4670152758591209,-0.7491468464515822,0.02669902912621359,58.34800127043797,0.4230770312133722,-0.8469382462061956,0.0412621359223301,,,,,96.01034740831219,91.62131397727204,101.1365544921088,58.34800127043797,0.4230770312133722,False,False,True,False,False,False,True,False,False,True,True,True,False,False,False,False,False,False,True,False,0.0,False,False,0.4096259067661372,0.39810992009821555,0.42516862358859653,0.0,0.0,0.36866331608952346,0.4039101924091667,0.0,0.0,False,0.0,False,0.0,1,65.37,32.17,47.11,True,False,False,False,0.0,False,ml_hgb_strict_causal_temporal_underperformance,none,Normal
32183,,,,,,,,,,,,,,,,,,,,,,,,,,,,,,,,,,,,,17.854133510682722,64QAM,4.044518316551388,1.9851004736808193,2.0305252993342084,,,-1.4538286789964612e-09,59.14911292431669,-0.19906189066944438,33.46183941908188,-0.41158552840796103,1.9517514860339455,13.069861067503284,64QAM,4.71514115206486,96.33208369261756,7.906729938586277,4.086465201442363,2.51430415300376,5.100959395499681,37.22118197204658,63.25655291248314,-0.010836751480148987,-0.02382279124170612,7.901665730819124,,11.310458891147245,14.153282224964132,TM4-CL SM,,-103.96547291059301,-9.186084461758988,-75.22433513930146,8.205172412773365,98220.15941382005,92256.34899957597,1.4088950144397898,42.13195456828501,19.924886573452945,41632.76346120606,296.1032039987143,,10.142943835460795,14.154749415288052,64QAM,,,,0.3581048176797692,100.76211836031192,-0.0016043968016271096,-0.014136378845123141,3.980515513012141,1.9999278245831644,2.022377073926904,0.1404411827956512,10.146109557793404,10.956427669292342,TM4-CL SM,20.114804797183794,40396.977871867966,-2.2415502232380843e-09,61.46289766313711,0.10470337210078577,15.819787439582196,10.104976059255096,1.9960527850852388,12.969368541447782,16QAM,26.402327744262752,81.31865706883643,7.929889536211931,4.067618045515494,4.292411597267999,8.265605915782295,14.144169983811054,14.048160961678622,20.09736148909188,20.01506421194052,39.54165694497002,41.39012157074857,40877.228171542025,300.5034978324911,-11.255861637760002,-70.48878815135595,3.6917179767049704,-102.81200003920898,40.61631671262223,40108.13316436613,276.456382851785,1.967915757965244,1042261.1911727148,4174.561632146708,62.47293571381394,541.9999999994232,1.99999999857425,9.97624219110567,175.42580752445318,15.320265078443375,nan$$$$nan,$$$$,,,,,,,,,LTE$$$$LTE,2025-08-26T23:40:00.639303+02:00$$$$2025-08-26T23:40:00.639340+02:00,Network$$$$Network,LTE CA Init$$$$LTE CA Complete,,,,,,,,,,,,,,,,,,,,,,,,,,,,,,,,,,,,,,,,,,,,,,,,,,,,,,,,,,,,,,,,9.889097158415288,72.15610549895348,-17.81750671676811,177.39436478205525,0.7602845266287962,5.976799934495045e-10,-3.6462640660050026e-10,-1.9848525660341774e-10,-8.564966718963307e-10,9.851510153722574e-11,3.2313952516050663e-10,-2.300723453555737e-10,4.778399207247389e-10,6.075753739119241e-10,2.984815091632014e-10,542020041221088+20250827094505+Fiji-Nadi-LTE-DL-D!20250827094151,542020041221088.0,2025-08-26 23:40:01+02:00,542020041221088,20250827094505,Fiji-Nadi-LTE-DL-D,20250827094151,2025-08-27 09:45:05,2025-08-27 09:41:51,Fiji-Nadi,DL-D,2025-08-26,23,40,1.0,12.0,,,,True,-17.818157772911302,177.39537038511259,128.73819294245362,-17.81750671676811,177.39436478205525,0.7602845266287962,9.889097158415288,72.15610549895348,14.048160961678622,276.456382851785,40108.13316436613,40.61631671262223,1042261.1911727148,4174.561632146708,62.47293571381394,-102.81200003920898,-11.255861637760002,3.6917179767049704,-70.48878815135595,10.146109557793404,12.969368541447782,10.104976059255096,1.9999278245831644,81.31865706883643,175.42580752445318,20.01506421194052,39.54165694497002,1.967915757965244,-103.96547291059301,-9.186084461758988,8.205172412773365,11.310458891147245,13.069861067503284,-0.41158552840796103,96.33208369261756,,,,True,True,True,True,True,active_download_analysis_window,False,Fair,Good,Fair,False,False,False,True,False,False,0,,0,,0,0,False,0,False,0,False,0,False,0,False,0,False,0,False,0,False,0,False,0,False,0,False,0,False,0,False,0,False,0,False,0,False,0,False,0,False,0,False,False,unknown_carrier_count,True,lte_rb_count;lte_agg_rb_dl,lte_agg_rb_dl,175.42580752445318,86.74455260159908,93.7799316942077,160.64413438518753,False,True,True,high_rb_usage,high,196.7915757965244,fallback_100rb_per_carrier,89.14294568474685,150-250,-0.25881904510252157,0.9659258262890681,89.14294568474685,high,0.0,0.0,0.0,0.0,0.0,0.0,0.0,3.779372441255651,4.495099268500411,4.244688779680464,4.171475803414251,4.044057501893852,4.244688779680464,4.2029947753432415,-0.09802584053964991,-104.03129734607457,-104.5463267868048,6.906156906173959,6.643698210064061,192.13042995903527,182.4900065450877,3.465557200778702,3.1083584091892393,11.487542454847015,11.316976136242157,12,23.318497500083943,22.482815749043123,39.78214013990045,,9.27033653840532,0.6024470899820218,-0.4799814862741596,0.05825242718446602,8.4346547873645,0.6248399274577748,-0.4450131204475767,0.0703883495145631,25.733979178221826,0.3531273308141782,-0.9969884554130184,0.02912621359223301,,,,,31.550318819992196,22.482815749043123,39.78214013990045,25.733979178221826,0.3531273308141782,False,True,True,True,False,False,False,False,False,False,False,False,False,False,False,False,False,True,False,False,0.0,False,False,0.31143329418208954,0.12524271844660195,0.0888349514563107,0.0,0.0,0.2802899647638806,0.08439320388349517,0.0,0.0,False,0.0,False,0.0,1,37.1,25.22,30.57,True,False,False,False,0.0,False,ml_quantile_p75_resource_underperformance,none,Normal
32190,,,,,,,,,,,,,,,,,,,,,,,,,,,,,,,,,,,,,18.630054335102393,64QAM,3.9835510562765086,0.9924798964900727,1.9888803335439922,,,-4.588026744115088e-10,27.42596113310047,-0.18842366722507753,74.42883379368887,10.07713286585826,2.0054603083478217,19.20804944612239,64QAM,0.8166698311498409,99.05315358998607,9.980805261155727,8.552687306745208,0.7412092128302141,7.944287159225999,93.70976883984123,7.4792017323535145,-0.06528677740112092,0.009427559255793711,10.962518004371,,9.865297841536323,9.963866646638866,TM4-CL SM,,-111.54924651190824,-13.531275650916603,-76.90052831600177,9.019134657706555,93719.56860254247,92682.53910161338,3.249548838923542,40.042188028525665,20.06757452810325,42567.88878210635,290.8497385318545,,9.989200371019479,12.654014565612467,16QAM,,,,-1.7977882194773038,102.31849746401144,-0.004097792864905794,0.005690161125127133,3.893202454969559,1.974371507592,1.9571254960657793,1.0922819361102867,9.932009813400176,10.629450096978532,TM4-CL SM,20.153483491224222,41104.36434640486,5.404389851769688e-10,57.10970344924938,0.06812215297002586,38.35366260582372,6.905970752733687,1.9680678338644928,16.571083473827855,64QAM,11.512360357750872,92.26140495440968,32.56467186506259,18.558583231350376,14.101776558538702,32.82142603397084,41.62133447190545,42.200032551659966,19.989535195353877,20.00013478685464,40.12717419117769,40.17353288888761,40130.563111718235,292.40096907387226,-12.951822243997336,-75.51717456742668,11.14214470942189,-110.79057051036096,39.991976585837534,40017.0986858301,286.04741308014974,2.0254711659628892,989626.9123145125,3714.601016721537,60.57140939707321,542.00000000053,1.999999999470566,9.969231510199837,187.42060164003797,32.917143123364234,,,,,,,,,,,,,,,,,,,,,,,,,,,,,,,,,,,,,,,,,,,,,,,,,,,,,,,,,,,,,,,,,,,,,,,,,,,,,,10.055872867871926,72.308473024463,-17.813943475506992,177.3940051020036,-0.1519951420488893,-5.645079741124152e-10,1.0518554568735242e-09,1.0781578820947505e-09,-2.4194987534645387e-09,-8.162215026915247e-10,-2.3792484248622678e-09,-1.389946720319548e-09,2.6957221861709453e-10,5.466781385458449e-10,9.533999099139685e-10,542020041221088+20250827094505+Fiji-Nadi-LTE-DL-D!20250827094151,542020041221088.0,2025-08-26 23:40:08+02:00,542020041221088,20250827094505,Fiji-Nadi-LTE-DL-D,20250827094151,2025-08-27 09:45:05,2025-08-27 09:41:51,Fiji-Nadi,DL-D,2025-08-26,23,40,1.0,19.0,,,,True,-17.816081788608212,177.3968193218785,381.1721704011729,-17.813943475506992,177.3940051020036,-0.1519951420488893,10.055872867871926,72.308473024463,42.200032551659966,286.04741308014974,40017.0986858301,39.991976585837534,989626.9123145125,3714.601016721537,60.57140939707321,-110.79057051036096,-12.951822243997336,11.14214470942189,-75.51717456742668,9.932009813400176,16.571083473827855,6.905970752733687,1.974371507592,92.26140495440968,187.42060164003797,20.00013478685464,40.12717419117769,2.0254711659628892,-111.54924651190824,-13.531275650916603,9.019134657706555,9.865297841536323,19.20804944612239,10.07713286585826,99.05315358998607,,,,True,True,True,True,True,active_download_analysis_window,False,Fair,Good,Good,False,False,False,False,False,False,0,,0,,0,0,False,0,False,0,False,0,False,0,False,0,False,0,False,0,False,0,False,0,False,0,False,0,False,0,False,0,False,0,False,0,False,0,False,0,False,0,False,False,unknown_carrier_count,True,lte_rb_count;lte_agg_rb_dl,lte_agg_rb_dl,187.42060164003797,86.74455260159908,93.7799316942077,160.64413438518753,False,True,True,high_rb_usage,high,202.54711659628893,fallback_100rb_per_carrier,92.53185371855938,150-250,-0.25881904510252157,0.9659258262890681,92.53185371855938,high,0.0,0.0,0.0,0.0,0.0,0.0,0.0,4.132101180528304,4.240307147942115,4.074830639144445,4.602029766676184,4.244688779680464,4.240307147942115,4.132957133439156,-0.11748214653696998,-106.04574512671596,-104.58408311559974,5.462399625057765,6.7887658296637055,192.84953474609028,189.59887410689387,2.726965595642113,3.016244232123163,8.22099170973765,9.85044506940354,19,100.8047413631721,73.5071796795705,121.92415716917634,,58.60470881151213,0.4186314252781495,-0.8572154295481393,0.021844660194174758,31.307147127910532,0.574094023680634,-0.5450542435195063,0.04854368932038835,79.72412461751637,0.3461170741832986,-1.0457263080501793,0.02669902912621359,,,,,111.36444926617422,73.5071796795705,121.92415716917634,79.72412461751637,0.3461170741832986,False,True,True,True,False,False,True,False,False,False,True,False,False,False,False,False,False,True,False,True,0.0027422380497750254,True,True,0.6155649898822149,0.469260605325618,0.24217664734296857,0.0,0.2565081934537626,0.5540084908939934,0.23006781497582013,0.0,0.14107950639956943,False,0.0,False,0.0,1,68.66,47.48,57.01,True,False,False,False,0.0,False,ml_quantile_p75_resource_underperformance,iforest_context_support,Normal
32237,,,,,,,,4.064926747787858,5.571395583756743,,,,,,,,,,,,,,,,,,,,,,,,,,,,,,,,,,,,,,,,,,,,,,,,,90.6234095716431,2.1683862185112126,0.002571626583831875,-0.00847514133098972,,,,,,,,,,,,,3.5372975356809744,,,,,,7.09799783639468,12.960417558665597,16QAM,,,,22.22894308833298,72.83873102944186,0.0008644440448005919,0.0003686021499770956,4.036116075636157,2.0255949710290526,1.9744591804861198,0.9001175792038059,8.018369754347544,9.927407451531113,TM4-CL SM,20.0281513344057,40257.313474445255,-5.179568058453982e-10,85.10666613317936,-0.08594148245853726,8.60657746249554,6.0441029544265605,2.0181694458126667,13.79152185464054,64QAM,1.3599688945492603,54.33150035963566,2.9013452175302876,2.046146998169267,1.4128418149087214,4.309425279616093,3.4961466071455614,4.505971169574186,20.129891704209466,20.013166097831125,19.91052545032835,41.662642406938986,39485.619158480746,291.33266940680795,-11.167241776924019,-76.34130446741935,6.119452212451289,-107.78390403723142,41.59404481537746,41037.702440043424,285.1429657574719,0.9795522773389569,1082111.8882732932,4250.347438560828,60.87534969013455,541.999999999271,2.0000000010450805,10.113704605462846,56.15981478664321,24.05789831921093,,,,,,,,,,,,,,,,,,,,,,,,,,,,,,,,,,,,,,,,,,,,,,,,,,,,,,,,,,,,,,,,,,,,,,,,,,,,,,10.210512254765527,70.40567428905385,-17.819116210704223,177.39395221462513,-0.1750840926098025,-9.619743064515254e-10,1.0239122067343372e-09,6.649924346227651e-10,-1.0345564265301903e-09,-1.9214389078531646e-09,1.9431969334182588e-09,6.307667591321206e-10,1.5560220954617108e-09,7.653353792918827e-10,1.6693565348104794e-09,542020041221088+20250827094505+Fiji-Nadi-LTE-DL-D!20250827094151,542020041221088.0,2025-08-26 23:40:55+02:00,542020041221088,20250827094505,Fiji-Nadi-LTE-DL-D,20250827094151,2025-08-27 09:45:05,2025-08-27 09:41:51,Fiji-Nadi,DL-D,2025-08-26,23,40,1.0,66.0,,,,True,-17.8226559863582,177.3953866669308,421.88153915457593,-17.819116210704223,177.39395221462513,-0.1750840926098025,10.210512254765527,70.40567428905385,4.505971169574186,285.1429657574719,41037.702440043424,41.59404481537746,1082111.8882732932,4250.347438560828,60.87534969013455,-107.78390403723142,-11.167241776924019,6.119452212451289,-76.34130446741935,8.018369754347544,13.79152185464054,6.0441029544265605,2.0255949710290526,54.33150035963566,56.15981478664321,20.013166097831125,19.91052545032835,0.9795522773389569,,,,,,,,,,,True,True,True,False,False,outside_download_activity,True,Fair,Good,Fair,False,False,False,False,False,True,0,,0,,0,0,False,0,False,0,False,0,False,0,False,0,False,0,False,0,False,0,False,0,False,0,False,0,False,0,False,0,False,0,False,0,False,0,False,0,False,0,False,False,unknown_carrier_count,True,lte_rb_count;lte_agg_rb_dl,lte_agg_rb_dl,56.15981478664321,86.74455260159908,93.7799316942077,160.64413438518753,True,False,False,low_rb_usage,low_or_uncertain,100.0,aggregate_bandwidth,56.15981478664322,50-100,-0.25881904510252157,0.9659258262890681,56.15981478664322,low_or_uncertain,0.0,0.0,0.0,0.0,0.0,0.0,0.0,3.2650160253559406,3.499241828517449,2.9021487269028334,3.7300208760465665,3.686147956618407,3.2650160253559406,3.385391897686371,-0.11625121267265648,-107.65931741499227,-109.0823941852133,2.1690602121538434,5.9227652859744016,93.56278745218557,87.95871355587617,9.574397441953167,6.36702830056804,9.066430936997639,8.683328235001389,20,7.932156790715263,10.560459196786027,13.684788570046782,,3.4261856211410766,0.5680638051492514,-0.4838247171199834,0.055825242718446605,6.054488027211841,0.4266832611734852,-0.7417574148373591,0.02912621359223301,9.178817400472596,0.32926859969446953,-0.980978996342105,0.03155339805825243,,,,,10.808472680381023,10.560459196786027,13.684788570046782,9.178817400472596,0.32926859969446953,True,False,True,False,False,False,False,False,False,False,True,False,False,False,False,False,False,False,False,False,0.0,False,False,0.0,0.0,0.0,0.0,0.0,0.0,0.0,0.0,0.0,False,0.0,False,0.0,0,0.0,0.0,0.0,False,False,False,False,0.0,False,normal,none,Normal
32256,,,,,,,,0.5032129035605257,-0.9402555332644076,,,,,,,,,,,,,,,,,,,,,,,,,,,,,,,,,,,,,,,,,,,,,,,,,87.6139882316364,3.053195916195352,-0.03992064784699309,-0.025975054428804586,,,,,,,,,,,,,3.3618522055522333,,,,,,11.858044052008939,13.790730807178367,64QAM,,,,6.146642710358269,97.59907279704318,0.004628112064167299,-0.003165619344409871,3.9341489090026305,2.0165055218786403,2.012305831097996,1.7330738535673968,11.016697274136428,10.572593337034547,TM4-CL SM,20.056167003577986,40956.07888974738,5.6993868593400655e-11,66.82409514886498,-0.23481111596134074,29.535218503983376,15.50068316653558,1.9725189915660786,15.501471068202154,64QAM,5.0072911324980875,0.2615681110011323,0.9085648974501955,-0.1222742161295925,0.11820814256183569,0.4370153503218827,-0.7692833260626856,0.3391634590014666,20.052075780236514,20.05159323311643,19.165807892010033,40.35967901437699,41474.23721802396,288.2543880971944,-8.98018797835587,-78.25212327683349,8.690103640150443,-108.28130890001304,40.68098704600575,42255.30857914681,287.37994585447046,1.0227061429360556,1023639.2302296424,3785.8552781753815,65.88633221127938,542.0000000000423,2.0000000001416494,10.092321746862558,-0.03451351014827431,27.840627941023826,,,,,,,,,,,,,,,,,,,,,,,,,,,,,,,,,,,,,,,,,,,,,,,,,,,,,,,,,,,,,,,,,,,,,,,,,,,,,,9.958725727441626,73.23227048912572,-17.812501523818245,177.39790447193533,-0.31084001489781066,-3.2637621740439764e-10,2.3382421464749668e-09,4.912577567926952e-10,-9.454073648551661e-10,-1.7402725685872449e-09,1.9805798127875205e-09,-2.5572291827919157e-10,4.187343150553511e-10,1.5871610296089923e-10,1.2575805638216802e-10,542020041221088+20250827094505+Fiji-Nadi-LTE-DL-D!20250827094151,542020041221088.0,2025-08-26 23:41:14+02:00,542020041221088,20250827094505,Fiji-Nadi-LTE-DL-D,20250827094151,2025-08-27 09:45:05,2025-08-27 09:41:51,Fiji-Nadi,DL-D,2025-08-26,23,41,1.0,85.0,,,,True,-17.81216858180676,177.39430419595803,382.9362223295455,-17.812501523818245,177.39790447193533,-0.31084001489781066,9.958725727441626,73.23227048912572,0.3391634590014666,287.37994585447046,42255.30857914681,40.68098704600575,1023639.2302296424,3785.8552781753815,65.88633221127938,-108.28130890001304,-8.98018797835587,8.690103640150443,-78.25212327683349,11.016697274136428,15.501471068202154,15.50068316653558,2.0165055218786403,0.2615681110011323,-0.03451351014827431,20.05159323311643,19.165807892010033,1.0227061429360556,,,,,,,,,,,True,True,True,False,False,outside_download_activity,True,Fair,Excellent,Fair,False,False,False,True,False,True,0,,0,,0,0,False,0,False,0,False,0,False,0,False,0,False,0,False,0,False,0,False,0,False,0,False,0,False,0,False,0,False,0,False,0,False,0,False,0,False,0,False,False,unknown_carrier_count,True,lte_rb_count;lte_agg_rb_dl,lte_agg_rb_dl,-0.03451351014827431,86.74455260159908,93.7799316942077,160.64413438518753,True,False,False,low_rb_usage,low_or_uncertain,100.0,aggregate_bandwidth,0.0,,-0.25881904510252157,0.9659258262890681,0.0,low_or_uncertain,0.0,0.0,0.0,0.0,0.0,0.0,0.0,3.538327669399007,2.9457202002162783,3.735956283471359,3.0645112114651916,3.738828701183633,3.538327669399007,3.5845331536988203,0.11845411448345389,-108.31079136128304,-105.61665913020363,6.223463318719264,7.3320773238247,91.54766769412407,86.52421669580406,7.913672347106373,5.578028529393121,10.049343853314463,9.765087622080205,20,0.033192651384344754,0.15217271843450347,0.34438989596258895,,-0.30597080761712186,10.218028535118238,0.259391464955979,0.8762135922330098,-0.18699074056696313,2.2288059416343122,0.1503956544568983,0.8033980582524272,0.005226436961122349,0.9848240699788414,-0.003895166503435854,0.7961165048543689,,,,,0.18879127367346685,0.15217271843450347,0.34438989596258895,0.005226436961122349,0.9848240699788414,True,False,False,False,False,False,False,False,False,False,False,False,False,False,False,False,False,False,False,False,0.0,False,False,0.0,0.0,0.0,0.0,0.0,0.0,0.0,0.0,0.0,False,0.0,False,0.0,0,0.0,0.0,0.0,False,False,False,False,0.0,False,normal,none,Normal
32257,,,,,,,,10.330015971744471,11.104783749345753,,,,,,,,,,,,,,,,,,,,,,,,,,,,,,,,,,,,,,,,,,,,,,,,,91.63129802059906,12.656867662891358,0.02093220814431661,0.008304095775013244,,,,,,,,,,,,,3.485137444606204,,,,,,9.893188732660775,12.819018806939818,64QAM,,,,0.8278965254487799,96.24481012216984,-0.0033881234881150395,-0.0006730656578266991,4.0245834435601155,1.9768599560007931,2.025040234808269,1.1027493146276686,10.172817050945849,10.11716184139653,TM4-CL SM,19.972138988401195,41011.13522127003,9.954420226483344e-11,88.5422691489411,0.0759001847875243,11.445016585495972,6.276662223328147,2.0380653345272632,13.335309358720863,64QAM,1.1852725267998736,60.53239897122138,11.0055309468899,5.878889470800314,5.366807481242338,11.543401678044392,10.895246813032163,11.66736845882267,19.980970617936958,19.904716524832637,20.817718378343887,39.92728437744605,41942.36031834725,288.1005012929559,-11.687060704536325,-75.83587794743198,5.302598908992552,-108.18239913886293,40.740684447920486,40752.17589207663,287.77081959938823,0.9847516681225762,1026938.5548035122,3986.5317482262776,61.65653055468747,542.0000000008187,1.9999999998996032,10.085467022032057,62.79661807491497,38.25725817823676,,,,,,,,,,,,,,,,,,,,,,,,,,,,,,,,,,,,,,,,,,,,,,,,,,,,,,,,,,,,,,,,,,,,,,,,,,,,,,9.818357545650823,71.66139210493105,-17.817909175582702,177.39384479633458,0.1722826805497524,-1.3584529024956125e-09,6.417554063673124e-10,-4.548975065286753e-10,-3.714002010999273e-10,1.8255164187639964e-09,-2.9326902910054694e-10,6.4968004584037e-10,-1.8379300485838446e-09,-4.80145401728025e-10,5.339442932748713e-10,542020041221088+20250827094505+Fiji-Nadi-LTE-DL-D!20250827094151,542020041221088.0,2025-08-26 23:41:15+02:00,542020041221088,20250827094505,Fiji-Nadi-LTE-DL-D,20250827094151,2025-08-27 09:45:05,2025-08-27 09:41:51,Fiji-Nadi,DL-D,2025-08-26,23,41,1.0,86.0,,,,True,-17.812501523818245,177.39790447193533,739.1000439214129,-17.817909175582702,177.39384479633458,0.1722826805497524,9.818357545650823,71.66139210493105,11.66736845882267,287.77081959938823,40752.17589207663,40.740684447920486,1026938.5548035122,3986.5317482262776,61.65653055468747,-108.18239913886293,-11.687060704536325,5.302598908992552,-75.83587794743198,10.172817050945849,13.335309358720863,6.276662223328147,1.9768599560007931,60.53239897122138,62.79661807491497,19.904716524832637,20.817718378343887,0.9847516681225762,,,,,,,,,,,True,True,True,False,False,outside_download_activity,True,Fair,Good,Fair,False,False,False,False,False,True,0,,0,,0,0,False,0,False,0,False,0,False,0,False,0,False,0,False,0,False,0,False,0,False,0,False,0,False,0,False,0,False,0,False,0,False,0,False,0,False,0,False,False,unknown_carrier_count,True,lte_rb_count;lte_agg_rb_dl,lte_agg_rb_dl,62.79661807491497,86.74455260159908,93.7799316942077,160.64413438518753,True,False,False,low_rb_usage,low_or_uncertain,100.0,pcell_bandwidth_times_carriers,62.79661807491497,50-100,-0.25881904510252157,0.9659258262890681,62.79661807491497,low_or_uncertain,0.0,0.0,0.0,0.0,0.0,0.0,0.0,0.29204513468895665,3.538327669399007,2.9457202002162783,3.631122813255258,3.625393552201394,3.538327669399007,3.239854797049353,-0.8347694196415754,-108.28130890001304,-106.50298498269413,8.690103640150443,7.2860987484429005,-0.03451351014827431,71.17742914492436,15.50068316653558,7.628880665235252,11.016697274136428,9.792335965683616,20,9.724554032551765,9.32280623668911,14.199578913141664,,-1.942814426270905,1.1997844240226925,0.16649339226432236,0.7694174757281553,-2.344562222133561,1.2514867479393421,0.20467362891830598,0.866504854368932,2.532210454318994,0.8216700319207747,-0.18223845021831764,0.41019417475728154,,,,,11.962066472846715,9.32280623668911,14.199578913141664,2.532210454318994,0.8216700319207747,True,False,False,False,False,False,False,False,False,False,False,False,False,False,False,False,False,False,False,False,0.0,False,False,0.0,0.0,0.0,0.0,0.0,0.0,0.0,0.0,0.0,False,0.0,False,0.0,0,0.0,0.0,0.0,False,False,False,False,0.0,False,normal,none,Normal
32258,,,,,,,,9.527988129200653,13.884943199954648,,,,,,,,,,,,,,,,,,,,,,,,,,,,,,,,,,,,,,,,,,,,,,,,,94.4060629857775,6.650783493343667,0.021418127986439522,-0.02148088375481637,,,,,,,,,,,,,3.4543130192042066,,,,,,9.905304581521303,10.645457329205687,16QAM,,,,-1.5039327957869197,97.33303792183956,0.00020341730820225962,-0.010051497502192213,4.120621280787646,1.996596136611482,1.972646284140231,0.5372421634516908,10.048354919719221,10.122192975055636,TM4-CL SM,19.951432026550034,40774.964697335185,6.146457754580428e-10,56.07714719199776,0.0731861548671424,-1.197331431110246,4.6433015720301025,2.036718084104475,9.2854076149311,16QAM,41.09189284964946,73.21136549118735,12.660678390068872,6.147164551349107,8.077435013776642,13.350705287896716,12.862375144539442,13.35315623776956,19.851315619237504,19.947820568672054,20.031053230074516,41.99691708818156,39946.01302683369,294.7186678627064,-12.877188004363928,-76.53040641877575,2.778091385814029,-107.90809482502617,39.95619906890207,42277.81835326576,292.3364340546616,1.0279151226517365,1055546.4591583842,4402.265014425246,60.45173712627334,541.9999999985629,1.9999999985998322,10.00092564613818,75.5970134364052,23.46745390024294,Start,https://syd.download.datapacket.com/10000mb.bin,,,,,,,,,LTE,2025-08-26T23:41:16.012000+02:00,Script,HTTP DL Link,,,,,,,,,,,,,,,,,,,,,,,,,,,,,,,,,,,,,,,,,,,,,,,,,,,,,,,,,,,,,,,,9.897872463642075,71.43539012824088,-17.81532877884087,177.39573935642173,0.982941681086771,-1.0551145377701627e-09,2.2059458526220725e-10,-2.2206578122931846e-10,-1.6997196931761264e-10,9.972255234835626e-10,4.5211256196511027e-10,5.729273316921733e-10,1.3460453364746826e-10,6.669857310955372e-10,6.751741871821285e-10,542020041221088+20250827094505+Fiji-Nadi-LTE-DL-D!20250827094151,542020041221088.0,2025-08-26 23:41:16+02:00,542020041221088,20250827094505,Fiji-Nadi-LTE-DL-D,20250827094151,2025-08-27 09:45:05,2025-08-27 09:41:51,Fiji-Nadi,DL-D,2025-08-26,23,41,1.0,87.0,,,,True,-17.817909175582702,177.39384479633458,350.0751522411418,-17.81532877884087,177.39573935642173,0.982941681086771,9.897872463642075,71.43539012824088,13.35315623776956,292.3364340546616,42277.81835326576,39.95619906890207,1055546.4591583842,4402.265014425246,60.45173712627334,-107.90809482502617,-12.877188004363928,2.778091385814029,-76.53040641877575,10.048354919719221,9.2854076149311,4.6433015720301025,1.996596136611482,73.21136549118735,75.5970134364052,19.947820568672054,20.031053230074516,1.0279151226517365,,,,,,,,,,,True,True,True,False,False,outside_download_activity,True,Fair,Good,Fair,False,False,False,False,False,True,0,,0,,0,0,False,0,False,0,False,0,False,0,False,0,False,0,False,0,False,0,False,0,False,0,False,0,False,0,False,0,False,0,False,0,False,0,False,0,False,0,False,False,unknown_carrier_count,True,lte_rb_count;lte_agg_rb_dl,lte_agg_rb_dl,75.5970134364052,86.74455260159908,93.7799316942077,160.64413438518753,True,False,False,low_rb_usage,low_or_uncertain,102.79151226517365,pcell_bandwidth_times_carriers,73.5440230136763,50-100,-0.25881904510252157,0.9659258262890681,73.5440230136763,low_or_uncertain,0.0,0.0,0.0,0.0,0.0,0.0,0.0,2.5390292741673903,0.29204513468895665,3.538327669399007,3.735956283471359,3.6828938678173557,2.9457202002162783,3.1312183692459525,-0.2992317523259922,-108.18239913886293,-107.1567797692846,5.302598908992552,6.905116827786253,62.79661807491497,65.45845245557403,6.276662223328147,7.917225173453379,10.172817050945849,10.006671589482192,20,10.035867390262137,12.902038669299975,12.76660968747633,,-3.317288847507424,1.3305433121531887,0.26281922472619046,0.8810679611650486,-0.45111756846958606,1.0349648284300221,0.031934368665529345,0.5509708737864077,-0.5865465502932299,1.045943799070525,0.041723792537682325,0.8543689320388349,,,,,11.401238538869233,12.902038669299975,12.902038669299975,-0.45111756846958606,1.0349648284300221,True,False,False,False,False,False,False,False,False,False,False,False,False,False,False,False,False,False,False,False,0.0,False,False,0.0,0.0,0.0,0.0,0.0,0.0,0.0,0.0,0.0,False,0.0,False,0.0,0,0.0,0.0,0.0,False,False,False,False,0.0,False,normal,none,Normal
32259,,,,,,,,15.164803011255552,16.796906225364502,,,,,,,,,,,,,,,,,,,,,,,,,,,,,,,,,,,,,,,,,,,,,,,,,91.62598718512996,6.433473395295879,-0.011230263210677544,-0.005653100161861935,,,,,,,,,,,,,3.3611947578836165,,,,,,10.025831202932773,13.250399216691319,64QAM,,,,0.676215668565807,97.82921826200986,0.0005802644440586531,-0.002997278583481445,4.01080924332084,1.9917563377624852,2.0252006902444677,1.36308513574374,9.962653634283022,11.1412361931451,TM4-CL SM,20.162287927150615,39999.264520375495,-5.50567047774626e-10,60.796996375683605,0.1723096460398093,24.397466928247912,1.9037903646681196,2.030341966666723,15.856440584141975,64QAM,11.329267704566442,63.82499859744222,16.81149261992688,9.613510885408829,7.804262972728546,16.24797092285623,17.41247809863482,16.125892727365237,20.078437208169273,19.92708477844887,19.594814703398455,39.92653797725493,41231.00245602648,279.9198342724678,-10.416314151883695,-74.41591671167228,5.731917956636647,-103.54540678393762,41.16788422795191,41815.24556903425,291.6786350442622,0.9909686271355973,1103159.060804051,4026.4884023590666,59.97794655362051,541.9999999999532,2.000000001212573,9.797306531416742,62.22311667375336,23.859250280684833,,,,,,,,,,,,,,,,,,,,,,,,,,,,,,,,,,,,,,,,,,,,,,,,,,,,,,,,,,,,,,,,,,,,,,,,,,,,,,9.796660795902348,72.96332900822665,-17.81633701475915,177.39501160259053,0.26379539775786,-2.5271013198588644e-10,-1.5302910328210578e-09,1.0184439838106563e-09,8.228889815663771e-10,-5.288316698178146e-10,1.6351969477620174e-10,7.917695922735998e-11,1.6681649384511734e-10,-1.493583232401294e-09,-1.0973197513732466e-09,542020041221088+20250827094505+Fiji-Nadi-LTE-DL-D!20250827094151,542020041221088.0,2025-08-26 23:41:17+02:00,542020041221088,20250827094505,Fiji-Nadi-LTE-DL-D,20250827094151,2025-08-27 09:45:05,2025-08-27 09:41:51,Fiji-Nadi,DL-D,2025-08-26,23,41,1.0,88.0,,,,True,-17.81532877884087,177.39573935642173,136.03057136848196,-17.81633701475915,177.39501160259053,0.26379539775786,9.796660795902348,72.96332900822665,16.125892727365237,291.6786350442622,41815.24556903425,41.16788422795191,1103159.060804051,4026.4884023590666,59.97794655362051,-103.54540678393762,-10.416314151883695,5.731917956636647,-74.41591671167228,9.962653634283022,15.856440584141975,1.9037903646681196,1.9917563377624852,63.82499859744222,62.22311667375336,19.92708477844887,19.594814703398455,0.9909686271355973,,,,,,,,,,,True,True,True,False,False,outside_download_activity,True,Fair,Good,Fair,False,False,False,False,False,True,0,,0,,0,0,False,0,False,0,False,0,False,0,False,0,False,0,False,0,False,0,False,0,False,0,False,0,False,0,False,0,False,0,False,0,False,0,False,0,False,0,False,False,unknown_carrier_count,True,lte_rb_count;lte_agg_rb_dl,lte_agg_rb_dl,62.22311667375336,86.74455260159908,93.7799316942077,160.64413438518753,True,False,False,low_rb_usage,low_or_uncertain,100.0,aggregate_bandwidth,62.22311667375337,50-100,-0.25881904510252157,0.9659258262890681,62.22311667375337,low_or_uncertain,0.0,0.0,0.0,0.0,0.0,0.0,0.0,2.663969864903757,2.5390292741673903,0.29204513468895665,2.9457202002162783,3.8002043326141832,2.663969864903757,3.0293259689545926,-0.07043758382813037,-107.90809482502617,-107.7009172564077,2.778091385814029,5.971802885198508,75.5970134364052,61.45232570315577,4.6433015720301025,7.4315376684251815,10.048354919719221,10.031253790734642,20,10.352503809434022,11.326984867015613,18.345126721977394,,-5.773388917931214,1.557680443707738,0.41115319330573286,0.9538834951456311,-4.798907860349624,1.4236703691839592,0.3288007619151969,0.9344660194174758,2.219233994612157,0.8790286909300266,-0.12184902590840352,0.558252427184466,,,,,14.348815265705708,11.326984867015613,18.345126721977394,2.219233994612157,0.8790286909300266,True,False,False,False,False,False,False,False,False,False,False,False,False,False,False,False,False,False,False,False,0.0,False,False,0.0,0.0,0.0,0.0,0.0,0.0,0.0,0.0,0.0,False,0.0,False,0.0,0,0.0,0.0,0.0,False,False,False,False,0.0,False,normal,none,Normal
32278,,,,,,,,-1.1626967741812537,0.6478506769937752,,,,,,,,,,,,,,,,,,,,,,,,,,,,,,,,,,,1.0952996202099874e-10,101.24686159863901,0.3064933587017298,0.7664407067346942,2.1152735167916434,0.9990403121456564,14.554664523036665,16QAM,-0.11766184877994429,19.77322677473952,0.9284822267169407,-0.45722972965449704,0.08883737740685263,0.39288386518641993,,,,,,,10.087663830709591,10.135484423781978,TM4-CL SM,,-104.65896076518368,-8.905074629020584,-75.79012212800902,8.212937230302868,91830.1560346179,95964.55239605968,4.733752814080324,43.48344853546275,19.765279718683832,39171.043061438904,292.8073377377344,,6.931538283199455,4.789672339992171,QPSK,,,,76.21172732677041,23.237926186592684,0.0007669583236278593,0.004987619780084463,3.9939565920732907,1.013454746529675,2.014364688936095,1.3377407132687869,8.319520974330148,9.181717335154692,TM4-CL SM,19.873706358047937,41524.94467069881,-5.876767567262672e-10,19.313324816000357,0.08200058084541847,33.961920129348705,14.44548546996576,0.977851838671164,12.898580909169494,64QAM,44.73801751560927,3.8515398970510684,-0.3916507353469994,-0.212109738921968,-0.2265824419725691,0.1789829809581155,0.5607510859513922,0.2217225774697242,19.87935557155131,20.11689476230269,40.26387439243098,41.092667386560194,42768.794163503255,292.2359526363104,-11.953762335052179,-74.06642162866972,5.390937056470275,-105.85221727026115,39.98776774052094,41444.12221932226,298.6086892967707,2.0236533201924845,1077615.6245422184,3990.9965406457336,63.820706986226384,541.999999998793,1.9999999986638406,9.9014637390932,24.157672738321843,22.296327814047828,,,,,,,,,,,,,,,,,,,,,,,,,,,,,,,,,,,,,,,,,,,,,,,,,,,,,,,,,,,,,,,,,,,,,,,,,,,,,,9.869540376195829,72.18771949659944,-17.81625163747475,177.39656702997794,0.44622556416595605,-1.2690791155861286e-09,2.601838596208216e-10,-1.5538425608003745e-09,3.3003675785726537e-10,2.2733344732727516e-10,-2.441943301908038e-10,3.251731642088743e-11,3.372191442067432e-10,-1.1848840299784781e-09,-4.149627238507698e-10,542020041221088+20250827094505+Fiji-Nadi-LTE-DL-D!20250827094151,542020041221088.0,2025-08-26 23:41:36+02:00,542020041221088,20250827094505,Fiji-Nadi-LTE-DL-D,20250827094151,2025-08-27 09:45:05,2025-08-27 09:41:51,Fiji-Nadi,DL-D,2025-08-26,23,41,1.0,107.0,,,,True,-17.8125156979503,177.39357926606507,522.1254064517873,-17.81625163747475,177.39656702997794,0.44622556416595605,9.869540376195829,72.18771949659944,0.2217225774697242,298.6086892967707,41444.12221932226,39.98776774052094,1077615.6245422184,3990.9965406457336,63.820706986226384,-105.85221727026115,-11.953762335052179,5.390937056470275,-74.06642162866972,8.319520974330148,12.898580909169494,14.44548546996576,1.013454746529675,3.8515398970510684,24.157672738321843,20.11689476230269,40.26387439243098,2.0236533201924845,-104.65896076518368,-8.905074629020584,8.212937230302868,10.087663830709591,14.554664523036665,2.1152735167916434,19.77322677473952,,,,True,True,True,False,False,outside_download_activity,True,Fair,Good,Fair,False,False,False,True,False,True,0,,0,,0,0,False,0,False,0,False,0,False,0,False,0,False,0,False,0,False,0,False,0,False,0,False,0,False,0,False,0,False,0,False,0,False,0,False,0,False,0,False,False,unknown_carrier_count,True,lte_rb_count;lte_agg_rb_dl,lte_agg_rb_dl,24.157672738321843,86.74455260159908,93.7799316942077,160.64413438518753,True,False,False,low_rb_usage,low_or_uncertain,202.36533201924846,fallback_100rb_per_carrier,11.937653795376388,10-25,-0.25881904510252157,0.9659258262890681,11.937653795376388,low_or_uncertain,0.0,0.0,0.0,0.0,0.0,0.0,0.0,3.8747673867959316,3.0605592065873424,3.9511329433646973,3.8119117387543935,3.8242459605559036,3.8747673867959316,3.707524492233785,0.015713912010384523,-103.93849050066352,-102.84561258124381,3.7690257454002194,6.068568034652457,181.47970689750596,153.83759781004238,1.6962544087326228,2.8366933979190763,8.058857687746352,8.482298118953949,20,0.4936049171154577,0.5529405842803796,2.0794762322586333,,0.2718823396457335,0.4491903742884752,-0.20093079373481684,0.18932038834951456,0.3312180068106554,0.40098806955594224,-0.2398884731328729,0.16262135922330098,1.857753654788909,0.1066242422155021,-0.9244977164345963,0.03398058252427184,,,,,1.2865405746870455,0.5529405842803796,2.0794762322586333,1.857753654788909,0.1066242422155021,True,False,True,False,False,False,False,False,False,False,False,False,False,False,False,False,False,False,False,False,0.0,False,False,0.0,0.0,0.0,0.0,0.0,0.0,0.0,0.0,0.0,False,0.0,False,0.0,0,0.0,0.0,0.0,False,False,False,False,0.0,False,normal,none,Normal
32285,,,,,,,,14.442646468296763,17.17053955822533,,,,,,,,,,,,,,,,,,,,,,,,,,,,14.15943493757844,64QAM,4.011536977195904,2.0140858738326033,2.0346261797015157,,,2.60759876798612e-10,72.51750854380452,0.03557066280389947,11.834035136615327,2.571594758587334,2.005567596019878,11.661041755222008,16QAM,20.342006242392017,33.046218503623386,1.9983632669444549,1.7133254728013472,2.147034631523391,2.3554083930719365,-0.5730537114442277,102.95444218475411,-0.004110731033467952,0.011754364994377656,9.910038310233997,20.00000000091889,9.266637129758378,9.034693458110873,TM4-CL SM,,-103.71482266079016,-10.03540121229165,-73.96779666056615,7.620596572248971,92929.41913380781,98684.63325529287,4.802522351038101,39.61612814771547,19.73649944355384,40702.3499982036,286.3223270577682,,8.987870407981555,6.935283368169582,QPSK,,,,-1.350524523369241,100.7578592687378,0.011456420146085581,3.7170154121028505e-05,4.064202841798859,2.020835001742609,2.0242881253150227,0.64655409964863,9.005271622117771,9.977850847954091,TM4-CL SM,19.984147275924755,40789.195158401024,-8.639984888470206e-10,49.572926544825435,-0.0563797443822921,0.9176843031903253,0.9103799964149918,2.071242464297792,12.946466294955343,16QAM,47.59385624342346,49.73274471184805,12.944609376356109,8.348063501486502,4.870159071651541,13.979601997955891,16.69347774645535,17.49858038128633,20.00871743583408,20.00885665511373,39.63423052749033,40.51670694044058,40740.92444107668,289.57488201974706,-11.986290168994753,-74.38668127762908,4.183461765861595,-105.32662088361988,39.722446265470694,40727.26086630996,291.18871446807304,2.0068722843583693,1072842.9215746333,4008.397621312201,63.76704568899516,542.0000000004973,1.9999999997539846,10.131517148211369,81.99398214156548,22.47612440506599,,,,,,,,,,,,,,,,,,,,,,,,,,,,,,,,,,,,,,,,,,,,,,,,,,,,,,,,,,,,,,,,,,,,,,,,,,,,,,10.004933048149287,70.98515762913027,-17.81192472178449,177.39444637875857,-1.0739092663915621,-9.108388598926656e-10,1.2762096941401624e-09,4.2753981465120907e-10,-3.7631067207511957e-10,-1.5332156609830524e-09,-7.542599610402105e-10,4.1457127668208417e-10,-2.71017946891509e-10,4.777359516154297e-10,-2.532701639529349e-10,542020041221088+20250827094505+Fiji-Nadi-LTE-DL-D!20250827094151,542020041221088.0,2025-08-26 23:41:43+02:00,542020041221088,20250827094505,Fiji-Nadi-LTE-DL-D,20250827094151,2025-08-27 09:45:05,2025-08-27 09:41:51,Fiji-Nadi,DL-D,2025-08-26,23,41,1.0,114.0,,,,True,-17.815590686756646,177.3950339128157,412.3552082342995,-17.81192472178449,177.39444637875857,-1.0739092663915621,10.004933048149287,70.98515762913027,17.49858038128633,291.18871446807304,40727.26086630996,39.722446265470694,1072842.9215746333,4008.397621312201,63.76704568899516,-105.32662088361988,-11.986290168994753,4.183461765861595,-74.38668127762908,9.005271622117771,12.946466294955343,0.9103799964149918,2.020835001742609,49.73274471184805,81.99398214156548,20.00885665511373,39.63423052749033,2.0068722843583693,-103.71482266079016,-10.03540121229165,7.620596572248971,9.266637129758378,11.661041755222008,2.571594758587334,33.046218503623386,,,,True,True,True,False,False,outside_download_activity,True,Fair,Good,Fair,False,False,False,False,False,True,0,,0,,0,0,False,0,False,0,False,0,False,0,False,0,False,0,False,0,False,0,False,0,False,0,False,0,False,0,False,0,False,0,False,0,False,0,False,0,False,0,False,False,unknown_carrier_count,True,lte_rb_count;lte_agg_rb_dl,lte_agg_rb_dl,81.99398214156548,86.74455260159908,93.7799316942077,160.64413438518753,True,False,False,low_rb_usage,low_or_uncertain,200.68722843583691,fallback_100rb_per_carrier,40.85660197742994,50-100,-0.25881904510252157,0.9659258262890681,40.85660197742994,low_or_uncertain,0.0,0.0,0.0,0.0,0.0,0.0,0.0,3.652302483671841,3.683026258557249,3.931467087109216,4.166299432750729,3.9511329433646973,3.931467087109216,3.453143349973325,-0.128499237269722,-105.87570144317827,-107.40954372396652,4.941829713362269,5.094611053925807,152.36783556106738,169.81689121062456,4.0115979256065835,2.834200608278512,8.006250384046227,8.178769532141198,20,11.72858798103679,12.852006973699753,17.032145207255386,,-5.76999240024954,1.491959680873663,0.3738435071544668,0.9344660194174758,-4.646573407586578,1.3615445756522921,0.2892638630096487,0.9150485436893204,-0.4664351740309449,1.0273855799345963,0.025537982974491502,0.8349514563106796,,,,,14.38036659414609,12.852006973699753,17.032145207255386,-0.4664351740309449,1.0273855799345963,True,False,False,False,False,False,False,False,False,False,False,False,False,False,False,False,False,False,False,False,0.0,False,False,0.0,0.0,0.0,0.0,0.0,0.0,0.0,0.0,0.0,False,0.0,False,0.0,0,0.0,0.0,0.0,False,False,False,False,0.0,False,normal,none,Normal
32305,,,,,,,,,,,,,,,,,,,,,,,,,,,,,,,,,,,,,,,,,,48.67824682703165,,,,,,,,,,,,,,,,2.7073271976803768,100.57455229537965,-0.0034343631083416566,0.005009212960691661,,,,,,,,,,,,,6.016380143782327,,,,,,6.9534282392917195,9.773814491883664,16QAM,23.349935277950177,Success,Handover,98.98038834419137,-6.926418418776846,-0.000393090510606588,-0.0054724024003313205,4.044676893881939,1.0132075363617314,1.9583206796525126,0.7656355975801554,6.172214964416706,5.05279583590576,TM3-OL SM,20.20470055480308,40983.3203924766,-1.2549787727320453e-09,-1.0012791702864088,0.10893528417454067,0.3700919180946691,0.5678505742118989,2.025404347162829,3.2615311770387327,QPSK,101.19670405584489,69.72315509125895,1.6989761987595218,2.1118578476579937,-0.04339951549889741,2.1563530313675083,2.330484019782279,2.288568972033265,19.806444656125084,19.95802536685697,20.82675707061547,41.96772899409817,40398.58802707531,303.3826670545083,-14.729906323855303,-76.29172532233933,-1.1503966088225228,-110.72942804114213,40.411791484811424,40153.99027626169,300.1414947082862,1.0549723381884186,1033156.0469144022,4133.924219357041,51.79594488441833,541.9999999999312,1.9999999987499062,10.031256394348881,68.15830367669949,19.95623424951588,nan$$$$nan$$$$nan$$$$nan$$$$nan$$$$nan$$$$nan$$$$nan$$$$nan$$$$nan$$$$nan$$$$nan$$$$nan$$$$nan$$$$nan$$$$nan$$$$nan,"$$$$40790, 299 -> 41186, 299$$$$40790, 299 -> 41186, 299$$$$$$$$$$$$$$$$$$$$$$$$EARFCN: 41186, PCI: 299$$$$EARFCN: 41186, PCI: 299$$$$$$$${
  ""reportConfig"" : {
    ""reportConfigId"" : ""4"",
    ""reportConfig -> reportConfigEUTRA"" : {
      ""triggerType -> event"" : {
        ""eventId -> eventA1"" : {
          ""a1-Threshold -> threshold-RSRP"" : ""-140.0 dBm (0)""
        },
        ""hysteresis"" : ""1"",
        ""timeToTrigger"" : ""ms1024""
      },
      ""triggerQuantity"" : ""rsrp"",
      ""reportQuantity"" : ""sameAsTriggerQuantity"",
      ""maxReportCells"" : ""1"",
      ""reportInterval"" : ""ms5120"",
      ""reportAmount"" : ""r1""
    }
  },
  ""measResult"" : {
    ""measResultPCell"" : {
      ""rsrpResult"" : ""-110.0 dBm (30)"",
      ""rsrqResult"" : ""-12.5 dB (15)""
    }
  }
}
$$$${
  ""reportConfig"" : {
    ""reportConfigId"" : ""3"",
    ""reportConfig -> reportConfigEUTRA"" : {
      ""triggerType -> event"" : {
        ""eventId -> eventA3"" : {
          ""a3-Offset"" : ""-30"",
          ""reportOnLeave"" : ""false""
        },
        ""hysteresis"" : ""2"",
        ""timeToTrigger"" : ""ms160""
      },
      ""triggerQuantity"" : ""rsrp"",
      ""reportQuantity"" : ""both"",
      ""maxReportCells"" : ""4"",
      ""reportInterval"" : ""ms5120"",
      ""reportAmount"" : ""infinity""
    }
  },
  ""measResult"" : {
    ""measResultPCell"" : {
      ""rsrpResult"" : ""-110.0 dBm (30)"",
      ""rsrqResult"" : ""-12.5 dB (15)""
    },
    ""measResult1stNbr"" : {
      ""physCellId"" : ""145"",
      ""measResult"" : {
        ""rsrpResult"" : ""-110.0 dBm (30)"",
        ""rsrqResult"" : ""-11.0 dB (18)""
      }
    }
  }
}
$$$${
  ""reportConfig"" : {
    ""reportConfigId"" : ""5"",
    ""reportConfig -> reportConfigEUTRA"" : {
      ""triggerType -> event"" : {
        ""eventId -> eventA5"" : {
          ""a5-Threshold1 -> threshold-RSRP"" : ""-43.0 dBm (97)"",
          ""a5-Threshold2 -> threshold-RSRP"" : ""-140.0 dBm (0)""
        },
        ""hysteresis"" : ""2"",
        ""timeToTrigger"" : ""ms640""
      },
      ""triggerQuantity"" : ""rsrp"",
      ""reportQuantity"" : ""both"",
      ""maxReportCells"" : ""8"",
      ""reportInterval"" : ""ms10240"",
      ""reportAmount"" : ""r1""
    }
  },
  ""measResult"" : {
    ""measResultPCell"" : {
      ""rsrpResult"" : ""-110.0 dBm (30)"",
      ""rsrqResult"" : ""-12.5 dB (15)""
    },
    ""measResult1stNbr"" : {
      ""physCellId"" : ""299"",
      ""measResult"" : {
        ""rsrpResult"" : ""-110.0 dBm (30)"",
        ""rsrqResult"" : ""-9.0 dB (22)""
      }
    }
  }
}
$$$${
  ""reportConfig"" : {
    ""reportConfigId"" : ""5"",
    ""reportConfig -> reportConfigEUTRA"" : {
      ""triggerType -> event"" : {
        ""eventId -> eventA5"" : {
          ""a5-Threshold1 -> threshold-RSRP"" : ""-43.0 dBm (97)"",
          ""a5-Threshold2 -> threshold-RSRP"" : ""-140.0 dBm (0)""
        },
        ""hysteresis"" : ""2"",
        ""timeToTrigger"" : ""ms640""
      },
      ""triggerQuantity"" : ""rsrp"",
      ""reportQuantity"" : ""both"",
      ""maxReportCells"" : ""8"",
      ""reportInterval"" : ""ms10240"",
      ""reportAmount"" : ""r1""
    }
  },
  ""measResult"" : {
    ""measResultPCell"" : {
      ""rsrpResult"" : ""-110.0 dBm (30)"",
      ""rsrqResult"" : ""-12.5 dB (15)""
    },
    ""measResult1stNbr"" : {
      ""physCellId"" : ""288"",
      ""measResult"" : {
        ""rsrpResult"" : ""-110.0 dBm (30)"",
        ""rsrqResult"" : ""-15.0 dB (10)""
      }
    }
  }
}
$$$${
  ""reportConfig"" : {
    ""reportConfigId"" : ""5"",
    ""reportConfig -> reportConfigEUTRA"" : {
      ""triggerType -> event"" : {
        ""eventId -> eventA5"" : {
          ""a5-Threshold1 -> threshold-RSRP"" : ""-43.0 dBm (97)"",
          ""a5-Threshold2 -> threshold-RSRP"" : ""-140.0 dBm (0)""
        },
        ""hysteresis"" : ""2"",
        ""timeToTrigger"" : ""ms640""
      },
      ""triggerQuantity"" : ""rsrp"",
      ""reportQuantity"" : ""both"",
      ""maxReportCells"" : ""8"",
      ""reportInterval"" : ""ms10240"",
      ""reportAmount"" : ""r1""
    }
  },
  ""measResult"" : {
    ""measResultPCell"" : {
      ""rsrpResult"" : ""-110.0 dBm (30)"",
      ""rsrqResult"" : ""-12.5 dB (15)""
    },
    ""measResult1stNbr"" : {
      ""physCellId"" : ""145"",
      ""measResult"" : {
        ""rsrpResult"" : ""-104.0 dBm (36)"",
        ""rsrqResult"" : ""-10.0 dB (20)""
      }
    }
  }
}
$$$${
  ""reportConfig"" : {
    ""reportConfigId"" : ""1"",
    ""reportConfig -> reportConfigEUTRA"" : {
      ""triggerType -> event"" : {
        ""eventId -> eventA5"" : {
          ""a5-Threshold1 -> threshold-RSRP"" : ""-43.0 dBm (97)"",
          ""a5-Threshold2 -> threshold-RSRP"" : ""-105.0 dBm (35)""
        },
        ""hysteresis"" : ""2"",
        ""timeToTrigger"" : ""ms640""
      },
      ""triggerQuantity"" : ""rsrp"",
      ""reportQuantity"" : ""sameAsTriggerQuantity"",
      ""maxReportCells"" : ""4"",
      ""reportInterval"" : ""ms240"",
      ""reportAmount"" : ""infinity""
    }
  },
  ""measResult"" : {
    ""measResultPCell"" : {
      ""rsrpResult"" : ""-110.0 dBm (30)"",
      ""rsrqResult"" : ""-12.5 dB (15)""
    },
    ""measResult1stNbr"" : {
      ""physCellId"" : ""289"",
      ""measResult"" : {
        ""rsrpResult"" : ""-103.0 dBm (37)""
      }
    }
  }
}
",,,,,,,,,LTE$$$$LTE$$$$LTE$$$$LTE$$$$LTE$$$$LTE$$$$LTE$$$$LTE$$$$LTE$$$$LTE$$$$LTE$$$$LTE$$$$LTE$$$$LTE$$$$LTE$$$$LTE$$$$LTE,2025-08-26T23:42:08.000000+02:00$$$$2025-08-26T23:42:08.218379+02:00$$$$2025-08-26T23:42:08.218379+02:00$$$$2025-08-26T23:42:08.267306+02:00$$$$2025-08-26T23:42:08.267338+02:00$$$$2025-08-26T23:42:08.267477+02:00$$$$2025-08-26T23:42:08.267489+02:00$$$$2025-08-26T23:42:08.267494+02:00$$$$2025-08-26T23:42:08.267689+02:00$$$$2025-08-26T23:42:08.267689+02:00$$$$2025-08-26T23:42:08.336841+02:00$$$$2025-08-26T23:42:09.369000+02:00$$$$2025-08-26T23:42:09.450000+02:00$$$$2025-08-26T23:42:09.616000+02:00$$$$2025-08-26T23:42:09.616000+02:00$$$$2025-08-26T23:42:09.616000+02:00$$$$2025-08-26T23:42:09.773000+02:00,Network$$$$Network$$$$Network$$$$Network$$$$Network$$$$Network$$$$Network$$$$Network$$$$Network$$$$Network$$$$Network$$$$Network$$$$Network$$$$Network$$$$Network$$$$Network$$$$Network,LTE CA Deactivation$$$$LTE Handover Attempt$$$$LTE Inter-Freq Handover Attempt$$$$LTE RACH Attempt$$$$LTE RACH Msg1$$$$LTE RACH Complete$$$$LTE RACH Msg2$$$$LTE RACH Msg3$$$$LTE Handover Complete$$$$LTE Inter-Freq Handover Complete$$$$LTE MeasGap Setup$$$$Event A1$$$$Event A3$$$$Event A5$$$$Event A5$$$$Event A5$$$$Event A5,,,,,,,,,,,,,,,,,,,,,,,,,,,,,,,,,,,,,,,,,,,,,,,,,,,,,,,,,,,,,,,,10.004085340490894,71.473987644458,-17.815089649887337,177.39797384892944,-0.7794441956602558,9.895384667272207e-10,-3.4111984956183324e-10,2.112927292842113e-10,1.1672577057982235e-09,-2.8173598611671656e-09,1.940894266973239e-09,-1.3604077223375293e-09,3.12449360725082e-10,2.632251824711193e-10,1.3163053362064254e-10,542020041221088+20250827094725+Fiji-Nadi-LTE-DL-D!20250827094401,542020041221088.0,2025-08-26 23:42:09+02:00,542020041221088,20250827094725,Fiji-Nadi-LTE-DL-D,20250827094401,2025-08-27 09:47:25,2025-08-27 09:44:01,Fiji-Nadi,DL-D,2025-08-26,23,42,1.0,10.0,,,,True,-17.81434646383648,177.39582478632033,242.0507844097856,-17.815089649887337,177.39797384892944,-0.7794441956602558,10.004085340490894,71.473987644458,2.288568972033265,300.1414947082862,40153.99027626169,40.411791484811424,1033156.0469144022,4133.924219357041,51.79594488441833,-110.72942804114213,-14.729906323855303,-1.1503966088225228,-76.29172532233933,6.172214964416706,3.2615311770387327,0.5678505742118989,1.0132075363617314,69.72315509125895,68.15830367669949,19.95802536685697,20.82675707061547,1.0549723381884186,,,,,,,,23.349935277950177,Success,Handover,True,True,True,True,True,active_download_analysis_window,False,Fair,Good,Poor,False,False,True,False,True,True,0,,0,,0,0,False,0,False,0,False,0,False,0,False,0,False,0,False,0,False,0,False,0,False,0,False,0,False,0,False,0,False,0,False,0,False,0,False,0,False,0,False,False,unknown_carrier_count,True,lte_rb_count;lte_agg_rb_dl,lte_agg_rb_dl,68.15830367669949,86.74455260159908,93.7799316942077,160.64413438518753,True,False,False,low_rb_usage,low_or_uncertain,105.49723381884186,pcell_bandwidth_times_carriers,64.60672115227194,50-100,-0.25881904510252157,0.9659258262890681,64.60672115227194,low_or_uncertain,0.0,0.0,0.0,0.0,0.0,0.0,0.0,3.7670656308544497,4.0123836320418365,3.4729967061316414,4.131215750277556,2.7943334167709644,4.006057349740131,3.577780687676264,-0.09103752985577651,-110.74559086129719,-110.32488970327975,-1.1158145185952906,6.315033957733796,89.79274982570082,153.01764105642317,2.700501856587766,3.038538426068686,5.803359786127448,9.309788730985327,10,1.4360321733584986,5.767016950898002,6.008701964035898,,-0.8525367986747665,1.5936752772613088,0.3000819500309927,0.9101941747572816,3.478447978864737,0.39683756637422474,-0.72160785493672,0.03155339805825243,3.7201329920026325,0.3808757674671036,-0.7567000074731609,0.04854368932038835,,,,,3.7223670686971984,5.767016950898002,6.008701964035898,3.7201329920026325,0.3808757674671036,True,False,True,False,False,False,False,False,False,False,True,False,False,False,False,False,False,False,False,False,0.0,False,False,0.0,0.0,0.0,0.0,0.0,0.0,0.0,0.0,0.0,False,0.0,False,0.0,0,0.0,0.0,0.0,False,False,False,False,0.0,False,normal,none,Normal
32306,,,,,,,,,,,,,,,,,,,,,,,,,,,,,,,,,,,,,,,,,,,,,,,,,,,,,,,,,,-1.8462575432754236,103.71164686749034,0.026523164561954738,-0.023001433480398584,,,,,,,,,,,,,5.874756077349354,,,,,,7.159991600099135,5.801810283526302,QPSK,40.444321669782624,Success,Handover,28.269857013574654,72.70467152030713,-0.00950041605318035,0.007091339894241583,4.0292300029872,0.992702884394173,2.077119156627046,0.1634387857607698,7.830703334490552,8.900602686695255,TM3-OL SM,19.867909131544288,41378.43170289662,-4.877198487954303e-10,1.7137422309101464,-0.10790428890286406,-0.4888201620468204,0.3895181822072503,2.005582694530541,5.418818960282174,16QAM,101.03961498009383,84.69999704927943,6.982128644539038,4.244746516819447,3.208502630515176,8.315734366276498,6.943044649181495,7.449214345067497,19.867942526281727,20.023479701449443,20.064019803579676,39.600491979029414,41570.91074484309,305.41098898459757,-12.703932248629458,-79.21465539340369,5.614204216173827,-111.92127250449401,41.2438074916905,39907.079202538625,296.01106471999196,0.9905257642368601,1079115.7258210909,4016.4647265475905,50.85734871119275,541.9999999989008,2.000000000312601,10.076534135797983,82.33515478723334,8.881938789063026,nan$$$$nan$$$$nan,"$$$${
  ""reportConfig"" : {
    ""reportConfigId"" : ""5"",
    ""reportConfig -> reportConfigEUTRA"" : {
      ""triggerType -> event"" : {
        ""eventId -> eventA5"" : {
          ""a5-Threshold1 -> threshold-RSRP"" : ""-43.0 dBm (97)"",
          ""a5-Threshold2 -> threshold-RSRP"" : ""-140.0 dBm (0)""
        },
        ""hysteresis"" : ""2"",
        ""timeToTrigger"" : ""ms640""
      },
      ""triggerQuantity"" : ""rsrp"",
      ""reportQuantity"" : ""both"",
      ""maxReportCells"" : ""8"",
      ""reportInterval"" : ""ms10240"",
      ""reportAmount"" : ""r1""
    }
  },
  ""measResult"" : {
    ""measResultPCell"" : {
      ""rsrpResult"" : ""-110.0 dBm (30)"",
      ""rsrqResult"" : ""-12.5 dB (15)""
    },
    ""measResult1stNbr"" : {
      ""physCellId"" : ""145"",
      ""measResult"" : {
        ""rsrpResult"" : ""-104.0 dBm (36)"",
        ""rsrqResult"" : ""-10.0 dB (20)""
      }
    }
  }
}
$$$${
  ""reportConfig"" : {
    ""reportConfigId"" : ""8"",
    ""reportConfig -> reportConfigEUTRA"" : {
      ""triggerType -> event"" : {
        ""eventId -> eventA3"" : {
          ""a3-Offset"" : ""2"",
          ""reportOnLeave"" : ""false""
        },
        ""hysteresis"" : ""2"",
        ""timeToTrigger"" : ""ms320""
      },
      ""triggerQuantity"" : ""rsrp"",
      ""reportQuantity"" : ""sameAsTriggerQuantity"",
      ""maxReportCells"" : ""4"",
      ""reportInterval"" : ""ms240"",
      ""reportAmount"" : ""infinity""
    }
  },
  ""measResult"" : {
    ""measResultPCell"" : {
      ""rsrpResult"" : ""-111.0 dBm (29)"",
      ""rsrqResult"" : ""-13.0 dB (14)""
    },
    ""measResult1stNbr"" : {
      ""physCellId"" : ""145"",
      ""measResult"" : {
        ""rsrpResult"" : ""-108.0 dBm (32)""
      }
    }
  }
}
",,,,,,,,,LTE$$$$LTE$$$$LTE,2025-08-26T23:42:09.655709+02:00$$$$2025-08-26T23:42:10.099000+02:00$$$$2025-08-26T23:42:10.735000+02:00,Network$$$$Network$$$$Network,LTE MeasGap Release$$$$Event A5$$$$Event A3,,,,,,,,,,,,,,,,,,,,,,,,,,,,,,,,,,,,,,,,,,,,,,,,,,,,,,,,,,,,,,,,10.055038360835276,73.55958355891549,-17.812953364936146,177.3947841958072,-0.5963649778597069,8.655987343673196e-10,-1.1633629109420257e-09,-9.942472805413207e-10,-4.631969152856073e-10,-4.6002790971163647e-10,-1.0597913018758212e-09,-4.073284389109504e-10,2.341489414605578e-10,-1.8327696931170857e-09,3.980175591203368e-10,542020041221088+20250827094725+Fiji-Nadi-LTE-DL-D!20250827094401,542020041221088.0,2025-08-26 23:42:10+02:00,542020041221088,20250827094725,Fiji-Nadi-LTE-DL-D,20250827094401,2025-08-27 09:47:25,2025-08-27 09:44:01,Fiji-Nadi,DL-D,2025-08-26,23,42,1.0,11.0,,,,True,-17.815089649887337,177.39797384892944,412.8528936439869,-17.812953364936146,177.3947841958072,-0.5963649778597069,10.055038360835276,73.55958355891549,7.449214345067497,296.01106471999196,39907.079202538625,41.2438074916905,1079115.7258210909,4016.4647265475905,50.85734871119275,-111.92127250449401,-12.703932248629458,5.614204216173827,-79.21465539340369,7.830703334490552,5.418818960282174,0.3895181822072503,0.992702884394173,84.69999704927943,82.33515478723334,20.023479701449443,20.064019803579676,0.9905257642368601,,,,,,,,40.444321669782624,Success,Handover,True,True,True,True,True,active_download_analysis_window,False,Fair,Good,Fair,False,False,False,False,False,True,0,,0,,0,0,False,0,False,0,False,0,False,0,False,0,False,0,False,0,False,0,False,0,False,0,False,0,False,0,False,0,False,0,False,0,False,0,False,0,False,0,False,False,unknown_carrier_count,True,lte_rb_count;lte_agg_rb_dl,lte_agg_rb_dl,82.33515478723334,86.74455260159908,93.7799316942077,160.64413438518753,True,False,False,low_rb_usage,low_or_uncertain,100.0,fallback_100rb_per_carrier,82.33515478723334,50-100,-0.25881904510252157,0.9659258262890681,82.33515478723334,low_or_uncertain,0.0,0.0,0.0,0.0,0.0,0.0,0.0,1.1904525072456533,3.7670656308544497,4.0123836320418365,4.006057349740131,3.496485071607454,3.7670656308544497,3.417392596723732,-0.7039012106236195,-110.72942804114213,-110.0941223491208,-1.1503966088225228,4.477094672173584,68.15830367669949,131.1058766909408,0.5678505742118989,2.505936987235241,6.172214964416706,8.312772461412715,11,4.254087112955765,3.7787021273691477,9.05316454597197,,-3.195127232111732,1.7510723563654855,0.47506718869413866,0.9733009708737864,-3.670512217698349,1.9713685000764736,0.5699044719675255,0.9854368932038835,1.6039502009044737,0.8228298853114163,-0.1738140050055641,0.42718446601941745,,,,,6.653625829463868,3.7787021273691477,9.05316454597197,1.6039502009044737,0.8228298853114163,True,False,False,False,False,False,False,False,False,False,False,False,False,False,False,False,False,False,False,False,0.0,False,False,0.0,0.0,0.0,0.0,0.0,0.0,0.0,0.0,0.0,False,0.0,False,0.0,0,0.0,0.0,0.0,False,False,False,False,0.0,False,normal,none,Normal
32307,,,,,,,,,,,,,,,,,,,,,,,,,,,,,,,,,,,,,,,,,,38.84810029964775,,,,,,,,,,,,,,,,-1.2381683002387696,98.34212359650073,0.007462464320759787,-0.041989077246013244,,,,,,,,,,,,,5.945998916372236,,,,,,6.928016674873367,5.365934264642772,QPSK,-35.06586853506254,Success,Handover,26.5257428862395,72.33115359518453,0.00679837679234748,0.01120110818159771,3.904151736483977,2.002436808086181,1.9684249818863844,0.53614993383402,5.774530141508073,6.080637966115086,TM3-OL SM,19.882771062552557,41700.05373162467,1.8385716507804092e-09,-0.19542601880660138,-0.11491176446061792,-1.856162631932975,0.08719973595528507,1.9853330344247742,6.111492154119834,16QAM,97.21015700781977,95.65682127642602,8.467024256685285,4.658075376248554,2.9485309166290388,7.467008070442738,7.846534652328427,8.737268091826795,20.217069261244216,19.955751466455194,19.512257661577845,41.120935187517674,40738.121035797594,302.5024730232957,-12.220774238556993,-78.00632360356578,6.654860048036306,-111.02874296229504,41.35566758726528,40788.791519521204,299.4129036458157,1.0059831332200955,1096594.5141845178,3781.32661085453,50.62361051804647,541.9999999990579,2.0000000006636367,10.10096327424879,91.56579756395764,31.549377308329255,nan$$$$nan$$$$nan$$$$nan$$$$nan$$$$nan$$$$nan$$$$nan$$$$nan$$$$nan$$$$nan$$$$nan$$$$nan$$$$nan$$$$nan$$$$nan,"$$$$41186, 299 -> 41186, 145$$$$41186, 299 -> 41186, 145$$$$$$$$$$$$$$$$$$$$$$$$EARFCN: 41186, PCI: 145$$$$EARFCN: 41186, PCI: 145$$$$$$$$$$$${
  ""reportConfig"" : {
    ""reportConfigId"" : ""6"",
    ""reportConfig -> reportConfigEUTRA"" : {
      ""triggerType -> event"" : {
        ""eventId -> eventA1"" : {
          ""a1-Threshold -> threshold-RSRP"" : ""-115.0 dBm (25)""
        },
        ""hysteresis"" : ""0"",
        ""timeToTrigger"" : ""ms640""
      },
      ""triggerQuantity"" : ""rsrp"",
      ""reportQuantity"" : ""both"",
      ""maxReportCells"" : ""1"",
      ""reportInterval"" : ""ms480"",
      ""reportAmount"" : ""r1""
    }
  },
  ""measObject"" : [ {
    ""cellIndex"" : ""1"",
    ""physCellId"" : ""145"",
    ""cellIndividualOffset"" : ""dB0""
  } ],
  ""measResult"" : {
    ""measResultPCell"" : {
      ""rsrpResult"" : ""-112.0 dBm (28)"",
      ""rsrqResult"" : ""-12.0 dB (16)""
    }
  }
}
$$$${
  ""reportConfig"" : {
    ""reportConfigId"" : ""14"",
    ""reportConfig -> reportConfigEUTRA"" : {
      ""triggerType -> event"" : {
        ""eventId -> eventA1"" : {
          ""a1-Threshold -> threshold-RSRQ"" : ""-13.0 dB (14)""
        },
        ""hysteresis"" : ""0"",
        ""timeToTrigger"" : ""ms640""
      },
      ""triggerQuantity"" : ""rsrq"",
      ""reportQuantity"" : ""both"",
      ""maxReportCells"" : ""1"",
      ""reportInterval"" : ""ms480"",
      ""reportAmount"" : ""r1""
    }
  },
  ""measResult"" : {
    ""measResultPCell"" : {
      ""rsrpResult"" : ""-112.0 dBm (28)"",
      ""rsrqResult"" : ""-12.0 dB (16)""
    }
  }
}
$$$${
  ""reportConfig"" : {
    ""reportConfigId"" : ""16"",
    ""reportConfig -> reportConfigEUTRA"" : {
      ""triggerType -> event"" : {
        ""eventId -> eventA2"" : {
          ""a2-Threshold -> threshold-RSRP"" : ""-109.0 dBm (31)""
        },
        ""hysteresis"" : ""2"",
        ""timeToTrigger"" : ""ms640""
      },
      ""triggerQuantity"" : ""rsrp"",
      ""reportQuantity"" : ""sameAsTriggerQuantity"",
      ""maxReportCells"" : ""1"",
      ""reportInterval"" : ""ms5120"",
      ""reportAmount"" : ""r1""
    }
  },
  ""measResult"" : {
    ""measResultPCell"" : {
      ""rsrpResult"" : ""-112.0 dBm (28)"",
      ""rsrqResult"" : ""-12.0 dB (16)""
    }
  }
}
$$$${
  ""reportConfig"" : {
    ""reportConfigId"" : ""17"",
    ""reportConfig -> reportConfigEUTRA"" : {
      ""triggerType -> event"" : {
        ""eventId -> eventA6-r10"" : {
          ""a6-Offset-r10"" : ""2"",
          ""a6-ReportOnLeave-r10"" : ""false""
        },
        ""hysteresis"" : ""2"",
        ""timeToTrigger"" : ""ms640""
      },
      ""triggerQuantity"" : ""rsrp"",
      ""reportQuantity"" : ""sameAsTriggerQuantity"",
      ""maxReportCells"" : ""4"",
      ""reportInterval"" : ""ms10240"",
      ""reportAmount"" : ""r8""
    }
  },
  ""measResult"" : {
    ""measResultPCell"" : {
      ""rsrpResult"" : ""-112.0 dBm (28)"",
      ""rsrqResult"" : ""-12.0 dB (16)""
    },
    ""measResult1stNbr"" : {
      ""physCellId"" : ""299"",
      ""measResult"" : {
        ""rsrpResult"" : ""-112.0 dBm (28)""
      }
    }
  }
}
",,,,,,,,,LTE$$$$LTE$$$$LTE$$$$LTE$$$$LTE$$$$LTE$$$$LTE$$$$LTE$$$$LTE$$$$LTE$$$$LTE$$$$LTE$$$$LTE$$$$LTE$$$$LTE$$$$LTE,2025-08-26T23:42:10.735716+02:00$$$$2025-08-26T23:42:10.765620+02:00$$$$2025-08-26T23:42:10.765620+02:00$$$$2025-08-26T23:42:10.766941+02:00$$$$2025-08-26T23:42:10.803924+02:00$$$$2025-08-26T23:42:10.804123+02:00$$$$2025-08-26T23:42:10.804132+02:00$$$$2025-08-26T23:42:10.804142+02:00$$$$2025-08-26T23:42:10.804718+02:00$$$$2025-08-26T23:42:10.804718+02:00$$$$2025-08-26T23:42:10.861130+02:00$$$$2025-08-26T23:42:10.861199+02:00$$$$2025-08-26T23:42:11.561000+02:00$$$$2025-08-26T23:42:11.561000+02:00$$$$2025-08-26T23:42:11.561000+02:00$$$$2025-08-26T23:42:11.561000+02:00,Network$$$$Network$$$$Network$$$$Network$$$$Network$$$$Network$$$$Network$$$$Network$$$$Network$$$$Network$$$$Network$$$$Network$$$$Network$$$$Network$$$$Network$$$$Network,LTE MeasGap Setup$$$$LTE Handover Attempt$$$$LTE Intra-Freq Handover Attempt$$$$LTE RACH Attempt$$$$LTE RACH Msg1$$$$LTE RACH Complete$$$$LTE RACH Msg2$$$$LTE RACH Msg3$$$$LTE Handover Complete$$$$LTE Intra-Freq Handover Complete$$$$LTE CA Init$$$$LTE CA Complete$$$$Event A1$$$$Event A1$$$$Event A2$$$$Event A6,,,,,,,,,,,,,,,,,,,,,,,,,,,,,,,,,,,,,,,,,,,,,,,,,,,,,,,,,,,,,,,,10.0163722107824,73.05567290811705,-17.808196618779938,177.39268771410522,0.31057116198326234,1.7030120500647756e-10,-1.4033801659664189e-09,-2.2251503169604724e-10,8.183035610139969e-10,-3.0752450121648404e-10,-1.62681741073923e-09,-1.3889031967950416e-09,-5.815002972212508e-10,6.118755156442934e-10,2.1792287571742377e-09,542020041221088+20250827094725+Fiji-Nadi-LTE-DL-D!20250827094401,542020041221088.0,2025-08-26 23:42:11+02:00,542020041221088,20250827094725,Fiji-Nadi-LTE-DL-D,20250827094401,2025-08-27 09:47:25,2025-08-27 09:44:01,Fiji-Nadi,DL-D,2025-08-26,23,42,1.0,12.0,,,,True,-17.812953364936146,177.3947841958072,573.6056610988759,-17.808196618779938,177.39268771410522,0.31057116198326234,10.0163722107824,73.05567290811705,8.737268091826795,299.4129036458157,40788.791519521204,41.35566758726528,1096594.5141845178,3781.32661085453,50.62361051804647,-111.02874296229504,-12.220774238556993,6.654860048036306,-78.00632360356578,5.774530141508073,6.111492154119834,0.08719973595528507,2.002436808086181,95.65682127642602,91.56579756395764,19.955751466455194,19.512257661577845,1.0059831332200955,,,,,,,,-35.06586853506254,Success,Handover,True,True,True,True,True,active_download_analysis_window,False,Fair,Good,Fair,False,False,False,False,True,False,0,,0,,0,0,False,0,False,0,False,0,False,0,False,0,False,0,False,0,False,0,False,0,False,0,False,0,False,0,False,0,False,0,False,0,False,0,False,0,False,0,False,False,unknown_carrier_count,True,lte_rb_count;lte_agg_rb_dl,lte_agg_rb_dl,91.56579756395764,86.74455260159908,93.7799316942077,160.64413438518753,False,False,False,below_median_rb_usage,unknown,100.0,aggregate_bandwidth,91.56579756395764,50-100,-0.25881904510252157,0.9659258262890681,91.56579756395764,below_median_or_uncertain,0.0,0.0,0.0,0.0,0.0,0.0,0.0,2.134073460131372,1.1904525072456533,3.7670656308544497,3.4729967061316414,3.182555724583354,3.4729967061316414,3.281151435576124,-0.33473081150006734,-111.92127250449401,-110.12687569687212,5.614204216173827,3.8904437232048443,82.33515478723334,114.15595098414296,0.3895181822072503,1.8178801416282355,7.830703334490552,7.883200043758907,12,13.458044899044543,14.316570981023936,18.652144741040622,,4.720776807217748,0.6492226885382958,-0.3952904051280175,0.09223300970873786,5.579302889197141,0.6102905579421013,-0.45297471802939615,0.06796116504854369,9.914876649213827,0.468432355267008,-0.7022258845596223,0.06310679611650485,,,,,16.055094820042584,14.316570981023936,18.652144741040622,9.914876649213827,0.468432355267008,True,False,False,False,False,False,False,False,False,False,False,False,False,False,False,False,False,False,False,False,0.0,False,False,0.0,0.0,0.0,0.0,0.0,0.0,0.0,0.0,0.0,False,0.0,False,0.0,0,0.0,0.0,0.0,False,False,False,False,0.0,False,normal,none,Normal
32308,,,,,,,,,,,,,,,,,,,,,,,,,,,,,,,,,,,,,,,3.9382459547685267,2.0083211924670246,2.0469424206870572,,,-1.9788534246242556e-09,-0.4328339051745821,0.2579341001080701,0.3393319477894835,1.3267691467160112,0.976290287125927,7.283088768509414,QPSK,98.38051006683573,87.00800347149786,0.23839213302434636,0.14018436749850008,0.6056876216930268,-0.3897492581921913,33.3334706195642,66.10340352045722,0.0072742028149592255,-0.001091904912954198,,,8.025312930552904,7.929242666435099,TM4-CL SM,,,,,,,,5.881374330404674,40.68144878394146,20.257132331149815,42680.438584153984,149.2454852462937,,7.729009491788164,5.729100109699726,QPSK,-11.62066811777785,Success,Handover,28.669803195448626,70.08917020950607,-0.009835618091544825,0.004262907697319366,4.082413685068996,1.9765940180909616,2.036896548347553,0.2929768304830019,6.947844583977588,7.104384011551827,TM4-CL SM,20.120938014610765,41269.51257280536,-2.768347972907374e-10,8.890151593118842,-0.08162843655590557,-1.6201891417152985,0.030321819276268046,2.003908185741689,6.004283191053499,16QAM,87.63341855017893,88.21379616059828,4.616817387159813,3.5283597183932764,2.090863495387974,5.88607457905782,5.663482796009886,4.587662608757836,20.004729213150256,20.03586641028429,41.110005223746036,40.995200406684965,40848.34926894444,140.0039984151877,-11.46679206910607,-78.31923835264112,5.663619973284963,-109.52770998760127,40.75204866065318,41735.20558134863,147.71974955627473,2.012262880942174,1020731.1165892214,4563.70069323786,46.902610123541926,542.000000000549,2.0000000012603025,9.961110964598383,182.0115232173552,32.47174563197092,,,,,,,,,,,LTE,2025-08-26T23:42:11.000000+02:00,Network,LTE CA Activation,,,,,,,,,,,,,,,,,,,,,,,,,,,,,,,,,,,,,,,,,,,,,,,,,,,,,,,,,,,,,,,,9.975330299732335,73.31684304205162,-17.814439972684717,177.39678976027528,0.6315440767452392,4.370711157953046e-10,1.1828745825001034e-09,-9.104199354739194e-10,-1.7370754775698034e-09,1.3785536675113357e-09,1.1026713757045174e-10,2.687371901663076e-10,-4.361094128084098e-10,-7.412694700949557e-10,5.760421089407246e-10,542020041221088+20250827094725+Fiji-Nadi-LTE-DL-D!20250827094401,542020041221088.0,2025-08-26 23:42:12+02:00,542020041221088,20250827094725,Fiji-Nadi-LTE-DL-D,20250827094401,2025-08-27 09:47:25,2025-08-27 09:44:01,Fiji-Nadi,DL-D,2025-08-26,23,42,1.0,13.0,,,,True,-17.808196618779938,177.39268771410522,818.8659592056638,-17.814439972684717,177.39678976027528,0.6315440767452392,9.975330299732335,73.31684304205162,4.587662608757836,147.71974955627473,41735.20558134863,40.75204866065318,1020731.1165892214,4563.70069323786,46.902610123541926,-109.52770998760127,-11.46679206910607,5.663619973284963,-78.31923835264112,6.947844583977588,6.004283191053499,0.030321819276268046,1.9765940180909616,88.21379616059828,182.0115232173552,20.03586641028429,41.110005223746036,2.012262880942174,,,,8.025312930552904,7.283088768509414,1.3267691467160112,87.00800347149786,-11.62066811777785,Success,Handover,True,True,True,True,True,active_download_analysis_window,False,Fair,Good,Fair,False,False,False,False,True,False,0,,0,,0,0,False,0,False,0,False,0,False,0,False,0,False,0,False,0,False,0,False,0,False,0,False,0,False,0,False,0,False,0,False,0,False,0,False,0,False,0,False,False,unknown_carrier_count,True,lte_rb_count;lte_agg_rb_dl,lte_agg_rb_dl,182.0115232173552,86.74455260159908,93.7799316942077,160.64413438518753,False,True,True,high_rb_usage,high,201.2262880942174,fallback_100rb_per_carrier,90.4511656708265,150-250,-0.25881904510252157,0.9659258262890681,90.4511656708265,high,0.0,0.0,0.0,0.0,0.0,0.0,0.0,2.275960594926283,2.134073460131372,1.1904525072456533,4.0123836320418365,3.183209161231082,2.275960594926283,3.190491922610417,-0.4341057592788884,-111.02874296229504,-110.58460899158368,6.654860048036306,3.7902421137626363,91.56579756395764,102.07891512842755,0.08719973595528507,1.1165147666014663,5.774530141508073,6.75135861779245,13,20.923648742966655,18.080578153337964,27.543388992539743,,16.33598613420882,0.21925729422789839,-1.3670048437247078,0.009708737864077669,13.492915544580129,0.2537342871367684,-1.228109905343923,0.007281553398058253,22.955726383781908,0.166561297522263,-1.6308642886030398,0.012135922330097087,,,,,24.233518867753197,18.080578153337964,27.543388992539743,22.955726383781908,0.166561297522263,False,True,True,True,False,False,True,False,False,False,True,False,False,False,False,False,False,True,False,False,0.0,False,False,0.5106896243596312,0.43621742545024955,0.0,0.0,0.0,0.4596206619236681,0.0,0.0,0.0,False,0.0,False,0.0,1,48.96,53.05,51.21,True,False,False,False,0.0,False,ml_quantile_p75_resource_underperformance,none,Normal
32309,,,,,,,,,,,,,,,,,,,,,,,,,,,,,,,,,,,,,5.04914144978187,QPSK,4.133744074430011,0.9679201628516364,1.9734836808955958,,,-6.593393134418493e-10,1.482146866679813,0.24114483654545382,-0.22383761852964892,-0.05670055450617009,2.0501093734958307,7.097896239346212,QPSK,99.04317230916114,76.20157020359771,1.9084938865541907,2.341219151368826,1.274775770066159,3.4976619379694567,19.26593111591561,82.33192111665467,-0.004596902205316026,0.03517332463190235,7.02690530298158,,6.016366291586361,6.018647137291477,TM4-CL SM,,-116.36185531600793,-13.761260835153102,-82.18461591782408,0.2987848397406183,100468.59677082169,100722.97800069077,2.2069836241550638,40.98830256662246,20.03708666643359,43309.57651446084,145.2366943769562,,8.322510510626756,9.759622966334023,16QAM,-17.78569645490668,Success,Handover,7.086516743961756,92.71016759545495,-0.01242454432043318,0.004021151498317716,3.990617375099362,2.006415159136053,2.029272265557344,0.7113218603669167,7.704751746249944,8.2215491415385,TM4-CL SM,19.99212160462697,41496.158301651056,-1.7640152214490026e-09,26.41526682127107,0.13185657713204216,1.8115439100318902,0.9308788090232324,1.9775963842789392,8.760245530101471,16QAM,72.34439829309122,83.7845777931913,14.763938146834475,7.011779390679468,8.040878618165623,15.012016434915578,18.129218306218622,18.2779439549581,20.004728321399547,19.951930419272458,40.46443434961226,40.05821980143891,41206.52651034762,148.45961819296028,-11.546489977886841,-78.69508950735727,8.339072240633804,-111.89025585314474,40.6958030822122,41354.65968714843,144.11187607906743,1.9851865273315163,1008850.1371604103,4077.786908948544,49.32523920283269,541.9999999994648,2.0000000013743144,9.943258979110952,160.28125005763698,31.7007292098323,,,,,,,,,,,,,,,,,,,,,,,,,,,,,,,,,,,,,,,,,,,,,,,,,,,,,,,,,,,,,,,,,,,,,,,,,,,,,,9.813719272005601,71.63453527287577,-17.816258871337773,177.3940492422587,-0.06345932597969728,-1.0764985901212668e-09,-3.1028868739503405e-10,1.0702797920233018e-09,-4.282317904377256e-10,1.5174351206471266e-09,-6.693244842511434e-10,-4.588961619706993e-10,1.4591534939108236e-09,1.296736999090124e-09,1.4315417260317193e-10,542020041221088+20250827094725+Fiji-Nadi-LTE-DL-D!20250827094401,542020041221088.0,2025-08-26 23:42:13+02:00,542020041221088,20250827094725,Fiji-Nadi-LTE-DL-D,20250827094401,2025-08-27 09:47:25,2025-08-27 09:44:01,Fiji-Nadi,DL-D,2025-08-26,23,42,1.0,14.0,,,,True,-17.814439972684717,177.39678976027528,353.6600030230244,-17.816258871337773,177.3940492422587,-0.06345932597969728,9.813719272005601,71.63453527287577,18.2779439549581,144.11187607906743,41354.65968714843,40.6958030822122,1008850.1371604103,4077.786908948544,49.32523920283269,-111.89025585314474,-11.546489977886841,8.339072240633804,-78.69508950735727,7.704751746249944,8.760245530101471,0.9308788090232324,2.006415159136053,83.7845777931913,160.28125005763698,19.951930419272458,40.46443434961226,1.9851865273315163,-116.36185531600793,-13.761260835153102,0.2987848397406183,6.016366291586361,7.097896239346212,-0.05670055450617009,76.20157020359771,-17.78569645490668,Success,Handover,True,True,True,True,True,active_download_analysis_window,False,Fair,Good,Fair,False,False,False,False,False,False,0,,0,,0,0,False,0,False,0,False,0,False,0,False,0,False,0,False,0,False,0,False,0,False,0,False,0,False,0,False,0,False,0,False,0,False,0,False,0,False,0,False,False,unknown_carrier_count,True,lte_rb_count;lte_agg_rb_dl,lte_agg_rb_dl,160.28125005763698,86.74455260159908,93.7799316942077,160.64413438518753,False,True,False,medium_rb_usage,medium,198.51865273315164,pcell_bandwidth_times_carriers,80.73863480883416,150-250,-0.25881904510252157,0.9659258262890681,80.73863480883416,medium,0.0,0.0,0.0,0.0,0.0,0.0,0.0,1.7205610617547642,2.275960594926283,2.134073460131372,3.7670656308544497,3.7315044335241674,2.134073460131372,3.0442271126627856,-0.5116261422749213,-109.52770998760127,-110.79054887136593,5.663619973284963,3.1332946220154567,182.0115232173552,102.7727058141893,0.030321819276268046,0.7550784336476937,6.947844583977588,6.505730562104074,14,9.800427818285971,9.256756832971298,16.732113401315438,,-8.47751613667213,1.8650149048447142,0.5793758960055957,0.9830097087378641,-9.021187121986802,1.9745515934754352,0.631024950533333,0.9902912621359223,-1.5458305536426629,1.092387047384052,0.08358433000123267,0.8956310679611651,,,,,13.266270609800705,9.256756832971298,16.732113401315438,-1.5458305536426629,1.092387047384052,True,False,False,False,False,False,False,False,False,False,False,False,False,False,False,False,False,False,False,False,0.0,False,False,0.0,0.0,0.0,0.0,0.0,0.0,0.0,0.0,0.0,False,0.0,False,0.0,0,3.0,0.0,1.35,False,False,False,False,0.0,False,normal,none,Normal
32310,,,,,,,,,,,,,,,,,,,,,,,,,,,,,,,,,,,,,,,,,,,,,,,,,,,,,,,,,,19.68288197424353,82.54000427626244,-0.004088129943602853,0.01396523218657488,,,,,,,,,,,,,2.2090807742601597,,,,,,8.771974514737785,11.379879463298707,16QAM,19.86308724043821,Success,Handover,17.29414914092796,83.31251545653363,0.0001130431268844754,-0.006191090815251308,4.01499485111747,1.997702858506282,2.0139925189585117,1.0875428541631695,7.730173385618233,7.771525072251462,TM4-CL SM,20.159566131903635,40988.391068387864,2.0256718129517395e-10,47.224894383104136,-0.07504008815299858,1.0931307522665201,2.606170026399639,1.9821112425149259,9.417427960805629,16QAM,55.29128780797449,90.18413165477925,21.406386358278738,10.974739174679991,10.292351622466512,21.589153465924397,20.38719129085906,21.29262180600734,19.97521099841941,20.092078958834172,19.40807769641329,41.337207989876944,41565.76395608524,145.7180554115913,-12.068798153249785,-76.84679307174974,6.954717435692632,-107.56620719213922,41.536237760940054,41387.72882881149,147.91878482766313,1.0119256772546696,1007641.6903769848,4314.384263567879,51.12261638123202,542.0000000009576,2.000000000026709,10.076704178577062,87.53441885825504,45.4042679212644,,,,,,,,,,,LTE,2025-08-26T23:42:13.000000+02:00,Network,LTE CA Deactivation,,,,,,,,,,,,,,,,,,,,,,,,,,,,,,,,,,,,,,,,,,,,,,,,,,,,,,,,,,,,,,,,9.853454340394325,72.35346774622889,-17.815853935758163,177.39418785776763,-1.103989465585879,1.0792828313604427e-09,-4.495560772072233e-10,-4.702347001040238e-10,2.1952980376346345e-09,7.809228857389737e-11,-2.201334252767571e-09,-5.2041538841824577e-11,-8.765715363547223e-10,-3.470695684311236e-10,2.014453689614179e-11,542020041221088+20250827094725+Fiji-Nadi-LTE-DL-D!20250827094401,542020041221088.0,2025-08-26 23:42:14+02:00,542020041221088,20250827094725,Fiji-Nadi-LTE-DL-D,20250827094401,2025-08-27 09:47:25,2025-08-27 09:44:01,Fiji-Nadi,DL-D,2025-08-26,23,42,1.0,15.0,,,,True,-17.816258871337773,177.3940492422587,47.35766772102298,-17.815853935758163,177.39418785776763,-1.103989465585879,9.853454340394325,72.35346774622889,21.29262180600734,147.91878482766313,41387.72882881149,41.536237760940054,1007641.6903769848,4314.384263567879,51.12261638123202,-107.56620719213922,-12.068798153249785,6.954717435692632,-76.84679307174974,7.730173385618233,9.417427960805629,2.606170026399639,1.997702858506282,90.18413165477925,87.53441885825504,20.092078958834172,19.40807769641329,1.0119256772546696,,,,,,,,19.86308724043821,Success,Handover,True,True,True,True,True,active_download_analysis_window,False,Fair,Good,Fair,False,False,False,False,False,False,0,,0,,0,0,False,0,False,0,False,0,False,0,False,0,False,0,False,0,False,0,False,0,False,0,False,0,False,0,False,0,False,0,False,0,False,0,False,0,False,0,False,False,unknown_carrier_count,True,lte_rb_count;lte_agg_rb_dl,lte_agg_rb_dl,87.53441885825504,86.74455260159908,93.7799316942077,160.64413438518753,False,False,False,below_median_rb_usage,unknown,100.0,aggregate_bandwidth,87.53441885825504,50-100,-0.25881904510252157,0.9659258262890681,87.53441885825504,below_median_or_uncertain,0.0,0.0,0.0,0.0,0.0,0.0,0.0,2.95896164215546,1.7205610617547642,2.275960594926283,1.1904525072456533,4.131215750277556,2.134073460131372,2.9669728335259147,0.44212728372745164,-111.89025585314474,-111.01948186973543,8.339072240633804,5.024271973861276,160.28125005763698,116.87040586057654,0.9308788090232324,0.40115382413478695,7.704751746249944,6.886008954128573,15,16.375348675653356,17.554655993266813,18.923160694743753,,-4.917273130353983,1.3002850948551048,0.24920330408942482,0.8737864077669902,-3.7379658127405264,1.2129330141344976,0.18353500850184146,0.8422330097087378,-2.369461111263586,1.125214870257998,0.11237285401779129,0.9223300970873787,,,,,17.649254685198557,17.554655993266813,18.923160694743753,-2.369461111263586,1.125214870257998,True,False,False,False,False,False,False,False,False,False,False,False,False,False,False,False,False,False,False,False,0.0,False,False,0.0,0.0,0.0,0.0,0.0,0.0,0.0,0.0,0.0,False,0.0,False,0.0,0,0.0,0.0,0.0,False,False,False,False,0.0,False,normal,none,Normal
32311,,,,,,,,,,,,,,,,,,,,,,,,,,,,,,,,,,,,,,,,,,,,,,,,,,,,,,,,,,17.712192447014626,82.59566166323474,0.04048016557445421,0.019014748312512524,,,,,,,,,,,,,2.2402108880300573,,,,,,7.497682661072992,10.113300330365954,16QAM,-21.6766447379435,Success,Handover,10.350593619068674,89.00055822989971,-0.002719070805587838,-0.0015487792084872797,3.9341834758031142,2.009067848632525,2.0291170653981414,0.9031585269478432,6.899656895620688,6.848182028308078,TM4-CL SM,20.13538035351091,41300.48872466657,6.550152814237074e-10,40.14773193403743,0.39556020513211243,2.820994872423146,9.074829146693078,2.0128218813938297,9.071771340397513,16QAM,57.017894621494804,79.56194663751262,13.436411596210021,6.752450236436342,7.135622935491761,13.804693595583506,14.139563676045892,13.817785068877074,20.05216565004448,19.915378592336577,19.770132186133036,41.042080360284416,41968.10618284336,143.10987484619952,-12.008382647330343,-77.31558064543326,6.845672135069309,-109.89402537088957,40.06359984146764,41773.244512700054,142.8912935783936,1.0338695936352067,1019189.02271856,4031.0469052651665,52.711004628688194,542.0000000000618,1.99999999855105,9.834391890152055,75.91181145509434,37.76318019552802,,,,,,,,,,,,,,,,,,,,,,,,,,,,,,,,,,,,,,,,,,,,,,,,,,,,,,,,,,,,,,,,,,,,,,,,,,,,,,9.770158279584505,72.28093960059586,-17.815652525977494,177.39391274585796,-0.7167497331446729,5.006375337741015e-10,3.5796654442989773e-10,5.92675119998782e-10,-2.180995690131735e-09,3.980954706748911e-10,2.056618471360267e-09,-7.14977162976168e-10,1.3814763412411313e-09,-7.408482359080257e-10,8.033126580851451e-10,542020041221088+20250827094725+Fiji-Nadi-LTE-DL-D!20250827094401,542020041221088.0,2025-08-26 23:42:15+02:00,542020041221088,20250827094725,Fiji-Nadi-LTE-DL-D,20250827094401,2025-08-27 09:47:25,2025-08-27 09:44:01,Fiji-Nadi,DL-D,2025-08-26,23,42,1.0,16.0,,,,True,-17.815853935758163,177.39418785776763,36.73941041928044,-17.815652525977494,177.39391274585796,-0.7167497331446729,9.770158279584505,72.28093960059586,13.817785068877074,142.8912935783936,41773.244512700054,40.06359984146764,1019189.02271856,4031.0469052651665,52.711004628688194,-109.89402537088957,-12.008382647330343,6.845672135069309,-77.31558064543326,6.899656895620688,9.071771340397513,9.074829146693078,2.009067848632525,79.56194663751262,75.91181145509434,19.915378592336577,19.770132186133036,1.0338695936352067,,,,,,,,-21.6766447379435,Success,Handover,True,True,True,True,True,active_download_analysis_window,False,Fair,Good,Fair,False,False,False,False,True,True,0,,0,,0,0,False,0,False,0,False,0,False,0,False,0,False,0,False,0,False,0,False,0,False,0,False,0,False,0,False,0,False,0,False,0,False,0,False,0,False,0,False,False,unknown_carrier_count,True,lte_rb_count;lte_agg_rb_dl,lte_agg_rb_dl,75.91181145509434,86.74455260159908,93.7799316942077,160.64413438518753,True,False,False,low_rb_usage,low_or_uncertain,100.0,aggregate_bandwidth,75.91181145509434,50-100,-0.25881904510252157,0.9659258262890681,75.91181145509434,low_or_uncertain,0.0,0.0,0.0,0.0,0.0,0.0,0.0,3.1042557630024303,2.95896164215546,1.7205610617547642,2.134073460131372,4.006057349740131,2.275960594926283,2.8642768347984022,0.24254557571776458,-107.56620719213922,-110.38683769993486,6.954717435692632,6.645294782764306,87.53441885825504,120.74562889688764,2.606170026399639,0.808817714572335,7.730173385618233,7.197600638368878,16,11.442003238466176,12.437826830595409,14.298190066980771,,-2.3757818304108973,1.2076368779921247,0.1747500467791796,0.7839805825242718,-1.3799582382816649,1.1109485006566542,0.09775452528802298,0.7038834951456311,0.4804049981036975,0.9664009923036965,-0.03190637196807655,0.7402912621359223,,,,,12.870096652723474,12.437826830595409,14.298190066980771,0.4804049981036975,0.9664009923036965,True,False,False,False,False,False,False,False,False,False,False,False,False,False,False,False,False,False,False,False,0.0,False,False,0.0,0.0,0.0,0.0,0.0,0.0,0.0,0.0,0.0,False,0.0,False,0.0,0,0.0,0.0,0.0,False,False,False,False,0.0,False,normal,none,Normal
32312,,,,,,,,,,,,,,,,,,,,,,,,,,,,,,,,,,,,,,,,,,,,,,,,,,,,,,,,,,17.935320184404013,80.85538741190751,0.0040066464778080405,-0.010398204550431871,,,,,,,,,,,,,2.0640535690993027,,,,,,9.047679183491098,9.720252139804103,16QAM,-14.775867280701458,Success,Handover,0.0854440135967147,101.57965570817032,0.004821423457347126,-0.003273756023741402,4.084771698447064,1.9899939260270985,2.0534808683051167,1.0928461176554187,8.409301348974987,7.779385096823961,TM4-CL SM,19.85317853133297,40167.20474665557,7.66409308127654e-10,42.511792047189196,-0.09822429459370512,1.0748144776377415,5.395113264063412,2.036527745997563,8.935685964672555,16QAM,58.23324929674345,85.05137593302166,18.284857844979985,8.453262547949024,9.59596248067218,18.425389587330226,17.890894865967578,17.460002069146086,20.211924730263338,20.04554702826831,18.968280747524258,40.96841095197621,39859.24415714992,147.0471037655135,-12.23986246175637,-77.88214973441698,5.6556923038075775,-110.36053980943257,41.44253406010259,41989.96708987001,141.04704294792998,1.0109514338604368,1106838.8038359943,4108.120048174894,53.44579958165313,542.0000000010541,2.000000000297333,10.134669233450254,83.93163167887357,44.37018936412974,,,,,,,,,,,,,,,,,,,,,,,,,,,,,,,,,,,,,,,,,,,,,,,,,,,,,,,,,,,,,,,,,,,,,,,,,,,,,,10.120067340513717,71.5785132610258,-17.820631099184087,177.39482662166316,-0.1372225958911167,-1.6907595149617852e-09,9.769281564038374e-10,-2.1184742873546243e-11,-7.204693467265653e-10,-2.8577002906430548e-09,1.2643452690502466e-09,-9.155027493736788e-10,-8.198500075132236e-10,-1.8136916277661789e-09,4.2897402552515175e-10,542020041221088+20250827094725+Fiji-Nadi-LTE-DL-D!20250827094401,542020041221088.0,2025-08-26 23:42:16+02:00,542020041221088,20250827094725,Fiji-Nadi-LTE-DL-D,20250827094401,2025-08-27 09:47:25,2025-08-27 09:44:01,Fiji-Nadi,DL-D,2025-08-26,23,42,1.0,17.0,,,,True,-17.815652525977494,177.39391274585796,561.9826188891651,-17.820631099184087,177.39482662166316,-0.1372225958911167,10.120067340513717,71.5785132610258,17.460002069146086,141.04704294792998,41989.96708987001,41.44253406010259,1106838.8038359943,4108.120048174894,53.44579958165313,-110.36053980943257,-12.23986246175637,5.6556923038075775,-77.88214973441698,8.409301348974987,8.935685964672555,5.395113264063412,1.9899939260270985,85.05137593302166,83.93163167887357,20.04554702826831,18.968280747524258,1.0109514338604368,,,,,,,,-14.775867280701458,Success,Handover,True,True,True,True,True,active_download_analysis_window,False,Fair,Good,Fair,False,False,False,False,False,True,0,,0,,0,0,False,0,False,0,False,0,False,0,False,0,False,0,False,0,False,0,False,0,False,0,False,0,False,0,False,0,False,0,False,0,False,0,False,0,False,0,False,False,unknown_carrier_count,True,lte_rb_count;lte_agg_rb_dl,lte_agg_rb_dl,83.93163167887357,86.74455260159908,93.7799316942077,160.64413438518753,True,False,False,low_rb_usage,low_or_uncertain,100.0,aggregate_bandwidth,83.93163167887357,50-100,-0.25881904510252157,0.9659258262890681,83.93163167887357,low_or_uncertain,0.0,0.0,0.0,0.0,0.0,0.0,0.0,2.6958281531569903,3.1042557630024303,2.95896164215546,2.275960594926283,3.4729967061316414,2.6958281531569903,2.733253915140088,0.10496688955767686,-109.89402537088957,-109.98138827321395,6.845672135069309,6.891588366543404,75.91181145509434,119.46096023045985,9.074829146693078,2.5458799074695007,6.899656895620688,7.011391350594906,17,14.32507805190417,15.285552254135311,16.220615477202756,,-3.134924017241916,1.2188416709412069,0.18611576624391102,0.8058252427184466,-2.1744498150107745,1.1422552341491297,0.12532799118058024,0.7572815533980582,-1.2393865919433296,1.0764081112510944,0.06949910080409483,0.8810679611650486,,,,,15.272846764553464,15.285552254135311,16.220615477202756,-1.2393865919433296,1.0764081112510944,True,False,False,False,False,False,False,False,False,False,False,False,False,False,False,False,False,False,False,False,0.0,False,False,0.0,0.0,0.0,0.0,0.0,0.0,0.0,0.0,0.0,False,0.0,False,0.0,0,0.0,0.0,0.0,False,False,False,False,0.0,False,normal,none,Normal
32320,,,,,,,,,,,,,,,,,,,,,,,,,,,,,,,,,,,,,,,,,,,,,,,,,,,,,,,,,,15.676221258656303,85.34131916000858,0.06430245539943363,-0.033420989315265645,,,,,,,,,,,,,2.050658591438394,,,,,,9.065943444227623,13.38260305532261,16QAM,-10.08044419188259,Success,Handover,12.67367975830287,89.9841690169961,-0.0010782138097967591,0.00708221698432149,3.987336441400221,1.9891386640250321,2.035855840077706,1.0082569876862708,9.029688716167858,9.001434172645142,TM4-CL SM,19.889123161092485,41073.168744584415,-6.644916674493561e-10,98.5254700966396,-0.15748454903837922,0.3459513261526324,6.627561256179203,1.9941531191043333,12.55678952923766,16QAM,-1.045027594799674,67.43039205125704,12.771868258963602,7.205687395124329,5.7729267030324225,12.44638570321781,11.955573814639521,13.005512166229687,20.168459766701552,20.020518441227075,19.88572829360916,41.90542467056179,41362.586606524994,146.2538638472661,-11.325955544403524,-80.8776822082086,6.186359851616177,-112.4004033355161,41.25551463087826,41789.803280859596,146.2726517874031,1.0120181296003472,1101671.603197717,4212.934357725549,48.90963038842148,541.9999999996534,2.000000000901186,10.027326434603513,67.93095018201944,30.643083213760047,,,,,,,,,,,,,,,,,,,,,,,,,,,,,,,,,,,,,,,,,,,,,,,,,,,,,,,,,,,,,,,,,,,,,,,,,,,,,,9.942901490938013,71.26593738768014,-17.816586754447602,177.39786413410846,-0.2985360425583171,1.2209094083554526e-09,1.7489160168316382e-09,4.6493635856286676e-10,-4.9400120461172375e-11,1.1074285049548666e-09,1.927626326065352e-09,2.121414101788593e-10,6.687103206872206e-11,-4.905985576515238e-12,-1.0676703102530763e-10,542020041221088+20250827094725+Fiji-Nadi-LTE-DL-D!20250827094401,542020041221088.0,2025-08-26 23:42:24+02:00,542020041221088,20250827094725,Fiji-Nadi-LTE-DL-D,20250827094401,2025-08-27 09:47:25,2025-08-27 09:44:01,Fiji-Nadi,DL-D,2025-08-26,23,42,1.0,25.0,,,,True,-17.81380073175536,177.39604179869994,364.9499528270747,-17.816586754447602,177.39786413410846,-0.2985360425583171,9.942901490938013,71.26593738768014,13.005512166229687,146.2726517874031,41789.803280859596,41.25551463087826,1101671.603197717,4212.934357725549,48.90963038842148,-112.4004033355161,-11.325955544403524,6.186359851616177,-80.8776822082086,9.029688716167858,12.55678952923766,6.627561256179203,1.9891386640250321,67.43039205125704,67.93095018201944,20.020518441227075,19.88572829360916,1.0120181296003472,,,,,,,,-10.08044419188259,Success,Handover,True,True,True,True,True,active_download_analysis_window,False,Fair,Good,Fair,False,False,False,False,False,True,0,,0,,0,0,False,0,False,0,False,0,False,0,False,0,False,0,False,0,False,0,False,0,False,0,False,0,False,0,False,0,False,0,False,0,False,0,False,0,False,0,False,False,unknown_carrier_count,True,lte_rb_count;lte_agg_rb_dl,lte_agg_rb_dl,67.93095018201944,86.74455260159908,93.7799316942077,160.64413438518753,True,False,False,low_rb_usage,low_or_uncertain,100.0,aggregate_bandwidth,67.93095018201944,50-100,-0.25881904510252157,0.9659258262890681,67.93095018201944,low_or_uncertain,0.0,0.0,0.0,0.0,0.0,0.0,0.0,3.0279750706024324,3.7231237078321024,3.602145300607565,3.7069418568152854,3.1042557630024303,3.7005345383765804,3.36522257570214,-0.16974169655321325,-111.36019169470119,-109.9916070234328,4.205692698523814,8.68087200153349,90.60033847357408,93.3924835988582,6.822003319592423,6.586814280394842,7.1152161729154395,8.859009888793315,20,11.51043230311372,12.573619570255092,15.653627350191888,,-1.4950798631159667,1.1298891148259937,0.11288809779914821,0.6723300970873787,-0.4318925959745954,1.034349106362046,0.03132280675105337,0.5485436893203883,2.648115183962201,0.8308305720635583,-0.17317707328432208,0.42961165048543687,,,,,13.582029826652803,12.573619570255092,15.653627350191888,2.648115183962201,0.8308305720635583,True,False,False,False,False,False,False,False,False,False,False,False,False,False,False,False,False,False,False,False,0.0,False,False,0.0,0.0,0.0,0.0,0.0,0.0,0.0,0.0,0.0,False,0.0,False,0.0,0,0.0,0.0,0.0,False,False,False,False,0.0,False,normal,none,Normal
32321,,,,,,,,,,,,,,,,,,,,,,,,,,,,,,,,,,,,,,,,,,,,,,,,,,,,,,,,,,15.82127283717226,82.48316999606806,-0.012156575986455592,0.022396369049653028,,,,,,,,,,,,,2.056683982408386,,,,,,9.108094146605689,11.944057743586091,16QAM,-8.187782854453697,Success,Handover,15.779836454445096,86.43348707027569,0.003067423147940316,0.0012878155424142625,3.943540529003352,1.0161633684003348,2.0210299472332447,0.8960424649249703,7.930118788936834,7.873394044039271,TM4-CL SM,19.934799408402977,41744.08269938281,1.3921388936442039e-09,87.12851062914311,0.2763891652365468,1.3387867988311282,4.24146818179716,0.9885581210356594,11.18022438872124,16QAM,12.06904733831555,89.07865724395819,26.56121869353386,14.509748236143167,12.32942484722384,26.222472233464195,27.222798012283903,27.063442171281572,19.972001093231043,20.110176487712152,19.992651786143934,41.01098457595328,41518.568197281915,147.53405989421833,-11.169083860753556,-77.29138012969393,7.688934466245475,-108.19853200537632,39.986395060083915,40971.117955294365,136.95473566637068,0.9901473609032335,1063907.3539845769,4140.8953475159315,53.06512283553246,541.9999999982982,1.9999999989103971,9.987619572350752,89.25268339074846,31.123581543407074,,,,,,,,,,,,,,,,,,,,,,,,,,,,,,,,,,,,,,,,,,,,,,,,,,,,,,,,,,,,,,,,,,,,,,,,,,,,,,10.120542190297995,72.37001133025527,-17.812336195289816,177.39752272600265,-0.14157078987587837,-8.656799867434337e-10,-1.524905392046805e-09,6.90523314004192e-11,5.625865056689066e-10,2.3252861784333632e-09,-7.185179350351663e-10,8.449513162220466e-10,-2.3957402185187325e-09,1.4537724110826858e-09,-9.2965858277551e-10,542020041221088+20250827094725+Fiji-Nadi-LTE-DL-D!20250827094401,542020041221088.0,2025-08-26 23:42:25+02:00,542020041221088,20250827094725,Fiji-Nadi-LTE-DL-D,20250827094401,2025-08-27 09:47:25,2025-08-27 09:44:01,Fiji-Nadi,DL-D,2025-08-26,23,42,1.0,26.0,,,,True,-17.816586754447602,177.39786413410846,474.02115887572637,-17.812336195289816,177.39752272600265,-0.14157078987587837,10.120542190297995,72.37001133025527,27.063442171281572,136.95473566637068,40971.117955294365,39.986395060083915,1063907.3539845769,4140.8953475159315,53.06512283553246,-108.19853200537632,-11.169083860753556,7.688934466245475,-77.29138012969393,7.930118788936834,11.18022438872124,4.24146818179716,1.0161633684003348,89.07865724395819,89.25268339074846,20.110176487712152,19.992651786143934,0.9901473609032335,,,,,,,,-8.187782854453697,Success,Handover,True,True,True,True,True,active_download_analysis_window,False,Fair,Good,Fair,False,False,False,False,False,False,0,,0,,0,0,False,0,False,0,False,0,False,0,False,0,False,0,False,0,False,0,False,0,False,0,False,0,False,0,False,0,False,0,False,0,False,0,False,0,False,0,False,False,unknown_carrier_count,True,lte_rb_count;lte_agg_rb_dl,lte_agg_rb_dl,89.25268339074846,86.74455260159908,93.7799316942077,160.64413438518753,False,False,False,below_median_rb_usage,unknown,100.0,aggregate_bandwidth,89.25268339074846,50-100,-0.25881904510252157,0.9659258262890681,89.25268339074846,below_median_or_uncertain,0.0,0.0,0.0,0.0,0.0,0.0,0.0,2.639450978284717,3.0279750706024324,3.7231237078321024,3.7005345383765804,2.6958281531569903,3.602145300607565,3.3187420972303685,-0.2652708900229659,-112.4004033355161,-110.23924588029669,6.186359851616177,7.786160326662542,67.93095018201944,88.47562984480881,6.627561256179203,6.877344438014705,9.029688716167858,8.489128656016556,20,15.416112742130625,16.979491864269907,19.097041192764635,,-11.647329429150947,1.7555295958182773,0.5362044021865597,0.9781553398058253,-10.083950307011666,1.5938899931529407,0.4452359714911398,0.9757281553398058,-7.966400978516937,1.417153678316157,0.33389513908184343,0.9805825242718447,,,,,17.25657696744763,16.979491864269907,19.097041192764635,-7.966400978516937,1.417153678316157,True,False,False,False,False,False,False,False,False,False,False,False,False,False,False,False,False,False,False,False,0.0,False,False,0.0,0.0,0.0,0.0,0.0,0.0,0.0,0.0,0.0,False,0.0,False,0.0,0,0.0,0.0,0.0,False,False,False,False,0.0,False,normal,none,Normal
32325,,,,,,,,,,,,,,,,,,,,,,,,,,,,,,,,,,,,,,,,,,,,,,,,,,,,,,,,,,16.323385335632846,84.23269605642572,0.0024075190065067763,0.005523009442874016,,,,,,,,,,,,,1.9962545443279878,,,,,,10.124341784882768,12.377759851604253,16QAM,21.159173021574663,Success,Handover,47.502346133024844,52.57746071743016,-0.005718017377773334,-0.0019372461049836933,4.122639539677852,0.9804093666771183,2.0230342521640203,1.3510048666411199,11.000051178734102,13.466855766329987,TM4-CL SM,20.027883085483857,40708.05136598986,-4.31026176794919e-10,66.01471256983508,0.2396009537673444,23.74764361994258,1.6871012472263958,1.0160680239290967,15.50273117633007,64QAM,14.651690065642118,75.72664635864581,22.041882377548355,15.876378547782183,5.814268484020168,21.584053652272136,20.99737719324178,21.994853356849354,20.201183382699515,19.975865234272426,21.66416046374988,39.732511849354296,40741.048739336766,146.69451018274736,-10.713445447226617,-77.143334944167,8.845057179098191,-108.79096878143882,42.67640203984578,40807.1120210743,147.7366543320798,1.0182779697621724,1133605.3523086004,4098.385434979312,51.41807173244223,541.999999999917,1.9999999983021173,9.940537956009814,76.9293966138822,50.28953417656156,,,,,,,,,,,,,,,,,,,,,,,,,,,,,,,,,,,,,,,,,,,,,,,,,,,,,,,,,,,,,,,,,,,,,,,,,,,,,,9.97415720114209,72.86783144506728,-17.813692467057024,177.39693759527523,-0.6782169246758084,8.226946794217708e-10,-1.5425008316768572e-09,-9.75601073126885e-10,-6.2522950952119e-10,-1.1547794372945323e-09,5.798148257635225e-10,1.074370053996928e-10,4.4937207972587977e-10,1.2565643832306177e-09,-1.9745998322074626e-09,542020041221088+20250827094725+Fiji-Nadi-LTE-DL-D!20250827094401,542020041221088.0,2025-08-26 23:42:29+02:00,542020041221088,20250827094725,Fiji-Nadi-LTE-DL-D,20250827094401,2025-08-27 09:47:25,2025-08-27 09:44:01,Fiji-Nadi,DL-D,2025-08-26,23,42,1.0,30.0,,,,True,-17.818818597623363,177.3946332694116,620.0065092444922,-17.813692467057024,177.39693759527523,-0.6782169246758084,9.97415720114209,72.86783144506728,21.994853356849354,147.7366543320798,40807.1120210743,42.67640203984578,1133605.3523086004,4098.385434979312,51.41807173244223,-108.79096878143882,-10.713445447226617,8.845057179098191,-77.143334944167,11.000051178734102,15.50273117633007,1.6871012472263958,0.9804093666771183,75.72664635864581,76.9293966138822,19.975865234272426,21.66416046374988,1.0182779697621724,,,,,,,,21.159173021574663,Success,Handover,True,True,True,True,True,active_download_analysis_window,False,Fair,Good,Fair,False,False,False,False,False,True,0,,0,,0,0,False,0,False,0,False,0,False,0,False,0,False,0,False,0,False,0,False,0,False,0,False,0,False,0,False,0,False,0,False,0,False,0,False,0,False,0,False,False,unknown_carrier_count,True,lte_rb_count;lte_agg_rb_dl,lte_agg_rb_dl,76.9293966138822,86.74455260159908,93.7799316942077,160.64413438518753,True,False,False,low_rb_usage,low_or_uncertain,101.82779697621724,pcell_bandwidth_times_carriers,75.54852299500276,50-100,-0.25881904510252157,0.9659258262890681,75.54852299500276,low_or_uncertain,0.0,0.0,0.0,0.0,0.0,0.0,0.0,2.877744026544955,2.9880748094792984,3.34835782592859,2.639450978284717,3.7069418568152854,2.9880748094792984,3.294881585344271,0.05957326206505953,-109.63189532056828,-110.32854293940743,9.984670983652231,7.821888262420025,72.5905097748468,79.08747011081594,15.132150883728796,7.982762042377859,8.13181133925603,8.431417449423943,20,13.63840338536816,15.41499045644496,18.141823050598667,,-8.356449971481194,1.6127146804035974,0.45162197958667516,0.9660194174757282,-6.579862900404395,1.4268483278660336,0.3370754542349914,0.9393203883495146,-3.8530303062506874,1.2123838544508094,0.1833947941044185,0.9490291262135923,,,,,15.890113217983414,15.41499045644496,18.141823050598667,-3.8530303062506874,1.2123838544508094,True,False,False,False,False,False,False,False,False,False,False,False,False,False,False,False,False,False,False,False,0.0,False,False,0.0,0.0,0.0,0.0,0.0,0.0,0.0,0.0,0.0,False,0.0,False,0.0,0,0.0,0.0,0.0,False,False,False,False,0.0,False,normal,none,Normal
32346,,,,,,,,,,,,,,,,,,,,,,,,,,,,,,,,,,,,,,,,,,,,,,,,,,,,,,,,,,14.909577728816716,78.07818607371132,-0.004145767607765054,0.014161084979905113,,,,,,,,,,,,,1.8403022448789141,,,,,,8.091052847304043,12.519323357954779,16QAM,-25.08672709166738,Success,Handover,44.49065662175397,51.24874551039841,-0.004356949712767304,0.0012603300285047025,3.991238547034918,0.9977623690505173,1.9289354820904316,0.1438045101337066,10.143781103520741,11.939596206688316,TM4-CL SM,20.050243486115555,41890.192368976095,-1.3288115204703504e-09,52.98153496766259,-0.17400470657442293,22.56010272187314,12.216412645256339,0.9688559664414321,13.672767960867613,64QAM,19.51788830825298,73.15574833658418,12.825628318145858,7.833355051276182,3.940074911091403,11.45735510741369,11.591949131398781,11.382947774648102,20.087394330727918,20.00916115311471,19.472352283027693,41.314199496538365,40720.37751358435,138.11243424134142,-11.443554918771653,-82.31413619253064,7.922531110422332,-113.05901571264678,41.097103465827566,42366.670791103075,147.0543396422168,1.0599676384636156,1087647.432617465,4143.55694498292,51.789418053546584,541.9999999998223,2.000000000461087,10.096236522791223,74.22488924155076,12.150416719152146,,,,,,,,,,,,,,,,,,,,,,,,,,,,,,,,,,,,,,,,,,,,,,,,,,,,,,,,,,,,,,,,,,,,,,,,,,,,,,10.120185302589302,72.45571158674267,-17.815221886078128,177.3949644213634,-0.41046222402950844,-1.5713381081726004e-09,2.2871967971046748e-10,-1.4116520847770002e-09,2.4344593119498065e-09,2.792228705837694e-10,1.2690517456721774e-09,1.1478981859948621e-09,-4.338403722474999e-10,-6.184528109195059e-10,1.0665479266923253e-09,542020041221088+20250827094725+Fiji-Nadi-LTE-DL-D!20250827094401,542020041221088.0,2025-08-26 23:42:50+02:00,542020041221088,20250827094725,Fiji-Nadi-LTE-DL-D,20250827094401,2025-08-27 09:47:25,2025-08-27 09:44:01,Fiji-Nadi,DL-D,2025-08-26,23,42,1.0,51.0,,,,True,-17.81657568676236,177.39612539523742,194.33584842240953,-17.815221886078128,177.3949644213634,-0.41046222402950844,10.120185302589302,72.45571158674267,11.382947774648102,147.0543396422168,42366.670791103075,41.097103465827566,1087647.432617465,4143.55694498292,51.789418053546584,-113.05901571264678,-11.443554918771653,7.922531110422332,-82.31413619253064,10.143781103520741,13.672767960867613,12.216412645256339,0.9977623690505173,73.15574833658418,74.22488924155076,20.00916115311471,19.472352283027693,1.0599676384636156,,,,,,,,-25.08672709166738,Success,Handover,True,True,True,True,True,active_download_analysis_window,False,Fair,Good,Fair,False,False,False,True,False,True,0,,0,,0,0,False,0,False,0,False,0,False,0,False,0,False,0,False,0,False,0,False,0,False,0,False,0,False,0,False,0,False,0,False,0,False,0,False,0,False,0,False,False,unknown_carrier_count,True,lte_rb_count;lte_agg_rb_dl,lte_agg_rb_dl,74.22488924155076,86.74455260159908,93.7799316942077,160.64413438518753,True,False,False,low_rb_usage,low_or_uncertain,100.0,aggregate_bandwidth,74.22488924155076,50-100,-0.25881904510252157,0.9659258262890681,74.22488924155076,low_or_uncertain,0.0,0.0,0.0,0.0,0.0,0.0,0.0,3.238716134447026,3.201199054078036,3.2482315015191263,3.0936597679223987,3.3338779437164314,3.238716134447026,3.2962886943988026,0.03626409163115685,-108.19175065560577,-110.07224440141229,11.423126787534633,10.791993023553541,72.96953890298742,81.6142447837171,4.3523649871093255,4.6859991535796635,8.751601667109878,8.747945111549873,20,11.699970300283049,15.310436911812506,14.24576865639869,,0.3170225256349468,0.9729039888565121,-0.025279308181342497,0.3907766990291262,3.927489137164404,0.7434763514727515,-0.2754848575253894,0.14320388349514562,2.8628208817505882,0.7990406168455704,-0.20798165267857982,0.3737864077669903,,,,,12.972869478340868,15.310436911812506,15.310436911812506,3.927489137164404,0.7434763514727515,True,False,False,False,False,False,False,False,False,False,False,False,False,False,False,False,False,False,False,False,0.0,False,False,0.0,0.0,0.0,0.0,0.0,0.0,0.0,0.0,0.0,False,0.0,False,0.0,0,0.0,0.0,0.0,False,False,False,False,0.0,False,normal,none,Normal
32347,,,,,,,,,,,,,,,,,,,,,,,,,,,,,,,,,,,,,,,,,,,,,,,,,,,,,,,,,,16.48551143513722,83.56335910968664,0.03681809760209011,0.03817914021310634,,,,,,,,,,,,,1.7499716195729724,,,,,,8.028471205562871,13.563108782723196,16QAM,15.2344719808232,Success,Handover,45.98120790704856,51.2253345575489,0.0020932439146433023,0.0013101537293176363,4.004684819828498,0.9877048820328646,1.9851566033104082,0.9922562156667968,8.979242291542562,10.801150577342597,TM4-CL SM,19.845345387194183,40316.02288895986,1.5615700786173057e-10,69.35113887024437,0.16623181464637357,29.602277431350256,2.4734173437518585,2.0056402727807163,15.663936108696957,64QAM,3.2728517043067846,70.56284210233179,15.338448672014039,10.186953655339197,5.028650362051524,14.783097662696205,14.87729926298248,14.91870914522217,19.9042658903326,20.014152644928064,18.79942605072142,42.22496350761329,42219.700081504285,146.49962542744169,-10.175867977027844,-78.7399680192455,9.558789093219476,-107.74864097929485,41.59584600768362,40294.939729777754,134.30441212410474,1.0722164276185333,1049272.8641878106,4169.042617831091,48.10388668486234,542.000000000367,1.9999999998227376,9.936977881582578,69.5669477475966,25.96764201200428,,,,,,,,,,,,,,,,,,,,,,,,,,,,,,,,,,,,,,,,,,,,,,,,,,,,,,,,,,,,,,,,,,,,,,,,,,,,,,9.917007070034547,72.86712795270967,-17.815287189236603,177.3958095981931,0.04859069455328382,-1.1195193267076568e-09,-3.339606059756132e-10,9.297197093599197e-11,-8.528111126551332e-10,1.0623917101869454e-09,-6.104819615146682e-10,7.759081395128729e-10,9.895632923312098e-10,2.0238199645612025e-09,-5.454220686966565e-10,542020041221088+20250827094725+Fiji-Nadi-LTE-DL-D!20250827094401,542020041221088.0,2025-08-26 23:42:51+02:00,542020041221088,20250827094725,Fiji-Nadi-LTE-DL-D,20250827094401,2025-08-27 09:47:25,2025-08-27 09:44:01,Fiji-Nadi,DL-D,2025-08-26,23,42,1.0,52.0,,,,True,-17.815221886078128,177.3949644213634,89.76717126375053,-17.815287189236603,177.3958095981931,0.04859069455328382,9.917007070034547,72.86712795270967,14.91870914522217,134.30441212410474,40294.939729777754,41.59584600768362,1049272.8641878106,4169.042617831091,48.10388668486234,-107.74864097929485,-10.175867977027844,9.558789093219476,-78.7399680192455,8.979242291542562,15.663936108696957,2.4734173437518585,0.9877048820328646,70.56284210233179,69.5669477475966,20.014152644928064,18.79942605072142,1.0722164276185333,,,,,,,,15.2344719808232,Success,Handover,True,True,True,True,True,active_download_analysis_window,False,Fair,Good,Fair,False,False,False,False,False,True,0,,0,,0,0,False,0,False,0,False,0,False,0,False,0,False,0,False,0,False,0,False,0,False,0,False,0,False,0,False,0,False,0,False,0,False,0,False,0,False,0,False,False,unknown_carrier_count,True,lte_rb_count;lte_agg_rb_dl,lte_agg_rb_dl,69.5669477475966,86.74455260159908,93.7799316942077,160.64413438518753,True,False,False,low_rb_usage,low_or_uncertain,100.0,aggregate_bandwidth,69.5669477475966,50-100,-0.25881904510252157,0.9659258262890681,69.5669477475966,low_or_uncertain,0.0,0.0,0.0,0.0,0.0,0.0,0.0,2.5163203467200788,3.238716134447026,3.201199054078036,3.315866778661031,3.469840553871641,3.238716134447026,3.214532934699167,-0.19988660798523805,-113.05901571264678,-110.26791640109863,7.922531110422332,10.284790746120581,74.22488924155076,78.72543481857431,12.216412645256339,6.121351487301361,10.143781103520741,9.136165660180218,20,11.621890888643325,10.914694124637482,15.522037050555666,,-3.2968182565788453,1.2836731378884678,0.23206241469909727,0.8592233009708737,-4.0040150205846885,1.3668462876615588,0.28972265451775003,0.9174757281553398,0.6033279053334955,0.961130880994006,-0.037199975350087566,0.7281553398058253,,,,,13.571963969599494,10.914694124637482,15.522037050555666,0.6033279053334955,0.961130880994006,True,False,False,False,False,False,False,False,False,False,False,False,False,False,False,False,False,False,False,False,0.0,False,False,0.0,0.0,0.0,0.0,0.0,0.0,0.0,0.0,0.0,False,0.0,False,0.0,0,0.0,0.0,0.0,False,False,False,False,0.0,False,normal,none,Normal
32349,,,,,,,,,,,,,,,,,,,,,,,,,,,,,,,,,,,,,,,,,,,,,,,,,,,,,,,,,,14.675458167890556,82.72303468940038,-0.007833317614571433,-0.014690663753458708,,,,,,,,,,,,,1.7581637088121649,,,,,,7.845777071503995,13.062008674916271,64QAM,-11.498438747175436,Success,Handover,18.254504175068362,81.56966307833011,0.011345304072661714,0.005409416496447717,4.095233012209796,1.970162836702413,1.934183955669616,0.6413290743782348,7.036562313083004,7.152731073056514,TM4-CL SM,19.863882747910946,40547.926706171274,1.00032647855658e-09,46.59066291251743,-0.27202986542757124,13.102766520938312,7.263424996979956,1.9820595937317877,10.440356057094638,16QAM,37.180130344451435,75.59417672617911,19.680156724281034,10.70644032548809,9.48194347623117,19.62131507579266,19.11401698002768,20.799950031811854,20.016913193784543,20.113424914629935,19.584370417798777,42.23289548105848,40574.33088037318,150.53861838554718,-11.287359854402686,-78.38205879577772,6.892294919628186,-110.15345419066249,39.82571977732061,42609.03448552839,137.46705131937048,1.0250952896247723,1070114.200539355,4033.8880864580096,51.40323836885022,541.9999999998073,2.0000000000344205,9.887028808363931,77.3617576314033,23.57230437794643,,,,,,,,,,,,,,,,,,,,,,,,,,,,,,,,,,,,,,,,,,,,,,,,,,,,,,,,,,,,,,,,,,,,,,,,,,,,,,9.89286488279158,71.76717083470348,-17.814669565111583,177.39407495592718,0.3410865825016304,-1.3997953021301174e-10,-6.233446898227699e-10,7.326908357441045e-10,-1.938224900337306e-09,-6.880249928554263e-11,1.2426304733976664e-09,2.7111755135288826e-10,-6.734385384696578e-10,-5.152163523509046e-10,-8.367736277648588e-10,542020041221088+20250827094725+Fiji-Nadi-LTE-DL-D!20250827094401,542020041221088.0,2025-08-26 23:42:53+02:00,542020041221088,20250827094725,Fiji-Nadi-LTE-DL-D,20250827094401,2025-08-27 09:47:25,2025-08-27 09:44:01,Fiji-Nadi,DL-D,2025-08-26,23,42,1.0,54.0,,,,True,-17.81339909213886,177.39498385469653,170.9254036150823,-17.814669565111583,177.39407495592718,0.3410865825016304,9.89286488279158,71.76717083470348,20.799950031811854,137.46705131937048,42609.03448552839,39.82571977732061,1070114.200539355,4033.8880864580096,51.40323836885022,-110.15345419066249,-11.287359854402686,6.892294919628186,-78.38205879577772,7.036562313083004,10.440356057094638,7.263424996979956,1.970162836702413,75.59417672617911,77.3617576314033,20.113424914629935,19.584370417798777,1.0250952896247723,,,,,,,,-11.498438747175436,Success,Handover,True,True,True,True,True,active_download_analysis_window,False,Fair,Good,Fair,False,False,False,False,False,True,0,,0,,0,0,False,0,False,0,False,0,False,0,False,0,False,0,False,0,False,0,False,0,False,0,False,0,False,0,False,0,False,0,False,0,False,0,False,0,False,0,False,False,unknown_carrier_count,True,lte_rb_count;lte_agg_rb_dl,lte_agg_rb_dl,77.3617576314033,86.74455260159908,93.7799316942077,160.64413438518753,True,False,False,low_rb_usage,low_or_uncertain,100.0,aggregate_bandwidth,77.3617576314033,50-100,-0.25881904510252157,0.9659258262890681,77.3617576314033,low_or_uncertain,0.0,0.0,0.0,0.0,0.0,0.0,0.0,2.9120832131627368,2.767495093285936,2.5163203467200788,3.201199054078036,3.510996687382807,2.9120832131627368,3.100403405974897,-0.07227896022882485,-109.85019841919706,-109.7346219292227,8.722746828409871,9.616992249333736,69.75179417744611,72.71503963156962,7.600722895613492,5.696022858489651,9.099126562674181,9.19005498372395,20,13.95063126413664,15.169160042485743,16.12512098347903,,-6.849318767675214,1.4909683754084297,0.377154153702588,0.9393203883495146,-5.630789989326111,1.3711998537529704,0.2988019508583948,0.9199029126213593,-4.674829048332825,1.2899097038169458,0.241361228821658,0.9635922330097088,,,,,15.037876123807834,15.169160042485743,16.12512098347903,-4.674829048332825,1.2899097038169458,True,False,False,False,False,False,False,False,False,False,False,False,False,False,False,False,False,False,False,False,0.0,False,False,0.0,0.0,0.0,0.0,0.0,0.0,0.0,0.0,0.0,False,0.0,False,0.0,0,0.0,0.0,0.0,False,False,False,False,0.0,False,normal,none,Normal
32351,,,,,,,,,,,,,,,,,,,,,,,,,,,,,,,,,,,,,,,,,,,,,,,,,,,,,,,,,,18.6540332115498,81.65107727946884,-0.006803675313223043,-0.008306167259551935,,,,,,,,,,,,,2.001026209132024,,,,,,9.42196358195644,13.100485767541961,16QAM,-5.825943510662814,Success,Handover,-1.1605500444046508,99.22959751621262,-0.004699826585399946,-0.0037781912609731226,3.9627969596287596,1.9975017523287537,2.0224516967665918,0.8367779076714448,9.161671641239474,8.969739917069495,TM4-CL SM,20.06298277148371,41625.25189435026,5.758728455840084e-10,93.46002935564461,-0.06405271364688976,2.1651145453106073,13.23735082749306,1.970893946138551,9.974438899216707,16QAM,7.8356659553661805,36.91459973564896,1.0603128839091869,0.6240857986310946,1.0095223362959118,1.0312783179008078,1.876304173599622,2.0212422844837827,20.065418207192593,20.009227404617988,20.588342905283184,40.77968445061609,41579.504142390055,146.735706218191,-9.60056877223512,-78.66656126798568,9.2421770556327,-109.55976125458672,40.09857590990534,40920.51403967169,142.11595205377358,0.9435805642913772,981104.6019303311,4414.309800375691,52.42558137697059,542.0000000011931,2.000000000271688,9.92253402609011,35.14340838290988,24.73267230649694,,,,,,,,,,,,,,,,,,,,,,,,,,,,,,,,,,,,,,,,,,,,,,,,,,,,,,,,,,,,,,,,,,,,,,,,,,,,,,9.887849449083204,70.62869080350914,-17.817039389882687,177.39537195481103,0.2011809194506113,-1.0609221979450592e-09,-8.79706855138456e-10,3.370525128180995e-10,1.1309903154834557e-09,-1.3109183476133777e-09,4.464868186944234e-10,-5.18009461884229e-10,6.234506548167718e-10,3.452793109366674e-10,4.492739996125597e-11,542020041221088+20250827094725+Fiji-Nadi-LTE-DL-D!20250827094401,542020041221088.0,2025-08-26 23:42:55+02:00,542020041221088,20250827094725,Fiji-Nadi-LTE-DL-D,20250827094401,2025-08-27 09:47:25,2025-08-27 09:44:01,Fiji-Nadi,DL-D,2025-08-26,23,42,1.0,56.0,,,,True,-17.810429381031938,177.39402495914044,748.7055189192813,-17.817039389882687,177.39537195481103,0.2011809194506113,9.887849449083204,70.62869080350914,2.0212422844837827,142.11595205377358,40920.51403967169,40.09857590990534,981104.6019303311,4414.309800375691,52.42558137697059,-109.55976125458672,-9.60056877223512,9.2421770556327,-78.66656126798568,9.161671641239474,9.974438899216707,13.23735082749306,1.9975017523287537,36.91459973564896,35.14340838290988,20.009227404617988,20.588342905283184,0.9435805642913772,,,,,,,,-5.825943510662814,Success,Handover,True,True,True,True,True,active_download_analysis_window,False,Fair,Excellent,Fair,False,False,False,True,False,True,0,,0,,0,0,False,0,False,0,False,0,False,0,False,0,False,0,False,0,False,0,False,0,False,0,False,0,False,0,False,0,False,0,False,0,False,0,False,0,False,0,False,False,unknown_carrier_count,True,lte_rb_count;lte_agg_rb_dl,lte_agg_rb_dl,35.14340838290988,86.74455260159908,93.7799316942077,160.64413438518753,True,False,False,low_rb_usage,low_or_uncertain,100.0,fallback_100rb_per_carrier,35.14340838290988,25-50,-0.25881904510252157,0.9659258262890681,35.14340838290988,low_or_uncertain,0.0,0.0,0.0,0.0,0.0,0.0,0.0,3.2427877222757147,3.0819076776736942,2.9120832131627368,2.5163203467200788,3.0936597679223987,2.9120832131627368,3.061826728974578,0.18161684388890897,-109.75489650988197,-110.11324116233664,8.653351136918205,8.349942617719615,85.5946251044762,75.3000027804946,7.145495456791151,7.339894667678559,9.10997524968025,8.873737504100147,20,1.7416960077970876,3.3551588465790996,5.700992777755921,,-0.2795462766866952,1.1605023353301864,0.09709138942448692,0.6383495145631068,1.3339165620953168,0.6024281939868896,-0.3656929848868886,0.09223300970873786,3.6797504932721385,0.3545421584062071,-0.796587591921823,0.043689320388349516,,,,,3.7213443927765044,3.3551588465790996,5.700992777755921,3.6797504932721385,0.3545421584062071,True,False,True,False,False,False,False,False,False,False,False,False,False,False,False,False,False,False,False,False,0.0,False,False,0.0,0.0,0.0,0.0,0.0,0.0,0.0,0.0,0.0,False,0.0,False,0.0,0,0.0,0.0,0.0,False,False,False,False,0.0,False,normal,none,Normal
32360,,,,,,,,,,,,,,,,,,,,,,,,,,,,,,,,,,,,,5.996683277698658,QPSK,3.9956557631083784,2.008937799765141,2.024277050101041,70.48525325283194,,-7.997735897643383e-10,-1.2187857502413253,0.3353348660120808,1.0861950871903245,-1.5698528610726972,2.010966688296686,8.036678128249887,QPSK,99.69677750432939,100.15956099719766,0.6309400528398768,0.5917403647660848,0.7080017547757405,1.8451589337730177,-1.3315859839674666,99.60003450143194,-0.021685685472437415,-0.024843247873700663,8.81612390922365,20.000000000383384,7.850193682088005,8.229725399931302,TM4-CL SM,,-113.38242477783658,-11.294111100623459,-81.00369751460924,10.516748979793602,95130.81191188222,98053.9259927128,1.4711459660639399,41.179002109078915,19.864852468365957,41113.02107665995,149.3249767854908,,6.842847563756586,11.65097523263327,16QAM,4.09557640458546,Success,Handover,35.457627005394805,69.64045267622474,-0.002560667924580877,0.0066087029090282036,3.9534511249157487,1.0228584134504348,1.9996649016130033,0.43663636721866317,8.050190609512002,9.192081360623602,TM4-CL SM,20.013075840084536,40391.95379779713,-2.540903015844638e-09,35.806179951398484,-0.23376057692948177,18.74922678988166,12.265620508629581,1.078605668753,11.785630199318259,16QAM,45.242765598237455,8.051068041289053,0.38404697848872016,0.7690402282563287,0.49622697335611976,0.8190431041710636,1.3234694984926265,1.4000676405960781,19.89118066410161,20.043623691840576,39.54624431680145,39.87414618952475,42702.00358452091,153.70242004923642,-11.99853346255618,-77.75299747024036,8.244473337855794,-111.71034022110874,40.30445139579159,42229.439987345606,134.91628957100428,1.9733979898555511,1039259.6948490589,4203.916133357251,49.34283721575936,542.0000000011754,2.000000000774317,9.893497268530277,106.0903856674837,24.641987722762128,nan$$$$nan$$$$nan$$$$nan$$$$nan$$$$nan$$$$nan$$$$nan$$$$nan$$$$nan$$$$nan,"41186, 151 -> 41186, 145$$$$41186, 151 -> 41186, 145$$$$$$$$$$$$$$$$$$$$$$$$EARFCN: 41186, PCI: 145$$$$EARFCN: 41186, PCI: 145$$$$$$$$",,,,,,,,,LTE$$$$LTE$$$$LTE$$$$LTE$$$$LTE$$$$LTE$$$$LTE$$$$LTE$$$$LTE$$$$LTE$$$$LTE,2025-08-26T23:43:03.056262+02:00$$$$2025-08-26T23:43:03.056262+02:00$$$$2025-08-26T23:43:03.124758+02:00$$$$2025-08-26T23:43:03.124783+02:00$$$$2025-08-26T23:43:03.124829+02:00$$$$2025-08-26T23:43:03.124960+02:00$$$$2025-08-26T23:43:03.124967+02:00$$$$2025-08-26T23:43:03.125316+02:00$$$$2025-08-26T23:43:03.125316+02:00$$$$2025-08-26T23:43:03.169588+02:00$$$$2025-08-26T23:43:03.170131+02:00,Network$$$$Network$$$$Network$$$$Network$$$$Network$$$$Network$$$$Network$$$$Network$$$$Network$$$$Network$$$$Network,LTE Handover Attempt$$$$LTE Intra-Freq Handover Attempt$$$$LTE RACH Attempt$$$$LTE RACH Msg1$$$$LTE RACH Complete$$$$LTE RACH Msg2$$$$LTE RACH Msg3$$$$LTE Handover Complete$$$$LTE Intra-Freq Handover Complete$$$$LTE CA Init$$$$LTE CA Complete,,,,,,,,,,,,,,,,,,,,,,,,,,,,,,,,,,,,,,,,,,,,,,,,,,,,,,,,,,,,,,,,9.947082390016588,73.02255743677712,-17.814484098146274,177.39619419028253,8.167336104651861,-2.0091710670547196e-09,6.613350419329803e-10,-8.481490573581038e-10,1.742833368455672e-09,2.1511356705080093e-10,6.523282268617651e-11,3.4876333027323145e-10,9.647547048780816e-10,-1.1134239927749633e-09,-9.490968116113592e-10,542020041221088+20250827094725+Fiji-Nadi-LTE-DL-D!20250827094401,542020041221088.0,2025-08-26 23:43:04+02:00,542020041221088,20250827094725,Fiji-Nadi-LTE-DL-D,20250827094401,2025-08-27 09:47:25,2025-08-27 09:44:01,Fiji-Nadi,DL-D,2025-08-26,23,43,1.0,65.0,,,,True,-17.814209597543844,177.39536211533957,93.2248977847041,-17.814484098146274,177.39619419028253,8.167336104651861,9.947082390016588,73.02255743677712,1.4000676405960781,134.91628957100428,42229.439987345606,40.30445139579159,1039259.6948490589,4203.916133357251,49.34283721575936,-111.71034022110874,-11.99853346255618,8.244473337855794,-77.75299747024036,8.050190609512002,11.785630199318259,12.265620508629581,1.0228584134504348,8.051068041289053,106.0903856674837,20.043623691840576,39.54624431680145,1.9733979898555511,-113.38242477783658,-11.294111100623459,10.516748979793602,7.850193682088005,8.036678128249887,-1.5698528610726972,100.15956099719766,4.09557640458546,Success,Handover,True,True,True,True,True,active_download_analysis_window,False,Fair,Good,Fair,False,False,False,True,False,False,0,,0,,0,0,False,0,False,0,False,0,False,0,False,0,False,0,False,0,False,0,False,0,False,0,False,0,False,0,False,0,False,0,False,0,False,0,False,0,False,0,False,False,unknown_carrier_count,True,lte_rb_count;lte_agg_rb_dl,lte_agg_rb_dl,106.0903856674837,86.74455260159908,93.7799316942077,160.64413438518753,False,True,False,medium_rb_usage,medium,197.33979898555512,fallback_100rb_per_carrier,53.7602583021022,100-150,-0.25881904510252157,0.9659258262890681,53.7602583021022,medium,0.0,0.0,0.0,0.0,0.0,0.0,0.0,3.598009189291963,3.5943133177397613,3.5667070537303185,2.9492918515792774,3.2427877222757147,3.5667070537303185,3.1968806981891467,0.16217933442817134,-108.95401950740869,-107.8071824055572,13.359404493495912,11.878818090061156,165.0131036510574,131.65584005857755,1.379076197436155,4.595999391567761,9.85458143203169,10.029313077513299,20,4.736856739138508,4.597322874725425,13.771379211728716,,3.3367890985424298,0.29556892211409974,-0.8714145333800063,0.019417475728155338,3.1972552341293463,0.3045397677620581,-0.8467915048117107,0.014563106796116505,12.371311571132638,0.10166502708775008,-1.8171945509092287,0.009708737864077669,,,,,9.254117975433612,4.597322874725425,13.771379211728716,12.371311571132638,0.10166502708775008,True,False,True,False,False,False,True,False,False,False,True,False,False,False,False,False,False,False,False,False,0.0,False,False,0.0,0.0,0.0,0.0,0.0,0.0,0.0,0.0,0.0,False,0.0,False,0.0,0,3.0,0.0,1.35,False,False,False,False,0.0,False,normal,none,Normal
32379,,,,,,,,,,,,,,,,,,,,,,,,,,,,,,,,,,,,,6.70500213282394,16QAM,4.030908780207638,1.0012897997814898,1.9996976085219216,,,3.776254521805784e-10,36.017609642469914,0.4146654917795802,11.167529419307888,10.666702004030025,1.976249187383946,10.49831315563038,16QAM,54.984628073298715,98.82645620713288,7.69840128986785,5.069890277027638,2.7408541984877157,7.510348183763398,43.82305530925147,59.78965851818511,0.01337634786441939,0.0005495300424266837,7.947988408339539,19.999999999241524,7.055452575279933,7.342802012127397,TM4-CL SM,,-114.78441869097641,-12.544749007922157,-81.27342801986272,7.995985298656352,87428.28328679148,94281.32496847563,2.191279819763518,40.69814631112513,20.108981966388313,41246.55068559632,144.00453434906083,,7.068014008402846,14.687985230318343,64QAM,29.64839149459718,Success,Handover,56.580987404564205,41.6272175966176,0.007033373433726185,0.0020889929872345277,4.013214848709279,2.0050907567048384,1.9600818537913947,0.4092430302467408,6.902526040403297,7.752213793153184,TM4-CL SM,19.97105487252288,41987.79170012221,1.0987445467992948e-09,77.11708772477267,-0.08601656432636307,6.762084832491959,8.758864472902848,1.9905443905061833,12.228744379499082,16QAM,14.86738149098936,86.96783920652268,15.707882460188747,10.748653448139939,5.044854605397,15.729216201195051,21.537177734064553,23.406277542508004,19.95467325567996,19.969367924256044,40.513379548376,41.93717539542848,40971.710741257324,155.18060776393656,-11.684759854276162,-81.06471733768598,8.495000649047595,-113.05641188619374,41.755467994872994,39882.162213233605,131.82825384595787,2.0279404350890586,1033848.0617173384,4145.623874702584,49.125089695712724,541.9999999995822,1.9999999996231275,10.194876128191682,181.87812376718298,70.43346384554219,,,,,,,,,,,,,,,,,,,,,,,,,,,,,,,,,,,,,,,,,,,,,,,,,,,,,,,,,,,,,,,,,,,,,,,,,,,,,,10.061528168510677,78.06147431773287,-17.815863097632405,177.3983442577211,8.968339358595617,4.3115345160397147e-10,1.6305940194416258e-10,4.725223391754943e-10,4.823747288060175e-10,-5.229096563961128e-10,9.130397881175874e-11,-1.3668544726225434e-09,-2.88234420530108e-10,1.4426661938666654e-09,-7.66674882078141e-10,542020041221088+20250827094725+Fiji-Nadi-LTE-DL-D!20250827094401,542020041221088.0,2025-08-26 23:43:23+02:00,542020041221088,20250827094725,Fiji-Nadi-LTE-DL-D,20250827094401,2025-08-27 09:47:25,2025-08-27 09:44:01,Fiji-Nadi,DL-D,2025-08-26,23,43,1.0,84.0,,,,True,-17.813971712524772,177.39836279238395,210.32187161444125,-17.815863097632405,177.3983442577211,8.968339358595617,10.061528168510677,78.06147431773287,23.406277542508004,131.82825384595787,39882.162213233605,41.755467994872994,1033848.0617173384,4145.623874702584,49.125089695712724,-113.05641188619374,-11.684759854276162,8.495000649047595,-81.06471733768598,6.902526040403297,12.228744379499082,8.758864472902848,2.0050907567048384,86.96783920652268,181.87812376718298,19.969367924256044,40.513379548376,2.0279404350890586,-114.78441869097641,-12.544749007922157,7.995985298656352,7.055452575279933,10.49831315563038,10.666702004030025,98.82645620713288,29.64839149459718,Success,Handover,True,True,True,True,True,active_download_analysis_window,False,Fair,Good,Fair,False,False,False,False,True,False,0,,0,,0,0,False,0,False,0,False,0,False,0,False,0,False,0,False,0,False,0,False,0,False,0,False,0,False,0,False,0,False,0,False,0,False,0,False,0,False,0,False,False,unknown_carrier_count,True,lte_rb_count;lte_agg_rb_dl,lte_agg_rb_dl,181.87812376718298,86.74455260159908,93.7799316942077,160.64413438518753,False,True,True,high_rb_usage,high,202.79404350890587,pcell_bandwidth_times_carriers,89.68612717621346,150-250,-0.25881904510252157,0.9659258262890681,89.68612717621346,high,0.0,0.0,0.0,0.0,0.0,0.0,0.0,3.3621957678524446,2.648478509749781,3.051362279353368,4.183737534429361,4.365611502109742,3.051362279353368,3.624451407627601,-0.20538544164422912,-111.93308555139593,-109.77202555575454,11.573863081195825,12.91988645961228,185.13010322047163,162.00463349797104,0.6035969745419968,3.175010129188337,10.210658646291574,9.135325245321019,20,40.51331094463694,32.72175810862774,60.03420892757402,,17.107033402128938,0.5777428947857068,-0.5311737459210928,0.04854368932038835,9.315480566119735,0.7153123455287836,-0.3233028946857015,0.12864077669902912,36.62793138506602,0.38988233476592676,-0.9165941335323904,0.03640776699029126,,,,,50.27375993610548,32.72175810862774,60.03420892757402,36.62793138506602,0.38988233476592676,False,True,True,True,False,False,True,False,False,False,False,False,False,False,False,False,False,True,False,False,0.0,False,False,0.31608774818237273,0.16571449651183692,0.0,0.0,0.0,0.28447897336413547,0.0,0.0,0.0,False,0.0,False,0.0,1,31.45,21.28,25.86,True,False,False,False,0.0,False,ml_quantile_p75_resource_underperformance,none,Normal
32393,,,,,,,,,,,,,,,,,,,,,,,,,,,,,,,,,,,,,,,,,,,,,,,,,,,,,,,,,,,,,,10.81492241335324,19.99999999975595,12.92744868517735,15.086230545119621,TM4-CL SM,,-101.6772760355617,-7.813568224260319,-73.80055051182929,16.94687874729394,96447.12650688365,94662.56904558498,3.310989164838781,42.26937611872092,20.07596433164092,40269.43815584698,143.00916552691,,13.045678053074834,22.85844496448175,64QAM,36.63227988054679,Success,Handover,-0.4104174754101684,100.33453293721541,-0.002308847030199347,0.006494953929513873,4.08732156945941,2.0264920017958863,2.0232243853865977,0.7550719443554352,13.922516582479574,14.942818924342237,TM4-CL SM,19.984396290988013,41142.421447966604,6.29960432386069e-11,-0.5570971216652593,0.02616462547404239,101.94637494317725,-0.49832542520612166,1.9437078349361454,26.450622008884515,64QAM,1.7742853896254416,-0.16808475977577597,0.24692311519815116,0.09797871483636349,0.22301852346172807,0.945931078643457,-0.9315316122432822,0.6488133453149076,19.929037679309523,20.081312903531316,39.16470076487063,41.31587222669139,41819.96901052505,142.2851311146112,-7.833235963443836,-68.74693898538588,20.341302565073093,-97.93823059442042,41.194187857083094,39998.261505414855,144.86572344692485,2.003042359310754,1093924.7059057483,3687.684727820801,50.05337942809363,542.0000000014052,2.000000000601831,10.060357166995999,0.410144638792595,28.157349975848863,nan$$$$nan$$$$nan,$$$$$$$$,,,,,,,,,LTE$$$$LTE$$$$LTE,2025-08-26T23:43:36.000000+02:00$$$$2025-08-26T23:43:36.044208+02:00$$$$2025-08-26T23:43:36.044279+02:00,Network$$$$Network$$$$Network,LTE CA Deactivation$$$$LTE CA Init$$$$LTE CA Complete,,,,,,,,,,,,,,,,,,,,,,,,,,,,,,,,,,,,,,,,,,,,,,,,,,,,,,,,,,,,,,,,9.938069445877437,68.23263706509407,-17.815810129407925,177.39798721275267,38.738983899545346,-7.049429725485456e-10,9.852015151878059e-10,-1.1409943306438576e-09,1.1355340322354871e-09,1.3896338013080141e-09,1.102474656175369e-09,-1.3271668643830658e-09,-8.870549166538108e-11,-1.4273261007371777e-10,1.9563874064559715e-09,542020041221088+20250827094725+Fiji-Nadi-LTE-DL-D!20250827094401,542020041221088.0,2025-08-26 23:43:37+02:00,542020041221088,20250827094725,Fiji-Nadi-LTE-DL-D,20250827094401,2025-08-27 09:47:25,2025-08-27 09:44:01,Fiji-Nadi,DL-D,2025-08-26,23,43,1.0,98.0,,,,True,-17.81701322402513,177.3972843473884,153.0784354775803,-17.815810129407925,177.39798721275267,38.738983899545346,9.938069445877437,68.23263706509407,0.6488133453149076,144.86572344692485,39998.261505414855,41.194187857083094,1093924.7059057483,3687.684727820801,50.05337942809363,-97.93823059442042,-7.833235963443836,20.341302565073093,-68.74693898538588,13.922516582479574,26.450622008884515,-0.49832542520612166,2.0264920017958863,-0.16808475977577597,0.410144638792595,20.081312903531316,39.16470076487063,2.003042359310754,-101.6772760355617,-7.813568224260319,16.94687874729394,12.92744868517735,,,,36.63227988054679,Success,Handover,True,True,True,True,True,active_download_analysis_window,False,Good,Excellent,Excellent,False,False,False,False,False,True,0,,0,,0,0,False,0,False,0,False,0,False,0,False,0,False,0,False,0,False,0,False,0,False,0,False,0,False,0,False,0,False,0,False,0,False,0,False,0,False,0,False,False,unknown_carrier_count,True,lte_rb_count;lte_agg_rb_dl,lte_agg_rb_dl,0.410144638792595,86.74455260159908,93.7799316942077,160.64413438518753,True,False,False,low_rb_usage,low_or_uncertain,200.30423593107537,fallback_100rb_per_carrier,0.20476084137018732,0-10,-0.25881904510252157,0.9659258262890681,0.20476084137018732,low_or_uncertain,0.0,0.0,0.0,0.0,0.0,0.0,0.0,3.6568947636905977,3.707185651903189,3.5477376245841366,4.4830518485090165,4.163433575522179,3.707185651903189,4.035660506914941,-0.2065392712046047,-94.3892390082444,-100.17286066389364,19.821763337737114,19.125039505999403,113.33247838395184,139.25948228320829,5.55235218978479,4.924555312398584,14.11591085077764,13.141394341021439,20,0.37831865634166917,0.38489851241316875,1.2967386207638476,,-0.2704946889732385,1.7149916728635974,0.17919145312820617,0.7985436893203883,-0.2639148329017389,1.685673818916816,0.17442898379902289,0.8325242718446602,0.64792527544894,0.5003424243913721,-0.33143428114475826,0.21359223300970873,,,,,0.8375286385527584,0.38489851241316875,1.2967386207638476,0.64792527544894,0.5003424243913721,True,False,False,False,False,False,False,False,False,False,False,False,False,False,False,False,False,False,False,False,0.0,False,False,0.0,0.0,0.0,0.0,0.0,0.0,0.0,0.0,0.0,False,0.0,False,0.0,0,0.0,0.0,0.0,False,False,False,False,0.0,False,normal,none,Normal
32423,,,,,,,,,,,,,,,,,,,,,,,,,,,,,,,,,,,,,,,,,,,,,,,,,,,,,,,,,,,,,,,,,,,,,,,,,,,,,,,,13.050734994041102,22.32328262070847,64QAM,,,,1.379730482773615,102.76662487977792,0.007268297750913194,-0.0036351591892151342,3.9581569975321003,1.9874445309897988,1.9794038701477141,1.2109806576479079,12.841335852498243,12.98740627000986,TM4-CL SM,20.025322367564353,41402.918071597334,-1.5243026177972837e-09,-0.35663540293675966,0.12987059765224873,99.03509255378299,6.729155243164789,2.0050118817045943,22.68802737247766,64QAM,0.40034909741252167,9.820118708632654,0.809945204854451,0.31222068599250935,0.48864834773334664,1.3030752067800024,1.7228498508164611,2.0439587741813257,20.117945294633863,19.88743778626784,19.2699816146809,41.292153635200755,40827.988031455345,144.40560805483375,-7.732017927675897,-79.57829965181334,17.957417787096595,-105.8632048790604,40.9593973160853,40652.14572007904,157.68065494189278,0.9849611069680634,1022784.425176279,4224.109413654893,49.94983627316283,541.9999999983647,1.9999999981548588,9.893987918109737,5.799528170652687,38.14805375950389,,,,,,,,,,,,,,,,,,,,,,,,,,,,,,,,,,,,,,,,,,,,,,,,,,,,,,,,,,,,,,,,,,,,,,,,,,,,,,9.984035000626124,74.28168737371941,-17.813199482403945,177.39960987499194,0.26719875223821893,-6.882538873032971e-10,-1.1309546107062567e-09,-1.1164446728716851e-09,2.1335775247726217e-10,-3.985788072572831e-10,-1.1059098974573895e-10,-9.237843126068757e-11,8.138246828220191e-10,3.514966945315444e-10,-2.8082041942327443e-11,542020041221088+20250827094925+Fiji-Nadi-LTE-DL-D!20250827094611,542020041221088.0,2025-08-26 23:44:18+02:00,542020041221088,20250827094925,Fiji-Nadi-LTE-DL-D,20250827094611,2025-08-27 09:49:25,2025-08-27 09:46:11,Fiji-Nadi,DL-D,2025-08-26,23,44,3.0,10.0,,,,True,-17.817738661135092,177.3995394532008,504.7893967584058,-17.813199482403945,177.39960987499194,0.26719875223821893,9.984035000626124,74.28168737371941,2.0439587741813257,157.68065494189278,40652.14572007904,40.9593973160853,1022784.425176279,4224.109413654893,49.94983627316283,-105.8632048790604,-7.732017927675897,17.957417787096595,-79.57829965181334,12.841335852498243,22.68802737247766,6.729155243164789,1.9874445309897988,9.820118708632654,5.799528170652687,19.88743778626784,19.2699816146809,0.9849611069680634,,,,,,,,,,,True,True,True,False,False,outside_download_activity,True,Fair,Excellent,Excellent,False,False,False,False,False,True,0,,0,,0,0,False,0,False,0,False,0,False,0,False,0,False,0,False,0,False,0,False,0,False,0,False,0,False,0,False,0,False,0,False,0,False,0,False,0,False,0,False,False,unknown_carrier_count,True,lte_rb_count;lte_agg_rb_dl,lte_agg_rb_dl,5.799528170652687,86.74455260159908,93.7799316942077,160.64413438518753,True,False,False,low_rb_usage,low_or_uncertain,100.0,aggregate_bandwidth,5.799528170652687,0-10,-0.25881904510252157,0.9659258262890681,5.799528170652687,low_or_uncertain,0.0,0.0,0.0,0.0,0.0,0.0,0.0,3.367478239537219,4.027953426113207,3.347682400278179,,,3.697715832825213,3.6961350458469187,,-108.37319051306885,-107.05830393451896,12.554116607148698,17.22079486348851,80.32297372767343,72.88205837569218,1.248713253306796,5.1914168932458455,12.5696843017069,12.442232206952333,4,0.5379860844521194,0.5783387405690665,2.235373704904044,,-1.5059726897292063,3.7992781472459023,0.6826850733812495,0.9927184466019418,-1.4656200336122591,3.5341896207232057,0.6567860327243067,0.9951456310679612,0.19141493072271842,0.9143700535159802,-0.06098554396799938,0.6747572815533981,,,,,1.3866798946780818,0.5783387405690665,2.235373704904044,0.19141493072271842,0.9143700535159802,True,False,False,False,False,False,False,False,False,False,False,False,False,False,False,False,False,False,False,True,0.009989713187739113,True,False,0.0,0.0,0.0,0.0,0.0,0.0,0.0,0.0,0.0,False,0.0,False,0.0,0,0.0,0.0,0.0,False,False,False,False,0.0,False,normal,none,Normal
32427,,,,,,,,,,,,,,,,,,,,,,,,,,,,,,,,,,,,,,,,,,,,,,,,,,,,,,,,,,,,,,,,,,,,,,,,,,,,,,,,13.863388969748822,24.171700670693884,64QAM,,,,2.539488391340948,100.30957659319395,-0.0013746288581607418,0.002926878781298204,3.991941895945082,2.0405957061719366,2.0277001139170507,1.8984251791779785,13.13893725275691,12.946075584034256,TM4-CL SM,19.93025055946281,40592.87161393704,-1.008197654522107e-09,-1.8093570012094093,-0.048205144041036437,97.54494313365632,4.7475935852473485,1.9670179897626119,24.39594262059364,64QAM,2.8654854180505116,40.661756874638144,27.01902193889451,13.387835366361514,13.955496926465406,27.07635114535813,28.379934412594373,27.151432295847076,20.102926745191006,19.988286408307392,19.945031023254945,40.75815091130655,41589.02793280931,149.95665715199948,-8.896352669735771,-74.24704338425487,19.59781535490656,-104.97756173137405,40.45509862041951,41024.58084786668,165.22393405090202,1.0314106629233817,1058926.679518909,4250.008427444792,49.720238924624134,541.9999999991292,1.999999998365402,9.99374010151509,39.99998537746223,27.399277597305804,,,,,,,,,,,,,,,,,,,,,,,,,,,,,,,,,,,,,,,,,,,,,,,,,,,,,,,,,,,,,,,,,,,,,,,,,,,,,,9.958681452278688,71.31289612409904,-17.80417826460797,177.3987214644499,-0.9731664797973739,-8.666724519320401e-10,-2.4000006723383193e-10,4.92422031245821e-10,4.28416911899367e-10,3.6849568181845003e-10,9.290858765589263e-10,-9.240565805141302e-10,-8.74807089461355e-10,1.0461826676510743e-09,5.920964346909497e-10,542020041221088+20250827094925+Fiji-Nadi-LTE-DL-D!20250827094611,542020041221088.0,2025-08-26 23:44:23+02:00,542020041221088,20250827094925,Fiji-Nadi-LTE-DL-D,20250827094611,2025-08-27 09:49:25,2025-08-27 09:46:11,Fiji-Nadi,DL-D,2025-08-26,23,44,2.0,15.0,,,,True,-17.814007379915314,177.40070636738702,1112.9666991690615,-17.80417826460797,177.3987214644499,-0.9731664797973739,9.958681452278688,71.31289612409904,27.151432295847076,165.22393405090202,41024.58084786668,40.45509862041951,1058926.679518909,4250.008427444792,49.720238924624134,-104.97756173137405,-8.896352669735771,19.59781535490656,-74.24704338425487,13.13893725275691,24.39594262059364,4.7475935852473485,2.0405957061719366,40.661756874638144,39.99998537746223,19.988286408307392,19.945031023254945,1.0314106629233817,,,,,,,,,,,True,True,True,False,False,outside_download_activity,True,Fair,Excellent,Excellent,False,False,False,False,False,True,0,,0,,0,0,False,0,False,0,False,0,False,0,False,0,False,0,False,0,False,0,False,0,False,0,False,0,False,0,False,0,False,0,False,0,False,0,False,0,False,0,False,False,unknown_carrier_count,True,lte_rb_count;lte_agg_rb_dl,lte_agg_rb_dl,39.99998537746223,86.74455260159908,93.7799316942077,160.64413438518753,True,False,False,low_rb_usage,low_or_uncertain,100.0,aggregate_bandwidth,39.99998537746223,25-50,-0.25881904510252157,0.9659258262890681,39.99998537746223,low_or_uncertain,0.0,0.0,0.0,0.0,0.0,0.0,0.0,4.252655660009,4.2215144502999715,3.261999577306916,3.367478239537219,,3.367478239537219,3.454233595950858,0.22129435511794526,-103.47456061441287,-104.64799514950411,19.565290918427827,17.830193803280476,85.80146143701626,63.01212650435114,6.662405716302943,5.120433734440619,14.001991212013058,13.080800408641803,8,13.397285090535913,19.095087474982464,19.755597255307677,,-13.754147205311163,2.026636897876223,0.6705585807109804,0.9902912621359223,-8.056344820864613,1.4219066726674952,0.3371228531747352,0.941747572815534,-7.395835040539399,1.374366562800443,0.30478227659325174,0.9757281553398058,,,,,16.576441172921797,19.095087474982464,19.755597255307677,-7.395835040539399,1.374366562800443,True,False,False,False,False,False,False,False,False,False,False,False,False,False,False,False,False,False,False,False,0.0,False,False,0.0,0.0,0.0,0.0,0.0,0.0,0.0,0.0,0.0,False,0.0,False,0.0,0,0.0,0.0,0.0,False,False,False,False,0.0,False,normal,none,Normal
32460,,,,,,,,,,,,,,,,,,,,,,,,,,,,,,,,,,,,,,,,,,,,,,,,,,,,,,,,,,,,,,10.114400796518906,20.000000000337106,10.950928040543769,13.240850701127208,TM4-CL SM,,-106.63403694933561,-8.06015780722352,-78.52090545437491,11.8922697601095,96465.7510335091,89210.53139330664,0.07988568174505495,41.015445536273326,20.148380075643992,42000.707493478505,145.89286962185008,,9.204032008636023,22.51030408381349,64QAM,,,,7.569351483646909,96.56891995006666,-0.00348229604069103,-0.004721060574673723,3.943827354172643,2.006523790124389,2.000045875609709,2.067342727310265,11.03050727203303,13.914795921996365,TM4-CL SM,19.88690588375992,40860.29375890039,-1.1478241149594132e-09,4.707204434378007,-0.0011466982382778831,95.76473467648361,19.305447716566828,2.0262976223539417,24.027763077095692,64QAM,-0.8748260840319441,1.6101835645658118,0.11113750464281488,0.06254062333445937,-0.024299494815465672,0.6531442141739277,-0.31957895550752596,0.5000980414827451,20.0423626016467,19.93330254010853,39.36505098316673,39.831725415565266,39620.106532956146,164.11566783940205,-8.010726388876549,-77.11638867148365,16.395397711153343,-105.05468938075937,42.651471837825206,39619.66892537369,149.61112979929803,2.034530836199769,1051903.8411665668,3986.9790346549225,50.190915516630106,541.9999999996564,2.0000000011477916,9.978052306513465,3.03460980501502,33.359906002953615,,,,,,,,,,,LTE,2025-08-26T23:45:34.000000+02:00,Network,LTE CA Deactivation,,,,,,,,,,,,,,,,,,,,,,,,,,,,,,,,,,,,,,,,,,,,,,,,,,,,,,,,,,,,,,,,10.039068077606096,74.3771048234751,-17.805607675193716,177.39972202015946,0.3528394262509678,4.220106664877505e-10,1.0200746280457466e-09,3.083675889684784e-10,-7.604263235182164e-10,-3.98752113708023e-10,1.8591258116370871e-09,2.2072661015145193e-10,-9.072844201742376e-10,8.985459832070518e-11,-2.005189322238325e-09,542020041221088+20250827094925+Fiji-Nadi-LTE-DL-D!20250827094611,542020041221088.0,2025-08-26 23:45:35+02:00,542020041221088,20250827094925,Fiji-Nadi-LTE-DL-D,20250827094611,2025-08-27 09:49:25,2025-08-27 09:46:11,Fiji-Nadi,DL-D,2025-08-26,23,45,1.0,87.0,,,,True,-17.813250205222065,177.39985999079727,849.9372576091461,-17.805607675193716,177.39972202015946,0.3528394262509678,10.039068077606096,74.3771048234751,0.5000980414827451,149.61112979929803,39619.66892537369,42.651471837825206,1051903.8411665668,3986.9790346549225,50.190915516630106,-105.05468938075937,-8.010726388876549,16.395397711153343,-77.11638867148365,11.03050727203303,24.027763077095692,19.305447716566828,2.006523790124389,1.6101835645658118,3.03460980501502,19.93330254010853,39.36505098316673,2.034530836199769,-106.63403694933561,-8.06015780722352,11.8922697601095,10.950928040543769,,,,,,,True,True,True,False,False,outside_download_activity,True,Fair,Excellent,Excellent,False,False,False,True,False,True,0,,0,,0,0,False,0,False,0,False,0,False,0,False,0,False,0,False,0,False,0,False,0,False,0,False,0,False,0,False,0,False,0,False,0,False,0,False,0,False,0,False,False,unknown_carrier_count,True,lte_rb_count;lte_agg_rb_dl,lte_agg_rb_dl,3.03460980501502,86.74455260159908,93.7799316942077,160.64413438518753,True,False,False,low_rb_usage,low_or_uncertain,203.45308361997692,pcell_bandwidth_times_carriers,1.491552622855923,0-10,-0.25881904510252157,0.9659258262890681,1.491552622855923,low_or_uncertain,0.0,0.0,0.0,0.0,0.0,0.0,0.0,4.299383635037531,4.668615784190117,4.794292185106344,4.6838696020297474,4.613197218887095,4.668615784190117,4.627280057649658,-0.09612149174805418,-103.627709431933,-103.06578209966983,17.564699346830725,16.5768867083647,142.7271084704813,171.67223822199745,2.8509966837538756,2.4289310282879213,12.965872682744044,12.86471501608213,20,0.07546662233932479,0.0,1.3166992230855148,,-0.4246314191434203,6.626744724762244,0.33277583226865803,0.9223300970873787,-0.5000980414827451,,0.40553046696072476,0.9587378640776699,0.8166011816027697,0.37981190594981123,-0.43461295697956,0.16019417475728157,,,,,0.6960829227124198,0.0,1.3166992230855148,0.8166011816027697,0.37981190594981123,True,False,False,False,False,False,False,False,False,False,False,False,False,False,False,False,False,False,False,False,0.0,False,False,0.0,0.0,0.0,0.0,0.0,0.0,0.0,0.0,0.0,False,0.0,False,0.0,0,0.0,0.0,0.0,False,False,False,False,0.0,False,normal,none,Normal
32463,,,,,,,,,,,,,,,,,,,,,,,,,,,,,,,,,,,,,,,,,,,,-1.1239600523803794e-09,0.21915400482913877,-0.24525004081194623,98.8130839536147,35.26746042177155,0.9738572425738911,21.813663544731067,64QAM,0.19030754762400098,61.94537612740074,-0.4927887688000884,0.7394027901400702,-0.5836952649614927,0.5691411812644686,,,,,,19.99999999970447,12.762754980201835,13.043153815647075,TM4-CL SM,,-105.93687720968892,-7.60618072157766,-78.76950152346818,12.4195757960951,99602.08975723159,90827.28546225477,-0.1378275435459734,41.82027433884865,20.140046969855298,42582.607595666086,146.38458611088686,,13.91925397995847,22.891096061429867,64QAM,,,,2.0962679454357938,101.69062623588435,-0.0008434018694222012,0.0011700474812273466,4.047294366873509,1.9970689733010791,2.032878358501831,2.156987630598306,14.062258442331883,14.031678486553504,TM4-CL SM,19.85715255509066,41154.08974949062,1.029458689450065e-09,7.730426756190998,0.04756531986766963,94.62686454391407,2.358653562708528,2.022018516688842,23.20535447956574,64QAM,0.7202754996826886,2.6718834610725493,1.131119264967795,-0.17965660953238938,0.21158535161734424,0.35268757422117863,0.9772434510401643,0.897038745502052,19.93614342448578,20.08446779743293,40.13989049491756,41.1766672400059,41965.96346987376,143.5505477871199,-7.093132511920335,-75.84716641459012,13.913368248159536,-102.22720445027704,40.57996370027506,41943.90016169486,140.62933831547522,1.9473596821717,1108285.8257202513,4068.435863900464,53.166514742821924,542.0000000022915,2.0000000009063843,9.890048226340316,65.16417451766854,26.736783539282843,,,,,,,,,,,,,,,,,,,,,,,,,,,,,,,,,,,,,,,,,,,,,,,,,,,,,,,,,,,,,,,,,,,,,,,,,,,,,,9.913173139248087,73.78738759963586,-17.816382181986782,177.40067431375599,0.13116631998517195,1.0940422053704213e-10,1.6844365716187468e-09,1.5506912620291826e-09,-5.076820506684743e-11,2.63416217531621e-10,-3.606521786593573e-10,1.925497181631082e-09,2.192478835521157e-09,2.7233108418620028e-09,-8.719144012352848e-10,542020041221088+20250827094925+Fiji-Nadi-LTE-DL-D!20250827094611,542020041221088.0,2025-08-26 23:45:43+02:00,542020041221088,20250827094925,Fiji-Nadi-LTE-DL-D,20250827094611,2025-08-27 09:49:25,2025-08-27 09:46:11,Fiji-Nadi,DL-D,2025-08-26,23,45,2.0,95.0,,,,True,-17.819260393543953,177.4015113328395,332.0826673966713,-17.816382181986782,177.40067431375599,0.13116631998517195,9.913173139248087,73.78738759963586,0.897038745502052,140.62933831547522,41943.90016169486,40.57996370027506,1108285.8257202513,4068.435863900464,53.166514742821924,-102.22720445027704,-7.093132511920335,13.913368248159536,-75.84716641459012,14.062258442331883,23.20535447956574,2.358653562708528,1.9970689733010791,2.6718834610725493,65.16417451766854,20.08446779743293,40.13989049491756,1.9473596821717,-105.93687720968892,-7.60618072157766,12.4195757960951,12.762754980201835,21.813663544731067,35.26746042177155,61.94537612740074,,,,True,True,True,False,False,outside_download_activity,True,Fair,Excellent,Good,False,False,False,False,False,True,0,,0,,0,0,False,0,False,0,False,0,False,0,False,0,False,0,False,0,False,0,False,0,False,0,False,0,False,0,False,0,False,0,False,0,False,0,False,0,False,0,False,False,unknown_carrier_count,True,lte_rb_count;lte_agg_rb_dl,lte_agg_rb_dl,65.16417451766854,86.74455260159908,93.7799316942077,160.64413438518753,True,False,False,low_rb_usage,low_or_uncertain,194.73596821717,fallback_100rb_per_carrier,33.46283437736438,50-100,-0.25881904510252157,0.9659258262890681,33.46283437736438,low_or_uncertain,0.0,0.0,0.0,0.0,0.0,0.0,0.0,4.715155766857177,5.04034100015642,0.40553046696072476,4.668615784190117,4.450571679303011,4.668615784190117,4.237730456987149,0.011634995666764958,-103.00409844352708,-103.56385351106299,16.394234211092133,17.204777887227557,170.3542966391454,134.40687636408788,3.164393241739912,6.495317528556429,13.91431210618873,13.119052770907297,20,12.837813362111776,12.95205713929716,20.332970732755832,,11.940774616609724,0.06987473023634083,-1.9871108282768812,0.0048543689320388345,12.055018393795109,0.0692583993302804,-1.9953328472148488,0.0048543689320388345,19.43593198725378,0.04411744635312676,-2.419959682281846,0.0048543689320388345,,,,,16.585392047433803,12.95205713929716,20.332970732755832,19.43593198725378,0.04411744635312676,False,False,True,False,False,False,True,False,False,False,True,False,False,False,False,False,False,False,False,True,0.01677349412179252,True,False,0.6207199152685718,0.0,0.0,0.0,0.0,0.5586479237417147,0.0,0.0,0.0,False,0.0,False,0.0,0,55.86,0.0,25.14,False,False,False,False,0.0,False,normal,none,Normal
