serving_cell_key,rows,sessions,median_tp_mbps,p10_tp_mbps,mean_tp_mbps,low_tp_pct,stat_anomaly_pct,rca_handoff_pct,median_p75_gap_mbps,p90_p75_gap_mbps,median_rsrp_dbm,median_rsrq_db,median_sinr_db,median_cqi,median_mcs,median_bler_pct,p90_bler_pct,median_rb_usage,median_tp_per_rb,median_tp_badness,p10_tp_badness,anomaly_rate_badness,p75_gap_badness,cqi_badness,mcs_badness,bler_badness,sinr_badness,rsrq_badness,rsrp_badness,bad_entity_score_0_100,entity_label,bad_entity_rank,bad_entity_percentile,bad_entity_candidate_flag,rank_reliability,serving_pci,serving_eci,serving_earfcn,serving_band
ECI:1079182.0,35,2,7.275304,1.9645216000000003,8.944258314285713,71.42857142857143,91.42857142857143,74.28571428571429,37.18017275,57.54107890000001,-102.256165,-12.995146,4.2440844,8.0,6.0,9.259259,15.2490266,125.0,0.06322966666666667,0.9516728624535316,0.828996282527881,0.9851301115241635,0.8661710037174721,0.7397769516728625,0.9944237918215614,0.8680297397769516,0.9776951672862454,0.9256505576208178,0.7806691449814126,90.37,cell_key,1,100.0,True,LOW,385.0,1079182.0,41186.0,41.0
ECI:1076426.0,94,4,2.183432,0.12251200000000001,4.970889592553191,89.36170212765957,91.48936170212765,52.12765957446809,42.270146,58.0663132,-104.29404199999999,-11.788886999999999,3.88006675,6.0,6.0,3.8684604,21.884668500000004,74.0,0.032549132467532466,0.9962825278810409,0.966542750929368,0.9888475836431226,0.895910780669145,0.9553903345724907,0.9944237918215614,0.26394052044609667,0.9888475836431226,0.8141263940520446,0.8438661710037175,89.35,cell_key,2,99.63,True,MEDIUM,375.0,1076426.0,500.0,1.0
ECI:1079185.0,45,3,14.514736,2.3128832000000004,16.474503955555555,40.0,66.66666666666666,66.66666666666666,35.946498500000004,47.904123850000005,-94.31117,-11.8125,5.2586203,5.0,7.0,9.311225,13.222516200000003,160.0,0.08725559776536314,0.8847583643122676,0.8104089219330854,0.9516728624535316,0.8513011152416357,0.9944237918215614,0.9851301115241635,0.8773234200743495,0.9330855018587361,0.8252788104089219,0.4200743494423792,89.07,cell_key,3,99.26,True,LOW,385.0,1079185.0,41384.0,41.0
ECI:1071647.0,85,5,4.661624,0.27385760000000003,6.288916972941177,78.82352941176471,78.82352941176471,37.64705882352941,26.523032250000004,52.64792310000001,-102.95786,-10.908334,6.102128,6.0,11.0,7.7380953,14.038951400000004,67.0,0.06882628571428571,0.9776951672862454,0.9368029739776952,0.9702602230483272,0.7434944237918215,0.9553903345724907,0.9330855018587361,0.5799256505576208,0.9033457249070632,0.6728624535315985,0.8029739776951673,88.27,cell_key,4,98.88,True,MEDIUM,395.0,1071647.0,1850.0,3.0
ECI:1070100.0,30,2,11.794504,4.3389384,12.675429,40.0,63.33333333333333,60.0,30.100969999999997,37.7580188,-110.37927,-12.421503000000001,3.21160725,6.5,8.5,8.448897500000001,13.9292643,142.0,0.08044163996265172,0.9256505576208178,0.7137546468401487,0.9442379182156134,0.7769516728624535,0.9219330855018587,0.9814126394052045,0.7100371747211895,0.9962825278810409,0.8884758364312267,0.9776951672862454,87.41,cell_key,5,98.51,True,LOW,332.0,1070100.0,500.0,1.0
ECI:1076531.0,42,2,1.980864,0.4806224,3.33078269,95.23809523809523,97.61904761904762,30.952380952380953,29.8041635,39.44847754999999,-109.373722,-11.571812,6.1764185000000005,8.0,11.0,6.095672,11.849871349999997,49.0,0.04870266666666666,1.0,0.9219330855018587,1.0,0.7732342007434945,0.7397769516728625,0.9330855018587361,0.4684014869888476,0.8996282527881041,0.79182156133829,0.9591078066914498,86.83,cell_key,6,98.14,True,LOW,182.0,1076531.0,41186.0,41.0
ECI:1069077.0,56,5,5.078936000000001,0.930688,11.178797839285716,60.71428571428571,66.07142857142857,42.857142857142854,10.592109499999996,29.112543999999996,-113.1402,-10.7055085,5.0736013,7.0,9.5,8.5612485,14.996135,75.5,0.06491430252100841,0.9702602230483272,0.8847583643122676,0.9479553903345725,0.4349442379182156,0.8736059479553904,0.966542750929368,0.7434944237918215,0.9405204460966543,0.6282527881040892,0.9925650557620818,85.59,cell_key,7,97.77,True,MEDIUM,140.0,1069077.0,500.0,1.0
ECI:1071687.0,36,2,2.593712,1.040292,3.241342,97.22222222222221,97.22222222222221,47.22222222222222,6.438752000000001,23.215560250000003,-105.4667675,-11.45408475,4.98604895,6.0,9.0,7.9009464000000005,13.269142500000001,58.0,0.04298717678812415,0.9888475836431226,0.8773234200743495,0.9925650557620818,0.31970260223048325,0.9553903345724907,0.9739776951672863,0.6022304832713755,0.9516728624535316,0.7732342007434945,0.862453531598513,85.25,cell_key,8,97.4,True,LOW,395.0,1071687.0,9310.0,28.0
ECI:1073736.0,82,4,4.909248,0.7377023999999999,6.641640070731707,80.48780487804879,84.14634146341463,57.3170731707317,6.374488000000001,19.442858800000003,-104.66077999999999,-11.594877499999999,5.622657650000001,6.0,11.0,7.980496499999999,17.2050814,73.0,0.06236070535714286,0.9739776951672863,0.895910780669145,0.9776951672862454,0.3159851301115242,0.9553903345724907,0.9330855018587361,0.6133828996282528,0.9182156133828996,0.7955390334572491,0.8513011152416357,84.52,cell_key,9,97.03,True,MEDIUM,363.0,1073736.0,9310.0,28.0
ECI:1065032.0,66,4,4.249308,0.009104000000000001,5.779770818181818,77.27272727272727,77.27272727272727,37.878787878787875,5.086268000000001,16.6612,-101.944927,-11.2481775,5.0725715000000005,6.0,10.0,7.0453738999999995,15.620519999999999,71.5,0.06408452631578947,0.9814126394052045,0.9962825278810409,0.966542750929368,0.275092936802974,0.9553903345724907,0.9535315985130112,0.5427509293680297,0.9442379182156134,0.7174721189591078,0.7695167286245354,84.49,cell_key,10,96.65,True,MEDIUM,469.0,1065032.0,9310.0,28.0
ECI:1069126.0,124,5,7.11704,2.0053848,9.457514277419355,69.35483870967742,72.58064516129032,59.67741935483871,2.4886200000000005,13.2359452,-114.09296499999999,-11.481731,4.088952,6.0,10.0,8.7301335,17.7500952,86.0,0.08247973462681896,0.9553903345724907,0.8252788104089219,0.9591078066914498,0.1970260223048327,0.9553903345724907,0.9535315985130112,0.79182156133829,0.9851301115241635,0.7769516728624535,0.9962825278810409,84.34,cell_key,11,96.28,True,HIGH,138.0,1069126.0,9310.0,28.0
ECI:1069086.0,106,4,9.039972,1.71634,11.565416273584905,54.71698113207547,57.54716981132076,46.22641509433962,3.501080000000001,16.839323999999998,-112.253505,-11.27045725,4.1204877,7.0,9.0,8.843848000000001,11.8816685,86.0,0.11144181052631577,0.9405204460966543,0.8401486988847584,0.9330855018587361,0.23048327137546468,0.8736059479553904,0.9739776951672863,0.8215613382899628,0.9814126394052045,0.7211895910780669,0.9888475836431226,83.52,cell_key,12,95.91,True,HIGH,138.0,1069086.0,1850.0,3.0
ECI:1068749.0,45,2,12.298896,0.0122224,10.099310966666668,42.22222222222222,42.22222222222222,24.444444444444443,0.0,13.785716800000001,-99.8206,-12.263672,4.5058827,6.0,13.0,9.302325,18.629729200000003,45.0,0.27416995555555557,0.9182156133828996,0.9888475836431226,0.8698884758364313,0.11895910780669144,0.9553903345724907,0.8773234200743495,0.8736059479553904,0.9702602230483272,0.8698884758364313,0.6951672862453532,83.32,cell_key,13,95.54,True,LOW,402.0,1068749.0,356.0,1.0
ECI:1079062.0,50,2,12.715484,6.49992,14.754253949999999,32.0,38.0,24.0,50.47035425,72.5671364,-95.866263,-10.817622,8.508994000000001,7.0,15.0,8.843197,12.713922150000002,68.0,0.22776979487179488,0.9107806691449815,0.620817843866171,0.8308550185873605,0.9479553903345725,0.8736059479553904,0.775092936802974,0.8141263940520446,0.7881040892193308,0.6394052044609665,0.49814126394052044,81.86,cell_key,14,95.17,True,MEDIUM,169.0,1079062.0,500.0,1.0
ECI:1066039.0,31,4,12.571728,1.789168,30.84557904516129,41.935483870967744,51.61290322580645,45.16129032258064,14.483108000000001,37.724410000000006,-107.3167,-13.079044,3.0320985,8.0,10.0,6.8578553,16.516129,139.0,0.09483666666666667,0.9144981412639405,0.8364312267657993,0.912639405204461,0.5130111524163569,0.7397769516728625,0.9535315985130112,0.5315985130111525,1.0,0.9330855018587361,0.9070631970260223,81.78,cell_key,15,94.8,True,LOW,125.0,1066039.0,41384.0,41.0
ECI:1066301.0,76,3,11.299451999999999,1.31406,14.57715090394737,46.05263157894737,55.26315789473685,38.15789473684211,19.344348999999998,45.8334615,-109.494575,-11.606956,6.695426299999999,8.0,14.0,7.39588285,12.7651495,85.5,0.13060014285714286,0.9330855018587361,0.8661710037174721,0.9256505576208178,0.5910780669144982,0.7397769516728625,0.8345724907063197,0.5576208178438662,0.8884758364312267,0.7992565055762082,0.9628252788104089,81.77,cell_key,16,94.42,True,MEDIUM,487.0,1066301.0,40790.0,41.0
ECI:1079243.0,78,3,6.8998158499999995,3.4219704,7.478228393589744,80.76923076923077,83.33333333333334,62.82051282051282,3.850863999999999,9.867742395,-99.68152,-10.56504775,8.23281,7.0,15.5,13.5322545,23.5750618,16.0,0.36718079365079365,0.9591078066914498,0.758364312267658,0.9739776951672863,0.241635687732342,0.8736059479553904,0.7453531598513011,0.9962825278810409,0.8104089219330854,0.587360594795539,0.6877323420074349,81.41,cell_key,17,94.05,True,MEDIUM,383.0,1079243.0,356.0,1.0
ECI:1076796.0,40,4,2.215852,0.0153872,3.3938037967500003,95.0,97.5,35.0,20.775616999999997,44.987931200000006,-108.296435,-11.05546875,8.1294705,8.0,6.5,2.5651253499999997,11.533973200000002,57.0,0.035005140543666866,0.9925650557620818,0.9851301115241635,0.9962825278810409,0.6171003717472119,0.7397769516728625,0.9888475836431226,0.040892193308550186,0.8178438661710037,0.6951672862453532,0.9256505576208178,81.01,cell_key,18,93.68,True,LOW,184.0,1076796.0,40790.0,41.0
ECI:1067296.0,40,4,13.71842375,1.0832560000000002,24.1217481625,40.0,50.0,40.0,13.031754125000003,38.025445500000004,-106.9515725,-11.664538,6.2618382,7.5,11.5,7.2996111,13.040142600000001,96.5,0.11009076169131929,0.8921933085501859,0.8736059479553904,0.9070631970260223,0.48698884758364314,0.8234200743494424,0.9219330855018587,0.550185873605948,0.895910780669145,0.8029739776951673,0.8996282527881041,80.95,cell_key,19,93.31,True,LOW,110.0,1067296.0,1850.0,3.0
ECI:1065503.0,31,3,17.551687,0.351496,17.91564472580645,41.935483870967744,45.16129032258064,12.903225806451612,10.511985500000002,27.64540025,-105.637115,-11.864583,4.6892858,6.0,11.0,6.225374,10.26694,86.0,0.16860224390243903,0.828996282527881,0.9330855018587361,0.895910780669145,0.4312267657992565,0.9553903345724907,0.9330855018587361,0.4795539033457249,0.966542750929368,0.8364312267657993,0.8698884758364313,80.58,cell_key,20,92.94,True,LOW,132.0,1065503.0,1850.0,3.0
ECI:1076289.0,194,4,11.740904,4.0923632,13.972720135051546,37.628865979381445,43.29896907216495,28.865979381443296,25.984392750000005,57.36446420000001,-102.865735,-10.747864,9.9489645,7.0,16.0,8.4001695,13.338279300000005,77.0,0.17011745714285714,0.929368029739777,0.7211895910780669,0.8810408921933085,0.7286245353159851,0.8736059479553904,0.7118959107806692,0.7026022304832714,0.6728624535315985,0.6356877323420075,0.7955390334572491,80.26,cell_key,21,92.57,True,HIGH,179.0,1076289.0,40988.0,41.0
ECI:1077825.0,184,8,6.288084,1.0284432000000001,8.10917422429348,72.28260869565217,77.17391304347827,61.95652173913043,62.72755699999999,99.91152525,-92.36057249999999,-10.862463,12.278529500000001,9.0,17.0,6.944144,15.366931500000002,101.0,0.06851731713900136,0.966542750929368,0.8810408921933085,0.9628252788104089,0.9776951672862454,0.5892193308550185,0.6449814126394052,0.5390334572490706,0.5241635687732342,0.654275092936803,0.35315985130111527,79.94,cell_key,22,92.19,True,HIGH,167.0,1077825.0,40988.0,41.0
ECI:3636029.0,149,4,13.81016,5.8643888,16.778832013422818,37.58389261744966,39.59731543624161,22.818791946308725,57.702523,85.27290560000002,-92.92848,-10.355392,12.049462,8.0,15.0,9.782609,11.634292600000002,41.0,0.33043616,0.8884758364312267,0.6505576208178439,0.8475836431226765,0.966542750929368,0.7397769516728625,0.775092936802974,0.9107806691449815,0.5390334572490706,0.5650557620817844,0.3754646840148699,79.65,cell_key,23,91.82,True,HIGH,231.0,3636029.0,41186.0,41.0
ECI:1079095.0,44,4,14.539128,7.2710159999999995,15.934048261363637,20.454545454545457,40.909090909090914,40.909090909090914,25.311275000000002,55.44272815000002,-101.86291499999999,-12.1774335,7.5363387,6.0,9.0,4.864307200000001,11.0376185,153.5,0.11451121191791633,0.8810408921933085,0.5762081784386617,0.8587360594795539,0.7063197026022305,0.9553903345724907,0.9739776951672863,0.40148698884758366,0.8513011152416357,0.862453531598513,0.7657992565055762,78.62,cell_key,24,91.45,True,LOW,169.0,1079095.0,41384.0,41.0
ECI:1064992.0,811,14,18.313736,2.048312,18.933855577428485,26.263871763255242,29.099876695437732,18.7422934648582,9.887304250000003,25.882608250000004,-105.96521,-11.054534,4.2872095,5.0,14.0,8.701855,17.870722,113.0,0.1670785714285714,0.8141263940520446,0.8215613382899628,0.7063197026022305,0.4163568773234201,0.9944237918215614,0.8345724907063197,0.7806691449814126,0.9739776951672863,0.6914498141263941,0.8810408921933085,78.36,cell_key,25,91.08,True,HIGH,469.0,1064992.0,1850.0,3.0
ECI:1076429.0,128,3,6.88853985,2.3978952,8.8534269140625,63.28125,63.28125,35.15625,15.782541875000001,37.4446112,-100.59382500000001,-10.6905355,6.699628000000001,6.0,3.5,0.0,25.0,77.0,0.09675337863247863,0.9628252788104089,0.8066914498141264,0.9405204460966543,0.5390334572490706,0.9553903345724907,1.0,0.0037174721189591076,0.8847583643122676,0.6245353159851301,0.7286245353159851,78.22,cell_key,26,90.71,True,HIGH,375.0,1076429.0,356.0,1.0
ECI:1064982.0,90,4,15.376695999999999,6.5627944000000005,22.44492241111111,30.0,34.44444444444444,22.22222222222222,11.502550999999999,28.95286920000002,-108.53349,-11.158778,4.958648,7.0,12.0,8.83412,14.6684681,94.5,0.1970231381118881,0.8661710037174721,0.6171003717472119,0.7806691449814126,0.44981412639405205,0.8736059479553904,0.9089219330855018,0.8066914498141264,0.9553903345724907,0.7063197026022305,0.9368029739776952,78.21,cell_key,27,90.33,True,MEDIUM,469.0,1064982.0,500.0,1.0
ECI:1076266.0,120,3,13.59792775,6.702072,13.979253898333333,28.333333333333332,30.0,17.5,7.274289249999997,14.129084999999998,-109.352147,-12.577621,4.947599,6.0,17.0,10.6738725,14.6376085,69.0,0.195971387012987,0.895910780669145,0.6022304832713755,0.7230483271375465,0.34944237918215615,0.9553903345724907,0.6449814126394052,0.9516728624535316,0.9591078066914498,0.9070631970260223,0.9553903345724907,78.04,cell_key,28,89.96,False,HIGH,373.0,1076266.0,40790.0,41.0
ECI:1081653.0,43,3,19.645872,0.7213920000000003,33.941096174418604,37.2093023255814,48.837209302325576,41.86046511627907,8.721380000000002,35.81041130000002,-104.09073,-12.170139,7.853333,7.0,11.0,6.4171124,12.317156800000001,119.0,0.16764860897435896,0.79182156133829,0.9033457249070632,0.9033457249070632,0.38661710037174724,0.8736059479553904,0.9330855018587361,0.5018587360594795,0.8327137546468402,0.8587360594795539,0.8364312267657993,77.57,cell_key,29,89.59,False,LOW,315.0,1081653.0,41384.0,41.0
ECI:1080088.0,49,3,13.36912,5.5502464,15.354244591836734,34.69387755102041,36.734693877551024,34.69387755102041,19.12110775,42.07886640000002,-96.10462,-10.1015625,9.251063,8.0,14.0,10.0,22.472612400000003,91.0,0.166159125,0.8996282527881041,0.6579925650557621,0.8178438661710037,0.587360594795539,0.7397769516728625,0.8345724907063197,0.9144981412639405,0.7211895910780669,0.5055762081784386,0.5204460966542751,77.5,cell_key,30,89.22,False,LOW,196.0,1080088.0,356.0,1.0
ECI:3640372.0,37,2,17.156569,0.154672,24.608567483783784,40.54054054054054,43.24324324324324,21.62162162162162,57.081392,109.15357399999999,-88.56851,-12.71966,11.463953,8.0,19.0,6.174089,11.1819624,85.0,0.22027030769230768,0.8327137546468402,0.9591078066914498,0.8773234200743495,0.9591078066914498,0.7397769516728625,0.4739776951672863,0.4758364312267658,0.5762081784386617,0.9182156133828996,0.22676579925650558,76.86,cell_key,31,88.85,False,LOW,272.0,3640372.0,40790.0,41.0
ECI:1071637.0,139,5,13.008504,3.8328208,14.352511808629497,34.53237410071942,35.97122302158273,26.618705035971225,58.856846999999995,79.80096359999999,-102.5724,-10.104579,10.222341,10.0,17.0,8.6903305,12.1757712,81.0,0.17487048958333332,0.9033457249070632,0.7323420074349443,0.8066914498141264,0.9702602230483272,0.44052044609665425,0.6449814126394052,0.7769516728624535,0.6579925650557621,0.5092936802973977,0.79182156133829,76.46,cell_key,32,88.48,False,HIGH,395.0,1071637.0,500.0,1.0
ECI:1067152.0,84,2,28.23748,0.0351216,25.719828190452382,26.190476190476193,27.380952380952383,16.666666666666664,-1.329073499999998,18.1595646,-111.82329,-12.297926,5.5020185,6.0,13.0,9.586003,15.3883689,96.0,0.2509222615755032,0.724907063197026,0.9739776951672863,0.6765799256505576,0.11152416356877323,0.9553903345724907,0.8773234200743495,0.9033457249070632,0.9219330855018587,0.8773234200743495,0.9851301115241635,76.34,cell_key,33,88.1,False,MEDIUM,340.0,1067152.0,41384.0,41.0
ECI:1065012.0,33,2,14.919544,1.6842720000000002,15.903036090909092,33.33333333333333,39.39393939393939,27.27272727272727,19.979304000000003,49.29964875,-108.773026,-11.286407,8.950002,7.0,15.0,4.2352943,10.882092400000001,87.0,0.16091844604316546,0.8736059479553904,0.8475836431226765,0.8438661710037175,0.5985130111524164,0.8736059479553904,0.775092936802974,0.31226765799256506,0.7286245353159851,0.7286245353159851,0.9405204460966543,76.19,cell_key,34,87.73,False,LOW,469.0,1065012.0,41186.0,41.0
ECI:1076279.0,97,3,15.498872,4.6077328,17.566882915463918,35.051546391752574,46.391752577319586,29.896907216494846,29.777895,67.79471930000001,-103.68619,-11.442307,9.446671,8.0,15.0,4.7115383,10.251461800000001,119.0,0.1479336,0.862453531598513,0.7063197026022305,0.8996282527881041,0.7695167286245354,0.7397769516728625,0.775092936802974,0.3828996282527881,0.7100371747211895,0.7695167286245354,0.8215613382899628,75.84,cell_key,35,87.36,False,MEDIUM,179.0,1076279.0,41384.0,41.0
ECI:1069080.0,65,4,8.357544,2.5839232,11.659226499999999,55.38461538461539,55.38461538461539,43.07692307692308,3.972923999999999,38.835321900000004,-111.24687,-10.054768,8.073255,9.0,13.0,8.08668,14.5171316,45.0,0.15448615384615383,0.9442379182156134,0.7955390334572491,0.929368029739777,0.24907063197026022,0.5892193308550185,0.8773234200743495,0.620817843866171,0.8215613382899628,0.4795539033457249,0.9814126394052045,75.65,cell_key,36,86.99,False,MEDIUM,140.0,1069080.0,356.0,1.0
ECI:1076798.0,112,5,17.84618,1.2005640000000002,20.69451254375,35.714285714285715,54.46428571428571,37.5,45.474357,72.73886999999999,-92.168175,-11.9514415,7.43934655,10.0,14.0,4.146464,8.8555141,115.5,0.15400979860418745,0.8252788104089219,0.8698884758364313,0.9219330855018587,0.9144981412639405,0.44052044609665425,0.8345724907063197,0.29739776951672864,0.8550185873605948,0.8475836431226765,0.3420074349442379,75.46,cell_key,37,86.62,False,HIGH,183.0,1076798.0,40790.0,41.0
ECI:1066312.0,48,2,16.309584,0.400868,18.117074416666664,37.5,43.75,29.166666666666668,12.522691500000002,39.493616599999996,-95.4960825,-10.133935000000001,8.931451,8.0,17.5,8.461145,13.846002200000003,78.5,0.21700153983739837,0.8513011152416357,0.9256505576208178,0.8847583643122676,0.4721189591078067,0.7397769516728625,0.6059479553903345,0.7174721189591078,0.7360594795539034,0.5130111524163569,0.4795539033457249,75.46,cell_key,38,86.25,False,LOW,488.0,1066312.0,9310.0,28.0
ECI:1076541.0,77,7,15.258352,5.4526688000000005,16.36440440909091,29.87012987012987,36.36363636363637,23.376623376623375,21.748328,41.315512000000005,-108.86352,-11.332683,8.897828,8.0,12.0,5.042017,7.808501980000001,78.0,0.17512151515151517,0.8698884758364313,0.6654275092936803,0.8122676579925651,0.6468401486988847,0.7397769516728625,0.9089219330855018,0.41263940520446096,0.7397769516728625,0.7434944237918215,0.9479553903345725,74.86,cell_key,39,85.87,False,MEDIUM,182.0,1076541.0,40790.0,41.0
ECI:1076369.0,153,7,18.928007,6.5768208,19.920836233333333,23.52941176470588,26.797385620915033,19.607843137254903,8.959276000000003,28.395846500000005,-104.77589,-12.074495,5.78764,7.0,13.0,9.078014,13.811859400000005,84.0,0.19817546666666666,0.8029739776951673,0.6133828996282528,0.6617100371747212,0.3903345724907063,0.8736059479553904,0.8773234200743495,0.8550185873605948,0.9070631970260223,0.8550185873605948,0.8550185873605948,74.82,cell_key,40,85.5,False,HIGH,373.0,1076369.0,41384.0,41.0
ECI:1064757.0,126,8,15.606116,4.653855999999999,25.559643176984125,35.714285714285715,42.06349206349206,25.396825396825395,10.278008000000002,38.33637699999999,-109.511995,-11.013901,8.7605145,7.0,13.0,5.4846433,9.749994000000001,87.0,0.17200726453081233,0.8587360594795539,0.7026022304832714,0.8661710037174721,0.42379182156133827,0.8736059479553904,0.8773234200743495,0.4312267657992565,0.7546468401486989,0.6802973977695167,0.9702602230483272,74.65,cell_key,41,85.13,False,HIGH,147.0,1064757.0,41384.0,41.0
ECI:1077820.0,113,4,16.292616,3.1606016000000006,20.225222526548674,34.51327433628318,53.98230088495575,39.823008849557525,45.733184,78.5886214,-97.90453,-10.068673,10.940743,9.0,18.0,6.6037736,13.820512199999998,123.0,0.1326169090909091,0.8550185873605948,0.7806691449814126,0.9182156133828996,0.929368029739777,0.5892193308550185,0.5594795539033457,0.5130111524163569,0.620817843866171,0.48698884758364314,0.5910780669144982,74.33,cell_key,42,84.76,False,HIGH,165.0,1077820.0,40790.0,41.0
ECI:3640385.0,50,4,24.006056,3.0894792,26.47799802,36.0,38.0,30.0,36.485761999999994,67.76227965,-96.92221,-12.51476125,9.694586000000001,7.0,19.5,7.21795965,11.0481798,90.0,0.2964410476190476,0.7620817843866171,0.7843866171003717,0.8308550185873605,0.862453531598513,0.8736059479553904,0.4275092936802974,0.5464684014869888,0.6914498141263941,0.8996282527881041,0.5353159851301115,74.33,cell_key,43,84.39,False,MEDIUM,275.0,3640385.0,41384.0,41.0
ECI:1065543.0,109,3,27.299591,2.75672,25.346212933944955,33.94495412844037,35.77981651376147,21.100917431192663,68.37133700000001,117.13442900000001,-88.40399,-9.609976,13.54778,8.0,18.0,12.156167,20.2403568,88.0,0.29932045714285715,0.7323420074349443,0.79182156133829,0.7992565055762082,0.9814126394052045,0.7397769516728625,0.5594795539033457,0.9888475836431226,0.4200743494423792,0.3159851301115242,0.22304832713754646,74.01,cell_key,44,84.01,False,HIGH,132.0,1065543.0,9310.0,28.0
ECI:1080641.0,61,5,20.346825,4.679648,31.84898237377049,27.86885245901639,44.26229508196721,27.86885245901639,20.5341155,46.596914999999996,-100.00189,-11.045139,11.271188,7.0,10.0,4.9865227,10.097965,151.0,0.15341374193548388,0.7881040892193308,0.6951672862453532,0.8884758364312267,0.6133828996282528,0.8736059479553904,0.9535315985130112,0.4052044609665427,0.5985130111524164,0.6877323420074349,0.7026022304832714,73.89,cell_key,45,83.64,False,MEDIUM,353.0,1080641.0,40988.0,41.0
ECI:1081654.0,31,4,16.60924,3.540848,17.529265612903227,38.70967741935484,51.61290322580645,38.70967741935484,22.6870345,46.6060825,-95.436226,-11.377688,8.866668,7.0,10.0,2.7072759,6.325301,156.0,0.11157970056497175,0.8401486988847584,0.7434944237918215,0.912639405204461,0.6691449814126395,0.8736059479553904,0.9535315985130112,0.06319702602230483,0.7434944237918215,0.7509293680297398,0.4721189591078067,73.89,cell_key,46,83.27,False,LOW,355.0,1081654.0,41384.0,41.0
ECI:1080630.0,67,4,12.851496,3.1885936,23.734130194029852,38.80597014925373,44.776119402985074,28.35820895522388,11.994732000000003,57.120473649999994,-110.138115,-10.083333,8.464286,7.0,12.0,2.672148,7.5638796,83.0,0.16009632432432433,0.9070631970260223,0.7769516728624535,0.8921933085501859,0.45724907063197023,0.8736059479553904,0.9089219330855018,0.05947955390334572,0.79182156133829,0.49814126394052044,0.9739776951672863,73.46,cell_key,47,82.9,False,MEDIUM,352.0,1080630.0,41384.0,41.0
ECI:1066812.0,37,2,16.530865,3.382096,15.722216864864865,27.027027027027028,35.13513513513514,29.72972972972973,15.344716999999997,37.5133627,-108.34439,-10.585172,7.586458,9.0,16.0,8.196721,13.763736999999999,81.0,0.1638487868852459,0.8438661710037175,0.7620817843866171,0.7881040892193308,0.5315985130111525,0.5892193308550185,0.7118959107806692,0.6468401486988847,0.8401486988847584,0.5985130111524164,0.929368029739777,73.15,cell_key,48,82.53,False,LOW,157.0,1066812.0,40790.0,41.0
ECI:1073729.0,31,2,9.846632,3.48944,10.835496806451612,51.61290322580645,58.06451612903226,41.935483870967744,8.57196,28.300502,-117.68507,-11.382305,5.764615,8.0,16.0,2.8301888,5.8189654,89.0,0.10167222535211266,0.9368029739776952,0.7546468401486989,0.9368029739776952,0.379182156133829,0.7397769516728625,0.7118959107806692,0.08178438661710037,0.9107806691449815,0.7546468401486989,1.0,72.84,cell_key,49,82.16,False,LOW,363.0,1073729.0,40988.0,41.0
ECI:1079606.0,51,4,11.9552,3.830312,12.278469137254902,37.254901960784316,43.13725490196079,19.607843137254903,9.591124500000001,28.408399000000003,-106.71287,-11.221301,7.5777774,7.0,14.0,2.435724,8.194445,79.0,0.1398658313253012,0.9219330855018587,0.7360594795539034,0.8736059479553904,0.40892193308550184,0.8736059479553904,0.8345724907063197,0.03345724907063197,0.8438661710037175,0.7137546468401487,0.895910780669145,72.78,cell_key,50,81.78,False,MEDIUM,345.0,1079606.0,41384.0,41.0
ECI:1077823.0,51,2,14.800088,7.001816,17.689507333333335,27.450980392156865,35.294117647058826,31.372549019607842,31.207269999999998,67.07861799999999,-94.07617,-11.335396,7.2087913,9.0,15.0,4.6979866,8.725491,109.0,0.1491202891566265,0.8773234200743495,0.5947955390334573,0.79182156133829,0.8066914498141264,0.5892193308550185,0.775092936802974,0.379182156133829,0.8661710037174721,0.7472118959107806,0.4163568773234201,72.33,cell_key,51,81.41,False,MEDIUM,165.0,1077823.0,40988.0,41.0
ECI:1075743.0,36,3,16.9464245,6.599432,18.816761041666666,13.88888888888889,25.0,25.0,40.771452125,80.6854875,-98.76418749999999,-9.2122675,9.474196249999999,9.0,14.5,9.02124375,15.272916,89.0,0.1728248539730135,0.8364312267657993,0.6096654275092936,0.6338289962825279,0.8921933085501859,0.5892193308550185,0.8066914498141264,0.8513011152416357,0.7063197026022305,0.1412639405204461,0.6319702602230484,72.31,cell_key,52,81.04,False,LOW,159.0,1075743.0,1850.0,3.0
ECI:1066006.0,41,2,28.111032,5.948912,25.249897560975608,17.073170731707318,24.390243902439025,24.390243902439025,8.364526999999999,38.021381999999996,-105.923325,-11.325843,7.6449447,7.0,13.0,9.536638,18.221071,88.0,0.287578,0.7286245353159851,0.6431226765799256,0.6096654275092936,0.3754646840148699,0.8736059479553904,0.8773234200743495,0.895910780669145,0.8364312267657993,0.7397769516728625,0.8773234200743495,72.06,cell_key,53,80.67,False,LOW,125.0,1066006.0,500.0,1.0
ECI:1067031.0,40,1,7.883652,1.9376487999999998,7.343754799999999,72.5,72.5,45.0,4.780956,30.447239950000007,-98.630608,-9.67279225,9.9348695,9.0,19.0,8.352121,16.996656700000006,32.5,0.2403715322580645,0.9479553903345725,0.8327137546468402,0.9553903345724907,0.26765799256505574,0.5892193308550185,0.4739776951672863,0.6840148698884758,0.6765799256505576,0.34572490706319703,0.6245353159851301,72.0,cell_key,54,80.3,False,LOW,130.0,1067031.0,356.0,1.0
ECI:1076287.0,80,2,18.936172499999998,8.475848000000001,20.53358263125,28.749999999999996,30.0,26.25,17.051423250000003,32.14791250000001,-101.442604,-11.2828315,10.4648525,8.0,17.0,10.3899985,14.200453300000003,64.5,0.24382538775510204,0.7992565055762082,0.550185873605948,0.7230483271375465,0.550185873605948,0.7397769516728625,0.6449814126394052,0.9219330855018587,0.6468401486988847,0.724907063197026,0.7546468401486989,71.55,cell_key,55,79.93,False,MEDIUM,177.0,1076287.0,40988.0,41.0
ECI:1077812.0,41,2,4.10496,0.605528,4.8622159748780485,85.36585365853658,85.36585365853658,24.390243902439025,42.4183695,56.191714000000005,-92.29803,-9.421053,14.242223,11.0,20.0,5.5718474,16.736403,47.0,0.08871885714285714,0.9851301115241635,0.9107806691449815,0.9814126394052045,0.8996282527881041,0.2955390334572491,0.36617100371747213,0.4349442379182156,0.3754646840148699,0.2379182156133829,0.34944237918215615,71.45,cell_key,56,79.55,False,LOW,167.0,1077812.0,41186.0,41.0
ECI:1064767.0,81,5,31.11508,0.005648,35.966354074074076,30.864197530864196,34.5679012345679,17.28395061728395,6.828002999999988,23.661564749999993,-107.243126,-10.975625,8.205376,8.0,13.0,6.3909774,10.72827,154.0,0.24133553488372092,0.6728624535315985,1.0,0.7843866171003717,0.3271375464684015,0.7397769516728625,0.8773234200743495,0.4944237918215613,0.8141263940520446,0.6765799256505576,0.9033457249070632,71.05,cell_key,57,79.18,False,MEDIUM,147.0,1064767.0,40988.0,41.0
ECI:1079574.0,55,4,18.601831,9.7132336,23.08671124909091,18.181818181818183,23.636363636363637,18.181818181818183,13.983038999999998,28.912405030000002,-94.96506,-11.8984375,7.094624,7.0,17.0,9.121061,12.373823,77.0,0.2451530821917808,0.8104089219330854,0.5055762081784386,0.5910780669144982,0.5055762081784386,0.8736059479553904,0.6449814126394052,0.8587360594795539,0.8698884758364313,0.8401486988847584,0.45353159851301117,71.04,cell_key,58,78.81,False,MEDIUM,346.0,1079574.0,500.0,1.0
ECI:3640375.0,161,7,30.873167,0.731248,36.82416649875776,30.434782608695656,32.298136645962735,17.391304347826086,39.437400999999994,87.811049,-89.076675,-11.76375,13.641109,8.0,18.0,8.114035,11.99422,96.0,0.35693908661417323,0.6840148698884758,0.8996282527881041,0.7620817843866171,0.8773234200743495,0.7397769516728625,0.5594795539033457,0.6282527881040892,0.40892193308550184,0.8104089219330854,0.24535315985130113,70.92,cell_key,59,78.44,False,HIGH,275.0,3640375.0,40988.0,41.0
ECI:3640371.0,53,2,30.775808,3.3728064000000004,44.52982364150943,24.528301886792452,32.075471698113205,28.30188679245283,18.723754999999997,52.1894606,-100.33188,-11.507353,8.938095,7.0,18.0,8.088889,11.863179200000003,101.0,0.3351810397727273,0.6877323420074349,0.7657992565055762,0.7546468401486989,0.5836431226765799,0.8736059479553904,0.5594795539033457,0.6245353159851301,0.7323420074349443,0.7843866171003717,0.7174721189591078,70.45,cell_key,60,78.07,False,MEDIUM,271.0,3640371.0,40790.0,41.0
ECI:1067148.0,83,2,27.183935,0.7135728,32.897478535903616,21.686746987951807,30.120481927710845,28.915662650602407,12.978757000000002,67.74875019999998,-97.70119,-10.824142,9.423332,10.0,18.0,11.530249,16.7977384,143.0,0.2339709893617021,0.7397769516728625,0.9070631970260223,0.7286245353159851,0.483271375464684,0.44052044609665425,0.5594795539033457,0.9776951672862454,0.7137546468401487,0.6431226765799256,0.5762081784386617,70.35,cell_key,61,77.7,False,MEDIUM,339.0,1067148.0,41186.0,41.0
ECI:1066048.0,89,2,34.952847,0.14898720000000001,36.64370988191011,32.58426966292135,41.57303370786517,35.95505617977528,22.817393000000003,64.5796646,-98.81387,-10.328589,12.003997,9.0,20.0,8.944794,14.839424500000002,105.0,0.325424,0.6171003717472119,0.9628252788104089,0.862453531598513,0.6765799256505576,0.5892193308550185,0.36617100371747213,0.8364312267657993,0.5539033457249071,0.5576208178438662,0.6394052044609665,68.98,cell_key,62,77.32,False,MEDIUM,123.0,1066048.0,40988.0,41.0
ECI:3643080.0,32,2,61.7220985,7.273061600000001,65.35466934375,12.5,28.125,28.125,56.24435999999999,110.35014040000002,-101.45237,-16.348856,3.22445675,8.0,14.0,10.7393865,12.9434989,195.0,0.34628717781866847,0.3308550185873606,0.5724907063197026,0.6914498141263941,0.9553903345724907,0.7397769516728625,0.8345724907063197,0.9591078066914498,0.9925650557620818,0.9962825278810409,0.758364312267658,68.81,cell_key,63,76.95,False,LOW,310.0,3643080.0,356.0,1.0
ECI:1079576.0,31,3,34.147655,1.364344,28.939738838709676,32.25806451612903,35.483870967741936,25.806451612903224,13.771025000000002,27.135075999999998,-94.76908,-9.793883,10.792137,9.0,15.0,8.843537,14.285714,100.0,0.3380955940594059,0.6319702602230484,0.862453531598513,0.7955390334572491,0.49814126394052044,0.5892193308550185,0.775092936802974,0.8178438661710037,0.6319702602230484,0.3828996282527881,0.43866171003717475,67.94,cell_key,64,76.58,False,LOW,345.0,1079576.0,356.0,1.0
ECI:1073468.0,36,2,22.7023,13.138368,23.09195297222222,8.333333333333332,38.88888888888889,38.88888888888889,20.34198,40.769867,-108.53,-11.195992,7.90714365,7.5,15.0,3.6188419,8.482829500000001,160.0,0.181282801953577,0.7769516728624535,0.4052044609665427,0.8401486988847584,0.6096654275092936,0.8234200743494424,0.775092936802974,0.2342007434944238,0.828996282527881,0.7100371747211895,0.9330855018587361,67.76,cell_key,65,76.21,False,LOW,80.0,1073468.0,40790.0,41.0
ECI:1076277.0,51,2,17.90932,7.052544,19.37973649019608,19.607843137254903,31.372549019607842,25.49019607843137,27.9141305,49.9609235,-98.34233,-10.30013,11.295747,9.0,15.0,4.6296296,11.3138685,122.0,0.16364630894308943,0.8215613382899628,0.5910780669144982,0.7472118959107806,0.758364312267658,0.5892193308550185,0.775092936802974,0.3754646840148699,0.5910780669144982,0.550185873605948,0.6096654275092936,67.74,cell_key,66,75.84,False,MEDIUM,177.0,1076277.0,41384.0,41.0
ECI:3631414.0,32,3,35.5219995,2.2844160000000002,41.90990553125,28.125,31.25,25.0,8.2990865,69.00879352500006,-96.6799675,-13.293198,7.54928065,6.0,18.5,7.5723622,10.1737263,138.5,0.26607856603773583,0.6096654275092936,0.8141263940520446,0.7434944237918215,0.37174721189591076,0.9553903345724907,0.516728624535316,0.5724907063197026,0.8475836431226765,0.9442379182156134,0.5315985130111525,67.73,cell_key,67,75.46,False,LOW,214.0,3631414.0,40988.0,41.0
ECI:1079839.0,37,2,25.716808,9.9046016,33.692610283783786,18.91891891891892,18.91891891891892,8.108108108108109,5.661753999999998,17.776861999999998,-99.65625,-11.692806,5.0333343,7.0,12.0,8.533654,10.889488,88.0,0.29223645454545455,0.7472118959107806,0.49070631970260226,0.46096654275092935,0.2936802973977695,0.8736059479553904,0.9089219330855018,0.7360594795539034,0.9479553903345725,0.8066914498141264,0.6840148698884758,67.15,cell_key,68,75.09,False,LOW,496.0,1079839.0,1850.0,3.0
ECI:1081652.0,62,3,20.584864500000002,8.9329624,25.848229353225808,16.129032258064516,38.70967741935484,38.70967741935484,43.385698500000004,68.96885135000001,-93.1580045,-10.388021,13.1264125,8.0,15.5,3.4964082000000003,6.3918722599999995,135.0,0.2000651291020807,0.7843866171003717,0.5390334572490706,0.8364312267657993,0.9033457249070632,0.7397769516728625,0.7453531598513011,0.1970260223048327,0.45724907063197023,0.5724907063197026,0.3903345724907063,67.13,cell_key,69,74.72,False,MEDIUM,356.0,1081652.0,41186.0,41.0
ECI:1065268.0,136,5,30.89038,0.20100800000000002,30.307681896985294,34.55882352941176,36.76470588235294,35.294117647058826,2.468474749999997,21.708888375,-107.81425,-10.849432,8.326402,8.0,15.0,4.196513749999999,9.766848,97.0,0.24882157652071007,0.6802973977695167,0.9516728624535316,0.8215613382899628,0.19330855018587362,0.7397769516728625,0.775092936802974,0.3048327137546468,0.8029739776951673,0.6468401486988847,0.9182156133828996,66.93,cell_key,70,74.35,False,HIGH,146.0,1065268.0,41186.0,41.0
ECI:1079183.0,45,4,31.611128,13.568009200000002,35.57621971111111,8.88888888888889,24.444444444444443,24.444444444444443,26.960655000000003,64.77592600000001,-93.388954,-11.985436,8.51333,8.0,13.0,8.323133,13.399337599999999,177.0,0.221796821192053,0.654275092936803,0.3940520446096654,0.6133828996282528,0.7472118959107806,0.7397769516728625,0.8773234200743495,0.6728624535315985,0.7843866171003717,0.8513011152416357,0.4052044609665427,66.6,cell_key,71,73.98,False,LOW,383.0,1079183.0,41384.0,41.0
ECI:1079245.0,57,1,18.240393,9.683686400000001,18.09647645964912,12.280701754385964,24.561403508771928,19.298245614035086,12.256475749999996,28.395989049999997,-88.11768,-9.91199,9.487502,8.0,17.0,8.92495,13.14407,113.0,0.18377973873873873,0.8178438661710037,0.5092936802973977,0.6226765799256505,0.4646840148698885,0.7397769516728625,0.6449814126394052,0.8327137546468402,0.7026022304832714,0.4163568773234201,0.21189591078066913,66.49,cell_key,72,73.61,False,LOW,385.0,1079245.0,356.0,1.0
ECI:3635992.0,129,2,50.32315,0.2447264,50.52213291394573,15.503875968992247,21.705426356589147,20.155038759689923,28.79352500000001,90.14195150000003,-92.55719,-15.511792,6.740449,9.0,18.0,10.58201,12.2603746,97.0,0.5585004910714286,0.40148698884758366,0.9405204460966543,0.5427509293680297,0.7620817843866171,0.5892193308550185,0.5594795539033457,0.9330855018587361,0.8810408921933085,0.9888475836431226,0.3643122676579926,65.67,cell_key,73,73.23,False,MEDIUM,234.0,3635992.0,500.0,1.0
ECI:3638804.0,57,2,50.28357,2.4984752000000015,52.356906631543865,14.035087719298245,24.561403508771928,24.561403508771928,45.49862499999999,154.8046731,-91.54915,-14.481618,10.146739,10.0,17.0,10.187933,12.4106526,94.0,0.5441630337078651,0.4052044609665427,0.7992565055762082,0.6226765799256505,0.9182156133828996,0.44052044609665425,0.6449814126394052,0.9182156133828996,0.6617100371747212,0.9702602230483272,0.31970260223048325,64.24,cell_key,74,72.86,False,MEDIUM,250.0,3638804.0,500.0,1.0
ECI:1073460.0,35,2,18.763592,6.265780800000002,19.582332528571428,14.285714285714285,22.857142857142858,22.857142857142858,21.687168,45.05304325000001,-107.40497,-11.098214,10.867502,9.0,16.0,3.7383177,7.6579885,96.0,0.17931665934065935,0.8066914498141264,0.6319702602230484,0.587360594795539,0.6394052044609665,0.5892193308550185,0.7118959107806692,0.241635687732342,0.6245353159851301,0.6988847583643123,0.9107806691449815,64.15,cell_key,75,72.49,False,LOW,82.0,1073460.0,41186.0,41.0
ECI:1067153.0,250,9,31.814252,10.828539950000001,33.88056848,12.0,22.400000000000002,22.0,21.9642675,56.24932289999998,-99.48385,-11.519254499999999,9.862783,9.0,17.0,9.41227675,14.689654799999998,137.0,0.24440596791383218,0.6505576208178439,0.43866171003717475,0.5724907063197026,0.654275092936803,0.5892193308550185,0.6449814126394052,0.8810408921933085,0.6840148698884758,0.7881040892193308,0.6765799256505576,63.99,cell_key,76,72.12,False,HIGH,338.0,1067153.0,41384.0,41.0
ECI:1079093.0,64,2,30.7202445,8.492439200000002,29.715397468749998,14.0625,17.1875,14.0625,14.7685785,37.549734300000004,-97.224118,-12.331357,5.36461665,8.0,12.0,5.85809635,11.358968100000002,182.0,0.18373194086021505,0.6914498141263941,0.5464684014869888,0.3940520446096654,0.5278810408921933,0.7397769516728625,0.9089219330855018,0.4646840148698885,0.9256505576208178,0.8810408921933085,0.5576208178438662,63.75,cell_key,77,71.75,False,MEDIUM,168.0,1079093.0,41384.0,41.0
ECI:1082162.0,106,6,29.889268,0.58464,42.02231612075472,21.69811320754717,33.9622641509434,21.69811320754717,30.770578499999996,79.879673,-90.044475,-10.295723500000001,12.8692435,10.0,17.5,3.504511,9.4261785,161.0,0.21893298724489796,0.7063197026022305,0.9144981412639405,0.7769516728624535,0.7992565055762082,0.44052044609665425,0.6059479553903345,0.20446096654275092,0.4795539033457249,0.5464684014869888,0.26394052044609667,63.61,cell_key,78,71.38,False,HIGH,139.0,1082162.0,41186.0,41.0
ECI:1067151.0,136,7,25.3177955,5.644640000000001,29.35997326102941,13.23529411764706,19.11764705882353,18.38235294117647,2.4048560000000014,18.06962675,-104.50951,-11.4115885,11.297177999999999,10.0,15.0,11.2903075,17.724702,87.0,0.31373609280898873,0.7509293680297398,0.654275092936803,0.4721189591078067,0.1821561338289963,0.44052044609665425,0.775092936802974,0.9739776951672863,0.587360594795539,0.7657992565055762,0.8475836431226765,63.21,cell_key,79,71.0,False,HIGH,339.0,1067151.0,41384.0,41.0
ECI:1070366.0,78,3,45.058786,0.5172128,41.6187313974359,17.94871794871795,28.205128205128204,15.384615384615385,20.985918749999993,48.57163199999999,-102.44504,-9.932648499999999,13.034453500000001,8.0,17.5,7.65318635,11.8941465,157.0,0.30739648562367866,0.48698884758364314,0.9182156133828996,0.6951672862453532,0.620817843866171,0.7397769516728625,0.6059479553903345,0.5762081784386617,0.4684014869888476,0.4275092936802974,0.7881040892193308,62.54,cell_key,80,70.63,False,MEDIUM,333.0,1070366.0,1850.0,3.0
ECI:1067041.0,106,4,23.07228,9.284863999999999,30.56950924528302,11.320754716981133,17.92452830188679,17.92452830188679,45.586650750000004,101.8006365,-97.987435,-9.455046,12.547334,10.0,19.0,8.9022215,18.6656485,87.0,0.29356290176882854,0.7732342007434945,0.5278810408921933,0.43866171003717475,0.9219330855018587,0.44052044609665425,0.4739776951672863,0.828996282527881,0.5055762081784386,0.26765799256505574,0.5985130111524164,62.38,cell_key,81,70.26,False,HIGH,339.0,1067041.0,1850.0,3.0
ECI:3636033.0,345,8,31.482656,7.286776,41.618321001449274,14.492753623188406,17.681159420289855,13.623188405797102,40.0827555,71.47715400000001,-96.03831,-9.864375,14.564891,9.0,17.0,9.463488,11.488533799999999,74.0,0.4592662037037037,0.6617100371747212,0.5687732342007435,0.4312267657992565,0.8847583643122676,0.5892193308550185,0.6449814126394052,0.8847583643122676,0.3271375464684015,0.40148698884758366,0.516728624535316,62.32,cell_key,82,69.89,False,HIGH,232.0,3636033.0,41384.0,41.0
ECI:1075733.0,42,2,23.357864499999998,9.909019200000003,25.619519,11.904761904761903,19.047619047619047,14.285714285714285,37.8563015,68.90058359999999,-103.85746,-9.691322,10.276555,9.0,19.5,7.9823854999999995,11.987000199999999,98.5,0.2714717635189669,0.7695167286245354,0.48698884758364314,0.4646840148698885,0.8698884758364313,0.5892193308550185,0.4275092936802974,0.6171003717472119,0.6505576208178439,0.35687732342007433,0.828996282527881,62.29,cell_key,83,69.52,False,LOW,159.0,1075733.0,500.0,1.0
ECI:3635989.0,41,2,48.413128,25.364496,50.76850943902439,2.4390243902439024,21.951219512195124,21.951219512195124,35.01568500000001,64.17454800000002,-91.998245,-15.885938,6.8933325,7.0,17.0,10.672853,12.947831,124.0,0.40119327433628316,0.42379182156133827,0.21933085501858737,0.5613382899628253,0.8438661710037175,0.8736059479553904,0.6449814126394052,0.9479553903345725,0.8773234200743495,0.9925650557620818,0.3345724907063197,62.24,cell_key,84,69.14,False,LOW,231.0,3635989.0,500.0,1.0
ECI:1071676.0,46,2,25.8558485,0.121168,23.773081586956522,19.565217391304348,19.565217391304348,8.695652173913043,12.278487499999999,43.56593050000001,-102.2764,-11.1493275,11.370878999999999,9.0,16.0,3.0664398,4.8793565,75.5,0.3248650974602203,0.7434944237918215,0.9702602230483272,0.483271375464684,0.4684014869888476,0.5892193308550185,0.7118959107806692,0.13382899628252787,0.5799256505576208,0.7026022304832714,0.7843866171003717,61.98,cell_key,85,68.77,False,LOW,393.0,1071676.0,40790.0,41.0
ECI:1066049.0,30,2,39.425833,9.4632512,42.6070945,13.333333333333334,16.666666666666664,16.666666666666664,-1.4505290000000013,22.123906800000004,-106.47262,-11.946061499999999,5.2922845,6.0,12.0,9.501391000000002,14.590985050000002,150.5,0.23788166986585235,0.5315985130111525,0.516728624535316,0.3736059479553903,0.10780669144981413,0.9553903345724907,0.9089219330855018,0.8884758364312267,0.929368029739777,0.8438661710037175,0.8884758364312267,61.86,cell_key,86,68.4,False,LOW,125.0,1066049.0,40988.0,41.0
ECI:1066294.0,633,13,19.536535,1.4225600000000003,27.99612084388626,32.38546603475513,40.758293838862556,22.274881516587676,17.821284000000002,69.3763765,-100.87101,-9.7244625,14.870931,11.0,19.0,4.2627535,9.437880800000002,71.0,0.26538673863636364,0.7955390334572491,0.8550185873605948,0.8550185873605948,0.5687732342007435,0.2955390334572491,0.4739776951672863,0.3159851301115242,0.30855018587360594,0.3680297397769517,0.7323420074349443,61.65,cell_key,87,68.03,False,HIGH,487.0,1066294.0,41384.0,41.0
ECI:1067051.0,33,1,30.385784,11.787296,27.894549242424244,9.090909090909092,12.121212121212121,12.121212121212121,-7.311822500000002,10.699092800000004,-109.51084,-11.80125,8.853407,5.0,15.0,10.526316,16.8299046,85.0,0.3522809777777778,0.6988847583643123,0.4163568773234201,0.2620817843866171,0.06319702602230483,0.9944237918215614,0.775092936802974,0.9256505576208178,0.7472118959107806,0.8215613382899628,0.966542750929368,61.61,cell_key,88,67.66,False,LOW,339.0,1067051.0,40988.0,41.0
ECI:1080085.0,125,6,44.65039,4.1818336,50.497135848,16.0,24.0,16.8,23.039171749999998,98.17960300000003,-95.10059,-10.217203,8.629885,9.0,18.0,8.374384,11.785601000000002,142.0,0.3353294121212121,0.49070631970260226,0.7174721189591078,0.5947955390334573,0.6802973977695167,0.5892193308550185,0.5594795539033457,0.6877323420074349,0.7657992565055762,0.5390334572490706,0.4646840148698885,60.34,cell_key,89,67.29,False,HIGH,196.0,1080085.0,500.0,1.0
ECI:1067032.0,40,4,36.5674285,7.076286400000001,33.5731333745,12.5,17.5,17.5,0.3668058750000007,22.923311100000006,-99.102845,-11.3910825,9.04003475,8.0,14.5,9.012788,12.8088019,127.0,0.28911715665222376,0.587360594795539,0.5836431226765799,0.4163568773234201,0.14869888475836432,0.7397769516728625,0.8066914498141264,0.8475836431226765,0.724907063197026,0.758364312267658,0.654275092936803,59.61,cell_key,90,66.91,False,LOW,131.0,1067032.0,356.0,1.0
ECI:1067050.0,44,2,40.81077500000001,11.339063999999999,45.894296727272724,9.090909090909092,18.181818181818183,15.909090909090908,5.082149499999999,33.045680300000015,-99.10448,-11.298656,6.950589750000001,8.0,13.0,8.983084000000002,15.866112700000006,162.0,0.28991503624901493,0.5278810408921933,0.4312267657992565,0.44609665427509293,0.27137546468401486,0.7397769516728625,0.8773234200743495,0.8401486988847584,0.8736059479553904,0.7360594795539034,0.6579925650557621,59.2,cell_key,91,66.54,False,LOW,338.0,1067050.0,40790.0,41.0
ECI:1065532.0,67,4,32.33895,6.786995200000003,32.93694207462686,11.940298507462686,25.37313432835821,25.37313432835821,16.117314999999998,69.4166633,-103.691574,-10.194231,11.022471,8.0,16.0,3.101737,7.959904999999999,93.0,0.2712557405405406,0.6468401486988847,0.5985130111524164,0.6468401486988847,0.5464684014869888,0.7397769516728625,0.7118959107806692,0.1412639405204461,0.6096654275092936,0.5315985130111525,0.8252788104089219,59.17,cell_key,92,66.17,False,MEDIUM,134.0,1065532.0,40790.0,41.0
ECI:1080631.0,41,2,43.38461,11.606376,43.16070612195122,9.75609756097561,26.82926829268293,26.82926829268293,24.025149999999996,70.4746185,-97.5253,-10.6875,12.165518,6.0,14.0,3.916449,7.0331445,170.0,0.27868129032258065,0.5055762081784386,0.42379182156133827,0.6672862453531598,0.6914498141263941,0.9553903345724907,0.8345724907063197,0.275092936802974,0.5315985130111525,0.6171003717472119,0.5724907063197026,59.1,cell_key,93,65.8,False,LOW,353.0,1080631.0,41384.0,41.0
ECI:3638837.0,204,4,37.392572,6.4239584,42.08188286470588,13.23529411764706,17.647058823529413,16.666666666666664,19.990406000000004,56.89601020000001,-97.76744500000001,-12.5001405,10.851839,8.0,20.0,8.196773499999999,11.3200985,83.0,0.4436010866628615,0.5724907063197026,0.6282527881040892,0.4256505576208178,0.6022304832713755,0.7397769516728625,0.36617100371747213,0.6505576208178439,0.6282527881040892,0.895910780669145,0.5799256505576208,58.75,cell_key,94,65.43,False,HIGH,253.0,3638837.0,40988.0,41.0
ECI:1067720.0,131,4,57.694927,0.031944,55.378382152671755,14.50381679389313,19.84732824427481,14.50381679389313,17.716399999999993,86.969345,-99.46023,-9.775,10.721841,9.0,17.0,8.756567,13.058187,140.0,0.4336671408450704,0.3643122676579926,0.9776951672862454,0.49070631970260226,0.5650557620817844,0.5892193308550185,0.6449814126394052,0.7955390334572491,0.6356877323420075,0.37174721189591076,0.6728624535315985,58.52,cell_key,95,65.06,False,HIGH,351.0,1067720.0,500.0,1.0
ECI:1065271.0,145,4,29.561224,3.4985983999999997,29.58474076896552,26.89655172413793,30.344827586206897,20.689655172413794,2.6132400000000002,22.2288957,-106.18883,-10.050505,12.43297,10.0,18.0,5.594901,10.374449399999998,78.0,0.4078333333333334,0.7100371747211895,0.7509293680297398,0.7323420074349443,0.20446096654275092,0.44052044609665425,0.5594795539033457,0.43866171003717475,0.5092936802973977,0.4758364312267658,0.8847583643122676,58.32,cell_key,96,64.68,False,HIGH,146.0,1065271.0,41384.0,41.0
ECI:1064764.0,64,4,32.45998,9.282308,38.7818489203125,14.0625,18.75,14.0625,10.1304265,31.915861350000007,-105.908025,-10.6169555,8.4412035,9.0,16.0,6.28361605,10.960810900000002,92.5,0.29439189494382023,0.6431226765799256,0.5315985130111525,0.45724907063197023,0.4200743494423792,0.5892193308550185,0.7118959107806692,0.48698884758364314,0.7955390334572491,0.6022304832713755,0.8736059479553904,57.99,cell_key,97,64.31,False,MEDIUM,147.0,1064764.0,40790.0,41.0
ECI:1079613.0,42,3,23.581708,9.7768592,24.928299950000003,19.047619047619047,40.476190476190474,40.476190476190474,78.3240435,95.77971799999999,-82.41065750000001,-8.599134,19.095654500000002,12.0,18.0,5.61454295,8.02054214,116.5,0.21079364436026937,0.7657992565055762,0.5018587360594795,0.8513011152416357,0.9962825278810409,0.18029739776951673,0.5594795539033457,0.4423791821561338,0.13382899628252787,0.01486988847583643,0.10408921933085502,57.97,cell_key,98,63.94,False,LOW,345.0,1079613.0,40790.0,41.0
ECI:1081660.0,62,3,35.816572,15.751038400000002,37.87816032258065,6.451612903225806,17.741935483870968,17.741935483870968,18.559933500000003,39.8034849,-99.279398,-11.8388995,8.3120285,8.0,14.5,4.27059285,7.453690969999999,171.5,0.21876289554135223,0.6022304832713755,0.34944237918215615,0.4349442379182156,0.5762081784386617,0.7397769516728625,0.8066914498141264,0.31970260223048325,0.8066914498141264,0.8327137546468402,0.6617100371747212,57.21,cell_key,99,63.57,False,MEDIUM,354.0,1081660.0,40790.0,41.0
ECI:1080640.0,31,2,30.418264,9.87284,31.385737548387095,16.129032258064516,19.35483870967742,16.129032258064516,15.536341,45.28382700000001,-103.34812,-10.079475,10.670456,8.0,16.0,3.0054646,6.68693,131.0,0.22459809523809526,0.6951672862453532,0.4944237918215613,0.4795539033457249,0.5353159851301115,0.7397769516728625,0.7118959107806692,0.12267657992565056,0.6394052044609665,0.4944237918215613,0.8141263940520446,56.66,cell_key,100,63.2,False,LOW,352.0,1080640.0,40988.0,41.0
ECI:1068852.0,63,4,31.258448,9.1254736,35.21729445079365,20.634920634920633,33.33333333333333,25.396825396825395,21.742942999999997,59.80062390000001,-103.943054,-9.663306,12.921978,12.0,16.0,4.5177045,9.671129000000002,127.0,0.2827003870967742,0.6691449814126395,0.5353159851301115,0.7713754646840149,0.6431226765799256,0.18029739776951673,0.7118959107806692,0.36059479553903345,0.4721189591078067,0.3382899628252788,0.8327137546468402,56.57,cell_key,101,62.83,False,MEDIUM,112.0,1068852.0,41186.0,41.0
ECI:1065267.0,285,6,30.343168,11.023273600000003,36.83645780350877,11.228070175438596,18.24561403508772,13.684210526315791,6.668061750000007,39.091638499999995,-108.16848,-10.573944,11.143752,9.0,14.0,5.052431,8.7648438,92.0,0.3184425714285714,0.7026022304832714,0.4349442379182156,0.44981412639405205,0.32342007434944237,0.5892193308550185,0.8345724907063197,0.4163568773234201,0.6022304832713755,0.5910780669144982,0.9219330855018587,56.42,cell_key,102,62.45,False,HIGH,145.0,1065267.0,41186.0,41.0
ECI:1082175.0,103,3,41.463047,3.910662400000002,38.38849654368932,15.53398058252427,25.24271844660194,21.35922330097087,35.336090999999996,75.82257584999999,-90.33026,-10.193182,10.994737,10.0,18.0,3.567681,7.425509679999999,167.0,0.2450787385620915,0.5204460966542751,0.7286245353159851,0.6431226765799256,0.8475836431226765,0.44052044609665425,0.5594795539033457,0.22676579925650558,0.6171003717472119,0.5278810408921933,0.2862453531598513,56.13,cell_key,103,62.08,False,HIGH,139.0,1082175.0,40988.0,41.0
ECI:1064755.0,282,8,45.679531499999996,1.5886168000000003,39.39101665134752,24.822695035460992,28.723404255319153,18.79432624113475,7.6184415,40.086919949999995,-98.96654000000001,-10.584862000000001,8.562197,11.0,17.0,6.1672759,10.1378389,155.0,0.30122849503759397,0.4758364312267658,0.8513011152416357,0.6988847583643123,0.36059479553903345,0.2955390334572491,0.6449814126394052,0.4721189591078067,0.7769516728624535,0.5947955390334573,0.6505576208178439,55.98,cell_key,104,61.71,False,HIGH,148.0,1064755.0,41186.0,41.0
ECI:1071666.0,95,6,31.518152,1.696264,29.008407708421053,27.368421052631582,35.78947368421053,23.157894736842106,13.290736000000003,40.707430600000016,-98.75399,-9.676361,15.216484,10.0,18.0,2.6143792,8.210067200000008,73.0,0.4071792,0.6579925650557621,0.8438661710037175,0.8029739776951673,0.49070631970260226,0.44052044609665425,0.5594795539033457,0.05204460966542751,0.2899628252788104,0.35315985130111527,0.6282527881040892,55.73,cell_key,105,61.34,False,MEDIUM,393.0,1071666.0,41186.0,41.0
ECI:1065524.0,44,2,30.99704,5.891617599999999,40.78271140909091,13.636363636363635,36.36363636363637,36.36363636363637,32.35515075,85.19968795000001,-96.474005,-9.9322915,19.185352,11.0,19.0,3.09431865,8.292198200000005,152.5,0.26336842998712995,0.6765799256505576,0.6468401486988847,0.8122676579925651,0.8215613382899628,0.2955390334572491,0.4739776951672863,0.137546468401487,0.12267657992565056,0.42379182156133827,0.5278810408921933,55.06,cell_key,106,60.97,False,LOW,133.0,1065524.0,41186.0,41.0
ECI:1076799.0,259,3,34.43976,2.4677216000000013,33.594525191119686,18.91891891891892,37.83783783783784,32.04633204633205,71.97804525000001,99.31645485,-80.22768,-10.023515,20.19,12.0,23.0,4.83871,7.801814920000002,119.0,0.28619025454545455,0.6282527881040892,0.8029739776951673,0.8252788104089219,0.9851301115241635,0.18029739776951673,0.120817843866171,0.3940520446096654,0.06319702602230483,0.44981412639405205,0.055762081784386616,54.92,cell_key,107,60.59,False,HIGH,184.0,1076799.0,40988.0,41.0
ECI:3638848.0,167,3,62.631905,0.17430720000000002,65.81233426646406,17.365269461077844,26.34730538922156,19.760479041916167,17.443214999999995,109.47712750000002,-85.0881,-13.084906,14.245454,8.0,20.0,5.6628056,10.2666466,139.0,0.4284501878453039,0.3271375464684015,0.9553903345724907,0.6505576208178439,0.5613382899628253,0.7397769516728625,0.36617100371747213,0.44981412639405205,0.37174721189591076,0.9368029739776952,0.1524163568773234,54.82,cell_key,108,60.22,False,HIGH,254.0,3638848.0,41384.0,41.0
ECI:1067060.0,196,4,38.71758,10.735412,40.18695786989796,9.693877551020408,21.93877551020408,21.93877551020408,17.3623105,48.0721055,-98.77972199999999,-10.5209565,12.008956999999999,9.0,18.0,7.339777,12.358568,96.0,0.32189072906976746,0.5539033457249071,0.4423791821561338,0.5576208178438662,0.5576208178438662,0.5892193308550185,0.5594795539033457,0.5539033457249071,0.550185873605948,0.5799256505576208,0.6356877323420075,54.78,cell_key,109,59.85,False,HIGH,129.0,1067060.0,41186.0,41.0
ECI:1067553.0,204,4,37.5814915,10.007363200000002,36.05792486764706,12.745098039215685,16.666666666666664,10.294117647058822,32.6729625,71.4528641,-92.004205,-9.439453,13.0908105,9.0,19.0,8.571112,11.5161583,87.0,0.3991832849122807,0.5687732342007435,0.4795539033457249,0.3736059479553903,0.8252788104089219,0.5892193308550185,0.4739776951672863,0.7472118959107806,0.46096654275092935,0.24907063197026022,0.3382899628252788,54.68,cell_key,110,59.48,False,HIGH,351.0,1067553.0,1850.0,3.0
ECI:1071136.0,183,2,66.40669,0.029359999999999997,55.57608456721038,21.85792349726776,26.775956284153008,21.311475409836063,11.068242499999997,79.5478993,-91.31383,-10.029481,11.051615,9.0,20.0,8.584241,13.226412000000007,175.0,0.40016867816091956,0.2899628252788104,0.9814126394052045,0.6579925650557621,0.44609665427509293,0.5892193308550185,0.36617100371747213,0.7509293680297398,0.6059479553903345,0.45353159851301117,0.30855018587360594,54.44,cell_key,111,59.11,False,MEDIUM,338.0,1071136.0,1850.0,3.0
ECI:1072662.0,41,3,31.29832,7.05636,35.5306883902439,17.073170731707318,29.268292682926827,29.268292682926827,31.676137000000004,75.287802,-91.944145,-8.995346,14.097827,12.0,20.0,6.8438005,11.174551,73.0,0.4967390394736842,0.6654275092936803,0.587360594795539,0.7137546468401487,0.8141263940520446,0.18029739776951673,0.36617100371747213,0.5278810408921933,0.3903345724907063,0.08178438661710037,0.3271375464684015,54.44,cell_key,112,58.74,False,LOW,394.0,1072662.0,500.0,1.0
ECI:1077525.0,96,4,46.797037,14.968844,46.140007562499996,5.208333333333334,14.583333333333334,13.541666666666666,12.549169,37.946298,-98.54199750000001,-10.898215,7.21380995,7.0,16.5,8.1790855,12.0156135,155.0,0.29001430765708003,0.45353159851301117,0.3643122676579926,0.31226765799256506,0.4795539033457249,0.8736059479553904,0.6802973977695167,0.6394052044609665,0.862453531598513,0.6691449814126395,0.620817843866171,54.23,cell_key,113,58.36,False,MEDIUM,187.0,1077525.0,500.0,1.0
ECI:1064765.0,94,7,56.199739,4.052584,55.7520044787234,21.27659574468085,32.97872340425532,23.404255319148938,17.304332999999996,52.2602344,-96.02418,-10.3083245,12.700672,10.0,17.0,6.2709367,9.7255526,168.5,0.34972888230519483,0.37174721189591076,0.724907063197026,0.7657992565055762,0.5539033457249071,0.44052044609665425,0.6449814126394052,0.483271375464684,0.49070631970260226,0.5539033457249071,0.5130111524163569,54.07,cell_key,114,57.99,False,MEDIUM,148.0,1064765.0,40790.0,41.0
ECI:3631422.0,80,3,45.908032,10.705370400000001,45.502968448749996,10.0,16.25,12.5,5.327991750000006,29.311850349999997,-106.653972,-11.796013,8.7779215,8.0,19.0,9.2322755,10.979396900000001,120.5,0.3475044845724451,0.4721189591078067,0.44609665427509293,0.3587360594795539,0.2862453531598513,0.7397769516728625,0.4739776951672863,0.862453531598513,0.7509293680297398,0.8178438661710037,0.8921933085501859,54.06,cell_key,115,57.62,False,MEDIUM,212.0,3631422.0,41186.0,41.0
ECI:1069336.0,33,1,37.159126,3.6684320000000006,34.912276272727276,18.181818181818183,24.242424242424242,21.21212121212121,9.057023999999998,41.8211304,-99.518684,-9.329208,13.964515,11.0,20.0,9.008097,11.295239600000002,117.0,0.319254512605042,0.5799256505576208,0.7397769516728625,0.6059479553903345,0.3940520446096654,0.2955390334572491,0.36617100371747213,0.8438661710037175,0.3940520446096654,0.18587360594795538,0.6802973977695167,53.99,cell_key,116,57.25,False,LOW,135.0,1069336.0,356.0,1.0
ECI:1079367.0,141,2,45.986847,5.048648,56.677202940920566,17.73049645390071,18.439716312056735,8.51063829787234,3.3667450000000017,27.676995000000005,-88.15991,-9.440217,11.470972,7.0,14.0,7.761733,11.488251,82.0,0.4264365573770492,0.4646840148698885,0.6765799256505576,0.45353159851301117,0.21933085501858737,0.8736059479553904,0.8345724907063197,0.5836431226765799,0.5687732342007435,0.2527881040892193,0.21561338289962825,53.93,cell_key,117,56.88,False,MEDIUM,318.0,1079367.0,9310.0,28.0
ECI:1076789.0,841,12,16.519695,5.503024,21.06255954298454,27.2294887039239,30.79667063020214,16.76575505350773,25.109887500000003,36.2512715,-82.52194,-9.561127,19.56383,12.0,23.0,4.0609136,8.487085,52.0,0.32503635227272726,0.8475836431226765,0.6617100371747212,0.7397769516728625,0.7026022304832714,0.18029739776951673,0.120817843866171,0.2899628252788104,0.08921933085501858,0.3048327137546468,0.11152416356877323,53.42,cell_key,118,56.51,False,HIGH,184.0,1076789.0,41384.0,41.0
ECI:1068350.0,51,3,39.10721,17.65436,40.12440035294117,1.9607843137254901,21.568627450980394,21.568627450980394,31.603297000000005,55.597955,-93.35096,-10.892676,10.591957,9.0,18.0,4.397394,7.704918,181.0,0.23001051351351354,0.5427509293680297,0.30111524163568776,0.5315985130111525,0.8104089219330854,0.5892193308550185,0.5594795539033457,0.34944237918215615,0.6431226765799256,0.6617100371747212,0.39776951672862454,53.36,cell_key,119,56.13,False,MEDIUM,50.0,1068350.0,40790.0,41.0
ECI:1065015.0,255,4,21.318825,9.983673300000001,35.98449866666667,10.980392156862745,14.901960784313726,9.411764705882353,14.498823000000002,38.77392139999999,-104.26264,-9.064339,14.204764,9.0,18.0,4.816223,9.952811,86.0,0.2573978591549296,0.7806691449814126,0.483271375464684,0.32342007434944237,0.516728624535316,0.5892193308550185,0.5594795539033457,0.38661710037174724,0.379182156133829,0.10408921933085502,0.8401486988847584,53.29,cell_key,120,55.76,False,HIGH,469.0,1065015.0,41384.0,41.0
ECI:1082133.0,70,4,42.876804,11.479264,45.43400545714285,10.0,20.0,17.142857142857142,30.795270499999994,68.8047187,-91.9883995,-10.72087,10.261089,10.0,22.0,8.722355,13.752089100000001,155.5,0.28582098568797487,0.5092936802973977,0.4275092936802974,0.4944237918215613,0.8029739776951673,0.44052044609665425,0.19330855018587362,0.7881040892193308,0.654275092936803,0.6319702602230484,0.3308550185873606,53.27,cell_key,121,55.39,False,MEDIUM,140.0,1082133.0,500.0,1.0
ECI:1082172.0,97,6,36.5476,10.053649600000002,46.15358549484536,10.309278350515463,21.649484536082475,19.587628865979383,27.231674000000005,51.17614820000001,-89.93229,-11.041036,8.676924,10.0,17.0,2.8761063,6.135808040000001,165.0,0.2280668141025641,0.5910780669144982,0.4684014869888476,0.5390334572490706,0.7509293680297398,0.44052044609665425,0.6449814126394052,0.08921933085501858,0.7620817843866171,0.6840148698884758,0.25650557620817843,53.19,cell_key,122,55.02,False,MEDIUM,139.0,1082172.0,40790.0,41.0
ECI:1081415.0,40,2,68.22659,14.803976800000004,62.979977975,10.0,22.5,22.5,0.8415903749999991,37.19949715000001,-92.498775,-10.868030999999998,6.34333845,6.0,10.0,7.55824735,11.8483491,178.5,0.39767385483120676,0.26394052044609667,0.37174721189591076,0.5780669144981413,0.15985130111524162,0.9553903345724907,0.9535315985130112,0.5687732342007435,0.8921933085501859,0.6579925650557621,0.36059479553903345,51.75,cell_key,123,54.65,False,LOW,454.0,1081415.0,9310.0,28.0
ECI:1073735.0,33,2,43.972073,12.417928000000002,47.96565363636363,0.0,3.0303030303030303,3.0303030303030303,0.2053387500000028,27.6011208,-98.05289,-10.042553,8.679799,7.0,13.0,9.5343685,14.7342042,152.0,0.2962318415841584,0.5018587360594795,0.41263940520446096,0.040892193308550186,0.137546468401487,0.8736059479553904,0.8773234200743495,0.8921933085501859,0.758364312267658,0.4721189591078067,0.6022304832713755,51.72,cell_key,124,54.28,False,LOW,362.0,1073735.0,9310.0,28.0
ECI:1076788.0,137,5,24.663912,4.741307200000001,26.890942904890508,22.62773722627737,32.11678832116788,23.357664233576642,15.802324250000005,36.6440566,-80.98713,-10.072369,15.542389,13.0,20.0,3.3457248,6.924838200000001,68.0,0.3846039090909091,0.758364312267658,0.6914498141263941,0.758364312267658,0.5427509293680297,0.08364312267657993,0.36617100371747213,0.16728624535315986,0.26765799256505574,0.49070631970260226,0.07063197026022305,51.69,cell_key,125,53.9,False,HIGH,183.0,1076788.0,41186.0,41.0
ECI:1068313.0,34,1,36.329183,16.0047128,38.342326941176474,8.823529411764707,14.705882352941178,11.76470588235294,3.5646200000000015,27.938203425,-90.550055,-10.05799,11.325189250000001,9.5,17.0,11.866015,15.970238499999999,130.0,0.3254766772920461,0.5947955390334573,0.3382899628252788,0.3159851301115242,0.2342007434944238,0.516728624535316,0.6449814126394052,0.9814126394052045,0.5836431226765799,0.483271375464684,0.2936802973977695,51.54,cell_key,126,53.53,False,LOW,50.0,1068313.0,356.0,1.0
ECI:1072183.0,126,3,47.406788500000005,0.24284,38.6523169484127,17.46031746031746,17.46031746031746,9.523809523809524,0.27648412499999964,32.728148250000004,-100.05505,-11.391776499999999,8.610596999999999,9.0,19.0,4.434761,6.85088065,189.5,0.2491353981007018,0.4423791821561338,0.9442379182156134,0.41263940520446096,0.1449814126394052,0.5892193308550185,0.4739776951672863,0.35315985130111527,0.7695167286245354,0.7620817843866171,0.7063197026022305,51.5,cell_key,127,53.16,False,HIGH,448.0,1072183.0,41384.0,41.0
ECI:1065023.0,42,2,37.890795,13.301836900000003,40.37992447619048,9.523809523809524,14.285714285714285,14.285714285714285,14.164411499999998,38.540709099999994,-95.77041249999999,-10.8942355,9.253274000000001,9.0,15.0,4.37884235,7.423178999999999,143.0,0.2753257970956568,0.5650557620817844,0.40148698884758366,0.29739776951672864,0.5092936802973977,0.5892193308550185,0.775092936802974,0.34572490706319703,0.7174721189591078,0.6654275092936803,0.49070631970260226,51.4,cell_key,128,52.79,False,LOW,470.0,1065023.0,40988.0,41.0
ECI:1076534.0,115,9,39.132545,9.3844736,42.73642421565217,13.043478260869565,16.52173913043478,10.434782608695652,12.53443,53.419336250000015,-101.31576,-10.012769,10.122105,9.0,14.0,3.5211267,7.462756580000002,162.0,0.2719960103626943,0.5390334572490706,0.5204460966542751,0.3643122676579926,0.4758364312267658,0.5892193308550185,0.8345724907063197,0.21561338289962825,0.6654275092936803,0.44609665427509293,0.7472118959107806,51.21,cell_key,129,52.42,False,HIGH,182.0,1076534.0,41384.0,41.0
ECI:3638807.0,53,1,63.637505,22.5649,67.28819766037736,9.433962264150944,16.9811320754717,16.9811320754717,36.025427500000006,98.10638770000004,-87.33375,-14.675951,9.920224,10.0,18.0,10.659899,12.492108600000002,110.0,0.6347452,0.31226765799256506,0.2379182156133829,0.38847583643122674,0.8587360594795539,0.44052044609665425,0.5594795539033457,0.9442379182156134,0.6802973977695167,0.9776951672862454,0.1970260223048327,51.01,cell_key,130,52.04,False,LOW,253.0,3638807.0,500.0,1.0
ECI:1077814.0,162,5,27.225948000000002,11.6312104,44.55077432407408,12.345679012345679,16.049382716049383,9.876543209876543,2.453000000000002,19.28306755000001,-103.19839999999999,-10.651212999999998,11.9489975,9.0,16.0,3.5001094999999998,8.73656,93.0,0.29266118384332923,0.7360594795539034,0.4200743494423792,0.34944237918215615,0.1895910780669145,0.5892193308550185,0.7118959107806692,0.20074349442379183,0.5576208178438662,0.6059479553903345,0.8104089219330854,50.87,cell_key,131,51.67,False,HIGH,166.0,1077814.0,41384.0,41.0
ECI:1075764.0,49,3,36.086674,15.963438400000001,36.747255918367344,6.122448979591836,14.285714285714285,14.285714285714285,21.195617000000006,38.20131020000001,-93.97982,-10.852393,8.6,9.0,13.0,2.7210884,5.382759600000001,165.0,0.22839667088607596,0.5985130111524164,0.3420074349442379,0.29739776951672864,0.6245353159851301,0.5892193308550185,0.8773234200743495,0.06691449814126393,0.7732342007434945,0.6505576208178439,0.40892193308550184,50.82,cell_key,132,51.3,False,LOW,160.0,1075764.0,41186.0,41.0
ECI:1066036.0,99,4,35.34291,8.6675216,53.85278876767677,13.131313131313133,27.27272727272727,25.252525252525253,6.030528000000004,71.49323900000002,-97.93815,-9.411401,12.354442,10.0,21.0,6.8831167,11.542105800000002,112.0,0.335109375,0.6133828996282528,0.5427509293680297,0.6728624535315985,0.30855018587360594,0.44052044609665425,0.26579925650557623,0.5353159851301115,0.5130111524163569,0.22676579925650558,0.5947955390334573,50.74,cell_key,133,50.93,False,MEDIUM,125.0,1066036.0,41186.0,41.0
ECI:1067318.0,40,2,34.7712485,5.0835766200000005,29.6735716675,22.5,22.5,17.5,5.883095749999999,16.792995100000002,-107.687948,-10.037600999999999,13.6167055,10.0,18.0,2.95527755,5.43488649,94.0,0.3912238023879655,0.620817843866171,0.6728624535315985,0.5780669144981413,0.30111524163568776,0.44052044609665425,0.5594795539033457,0.11152416356877323,0.4163568773234201,0.4646840148698885,0.9144981412639405,50.3,cell_key,134,50.56,False,LOW,108.0,1067318.0,41384.0,41.0
ECI:1082165.0,207,10,45.59868,3.0356192,49.64066435637681,18.357487922705314,24.154589371980677,13.043478260869565,19.685380000000002,62.08683799999999,-89.9173,-10.362113,12.0117035,10.0,20.0,3.2089553,6.615478220000001,157.0,0.32776277456647396,0.4795539033457249,0.7881040892193308,0.6022304832713755,0.5947955390334573,0.44052044609665425,0.36617100371747213,0.15985130111524162,0.5464684014869888,0.5687732342007435,0.2527881040892193,50.22,cell_key,135,50.19,False,HIGH,139.0,1082165.0,41384.0,41.0
ECI:1068566.0,53,3,36.944695,7.295033600000001,40.83003873584906,13.20754716981132,22.641509433962266,13.20754716981132,22.80417125,64.15470800000004,-85.13005,-9.365385,15.837231,11.0,21.0,8.297414,12.2458428,54.0,0.5434143113772455,0.5836431226765799,0.5650557620817844,0.5836431226765799,0.6728624535315985,0.2955390334572491,0.26579925650557623,0.6691449814126395,0.2527881040892193,0.20817843866171004,0.15613382899628253,50.12,cell_key,136,49.81,False,MEDIUM,120.0,1068566.0,500.0,1.0
ECI:1077780.0,231,6,49.170128,9.806896,49.915708245887444,10.38961038961039,21.645021645021643,17.74891774891775,73.84803,146.216856,-83.70855,-9.856854,14.555555,10.0,22.0,8.456376,12.27652,117.0,0.42113859649122803,0.41263940520446096,0.49814126394052044,0.5353159851301115,0.9888475836431226,0.44052044609665425,0.19330855018587362,0.7137546468401487,0.3308550185873606,0.3940520446096654,0.137546468401487,50.07,cell_key,137,49.44,False,HIGH,165.0,1077780.0,500.0,1.0
ECI:1065527.0,82,3,32.8039245,3.296601599999999,28.98561046341463,21.951219512195124,26.82926829268293,13.414634146341465,12.094178999999997,37.571745100000015,-101.40881,-9.4384495,16.229699500000002,11.0,20.0,3.28048205,6.83482355,86.5,0.30797318440736476,0.6394052044609665,0.7732342007434945,0.6672862453531598,0.46096654275092935,0.2955390334572491,0.36617100371747213,0.16356877323420074,0.2379182156133829,0.24535315985130113,0.7509293680297398,49.98,cell_key,138,49.07,False,MEDIUM,133.0,1065527.0,41384.0,41.0
ECI:3625800.0,48,2,109.26252,4.5460216,93.3169145,14.583333333333334,33.33333333333333,33.33333333333333,25.871800500000006,133.33232680000003,-63.438313,-13.057143,18.5427835,11.0,18.0,13.078289999999999,15.110083300000001,140.5,0.5601016877368485,0.06319702602230483,0.7100371747211895,0.7713754646840149,0.724907063197026,0.2955390334572491,0.5594795539033457,0.9925650557620818,0.14869888475836432,0.929368029739777,0.0037174721189591076,49.35,cell_key,139,48.7,False,LOW,114.0,3625800.0,9310.0,28.0
ECI:1081414.0,45,3,47.924496,14.6437712,48.79594886666667,6.666666666666667,13.333333333333334,13.333333333333334,0.759468,53.826984400000015,-98.35849,-10.214705,8.001964,8.0,14.0,7.836991,17.204012800000005,165.0,0.3043727978142076,0.4275092936802974,0.3754646840148699,0.2825278810408922,0.15613382899628253,0.7397769516728625,0.8345724907063197,0.5910780669144982,0.8252788104089219,0.5353159851301115,0.6133828996282528,48.73,cell_key,140,48.33,False,LOW,453.0,1081414.0,9310.0,28.0
ECI:1066816.0,166,5,52.176089000000005,1.410648,60.57886245180723,21.084337349397593,27.710843373493976,21.084337349397593,9.612330250000001,43.366742,-98.84903,-9.2775895,14.7123095,11.0,19.5,6.718913049999999,13.822,167.5,0.3457389797251633,0.38661710037174724,0.8587360594795539,0.6802973977695167,0.41263940520446096,0.2955390334572491,0.4275092936802974,0.5204460966542751,0.3159851301115242,0.17100371747211895,0.6431226765799256,48.39,cell_key,141,47.96,False,HIGH,158.0,1066816.0,40988.0,41.0
ECI:1071636.0,43,1,44.470993,10.0961152,39.620555255813954,9.30232558139535,20.930232558139537,20.930232558139537,79.60602999999999,136.78841060000005,-97.77223,-9.016089,14.922219,12.0,22.0,7.804878,12.1971152,69.0,0.5590012337662338,0.49814126394052044,0.4646840148698885,0.5092936802973977,1.0,0.18029739776951673,0.19330855018587362,0.587360594795539,0.3048327137546468,0.08550185873605948,0.5836431226765799,47.21,cell_key,142,47.58,False,LOW,393.0,1071636.0,500.0,1.0
ECI:1066038.0,130,4,45.9693455,0.7377104000000001,44.289803757692304,19.230769230769234,24.615384615384617,19.230769230769234,44.311197250000006,105.5272812,-95.723265,-9.03863875,16.360518,13.0,25.0,4.4536378,10.095438700000004,93.0,0.4853687726348854,0.4684014869888476,0.8921933085501859,0.6282527881040892,0.9070631970260223,0.08364312267657993,0.040892193308550186,0.35687732342007433,0.23048327137546468,0.09293680297397769,0.48698884758364314,47.12,cell_key,143,47.21,False,HIGH,123.0,1066038.0,41384.0,41.0
ECI:1079614.0,99,3,45.268192,28.552848,43.138044212121216,2.0202020202020203,7.07070707070707,7.07070707070707,13.886273000000003,32.7814708,-99.708725,-12.910119,5.1385427,10.0,15.0,5.686434,8.069980000000001,184.0,0.24939246739130433,0.483271375464684,0.17472118959107807,0.1524163568773234,0.5018587360594795,0.44052044609665425,0.775092936802974,0.45353159851301117,0.9368029739776952,0.9219330855018587,0.6914498141263941,47.01,cell_key,144,46.84,False,MEDIUM,346.0,1079614.0,40790.0,41.0
ECI:1081376.0,244,3,25.2199715,6.4799704,35.99740623483606,18.0327868852459,21.721311475409834,13.934426229508196,74.58032625000001,123.44306080000001,-82.086925,-8.942416999999999,23.89133,14.0,26.0,3.58058385,13.283330700000008,68.0,0.40789789052287584,0.7546468401486989,0.6245353159851301,0.5464684014869888,0.9925650557620818,0.024163568773234202,0.01858736059479554,0.23048327137546468,0.022304832713754646,0.055762081784386616,0.08921933085501858,46.62,cell_key,145,46.47,False,HIGH,455.0,1081376.0,1850.0,3.0
ECI:1076787.0,48,1,42.175272,3.5391072,37.719381604166664,16.666666666666664,29.166666666666668,22.916666666666664,7.216989000000004,40.49493620000001,-90.10425599999999,-9.7963035,14.53265175,11.0,18.0,2.1132429999999998,5.0647498,92.0,0.4941532658802178,0.516728624535316,0.7472118959107806,0.7100371747211895,0.34572490706319703,0.2955390334572491,0.5594795539033457,0.022304832713754646,0.3382899628252788,0.38661710037174724,0.27137546468401486,46.35,cell_key,146,46.1,False,LOW,185.0,1076787.0,41186.0,41.0
ECI:1064509.0,147,3,38.035015,16.958364800000002,39.65181114897959,9.523809523809524,15.646258503401361,14.285714285714285,-7.755955000000004,21.782181000000012,-105.58832,-11.296711,7.2703285,10.0,16.0,4.3383946,7.424445400000001,96.0,0.3329517023809524,0.5613382899628253,0.3159851301115242,0.3420074349442379,0.05947955390334572,0.44052044609665425,0.7118959107806692,0.3382899628252788,0.8587360594795539,0.7323420074349443,0.8661710037174721,46.16,cell_key,147,45.72,False,HIGH,288.0,1064509.0,40790.0,41.0
ECI:3625798.0,154,2,102.90535,16.5733911,100.22313666883117,7.792207792207792,21.428571428571427,21.428571428571427,30.324760000000012,120.48609890000002,-72.954932,-13.441919500000001,16.378089,10.0,16.0,13.764032,15.188148000000002,159.0,0.6394712105859783,0.08178438661710037,0.32342007434944237,0.5241635687732342,0.7881040892193308,0.44052044609665425,0.7118959107806692,1.0,0.22676579925650558,0.9516728624535316,0.01486988847583643,45.92,cell_key,148,45.35,False,MEDIUM,115.0,3625798.0,9310.0,28.0
ECI:3642943.0,203,5,82.23693,4.942972800000001,87.30068654433006,13.793103448275861,24.137931034482758,22.660098522167488,-1.0386814999999956,88.92433000000004,-84.326706,-12.237257,15.278823,8.0,19.0,8.636364,11.5472908,166.0,0.6145088732394366,0.17100371747211895,0.6840148698884758,0.5985130111524164,0.11524163568773234,0.7397769516728625,0.4739776951672863,0.7657992565055762,0.2862453531598513,0.8661710037174721,0.14869888475836432,45.74,cell_key,149,44.98,False,HIGH,313.0,3642943.0,41384.0,41.0
ECI:1076542.0,31,2,61.120464,0.21432,57.550468129032254,19.35483870967742,29.03225806451613,19.35483870967742,26.377073000000003,118.23347,-89.77756,-9.889521,14.783147,14.0,20.0,3.4188035,6.468647,172.0,0.4021797590361446,0.3420074349442379,0.9479553903345725,0.7026022304832714,0.7397769516728625,0.024163568773234202,0.36617100371747213,0.18587360594795538,0.31226765799256506,0.40892193308550184,0.24907063197026022,45.49,cell_key,150,44.61,False,LOW,180.0,1076542.0,40790.0,41.0
ECI:1065013.0,81,1,33.071697,10.493768,35.78019082716049,9.876543209876543,17.28395061728395,9.876543209876543,6.906428000000002,33.78373675,-99.94605,-9.4119625,13.734829,11.0,20.0,6.4159293,21.132597,90.0,0.3193613950617284,0.6356877323420075,0.44981412639405205,0.4052044609665427,0.3308550185873606,0.2955390334572491,0.36617100371747213,0.49814126394052044,0.4052044609665427,0.23048327137546468,0.6988847583643123,45.48,cell_key,151,44.24,False,LOW,470.0,1065013.0,41384.0,41.0
ECI:1065675.0,43,2,41.04164,2.2770880000000004,44.40943151162791,18.6046511627907,27.906976744186046,27.906976744186046,1.2352249999999998,56.79096920000001,-97.15903,-9.26793,15.144216,12.0,23.0,7.4894514,11.424373600000001,123.0,0.34433639344262296,0.5241635687732342,0.8178438661710037,0.6840148698884758,0.17100371747211895,0.18029739776951673,0.120817843866171,0.5613382899628253,0.2936802973977695,0.16356877323420074,0.550185873605948,45.42,cell_key,152,43.87,False,LOW,321.0,1065675.0,356.0,1.0
ECI:1081650.0,35,1,50.845222,19.5359232,51.20104045714285,5.714285714285714,8.571428571428571,5.714285714285714,4.499222749999994,23.7307473,-97.199615,-10.557895,9.504598,6.0,14.0,4.0675845,7.050412800000002,182.0,0.2875433837837838,0.3940520446096654,0.275092936802974,0.18587360594795538,0.25650557620817843,0.9553903345724907,0.8345724907063197,0.2936802973977695,0.6988847583643123,0.5836431226765799,0.5539033457249071,44.94,cell_key,153,43.49,False,LOW,354.0,1081650.0,41186.0,41.0
ECI:1068746.0,64,4,80.53280000000001,10.3544624,82.481439778125,9.375,12.5,10.9375,4.7251069999999995,62.651840000000014,-85.724411,-10.689537999999999,11.4700425,8.0,16.0,9.6758415,13.9009567,148.5,0.5283129620647565,0.17843866171003717,0.45353159851301117,0.26765799256505574,0.26394052044609667,0.7397769516728625,0.7118959107806692,0.9070631970260223,0.5724907063197026,0.620817843866171,0.15985130111524162,44.42,cell_key,154,43.12,False,MEDIUM,402.0,1068746.0,500.0,1.0
ECI:1080637.0,88,3,57.4958035,7.5032944000000015,60.783390125000004,11.363636363636363,19.318181818181817,14.772727272727273,20.262852999999996,56.76705699999997,-101.29715,-8.9823105,17.212984,8.0,20.0,3.8077775000000003,6.413807199999999,156.5,0.40634570651713925,0.3680297397769517,0.5613382899628253,0.4758364312267658,0.6059479553903345,0.7397769516728625,0.36617100371747213,0.24907063197026022,0.19330855018587362,0.06691449814126393,0.7434944237918215,43.91,cell_key,155,42.75,False,MEDIUM,352.0,1080637.0,40790.0,41.0
ECI:1076790.0,114,8,29.333312,10.196296,36.347823118421054,13.157894736842104,21.929824561403507,15.789473684210526,1.2325261250000015,25.485170075000006,-83.33680749999999,-10.095394500000001,15.316235,11.0,18.0,2.0429295,5.321086380000001,92.0,0.3349704960981048,0.7174721189591078,0.45724907063197023,0.5539033457249071,0.16728624535315986,0.2955390334572491,0.5594795539033457,0.01858736059479554,0.2788104089219331,0.5018587360594795,0.12267657992565056,43.84,cell_key,156,42.38,False,HIGH,185.0,1076790.0,41384.0,41.0
ECI:1076791.0,644,13,29.3560275,9.3667928,31.511887829347824,12.267080745341614,21.27329192546584,18.32298136645963,7.3234188750000015,27.146459925000006,-80.708012,-10.146897500000001,15.862029,13.0,20.5,3.4297895,6.641479700000002,72.0,0.4132881790123457,0.7137546468401487,0.5241635687732342,0.5204460966542751,0.35315985130111527,0.08364312267657993,0.30297397769516726,0.1895910780669145,0.24907063197026022,0.516728624535316,0.06319702602230483,43.28,cell_key,157,42.01,False,HIGH,183.0,1076791.0,41384.0,41.0
ECI:1066016.0,53,4,66.922806,8.2477088,60.362091245283025,15.09433962264151,16.9811320754717,7.547169811320755,46.468149999999994,72.16024200000001,-83.61776,-9.671053,15.7931795,10.0,20.0,5.7471266,13.281784400000001,102.0,0.5750094907407407,0.2825278810408922,0.5539033457249071,0.38847583643122674,0.9330855018587361,0.44052044609665425,0.36617100371747213,0.46096654275092935,0.25650557620817843,0.3420074349442379,0.13382899628252787,43.21,cell_key,158,41.64,False,MEDIUM,125.0,1066016.0,1850.0,3.0
ECI:1081632.0,83,3,64.35147,26.8575822,67.70497987951806,2.4096385542168677,18.072289156626507,18.072289156626507,40.326341,77.4058464,-79.69758,-9.402261,12.311234,10.0,20.0,8.342542,11.6841482,161.0,0.4006710650887574,0.3048327137546468,0.20446096654275092,0.4423791821561338,0.8884758364312267,0.44052044609665425,0.36617100371747213,0.6765799256505576,0.5204460966542751,0.22304832713754646,0.048327137546468404,42.92,cell_key,159,41.26,False,MEDIUM,356.0,1081632.0,1850.0,3.0
ECI:1078559.0,47,1,57.921623,27.910358,57.35701395744681,0.0,6.382978723404255,6.382978723404255,22.601765,53.101192999999995,-90.10081,-9.653226,11.288639,8.0,19.0,8.256881,11.040754999999999,168.0,0.3673616184971098,0.36059479553903345,0.1821561338289963,0.13382899628252787,0.6654275092936803,0.7397769516728625,0.4739776951672863,0.6654275092936803,0.5947955390334573,0.3345724907063197,0.26765799256505574,42.88,cell_key,160,40.89,False,LOW,164.0,1078559.0,1850.0,3.0
ECI:1066815.0,46,2,47.645523,7.224636,47.099844195652175,15.217391304347828,17.391304347826086,17.391304347826086,30.671785499999995,55.426669,-102.111553,-9.145395,17.839817,13.5,17.0,4.2216894499999995,11.111275,149.0,0.3441423125874126,0.43866171003717475,0.5799256505576208,0.40892193308550184,0.7955390334572491,0.03717472118959108,0.6449814126394052,0.30855018587360594,0.16356877323420074,0.12639405204460966,0.7769516728624535,42.86,cell_key,161,40.52,False,LOW,157.0,1066815.0,40988.0,41.0
ECI:3635968.0,36,2,79.73092,26.958648,79.28825316666666,0.0,8.333333333333332,8.333333333333332,50.288822249999996,100.58227400000001,-85.82459499999999,-14.0269735,12.5547455,10.5,19.0,10.5500525,12.104889499999999,107.5,0.7394769127377998,0.1895910780669145,0.20074349442379183,0.17843866171003717,0.9442379182156134,0.362453531598513,0.4739776951672863,0.929368029739777,0.5018587360594795,0.9628252788104089,0.16356877323420074,42.81,cell_key,162,40.15,False,LOW,230.0,3635968.0,1850.0,3.0
ECI:1069374.0,126,4,39.164615999999995,7.9760279999999995,44.597582039682536,11.904761904761903,20.634920634920633,19.047619047619047,34.760898,80.43568825,-95.975917,-9.343819499999999,15.872188000000001,13.0,21.5,3.3959646,7.6586402499999995,126.5,0.35584032969924806,0.5353159851301115,0.5576208178438662,0.5018587360594795,0.8401486988847584,0.08364312267657993,0.23234200743494424,0.17843866171003717,0.24535315985130113,0.1970260223048327,0.5018587360594795,42.74,cell_key,163,39.78,False,HIGH,137.0,1069374.0,40790.0,41.0
ECI:1076797.0,36,2,61.4910385,15.7212675,59.074097111111115,5.555555555555555,25.0,25.0,23.878086000000003,77.824766,-94.83251,-9.992985749999999,13.441675,12.0,19.0,5.105557,6.74718595,175.0,0.369767302540858,0.3345724907063197,0.35315985130111527,0.6338289962825279,0.6877323420074349,0.18029739776951673,0.4739776951672863,0.4200743494423792,0.4275092936802974,0.4312267657992565,0.44981412639405205,42.7,cell_key,164,39.41,False,LOW,185.0,1076797.0,40790.0,41.0
ECI:1068343.0,96,5,49.157779500000004,16.927903,48.356797156249996,8.333333333333332,16.666666666666664,13.541666666666666,30.231325000000005,59.134795375,-93.082683,-9.885873,14.312646999999998,9.0,22.0,4.5342388,8.0330987,180.5,0.26770274517497966,0.4163568773234201,0.31970260223048325,0.3736059479553903,0.7843866171003717,0.5892193308550185,0.19330855018587362,0.3680297397769517,0.36059479553903345,0.4052044609665427,0.3828996282527881,42.62,cell_key,165,39.03,False,MEDIUM,50.0,1068343.0,41384.0,41.0
ECI:1066034.0,447,5,59.69772,4.6717152,60.57526354959732,13.422818791946309,22.14765100671141,21.92393736017897,30.6477,78.97741970000003,-88.95391,-9.363933,16.458426,11.0,24.0,5.0353355,9.254587200000007,118.0,0.5700271521739131,0.34944237918215615,0.6988847583643123,0.5650557620817844,0.79182156133829,0.2955390334572491,0.06691449814126393,0.40892193308550184,0.21933085501858737,0.20074349442379183,0.241635687732342,42.57,cell_key,166,38.66,False,HIGH,124.0,1066034.0,41186.0,41.0
ECI:1068064.0,65,3,52.511127,20.613411199999998,52.269495030769235,4.615384615384616,10.76923076923077,9.230769230769232,-14.301951000000003,14.005505000000007,-94.56456,-10.184245,10.012659,8.0,17.0,8.385093,10.911918799999999,94.0,0.5442817647058824,0.379182156133829,0.25650557620817843,0.241635687732342,0.03717472118959108,0.7397769516728625,0.6449814126394052,0.6951672862453532,0.6691449814126395,0.5241635687732342,0.42379182156133827,42.54,cell_key,167,38.29,False,MEDIUM,143.0,1068064.0,1850.0,3.0
ECI:1071667.0,72,3,34.477287000000004,10.1394248,34.79641484722222,11.11111111111111,20.833333333333336,20.833333333333336,9.50639675,35.925569249999995,-86.09582,-9.6763335,17.495583500000002,10.0,22.0,3.169714,7.1907563,70.5,0.523000203758446,0.6245353159851301,0.46096654275092935,0.5055762081784386,0.4052044609665427,0.44052044609665425,0.19330855018587362,0.1524163568773234,0.1821561338289963,0.34944237918215615,0.16728624535315986,42.07,cell_key,168,37.92,False,MEDIUM,395.0,1071667.0,41186.0,41.0
ECI:1081631.0,34,1,70.95155,19.7620888,66.95256347058823,8.823529411764707,17.647058823529413,17.647058823529413,24.101242499999998,77.05061099999999,-79.10914,-9.796778,12.145484,10.0,20.0,8.807853999999999,11.567035,172.5,0.4219852767462137,0.241635687732342,0.27137546468401486,0.4256505576208178,0.6951672862453532,0.44052044609665425,0.36617100371747213,0.8029739776951673,0.5353159851301115,0.3903345724907063,0.04460966542750929,42.01,cell_key,169,37.55,False,LOW,355.0,1081631.0,1850.0,3.0
ECI:1079617.0,113,2,38.176945,26.4046944,37.12146119469027,0.8849557522123894,1.7699115044247788,1.7699115044247788,5.510724999999994,16.856160599999995,-97.0775,-12.387887,4.7366657,11.0,19.0,6.5081353,8.4229042,173.0,0.22119727127659575,0.5576208178438662,0.21189591078066913,0.022304832713754646,0.2899628252788104,0.2955390334572491,0.4739776951672863,0.5092936802973977,0.9628252788104089,0.8847583643122676,0.5464684014869888,41.92,cell_key,170,37.17,False,MEDIUM,346.0,1079617.0,40988.0,41.0
ECI:1071677.0,99,2,35.6276,15.264656,34.73173965656566,10.1010101010101,15.151515151515152,12.121212121212121,36.00285600000001,56.9663682,-87.623085,-10.03125,19.802273,11.0,21.0,3.3619456,6.898104979999999,72.0,0.48643385882352935,0.6059479553903345,0.36059479553903345,0.33271375464684017,0.8550185873605948,0.2955390334572491,0.26579925650557623,0.17100371747211895,0.07806691449814127,0.45724907063197023,0.20446096654275092,41.85,cell_key,171,36.8,False,MEDIUM,395.0,1071677.0,40790.0,41.0
ECI:1068608.0,38,4,49.8482435,6.193684800000001,48.165726710526314,21.052631578947366,21.052631578947366,18.421052631578945,-7.153608500000001,25.536164325000065,-97.873647,-9.27825775,14.162035,12.0,20.0,8.6048665,10.7748891,89.5,0.5777088479236814,0.40892193308550184,0.6356877323420075,0.5130111524163569,0.06691449814126393,0.18029739776951673,0.36617100371747213,0.7546468401486989,0.38661710037174724,0.17472118959107807,0.587360594795539,41.66,cell_key,172,36.43,False,LOW,122.0,1068608.0,40988.0,41.0
ECI:1070898.0,80,3,62.88378900000001,13.303981600000002,72.84322482500001,10.0,16.25,16.25,-3.7788376250000013,62.44542140000003,-98.155655,-12.287100500000001,13.431761999999999,9.0,20.0,8.243347499999999,10.758597700000001,152.0,0.4680231033966034,0.31970260223048325,0.39776951672862454,0.3587360594795539,0.08921933085501858,0.5892193308550185,0.36617100371747213,0.6617100371747212,0.4312267657992565,0.8736059479553904,0.6059479553903345,41.05,cell_key,173,36.06,False,MEDIUM,212.0,1070898.0,41186.0,41.0
ECI:1068865.0,47,2,47.887672,27.886089000000002,46.03409380851064,2.127659574468085,8.51063829787234,8.51063829787234,50.188610999999995,62.27823240000001,-95.99601,-9.523876,19.427275,11.0,15.0,5.2,6.9538018,125.0,0.38289482945736436,0.4312267657992565,0.18587360594795538,0.1821561338289963,0.9405204460966543,0.2955390334572491,0.775092936802974,0.42379182156133827,0.10408921933085502,0.2899628252788104,0.5055762081784386,40.97,cell_key,174,35.69,False,LOW,112.0,1068865.0,40988.0,41.0
ECI:1067070.0,83,2,69.05315,45.2485136,66.82274736144578,1.2048192771084338,6.024096385542169,6.024096385542169,-3.8436629999999923,15.486738599999997,-98.89875,-11.5,8.337236,8.0,17.0,9.259259,12.238246,188.0,0.3774116571428571,0.26022304832713755,0.08550185873605948,0.11895910780669144,0.08550185873605948,0.7397769516728625,0.6449814126394052,0.8680297397769516,0.7992565055762082,0.7806691449814126,0.6468401486988847,40.38,cell_key,175,35.32,False,MEDIUM,129.0,1067070.0,40790.0,41.0
ECI:1073174.0,63,2,88.953186,10.0138048,83.86676131746032,11.11111111111111,22.22222222222222,22.22222222222222,18.625519999999995,112.42709640000001,-100.41712,-9.052526,13.823333,11.0,20.0,8.683151,12.977164400000001,144.0,0.5585637676056339,0.1449814126394052,0.4758364312267658,0.5687732342007435,0.5799256505576208,0.2955390334572491,0.36617100371747213,0.7732342007434945,0.39776951672862454,0.09665427509293681,0.7211895910780669,40.36,cell_key,176,34.94,False,MEDIUM,431.0,1073174.0,500.0,1.0
ECI:1066035.0,112,3,42.334196500000004,9.616308,43.48454512482142,11.607142857142858,16.071428571428573,15.178571428571427,21.401135249999996,81.14839020000001,-88.034363,-9.16669075,21.4949045,10.0,26.0,5.730366699999999,11.1982224,74.0,0.5919173077892967,0.5130111524163569,0.5130111524163569,0.35315985130111527,0.6319702602230484,0.44052044609665425,0.01858736059479554,0.45724907063197023,0.03717472118959108,0.13011152416356878,0.20817843866171004,40.18,cell_key,177,34.57,False,HIGH,123.0,1066035.0,41186.0,41.0
ECI:1072446.0,102,1,67.15707,5.005230400000011,66.97282574509804,10.784313725490197,19.607843137254903,19.607843137254903,45.690702,87.79987205,-86.9574,-9.4879555,18.1274185,11.0,22.0,3.68315435,6.756096900000001,187.0,0.3522011600284495,0.2788104089219331,0.6802973977695167,0.48698884758364314,0.9256505576208178,0.2955390334572491,0.19330855018587362,0.2379182156133829,0.1524163568773234,0.275092936802974,0.19330855018587362,40.0,cell_key,178,34.2,False,LOW,394.0,1072446.0,40790.0,41.0
ECI:3638839.0,144,3,66.0779455,21.5048565,69.99942650623612,4.861111111111112,9.722222222222223,7.638888888888889,0.9683922499999991,43.50576920140001,-93.180565,-12.62167225,13.2056735,7.0,20.0,7.493250700000001,10.356613400000006,133.5,0.5921497938162237,0.30111524163568776,0.2527881040892193,0.20817843866171004,0.16356877323420074,0.8736059479553904,0.36617100371747213,0.5650557620817844,0.44981412639405205,0.9107806691449815,0.3940520446096654,39.35,cell_key,179,33.83,False,HIGH,255.0,3638839.0,40988.0,41.0
ECI:1066305.0,38,1,46.791368500000004,22.690466100000002,46.4917897631579,0.0,13.157894736842104,13.157894736842104,-5.678782249999999,42.669576899999996,-105.39361249999999,-10.003094,12.34032,11.0,16.0,6.664104350000001,9.080671800000005,95.5,0.4508563116777431,0.45724907063197023,0.2342007434944238,0.2788104089219331,0.07434944237918216,0.2955390334572491,0.7118959107806692,0.516728624535316,0.516728624535316,0.43866171003717475,0.8587360594795539,39.0,cell_key,180,33.46,False,LOW,488.0,1066305.0,40988.0,41.0
ECI:1073715.0,33,3,66.39138,18.800009000000003,57.51085454545455,3.0303030303030303,15.151515151515152,15.151515151515152,22.204817500000004,37.91107850000001,-102.10263,-10.494141,14.427504,10.0,16.0,2.9863482,6.539709460000001,191.0,0.36872588709677423,0.2936802973977695,0.2899628252788104,0.33271375464684017,0.6617100371747212,0.44052044609665425,0.7118959107806692,0.11895910780669144,0.34944237918215615,0.5762081784386617,0.7732342007434945,39.0,cell_key,181,33.09,False,LOW,362.0,1073715.0,41186.0,41.0
ECI:1082166.0,165,8,58.113552,14.920224000000003,58.27142486363636,3.0303030303030303,17.575757575757574,16.969696969696972,25.81016000000001,57.3495902,-97.516624,-9.434245,17.114775,9.0,20.0,2.8449502,6.2799140399999995,174.0,0.332591871657754,0.35687732342007433,0.3680297397769517,0.4200743494423792,0.7211895910780669,0.5892193308550185,0.36617100371747213,0.08550185873605948,0.1970260223048327,0.241635687732342,0.5687732342007435,38.97,cell_key,182,32.71,False,HIGH,140.0,1082166.0,41384.0,41.0
ECI:3624137.0,91,3,128.93208,59.389065,124.42354969230769,5.4945054945054945,8.791208791208792,6.593406593406594,13.4606,68.62958499999998,-109.01432,-14.883064,9.708695,10.0,16.0,10.756501,11.855928,209.0,0.6239766063348416,0.040892193308550186,0.048327137546468404,0.1970260223048327,0.4944237918215613,0.44052044609665425,0.7118959107806692,0.966542750929368,0.6877323420074349,0.9814126394052045,0.9516728624535316,38.83,cell_key,183,32.34,False,MEDIUM,153.0,3624137.0,356.0,1.0
ECI:1067839.0,68,2,69.738415,0.35740720000000004,64.11997452941176,20.588235294117645,27.941176470588236,27.941176470588236,23.51131125,110.54368205,-88.33870999999999,-9.443092,19.526271,13.0,23.0,2.9337315,6.28582801,145.5,0.4947033872570452,0.2527881040892193,0.929368029739777,0.6877323420074349,0.6840148698884758,0.08364312267657993,0.120817843866171,0.10037174721189591,0.09293680297397769,0.26022304832713755,0.21933085501858737,38.1,cell_key,184,31.97,False,MEDIUM,128.0,1067839.0,40988.0,41.0
ECI:1067325.0,76,2,46.418072,18.9660405,48.01547311842105,3.9473684210526314,7.894736842105263,7.894736842105263,0.2279075000000006,33.40933,-102.951118,-9.543883000000001,13.163066,10.0,20.0,8.130729,12.11467175,91.0,0.4810908139568765,0.46096654275092935,0.2862453531598513,0.17472118959107807,0.1412639405204461,0.44052044609665425,0.36617100371747213,0.6319702602230484,0.45353159851301117,0.2936802973977695,0.7992565055762082,37.79,cell_key,185,31.6,False,MEDIUM,108.0,1067325.0,40790.0,41.0
ECI:1079583.0,40,2,76.87443,6.6847152,78.08223815,12.5,15.0,10.0,21.834732250000002,72.2630055,-77.890265,-9.2998665,15.97918625,12.0,19.0,8.213596299999999,15.2453859,136.0,0.5729181263916558,0.21189591078066913,0.6059479553903345,0.3271375464684015,0.6505576208178439,0.18029739776951673,0.4739776951672863,0.654275092936803,0.241635687732342,0.1821561338289963,0.02973977695167286,37.7,cell_key,186,31.23,False,LOW,345.0,1079583.0,1850.0,3.0
ECI:1081375.0,195,3,70.926834,17.768294400000002,76.31489523588718,10.256410256410255,14.358974358974358,11.282051282051283,11.60933,57.01559599999998,-88.90658,-9.240789,12.219999,9.0,20.0,7.9166665,12.312268,172.0,0.4085464397905759,0.24535315985130113,0.29739776951672864,0.3048327137546468,0.45353159851301117,0.5892193308550185,0.36617100371747213,0.6059479553903345,0.5278810408921933,0.14869888475836432,0.2379182156133829,37.32,cell_key,187,30.86,False,HIGH,454.0,1081375.0,1850.0,3.0
ECI:1073217.0,40,1,28.438388000000003,14.075828000000001,27.248180325,5.0,7.5,7.5,21.665242875000004,34.73361557500001,-86.137565,-9.545948,20.117176,12.0,24.0,3.1995630000000004,5.183760300000001,86.0,0.32198509609698406,0.7211895910780669,0.3903345724907063,0.16171003717472118,0.6356877323420075,0.18029739776951673,0.06691449814126393,0.15613382899628253,0.07063197026022305,0.29739776951672864,0.17100371747211895,37.03,cell_key,188,30.48,False,LOW,431.0,1073217.0,40988.0,41.0
ECI:1070391.0,133,2,44.50143,14.2634028,54.61682565413533,9.774436090225564,14.285714285714285,11.278195488721805,10.314769999999996,47.918180799999995,-100.53125,-8.9375,14.548385,11.0,20.0,3.4663866,8.696679,147.0,0.32570253086419754,0.4944237918215613,0.38661710037174724,0.29739776951672864,0.4275092936802974,0.2955390334572491,0.36617100371747213,0.19330855018587362,0.3345724907063197,0.05204460966542751,0.724907063197026,36.62,cell_key,189,30.11,False,MEDIUM,470.0,1070391.0,41384.0,41.0
ECI:3638847.0,46,1,74.287805,14.362776,71.3550985,8.695652173913043,15.217391304347828,15.217391304347828,5.834179750000004,71.26797525,-91.120492,-12.5193105,13.390766,9.0,22.0,6.3108198,10.2703205,135.0,0.5955306145454546,0.21933085501858737,0.3828996282527881,0.3382899628252788,0.29739776951672864,0.5892193308550185,0.19330855018587362,0.49070631970260226,0.4349442379182156,0.9033457249070632,0.30111524163568776,36.62,cell_key,190,29.74,False,LOW,253.0,3638847.0,41384.0,41.0
ECI:3631412.0,145,3,84.46778,28.0347388,82.88564791724139,1.3793103448275863,7.586206896551724,7.586206896551724,0.1432165000000083,28.052735999999992,-98.40625,-13.090965,11.894317,7.0,19.0,7.9295154,10.2659276,140.0,0.6436511538461539,0.15985130111524162,0.17843866171003717,0.16728624535315986,0.13011152416356878,0.8736059479553904,0.4739776951672863,0.6096654275092936,0.5613382899628253,0.9405204460966543,0.6171003717472119,36.6,cell_key,191,29.37,False,HIGH,212.0,3631412.0,40790.0,41.0
ECI:1076246.0,125,3,72.942566,21.8899136,73.59485203999999,1.6,16.0,14.399999999999999,47.53460999999999,106.48845000000004,-86.19571,-9.501302,14.332982,12.0,22.0,8.34446,11.941598600000004,149.0,0.49680685714285716,0.23048327137546468,0.24907063197026022,0.34572490706319703,0.9368029739776952,0.18029739776951673,0.19330855018587362,0.6802973977695167,0.35315985130111527,0.2862453531598513,0.17472118959107807,36.38,cell_key,192,29.0,False,HIGH,179.0,1076246.0,500.0,1.0
ECI:1067841.0,96,2,61.167970499999996,4.794172,60.03941420833333,13.541666666666666,21.875,21.875,26.303816999999995,81.27890400000001,-94.58311,-9.071745499999999,19.298361,13.0,22.0,2.8119425,6.6428144,150.5,0.41658490977742446,0.3382899628252788,0.6877323420074349,0.550185873605948,0.7360594795539034,0.08364312267657993,0.19330855018587362,0.07434944237918216,0.11524163568773234,0.10780669144981413,0.4275092936802974,36.33,cell_key,193,28.62,False,MEDIUM,127.0,1067841.0,40988.0,41.0
ECI:1081663.0,80,3,69.10698500000001,16.0722904,64.30201761250001,3.75,10.0,10.0,8.223874750000006,42.48613172500004,-92.7445,-9.50012825,12.8693265,8.0,18.0,3.5262234,7.0776081000000035,174.5,0.41050050714285713,0.25650557620817843,0.3308550185873606,0.22304832713754646,0.3680297397769517,0.7397769516728625,0.5594795539033457,0.21933085501858737,0.4758364312267658,0.2825278810408922,0.37174721189591076,35.76,cell_key,194,28.25,False,MEDIUM,354.0,1081663.0,40988.0,41.0
ECI:1075763.0,35,1,47.886063,12.7491488,47.16040111428572,5.714285714285714,11.428571428571429,11.428571428571429,37.88086750000001,59.328439900000006,-95.00146,-8.917892,16.819996,13.0,20.0,3.4146342,6.055382500000002,143.0,0.33931901515151514,0.4349442379182156,0.40892193308550184,0.24907063197026022,0.8736059479553904,0.08364312267657993,0.36617100371747213,0.1821561338289963,0.21189591078066913,0.048327137546468404,0.46096654275092935,35.73,cell_key,195,27.88,False,LOW,159.0,1075763.0,41186.0,41.0
ECI:1068850.0,95,3,46.905273,22.49875,52.64134344210526,6.315789473684211,16.842105263157894,15.789473684210526,33.692882,64.90973400000004,-92.285904,-8.990099,17.498909,12.0,20.0,3.008596,6.171431740000003,151.0,0.31476507647058827,0.44981412639405205,0.241635687732342,0.3828996282527881,0.8327137546468402,0.18029739776951673,0.36617100371747213,0.12639405204460966,0.17843866171003717,0.07806691449814127,0.34572490706319703,35.52,cell_key,196,27.51,False,MEDIUM,111.0,1068850.0,41186.0,41.0
ECI:1066037.0,34,2,72.319548,19.844425600000005,69.0223164704706,8.823529411764707,20.588235294117645,17.647058823529413,25.593115,79.10068179999999,-86.742275,-10.009107499999999,13.517526499999999,10.0,23.0,3.9247050000000003,6.8227463,143.5,0.5245806786114222,0.2342007434944238,0.26394052044609667,0.49814126394052044,0.7100371747211895,0.44052044609665425,0.120817843866171,0.2825278810408922,0.42379182156133827,0.4423791821561338,0.18587360594795538,35.48,cell_key,197,27.14,False,LOW,124.0,1066037.0,41384.0,41.0
ECI:1073216.0,129,2,51.561127,19.0817464,57.36030343410853,3.10077519379845,10.077519379844961,10.077519379844961,18.447409,53.5794236,-94.60658,-9.610795,13.047128,11.0,21.0,4.3103447,7.711785800000001,182.0,0.3340045408163265,0.3903345724907063,0.2825278810408922,0.23048327137546468,0.5724907063197026,0.2955390334572491,0.26579925650557623,0.32342007434944237,0.4646840148698885,0.31970260223048325,0.4312267657992565,35.12,cell_key,198,26.77,False,MEDIUM,430.0,1073216.0,40988.0,41.0
ECI:1072190.0,66,3,47.375355,19.491011999999998,49.72453465151515,4.545454545454546,13.636363636363635,13.636363636363635,51.36336875000001,74.05822599999999,-93.0940925,-8.905999,19.114295,12.5,22.0,3.87254905,7.9268877,167.0,0.28847102624365073,0.44609665427509293,0.2788104089219331,0.2862453531598513,0.9516728624535316,0.13011152416356878,0.19330855018587362,0.26765799256505574,0.13011152416356878,0.040892193308550186,0.38661710037174724,34.98,cell_key,199,26.39,False,MEDIUM,448.0,1072190.0,40790.0,41.0
ECI:1067316.0,105,4,37.225674,22.0546832,40.51093422857143,5.714285714285714,7.6190476190476195,4.761904761904762,3.0085200000000043,18.148583000000002,-101.06505,-10.038195,13.776401,10.0,22.0,2.9255319,6.70532736,94.0,0.40267842857142855,0.5762081784386617,0.24535315985130113,0.17100371747211895,0.21189591078066913,0.44052044609665425,0.19330855018587362,0.09665427509293681,0.40148698884758366,0.4684014869888476,0.7360594795539034,34.36,cell_key,200,26.02,False,HIGH,110.0,1067316.0,41186.0,41.0
ECI:1065025.0,92,2,52.2728685,30.783296,55.46497970652174,0.0,5.434782608695652,5.434782608695652,30.164288125,59.01720782500001,-87.399997,-9.334433,14.664113,11.0,19.0,4.82191945,7.2140119,155.0,0.34762556002834866,0.3828996282527881,0.15985130111524162,0.09665427509293681,0.7806691449814126,0.2955390334572491,0.4739776951672863,0.3903345724907063,0.31970260223048325,0.19330855018587362,0.20074349442379183,34.3,cell_key,201,25.65,False,MEDIUM,469.0,1065025.0,40988.0,41.0
ECI:1078583.0,199,5,63.541016,17.6472304,61.458792281407035,6.532663316582915,19.09547738693467,19.09547738693467,24.886023,77.24637060000006,-95.48455,-9.136303,16.955555,11.0,21.0,3.3947623,6.7483738,161.0,0.38839391304347826,0.3159851301115242,0.3048327137546468,0.4684014869888476,0.6988847583643123,0.2955390334572491,0.26579925650557623,0.17472118959107807,0.20446096654275092,0.12267657992565056,0.4758364312267658,34.13,cell_key,202,25.28,False,HIGH,163.0,1078583.0,41384.0,41.0
ECI:3638838.0,174,3,83.59158500000001,19.7795489,80.33134793102873,5.747126436781609,17.24137931034483,17.24137931034483,0.002107500000001039,72.23323630000002,-90.0096,-11.815679249999999,15.0086555,10.0,21.0,8.707787249999999,11.2861697,133.0,0.6370101024844721,0.16728624535315986,0.26765799256505574,0.40148698884758366,0.12267657992565056,0.44052044609665425,0.26579925650557623,0.7843866171003717,0.30111524163568776,0.828996282527881,0.26022304832713755,33.86,cell_key,203,24.91,False,HIGH,254.0,3638838.0,40988.0,41.0
ECI:1068575.0,180,3,80.42389750000001,20.5963953,85.80281092777777,7.222222222222221,17.22222222222222,17.22222222222222,28.801627499999995,102.9820408,-78.0923,-8.971549249999999,19.345208999999997,11.0,25.0,9.550633,13.725152699999999,119.0,0.7465771708765473,0.1821561338289963,0.26022304832713755,0.39776951672862454,0.7657992565055762,0.2955390334572491,0.040892193308550186,0.8996282527881041,0.10780669144981413,0.05947955390334572,0.03345724907063197,33.74,cell_key,204,24.54,False,HIGH,122.0,1068575.0,1850.0,3.0
ECI:1067570.0,414,5,62.859708499999996,10.046162400000004,63.05836313743962,10.628019323671497,21.497584541062803,21.256038647342994,14.559908000000002,65.43180585,-101.54082,-9.419984,18.125230000000002,13.0,23.0,3.7953049500000002,8.60300375,133.0,0.5231750399086171,0.32342007434944237,0.4721189591078067,0.5278810408921933,0.5204460966542751,0.08364312267657993,0.120817843866171,0.24535315985130113,0.15613382899628253,0.2342007434944238,0.7620817843866171,33.47,cell_key,205,24.16,False,HIGH,151.0,1067570.0,41186.0,41.0
ECI:1079831.0,96,1,39.0764195,18.261571500000002,39.35094419791667,7.291666666666667,11.458333333333332,10.416666666666668,32.895834,108.79264850000001,-94.015695,-8.6329225,23.847917000000002,15.0,26.0,4.33556725,11.844495,105.0,0.38894134645745093,0.5464684014869888,0.2936802973977695,0.2527881040892193,0.828996282527881,0.007434944237918215,0.01858736059479554,0.3345724907063197,0.026022304832713755,0.022304832713754646,0.41263940520446096,33.4,cell_key,206,23.79,False,LOW,495.0,1079831.0,356.0,1.0
ECI:1078590.0,159,4,77.40887,0.8780784000000001,77.25069554025094,15.723270440251572,24.528301886792452,21.38364779874214,22.03766999999999,109.83743000000011,-82.78958,-9.064145,19.780598,13.0,24.0,2.5851197,6.097259200000002,175.0,0.48885976439790574,0.20446096654275092,0.8884758364312267,0.6171003717472119,0.6579925650557621,0.08364312267657993,0.06691449814126393,0.04460966542750929,0.08178438661710037,0.10037174721189591,0.11524163568773234,33.32,cell_key,207,23.42,False,HIGH,163.0,1078590.0,40790.0,41.0
ECI:3640373.0,138,3,89.82757000000001,36.4529786,86.95684775579711,2.898550724637681,6.521739130434782,5.797101449275362,-16.937664500000007,43.483651474999995,-82.277885,-13.391664500000001,9.5896255,8.0,21.0,8.882714499999999,10.7077442,165.0,0.5690603369565217,0.137546468401487,0.1449814126394052,0.14312267657992564,0.022304832713754646,0.7397769516728625,0.26579925650557623,0.8252788104089219,0.6951672862453532,0.9479553903345725,0.10037174721189591,33.2,cell_key,208,23.05,False,HIGH,273.0,3640373.0,40988.0,41.0
ECI:3625779.0,99,4,67.261925,36.1662824,68.99818363636363,2.0202020202020203,5.05050505050505,5.05050505050505,-10.226664,15.403693000000013,-99.31368,-19.242334,5.6619563,5.0,21.0,0.390625,7.7557278,177.0,0.38730093922651937,0.275092936802974,0.14869888475836432,0.07992565055762081,0.05204460966542751,0.9944237918215614,0.26579925650557623,0.007434944237918215,0.9144981412639405,1.0,0.6654275092936803,33.18,cell_key,209,22.68,False,MEDIUM,116.0,3625779.0,40790.0,41.0
ECI:1073462.0,86,2,38.992827,16.2573675,38.36579350348837,4.651162790697675,10.465116279069768,10.465116279069768,5.179281999999997,31.016281099999997,-101.29004,-8.368941,19.3369045,10.0,22.0,2.93868085,6.62226985,95.0,0.40341871524688006,0.550185873605948,0.3271375464684015,0.2379182156133829,0.2825278810408922,0.44052044609665425,0.19330855018587362,0.10408921933085502,0.11152416356877323,0.007434944237918215,0.7397769516728625,32.77,cell_key,210,22.3,False,MEDIUM,81.0,1073462.0,41384.0,41.0
ECI:1070356.0,46,2,86.3384975,44.6642685,86.82659756521738,0.0,6.521739130434782,6.521739130434782,-5.038970499999998,58.02243249999999,-103.408965,-10.288028,12.022146,8.0,19.0,8.376136500000001,11.436825500000001,177.5,0.5055602188328912,0.1524163568773234,0.08921933085501858,0.14312267657992564,0.08178438661710037,0.7397769516728625,0.4739776951672863,0.6914498141263941,0.5427509293680297,0.5427509293680297,0.8178438661710037,32.73,cell_key,211,21.93,False,LOW,333.0,1070356.0,500.0,1.0
ECI:1072439.0,109,3,73.43268,5.318612800000001,80.55464793568807,13.761467889908257,26.605504587155966,26.605504587155966,27.762255,76.39974620000001,-91.31196,-8.775767,24.478159,12.0,26.0,1.3977128,5.780364400000002,172.0,0.45111206993006997,0.22676579925650558,0.6691449814126395,0.654275092936803,0.7546468401486989,0.18029739776951673,0.01858736059479554,0.011152416356877323,0.011152416356877323,0.02973977695167286,0.3048327137546468,32.61,cell_key,212,21.56,False,HIGH,394.0,1072439.0,41384.0,41.0
ECI:1076278.0,47,4,70.9577,14.589192000000002,71.90082795744681,6.382978723404255,14.893617021276595,12.76595744680851,7.694270000000003,68.98534619999998,-90.53608,-9.376913,14.320429,11.0,18.0,4.1875,7.2959588,182.0,0.39230422093023254,0.2379182156133829,0.379182156133829,0.31970260223048325,0.3643122676579926,0.2955390334572491,0.5594795539033457,0.30111524163568776,0.35687732342007433,0.21189591078066913,0.2899628252788104,32.31,cell_key,213,21.19,False,LOW,178.0,1076278.0,41384.0,41.0
ECI:3624007.0,79,2,150.92192,58.39798040000001,148.89904527848103,0.0,5.063291139240507,5.063291139240507,2.407043999999999,76.51584420000002,-100.20592,-14.511184,8.515218,10.0,19.0,11.032028,12.3580582,255.0,0.6043841104972376,0.01486988847583643,0.05204460966542751,0.08550185873605948,0.18587360594795538,0.44052044609665425,0.4739776951672863,0.9702602230483272,0.7806691449814126,0.9739776951672863,0.7100371747211895,31.87,cell_key,214,20.82,False,MEDIUM,153.0,3624007.0,9310.0,28.0
ECI:3635971.0,99,2,96.08495,48.270048,97.48135451515152,1.0101010101010102,5.05050505050505,5.05050505050505,39.603155,117.8423131,-84.1219,-13.921569,16.98315,12.0,22.0,10.594316,12.2617904,124.0,0.8236442957746479,0.11895910780669144,0.07806691449814127,0.07992565055762081,0.8810408921933085,0.18029739776951673,0.19330855018587362,0.9368029739776952,0.20074349442379183,0.9591078066914498,0.1449814126394052,31.81,cell_key,215,20.45,False,MEDIUM,233.0,3635971.0,1850.0,3.0
ECI:1065269.0,393,5,55.900192,15.375281600000003,61.90772525063613,7.124681933842239,11.704834605597965,10.432569974554708,7.173424000000001,40.28650600000001,-103.03218,-9.712239,14.478165,13.0,19.0,3.1293464,6.4908057,151.0,0.3897398230088495,0.3754646840148699,0.35687732342007433,0.25650557620817843,0.3420074349442379,0.08364312267657993,0.4739776951672863,0.1449814126394052,0.3420074349442379,0.3643122676579926,0.8066914498141264,31.62,cell_key,216,20.07,False,HIGH,144.0,1065269.0,41384.0,41.0
ECI:1065276.0,32,1,73.5785025,43.5570545,70.704221375,0.0,6.25,6.25,44.6598925,73.463325,-95.68769499999999,-10.664616500000001,19.154296,11.0,21.0,5.628262,8.781333200000002,152.0,0.4921435892857143,0.22304832713754646,0.10037174721189591,0.13011152416356878,0.9107806691449815,0.2955390334572491,0.26579925650557623,0.44609665427509293,0.12639405204460966,0.6133828996282528,0.483271375464684,31.3,cell_key,217,19.7,False,LOW,144.0,1065276.0,40790.0,41.0
ECI:1065535.0,41,3,66.19223,6.181624,71.21468897560976,17.073170731707318,31.70731707317073,29.268292682926827,4.610527999999999,92.56668525,-91.34574,-8.75,20.874159,13.0,22.0,1.8024514,3.3783784,168.0,0.38672711612903227,0.29739776951672864,0.6394052044609665,0.7509293680297398,0.26022304832713755,0.08364312267657993,0.19330855018587362,0.01486988847583643,0.05204460966542751,0.026022304832713755,0.31226765799256506,31.04,cell_key,218,19.33,False,LOW,394.0,1065535.0,40988.0,41.0
ECI:1072704.0,52,1,106.15673749999999,0.01128960000000001,94.63326744230768,15.384615384615385,30.76923076923077,30.76923076923077,-12.199116250000003,111.78353165,-81.8393325,-8.482011,21.479028,11.0,21.0,2.95130445,5.38369293,185.5,0.6022932440458688,0.07806691449814127,0.9925650557620818,0.7360594795539034,0.04460966542750929,0.2955390334572491,0.26579925650557623,0.10780669144981413,0.040892193308550186,0.011152416356877323,0.08178438661710037,30.49,cell_key,219,18.96,False,LOW,395.0,1072704.0,40988.0,41.0
ECI:1072404.0,36,2,68.208415,23.6663675,64.39908668055556,5.555555555555555,16.666666666666664,16.666666666666664,3.4555262500000055,65.37868575,-100.25422499999999,-9.378622,16.4024285,12.0,23.0,8.464517,10.4279525,87.5,0.8115003390937019,0.26765799256505574,0.23048327137546468,0.3736059479553903,0.22676579925650558,0.18029739776951673,0.120817843866171,0.7211895910780669,0.22304832713754646,0.21561338289962825,0.7137546468401487,30.19,cell_key,220,18.59,False,LOW,393.0,1072404.0,500.0,1.0
ECI:1069373.0,140,2,94.65615500000001,3.3230296000000004,89.8449456142857,14.285714285714285,29.28571428571429,29.28571428571429,21.309363749999996,115.70601290000002,-91.364275,-8.7956955,24.842821,14.0,25.5,2.29735435,6.149523340000004,162.0,0.6063064283574264,0.12267657992565056,0.7695167286245354,0.7174721189591078,0.6282527881040892,0.024163568773234202,0.03345724907063197,0.02973977695167286,0.007434944237918215,0.03345724907063197,0.3159851301115242,29.53,cell_key,221,18.22,False,MEDIUM,135.0,1069373.0,40790.0,41.0
ECI:1077535.0,90,2,75.234905,39.9493155,78.23518083333333,0.0,2.2222222222222223,2.2222222222222223,10.947388999999998,39.72537250000011,-88.8329225,-9.4410475,12.572221249999998,9.0,23.0,7.8888898,11.2803563,156.5,0.5315279169508222,0.21561338289962825,0.12639405204460966,0.031598513011152414,0.43866171003717475,0.5892193308550185,0.120817843866171,0.5947955390334573,0.49814126394052044,0.25650557620817843,0.2342007434944238,28.99,cell_key,222,17.84,False,MEDIUM,187.0,1077535.0,1850.0,3.0
ECI:1065160.0,43,1,93.17677,67.246529,90.64555888372092,0.0,0.0,0.0,9.203828999999999,37.454260999999995,-79.9712,-9.862005,11.003159,9.0,21.0,8.469388,11.9204606,157.0,0.5967576153846154,0.13011152416356878,0.03717472118959108,0.0055762081784386614,0.39776951672862454,0.5892193308550185,0.26579925650557623,0.724907063197026,0.6133828996282528,0.39776951672862454,0.05204460966542751,28.39,cell_key,223,17.47,False,LOW,399.0,1065160.0,500.0,1.0
ECI:1071678.0,45,2,50.342503,27.1350144,54.66012124444445,0.0,2.2222222222222223,2.2222222222222223,-2.7145975000000107,14.62553420000001,-97.02631,-9.78391,14.177778,10.0,18.0,2.7318933,6.00085596,94.0,0.5452212021276596,0.39776951672862454,0.19330855018587362,0.031598513011152414,0.09665427509293681,0.44052044609665425,0.5594795539033457,0.07063197026022305,0.3828996282527881,0.3754646840148699,0.5390334572490706,28.11,cell_key,224,17.1,False,LOW,394.0,1071678.0,40790.0,41.0
ECI:1068851.0,81,2,63.870216,17.5834,70.88876144444444,6.172839506172839,9.876543209876543,6.172839506172839,7.040224000000004,38.615176,-97.32566,-9.030921,15.564834,11.0,20.0,3.1458533,4.9418607,159.0,0.4260964739884393,0.30855018587360594,0.30855018587360594,0.21561338289962825,0.3345724907063197,0.2955390334572491,0.36617100371747213,0.14869888475836432,0.26394052044609667,0.08921933085501858,0.5613382899628253,28.0,cell_key,225,16.73,False,MEDIUM,113.0,1068851.0,41186.0,41.0
ECI:1066295.0,46,3,66.8833,17.3497365,60.64102110869566,4.3478260869565215,10.869565217391305,10.869565217391305,-15.136900500000003,21.586002999999998,-108.826873,-9.1015505,15.285336,11.0,20.0,4.527823,7.669491000000001,90.0,0.5736434771505377,0.2862453531598513,0.31226765799256506,0.24535315985130113,0.02973977695167286,0.2955390334572491,0.36617100371747213,0.3643122676579926,0.2825278810408922,0.11524163568773234,0.9442379182156134,27.96,cell_key,226,16.36,False,LOW,488.0,1066295.0,41384.0,41.0
ECI:3642944.0,48,1,99.4103325,40.774979200000004,91.19918137500001,4.166666666666666,10.416666666666668,10.416666666666668,2.589248000000005,40.012130550000016,-90.313762,-12.694215,15.681082499999999,10.0,23.0,8.8427855,11.023609800000001,146.5,0.6724692195800658,0.08921933085501858,0.11524163568773234,0.2342007434944238,0.20074349442379183,0.44052044609665425,0.120817843866171,0.8104089219330854,0.26022304832713755,0.9144981412639405,0.2788104089219331,27.92,cell_key,227,15.99,False,LOW,314.0,3642944.0,41384.0,41.0
ECI:1068606.0,526,8,67.63163499999999,15.9466725,69.99100907376426,7.41444866920152,13.11787072243346,11.977186311787072,25.694438999999996,70.05393275,-96.021,-8.9860095,19.0615145,13.0,24.0,3.8111048,6.6961838,132.0,0.518071978021978,0.27137546468401486,0.34572490706319703,0.275092936802974,0.7137546468401487,0.08364312267657993,0.06691449814126393,0.2527881040892193,0.137546468401487,0.07063197026022305,0.5092936802973977,27.67,cell_key,228,15.61,False,HIGH,120.0,1068606.0,40790.0,41.0
ECI:1080639.0,63,1,70.545654,48.9987712,74.19918753968254,0.0,4.761904761904762,4.761904761904762,10.971119000000002,39.815606450000004,-91.06633,-10.654605,14.623595,11.0,19.0,4.324324,7.33666322,187.0,0.385494269005848,0.24907063197026022,0.07434944237918216,0.07063197026022305,0.4423791821561338,0.2955390334572491,0.4739776951672863,0.3271375464684015,0.32342007434944237,0.6096654275092936,0.29739776951672864,27.45,cell_key,229,15.24,False,LOW,351.0,1080639.0,40988.0,41.0
ECI:1079828.0,146,2,96.218887,43.379155,107.6414762739726,0.0,0.684931506849315,0.684931506849315,7.446912500000003,56.95372000000001,-97.407015,-9.893025999999999,13.2083635,10.0,20.5,8.492927,11.483187000000001,166.0,0.6185914476264189,0.11524163568773234,0.10408921933085502,0.011152416356877323,0.35687732342007433,0.44052044609665425,0.30297397769516726,0.7286245353159851,0.44609665427509293,0.41263940520446096,0.5650557620817844,27.42,cell_key,230,14.87,False,MEDIUM,495.0,1079828.0,500.0,1.0
ECI:1068744.0,70,2,120.94442,89.342505,120.06136254285715,0.0,1.4285714285714286,1.4285714285714286,-23.73116550000001,36.324103000000015,-80.63943800000001,-10.035281999999999,11.7413035,8.0,20.0,11.9711935,14.1271367,173.0,0.7076912450592885,0.048327137546468404,0.011152416356877323,0.01486988847583643,0.01486988847583643,0.7397769516728625,0.36617100371747213,0.9851301115241635,0.5650557620817844,0.46096654275092935,0.05947955390334572,27.22,cell_key,231,14.5,False,MEDIUM,401.0,1068744.0,500.0,1.0
ECI:1075773.0,31,2,59.857254,39.725674,65.04481032258064,0.0,6.451612903225806,6.451612903225806,57.25991,76.6981485,-86.30849,-8.352041,26.382023,13.0,23.0,4.3343654,6.923682,131.0,0.4677098591549296,0.34572490706319703,0.13382899628252787,0.137546468401487,0.9628252788104089,0.08364312267657993,0.120817843866171,0.3308550185873606,0.0037174721189591076,0.0037174721189591076,0.17843866171003717,27.17,cell_key,232,14.13,False,LOW,159.0,1075773.0,40790.0,41.0
ECI:1079573.0,45,1,59.617287,25.5729108,61.17953197777778,0.0,6.666666666666667,6.666666666666667,0.7050647500000053,36.93138010000001,-83.142944,-9.290178,14.302128,12.0,21.0,6.476323,9.4377902,86.0,0.7178373626373626,0.35315985130111527,0.21561338289962825,0.14869888475836432,0.1524163568773234,0.18029739776951673,0.26579925650557623,0.5055762081784386,0.3643122676579926,0.17843866171003717,0.11895910780669144,27.0,cell_key,233,13.75,False,LOW,345.0,1079573.0,500.0,1.0
ECI:1080096.0,68,2,79.3602475,38.5393595,95.21765145588235,0.0,5.88235294117647,5.88235294117647,3.914932499999999,51.53674860000003,-78.98340999999999,-9.790222,14.253752500000001,11.0,19.0,7.894026500000001,11.381632800000002,172.5,0.5131262875816993,0.19330855018587362,0.137546468401487,0.11524163568773234,0.24535315985130113,0.2955390334572491,0.4739776951672863,0.5985130111524164,0.3680297397769517,0.379182156133829,0.040892193308550186,26.97,cell_key,234,13.38,False,MEDIUM,197.0,1080096.0,1850.0,3.0
ECI:1079368.0,169,3,119.20887,73.349676,115.32179415384616,1.183431952662722,3.5502958579881656,3.5502958579881656,6.261245000000002,51.292821800000006,-86.61174,-9.651974,17.332605,8.0,20.0,8.509514,10.571970600000002,159.0,0.7749080158730158,0.05204460966542751,0.03345724907063197,0.048327137546468404,0.31226765799256506,0.7397769516728625,0.36617100371747213,0.7323420074349443,0.1895910780669145,0.3271375464684015,0.1821561338289963,25.91,cell_key,235,13.01,False,HIGH,319.0,1079368.0,9310.0,28.0
ECI:1073428.0,33,2,98.21593,54.2460414,95.84465090909092,0.0,6.0606060606060606,6.0606060606060606,5.8936350000000175,66.92629700000002,-96.455,-10.153799,14.447187,10.0,23.0,8.608059,12.854667000000001,179.0,0.5734798882681564,0.09293680297397769,0.06319702602230483,0.12267657992565056,0.3048327137546468,0.44052044609665425,0.120817843866171,0.758364312267658,0.34572490706319703,0.5204460966542751,0.5241635687732342,25.88,cell_key,236,12.64,False,LOW,80.0,1073428.0,500.0,1.0
ECI:3623958.0,174,3,174.61654499999997,114.01203749999999,170.17395485632184,0.5747126436781609,5.172413793103448,5.172413793103448,25.993287500000008,79.13566750000005,-86.78102000000001,-14.107473500000001,18.942243,13.0,22.0,10.618614,11.815818300000002,192.0,0.918607935505863,0.007434944237918215,0.007434944237918215,0.09293680297397769,0.7323420074349443,0.08364312267657993,0.19330855018587362,0.9405204460966543,0.1412639405204461,0.966542750929368,0.1895910780669145,25.69,cell_key,237,12.27,False,HIGH,155.0,3623958.0,500.0,1.0
ECI:1068094.0,66,2,80.059752,54.1552085,83.10318772727273,0.0,1.5151515151515151,1.5151515151515151,31.76912250000001,52.504115,-94.8258275,-9.575625,17.457127,11.5,21.5,5.347852,7.7308481,172.0,0.4692895529308244,0.18587360594795538,0.07063197026022305,0.01858736059479554,0.8178438661710037,0.23048327137546468,0.23234200743494424,0.4275092936802974,0.18587360594795538,0.31226765799256506,0.44609665427509293,25.61,cell_key,238,11.9,False,MEDIUM,141.0,1068094.0,40790.0,41.0
ECI:1068338.0,57,3,48.56383,25.2105444,47.78094105263158,3.508771929824561,8.771929824561402,8.771929824561402,5.092859500000003,46.5234586,-83.81352,-9.445791,17.790627,11.0,24.0,2.587519,5.84290576,97.0,0.43661117708333336,0.4200743494423792,0.22304832713754646,0.19330855018587362,0.2788104089219331,0.2955390334572491,0.06691449814126393,0.048327137546468404,0.16728624535315986,0.26394052044609667,0.1412639405204461,24.8,cell_key,239,11.52,False,MEDIUM,49.0,1068338.0,41186.0,41.0
ECI:1064756.0,232,5,81.06468000000001,24.7182615,84.58884977155172,3.4482758620689653,9.913793103448276,9.913793103448276,-3.7770325000000007,35.417450575,-94.96911,-9.5664525,15.4455555,10.0,20.5,3.9076178500000003,6.117837880000001,179.0,0.4635652367318436,0.17472118959107807,0.22676579925650558,0.21933085501858737,0.09293680297397769,0.44052044609665425,0.30297397769516726,0.27137546468401486,0.27137546468401486,0.30855018587360594,0.45724907063197023,24.19,cell_key,240,11.15,False,HIGH,149.0,1064756.0,41186.0,41.0
ECI:1065506.0,33,1,121.77553,26.729239800000002,103.82516763636363,6.0606060606060606,21.21212121212121,21.21212121212121,7.171700000000001,102.38110920000001,-81.41024,-8.879558,19.445982,13.0,24.0,8.620689,12.6773228,163.0,0.7453686931818182,0.04460966542750929,0.20817843866171004,0.516728624535316,0.3382899628252788,0.08364312267657993,0.06691449814126393,0.7620817843866171,0.10037174721189591,0.03717472118959108,0.07806691449814127,23.61,cell_key,241,10.78,False,LOW,322.0,1065506.0,1850.0,3.0
ECI:3640374.0,54,2,107.84007299999999,64.08459640000001,105.73682175925926,0.0,5.555555555555555,5.555555555555555,-1.4793437500000053,41.15789527500001,-78.298805,-12.493491,17.867319000000002,10.0,22.0,8.7596125,10.72477935,139.0,0.8120449383490074,0.07063197026022305,0.04460966542750929,0.10408921933085502,0.10408921933085502,0.44052044609665425,0.19330855018587362,0.7992565055762082,0.15985130111524162,0.8921933085501859,0.03717472118959108,23.24,cell_key,242,10.41,False,MEDIUM,274.0,3640374.0,40988.0,41.0
ECI:1068853.0,92,4,77.256995,26.9638246,72.74246813043479,0.0,14.130434782608695,14.130434782608695,34.47779125,74.87709270000002,-82.208875,-9.2587265,21.36166,14.0,23.0,2.6494684,4.626550100000001,157.5,0.501513897927109,0.20817843866171004,0.1970260223048327,0.2899628252788104,0.8364312267657993,0.024163568773234202,0.120817843866171,0.055762081784386616,0.04460966542750929,0.15985130111524162,0.09665427509293681,22.57,cell_key,243,10.04,False,MEDIUM,111.0,1068853.0,41384.0,41.0
ECI:1072702.0,107,3,102.09918,16.047000000000008,87.01565520560749,8.411214953271028,25.233644859813083,25.233644859813083,9.3714425,96.00226690000001,-95.7875,-9.1947365,18.795792,13.0,24.0,2.2875817,4.188512200000001,174.0,0.6045551461988304,0.08550185873605948,0.3345724907063197,0.6394052044609665,0.40148698884758366,0.08364312267657993,0.06691449814126393,0.026022304832713755,0.1449814126394052,0.13382899628252787,0.4944237918215613,22.51,cell_key,244,9.67,False,HIGH,394.0,1072702.0,40790.0,41.0
ECI:1079612.0,118,4,84.91349,30.419393200000002,81.66688245762711,1.694915254237288,3.389830508474576,3.389830508474576,8.6022405,38.82956675,-88.72165749999999,-9.556183,12.8392425,12.0,22.0,4.57240335,7.74870554,170.5,0.49084389839181286,0.15613382899628253,0.16728624535315986,0.04460966542750929,0.3828996282527881,0.18029739776951673,0.19330855018587362,0.37174721189591076,0.48698884758364314,0.30111524163568776,0.23048327137546468,21.97,cell_key,245,9.29,False,HIGH,347.0,1079612.0,40790.0,41.0
ECI:3631382.0,76,3,165.525105,83.839755,162.3885442368421,2.631578947368421,2.631578947368421,2.631578947368421,-11.176735000000022,32.76760274999999,-93.380683,-15.4498245,12.841541,12.0,23.0,10.68530775,11.472282,223.5,0.7498531783950118,0.011152416356877323,0.026022304832713755,0.03717472118959108,0.048327137546468404,0.18029739776951673,0.120817843866171,0.9553903345724907,0.483271375464684,0.9851301115241635,0.40148698884758366,21.52,cell_key,246,8.92,False,MEDIUM,212.0,3631382.0,500.0,1.0
ECI:1065266.0,82,2,77.75622999999999,44.3177845,76.18496173170732,1.2195121951219512,4.878048780487805,4.878048780487805,4.080822999999995,31.963291400000003,-83.5116175,-9.708728,13.379780499999999,12.0,21.0,3.92239365,11.303814400000007,143.0,0.5398851567664787,0.20074349442379183,0.09665427509293681,0.07434944237918216,0.2527881040892193,0.18029739776951673,0.26579925650557623,0.2788104089219331,0.43866171003717475,0.36059479553903345,0.13011152416356878,20.72,cell_key,247,8.55,False,MEDIUM,144.0,1065266.0,41186.0,41.0
ECI:1064738.0,40,2,138.212,86.1793655,132.28642495,5.0,7.5,7.5,-42.395073499999995,11.500745450000007,-80.796865,-10.347943,12.6245145,10.5,22.5,8.386363,11.4326617,184.0,0.7702220690690691,0.03717472118959108,0.01858736059479554,0.16171003717472118,0.0037174721189591076,0.362453531598513,0.15613382899628253,0.6988847583643123,0.4944237918215613,0.5613382899628253,0.06691449814126393,20.5,cell_key,248,8.18,False,LOW,310.0,1064738.0,1850.0,3.0
ECI:1080086.0,49,2,106.46505,56.101206800000014,122.54989581632653,2.0408163265306123,4.081632653061225,4.081632653061225,0.023020000000002483,40.48413220000002,-82.14671,-9.628989,13.636784,12.0,21.0,8.65968,12.3430636,180.0,0.6082706024096386,0.07434944237918216,0.05947955390334572,0.055762081784386616,0.12639405204460966,0.18029739776951673,0.26579925650557623,0.7695167286245354,0.41263940520446096,0.32342007434944237,0.09293680297397769,20.14,cell_key,249,7.81,False,LOW,197.0,1080086.0,500.0,1.0
ECI:1068057.0,59,1,79.03661,41.7694254,76.3040556779661,0.0,5.084745762711865,5.084745762711865,-16.676765000000003,10.717778549999997,-92.48196,-9.205452,17.665585,12.0,26.0,8.432432,10.926324000000001,122.0,0.6904585714285714,0.1970260223048327,0.11152416356877323,0.08921933085501858,0.026022304832713755,0.18029739776951673,0.01858736059479554,0.7063197026022305,0.17100371747211895,0.137546468401487,0.35687732342007433,18.99,cell_key,250,7.43,False,LOW,143.0,1068057.0,356.0,1.0
ECI:1070868.0,33,1,116.51167,58.291411599999996,104.90799215151515,0.0,12.121212121212121,12.121212121212121,58.996365999999995,118.0008062,-76.62286,-8.9800825,24.356995,15.0,26.0,4.051447,13.965478200000003,138.0,0.8537429661016949,0.05947955390334572,0.055762081784386616,0.2620817843866171,0.9739776951672863,0.007434944237918215,0.01858736059479554,0.2862453531598513,0.01486988847583643,0.06319702602230483,0.026022304832713755,18.78,cell_key,251,7.06,False,LOW,348.0,1070868.0,500.0,1.0
ECI:1078588.0,51,1,88.95105,37.7044,86.78500227450981,1.9607843137254901,9.803921568627452,9.803921568627452,2.8711224999999985,49.31800500000001,-83.357895,-9.459678,20.084883,12.0,21.0,3.5379813,4.966443,189.0,0.48724106770833336,0.14869888475836432,0.1412639405204461,0.21189591078066913,0.20817843866171004,0.18029739776951673,0.26579925650557623,0.22304832713754646,0.07434944237918216,0.27137546468401486,0.12639405204460966,18.19,cell_key,252,6.69,False,LOW,162.0,1078588.0,40790.0,41.0
ECI:1070908.0,118,2,108.657912,45.6017302,97.03305705084746,0.0,4.23728813559322,4.23728813559322,3.3627162500000054,39.96837865,-91.865095,-9.6521775,20.3008125,9.0,22.0,3.83083055,6.06089808,173.0,0.628872144551495,0.06691449814126393,0.08178438661710037,0.05947955390334572,0.21561338289962825,0.5892193308550185,0.19330855018587362,0.25650557620817843,0.05947955390334572,0.3308550185873606,0.32342007434944237,17.91,cell_key,253,6.32,False,MEDIUM,348.0,1070908.0,40790.0,41.0
ECI:1068855.0,104,4,89.796898,27.1552368,81.28101243269231,2.8846153846153846,5.769230769230769,5.769230769230769,25.740018,61.8078168,-82.45579000000001,-9.2698275,21.256843500000002,13.0,23.5,2.8184439,5.04976697,157.0,0.5491241022279074,0.1412639405204461,0.1895910780669145,0.11152416356877323,0.7174721189591078,0.08364312267657993,0.08550185873605948,0.07806691449814127,0.048327137546468404,0.16728624535315986,0.10780669144981413,17.91,cell_key,254,5.95,False,HIGH,112.0,1068855.0,41384.0,41.0
ECI:1081374.0,110,5,97.238295,29.226931999999998,98.64634434545455,7.2727272727272725,12.727272727272727,11.818181818181818,-5.252535000000009,45.05742492500004,-94.63052,-8.988823499999999,16.939048,13.0,24.5,6.79534005,12.215279200000001,168.0,0.6127686578475955,0.10037174721189591,0.17100371747211895,0.27137546468401486,0.07806691449814127,0.08364312267657993,0.048327137546468404,0.5241635687732342,0.20817843866171004,0.07434944237918216,0.4349442379182156,17.75,cell_key,255,5.58,False,HIGH,453.0,1081374.0,1850.0,3.0
ECI:1081921.0,33,2,97.31272,40.2869932,91.44603166666666,0.0,9.090909090909092,9.090909090909092,-8.552740999999997,25.741606250000007,-90.18071,-9.928763,15.363636,12.0,19.0,2.9228857,6.925103660000001,190.0,0.5436464804469273,0.09665427509293681,0.12267657992565056,0.20074349442379183,0.055762081784386616,0.18029739776951673,0.4739776951672863,0.09293680297397769,0.275092936802974,0.4200743494423792,0.275092936802974,17.46,cell_key,256,5.2,False,LOW,394.0,1081921.0,40988.0,41.0
ECI:1077534.0,199,2,117.01416,88.5794052,113.72415508542714,0.0,2.0100502512562812,2.0100502512562812,3.4019099999999867,36.13282200000001,-81.28094,-9.3970585,15.036666,11.0,23.0,8.193484,10.709681400000001,136.0,0.805518303030303,0.055762081784386616,0.01486988847583643,0.026022304832713755,0.22304832713754646,0.2955390334572491,0.120817843866171,0.6431226765799256,0.29739776951672864,0.21933085501858737,0.07434944237918216,17.3,cell_key,257,4.83,False,MEDIUM,188.0,1077534.0,1850.0,3.0
ECI:1080084.0,31,2,149.13338,44.451473,135.6332137096774,0.0,9.67741935483871,9.67741935483871,-28.743480000000005,45.79309,-68.3781,-10.0,13.287235,13.0,23.0,8.215962,12.4487705,188.0,0.8041975806451612,0.022304832713754646,0.09293680297397769,0.20446096654275092,0.011152416356877323,0.08364312267657993,0.120817843866171,0.6579925650557621,0.4423791821561338,0.4349442379182156,0.007434944237918215,17.23,cell_key,258,4.46,False,LOW,195.0,1080084.0,500.0,1.0
ECI:1064759.0,517,6,96.36477,39.8829696,91.15155619340426,3.8684719535783367,8.704061895551257,7.156673114119923,14.699578999999986,65.12615040000007,-81.891304,-9.332447,19.506592,14.0,24.0,3.8666666,6.5360566,167.0,0.588692893081761,0.11152416356877323,0.13011152416356878,0.1895910780669145,0.5241635687732342,0.024163568773234202,0.06691449814126393,0.26022304832713755,0.09665427509293681,0.1895910780669145,0.08550185873605948,16.94,cell_key,259,4.09,False,HIGH,149.0,1064759.0,41384.0,41.0
ECI:3623956.0,36,1,217.24252,190.052525,221.67264416666666,0.0,0.0,0.0,1.533062500000014,28.723057500000024,-75.58617000000001,-13.529297,24.2888765,14.0,23.0,10.753488,12.6152125,212.5,1.0759642351260834,0.0037174721189591076,0.0037174721189591076,0.0055762081784386614,0.17472118959107807,0.024163568773234202,0.120817843866171,0.9628252788104089,0.01858736059479554,0.9553903345724907,0.01858736059479554,16.76,cell_key,260,3.72,False,LOW,154.0,3623956.0,500.0,1.0
ECI:1076540.0,98,2,96.68020200000001,42.7440511,95.39853653061225,1.0204081632653061,6.122448979591836,6.122448979591836,2.1553237500000044,41.39154815,-94.78108,-9.104692499999999,16.302899,12.0,20.5,3.51832915,5.8458073,187.0,0.5181691483451536,0.10780669144981413,0.10780669144981413,0.12639405204460966,0.17843866171003717,0.18029739776951673,0.30297397769516726,0.21189591078066913,0.2342007434944238,0.11895910780669144,0.4423791821561338,16.53,cell_key,261,3.35,False,MEDIUM,141.0,1076540.0,40790.0,41.0
ECI:1076768.0,35,1,139.66096,84.957144,138.4226533142857,0.0,5.714285714285714,5.714285714285714,-12.279210000000006,24.414854,-69.35842,-9.493873,17.574995,11.0,23.0,8.551483,11.8913828,159.0,0.9072093548387096,0.03345724907063197,0.022304832713754646,0.10780669144981413,0.040892193308550186,0.2955390334572491,0.120817843866171,0.7397769516728625,0.17472118959107807,0.2788104089219331,0.011152416356877323,16.42,cell_key,262,2.97,False,LOW,183.0,1076768.0,1850.0,3.0
ECI:1066814.0,254,3,93.20460800000001,33.8695189,95.56840293307087,4.724409448818897,14.566929133858267,14.566929133858267,0.15991950000000088,76.28989545,-95.15101000000001,-8.624756999999999,22.418931,13.0,25.0,4.3648019,8.9657654,151.0,0.7155260708910295,0.12639405204460966,0.15613382899628253,0.30855018587360594,0.13382899628252787,0.08364312267657993,0.040892193308550186,0.3420074349442379,0.03345724907063197,0.01858736059479554,0.4684014869888476,16.18,cell_key,263,2.6,False,HIGH,156.0,1066814.0,40790.0,41.0
ECI:1075519.0,127,2,83.93015,40.655608,81.88420391338582,3.937007874015748,5.511811023622047,4.724409448818897,-2.5800134999999997,31.565288000000013,-97.032524,-9.363938,20.140429,12.0,22.0,3.5065749,6.1465537,163.0,0.6021030133333333,0.16356877323420074,0.11895910780669144,0.10037174721189591,0.10037174721189591,0.18029739776951673,0.19330855018587362,0.20817843866171004,0.06691449814126393,0.20446096654275092,0.5427509293680297,15.56,cell_key,264,2.23,False,MEDIUM,315.0,1075519.0,40988.0,41.0
ECI:1068854.0,329,3,91.86606,34.474639,89.18338482066869,0.911854103343465,4.5592705167173255,4.5592705167173255,3.829777,38.95801999999999,-90.31799,-9.24426,16.78021,13.0,21.0,2.9636712,4.69673652,173.0,0.5499061818181818,0.13382899628252787,0.1524163568773234,0.06691449814126393,0.2379182156133829,0.08364312267657993,0.26579925650557623,0.11524163568773234,0.21561338289962825,0.1524163568773234,0.2825278810408922,15.01,cell_key,265,1.86,False,HIGH,113.0,1068854.0,41384.0,41.0
ECI:1066772.0,233,5,144.8911,54.1596836,144.47614960515023,0.4291845493562232,7.296137339055794,7.296137339055794,-6.160900000000012,63.306114000000015,-92.70296,-8.90891,20.708532,13.0,26.0,8.17228,11.133001400000001,173.0,0.9625085,0.026022304832713755,0.06691449814126393,0.15613382899628253,0.07063197026022305,0.08364312267657993,0.01858736059479554,0.6356877323420075,0.055762081784386616,0.04460966542750929,0.3680297397769517,12.78,cell_key,266,1.49,False,HIGH,157.0,1066772.0,500.0,1.0
ECI:1075521.0,139,2,97.120056,30.760608,101.70016798561151,2.158273381294964,10.071942446043165,10.071942446043165,-14.394236000000006,32.344578999999996,-99.35459,-9.240026,19.676344,13.0,24.0,2.4965327,4.82132832,169.0,0.5959018032786886,0.10408921933085502,0.16356877323420074,0.22676579925650558,0.03345724907063197,0.08364312267657993,0.06691449814126393,0.03717472118959108,0.08550185873605948,0.1449814126394052,0.6691449814126395,12.02,cell_key,267,1.12,False,MEDIUM,316.0,1075521.0,40988.0,41.0
ECI:1082167.0,134,3,142.677535,66.52501550000001,134.60992639552236,0.7462686567164178,4.477611940298507,3.731343283582089,-38.240488125,11.403550500000001,-92.9866945,-9.24501325,19.230248500000002,13.0,23.0,3.06383205,5.23424295,191.0,0.7457705723625887,0.02973977695167286,0.040892193308550186,0.06319702602230483,0.007434944237918215,0.08364312267657993,0.120817843866171,0.13011152416356878,0.11895910780669144,0.15613382899628253,0.379182156133829,7.33,cell_key,268,0.74,False,HIGH,141.0,1082167.0,41384.0,41.0
ECI:1079584.0,75,2,150.24506,73.7034596,154.03586386666666,0.0,4.0,4.0,-19.754109999999997,17.996578400000022,-75.732635,-9.085731,22.507772,15.0,27.0,4.8421054,9.5180374,183.0,0.876662125,0.01858736059479554,0.02973977695167286,0.05204460966542751,0.01858736059479554,0.007434944237918215,0.0037174721189591076,0.39776951672862454,0.02973977695167286,0.11152416356877323,0.022304832713754646,6.43,cell_key,269,0.37,False,MEDIUM,346.0,1079584.0,1850.0,3.0
