source_index,Activity.DNS Resolution Time,Activity.Remote Address,Activity.Remote IPs,Activity.Source Ports,Activity.Sub Activity,Activity.TTFB,Activity.Error,Throughput.HTTP_DL,Throughput.Physical_DL,Activity.Band,Extra_KPIs.Attach Delay,LTE - SecondaryCell 1 - SCell1_EARFCN_UL,Activity.LCI,Activity.ARFCN,Activity.Private IP,Activity.Activity,Activity.Connection Reset,Activity.Duplicated ACK,Activity.Duration,Activity.End TimeStamp,Activity.Fast Retransmission,Activity.Out of Order,Activity.Packet Loss Rate,Activity.Power,Activity.Public IP,Activity.Quality,Activity.SINR,Activity.Size,Activity.Spurious Retransmission,Activity.Start TimeStamp,Activity.Status,Activity.TCP Window Update,Activity.Tech,Activity.Throughput,Activity.Throughput WIFI,Extra_KPIs.RRC Connection Setup Time,LTE - SecondaryCell 1 - SCell1_MCS_CW1,LTE - SecondaryCell 1 - SCell1_Modulation_CW1,LTE - SecondaryCell 1 - SCell1_RxAntNum,LTE - SecondaryCell 1 - SCell1_SpatialRank,LTE - SecondaryCell 1 - SCell1_TxAntNum,Extra_KPIs.LTE Handover Interruption Time,Extra_KPIs.ERRC Connection Setup Time,LTE - SecondaryCell 1 - SCell1_1024QAMUsage,LTE - SecondaryCell 1 - SCell1_16QAMUsage,LTE - SecondaryCell 1 - SCell1_256QAMUsage,LTE - SecondaryCell 1 - SCell1_64QAMUsage,LTE - SecondaryCell 1 - SCell1_BLER,LTE - SecondaryCell 1 - SCell1_LayerNum,LTE - SecondaryCell 1 - SCell1_MCS_CW0,LTE - SecondaryCell 1 - SCell1_Modulation_CW0,LTE - SecondaryCell 1 - SCell1_QPSKUsage,LTE - SecondaryCell 1 - SCell1_ResourceBlockNum,LTE - SecondaryCell 1 - SCell1_Throughput,LTE - SecondaryCell 1 - SCell1_ThroughputStream0,LTE - SecondaryCell 1 - SCell1_ThroughputStream1,LTE - SecondaryCell 1 - SCell1_ThroughputStreamAll,LTE - SecondaryCell 1 - SCell1_Rank1Usage,LTE - SecondaryCell 1 - SCell1_Rank2Usage,LTE - SecondaryCell 1 - SCell1_Rank3Usage,LTE - SecondaryCell 1 - SCell1_Rank4Usage,LTE - SecondaryCell 1 - SCell1_CQI_CW1,LTE - SecondaryCell 1 - SCell1_BandWidth_UL,LTE - SecondaryCell 1 - SCell1_CQI,LTE - SecondaryCell 1 - SCell1_CQI_CW0,LTE - SecondaryCell 1 - SCell1_TransMode,LTE - Serving - R15_Support,LTE - SecondaryCell 1 Radio - SCell1_RSRP,LTE - SecondaryCell 1 Radio - SCell1_RSRQ,LTE - SecondaryCell 1 Radio - SCell1_RSSI,LTE - SecondaryCell 1 Radio - SCell1_SINR,LTE - SecondaryCell 1 Radio - SCell1_Frame_Timing_0,LTE - SecondaryCell 1 Radio - SCell1_Frame_Timing_1,LTE - SecondaryCell 1 Radio - SCell1_eNBTxDifference,LTE - SecondaryCell 1 - SCell1_Band,LTE - SecondaryCell 1 - SCell1_BandWidth_DL,LTE - SecondaryCell 1 - SCell1_EARFCN_DL,LTE - SecondaryCell 1 - SCell1_PCI,Extra_KPIs.UMTS Handover Interruption Time,LTE - PrimaryCell - PCell_CQI_CW1,LTE - PrimaryCell - PCell_MCS_CW1,LTE - PrimaryCell - PCell_Modulation_CW1,LTE.RACH.RACH_Latency,LTE.RACH.RACH_Result,LTE.RACH.RACH_Reason,LTE - PrimaryCell - PCell_Rank1Usage,LTE - PrimaryCell - PCell_Rank2Usage,LTE - PrimaryCell - PCell_Rank3Usage,LTE - PrimaryCell - PCell_Rank4Usage,LTE - PrimaryCell - PCell_RxAntNum,LTE - PrimaryCell - PCell_SpatialRank,LTE - PrimaryCell - PCell_TxAntNum,LTE.LTE_Data_KPI.Agg_Throughput_UL,LTE - PrimaryCell - PCell_CQI,LTE - PrimaryCell - PCell_CQI_CW0,LTE - PrimaryCell - PCell_TransMode,LTE - PrimaryCell - PCell_BandWidth_UL,LTE - PrimaryCell - PCell_EARFCN_UL,LTE - PrimaryCell - PCell_1024QAMUsage,LTE - PrimaryCell - PCell_16QAMUsage,LTE - PrimaryCell - PCell_256QAMUsage,LTE - PrimaryCell - PCell_64QAMUsage,LTE - PrimaryCell - PCell_BLER,LTE - PrimaryCell - PCell_LayerNum,LTE - PrimaryCell - PCell_MCS_CW0,LTE - PrimaryCell - PCell_Modulation_CW0,LTE - PrimaryCell - PCell_QPSKUsage,LTE - PrimaryCell - PCell_ResourceBlockNum,LTE - PrimaryCell - PCell_Throughput,LTE - PrimaryCell - PCell_ThroughputStream0,LTE - PrimaryCell - PCell_ThroughputStream1,LTE - PrimaryCell - PCell_ThroughputStreamAll,LTE.DownlinkMeasurements.Throughput_DL,LTE.LTE_Data_KPI.Agg_Throughput_DL,LTE - PrimaryCell - PCell_BandWidth_DL,LTE - Serving - BandWidth_DL,LTE.LTE_Data_KPI.Agg_Bandwidth_DL,LTE - PrimaryCell - PCell_Band,LTE - PrimaryCell - PCell_EARFCN_DL,LTE - PrimaryCell - PCell_PCI,LTE - PrimaryCell Radio - PCell_RSRQ,LTE - PrimaryCell Radio - PCell_RSSI,LTE - PrimaryCell Radio - PCell_SINR,LTE - PrimaryCell Radio - RSRP,LTE - Serving - Band,LTE - Serving - EARFCN_DL,LTE - Serving - PCI,LTE.DedicatedRadioLink.CarrierCount,LTE - Serving - ECI,LTE - Serving - EnodeBID,LTE - Serving - LCI,LTE - Serving - MCC,LTE - Serving - MNC,LTE - Serving - TAC,LTE.LTE_Data_KPI.Agg_RB_DL,LTE.LTE_Data_KPI.Agg_RB_UL,Events.subject,Events.description,WCDMA - WCDMACellsTable(3) - Band,WCDMA - WCDMACellsTable(3) - EcNo,WCDMA - WCDMACellsTable(3) - EcNo Before RAKE,WCDMA - WCDMACellsTable(3) - PSC,WCDMA - WCDMACellsTable(3) - RSCP,WCDMA - WCDMACellsTable(3) - RSCP After RAKE,WCDMA - WCDMACellsTable(3) - Set_Type,WCDMA - WCDMACellsTable(3) - UARFCN,Events.Tech,Events.Timestamp,Events.category,Events.titles,WCDMA - WCDMACellsTable(2) - Band,WCDMA - WCDMACellsTable(2) - EcNo,WCDMA - WCDMACellsTable(2) - EcNo Before RAKE,WCDMA - WCDMACellsTable(2) - PSC,WCDMA - WCDMACellsTable(2) - RSCP,WCDMA - WCDMACellsTable(2) - RSCP After RAKE,WCDMA - WCDMACellsTable(2) - Set_Type,WCDMA - WCDMACellsTable(2) - UARFCN,Extra_KPIs.CSFB RAT,Extra_KPIs.Call RAT,WCDMA - WCDMACellsTable(1) - Band,WCDMA - WCDMACellsTable(1) - EcNo,WCDMA - WCDMACellsTable(1) - EcNo Before RAKE,WCDMA - WCDMACellsTable(1) - PSC,WCDMA - WCDMACellsTable(1) - RSCP,WCDMA - WCDMACellsTable(1) - RSCP After RAKE,WCDMA - WCDMACellsTable(1) - Set_Type,WCDMA - WCDMACellsTable(1) - UARFCN,WCDMA - DownlinkMeasurements - RSCP_Strongest_Neighbor_2nd,WCDMA - WCDMACellsTable(0) - Band,WCDMA - WCDMACellsTable(0) - EcNo,WCDMA - WCDMACellsTable(0) - EcNo Before RAKE,WCDMA - WCDMACellsTable(0) - PSC,WCDMA - WCDMACellsTable(0) - RSCP,WCDMA - WCDMACellsTable(0) - RSCP After RAKE,WCDMA - WCDMACellsTable(0) - UARFCN,WCDMA - Serving - RAI,WCDMA - Serving - ServiceType,WCDMA - Serving - LAC,WCDMA - DownlinkMeasurements - RSCP_Strongest_Neighbor_1st,WCDMA - UplinkMeasurements - RACHAICHStatus,WCDMA - UplinkMeasurements - RACHAICHTiming,WCDMA - UplinkMeasurements - RACHMsgLength,WCDMA - UplinkMeasurements - RACHPreambleCount,WCDMA - UplinkMeasurements - RACHSubChannel,WCDMA - UplinkMeasurements - RACHTxPower,WCDMA - UplinkMeasurements - RACHMaxTxPower,WCDMA - UplinkMeasurements - RACHPreambleOffset,WCDMA - UplinkMeasurements - RACHPreamblesCountMax,WCDMA - ServingCell - URA_Identity,WCDMA - UplinkMeasurements - Uu_UL_Interference,WCDMA - DownlinkMeasurements - SIR,WCDMA - DownlinkMeasurements - TxPowerCommandDL,WCDMA - DownlinkMeasurements - TxPowerCommandUL,WCDMA - Serving - CI,WCDMA - Serving - LCI,WCDMA - Serving - RNCID,WCDMA - Serving - MCC,WCDMA - Serving - MNC,WCDMA - DownlinkMeasurements - PowerControlAlgorithm,WCDMA - DownlinkMeasurements - TPCStepSize,WCDMA - DownlinkMeasurements - BLER_DL,WCDMA - DownlinkMeasurements - TxPower,WCDMA - DownlinkMeasurements - EcNo,WCDMA - DownlinkMeasurements - EcNo Before RAKE,WCDMA - DownlinkMeasurements - RSCP,WCDMA - DownlinkMeasurements - RSCP After RAKE,WCDMA - DownlinkMeasurements - RSSI,WCDMA - ServingCell - BandIndicator,WCDMA - ServingCell - PSC,WCDMA - ServingCell - UARFCN_DL,WCDMA - ServingCell - UARFCN_UL,WCDMA - ServingCell - Active_set_num,Location - Accuracy,Location - Altitude,Location - Latitude,Location - Longitude,Location - Speed,PCAP.Connection_reset,PCAP.TCP_window_update,PCAP.dns_time,PCAP.duplicate_ack,PCAP.fast_retransmission,PCAP.initial_rtt,PCAP.out_of_order,PCAP.pkt_loss,PCAP.rtt,PCAP.spurious_retransmission,id,imsi,timestamp,id_imsi,id_session_time_raw,id_route_test_label,id_log_time_raw,id_session_time,id_log_time,id_location_label,id_test_type,date,hour,minute,sample_gap_seconds,session_elapsed_seconds,Activity.Start TimeStamp_parsed,Activity.End TimeStamp_parsed,activity_duration_seconds_from_timestamps,has_valid_location,prev_lat,prev_lon,distance_from_prev_m,latitude,longitude,speed,location_accuracy,altitude,actual_lte_dl_throughput,serving_pci,serving_earfcn,serving_band,serving_eci,serving_enodebid,serving_lci,lte_rsrp,lte_rsrq,lte_sinr,lte_rssi,lte_cqi,lte_mcs,lte_bler,lte_rank,lte_rb_count,lte_agg_rb_dl,lte_bandwidth_dl,lte_agg_bandwidth_dl,carrier_count,scell1_rsrp,scell1_rsrq,scell1_sinr,scell1_cqi,scell1_mcs,scell1_bler,scell1_rb_count,rach_latency,rach_result,rach_reason,has_lte_measurement,has_lte_dl_throughput,is_download_test,download_activity_window_raw_flag,download_analysis_window_flag,download_context_label,inactive_download_context_flag,rsrp_bin,rsrq_bin,sinr_bin,poor_rsrp_flag,poor_rsrq_flag,poor_sinr_flag,high_bler_flag,low_cqi_flag,low_rb_allocation_flag,neighbor_count,best_neighbor_rsrp,strong_neighbor_count,serving_minus_best_neighbor_rsrp,neighbor_pci_count,any_event_count_prev30s,near_any_event_prev_flag,any_event_count_pm30s,near_any_event_flag,measurement_report_event_count_prev5s,near_measurement_report_event_prev_flag,measurement_report_event_count_pm5s,near_measurement_report_event_flag,handover_execution_count_prev5s,near_handover_execution_prev_flag,handover_execution_count_pm5s,near_handover_execution_flag,handover_failure_count_prev10s,near_handover_failure_prev_flag,handover_failure_count_pm10s,near_handover_failure_flag,rach_attempt_count_prev10s,near_rach_attempt_prev_flag,rach_attempt_count_pm10s,near_rach_attempt_flag,rach_failure_count_prev10s,near_rach_failure_prev_flag,rach_failure_count_pm10s,near_rach_failure_flag,ca_activation_change_count_prev10s,near_ca_activation_change_prev_flag,ca_activation_change_count_pm10s,near_ca_activation_change_flag,failure_other_count_prev10s,near_failure_other_prev_flag,failure_other_count_pm10s,near_failure_other_flag,handover_mobility_count_pm5s,near_handover_mobility_flag,ca_change_count_pm10s,near_ca_change_flag,rach_count_pm10s,near_rach_flag,rach_failure_direct_flag,ca_condition_label,rb_usage_evidence_reliable_flag,reliable_rb_columns,rb_reference_column,rb_usage_value,rb_low_usage_threshold,rb_medium_usage_threshold,rb_high_usage_threshold,rb_low_usage_flag,rb_medium_or_high_usage_flag,rb_high_usage_flag,rb_usage_bucket,rb_demand_confidence,estimated_available_rb,rb_capacity_estimation_method,rb_utilization_pct,lte_agg_rb_dl_bin,log_actual_lte_dl_throughput,anomaly_analysis_window_flag,low_tp_fixed_flag,score_fixed_low_tp,global_p10_tp_threshold,global_p25_tp_threshold,low_tp_global_p10_flag,score_global_p10_low_tp,session_rows,session_mean_tp,session_median_tp,session_p10_tp_threshold,session_p25_tp,session_low_tp_ratio,low_tp_session_p10_flag,score_session_p10_low_tp,log_tp_modified_z,low_tp_robust_z_flag,score_robust_z_low_tp,log_iqr_lower_fence,low_tp_iqr_flag,score_iqr_low_tp,_tp_for_active_rolling,rolling_median_tp,rolling_p25_tp,rolling_count,rolling_tp_gap,rolling_tp_ratio,rolling_drop_flag,score_rolling_drop,rolling_bad_window_flag,rolling_sustained_degradation_flag,score_rolling_bad_window,bad_session_flag,bad_session_sample_flag,score_bad_session,prev_tp,tp_drop_from_prev,tp_ratio_to_prev,sudden_drop_flag,score_sudden_drop,low_tail_robust_consensus_count,low_tail_robust_consensus_flag,low_tail_robust_consensus_strength_0_1,sinr_bin_for_expected,rsrp_bin_for_expected,rsrq_bin_for_expected,carrier_count_for_expected,serving_band_for_expected,serving_earfcn_for_expected,expected_tp_p75,expected_tp_source_level,expected_tp_group_n,expected_tp_group_cols,expected_tp_p75_ci_low,expected_tp_p75_ci_high,expected_tp_p75_ci_width,expected_tp_radio_p75,expected_tp_radio_source_level,expected_tp_radio_group_n,expected_tp_radio_group_cols,expected_tp_radio_p75_ci_low,expected_tp_radio_p75_ci_high,expected_tp_radio_p75_ci_width,expected_tp_reliable_flag,expected_tp_confidence,throughput_gap_p75,throughput_ratio_p75,log_residual_p75,score_group_p75_gap_raw,throughput_gap_p75_ci_low,throughput_ratio_p75_ci_low,p75_demand_confirmed_flag,underperform_vs_p75_context_flag,p75_underperformance_demand_unknown_context_flag,underperform_vs_p75_flag,score_group_p75_gap,expected_tp_rb_conditioned_p75,expected_tp_rb_source_level,expected_tp_rb_group_n,expected_tp_rb_group_cols,expected_tp_rb_p75_ci_low,expected_tp_rb_p75_ci_high,expected_tp_rb_p75_ci_width,expected_tp_rb_reliable_flag,expected_tp_rb_confidence,throughput_gap_rb_p75,throughput_ratio_rb_p75,log_residual_rb_p75,score_group_rb_p75_gap_raw,throughput_gap_rb_p75_ci_low,throughput_ratio_rb_p75_ci_low,underperform_vs_rb_p75_context_flag,underperform_vs_rb_p75_flag,score_group_rb_p75_gap,low_tp_family_flag,temporal_drop_family_flag,sustained_window_family_flag,expected_tp_family_flag,throughput_per_rb,rb_efficiency_p10_threshold,low_rb_efficiency_high_rb_flag,rb_efficiency_family_flag,score_rb_efficiency,low_tp_low_rb_flag,radio_limited_degradation_flag,radio_limited_family_flag,unexpected_underperformance_flag,ca_active_flag,ca_underperformance_flag,ca_underperformance_family_flag,event_related_degradation_flag,independent_trigger_count,is_throughput_anomaly,anomaly_method_count,context_flag_count,trigger_family_flags,score_base_from_strongest_trigger,score_magnitude_ratio_severity,score_magnitude_gap_severity,score_magnitude_low_tp_severity,score_magnitude_drop_severity,score_continuous_magnitude,score_magnitude_rb_efficiency,score_independent_trigger_bonus,score_evidence_bonus,score_raw_before_caps,anomaly_score_raw_0_100,score_low_rb_cap_applied_flag,score_after_low_rb_cap,catastrophic_score_allowed_flag,anomaly_score_0_100,anomaly_type_flags,anomaly_type,anomaly_severity,weak_low_rb_only_candidate_flag,rca_handoff_flag,serving_cell_key,_download_analysis_window_numeric,ml_hour_sin,ml_hour_cos,ml_log1p_measurement_report_event_count_prev5s,ml_log1p_handover_execution_count_prev5s,ml_log1p_handover_failure_count_prev10s,ml_log1p_rach_attempt_count_prev10s,ml_log1p_rach_failure_count_prev10s,ml_log1p_ca_activation_change_count_prev10s,ml_log1p_failure_other_count_prev10s,ml_tp_log_lag_1,ml_tp_log_lag_2,ml_tp_log_lag_3,ml_tp_log_lag_5,ml_tp_log_lag_10,ml_tp_log_past_median_5,ml_tp_log_past_mean_10,ml_tp_log_past_slope_5,ml_rsrp_lag_1,ml_rsrp_past_mean_5,ml_sinr_lag_1,ml_sinr_past_mean_5,ml_rb_lag_1,ml_rb_past_mean_5,ml_bler_lag_1,ml_bler_past_mean_5,ml_cqi_lag_1,ml_cqi_past_mean_5,ml_temporal_history_count,expected_tp_ml_hgb_resource_q50,expected_tp_ml_hgb_temporal_q50,expected_tp_ml_q75_resource,expected_tp_ml_lstm_q50,ml_hgb_resource_gap_mbps,ml_hgb_resource_ratio,ml_hgb_resource_log_residual,ml_hgb_resource_residual_percentile,ml_hgb_temporal_gap_mbps,ml_hgb_temporal_ratio,ml_hgb_temporal_log_residual,ml_hgb_temporal_residual_percentile,ml_q75_resource_gap_mbps,ml_q75_resource_ratio,ml_q75_resource_log_residual,ml_q75_resource_residual_percentile,ml_lstm_q50_gap_mbps,ml_lstm_q50_ratio,ml_lstm_q50_log_residual,ml_lstm_q50_residual_percentile,ml_resource_expected_tp,ml_temporal_expected_tp,ml_best_expected_tp,ml_best_gap_mbps,ml_best_ratio,ml_low_expected_context_flag,ml_q75_resource_magnitude_flag,ml_q75_resource_residual_evidence_flag,ml_q75_resource_underperformance_flag,ml_q75_resource_severe_underperformance_flag,ml_hgb_resource_magnitude_flag,ml_hgb_resource_residual_evidence_flag,ml_hgb_resource_underperformance_flag,ml_hgb_resource_severe_underperformance_flag,ml_hgb_temporal_magnitude_flag,ml_hgb_temporal_residual_evidence_flag,ml_hgb_temporal_underperformance_flag,ml_hgb_temporal_severe_underperformance_flag,ml_lstm_q50_magnitude_flag,ml_lstm_q50_residual_evidence_flag,ml_lstm_q50_underperformance_flag,ml_lstm_q50_severe_underperformance_flag,ml_resource_family_flag,ml_temporal_family_flag,ml_iforest_raw_flag,ml_iforest_anomaly_strength,ml_iforest_context_flag,ml_iforest_confirmed_underperformance_flag,ml_q75_resource_evidence_0_1,ml_hgb_resource_evidence_0_1,ml_hgb_temporal_evidence_0_1,ml_lstm_evidence_0_1,ml_iforest_evidence_0_1,ml_resource_family_evidence_0_1,ml_temporal_family_evidence_0_1,ml_lstm_context_evidence_0_1,ml_iforest_context_evidence_0_1,ml_capability_family_flag,ml_capability_family_evidence_0_1,ml_residual_space_family_flag,ml_residual_family_evidence_0_1,ml_independent_trigger_count,ml_detection_confidence_0_100,ml_impact_score_0_100,ml_anomaly_score_raw_0_100,ml_anomaly_candidate_flag,ml_single_family_strong_flag,is_ml_throughput_anomaly,ml_requires_human_review_flag,ml_anomaly_score_0_100,ml_catastrophic_flag,ml_anomaly_type,ml_validation_context_flags,ml_anomaly_severity,fused_statistical_strength_0_1,fused_statistical_reliability_0_1,fused_statistical_evidence_0_1,fused_ml_strength_0_1,fused_ml_reliability_0_1,fused_ml_evidence_0_1,fused_stat_ml_agreement_flag,fused_detection_confidence_0_100,fused_capability_expected_tp,fused_resource_expected_tp,fused_temporal_expected_tp,fused_dominant_impact_family,fused_impact_score_0_100,fused_best_expected_tp,fused_expected_gap_mbps,fused_actual_expected_ratio,final_rca_priority_raw_0_100,fused_consensus_flag,fused_statistical_only_flag,fused_ml_only_flag,final_rca_handoff_flag,requires_human_review_flag,human_review_reason,fusion_selected_impact_confidence_score_0_100,final_rca_priority_score_0_100,fused_catastrophic_flag,fusion_naive_average_score_0_100,fusion_weighted_max_score_0_100,impact_severity,detection_confidence,final_priority_severity,fusion_source,final_episode_id,statistical_type_for_episode,ml_type_for_episode
32148,,,,,,,,8.297154061033853,3.945781944618129,,,,,,,,,,,,,,,,,,,,,,,,,,,,,,,,,,,,,,,,,,,,,,,,,,,,,,,,,,,,,,,,,,,,,,,9.137996324816282,13.109259646793175,16QAM,12.141797820545738,Success,Radio link Failure,-1.7906618055315828,99.73872890417269,-0.010866225075608964,-0.002755243033286637,3.944812547098738,2.009355408389461,1.9590924350475043,0.006308020152934628,8.8281383605736,9.021286289593476,TM4-CL SM,19.93472172760955,40914.847277605986,-8.962947270193794e-10,86.2603230117053,0.17281664446494416,0.7744561695511117,10.20449078157844,1.004813352096704,12.43789202488245,16QAM,13.497747362978897,90.61695289884943,2.661075801559801,0.9747019297217665,0.7185410757331426,1.459091693091312,2.0419643412641912,1.7817510034371196,20.036855461897844,19.92276169339888,19.627029249918976,41.215727696671685,40610.37629554525,283.74655545824,-10.253504073624757,-76.77019411706466,7.666736843563143,-108.11317235803953,40.87799289236326,41339.44257763383,275.9911311829387,1.0078897194232137,999572.8059131979,4173.936102130793,62.99053935418479,542.0000000005941,2.000000000086082,10.167282828414693,94.2020555342605,26.732717139327487,nan$$$$nan$$$$nan$$$$nan$$$$nan$$$$nan$$$$nan$$$$nan$$$$nan$$$$nan$$$$nan$$$$nan$$$$nan$$$$nan$$$$nan,"Timeout$$$$EARFCN:40988, PCI: 145$$$$handoverFailure$$$$$$$$$$$$$$$$$$$$$$$$$$$$$$$$$$$$$$$${
  ""reportConfig"" : {
    ""reportConfigId"" : ""9"",
    ""reportConfig -> reportConfigEUTRA"" : {
      ""triggerType -> event"" : {
        ""eventId -> eventA1"" : {
          ""a1-Threshold -> threshold-RSRP"" : ""-115.0 dBm (25)""
        },
        ""hysteresis"" : ""0"",
        ""timeToTrigger"" : ""ms640""
      },
      ""triggerQuantity"" : ""rsrp"",
      ""reportQuantity"" : ""both"",
      ""maxReportCells"" : ""1"",
      ""reportInterval"" : ""ms480"",
      ""reportAmount"" : ""r1""
    }
  },
  ""measObject"" : [ {
    ""cellIndex"" : ""1"",
    ""physCellId"" : ""145"",
    ""cellIndividualOffset"" : ""dB0""
  } ],
  ""measResult"" : {
    ""measResultPCell"" : {
      ""rsrpResult"" : ""-103.0 dBm (37)"",
      ""rsrqResult"" : ""-11.0 dB (18)""
    }
  }
}
$$$${
  ""reportConfig"" : {
    ""reportConfigId"" : ""11"",
    ""reportConfig -> reportConfigEUTRA"" : {
      ""triggerType -> event"" : {
        ""eventId -> eventA1"" : {
          ""a1-Threshold -> threshold-RSRQ"" : ""-13.0 dB (14)""
        },
        ""hysteresis"" : ""0"",
        ""timeToTrigger"" : ""ms640""
      },
      ""triggerQuantity"" : ""rsrq"",
      ""reportQuantity"" : ""both"",
      ""maxReportCells"" : ""1"",
      ""reportInterval"" : ""ms480"",
      ""reportAmount"" : ""r1""
    }
  },
  ""measResult"" : {
    ""measResultPCell"" : {
      ""rsrpResult"" : ""-103.0 dBm (37)"",
      ""rsrqResult"" : ""-11.0 dB (18)""
    }
  }
}
$$$${
  ""reportConfig"" : {
    ""reportConfigId"" : ""8"",
    ""reportConfig -> reportConfigEUTRA"" : {
      ""triggerType -> event"" : {
        ""eventId -> eventA3"" : {
          ""a3-Offset"" : ""-13"",
          ""reportOnLeave"" : ""true""
        },
        ""hysteresis"" : ""4"",
        ""timeToTrigger"" : ""ms640""
      },
      ""triggerQuantity"" : ""rsrp"",
      ""reportQuantity"" : ""both"",
      ""maxReportCells"" : ""8"",
      ""reportInterval"" : ""ms5120"",
      ""reportAmount"" : ""infinity""
    }
  },
  ""measResult"" : {
    ""measResultPCell"" : {
      ""rsrpResult"" : ""-105.0 dBm (35)"",
      ""rsrqResult"" : ""-11.5 dB (17)""
    },
    ""measResult1stNbr"" : {
      ""physCellId"" : ""288"",
      ""measResult"" : {
        ""rsrpResult"" : ""-107.0 dBm (33)"",
        ""rsrqResult"" : ""-12.5 dB (15)""
      }
    }
  }
}
",,,,,,,,,LTE$$$$LTE$$$$LTE$$$$LTE$$$$LTE$$$$LTE$$$$LTE$$$$LTE$$$$LTE$$$$LTE$$$$LTE$$$$LTE$$$$LTE$$$$LTE$$$$LTE,2025-08-26T23:39:19.074323+02:00$$$$2025-08-26T23:39:19.228568+02:00$$$$2025-08-26T23:39:19.315916+02:00$$$$2025-08-26T23:39:19.315932+02:00$$$$2025-08-26T23:39:19.316119+02:00$$$$2025-08-26T23:39:19.316139+02:00$$$$2025-08-26T23:39:19.316154+02:00$$$$2025-08-26T23:39:19.316224+02:00$$$$2025-08-26T23:39:19.316233+02:00$$$$2025-08-26T23:39:19.316502+02:00$$$$2025-08-26T23:39:19.366688+02:00$$$$2025-08-26T23:39:19.460007+02:00$$$$2025-08-26T23:39:20.151000+02:00$$$$2025-08-26T23:39:20.152000+02:00$$$$2025-08-26T23:39:20.967000+02:00,Network$$$$Network$$$$Network$$$$Network$$$$Network$$$$Network$$$$Network$$$$Network$$$$Network$$$$Network$$$$Network$$$$Network$$$$Network$$$$Network$$$$Network,LTE Handover Failure$$$$LTE Cell Selection$$$$LTE Radio Link Failure$$$$LTE RACH Attempt$$$$LTE RACH Msg1$$$$LTE RACH Msg2$$$$LTE RACH Msg3$$$$LTE RACH Msg4$$$$LTE RACH Complete$$$$ERRC Connection Reestablishment Complete$$$$LTE CA Init$$$$LTE CA Complete$$$$Event A1$$$$Event A1$$$$Event A3,,,,,,,,,,,,,,,,,,,,,,,,,,,,,,,,,,,,,,,,,,,,,,,,,,,,,,,,,,,,,,,-0.0409920563790963,9.916566904320698,72.62079300068906,-17.814574723678042,177.39675112510386,0.03364683299504829,-1.2036232911420814e-09,1.6698487702726442e-09,-9.703633092463007e-11,4.4306068230291875e-10,-8.015065138440905e-11,6.583131644067837e-11,-1.366406842023156e-09,-8.258875687523938e-12,1.9925089632424815e-09,5.528999435923727e-10,542020041221088+20250827094025+Fiji-Nadi-LTE-DL-D!20250827093942,542020041221088.0,2025-08-26 23:39:20+02:00,542020041221088,20250827094025,Fiji-Nadi-LTE-DL-D,20250827093942,2025-08-27 09:40:25,2025-08-27 09:39:42,Fiji-Nadi,DL-D,2025-08-26,23,39,1.0,100.0,,,,True,-17.813212823384,177.39656640511387,152.69398253535573,-17.814574723678042,177.39675112510386,0.03364683299504829,9.916566904320698,72.62079300068906,1.7817510034371196,275.9911311829387,41339.44257763383,40.87799289236326,999572.8059131979,4173.936102130793,62.99053935418479,-108.11317235803953,-10.253504073624757,7.666736843563143,-76.77019411706466,8.8281383605736,12.43789202488245,10.20449078157844,2.009355408389461,90.61695289884943,94.2020555342605,19.92276169339888,19.627029249918976,1.0078897194232137,,,,,,,,12.141797820545738,Success,Radio link Failure,True,True,True,False,False,outside_download_activity,True,Fair,Good,Fair,False,False,False,True,False,False,0,,0,,0,0,False,0,False,0,False,0,False,0,False,0,False,0,False,0,False,0,False,0,False,0,False,0,False,0,False,0,False,0,False,0,False,0,False,0,False,0,False,False,unknown_carrier_count,True,lte_rb_count;lte_agg_rb_dl,lte_agg_rb_dl,94.2020555342605,86.74455260159908,93.7799316942077,160.64413438518753,False,True,False,medium_rb_usage,medium,100.0,aggregate_bandwidth,94.2020555342605,50-100,1.023080586777139,True,True,0.8218248996562881,15.873316584496893,24.578991714703253,True,0.8877518133055247,114,31.572608509649918,30.187616641227034,11.491031809043045,24.847788903171732,0.08771929824561403,True,0.8449442110120222,-4.797194950791978,True,1.0,2.182629445396992,True,0.5312623547094802,1.7817510034371196,29.18884747256351,20.311166860785626,11.0,27.40709646912639,0.06104218418051288,True,0.9389578158194871,False,False,0.0,False,False,0.0,29.18884747256351,27.40709646912639,0.06104218418051288,True,0.9389578158194871,3,True,1.0,Fair,Fair,Good,1.0,40.87799289236326,41339.44257763383,36.31305223888564,3.0,144.0,"sinr_bin_for_expected,rsrp_bin_for_expected,carrier_count_for_expected",31.585509980216504,38.73488577855031,7.1493757983338035,36.31305223888564,3.0,144.0,"sinr_bin_for_expected,rsrp_bin_for_expected,carrier_count_for_expected",31.585509980216504,38.73488577855031,7.1493757983338035,True,high,34.53130123544852,0.049066407079081636,-2.596262604638302,0.9509335929209184,29.803758976779385,0.056410392124525276,True,True,False,True,0.9509335929209184,46.70130864847751,3.0,32.0,"sinr_bin_for_expected,rsrp_bin_for_expected,carrier_count_for_expected,rb_usage_bucket",40.92621743532434,50.344876725566934,9.418659290242594,True,high,44.919557645040385,0.038152057297760666,-2.8418782457193883,0.9618479427022393,39.14446643188722,0.043535687270704136,True,True,0.9618479427022393,True,True,False,True,0.018914141451925236,0.1391379587959315,True,True,0.864061959686602,False,True,True,False,False,False,False,False,4,True,4,3,low_tp_family;temporal_drop_family;expected_tp_family;rb_efficiency_family,75.0,0.9364132378370656,0.5614944705630048,0.910912449828144,0.6851774117281597,79.8622975099984,0.864061959686602,6.931471805599453,5.0,91.79376931559786,91.79376931559786,False,91.79376931559786,False,89.9,radio_limited_degradation;rb_efficiency_underperformance;rb_conditioned_underperformance;radio_p75_underperformance;sudden_drop;rolling_local_drop;fixed_low_throughput;global_percentile_low_throughput;session_percentile_low_throughput;iqr_extreme_low_throughput;robust_z_extreme_low_throughput,rb_efficiency_underperformance,High,False,True,ECI:999572.8059131979,0,-0.25881904510252157,0.9659258262890681,0.0,0.0,0.0,0.0,0.0,0.0,0.0,3.4074725671888904,3.4527497262254365,3.527332288840868,3.3761109177935436,3.413085476987157,3.4074725671888904,3.2873697271239495,0.0078404123488367,-116.36672144940293,-114.76068047421923,7.680871547845355,8.167091665106705,90.8424057978337,90.22693511708398,6.726099464767184,5.158381923672492,8.82397844854241,9.614526554892995,20,26.973447506415546,28.983100618513546,35.81254524962448,,25.191696502978427,0.06605573881549015,-2.308175170131683,0.0024271844660194173,27.201349615076428,0.061475513848197105,-2.377553323448584,0.0024271844660194173,34.030794246187355,0.04975214665748458,-2.582758103825747,0.0024271844660194173,,,,,31.392996378020012,28.983100618513546,35.81254524962448,34.030794246187355,0.04975214665748458,False,True,True,True,True,True,True,True,False,True,True,True,False,False,False,False,False,True,True,True,0.03706216247908434,True,True,0.7016588257561132,0.6397980409236563,0.6653851617586153,0.0,1.0,0.6314929431805019,0.6321159036706845,0.0,0.55,False,0.0,False,0.0,2,97.44,69.27,81.95,True,False,True,True,81.95,False,ml_severe_quantile_p75_resource_underperformance,iforest_context_support,High,0.9179376931559786,1.0,0.9179376931559786,0.8195,0.6321159036706845,0.8644321144109832,True,100.0,36.31305223888564,35.81254524962448,29.085974045538528,capability,72.18,36.31305223888564,34.53130123544852,0.049066407079081636,84.7,True,False,False,True,False,not_required_by_ml_only_rule,84.7,84.7,False,85.93,73.76,High,Very High,High,statistical_and_ml_consensus,LTE-TP-EP-000001,rb_efficiency_underperformance,ml_severe_quantile_p75_resource_underperformance
32149,,,,,,,,3.3957472748316677,8.379762270673147,,,40818.087345457505,,,,,,,,,,,,,,,,,,,,,,,,,,,1.9300850954366109,2.0265526512537186,2.0080774978669904,,,-1.4145604371102622e-10,52.22336230413968,-0.10333514169693474,26.953887423505527,1.3211582630946097,0.9795293890425175,14.317214154149038,64QAM,18.70844982628088,87.31685291249114,3.6187615398537893,2.923229497245121,0.34832614541826873,2.321172575529851,98.81215293465753,-1.929829467214764,0.014067303115012215,0.04607036641873783,,19.999999999640313,12.687464392224559,12.676394594446123,TM4-CL SM,,-103.57100939121796,-11.158474816420224,-72.32410701372142,2.788844298622796,89806.4509250725,86378.15797985726,5.650283972164645,39.314506453742055,20.04904840449467,41264.20615963138,139.19485428220383,,8.761206640506044,12.529800013972887,16QAM,-29.759177331374772,Success,Radio link Failure,96.88337388537234,-0.3842178978320099,0.0075163110301750685,0.008667871775588193,4.055551683351626,0.9933595198606691,2.0344518711633097,0.40109423578800446,9.96477362329237,12.174315236341007,TM4-CL SM,20.025593572533946,40081.03424887065,1.7234730504810903e-09,21.86416082966402,-0.12350885244876755,62.03298920712084,0.9356655788069664,1.0059082045319152,17.689403159271713,64QAM,18.756185815307717,56.558081889214854,4.583596378872159,4.552722642382733,0.0051811966238426614,4.424829578858114,8.00681128867112,8.122884613749704,19.982432113100955,20.119275837915588,39.249874690927115,39.68741262837359,41093.89981352631,127.1807988250056,-10.407573862426764,-73.35808005743314,6.999419264360409,-104.84118544631107,42.37223953044514,40923.366098146354,144.4246165279139,1.9785706682437099,1053537.6153115241,4056.538548006595,65.9777974613774,541.9999999992041,2.0000000000151155,10.098791898894266,144.46869646319288,19.031186110535803,nan$$$$nan$$$$nan,$$$$$$$$,,,,,,,,,LTE$$$$LTE$$$$LTE,2025-08-26T23:39:20.000000+02:00$$$$2025-08-26T23:39:20.346836+02:00$$$$2025-08-26T23:39:20.350016+02:00,Network$$$$Network$$$$Network,LTE CA Activation$$$$LTE CA Init$$$$LTE CA Complete,,,,,,,,,,,,,,,,,,,,,,,,,,,,,,,,,,,,,,,,,,,,,,,,,,,,,,,,,,,,,,,,9.827543032958255,72.34813897283883,-17.82409709601716,177.39650727458587,0.2714621583309418,2.0505643951929505e-09,6.012234097943629e-10,1.8441679305924422e-10,-9.891356210416895e-10,-4.3687869670081124e-11,2.553674884413623e-10,-6.355475713510434e-10,-1.563681198048971e-09,-1.0540347043912169e-09,6.675774681893952e-10,542020041221088+20250827094025+Fiji-Nadi-LTE-DL-D!20250827093942,542020041221088.0,2025-08-26 23:39:21+02:00,542020041221088,20250827094025,Fiji-Nadi-LTE-DL-D,20250827093942,2025-08-27 09:40:25,2025-08-27 09:39:42,Fiji-Nadi,DL-D,2025-08-26,23,39,1.0,101.0,,,,True,-17.814574723678042,177.39675112510386,1059.1555796763637,-17.82409709601716,177.39650727458587,0.2714621583309418,9.827543032958255,72.34813897283883,8.122884613749704,144.4246165279139,40923.366098146354,42.37223953044514,1053537.6153115241,4056.538548006595,65.9777974613774,-104.84118544631107,-10.407573862426764,6.999419264360409,-73.35808005743314,9.96477362329237,17.689403159271713,0.9356655788069664,0.9933595198606691,56.558081889214854,144.46869646319288,20.119275837915588,39.249874690927115,1.9785706682437099,-103.57100939121796,-11.158474816420224,2.788844298622796,12.687464392224559,14.317214154149038,1.3211582630946097,87.31685291249114,-29.759177331374772,Success,Radio link Failure,True,True,True,False,False,outside_download_activity,True,Fair,Good,Fair,False,False,False,False,False,False,0,,0,,0,0,False,0,False,0,False,0,False,0,False,0,False,0,False,0,False,0,False,0,False,0,False,0,False,0,False,0,False,0,False,0,False,0,False,0,False,0,False,False,unknown_carrier_count,True,lte_rb_count;lte_agg_rb_dl,lte_agg_rb_dl,144.46869646319288,86.74455260159908,93.7799316942077,160.64413438518753,False,True,False,medium_rb_usage,medium,197.85706682437097,fallback_100rb_per_carrier,73.01669775152959,100-150,2.2107860494426976,True,True,0.18771153862502957,15.873316584496893,24.578991714703253,True,0.48826796400676964,114,31.572608509649918,30.187616641227034,11.491031809043045,24.847788903171732,0.08771929824561403,True,0.293110945236678,-2.5331042894752946,False,0.0,2.182629445396992,False,0.0,8.122884613749704,30.587128959961838,20.311166860785626,11.0,22.464244346212134,0.26556544827670675,True,0.7344345517232933,False,False,0.0,False,False,0.0,1.7817510034371196,-6.341133610312585,4.558933654635302,False,0.0,1,False,0.3333333333333333,Fair,Fair,Good,2.0,42.37223953044514,40923.366098146354,62.464923791031794,3.0,80.0,"sinr_bin_for_expected,rsrp_bin_for_expected,carrier_count_for_expected",55.008776699597014,66.51022794102303,11.501451241426018,62.464923791031794,3.0,80.0,"sinr_bin_for_expected,rsrp_bin_for_expected,carrier_count_for_expected",55.008776699597014,66.51022794102303,11.501451241426018,True,high,54.34203917728209,0.13003913429757394,-1.9397013225936304,0.869960865702426,46.88589208584731,0.14766524727697156,True,True,False,True,0.869960865702426,68.42137275067724,5.0,53.0,"carrier_count_for_expected,rb_usage_bucket",55.48631239416858,73.9359125140991,18.449600119930523,False,medium,60.29848813692753,0.11871852737227205,-2.0294087353658297,0.8812814726277279,47.363427780418874,0.14639438562875898,True,False,0.0,True,True,False,True,0.05622591476638137,0.1391379587959315,True,True,0.5958980909814421,False,False,False,True,True,True,True,False,4,True,4,3,low_tp_family;temporal_drop_family;expected_tp_family;rb_efficiency_family,55.0,0.8021357877128799,0.7537311017115942,0.5938557693125148,0.5616061086553034,70.18851597538307,0.5958980909814421,6.931471805599453,3.0,80.11998778098253,80.11998778098253,False,80.11998778098253,False,80.1,unexpected_underperformance;ca_underperformance;rb_efficiency_underperformance;radio_p75_underperformance;rolling_local_drop;fixed_low_throughput;global_percentile_low_throughput;session_percentile_low_throughput,ca_underperformance,High,False,True,ECI:1053537.6153115241,0,-0.25881904510252157,0.9659258262890681,0.0,0.0,0.0,0.0,0.0,0.0,0.0,1.023080586777139,3.4074725671888904,3.4527497262254365,3.0758098943021723,2.8250825656972776,3.4074725671888904,3.0483692381029472,-0.5131823268812583,-108.11317235803953,-114.09874137568036,7.666736843563143,7.711003885747803,94.2020555342605,90.72231260286917,10.20449078157844,6.102466438279471,8.8281383605736,9.340692510790914,20,22.105729061050326,20.259053879013265,31.51248809738561,,13.982844447300621,0.36745608305052463,-0.9292945486362116,0.014563106796116505,12.136169265263561,0.4009508372039206,-0.845996820082596,0.01699029126213592,23.389603483635906,0.2577671616613354,-1.2708382152385216,0.019417475728155338,,,,,26.80910857921797,20.259053879013265,31.51248809738561,23.389603483635906,0.2577671616613354,False,True,True,True,False,False,True,False,False,False,True,False,False,False,False,False,False,True,False,False,0.0,False,False,0.41137609435067424,0.28478660694244146,0.3183635401708478,0.0,0.0,0.37023848491560685,0.30244536316230536,0.0,0.0,False,0.0,False,0.0,1,59.07,41.52,49.42,True,False,False,False,0.0,False,ml_quantile_p75_resource_underperformance,none,Normal,0.8011998778098253,1.0,0.8011998778098253,0.49420000000000003,0.37023848491560685,0.5607069350509498,False,86.21,62.464923791031794,31.51248809738561,25.42309141948755,capability,69.43,62.464923791031794,54.34203917728209,0.13003913429757394,76.98,False,True,False,True,False,not_required_by_ml_only_rule,76.98,76.98,False,40.05,64.08,High,Very High,High,statistical_only_retained,LTE-TP-EP-000001,ca_underperformance,ml_quantile_p75_resource_underperformance
32171,,,,,,,,,,,,,,,,,,,,,,,,,,,,,,,,,,,,,8.211482501408389,16QAM,4.011001482228008,2.0212262873794784,2.0448678920418875,,,-6.421402473853179e-10,10.122551020415745,0.26027298338355115,-1.2612867713971674,0.07392790768991069,2.016423485885888,8.692709816368094,16QAM,88.27630776988829,97.49053209941667,1.1791685926140332,0.9091604706489824,1.4080483462726705,1.356114645900092,0.9909624430111791,99.50974601508102,-0.027187094007935786,0.007687038681215777,10.869428146303013,,10.94945852917937,10.918582043066891,TM4-CL SM,,-103.2854923241433,-9.04004005223258,-74.00725444807644,11.180837699684336,104142.02413538881,99940.82048543099,3.5754581774527594,41.49530727628658,19.9297490870032,41102.25803794274,283.49520043348673,,10.777162077711722,15.682208323992143,64QAM,,,,-1.4634507060525923,102.61412699660153,-0.002926352283434122,0.001140007203914837,4.12449384046601,1.9923358675325271,1.9705620141261262,,10.86283099662596,10.949299683194036,TM4-CL SM,,,3.397598898115611e-11,46.99444053001457,-0.19655858905446547,52.67839168315484,1.4616293186127693,2.0359617185844767,16.68295218620295,64QAM,4.174480797365531,75.01359525784441,3.5089480666433843,1.5099344335524219,1.4107470670437012,2.824765765596566,5.91503578463379,5.0747149049581495,19.89634266220976,20.021726021561552,41.03289218471078,41.230035930101714,41593.992853017015,284.8079491529122,-10.878241975224977,-77.87170535179938,5.508278257986451,-110.84983370202782,41.73898512403283,40279.69684862522,289.9762236884399,1.9957294994921775,,,,,,,175.09749472782013,-0.4629750433800546,nan$$$$nan$$$$nan,$$$$$$$$,,,,,,,,,LTE$$$$LTE$$$$LTE,2025-08-26T23:39:48.000000+02:00$$$$2025-08-26T23:39:48.165769+02:00$$$$2025-08-26T23:39:48.165934+02:00,Network$$$$Network$$$$Network,LTE CA Activation$$$$LTE CA Init$$$$LTE CA Complete,,,,,,,,,,,,,,,,,,,,,,,,,,,,,,,,,,,,,,,,,,,,,,,,,,,,,,,,,,,,,,,,10.078782060157343,73.56798180421816,-17.81062227174921,177.39586585100756,-0.0962569965336517,-2.580250822786723e-10,-6.18952199646062e-10,-2.533820957010844e-09,8.55656708377958e-10,-3.366041696074096e-10,-1.7151766560721154e-09,-9.933703933625824e-10,1.8885764724518228e-09,1.5013707184490956e-10,7.423938999569618e-11,542020041221088+20250827094505+Fiji-Nadi-LTE-DL-D!20250827094151,542020041221088.0,2025-08-26 23:39:49+02:00,542020041221088,20250827094505,Fiji-Nadi-LTE-DL-D,20250827094151,2025-08-27 09:45:05,2025-08-27 09:41:51,Fiji-Nadi,DL-D,2025-08-26,23,39,,0.0,,,,True,,,,-17.81062227174921,177.39586585100756,-0.0962569965336517,10.078782060157343,73.56798180421816,5.0747149049581495,289.9762236884399,40279.69684862522,41.73898512403283,,,,-110.84983370202782,-10.878241975224977,5.508278257986451,-77.87170535179938,10.86283099662596,16.68295218620295,1.4616293186127693,1.9923358675325271,75.01359525784441,175.09749472782013,20.021726021561552,41.03289218471078,1.9957294994921775,-103.2854923241433,-9.04004005223258,11.180837699684336,10.94945852917937,8.692709816368094,0.07392790768991069,97.49053209941667,,,,True,True,True,True,True,active_download_analysis_window,False,Fair,Good,Fair,False,False,False,False,False,False,0,,0,,0,0,False,0,False,0,False,0,False,0,False,0,False,0,False,0,False,0,False,0,False,0,False,0,False,0,False,0,False,0,False,0,False,0,False,0,False,0,False,False,unknown_carrier_count,True,lte_rb_count;lte_agg_rb_dl,lte_agg_rb_dl,175.09749472782013,86.74455260159908,93.7799316942077,160.64413438518753,False,True,True,high_rb_usage,high,199.57294994921776,fallback_100rb_per_carrier,87.73608586352734,150-250,1.8041350589004057,True,True,0.49252850950418503,15.873316584496893,24.578991714703253,True,0.6802990176662571,122,38.39031243976029,37.35165453964726,17.551158223269614,25.69763070280064,0.03278688524590164,True,0.7108615374323268,-3.3082920267074476,True,1.0,2.182629445396992,True,0.1734121141336216,5.0747149049581495,52.283442147493986,20.720965356539875,6.0,47.208727242535836,0.09706160682080087,True,0.9029383931791991,False,False,0.0,False,False,0.0,,,,False,0.0,3,True,1.0,Fair,Fair,Good,2.0,41.73898512403283,40279.69684862522,62.464923791031794,3.0,80.0,"sinr_bin_for_expected,rsrp_bin_for_expected,carrier_count_for_expected",55.008776699597014,66.51022794102303,11.501451241426018,62.464923791031794,3.0,80.0,"sinr_bin_for_expected,rsrp_bin_for_expected,carrier_count_for_expected",55.008776699597014,66.51022794102303,11.501451241426018,True,high,57.390208886073644,0.08124103251826485,-2.346352313135922,0.9187589674817351,49.934061794638865,0.09225282235726079,True,True,False,True,0.9187589674817351,65.93225724254272,3.0,57.0,"sinr_bin_for_expected,rsrp_bin_for_expected,carrier_count_for_expected,rb_usage_bucket",60.99254231210596,69.40482028977027,8.41227797766431,True,high,60.85754233758457,0.07696862078132667,-2.399545963066177,0.9230313792186733,55.91782740714781,0.08320221969089665,True,True,0.9230313792186733,True,True,False,True,0.028982224519240138,0.1391379587959315,True,True,0.7917015258090189,False,False,False,True,True,True,True,False,4,True,4,3,low_tp_family;temporal_drop_family;expected_tp_family;rb_efficiency_family,55.0,0.8717189653644555,0.7607192792198071,0.7462642547520926,1.0,83.18475213705344,0.7917015258090189,6.931471805599453,9.0,99.1162239426529,99.1162239426529,False,99.1162239426529,False,92.6,unexpected_underperformance;ca_underperformance;rb_efficiency_underperformance;rb_conditioned_underperformance;radio_p75_underperformance;rolling_local_drop;fixed_low_throughput;global_percentile_low_throughput;session_percentile_low_throughput;iqr_extreme_low_throughput;robust_z_extreme_low_throughput,ca_underperformance,High,False,True,EARFCN:40279.69684862522|PCI:289.9762236884399,1,-0.25881904510252157,0.9659258262890681,0.0,0.0,0.0,0.0,0.0,0.0,0.0,,,,,,,,,,,,,,,,,,,0,26.43066293257352,19.176813147153993,47.662293269918784,,21.35594802761537,0.19200104507042084,-1.5075264139150455,0.007281553398058253,14.102098242195844,0.26462764516800236,-1.2003990222040188,0.009708737864077669,42.587578364960635,0.10647231924446586,-2.080769405785044,0.007281553398058253,,,,,37.04647810124615,19.176813147153993,47.662293269918784,42.587578364960635,0.10647231924446586,False,True,True,True,False,True,True,True,False,False,True,False,False,False,False,False,False,True,False,False,0.0,False,False,0.6835405593551671,0.49437876090252053,0.0,0.0,0.0,0.6151865034196504,0.0,0.0,0.0,False,0.0,False,0.0,1,64.52,61.65,62.94,True,False,False,False,0.0,False,ml_quantile_p75_resource_underperformance,none,Normal,0.9911622394265289,1.0,0.9911622394265289,0.6294,0.6151865034196504,0.6151865034196504,False,94.76,62.464923791031794,47.662293269918784,35.73012764732399,capability,77.61,62.464923791031794,57.390208886073644,0.08124103251826485,85.33,False,True,False,True,False,not_required_by_ml_only_rule,85.33,85.33,False,46.3,74.08,High,Very High,High,statistical_only_retained,LTE-TP-EP-000002,ca_underperformance,ml_quantile_p75_resource_underperformance
32172,,,,,,,,,,,,,,,,,,,,,,,,,,,,,,,,,,,,,9.964625369782805,16QAM,3.9990921159666994,1.9705842470817634,1.993641973097447,,,-1.3873255337946678e-09,44.03108552535874,-0.6088813779367362,13.638532979762205,8.243934365471478,2.0035496621977984,12.187961040339147,16QAM,44.45078639340385,90.54604768719085,4.012003414894678,1.1170365173859051,2.0679783015852236,3.7529124382564203,0.22067362905888696,101.03334269734184,0.026143129243885958,0.043109546067635174,8.96808010953131,,9.150784427183108,9.335610001394016,TM4-CL SM,,-103.87696900898807,-8.859198819905602,-74.30591041141655,9.511885108884334,102442.09731044224,92710.62708049643,4.1614086286093945,42.086631102701034,20.04556394434328,41722.08323072931,277.4401757739005,,9.849756566565407,13.985093948908089,64QAM,,,,4.951720606237691,91.88469441872118,-0.0004357040687395916,-0.002273101687461035,4.052106778399631,1.986235837030873,2.024661853144024,0.37161066889823463,9.893867484227727,10.935151189683852,TM4-CL SM,20.152440411415643,40842.313029723715,-9.078908165376467e-10,66.16282582818185,0.03978521003880072,33.26527968649325,6.324252020359212,1.9336365989790953,15.913003108731626,64QAM,1.4478688103059996,61.432863150931205,7.218813072715248,3.8404703115236676,3.5172728430315394,7.263105652130393,10.864044887098958,11.45812044622732,19.960662217362273,20.068095757915852,40.23499265919427,40.86980671497288,41321.17553744706,293.69328828785547,-10.1691210236734,-74.44568515906083,5.803287245032864,-105.02160014618332,39.13591588140486,41643.489414563985,291.0845134358423,1.9825426674938957,1133920.4092112896,4287.580345336906,62.76997189459968,542.0000000007877,1.9999999995620825,10.035630107195226,155.1130924506306,17.690676757178686,nan$$$$nan,$$$$,,,,,,,,,LTE$$$$LTE,2025-08-26T23:39:49.811919+02:00$$$$2025-08-26T23:39:49.812199+02:00,Network$$$$Network,LTE CA Init$$$$LTE CA Complete,,,,,,,,,,,,,,,,,,,,,,,,,,,,,,,,,,,,,,,,,,,,,,,,,,,,,,,,,,,,,,,,9.852182177517106,72.17652507193341,-17.820949391044888,177.39480122491562,-0.7612347382145935,6.001843232142292e-10,1.0603500012363124e-10,-2.3910500034638997e-10,-7.78832407562171e-11,-1.9399546645805695e-09,3.6206857204025045e-10,5.71638728783112e-10,1.3177614447305595e-09,5.922699015530982e-10,1.0993681212340319e-09,542020041221088+20250827094505+Fiji-Nadi-LTE-DL-D!20250827094151,542020041221088.0,2025-08-26 23:39:50+02:00,542020041221088,20250827094505,Fiji-Nadi-LTE-DL-D,20250827094151,2025-08-27 09:45:05,2025-08-27 09:41:51,Fiji-Nadi,DL-D,2025-08-26,23,39,1.0,1.0,,,,True,-17.81062227174921,177.39586585100756,1153.8423741547888,-17.820949391044888,177.39480122491562,-0.7612347382145935,9.852182177517106,72.17652507193341,11.45812044622732,291.0845134358423,41643.489414563985,39.13591588140486,1133920.4092112896,4287.580345336906,62.76997189459968,-105.02160014618332,-10.1691210236734,5.803287245032864,-74.44568515906083,9.893867484227727,15.913003108731626,6.324252020359212,1.986235837030873,61.432863150931205,155.1130924506306,20.068095757915852,40.23499265919427,1.9825426674938957,-103.87696900898807,-8.859198819905602,9.511885108884334,9.150784427183108,12.187961040339147,8.243934365471478,90.54604768719085,,,,True,True,True,True,True,active_download_analysis_window,False,Fair,Good,Fair,False,False,False,False,False,False,0,,0,,0,0,False,0,False,0,False,0,False,0,False,0,False,0,False,0,False,0,False,0,False,0,False,0,False,0,False,0,False,0,False,0,False,0,False,0,False,0,False,False,unknown_carrier_count,True,lte_rb_count;lte_agg_rb_dl,lte_agg_rb_dl,155.1130924506306,86.74455260159908,93.7799316942077,160.64413438518753,False,True,False,medium_rb_usage,medium,198.2542667493896,fallback_100rb_per_carrier,78.239472468306,150-250,2.5223726549684984,True,False,0.0,15.873316584496893,24.578991714703253,True,0.27815208716884,122,38.39031243976029,37.35165453964726,17.551158223269614,25.69763070280064,0.03278688524590164,True,0.3471587287592248,-1.9391352071246324,False,0.0,2.182629445396992,False,0.0,11.45812044622732,56.05738420751043,29.98381026685243,7.0,44.59926376128311,0.2043998414876481,True,0.7956001585123519,False,False,0.0,False,False,0.0,5.0747149049581495,-6.38340554126917,2.25788456313721,False,0.0,1,False,0.3333333333333333,Fair,Fair,Good,2.0,39.13591588140486,41643.489414563985,62.464923791031794,3.0,80.0,"sinr_bin_for_expected,rsrp_bin_for_expected,carrier_count_for_expected",55.008776699597014,66.51022794102303,11.501451241426018,62.464923791031794,3.0,80.0,"sinr_bin_for_expected,rsrp_bin_for_expected,carrier_count_for_expected",55.008776699597014,66.51022794102303,11.501451241426018,True,high,51.006803344804474,0.1834328732163183,-1.6281147170678296,0.8165671267836817,43.550656253369695,0.2082962235062984,True,True,False,True,0.8165671267836817,68.42137275067724,5.0,53.0,"carrier_count_for_expected,rb_usage_bucket",55.48631239416858,73.9359125140991,18.449600119930523,False,medium,56.96325230444992,0.16746405378301776,-1.717822129840029,0.8325359462169822,44.02819194794126,0.20650354928671613,True,False,0.0,True,True,False,True,0.073869460438191,0.1391379587959315,False,False,0.0,False,False,False,True,True,True,True,False,3,True,3,3,low_tp_family;temporal_drop_family;expected_tp_family,55.0,0.7208932436949704,0.712040653805624,0.42709397768863405,1.0,68.70962931668042,0.0,5.493061443340547,3.0,77.20269076002097,77.20269076002097,False,77.20269076002097,False,77.2,unexpected_underperformance;ca_underperformance;radio_p75_underperformance;rolling_local_drop;global_percentile_low_throughput;session_percentile_low_throughput,ca_underperformance,High,False,True,ECI:1133920.4092112896,1,-0.25881904510252157,0.9659258262890681,0.0,0.0,0.0,0.0,0.0,0.0,0.0,1.8041350589004057,,,,,,,,-110.84983370202782,,5.508278257986451,,175.09749472782013,,1.4616293186127693,,10.86283099662596,,1,22.164754368760924,25.93305438685637,43.86069590985016,,10.706633922533605,0.5169522863008322,-0.6202592602937518,0.03398058252427184,14.47493394062905,0.4418345897594936,-0.7709816649131587,0.021844660194174758,32.40257546362284,0.26123891125161275,-1.2811893869290123,0.01699029126213592,,,,,33.012725139305545,25.93305438685637,43.86069590985016,32.40257546362284,0.26123891125161275,False,True,True,True,False,False,True,False,False,False,True,False,False,False,False,False,False,True,False,False,0.0,False,False,0.46415125444178484,0.19805825242718447,0.2751818065858302,0.0,0.0,0.41773612899760637,0.2614227162565387,0.0,0.0,False,0.0,False,0.0,1,60.0,36.21,46.92,True,False,False,False,0.0,False,ml_quantile_p75_resource_underperformance,none,Normal,0.7720269076002098,1.0,0.7720269076002098,0.4692,0.41773612899760637,0.569953131733099,False,85.38,62.464923791031794,43.86069590985016,40.9952192971834,capability,60.48,62.464923791031794,51.006803344804474,0.1834328732163183,71.68,False,True,False,True,False,not_required_by_ml_only_rule,71.68,71.68,False,38.6,61.76,High,Very High,High,statistical_only_retained,LTE-TP-EP-000002,ca_underperformance,ml_quantile_p75_resource_underperformance
32182,,,,,,,,,,,,,,,,,,,,,,,,,,,,,,,,,,,,,17.104923738883617,64QAM,3.9773347749831482,1.9942467442679859,2.0086201557647145,,,-1.3742502915255321e-09,54.177023670772726,-0.3402799960626333,46.039239341932685,1.9821397431634231,1.9973542525417376,16.14658404550126,64QAM,2.2968902337039796,96.59976834376769,21.984838355098766,10.493020874279694,10.680639378252227,21.557520035431235,2.394510517042298,100.3703440783155,-0.04004884302360472,0.005224305926738436,12.929365639410639,,13.070449445389785,12.674206554923556,TM4-CL SM,,-104.67343553502629,-9.854416642740258,-74.82645029921551,8.233920235991413,90489.02164939862,100512.81919012687,1.6020175739430695,42.19253170570897,20.008512490904437,42349.37804350151,282.90868492407293,,10.984032076374397,16.721945146920653,64QAM,,,,-2.3009965254136917,102.0720321485779,-0.0031544492273061094,-0.014104525989287926,3.9968835926447204,1.9988488668858282,1.9514100948711413,0.7799205441175071,11.487542454847015,11.881798905622583,TM4-CL SM,20.02727424502733,41674.10543455353,1.641523572113367e-10,32.534728932923485,-0.19207272788860533,67.93291129969114,3.465557200778702,2.0165384462735902,17.791986432383073,64QAM,2.5460441692920517,93.60398318741892,21.993660380063307,11.307663329272682,10.836906733524565,22.671698826505274,44.10926581552258,42.78855322167083,19.85699498356851,19.975167869363695,40.78507660793997,40.37666541666866,40808.970167696985,299.6468651478902,-10.37887713224573,-73.30484742965872,6.906156906173959,-104.03129734607457,41.22344591606269,39512.33484235439,291.0469471931817,1.9804947265992052,1118214.5430960786,4128.612593858954,58.68576491339428,541.9999999994442,1.9999999994868907,10.072438474438385,192.13042995903527,21.41843091948017,nan$$$$nan,$$$$,,,,,,,,,LTE$$$$LTE,2025-08-26T23:39:59.470311+02:00$$$$2025-08-26T23:39:59.470732+02:00,Network$$$$Network,LTE CA Init$$$$LTE CA Complete,,,,,,,,,,,,,,,,,,,,,,,,,,,,,,,,,,,,,,,,,,,,,,,,,,,,,,,,,,,,,,,,9.816092441072895,73.48987863339583,-17.818157772911302,177.39537038511259,-0.5883119495648823,-1.744951392863895e-10,8.189296976406882e-10,-1.4489116291189972e-10,-8.025776966253526e-12,2.1127711900184185e-09,4.743121507516225e-10,-1.7187189553536539e-09,-5.043657066867609e-10,1.0136685661881351e-09,-1.2846147813743517e-09,542020041221088+20250827094505+Fiji-Nadi-LTE-DL-D!20250827094151,542020041221088.0,2025-08-26 23:40:00+02:00,542020041221088,20250827094505,Fiji-Nadi-LTE-DL-D,20250827094151,2025-08-27 09:45:05,2025-08-27 09:41:51,Fiji-Nadi,DL-D,2025-08-26,23,40,1.0,11.0,,,,True,-17.81761128515101,177.39697317553131,180.22704989056407,-17.818157772911302,177.39537038511259,-0.5883119495648823,9.816092441072895,73.48987863339583,42.78855322167083,291.0469471931817,39512.33484235439,41.22344591606269,1118214.5430960786,4128.612593858954,58.68576491339428,-104.03129734607457,-10.37887713224573,6.906156906173959,-73.30484742965872,11.487542454847015,17.791986432383073,3.465557200778702,1.9988488668858282,93.60398318741892,192.13042995903527,19.975167869363695,40.78507660793997,1.9804947265992052,-104.67343553502629,-9.854416642740258,8.233920235991413,13.070449445389785,16.14658404550126,1.9821397431634231,96.59976834376769,,,,True,True,True,True,True,active_download_analysis_window,False,Fair,Good,Fair,False,False,False,False,False,False,0,,0,,0,0,False,0,False,0,False,0,False,0,False,0,False,0,False,0,False,0,False,0,False,0,False,0,False,0,False,0,False,0,False,0,False,0,False,0,False,0,False,False,unknown_carrier_count,True,lte_rb_count;lte_agg_rb_dl,lte_agg_rb_dl,192.13042995903527,86.74455260159908,93.7799316942077,160.64413438518753,False,True,True,high_rb_usage,high,198.04947265992053,pcell_bandwidth_times_carriers,97.01133124901115,150-250,3.779372441255651,True,False,0.0,15.873316584496893,24.578991714703253,False,0.0,122,38.39031243976029,37.35165453964726,17.551158223269614,25.69763070280064,0.03278688524590164,False,0.0,0.4570493410398918,False,0.0,2.182629445396992,False,0.0,42.78855322167083,68.73405411179607,60.82577218340657,11.0,25.94550089012524,0.6225233441355746,False,0.0,False,False,0.0,False,False,0.0,88.5770607242926,45.78850750262176,0.4830658510430332,True,0.5169341489569668,0,False,0.0,Fair,Fair,Good,2.0,41.22344591606269,39512.33484235439,62.464923791031794,3.0,80.0,"sinr_bin_for_expected,rsrp_bin_for_expected,carrier_count_for_expected",55.008776699597014,66.51022794102303,11.501451241426018,62.464923791031794,3.0,80.0,"sinr_bin_for_expected,rsrp_bin_for_expected,carrier_count_for_expected",55.008776699597014,66.51022794102303,11.501451241426018,True,high,19.676370569360962,0.6850012875196058,-0.3711149307806769,0.31499871248039424,12.220223477926183,0.7778495685395653,True,False,False,False,0.0,65.93225724254272,3.0,57.0,"sinr_bin_for_expected,rsrp_bin_for_expected,carrier_count_for_expected,rb_usage_bucket",60.99254231210596,69.40482028977027,8.41227797766431,True,high,23.143704020871887,0.6489775264976301,-0.4243085807109317,0.3510224735023699,18.20398909043513,0.7015374601490918,False,False,0.0,False,True,False,False,0.22270575895132236,0.1391379587959315,False,False,0.0,False,False,False,False,True,False,False,False,1,True,1,0,temporal_drop_family,50.0,0.0,0.2892963002608986,0.0,1.0,22.232407506522463,0.0,0.0,6.0,56.0,56.0,False,56.0,False,56.0,sudden_drop,sudden_drop,Medium,False,True,ECI:1118214.5430960786,1,-0.25881904510252157,0.9659258262890681,0.0,0.0,0.0,0.0,0.0,0.0,0.0,4.495099268500411,4.244688779680464,4.503309281278497,4.230778583441439,2.5223726549684984,4.244688779680464,4.077294796714527,0.06608017126474297,-103.35417460715333,-104.68073489854052,7.547559579349283,6.095293517220193,176.98680407461117,182.7145795207694,3.0247121923482165,2.893105764752027,12.117289725696546,10.784337598513757,11,90.88414032451557,91.62131397727204,101.1365544921088,,48.09558710284474,0.47080330043160257,-0.741155997854233,0.02669902912621359,48.83276075560121,0.4670152758591209,-0.7491468464515822,0.02669902912621359,58.34800127043797,0.4230770312133722,-0.8469382462061956,0.0412621359223301,,,,,96.01034740831219,91.62131397727204,101.1365544921088,58.34800127043797,0.4230770312133722,False,False,True,False,False,False,True,False,False,True,True,True,False,False,False,False,False,False,True,False,0.0,False,False,0.4096259067661372,0.39810992009821555,0.42516862358859653,0.0,0.0,0.36866331608952346,0.4039101924091667,0.0,0.0,False,0.0,False,0.0,1,65.37,32.17,47.11,True,False,False,False,0.0,False,ml_hgb_strict_causal_temporal_underperformance,none,Normal,0.56,0.9,0.5040000000000001,0.4711,0.4039101924091667,0.6236666375627693,False,77.82,62.464923791031794,90.88414032451557,80.17768404453406,temporal,38.05,80.17768404453406,37.38913082286323,0.5336716036584976,55.95,False,True,False,True,False,not_required_by_ml_only_rule,55.95,55.95,False,28.0,44.8,Medium,High,Medium,statistical_only_retained,LTE-TP-EP-000003,sudden_drop,ml_hgb_strict_causal_temporal_underperformance
32183,,,,,,,,,,,,,,,,,,,,,,,,,,,,,,,,,,,,,17.854133510682722,64QAM,4.044518316551388,1.9851004736808193,2.0305252993342084,,,-1.4538286789964612e-09,59.14911292431669,-0.19906189066944438,33.46183941908188,-0.41158552840796103,1.9517514860339455,13.069861067503284,64QAM,4.71514115206486,96.33208369261756,7.906729938586277,4.086465201442363,2.51430415300376,5.100959395499681,37.22118197204658,63.25655291248314,-0.010836751480148987,-0.02382279124170612,7.901665730819124,,11.310458891147245,14.153282224964132,TM4-CL SM,,-103.96547291059301,-9.186084461758988,-75.22433513930146,8.205172412773365,98220.15941382005,92256.34899957597,1.4088950144397898,42.13195456828501,19.924886573452945,41632.76346120606,296.1032039987143,,10.142943835460795,14.154749415288052,64QAM,,,,0.3581048176797692,100.76211836031192,-0.0016043968016271096,-0.014136378845123141,3.980515513012141,1.9999278245831644,2.022377073926904,0.1404411827956512,10.146109557793404,10.956427669292342,TM4-CL SM,20.114804797183794,40396.977871867966,-2.2415502232380843e-09,61.46289766313711,0.10470337210078577,15.819787439582196,10.104976059255096,1.9960527850852388,12.969368541447782,16QAM,26.402327744262752,81.31865706883643,7.929889536211931,4.067618045515494,4.292411597267999,8.265605915782295,14.144169983811054,14.048160961678622,20.09736148909188,20.01506421194052,39.54165694497002,41.39012157074857,40877.228171542025,300.5034978324911,-11.255861637760002,-70.48878815135595,3.6917179767049704,-102.81200003920898,40.61631671262223,40108.13316436613,276.456382851785,1.967915757965244,1042261.1911727148,4174.561632146708,62.47293571381394,541.9999999994232,1.99999999857425,9.97624219110567,175.42580752445318,15.320265078443375,nan$$$$nan,$$$$,,,,,,,,,LTE$$$$LTE,2025-08-26T23:40:00.639303+02:00$$$$2025-08-26T23:40:00.639340+02:00,Network$$$$Network,LTE CA Init$$$$LTE CA Complete,,,,,,,,,,,,,,,,,,,,,,,,,,,,,,,,,,,,,,,,,,,,,,,,,,,,,,,,,,,,,,,,9.889097158415288,72.15610549895348,-17.81750671676811,177.39436478205525,0.7602845266287962,5.976799934495045e-10,-3.6462640660050026e-10,-1.9848525660341774e-10,-8.564966718963307e-10,9.851510153722574e-11,3.2313952516050663e-10,-2.300723453555737e-10,4.778399207247389e-10,6.075753739119241e-10,2.984815091632014e-10,542020041221088+20250827094505+Fiji-Nadi-LTE-DL-D!20250827094151,542020041221088.0,2025-08-26 23:40:01+02:00,542020041221088,20250827094505,Fiji-Nadi-LTE-DL-D,20250827094151,2025-08-27 09:45:05,2025-08-27 09:41:51,Fiji-Nadi,DL-D,2025-08-26,23,40,1.0,12.0,,,,True,-17.818157772911302,177.39537038511259,128.73819294245362,-17.81750671676811,177.39436478205525,0.7602845266287962,9.889097158415288,72.15610549895348,14.048160961678622,276.456382851785,40108.13316436613,40.61631671262223,1042261.1911727148,4174.561632146708,62.47293571381394,-102.81200003920898,-11.255861637760002,3.6917179767049704,-70.48878815135595,10.146109557793404,12.969368541447782,10.104976059255096,1.9999278245831644,81.31865706883643,175.42580752445318,20.01506421194052,39.54165694497002,1.967915757965244,-103.96547291059301,-9.186084461758988,8.205172412773365,11.310458891147245,13.069861067503284,-0.41158552840796103,96.33208369261756,,,,True,True,True,True,True,active_download_analysis_window,False,Fair,Good,Fair,False,False,False,True,False,False,0,,0,,0,0,False,0,False,0,False,0,False,0,False,0,False,0,False,0,False,0,False,0,False,0,False,0,False,0,False,0,False,0,False,0,False,0,False,0,False,0,False,False,unknown_carrier_count,True,lte_rb_count;lte_agg_rb_dl,lte_agg_rb_dl,175.42580752445318,86.74455260159908,93.7799316942077,160.64413438518753,False,True,True,high_rb_usage,high,196.7915757965244,fallback_100rb_per_carrier,89.14294568474685,150-250,2.7112557884911377,True,False,0.0,15.873316584496893,24.578991714703253,True,0.11498262591202008,122,38.39031243976029,37.35165453964726,17.551158223269614,25.69763070280064,0.03278688524590164,True,0.19958781164348802,-1.5790724204055484,False,0.0,2.182629445396992,False,0.0,14.048160961678622,68.73405411179607,60.82577218340657,11.0,54.68589315011745,0.20438429164718352,True,0.7956157083528165,False,False,0.0,False,False,0.0,42.78855322167083,28.74039225999221,0.3283158673045235,True,0.6716841326954766,1,False,0.3333333333333333,Fair,Fair,Good,2.0,40.61631671262223,40108.13316436613,62.464923791031794,3.0,80.0,"sinr_bin_for_expected,rsrp_bin_for_expected,carrier_count_for_expected",55.008776699597014,66.51022794102303,11.501451241426018,62.464923791031794,3.0,80.0,"sinr_bin_for_expected,rsrp_bin_for_expected,carrier_count_for_expected",55.008776699597014,66.51022794102303,11.501451241426018,True,high,48.416762829353175,0.22489679181671463,-1.4392315835451903,0.7751032081832854,40.96061573791839,0.2553803557275168,True,True,False,True,0.7751032081832854,65.93225724254272,3.0,57.0,"sinr_bin_for_expected,rsrp_bin_for_expected,carrier_count_for_expected,rb_usage_bucket",60.99254231210596,69.40482028977027,8.41227797766431,True,high,51.8840962808641,0.21306961947321382,-1.492425233475445,0.7869303805267862,46.944381350427335,0.23032587967546167,True,True,0.7869303805267862,True,True,False,True,0.0800803551080727,0.1391379587959315,False,False,0.0,False,True,True,False,True,False,False,False,3,True,3,3,low_tp_family;temporal_drop_family;expected_tp_family,55.0,0.6448839675446437,0.6485512035108012,0.2975919519160689,1.0,61.22451774973429,0.0,5.493061443340547,9.0,75.71757919307484,75.71757919307484,False,75.71757919307484,False,75.7,radio_limited_degradation;rb_conditioned_underperformance;radio_p75_underperformance;sudden_drop;rolling_local_drop;global_percentile_low_throughput;session_percentile_low_throughput,rb_conditioned_underperformance,High,False,True,ECI:1042261.1911727148,1,-0.25881904510252157,0.9659258262890681,0.0,0.0,0.0,0.0,0.0,0.0,0.0,3.779372441255651,4.495099268500411,4.244688779680464,4.171475803414251,4.044057501893852,4.244688779680464,4.2029947753432415,-0.09802584053964991,-104.03129734607457,-104.5463267868048,6.906156906173959,6.643698210064061,192.13042995903527,182.4900065450877,3.465557200778702,3.1083584091892393,11.487542454847015,11.316976136242157,12,23.318497500083943,22.482815749043123,39.78214013990045,,9.27033653840532,0.6024470899820218,-0.4799814862741596,0.05825242718446602,8.4346547873645,0.6248399274577748,-0.4450131204475767,0.0703883495145631,25.733979178221826,0.3531273308141782,-0.9969884554130184,0.02912621359223301,,,,,31.550318819992196,22.482815749043123,39.78214013990045,25.733979178221826,0.3531273308141782,False,True,True,True,False,False,False,False,False,False,False,False,False,False,False,False,False,True,False,False,0.0,False,False,0.31143329418208954,0.12524271844660195,0.0888349514563107,0.0,0.0,0.2802899647638806,0.08439320388349517,0.0,0.0,False,0.0,False,0.0,1,37.1,25.22,30.57,True,False,False,False,0.0,False,ml_quantile_p75_resource_underperformance,none,Normal,0.7571757919307484,1.0,0.7571757919307484,0.3057,0.2802899647638806,0.34102860050455985,False,76.67,62.464923791031794,39.78214013990045,45.6084349304196,capability,53.53,62.464923791031794,48.416762829353175,0.22489679181671463,63.94,False,True,False,True,False,not_required_by_ml_only_rule,63.94,63.94,False,37.85,60.56,Medium,High,Medium,statistical_only_retained,LTE-TP-EP-000003,rb_conditioned_underperformance,ml_quantile_p75_resource_underperformance
32256,,,,,,,,0.5032129035605257,-0.9402555332644076,,,,,,,,,,,,,,,,,,,,,,,,,,,,,,,,,,,,,,,,,,,,,,,,,87.6139882316364,3.053195916195352,-0.03992064784699309,-0.025975054428804586,,,,,,,,,,,,,3.3618522055522333,,,,,,11.858044052008939,13.790730807178367,64QAM,,,,6.146642710358269,97.59907279704318,0.004628112064167299,-0.003165619344409871,3.9341489090026305,2.0165055218786403,2.012305831097996,1.7330738535673968,11.016697274136428,10.572593337034547,TM4-CL SM,20.056167003577986,40956.07888974738,5.6993868593400655e-11,66.82409514886498,-0.23481111596134074,29.535218503983376,15.50068316653558,1.9725189915660786,15.501471068202154,64QAM,5.0072911324980875,0.2615681110011323,0.9085648974501955,-0.1222742161295925,0.11820814256183569,0.4370153503218827,-0.7692833260626856,0.3391634590014666,20.052075780236514,20.05159323311643,19.165807892010033,40.35967901437699,41474.23721802396,288.2543880971944,-8.98018797835587,-78.25212327683349,8.690103640150443,-108.28130890001304,40.68098704600575,42255.30857914681,287.37994585447046,1.0227061429360556,1023639.2302296424,3785.8552781753815,65.88633221127938,542.0000000000423,2.0000000001416494,10.092321746862558,-0.03451351014827431,27.840627941023826,,,,,,,,,,,,,,,,,,,,,,,,,,,,,,,,,,,,,,,,,,,,,,,,,,,,,,,,,,,,,,,,,,,,,,,,,,,,,,9.958725727441626,73.23227048912572,-17.812501523818245,177.39790447193533,-0.31084001489781066,-3.2637621740439764e-10,2.3382421464749668e-09,4.912577567926952e-10,-9.454073648551661e-10,-1.7402725685872449e-09,1.9805798127875205e-09,-2.5572291827919157e-10,4.187343150553511e-10,1.5871610296089923e-10,1.2575805638216802e-10,542020041221088+20250827094505+Fiji-Nadi-LTE-DL-D!20250827094151,542020041221088.0,2025-08-26 23:41:14+02:00,542020041221088,20250827094505,Fiji-Nadi-LTE-DL-D,20250827094151,2025-08-27 09:45:05,2025-08-27 09:41:51,Fiji-Nadi,DL-D,2025-08-26,23,41,1.0,85.0,,,,True,-17.81216858180676,177.39430419595803,382.9362223295455,-17.812501523818245,177.39790447193533,-0.31084001489781066,9.958725727441626,73.23227048912572,0.3391634590014666,287.37994585447046,42255.30857914681,40.68098704600575,1023639.2302296424,3785.8552781753815,65.88633221127938,-108.28130890001304,-8.98018797835587,8.690103640150443,-78.25212327683349,11.016697274136428,15.501471068202154,15.50068316653558,2.0165055218786403,0.2615681110011323,-0.03451351014827431,20.05159323311643,19.165807892010033,1.0227061429360556,,,,,,,,,,,True,True,True,False,False,outside_download_activity,True,Fair,Excellent,Fair,False,False,False,True,False,True,0,,0,,0,0,False,0,False,0,False,0,False,0,False,0,False,0,False,0,False,0,False,0,False,0,False,0,False,0,False,0,False,0,False,0,False,0,False,0,False,0,False,False,unknown_carrier_count,True,lte_rb_count;lte_agg_rb_dl,lte_agg_rb_dl,-0.03451351014827431,86.74455260159908,93.7799316942077,160.64413438518753,True,False,False,low_rb_usage,low_or_uncertain,100.0,aggregate_bandwidth,0.0,,0.29204513468895665,True,True,0.9660836540998533,15.873316584496893,24.578991714703253,True,0.9786331068749223,122,38.39031243976029,37.35165453964726,17.551158223269614,25.69763070280064,0.03278688524590164,True,0.980675722098397,-6.190747975672132,True,1.0,2.182629445396992,True,0.8661957322600687,0.3391634590014666,20.423987627994386,14.739524482567399,11.0,20.08482416899292,0.016606133198817066,True,0.9833938668011829,False,False,0.0,False,False,0.0,33.40932727695479,33.07016381795332,0.010151759602636957,True,0.9898482403973631,3,True,1.0,Fair,Fair,Excellent,1.0,40.68098704600575,42255.30857914681,36.31305223888564,3.0,144.0,"sinr_bin_for_expected,rsrp_bin_for_expected,carrier_count_for_expected",31.585509980216504,38.73488577855031,7.1493757983338035,36.31305223888564,3.0,144.0,"sinr_bin_for_expected,rsrp_bin_for_expected,carrier_count_for_expected",31.585509980216504,38.73488577855031,7.1493757983338035,True,high,35.97388877988417,0.009339987637785931,-3.3272980567264843,0.990660012362214,31.246346521215038,0.010737944684568991,False,True,True,False,0.0,24.63994399743227,3.0,52.0,"sinr_bin_for_expected,rsrp_bin_for_expected,carrier_count_for_expected,rb_usage_bucket",20.515628463924894,26.918551454805066,6.402922990880171,True,high,24.300780538430804,0.013764782056193426,-2.9521063131736183,0.9862352179438065,20.17646500492343,0.01653195560632513,False,False,0.0,True,True,False,False,-9.826976669263093,0.1391379587959315,False,False,0.0,True,True,True,False,False,False,False,False,2,True,2,5,low_tp_family;temporal_drop_family,50.0,0.9844333539370234,0.44967360974855214,0.9830418270499267,0.826754095448833,82.67436473949029,0.0,3.4657359027997265,5.0,91.14010064229001,91.14010064229001,False,91.14010064229001,False,89.6,radio_limited_degradation;resource_limited_or_demand_uncertain_low_throughput;sudden_drop;rolling_local_drop;fixed_low_throughput;global_percentile_low_throughput;session_percentile_low_throughput;iqr_extreme_low_throughput;robust_z_extreme_low_throughput,radio_limited_degradation,High,False,True,ECI:1023639.2302296424,0,-0.25881904510252157,0.9659258262890681,0.0,0.0,0.0,0.0,0.0,0.0,0.0,3.538327669399007,2.9457202002162783,3.735956283471359,3.0645112114651916,3.738828701183633,3.538327669399007,3.5845331536988203,0.11845411448345389,-108.31079136128304,-105.61665913020363,6.223463318719264,7.3320773238247,91.54766769412407,86.52421669580406,7.913672347106373,5.578028529393121,10.049343853314463,9.765087622080205,20,0.033192651384344754,0.15217271843450347,0.34438989596258895,,-0.30597080761712186,10.218028535118238,0.259391464955979,0.8762135922330098,-0.18699074056696313,2.2288059416343122,0.1503956544568983,0.8033980582524272,0.005226436961122349,0.9848240699788414,-0.003895166503435854,0.7961165048543689,,,,,0.18879127367346685,0.15217271843450347,0.34438989596258895,0.005226436961122349,0.9848240699788414,True,False,False,False,False,False,False,False,False,False,False,False,False,False,False,False,False,False,False,False,0.0,False,False,0.0,0.0,0.0,0.0,0.0,0.0,0.0,0.0,0.0,False,0.0,False,0.0,0,0.0,0.0,0.0,False,False,False,False,0.0,False,normal,none,Normal,0.9114010064229001,0.92,0.8384889259090681,0.0,0.0,0.0,False,67.08,36.31305223888564,0.34438989596258895,10.288080173214444,radio,68.81,,,,68.03,False,True,False,True,False,not_required_by_ml_only_rule,68.03,68.03,False,44.8,71.68,High,High,High,statistical_only_retained,LTE-TP-EP-000004,radio_limited_degradation,normal
32278,,,,,,,,-1.1626967741812537,0.6478506769937752,,,,,,,,,,,,,,,,,,,,,,,,,,,,,,,,,,,1.0952996202099874e-10,101.24686159863901,0.3064933587017298,0.7664407067346942,2.1152735167916434,0.9990403121456564,14.554664523036665,16QAM,-0.11766184877994429,19.77322677473952,0.9284822267169407,-0.45722972965449704,0.08883737740685263,0.39288386518641993,,,,,,,10.087663830709591,10.135484423781978,TM4-CL SM,,-104.65896076518368,-8.905074629020584,-75.79012212800902,8.212937230302868,91830.1560346179,95964.55239605968,4.733752814080324,43.48344853546275,19.765279718683832,39171.043061438904,292.8073377377344,,6.931538283199455,4.789672339992171,QPSK,,,,76.21172732677041,23.237926186592684,0.0007669583236278593,0.004987619780084463,3.9939565920732907,1.013454746529675,2.014364688936095,1.3377407132687869,8.319520974330148,9.181717335154692,TM4-CL SM,19.873706358047937,41524.94467069881,-5.876767567262672e-10,19.313324816000357,0.08200058084541847,33.961920129348705,14.44548546996576,0.977851838671164,12.898580909169494,64QAM,44.73801751560927,3.8515398970510684,-0.3916507353469994,-0.212109738921968,-0.2265824419725691,0.1789829809581155,0.5607510859513922,0.2217225774697242,19.87935557155131,20.11689476230269,40.26387439243098,41.092667386560194,42768.794163503255,292.2359526363104,-11.953762335052179,-74.06642162866972,5.390937056470275,-105.85221727026115,39.98776774052094,41444.12221932226,298.6086892967707,2.0236533201924845,1077615.6245422184,3990.9965406457336,63.820706986226384,541.999999998793,1.9999999986638406,9.9014637390932,24.157672738321843,22.296327814047828,,,,,,,,,,,,,,,,,,,,,,,,,,,,,,,,,,,,,,,,,,,,,,,,,,,,,,,,,,,,,,,,,,,,,,,,,,,,,,9.869540376195829,72.18771949659944,-17.81625163747475,177.39656702997794,0.44622556416595605,-1.2690791155861286e-09,2.601838596208216e-10,-1.5538425608003745e-09,3.3003675785726537e-10,2.2733344732727516e-10,-2.441943301908038e-10,3.251731642088743e-11,3.372191442067432e-10,-1.1848840299784781e-09,-4.149627238507698e-10,542020041221088+20250827094505+Fiji-Nadi-LTE-DL-D!20250827094151,542020041221088.0,2025-08-26 23:41:36+02:00,542020041221088,20250827094505,Fiji-Nadi-LTE-DL-D,20250827094151,2025-08-27 09:45:05,2025-08-27 09:41:51,Fiji-Nadi,DL-D,2025-08-26,23,41,1.0,107.0,,,,True,-17.8125156979503,177.39357926606507,522.1254064517873,-17.81625163747475,177.39656702997794,0.44622556416595605,9.869540376195829,72.18771949659944,0.2217225774697242,298.6086892967707,41444.12221932226,39.98776774052094,1077615.6245422184,3990.9965406457336,63.820706986226384,-105.85221727026115,-11.953762335052179,5.390937056470275,-74.06642162866972,8.319520974330148,12.898580909169494,14.44548546996576,1.013454746529675,3.8515398970510684,24.157672738321843,20.11689476230269,40.26387439243098,2.0236533201924845,-104.65896076518368,-8.905074629020584,8.212937230302868,10.087663830709591,14.554664523036665,2.1152735167916434,19.77322677473952,,,,True,True,True,False,False,outside_download_activity,True,Fair,Good,Fair,False,False,False,True,False,True,0,,0,,0,0,False,0,False,0,False,0,False,0,False,0,False,0,False,0,False,0,False,0,False,0,False,0,False,0,False,0,False,0,False,0,False,0,False,0,False,0,False,False,unknown_carrier_count,True,lte_rb_count;lte_agg_rb_dl,lte_agg_rb_dl,24.157672738321843,86.74455260159908,93.7799316942077,160.64413438518753,True,False,False,low_rb_usage,low_or_uncertain,202.36533201924846,fallback_100rb_per_carrier,11.937653795376388,10-25,0.20026181162850473,True,True,0.9778277422530277,15.873316584496893,24.578991714703253,True,0.9860317422455824,122,38.39031243976029,37.35165453964726,17.551158223269614,25.69763070280064,0.03278688524590164,True,0.9873670686202487,-6.365712031271746,True,1.0,2.182629445396992,True,0.9082474526077514,0.2217225774697242,49.981717451389066,41.5016966550682,11.0,49.75999487391934,0.004436073604020628,True,0.9955639263959793,False,False,0.0,False,False,0.0,47.17149166272405,46.949769085254324,0.004700351200573423,True,0.9952996487994266,3,True,1.0,Fair,Fair,Good,2.0,39.98776774052094,41444.12221932226,62.464923791031794,3.0,80.0,"sinr_bin_for_expected,rsrp_bin_for_expected,carrier_count_for_expected",55.008776699597014,66.51022794102303,11.501451241426018,62.464923791031794,3.0,80.0,"sinr_bin_for_expected,rsrp_bin_for_expected,carrier_count_for_expected",55.008776699597014,66.51022794102303,11.501451241426018,True,high,62.24320121356207,0.003549553317498121,-3.9502255604078234,0.9964504466825019,54.78705412212729,0.00403067638970689,False,True,True,False,0.0,50.82461320786116,6.0,412.0,GLOBAL,46.68729935864987,57.978478039948165,11.291178681298298,False,not_available_or_sparse,50.602890630391435,0.004362503981347169,-3.7476033832378204,0.9956374960186528,46.46557678118014,0.004749098373980913,True,False,0.0,True,True,False,False,0.009178143104737108,0.1391379587959315,False,False,0.0,True,True,True,False,True,False,False,False,2,True,2,6,low_tp_family;temporal_drop_family,50.0,0.9940840778041699,0.7780400151695258,0.9889138711265139,1.0,93.96678988054693,0.0,3.4657359027997265,7.0,104.43252578334665,100.0,False,104.43252578334665,False,93.6,radio_limited_degradation;resource_limited_or_demand_uncertain_low_throughput;sudden_drop;rolling_local_drop;fixed_low_throughput;global_percentile_low_throughput;session_percentile_low_throughput;iqr_extreme_low_throughput;robust_z_extreme_low_throughput,radio_limited_degradation,High,False,True,ECI:1077615.6245422184,0,-0.25881904510252157,0.9659258262890681,0.0,0.0,0.0,0.0,0.0,0.0,0.0,3.8747673867959316,3.0605592065873424,3.9511329433646973,3.8119117387543935,3.8242459605559036,3.8747673867959316,3.707524492233785,0.015713912010384523,-103.93849050066352,-102.84561258124381,3.7690257454002194,6.068568034652457,181.47970689750596,153.83759781004238,1.6962544087326228,2.8366933979190763,8.058857687746352,8.482298118953949,20,0.4936049171154577,0.5529405842803796,2.0794762322586333,,0.2718823396457335,0.4491903742884752,-0.20093079373481684,0.18932038834951456,0.3312180068106554,0.40098806955594224,-0.2398884731328729,0.16262135922330098,1.857753654788909,0.1066242422155021,-0.9244977164345963,0.03398058252427184,,,,,1.2865405746870455,0.5529405842803796,2.0794762322586333,1.857753654788909,0.1066242422155021,True,False,True,False,False,False,False,False,False,False,False,False,False,False,False,False,False,False,False,False,0.0,False,False,0.0,0.0,0.0,0.0,0.0,0.0,0.0,0.0,0.0,False,0.0,False,0.0,0,0.0,0.0,0.0,False,False,False,False,0.0,False,normal,none,Normal,1.0,0.92,0.92,0.0,0.0,0.0,False,73.6,62.464923791031794,2.0794762322586333,25.267329017834722,temporal,77.39,25.267329017834722,25.045606440365,0.008775069866435952,75.68,False,True,False,True,False,not_required_by_ml_only_rule,75.68,75.68,False,46.8,74.88,High,High,High,statistical_only_retained,LTE-TP-EP-000005,radio_limited_degradation,normal
32288,,,,,,,,10.994844826974226,14.323321311098944,,,,,,,,,,,,,,,,,,,,,,,,,,,,13.340026369489305,16QAM,4.023585805613152,2.009808976077201,2.0022135514670762,,,-3.9691020428434025e-10,73.09550146577173,0.12610184186384002,23.19061828416995,1.0102496639100313,1.9804111734059582,14.012273055347649,64QAM,2.35657141307378,49.90109616104213,0.3876642805165774,1.2881422174591677,-0.41260954857468723,-0.25869623890474325,50.73981195248888,49.399687086487084,0.022993156873967368,-0.03430205018421732,8.973535573818815,20.00000000200139,10.157407992898326,12.068423054005594,TM4-CL SM,,-104.93385355266462,-10.066870253063005,-76.08730795436607,7.892031027859969,87745.96181441436,97697.23661132884,5.0956749175259155,41.17635677755732,19.887207511877286,40743.87627443435,268.7710961694698,,7.126512629704023,6.723293777698535,16QAM,,,,-1.6198864497288414,98.97058260669657,-0.00956728131967619,0.0013717943291069571,3.9702124546210653,1.9705144461201443,1.9140910625533438,1.2148304493939923,7.897119093144584,9.03110420543638,TM4-CL SM,20.126510437616957,41782.069658609995,-2.6079780015473833e-09,44.935353624289135,0.395150465095618,-0.8929237127563736,2.3629931069009236,1.9728911412697905,12.081260353903296,16QAM,53.451186750657115,67.28797651787094,11.87484419901273,7.250412373271858,4.925914448973245,12.735224966153574,13.514876524952403,13.485846311634994,19.973037248650336,20.078217732091694,40.17170971782009,40.917284735970625,41504.840572601104,276.6495843199774,-11.588541859110236,-72.58672427564015,6.254350612995935,-103.82184917432026,40.71558384376439,42242.35570208932,290.24349863543813,1.990575304676308,1085303.7471428458,4060.2991760473406,59.48880507918438,541.9999999994508,1.999999999605126,9.977548164009525,119.42333860357071,30.226774671536525,,,,,,,,,,,,,,,,,,,,,,,,,,,,,,,,,,,,,,,,,,,,,,,,,,,,,,,,,,,,,,,,,,,,,,,,,,,,,,9.732059868520055,70.68308000917737,-17.819500901490347,177.39650171632107,0.07724978194009009,-1.5465777393430967e-09,4.915259500657247e-10,2.6907259477695243e-09,-2.189131626353219e-09,3.842081955564683e-10,1.947595644988279e-09,-9.616263075505007e-10,-7.613236037184562e-11,-6.176234484362259e-10,-1.0100036136010623e-09,542020041221088+20250827094505+Fiji-Nadi-LTE-DL-D!20250827094151,542020041221088.0,2025-08-26 23:41:46+02:00,542020041221088,20250827094505,Fiji-Nadi-LTE-DL-D,20250827094151,2025-08-27 09:45:05,2025-08-27 09:41:51,Fiji-Nadi,DL-D,2025-08-26,23,41,1.0,117.0,,,,True,-17.80883608112616,177.39326644327573,1234.344233374942,-17.819500901490347,177.39650171632107,0.07724978194009009,9.732059868520055,70.68308000917737,13.485846311634994,290.24349863543813,42242.35570208932,40.71558384376439,1085303.7471428458,4060.2991760473406,59.48880507918438,-103.82184917432026,-11.588541859110236,6.254350612995935,-72.58672427564015,7.897119093144584,12.081260353903296,2.3629931069009236,1.9705144461201443,67.28797651787094,119.42333860357071,20.078217732091694,40.17170971782009,1.990575304676308,-104.93385355266462,-10.066870253063005,7.892031027859969,10.157407992898326,14.012273055347649,1.0102496639100313,49.90109616104213,,,,True,True,True,False,False,outside_download_activity,True,Fair,Good,Fair,False,False,False,False,False,False,0,,0,,0,0,False,0,False,0,False,0,False,0,False,0,False,0,False,0,False,0,False,0,False,0,False,0,False,0,False,0,False,0,False,0,False,0,False,0,False,0,False,False,unknown_carrier_count,True,lte_rb_count;lte_agg_rb_dl,lte_agg_rb_dl,119.42333860357071,86.74455260159908,93.7799316942077,160.64413438518753,False,True,False,medium_rb_usage,medium,199.05753046763078,fallback_100rb_per_carrier,59.99438369551682,100-150,2.6731720562756687,True,False,0.0,15.873316584496893,24.578991714703253,True,0.15040777774152672,122,38.39031243976029,37.35165453964726,17.551158223269614,25.69763070280064,0.03278688524590164,True,0.2316264180357489,-1.651670404642831,False,0.0,2.182629445396992,False,0.0,13.485846311634994,34.809816009151476,22.702742174685916,11.0,21.323969697516482,0.38741504143801203,True,0.612584958561988,False,False,0.0,False,False,0.0,27.01818083561374,13.532334523978747,0.4991396864832129,True,0.5008603135167871,1,False,0.3333333333333333,Fair,Fair,Good,2.0,40.71558384376439,42242.35570208932,62.464923791031794,3.0,80.0,"sinr_bin_for_expected,rsrp_bin_for_expected,carrier_count_for_expected",55.008776699597014,66.51022794102303,11.501451241426018,62.464923791031794,3.0,80.0,"sinr_bin_for_expected,rsrp_bin_for_expected,carrier_count_for_expected",55.008776699597014,66.51022794102303,11.501451241426018,True,high,48.9790774793968,0.21589470527091528,-1.4773153157606593,0.7841052947290847,41.52293038796202,0.24515808423228921,True,True,False,True,0.7841052947290847,68.42137275067724,5.0,53.0,"carrier_count_for_expected,rb_usage_bucket",55.48631239416858,73.9359125140991,18.449600119930523,False,medium,54.93552643904224,0.19709990854431536,-1.5670227285328586,0.8029000914556846,42.000466082533585,0.24304816322687017,True,False,0.0,True,True,False,True,0.11292471362236536,0.1391379587959315,False,False,0.0,False,False,False,True,True,True,True,False,3,True,3,3,low_tp_family;temporal_drop_family;expected_tp_family,55.0,0.671500152426141,0.686694080488028,0.3257076844182503,0.5330992424379121,56.809038094140575,0.0,5.493061443340547,3.0,65.30209953748113,65.30209953748113,False,65.30209953748113,False,65.3,unexpected_underperformance;ca_underperformance;radio_p75_underperformance;sudden_drop;rolling_local_drop;global_percentile_low_throughput;session_percentile_low_throughput,ca_underperformance,High,False,True,ECI:1085303.7471428458,0,-0.25881904510252157,0.9659258262890681,0.0,0.0,0.0,0.0,0.0,0.0,0.0,3.332853615018699,2.96461839376442,2.9176939929932257,3.683026258557249,0.20026181162850473,3.332853615018699,3.286013996476162,-0.08754316088463743,-105.27489833011532,-105.51705276963976,5.706508766510253,5.116089012323928,117.36592527545426,124.73907496369286,2.15624700817602,2.395377908396985,9.181824087984753,8.837591613357365,20,21.692626308567434,24.729739317635822,24.62426536360106,,8.20677999693244,0.621678819328059,-0.44886798322057553,0.07281553398058252,11.243893006000828,0.5453290929766359,-0.5744754385106101,0.0412621359223301,11.138419051966068,0.5476649196434268,-0.5703677120344279,0.10436893203883495,,,,,23.158445836084248,24.729739317635822,24.729739317635822,11.243893006000828,0.5453290929766359,False,False,False,False,False,False,False,False,False,False,True,False,False,False,False,False,False,False,False,False,0.0,False,False,0.0,0.08155339805825246,0.1762135922330097,0.0,0.0,0.07339805825242722,0.1674029126213592,0.0,0.0,False,0.0,False,0.0,0,25.85,0.0,11.63,False,False,False,False,0.0,False,normal,none,Normal,0.6530209953748113,1.0,0.6530209953748113,0.11630000000000001,0.1674029126213592,0.22851392214157784,False,66.06,62.464923791031794,24.62426536360106,29.769777663393647,capability,55.04,62.464923791031794,48.9790774793968,0.21589470527091528,60.0,False,True,False,True,False,not_required_by_ml_only_rule,60.0,60.0,False,32.65,52.24,High,High,Medium,statistical_only_retained,LTE-TP-EP-000006,ca_underperformance,normal
32295,,,,,,,,,,,,,,,,,,,,,,,,,,,,,,,,,,,,,14.804536141632829,64QAM,,,,,,2.866552935237371e-10,75.61585894169797,-0.04091060896247469,22.347851347587145,2.9728900702070318,1.973889466123727,14.253813849499135,16QAM,1.1806544757722908,79.60057626020205,6.864360002317138,3.1846508253820867,3.227291090135574,7.145835913428594,,,,,,,,,,,-105.36336348655472,-10.562280135812669,-74.37520182074725,6.589196120861489,92795.37663704545,93152.78901143344,6.5144297470669725,41.02410275544553,20.26638730968888,41052.55392978003,292.33156263241005,,,9.326677921109379,16QAM,,,,,,,,,,,,,,,,,-4.3575940027019603e-10,61.384548508397536,0.08473451796640888,0.441533607954073,2.613503105217766,2.002457652481194,9.765646753590095,16QAM,33.027524628605484,82.03343972123977,6.86310447877862,3.815381403030988,3.5305573696860515,7.462303407363976,14.372636600217172,15.351725333669433,19.913148165692032,20.1237247927718,40.12795384407153,40.05983049192496,40697.85700863971,288.59703742833204,-12.1948801106091,-80.72310133269734,3.7123598921849523,-113.1160378750661,42.71505896816669,40757.5045006941,297.3734497072847,1.9655023761532497,1020137.6625076501,4286.85759444738,60.76673094319422,541.9999999995717,2.0000000011626864,9.987853616065793,161.37408427527623,1.0052536228984577,,,,,,,,,,,LTE,2025-08-26T23:41:58.000000+02:00,Network,LTE CA Activation,,,,,,,,,,,,,,,,,,,,,,,,,,,,,,,,,,,,,,,,,,,,,,,,,,,,,,,,,,,,,,,,9.947642674791041,73.86002173571454,-17.814252200397902,177.3948593663866,1.382404308242445,-1.0735497287455032e-09,1.4283945541094025e-09,-6.218475744132415e-10,5.425532111883306e-10,1.0136630724592584e-09,1.2969094531974779e-09,-9.170547711742008e-11,-3.1135631987581415e-11,8.669327344322335e-10,-9.967708084300895e-10,542020041221088+20250827094725+Fiji-Nadi-LTE-DL-D!20250827094401,542020041221088.0,2025-08-26 23:41:59+02:00,542020041221088,20250827094725,Fiji-Nadi-LTE-DL-D,20250827094401,2025-08-27 09:47:25,2025-08-27 09:44:01,Fiji-Nadi,DL-D,2025-08-26,23,41,,0.0,,,,True,,,,-17.814252200397902,177.3948593663866,1.382404308242445,9.947642674791041,73.86002173571454,15.351725333669433,297.3734497072847,40757.5045006941,42.71505896816669,1020137.6625076501,4286.85759444738,60.76673094319422,-113.1160378750661,-12.1948801106091,3.7123598921849523,-80.72310133269734,,9.765646753590095,2.613503105217766,,82.03343972123977,161.37408427527623,20.1237247927718,40.12795384407153,1.9655023761532497,-105.36336348655472,-10.562280135812669,6.589196120861489,,14.253813849499135,2.9728900702070318,79.60057626020205,,,,True,True,True,True,True,active_download_analysis_window,False,Fair,Good,Fair,False,False,False,False,False,False,0,,0,,0,0,False,0,False,0,False,0,False,0,False,0,False,0,False,0,False,0,False,0,False,0,False,0,False,0,False,0,False,0,False,0,False,0,False,0,False,0,False,False,unknown_carrier_count,True,lte_rb_count;lte_agg_rb_dl,lte_agg_rb_dl,161.37408427527623,86.74455260159908,93.7799316942077,160.64413438518753,False,True,True,high_rb_usage,high,196.550237615325,fallback_100rb_per_carrier,82.1032252278966,150-250,2.7943334167709644,True,False,0.0,15.873316584496893,24.578991714703253,True,0.032859626282316166,122,38.368102518303935,31.369441268885694,14.962010764066896,22.023694375863414,0.06557377049180328,False,0.0,-1.420703794289648,False,0.0,2.182629445396992,False,0.0,15.351725333669433,27.56165263110006,23.112228628532037,6.0,12.209927297430626,0.5569958209380678,False,0.0,False,False,0.0,False,False,0.0,,,,False,0.0,1,False,0.3333333333333333,Fair,Fair,Good,2.0,42.71505896816669,40757.5045006941,62.464923791031794,3.0,80.0,"sinr_bin_for_expected,rsrp_bin_for_expected,carrier_count_for_expected",55.008776699597014,66.51022794102303,11.501451241426018,62.464923791031794,3.0,80.0,"sinr_bin_for_expected,rsrp_bin_for_expected,carrier_count_for_expected",55.008776699597014,66.51022794102303,11.501451241426018,True,high,47.11319845736236,0.24576553371019255,-1.3561539552653636,0.7542344662898075,39.65705136592758,0.2790777445843819,True,True,False,True,0.7542344662898075,65.93225724254272,3.0,57.0,"sinr_bin_for_expected,rsrp_bin_for_expected,carrier_count_for_expected,rb_usage_bucket",60.99254231210596,69.40482028977027,8.41227797766431,True,high,50.58053190887328,0.23284088814365284,-1.4093476051956184,0.7671591118563472,45.640816978436526,0.25169840035709384,True,True,0.7671591118563472,True,False,False,True,0.0951312932470746,0.1391379587959315,False,False,0.0,False,False,False,True,True,False,False,False,2,True,2,3,low_tp_family;expected_tp_family,55.0,0.611931853093912,0.632256648860916,0.23241373331652831,0.3052481824357657,47.61309714925951,0.0,3.4657359027997265,7.0,65.46573590279974,65.46573590279974,False,65.46573590279974,False,65.5,unexpected_underperformance;rb_conditioned_underperformance;radio_p75_underperformance;global_percentile_low_throughput,rb_conditioned_underperformance,High,False,True,ECI:1020137.6625076501,1,-0.25881904510252157,0.9659258262890681,0.0,0.0,0.0,0.0,0.0,0.0,0.0,,,,,,,,,,,,,,,,,,,0,14.700602601577737,9.778037753893841,31.933169795946416,,-0.6511227320916966,1.0442922477219958,0.04063432288718438,0.5169902912621359,-5.5736875797755925,1.5700210737636007,0.4168228943994148,0.9660194174757282,16.581444462276984,0.48074542651942354,-0.7001469335922899,0.06553398058252427,,,,,23.316886198762077,9.778037753893841,31.933169795946416,16.581444462276984,0.48074542651942354,False,False,False,False,False,False,False,False,False,False,False,False,False,False,False,False,False,False,False,False,0.0,False,False,0.11191352843391866,0.0,0.0,0.0,0.0,0.1007221755905268,0.0,0.0,0.0,False,0.0,False,0.0,0,13.07,0.0,5.88,False,False,False,False,0.0,False,normal,none,Normal,0.6546573590279974,1.0,0.6546573590279974,0.0588,0.1007221755905268,0.10072217559052676,False,60.69,62.464923791031794,31.933169795946416,18.66984519249695,capability,50.03,62.464923791031794,47.11319845736236,0.24576553371019255,54.83,False,True,False,True,False,not_required_by_ml_only_rule,54.83,54.83,False,32.75,52.4,Medium,High,Medium,statistical_only_retained,LTE-TP-EP-000007,rb_conditioned_underperformance,normal
32305,,,,,,,,,,,,,,,,,,,,,,,,,,,,,,,,,,,,,,,,,,48.67824682703165,,,,,,,,,,,,,,,,2.7073271976803768,100.57455229537965,-0.0034343631083416566,0.005009212960691661,,,,,,,,,,,,,6.016380143782327,,,,,,6.9534282392917195,9.773814491883664,16QAM,23.349935277950177,Success,Handover,98.98038834419137,-6.926418418776846,-0.000393090510606588,-0.0054724024003313205,4.044676893881939,1.0132075363617314,1.9583206796525126,0.7656355975801554,6.172214964416706,5.05279583590576,TM3-OL SM,20.20470055480308,40983.3203924766,-1.2549787727320453e-09,-1.0012791702864088,0.10893528417454067,0.3700919180946691,0.5678505742118989,2.025404347162829,3.2615311770387327,QPSK,101.19670405584489,69.72315509125895,1.6989761987595218,2.1118578476579937,-0.04339951549889741,2.1563530313675083,2.330484019782279,2.288568972033265,19.806444656125084,19.95802536685697,20.82675707061547,41.96772899409817,40398.58802707531,303.3826670545083,-14.729906323855303,-76.29172532233933,-1.1503966088225228,-110.72942804114213,40.411791484811424,40153.99027626169,300.1414947082862,1.0549723381884186,1033156.0469144022,4133.924219357041,51.79594488441833,541.9999999999312,1.9999999987499062,10.031256394348881,68.15830367669949,19.95623424951588,nan$$$$nan$$$$nan$$$$nan$$$$nan$$$$nan$$$$nan$$$$nan$$$$nan$$$$nan$$$$nan$$$$nan$$$$nan$$$$nan$$$$nan$$$$nan$$$$nan,"$$$$40790, 299 -> 41186, 299$$$$40790, 299 -> 41186, 299$$$$$$$$$$$$$$$$$$$$$$$$EARFCN: 41186, PCI: 299$$$$EARFCN: 41186, PCI: 299$$$$$$$${
  ""reportConfig"" : {
    ""reportConfigId"" : ""4"",
    ""reportConfig -> reportConfigEUTRA"" : {
      ""triggerType -> event"" : {
        ""eventId -> eventA1"" : {
          ""a1-Threshold -> threshold-RSRP"" : ""-140.0 dBm (0)""
        },
        ""hysteresis"" : ""1"",
        ""timeToTrigger"" : ""ms1024""
      },
      ""triggerQuantity"" : ""rsrp"",
      ""reportQuantity"" : ""sameAsTriggerQuantity"",
      ""maxReportCells"" : ""1"",
      ""reportInterval"" : ""ms5120"",
      ""reportAmount"" : ""r1""
    }
  },
  ""measResult"" : {
    ""measResultPCell"" : {
      ""rsrpResult"" : ""-110.0 dBm (30)"",
      ""rsrqResult"" : ""-12.5 dB (15)""
    }
  }
}
$$$${
  ""reportConfig"" : {
    ""reportConfigId"" : ""3"",
    ""reportConfig -> reportConfigEUTRA"" : {
      ""triggerType -> event"" : {
        ""eventId -> eventA3"" : {
          ""a3-Offset"" : ""-30"",
          ""reportOnLeave"" : ""false""
        },
        ""hysteresis"" : ""2"",
        ""timeToTrigger"" : ""ms160""
      },
      ""triggerQuantity"" : ""rsrp"",
      ""reportQuantity"" : ""both"",
      ""maxReportCells"" : ""4"",
      ""reportInterval"" : ""ms5120"",
      ""reportAmount"" : ""infinity""
    }
  },
  ""measResult"" : {
    ""measResultPCell"" : {
      ""rsrpResult"" : ""-110.0 dBm (30)"",
      ""rsrqResult"" : ""-12.5 dB (15)""
    },
    ""measResult1stNbr"" : {
      ""physCellId"" : ""145"",
      ""measResult"" : {
        ""rsrpResult"" : ""-110.0 dBm (30)"",
        ""rsrqResult"" : ""-11.0 dB (18)""
      }
    }
  }
}
$$$${
  ""reportConfig"" : {
    ""reportConfigId"" : ""5"",
    ""reportConfig -> reportConfigEUTRA"" : {
      ""triggerType -> event"" : {
        ""eventId -> eventA5"" : {
          ""a5-Threshold1 -> threshold-RSRP"" : ""-43.0 dBm (97)"",
          ""a5-Threshold2 -> threshold-RSRP"" : ""-140.0 dBm (0)""
        },
        ""hysteresis"" : ""2"",
        ""timeToTrigger"" : ""ms640""
      },
      ""triggerQuantity"" : ""rsrp"",
      ""reportQuantity"" : ""both"",
      ""maxReportCells"" : ""8"",
      ""reportInterval"" : ""ms10240"",
      ""reportAmount"" : ""r1""
    }
  },
  ""measResult"" : {
    ""measResultPCell"" : {
      ""rsrpResult"" : ""-110.0 dBm (30)"",
      ""rsrqResult"" : ""-12.5 dB (15)""
    },
    ""measResult1stNbr"" : {
      ""physCellId"" : ""299"",
      ""measResult"" : {
        ""rsrpResult"" : ""-110.0 dBm (30)"",
        ""rsrqResult"" : ""-9.0 dB (22)""
      }
    }
  }
}
$$$${
  ""reportConfig"" : {
    ""reportConfigId"" : ""5"",
    ""reportConfig -> reportConfigEUTRA"" : {
      ""triggerType -> event"" : {
        ""eventId -> eventA5"" : {
          ""a5-Threshold1 -> threshold-RSRP"" : ""-43.0 dBm (97)"",
          ""a5-Threshold2 -> threshold-RSRP"" : ""-140.0 dBm (0)""
        },
        ""hysteresis"" : ""2"",
        ""timeToTrigger"" : ""ms640""
      },
      ""triggerQuantity"" : ""rsrp"",
      ""reportQuantity"" : ""both"",
      ""maxReportCells"" : ""8"",
      ""reportInterval"" : ""ms10240"",
      ""reportAmount"" : ""r1""
    }
  },
  ""measResult"" : {
    ""measResultPCell"" : {
      ""rsrpResult"" : ""-110.0 dBm (30)"",
      ""rsrqResult"" : ""-12.5 dB (15)""
    },
    ""measResult1stNbr"" : {
      ""physCellId"" : ""288"",
      ""measResult"" : {
        ""rsrpResult"" : ""-110.0 dBm (30)"",
        ""rsrqResult"" : ""-15.0 dB (10)""
      }
    }
  }
}
$$$${
  ""reportConfig"" : {
    ""reportConfigId"" : ""5"",
    ""reportConfig -> reportConfigEUTRA"" : {
      ""triggerType -> event"" : {
        ""eventId -> eventA5"" : {
          ""a5-Threshold1 -> threshold-RSRP"" : ""-43.0 dBm (97)"",
          ""a5-Threshold2 -> threshold-RSRP"" : ""-140.0 dBm (0)""
        },
        ""hysteresis"" : ""2"",
        ""timeToTrigger"" : ""ms640""
      },
      ""triggerQuantity"" : ""rsrp"",
      ""reportQuantity"" : ""both"",
      ""maxReportCells"" : ""8"",
      ""reportInterval"" : ""ms10240"",
      ""reportAmount"" : ""r1""
    }
  },
  ""measResult"" : {
    ""measResultPCell"" : {
      ""rsrpResult"" : ""-110.0 dBm (30)"",
      ""rsrqResult"" : ""-12.5 dB (15)""
    },
    ""measResult1stNbr"" : {
      ""physCellId"" : ""145"",
      ""measResult"" : {
        ""rsrpResult"" : ""-104.0 dBm (36)"",
        ""rsrqResult"" : ""-10.0 dB (20)""
      }
    }
  }
}
$$$${
  ""reportConfig"" : {
    ""reportConfigId"" : ""1"",
    ""reportConfig -> reportConfigEUTRA"" : {
      ""triggerType -> event"" : {
        ""eventId -> eventA5"" : {
          ""a5-Threshold1 -> threshold-RSRP"" : ""-43.0 dBm (97)"",
          ""a5-Threshold2 -> threshold-RSRP"" : ""-105.0 dBm (35)""
        },
        ""hysteresis"" : ""2"",
        ""timeToTrigger"" : ""ms640""
      },
      ""triggerQuantity"" : ""rsrp"",
      ""reportQuantity"" : ""sameAsTriggerQuantity"",
      ""maxReportCells"" : ""4"",
      ""reportInterval"" : ""ms240"",
      ""reportAmount"" : ""infinity""
    }
  },
  ""measResult"" : {
    ""measResultPCell"" : {
      ""rsrpResult"" : ""-110.0 dBm (30)"",
      ""rsrqResult"" : ""-12.5 dB (15)""
    },
    ""measResult1stNbr"" : {
      ""physCellId"" : ""289"",
      ""measResult"" : {
        ""rsrpResult"" : ""-103.0 dBm (37)""
      }
    }
  }
}
",,,,,,,,,LTE$$$$LTE$$$$LTE$$$$LTE$$$$LTE$$$$LTE$$$$LTE$$$$LTE$$$$LTE$$$$LTE$$$$LTE$$$$LTE$$$$LTE$$$$LTE$$$$LTE$$$$LTE$$$$LTE,2025-08-26T23:42:08.000000+02:00$$$$2025-08-26T23:42:08.218379+02:00$$$$2025-08-26T23:42:08.218379+02:00$$$$2025-08-26T23:42:08.267306+02:00$$$$2025-08-26T23:42:08.267338+02:00$$$$2025-08-26T23:42:08.267477+02:00$$$$2025-08-26T23:42:08.267489+02:00$$$$2025-08-26T23:42:08.267494+02:00$$$$2025-08-26T23:42:08.267689+02:00$$$$2025-08-26T23:42:08.267689+02:00$$$$2025-08-26T23:42:08.336841+02:00$$$$2025-08-26T23:42:09.369000+02:00$$$$2025-08-26T23:42:09.450000+02:00$$$$2025-08-26T23:42:09.616000+02:00$$$$2025-08-26T23:42:09.616000+02:00$$$$2025-08-26T23:42:09.616000+02:00$$$$2025-08-26T23:42:09.773000+02:00,Network$$$$Network$$$$Network$$$$Network$$$$Network$$$$Network$$$$Network$$$$Network$$$$Network$$$$Network$$$$Network$$$$Network$$$$Network$$$$Network$$$$Network$$$$Network$$$$Network,LTE CA Deactivation$$$$LTE Handover Attempt$$$$LTE Inter-Freq Handover Attempt$$$$LTE RACH Attempt$$$$LTE RACH Msg1$$$$LTE RACH Complete$$$$LTE RACH Msg2$$$$LTE RACH Msg3$$$$LTE Handover Complete$$$$LTE Inter-Freq Handover Complete$$$$LTE MeasGap Setup$$$$Event A1$$$$Event A3$$$$Event A5$$$$Event A5$$$$Event A5$$$$Event A5,,,,,,,,,,,,,,,,,,,,,,,,,,,,,,,,,,,,,,,,,,,,,,,,,,,,,,,,,,,,,,,,10.004085340490894,71.473987644458,-17.815089649887337,177.39797384892944,-0.7794441956602558,9.895384667272207e-10,-3.4111984956183324e-10,2.112927292842113e-10,1.1672577057982235e-09,-2.8173598611671656e-09,1.940894266973239e-09,-1.3604077223375293e-09,3.12449360725082e-10,2.632251824711193e-10,1.3163053362064254e-10,542020041221088+20250827094725+Fiji-Nadi-LTE-DL-D!20250827094401,542020041221088.0,2025-08-26 23:42:09+02:00,542020041221088,20250827094725,Fiji-Nadi-LTE-DL-D,20250827094401,2025-08-27 09:47:25,2025-08-27 09:44:01,Fiji-Nadi,DL-D,2025-08-26,23,42,1.0,10.0,,,,True,-17.81434646383648,177.39582478632033,242.0507844097856,-17.815089649887337,177.39797384892944,-0.7794441956602558,10.004085340490894,71.473987644458,2.288568972033265,300.1414947082862,40153.99027626169,40.411791484811424,1033156.0469144022,4133.924219357041,51.79594488441833,-110.72942804114213,-14.729906323855303,-1.1503966088225228,-76.29172532233933,6.172214964416706,3.2615311770387327,0.5678505742118989,1.0132075363617314,69.72315509125895,68.15830367669949,19.95802536685697,20.82675707061547,1.0549723381884186,,,,,,,,23.349935277950177,Success,Handover,True,True,True,True,True,active_download_analysis_window,False,Fair,Good,Poor,False,False,True,False,True,True,0,,0,,0,0,False,0,False,0,False,0,False,0,False,0,False,0,False,0,False,0,False,0,False,0,False,0,False,0,False,0,False,0,False,0,False,0,False,0,False,0,False,False,unknown_carrier_count,True,lte_rb_count;lte_agg_rb_dl,lte_agg_rb_dl,68.15830367669949,86.74455260159908,93.7799316942077,160.64413438518753,True,False,False,low_rb_usage,low_or_uncertain,105.49723381884186,pcell_bandwidth_times_carriers,64.60672115227194,50-100,1.1904525072456533,True,True,0.7711431027966735,15.873316584496893,24.578991714703253,True,0.8558228861718502,122,38.368102518303935,31.369441268885694,14.962010764066896,22.023694375863414,0.06557377049180328,True,0.8470413497142013,-4.478138405199489,True,1.0,2.182629445396992,True,0.45457873769813206,2.288568972033265,21.29262180600734,8.093241218447146,11.0,19.004052833974075,0.10748178373165795,True,0.892518216268342,False,False,0.0,False,False,0.0,42.25295829202997,39.964389319996705,0.05416352048573484,True,0.9458364795142652,3,True,1.0,Poor,Fair,Good,1.0,40.411791484811424,40153.99027626169,37.172646518569856,5.0,248.0,carrier_count_for_expected,35.14192852037574,40.13288049740045,4.990951977024707,37.172646518569856,5.0,248.0,carrier_count_for_expected,35.14192852037574,40.13288049740045,4.990951977024707,False,medium,34.88407754653659,0.061565941259791514,-2.4516666921503596,0.9384340587402085,32.853359548342475,0.06512360215821177,False,True,False,False,0.0,29.201226340433465,5.0,95.0,"carrier_count_for_expected,rb_usage_bucket",27.436165199145872,31.81367095125307,4.377505752107197,False,medium,26.9126573684002,0.07837235824799588,-2.217430023609838,0.9216276417520042,25.147596227112608,0.08341431666640174,True,False,0.0,True,True,False,False,0.03357725836148755,0.1391379587959315,False,False,0.0,True,True,True,False,False,False,False,False,2,True,2,5,low_tp_family;temporal_drop_family,50.0,0.8973900979003474,0.43605096933170734,0.8855715513983368,0.9991097329999177,79.43586243976202,0.0,3.4657359027997265,5.0,87.90159834256174,87.90159834256174,False,87.90159834256174,False,87.5,radio_limited_degradation;resource_limited_or_demand_uncertain_low_throughput;sudden_drop;rolling_local_drop;fixed_low_throughput;global_percentile_low_throughput;session_percentile_low_throughput;iqr_extreme_low_throughput;robust_z_extreme_low_throughput,radio_limited_degradation,High,False,True,ECI:1033156.0469144022,1,-0.25881904510252157,0.9659258262890681,0.0,0.0,0.0,0.0,0.0,0.0,0.0,3.7670656308544497,4.0123836320418365,3.4729967061316414,4.131215750277556,2.7943334167709644,4.006057349740131,3.577780687676264,-0.09103752985577651,-110.74559086129719,-110.32488970327975,-1.1158145185952906,6.315033957733796,89.79274982570082,153.01764105642317,2.700501856587766,3.038538426068686,5.803359786127448,9.309788730985327,10,1.4360321733584986,5.767016950898002,6.008701964035898,,-0.8525367986747665,1.5936752772613088,0.3000819500309927,0.9101941747572816,3.478447978864737,0.39683756637422474,-0.72160785493672,0.03155339805825243,3.7201329920026325,0.3808757674671036,-0.7567000074731609,0.04854368932038835,,,,,3.7223670686971984,5.767016950898002,6.008701964035898,3.7201329920026325,0.3808757674671036,True,False,True,False,False,False,False,False,False,False,True,False,False,False,False,False,False,False,False,False,0.0,False,False,0.0,0.0,0.0,0.0,0.0,0.0,0.0,0.0,0.0,False,0.0,False,0.0,0,0.0,0.0,0.0,False,False,False,False,0.0,False,normal,none,Normal,0.8790159834256174,0.92,0.808694704751568,0.0,0.0,0.0,False,64.7,37.172646518569856,6.008701964035898,13.529819378452672,temporal,62.3,13.529819378452672,11.241250406419407,0.16915000178627632,63.38,False,True,False,True,False,not_required_by_ml_only_rule,63.38,63.38,False,43.75,70.0,High,High,Medium,statistical_only_retained,LTE-TP-EP-000008,radio_limited_degradation,normal
32308,,,,,,,,,,,,,,,,,,,,,,,,,,,,,,,,,,,,,,,3.9382459547685267,2.0083211924670246,2.0469424206870572,,,-1.9788534246242556e-09,-0.4328339051745821,0.2579341001080701,0.3393319477894835,1.3267691467160112,0.976290287125927,7.283088768509414,QPSK,98.38051006683573,87.00800347149786,0.23839213302434636,0.14018436749850008,0.6056876216930268,-0.3897492581921913,33.3334706195642,66.10340352045722,0.0072742028149592255,-0.001091904912954198,,,8.025312930552904,7.929242666435099,TM4-CL SM,,,,,,,,5.881374330404674,40.68144878394146,20.257132331149815,42680.438584153984,149.2454852462937,,7.729009491788164,5.729100109699726,QPSK,-11.62066811777785,Success,Handover,28.669803195448626,70.08917020950607,-0.009835618091544825,0.004262907697319366,4.082413685068996,1.9765940180909616,2.036896548347553,0.2929768304830019,6.947844583977588,7.104384011551827,TM4-CL SM,20.120938014610765,41269.51257280536,-2.768347972907374e-10,8.890151593118842,-0.08162843655590557,-1.6201891417152985,0.030321819276268046,2.003908185741689,6.004283191053499,16QAM,87.63341855017893,88.21379616059828,4.616817387159813,3.5283597183932764,2.090863495387974,5.88607457905782,5.663482796009886,4.587662608757836,20.004729213150256,20.03586641028429,41.110005223746036,40.995200406684965,40848.34926894444,140.0039984151877,-11.46679206910607,-78.31923835264112,5.663619973284963,-109.52770998760127,40.75204866065318,41735.20558134863,147.71974955627473,2.012262880942174,1020731.1165892214,4563.70069323786,46.902610123541926,542.000000000549,2.0000000012603025,9.961110964598383,182.0115232173552,32.47174563197092,,,,,,,,,,,LTE,2025-08-26T23:42:11.000000+02:00,Network,LTE CA Activation,,,,,,,,,,,,,,,,,,,,,,,,,,,,,,,,,,,,,,,,,,,,,,,,,,,,,,,,,,,,,,,,9.975330299732335,73.31684304205162,-17.814439972684717,177.39678976027528,0.6315440767452392,4.370711157953046e-10,1.1828745825001034e-09,-9.104199354739194e-10,-1.7370754775698034e-09,1.3785536675113357e-09,1.1026713757045174e-10,2.687371901663076e-10,-4.361094128084098e-10,-7.412694700949557e-10,5.760421089407246e-10,542020041221088+20250827094725+Fiji-Nadi-LTE-DL-D!20250827094401,542020041221088.0,2025-08-26 23:42:12+02:00,542020041221088,20250827094725,Fiji-Nadi-LTE-DL-D,20250827094401,2025-08-27 09:47:25,2025-08-27 09:44:01,Fiji-Nadi,DL-D,2025-08-26,23,42,1.0,13.0,,,,True,-17.808196618779938,177.39268771410522,818.8659592056638,-17.814439972684717,177.39678976027528,0.6315440767452392,9.975330299732335,73.31684304205162,4.587662608757836,147.71974955627473,41735.20558134863,40.75204866065318,1020731.1165892214,4563.70069323786,46.902610123541926,-109.52770998760127,-11.46679206910607,5.663619973284963,-78.31923835264112,6.947844583977588,6.004283191053499,0.030321819276268046,1.9765940180909616,88.21379616059828,182.0115232173552,20.03586641028429,41.110005223746036,2.012262880942174,,,,8.025312930552904,7.283088768509414,1.3267691467160112,87.00800347149786,-11.62066811777785,Success,Handover,True,True,True,True,True,active_download_analysis_window,False,Fair,Good,Fair,False,False,False,False,True,False,0,,0,,0,0,False,0,False,0,False,0,False,0,False,0,False,0,False,0,False,0,False,0,False,0,False,0,False,0,False,0,False,0,False,0,False,0,False,0,False,0,False,False,unknown_carrier_count,True,lte_rb_count;lte_agg_rb_dl,lte_agg_rb_dl,182.0115232173552,86.74455260159908,93.7799316942077,160.64413438518753,False,True,True,high_rb_usage,high,201.2262880942174,fallback_100rb_per_carrier,90.4511656708265,150-250,1.7205610617547642,True,True,0.5412337391242164,15.873316584496893,24.578991714703253,True,0.7109827310293488,122,38.368102518303935,31.369441268885694,14.962010764066896,22.023694375863414,0.06557377049180328,True,0.6933792736083528,-3.4676068673091667,True,1.0,2.182629445396992,True,0.2117026252975267,4.587662608757836,17.460002069146086,8.093241218447146,11.0,12.87233946038825,0.26275269559473796,True,0.7372473044052621,False,False,0.0,False,False,0.0,8.737268091826795,4.149605483068959,0.5250683120332919,False,0.0,3,True,1.0,Fair,Fair,Good,2.0,40.75204866065318,41735.20558134863,62.464923791031794,3.0,80.0,"sinr_bin_for_expected,rsrp_bin_for_expected,carrier_count_for_expected",55.008776699597014,66.51022794102303,11.501451241426018,62.464923791031794,3.0,80.0,"sinr_bin_for_expected,rsrp_bin_for_expected,carrier_count_for_expected",55.008776699597014,66.51022794102303,11.501451241426018,True,high,57.877261182273955,0.07344381983247525,-2.429926310281564,0.9265561801675247,50.421114090839176,0.08339873896507581,True,True,False,True,0.9265561801675247,65.93225724254272,3.0,57.0,"sinr_bin_for_expected,rsrp_bin_for_expected,carrier_count_for_expected,rb_usage_bucket",60.99254231210596,69.40482028977027,8.41227797766431,True,high,61.34459463378488,0.06958145831230016,-2.483119960211819,0.9304185416876999,56.40487970334812,0.07521677954137787,True,True,0.9304185416876999,True,True,False,True,0.02520534155015737,0.1391379587959315,True,True,0.8188464041856104,False,False,False,True,True,True,True,False,4,True,4,3,low_tp_family;temporal_drop_family;expected_tp_family;rb_efficiency_family,75.0,0.8840309028128331,0.766807432922311,0.7706168695621083,0.3218084865097063,74.20381645820522,0.8188464041856104,6.931471805599453,9.0,90.93147180559946,90.93147180559946,False,90.93147180559946,False,89.5,unexpected_underperformance;ca_underperformance;rb_efficiency_underperformance;rb_conditioned_underperformance;radio_p75_underperformance;rolling_local_drop;fixed_low_throughput;global_percentile_low_throughput;session_percentile_low_throughput;iqr_extreme_low_throughput;robust_z_extreme_low_throughput,ca_underperformance,High,False,True,ECI:1020731.1165892214,1,-0.25881904510252157,0.9659258262890681,0.0,0.0,0.0,0.0,0.0,0.0,0.0,2.275960594926283,2.134073460131372,1.1904525072456533,4.0123836320418365,3.183209161231082,2.275960594926283,3.190491922610417,-0.4341057592788884,-111.02874296229504,-110.58460899158368,6.654860048036306,3.7902421137626363,91.56579756395764,102.07891512842755,0.08719973595528507,1.1165147666014663,5.774530141508073,6.75135861779245,13,20.923648742966655,18.080578153337964,27.543388992539743,,16.33598613420882,0.21925729422789839,-1.3670048437247078,0.009708737864077669,13.492915544580129,0.2537342871367684,-1.228109905343923,0.007281553398058253,22.955726383781908,0.166561297522263,-1.6308642886030398,0.012135922330097087,,,,,24.233518867753197,18.080578153337964,27.543388992539743,22.955726383781908,0.166561297522263,False,True,True,True,False,False,True,False,False,False,True,False,False,False,False,False,False,True,False,False,0.0,False,False,0.5106896243596312,0.43621742545024955,0.0,0.0,0.0,0.4596206619236681,0.0,0.0,0.0,False,0.0,False,0.0,1,48.96,53.05,51.21,True,False,False,False,0.0,False,ml_quantile_p75_resource_underperformance,none,Normal,0.9093147180559946,1.0,0.9093147180559946,0.5121,0.4596206619236681,0.459620661923668,False,88.02,62.464923791031794,27.543388992539743,17.770290111242026,capability,78.92,62.464923791031794,57.877261182273955,0.07344381983247525,83.02,False,True,False,True,False,not_required_by_ml_only_rule,83.02,83.02,False,44.75,71.6,High,Very High,High,statistical_only_retained,LTE-TP-EP-000009,ca_underperformance,ml_quantile_p75_resource_underperformance
32351,,,,,,,,,,,,,,,,,,,,,,,,,,,,,,,,,,,,,,,,,,,,,,,,,,,,,,,,,,18.6540332115498,81.65107727946884,-0.006803675313223043,-0.008306167259551935,,,,,,,,,,,,,2.001026209132024,,,,,,9.42196358195644,13.100485767541961,16QAM,-5.825943510662814,Success,Handover,-1.1605500444046508,99.22959751621262,-0.004699826585399946,-0.0037781912609731226,3.9627969596287596,1.9975017523287537,2.0224516967665918,0.8367779076714448,9.161671641239474,8.969739917069495,TM4-CL SM,20.06298277148371,41625.25189435026,5.758728455840084e-10,93.46002935564461,-0.06405271364688976,2.1651145453106073,13.23735082749306,1.970893946138551,9.974438899216707,16QAM,7.8356659553661805,36.91459973564896,1.0603128839091869,0.6240857986310946,1.0095223362959118,1.0312783179008078,1.876304173599622,2.0212422844837827,20.065418207192593,20.009227404617988,20.588342905283184,40.77968445061609,41579.504142390055,146.735706218191,-9.60056877223512,-78.66656126798568,9.2421770556327,-109.55976125458672,40.09857590990534,40920.51403967169,142.11595205377358,0.9435805642913772,981104.6019303311,4414.309800375691,52.42558137697059,542.0000000011931,2.000000000271688,9.92253402609011,35.14340838290988,24.73267230649694,,,,,,,,,,,,,,,,,,,,,,,,,,,,,,,,,,,,,,,,,,,,,,,,,,,,,,,,,,,,,,,,,,,,,,,,,,,,,,9.887849449083204,70.62869080350914,-17.817039389882687,177.39537195481103,0.2011809194506113,-1.0609221979450592e-09,-8.79706855138456e-10,3.370525128180995e-10,1.1309903154834557e-09,-1.3109183476133777e-09,4.464868186944234e-10,-5.18009461884229e-10,6.234506548167718e-10,3.452793109366674e-10,4.492739996125597e-11,542020041221088+20250827094725+Fiji-Nadi-LTE-DL-D!20250827094401,542020041221088.0,2025-08-26 23:42:55+02:00,542020041221088,20250827094725,Fiji-Nadi-LTE-DL-D,20250827094401,2025-08-27 09:47:25,2025-08-27 09:44:01,Fiji-Nadi,DL-D,2025-08-26,23,42,1.0,56.0,,,,True,-17.810429381031938,177.39402495914044,748.7055189192813,-17.817039389882687,177.39537195481103,0.2011809194506113,9.887849449083204,70.62869080350914,2.0212422844837827,142.11595205377358,40920.51403967169,40.09857590990534,981104.6019303311,4414.309800375691,52.42558137697059,-109.55976125458672,-9.60056877223512,9.2421770556327,-78.66656126798568,9.161671641239474,9.974438899216707,13.23735082749306,1.9975017523287537,36.91459973564896,35.14340838290988,20.009227404617988,20.588342905283184,0.9435805642913772,,,,,,,,-5.825943510662814,Success,Handover,True,True,True,True,True,active_download_analysis_window,False,Fair,Excellent,Fair,False,False,False,True,False,True,0,,0,,0,0,False,0,False,0,False,0,False,0,False,0,False,0,False,0,False,0,False,0,False,0,False,0,False,0,False,0,False,0,False,0,False,0,False,0,False,0,False,False,unknown_carrier_count,True,lte_rb_count;lte_agg_rb_dl,lte_agg_rb_dl,35.14340838290988,86.74455260159908,93.7799316942077,160.64413438518753,True,False,False,low_rb_usage,low_or_uncertain,100.0,fallback_100rb_per_carrier,35.14340838290988,25-50,1.105668099282616,True,True,0.7978757715516217,15.873316584496893,24.578991714703253,True,0.8726641484327299,122,38.368102518303935,31.369441268885694,14.962010764066896,22.023694375863414,0.06557377049180328,True,0.864908379204081,-4.639760619063491,True,1.0,2.182629445396992,True,0.4934238142830932,2.0212422844837827,20.799950031811854,16.156894348260767,11.0,18.77870774732807,0.09717534327690475,True,0.9028246567230953,False,False,0.0,False,False,0.0,24.605001980833634,22.58375969634985,0.08214761722263847,True,0.9178523827773615,3,True,1.0,Fair,Fair,Excellent,1.0,40.09857590990534,40920.51403967169,36.31305223888564,3.0,144.0,"sinr_bin_for_expected,rsrp_bin_for_expected,carrier_count_for_expected",31.585509980216504,38.73488577855031,7.1493757983338035,36.31305223888564,3.0,144.0,"sinr_bin_for_expected,rsrp_bin_for_expected,carrier_count_for_expected",31.585509980216504,38.73488577855031,7.1493757983338035,True,high,34.291809954401856,0.0556615916279091,-2.513675092132825,0.9443384083720909,29.56426769573272,0.06399270696435747,False,True,True,False,0.0,24.63994399743227,3.0,52.0,"sinr_bin_for_expected,rsrp_bin_for_expected,carrier_count_for_expected,rb_usage_bucket",20.515628463924894,26.918551454805066,6.402922990880171,True,high,22.618701712948486,0.082031123313203,-2.138483348579959,0.917968876686797,18.49438617944111,0.09852207491659234,False,False,0.0,True,True,False,False,0.05751412220639094,0.1391379587959315,False,False,0.0,True,True,True,False,False,False,False,False,2,True,2,5,low_tp_family;temporal_drop_family,50.0,0.9072306806201516,0.4286476244300232,0.8989378857758108,0.5645939924087463,73.41162146298234,0.0,3.4657359027997265,5.0,81.87735736578206,81.87735736578206,False,81.87735736578206,False,81.9,radio_limited_degradation;resource_limited_or_demand_uncertain_low_throughput;sudden_drop;rolling_local_drop;fixed_low_throughput;global_percentile_low_throughput;session_percentile_low_throughput;iqr_extreme_low_throughput;robust_z_extreme_low_throughput,radio_limited_degradation,High,False,True,ECI:981104.6019303311,1,-0.25881904510252157,0.9659258262890681,0.0,0.0,0.0,0.0,0.0,0.0,0.0,3.2427877222757147,3.0819076776736942,2.9120832131627368,2.5163203467200788,3.0936597679223987,2.9120832131627368,3.061826728974578,0.18161684388890897,-109.75489650988197,-110.11324116233664,8.653351136918205,8.349942617719615,85.5946251044762,75.3000027804946,7.145495456791151,7.339894667678559,9.10997524968025,8.873737504100147,20,1.7416960077970876,3.3551588465790996,5.700992777755921,,-0.2795462766866952,1.1605023353301864,0.09709138942448692,0.6383495145631068,1.3339165620953168,0.6024281939868896,-0.3656929848868886,0.09223300970873786,3.6797504932721385,0.3545421584062071,-0.796587591921823,0.043689320388349516,,,,,3.7213443927765044,3.3551588465790996,5.700992777755921,3.6797504932721385,0.3545421584062071,True,False,True,False,False,False,False,False,False,False,False,False,False,False,False,False,False,False,False,False,0.0,False,False,0.0,0.0,0.0,0.0,0.0,0.0,0.0,0.0,0.0,False,0.0,False,0.0,0,0.0,0.0,0.0,False,False,False,False,0.0,False,normal,none,Normal,0.8187735736578206,0.92,0.7532716877651949,0.0,0.0,0.0,False,60.26,36.31305223888564,5.700992777755921,12.077554439195477,radio,62.93,,,,61.73,False,True,False,True,False,not_required_by_ml_only_rule,61.73,61.73,False,40.95,65.52,High,High,Medium,statistical_only_retained,LTE-TP-EP-000010,radio_limited_degradation,normal
32357,,,,,,,,,,,,41396.41568529201,,,,,,,,,,,,,,,,,,,,,,,,,8.564462471159628,16QAM,3.9620150343945366,2.0144065304344023,2.011728604085342,,,-4.046046630794104e-10,27.45539429772113,-0.24477897348000394,38.11041755809298,3.5686709830709207,1.8923946923092707,14.621860558620837,64QAM,32.66457486180298,84.6624733909149,6.9742979499043765,6.520607431298993,1.2039985901483208,8.12577026378537,70.16554936506543,33.02041090682153,-0.001275070634787219,0.012552539677709638,8.688677369112755,19.99999999985626,7.903164807966783,8.197384852436587,TM4-CL SM,,-100.88441732310748,-10.072991446441295,-71.23770349561188,6.566304210038808,96796.40287533039,90246.05707286563,8.190611586243671,41.75743673874199,19.961843327123724,41500.89617885566,153.13902572620248,,12.210816080191961,13.45616582909629,64QAM,46.91318988562333,Success,Handover,33.87648641711725,65.48641156271326,-0.0028382210244905994,-0.008639404272038432,3.967381556289892,1.9660903317910745,1.9922499754961054,1.055354339176292,12.270646163389607,13.076529453273622,TM4-CL SM,20.056715112710407,41450.173561762196,4.6204091013071895e-10,55.342036154368174,0.28248299022298623,27.437321110626588,4.438143069025863,2.0078746343995144,12.715030457467012,64QAM,24.65508540907562,85.25542848956685,26.883768611601095,16.399882900028093,9.613377378904044,26.63618342026161,35.114976771648216,34.399831269508994,20.256177506016346,20.074424478903815,40.227661833844415,42.12975583822109,41870.11303579788,144.6556136715937,-10.249356319691199,-69.49572938321216,16.50572602634529,-101.46866206483907,41.39674436129153,40892.345403262516,149.4959146612578,1.9909961639555398,1133690.5409416987,4419.8428553170315,51.19577034972718,542.0000000000753,2.000000000231616,10.07511420395087,171.90306665410927,30.690750682685486,,,,,,,,,,,LTE,2025-08-26T23:43:00.000000+02:00,Network,LTE CA Activation,,,,,,,,,,,,,,,,,,,,,,,,,,,,,,,,,,,,,,,,,,,,,,,,,,,,,,,,,,,,,,,,9.741019507633897,73.63193376187873,-17.81579829995655,177.39556298966323,5.854137477938119,2.9318526045202496e-09,1.4386905645304717e-09,-1.3993646213985502e-10,1.0298007628782574e-09,-5.602616765594774e-10,-9.508056950835135e-10,-2.0794013950905015e-11,1.8879175247526534e-09,1.4145281645621654e-10,1.9021218607623247e-09,542020041221088+20250827094725+Fiji-Nadi-LTE-DL-D!20250827094401,542020041221088.0,2025-08-26 23:43:01+02:00,542020041221088,20250827094725,Fiji-Nadi-LTE-DL-D,20250827094401,2025-08-27 09:47:25,2025-08-27 09:44:01,Fiji-Nadi,DL-D,2025-08-26,23,43,1.0,62.0,,,,True,-17.81307677327345,177.398172918024,409.7788517934732,-17.81579829995655,177.39556298966323,5.854137477938119,9.741019507633897,73.63193376187873,34.399831269508994,149.4959146612578,40892.345403262516,41.39674436129153,1133690.5409416987,4419.8428553170315,51.19577034972718,-101.46866206483907,-10.249356319691199,16.50572602634529,-69.49572938321216,12.270646163389607,12.715030457467012,4.438143069025863,1.9660903317910745,85.25542848956685,171.90306665410927,20.074424478903815,40.227661833844415,1.9909961639555398,-100.88441732310748,-10.072991446441295,6.566304210038808,7.903164807966783,14.621860558620837,3.5686709830709207,84.6624733909149,46.91318988562333,Success,Handover,True,True,True,True,True,active_download_analysis_window,False,Fair,Good,Excellent,False,False,False,False,False,False,0,,0,,0,0,False,0,False,0,False,0,False,0,False,0,False,0,False,0,False,0,False,0,False,0,False,0,False,0,False,0,False,0,False,0,False,0,False,0,False,0,False,False,unknown_carrier_count,True,lte_rb_count;lte_agg_rb_dl,lte_agg_rb_dl,171.90306665410927,86.74455260159908,93.7799316942077,160.64413438518753,False,True,True,high_rb_usage,high,199.099616395554,fallback_100rb_per_carrier,86.34022996437474,150-250,3.5667070537303185,True,False,0.0,15.873316584496893,24.578991714703253,False,0.0,122,38.368102518303935,31.369441268885694,14.962010764066896,22.023694375863414,0.06557377049180328,False,0.0,0.05165108952323543,False,0.0,2.182629445396992,False,0.0,34.399831269508994,31.3181423940872,22.784557904512063,11.0,-3.0816888754217935,1.0983994783804167,False,0.0,False,False,0.0,False,False,0.0,31.3181423940872,-3.0816888754217935,1.0983994783804167,False,0.0,0,False,0.0,Excellent,Fair,Good,2.0,41.39674436129153,40892.345403262516,108.96080341052915,3.0,41.0,"sinr_bin_for_expected,rsrp_bin_for_expected,carrier_count_for_expected",92.88179807140473,116.91703868691584,24.035240615511114,108.96080341052915,3.0,41.0,"sinr_bin_for_expected,rsrp_bin_for_expected,carrier_count_for_expected",92.88179807140473,116.91703868691584,24.035240615511114,True,high,74.56097214102016,0.3157083115466901,-1.1334169159289869,0.6842916884533099,58.48196680189574,0.37036138386407463,True,True,False,False,0.0,116.7270739404027,4.0,34.0,"sinr_bin_for_expected,carrier_count_for_expected,rb_usage_bucket",106.74701614855988,122.00259451982203,15.255578371262146,True,high,82.32724267089371,0.29470310621400914,-1.2016619590664033,0.7052968937859909,72.34718487905089,0.3222556705625826,True,True,0.7052968937859909,False,False,False,True,0.20011179520564232,0.1391379587959315,False,False,0.0,False,False,False,True,True,False,False,False,1,True,1,3,expected_tp_family,55.0,0.5088281563099848,1.0,0.0,0.0,42.80898547084947,0.0,0.0,6.0,61.0,61.0,False,61.0,False,61.0,unexpected_underperformance;rb_conditioned_underperformance,rb_conditioned_underperformance,High,False,True,ECI:1133690.5409416987,1,-0.25881904510252157,0.9659258262890681,0.0,0.0,0.0,0.0,0.0,0.0,0.0,3.4756287565706483,2.9492918515792774,3.478798345895304,3.458832957666182,2.767495093285936,3.4756287565706483,2.997126340525179,0.004198949726116563,-109.6805278389494,-109.33643071238384,8.274310275534003,9.167075478203376,88.68941746192776,85.92881704138111,6.40657691204105,6.350660461532291,8.202022903975081,8.607695975760183,20,49.313290736355995,46.175910732806955,59.322450291060925,,14.913459466847002,0.6975772810097193,-0.3515622178239619,0.11407766990291263,11.776079463297961,0.7449735310811895,-0.2871763427498606,0.1407766990291262,24.92261902155193,0.5798787996909928,-0.5329972906805058,0.11893203883495146,,,,,54.317870513708456,46.175910732806955,59.322450291060925,24.92261902155193,0.5798787996909928,False,False,False,False,False,False,False,False,False,False,False,False,False,False,False,False,False,False,False,False,0.0,False,False,0.053429487039125784,0.0,0.0,0.0,0.0,0.04808653833521321,0.0,0.0,0.0,False,0.0,False,0.0,0,7.81,0.0,3.51,False,False,False,False,0.0,False,normal,none,Normal,0.61,1.0,0.61,0.0351,0.04808653833521321,0.04808653833521326,False,55.02,108.96080341052915,59.322450291060925,38.74702656344708,capability,53.86,108.96080341052915,74.56097214102016,0.3157083115466901,54.38,False,True,False,True,False,not_required_by_ml_only_rule,54.38,54.38,False,30.5,48.8,Medium,Medium,Medium,statistical_only_retained,LTE-TP-EP-000011,rb_conditioned_underperformance,normal
32360,,,,,,,,,,,,,,,,,,,,,,,,,,,,,,,,,,,,,5.996683277698658,QPSK,3.9956557631083784,2.008937799765141,2.024277050101041,70.48525325283194,,-7.997735897643383e-10,-1.2187857502413253,0.3353348660120808,1.0861950871903245,-1.5698528610726972,2.010966688296686,8.036678128249887,QPSK,99.69677750432939,100.15956099719766,0.6309400528398768,0.5917403647660848,0.7080017547757405,1.8451589337730177,-1.3315859839674666,99.60003450143194,-0.021685685472437415,-0.024843247873700663,8.81612390922365,20.000000000383384,7.850193682088005,8.229725399931302,TM4-CL SM,,-113.38242477783658,-11.294111100623459,-81.00369751460924,10.516748979793602,95130.81191188222,98053.9259927128,1.4711459660639399,41.179002109078915,19.864852468365957,41113.02107665995,149.3249767854908,,6.842847563756586,11.65097523263327,16QAM,4.09557640458546,Success,Handover,35.457627005394805,69.64045267622474,-0.002560667924580877,0.0066087029090282036,3.9534511249157487,1.0228584134504348,1.9996649016130033,0.43663636721866317,8.050190609512002,9.192081360623602,TM4-CL SM,20.013075840084536,40391.95379779713,-2.540903015844638e-09,35.806179951398484,-0.23376057692948177,18.74922678988166,12.265620508629581,1.078605668753,11.785630199318259,16QAM,45.242765598237455,8.051068041289053,0.38404697848872016,0.7690402282563287,0.49622697335611976,0.8190431041710636,1.3234694984926265,1.4000676405960781,19.89118066410161,20.043623691840576,39.54624431680145,39.87414618952475,42702.00358452091,153.70242004923642,-11.99853346255618,-77.75299747024036,8.244473337855794,-111.71034022110874,40.30445139579159,42229.439987345606,134.91628957100428,1.9733979898555511,1039259.6948490589,4203.916133357251,49.34283721575936,542.0000000011754,2.000000000774317,9.893497268530277,106.0903856674837,24.641987722762128,nan$$$$nan$$$$nan$$$$nan$$$$nan$$$$nan$$$$nan$$$$nan$$$$nan$$$$nan$$$$nan,"41186, 151 -> 41186, 145$$$$41186, 151 -> 41186, 145$$$$$$$$$$$$$$$$$$$$$$$$EARFCN: 41186, PCI: 145$$$$EARFCN: 41186, PCI: 145$$$$$$$$",,,,,,,,,LTE$$$$LTE$$$$LTE$$$$LTE$$$$LTE$$$$LTE$$$$LTE$$$$LTE$$$$LTE$$$$LTE$$$$LTE,2025-08-26T23:43:03.056262+02:00$$$$2025-08-26T23:43:03.056262+02:00$$$$2025-08-26T23:43:03.124758+02:00$$$$2025-08-26T23:43:03.124783+02:00$$$$2025-08-26T23:43:03.124829+02:00$$$$2025-08-26T23:43:03.124960+02:00$$$$2025-08-26T23:43:03.124967+02:00$$$$2025-08-26T23:43:03.125316+02:00$$$$2025-08-26T23:43:03.125316+02:00$$$$2025-08-26T23:43:03.169588+02:00$$$$2025-08-26T23:43:03.170131+02:00,Network$$$$Network$$$$Network$$$$Network$$$$Network$$$$Network$$$$Network$$$$Network$$$$Network$$$$Network$$$$Network,LTE Handover Attempt$$$$LTE Intra-Freq Handover Attempt$$$$LTE RACH Attempt$$$$LTE RACH Msg1$$$$LTE RACH Complete$$$$LTE RACH Msg2$$$$LTE RACH Msg3$$$$LTE Handover Complete$$$$LTE Intra-Freq Handover Complete$$$$LTE CA Init$$$$LTE CA Complete,,,,,,,,,,,,,,,,,,,,,,,,,,,,,,,,,,,,,,,,,,,,,,,,,,,,,,,,,,,,,,,,9.947082390016588,73.02255743677712,-17.814484098146274,177.39619419028253,8.167336104651861,-2.0091710670547196e-09,6.613350419329803e-10,-8.481490573581038e-10,1.742833368455672e-09,2.1511356705080093e-10,6.523282268617651e-11,3.4876333027323145e-10,9.647547048780816e-10,-1.1134239927749633e-09,-9.490968116113592e-10,542020041221088+20250827094725+Fiji-Nadi-LTE-DL-D!20250827094401,542020041221088.0,2025-08-26 23:43:04+02:00,542020041221088,20250827094725,Fiji-Nadi-LTE-DL-D,20250827094401,2025-08-27 09:47:25,2025-08-27 09:44:01,Fiji-Nadi,DL-D,2025-08-26,23,43,1.0,65.0,,,,True,-17.814209597543844,177.39536211533957,93.2248977847041,-17.814484098146274,177.39619419028253,8.167336104651861,9.947082390016588,73.02255743677712,1.4000676405960781,134.91628957100428,42229.439987345606,40.30445139579159,1039259.6948490589,4203.916133357251,49.34283721575936,-111.71034022110874,-11.99853346255618,8.244473337855794,-77.75299747024036,8.050190609512002,11.785630199318259,12.265620508629581,1.0228584134504348,8.051068041289053,106.0903856674837,20.043623691840576,39.54624431680145,1.9733979898555511,-113.38242477783658,-11.294111100623459,10.516748979793602,7.850193682088005,8.036678128249887,-1.5698528610726972,100.15956099719766,4.09557640458546,Success,Handover,True,True,True,True,True,active_download_analysis_window,False,Fair,Good,Fair,False,False,False,True,False,False,0,,0,,0,0,False,0,False,0,False,0,False,0,False,0,False,0,False,0,False,0,False,0,False,0,False,0,False,0,False,0,False,0,False,0,False,0,False,0,False,0,False,False,unknown_carrier_count,True,lte_rb_count;lte_agg_rb_dl,lte_agg_rb_dl,106.0903856674837,86.74455260159908,93.7799316942077,160.64413438518753,False,True,False,medium_rb_usage,medium,197.33979898555512,fallback_100rb_per_carrier,53.7602583021022,100-150,0.8754969205384495,True,True,0.8599932359403922,15.873316584496893,24.578991714703253,True,0.9117974096249367,122,38.368102518303935,31.369441268885694,14.962010764066896,22.023694375863414,0.06557377049180328,True,0.9064251682027584,-5.078529684863152,True,1.0,2.182629445396992,True,0.5988797262930685,1.4000676405960781,27.049746387974725,19.224814823231206,11.0,25.649678747378648,0.05175899324581077,True,0.9482410067541892,False,False,0.0,False,False,0.0,35.52544676393849,34.12537912334241,0.03941027539778253,True,0.9605897246022175,3,True,1.0,Fair,Fair,Good,2.0,40.30445139579159,42229.439987345606,62.464923791031794,3.0,80.0,"sinr_bin_for_expected,rsrp_bin_for_expected,carrier_count_for_expected",55.008776699597014,66.51022794102303,11.501451241426018,62.464923791031794,3.0,80.0,"sinr_bin_for_expected,rsrp_bin_for_expected,carrier_count_for_expected",55.008776699597014,66.51022794102303,11.501451241426018,True,high,61.064856150435716,0.02241366122977786,-3.2749904514978785,0.9775863387702222,53.60870905900094,0.025451713791816332,True,True,False,True,0.9775863387702222,68.42137275067724,5.0,53.0,"carrier_count_for_expected,rb_usage_bucket",55.48631239416858,73.9359125140991,18.449600119930523,False,medium,67.02130511008116,0.02046243131803023,-3.3646978642700778,0.9795375686819697,54.0862447535725,0.025232666944059172,True,False,0.0,True,True,False,True,0.013196932330741762,0.1391379587959315,True,True,0.9051521781335228,False,True,True,False,True,False,False,False,4,True,4,3,low_tp_family;temporal_drop_family;expected_tp_family;rb_efficiency_family,75.0,0.9658959478032829,0.8377663138760145,0.9299966179701962,0.8531344780835604,90.79744864052357,0.9051521781335228,6.931471805599453,7.0,104.72892044612303,100.0,False,104.72892044612303,False,93.6,radio_limited_degradation;rb_efficiency_underperformance;radio_p75_underperformance;sudden_drop;rolling_local_drop;fixed_low_throughput;global_percentile_low_throughput;session_percentile_low_throughput;iqr_extreme_low_throughput;robust_z_extreme_low_throughput,rb_efficiency_underperformance,Critical,False,True,ECI:1039259.6948490589,1,-0.25881904510252157,0.9659258262890681,0.0,0.0,0.0,0.0,0.0,0.0,0.0,3.598009189291963,3.5943133177397613,3.5667070537303185,2.9492918515792774,3.2427877222757147,3.5667070537303185,3.1968806981891467,0.16217933442817134,-108.95401950740869,-107.8071824055572,13.359404493495912,11.878818090061156,165.0131036510574,131.65584005857755,1.379076197436155,4.595999391567761,9.85458143203169,10.029313077513299,20,4.736856739138508,4.597322874725425,13.771379211728716,,3.3367890985424298,0.29556892211409974,-0.8714145333800063,0.019417475728155338,3.1972552341293463,0.3045397677620581,-0.8467915048117107,0.014563106796116505,12.371311571132638,0.10166502708775008,-1.8171945509092287,0.009708737864077669,,,,,9.254117975433612,4.597322874725425,13.771379211728716,12.371311571132638,0.10166502708775008,True,False,True,False,False,False,True,False,False,False,True,False,False,False,False,False,False,False,False,False,0.0,False,False,0.0,0.0,0.0,0.0,0.0,0.0,0.0,0.0,0.0,False,0.0,False,0.0,0,3.0,0.0,1.35,False,False,False,False,0.0,False,normal,none,Normal,1.0,1.0,1.0,0.013500000000000002,0.0,0.0,False,84.0,62.464923791031794,13.771379211728716,15.823534631350075,capability,87.47,62.464923791031794,61.064856150435716,0.02241366122977786,85.91,False,True,False,True,False,not_required_by_ml_only_rule,85.91,85.91,False,46.8,74.88,Critical,Very High,High,statistical_only_retained,LTE-TP-EP-000012,rb_efficiency_underperformance,normal
32393,,,,,,,,,,,,,,,,,,,,,,,,,,,,,,,,,,,,,,,,,,,,,,,,,,,,,,,,,,,,,,10.81492241335324,19.99999999975595,12.92744868517735,15.086230545119621,TM4-CL SM,,-101.6772760355617,-7.813568224260319,-73.80055051182929,16.94687874729394,96447.12650688365,94662.56904558498,3.310989164838781,42.26937611872092,20.07596433164092,40269.43815584698,143.00916552691,,13.045678053074834,22.85844496448175,64QAM,36.63227988054679,Success,Handover,-0.4104174754101684,100.33453293721541,-0.002308847030199347,0.006494953929513873,4.08732156945941,2.0264920017958863,2.0232243853865977,0.7550719443554352,13.922516582479574,14.942818924342237,TM4-CL SM,19.984396290988013,41142.421447966604,6.29960432386069e-11,-0.5570971216652593,0.02616462547404239,101.94637494317725,-0.49832542520612166,1.9437078349361454,26.450622008884515,64QAM,1.7742853896254416,-0.16808475977577597,0.24692311519815116,0.09797871483636349,0.22301852346172807,0.945931078643457,-0.9315316122432822,0.6488133453149076,19.929037679309523,20.081312903531316,39.16470076487063,41.31587222669139,41819.96901052505,142.2851311146112,-7.833235963443836,-68.74693898538588,20.341302565073093,-97.93823059442042,41.194187857083094,39998.261505414855,144.86572344692485,2.003042359310754,1093924.7059057483,3687.684727820801,50.05337942809363,542.0000000014052,2.000000000601831,10.060357166995999,0.410144638792595,28.157349975848863,nan$$$$nan$$$$nan,$$$$$$$$,,,,,,,,,LTE$$$$LTE$$$$LTE,2025-08-26T23:43:36.000000+02:00$$$$2025-08-26T23:43:36.044208+02:00$$$$2025-08-26T23:43:36.044279+02:00,Network$$$$Network$$$$Network,LTE CA Deactivation$$$$LTE CA Init$$$$LTE CA Complete,,,,,,,,,,,,,,,,,,,,,,,,,,,,,,,,,,,,,,,,,,,,,,,,,,,,,,,,,,,,,,,,9.938069445877437,68.23263706509407,-17.815810129407925,177.39798721275267,38.738983899545346,-7.049429725485456e-10,9.852015151878059e-10,-1.1409943306438576e-09,1.1355340322354871e-09,1.3896338013080141e-09,1.102474656175369e-09,-1.3271668643830658e-09,-8.870549166538108e-11,-1.4273261007371777e-10,1.9563874064559715e-09,542020041221088+20250827094725+Fiji-Nadi-LTE-DL-D!20250827094401,542020041221088.0,2025-08-26 23:43:37+02:00,542020041221088,20250827094725,Fiji-Nadi-LTE-DL-D,20250827094401,2025-08-27 09:47:25,2025-08-27 09:44:01,Fiji-Nadi,DL-D,2025-08-26,23,43,1.0,98.0,,,,True,-17.81701322402513,177.3972843473884,153.0784354775803,-17.815810129407925,177.39798721275267,38.738983899545346,9.938069445877437,68.23263706509407,0.6488133453149076,144.86572344692485,39998.261505414855,41.194187857083094,1093924.7059057483,3687.684727820801,50.05337942809363,-97.93823059442042,-7.833235963443836,20.341302565073093,-68.74693898538588,13.922516582479574,26.450622008884515,-0.49832542520612166,2.0264920017958863,-0.16808475977577597,0.410144638792595,20.081312903531316,39.16470076487063,2.003042359310754,-101.6772760355617,-7.813568224260319,16.94687874729394,12.92744868517735,,,,36.63227988054679,Success,Handover,True,True,True,True,True,active_download_analysis_window,False,Good,Excellent,Excellent,False,False,False,False,False,True,0,,0,,0,0,False,0,False,0,False,0,False,0,False,0,False,0,False,0,False,0,False,0,False,0,False,0,False,0,False,0,False,0,False,0,False,0,False,0,False,0,False,False,unknown_carrier_count,True,lte_rb_count;lte_agg_rb_dl,lte_agg_rb_dl,0.410144638792595,86.74455260159908,93.7799316942077,160.64413438518753,True,False,False,low_rb_usage,low_or_uncertain,200.30423593107537,fallback_100rb_per_carrier,0.20476084137018732,0-10,0.500055844517511,True,True,0.9351186654685092,15.873316584496893,24.578991714703253,True,0.9591255336047043,122,38.368102518303935,31.369441268885694,14.962010764066896,22.023694375863414,0.06557377049180328,True,0.956635952510266,-5.7942228098118,True,1.0,2.182629445396992,True,0.7708929266156046,0.6488133453149076,39.738991335085295,33.24602282278465,11.0,39.09017798977039,0.01632686999637242,True,0.9836731300036275,False,False,0.0,False,False,0.0,37.74085638473858,37.09204303942367,0.017191272468773944,True,0.9828087275312261,3,True,1.0,Excellent,Good,Excellent,2.0,41.194187857083094,39998.261505414855,106.14538642026594,4.0,62.0,"sinr_bin_for_expected,carrier_count_for_expected",89.82343575231165,116.1571797008633,26.333743948551643,106.14538642026594,4.0,62.0,"sinr_bin_for_expected,carrier_count_for_expected",89.82343575231165,116.1571797008633,26.333743948551643,True,high,105.49657307495103,0.006112496898791563,-4.17413081926805,0.9938875031012084,89.17462240699675,0.007223207839700232,False,True,True,False,0.0,50.82461320786116,6.0,412.0,GLOBAL,46.68729935864987,57.978478039948165,11.291178681298298,False,not_available_or_sparse,50.175799862546256,0.012765731096888194,-3.4478093503488143,0.9872342689031118,46.03848601333496,0.013896998846104822,True,False,0.0,True,True,False,False,1.5819135103775046,0.1391379587959315,False,False,0.0,True,False,False,False,True,False,False,False,2,True,2,5,low_tp_family;temporal_drop_family,50.0,0.9898125051686807,1.0,0.9675593327342547,0.9772544497442597,98.49123774542407,0.0,3.4657359027997265,5.0,106.9569736482238,100.0,False,106.9569736482238,False,93.9,resource_limited_or_demand_uncertain_low_throughput;sudden_drop;rolling_local_drop;fixed_low_throughput;global_percentile_low_throughput;session_percentile_low_throughput;iqr_extreme_low_throughput;robust_z_extreme_low_throughput,sudden_drop,High,False,True,ECI:1093924.7059057483,1,-0.25881904510252157,0.9659258262890681,0.0,0.0,0.0,0.0,0.0,0.0,0.0,3.6568947636905977,3.707185651903189,3.5477376245841366,4.4830518485090165,4.163433575522179,3.707185651903189,4.035660506914941,-0.2065392712046047,-94.3892390082444,-100.17286066389364,19.821763337737114,19.125039505999403,113.33247838395184,139.25948228320829,5.55235218978479,4.924555312398584,14.11591085077764,13.141394341021439,20,0.37831865634166917,0.38489851241316875,1.2967386207638476,,-0.2704946889732385,1.7149916728635974,0.17919145312820617,0.7985436893203883,-0.2639148329017389,1.685673818916816,0.17442898379902289,0.8325242718446602,0.64792527544894,0.5003424243913721,-0.33143428114475826,0.21359223300970873,,,,,0.8375286385527584,0.38489851241316875,1.2967386207638476,0.64792527544894,0.5003424243913721,True,False,False,False,False,False,False,False,False,False,False,False,False,False,False,False,False,False,False,False,0.0,False,False,0.0,0.0,0.0,0.0,0.0,0.0,0.0,0.0,0.0,False,0.0,False,0.0,0,0.0,0.0,0.0,False,False,False,False,0.0,False,normal,none,Normal,1.0,0.9,0.9,0.0,0.0,0.0,False,72.0,106.14538642026594,1.2967386207638476,20.06194492374923,temporal,73.15,20.06194492374923,19.413131578434324,0.032340500773025534,72.63,False,True,False,True,False,not_required_by_ml_only_rule,72.63,72.63,False,46.95,75.12,High,High,High,statistical_only_retained,LTE-TP-EP-000013,sudden_drop,normal
32408,,,,,,,,18.84734641460455,6.432018533875973,,,,,,,,,,,,,,,,,,,,,,,,,,,,,,,,,,,,,,,,,,,,,,,,,,,,,13.119844974760719,20.000000001084185,12.977575367300593,13.347439921228707,TM4-CL SM,,-99.46352544547041,-7.929330921949394,-71.9474428816954,13.46098966382503,97037.2426263703,93103.279013658,12.55495774771806,40.916551842220315,20.00548004113509,42177.991630817916,147.57205376786843,,10.674215864570531,24.71997633811098,64QAM,3.1560006393761815,Success,Handover,2.9100596324769112,96.77255208229055,0.01479964187731798,-0.0001942182698467631,3.995738135286819,2.002687303462198,2.016997583465568,1.4441182487462865,11.011526481068612,11.145783321170038,TM4-CL SM,20.10148797277916,40955.09368342345,-3.383333811732023e-10,-2.1310911623553204,0.12074058920088879,98.07785980354768,4.332958165301446,1.0116883508743908,23.697765836369907,64QAM,1.7318486639020954,55.18387867697378,7.488834422421485,3.5724482385245144,3.468005708754898,6.141679507020102,6.897911683548721,6.908464975527978,19.885162546006118,20.00736145902881,40.61268192142394,39.36591597766051,39531.33696899801,166.99860206015262,-7.418245412836688,-73.10088759350968,20.36793661793199,-99.840093875128,39.08681575007839,42156.41039850406,150.50945868626354,2.0087318647020034,1058218.271904283,4178.475633765101,53.05250354882748,541.9999999995564,1.999999999656073,9.921935658066165,58.15702007495523,24.983469847093478,nan$$$$End$$$$End$$$$End$$$$Start,$$$$28.140912026210483$$$$https://syd.download.datapacket.com/10000mb.bin$$$$https://syd.download.datapacket.com/10000mb.bin$$$$2,,,,,,,,,LTE$$$$LTE$$$$LTE$$$$LTE$$$$LTE,2025-08-26T23:43:51.000000+02:00$$$$2025-08-26T23:43:52.315000+02:00$$$$2025-08-26T23:43:52.316000+02:00$$$$2025-08-26T23:43:52.317000+02:00$$$$2025-08-26T23:43:52.336000+02:00,Network$$$$Script$$$$Script$$$$Script$$$$Script,LTE CA Deactivation$$$$HTTP/HTTPS Download$$$$HTTP DL Link$$$$HTTP DL Link$$$$HTTP/HTTPS Download,,,,,,,,,,,,,,,,,,,,,,,,,,,,,,,,,,,,,,,,,,,,,,,,,,,,,,,,,,,,,,,,9.898820823316893,69.22132620994216,-17.809351225157737,177.40128444208003,38.920368106182174,-1.998149097535568e-09,6.783009505846568e-10,1.2412093911718733e-09,-2.432753515375519e-10,1.2672565202475828e-09,1.1230268554479313e-09,1.062772222790251e-09,-2.4343968122028708e-11,-9.824831764039032e-10,-4.3890047241107047e-10,542020041221088+20250827094725+Fiji-Nadi-LTE-DL-D!20250827094401,542020041221088.0,2025-08-26 23:43:52+02:00,542020041221088,20250827094725,Fiji-Nadi-LTE-DL-D,20250827094401,2025-08-27 09:47:25,2025-08-27 09:44:01,Fiji-Nadi,DL-D,2025-08-26,23,43,1.0,113.0,,,,True,-17.81053770094078,177.39837130155428,335.43715385384957,-17.809351225157737,177.40128444208003,38.920368106182174,9.898820823316893,69.22132620994216,6.908464975527978,150.50945868626354,42156.41039850406,39.08681575007839,1058218.271904283,4178.475633765101,53.05250354882748,-99.840093875128,-7.418245412836688,20.36793661793199,-73.10088759350968,11.011526481068612,23.697765836369907,4.332958165301446,2.002687303462198,55.18387867697378,58.15702007495523,20.00736145902881,40.61268192142394,2.0087318647020034,-99.46352544547041,-7.929330921949394,13.46098966382503,12.977575367300593,,,,3.1560006393761815,Success,Handover,True,True,True,False,False,outside_download_activity,True,Good,Excellent,Excellent,False,False,False,False,False,True,0,,0,,0,0,False,0,False,0,False,0,False,0,False,0,False,0,False,0,False,0,False,0,False,0,False,0,False,0,False,0,False,0,False,0,False,0,False,0,False,0,False,False,unknown_carrier_count,True,lte_rb_count;lte_agg_rb_dl,lte_agg_rb_dl,58.15702007495523,86.74455260159908,93.7799316942077,160.64413438518753,True,False,False,low_rb_usage,low_or_uncertain,200.87318647020032,fallback_100rb_per_carrier,28.952107096475448,50-100,2.0679337016991988,True,True,0.3091535024472022,15.873316584496893,24.578991714703253,True,0.564774951803373,122,38.368102518303935,31.369441268885694,14.962010764066896,22.023694375863414,0.06557377049180328,True,0.5382662742016265,-2.805419839617959,False,0.0,2.182629445396992,True,0.05254934315106872,6.908464975527978,85.60319646109576,63.27338012654667,11.0,78.69473148556779,0.08070335292523428,True,0.9192966470747657,False,False,0.0,False,False,0.0,89.83418100014308,82.9257160246151,0.0769024095128888,True,0.9230975904871112,2,True,0.6666666666666666,Excellent,Good,Excellent,2.0,39.08681575007839,42156.41039850406,106.14538642026594,4.0,62.0,"sinr_bin_for_expected,carrier_count_for_expected",89.82343575231165,116.1571797008633,26.333743948551643,106.14538642026594,4.0,62.0,"sinr_bin_for_expected,carrier_count_for_expected",89.82343575231165,116.1571797008633,26.333743948551643,True,high,99.23692144473796,0.06508492934563354,-2.6062529620863617,0.9349150706543665,82.91497077678368,0.07691160906579088,False,True,True,False,0.0,50.82461320786116,6.0,412.0,GLOBAL,46.68729935864987,57.978478039948165,11.291178681298298,False,not_available_or_sparse,43.916148232333185,0.13592754650731761,-1.8799314931671263,0.8640724534926824,39.77883438312189,0.14797311196900556,True,False,0.0,True,True,False,False,0.11878987208464355,0.1391379587959315,False,False,0.0,True,False,False,False,True,False,False,False,2,True,2,5,low_tp_family;temporal_drop_family,50.0,0.8915251177572774,1.0,0.6545767512236011,1.0,87.56779790209474,0.0,3.4657359027997265,4.0,95.03353380489446,95.03353380489446,False,95.03353380489446,False,91.3,resource_limited_or_demand_uncertain_low_throughput;sudden_drop;rolling_local_drop;fixed_low_throughput;global_percentile_low_throughput;session_percentile_low_throughput;iqr_extreme_low_throughput,sudden_drop,High,False,True,ECI:1058218.271904283,0,-0.25881904510252157,0.9659258262890681,0.0,0.0,0.0,0.0,0.0,0.0,0.0,4.509035657503312,4.6760367483301515,4.461336725523418,4.282333042203421,3.1873161206335516,4.461336725523418,3.9620285214133717,0.05667565382497286,-95.13407749408213,-97.76675775154706,21.396213317961728,18.18913536057458,168.50379346476717,168.42682151933172,3.054119998444972,3.093652321358987,13.850162338686966,13.890104926837804,20,18.7344741603217,15.918262733788751,22.042978713041325,,11.826009184793723,0.36875681251623393,-0.9144333620300564,0.01699029126213592,9.009797758260774,0.4339961647236661,-0.7604599718994147,0.024271844660194174,15.134513737513348,0.31340886662657397,-1.0694274101921777,0.021844660194174758,,,,,20.388726436681512,15.918262733788751,22.042978713041325,15.134513737513348,0.31340886662657397,False,False,True,False,False,False,True,False,False,False,True,False,False,False,False,False,False,False,False,False,0.0,False,False,0.31095756585968004,0.0,0.0,0.0,0.0,0.27986180927371207,0.0,0.0,0.0,False,0.0,False,0.0,0,27.99,0.0,12.6,False,False,False,False,0.0,False,normal,none,Normal,0.9503353380489447,0.9,0.8553018042440502,0.126,0.27986180927371207,0.27986180927371207,False,76.38,106.14538642026594,22.042978713041325,50.76072959744226,temporal,72.28,50.76072959744226,43.85226462191428,0.1360986146242485,74.12,False,True,False,True,False,not_required_by_ml_only_rule,74.12,74.12,False,45.65,73.04,High,High,High,statistical_only_retained,LTE-TP-EP-000014,sudden_drop,normal
32423,,,,,,,,,,,,,,,,,,,,,,,,,,,,,,,,,,,,,,,,,,,,,,,,,,,,,,,,,,,,,,,,,,,,,,,,,,,,,,,,13.050734994041102,22.32328262070847,64QAM,,,,1.379730482773615,102.76662487977792,0.007268297750913194,-0.0036351591892151342,3.9581569975321003,1.9874445309897988,1.9794038701477141,1.2109806576479079,12.841335852498243,12.98740627000986,TM4-CL SM,20.025322367564353,41402.918071597334,-1.5243026177972837e-09,-0.35663540293675966,0.12987059765224873,99.03509255378299,6.729155243164789,2.0050118817045943,22.68802737247766,64QAM,0.40034909741252167,9.820118708632654,0.809945204854451,0.31222068599250935,0.48864834773334664,1.3030752067800024,1.7228498508164611,2.0439587741813257,20.117945294633863,19.88743778626784,19.2699816146809,41.292153635200755,40827.988031455345,144.40560805483375,-7.732017927675897,-79.57829965181334,17.957417787096595,-105.8632048790604,40.9593973160853,40652.14572007904,157.68065494189278,0.9849611069680634,1022784.425176279,4224.109413654893,49.94983627316283,541.9999999983647,1.9999999981548588,9.893987918109737,5.799528170652687,38.14805375950389,,,,,,,,,,,,,,,,,,,,,,,,,,,,,,,,,,,,,,,,,,,,,,,,,,,,,,,,,,,,,,,,,,,,,,,,,,,,,,9.984035000626124,74.28168737371941,-17.813199482403945,177.39960987499194,0.26719875223821893,-6.882538873032971e-10,-1.1309546107062567e-09,-1.1164446728716851e-09,2.1335775247726217e-10,-3.985788072572831e-10,-1.1059098974573895e-10,-9.237843126068757e-11,8.138246828220191e-10,3.514966945315444e-10,-2.8082041942327443e-11,542020041221088+20250827094925+Fiji-Nadi-LTE-DL-D!20250827094611,542020041221088.0,2025-08-26 23:44:18+02:00,542020041221088,20250827094925,Fiji-Nadi-LTE-DL-D,20250827094611,2025-08-27 09:49:25,2025-08-27 09:46:11,Fiji-Nadi,DL-D,2025-08-26,23,44,3.0,10.0,,,,True,-17.817738661135092,177.3995394532008,504.7893967584058,-17.813199482403945,177.39960987499194,0.26719875223821893,9.984035000626124,74.28168737371941,2.0439587741813257,157.68065494189278,40652.14572007904,40.9593973160853,1022784.425176279,4224.109413654893,49.94983627316283,-105.8632048790604,-7.732017927675897,17.957417787096595,-79.57829965181334,12.841335852498243,22.68802737247766,6.729155243164789,1.9874445309897988,9.820118708632654,5.799528170652687,19.88743778626784,19.2699816146809,0.9849611069680634,,,,,,,,,,,True,True,True,False,False,outside_download_activity,True,Fair,Excellent,Excellent,False,False,False,False,False,True,0,,0,,0,0,False,0,False,0,False,0,False,0,False,0,False,0,False,0,False,0,False,0,False,0,False,0,False,0,False,0,False,0,False,0,False,0,False,0,False,0,False,False,unknown_carrier_count,True,lte_rb_count;lte_agg_rb_dl,lte_agg_rb_dl,5.799528170652687,86.74455260159908,93.7799316942077,160.64413438518753,True,False,False,low_rb_usage,low_or_uncertain,100.0,aggregate_bandwidth,5.799528170652687,0-10,1.1131588966033015,True,True,0.7956041225818675,15.873316584496893,24.578991714703253,True,0.8712330366939438,54,74.26570084623202,76.4916563878673,25.71660381109298,51.28281163307866,0.05555555555555555,False,0.0,-4.625481115606871,True,1.0,2.182629445396992,True,0.4899918082976141,2.0439587741813257,40.69389960037947,27.22276227314007,10.0,38.64994082619814,0.050227645771315214,True,0.9497723542286848,False,False,0.0,False,False,0.0,28.00529035946299,25.961331585281663,0.07298473781010707,True,0.9270152621898929,3,True,1.0,Excellent,Fair,Excellent,1.0,40.9593973160853,40652.14572007904,37.172646518569856,5.0,248.0,carrier_count_for_expected,35.14192852037574,40.13288049740045,4.990951977024707,37.172646518569856,5.0,248.0,carrier_count_for_expected,35.14192852037574,40.13288049740045,4.990951977024707,False,medium,35.12868774438853,0.05498555969535964,-2.5289603027927114,0.9450144403046403,33.097969746194416,0.05816296544443234,False,True,False,False,0.0,29.201226340433465,5.0,95.0,"carrier_count_for_expected,rb_usage_bucket",27.436165199145872,31.81367095125307,4.377505752107197,False,medium,27.157267566252138,0.06999564848244606,-2.2947236342521897,0.9300043515175539,25.392206424964545,0.07449870487895141,True,False,0.0,True,True,False,False,0.35243535578020924,0.1391379587959315,False,False,0.0,True,False,False,False,False,False,False,False,2,True,2,4,low_tp_family;temporal_drop_family,50.0,0.9083574005077338,0.4391085968048566,0.8978020612909337,0.9662485206549535,79.70900327998973,0.0,3.4657359027997265,3.0,86.17473918278945,86.17473918278945,False,86.17473918278945,False,86.1,resource_limited_or_demand_uncertain_low_throughput;sudden_drop;rolling_local_drop;fixed_low_throughput;global_percentile_low_throughput;iqr_extreme_low_throughput;robust_z_extreme_low_throughput,sudden_drop,High,False,True,ECI:1022784.425176279,0,-0.25881904510252157,0.9659258262890681,0.0,0.0,0.0,0.0,0.0,0.0,0.0,3.367478239537219,4.027953426113207,3.347682400278179,,,3.697715832825213,3.6961350458469187,,-108.37319051306885,-107.05830393451896,12.554116607148698,17.22079486348851,80.32297372767343,72.88205837569218,1.248713253306796,5.1914168932458455,12.5696843017069,12.442232206952333,4,0.5379860844521194,0.5783387405690665,2.235373704904044,,-1.5059726897292063,3.7992781472459023,0.6826850733812495,0.9927184466019418,-1.4656200336122591,3.5341896207232057,0.6567860327243067,0.9951456310679612,0.19141493072271842,0.9143700535159802,-0.06098554396799938,0.6747572815533981,,,,,1.3866798946780818,0.5783387405690665,2.235373704904044,0.19141493072271842,0.9143700535159802,True,False,False,False,False,False,False,False,False,False,False,False,False,False,False,False,False,False,False,True,0.009989713187739113,True,False,0.0,0.0,0.0,0.0,0.0,0.0,0.0,0.0,0.0,False,0.0,False,0.0,0,0.0,0.0,0.0,False,False,False,False,0.0,False,normal,none,Normal,0.8617473918278945,0.9,0.7755726526451051,0.0,0.0,0.0,False,62.05,37.172646518569856,2.235373704904044,20.636119170474267,temporal,68.1,20.636119170474267,18.59216039629294,0.09904763377727435,65.38,False,True,False,True,False,not_required_by_ml_only_rule,65.38,65.38,False,43.05,68.88,High,High,High,statistical_only_retained,LTE-TP-EP-000015,sudden_drop,normal
32460,,,,,,,,,,,,,,,,,,,,,,,,,,,,,,,,,,,,,,,,,,,,,,,,,,,,,,,,,,,,,,10.114400796518906,20.000000000337106,10.950928040543769,13.240850701127208,TM4-CL SM,,-106.63403694933561,-8.06015780722352,-78.52090545437491,11.8922697601095,96465.7510335091,89210.53139330664,0.07988568174505495,41.015445536273326,20.148380075643992,42000.707493478505,145.89286962185008,,9.204032008636023,22.51030408381349,64QAM,,,,7.569351483646909,96.56891995006666,-0.00348229604069103,-0.004721060574673723,3.943827354172643,2.006523790124389,2.000045875609709,2.067342727310265,11.03050727203303,13.914795921996365,TM4-CL SM,19.88690588375992,40860.29375890039,-1.1478241149594132e-09,4.707204434378007,-0.0011466982382778831,95.76473467648361,19.305447716566828,2.0262976223539417,24.027763077095692,64QAM,-0.8748260840319441,1.6101835645658118,0.11113750464281488,0.06254062333445937,-0.024299494815465672,0.6531442141739277,-0.31957895550752596,0.5000980414827451,20.0423626016467,19.93330254010853,39.36505098316673,39.831725415565266,39620.106532956146,164.11566783940205,-8.010726388876549,-77.11638867148365,16.395397711153343,-105.05468938075937,42.651471837825206,39619.66892537369,149.61112979929803,2.034530836199769,1051903.8411665668,3986.9790346549225,50.190915516630106,541.9999999996564,2.0000000011477916,9.978052306513465,3.03460980501502,33.359906002953615,,,,,,,,,,,LTE,2025-08-26T23:45:34.000000+02:00,Network,LTE CA Deactivation,,,,,,,,,,,,,,,,,,,,,,,,,,,,,,,,,,,,,,,,,,,,,,,,,,,,,,,,,,,,,,,,10.039068077606096,74.3771048234751,-17.805607675193716,177.39972202015946,0.3528394262509678,4.220106664877505e-10,1.0200746280457466e-09,3.083675889684784e-10,-7.604263235182164e-10,-3.98752113708023e-10,1.8591258116370871e-09,2.2072661015145193e-10,-9.072844201742376e-10,8.985459832070518e-11,-2.005189322238325e-09,542020041221088+20250827094925+Fiji-Nadi-LTE-DL-D!20250827094611,542020041221088.0,2025-08-26 23:45:35+02:00,542020041221088,20250827094925,Fiji-Nadi-LTE-DL-D,20250827094611,2025-08-27 09:49:25,2025-08-27 09:46:11,Fiji-Nadi,DL-D,2025-08-26,23,45,1.0,87.0,,,,True,-17.813250205222065,177.39985999079727,849.9372576091461,-17.805607675193716,177.39972202015946,0.3528394262509678,10.039068077606096,74.3771048234751,0.5000980414827451,149.61112979929803,39619.66892537369,42.651471837825206,1051903.8411665668,3986.9790346549225,50.190915516630106,-105.05468938075937,-8.010726388876549,16.395397711153343,-77.11638867148365,11.03050727203303,24.027763077095692,19.305447716566828,2.006523790124389,1.6101835645658118,3.03460980501502,19.93330254010853,39.36505098316673,2.034530836199769,-106.63403694933561,-8.06015780722352,11.8922697601095,10.950928040543769,,,,,,,True,True,True,False,False,outside_download_activity,True,Fair,Excellent,Excellent,False,False,False,True,False,True,0,,0,,0,0,False,0,False,0,False,0,False,0,False,0,False,0,False,0,False,0,False,0,False,0,False,0,False,0,False,0,False,0,False,0,False,0,False,0,False,0,False,False,unknown_carrier_count,True,lte_rb_count;lte_agg_rb_dl,lte_agg_rb_dl,3.03460980501502,86.74455260159908,93.7799316942077,160.64413438518753,True,False,False,low_rb_usage,low_or_uncertain,203.45308361997692,pcell_bandwidth_times_carriers,1.491552622855923,0-10,0.40553046696072476,True,True,0.9499901958517254,15.873316584496893,24.578991714703253,True,0.9684944202542284,54,74.26570084623202,76.4916563878673,25.71660381109298,51.28281163307866,0.05555555555555555,False,0.0,-5.97441396941415,True,1.0,2.182629445396992,True,0.8142009548089076,0.5000980414827451,105.55015190263533,76.72210448757323,11.0,105.05005386115259,0.0047380134700711765,True,0.9952619865299288,False,False,0.0,False,False,0.0,72.65438172563069,72.15428368414794,0.006883246813265809,True,0.9931167531867342,3,True,1.0,Excellent,Fair,Excellent,2.0,42.651471837825206,39619.66892537369,108.96080341052915,3.0,41.0,"sinr_bin_for_expected,rsrp_bin_for_expected,carrier_count_for_expected",92.88179807140473,116.91703868691584,24.035240615511114,108.96080341052915,3.0,41.0,"sinr_bin_for_expected,rsrp_bin_for_expected,carrier_count_for_expected",92.88179807140473,116.91703868691584,24.035240615511114,True,high,108.46070536904641,0.004589705892664328,-4.29459350269858,0.9954102941073357,92.38170002992199,0.0053842416045637356,False,True,True,False,0.0,50.82461320786116,6.0,412.0,GLOBAL,46.68729935864987,57.978478039948165,11.291178681298298,False,not_available_or_sparse,50.32451516637842,0.009839682191725834,-3.5423347279056,0.9901603178082742,46.18720131716712,0.010711650670582013,True,False,0.0,True,True,False,False,0.16479813670155521,0.1391379587959315,False,False,0.0,True,True,True,False,True,False,False,False,2,True,2,6,low_tp_family;temporal_drop_family,50.0,0.9923504901788929,1.0,0.9749950979258628,1.0,99.10714460440782,0.0,3.4657359027997265,7.0,109.57288050720754,100.0,False,109.57288050720754,False,94.1,radio_limited_degradation;resource_limited_or_demand_uncertain_low_throughput;sudden_drop;rolling_local_drop;fixed_low_throughput;global_percentile_low_throughput;iqr_extreme_low_throughput;robust_z_extreme_low_throughput,radio_limited_degradation,High,False,True,ECI:1051903.8411665668,0,-0.25881904510252157,0.9659258262890681,0.0,0.0,0.0,0.0,0.0,0.0,0.0,4.299383635037531,4.668615784190117,4.794292185106344,4.6838696020297474,4.613197218887095,4.668615784190117,4.627280057649658,-0.09612149174805418,-103.627709431933,-103.06578209966983,17.564699346830725,16.5768867083647,142.7271084704813,171.67223822199745,2.8509966837538756,2.4289310282879213,12.965872682744044,12.86471501608213,20,0.07546662233932479,0.0,1.3166992230855148,,-0.4246314191434203,6.626744724762244,0.33277583226865803,0.9223300970873787,-0.5000980414827451,,0.40553046696072476,0.9587378640776699,0.8166011816027697,0.37981190594981123,-0.43461295697956,0.16019417475728157,,,,,0.6960829227124198,0.0,1.3166992230855148,0.8166011816027697,0.37981190594981123,True,False,False,False,False,False,False,False,False,False,False,False,False,False,False,False,False,False,False,False,0.0,False,False,0.0,0.0,0.0,0.0,0.0,0.0,0.0,0.0,0.0,False,0.0,False,0.0,0,0.0,0.0,0.0,False,False,False,False,0.0,False,normal,none,Normal,1.0,0.92,0.92,0.0,0.0,0.0,False,73.6,108.96080341052915,1.3166992230855148,52.77507595131767,temporal,87.97,52.77507595131767,52.274977909834924,0.009476026940142353,81.5,False,True,False,True,False,not_required_by_ml_only_rule,81.5,81.5,False,47.05,75.28,Critical,High,High,statistical_only_retained,LTE-TP-EP-000016,radio_limited_degradation,normal
32463,,,,,,,,,,,,,,,,,,,,,,,,,,,,,,,,,,,,,,,,,,,,-1.1239600523803794e-09,0.21915400482913877,-0.24525004081194623,98.8130839536147,35.26746042177155,0.9738572425738911,21.813663544731067,64QAM,0.19030754762400098,61.94537612740074,-0.4927887688000884,0.7394027901400702,-0.5836952649614927,0.5691411812644686,,,,,,19.99999999970447,12.762754980201835,13.043153815647075,TM4-CL SM,,-105.93687720968892,-7.60618072157766,-78.76950152346818,12.4195757960951,99602.08975723159,90827.28546225477,-0.1378275435459734,41.82027433884865,20.140046969855298,42582.607595666086,146.38458611088686,,13.91925397995847,22.891096061429867,64QAM,,,,2.0962679454357938,101.69062623588435,-0.0008434018694222012,0.0011700474812273466,4.047294366873509,1.9970689733010791,2.032878358501831,2.156987630598306,14.062258442331883,14.031678486553504,TM4-CL SM,19.85715255509066,41154.08974949062,1.029458689450065e-09,7.730426756190998,0.04756531986766963,94.62686454391407,2.358653562708528,2.022018516688842,23.20535447956574,64QAM,0.7202754996826886,2.6718834610725493,1.131119264967795,-0.17965660953238938,0.21158535161734424,0.35268757422117863,0.9772434510401643,0.897038745502052,19.93614342448578,20.08446779743293,40.13989049491756,41.1766672400059,41965.96346987376,143.5505477871199,-7.093132511920335,-75.84716641459012,13.913368248159536,-102.22720445027704,40.57996370027506,41943.90016169486,140.62933831547522,1.9473596821717,1108285.8257202513,4068.435863900464,53.166514742821924,542.0000000022915,2.0000000009063843,9.890048226340316,65.16417451766854,26.736783539282843,,,,,,,,,,,,,,,,,,,,,,,,,,,,,,,,,,,,,,,,,,,,,,,,,,,,,,,,,,,,,,,,,,,,,,,,,,,,,,9.913173139248087,73.78738759963586,-17.816382181986782,177.40067431375599,0.13116631998517195,1.0940422053704213e-10,1.6844365716187468e-09,1.5506912620291826e-09,-5.076820506684743e-11,2.63416217531621e-10,-3.606521786593573e-10,1.925497181631082e-09,2.192478835521157e-09,2.7233108418620028e-09,-8.719144012352848e-10,542020041221088+20250827094925+Fiji-Nadi-LTE-DL-D!20250827094611,542020041221088.0,2025-08-26 23:45:43+02:00,542020041221088,20250827094925,Fiji-Nadi-LTE-DL-D,20250827094611,2025-08-27 09:49:25,2025-08-27 09:46:11,Fiji-Nadi,DL-D,2025-08-26,23,45,2.0,95.0,,,,True,-17.819260393543953,177.4015113328395,332.0826673966713,-17.816382181986782,177.40067431375599,0.13116631998517195,9.913173139248087,73.78738759963586,0.897038745502052,140.62933831547522,41943.90016169486,40.57996370027506,1108285.8257202513,4068.435863900464,53.166514742821924,-102.22720445027704,-7.093132511920335,13.913368248159536,-75.84716641459012,14.062258442331883,23.20535447956574,2.358653562708528,1.9970689733010791,2.6718834610725493,65.16417451766854,20.08446779743293,40.13989049491756,1.9473596821717,-105.93687720968892,-7.60618072157766,12.4195757960951,12.762754980201835,21.813663544731067,35.26746042177155,61.94537612740074,,,,True,True,True,False,False,outside_download_activity,True,Fair,Excellent,Good,False,False,False,False,False,True,0,,0,,0,0,False,0,False,0,False,0,False,0,False,0,False,0,False,0,False,0,False,0,False,0,False,0,False,0,False,0,False,0,False,0,False,0,False,0,False,0,False,False,unknown_carrier_count,True,lte_rb_count;lte_agg_rb_dl,lte_agg_rb_dl,65.16417451766854,86.74455260159908,93.7799316942077,160.64413438518753,True,False,False,low_rb_usage,low_or_uncertain,194.73596821717,fallback_100rb_per_carrier,33.46283437736438,50-100,0.6402941153631968,True,True,0.9102961254497949,15.873316584496893,24.578991714703253,True,0.9434876296502416,54,74.26570084623202,76.4916563878673,25.71660381109298,51.28281163307866,0.05555555555555555,False,0.0,-5.526890403452123,True,1.0,2.182629445396992,True,0.7066409432377398,0.897038745502052,99.9982732705945,41.56377151939706,11.0,99.10123452509244,0.008970542352013146,True,0.9910294576479869,False,False,0.0,False,False,0.0,110.62619748152792,109.72915873602587,0.008108737043518442,True,0.9918912629564816,3,True,1.0,Good,Fair,Excellent,2.0,40.57996370027506,41943.90016169486,80.5955273998368,5.0,164.0,carrier_count_for_expected,70.30285897438168,87.54117730129303,17.238318326911354,80.5955273998368,5.0,164.0,carrier_count_for_expected,70.30285897438168,87.54117730129303,17.238318326911354,False,medium,79.69848865433474,0.011130130597096489,-3.7614803338281617,0.9888698694029036,69.40582022887962,0.012759633940760963,False,True,False,False,0.0,50.82461320786116,6.0,412.0,GLOBAL,46.68729935864987,57.978478039948165,11.291178681298298,False,not_available_or_sparse,49.92757446235911,0.017649691534953087,-3.3075710795031283,0.9823503084650469,45.790260613147815,0.019213763867792784,True,False,0.0,True,True,False,False,0.013765826884814291,0.1391379587959315,False,False,0.0,True,False,False,False,True,False,False,False,2,True,2,4,low_tp_family;temporal_drop_family,50.0,0.9814497823381726,0.9962311081791843,0.9551480627248974,1.0,98.13522165443807,0.0,3.4657359027997265,5.0,106.60095755723779,100.0,False,106.60095755723779,False,93.8,resource_limited_or_demand_uncertain_low_throughput;sudden_drop;rolling_local_drop;fixed_low_throughput;global_percentile_low_throughput;iqr_extreme_low_throughput;robust_z_extreme_low_throughput,sudden_drop,High,False,True,ECI:1108285.8257202513,0,-0.25881904510252157,0.9659258262890681,0.0,0.0,0.0,0.0,0.0,0.0,0.0,4.715155766857177,5.04034100015642,0.40553046696072476,4.668615784190117,4.450571679303011,4.668615784190117,4.237730456987149,0.011634995666764958,-103.00409844352708,-103.56385351106299,16.394234211092133,17.204777887227557,170.3542966391454,134.40687636408788,3.164393241739912,6.495317528556429,13.91431210618873,13.119052770907297,20,12.837813362111776,12.95205713929716,20.332970732755832,,11.940774616609724,0.06987473023634083,-1.9871108282768812,0.0048543689320388345,12.055018393795109,0.0692583993302804,-1.9953328472148488,0.0048543689320388345,19.43593198725378,0.04411744635312676,-2.419959682281846,0.0048543689320388345,,,,,16.585392047433803,12.95205713929716,20.332970732755832,19.43593198725378,0.04411744635312676,False,False,True,False,False,False,True,False,False,False,True,False,False,False,False,False,False,False,False,True,0.01677349412179252,True,False,0.6207199152685718,0.0,0.0,0.0,0.0,0.5586479237417147,0.0,0.0,0.0,False,0.0,False,0.0,0,55.86,0.0,25.14,False,False,False,False,0.0,False,normal,none,Normal,1.0,0.9,0.9,0.2514,0.5586479237417147,0.5586479237417147,False,86.08,80.5955273998368,20.332970732755832,56.475165204945824,temporal,88.59,56.475165204945824,55.57812645944377,0.01588377373039528,87.46,False,True,False,True,False,not_required_by_ml_only_rule,87.46,87.46,False,46.9,75.04,Critical,Very High,High,statistical_only_retained,LTE-TP-EP-000017,sudden_drop,normal
32466,,,,,,,,,,,,,,,,,,,,,,,,,,,,,,,,,,,,,19.112096720541945,64QAM,0.9239154207373765,1.9852326116170704,2.0212672007882215,,,-3.043124560428977e-10,3.9085495321002552,0.4943045192762707,100.50580122091101,1.9923182338552334,1.9571868000125434,21.120142133583613,64QAM,0.4532438842103844,52.177389710801826,1.6303149923351863,1.330753777166587,0.5543023169977872,1.3231448364209053,48.99716831504667,49.55435056763404,-0.005514265666467485,-0.027574613908721273,13.167802314142602,19.999999999468123,13.25295731606102,13.780045217376648,TM4-CL SM,,-102.43879657584833,-8.937836281856374,-74.02934530855642,13.146695718506995,94684.19546711177,92341.9098901849,4.066522421493065,40.66958138629062,20.001351887428786,41112.593160968914,158.0724730617462,,14.252618217521897,22.11209402213343,64QAM,,,,2.372164561216497,99.89447449294748,-0.009083855446990833,-0.004311703859263628,4.030626547844337,1.9703537419257982,1.9990371442171748,0.33132384619099114,14.157397081378035,13.918370371236689,TM4-CL SM,20.127020485576786,41652.55453448925,-5.446640277296745e-10,2.653778103023102,0.16984206159634838,98.3507480075497,2.8285581780800624,2.036214602312301,21.769842582236567,64QAM,-1.0412571785512241,53.81976036782195,9.549398183236843,4.558838561748174,4.488363029509308,9.743629387206104,11.84830685482456,10.47316131316343,19.99894124758183,20.100845475467324,39.50055890912173,41.35473900598811,41892.00519532053,143.38271821867747,-7.291276040797898,-74.46689426599455,18.14112753038744,-101.83100680256766,42.03250378911671,40271.018450826414,147.19439294927932,2.0396318812878165,1121398.265881492,4210.055948395755,50.57810231249572,542.000000000127,2.000000001105566,9.997739127978935,106.1960670084834,11.07298673548396,,,,,,,,,,,,,,,,,,,,,,,,,,,,,,,,,,,,,,,,,,,,,,,,,,,,,,,,,,,,,,,,,,,,,,,,,,,,,,9.960991186909272,75.35813363747381,-17.81521875462203,177.39913647424785,-0.36449906043605096,1.5058513564062803e-09,-1.4164225295119453e-09,-5.134405682554168e-10,3.8887588738931625e-11,4.3513995252566044e-10,-6.255027679436835e-10,3.017773692401429e-10,1.0380453961552649e-09,-8.815764052558723e-10,5.394130442488258e-10,542020041221088+20250827094925+Fiji-Nadi-LTE-DL-D!20250827094611,542020041221088.0,2025-08-26 23:45:52+02:00,542020041221088,20250827094925,Fiji-Nadi-LTE-DL-D,20250827094611,2025-08-27 09:49:25,2025-08-27 09:46:11,Fiji-Nadi,DL-D,2025-08-26,23,45,2.0,104.0,,,,True,-17.81106912075877,177.39930696525218,461.77173704402395,-17.81521875462203,177.39913647424785,-0.36449906043605096,9.960991186909272,75.35813363747381,10.47316131316343,147.19439294927932,40271.018450826414,42.03250378911671,1121398.265881492,4210.055948395755,50.57810231249572,-101.83100680256766,-7.291276040797898,18.14112753038744,-74.46689426599455,14.157397081378035,21.769842582236567,2.8285581780800624,1.9703537419257982,53.81976036782195,106.1960670084834,20.100845475467324,39.50055890912173,2.0396318812878165,-102.43879657584833,-8.937836281856374,13.146695718506995,13.25295731606102,21.120142133583613,1.9923182338552334,52.177389710801826,,,,True,True,True,False,False,outside_download_activity,True,Fair,Excellent,Excellent,False,False,False,False,False,False,0,,0,,0,0,False,0,False,0,False,0,False,0,False,0,False,0,False,0,False,0,False,0,False,0,False,0,False,0,False,0,False,0,False,0,False,0,False,0,False,0,False,False,unknown_carrier_count,True,lte_rb_count;lte_agg_rb_dl,lte_agg_rb_dl,106.1960670084834,86.74455260159908,93.7799316942077,160.64413438518753,False,True,False,medium_rb_usage,medium,203.96318812878164,fallback_100rb_per_carrier,52.066290972776706,100-150,2.4400105089607687,True,False,0.0,15.873316584496893,24.578991714703253,True,0.3402033370019011,54,74.26570084623202,76.4916563878673,25.71660381109298,51.28281163307866,0.05555555555555555,False,0.0,-2.096139928820192,False,0.0,2.182629445396992,False,0.0,10.47316131316343,110.62619748152792,84.26240601265147,11.0,100.1530361683645,0.09467161984766051,True,0.9053283801523395,False,False,0.0,False,False,0.0,122.00259451982203,111.5294332066586,0.0858437589330269,True,0.9141562410669731,1,False,0.3333333333333333,Excellent,Fair,Excellent,2.0,42.03250378911671,40271.018450826414,108.96080341052915,3.0,41.0,"sinr_bin_for_expected,rsrp_bin_for_expected,carrier_count_for_expected",92.88179807140473,116.91703868691584,24.035240615511114,108.96080341052915,3.0,41.0,"sinr_bin_for_expected,rsrp_bin_for_expected,carrier_count_for_expected",92.88179807140473,116.91703868691584,24.035240615511114,True,high,98.48764209736572,0.09611861316499234,-2.2601134606985367,0.9038813868350076,82.4086367582413,0.11275795183370567,True,True,False,True,0.9038813868350076,68.42137275067724,5.0,53.0,"carrier_count_for_expected,rb_usage_bucket",55.48631239416858,73.9359125140991,18.449600119930523,False,medium,57.948211437513805,0.15306856457450668,-1.8001842758477586,0.8469314354254933,45.01315108100515,0.1887521599698906,True,False,0.0,True,True,False,True,0.09862099047723481,0.1391379587959315,False,False,0.0,False,False,False,True,True,True,True,False,3,True,3,3,low_tp_family;temporal_drop_family;expected_tp_family,55.0,0.8398023113916794,1.0,0.4763419343418285,1.0,81.30162925725449,0.0,5.493061443340547,3.0,89.79469070059504,89.79469070059504,False,89.79469070059504,False,88.8,unexpected_underperformance;ca_underperformance;radio_p75_underperformance;sudden_drop;rolling_local_drop;global_percentile_low_throughput,ca_underperformance,High,False,True,ECI:1121398.265881492,0,-0.25881904510252157,0.9659258262890681,0.0,0.0,0.0,0.0,0.0,0.0,0.0,4.812205448807039,4.542985828866684,0.6402941153631968,5.04034100015642,4.404152874622336,4.715155766857177,3.8322957105967568,-0.05703388783734531,-103.00540395365627,-102.78227903625714,18.719540152929284,17.088385183189256,166.8652787497675,152.49827211723377,4.065787813690605,3.344401390007692,13.904568276667147,13.505899822128953,20,33.41491410058039,28.526951393122015,56.767006033820884,,22.94175278741696,0.3134277491074418,-1.0984795108986591,0.012135922330097087,18.053790079958585,0.3671321610513404,-0.9452929438470683,0.012135922330097087,46.293844720657454,0.1844938115447499,-1.6164072738674777,0.014563106796116505,,,,,45.09096006720064,28.526951393122015,56.767006033820884,46.293844720657454,0.1844938115447499,False,True,True,True,False,True,True,True,False,True,True,True,False,False,False,False,False,True,True,False,0.0,False,False,0.6133839122366114,0.38210623678063466,0.3730432053197013,0.0,0.0,0.5520455210129502,0.3543910450537162,0.0,0.0,False,0.0,False,0.0,2,82.08,50.67,64.8,True,False,True,True,64.8,False,ml_quantile_p75_resource_underperformance,none,Medium,0.8979469070059504,1.0,0.8979469070059504,0.648,0.5520455210129502,0.7107965769576637,True,100.0,108.96080341052915,56.767006033820884,69.57657443732496,capability,81.3,108.96080341052915,98.48764209736572,0.09611861316499234,89.72,True,False,False,True,False,not_required_by_ml_only_rule,89.72,89.72,False,76.8,71.04,Critical,Very High,High,statistical_and_ml_consensus,LTE-TP-EP-000018,ca_underperformance,ml_quantile_p75_resource_underperformance
