incident_id,session_id,start_time,end_time,serving_cell_key,serving_pci,serving_eci,latitude,longitude,detection_case,coverage_or_planning_review,priority_score_0_100,impact_score_0_100,detection_confidence_0_100,severity,requires_human_review
INC-000001,542020041221088+20250827094025+Fiji-Nadi-LTE-DL-D!20250827093942,2025-08-26 23:37:42+02:00,2025-08-26 23:37:42+02:00,ECI:1067720.0,351.0,1067720.0,-17.8159714,177.3955939,radio_limited_degradation,True,76.65,90.89,59.24,High,False
INC-000002,542020041221088+20250827094025+Fiji-Nadi-LTE-DL-D!20250827093942,2025-08-26 23:38:05+02:00,2025-08-26 23:38:06+02:00,ECI:1065267.0,145.0,1065267.0,-17.81597139,177.395593795,radio_limited_degradation,True,57.63,58.56,58.13,Medium,False
INC-000003,542020041221088+20250827094025+Fiji-Nadi-LTE-DL-D!20250827093942,2025-08-26 23:39:20+02:00,2025-08-26 23:39:21+02:00,ECI:1065280.0,145.0,1065280.0,-17.8159712,177.3955936,ca_underperformance,False,76.7,66.39,89.29,High,False
INC-000004,542020041221088+20250827094025+Fiji-Nadi-LTE-DL-D!20250827093942,2025-08-26 23:39:27+02:00,2025-08-26 23:39:27+02:00,ECI:1064509.0,288.0,1064509.0,-17.8159712,177.3955937,temporal_local_drop,False,73.55,75.19,71.55,High,False
INC-000005,542020041221088+20250827094505+Fiji-Nadi-LTE-DL-D!20250827094151,2025-08-26 23:39:49+02:00,2025-08-26 23:39:50+02:00,EARFCN:40790.0|PCI:288.0,288.0,1064509.0,-17.815971124999997,177.39559362,ca_underperformance,False,80.75,69.36,94.68,High,False
INC-000006,542020041221088+20250827094505+Fiji-Nadi-LTE-DL-D!20250827094151,2025-08-26 23:40:01+02:00,2025-08-26 23:40:01+02:00,ECI:1064509.0,288.0,1064509.0,-17.8159711,177.3955937,ca_underperformance,False,75.07,57.43,96.63,High,False
INC-000007,542020041221088+20250827094505+Fiji-Nadi-LTE-DL-D!20250827094151,2025-08-26 23:40:15+02:00,2025-08-26 23:40:15+02:00,ECI:1064509.0,288.0,1064509.0,-17.8159711,177.3955937,radio_limited_degradation,True,70.55,69.92,71.31,High,False
INC-000008,542020041221088+20250827094505+Fiji-Nadi-LTE-DL-D!20250827094151,2025-08-26 23:41:14+02:00,2025-08-26 23:41:14+02:00,ECI:1064509.0,288.0,1064509.0,-17.8159711,177.3955937,radio_limited_degradation,True,71.13,69.91,72.62,High,False
INC-000009,542020041221088+20250827094505+Fiji-Nadi-LTE-DL-D!20250827094151,2025-08-26 23:41:35+02:00,2025-08-26 23:41:36+02:00,ECI:1064509.0,288.0,1064509.0,-17.815971,177.3955936,radio_limited_degradation,True,80.15,77.98,82.8,High,False
INC-000010,542020041221088+20250827094725+Fiji-Nadi-LTE-DL-D!20250827094401,2025-08-26 23:42:12+02:00,2025-08-26 23:42:12+02:00,ECI:1065267.0,145.0,1065267.0,-17.815971,177.3955936,ca_underperformance,False,66.78,60.84,74.03,High,False
INC-000011,542020041221088+20250827094725+Fiji-Nadi-LTE-DL-D!20250827094401,2025-08-26 23:43:04+02:00,2025-08-26 23:43:04+02:00,ECI:1065267.0,151.0,1065267.0,-17.8157187,177.3958836,radio_limited_degradation,True,68.81,63.9,74.8,High,False
INC-000012,542020041221088+20250827094725+Fiji-Nadi-LTE-DL-D!20250827094401,2025-08-26 23:43:18+02:00,2025-08-26 23:43:18+02:00,ECI:1065267.0,145.0,1065267.0,-17.81474082,177.39682594,temporal_local_drop,False,76.64,73.08,81.0,High,False
INC-000013,542020041221088+20250827094725+Fiji-Nadi-LTE-DL-D!20250827094401,2025-08-26 23:43:37+02:00,2025-08-26 23:43:37+02:00,ECI:1067570.0,151.0,1067570.0,-17.81350226,177.39803618,temporal_local_drop,False,77.87,75.3,81.0,High,False
INC-000014,542020041221088+20250827094725+Fiji-Nadi-LTE-DL-D!20250827094401,2025-08-26 23:43:52+02:00,2025-08-26 23:43:52+02:00,ECI:1064756.0,151.0,1064756.0,-17.81249118,177.39902101,temporal_local_drop,False,74.67,71.52,78.52,High,False
INC-000015,542020041221088+20250827094925+Fiji-Nadi-LTE-DL-D!20250827094611,2025-08-26 23:44:17+02:00,2025-08-26 23:44:18+02:00,ECI:1067570.0,151.0,1067570.0,-17.81160131,177.39985085,temporal_local_drop,False,73.35,69.42,78.16,High,False
INC-000016,542020041221088+20250827094925+Fiji-Nadi-LTE-DL-D!20250827094611,2025-08-26 23:44:32+02:00,2025-08-26 23:44:32+02:00,ECI:1067570.0,151.0,1067570.0,-17.8116013,177.3998509,radio_limited_degradation,True,79.34,76.5,82.8,High,False
INC-000017,542020041221088+20250827094925+Fiji-Nadi-LTE-DL-D!20250827094611,2025-08-26 23:44:44+02:00,2025-08-26 23:44:48+02:00,ECI:1067570.0,151.0,1067570.0,-17.81160131,177.39985085,radio_limited_degradation,True,88.13,81.5,96.23,High,False
INC-000018,542020041221088+20250827094925+Fiji-Nadi-LTE-DL-D!20250827094611,2025-08-26 23:44:56+02:00,2025-08-26 23:44:56+02:00,ECI:1067570.0,151.0,1067570.0,-17.8116013,177.3998509,temporal_local_drop,False,75.36,63.23,90.19,High,False
INC-000019,542020041221088+20250827094925+Fiji-Nadi-LTE-DL-D!20250827094611,2025-08-26 23:45:09+02:00,2025-08-26 23:45:10+02:00,ECI:1067570.0,151.0,1067570.0,-17.811601305,177.399850875,radio_limited_degradation,True,83.11,84.13,82.8,High,False
INC-000020,542020041221088+20250827094925+Fiji-Nadi-LTE-DL-D!20250827094611,2025-08-26 23:45:18+02:00,2025-08-26 23:45:19+02:00,ECI:1067570.0,151.0,1067570.0,-17.81160131,177.39985085,temporal_local_drop,False,88.02,86.53,89.83,High,False
INC-000021,542020041221088+20250827094925+Fiji-Nadi-LTE-DL-D!20250827094611,2025-08-26 23:45:27+02:00,2025-08-26 23:45:27+02:00,ECI:1067570.0,151.0,1067570.0,-17.81160131,177.39985085,temporal_local_drop,False,85.33,88.87,81.0,High,False
INC-000022,542020041221088+20250827094925+Fiji-Nadi-LTE-DL-D!20250827094611,2025-08-26 23:45:35+02:00,2025-08-26 23:45:35+02:00,ECI:1067570.0,151.0,1067570.0,-17.81160131,177.39985085,radio_limited_degradation,True,86.32,89.2,82.8,High,False
INC-000023,542020041221088+20250827094925+Fiji-Nadi-LTE-DL-D!20250827094611,2025-08-26 23:45:42+02:00,2025-08-26 23:45:43+02:00,ECI:1067570.0,151.0,1067570.0,-17.811601305,177.399850875,temporal_local_drop,False,87.97,86.66,93.14,High,False
INC-000024,542020041221088+20250827094925+Fiji-Nadi-LTE-DL-D!20250827094611,2025-08-26 23:45:51+02:00,2025-08-26 23:45:52+02:00,ECI:1067570.0,151.0,1067570.0,-17.81160131,177.39985085,ca_underperformance,False,86.12,74.76,100.0,High,False
INC-000025,542020041221088+20250827094925+Fiji-Nadi-LTE-DL-D!20250827094611,2025-08-26 23:46:06+02:00,2025-08-26 23:46:07+02:00,ECI:1067570.0,151.0,1067570.0,-17.811601305,177.399850875,ca_underperformance,False,85.51,78.74,93.79,High,False
INC-000026,542020041221088+20250827095105+Fiji-Nadi-LTE-DL-D!20250827094821,2025-08-26 23:46:19+02:00,2025-08-26 23:46:19+02:00,EARFCN:41186.0|PCI:151.0,151.0,,-17.8116013,177.3998509,ca_underperformance,False,85.99,74.53,100.0,High,False
INC-000027,542020041221088+20250827095105+Fiji-Nadi-LTE-DL-D!20250827094821,2025-08-26 23:46:28+02:00,2025-08-26 23:46:28+02:00,ECI:1067570.0,151.0,1067570.0,-17.8116013,177.3998509,temporal_local_drop,False,80.44,79.99,81.0,High,False
INC-000028,542020041221088+20250827095105+Fiji-Nadi-LTE-DL-D!20250827094821,2025-08-26 23:46:38+02:00,2025-08-26 23:46:39+02:00,ECI:1067570.0,151.0,1067570.0,-17.81160131,177.39985085,radio_limited_degradation,True,90.34,85.95,95.71,Critical,False
INC-000029,542020041221088+20250827095105+Fiji-Nadi-LTE-DL-D!20250827094821,2025-08-26 23:46:47+02:00,2025-08-26 23:46:48+02:00,ECI:1067570.0,151.0,1067570.0,-17.8116013,177.3998509,temporal_local_drop,False,80.95,80.91,84.56,High,False
INC-000030,542020041221088+20250827095105+Fiji-Nadi-LTE-DL-D!20250827094821,2025-08-26 23:46:56+02:00,2025-08-26 23:46:56+02:00,ECI:1067570.0,151.0,1067570.0,-17.8116013,177.3998509,temporal_local_drop,False,77.15,73.19,81.98,High,False
INC-000031,542020041221088+20250827095105+Fiji-Nadi-LTE-DL-D!20250827094821,2025-08-26 23:47:03+02:00,2025-08-26 23:47:03+02:00,ECI:1067570.0,151.0,1067570.0,-17.8116013,177.3998509,temporal_local_drop,False,88.08,93.87,81.0,High,False
INC-000032,542020041221088+20250827095105+Fiji-Nadi-LTE-DL-D!20250827094821,2025-08-26 23:47:09+02:00,2025-08-26 23:47:10+02:00,ECI:1067570.0,151.0,1067570.0,-17.8116013,177.3998509,ca_underperformance,False,90.58,82.88,100.0,Critical,False
INC-000033,542020041221088+20250827095105+Fiji-Nadi-LTE-DL-D!20250827094821,2025-08-26 23:47:36+02:00,2025-08-26 23:47:36+02:00,ECI:1067570.0,151.0,1067570.0,-17.8116013,177.3998509,radio_limited_degradation,True,85.14,87.06,82.8,High,False
INC-000034,542020041221088+20250827095105+Fiji-Nadi-LTE-DL-D!20250827094821,2025-08-26 23:48:21+02:00,2025-08-26 23:48:22+02:00,ECI:1067570.0,151.0,1067570.0,-17.81160836,177.39985997,radio_limited_degradation,True,80.3,78.26,82.8,High,False
INC-000035,542020041221088+20250827095145+Fiji-Nadi-LTE-DL-D!20250827095034,2025-08-26 23:48:36+02:00,2025-08-26 23:48:36+02:00,ECI:1067570.0,151.0,1067570.0,-17.8115561,177.3999228,temporal_local_drop,False,80.08,79.33,81.0,High,False
INC-000036,542020041221088+20250827095145+Fiji-Nadi-LTE-DL-D!20250827095034,2025-08-26 23:48:49+02:00,2025-08-26 23:48:49+02:00,ECI:1067570.0,151.0,1067570.0,-17.810757,177.4007305,radio_limited_degradation,True,64.49,61.35,68.32,Medium,False
INC-000037,542020041221088+20250827095145+Fiji-Nadi-LTE-DL-D!20250827095034,2025-08-26 23:48:59+02:00,2025-08-26 23:49:00+02:00,ECI:1067570.0,151.0,1067570.0,-17.810435625,177.40122265,radio_limited_degradation,True,81.11,79.73,82.8,High,False
INC-000038,542020041221088+20250827095145+Fiji-Nadi-LTE-DL-D!20250827095034,2025-08-26 23:49:27+02:00,2025-08-26 23:49:27+02:00,ECI:1067570.0,151.0,1067570.0,-17.8119525,177.39964802,radio_limited_degradation,True,77.42,78.41,76.21,High,False
INC-000039,542020041221088+20250827095145+Fiji-Nadi-LTE-DL-D!20250827095034,2025-08-26 23:49:39+02:00,2025-08-26 23:49:40+02:00,ECI:1067570.0,151.0,1067570.0,-17.813157635,177.39846634,radio_limited_degradation,True,63.32,63.72,68.58,Medium,False
INC-000040,542020041221088+20250827095145+Fiji-Nadi-LTE-DL-D!20250827095034,2025-08-26 23:49:57+02:00,2025-08-26 23:49:57+02:00,ECI:1067570.0,151.0,1067570.0,-17.8149233,177.3967452,temporal_local_drop,False,64.92,58.85,72.34,Medium,False
INC-000041,542020041221088+20250827095225+Fiji-Nadi-LTE-DL-D!20250827095140,2025-08-26 23:51:33+02:00,2025-08-26 23:51:33+02:00,ECI:1067553.0,351.0,1067553.0,-17.816197,177.3954095,temporal_local_drop,False,70.24,57.59,85.7,High,False
INC-000042,542020041221088+20250827095725+Fiji-Nadi-LTE-DL-D!20250827095641,2025-08-26 23:54:41+02:00,2025-08-26 23:54:44+02:00,ECI:1067553.0,351.0,1067553.0,-17.816197,177.3954095,radio_limited_degradation,True,79.0,90.95,64.4,High,False
INC-000043,542020041221088+20250827095725+Fiji-Nadi-LTE-DL-D!20250827095641,2025-08-26 23:55:08+02:00,2025-08-26 23:55:08+02:00,ECI:1067553.0,351.0,1067553.0,-17.816197,177.3954095,temporal_local_drop,False,73.06,66.57,81.0,High,False
INC-000044,542020041221088+20250827095725+Fiji-Nadi-LTE-DL-D!20250827095641,2025-08-26 23:56:20+02:00,2025-08-26 23:56:23+02:00,ECI:1067553.0,351.0,1067553.0,-17.8161004,177.3954686,radio_limited_degradation,True,76.94,66.22,90.05,High,False
INC-000045,542020041221088+20250827095725+Fiji-Nadi-LTE-DL-D!20250827095641,2025-08-26 23:56:40+02:00,2025-08-26 23:56:40+02:00,ECI:1067553.0,351.0,1067553.0,-17.81500324,177.39656325,temporal_local_drop,False,72.53,57.81,90.52,High,False
INC-000046,542020041221088+20250827100005+Fiji-Nadi-LTE-DL-D!20250827095853,2025-08-26 23:56:57+02:00,2025-08-26 23:56:57+02:00,ECI:1067553.0,351.0,1067553.0,-17.8134954,177.3980509,radio_limited_degradation,True,79.42,76.66,82.8,High,False
INC-000047,542020041221088+20250827100005+Fiji-Nadi-LTE-DL-D!20250827095853,2025-08-26 23:57:13+02:00,2025-08-26 23:57:14+02:00,ECI:1067570.0,151.0,1067570.0,-17.81210668,177.39941038,radio_limited_degradation,True,81.51,80.45,82.8,High,False
INC-000048,542020041221088+20250827100005+Fiji-Nadi-LTE-DL-D!20250827095853,2025-08-26 23:57:26+02:00,2025-08-26 23:57:26+02:00,ECI:1067570.0,151.0,1067570.0,-17.81101512,177.40048821,temporal_local_drop,False,81.28,81.51,81.0,High,False
INC-000049,542020041221088+20250827100005+Fiji-Nadi-LTE-DL-D!20250827095853,2025-08-26 23:57:35+02:00,2025-08-26 23:57:35+02:00,ECI:1067570.0,151.0,1067570.0,-17.8101501,177.4013366,temporal_local_drop,False,82.8,84.28,81.0,High,False
INC-000050,542020041221088+20250827100005+Fiji-Nadi-LTE-DL-D!20250827095853,2025-08-26 23:57:48+02:00,2025-08-26 23:57:51+02:00,ECI:1067570.0,151.0,1067570.0,-17.80912091,177.40296195,radio_limited_degradation,True,79.28,89.87,66.34,High,False
INC-000051,542020041221088+20250827100005+Fiji-Nadi-LTE-DL-D!20250827095853,2025-08-26 23:57:56+02:00,2025-08-26 23:57:56+02:00,ECI:1065267.0,145.0,1065267.0,-17.8089618,177.403915,radio_limited_degradation,True,77.54,73.24,82.8,High,False
INC-000052,542020041221088+20250827100145+Fiji-Nadi-LTE-DL-D!20250827100105,2025-08-26 23:59:03+02:00,2025-08-26 23:59:03+02:00,ECI:1064756.0,149.0,1064756.0,-17.8108518,177.4116205,radio_limited_degradation,True,69.92,62.63,78.83,High,False
INC-000053,542020041221088+20250827100145+Fiji-Nadi-LTE-DL-D!20250827100105,2025-08-26 23:59:12+02:00,2025-08-26 23:59:12+02:00,ECI:1065267.0,145.0,1065267.0,-17.81009268,177.41232286,ca_underperformance,False,68.78,62.48,76.48,High,False
INC-000054,542020041221088+20250827100145+Fiji-Nadi-LTE-DL-D!20250827100105,2025-08-26 23:59:22+02:00,2025-08-26 23:59:22+02:00,ECI:1064756.0,149.0,1064756.0,-17.80922389,177.41292875,temporal_local_drop,False,80.41,80.0,80.92,High,False
INC-000055,542020041221088+20250827100145+Fiji-Nadi-LTE-DL-D!20250827100105,2025-08-27 00:00:56+02:00,2025-08-27 00:00:56+02:00,ECI:1064755.0,148.0,1064755.0,-17.80709114,177.42027637,ca_underperformance,False,73.4,57.71,92.57,High,False
INC-000056,542020041221088+20250827100345+Fiji-Nadi-LTE-DL-D!20250827100319,2025-08-27 00:01:57+02:00,2025-08-27 00:01:57+02:00,ECI:1064755.0,148.0,1064755.0,-17.807038,177.4225792,temporal_local_drop,False,81.54,76.2,88.07,High,False
INC-000057,542020041221088+20250827100345+Fiji-Nadi-LTE-DL-D!20250827100319,2025-08-27 00:02:10+02:00,2025-08-27 00:02:11+02:00,ECI:1064755.0,148.0,1064755.0,-17.807038024999997,177.422579205,ca_underperformance,True,81.18,79.86,85.58,High,False
INC-000058,542020041221088+20250827100345+Fiji-Nadi-LTE-DL-D!20250827100319,2025-08-27 00:02:23+02:00,2025-08-27 00:02:25+02:00,ECI:1064755.0,148.0,1064755.0,-17.80703805,177.42257921,ca_underperformance,True,86.29,75.08,100.0,High,False
INC-000059,542020041221088+20250827100345+Fiji-Nadi-LTE-DL-D!20250827100319,2025-08-27 00:03:18+02:00,2025-08-27 00:03:18+02:00,ECI:1064755.0,148.0,1064755.0,-17.80703805,177.42257921,temporal_local_drop,False,77.48,76.84,78.26,High,False
INC-000060,542020041221088+20250827100525+Fiji-Nadi-LTE-DL-D!20250827100437,2025-08-27 00:03:31+02:00,2025-08-27 00:03:32+02:00,ECI:1064755.0,148.0,1064755.0,-17.807038,177.4225792,radio_limited_degradation,True,80.72,79.01,97.96,High,False
INC-000061,542020041221088+20250827100525+Fiji-Nadi-LTE-DL-D!20250827100437,2025-08-27 00:03:43+02:00,2025-08-27 00:03:43+02:00,ECI:1064755.0,148.0,1064755.0,-17.80703805,177.42257921,radio_limited_degradation,True,81.62,80.66,82.8,High,False
INC-000062,542020041221088+20250827100525+Fiji-Nadi-LTE-DL-D!20250827100437,2025-08-27 00:03:56+02:00,2025-08-27 00:03:56+02:00,ECI:1064755.0,148.0,1064755.0,-17.807038,177.4225792,radio_limited_degradation,True,79.81,77.37,82.8,High,False
INC-000063,542020041221088+20250827100525+Fiji-Nadi-LTE-DL-D!20250827100437,2025-08-27 00:04:11+02:00,2025-08-27 00:04:11+02:00,ECI:1064755.0,148.0,1064755.0,-17.807038,177.4225792,temporal_local_drop,False,79.24,77.8,81.0,High,False
INC-000064,542020041221088+20250827100525+Fiji-Nadi-LTE-DL-D!20250827100437,2025-08-27 00:04:23+02:00,2025-08-27 00:04:24+02:00,ECI:1064755.0,148.0,1064755.0,-17.807038024999997,177.422579205,temporal_local_drop,False,81.35,81.63,81.0,High,False
INC-000065,542020041221088+20250827102006+Fiji-Nadi-LTE-DL-D!20250827101931,2025-08-27 00:17:29+02:00,2025-08-27 00:17:29+02:00,EARFCN:500.0|PCI:351.0,351.0,,-17.8160388,177.3955371,radio_limited_degradation,True,76.76,91.0,59.36,High,False
INC-000066,542020041221088+20250827102006+Fiji-Nadi-LTE-DL-D!20250827101931,2025-08-27 00:17:32+02:00,2025-08-27 00:17:41+02:00,ECI:1067720.0,351.0,1067720.0,-17.8160388,177.395537,radio_limited_degradation,True,84.33,90.99,76.18,High,False
INC-000067,542020041221088+20250827102346+Fiji-Nadi-LTE-DL-D!20250827102142,2025-08-27 00:19:40+02:00,2025-08-27 00:19:40+02:00,ECI:1067720.0,351.0,1067720.0,-17.8092496,177.4025514,ca_underperformance,False,73.88,57.49,93.92,High,False
INC-000068,542020041221088+20250827102346+Fiji-Nadi-LTE-DL-D!20250827102142,2025-08-27 00:19:45+02:00,2025-08-27 00:19:45+02:00,ECI:1069077.0,140.0,1069077.0,-17.8090323,177.4032189,temporal_local_drop,False,72.6,77.0,67.22,High,False
INC-000069,542020041221088+20250827102346+Fiji-Nadi-LTE-DL-D!20250827102142,2025-08-27 00:20:12+02:00,2025-08-27 00:20:14+02:00,ECI:1064906.0,311.0,1064906.0,-17.80976815,177.40686048999999,radio_limited_degradation,True,79.27,88.69,83.04,High,False
INC-000070,542020041221088+20250827102346+Fiji-Nadi-LTE-DL-D!20250827102142,2025-08-27 00:20:24+02:00,2025-08-27 00:20:25+02:00,ECI:1065267.0,145.0,1065267.0,-17.81025535,177.4082751,temporal_local_drop,False,82.12,67.49,100.0,High,False
INC-000071,542020041221088+20250827102346+Fiji-Nadi-LTE-DL-D!20250827102142,2025-08-27 00:20:31+02:00,2025-08-27 00:20:31+02:00,ECI:1065267.0,145.0,1065267.0,-17.81049232,177.40889417,temporal_local_drop,False,67.4,63.46,72.21,High,False
INC-000072,542020041221088+20250827102346+Fiji-Nadi-LTE-DL-D!20250827102142,2025-08-27 00:21:17+02:00,2025-08-27 00:21:17+02:00,ECI:1064756.0,149.0,1064756.0,-17.80910029,177.41300548,ca_underperformance,False,81.65,66.98,99.57,High,False
INC-000073,542020041221088+20250827102526+Fiji-Nadi-LTE-DL-D!20250827102354,2025-08-27 00:21:53+02:00,2025-08-27 00:21:53+02:00,ECI:1064756.0,149.0,1064756.0,-17.80686405,177.41527523,radio_limited_degradation,True,84.27,71.4,100.0,High,False
INC-000074,542020041221088+20250827102526+Fiji-Nadi-LTE-DL-D!20250827102354,2025-08-27 00:22:06+02:00,2025-08-27 00:22:06+02:00,ECI:1064756.0,149.0,1064756.0,-17.8068136,177.41642262,temporal_local_drop,False,74.42,67.24,83.2,High,False
INC-000075,542020041221088+20250827102526+Fiji-Nadi-LTE-DL-D!20250827102354,2025-08-27 00:23:23+02:00,2025-08-27 00:23:24+02:00,ECI:1064765.0,148.0,1064765.0,-17.807130309999998,177.42448213,temporal_local_drop,False,73.26,66.93,81.0,High,False
INC-000076,542020041221088+20250827102746+Fiji-Nadi-LTE-DL-D!20250827102604,2025-08-27 00:24:39+02:00,2025-08-27 00:24:39+02:00,ECI:1071677.0,395.0,1071677.0,-17.80619877,177.42704507,temporal_local_drop,False,65.91,58.42,75.06,High,False
INC-000077,542020041221088+20250827102746+Fiji-Nadi-LTE-DL-D!20250827102604,2025-08-27 00:25:37+02:00,2025-08-27 00:25:38+02:00,ECI:1071676.0,393.0,1071676.0,-17.80614445,177.43096529,radio_limited_degradation,True,72.48,69.64,75.94,High,False
INC-000078,542020041221088+20250827102926+Fiji-Nadi-LTE-DL-D!20250827102813,2025-08-27 00:26:11+02:00,2025-08-27 00:26:11+02:00,EARFCN:40988.0|PCI:393.0,393.0,,-17.80810749,177.43206251,radio_limited_degradation,True,73.6,69.48,78.64,High,False
INC-000079,542020041221088+20250827102926+Fiji-Nadi-LTE-DL-D!20250827102813,2025-08-27 00:26:22+02:00,2025-08-27 00:26:22+02:00,ECI:1071637.0,395.0,1071637.0,-17.80895321,177.43252511,ca_underperformance,False,82.55,82.27,82.89,High,False
INC-000080,542020041221088+20250827102926+Fiji-Nadi-LTE-DL-D!20250827102813,2025-08-27 00:26:34+02:00,2025-08-27 00:26:34+02:00,ECI:1071637.0,395.0,1071637.0,-17.8097764,177.43301064,radio_limited_degradation,True,68.13,62.76,74.69,High,False
INC-000081,542020041221088+20250827102926+Fiji-Nadi-LTE-DL-D!20250827102813,2025-08-27 00:26:41+02:00,2025-08-27 00:26:41+02:00,ECI:1071647.0,395.0,1071647.0,-17.8103516,177.4333475,radio_limited_degradation,True,71.05,64.19,79.43,High,False
INC-000082,542020041221088+20250827102926+Fiji-Nadi-LTE-DL-D!20250827102813,2025-08-27 00:27:12+02:00,2025-08-27 00:27:12+02:00,ECI:1071647.0,395.0,1071647.0,-17.8123708,177.4345113,radio_limited_degradation,True,72.68,88.76,53.03,High,False
INC-000083,542020041221088+20250827102926+Fiji-Nadi-LTE-DL-D!20250827102813,2025-08-27 00:27:14+02:00,2025-08-27 00:27:16+02:00,ECI:1071687.0,332.0,1071687.0,-17.8125245,177.4345873,ca_underperformance,False,77.14,74.84,79.94,High,False
INC-000084,542020041221088+20250827102926+Fiji-Nadi-LTE-DL-D!20250827102813,2025-08-27 00:27:22+02:00,2025-08-27 00:27:26+02:00,ECI:1071687.0,395.0,1071687.0,-17.8130697,177.43489390000002,radio_limited_degradation,True,74.27,95.75,48.02,High,False
INC-000085,542020041221088+20250827102926+Fiji-Nadi-LTE-DL-D!20250827102813,2025-08-27 00:27:28+02:00,2025-08-27 00:27:29+02:00,ECI:1070110.0,332.0,1070110.0,-17.813282305,177.4350087,ca_underperformance,True,71.6,94.82,61.04,High,False
INC-000086,542020041221088+20250827102926+Fiji-Nadi-LTE-DL-D!20250827102813,2025-08-27 00:27:31+02:00,2025-08-27 00:27:32+02:00,ECI:1071687.0,395.0,1071687.0,-17.813386405000003,177.435067785,radio_limited_degradation,True,73.3,95.1,48.94,High,False
INC-000087,542020041221088+20250827102926+Fiji-Nadi-LTE-DL-D!20250827102813,2025-08-27 00:27:34+02:00,2025-08-27 00:27:35+02:00,ECI:1064992.0,469.0,1064992.0,-17.813480575,177.43512262500002,radio_limited_degradation,True,70.58,90.38,46.39,High,False
INC-000088,542020041221088+20250827102926+Fiji-Nadi-LTE-DL-D!20250827102813,2025-08-27 00:27:44+02:00,2025-08-27 00:27:48+02:00,ECI:1065032.0,395.0,1065032.0,-17.81402487,177.43542589,ca_underperformance,True,72.38,94.38,66.41,High,False
INC-000089,542020041221088+20250827102926+Fiji-Nadi-LTE-DL-D!20250827102813,2025-08-27 00:27:54+02:00,2025-08-27 00:27:55+02:00,ECI:1064992.0,395.0,1064992.0,-17.814467335000003,177.43605760999998,radio_limited_degradation,True,73.5,95.95,47.31,High,False
INC-000090,542020041221088+20250827102926+Fiji-Nadi-LTE-DL-D!20250827102813,2025-08-27 00:27:57+02:00,2025-08-27 00:27:58+02:00,ECI:1071647.0,395.0,1071647.0,-17.814648585,177.43634012500002,radio_limited_degradation,True,81.28,99.73,58.72,High,False
INC-000091,542020041221088+20250827102926+Fiji-Nadi-LTE-DL-D!20250827102813,2025-08-27 00:28:04+02:00,2025-08-27 00:28:06+02:00,ECI:1064765.0,148.0,1064765.0,-17.8149731,177.43704756,radio_limited_degradation,True,64.24,84.8,39.78,Medium,False
INC-000092,542020041221088+20250827102926+Fiji-Nadi-LTE-DL-D!20250827102813,2025-08-27 00:28:08+02:00,2025-08-27 00:28:08+02:00,ECI:1064768.0,148.0,1064768.0,-17.81499525,177.43736452,ca_underperformance,False,72.38,70.87,74.22,High,False
INC-000093,542020041221088+20250827102926+Fiji-Nadi-LTE-DL-D!20250827102813,2025-08-27 00:28:10+02:00,2025-08-27 00:28:14+02:00,ECI:1064755.0,148.0,1064755.0,-17.81504324,177.43779089,ca_underperformance,True,81.49,99.41,67.48,High,False
INC-000094,542020041221088+20250827103246+Fiji-Nadi-LTE-DL-D!20250827103001,2025-08-27 00:28:44+02:00,2025-08-27 00:28:45+02:00,ECI:1064755.0,148.0,1064755.0,-17.814946499999998,177.44097762500002,radio_limited_degradation,True,65.13,68.78,60.67,High,False
INC-000095,542020041221088+20250827103246+Fiji-Nadi-LTE-DL-D!20250827103001,2025-08-27 00:29:08+02:00,2025-08-27 00:29:11+02:00,ECI:1070100.0,332.0,1070100.0,-17.81501695,177.439635,ca_underperformance,True,68.73,70.17,84.36,High,False
INC-000096,542020041221088+20250827103246+Fiji-Nadi-LTE-DL-D!20250827103001,2025-08-27 00:29:37+02:00,2025-08-27 00:29:37+02:00,ECI:1070100.0,332.0,1070100.0,-17.8149826,177.4369324,radio_limited_degradation,True,67.38,82.23,49.24,High,False
INC-000097,542020041221088+20250827103246+Fiji-Nadi-LTE-DL-D!20250827103001,2025-08-27 00:29:39+02:00,2025-08-27 00:29:40+02:00,ECI:1071637.0,395.0,1071637.0,-17.814923200000003,177.43677307500002,radio_limited_degradation,True,79.85,93.58,63.06,High,False
INC-000098,542020041221088+20250827103246+Fiji-Nadi-LTE-DL-D!20250827103001,2025-08-27 00:29:43+02:00,2025-08-27 00:29:54+02:00,ECI:1065012.0,148.0,1065012.0,-17.81441225,177.43588346500002,ca_underperformance,True,89.03,98.58,81.74,High,False
INC-000099,542020041221088+20250827103246+Fiji-Nadi-LTE-DL-D!20250827103001,2025-08-27 00:29:56+02:00,2025-08-27 00:30:02+02:00,ECI:1064755.0,148.0,1064755.0,-17.81358941,177.43515596,ca_underperformance,True,86.83,99.98,76.05,High,False
INC-000100,542020041221088+20250827103926+Fiji-Nadi-LTE-DL-D!20250827103843,2025-08-27 00:36:49+02:00,2025-08-27 00:36:49+02:00,ECI:1071637.0,395.0,1071637.0,-17.8132629,177.4349241,radio_limited_degradation,True,80.69,99.97,57.13,High,False
INC-000101,542020041221088+20250827103926+Fiji-Nadi-LTE-DL-D!20250827103843,2025-08-27 00:36:55+02:00,2025-08-27 00:36:57+02:00,ECI:1071647.0,469.0,1071647.0,-17.8132629,177.4349241,radio_limited_degradation,True,83.65,99.24,64.6,High,False
INC-000102,542020041221088+20250827103926+Fiji-Nadi-LTE-DL-D!20250827103843,2025-08-27 00:36:59+02:00,2025-08-27 00:37:00+02:00,ECI:1065032.0,469.0,1065032.0,-17.81326291,177.43492408,radio_limited_degradation,True,71.01,90.87,46.74,High,False
INC-000103,542020041221088+20250827103926+Fiji-Nadi-LTE-DL-D!20250827103843,2025-08-27 00:37:03+02:00,2025-08-27 00:37:03+02:00,ECI:1071687.0,395.0,1071687.0,-17.81326291,177.43492408,ca_underperformance,False,79.6,79.32,79.94,High,False
INC-000104,542020041221088+20250827103926+Fiji-Nadi-LTE-DL-D!20250827103843,2025-08-27 00:37:14+02:00,2025-08-27 00:37:14+02:00,ECI:1071637.0,395.0,1071637.0,-17.813265,177.4349066,radio_limited_degradation,True,76.62,92.23,57.54,High,False
INC-000105,542020041221088+20250827103926+Fiji-Nadi-LTE-DL-D!20250827103843,2025-08-27 00:37:17+02:00,2025-08-27 00:37:25+02:00,ECI:1064755.0,148.0,1064755.0,-17.81313213,177.43488232,radio_limited_degradation,True,82.17,99.99,60.46,High,False
INC-000106,542020041221088+20250827103926+Fiji-Nadi-LTE-DL-D!20250827103843,2025-08-27 00:37:34+02:00,2025-08-27 00:37:34+02:00,ECI:1071687.0,395.0,1071687.0,-17.81228968,177.43440274,radio_limited_degradation,True,67.8,91.17,39.23,High,False
INC-000107,542020041221088+20250827103926+Fiji-Nadi-LTE-DL-D!20250827103843,2025-08-27 00:37:42+02:00,2025-08-27 00:37:43+02:00,ECI:1071637.0,395.0,1071637.0,-17.81169578,177.43406413000002,radio_limited_degradation,True,63.61,88.19,33.56,Medium,False
INC-000108,542020041221088+20250827104126+Fiji-Nadi-LTE-DL-D!20250827104054,2025-08-27 00:39:47+02:00,2025-08-27 00:39:48+02:00,ECI:1071666.0,393.0,1071666.0,-17.80575725,177.4303451,temporal_local_drop,False,71.78,69.81,75.43,High,False
INC-000109,542020041221088+20250827104126+Fiji-Nadi-LTE-DL-D!20250827104054,2025-08-27 00:40:25+02:00,2025-08-27 00:40:26+02:00,ECI:1071667.0,395.0,1071667.0,-17.805751604999998,177.42816044,temporal_local_drop,False,69.96,67.51,72.95,High,False
INC-000110,542020041221088+20250827104347+Fiji-Nadi-LTE-DL-D!20250827104305,2025-08-27 00:42:00+02:00,2025-08-27 00:42:01+02:00,ECI:1071666.0,393.0,1071666.0,-17.80138615,177.4317068,temporal_local_drop,False,63.49,56.59,71.92,Medium,False
INC-000111,542020041221088+20250827104347+Fiji-Nadi-LTE-DL-D!20250827104305,2025-08-27 00:42:17+02:00,2025-08-27 00:42:17+02:00,ECI:1071636.0,393.0,1071636.0,-17.79943666,177.43284277,temporal_local_drop,False,81.25,74.22,89.85,High,False
INC-000112,542020041221088+20250827104347+Fiji-Nadi-LTE-DL-D!20250827104305,2025-08-27 00:42:31+02:00,2025-08-27 00:42:33+02:00,ECI:1071636.0,393.0,1071636.0,-17.79763094,177.43363434,radio_limited_degradation,True,84.7,76.27,95.0,High,False
INC-000113,542020041221088+20250827104347+Fiji-Nadi-LTE-DL-D!20250827104305,2025-08-27 00:42:48+02:00,2025-08-27 00:42:57+02:00,ECI:1064992.0,469.0,1064992.0,-17.79606085,177.43574719999998,radio_limited_degradation,True,82.15,90.98,80.44,High,False
INC-000114,542020041221088+20250827104347+Fiji-Nadi-LTE-DL-D!20250827104305,2025-08-27 00:42:59+02:00,2025-08-27 00:43:02+02:00,ECI:1073214.0,148.0,1073214.0,-17.79541948,177.436788305,ca_underperformance,True,79.35,75.92,83.54,High,False
INC-000115,542020041221088+20250827104707+Fiji-Nadi-LTE-DL-D!20250827104518,2025-08-27 00:43:24+02:00,2025-08-27 00:43:25+02:00,ECI:1073174.0,431.0,1073174.0,-17.79264936,177.438679485,radio_limited_degradation,True,72.98,71.41,74.89,High,False
INC-000116,542020041221088+20250827104707+Fiji-Nadi-LTE-DL-D!20250827104518,2025-08-27 00:43:37+02:00,2025-08-27 00:43:37+02:00,ECI:1073174.0,431.0,1073174.0,-17.7910956,177.4397878,temporal_local_drop,False,84.66,89.54,78.7,High,False
INC-000117,542020041221088+20250827104707+Fiji-Nadi-LTE-DL-D!20250827104518,2025-08-27 00:43:45+02:00,2025-08-27 00:43:45+02:00,ECI:1073174.0,431.0,1073174.0,-17.79030335,177.44033869,temporal_local_drop,False,82.83,86.18,78.73,High,False
INC-000118,542020041221088+20250827104707+Fiji-Nadi-LTE-DL-D!20250827104518,2025-08-27 00:43:53+02:00,2025-08-27 00:43:53+02:00,ECI:1073174.0,431.0,1073174.0,-17.7892713,177.441017,temporal_local_drop,False,89.01,85.64,93.12,High,False
INC-000119,542020041221088+20250827104707+Fiji-Nadi-LTE-DL-D!20250827104518,2025-08-27 00:44:06+02:00,2025-08-27 00:44:07+02:00,ECI:1073174.0,431.0,1073174.0,-17.787881385,177.44199272499998,radio_limited_degradation,True,88.97,92.38,89.59,High,False
INC-000120,542020041221088+20250827104707+Fiji-Nadi-LTE-DL-D!20250827104518,2025-08-27 00:44:13+02:00,2025-08-27 00:44:14+02:00,ECI:1073174.0,431.0,1073174.0,-17.78713286,177.44252854500002,radio_limited_degradation,True,70.76,60.59,83.2,High,False
INC-000121,542020041221088+20250827104707+Fiji-Nadi-LTE-DL-D!20250827104518,2025-08-27 00:44:41+02:00,2025-08-27 00:44:41+02:00,ECI:1067841.0,127.0,1067841.0,-17.7850217,177.4453903,temporal_local_drop,False,82.01,82.83,81.0,High,False
INC-000122,542020041221088+20250827104707+Fiji-Nadi-LTE-DL-D!20250827104518,2025-08-27 00:44:49+02:00,2025-08-27 00:44:50+02:00,ECI:1067841.0,127.0,1067841.0,-17.78450218,177.446156145,radio_limited_degradation,True,86.11,88.81,82.8,High,False
INC-000123,542020041221088+20250827104707+Fiji-Nadi-LTE-DL-D!20250827104518,2025-08-27 00:44:58+02:00,2025-08-27 00:44:58+02:00,ECI:1067841.0,127.0,1067841.0,-17.78396004,177.44696711,temporal_local_drop,False,84.73,87.78,81.0,High,False
INC-000124,542020041221088+20250827104707+Fiji-Nadi-LTE-DL-D!20250827104518,2025-08-27 00:45:06+02:00,2025-08-27 00:45:07+02:00,ECI:1067841.0,127.0,1067841.0,-17.78336509,177.447902865,temporal_local_drop,False,88.98,86.12,92.48,High,False
INC-000125,542020041221088+20250827104707+Fiji-Nadi-LTE-DL-D!20250827104518,2025-08-27 00:45:15+02:00,2025-08-27 00:45:15+02:00,ECI:1067841.0,127.0,1067841.0,-17.78286388,177.44865373,radio_limited_degradation,True,82.68,82.58,82.8,High,False
INC-000126,542020041221088+20250827105427+Fiji-Nadi-LTE-DL-D!20250827104733,2025-08-27 00:45:33+02:00,2025-08-27 00:45:34+02:00,ECI:1067841.0,127.0,1067841.0,-17.781489465,177.450703755,radio_limited_degradation,True,85.65,80.99,91.35,High,False
INC-000127,542020041221088+20250827105427+Fiji-Nadi-LTE-DL-D!20250827104733,2025-08-27 00:45:44+02:00,2025-08-27 00:45:45+02:00,ECI:1067841.0,127.0,1067841.0,-17.780925855,177.45150843,temporal_local_drop,False,84.76,72.3,100.0,High,False
INC-000128,542020041221088+20250827105427+Fiji-Nadi-LTE-DL-D!20250827104733,2025-08-27 00:45:55+02:00,2025-08-27 00:45:56+02:00,ECI:1067841.0,127.0,1067841.0,-17.780577450000003,177.4520284,temporal_local_drop,False,81.91,74.64,93.46,High,False
INC-000129,542020041221088+20250827105427+Fiji-Nadi-LTE-DL-D!20250827104733,2025-08-27 00:46:10+02:00,2025-08-27 00:46:10+02:00,ECI:1067841.0,127.0,1067841.0,-17.77995724,177.45296557,temporal_local_drop,False,71.01,67.35,75.49,High,False
INC-000130,542020041221088+20250827105427+Fiji-Nadi-LTE-DL-D!20250827104733,2025-08-27 00:46:24+02:00,2025-08-27 00:46:25+02:00,ECI:1067840.0,126.0,1067840.0,-17.778821835000002,177.45411454,temporal_local_drop,False,78.83,77.05,81.0,High,False
INC-000131,542020041221088+20250827105427+Fiji-Nadi-LTE-DL-D!20250827104733,2025-08-27 00:46:37+02:00,2025-08-27 00:46:39+02:00,ECI:1067839.0,128.0,1067839.0,-17.77750304,177.45464118,temporal_local_drop,False,80.68,80.42,81.0,High,False
INC-000132,542020041221088+20250827105427+Fiji-Nadi-LTE-DL-D!20250827104733,2025-08-27 00:46:49+02:00,2025-08-27 00:46:51+02:00,ECI:1067839.0,128.0,1067839.0,-17.7760703,177.4551398,radio_limited_degradation,True,88.54,83.16,95.12,High,False
INC-000133,542020041221088+20250827105427+Fiji-Nadi-LTE-DL-D!20250827104733,2025-08-27 00:47:00+02:00,2025-08-27 00:47:01+02:00,ECI:1067839.0,128.0,1067839.0,-17.774933609999998,177.45554154500002,temporal_local_drop,False,83.0,84.64,83.91,High,False
INC-000134,542020041221088+20250827105427+Fiji-Nadi-LTE-DL-D!20250827104733,2025-08-27 00:47:09+02:00,2025-08-27 00:47:10+02:00,ECI:1067839.0,128.0,1067839.0,-17.773815205,177.45592663000002,temporal_local_drop,False,84.39,87.17,81.0,High,False
INC-000135,542020041221088+20250827105427+Fiji-Nadi-LTE-DL-D!20250827104733,2025-08-27 00:47:17+02:00,2025-08-27 00:47:19+02:00,ECI:1067839.0,128.0,1067839.0,-17.77291024,177.45619808,radio_limited_degradation,True,87.18,90.76,100.0,High,False
INC-000136,542020041221088+20250827105427+Fiji-Nadi-LTE-DL-D!20250827104733,2025-08-27 00:47:26+02:00,2025-08-27 00:47:27+02:00,ECI:1067839.0,128.0,1067839.0,-17.771823915,177.456279285,radio_limited_degradation,True,83.83,84.68,82.8,High,False
INC-000137,542020041221088+20250827105947+Fiji-Nadi-LTE-DL-D!20250827104944,2025-08-27 00:47:42+02:00,2025-08-27 00:47:44+02:00,ECI:1067839.0,128.0,1067839.0,-17.76983621,177.4557547,temporal_local_drop,False,77.51,74.66,81.0,High,False
INC-000138,542020041221088+20250827105947+Fiji-Nadi-LTE-DL-D!20250827104944,2025-08-27 00:47:53+02:00,2025-08-27 00:47:54+02:00,ECI:3631414.0,214.0,3631414.0,-17.768632705,177.45530437,temporal_local_drop,False,83.36,85.3,81.0,High,False
INC-000139,542020041221088+20250827105947+Fiji-Nadi-LTE-DL-D!20250827104944,2025-08-27 00:48:10+02:00,2025-08-27 00:48:12+02:00,ECI:1066034.0,348.0,1066034.0,-17.76671022,177.4545906,radio_limited_degradation,True,74.79,72.94,77.05,High,False
INC-000140,542020041221088+20250827105947+Fiji-Nadi-LTE-DL-D!20250827104944,2025-08-27 00:48:33+02:00,2025-08-27 00:48:34+02:00,ECI:1066034.0,124.0,1066034.0,-17.764178225000002,177.4557409,radio_limited_degradation,True,74.39,85.59,61.88,High,False
INC-000141,542020041221088+20250827105947+Fiji-Nadi-LTE-DL-D!20250827104944,2025-08-27 00:49:01+02:00,2025-08-27 00:49:02+02:00,ECI:3631422.0,212.0,3631422.0,-17.76260215,177.4577531,temporal_local_drop,False,77.62,74.85,81.0,High,False
INC-000142,542020041221088+20250827110227+Fiji-Nadi-LTE-DL-D!20250827105156,2025-08-27 00:49:53+02:00,2025-08-27 00:49:53+02:00,EARFCN:41186.0|PCI:348.0,348.0,,-17.7620919,177.4578741,ca_underperformance,False,88.13,86.33,90.33,High,False
INC-000143,542020041221088+20250827110227+Fiji-Nadi-LTE-DL-D!20250827105156,2025-08-27 00:49:55+02:00,2025-08-27 00:49:55+02:00,ECI:1070898.0,212.0,1070898.0,-17.7620408,177.4579112,radio_limited_degradation,True,74.47,69.74,80.25,High,False
INC-000144,542020041221088+20250827110227+Fiji-Nadi-LTE-DL-D!20250827105156,2025-08-27 00:50:10+02:00,2025-08-27 00:50:10+02:00,ECI:1070898.0,212.0,1070898.0,-17.7626664,177.4589538,temporal_local_drop,False,80.7,80.8,80.58,High,False
INC-000145,542020041221088+20250827110227+Fiji-Nadi-LTE-DL-D!20250827105156,2025-08-27 00:50:18+02:00,2025-08-27 00:50:18+02:00,ECI:1070898.0,212.0,1070898.0,-17.7629862,177.4595338,temporal_local_drop,False,88.61,94.83,81.0,High,False
INC-000146,542020041221088+20250827110227+Fiji-Nadi-LTE-DL-D!20250827105156,2025-08-27 00:50:34+02:00,2025-08-27 00:50:34+02:00,ECI:1070898.0,212.0,1070898.0,-17.7635759,177.4610403,temporal_local_drop,False,88.4,94.46,81.0,High,False
INC-000147,542020041221088+20250827110227+Fiji-Nadi-LTE-DL-D!20250827105156,2025-08-27 00:50:42+02:00,2025-08-27 00:50:42+02:00,ECI:1070898.0,212.0,1070898.0,-17.7637548,177.4618999,temporal_local_drop,False,66.63,57.72,77.53,High,False
INC-000148,542020041221088+20250827110227+Fiji-Nadi-LTE-DL-D!20250827105156,2025-08-27 00:50:59+02:00,2025-08-27 00:51:00+02:00,ECI:3631423.0,213.0,3631423.0,-17.764194000000003,177.46363465000002,radio_limited_degradation,True,72.59,67.52,78.79,High,False
INC-000149,542020041221088+20250827110227+Fiji-Nadi-LTE-DL-D!20250827105156,2025-08-27 00:51:19+02:00,2025-08-27 00:51:20+02:00,ECI:3631423.0,213.0,3631423.0,-17.76331744,177.46422227,temporal_local_drop,False,72.46,72.92,71.9,High,False
INC-000150,542020041221088+20250827110227+Fiji-Nadi-LTE-DL-D!20250827105156,2025-08-27 00:51:31+02:00,2025-08-27 00:51:31+02:00,ECI:1070901.0,348.0,1070901.0,-17.76277069,177.46446166,radio_limited_degradation,True,68.48,72.23,63.9,High,False
INC-000151,542020041221088+20250827110227+Fiji-Nadi-LTE-DL-D!20250827105156,2025-08-27 00:51:51+02:00,2025-08-27 00:51:56+02:00,ECI:3631430.0,210.0,3631430.0,-17.76171904,177.4650015,radio_limited_degradation,True,88.21,78.57,100.0,Medium,True
INC-000152,542020041221088+20250827110647+Fiji-Nadi-LTE-DL-D!20250827105407,2025-08-27 00:52:17+02:00,2025-08-27 00:52:19+02:00,ECI:1067296.0,112.0,1067296.0,-17.76198099,177.4651363,ca_underperformance,True,67.71,85.45,82.72,Medium,False
INC-000153,542020041221088+20250827110647+Fiji-Nadi-LTE-DL-D!20250827105407,2025-08-27 00:52:21+02:00,2025-08-27 00:52:22+02:00,ECI:3631420.0,210.0,3631420.0,-17.761993955,177.46493477,radio_limited_degradation,True,80.17,89.42,68.86,High,False
INC-000154,542020041221088+20250827110647+Fiji-Nadi-LTE-DL-D!20250827105407,2025-08-27 00:52:29+02:00,2025-08-27 00:52:32+02:00,ECI:1068852.0,112.0,1068852.0,-17.762232155,177.46467661999998,radio_limited_degradation,True,76.8,84.54,67.35,Medium,False
INC-000155,542020041221088+20250827110647+Fiji-Nadi-LTE-DL-D!20250827105407,2025-08-27 00:52:36+02:00,2025-08-27 00:52:36+02:00,ECI:1067286.0,212.0,1067286.0,-17.76251478,177.46458487,ca_underperformance,False,91.26,90.11,92.67,Critical,False
INC-000156,542020041221088+20250827110647+Fiji-Nadi-LTE-DL-D!20250827105407,2025-08-27 00:52:44+02:00,2025-08-27 00:52:46+02:00,ECI:3631430.0,210.0,3631430.0,-17.76296587,177.46440958,radio_limited_degradation,True,81.59,82.07,84.64,High,False
INC-000157,542020041221088+20250827110647+Fiji-Nadi-LTE-DL-D!20250827105407,2025-08-27 00:52:53+02:00,2025-08-27 00:52:54+02:00,ECI:3631430.0,210.0,3631430.0,-17.763491254999998,177.46423715499998,temporal_local_drop,False,85.1,88.46,81.0,High,False
INC-000158,542020041221088+20250827110647+Fiji-Nadi-LTE-DL-D!20250827105407,2025-08-27 00:53:02+02:00,2025-08-27 00:53:03+02:00,ECI:3631432.0,210.0,3631432.0,-17.7640903,177.46400152500001,temporal_local_drop,False,76.95,82.88,78.2,High,False
INC-000159,542020041221088+20250827110647+Fiji-Nadi-LTE-DL-D!20250827105407,2025-08-27 00:53:08+02:00,2025-08-27 00:53:09+02:00,ECI:1067296.0,110.0,1067296.0,-17.764279469999998,177.46401668,ca_underperformance,True,65.32,76.57,61.04,High,False
INC-000160,542020041221088+20250827110647+Fiji-Nadi-LTE-DL-D!20250827105407,2025-08-27 00:53:11+02:00,2025-08-27 00:53:13+02:00,ECI:1068852.0,210.0,1068852.0,-17.76438507,177.46420017,radio_limited_degradation,True,75.84,88.53,69.19,High,False
INC-000161,542020041221088+20250827110647+Fiji-Nadi-LTE-DL-D!20250827105407,2025-08-27 00:53:36+02:00,2025-08-27 00:53:37+02:00,ECI:1067289.0,110.0,1067289.0,-17.765516825,177.466060835,radio_limited_degradation,True,64.29,67.98,61.02,Medium,False
INC-000162,542020041221088+20250827111028+Fiji-Nadi-LTE-DL-D!20250827105621,2025-08-27 00:55:16+02:00,2025-08-27 00:55:18+02:00,ECI:1068850.0,111.0,1068850.0,-17.76878376,177.47576939,temporal_sudden_drop,False,66.38,62.05,71.67,Medium,True
INC-000163,542020041221088+20250827111428+Fiji-Nadi-LTE-DL-D!20250827105835,2025-08-27 00:57:42+02:00,2025-08-27 00:57:43+02:00,ECI:1073462.0,81.0,1073462.0,-17.777578265000002,177.47787002500002,ca_underperformance,False,67.05,62.12,73.08,High,False
INC-000164,542020041221088+20250827111708+Fiji-Nadi-LTE-DL-D!20250827110046,2025-08-27 00:58:44+02:00,2025-08-27 00:58:44+02:00,EARFCN:41384.0|PCI:81.0,81.0,,-17.7788295,177.4829867,temporal_local_drop,False,67.49,51.74,86.75,High,False
INC-000165,542020041221088+20250827111708+Fiji-Nadi-LTE-DL-D!20250827110046,2025-08-27 00:59:34+02:00,2025-08-27 00:59:36+02:00,ECI:1070366.0,333.0,1070366.0,-17.78033225,177.485392,radio_limited_degradation,True,78.37,89.44,64.84,High,False
INC-000166,542020041221088+20250827112048+Fiji-Nadi-LTE-DL-D!20250827110300,2025-08-27 01:00:57+02:00,2025-08-27 01:00:57+02:00,ECI:1070356.0,333.0,1070356.0,-17.7820418,177.4892468,temporal_local_drop,False,76.91,58.98,98.82,High,False
INC-000167,542020041221088+20250827112048+Fiji-Nadi-LTE-DL-D!20250827110300,2025-08-27 01:01:47+02:00,2025-08-27 01:01:48+02:00,ECI:1070366.0,333.0,1070366.0,-17.77982675,177.48911225,radio_limited_degradation,True,61.35,65.47,68.75,Medium,False
INC-000168,542020041221088+20250827112048+Fiji-Nadi-LTE-DL-D!20250827110300,2025-08-27 01:02:47+02:00,2025-08-27 01:02:48+02:00,ECI:1070366.0,333.0,1070366.0,-17.77507755,177.4880666,temporal_local_drop,False,60.37,61.85,73.31,Medium,False
INC-000169,542020041221088+20250827112649+Fiji-Nadi-LTE-DL-D!20250827110516,2025-08-27 01:03:26+02:00,2025-08-27 01:03:27+02:00,ECI:1073430.0,80.0,1073430.0,-17.77126595,177.48768065000002,radio_limited_degradation,True,68.3,69.99,79.46,High,False
INC-000170,542020041221088+20250827112649+Fiji-Nadi-LTE-DL-D!20250827110516,2025-08-27 01:03:31+02:00,2025-08-27 01:03:33+02:00,ECI:1073468.0,80.0,1073468.0,-17.770745,177.4874512,rb_conditioned_expected_underperformance,False,57.94,59.4,60.85,Medium,False
INC-000171,542020041221088+20250827112649+Fiji-Nadi-LTE-DL-D!20250827110516,2025-08-27 01:03:37+02:00,2025-08-27 01:03:44+02:00,ECI:1073460.0,82.0,1073460.0,-17.76989775,177.4875633,ca_underperformance,True,78.12,90.81,81.24,High,False
INC-000172,542020041221088+20250827112649+Fiji-Nadi-LTE-DL-D!20250827110516,2025-08-27 01:03:51+02:00,2025-08-27 01:03:53+02:00,ECI:1073463.0,82.0,1073463.0,-17.76869953,177.4881082,radio_limited_degradation,True,76.33,91.0,72.83,High,False
INC-000173,542020041221088+20250827112649+Fiji-Nadi-LTE-DL-D!20250827110516,2025-08-27 01:03:59+02:00,2025-08-27 01:03:59+02:00,ECI:1067335.0,108.0,1067335.0,-17.7682644,177.4888325,ca_underperformance,False,88.82,81.17,98.16,High,False
INC-000174,542020041221088+20250827112649+Fiji-Nadi-LTE-DL-D!20250827110516,2025-08-27 01:04:06+02:00,2025-08-27 01:04:07+02:00,ECI:1070366.0,80.0,1070366.0,-17.76774795,177.4894319,radio_limited_degradation,True,57.18,53.64,61.5,Medium,False
INC-000175,542020041221088+20250827112649+Fiji-Nadi-LTE-DL-D!20250827110516,2025-08-27 01:04:21+02:00,2025-08-27 01:04:21+02:00,ECI:1067325.0,108.0,1067325.0,-17.7668296,177.4903266,rb_conditioned_expected_underperformance,False,71.1,70.21,72.19,High,False
INC-000176,542020041221088+20250827112649+Fiji-Nadi-LTE-DL-D!20250827110516,2025-08-27 01:04:52+02:00,2025-08-27 01:04:53+02:00,ECI:1067315.0,108.0,1067315.0,-17.7646791,177.48850595,ca_underperformance,False,56.89,54.14,61.04,Medium,False
INC-000177,542020041221088+20250827112649+Fiji-Nadi-LTE-DL-D!20250827110516,2025-08-27 01:05:11+02:00,2025-08-27 01:05:11+02:00,ECI:1067325.0,108.0,1067325.0,-17.7633849,177.487468,radio_limited_degradation,True,66.86,63.44,71.05,High,False
INC-000178,542020041221088+20250827112909+Fiji-Nadi-LTE-DL-D!20250827110725,2025-08-27 01:07:22+02:00,2025-08-27 01:07:23+02:00,ECI:1068850.0,111.0,1068850.0,-17.7676589,177.476876,rb_conditioned_expected_underperformance,False,64.85,56.52,75.04,Medium,False
INC-000179,542020041221088+20250827113229+Fiji-Nadi-LTE-DL-D!20250827110935,2025-08-27 01:08:23+02:00,2025-08-27 01:08:25+02:00,ECI:1068850.0,348.0,1068850.0,-17.7639056,177.4758275,ca_underperformance,True,66.06,70.18,63.48,Medium,False
INC-000180,542020041221088+20250827114050+Fiji-Nadi-LTE-DL-D!20250827111354,2025-08-27 01:12:01+02:00,2025-08-27 01:12:01+02:00,ECI:1072190.0,448.0,1072190.0,-17.7556717,177.46335923,temporal_local_drop,False,80.67,64.86,100.0,High,False
INC-000181,542020041221088+20250827114050+Fiji-Nadi-LTE-DL-D!20250827111354,2025-08-27 01:12:33+02:00,2025-08-27 01:12:33+02:00,ECI:1072180.0,448.0,1072180.0,-17.7534753,177.4607174,radio_limited_degradation,True,72.49,85.49,56.61,High,False
INC-000182,542020041221088+20250827114050+Fiji-Nadi-LTE-DL-D!20250827111354,2025-08-27 01:12:50+02:00,2025-08-27 01:12:50+02:00,ECI:1067316.0,110.0,1067316.0,-17.7522093,177.4594024,radio_limited_degradation,True,64.95,89.63,34.78,Medium,False
INC-000183,542020041221088+20250827114050+Fiji-Nadi-LTE-DL-D!20250827111354,2025-08-27 01:13:03+02:00,2025-08-27 01:13:03+02:00,ECI:1072183.0,215.0,1072183.0,-17.7515366,177.4586678,ca_underperformance,False,73.17,72.6,73.86,High,False
INC-000184,542020041221088+20250827114050+Fiji-Nadi-LTE-DL-D!20250827111354,2025-08-27 01:13:06+02:00,2025-08-27 01:13:06+02:00,ECI:1068343.0,50.0,1068343.0,-17.7513454,177.4584585,ca_underperformance,False,88.21,86.63,90.14,High,False
INC-000185,542020041221088+20250827114050+Fiji-Nadi-LTE-DL-D!20250827111354,2025-08-27 01:13:43+02:00,2025-08-27 01:13:43+02:00,ECI:1067296.0,110.0,1067296.0,-17.75027078,177.45526801,radio_limited_degradation,True,70.57,69.29,72.13,High,False
INC-000186,542020041221088+20250827114430+Fiji-Nadi-LTE-DL-D!20250827111604,2025-08-27 01:14:35+02:00,2025-08-27 01:14:36+02:00,ECI:3631422.0,212.0,3631422.0,-17.7551663,177.45554765,ca_underperformance,True,75.93,71.59,81.24,High,False
INC-000187,542020041221088+20250827114430+Fiji-Nadi-LTE-DL-D!20250827111604,2025-08-27 01:15:16+02:00,2025-08-27 01:15:22+02:00,ECI:3625799.0,116.0,3625799.0,-17.7587144,177.45862,radio_limited_degradation,True,74.6,70.98,79.03,Medium,False
INC-000188,542020041221088+20250827114430+Fiji-Nadi-LTE-DL-D!20250827111604,2025-08-27 01:15:34+02:00,2025-08-27 01:15:34+02:00,ECI:3625779.0,116.0,3625779.0,-17.7594612,177.4588937,ca_underperformance,False,69.92,66.46,74.14,High,False
INC-000189,542020041221088+20250827114630+Fiji-Nadi-LTE-DL-D!20250827111815,2025-08-27 01:16:13+02:00,2025-08-27 01:16:13+02:00,ECI:3625779.0,116.0,3625779.0,-17.7595278,177.4588996,ca_underperformance,False,72.28,51.7,97.44,High,False
INC-000190,542020041221088+20250827114630+Fiji-Nadi-LTE-DL-D!20250827111815,2025-08-27 01:18:07+02:00,2025-08-27 01:18:09+02:00,ECI:3631412.0,212.0,3631412.0,-17.76145146,177.45865162,temporal_local_drop,False,86.83,91.6,81.0,High,False
INC-000191,542020041221088+20250827115331+Fiji-Nadi-LTE-DL-D!20250827112239,2025-08-27 01:20:42+02:00,2025-08-27 01:20:42+02:00,ECI:1070868.0,348.0,1070868.0,-17.7611943,177.4513521,temporal_local_drop,False,80.98,76.08,86.96,High,False
INC-000192,542020041221088+20250827115331+Fiji-Nadi-LTE-DL-D!20250827112239,2025-08-27 01:21:51+02:00,2025-08-27 01:21:51+02:00,ECI:1066037.0,124.0,1066037.0,-17.76502008,177.44565153,temporal_local_drop,False,65.57,57.91,74.94,High,False
INC-000193,542020041221088+20250827115331+Fiji-Nadi-LTE-DL-D!20250827112239,2025-08-27 01:22:05+02:00,2025-08-27 01:22:06+02:00,ECI:1066037.0,124.0,1066037.0,-17.765251695,177.44545029,temporal_local_drop,False,81.83,82.5,81.0,High,False
INC-000194,542020041221088+20250827115331+Fiji-Nadi-LTE-DL-D!20250827112239,2025-08-27 01:22:36+02:00,2025-08-27 01:22:37+02:00,ECI:1066038.0,125.0,1066038.0,-17.76656423,177.444123125,temporal_local_drop,False,76.82,73.4,81.0,High,False
INC-000195,542020041221088+20250827115912+Fiji-Nadi-LTE-DL-D!20250827112451,2025-08-27 01:22:50+02:00,2025-08-27 01:22:51+02:00,ECI:1066038.0,123.0,1066038.0,-17.76760935,177.4424244,radio_limited_degradation,True,74.85,68.55,82.56,High,False
INC-000196,542020041221088+20250827115912+Fiji-Nadi-LTE-DL-D!20250827112451,2025-08-27 01:23:06+02:00,2025-08-27 01:23:08+02:00,ECI:1066038.0,123.0,1066038.0,-17.76889444,177.4406833,ca_underperformance,False,69.69,63.41,91.89,High,False
INC-000197,542020041221088+20250827115912+Fiji-Nadi-LTE-DL-D!20250827112451,2025-08-27 01:23:19+02:00,2025-08-27 01:23:21+02:00,ECI:1066038.0,123.0,1066038.0,-17.7694291,177.439385,radio_limited_degradation,True,81.94,81.24,82.8,High,False
INC-000198,542020041221088+20250827115912+Fiji-Nadi-LTE-DL-D!20250827112451,2025-08-27 01:23:32+02:00,2025-08-27 01:23:33+02:00,ECI:1066038.0,123.0,1066038.0,-17.76949527,177.4391596,temporal_local_drop,False,79.96,79.11,81.0,High,False
INC-000199,542020041221088+20250827115912+Fiji-Nadi-LTE-DL-D!20250827112451,2025-08-27 01:23:41+02:00,2025-08-27 01:23:42+02:00,ECI:1066038.0,123.0,1066038.0,-17.769495284999998,177.4391596,temporal_local_drop,False,81.43,81.78,82.49,High,False
INC-000200,542020041221088+20250827115912+Fiji-Nadi-LTE-DL-D!20250827112451,2025-08-27 01:23:52+02:00,2025-08-27 01:23:53+02:00,ECI:1066038.0,123.0,1066038.0,-17.7694953,177.4391596,radio_limited_degradation,True,82.66,83.6,82.8,High,False
INC-000201,542020041221088+20250827115912+Fiji-Nadi-LTE-DL-D!20250827112451,2025-08-27 01:24:04+02:00,2025-08-27 01:24:05+02:00,ECI:1066038.0,123.0,1066038.0,-17.7694953,177.4391596,temporal_local_drop,False,80.41,65.42,100.0,High,False
INC-000202,542020041221088+20250827115912+Fiji-Nadi-LTE-DL-D!20250827112451,2025-08-27 01:24:21+02:00,2025-08-27 01:24:23+02:00,ECI:1066038.0,123.0,1066038.0,-17.7697075,177.43878805,temporal_local_drop,False,73.54,67.43,89.75,High,False
INC-000203,542020041221088+20250827115912+Fiji-Nadi-LTE-DL-D!20250827112451,2025-08-27 01:24:37+02:00,2025-08-27 01:24:39+02:00,ECI:1066038.0,123.0,1066038.0,-17.7706965,177.4376038,temporal_local_drop,False,78.98,77.32,81.0,High,False
INC-000204,542020041221088+20250827120512+Fiji-Nadi-LTE-DL-D!20250827112702,2025-08-27 01:25:00+02:00,2025-08-27 01:25:00+02:00,ECI:1067151.0,339.0,1067151.0,-17.7722527,177.4357514,temporal_local_drop,False,75.11,65.05,87.41,High,False
INC-000205,542020041221088+20250827120512+Fiji-Nadi-LTE-DL-D!20250827112702,2025-08-27 01:25:12+02:00,2025-08-27 01:25:12+02:00,ECI:1067041.0,339.0,1067041.0,-17.77344903,177.43494568,temporal_local_drop,False,80.14,79.44,81.0,High,False
INC-000206,542020041221088+20250827121333+Fiji-Nadi-LTE-DL-D!20250827112914,2025-08-27 01:27:41+02:00,2025-08-27 01:27:42+02:00,ECI:1072702.0,393.0,1072702.0,-17.7796775,177.43066906500002,ca_underperformance,False,56.6,57.01,56.1,Medium,False
INC-000207,542020041221088+20250827121333+Fiji-Nadi-LTE-DL-D!20250827112914,2025-08-27 01:28:07+02:00,2025-08-27 01:28:08+02:00,ECI:1065532.0,134.0,1065532.0,-17.780292105,177.43023642,temporal_local_drop,False,67.78,66.32,69.56,High,False
INC-000208,542020041221088+20250827121333+Fiji-Nadi-LTE-DL-D!20250827112914,2025-08-27 01:28:30+02:00,2025-08-27 01:28:30+02:00,ECI:1072692.0,394.0,1072692.0,-17.7806835,177.4297891,temporal_local_drop,False,73.0,67.77,79.4,High,False
INC-000209,542020041221088+20250827121333+Fiji-Nadi-LTE-DL-D!20250827112914,2025-08-27 01:28:58+02:00,2025-08-27 01:29:00+02:00,ECI:1065675.0,321.0,1065675.0,-17.7799223,177.42703995,radio_limited_degradation,True,86.84,84.53,90.35,High,False
INC-000210,542020041221088+20250827121333+Fiji-Nadi-LTE-DL-D!20250827112914,2025-08-27 01:29:11+02:00,2025-08-27 01:29:12+02:00,ECI:1065675.0,321.0,1065675.0,-17.7794059,177.42626252,radio_limited_degradation,True,75.39,73.26,86.43,High,False
INC-000211,542020041221088+20250827122034+Fiji-Nadi-LTE-DL-D!20250827113125,2025-08-27 01:29:22+02:00,2025-08-27 01:29:22+02:00,ECI:1069516.0,403.0,1069516.0,-17.7791513,177.4255024,radio_limited_degradation,True,86.89,76.17,100.0,High,False
INC-000212,542020041221088+20250827122034+Fiji-Nadi-LTE-DL-D!20250827113125,2025-08-27 01:29:25+02:00,2025-08-27 01:29:27+02:00,ECI:1069516.0,403.0,1069516.0,-17.77901789,177.4252893,ca_underperformance,False,88.29,81.57,100.0,High,False
INC-000213,542020041221088+20250827122034+Fiji-Nadi-LTE-DL-D!20250827113125,2025-08-27 01:29:38+02:00,2025-08-27 01:29:39+02:00,ECI:1067213.0,341.0,1067213.0,-17.77789472,177.42462318999998,temporal_local_drop,False,73.35,73.1,76.53,High,False
INC-000214,542020041221088+20250827122034+Fiji-Nadi-LTE-DL-D!20250827113125,2025-08-27 01:30:02+02:00,2025-08-27 01:30:04+02:00,ECI:1067213.0,341.0,1067213.0,-17.7751866,177.4232216,radio_limited_degradation,True,80.06,82.38,94.18,High,False
INC-000215,542020041221088+20250827122034+Fiji-Nadi-LTE-DL-D!20250827113125,2025-08-27 01:30:19+02:00,2025-08-27 01:30:21+02:00,ECI:1072439.0,394.0,1072439.0,-17.77351544,177.4230629,ca_underperformance,False,77.8,74.6,97.25,High,False
INC-000216,542020041221088+20250827122034+Fiji-Nadi-LTE-DL-D!20250827113125,2025-08-27 01:30:23+02:00,2025-08-27 01:30:24+02:00,ECI:1072439.0,394.0,1072439.0,-17.773249120000003,177.42331584,radio_limited_degradation,True,78.39,74.78,82.8,High,False
INC-000217,542020041221088+20250827122034+Fiji-Nadi-LTE-DL-D!20250827113125,2025-08-27 01:30:31+02:00,2025-08-27 01:30:31+02:00,ECI:1072439.0,394.0,1072439.0,-17.77260188,177.42392483,ca_underperformance,False,94.46,89.92,100.0,Critical,False
INC-000218,542020041221088+20250827122034+Fiji-Nadi-LTE-DL-D!20250827113125,2025-08-27 01:30:40+02:00,2025-08-27 01:30:41+02:00,ECI:1072439.0,394.0,1072439.0,-17.771699245,177.42479099000002,ca_underperformance,False,96.52,93.67,100.0,Critical,False
INC-000219,542020041221088+20250827122034+Fiji-Nadi-LTE-DL-D!20250827113125,2025-08-27 01:30:49+02:00,2025-08-27 01:30:49+02:00,ECI:1072439.0,394.0,1072439.0,-17.77088008,177.42557419,ca_underperformance,False,93.77,89.01,99.58,Critical,False
INC-000220,542020041221088+20250827122034+Fiji-Nadi-LTE-DL-D!20250827113125,2025-08-27 01:30:59+02:00,2025-08-27 01:30:59+02:00,ECI:1072439.0,394.0,1072439.0,-17.7698283,177.42659,ca_underperformance,False,97.65,95.73,100.0,Critical,False
INC-000221,542020041221088+20250827122034+Fiji-Nadi-LTE-DL-D!20250827113125,2025-08-27 01:31:14+02:00,2025-08-27 01:31:14+02:00,ECI:1072439.0,394.0,1072439.0,-17.76853832,177.42783299,temporal_local_drop,False,82.68,84.05,81.0,High,False
INC-000222,542020041221088+20250827122034+Fiji-Nadi-LTE-DL-D!20250827113125,2025-08-27 01:31:18+02:00,2025-08-27 01:31:18+02:00,ECI:1072439.0,394.0,1072439.0,-17.76816618,177.42818487,temporal_local_drop,False,79.62,78.5,81.0,High,False
INC-000223,542020041221088+20250827122034+Fiji-Nadi-LTE-DL-D!20250827113125,2025-08-27 01:31:23+02:00,2025-08-27 01:31:23+02:00,ECI:1072439.0,394.0,1072439.0,-17.7676484,177.4286876,temporal_local_drop,False,81.76,82.39,81.0,High,False
INC-000224,542020041221088+20250827122335+Fiji-Nadi-LTE-DL-D!20250827113336,2025-08-27 01:31:38+02:00,2025-08-27 01:31:39+02:00,ECI:1072439.0,394.0,1072439.0,-17.766564795,177.429682535,temporal_local_drop,False,75.82,77.15,74.19,High,False
INC-000225,542020041221088+20250827122335+Fiji-Nadi-LTE-DL-D!20250827113336,2025-08-27 01:31:59+02:00,2025-08-27 01:31:59+02:00,ECI:1072439.0,394.0,1072439.0,-17.76512541,177.43056646,temporal_local_drop,False,90.19,87.45,93.54,Critical,False
INC-000226,542020041221088+20250827122335+Fiji-Nadi-LTE-DL-D!20250827113336,2025-08-27 01:32:05+02:00,2025-08-27 01:32:06+02:00,ECI:1072436.0,394.0,1072436.0,-17.76462171,177.430794265,temporal_local_drop,False,55.83,47.86,68.24,Medium,False
INC-000227,542020041221088+20250827122335+Fiji-Nadi-LTE-DL-D!20250827113336,2025-08-27 01:32:47+02:00,2025-08-27 01:32:48+02:00,ECI:1066019.0,120.0,1066019.0,-17.761651399999998,177.43106895,radio_limited_degradation,True,57.31,51.42,75.49,Medium,False
INC-000228,542020041221088+20250827122335+Fiji-Nadi-LTE-DL-D!20250827113336,2025-08-27 01:33:10+02:00,2025-08-27 01:33:11+02:00,ECI:1066006.0,125.0,1066006.0,-17.76269238,177.431653585,radio_limited_degradation,True,61.97,50.57,75.9,Medium,False
INC-000229,542020041221088+20250827122335+Fiji-Nadi-LTE-DL-D!20250827113336,2025-08-27 01:33:30+02:00,2025-08-27 01:33:30+02:00,ECI:1072404.0,393.0,1072404.0,-17.7638695,177.43115242,temporal_local_drop,False,78.25,68.91,89.67,High,False
INC-000230,542020041221088+20250827122555+Fiji-Nadi-LTE-DL-D!20250827113546,2025-08-27 01:33:52+02:00,2025-08-27 01:33:52+02:00,ECI:1072404.0,393.0,1072404.0,-17.7651586,177.430553,radio_limited_degradation,True,82.12,81.56,82.8,High,False
INC-000231,542020041221088+20250827122555+Fiji-Nadi-LTE-DL-D!20250827113546,2025-08-27 01:34:02+02:00,2025-08-27 01:34:02+02:00,ECI:1072445.0,393.0,1072445.0,-17.76572543,177.43024794,temporal_local_drop,False,80.98,80.97,81.0,High,False
INC-000232,542020041221088+20250827122555+Fiji-Nadi-LTE-DL-D!20250827113546,2025-08-27 01:34:11+02:00,2025-08-27 01:34:12+02:00,ECI:1072446.0,394.0,1072446.0,-17.76638131,177.429874425,ca_underperformance,False,95.94,92.62,100.0,Critical,False
INC-000233,542020041221088+20250827122555+Fiji-Nadi-LTE-DL-D!20250827113546,2025-08-27 01:34:20+02:00,2025-08-27 01:34:20+02:00,ECI:1072446.0,394.0,1072446.0,-17.7669857,177.42941113,temporal_local_drop,False,84.1,86.64,81.0,High,False
INC-000234,542020041221088+20250827122555+Fiji-Nadi-LTE-DL-D!20250827113546,2025-08-27 01:34:28+02:00,2025-08-27 01:34:29+02:00,ECI:1072446.0,394.0,1072446.0,-17.76749825,177.42888918,temporal_local_drop,False,85.55,89.28,81.0,High,False
INC-000235,542020041221088+20250827122555+Fiji-Nadi-LTE-DL-D!20250827113546,2025-08-27 01:34:37+02:00,2025-08-27 01:34:38+02:00,ECI:1072446.0,394.0,1072446.0,-17.76817137,177.42826259499998,temporal_local_drop,False,78.37,60.67,100.0,High,False
INC-000236,542020041221088+20250827122555+Fiji-Nadi-LTE-DL-D!20250827113546,2025-08-27 01:34:45+02:00,2025-08-27 01:34:46+02:00,ECI:1072446.0,394.0,1072446.0,-17.768754119999997,177.4276979,ca_underperformance,False,86.99,90.19,100.0,High,False
INC-000237,542020041221088+20250827122555+Fiji-Nadi-LTE-DL-D!20250827113546,2025-08-27 01:35:05+02:00,2025-08-27 01:35:05+02:00,ECI:1072446.0,394.0,1072446.0,-17.7702933,177.4262311,temporal_local_drop,False,64.33,61.82,67.39,Medium,False
INC-000238,542020041221088+20250827122555+Fiji-Nadi-LTE-DL-D!20250827113546,2025-08-27 01:35:17+02:00,2025-08-27 01:35:18+02:00,ECI:1072446.0,394.0,1072446.0,-17.77123362,177.425323955,ca_underperformance,False,97.79,97.68,100.0,Critical,False
INC-000239,542020041221088+20250827122555+Fiji-Nadi-LTE-DL-D!20250827113546,2025-08-27 01:35:29+02:00,2025-08-27 01:35:30+02:00,ECI:1072446.0,394.0,1072446.0,-17.772239005000003,177.424359465,ca_underperformance,False,90.8,83.27,100.0,Critical,False
INC-000240,542020041221088+20250827122555+Fiji-Nadi-LTE-DL-D!20250827113546,2025-08-27 01:35:41+02:00,2025-08-27 01:35:43+02:00,ECI:1072446.0,394.0,1072446.0,-17.77337597,177.42327195,ca_underperformance,False,96.61,93.84,100.0,High,False
INC-000241,542020041221088+20250827122836+Fiji-Nadi-LTE-DL-D!20250827113757,2025-08-27 01:36:00+02:00,2025-08-27 01:36:01+02:00,ECI:1067050.0,338.0,1067050.0,-17.7750941,177.42327095000002,radio_limited_degradation,True,81.71,80.82,82.8,High,False
INC-000242,542020041221088+20250827122836+Fiji-Nadi-LTE-DL-D!20250827113757,2025-08-27 01:36:25+02:00,2025-08-27 01:36:26+02:00,ECI:1067050.0,338.0,1067050.0,-17.777683095,177.4245988,radio_limited_degradation,True,65.4,66.44,64.13,High,False
INC-000243,542020041221088+20250827122836+Fiji-Nadi-LTE-DL-D!20250827113757,2025-08-27 01:36:49+02:00,2025-08-27 01:36:50+02:00,ECI:1069346.0,403.0,1069346.0,-17.779202235,177.42578957,temporal_local_drop,False,66.13,60.22,77.18,High,False
INC-000244,542020041221088+20250827122836+Fiji-Nadi-LTE-DL-D!20250827113757,2025-08-27 01:36:55+02:00,2025-08-27 01:36:55+02:00,ECI:1067153.0,338.0,1067153.0,-17.77928918,177.42611689,radio_limited_degradation,True,64.35,77.39,48.41,Medium,False
INC-000245,542020041221088+20250827122836+Fiji-Nadi-LTE-DL-D!20250827113757,2025-08-27 01:36:59+02:00,2025-08-27 01:36:59+02:00,ECI:1072439.0,394.0,1072439.0,-17.77939443,177.42645086,ca_underperformance,False,69.04,67.25,71.23,High,False
INC-000246,542020041221088+20250827122836+Fiji-Nadi-LTE-DL-D!20250827113757,2025-08-27 01:37:12+02:00,2025-08-27 01:37:14+02:00,ECI:1065532.0,134.0,1065532.0,-17.7799633,177.42728672,radio_limited_degradation,True,79.16,77.19,82.8,High,False
INC-000247,542020041221088+20250827122836+Fiji-Nadi-LTE-DL-D!20250827113757,2025-08-27 01:37:26+02:00,2025-08-27 01:37:28+02:00,ECI:1065532.0,134.0,1065532.0,-17.78033706,177.42641565,ca_underperformance,False,81.78,66.87,100.0,Medium,False
INC-000248,542020041221088+20250827122836+Fiji-Nadi-LTE-DL-D!20250827113757,2025-08-27 01:37:50+02:00,2025-08-27 01:37:51+02:00,ECI:1065675.0,321.0,1065675.0,-17.781485054999997,177.424077885,radio_limited_degradation,True,78.25,75.99,93.28,High,False
INC-000249,542020041221088+20250827123136+Fiji-Nadi-LTE-DL-D!20250827114007,2025-08-27 01:38:11+02:00,2025-08-27 01:38:13+02:00,ECI:1065524.0,133.0,1065524.0,-17.782658,177.4216869,temporal_local_drop,False,69.36,63.22,77.25,High,False
INC-000250,542020041221088+20250827123136+Fiji-Nadi-LTE-DL-D!20250827114007,2025-08-27 01:38:16+02:00,2025-08-27 01:38:17+02:00,ECI:1065524.0,133.0,1065524.0,-17.782840635,177.421305585,ca_underperformance,False,95.66,92.11,100.0,Critical,False
INC-000251,542020041221088+20250827123136+Fiji-Nadi-LTE-DL-D!20250827114007,2025-08-27 01:38:42+02:00,2025-08-27 01:38:43+02:00,ECI:1069374.0,137.0,1069374.0,-17.784878980000002,177.41893196,temporal_local_drop,False,80.93,76.36,90.54,High,False
INC-000252,542020041221088+20250827123136+Fiji-Nadi-LTE-DL-D!20250827114007,2025-08-27 01:39:17+02:00,2025-08-27 01:39:17+02:00,ECI:1073724.0,361.0,1073724.0,-17.78778973,177.41614007,radio_limited_degradation,True,79.28,78.06,80.78,High,False
INC-000253,542020041221088+20250827123136+Fiji-Nadi-LTE-DL-D!20250827114007,2025-08-27 01:39:25+02:00,2025-08-27 01:39:25+02:00,ECI:1065537.0,137.0,1065537.0,-17.78845914,177.41550284,radio_limited_degradation,True,64.25,77.21,48.41,Medium,False
INC-000254,542020041221088+20250827123136+Fiji-Nadi-LTE-DL-D!20250827114007,2025-08-27 01:39:30+02:00,2025-08-27 01:39:31+02:00,ECI:1069377.0,137.0,1069377.0,-17.7890066,177.41498325,radio_limited_degradation,True,77.3,90.95,61.57,High,False
INC-000255,542020041221088+20250827123136+Fiji-Nadi-LTE-DL-D!20250827114007,2025-08-27 01:39:55+02:00,2025-08-27 01:39:56+02:00,ECI:1065527.0,133.0,1065527.0,-17.7910545,177.413005775,radio_limited_degradation,True,59.33,80.77,33.12,Medium,False
INC-000256,542020041221088+20250827123136+Fiji-Nadi-LTE-DL-D!20250827114007,2025-08-27 01:40:03+02:00,2025-08-27 01:40:04+02:00,ECI:1073696.0,363.0,1073696.0,-17.791763154999998,177.412332355,radio_limited_degradation,True,76.64,77.05,76.14,High,False
INC-000257,542020041221088+20250827123337+Fiji-Nadi-LTE-DL-D!20250827114216,2025-08-27 01:40:31+02:00,2025-08-27 01:40:32+02:00,ECI:1073736.0,363.0,1073736.0,-17.794352965,177.40983227499999,radio_limited_degradation,True,66.07,45.65,91.02,High,False
INC-000258,542020041221088+20250827123337+Fiji-Nadi-LTE-DL-D!20250827114216,2025-08-27 01:40:46+02:00,2025-08-27 01:40:49+02:00,ECI:1066271.0,487.0,1066271.0,-17.795778409999997,177.408481155,radio_limited_degradation,True,83.62,100.0,63.61,High,False
INC-000259,542020041221088+20250827123337+Fiji-Nadi-LTE-DL-D!20250827114216,2025-08-27 01:41:03+02:00,2025-08-27 01:41:13+02:00,ECI:1065271.0,146.0,1065271.0,-17.7967214,177.407518,radio_limited_degradation,True,82.52,99.98,61.6,High,False
INC-000260,542020041221088+20250827123337+Fiji-Nadi-LTE-DL-D!20250827114216,2025-08-27 01:41:19+02:00,2025-08-27 01:41:19+02:00,ECI:1073736.0,140.0,1073736.0,-17.79672137,177.40751802,ca_underperformance,False,64.95,58.37,72.99,Medium,False
INC-000261,542020041221088+20250827123337+Fiji-Nadi-LTE-DL-D!20250827114216,2025-08-27 01:41:23+02:00,2025-08-27 01:41:50+02:00,ECI:1065268.0,146.0,1065268.0,-17.7967214,177.407518,radio_limited_degradation,True,80.47,100.0,66.63,High,False
INC-000262,542020041221088+20250827123337+Fiji-Nadi-LTE-DL-D!20250827114216,2025-08-27 01:41:58+02:00,2025-08-27 01:41:59+02:00,ECI:1064725.0,148.0,1064725.0,-17.796784815000002,177.405898355,ca_underperformance,True,74.26,86.97,65.9,High,False
INC-000263,542020041221088+20250827123337+Fiji-Nadi-LTE-DL-D!20250827114216,2025-08-27 01:42:02+02:00,2025-08-27 01:42:07+02:00,ECI:1073736.0,363.0,1073736.0,-17.79678224,177.40520294499998,ca_underperformance,True,90.32,98.51,80.3,Medium,False
INC-000264,542020041221088+20250827123337+Fiji-Nadi-LTE-DL-D!20250827114216,2025-08-27 01:42:10+02:00,2025-08-27 01:42:10+02:00,ECI:1069080.0,148.0,1069080.0,-17.79676873,177.40460806,radio_limited_degradation,True,76.35,97.31,50.74,High,False
INC-000265,542020041221088+20250827123337+Fiji-Nadi-LTE-DL-D!20250827114216,2025-08-27 01:42:12+02:00,2025-08-27 01:42:13+02:00,ECI:1069077.0,140.0,1069077.0,-17.796768605,177.4043059,radio_limited_degradation,True,76.58,97.07,51.54,High,False
INC-000266,542020041221088+20250827123437+Fiji-Nadi-LTE-DL-D!20250827114425,2025-08-27 01:42:23+02:00,2025-08-27 01:42:23+02:00,EARFCN:9310.0|PCI:363.0,363.0,,-17.7967524,177.40302152,radio_limited_degradation,True,76.61,95.12,53.99,High,False
INC-000267,542020041221088+20250827123437+Fiji-Nadi-LTE-DL-D!20250827114425,2025-08-27 01:42:27+02:00,2025-08-27 01:42:30+02:00,ECI:1073736.0,363.0,1073736.0,-17.7967082,177.40228506,radio_limited_degradation,True,78.7,96.89,56.46,High,False
INC-000268,542020041221088+20250827123437+Fiji-Nadi-LTE-DL-D!20250827114425,2025-08-27 01:42:37+02:00,2025-08-27 01:42:40+02:00,ECI:1073736.0,335.0,1073736.0,-17.796569194999996,177.40110367,radio_limited_degradation,True,80.69,99.92,57.19,High,False
INC-000269,542020041221088+20250827123437+Fiji-Nadi-LTE-DL-D!20250827114425,2025-08-27 01:42:42+02:00,2025-08-27 01:42:44+02:00,ECI:1067590.0,140.0,1067590.0,-17.796493169999998,177.400473975,radio_limited_degradation,True,79.07,97.02,57.14,High,False
INC-000270,542020041221088+20250827123437+Fiji-Nadi-LTE-DL-D!20250827114425,2025-08-27 01:42:49+02:00,2025-08-27 01:42:52+02:00,ECI:1069087.0,140.0,1069087.0,-17.79639001,177.39959103,radio_limited_degradation,True,74.48,95.37,51.34,High,False
INC-000271,542020041221088+20250827123437+Fiji-Nadi-LTE-DL-D!20250827114425,2025-08-27 01:42:54+02:00,2025-08-27 01:42:54+02:00,ECI:1069127.0,140.0,1069127.0,-17.79633376,177.3991435,radio_limited_degradation,True,81.05,98.34,59.91,High,False
INC-000272,542020041221088+20250827123437+Fiji-Nadi-LTE-DL-D!20250827114425,2025-08-27 01:42:56+02:00,2025-08-27 01:42:56+02:00,ECI:1069077.0,140.0,1069077.0,-17.79630003,177.39888915,radio_limited_degradation,True,72.58,94.68,45.56,High,False
INC-000273,542020041221088+20250827123437+Fiji-Nadi-LTE-DL-D!20250827114425,2025-08-27 01:42:59+02:00,2025-08-27 01:42:59+02:00,ECI:1069127.0,140.0,1069127.0,-17.7962394,177.398381,radio_limited_degradation,True,75.92,94.08,53.73,High,False
INC-000274,542020041221088+20250827123437+Fiji-Nadi-LTE-DL-D!20250827114425,2025-08-27 01:43:01+02:00,2025-08-27 01:43:04+02:00,ECI:1069077.0,140.0,1069077.0,-17.796193549999998,177.397995425,radio_limited_degradation,True,75.5,93.75,53.19,High,False
INC-000275,542020041221088+20250827123437+Fiji-Nadi-LTE-DL-D!20250827114425,2025-08-27 01:43:13+02:00,2025-08-27 01:43:14+02:00,ECI:1069080.0,140.0,1069080.0,-17.795900605,177.39659968,radio_limited_degradation,True,73.72,91.64,61.26,High,False
INC-000276,542020041221088+20250827123437+Fiji-Nadi-LTE-DL-D!20250827114425,2025-08-27 01:43:24+02:00,2025-08-27 01:43:24+02:00,ECI:1069077.0,140.0,1069077.0,-17.79505953,177.39562875,radio_limited_degradation,True,72.85,86.65,55.98,High,False
INC-000277,542020041221088+20250827123437+Fiji-Nadi-LTE-DL-D!20250827114425,2025-08-27 01:43:26+02:00,2025-08-27 01:43:30+02:00,ECI:1069126.0,138.0,1069126.0,-17.79467099,177.39528271,radio_limited_degradation,True,85.85,99.93,75.3,High,False
INC-000278,542020041221088+20250827123437+Fiji-Nadi-LTE-DL-D!20250827114425,2025-08-27 01:43:36+02:00,2025-08-27 01:43:43+02:00,ECI:1069080.0,140.0,1069080.0,-17.7932205,177.39499905,radio_limited_degradation,True,83.13,97.34,81.74,High,False
INC-000279,542020041221088+20250827123437+Fiji-Nadi-LTE-DL-D!20250827114425,2025-08-27 01:44:02+02:00,2025-08-27 01:44:07+02:00,ECI:1069086.0,138.0,1069086.0,-17.790180905,177.394631455,radio_limited_degradation,True,74.54,94.34,50.34,High,False
INC-000280,542020041221088+20250827123437+Fiji-Nadi-LTE-DL-D!20250827114425,2025-08-27 01:44:09+02:00,2025-08-27 01:44:25+02:00,ECI:1069126.0,138.0,1069126.0,-17.78851967,177.39376441,radio_limited_degradation,True,66.34,92.5,36.52,Medium,False
INC-000281,542020041221088+20250827123517+Fiji-Nadi-LTE-DL-D!20250827114634,2025-08-27 01:44:33+02:00,2025-08-27 01:44:35+02:00,ECI:1069086.0,138.0,1069086.0,-17.7868025,177.39265007,ca_underperformance,True,71.0,68.78,73.71,Medium,False
INC-000282,542020041221088+20250827123517+Fiji-Nadi-LTE-DL-D!20250827114634,2025-08-27 01:44:37+02:00,2025-08-27 01:44:38+02:00,ECI:1069086.0,138.0,1069086.0,-17.78653793,177.39248342000002,radio_limited_degradation,True,56.63,76.55,32.29,Medium,False
INC-000283,542020041221088+20250827123517+Fiji-Nadi-LTE-DL-D!20250827114634,2025-08-27 01:44:48+02:00,2025-08-27 01:44:48+02:00,ECI:1069086.0,138.0,1069086.0,-17.7854355,177.3916431,radio_limited_degradation,True,68.3,85.94,46.73,High,False
INC-000284,542020041221088+20250827123517+Fiji-Nadi-LTE-DL-D!20250827114634,2025-08-27 01:44:52+02:00,2025-08-27 01:45:02+02:00,ECI:1069126.0,138.0,1069126.0,-17.78484699,177.3906459,radio_limited_degradation,True,79.52,98.26,71.27,High,False
INC-000285,542020041221088+20250827123517+Fiji-Nadi-LTE-DL-D!20250827114634,2025-08-27 01:45:05+02:00,2025-08-27 01:45:06+02:00,ECI:1069086.0,138.0,1069086.0,-17.7844121,177.38979711000002,radio_limited_degradation,True,82.76,99.86,62.3,High,False
INC-000286,542020041221088+20250827123517+Fiji-Nadi-LTE-DL-D!20250827114634,2025-08-27 01:45:10+02:00,2025-08-27 01:45:11+02:00,ECI:1069126.0,138.0,1069126.0,-17.78410644,177.389167835,radio_limited_degradation,True,56.01,74.06,33.95,Medium,False
INC-000287,542020041221088+20250827123517+Fiji-Nadi-LTE-DL-D!20250827114634,2025-08-27 01:45:16+02:00,2025-08-27 01:45:17+02:00,ECI:1069086.0,138.0,1069086.0,-17.783813260000002,177.38846268,radio_limited_degradation,True,65.82,87.32,39.55,High,False
INC-000288,542020041221088+20250827123517+Fiji-Nadi-LTE-DL-D!20250827114634,2025-08-27 01:45:19+02:00,2025-08-27 01:45:23+02:00,ECI:1069126.0,138.0,1069126.0,-17.783651499999998,177.387939535,radio_limited_degradation,True,60.71,82.81,36.5,Medium,False
INC-000289,542020041221088+20250827123517+Fiji-Nadi-LTE-DL-D!20250827114634,2025-08-27 01:45:25+02:00,2025-08-27 01:45:27+02:00,ECI:3623997.0,153.0,3623997.0,-17.7834063,177.3873432,radio_limited_degradation,True,82.63,99.98,61.43,High,False
INC-000290,542020041221088+20250827123517+Fiji-Nadi-LTE-DL-D!20250827114634,2025-08-27 01:45:49+02:00,2025-08-27 01:45:49+02:00,ECI:3623987.0,153.0,3623987.0,-17.78150941,177.38549635,ca_underperformance,False,81.52,81.5,81.54,High,False
INC-000291,542020041221088+20250827123517+Fiji-Nadi-LTE-DL-D!20250827114634,2025-08-27 01:46:09+02:00,2025-08-27 01:46:09+02:00,ECI:3624137.0,153.0,3624137.0,-17.77998904,177.38357653,radio_limited_degradation,True,71.66,60.86,84.85,High,False
INC-000292,542020041221088+20250827123638+Fiji-Nadi-LTE-DL-D!20250827114845,2025-08-27 01:46:43+02:00,2025-08-27 01:46:43+02:00,ECI:3624137.0,153.0,3624137.0,-17.7794851,177.38104013,temporal_local_drop,False,68.76,56.52,83.73,High,False
INC-000293,542020041221088+20250827123638+Fiji-Nadi-LTE-DL-D!20250827114845,2025-08-27 01:47:47+02:00,2025-08-27 01:47:52+02:00,ECI:3623990.0,158.0,3623990.0,-17.77769017,177.37738636,radio_limited_degradation,True,76.46,90.92,59.06,High,False
INC-000294,542020041221088+20250827123638+Fiji-Nadi-LTE-DL-D!20250827114845,2025-08-27 01:48:07+02:00,2025-08-27 01:48:07+02:00,ECI:1066816.0,158.0,1066816.0,-17.77688546,177.3764893,radio_limited_degradation,True,67.09,75.08,57.32,High,False
INC-000295,542020041221088+20250827123638+Fiji-Nadi-LTE-DL-D!20250827114845,2025-08-27 01:48:28+02:00,2025-08-27 01:48:45+02:00,ECI:1066816.0,158.0,1066816.0,-17.77540021,177.37535961,radio_limited_degradation,True,86.81,90.7,82.41,High,False
INC-000296,542020041221088+20250827123738+Fiji-Nadi-LTE-DL-D!20250827115101,2025-08-27 01:48:59+02:00,2025-08-27 01:48:59+02:00,EARFCN:40988.0|PCI:158.0,158.0,,-17.7742432,177.3748038,temporal_local_drop,False,78.55,71.4,87.28,High,False
INC-000297,542020041221088+20250827123738+Fiji-Nadi-LTE-DL-D!20250827115101,2025-08-27 01:49:05+02:00,2025-08-27 01:49:05+02:00,ECI:1066772.0,157.0,1066772.0,-17.7739675,177.3746823,rb_conditioned_expected_underperformance,False,75.4,55.78,99.39,High,False
INC-000298,542020041221088+20250827123738+Fiji-Nadi-LTE-DL-D!20250827115101,2025-08-27 01:49:12+02:00,2025-08-27 01:49:12+02:00,ECI:1066816.0,157.0,1066816.0,-17.7736596,177.3745738,temporal_sudden_drop,False,76.25,59.13,97.18,High,False
INC-000299,542020041221088+20250827123738+Fiji-Nadi-LTE-DL-D!20250827115101,2025-08-27 01:49:36+02:00,2025-08-27 01:49:36+02:00,ECI:1066772.0,157.0,1066772.0,-17.77270609,177.37426741,temporal_sudden_drop,False,64.98,54.27,78.07,Medium,False
INC-000300,542020041221088+20250827123818+Fiji-Nadi-LTE-DL-D!20250827115313,2025-08-27 01:51:16+02:00,2025-08-27 01:51:17+02:00,ECI:3623986.0,154.0,3623986.0,-17.76868868,177.376730785,ca_underperformance,False,55.33,46.73,66.35,Medium,False
INC-000301,542020041221088+20250827123818+Fiji-Nadi-LTE-DL-D!20250827115313,2025-08-27 01:51:21+02:00,2025-08-27 01:51:22+02:00,ECI:1066815.0,157.0,1066815.0,-17.768686549999998,177.37635845,radio_limited_degradation,True,82.78,87.7,78.77,High,False
INC-000302,542020041221088+20250827123818+Fiji-Nadi-LTE-DL-D!20250827115313,2025-08-27 01:52:09+02:00,2025-08-27 01:52:10+02:00,ECI:1066816.0,158.0,1066816.0,-17.771010575,177.37388648,radio_limited_degradation,True,83.01,83.18,82.8,High,False
INC-000303,542020041221088+20250827123858+Fiji-Nadi-LTE-DL-D!20250827115524,2025-08-27 01:54:21+02:00,2025-08-27 01:54:21+02:00,ECI:1066814.0,156.0,1066814.0,-17.77603561,177.36804676,radio_limited_degradation,True,91.51,91.29,91.77,Critical,False
INC-000304,542020041221088+20250827123858+Fiji-Nadi-LTE-DL-D!20250827115524,2025-08-27 01:54:27+02:00,2025-08-27 01:54:28+02:00,ECI:1066814.0,156.0,1066814.0,-17.7766342,177.36819839999998,temporal_local_drop,False,89.3,87.33,91.7,High,False
INC-000305,542020041221088+20250827123858+Fiji-Nadi-LTE-DL-D!20250827115524,2025-08-27 01:54:34+02:00,2025-08-27 01:54:36+02:00,ECI:1066814.0,156.0,1066814.0,-17.77721956,177.36827188,radio_limited_degradation,True,90.34,93.35,92.02,Critical,False
INC-000306,542020041221088+20250827123858+Fiji-Nadi-LTE-DL-D!20250827115524,2025-08-27 01:54:43+02:00,2025-08-27 01:54:45+02:00,ECI:1066814.0,156.0,1066814.0,-17.778143,177.3682994,radio_limited_degradation,True,87.55,85.31,92.55,High,False
INC-000307,542020041221088+20250827123858+Fiji-Nadi-LTE-DL-D!20250827115524,2025-08-27 01:54:53+02:00,2025-08-27 01:54:54+02:00,ECI:1066814.0,156.0,1066814.0,-17.778880975,177.36852469500002,radio_limited_degradation,True,88.47,85.46,92.14,High,False
INC-000308,542020041221088+20250827123938+Fiji-Nadi-LTE-DL-D!20250827115735,2025-08-27 01:56:31+02:00,2025-08-27 01:56:32+02:00,ECI:1066814.0,156.0,1066814.0,-17.772981975,177.367552645,radio_limited_degradation,True,87.62,91.56,82.8,High,False
INC-000309,542020041221088+20250827123938+Fiji-Nadi-LTE-DL-D!20250827115735,2025-08-27 01:56:48+02:00,2025-08-27 01:56:48+02:00,ECI:1066814.0,156.0,1066814.0,-17.77230661,177.36877039,temporal_local_drop,False,78.3,67.04,92.07,High,False
INC-000310,542020041221088+20250827123938+Fiji-Nadi-LTE-DL-D!20250827115735,2025-08-27 01:57:00+02:00,2025-08-27 01:57:00+02:00,ECI:1066814.0,156.0,1066814.0,-17.77200703,177.36971133,temporal_local_drop,False,82.53,73.77,93.24,High,False
INC-000311,542020041221088+20250827123938+Fiji-Nadi-LTE-DL-D!20250827115735,2025-08-27 01:57:13+02:00,2025-08-27 01:57:13+02:00,ECI:1066814.0,156.0,1066814.0,-17.77164701,177.37073744,radio_limited_degradation,True,82.08,81.49,82.8,High,False
INC-000312,542020041221088+20250827123938+Fiji-Nadi-LTE-DL-D!20250827115735,2025-08-27 01:57:32+02:00,2025-08-27 01:57:32+02:00,ECI:1066772.0,157.0,1066772.0,-17.7713502,177.3718861,temporal_local_drop,False,82.09,67.44,100.0,High,False
INC-000313,542020041221088+20250827124038+Fiji-Nadi-LTE-DL-D!20250827115945,2025-08-27 01:59:05+02:00,2025-08-27 01:59:05+02:00,ECI:3623958.0,155.0,3623958.0,-17.77313647,177.37702199,temporal_local_drop,False,66.82,51.02,86.14,High,False
INC-000314,542020041221088+20250827124539+Fiji-Nadi-LTE-DL-D!20250827120159,2025-08-27 02:00:44+02:00,2025-08-27 02:00:44+02:00,ECI:3623958.0,155.0,3623958.0,-17.77345692,177.38093898,temporal_local_drop,False,87.93,78.06,100.0,High,False
INC-000315,542020041221088+20250827130936+Fiji-Nadi-LTE-DL-D!20250827120414,2025-08-27 02:02:13+02:00,2025-08-27 02:02:13+02:00,ECI:3623958.0,155.0,3623958.0,-17.7728196,177.3803382,temporal_local_drop,False,67.3,55.91,81.22,High,False
INC-000316,542020041221088+20250827130936+Fiji-Nadi-LTE-DL-D!20250827120414,2025-08-27 02:02:35+02:00,2025-08-27 02:02:35+02:00,ECI:3623958.0,155.0,3623958.0,-17.7733388,177.3794864,radio_limited_degradation,True,73.56,61.16,88.72,High,False
INC-000317,542020041221088+20250827130936+Fiji-Nadi-LTE-DL-D!20250827120414,2025-08-27 02:03:09+02:00,2025-08-27 02:03:09+02:00,ECI:3623958.0,155.0,3623958.0,-17.77317708,177.37696177,temporal_local_drop,False,85.44,89.08,81.0,High,False
INC-000318,542020041221088+20250827130936+Fiji-Nadi-LTE-DL-D!20250827120414,2025-08-27 02:03:57+02:00,2025-08-27 02:03:57+02:00,ECI:1066816.0,158.0,1066816.0,-17.77388147,177.37472957,radio_limited_degradation,True,72.9,68.35,78.47,High,False
INC-000319,542020041221088+20250827131243+Fiji-Nadi-LTE-DL-D!20250827120629,2025-08-27 02:04:27+02:00,2025-08-27 02:04:27+02:00,EARFCN:40988.0|PCI:158.0,158.0,,-17.7755483,177.3755514,temporal_local_drop,False,78.87,61.66,99.9,High,False
INC-000320,542020041221088+20250827131243+Fiji-Nadi-LTE-DL-D!20250827120629,2025-08-27 02:04:53+02:00,2025-08-27 02:04:54+02:00,ECI:1066816.0,158.0,1066816.0,-17.776869419999997,177.37662947500002,radio_limited_degradation,True,71.67,86.9,57.01,High,False
INC-000321,542020041221088+20250827131243+Fiji-Nadi-LTE-DL-D!20250827120629,2025-08-27 02:04:57+02:00,2025-08-27 02:05:08+02:00,ECI:1066813.0,158.0,1066813.0,-17.777394469999997,177.377184165,radio_limited_degradation,True,77.34,90.81,61.6,High,False
INC-000322,542020041221088+20250827131243+Fiji-Nadi-LTE-DL-D!20250827120629,2025-08-27 02:05:51+02:00,2025-08-27 02:05:51+02:00,ECI:3624007.0,153.0,3624007.0,-17.7790601,177.3802797,temporal_local_drop,False,69.19,57.92,82.97,High,False
INC-000323,542020041221088+20250827131243+Fiji-Nadi-LTE-DL-D!20250827120629,2025-08-27 02:06:10+02:00,2025-08-27 02:06:10+02:00,ECI:3624007.0,153.0,3624007.0,-17.77932495,177.38104846,temporal_local_drop,False,68.29,60.64,77.64,High,False
INC-000324,542020041221088+20250827131523+Fiji-Nadi-LTE-DL-D!20250827120845,2025-08-27 02:07:01+02:00,2025-08-27 02:07:01+02:00,ECI:3623987.0,153.0,3623987.0,-17.78142541,177.3855024,ca_underperformance,False,79.31,77.37,81.69,High,False
INC-000325,542020041221088+20250827131523+Fiji-Nadi-LTE-DL-D!20250827120845,2025-08-27 02:07:06+02:00,2025-08-27 02:07:07+02:00,ECI:3623987.0,153.0,3623987.0,-17.78203225,177.3860899,temporal_local_drop,False,78.34,76.17,81.0,High,False
INC-000326,542020041221088+20250827131523+Fiji-Nadi-LTE-DL-D!20250827120845,2025-08-27 02:07:12+02:00,2025-08-27 02:07:14+02:00,ECI:1066812.0,157.0,1066812.0,-17.782619,177.3866351,radio_limited_degradation,True,78.4,78.67,80.02,High,False
INC-000327,542020041221088+20250827131523+Fiji-Nadi-LTE-DL-D!20250827120845,2025-08-27 02:07:31+02:00,2025-08-27 02:07:31+02:00,ECI:1069126.0,138.0,1069126.0,-17.78366831,177.38833223,radio_limited_degradation,True,71.71,76.72,65.58,High,False
INC-000328,542020041221088+20250827131523+Fiji-Nadi-LTE-DL-D!20250827120845,2025-08-27 02:07:52+02:00,2025-08-27 02:07:56+02:00,ECI:1067079.0,138.0,1067079.0,-17.78501106,177.39111244,radio_limited_degradation,True,84.29,98.4,73.64,High,False
INC-000329,542020041221088+20250827131523+Fiji-Nadi-LTE-DL-D!20250827120845,2025-08-27 02:08:11+02:00,2025-08-27 02:08:17+02:00,ECI:1069086.0,138.0,1069086.0,-17.786642105,177.392717165,radio_limited_degradation,True,80.64,99.95,57.03,High,False
INC-000330,542020041221088+20250827131523+Fiji-Nadi-LTE-DL-D!20250827120845,2025-08-27 02:08:25+02:00,2025-08-27 02:08:35+02:00,ECI:1069086.0,138.0,1069086.0,-17.788347,177.3938314,radio_limited_degradation,True,82.54,99.98,61.53,High,False
INC-000331,542020041221088+20250827131523+Fiji-Nadi-LTE-DL-D!20250827120845,2025-08-27 02:08:39+02:00,2025-08-27 02:08:41+02:00,ECI:1069126.0,138.0,1069126.0,-17.7895446,177.3944604,radio_limited_degradation,True,69.12,84.34,61.02,Medium,False
INC-000332,542020041221088+20250827131624+Fiji-Nadi-LTE-DL-D!20250827121056,2025-08-27 02:08:56+02:00,2025-08-27 02:08:57+02:00,ECI:1069086.0,138.0,1069086.0,-17.791500104999997,177.395207245,radio_limited_degradation,True,71.08,95.42,43.45,High,False
INC-000333,542020041221088+20250827131624+Fiji-Nadi-LTE-DL-D!20250827121056,2025-08-27 02:09:15+02:00,2025-08-27 02:09:17+02:00,ECI:1069080.0,140.0,1069080.0,-17.79407363,177.39503179,ca_underperformance,True,58.08,77.82,67.21,Medium,False
INC-000334,542020041221088+20250827131624+Fiji-Nadi-LTE-DL-D!20250827121056,2025-08-27 02:09:21+02:00,2025-08-27 02:09:26+02:00,ECI:1069126.0,138.0,1069126.0,-17.79487168,177.39556471499998,radio_limited_degradation,True,73.14,93.38,48.41,High,False
INC-000335,542020041221088+20250827131624+Fiji-Nadi-LTE-DL-D!20250827121056,2025-08-27 02:10:15+02:00,2025-08-27 02:10:16+02:00,ECI:1067720.0,140.0,1067720.0,-17.796559199999997,177.40154485,radio_limited_degradation,True,87.73,96.63,76.86,High,False
INC-000336,542020041221088+20250827131624+Fiji-Nadi-LTE-DL-D!20250827121056,2025-08-27 02:10:19+02:00,2025-08-27 02:10:20+02:00,ECI:1073736.0,363.0,1073736.0,-17.796591355,177.401934575,radio_limited_degradation,True,69.79,76.97,72.76,High,False
INC-000337,542020041221088+20250827131624+Fiji-Nadi-LTE-DL-D!20250827121056,2025-08-27 02:10:24+02:00,2025-08-27 02:10:27+02:00,ECI:1073726.0,363.0,1073726.0,-17.796670499999998,177.40268609999998,ca_underperformance,True,81.46,96.45,82.12,High,False
INC-000338,542020041221088+20250827131624+Fiji-Nadi-LTE-DL-D!20250827121056,2025-08-27 02:10:32+02:00,2025-08-27 02:10:38+02:00,ECI:1067573.0,151.0,1067573.0,-17.7966899,177.4037632,radio_limited_degradation,True,83.43,99.99,72.97,High,False
INC-000339,542020041221088+20250827131624+Fiji-Nadi-LTE-DL-D!20250827121056,2025-08-27 02:10:40+02:00,2025-08-27 02:10:43+02:00,ECI:1069383.0,135.0,1069383.0,-17.796695550000003,177.4045259,radio_limited_degradation,True,81.84,100.0,59.66,High,False
INC-000340,542020041221088+20250827131624+Fiji-Nadi-LTE-DL-D!20250827121056,2025-08-27 02:10:51+02:00,2025-08-27 02:10:56+02:00,ECI:1069077.0,363.0,1069077.0,-17.79670615,177.40581930000002,radio_limited_degradation,True,87.67,95.09,78.61,High,False
INC-000341,542020041221088+20250827131704+Fiji-Nadi-LTE-DL-D!20250827121308,2025-08-27 02:11:05+02:00,2025-08-27 02:11:05+02:00,EARFCN:40988.0|PCI:363.0,363.0,,-17.7968201,177.4069989,ca_underperformance,False,74.7,65.8,85.58,High,False
INC-000342,542020041221088+20250827131704+Fiji-Nadi-LTE-DL-D!20250827121308,2025-08-27 02:11:11+02:00,2025-08-27 02:11:26+02:00,ECI:1065268.0,146.0,1065268.0,-17.79683285,177.40709535,radio_limited_degradation,True,87.67,99.79,81.74,High,False
INC-000343,542020041221088+20250827131704+Fiji-Nadi-LTE-DL-D!20250827121308,2025-08-27 02:11:33+02:00,2025-08-27 02:11:35+02:00,ECI:1073736.0,363.0,1073736.0,-17.7968346,177.4070942,radio_limited_degradation,True,54.24,73.55,32.29,Medium,False
INC-000344,542020041221088+20250827131704+Fiji-Nadi-LTE-DL-D!20250827121308,2025-08-27 02:11:41+02:00,2025-08-27 02:11:43+02:00,ECI:1073726.0,363.0,1073726.0,-17.7968343,177.407094,ca_underperformance,True,79.57,98.79,83.54,High,False
INC-000345,542020041221088+20250827131704+Fiji-Nadi-LTE-DL-D!20250827121308,2025-08-27 02:11:45+02:00,2025-08-27 02:11:46+02:00,ECI:1073729.0,363.0,1073729.0,-17.7968343,177.4070941,ca_underperformance,False,61.99,59.49,65.05,Medium,False
INC-000346,542020041221088+20250827131704+Fiji-Nadi-LTE-DL-D!20250827121308,2025-08-27 02:11:53+02:00,2025-08-27 02:11:53+02:00,ECI:1073729.0,363.0,1073729.0,-17.7968343,177.4070941,radio_limited_degradation,True,85.79,85.83,85.74,High,False
INC-000347,542020041221088+20250827131704+Fiji-Nadi-LTE-DL-D!20250827121308,2025-08-27 02:11:56+02:00,2025-08-27 02:11:59+02:00,ECI:1073726.0,363.0,1073726.0,-17.7968343,177.4070941,ca_underperformance,True,76.84,84.79,79.94,High,False
INC-000348,542020041221088+20250827131704+Fiji-Nadi-LTE-DL-D!20250827121308,2025-08-27 02:12:03+02:00,2025-08-27 02:12:04+02:00,ECI:1073736.0,146.0,1073736.0,-17.7968343,177.4070941,radio_limited_degradation,True,75.39,97.47,69.08,High,False
INC-000349,542020041221088+20250827131704+Fiji-Nadi-LTE-DL-D!20250827121308,2025-08-27 02:12:06+02:00,2025-08-27 02:12:07+02:00,ECI:1073726.0,363.0,1073726.0,-17.7968343,177.4070941,ca_underperformance,False,70.09,65.89,75.22,High,False
INC-000350,542020041221088+20250827131704+Fiji-Nadi-LTE-DL-D!20250827121308,2025-08-27 02:12:09+02:00,2025-08-27 02:12:12+02:00,ECI:1065268.0,146.0,1065268.0,-17.7968343,177.4070941,ca_underperformance,True,80.73,97.93,69.66,High,False
INC-000351,542020041221088+20250827131704+Fiji-Nadi-LTE-DL-D!20250827121308,2025-08-27 02:12:17+02:00,2025-08-27 02:12:20+02:00,ECI:1073726.0,135.0,1073726.0,-17.7968343,177.40709418,ca_underperformance,True,69.83,70.16,73.16,High,False
INC-000352,542020041221088+20250827131704+Fiji-Nadi-LTE-DL-D!20250827121308,2025-08-27 02:12:22+02:00,2025-08-27 02:12:25+02:00,ECI:1069080.0,140.0,1069080.0,-17.796837915,177.40711042499998,ca_underperformance,True,76.73,98.26,76.73,High,False
INC-000353,542020041221088+20250827131704+Fiji-Nadi-LTE-DL-D!20250827121308,2025-08-27 02:12:29+02:00,2025-08-27 02:12:29+02:00,ECI:1073736.0,363.0,1073736.0,-17.7968805,177.4073999,radio_limited_degradation,True,63.46,88.28,33.12,Medium,False
INC-000354,542020041221088+20250827131704+Fiji-Nadi-LTE-DL-D!20250827121308,2025-08-27 02:12:31+02:00,2025-08-27 02:12:33+02:00,ECI:1069077.0,363.0,1069077.0,-17.79692301,177.40759308,radio_limited_degradation,True,72.71,94.64,47.54,High,False
INC-000355,542020041221088+20250827131704+Fiji-Nadi-LTE-DL-D!20250827121308,2025-08-27 02:12:35+02:00,2025-08-27 02:12:39+02:00,ECI:1069383.0,363.0,1069383.0,-17.79701731,177.40810156,radio_limited_degradation,True,71.29,93.7,61.02,High,False
INC-000356,542020041221088+20250827131704+Fiji-Nadi-LTE-DL-D!20250827121308,2025-08-27 02:12:41+02:00,2025-08-27 02:12:45+02:00,ECI:1065236.0,144.0,1065236.0,-17.79719625,177.40876174,ca_underperformance,True,75.74,89.21,79.94,High,False
INC-000357,542020041221088+20250827131704+Fiji-Nadi-LTE-DL-D!20250827121308,2025-08-27 02:12:47+02:00,2025-08-27 02:12:51+02:00,ECI:1065271.0,146.0,1065271.0,-17.79740797,177.409419,radio_limited_degradation,True,82.29,99.99,76.36,High,False
INC-000358,542020041221088+20250827131944+Fiji-Nadi-LTE-DL-D!20250827121729,2025-08-27 02:15:53+02:00,2025-08-27 02:15:53+02:00,ECI:1073715.0,362.0,1073715.0,-17.7976654,177.4157472,temporal_local_drop,False,73.03,66.29,81.27,High,False
INC-000359,542020041221088+20250827131944+Fiji-Nadi-LTE-DL-D!20250827121729,2025-08-27 02:16:04+02:00,2025-08-27 02:16:04+02:00,ECI:1064754.0,146.0,1064754.0,-17.7979367,177.4160185,temporal_local_drop,False,70.97,68.07,74.52,High,False
INC-000360,542020041221088+20250827131944+Fiji-Nadi-LTE-DL-D!20250827121729,2025-08-27 02:16:43+02:00,2025-08-27 02:16:45+02:00,ECI:1068064.0,143.0,1068064.0,-17.7997165,177.41785714,ca_underperformance,True,64.69,59.12,71.49,Medium,False
INC-000361,542020041221088+20250827132124+Fiji-Nadi-LTE-DL-D!20250827121942,2025-08-27 02:19:16+02:00,2025-08-27 02:19:17+02:00,ECI:1064765.0,148.0,1064765.0,-17.804299675,177.42366399000002,radio_limited_degradation,True,82.55,75.28,91.44,High,False
INC-000362,542020041221088+20250827132124+Fiji-Nadi-LTE-DL-D!20250827121942,2025-08-27 02:19:27+02:00,2025-08-27 02:19:27+02:00,ECI:1064765.0,148.0,1064765.0,-17.80443042,177.42408604,temporal_local_drop,False,66.7,47.95,89.62,High,False
INC-000363,542020041221088+20250827132304+Fiji-Nadi-LTE-DL-D!20250827122156,2025-08-27 02:21:20+02:00,2025-08-27 02:21:20+02:00,ECI:1064757.0,147.0,1064757.0,-17.80476123,177.42038465,ca_underperformance,False,80.51,76.33,85.61,High,False
INC-000364,542020041221088+20250827132304+Fiji-Nadi-LTE-DL-D!20250827122156,2025-08-27 02:21:33+02:00,2025-08-27 02:21:33+02:00,ECI:1065269.0,144.0,1065269.0,-17.80387452,177.41972233,ca_underperformance,False,75.01,54.56,100.0,High,False
INC-000365,542020041221088+20250827132444+Fiji-Nadi-LTE-DL-D!20250827122410,2025-08-27 02:22:29+02:00,2025-08-27 02:22:29+02:00,ECI:1064759.0,149.0,1064759.0,-17.806679,177.4188663,radio_limited_degradation,True,82.43,78.43,87.31,High,False
INC-000366,542020041221088+20250827132625+Fiji-Nadi-LTE-DL-D!20250827122623,2025-08-27 02:25:09+02:00,2025-08-27 02:25:09+02:00,ECI:1064759.0,149.0,1064759.0,-17.80704012,177.41811573,temporal_local_drop,False,69.12,57.7,83.07,High,False
INC-000367,542020041221088+20250827132625+Fiji-Nadi-LTE-DL-D!20250827122623,2025-08-27 02:26:00+02:00,2025-08-27 02:26:03+02:00,ECI:1064759.0,149.0,1064759.0,-17.8070401,177.4181157,radio_limited_degradation,True,87.26,90.9,82.8,High,False
INC-000368,542020041221088+20250827132625+Fiji-Nadi-LTE-DL-D!20250827122623,2025-08-27 02:26:21+02:00,2025-08-27 02:26:23+02:00,ECI:1064759.0,149.0,1064759.0,-17.8070401,177.4181157,temporal_local_drop,False,77.63,62.91,95.63,Medium,False
INC-000369,542020041221088+20250827132825+Fiji-Nadi-LTE-DL-D!20250827122826,2025-08-27 02:26:34+02:00,2025-08-27 02:26:34+02:00,ECI:1064759.0,149.0,1064759.0,-17.8070401,177.4181157,rb_conditioned_expected_underperformance,False,67.19,57.16,79.44,High,False
INC-000370,542020041221088+20250827132825+Fiji-Nadi-LTE-DL-D!20250827122826,2025-08-27 02:26:47+02:00,2025-08-27 02:26:49+02:00,ECI:1064759.0,149.0,1064759.0,-17.8070401,177.4181157,ca_underperformance,False,93.68,88.51,100.0,Critical,False
INC-000371,542020041221088+20250827132825+Fiji-Nadi-LTE-DL-D!20250827122826,2025-08-27 02:26:56+02:00,2025-08-27 02:26:56+02:00,ECI:1064759.0,149.0,1064759.0,-17.8070401,177.4181157,temporal_local_drop,False,68.32,60.36,78.06,High,False
INC-000372,542020041221088+20250827132825+Fiji-Nadi-LTE-DL-D!20250827122826,2025-08-27 02:27:40+02:00,2025-08-27 02:27:41+02:00,ECI:1064759.0,149.0,1064759.0,-17.8070401,177.4181157,radio_condition_expected_underperformance,False,65.28,56.33,76.76,High,False
INC-000373,542020041221088+20250827133005+Fiji-Nadi-LTE-DL-D!20250827124117,2025-08-27 02:39:22+02:00,2025-08-27 02:39:27+02:00,ECI:1064759.0,149.0,1064759.0,-17.8070166,177.418,radio_limited_degradation,True,84.36,90.95,76.31,High,False
INC-000374,542020041221088+20250827133005+Fiji-Nadi-LTE-DL-D!20250827124117,2025-08-27 02:40:09+02:00,2025-08-27 02:40:09+02:00,ECI:1064759.0,149.0,1064759.0,-17.8070167,177.4180018,rb_conditioned_expected_underperformance,False,69.03,56.71,84.09,High,False
INC-000375,542020041221088+20250827133105+Fiji-Nadi-LTE-DL-D!20250827124329,2025-08-27 02:42:42+02:00,2025-08-27 02:42:43+02:00,ECI:1065269.0,144.0,1065269.0,-17.8056945,177.4149004,radio_limited_degradation,True,84.62,90.79,77.09,High,False
INC-000376,542020041221088+20250827133105+Fiji-Nadi-LTE-DL-D!20250827124329,2025-08-27 02:42:48+02:00,2025-08-27 02:42:48+02:00,ECI:1065269.0,144.0,1065269.0,-17.80569135,177.4148998,temporal_local_drop,False,68.55,62.71,75.68,High,False
INC-000377,542020041221088+20250827133105+Fiji-Nadi-LTE-DL-D!20250827124329,2025-08-27 02:42:53+02:00,2025-08-27 02:42:56+02:00,ECI:1065269.0,144.0,1065269.0,-17.805689389999998,177.414900675,radio_limited_degradation,True,87.08,90.69,82.8,High,False
INC-000378,542020041221088+20250827133105+Fiji-Nadi-LTE-DL-D!20250827124329,2025-08-27 02:42:58+02:00,2025-08-27 02:43:03+02:00,ECI:1065269.0,144.0,1065269.0,-17.80568873,177.414903125,radio_limited_degradation,True,79.07,68.04,92.56,High,False
INC-000379,542020041221088+20250827133105+Fiji-Nadi-LTE-DL-D!20250827124329,2025-08-27 02:43:05+02:00,2025-08-27 02:43:05+02:00,ECI:1065269.0,144.0,1065269.0,-17.80568759,177.41490368,temporal_sudden_drop,False,67.26,57.85,78.75,High,False
INC-000380,542020041221088+20250827133105+Fiji-Nadi-LTE-DL-D!20250827124329,2025-08-27 02:43:10+02:00,2025-08-27 02:43:12+02:00,ECI:1065269.0,144.0,1065269.0,-17.80568679,177.41490383,temporal_local_drop,False,65.79,58.72,75.08,High,False
INC-000381,542020041221088+20250827133105+Fiji-Nadi-LTE-DL-D!20250827124329,2025-08-27 02:43:22+02:00,2025-08-27 02:43:22+02:00,ECI:1065269.0,144.0,1065269.0,-17.8056849,177.4149043,temporal_local_drop,False,71.27,64.57,79.46,High,False
INC-000382,542020041221088+20250827133206+Fiji-Nadi-LTE-DL-D!20250827125008,2025-08-27 02:49:04+02:00,2025-08-27 02:49:04+02:00,ECI:1065269.0,144.0,1065269.0,-17.8017712,177.415997,radio_limited_degradation,True,80.44,97.82,59.19,High,False
INC-000383,542020041221088+20250827133206+Fiji-Nadi-LTE-DL-D!20250827125008,2025-08-27 02:49:15+02:00,2025-08-27 02:49:17+02:00,ECI:1064757.0,147.0,1064757.0,-17.8015818,177.41607034999998,radio_limited_degradation,True,72.19,78.23,64.8,High,False
INC-000384,542020041221088+20250827133206+Fiji-Nadi-LTE-DL-D!20250827125008,2025-08-27 02:49:32+02:00,2025-08-27 02:49:32+02:00,ECI:1064757.0,147.0,1064757.0,-17.8015101,177.4160956,radio_limited_degradation,True,64.81,73.1,54.68,Medium,False
INC-000385,542020041221088+20250827133206+Fiji-Nadi-LTE-DL-D!20250827125008,2025-08-27 02:49:36+02:00,2025-08-27 02:49:36+02:00,ECI:1065271.0,146.0,1065271.0,-17.8014734,177.4161111,radio_limited_degradation,True,69.85,89.12,46.3,High,False
INC-000386,542020041221088+20250827133206+Fiji-Nadi-LTE-DL-D!20250827125008,2025-08-27 02:49:40+02:00,2025-08-27 02:49:40+02:00,ECI:1064757.0,146.0,1064757.0,-17.801391,177.4161423,radio_limited_degradation,True,67.8,90.93,39.53,High,False
INC-000387,542020041221088+20250827133406+Fiji-Nadi-LTE-DL-D!20250827125219,2025-08-27 02:50:17+02:00,2025-08-27 02:50:22+02:00,ECI:1064757.0,147.0,1064757.0,-17.79985855,177.41682600000001,radio_limited_degradation,True,69.58,84.49,66.38,High,False
INC-000388,542020041221088+20250827133406+Fiji-Nadi-LTE-DL-D!20250827125219,2025-08-27 02:50:31+02:00,2025-08-27 02:50:34+02:00,ECI:1073728.0,147.0,1073728.0,-17.7996826,177.4172294,ca_underperformance,False,73.83,71.7,76.44,High,False
INC-000389,542020041221088+20250827133406+Fiji-Nadi-LTE-DL-D!20250827125219,2025-08-27 02:50:50+02:00,2025-08-27 02:50:51+02:00,ECI:1064767.0,147.0,1064767.0,-17.80011155,177.4179079,radio_limited_degradation,True,68.13,83.57,49.25,High,False
INC-000390,542020041221088+20250827133446+Fiji-Nadi-LTE-DL-D!20250827125432,2025-08-27 02:53:58+02:00,2025-08-27 02:54:05+02:00,ECI:1065250.0,331.0,1065250.0,-17.8033869,177.414708,ca_underperformance,True,66.15,67.54,71.42,Medium,False
INC-000391,542020041221088+20250827133546+Fiji-Nadi-LTE-DL-D!20250827125646,2025-08-27 02:56:07+02:00,2025-08-27 02:56:08+02:00,ECI:1065268.0,146.0,1065268.0,-17.80171715,177.41451890000002,temporal_local_drop,False,66.4,60.15,76.47,High,True
INC-000392,542020041221088+20250827133707+Fiji-Nadi-LTE-DL-D!20250827125859,2025-08-27 02:58:21+02:00,2025-08-27 02:58:21+02:00,ECI:1065281.0,146.0,1065281.0,-17.7988778,177.4164459,radio_limited_degradation,True,73.83,69.94,78.59,High,False
INC-000393,542020041221088+20250827133707+Fiji-Nadi-LTE-DL-D!20250827125859,2025-08-27 02:58:40+02:00,2025-08-27 02:58:41+02:00,ECI:1073715.0,362.0,1073715.0,-17.7977225,177.41582525,ca_underperformance,False,63.61,57.34,71.28,Medium,False
INC-000394,542020041221088+20250827133707+Fiji-Nadi-LTE-DL-D!20250827125859,2025-08-27 02:58:44+02:00,2025-08-27 02:58:46+02:00,ECI:1064767.0,147.0,1064767.0,-17.7976303,177.415852,radio_limited_degradation,True,75.73,69.94,82.8,High,False
INC-000395,542020041221088+20250827133827+Fiji-Nadi-LTE-DL-D!20250827130111,2025-08-27 03:00:29+02:00,2025-08-27 03:00:30+02:00,ECI:1064737.0,309.0,1064737.0,-17.794748990000002,177.421121935,radio_limited_degradation,True,76.58,90.69,68.59,High,False
INC-000396,542020041221088+20250827133827+Fiji-Nadi-LTE-DL-D!20250827130111,2025-08-27 03:01:10+02:00,2025-08-27 03:01:10+02:00,ECI:1065543.0,132.0,1065543.0,-17.792373,177.4232739,ca_underperformance,False,79.48,81.72,76.75,High,False
INC-000397,542020041221088+20250827133907+Fiji-Nadi-LTE-DL-D!20250827130324,2025-08-27 03:01:25+02:00,2025-08-27 03:01:25+02:00,ECI:1064737.0,394.0,1064737.0,-17.7913949,177.4243525,radio_limited_degradation,True,75.05,72.93,77.63,High,False
INC-000398,542020041221088+20250827133907+Fiji-Nadi-LTE-DL-D!20250827130324,2025-08-27 03:01:49+02:00,2025-08-27 03:01:50+02:00,ECI:1065506.0,132.0,1065506.0,-17.789895745000003,177.426637955,temporal_local_drop,False,72.78,61.83,86.17,High,False
INC-000399,542020041221088+20250827133907+Fiji-Nadi-LTE-DL-D!20250827130324,2025-08-27 03:01:56+02:00,2025-08-27 03:01:56+02:00,ECI:1065506.0,322.0,1065506.0,-17.78942887,177.42703991,radio_limited_degradation,True,91.57,84.68,100.0,Critical,False
INC-000400,542020041221088+20250827133907+Fiji-Nadi-LTE-DL-D!20250827130324,2025-08-27 03:02:02+02:00,2025-08-27 03:02:02+02:00,ECI:1065506.0,322.0,1065506.0,-17.78911716,177.42723715,radio_limited_degradation,True,89.5,94.98,82.8,High,False
INC-000401,542020041221088+20250827133907+Fiji-Nadi-LTE-DL-D!20250827130324,2025-08-27 03:02:14+02:00,2025-08-27 03:02:14+02:00,ECI:1065506.0,322.0,1065506.0,-17.78792,177.4275765,temporal_local_drop,False,71.71,63.91,81.25,High,False
INC-000402,542020041221088+20250827133907+Fiji-Nadi-LTE-DL-D!20250827130324,2025-08-27 03:02:22+02:00,2025-08-27 03:02:22+02:00,ECI:1065502.0,322.0,1065502.0,-17.78715075,177.42771448,ca_underperformance,False,76.5,74.28,79.22,High,False
INC-000403,542020041221088+20250827133907+Fiji-Nadi-LTE-DL-D!20250827130324,2025-08-27 03:02:29+02:00,2025-08-27 03:02:30+02:00,ECI:1065502.0,134.0,1065502.0,-17.78625307,177.42794143499998,radio_limited_degradation,True,70.31,60.89,81.82,High,False
INC-000404,542020041221088+20250827133907+Fiji-Nadi-LTE-DL-D!20250827130324,2025-08-27 03:02:40+02:00,2025-08-27 03:02:45+02:00,ECI:1067828.0,127.0,1067828.0,-17.78486397,177.42824837,radio_limited_degradation,True,80.84,90.96,93.15,High,False
INC-000405,542020041221088+20250827133907+Fiji-Nadi-LTE-DL-D!20250827130324,2025-08-27 03:02:53+02:00,2025-08-27 03:02:54+02:00,ECI:1065505.0,321.0,1065505.0,-17.783592634999998,177.42865783000002,ca_underperformance,True,89.75,81.37,100.0,High,False
INC-000406,542020041221088+20250827134107+Fiji-Nadi-LTE-DL-D!20250827130537,2025-08-27 03:04:00+02:00,2025-08-27 03:04:01+02:00,ECI:1072662.0,394.0,1072662.0,-17.780757729999998,177.431114815,temporal_local_drop,False,70.45,61.82,81.0,High,False
INC-000407,542020041221088+20250827134107+Fiji-Nadi-LTE-DL-D!20250827130537,2025-08-27 03:04:10+02:00,2025-08-27 03:04:10+02:00,ECI:1065535.0,394.0,1065535.0,-17.78078133,177.43160185,temporal_local_drop,False,92.04,92.0,92.08,Critical,False
INC-000408,542020041221088+20250827134107+Fiji-Nadi-LTE-DL-D!20250827130537,2025-08-27 03:04:22+02:00,2025-08-27 03:04:24+02:00,ECI:1065535.0,394.0,1065535.0,-17.7808043,177.43218505,radio_limited_degradation,True,89.9,95.72,100.0,High,False
INC-000409,542020041221088+20250827134107+Fiji-Nadi-LTE-DL-D!20250827130537,2025-08-27 03:04:30+02:00,2025-08-27 03:04:31+02:00,ECI:1065535.0,394.0,1065535.0,-17.780850155,177.432604115,temporal_local_drop,False,81.61,80.3,100.0,High,False
INC-000410,542020041221088+20250827134107+Fiji-Nadi-LTE-DL-D!20250827130537,2025-08-27 03:04:41+02:00,2025-08-27 03:04:42+02:00,ECI:1072704.0,395.0,1072704.0,-17.780907905,177.4333503,radio_limited_degradation,True,85.0,88.27,82.8,High,False
INC-000411,542020041221088+20250827134107+Fiji-Nadi-LTE-DL-D!20250827130537,2025-08-27 03:04:49+02:00,2025-08-27 03:04:50+02:00,ECI:1072704.0,395.0,1072704.0,-17.78094296,177.43380797999998,temporal_local_drop,False,87.53,92.87,81.0,High,False
INC-000412,542020041221088+20250827134107+Fiji-Nadi-LTE-DL-D!20250827130537,2025-08-27 03:04:56+02:00,2025-08-27 03:04:57+02:00,ECI:1072704.0,395.0,1072704.0,-17.780964275000002,177.43382383,radio_limited_degradation,True,90.39,98.07,82.8,Critical,False
INC-000413,542020041221088+20250827134107+Fiji-Nadi-LTE-DL-D!20250827130537,2025-08-27 03:05:03+02:00,2025-08-27 03:05:08+02:00,ECI:1072704.0,395.0,1072704.0,-17.780945365,177.43373767499997,ca_underperformance,False,98.96,98.11,100.0,Critical,False
INC-000414,542020041221088+20250827134107+Fiji-Nadi-LTE-DL-D!20250827130537,2025-08-27 03:05:14+02:00,2025-08-27 03:05:16+02:00,ECI:1072704.0,395.0,1072704.0,-17.78093346,177.43333434,temporal_local_drop,False,86.74,91.44,100.0,High,False
INC-000415,542020041221088+20250827134247+Fiji-Nadi-LTE-DL-D!20250827130749,2025-08-27 03:05:53+02:00,2025-08-27 03:05:54+02:00,ECI:1072702.0,394.0,1072702.0,-17.78081721,177.43155401,temporal_local_drop,False,80.13,64.75,98.93,High,False
INC-000416,542020041221088+20250827134247+Fiji-Nadi-LTE-DL-D!20250827130749,2025-08-27 03:06:01+02:00,2025-08-27 03:06:01+02:00,ECI:1072702.0,394.0,1072702.0,-17.7807976,177.4313552,temporal_local_drop,False,92.49,93.53,91.21,Critical,False
INC-000417,542020041221088+20250827134247+Fiji-Nadi-LTE-DL-D!20250827130749,2025-08-27 03:06:08+02:00,2025-08-27 03:06:10+02:00,ECI:1072702.0,394.0,1072702.0,-17.7807785,177.431005,radio_limited_degradation,True,93.71,94.91,92.25,Critical,False
INC-000418,542020041221088+20250827134247+Fiji-Nadi-LTE-DL-D!20250827130749,2025-08-27 03:06:16+02:00,2025-08-27 03:06:17+02:00,ECI:1072702.0,394.0,1072702.0,-17.78074616,177.430626565,ca_underperformance,False,95.84,92.43,100.0,Critical,False
INC-000419,542020041221088+20250827134247+Fiji-Nadi-LTE-DL-D!20250827130749,2025-08-27 03:06:24+02:00,2025-08-27 03:06:24+02:00,ECI:1072702.0,394.0,1072702.0,-17.7807159,177.430205,temporal_local_drop,False,66.3,62.03,71.51,High,False
INC-000420,542020041221088+20250827134247+Fiji-Nadi-LTE-DL-D!20250827130749,2025-08-27 03:06:42+02:00,2025-08-27 03:06:42+02:00,ECI:1072702.0,394.0,1072702.0,-17.78071471,177.4301838,ca_underperformance,False,87.98,78.15,100.0,High,False
INC-000421,542020041221088+20250827134247+Fiji-Nadi-LTE-DL-D!20250827130749,2025-08-27 03:06:50+02:00,2025-08-27 03:06:50+02:00,ECI:1072702.0,394.0,1072702.0,-17.78071471,177.4301838,radio_limited_degradation,True,87.41,91.19,82.8,High,False
INC-000422,542020041221088+20250827134247+Fiji-Nadi-LTE-DL-D!20250827130749,2025-08-27 03:06:58+02:00,2025-08-27 03:06:59+02:00,ECI:1072702.0,394.0,1072702.0,-17.780714705,177.4301838,radio_limited_degradation,True,94.38,89.79,100.0,Critical,False
INC-000423,542020041221088+20250827134247+Fiji-Nadi-LTE-DL-D!20250827130749,2025-08-27 03:07:07+02:00,2025-08-27 03:07:08+02:00,ECI:1072702.0,394.0,1072702.0,-17.7807147,177.4301838,temporal_local_drop,False,84.99,88.26,100.0,High,False
INC-000424,542020041221088+20250827134247+Fiji-Nadi-LTE-DL-D!20250827130749,2025-08-27 03:07:17+02:00,2025-08-27 03:07:17+02:00,ECI:1072702.0,394.0,1072702.0,-17.7806022,177.4300396,temporal_local_drop,False,82.85,84.36,81.0,High,False
INC-000425,542020041221088+20250827134247+Fiji-Nadi-LTE-DL-D!20250827130749,2025-08-27 03:07:22+02:00,2025-08-27 03:07:23+02:00,ECI:1065532.0,134.0,1065532.0,-17.780312719999998,177.43014356,temporal_local_drop,False,59.8,59.24,65.34,Medium,False
INC-000426,542020041221088+20250827134247+Fiji-Nadi-LTE-DL-D!20250827130749,2025-08-27 03:07:40+02:00,2025-08-27 03:07:40+02:00,ECI:1067032.0,131.0,1067032.0,-17.77883961,177.43113425,ca_underperformance,False,66.21,49.48,86.66,High,False
INC-000427,542020041221088+20250827134247+Fiji-Nadi-LTE-DL-D!20250827130749,2025-08-27 03:07:45+02:00,2025-08-27 03:07:47+02:00,ECI:1067153.0,338.0,1067153.0,-17.77862113,177.43099077,radio_limited_degradation,True,87.24,90.88,82.8,High,False
INC-000428,542020041221088+20250827134347+Fiji-Nadi-LTE-DL-D!20250827131002,2025-08-27 03:08:23+02:00,2025-08-27 03:08:24+02:00,ECI:1067032.0,131.0,1067032.0,-17.7771035,177.43095425,radio_limited_degradation,True,79.01,79.23,78.75,High,False
INC-000429,542020041221088+20250827134347+Fiji-Nadi-LTE-DL-D!20250827131002,2025-08-27 03:08:46+02:00,2025-08-27 03:08:46+02:00,ECI:1067060.0,129.0,1067060.0,-17.77657663,177.43005868,radio_limited_degradation,True,81.3,80.07,82.8,High,False
INC-000430,542020041221088+20250827134347+Fiji-Nadi-LTE-DL-D!20250827131002,2025-08-27 03:09:34+02:00,2025-08-27 03:09:35+02:00,ECI:1067060.0,129.0,1067060.0,-17.776423095,177.42989460500002,radio_limited_degradation,True,65.28,63.68,68.02,High,False
INC-000431,542020041221088+20250827134347+Fiji-Nadi-LTE-DL-D!20250827131002,2025-08-27 03:09:48+02:00,2025-08-27 03:09:48+02:00,ECI:1067060.0,129.0,1067060.0,-17.77675237,177.43031,radio_limited_degradation,True,75.38,73.67,77.47,High,False
INC-000432,542020041221088+20250827134427+Fiji-Nadi-LTE-DL-D!20250827131213,2025-08-27 03:10:11+02:00,2025-08-27 03:10:11+02:00,ECI:1067153.0,131.0,1067153.0,-17.77721003,177.43119349,ca_underperformance,False,95.08,91.05,100.0,Critical,False
INC-000433,542020041221088+20250827134427+Fiji-Nadi-LTE-DL-D!20250827131213,2025-08-27 03:10:36+02:00,2025-08-27 03:10:36+02:00,ECI:1072692.0,394.0,1072692.0,-17.7780566,177.4310495,temporal_local_drop,False,64.41,62.75,66.43,Medium,False
INC-000434,542020041221088+20250827134427+Fiji-Nadi-LTE-DL-D!20250827131213,2025-08-27 03:10:41+02:00,2025-08-27 03:10:42+02:00,ECI:1072700.0,393.0,1072700.0,-17.778278105,177.43089578500002,temporal_local_drop,False,67.89,57.77,84.8,High,False
INC-000435,542020041221088+20250827134427+Fiji-Nadi-LTE-DL-D!20250827131213,2025-08-27 03:10:54+02:00,2025-08-27 03:10:54+02:00,ECI:1067060.0,129.0,1067060.0,-17.77860553,177.43105841,ca_underperformance,False,70.06,68.3,72.21,High,False
INC-000436,542020041221088+20250827134427+Fiji-Nadi-LTE-DL-D!20250827131213,2025-08-27 03:10:59+02:00,2025-08-27 03:11:00+02:00,ECI:1067060.0,129.0,1067060.0,-17.7785252,177.4312354,temporal_local_drop,False,71.05,64.55,80.48,High,False
INC-000437,542020041221088+20250827134427+Fiji-Nadi-LTE-DL-D!20250827131213,2025-08-27 03:11:16+02:00,2025-08-27 03:11:18+02:00,ECI:1067060.0,129.0,1067060.0,-17.777907,177.43166789,radio_limited_degradation,True,75.47,69.47,82.8,Medium,False
INC-000438,542020041221088+20250827134427+Fiji-Nadi-LTE-DL-D!20250827131213,2025-08-27 03:11:55+02:00,2025-08-27 03:11:56+02:00,ECI:1067060.0,129.0,1067060.0,-17.776818390000003,177.432413395,temporal_local_drop,False,76.61,73.02,81.0,High,False
INC-000439,542020041221088+20250827134427+Fiji-Nadi-LTE-DL-D!20250827131213,2025-08-27 03:12:10+02:00,2025-08-27 03:12:11+02:00,ECI:1067060.0,129.0,1067060.0,-17.776242075,177.4327712,temporal_local_drop,False,74.66,66.5,84.64,High,False
INC-000440,542020041221088+20250827134607+Fiji-Nadi-LTE-DL-D!20250827131425,2025-08-27 03:12:34+02:00,2025-08-27 03:12:36+02:00,ECI:1067060.0,129.0,1067060.0,-17.7754407,177.4326012,ca_underperformance,False,85.55,81.18,100.0,High,False
INC-000441,542020041221088+20250827134607+Fiji-Nadi-LTE-DL-D!20250827131425,2025-08-27 03:12:45+02:00,2025-08-27 03:12:47+02:00,ECI:1067060.0,129.0,1067060.0,-17.77503569,177.43255495,radio_limited_degradation,True,85.2,87.16,100.0,High,False
INC-000442,542020041221088+20250827134607+Fiji-Nadi-LTE-DL-D!20250827131425,2025-08-27 03:12:59+02:00,2025-08-27 03:13:01+02:00,ECI:1067150.0,338.0,1067150.0,-17.77431971,177.43303849,ca_underperformance,True,76.5,71.45,82.67,Medium,False
INC-000443,542020041221088+20250827134607+Fiji-Nadi-LTE-DL-D!20250827131425,2025-08-27 03:13:19+02:00,2025-08-27 03:13:21+02:00,ECI:1067148.0,339.0,1067148.0,-17.77397072,177.43327145,ca_underperformance,True,83.34,71.63,99.98,High,False
INC-000444,542020041221088+20250827134607+Fiji-Nadi-LTE-DL-D!20250827131425,2025-08-27 03:13:34+02:00,2025-08-27 03:13:44+02:00,ECI:1067148.0,339.0,1067148.0,-17.77346155,177.4340401,radio_limited_degradation,True,87.1,90.61,82.8,High,False
INC-000445,542020041221088+20250827134607+Fiji-Nadi-LTE-DL-D!20250827131425,2025-08-27 03:13:55+02:00,2025-08-27 03:13:57+02:00,ECI:1067148.0,339.0,1067148.0,-17.77262361,177.43464041,radio_limited_degradation,True,81.46,80.37,82.8,High,False
INC-000446,542020041221088+20250827134808+Fiji-Nadi-LTE-DL-D!20250827131638,2025-08-27 03:14:43+02:00,2025-08-27 03:14:44+02:00,ECI:1066035.0,123.0,1066035.0,-17.770293085,177.43610166000002,ca_underperformance,True,59.81,58.38,61.55,Medium,False
INC-000447,542020041221088+20250827134808+Fiji-Nadi-LTE-DL-D!20250827131638,2025-08-27 03:14:49+02:00,2025-08-27 03:14:51+02:00,ECI:1067041.0,339.0,1067041.0,-17.77005447,177.43572089,radio_limited_degradation,True,62.08,66.34,58.4,Medium,False
INC-000448,542020041221088+20250827134808+Fiji-Nadi-LTE-DL-D!20250827131638,2025-08-27 03:15:24+02:00,2025-08-27 03:15:25+02:00,ECI:1072408.0,395.0,1072408.0,-17.76844015,177.4346003,radio_limited_degradation,True,76.03,71.96,81.0,High,False
INC-000449,542020041221088+20250827134808+Fiji-Nadi-LTE-DL-D!20250827131638,2025-08-27 03:15:38+02:00,2025-08-27 03:15:40+02:00,ECI:1072445.0,395.0,1072445.0,-17.76825263,177.43518139,ca_underperformance,False,96.58,95.72,97.63,Critical,False
INC-000450,542020041221088+20250827134808+Fiji-Nadi-LTE-DL-D!20250827131638,2025-08-27 03:15:55+02:00,2025-08-27 03:15:55+02:00,ECI:1072405.0,395.0,1072405.0,-17.7688392,177.4359416,temporal_local_drop,False,73.04,75.48,70.05,High,False
INC-000451,542020041221088+20250827134908+Fiji-Nadi-LTE-DL-D!20250827131851,2025-08-27 03:17:01+02:00,2025-08-27 03:17:11+02:00,ECI:1066015.0,123.0,1066015.0,-17.77087102,177.43692348,radio_limited_degradation,True,74.47,73.17,76.05,Medium,False
INC-000452,542020041221088+20250827134908+Fiji-Nadi-LTE-DL-D!20250827131851,2025-08-27 03:18:37+02:00,2025-08-27 03:18:39+02:00,ECI:1067061.0,123.0,1067061.0,-17.77085872,177.43938583,ca_underperformance,True,62.19,73.31,61.04,Medium,False
INC-000453,542020041221088+20250827134908+Fiji-Nadi-LTE-DL-D!20250827131851,2025-08-27 03:18:41+02:00,2025-08-27 03:18:43+02:00,ECI:1066048.0,123.0,1066048.0,-17.77106827,177.43954665,radio_limited_degradation,True,72.13,84.68,68.28,High,False
INC-000454,542020041221088+20250827134948+Fiji-Nadi-LTE-DL-D!20250827132103,2025-08-27 03:19:02+02:00,2025-08-27 03:19:04+02:00,ECI:1067831.0,127.0,1067831.0,-17.77212151,177.43934053,radio_limited_degradation,True,73.27,89.96,52.87,High,False
INC-000455,542020041221088+20250827134948+Fiji-Nadi-LTE-DL-D!20250827132103,2025-08-27 03:19:11+02:00,2025-08-27 03:19:18+02:00,ECI:1067031.0,130.0,1067031.0,-17.77166943,177.4386106,radio_limited_degradation,True,71.36,85.23,54.41,High,False
INC-000456,542020041221088+20250827135108+Fiji-Nadi-LTE-DL-D!20250827132314,2025-08-27 03:21:27+02:00,2025-08-27 03:21:28+02:00,ECI:1067151.0,339.0,1067151.0,-17.773516450000002,177.4377351,radio_limited_degradation,True,65.37,65.94,64.76,High,False
INC-000457,542020041221088+20250827135108+Fiji-Nadi-LTE-DL-D!20250827132314,2025-08-27 03:21:55+02:00,2025-08-27 03:21:55+02:00,ECI:1067151.0,339.0,1067151.0,-17.77235009,177.43856157,ca_underperformance,False,67.49,65.76,69.6,High,False
INC-000458,542020041221088+20250827135108+Fiji-Nadi-LTE-DL-D!20250827132314,2025-08-27 03:22:13+02:00,2025-08-27 03:22:14+02:00,ECI:1067048.0,339.0,1067048.0,-17.771291830000003,177.437106935,ca_underperformance,False,64.61,63.77,65.63,Medium,False
INC-000459,542020041221088+20250827135108+Fiji-Nadi-LTE-DL-D!20250827132314,2025-08-27 03:22:16+02:00,2025-08-27 03:22:23+02:00,ECI:1066045.0,123.0,1066045.0,-17.77135919,177.43674992,radio_limited_degradation,True,73.03,81.12,65.2,High,False
INC-000460,542020041221088+20250827135108+Fiji-Nadi-LTE-DL-D!20250827132314,2025-08-27 03:22:28+02:00,2025-08-27 03:22:28+02:00,ECI:1067048.0,339.0,1067048.0,-17.7720365,177.4359201,radio_limited_degradation,True,70.34,77.59,61.47,High,False
INC-000461,542020041221088+20250827135148+Fiji-Nadi-LTE-DL-D!20250827132524,2025-08-27 03:25:19+02:00,2025-08-27 03:25:20+02:00,ECI:1067153.0,338.0,1067153.0,-17.77669225,177.43282465,radio_limited_degradation,True,67.29,63.31,80.84,High,False
INC-000462,542020041221088+20250827135208+Fiji-Nadi-LTE-DL-D!20250827132735,2025-08-27 03:26:40+02:00,2025-08-27 03:26:41+02:00,ECI:1067152.0,340.0,1067152.0,-17.77648873,177.43374907499998,radio_limited_degradation,True,74.19,71.77,78.76,High,False
INC-000463,542020041221088+20250827135208+Fiji-Nadi-LTE-DL-D!20250827132735,2025-08-27 03:26:48+02:00,2025-08-27 03:26:48+02:00,ECI:1067153.0,338.0,1067153.0,-17.7767088,177.43327429,radio_limited_degradation,True,69.31,60.99,79.47,High,False
INC-000464,542020041221088+20250827135208+Fiji-Nadi-LTE-DL-D!20250827132735,2025-08-27 03:27:07+02:00,2025-08-27 03:27:07+02:00,ECI:1067153.0,338.0,1067153.0,-17.77695055,177.43268876,temporal_local_drop,False,76.43,67.12,87.8,High,False
INC-000465,542020041221088+20250827135208+Fiji-Nadi-LTE-DL-D!20250827132735,2025-08-27 03:27:20+02:00,2025-08-27 03:27:22+02:00,ECI:1067153.0,338.0,1067153.0,-17.77739408,177.43235418,radio_limited_degradation,True,70.49,58.91,84.65,Medium,False
INC-000466,542020041221088+20250827135208+Fiji-Nadi-LTE-DL-D!20250827132735,2025-08-27 03:27:32+02:00,2025-08-27 03:27:32+02:00,ECI:1067153.0,338.0,1067153.0,-17.7778896,177.4320194,temporal_local_drop,False,75.31,63.97,89.17,High,False
INC-000467,542020041221088+20250827135348+Fiji-Nadi-LTE-DL-D!20250827133514,2025-08-27 03:33:16+02:00,2025-08-27 03:33:16+02:00,ECI:1064767.0,147.0,1064767.0,-17.7929516,177.4226433,radio_limited_degradation,True,80.97,100.0,57.72,High,False
INC-000468,542020041221088+20250827135348+Fiji-Nadi-LTE-DL-D!20250827133514,2025-08-27 03:33:27+02:00,2025-08-27 03:33:27+02:00,ECI:1064764.0,147.0,1064764.0,-17.79294343,177.42265193,ca_underperformance,False,80.15,80.32,79.94,High,False
INC-000469,542020041221088+20250827135348+Fiji-Nadi-LTE-DL-D!20250827133514,2025-08-27 03:33:38+02:00,2025-08-27 03:33:40+02:00,ECI:1064764.0,147.0,1064764.0,-17.79294239,177.42265347,radio_limited_degradation,True,80.9,98.23,59.72,High,False
INC-000470,542020041221088+20250827135348+Fiji-Nadi-LTE-DL-D!20250827133514,2025-08-27 03:33:50+02:00,2025-08-27 03:33:50+02:00,ECI:1065543.0,132.0,1065543.0,-17.79294239,177.42265347,ca_underperformance,False,73.05,68.05,79.16,High,False
INC-000471,542020041221088+20250827135348+Fiji-Nadi-LTE-DL-D!20250827133514,2025-08-27 03:33:55+02:00,2025-08-27 03:34:10+02:00,ECI:1065543.0,132.0,1065543.0,-17.79283374,177.422522725,radio_limited_degradation,True,72.86,94.55,48.08,High,False
INC-000472,542020041221088+20250827135348+Fiji-Nadi-LTE-DL-D!20250827133514,2025-08-27 03:34:21+02:00,2025-08-27 03:34:21+02:00,ECI:1065543.0,132.0,1065543.0,-17.79216759,177.42265687,temporal_local_drop,False,66.97,50.51,87.09,High,False
INC-000473,542020041221088+20250827135348+Fiji-Nadi-LTE-DL-D!20250827133514,2025-08-27 03:34:37+02:00,2025-08-27 03:34:37+02:00,ECI:1065543.0,132.0,1065543.0,-17.7914438,177.4233813,radio_limited_degradation,True,74.62,60.27,92.17,High,False
INC-000474,542020041221088+20250827135348+Fiji-Nadi-LTE-DL-D!20250827133514,2025-08-27 03:34:54+02:00,2025-08-27 03:34:56+02:00,ECI:1065543.0,132.0,1065543.0,-17.7905757,177.424513,radio_limited_degradation,True,77.82,69.35,88.17,Medium,False
INC-000475,542020041221088+20250827135549+Fiji-Nadi-LTE-DL-D!20250827133724,2025-08-27 03:35:30+02:00,2025-08-27 03:35:31+02:00,ECI:1065543.0,132.0,1065543.0,-17.788485190000003,177.426828315,temporal_local_drop,False,85.06,77.89,94.48,High,False
INC-000476,542020041221088+20250827135549+Fiji-Nadi-LTE-DL-D!20250827133724,2025-08-27 03:35:48+02:00,2025-08-27 03:35:51+02:00,ECI:1065523.0,133.0,1065523.0,-17.78755693,177.42586384,ca_underperformance,False,78.51,76.48,81.0,High,False
INC-000477,542020041221088+20250827135549+Fiji-Nadi-LTE-DL-D!20250827133724,2025-08-27 03:35:58+02:00,2025-08-27 03:35:59+02:00,ECI:1065524.0,361.0,1065524.0,-17.786862149999997,177.42502915,temporal_sudden_drop,False,71.85,57.71,89.13,High,False
INC-000478,542020041221088+20250827135549+Fiji-Nadi-LTE-DL-D!20250827133724,2025-08-27 03:36:19+02:00,2025-08-27 03:36:21+02:00,ECI:1065524.0,133.0,1065524.0,-17.78552482,177.42338007,radio_limited_degradation,True,66.53,62.47,72.34,Medium,False
INC-000479,542020041221088+20250827135549+Fiji-Nadi-LTE-DL-D!20250827133724,2025-08-27 03:36:27+02:00,2025-08-27 03:36:29+02:00,ECI:1065524.0,133.0,1065524.0,-17.7850793,177.4228236,ca_underperformance,False,88.6,79.28,100.0,High,False
INC-000480,542020041221088+20250827135549+Fiji-Nadi-LTE-DL-D!20250827133724,2025-08-27 03:36:42+02:00,2025-08-27 03:36:43+02:00,ECI:1064754.0,147.0,1064754.0,-17.78425524,177.42181934,temporal_local_drop,False,73.18,70.19,76.83,High,False
INC-000481,542020041221088+20250827135549+Fiji-Nadi-LTE-DL-D!20250827133724,2025-08-27 03:37:20+02:00,2025-08-27 03:37:20+02:00,ECI:1065527.0,133.0,1065527.0,-17.78396444,177.41979591,radio_limited_degradation,True,70.02,68.01,72.47,High,False
INC-000482,542020041221088+20250827135649+Fiji-Nadi-LTE-DL-D!20250827133934,2025-08-27 03:38:04+02:00,2025-08-27 03:38:04+02:00,ECI:1065527.0,133.0,1065527.0,-17.78334198,177.41695203,temporal_local_drop,False,67.23,56.24,80.66,High,False
INC-000483,542020041221088+20250827135649+Fiji-Nadi-LTE-DL-D!20250827133934,2025-08-27 03:38:27+02:00,2025-08-27 03:38:28+02:00,ECI:1069336.0,135.0,1069336.0,-17.781645145,177.41501592499998,temporal_local_drop,False,72.79,70.06,82.71,High,False
INC-000484,542020041221088+20250827135649+Fiji-Nadi-LTE-DL-D!20250827133934,2025-08-27 03:38:43+02:00,2025-08-27 03:38:45+02:00,ECI:1069336.0,135.0,1069336.0,-17.7804802,177.41369768,ca_underperformance,False,95.1,91.1,100.0,High,False
INC-000485,542020041221088+20250827135649+Fiji-Nadi-LTE-DL-D!20250827133934,2025-08-27 03:39:00+02:00,2025-08-27 03:39:01+02:00,ECI:1069374.0,137.0,1069374.0,-17.77965882,177.41243995,radio_limited_degradation,True,82.98,83.35,82.8,High,False
INC-000486,542020041221088+20250827135649+Fiji-Nadi-LTE-DL-D!20250827133934,2025-08-27 03:39:13+02:00,2025-08-27 03:39:14+02:00,ECI:1069374.0,137.0,1069374.0,-17.77934466,177.411681025,radio_limited_degradation,True,77.17,63.17,100.0,High,False
INC-000487,542020041221088+20250827135649+Fiji-Nadi-LTE-DL-D!20250827133934,2025-08-27 03:39:26+02:00,2025-08-27 03:39:26+02:00,ECI:1069374.0,137.0,1069374.0,-17.7789984,177.4111519,radio_limited_degradation,True,83.4,83.89,82.8,High,False
INC-000488,542020041221088+20250827135949+Fiji-Nadi-LTE-DL-D!20250827134144,2025-08-27 03:39:42+02:00,2025-08-27 03:39:42+02:00,ECI:1069374.0,137.0,1069374.0,-17.778136,177.4101496,ca_underperformance,False,95.28,91.42,100.0,Critical,False
INC-000489,542020041221088+20250827135949+Fiji-Nadi-LTE-DL-D!20250827134144,2025-08-27 03:39:44+02:00,2025-08-27 03:39:44+02:00,ECI:1069374.0,137.0,1069374.0,-17.778023,177.4100168,temporal_local_drop,False,74.9,69.9,81.0,High,False
INC-000490,542020041221088+20250827135949+Fiji-Nadi-LTE-DL-D!20250827134144,2025-08-27 03:39:54+02:00,2025-08-27 03:39:54+02:00,ECI:1069374.0,137.0,1069374.0,-17.777424,177.4093119,temporal_local_drop,False,72.98,68.89,77.97,High,False
INC-000491,542020041221088+20250827135949+Fiji-Nadi-LTE-DL-D!20250827134144,2025-08-27 03:40:28+02:00,2025-08-27 03:40:29+02:00,ECI:1069373.0,135.0,1069373.0,-17.776055200000002,177.40837175000001,temporal_local_drop,False,79.65,70.93,90.31,High,False
INC-000492,542020041221088+20250827135949+Fiji-Nadi-LTE-DL-D!20250827134144,2025-08-27 03:40:36+02:00,2025-08-27 03:40:36+02:00,ECI:1069373.0,135.0,1069373.0,-17.7757525,177.4082738,radio_limited_degradation,True,85.23,87.22,82.8,High,False
INC-000493,542020041221088+20250827135949+Fiji-Nadi-LTE-DL-D!20250827134144,2025-08-27 03:40:44+02:00,2025-08-27 03:40:46+02:00,ECI:1069373.0,135.0,1069373.0,-17.775242,177.4081158,radio_limited_degradation,True,84.97,86.75,90.0,High,False
INC-000494,542020041221088+20250827135949+Fiji-Nadi-LTE-DL-D!20250827134144,2025-08-27 03:40:57+02:00,2025-08-27 03:40:57+02:00,ECI:1069373.0,135.0,1069373.0,-17.7743891,177.4078267,temporal_local_drop,False,67.94,56.46,81.98,High,False
INC-000495,542020041221088+20250827135949+Fiji-Nadi-LTE-DL-D!20250827134144,2025-08-27 03:41:03+02:00,2025-08-27 03:41:03+02:00,ECI:1069373.0,135.0,1069373.0,-17.7739364,177.4076736,temporal_local_drop,False,75.7,66.63,86.79,High,False
INC-000496,542020041221088+20250827135949+Fiji-Nadi-LTE-DL-D!20250827134144,2025-08-27 03:41:08+02:00,2025-08-27 03:41:35+02:00,ECI:1069373.0,135.0,1069373.0,-17.77280915,177.4072055,ca_underperformance,True,94.1,97.62,100.0,High,False
INC-000497,542020041221088+20250827135949+Fiji-Nadi-LTE-DL-D!20250827134144,2025-08-27 03:41:41+02:00,2025-08-27 03:41:41+02:00,ECI:1069373.0,135.0,1069373.0,-17.7719087,177.4056386,radio_limited_degradation,True,87.19,90.79,82.8,High,False
INC-000498,542020041221088+20250827140149+Fiji-Nadi-LTE-DL-D!20250827134245,2025-08-27 03:42:00+02:00,2025-08-27 03:42:01+02:00,ECI:1069373.0,135.0,1069373.0,-17.7711534,177.404154,temporal_local_drop,False,73.89,65.96,85.91,High,False
INC-000499,542020041221088+20250827140149+Fiji-Nadi-LTE-DL-D!20250827134245,2025-08-27 03:42:08+02:00,2025-08-27 03:42:08+02:00,ECI:1069373.0,135.0,1069373.0,-17.7708853,177.403626,temporal_local_drop,False,84.29,86.99,81.0,High,False
INC-000500,542020041221088+20250827140149+Fiji-Nadi-LTE-DL-D!20250827134245,2025-08-27 03:42:16+02:00,2025-08-27 03:42:16+02:00,ECI:1069373.0,135.0,1069373.0,-17.7707529,177.4033087,temporal_local_drop,False,85.32,88.86,81.0,High,False
INC-000501,542020041221088+20250827140149+Fiji-Nadi-LTE-DL-D!20250827134245,2025-08-27 03:42:24+02:00,2025-08-27 03:42:24+02:00,ECI:1069373.0,135.0,1069373.0,-17.7705561,177.4029709,temporal_local_drop,False,84.3,78.47,91.42,High,False
INC-000502,542020041221088+20250827140149+Fiji-Nadi-LTE-DL-D!20250827134245,2025-08-27 03:42:31+02:00,2025-08-27 03:42:31+02:00,ECI:1069373.0,135.0,1069373.0,-17.7704081,177.4027593,temporal_local_drop,False,81.89,82.62,81.0,High,False
INC-000503,542020041221088+20250827140149+Fiji-Nadi-LTE-DL-D!20250827134245,2025-08-27 03:42:40+02:00,2025-08-27 03:42:41+02:00,ECI:1069373.0,135.0,1069373.0,-17.77060805,177.40319255,temporal_local_drop,False,84.55,80.59,100.0,High,False
INC-000504,542020041221088+20250827140349+Fiji-Nadi-LTE-DL-D!20250827135601,2025-08-27 03:54:00+02:00,2025-08-27 03:54:19+02:00,ECI:1066048.0,123.0,1066048.0,-17.76906107,177.44018496,radio_limited_degradation,True,88.54,90.69,86.25,High,False
INC-000505,542020041221088+20250827140349+Fiji-Nadi-LTE-DL-D!20250827135601,2025-08-27 03:54:25+02:00,2025-08-27 03:54:30+02:00,ECI:1066048.0,123.0,1066048.0,-17.769061084999997,177.44018498000003,radio_limited_degradation,True,76.65,71.62,88.02,High,False
INC-000506,542020041221088+20250827140349+Fiji-Nadi-LTE-DL-D!20250827135601,2025-08-27 03:55:02+02:00,2025-08-27 03:55:02+02:00,ECI:1067071.0,130.0,1067071.0,-17.76989182,177.44097552,radio_limited_degradation,True,76.06,87.0,62.7,High,False
INC-000507,542020041221088+20250827140349+Fiji-Nadi-LTE-DL-D!20250827135601,2025-08-27 03:55:15+02:00,2025-08-27 03:55:16+02:00,ECI:1066035.0,123.0,1066035.0,-17.7698874,177.44179830000002,ca_underperformance,True,64.11,63.34,65.05,Medium,False
INC-000508,542020041221088+20250827140609+Fiji-Nadi-LTE-DL-D!20250827135810,2025-08-27 03:56:16+02:00,2025-08-27 03:56:17+02:00,ECI:1066035.0,123.0,1066035.0,-17.767241724999998,177.444066685,temporal_local_drop,False,68.41,61.18,84.71,High,False
INC-000509,542020041221088+20250827140609+Fiji-Nadi-LTE-DL-D!20250827135810,2025-08-27 03:56:24+02:00,2025-08-27 03:56:25+02:00,ECI:1066035.0,123.0,1066035.0,-17.767097935,177.444382155,temporal_local_drop,False,80.26,79.66,92.16,High,False
INC-000510,542020041221088+20250827140609+Fiji-Nadi-LTE-DL-D!20250827135810,2025-08-27 03:56:34+02:00,2025-08-27 03:56:34+02:00,ECI:1066035.0,123.0,1066035.0,-17.7668774,177.4449279,temporal_local_drop,False,81.09,74.35,89.32,High,False
INC-000511,542020041221088+20250827140609+Fiji-Nadi-LTE-DL-D!20250827135810,2025-08-27 03:56:46+02:00,2025-08-27 03:56:47+02:00,ECI:1066035.0,123.0,1066035.0,-17.766779149999998,177.44574125,radio_limited_degradation,True,78.22,75.13,82.8,High,False
INC-000512,542020041221088+20250827140609+Fiji-Nadi-LTE-DL-D!20250827135810,2025-08-27 03:57:12+02:00,2025-08-27 03:57:13+02:00,ECI:1066034.0,124.0,1066034.0,-17.766641765000003,177.447461785,temporal_local_drop,False,70.91,63.02,81.0,High,False
INC-000513,542020041221088+20250827140609+Fiji-Nadi-LTE-DL-D!20250827135810,2025-08-27 03:57:39+02:00,2025-08-27 03:57:39+02:00,ECI:1066034.0,124.0,1066034.0,-17.7665439,177.4477631,temporal_local_drop,False,71.64,61.4,84.15,High,False
INC-000514,542020041221088+20250827140609+Fiji-Nadi-LTE-DL-D!20250827135810,2025-08-27 03:58:09+02:00,2025-08-27 03:58:09+02:00,ECI:1066034.0,124.0,1066034.0,-17.76653285,177.44773828,radio_limited_degradation,True,70.37,63.2,79.13,High,False
INC-000515,542020041221088+20250827140810+Fiji-Nadi-LTE-DL-D!20250827140022,2025-08-27 03:58:30+02:00,2025-08-27 03:58:32+02:00,ECI:1066034.0,124.0,1066034.0,-17.7665328,177.4477383,temporal_local_drop,False,83.11,84.84,86.62,High,False
INC-000516,542020041221088+20250827140810+Fiji-Nadi-LTE-DL-D!20250827140022,2025-08-27 03:58:42+02:00,2025-08-27 03:58:42+02:00,ECI:1066034.0,124.0,1066034.0,-17.76652546,177.44774025,radio_limited_degradation,True,81.58,80.59,82.8,High,False
INC-000517,542020041221088+20250827140810+Fiji-Nadi-LTE-DL-D!20250827140022,2025-08-27 03:58:51+02:00,2025-08-27 03:58:52+02:00,ECI:1066034.0,124.0,1066034.0,-17.76652575,177.44771614,temporal_local_drop,False,83.28,85.14,81.0,High,False
INC-000518,542020041221088+20250827140810+Fiji-Nadi-LTE-DL-D!20250827140022,2025-08-27 03:59:01+02:00,2025-08-27 03:59:03+02:00,ECI:1066034.0,124.0,1066034.0,-17.76652373,177.447708,radio_limited_degradation,True,81.07,79.65,82.8,High,False
INC-000519,542020041221088+20250827140810+Fiji-Nadi-LTE-DL-D!20250827140022,2025-08-27 03:59:13+02:00,2025-08-27 03:59:13+02:00,ECI:1066034.0,124.0,1066034.0,-17.7665226,177.44771125,temporal_local_drop,False,80.5,80.1,81.0,High,False
INC-000520,542020041221088+20250827140810+Fiji-Nadi-LTE-DL-D!20250827140022,2025-08-27 03:59:23+02:00,2025-08-27 03:59:23+02:00,ECI:1066034.0,124.0,1066034.0,-17.7665226,177.44771125,radio_limited_degradation,True,81.28,80.04,82.8,High,False
INC-000521,542020041221088+20250827140810+Fiji-Nadi-LTE-DL-D!20250827140022,2025-08-27 03:59:32+02:00,2025-08-27 03:59:33+02:00,ECI:1066034.0,124.0,1066034.0,-17.7665226,177.44771127500002,radio_limited_degradation,True,85.07,82.14,89.65,High,False
INC-000522,542020041221088+20250827140810+Fiji-Nadi-LTE-DL-D!20250827140022,2025-08-27 03:59:42+02:00,2025-08-27 03:59:42+02:00,ECI:1066034.0,124.0,1066034.0,-17.7665226,177.44771125,radio_limited_degradation,True,81.82,81.02,82.8,High,False
INC-000523,542020041221088+20250827140810+Fiji-Nadi-LTE-DL-D!20250827140022,2025-08-27 03:59:54+02:00,2025-08-27 03:59:54+02:00,ECI:1066034.0,124.0,1066034.0,-17.7665226,177.44771125,radio_limited_degradation,True,79.6,76.98,82.8,High,False
INC-000524,542020041221088+20250827140810+Fiji-Nadi-LTE-DL-D!20250827140022,2025-08-27 04:00:11+02:00,2025-08-27 04:00:12+02:00,ECI:1066034.0,124.0,1066034.0,-17.7665226,177.44771127500002,radio_limited_degradation,True,91.4,87.34,96.36,Critical,False
INC-000525,542020041221088+20250827140810+Fiji-Nadi-LTE-DL-D!20250827140022,2025-08-27 04:00:21+02:00,2025-08-27 04:00:22+02:00,ECI:1066034.0,124.0,1066034.0,-17.7665226,177.44771127500002,radio_limited_degradation,True,82.4,78.69,93.77,High,False
INC-000526,542020041221088+20250827140850+Fiji-Nadi-LTE-DL-D!20250827140234,2025-08-27 04:00:32+02:00,2025-08-27 04:00:32+02:00,ECI:1066034.0,124.0,1066034.0,-17.7665226,177.4477113,radio_limited_degradation,True,83.06,83.28,82.8,High,False
INC-000527,542020041221088+20250827140850+Fiji-Nadi-LTE-DL-D!20250827140234,2025-08-27 04:00:42+02:00,2025-08-27 04:00:42+02:00,ECI:1066034.0,124.0,1066034.0,-17.7665226,177.44771125,temporal_local_drop,False,81.47,81.86,81.0,High,False
INC-000528,542020041221088+20250827140850+Fiji-Nadi-LTE-DL-D!20250827140234,2025-08-27 04:01:01+02:00,2025-08-27 04:01:03+02:00,ECI:1066034.0,124.0,1066034.0,-17.7665226,177.44771125,radio_limited_degradation,True,90.61,90.0,93.33,High,False
INC-000529,542020041221088+20250827140850+Fiji-Nadi-LTE-DL-D!20250827140234,2025-08-27 04:01:13+02:00,2025-08-27 04:01:13+02:00,ECI:1066034.0,124.0,1066034.0,-17.7665226,177.44771125,temporal_local_drop,False,88.28,84.17,93.31,High,False
INC-000530,542020041221088+20250827140850+Fiji-Nadi-LTE-DL-D!20250827140234,2025-08-27 04:01:22+02:00,2025-08-27 04:01:23+02:00,ECI:1066034.0,124.0,1066034.0,-17.7665226,177.44771125,temporal_local_drop,False,84.56,87.47,81.0,High,False
INC-000531,542020041221088+20250827140850+Fiji-Nadi-LTE-DL-D!20250827140234,2025-08-27 04:01:35+02:00,2025-08-27 04:01:35+02:00,ECI:1066034.0,124.0,1066034.0,-17.7665226,177.44771125,temporal_local_drop,False,81.37,81.67,81.0,High,False
INC-000532,542020041221088+20250827140850+Fiji-Nadi-LTE-DL-D!20250827140234,2025-08-27 04:01:45+02:00,2025-08-27 04:01:46+02:00,ECI:1066034.0,124.0,1066034.0,-17.7665226,177.4477113,temporal_local_drop,False,79.06,77.47,81.0,High,False
INC-000533,542020041221088+20250827140850+Fiji-Nadi-LTE-DL-D!20250827140234,2025-08-27 04:02:00+02:00,2025-08-27 04:02:00+02:00,ECI:1066034.0,124.0,1066034.0,-17.7665226,177.4477113,temporal_local_drop,False,79.49,78.26,81.0,High,False
INC-000534,542020041221088+20250827140850+Fiji-Nadi-LTE-DL-D!20250827140234,2025-08-27 04:02:12+02:00,2025-08-27 04:02:12+02:00,ECI:1066034.0,124.0,1066034.0,-17.7665213,177.4479558,radio_limited_degradation,True,80.76,79.1,82.8,High,False
INC-000535,542020041221088+20250827140850+Fiji-Nadi-LTE-DL-D!20250827140234,2025-08-27 04:02:29+02:00,2025-08-27 04:02:29+02:00,ECI:1066034.0,124.0,1066034.0,-17.7657124,177.4478342,temporal_local_drop,False,87.29,80.29,95.85,High,False
INC-000536,542020041221088+20250827141110+Fiji-Nadi-LTE-DL-D!20250827140445,2025-08-27 04:02:43+02:00,2025-08-27 04:02:43+02:00,EARFCN:41186.0|PCI:124.0,124.0,,-17.76493678,177.44729012,temporal_local_drop,False,80.59,64.7,100.0,High,False
INC-000537,542020041221088+20250827141110+Fiji-Nadi-LTE-DL-D!20250827140445,2025-08-27 04:02:47+02:00,2025-08-27 04:02:47+02:00,ECI:1066034.0,124.0,1066034.0,-17.76480386,177.44719402,temporal_local_drop,False,80.54,80.16,81.0,High,False
INC-000538,542020041221088+20250827141110+Fiji-Nadi-LTE-DL-D!20250827140445,2025-08-27 04:02:55+02:00,2025-08-27 04:02:56+02:00,ECI:1066034.0,124.0,1066034.0,-17.76430007,177.446786355,temporal_local_drop,False,78.82,77.03,81.0,High,False
INC-000539,542020041221088+20250827141110+Fiji-Nadi-LTE-DL-D!20250827140445,2025-08-27 04:03:12+02:00,2025-08-27 04:03:12+02:00,ECI:1066034.0,124.0,1066034.0,-17.7641031,177.4465196,temporal_local_drop,False,70.06,55.48,87.89,High,False
INC-000540,542020041221088+20250827141110+Fiji-Nadi-LTE-DL-D!20250827140445,2025-08-27 04:03:35+02:00,2025-08-27 04:03:35+02:00,ECI:1066034.0,124.0,1066034.0,-17.7640925,177.44649201,temporal_local_drop,False,84.35,81.13,88.29,High,False
INC-000541,542020041221088+20250827141110+Fiji-Nadi-LTE-DL-D!20250827140445,2025-08-27 04:03:43+02:00,2025-08-27 04:03:44+02:00,ECI:1066034.0,124.0,1066034.0,-17.764089,177.446486135,temporal_local_drop,False,82.32,83.4,87.63,High,False
INC-000542,542020041221088+20250827141110+Fiji-Nadi-LTE-DL-D!20250827140445,2025-08-27 04:03:53+02:00,2025-08-27 04:03:54+02:00,ECI:1066034.0,124.0,1066034.0,-17.76457305,177.44597705,radio_limited_degradation,True,80.36,78.36,82.8,High,False
INC-000543,542020041221088+20250827141110+Fiji-Nadi-LTE-DL-D!20250827140445,2025-08-27 04:04:19+02:00,2025-08-27 04:04:20+02:00,ECI:1066034.0,124.0,1066034.0,-17.76551196,177.44513107,radio_limited_degradation,True,78.93,75.76,83.29,High,False
INC-000544,542020041221088+20250827141150+Fiji-Nadi-LTE-DL-D!20250827140658,2025-08-27 04:04:58+02:00,2025-08-27 04:05:08+02:00,ECI:1066036.0,125.0,1066036.0,-17.76520235,177.4441299,radio_limited_degradation,True,82.13,81.59,99.77,High,False
INC-000545,542020041221088+20250827141150+Fiji-Nadi-LTE-DL-D!20250827140658,2025-08-27 04:05:14+02:00,2025-08-27 04:05:14+02:00,ECI:1066036.0,125.0,1066036.0,-17.76525337,177.44356735,temporal_local_drop,False,78.67,61.21,100.0,High,False
INC-000546,542020041221088+20250827141150+Fiji-Nadi-LTE-DL-D!20250827140658,2025-08-27 04:05:20+02:00,2025-08-27 04:05:21+02:00,ECI:1066036.0,125.0,1066036.0,-17.765326585,177.44328447,radio_limited_degradation,True,89.03,87.08,91.42,High,False
INC-000547,542020041221088+20250827141150+Fiji-Nadi-LTE-DL-D!20250827140658,2025-08-27 04:05:28+02:00,2025-08-27 04:05:29+02:00,ECI:1066036.0,125.0,1066036.0,-17.76546365,177.44274035,radio_limited_degradation,True,85.1,86.98,82.8,High,False
INC-000548,542020041221088+20250827141150+Fiji-Nadi-LTE-DL-D!20250827140658,2025-08-27 04:05:41+02:00,2025-08-27 04:05:41+02:00,ECI:1066036.0,125.0,1066036.0,-17.76555018,177.44188484,radio_limited_degradation,True,78.01,78.86,76.97,High,False
INC-000549,542020041221088+20250827141150+Fiji-Nadi-LTE-DL-D!20250827140658,2025-08-27 04:06:15+02:00,2025-08-27 04:06:22+02:00,ECI:1067151.0,339.0,1067151.0,-17.7655791,177.4395139,radio_limited_degradation,True,82.0,99.88,80.68,High,False
INC-000550,542020041221088+20250827141150+Fiji-Nadi-LTE-DL-D!20250827140658,2025-08-27 04:06:24+02:00,2025-08-27 04:06:24+02:00,ECI:1067208.0,339.0,1067208.0,-17.76525243,177.43933176,ca_underperformance,False,76.82,73.2,81.24,High,False
INC-000551,542020041221088+20250827141150+Fiji-Nadi-LTE-DL-D!20250827140658,2025-08-27 04:06:34+02:00,2025-08-27 04:06:34+02:00,ECI:1068749.0,136.0,1068749.0,-17.76467452,177.43984062,radio_limited_degradation,True,72.03,97.26,41.2,High,False
INC-000552,542020041221088+20250827141150+Fiji-Nadi-LTE-DL-D!20250827140658,2025-08-27 04:06:42+02:00,2025-08-27 04:06:42+02:00,ECI:1068749.0,402.0,1068749.0,-17.76433845,177.44034378,radio_limited_degradation,True,79.85,98.71,56.79,High,False
INC-000553,542020041221088+20250827141150+Fiji-Nadi-LTE-DL-D!20250827140658,2025-08-27 04:06:48+02:00,2025-08-27 04:06:50+02:00,ECI:1066311.0,487.0,1066311.0,-17.7641413,177.4405899,ca_underperformance,True,77.52,98.8,63.56,Medium,False
INC-000554,542020041221088+20250827141150+Fiji-Nadi-LTE-DL-D!20250827140658,2025-08-27 04:06:52+02:00,2025-08-27 04:06:58+02:00,ECI:1068615.0,122.0,1068615.0,-17.7639291,177.44078725,ca_underperformance,True,85.2,92.85,81.43,High,False
INC-000555,542020041221088+20250827141230+Fiji-Nadi-LTE-DL-D!20250827140734,2025-08-27 04:07:10+02:00,2025-08-27 04:07:10+02:00,ECI:1066019.0,125.0,1066019.0,-17.76373148,177.44088949,radio_limited_degradation,True,82.33,99.8,60.98,High,False
INC-000556,542020041221088+20250827141230+Fiji-Nadi-LTE-DL-D!20250827140734,2025-08-27 04:07:13+02:00,2025-08-27 04:07:16+02:00,ECI:1069375.0,125.0,1069375.0,-17.7637315,177.4408895,ca_underperformance,True,78.32,92.07,70.79,Medium,False
INC-000557,542020041221088+20250827141230+Fiji-Nadi-LTE-DL-D!20250827140734,2025-08-27 04:07:21+02:00,2025-08-27 04:07:21+02:00,ECI:1069372.0,136.0,1069372.0,-17.7637315,177.4408895,radio_limited_degradation,True,77.6,79.28,75.55,High,False
INC-000558,542020041221088+20250827144511+Fiji-Nadi-LTE-DL-D!20250827144430,2025-08-27 04:42:28+02:00,2025-08-27 04:42:40+02:00,ECI:1068749.0,402.0,1068749.0,-17.763715050000002,177.440922,radio_limited_degradation,True,75.83,90.98,57.34,High,False
INC-000559,542020041221088+20250827144511+Fiji-Nadi-LTE-DL-D!20250827144430,2025-08-27 04:43:13+02:00,2025-08-27 04:43:16+02:00,ECI:1066294.0,122.0,1066294.0,-17.76330265,177.4413394,ca_underperformance,True,86.14,86.43,85.78,High,False
INC-000560,542020041221088+20250827144511+Fiji-Nadi-LTE-DL-D!20250827144430,2025-08-27 04:43:19+02:00,2025-08-27 04:43:20+02:00,ECI:1066294.0,487.0,1066294.0,-17.7630715,177.44155445,radio_limited_degradation,True,76.6,90.98,59.02,High,False
INC-000561,542020041221088+20250827144511+Fiji-Nadi-LTE-DL-D!20250827144430,2025-08-27 04:43:22+02:00,2025-08-27 04:43:22+02:00,ECI:1069375.0,136.0,1069375.0,-17.762955,177.4416742,radio_limited_degradation,True,70.02,80.86,56.77,High,False
INC-000562,542020041221088+20250827144511+Fiji-Nadi-LTE-DL-D!20250827144430,2025-08-27 04:43:31+02:00,2025-08-27 04:43:31+02:00,ECI:1069375.0,136.0,1069375.0,-17.7625477,177.4421033,radio_limited_degradation,True,64.47,67.3,61.02,Medium,False
INC-000563,542020041221088+20250827144731+Fiji-Nadi-LTE-DL-D!20250827144643,2025-08-27 04:44:52+02:00,2025-08-27 04:44:52+02:00,ECI:1066036.0,125.0,1066036.0,-17.7579992,177.4448203,ca_underperformance,False,74.99,69.87,81.24,High,False
INC-000564,542020041221088+20250827144731+Fiji-Nadi-LTE-DL-D!20250827144643,2025-08-27 04:45:03+02:00,2025-08-27 04:45:07+02:00,ECI:1066311.0,487.0,1066311.0,-17.7574858,177.4455387,radio_limited_degradation,True,77.64,90.95,61.5,High,False
INC-000565,542020041221088+20250827144731+Fiji-Nadi-LTE-DL-D!20250827144643,2025-08-27 04:45:30+02:00,2025-08-27 04:45:31+02:00,ECI:1070870.0,350.0,1070870.0,-17.75792465,177.44734665,temporal_local_drop,False,70.62,64.72,77.83,High,False
INC-000566,542020041221088+20250827144731+Fiji-Nadi-LTE-DL-D!20250827144643,2025-08-27 04:46:01+02:00,2025-08-27 04:46:01+02:00,ECI:3625779.0,116.0,3625779.0,-17.7578349,177.4497586,ca_underperformance,False,76.37,72.6,80.98,High,False
INC-000567,542020041221088+20250827145151+Fiji-Nadi-LTE-DL-D!20250827145113,2025-08-27 04:49:51+02:00,2025-08-27 04:49:51+02:00,ECI:1066311.0,487.0,1066311.0,-17.7654435,177.4658906,radio_limited_degradation,True,68.08,70.0,65.74,High,False
INC-000568,542020041221088+20250827145151+Fiji-Nadi-LTE-DL-D!20250827145113,2025-08-27 04:49:59+02:00,2025-08-27 04:50:02+02:00,ECI:1068852.0,112.0,1068852.0,-17.76586335,177.4669534,rb_conditioned_expected_underperformance,False,60.71,61.69,69.43,Medium,True
INC-000569,542020041221088+20250827145151+Fiji-Nadi-LTE-DL-D!20250827145113,2025-08-27 04:50:20+02:00,2025-08-27 04:50:20+02:00,ECI:1067336.0,110.0,1067336.0,-17.7653865,177.4677851,radio_limited_degradation,True,74.91,88.65,58.11,High,False
INC-000570,542020041221088+20250827145151+Fiji-Nadi-LTE-DL-D!20250827145113,2025-08-27 04:50:23+02:00,2025-08-27 04:50:23+02:00,ECI:1067296.0,110.0,1067296.0,-17.7652114,177.4678486,radio_limited_degradation,True,74.29,88.25,57.23,High,False
INC-000571,542020041221088+20250827145611+Fiji-Nadi-LTE-DL-D!20250827145542,2025-08-27 04:53:40+02:00,2025-08-27 04:53:40+02:00,ECI:1068853.0,111.0,1068853.0,-17.7679548,177.4764853,temporal_local_drop,False,68.15,56.53,82.36,High,False
INC-000572,542020041221088+20250827145611+Fiji-Nadi-LTE-DL-D!20250827145542,2025-08-27 04:54:04+02:00,2025-08-27 04:54:05+02:00,ECI:1068853.0,111.0,1068853.0,-17.76896575,177.47592415,ca_underperformance,False,59.22,59.96,66.06,Medium,False
INC-000573,542020041221088+20250827145831+Fiji-Nadi-LTE-DL-D!20250827145756,2025-08-27 04:55:54+02:00,2025-08-27 04:55:54+02:00,ECI:1068854.0,113.0,1068854.0,-17.773096,177.4716557,ca_underperformance,False,84.93,74.49,97.7,High,False
INC-000574,542020041221088+20250827145831+Fiji-Nadi-LTE-DL-D!20250827145756,2025-08-27 04:57:52+02:00,2025-08-27 04:57:52+02:00,ECI:1068854.0,113.0,1068854.0,-17.7696134,177.4735336,temporal_local_drop,False,71.47,62.12,82.9,High,False
INC-000575,542020041221088+20250827150031+Fiji-Nadi-LTE-DL-D!20250827150011,2025-08-27 05:00:10+02:00,2025-08-27 05:00:10+02:00,ECI:1068853.0,111.0,1068853.0,-17.7686127,177.475643,ca_underperformance,False,66.01,60.63,72.58,High,False
INC-000576,542020041221088+20250827150151+Fiji-Nadi-LTE-DL-D!20250827150045,2025-08-27 05:00:24+02:00,2025-08-27 05:00:24+02:00,ECI:1068853.0,111.0,1068853.0,-17.7680778,177.474632,rb_conditioned_expected_underperformance,False,66.11,60.57,72.88,High,False
INC-000577,542020041221088+20250827150151+Fiji-Nadi-LTE-DL-D!20250827150045,2025-08-27 05:00:27+02:00,2025-08-27 05:00:29+02:00,ECI:1068855.0,111.0,1068855.0,-17.7679319,177.4742757,ca_underperformance,False,76.74,73.34,80.89,Medium,False
INC-000578,542020041221088+20250827150911+Fiji-Nadi-LTE-DL-D!20250827150839,2025-08-27 05:06:38+02:00,2025-08-27 05:06:49+02:00,ECI:1072183.0,448.0,1072183.0,-17.75711661,177.45730559,radio_limited_degradation,True,80.44,90.98,67.62,High,False
INC-000579,542020041221088+20250827151132+Fiji-Nadi-LTE-DL-D!20250827151053,2025-08-27 05:08:57+02:00,2025-08-27 05:08:57+02:00,ECI:1072183.0,448.0,1072183.0,-17.7545011,177.454886,radio_limited_degradation,True,67.21,82.3,48.77,High,False
INC-000580,542020041221088+20250827151132+Fiji-Nadi-LTE-DL-D!20250827151053,2025-08-27 05:09:07+02:00,2025-08-27 05:09:07+02:00,ECI:1072150.0,448.0,1072150.0,-17.7544688,177.4548683,ca_underperformance,False,65.07,63.67,66.79,High,False
INC-000581,542020041221088+20250827151132+Fiji-Nadi-LTE-DL-D!20250827151053,2025-08-27 05:09:09+02:00,2025-08-27 05:09:10+02:00,ECI:1072150.0,448.0,1072150.0,-17.75445591,177.45485991,radio_limited_degradation,True,82.98,87.65,77.28,High,False
INC-000582,542020041221088+20250827151132+Fiji-Nadi-LTE-DL-D!20250827151053,2025-08-27 05:09:19+02:00,2025-08-27 05:09:20+02:00,ECI:1072150.0,448.0,1072150.0,-17.7543698,177.454791,rb_conditioned_expected_underperformance,False,54.75,53.64,56.79,Medium,False
INC-000583,542020041221088+20250827151132+Fiji-Nadi-LTE-DL-D!20250827151053,2025-08-27 05:09:25+02:00,2025-08-27 05:09:27+02:00,ECI:3625798.0,115.0,3625798.0,-17.75411489,177.45463699,radio_limited_degradation,True,85.27,75.18,97.6,Medium,False
INC-000584,542020041221088+20250827151132+Fiji-Nadi-LTE-DL-D!20250827151053,2025-08-27 05:10:03+02:00,2025-08-27 05:10:18+02:00,ECI:3625798.0,115.0,3625798.0,-17.753984,177.45223046,radio_limited_degradation,True,84.38,79.14,90.79,High,False
INC-000585,542020041221088+20250827151132+Fiji-Nadi-LTE-DL-D!20250827151053,2025-08-27 05:10:29+02:00,2025-08-27 05:10:30+02:00,ECI:3625800.0,114.0,3625800.0,-17.75423893,177.451338105,radio_limited_degradation,True,87.3,85.24,89.82,High,False
INC-000586,542020041221088+20250827151132+Fiji-Nadi-LTE-DL-D!20250827151053,2025-08-27 05:10:37+02:00,2025-08-27 05:10:38+02:00,ECI:3625800.0,114.0,3625800.0,-17.754116905,177.45095243999998,radio_limited_degradation,True,86.84,90.14,82.8,High,False
INC-000587,542020041221088+20250827151132+Fiji-Nadi-LTE-DL-D!20250827151053,2025-08-27 05:10:45+02:00,2025-08-27 05:10:53+02:00,ECI:3625800.0,114.0,3625800.0,-17.7536669,177.4508609,radio_limited_degradation,True,90.55,98.37,89.67,High,False
INC-000588,542020041221088+20250827151332+Fiji-Nadi-LTE-DL-D!20250827151309,2025-08-27 05:11:10+02:00,2025-08-27 05:11:17+02:00,ECI:3625800.0,114.0,3625800.0,-17.75318673,177.451175855,radio_limited_degradation,True,88.59,94.8,92.13,High,False
INC-000589,542020041221088+20250827151332+Fiji-Nadi-LTE-DL-D!20250827151309,2025-08-27 05:11:31+02:00,2025-08-27 05:11:31+02:00,ECI:3625798.0,115.0,3625798.0,-17.75331047,177.45168142,radio_limited_degradation,True,83.79,84.6,82.8,High,False
INC-000590,542020041221088+20250827151332+Fiji-Nadi-LTE-DL-D!20250827151309,2025-08-27 05:11:39+02:00,2025-08-27 05:11:39+02:00,ECI:3625798.0,115.0,3625798.0,-17.75344153,177.45198159,radio_limited_degradation,True,83.88,70.69,100.0,High,False
INC-000591,542020041221088+20250827151332+Fiji-Nadi-LTE-DL-D!20250827151309,2025-08-27 05:11:45+02:00,2025-08-27 05:11:46+02:00,ECI:3625798.0,115.0,3625798.0,-17.75350881,177.45223386499998,temporal_local_drop,False,85.05,88.36,81.0,High,False
INC-000592,542020041221088+20250827151332+Fiji-Nadi-LTE-DL-D!20250827151309,2025-08-27 05:11:54+02:00,2025-08-27 05:11:55+02:00,ECI:3625798.0,115.0,3625798.0,-17.7535758,177.45250986,radio_limited_degradation,True,86.34,90.7,81.0,High,False
INC-000593,542020041221088+20250827151332+Fiji-Nadi-LTE-DL-D!20250827151309,2025-08-27 05:12:02+02:00,2025-08-27 05:12:03+02:00,ECI:3625798.0,115.0,3625798.0,-17.75362619,177.45294149,radio_limited_degradation,True,81.58,80.59,100.0,High,False
INC-000594,542020041221088+20250827151332+Fiji-Nadi-LTE-DL-D!20250827151309,2025-08-27 05:12:14+02:00,2025-08-27 05:12:14+02:00,ECI:3625798.0,115.0,3625798.0,-17.75351879,177.45349681,temporal_local_drop,False,84.26,86.93,81.0,High,False
INC-000595,542020041221088+20250827151332+Fiji-Nadi-LTE-DL-D!20250827151309,2025-08-27 05:12:22+02:00,2025-08-27 05:12:22+02:00,ECI:3625798.0,115.0,3625798.0,-17.75339512,177.45383302,temporal_local_drop,False,76.61,61.04,95.65,High,False
INC-000596,542020041221088+20250827151332+Fiji-Nadi-LTE-DL-D!20250827151309,2025-08-27 05:12:30+02:00,2025-08-27 05:12:30+02:00,ECI:3625798.0,115.0,3625798.0,-17.7531713,177.4542141,temporal_local_drop,False,85.02,79.63,91.61,High,False
INC-000597,542020041221088+20250827151332+Fiji-Nadi-LTE-DL-D!20250827151309,2025-08-27 05:12:37+02:00,2025-08-27 05:12:38+02:00,ECI:3625798.0,115.0,3625798.0,-17.75316394,177.454223735,radio_limited_degradation,True,79.17,77.68,97.49,High,False
INC-000598,542020041221088+20250827151332+Fiji-Nadi-LTE-DL-D!20250827151309,2025-08-27 05:12:41+02:00,2025-08-27 05:12:48+02:00,ECI:3625798.0,115.0,3625798.0,-17.7531273,177.4542602,radio_limited_degradation,True,87.46,92.74,99.01,High,False
INC-000599,542020041221088+20250827151332+Fiji-Nadi-LTE-DL-D!20250827151309,2025-08-27 05:12:59+02:00,2025-08-27 05:12:59+02:00,ECI:3625798.0,115.0,3625798.0,-17.7527375,177.4542501,temporal_local_drop,False,86.78,86.32,87.34,High,False
INC-000600,542020041221088+20250827151332+Fiji-Nadi-LTE-DL-D!20250827151309,2025-08-27 05:13:05+02:00,2025-08-27 05:13:06+02:00,ECI:3625798.0,115.0,3625798.0,-17.752140155,177.454241475,temporal_local_drop,False,81.49,81.89,81.0,High,False
INC-000601,542020041221088+20250827151552+Fiji-Nadi-LTE-DL-D!20250827151524,2025-08-27 05:13:45+02:00,2025-08-27 05:13:45+02:00,ECI:1068313.0,50.0,1068313.0,-17.7481703,177.4553386,ca_underperformance,False,84.83,72.42,100.0,High,False
INC-000602,542020041221088+20250827151552+Fiji-Nadi-LTE-DL-D!20250827151524,2025-08-27 05:13:58+02:00,2025-08-27 05:13:58+02:00,ECI:1068568.0,122.0,1068568.0,-17.74817128,177.45533835,radio_limited_degradation,True,65.59,74.38,54.85,High,False
INC-000603,542020041221088+20250827151552+Fiji-Nadi-LTE-DL-D!20250827151524,2025-08-27 05:14:17+02:00,2025-08-27 05:14:18+02:00,ECI:1066294.0,50.0,1066294.0,-17.747779015,177.45472199,rb_conditioned_expected_underperformance,False,60.18,59.61,60.88,Medium,False
INC-000604,542020041221088+20250827151552+Fiji-Nadi-LTE-DL-D!20250827151524,2025-08-27 05:14:21+02:00,2025-08-27 05:14:23+02:00,ECI:1066294.0,50.0,1066294.0,-17.74781073,177.45425179,temporal_local_drop,False,78.38,76.24,82.45,High,False
INC-000605,542020041221088+20250827151552+Fiji-Nadi-LTE-DL-D!20250827151524,2025-08-27 05:14:38+02:00,2025-08-27 05:14:38+02:00,ECI:1066294.0,50.0,1066294.0,-17.7477968,177.4522131,radio_limited_degradation,True,91.25,84.09,100.0,Critical,False
INC-000606,542020041221088+20250827151552+Fiji-Nadi-LTE-DL-D!20250827151524,2025-08-27 05:14:51+02:00,2025-08-27 05:14:52+02:00,ECI:1066294.0,50.0,1066294.0,-17.74781324,177.45123005,temporal_local_drop,False,80.93,65.33,100.0,High,False
INC-000607,542020041221088+20250827151552+Fiji-Nadi-LTE-DL-D!20250827151524,2025-08-27 05:15:00+02:00,2025-08-27 05:15:00+02:00,ECI:1066294.0,487.0,1066294.0,-17.7476784,177.4502861,ca_underperformance,False,85.23,79.23,92.56,High,False
INC-000608,542020041221088+20250827151552+Fiji-Nadi-LTE-DL-D!20250827151524,2025-08-27 05:15:13+02:00,2025-08-27 05:15:13+02:00,ECI:1066291.0,487.0,1066291.0,-17.7470291,177.4487421,radio_limited_degradation,True,90.73,88.88,93.0,Critical,False
INC-000609,542020041221088+20250827151552+Fiji-Nadi-LTE-DL-D!20250827151524,2025-08-27 05:15:15+02:00,2025-08-27 05:15:16+02:00,ECI:1066291.0,487.0,1066291.0,-17.74692267,177.44852326,ca_underperformance,False,59.73,58.66,61.04,Medium,False
INC-000610,542020041221088+20250827151552+Fiji-Nadi-LTE-DL-D!20250827151524,2025-08-27 05:15:18+02:00,2025-08-27 05:15:19+02:00,ECI:1066291.0,487.0,1066291.0,-17.74681741,177.44824255,radio_limited_degradation,True,69.84,81.09,60.17,High,False
INC-000611,542020041221088+20250827151812+Fiji-Nadi-LTE-DL-D!20250827151738,2025-08-27 05:15:44+02:00,2025-08-27 05:15:46+02:00,ECI:1068575.0,122.0,1068575.0,-17.746776,177.4459634,radio_limited_degradation,True,85.1,86.99,82.8,High,False
INC-000612,542020041221088+20250827151812+Fiji-Nadi-LTE-DL-D!20250827151738,2025-08-27 05:15:56+02:00,2025-08-27 05:16:10+02:00,ECI:1068575.0,122.0,1068575.0,-17.7467973,177.4454745,radio_limited_degradation,True,94.43,96.7,100.0,High,False
INC-000613,542020041221088+20250827151812+Fiji-Nadi-LTE-DL-D!20250827151738,2025-08-27 05:16:16+02:00,2025-08-27 05:16:17+02:00,ECI:1068575.0,122.0,1068575.0,-17.74685755,177.44431165,temporal_local_drop,False,72.56,68.87,77.06,High,False
INC-000614,542020041221088+20250827151812+Fiji-Nadi-LTE-DL-D!20250827151738,2025-08-27 05:16:25+02:00,2025-08-27 05:16:25+02:00,ECI:1068575.0,122.0,1068575.0,-17.74688111,177.44356325,radio_limited_degradation,True,83.37,83.84,82.8,High,False
INC-000615,542020041221088+20250827151812+Fiji-Nadi-LTE-DL-D!20250827151738,2025-08-27 05:16:33+02:00,2025-08-27 05:16:34+02:00,ECI:1068575.0,122.0,1068575.0,-17.74690672,177.442801855,temporal_local_drop,False,79.91,79.01,89.01,High,False
INC-000616,542020041221088+20250827151812+Fiji-Nadi-LTE-DL-D!20250827151738,2025-08-27 05:16:46+02:00,2025-08-27 05:16:46+02:00,ECI:1068575.0,122.0,1068575.0,-17.74673339,177.44244286,temporal_local_drop,False,85.13,78.46,93.28,High,False
INC-000617,542020041221088+20250827151812+Fiji-Nadi-LTE-DL-D!20250827151738,2025-08-27 05:16:58+02:00,2025-08-27 05:16:58+02:00,ECI:1068575.0,122.0,1068575.0,-17.74642019,177.44255345,radio_limited_degradation,True,82.83,82.86,82.8,High,False
INC-000618,542020041221088+20250827151812+Fiji-Nadi-LTE-DL-D!20250827151738,2025-08-27 05:17:16+02:00,2025-08-27 05:17:17+02:00,ECI:1068575.0,122.0,1068575.0,-17.745840819999998,177.442742995,radio_limited_degradation,True,78.42,76.3,85.25,High,False
INC-000619,542020041221088+20250827152052+Fiji-Nadi-LTE-DL-D!20250827151954,2025-08-27 05:17:58+02:00,2025-08-27 05:17:59+02:00,ECI:1068606.0,120.0,1068606.0,-17.7449355,177.442346515,radio_limited_degradation,True,76.17,70.75,82.8,High,False
INC-000620,542020041221088+20250827152052+Fiji-Nadi-LTE-DL-D!20250827151954,2025-08-27 05:18:23+02:00,2025-08-27 05:18:23+02:00,ECI:1068606.0,120.0,1068606.0,-17.744329,177.4424346,temporal_local_drop,False,75.94,68.81,84.65,High,False
INC-000621,542020041221088+20250827152052+Fiji-Nadi-LTE-DL-D!20250827151954,2025-08-27 05:18:36+02:00,2025-08-27 05:18:38+02:00,ECI:1068606.0,120.0,1068606.0,-17.74406899,177.4420838,temporal_local_drop,False,77.8,75.18,86.58,High,False
INC-000622,542020041221088+20250827152052+Fiji-Nadi-LTE-DL-D!20250827151954,2025-08-27 05:18:51+02:00,2025-08-27 05:18:52+02:00,ECI:1068606.0,120.0,1068606.0,-17.74385505,177.44177245,temporal_local_drop,False,81.3,81.54,81.0,High,False
INC-000623,542020041221088+20250827152052+Fiji-Nadi-LTE-DL-D!20250827151954,2025-08-27 05:19:12+02:00,2025-08-27 05:19:12+02:00,ECI:1068606.0,120.0,1068606.0,-17.74355048,177.44163067,temporal_local_drop,False,77.95,68.16,89.91,High,False
INC-000624,542020041221088+20250827152052+Fiji-Nadi-LTE-DL-D!20250827151954,2025-08-27 05:19:20+02:00,2025-08-27 05:19:22+02:00,ECI:1068606.0,120.0,1068606.0,-17.743408,177.44168169,radio_limited_degradation,True,82.32,81.93,82.8,High,False
INC-000625,542020041221088+20250827152052+Fiji-Nadi-LTE-DL-D!20250827151954,2025-08-27 05:19:30+02:00,2025-08-27 05:19:31+02:00,ECI:1068606.0,120.0,1068606.0,-17.743252665,177.441745595,radio_limited_degradation,True,83.86,84.73,82.8,High,False
INC-000626,542020041221088+20250827152052+Fiji-Nadi-LTE-DL-D!20250827151954,2025-08-27 05:19:50+02:00,2025-08-27 05:19:50+02:00,ECI:1068606.0,120.0,1068606.0,-17.7429311,177.44192406,temporal_local_drop,False,78.76,76.92,81.0,High,False
INC-000627,542020041221088+20250827152532+Fiji-Nadi-LTE-DL-D!20250827152209,2025-08-27 05:20:19+02:00,2025-08-27 05:20:19+02:00,ECI:1068606.0,120.0,1068606.0,-17.7425172,177.4422122,temporal_local_drop,False,75.17,70.53,80.83,High,False
INC-000628,542020041221088+20250827152532+Fiji-Nadi-LTE-DL-D!20250827152209,2025-08-27 05:20:21+02:00,2025-08-27 05:20:21+02:00,ECI:1068606.0,120.0,1068606.0,-17.7425036,177.44222108,radio_limited_degradation,True,65.6,53.65,80.2,High,False
INC-000629,542020041221088+20250827152532+Fiji-Nadi-LTE-DL-D!20250827152209,2025-08-27 05:20:30+02:00,2025-08-27 05:20:30+02:00,ECI:1068606.0,120.0,1068606.0,-17.742363,177.44226036,temporal_local_drop,False,80.82,70.22,93.77,High,False
INC-000630,542020041221088+20250827152532+Fiji-Nadi-LTE-DL-D!20250827152209,2025-08-27 05:20:43+02:00,2025-08-27 05:20:43+02:00,ECI:1068606.0,120.0,1068606.0,-17.7421081,177.4422123,temporal_local_drop,False,82.39,76.97,89.01,High,False
INC-000631,542020041221088+20250827152532+Fiji-Nadi-LTE-DL-D!20250827152209,2025-08-27 05:21:24+02:00,2025-08-27 05:21:25+02:00,ECI:1066301.0,487.0,1066301.0,-17.741515890000002,177.442633995,ca_underperformance,False,54.8,51.18,65.11,Medium,False
INC-000632,542020041221088+20250827152532+Fiji-Nadi-LTE-DL-D!20250827152209,2025-08-27 05:21:27+02:00,2025-08-27 05:21:28+02:00,ECI:1068606.0,120.0,1068606.0,-17.74151682,177.44268546,ca_underperformance,False,74.77,76.39,72.8,High,False
INC-000633,542020041221088+20250827152532+Fiji-Nadi-LTE-DL-D!20250827152209,2025-08-27 05:21:36+02:00,2025-08-27 05:21:36+02:00,ECI:1068606.0,120.0,1068606.0,-17.7415067,177.4429147,radio_limited_degradation,True,83.59,84.24,82.8,High,False
INC-000634,542020041221088+20250827152532+Fiji-Nadi-LTE-DL-D!20250827152209,2025-08-27 05:21:54+02:00,2025-08-27 05:21:55+02:00,ECI:1068606.0,120.0,1068606.0,-17.74162862,177.44337527,ca_underperformance,False,66.41,63.15,70.4,High,False
INC-000635,542020041221088+20250827152532+Fiji-Nadi-LTE-DL-D!20250827152209,2025-08-27 05:22:04+02:00,2025-08-27 05:22:05+02:00,ECI:1068606.0,120.0,1068606.0,-17.7417388,177.4436067,radio_limited_degradation,True,76.24,71.83,81.63,High,False
INC-000636,542020041221088+20250827152632+Fiji-Nadi-LTE-DL-D!20250827152422,2025-08-27 05:22:24+02:00,2025-08-27 05:22:28+02:00,ECI:1066301.0,487.0,1066301.0,-17.74210652,177.44346759500002,radio_limited_degradation,True,75.59,89.5,58.59,High,False
INC-000637,542020041221088+20250827152632+Fiji-Nadi-LTE-DL-D!20250827152422,2025-08-27 05:22:37+02:00,2025-08-27 05:22:37+02:00,ECI:1066301.0,487.0,1066301.0,-17.74210268,177.4434449,ca_underperformance,False,76.49,73.66,79.94,High,False
INC-000638,542020041221088+20250827152632+Fiji-Nadi-LTE-DL-D!20250827152422,2025-08-27 05:22:51+02:00,2025-08-27 05:22:56+02:00,ECI:1066301.0,487.0,1066301.0,-17.74190727,177.443616255,radio_limited_degradation,True,76.37,90.99,58.51,High,False
INC-000639,542020041221088+20250827152632+Fiji-Nadi-LTE-DL-D!20250827152422,2025-08-27 05:22:58+02:00,2025-08-27 05:22:58+02:00,ECI:1068606.0,120.0,1068606.0,-17.74184401,177.44363955,radio_limited_degradation,True,74.06,83.03,63.1,High,False
INC-000640,542020041221088+20250827152632+Fiji-Nadi-LTE-DL-D!20250827152422,2025-08-27 05:23:27+02:00,2025-08-27 05:23:28+02:00,ECI:1068606.0,120.0,1068606.0,-17.74152632,177.44303872,ca_underperformance,False,65.72,70.87,66.87,High,False
INC-000641,542020041221088+20250827152632+Fiji-Nadi-LTE-DL-D!20250827152422,2025-08-27 05:23:49+02:00,2025-08-27 05:23:51+02:00,ECI:1068606.0,487.0,1068606.0,-17.74156338,177.4423207,ca_underperformance,True,77.41,67.56,89.44,Medium,False
INC-000642,542020041221088+20250827152632+Fiji-Nadi-LTE-DL-D!20250827152422,2025-08-27 05:23:55+02:00,2025-08-27 05:23:56+02:00,ECI:1066301.0,487.0,1066301.0,-17.741711085,177.442187915,radio_limited_degradation,True,70.23,59.71,85.77,High,False
INC-000643,542020041221088+20250827152912+Fiji-Nadi-LTE-DL-D!20250827152850,2025-08-27 05:27:10+02:00,2025-08-27 05:27:10+02:00,ECI:1068609.0,120.0,1068609.0,-17.74510213,177.44230073,ca_underperformance,False,82.3,76.86,88.96,High,False
INC-000644,542020041221088+20250827152912+Fiji-Nadi-LTE-DL-D!20250827152850,2025-08-27 05:27:20+02:00,2025-08-27 05:27:22+02:00,ECI:1068746.0,122.0,1068746.0,-17.7452477,177.44253641,ca_underperformance,False,84.64,79.54,90.87,High,False
INC-000645,542020041221088+20250827152912+Fiji-Nadi-LTE-DL-D!20250827152850,2025-08-27 05:27:26+02:00,2025-08-27 05:27:26+02:00,ECI:1068340.0,50.0,1068340.0,-17.74534084,177.44267574,ca_underperformance,False,80.37,81.18,79.39,High,False
INC-000646,542020041221088+20250827152912+Fiji-Nadi-LTE-DL-D!20250827152850,2025-08-27 05:27:28+02:00,2025-08-27 05:27:29+02:00,ECI:1066291.0,487.0,1066291.0,-17.745375215000003,177.442762595,temporal_sudden_drop,False,63.48,53.39,75.81,Medium,False
INC-000647,542020041221088+20250827152912+Fiji-Nadi-LTE-DL-D!20250827152850,2025-08-27 05:27:31+02:00,2025-08-27 05:27:32+02:00,ECI:1068340.0,50.0,1068340.0,-17.74547105,177.44286395,radio_limited_degradation,True,82.17,90.9,71.51,High,False
INC-000648,542020041221088+20250827152912+Fiji-Nadi-LTE-DL-D!20250827152850,2025-08-27 05:27:40+02:00,2025-08-27 05:27:41+02:00,ECI:1068606.0,120.0,1068606.0,-17.7457936,177.44278385,ca_underperformance,False,59.98,57.11,63.49,Medium,False
INC-000649,542020041221088+20250827152912+Fiji-Nadi-LTE-DL-D!20250827152850,2025-08-27 05:27:44+02:00,2025-08-27 05:27:46+02:00,ECI:1068608.0,50.0,1068608.0,-17.7459643,177.4427204,ca_underperformance,True,64.26,61.33,67.84,Medium,False
INC-000650,542020041221088+20250827153152+Fiji-Nadi-LTE-DL-D!20250827153105,2025-08-27 05:29:02+02:00,2025-08-27 05:29:02+02:00,EARFCN:40790.0|PCI:120.0,120.0,,-17.74493263,177.43975535,temporal_local_drop,False,83.48,69.97,100.0,High,False
INC-000651,542020041221088+20250827153152+Fiji-Nadi-LTE-DL-D!20250827153105,2025-08-27 05:30:06+02:00,2025-08-27 05:30:09+02:00,ECI:1066301.0,487.0,1066301.0,-17.74409746,177.43501885,radio_limited_degradation,True,84.36,90.31,77.08,High,False
INC-000652,542020041221088+20250827153152+Fiji-Nadi-LTE-DL-D!20250827153105,2025-08-27 05:30:11+02:00,2025-08-27 05:30:11+02:00,ECI:1068606.0,120.0,1068606.0,-17.7441153,177.4348121,radio_limited_degradation,True,74.56,83.62,63.49,High,False
INC-000653,542020041221088+20250827153332+Fiji-Nadi-LTE-DL-D!20250827153318,2025-08-27 05:31:45+02:00,2025-08-27 05:31:46+02:00,ECI:1066039.0,120.0,1066039.0,-17.744312105,177.43382086,ca_underperformance,True,55.05,60.48,65.27,Medium,False
INC-000654,542020041221088+20250827153332+Fiji-Nadi-LTE-DL-D!20250827153318,2025-08-27 05:31:51+02:00,2025-08-27 05:32:00+02:00,ECI:1066039.0,125.0,1066039.0,-17.7440316,177.4345222,radio_limited_degradation,True,80.36,90.75,74.76,High,False
INC-000655,542020041221088+20250827153332+Fiji-Nadi-LTE-DL-D!20250827153318,2025-08-27 05:32:58+02:00,2025-08-27 05:32:58+02:00,ECI:1068566.0,120.0,1068566.0,-17.744629,177.4392415,temporal_local_drop,False,64.36,62.81,66.25,Medium,False
INC-000656,542020041221088+20250827154414+Fiji-Nadi-LTE-DL-D!20250827153533,2025-08-27 05:33:30+02:00,2025-08-27 05:33:30+02:00,ECI:1068746.0,120.0,1068746.0,-17.74610579,177.44105124,temporal_local_drop,False,80.86,74.73,88.36,High,False
INC-000657,542020041221088+20250827154414+Fiji-Nadi-LTE-DL-D!20250827153533,2025-08-27 05:33:54+02:00,2025-08-27 05:33:54+02:00,ECI:1068608.0,122.0,1068608.0,-17.746849,177.4432316,temporal_local_drop,False,86.04,85.71,86.45,High,False
INC-000658,542020041221088+20250827154913+Fiji-Nadi-LTE-DL-D!20250827153748,2025-08-27 05:36:57+02:00,2025-08-27 05:36:57+02:00,ECI:3631425.0,215.0,3631425.0,-17.7383531,177.45612,radio_limited_degradation,True,69.62,67.66,72.02,High,False
INC-000659,542020041221088+20250827154913+Fiji-Nadi-LTE-DL-D!20250827153748,2025-08-27 05:37:03+02:00,2025-08-27 05:37:04+02:00,ECI:1066294.0,487.0,1066294.0,-17.73843093,177.45650785,ca_underperformance,True,69.83,67.91,72.18,High,False
INC-000660,542020041221088+20250827154913+Fiji-Nadi-LTE-DL-D!20250827153748,2025-08-27 05:37:46+02:00,2025-08-27 05:37:46+02:00,ECI:1066294.0,487.0,1066294.0,-17.7406666,177.4566888,radio_limited_degradation,True,73.49,87.89,55.88,High,False
INC-000661,542020041221088+20250827155333+Fiji-Nadi-LTE-DL-D!20250827154000,2025-08-27 05:38:24+02:00,2025-08-27 05:38:26+02:00,ECI:1066294.0,487.0,1066294.0,-17.74066661,177.45668877,radio_limited_degradation,True,77.5,90.98,61.02,High,False
INC-000662,542020041221088+20250827155633+Fiji-Nadi-LTE-DL-D!20250827154210,2025-08-27 05:40:22+02:00,2025-08-27 05:40:22+02:00,ECI:1066294.0,487.0,1066294.0,-17.73913576,177.45809406,temporal_sudden_drop,False,70.35,61.46,81.21,High,False
INC-000663,542020041221088+20250827155633+Fiji-Nadi-LTE-DL-D!20250827154210,2025-08-27 05:40:30+02:00,2025-08-27 05:40:30+02:00,ECI:1066294.0,487.0,1066294.0,-17.73908108,177.45831568,radio_limited_degradation,True,72.02,91.26,48.5,High,False
INC-000664,542020041221088+20250827155633+Fiji-Nadi-LTE-DL-D!20250827154210,2025-08-27 05:40:40+02:00,2025-08-27 05:40:41+02:00,ECI:1066294.0,487.0,1066294.0,-17.739114,177.4585007,radio_limited_degradation,True,82.67,98.57,63.24,High,False
INC-000665,542020041221088+20250827155633+Fiji-Nadi-LTE-DL-D!20250827154210,2025-08-27 05:40:50+02:00,2025-08-27 05:40:52+02:00,ECI:1066294.0,487.0,1066294.0,-17.739114,177.458500685,radio_limited_degradation,True,81.85,97.69,62.5,High,False
INC-000666,542020041221088+20250827155633+Fiji-Nadi-LTE-DL-D!20250827154210,2025-08-27 05:41:12+02:00,2025-08-27 05:41:19+02:00,ECI:1066294.0,487.0,1066294.0,-17.7391673,177.458617,radio_limited_degradation,True,81.53,99.47,63.78,High,False
INC-000667,542020041221088+20250827155633+Fiji-Nadi-LTE-DL-D!20250827154210,2025-08-27 05:41:26+02:00,2025-08-27 05:41:26+02:00,ECI:1066294.0,487.0,1066294.0,-17.73934166,177.45913406,radio_limited_degradation,True,80.21,97.13,59.53,High,False
INC-000668,542020041221088+20250827155853+Fiji-Nadi-LTE-DL-D!20250827154409,2025-08-27 05:42:50+02:00,2025-08-27 05:42:50+02:00,ECI:1068338.0,49.0,1068338.0,-17.74446573,177.4569019,ca_underperformance,False,92.93,95.68,89.56,Critical,False
INC-000669,542020041221088+20250827155853+Fiji-Nadi-LTE-DL-D!20250827154409,2025-08-27 05:43:29+02:00,2025-08-27 05:43:31+02:00,ECI:1068350.0,50.0,1068350.0,-17.7478668,177.4555751,radio_limited_degradation,True,65.79,60.98,71.66,High,False
INC-000670,542020041221088+20250827155853+Fiji-Nadi-LTE-DL-D!20250827154409,2025-08-27 05:44:04+02:00,2025-08-27 05:44:04+02:00,ECI:1066291.0,487.0,1066291.0,-17.75189698,177.45441863,radio_limited_degradation,True,65.47,63.18,68.26,High,False
INC-000671,542020041221088+20250827160154+Fiji-Nadi-LTE-DL-D!20250827155510,2025-08-27 05:53:13+02:00,2025-08-27 05:53:26+02:00,ECI:1067152.0,340.0,1067152.0,-17.78877476,177.44170807,radio_limited_degradation,True,76.27,90.93,58.36,High,False
INC-000672,542020041221088+20250827160154+Fiji-Nadi-LTE-DL-D!20250827155510,2025-08-27 05:54:40+02:00,2025-08-27 05:54:40+02:00,ECI:1073216.0,430.0,1073216.0,-17.79308108,177.44452976,ca_underperformance,False,72.55,72.35,72.8,High,False
INC-000673,542020041221088+20250827160414+Fiji-Nadi-LTE-DL-D!20250827155722,2025-08-27 05:55:19+02:00,2025-08-27 05:55:19+02:00,ECI:1073216.0,430.0,1073216.0,-17.79589025,177.44698443,temporal_local_drop,False,79.28,62.33,100.0,High,False
INC-000674,542020041221088+20250827160414+Fiji-Nadi-LTE-DL-D!20250827155722,2025-08-27 05:56:05+02:00,2025-08-27 05:56:05+02:00,ECI:1065023.0,470.0,1065023.0,-17.7973515,177.4485027,ca_underperformance,False,66.75,58.41,76.95,High,False
INC-000675,542020041221088+20250827160414+Fiji-Nadi-LTE-DL-D!20250827155722,2025-08-27 05:56:11+02:00,2025-08-27 05:56:11+02:00,ECI:1073216.0,470.0,1073216.0,-17.79757177,177.44869262,ca_underperformance,False,64.37,58.43,71.62,Medium,False
INC-000676,542020041221088+20250827160414+Fiji-Nadi-LTE-DL-D!20250827155722,2025-08-27 05:57:18+02:00,2025-08-27 05:57:18+02:00,ECI:1065023.0,470.0,1065023.0,-17.79967259,177.45104095,radio_limited_degradation,True,78.18,88.9,65.07,High,False
INC-000677,542020041221088+20250827160414+Fiji-Nadi-LTE-DL-D!20250827155722,2025-08-27 05:57:20+02:00,2025-08-27 05:57:21+02:00,ECI:1073216.0,214.0,1073216.0,-17.799758699999998,177.45114995,radio_limited_degradation,True,72.79,86.45,56.1,High,False
INC-000678,542020041221088+20250827160614+Fiji-Nadi-LTE-DL-D!20250827155934,2025-08-27 05:57:32+02:00,2025-08-27 05:57:32+02:00,ECI:1073215.0,429.0,1073215.0,-17.79999334,177.45159717,ca_underperformance,False,80.37,69.04,94.21,High,False
INC-000679,542020041221088+20250827160614+Fiji-Nadi-LTE-DL-D!20250827155934,2025-08-27 05:57:45+02:00,2025-08-27 05:57:46+02:00,ECI:1065020.0,470.0,1065020.0,-17.80022716,177.452215155,ca_underperformance,False,70.4,64.48,77.63,High,False
INC-000680,542020041221088+20250827160614+Fiji-Nadi-LTE-DL-D!20250827155934,2025-08-27 05:57:50+02:00,2025-08-27 05:57:51+02:00,ECI:3631411.0,211.0,3631411.0,-17.80039362,177.45245448499998,radio_limited_degradation,True,78.2,86.6,67.93,High,False
INC-000681,542020041221088+20250827160614+Fiji-Nadi-LTE-DL-D!20250827155934,2025-08-27 05:57:53+02:00,2025-08-27 05:58:01+02:00,ECI:1065020.0,148.0,1065020.0,-17.8007582,177.4528165,ca_underperformance,True,86.1,89.36,84.93,High,False
INC-000682,542020041221088+20250827160834+Fiji-Nadi-LTE-DL-D!20250827160146,2025-08-27 06:00:04+02:00,2025-08-27 06:00:04+02:00,ECI:1070391.0,470.0,1070391.0,-17.80666484,177.45235495,temporal_local_drop,False,80.66,65.23,99.51,High,False
INC-000683,542020041221088+20250827160834+Fiji-Nadi-LTE-DL-D!20250827160146,2025-08-27 06:00:17+02:00,2025-08-27 06:00:17+02:00,ECI:1070391.0,470.0,1070391.0,-17.8072331,177.4523944,temporal_local_drop,False,84.28,80.17,89.3,High,False
INC-000684,542020041221088+20250827160834+Fiji-Nadi-LTE-DL-D!20250827160146,2025-08-27 06:00:24+02:00,2025-08-27 06:00:24+02:00,ECI:1070391.0,470.0,1070391.0,-17.8074164,177.4523131,temporal_local_drop,False,69.83,71.61,67.65,High,False
INC-000685,542020041221088+20250827161114+Fiji-Nadi-LTE-DL-D!20250827160608,2025-08-27 06:04:06+02:00,2025-08-27 06:04:06+02:00,ECI:1065015.0,469.0,1065015.0,-17.81116123,177.44284917,ca_underperformance,False,92.1,85.64,100.0,Critical,False
INC-000686,542020041221088+20250827161114+Fiji-Nadi-LTE-DL-D!20250827160608,2025-08-27 06:05:43+02:00,2025-08-27 06:05:50+02:00,ECI:1064992.0,469.0,1064992.0,-17.811749,177.4395832,radio_limited_degradation,True,77.12,90.95,65.15,High,False
INC-000687,542020041221088+20250827161114+Fiji-Nadi-LTE-DL-D!20250827160608,2025-08-27 06:05:56+02:00,2025-08-27 06:05:57+02:00,ECI:1064992.0,469.0,1064992.0,-17.8118431,177.4393542,radio_limited_degradation,True,58.81,73.81,40.47,Medium,False
INC-000688,542020041221088+20250827161114+Fiji-Nadi-LTE-DL-D!20250827160608,2025-08-27 06:06:06+02:00,2025-08-27 06:06:06+02:00,ECI:1064992.0,469.0,1064992.0,-17.81194019,177.43910936,radio_limited_degradation,True,76.59,90.8,59.22,High,False
INC-000689,542020041221088+20250827161154+Fiji-Nadi-LTE-DL-D!20250827160820,2025-08-27 06:06:19+02:00,2025-08-27 06:06:30+02:00,ECI:1064992.0,469.0,1064992.0,-17.8122499,177.4382959,radio_limited_degradation,True,81.75,99.99,59.45,High,False
INC-000690,542020041221088+20250827161154+Fiji-Nadi-LTE-DL-D!20250827160820,2025-08-27 06:06:53+02:00,2025-08-27 06:06:53+02:00,ECI:1064992.0,469.0,1064992.0,-17.8125348,177.4374076,radio_limited_degradation,True,85.25,99.65,67.66,High,False
INC-000691,542020041221088+20250827161154+Fiji-Nadi-LTE-DL-D!20250827160820,2025-08-27 06:07:00+02:00,2025-08-27 06:07:08+02:00,ECI:1064992.0,469.0,1064992.0,-17.8126242,177.4370478,radio_limited_degradation,True,82.77,99.98,61.74,High,False
INC-000692,542020041221088+20250827161154+Fiji-Nadi-LTE-DL-D!20250827160820,2025-08-27 06:07:19+02:00,2025-08-27 06:07:20+02:00,ECI:1071676.0,393.0,1071676.0,-17.81277227,177.43688906,radio_limited_degradation,True,81.17,99.99,58.17,High,False
INC-000693,542020041221088+20250827161154+Fiji-Nadi-LTE-DL-D!20250827160820,2025-08-27 06:07:24+02:00,2025-08-27 06:07:24+02:00,ECI:1071647.0,148.0,1071647.0,-17.81281855,177.43693058,radio_limited_degradation,True,78.99,97.08,56.88,High,False
INC-000694,542020041221088+20250827161154+Fiji-Nadi-LTE-DL-D!20250827160820,2025-08-27 06:07:27+02:00,2025-08-27 06:07:27+02:00,ECI:1064765.0,148.0,1064765.0,-17.81285664,177.43696108,ca_underperformance,False,68.32,69.62,66.72,High,False
INC-000695,542020041221088+20250827161154+Fiji-Nadi-LTE-DL-D!20250827160820,2025-08-27 06:07:34+02:00,2025-08-27 06:07:35+02:00,ECI:1071637.0,148.0,1071637.0,-17.812962245,177.437045625,radio_limited_degradation,True,84.49,98.29,67.62,High,False
INC-000696,542020041221088+20250827161154+Fiji-Nadi-LTE-DL-D!20250827160820,2025-08-27 06:07:47+02:00,2025-08-27 06:07:48+02:00,ECI:1064755.0,148.0,1064755.0,-17.81317885,177.43722344999998,radio_limited_degradation,True,80.54,97.95,59.26,High,False
INC-000697,542020041221088+20250827161154+Fiji-Nadi-LTE-DL-D!20250827160820,2025-08-27 06:07:54+02:00,2025-08-27 06:07:57+02:00,ECI:1064755.0,148.0,1064755.0,-17.813307514999998,177.43731259,radio_limited_degradation,True,71.96,90.46,49.35,High,False
INC-000698,542020041221088+20250827161234+Fiji-Nadi-LTE-DL-D!20250827161029,2025-08-27 06:08:27+02:00,2025-08-27 06:08:27+02:00,ECI:1070110.0,395.0,1070110.0,-17.8138109,177.4377673,ca_underperformance,False,74.26,72.31,76.64,High,False
INC-000699,542020041221088+20250827161234+Fiji-Nadi-LTE-DL-D!20250827161029,2025-08-27 06:08:29+02:00,2025-08-27 06:08:31+02:00,ECI:1064765.0,148.0,1064765.0,-17.81385373,177.43780725,ca_underperformance,True,65.66,76.72,65.07,Medium,False
INC-000700,542020041221088+20250827161234+Fiji-Nadi-LTE-DL-D!20250827161029,2025-08-27 06:08:34+02:00,2025-08-27 06:08:36+02:00,ECI:1070110.0,332.0,1070110.0,-17.8139731,177.43792649,ca_underperformance,True,79.41,88.23,68.64,High,False
INC-000701,542020041221088+20250827161234+Fiji-Nadi-LTE-DL-D!20250827161029,2025-08-27 06:08:46+02:00,2025-08-27 06:08:47+02:00,ECI:1071647.0,395.0,1071647.0,-17.814274425,177.43818996,ca_underperformance,True,76.34,86.51,78.14,High,False
INC-000702,542020041221088+20250827161234+Fiji-Nadi-LTE-DL-D!20250827161029,2025-08-27 06:08:49+02:00,2025-08-27 06:09:05+02:00,ECI:1071647.0,395.0,1071647.0,-17.81461707,177.43848557,ca_underperformance,True,86.11,95.6,74.52,High,False
INC-000703,542020041221088+20250827161234+Fiji-Nadi-LTE-DL-D!20250827161029,2025-08-27 06:09:07+02:00,2025-08-27 06:09:10+02:00,ECI:1064755.0,332.0,1064755.0,-17.8150051,177.4388001,radio_limited_degradation,True,84.87,98.84,67.79,High,False
INC-000704,542020041221088+20250827161234+Fiji-Nadi-LTE-DL-D!20250827161029,2025-08-27 06:10:03+02:00,2025-08-27 06:10:03+02:00,ECI:1064755.0,148.0,1064755.0,-17.81437508,177.44222156,ca_underperformance,False,68.85,61.61,77.7,High,False
INC-000705,542020041221088+20250827161234+Fiji-Nadi-LTE-DL-D!20250827161029,2025-08-27 06:10:06+02:00,2025-08-27 06:10:06+02:00,ECI:1064755.0,148.0,1064755.0,-17.81432011,177.44235064,radio_limited_degradation,True,82.04,96.71,64.1,High,False
INC-000706,542020041221088+20250827161234+Fiji-Nadi-LTE-DL-D!20250827161029,2025-08-27 06:10:14+02:00,2025-08-27 06:10:15+02:00,ECI:1064992.0,469.0,1064992.0,-17.814219295,177.442660445,ca_underperformance,True,84.1,96.97,79.94,High,False
INC-000707,542020041221088+20250827161234+Fiji-Nadi-LTE-DL-D!20250827161029,2025-08-27 06:10:21+02:00,2025-08-27 06:10:26+02:00,ECI:1064992.0,469.0,1064992.0,-17.814090604999997,177.443069595,radio_limited_degradation,True,81.57,95.04,65.1,High,False
INC-000708,542020041221088+20250827161314+Fiji-Nadi-LTE-DL-D!20250827161239,2025-08-27 06:10:37+02:00,2025-08-27 06:10:37+02:00,ECI:1064992.0,469.0,1064992.0,-17.81389423,177.44371538,radio_limited_degradation,True,67.12,54.7,82.3,High,False
INC-000709,542020041221088+20250827161314+Fiji-Nadi-LTE-DL-D!20250827161239,2025-08-27 06:12:04+02:00,2025-08-27 06:12:04+02:00,ECI:1065025.0,469.0,1065025.0,-17.8135828,177.4475744,temporal_sudden_drop,False,64.35,59.09,70.78,Medium,False
INC-000710,542020041221088+20250828102346+Fiji-Nadi-LTE-DL-D!20250828102312,2025-08-28 00:21:34+02:00,2025-08-28 00:21:34+02:00,ECI:1071136.0,338.0,1071136.0,-17.737185,177.4599082,radio_limited_degradation,True,76.8,78.33,74.93,High,False
INC-000711,542020041221088+20250828102346+Fiji-Nadi-LTE-DL-D!20250828102312,2025-08-28 00:21:43+02:00,2025-08-28 00:21:44+02:00,ECI:1071136.0,338.0,1071136.0,-17.737185,177.4599081,ca_underperformance,True,84.63,86.13,89.84,High,False
INC-000712,542020041221088+20250828102346+Fiji-Nadi-LTE-DL-D!20250828102312,2025-08-28 00:22:00+02:00,2025-08-28 00:22:02+02:00,ECI:1071136.0,338.0,1071136.0,-17.7371848,177.4599081,radio_limited_degradation,True,91.8,85.49,100.0,High,False
INC-000713,542020041221088+20250828102346+Fiji-Nadi-LTE-DL-D!20250828102312,2025-08-28 00:22:11+02:00,2025-08-28 00:22:12+02:00,ECI:1071136.0,338.0,1071136.0,-17.7371848,177.4599081,radio_limited_degradation,True,83.25,83.61,82.8,High,False
INC-000714,542020041221088+20250828102346+Fiji-Nadi-LTE-DL-D!20250828102312,2025-08-28 00:22:24+02:00,2025-08-28 00:22:27+02:00,ECI:1071136.0,338.0,1071136.0,-17.7371848,177.4599081,radio_limited_degradation,True,87.2,90.8,82.8,High,False
INC-000715,542020041221088+20250828102346+Fiji-Nadi-LTE-DL-D!20250828102312,2025-08-28 00:22:41+02:00,2025-08-28 00:22:43+02:00,ECI:1071136.0,338.0,1071136.0,-17.7371848,177.459908,radio_limited_degradation,True,79.62,77.02,82.8,High,False
INC-000716,542020041221088+20250828102346+Fiji-Nadi-LTE-DL-D!20250828102312,2025-08-28 00:22:56+02:00,2025-08-28 00:22:57+02:00,ECI:1071136.0,338.0,1071136.0,-17.7371849,177.4599081,ca_underperformance,False,85.27,80.77,90.78,High,False
INC-000717,542020041221088+20250828102346+Fiji-Nadi-LTE-DL-D!20250828102312,2025-08-28 00:23:07+02:00,2025-08-28 00:23:07+02:00,ECI:1071136.0,338.0,1071136.0,-17.7371849,177.4599081,radio_limited_degradation,True,83.81,84.63,82.8,High,False
INC-000718,542020041221088+20250828102746+Fiji-Nadi-LTE-DL-D!20250828102524,2025-08-28 00:23:27+02:00,2025-08-28 00:23:28+02:00,ECI:1071136.0,338.0,1071136.0,-17.7371849,177.459908,ca_underperformance,True,88.02,84.22,100.0,High,False
INC-000719,542020041221088+20250828102746+Fiji-Nadi-LTE-DL-D!20250828102524,2025-08-28 00:23:38+02:00,2025-08-28 00:23:42+02:00,ECI:1071136.0,338.0,1071136.0,-17.7371849,177.459908,ca_underperformance,True,95.92,94.23,100.0,High,False
INC-000720,542020041221088+20250828102746+Fiji-Nadi-LTE-DL-D!20250828102524,2025-08-28 00:23:51+02:00,2025-08-28 00:23:54+02:00,ECI:1071136.0,338.0,1071136.0,-17.737185,177.459908,ca_underperformance,True,94.03,91.36,99.6,High,False
INC-000721,542020041221088+20250828102746+Fiji-Nadi-LTE-DL-D!20250828102524,2025-08-28 00:24:04+02:00,2025-08-28 00:24:04+02:00,ECI:1071136.0,338.0,1071136.0,-17.737185,177.4599079,radio_limited_degradation,True,83.75,84.52,82.8,High,False
INC-000722,542020041221088+20250828102746+Fiji-Nadi-LTE-DL-D!20250828102524,2025-08-28 00:24:13+02:00,2025-08-28 00:24:16+02:00,ECI:1071136.0,338.0,1071136.0,-17.7371831,177.4599079,ca_underperformance,True,85.44,81.34,90.45,High,False
INC-000723,542020041221088+20250828102746+Fiji-Nadi-LTE-DL-D!20250828102524,2025-08-28 00:24:27+02:00,2025-08-28 00:24:28+02:00,ECI:1068318.0,49.0,1068318.0,-17.7370502,177.45992895,radio_limited_degradation,True,83.66,75.61,93.49,High,False
INC-000724,542020041221088+20250828102746+Fiji-Nadi-LTE-DL-D!20250828102524,2025-08-28 00:24:48+02:00,2025-08-28 00:24:48+02:00,ECI:1066294.0,487.0,1066294.0,-17.7359655,177.4604803,temporal_local_drop,False,72.73,67.86,78.69,High,False
INC-000725,542020041221088+20250828102746+Fiji-Nadi-LTE-DL-D!20250828102524,2025-08-28 00:25:22+02:00,2025-08-28 00:25:22+02:00,ECI:1066294.0,487.0,1066294.0,-17.7332225,177.4592847,temporal_local_drop,False,76.59,76.06,77.23,High,False
INC-000726,542020041221088+20250828103047+Fiji-Nadi-LTE-DL-D!20250828102736,2025-08-28 00:25:39+02:00,2025-08-28 00:25:40+02:00,ECI:1066294.0,487.0,1066294.0,-17.732200835,177.4573341,ca_underperformance,True,87.84,77.9,100.0,High,False
INC-000727,542020041221088+20250828103047+Fiji-Nadi-LTE-DL-D!20250828102736,2025-08-28 00:25:50+02:00,2025-08-28 00:25:51+02:00,ECI:1066294.0,487.0,1066294.0,-17.731486670000002,177.45597435500002,temporal_local_drop,False,72.81,63.44,84.27,High,False
INC-000728,542020041221088+20250828103047+Fiji-Nadi-LTE-DL-D!20250828102736,2025-08-28 00:26:18+02:00,2025-08-28 00:26:20+02:00,ECI:1066294.0,487.0,1066294.0,-17.728182,177.4539678,radio_limited_degradation,True,73.97,65.75,90.11,High,False
INC-000729,542020041221088+20250828103047+Fiji-Nadi-LTE-DL-D!20250828102736,2025-08-28 00:26:40+02:00,2025-08-28 00:26:41+02:00,ECI:1066294.0,487.0,1066294.0,-17.725580100000002,177.45309294999998,temporal_local_drop,False,79.48,78.23,90.74,High,False
INC-000730,542020041221088+20250828103047+Fiji-Nadi-LTE-DL-D!20250828102736,2025-08-28 00:26:53+02:00,2025-08-28 00:26:53+02:00,ECI:1066294.0,487.0,1066294.0,-17.7241782,177.4525979,radio_limited_degradation,True,83.98,84.94,82.8,High,False
INC-000731,542020041221088+20250828103047+Fiji-Nadi-LTE-DL-D!20250828102736,2025-08-28 00:27:01+02:00,2025-08-28 00:27:02+02:00,ECI:1066294.0,487.0,1066294.0,-17.72314445,177.45223825,temporal_local_drop,False,83.28,85.14,81.0,High,False
INC-000732,542020041221088+20250828103047+Fiji-Nadi-LTE-DL-D!20250828102736,2025-08-28 00:27:15+02:00,2025-08-28 00:27:16+02:00,ECI:1066294.0,487.0,1066294.0,-17.721460575000002,177.45231296,radio_limited_degradation,True,84.13,78.6,90.88,High,False
INC-000733,542020041221088+20250828103047+Fiji-Nadi-LTE-DL-D!20250828102736,2025-08-28 00:27:31+02:00,2025-08-28 00:27:32+02:00,ECI:1066294.0,487.0,1066294.0,-17.719753585,177.453513665,temporal_local_drop,False,73.54,67.53,90.75,High,False
INC-000734,542020041221088+20250828103207+Fiji-Nadi-LTE-DL-D!20250828102946,2025-08-28 00:27:51+02:00,2025-08-28 00:27:56+02:00,ECI:1066294.0,487.0,1066294.0,-17.717072285,177.454077355,radio_limited_degradation,True,76.38,71.17,91.64,High,False
INC-000735,542020041221088+20250828103207+Fiji-Nadi-LTE-DL-D!20250828102946,2025-08-28 00:28:09+02:00,2025-08-28 00:28:09+02:00,ECI:1066294.0,487.0,1066294.0,-17.7152356,177.4531395,temporal_local_drop,False,72.22,57.22,90.56,High,False
INC-000736,542020041221088+20250828103207+Fiji-Nadi-LTE-DL-D!20250828102946,2025-08-28 00:28:35+02:00,2025-08-28 00:28:44+02:00,ECI:1066294.0,487.0,1066294.0,-17.71266903,177.45004244,radio_limited_degradation,True,77.47,89.98,62.19,High,False
INC-000737,542020041221088+20250828103427+Fiji-Nadi-LTE-DL-D!20250828103156,2025-08-28 00:29:54+02:00,2025-08-28 00:29:54+02:00,ECI:1075519.0,315.0,1075519.0,-17.70734302,177.44063707,temporal_local_drop,False,70.35,57.11,86.53,High,False
INC-000738,542020041221088+20250828103607+Fiji-Nadi-LTE-DL-D!20250828103408,2025-08-28 00:32:42+02:00,2025-08-28 00:32:42+02:00,ECI:1075521.0,316.0,1075521.0,-17.70032345,177.42981733,temporal_local_drop,False,77.11,70.09,85.69,High,False
INC-000739,542020041221088+20250828103607+Fiji-Nadi-LTE-DL-D!20250828103408,2025-08-28 00:33:48+02:00,2025-08-28 00:33:48+02:00,ECI:1066305.0,488.0,1066305.0,-17.6961766,177.4254231,rb_conditioned_expected_underperformance,False,66.86,46.76,91.42,High,False
INC-000740,542020041221088+20250828103707+Fiji-Nadi-LTE-DL-D!20250828103621,2025-08-28 00:34:30+02:00,2025-08-28 00:34:30+02:00,ECI:1081414.0,453.0,1081414.0,-17.69220601,177.42159949,radio_limited_degradation,True,68.4,65.25,72.26,High,False
INC-000741,542020041221088+20250828103707+Fiji-Nadi-LTE-DL-D!20250828103621,2025-08-28 00:35:42+02:00,2025-08-28 00:35:42+02:00,ECI:1081374.0,453.0,1081374.0,-17.6844334,177.4146479,temporal_local_drop,False,68.91,48.18,94.25,High,False
INC-000742,542020041221088+20250828103907+Fiji-Nadi-LTE-DL-D!20250828103834,2025-08-28 00:37:34+02:00,2025-08-28 00:37:38+02:00,ECI:1081376.0,455.0,1081376.0,-17.6689035,177.40752367,radio_limited_degradation,True,73.7,85.82,58.89,Medium,False
INC-000743,542020041221088+20250828103907+Fiji-Nadi-LTE-DL-D!20250828103834,2025-08-28 00:37:47+02:00,2025-08-28 00:37:48+02:00,ECI:1081376.0,455.0,1081376.0,-17.667426815,177.40711842000002,radio_limited_degradation,True,63.67,66.05,60.77,Medium,False
INC-000744,542020041221088+20250828103907+Fiji-Nadi-LTE-DL-D!20250828103834,2025-08-28 00:38:14+02:00,2025-08-28 00:38:14+02:00,ECI:1081376.0,455.0,1081376.0,-17.6644802,177.4063227,radio_limited_degradation,True,66.64,67.07,66.12,High,False
INC-000745,542020041221088+20250828103907+Fiji-Nadi-LTE-DL-D!20250828103834,2025-08-28 00:38:29+02:00,2025-08-28 00:38:34+02:00,ECI:1079366.0,320.0,1079366.0,-17.66253545,177.40568545,ca_underperformance,True,85.26,90.37,89.65,High,False
INC-000746,542020041221088+20250828104127+Fiji-Nadi-LTE-DL-D!20250828104043,2025-08-28 00:38:51+02:00,2025-08-28 00:38:54+02:00,ECI:1075783.0,455.0,1075783.0,-17.660390805,177.405156615,ca_underperformance,True,81.25,84.84,79.94,High,False
INC-000747,542020041221088+20250828104127+Fiji-Nadi-LTE-DL-D!20250828104043,2025-08-28 00:39:32+02:00,2025-08-28 00:39:32+02:00,ECI:1075733.0,159.0,1075733.0,-17.6556901,177.405748,rb_conditioned_expected_underperformance,False,64.21,68.08,59.49,Medium,False
INC-000748,542020041221088+20250828104127+Fiji-Nadi-LTE-DL-D!20250828104043,2025-08-28 00:40:31+02:00,2025-08-28 00:40:31+02:00,ECI:1075914.0,437.0,1075914.0,-17.6487331,177.4086611,temporal_sudden_drop,False,70.89,58.38,86.17,High,False
INC-000749,542020041221088+20250828104327+Fiji-Nadi-LTE-DL-D!20250828104254,2025-08-28 00:41:48+02:00,2025-08-28 00:41:49+02:00,ECI:1075763.0,159.0,1075763.0,-17.645116575,177.415429345,ca_underperformance,False,58.19,57.35,59.22,Medium,False
INC-000750,542020041221088+20250828104327+Fiji-Nadi-LTE-DL-D!20250828104254,2025-08-28 00:41:58+02:00,2025-08-28 00:41:59+02:00,ECI:1081652.0,356.0,1081652.0,-17.644653384999998,177.416757915,ca_underperformance,False,61.6,61.87,67.95,Medium,False
INC-000751,542020041221088+20250828104327+Fiji-Nadi-LTE-DL-D!20250828104254,2025-08-28 00:42:44+02:00,2025-08-28 00:42:46+02:00,ECI:1081652.0,356.0,1081652.0,-17.64147896,177.4209484,ca_underperformance,False,65.29,57.26,77.59,Medium,False
INC-000752,542020041221088+20250828104327+Fiji-Nadi-LTE-DL-D!20250828104254,2025-08-28 00:42:53+02:00,2025-08-28 00:42:54+02:00,ECI:1081652.0,356.0,1081652.0,-17.6408387,177.42177494999999,rb_conditioned_expected_underperformance,False,55.24,51.95,62.59,Medium,False
INC-000753,542020041221088+20250828104547+Fiji-Nadi-LTE-DL-D!20250828104505,2025-08-28 00:43:03+02:00,2025-08-28 00:43:04+02:00,ECI:1075764.0,160.0,1075764.0,-17.64017896,177.422621285,ca_underperformance,False,66.12,59.68,73.99,High,False
INC-000754,542020041221088+20250828104547+Fiji-Nadi-LTE-DL-D!20250828104505,2025-08-28 00:43:26+02:00,2025-08-28 00:43:27+02:00,ECI:1081652.0,356.0,1081652.0,-17.63865081,177.424577055,rb_conditioned_expected_underperformance,False,65.11,63.6,66.95,High,False
INC-000755,542020041221088+20250828104547+Fiji-Nadi-LTE-DL-D!20250828104505,2025-08-28 00:43:54+02:00,2025-08-28 00:43:54+02:00,ECI:1081632.0,356.0,1081632.0,-17.63671976,177.42706971,temporal_local_drop,False,66.27,59.5,74.54,High,False
INC-000756,542020041221088+20250828104547+Fiji-Nadi-LTE-DL-D!20250828104505,2025-08-28 00:44:39+02:00,2025-08-28 00:44:44+02:00,ECI:3643082.0,312.0,3643082.0,-17.63436075,177.42967279,radio_limited_degradation,True,83.24,88.19,77.19,Medium,False
INC-000757,542020041221088+20250828104547+Fiji-Nadi-LTE-DL-D!20250828104505,2025-08-28 00:44:54+02:00,2025-08-28 00:44:54+02:00,ECI:3643082.0,312.0,3643082.0,-17.63532025,177.43090153,temporal_sudden_drop,False,78.5,60.91,100.0,High,False
INC-000758,542020041221088+20250828104547+Fiji-Nadi-LTE-DL-D!20250828104505,2025-08-28 00:44:59+02:00,2025-08-28 00:45:01+02:00,ECI:1081630.0,354.0,1081630.0,-17.63582129,177.43141131,ca_underperformance,False,97.52,97.01,98.15,High,False
INC-000759,542020041221088+20250828104747+Fiji-Nadi-LTE-DL-D!20250828104718,2025-08-28 00:45:20+02:00,2025-08-28 00:45:23+02:00,ECI:1081631.0,355.0,1081631.0,-17.637822300000003,177.43153151,radio_limited_degradation,True,71.61,86.79,81.0,High,False
INC-000760,542020041221088+20250828104747+Fiji-Nadi-LTE-DL-D!20250828104718,2025-08-28 00:45:53+02:00,2025-08-28 00:45:53+02:00,ECI:1081631.0,355.0,1081631.0,-17.64085271,177.43133434,radio_limited_degradation,True,74.01,66.56,83.12,High,False
INC-000761,542020041221088+20250828104747+Fiji-Nadi-LTE-DL-D!20250828104718,2025-08-28 00:46:02+02:00,2025-08-28 00:46:04+02:00,ECI:1081654.0,16.0,1081654.0,-17.6419732,177.4317854,ca_underperformance,True,80.88,81.65,79.94,Medium,False
INC-000762,542020041221088+20250828104747+Fiji-Nadi-LTE-DL-D!20250828104718,2025-08-28 00:46:16+02:00,2025-08-28 00:46:19+02:00,ECI:1081654.0,355.0,1081654.0,-17.64298451,177.43232329,ca_underperformance,False,64.51,55.07,76.05,Medium,False
INC-000763,542020041221088+20250828104747+Fiji-Nadi-LTE-DL-D!20250828104718,2025-08-28 00:46:31+02:00,2025-08-28 00:46:36+02:00,ECI:1082689.0,16.0,1082689.0,-17.644064885,177.433009855,ca_underperformance,False,83.85,83.61,84.15,Medium,False
INC-000764,542020041221088+20250828104747+Fiji-Nadi-LTE-DL-D!20250828104718,2025-08-28 00:47:07+02:00,2025-08-28 00:47:15+02:00,ECI:1078583.0,163.0,1078583.0,-17.64598513,177.43664402500002,ca_underperformance,True,86.61,75.66,100.0,High,False
INC-000765,542020041221088+20250828105007+Fiji-Nadi-LTE-DL-D!20250828104930,2025-08-28 00:47:28+02:00,2025-08-28 00:47:29+02:00,ECI:1078583.0,163.0,1078583.0,-17.64673036,177.43806538500002,temporal_local_drop,False,64.76,61.25,69.05,Medium,False
INC-000766,542020041221088+20250828105007+Fiji-Nadi-LTE-DL-D!20250828104930,2025-08-28 00:47:42+02:00,2025-08-28 00:47:44+02:00,ECI:1078583.0,163.0,1078583.0,-17.6471213,177.43937649,temporal_local_drop,False,78.83,77.06,93.27,High,False
INC-000767,542020041221088+20250828105007+Fiji-Nadi-LTE-DL-D!20250828104930,2025-08-28 00:47:58+02:00,2025-08-28 00:48:01+02:00,ECI:1081654.0,355.0,1081654.0,-17.648143495,177.440509115,ca_underperformance,False,76.05,68.87,84.84,High,False
INC-000768,542020041221088+20250828105007+Fiji-Nadi-LTE-DL-D!20250828104930,2025-08-28 00:48:03+02:00,2025-08-28 00:48:05+02:00,ECI:1081661.0,355.0,1081661.0,-17.6483391,177.44084322,ca_underperformance,False,74.94,73.72,76.43,Medium,False
INC-000769,542020041221088+20250828105007+Fiji-Nadi-LTE-DL-D!20250828104930,2025-08-28 00:48:07+02:00,2025-08-28 00:48:09+02:00,ECI:1078590.0,0.0,1078590.0,-17.6485081,177.4411077,ca_underperformance,False,87.99,87.91,88.08,Medium,False
INC-000770,542020041221088+20250828105007+Fiji-Nadi-LTE-DL-D!20250828104930,2025-08-28 00:48:35+02:00,2025-08-28 00:48:36+02:00,ECI:1078590.0,163.0,1078590.0,-17.649177625,177.442489485,radio_limited_degradation,True,85.12,87.01,82.8,High,False
INC-000771,542020041221088+20250828105007+Fiji-Nadi-LTE-DL-D!20250828104930,2025-08-28 00:48:48+02:00,2025-08-28 00:48:50+02:00,ECI:1078590.0,163.0,1078590.0,-17.64907133,177.44301794,radio_limited_degradation,True,83.49,84.05,82.8,High,False
INC-000772,542020041221088+20250828105007+Fiji-Nadi-LTE-DL-D!20250828104930,2025-08-28 00:48:57+02:00,2025-08-28 00:48:58+02:00,ECI:1078590.0,163.0,1078590.0,-17.648938450000003,177.4433071,radio_limited_degradation,True,89.81,95.55,98.77,High,False
INC-000773,542020041221088+20250828105007+Fiji-Nadi-LTE-DL-D!20250828104930,2025-08-28 00:49:04+02:00,2025-08-28 00:49:04+02:00,ECI:1078590.0,163.0,1078590.0,-17.6488558,177.4435416,ca_underperformance,False,96.95,94.46,100.0,Critical,False
INC-000774,542020041221088+20250828105007+Fiji-Nadi-LTE-DL-D!20250828104930,2025-08-28 00:49:13+02:00,2025-08-28 00:49:13+02:00,ECI:1078590.0,163.0,1078590.0,-17.6487992,177.4438233,ca_underperformance,False,88.37,78.85,100.0,High,False
INC-000775,542020041221088+20250828105007+Fiji-Nadi-LTE-DL-D!20250828104930,2025-08-28 00:49:19+02:00,2025-08-28 00:49:19+02:00,ECI:1078590.0,163.0,1078590.0,-17.6487842,177.4439907,temporal_local_drop,False,91.44,99.98,81.0,Critical,False
INC-000776,542020041221088+20250828105207+Fiji-Nadi-LTE-DL-D!20250828105141,2025-08-28 00:49:39+02:00,2025-08-28 00:49:43+02:00,ECI:1078590.0,163.0,1078590.0,-17.64880843,177.44472512,ca_underperformance,False,88.3,89.39,100.0,High,False
INC-000777,542020041221088+20250828105207+Fiji-Nadi-LTE-DL-D!20250828105141,2025-08-28 00:49:53+02:00,2025-08-28 00:49:53+02:00,ECI:1078590.0,163.0,1078590.0,-17.6488646,177.4449649,temporal_local_drop,False,71.57,71.75,71.36,High,False
INC-000778,542020041221088+20250828105207+Fiji-Nadi-LTE-DL-D!20250828105141,2025-08-28 00:50:02+02:00,2025-08-28 00:50:03+02:00,ECI:1078590.0,163.0,1078590.0,-17.64890712,177.44510306,temporal_local_drop,False,84.43,87.23,81.0,High,False
INC-000779,542020041221088+20250828105207+Fiji-Nadi-LTE-DL-D!20250828105141,2025-08-28 00:50:09+02:00,2025-08-28 00:50:11+02:00,ECI:1078590.0,163.0,1078590.0,-17.6489633,177.4453278,temporal_local_drop,False,67.28,57.22,79.58,High,False
INC-000780,542020041221088+20250828105207+Fiji-Nadi-LTE-DL-D!20250828105141,2025-08-28 00:51:33+02:00,2025-08-28 00:51:35+02:00,ECI:1078590.0,162.0,1078590.0,-17.6514782,177.4443008,radio_limited_degradation,True,81.53,91.0,76.07,High,False
INC-000781,542020041221088+20250828105428+Fiji-Nadi-LTE-DL-D!20250828105353,2025-08-28 00:51:57+02:00,2025-08-28 00:51:58+02:00,ECI:1078559.0,164.0,1078559.0,-17.652187785000002,177.442709065,ca_underperformance,False,68.32,72.43,63.95,High,False
INC-000782,542020041221088+20250828105428+Fiji-Nadi-LTE-DL-D!20250828105353,2025-08-28 00:52:49+02:00,2025-08-28 00:52:50+02:00,ECI:1075735.0,161.0,1075735.0,-17.654964200000002,177.438718825,radio_limited_degradation,True,62.03,56.7,68.54,Medium,False
INC-000783,542020041221088+20250828105428+Fiji-Nadi-LTE-DL-D!20250828105353,2025-08-28 00:53:19+02:00,2025-08-28 00:53:20+02:00,ECI:1075767.0,160.0,1075767.0,-17.655206274999998,177.438196925,ca_underperformance,True,59.48,72.24,64.64,Medium,False
INC-000784,542020041221088+20250828105428+Fiji-Nadi-LTE-DL-D!20250828105353,2025-08-28 00:53:40+02:00,2025-08-28 00:53:43+02:00,ECI:1078599.0,164.0,1078599.0,-17.654745855,177.439437,ca_underperformance,True,74.79,68.23,82.8,Medium,False
INC-000785,542020041221088+20250828105628+Fiji-Nadi-LTE-DL-D!20250828105605,2025-08-28 00:55:01+02:00,2025-08-28 00:55:01+02:00,ECI:1078583.0,163.0,1078583.0,-17.65160166,177.44418598,temporal_local_drop,False,81.69,72.88,92.45,High,False
INC-000786,542020041221088+20250828105628+Fiji-Nadi-LTE-DL-D!20250828105605,2025-08-28 00:55:12+02:00,2025-08-28 00:55:13+02:00,ECI:1078583.0,163.0,1078583.0,-17.65109684,177.44473524,ca_underperformance,True,73.93,76.55,79.6,High,False
INC-000787,542020041221088+20250828105628+Fiji-Nadi-LTE-DL-D!20250828105605,2025-08-28 00:55:24+02:00,2025-08-28 00:55:24+02:00,ECI:1078583.0,163.0,1078583.0,-17.6505907,177.4450875,temporal_local_drop,False,70.81,67.12,75.32,High,False
INC-000788,542020041221088+20250828105628+Fiji-Nadi-LTE-DL-D!20250828105605,2025-08-28 00:55:40+02:00,2025-08-28 00:55:41+02:00,ECI:1078583.0,163.0,1078583.0,-17.64992346,177.445600475,temporal_local_drop,False,82.09,82.99,86.21,High,False
INC-000789,542020041221088+20250828105628+Fiji-Nadi-LTE-DL-D!20250828105605,2025-08-28 00:55:49+02:00,2025-08-28 00:55:50+02:00,ECI:1078583.0,163.0,1078583.0,-17.649584065,177.44587258500002,temporal_local_drop,False,85.63,89.41,81.0,High,False
INC-000790,542020041221088+20250828113351+Fiji-Nadi-LTE-DL-D!20250828110026,2025-08-28 00:58:26+02:00,2025-08-28 00:58:27+02:00,ECI:1077814.0,378.0,1077814.0,-17.641285664999998,177.450778065,temporal_local_drop,False,79.12,81.43,76.29,High,False
INC-000791,542020041221088+20250828113351+Fiji-Nadi-LTE-DL-D!20250828110026,2025-08-28 00:59:52+02:00,2025-08-28 00:59:58+02:00,ECI:1077820.0,165.0,1077820.0,-17.63684414,177.4570949,ca_underperformance,True,70.97,68.08,75.01,Medium,False
INC-000792,542020041221088+20250828113351+Fiji-Nadi-LTE-DL-D!20250828110026,2025-08-28 01:00:01+02:00,2025-08-28 01:00:01+02:00,ECI:3640372.0,272.0,3640372.0,-17.635976,177.4573718,radio_limited_degradation,True,82.95,90.85,73.29,High,False
INC-000793,542020041221088+20250828113351+Fiji-Nadi-LTE-DL-D!20250828110026,2025-08-28 01:00:16+02:00,2025-08-28 01:00:16+02:00,ECI:3640371.0,271.0,3640371.0,-17.63536965,177.458808,radio_limited_degradation,True,69.99,80.78,56.81,High,False
INC-000794,542020041221088+20250828113551+Fiji-Nadi-LTE-DL-D!20250828110238,2025-08-28 01:01:07+02:00,2025-08-28 01:01:07+02:00,ECI:3640371.0,271.0,3640371.0,-17.63648374,177.46058386,temporal_local_drop,False,64.63,66.1,62.84,Medium,False
INC-000795,542020041221088+20250828113551+Fiji-Nadi-LTE-DL-D!20250828110238,2025-08-28 01:01:12+02:00,2025-08-28 01:01:12+02:00,ECI:3640371.0,271.0,3640371.0,-17.63676468,177.46064178,temporal_local_drop,False,74.11,64.07,86.39,High,False
INC-000796,542020041221088+20250828113551+Fiji-Nadi-LTE-DL-D!20250828110238,2025-08-28 01:01:39+02:00,2025-08-28 01:01:40+02:00,ECI:1077820.0,165.0,1077820.0,-17.63833066,177.46176501999997,ca_underperformance,False,81.22,75.87,87.77,High,False
INC-000797,542020041221088+20250828113551+Fiji-Nadi-LTE-DL-D!20250828110238,2025-08-28 01:01:43+02:00,2025-08-28 01:01:49+02:00,ECI:1077820.0,165.0,1077820.0,-17.63858596,177.46266945,ca_underperformance,True,74.95,76.61,72.93,High,False
INC-000798,542020041221088+20250828113551+Fiji-Nadi-LTE-DL-D!20250828110238,2025-08-28 01:01:56+02:00,2025-08-28 01:01:57+02:00,ECI:1077820.0,165.0,1077820.0,-17.63882135,177.46369464999998,radio_limited_degradation,True,60.84,59.98,63.88,Medium,False
INC-000799,542020041221088+20250828113551+Fiji-Nadi-LTE-DL-D!20250828110238,2025-08-28 01:02:08+02:00,2025-08-28 01:02:15+02:00,ECI:1077820.0,165.0,1077820.0,-17.63883295,177.46520663,radio_limited_degradation,True,70.67,85.36,52.71,High,False
INC-000800,542020041221088+20250828113551+Fiji-Nadi-LTE-DL-D!20250828110238,2025-08-28 01:02:29+02:00,2025-08-28 01:02:30+02:00,ECI:1077820.0,165.0,1077820.0,-17.63836795,177.46707974999998,ca_underperformance,True,81.75,82.26,81.12,High,False
INC-000801,542020041221088+20250828113551+Fiji-Nadi-LTE-DL-D!20250828110238,2025-08-28 01:02:34+02:00,2025-08-28 01:02:34+02:00,ECI:1077820.0,165.0,1077820.0,-17.6382162,177.467529,radio_limited_degradation,True,64.39,79.58,45.82,Medium,False
INC-000802,542020041221088+20250828113631+Fiji-Nadi-LTE-DL-D!20250828110448,2025-08-28 01:02:49+02:00,2025-08-28 01:02:52+02:00,ECI:1077820.0,165.0,1077820.0,-17.63788593,177.46891365,radio_limited_degradation,True,71.97,90.06,49.87,High,False
INC-000803,542020041221088+20250828113631+Fiji-Nadi-LTE-DL-D!20250828110448,2025-08-28 01:03:00+02:00,2025-08-28 01:03:01+02:00,ECI:1077794.0,377.0,1077794.0,-17.638016229999998,177.469629945,radio_limited_degradation,True,58.23,56.68,61.75,Medium,False
INC-000804,542020041221088+20250828113631+Fiji-Nadi-LTE-DL-D!20250828110448,2025-08-28 01:03:14+02:00,2025-08-28 01:03:16+02:00,ECI:1080637.0,352.0,1080637.0,-17.6382634,177.4707385,radio_limited_degradation,True,70.45,96.58,45.39,High,False
INC-000805,542020041221088+20250828113631+Fiji-Nadi-LTE-DL-D!20250828110448,2025-08-28 01:03:30+02:00,2025-08-28 01:03:31+02:00,ECI:1077831.0,166.0,1077831.0,-17.6383047,177.47242635,radio_limited_degradation,True,56.7,75.31,33.95,Medium,False
INC-000806,542020041221088+20250828113631+Fiji-Nadi-LTE-DL-D!20250828110448,2025-08-28 01:03:36+02:00,2025-08-28 01:03:36+02:00,ECI:1077964.0,377.0,1077964.0,-17.63820679,177.47289123,radio_limited_degradation,True,67.7,90.68,39.61,High,False
INC-000807,542020041221088+20250828113631+Fiji-Nadi-LTE-DL-D!20250828110448,2025-08-28 01:03:38+02:00,2025-08-28 01:03:39+02:00,ECI:1080647.0,352.0,1080647.0,-17.63812407,177.473228205,radio_limited_degradation,True,76.76,92.76,66.46,High,False
INC-000808,542020041221088+20250828113631+Fiji-Nadi-LTE-DL-D!20250828110448,2025-08-28 01:03:41+02:00,2025-08-28 01:03:41+02:00,ECI:1080630.0,352.0,1080630.0,-17.6380566,177.4735421,radio_limited_degradation,True,85.83,89.17,81.74,High,False
INC-000809,542020041221088+20250828113631+Fiji-Nadi-LTE-DL-D!20250828110448,2025-08-28 01:03:55+02:00,2025-08-28 01:04:04+02:00,ECI:3636032.0,231.0,3636032.0,-17.637706164999997,177.47505495500002,radio_limited_degradation,True,70.41,83.41,56.77,High,False
INC-000810,542020041221088+20250828113631+Fiji-Nadi-LTE-DL-D!20250828110448,2025-08-28 01:04:14+02:00,2025-08-28 01:04:16+02:00,ECI:3636032.0,231.0,3636032.0,-17.63738075,177.47648789,radio_limited_degradation,True,79.8,94.78,62.25,High,False
INC-000811,542020041221088+20250828113631+Fiji-Nadi-LTE-DL-D!20250828110448,2025-08-28 01:04:46+02:00,2025-08-28 01:04:49+02:00,ECI:1077964.0,377.0,1077964.0,-17.63559176,177.47820704,radio_limited_degradation,True,77.29,97.57,61.38,High,False
INC-000812,542020041221088+20250828113831+Fiji-Nadi-LTE-DL-D!20250828110657,2025-08-28 01:04:56+02:00,2025-08-28 01:04:56+02:00,ECI:1077964.0,377.0,1077964.0,-17.63500381,177.47826345,radio_limited_degradation,True,71.33,88.23,50.68,High,False
INC-000813,542020041221088+20250828113831+Fiji-Nadi-LTE-DL-D!20250828110657,2025-08-28 01:05:20+02:00,2025-08-28 01:05:21+02:00,ECI:1080637.0,352.0,1080637.0,-17.6333589,177.47822728,temporal_local_drop,False,68.99,59.37,80.74,High,False
INC-000814,542020041221088+20250828113831+Fiji-Nadi-LTE-DL-D!20250828110657,2025-08-28 01:06:31+02:00,2025-08-28 01:06:32+02:00,ECI:1077820.0,165.0,1077820.0,-17.628340285,177.48065000999998,ca_underperformance,False,78.56,77.43,79.94,High,False
INC-000815,542020041221088+20250828114011+Fiji-Nadi-LTE-DL-D!20250828110908,2025-08-28 01:07:06+02:00,2025-08-28 01:07:06+02:00,EARFCN:40988.0|PCI:351.0,351.0,,-17.6259577,177.47975582,ca_underperformance,False,94.47,89.95,100.0,Critical,False
INC-000816,542020041221088+20250828114011+Fiji-Nadi-LTE-DL-D!20250828110908,2025-08-28 01:08:56+02:00,2025-08-28 01:08:57+02:00,ECI:1076278.0,178.0,1076278.0,-17.6189487,177.474361665,temporal_local_drop,False,58.52,54.38,65.95,Medium,False
INC-000817,542020041221088+20250828114132+Fiji-Nadi-LTE-DL-D!20250828111120,2025-08-28 01:09:18+02:00,2025-08-28 01:09:18+02:00,EARFCN:41384.0|PCI:178.0,178.0,,-17.6175843,177.4734518,temporal_local_drop,False,70.51,58.22,85.54,High,False
INC-000818,542020041221088+20250828114132+Fiji-Nadi-LTE-DL-D!20250828111120,2025-08-28 01:09:40+02:00,2025-08-28 01:09:41+02:00,ECI:1076279.0,179.0,1076279.0,-17.61616505,177.47270989999998,rb_conditioned_expected_underperformance,False,58.0,59.55,61.26,Medium,False
INC-000819,542020041221088+20250828114132+Fiji-Nadi-LTE-DL-D!20250828111120,2025-08-28 01:10:40+02:00,2025-08-28 01:10:40+02:00,ECI:1076246.0,179.0,1076246.0,-17.61104056,177.47231003,radio_limited_degradation,True,66.77,57.42,78.19,High,False
INC-000820,542020041221088+20250828114132+Fiji-Nadi-LTE-DL-D!20250828111120,2025-08-28 01:11:14+02:00,2025-08-28 01:11:14+02:00,ECI:1076246.0,179.0,1076246.0,-17.6070824,177.4723428,temporal_local_drop,False,73.23,65.53,82.64,High,False
INC-000821,542020041221088+20250828114252+Fiji-Nadi-LTE-DL-D!20250828111332,2025-08-28 01:12:14+02:00,2025-08-28 01:12:15+02:00,ECI:1076246.0,179.0,1076246.0,-17.605550530000002,177.47502364000002,ca_underperformance,False,57.24,56.43,58.72,Medium,False
INC-000822,542020041221088+20250828114252+Fiji-Nadi-LTE-DL-D!20250828111332,2025-08-28 01:12:20+02:00,2025-08-28 01:12:21+02:00,ECI:1076246.0,179.0,1076246.0,-17.60525035,177.47593999999998,radio_limited_degradation,True,53.33,52.06,62.63,Medium,False
INC-000823,542020041221088+20250828114252+Fiji-Nadi-LTE-DL-D!20250828111332,2025-08-28 01:12:56+02:00,2025-08-28 01:12:57+02:00,ECI:1076277.0,177.0,1076277.0,-17.603716589999998,177.480628895,radio_limited_degradation,True,55.2,66.93,40.87,Medium,False
INC-000824,542020041221088+20250828114252+Fiji-Nadi-LTE-DL-D!20250828111332,2025-08-28 01:13:01+02:00,2025-08-28 01:13:04+02:00,ECI:1076274.0,177.0,1076274.0,-17.603458449999998,177.4814102,radio_limited_degradation,True,69.0,75.33,61.26,Medium,False
INC-000825,542020041221088+20250828114252+Fiji-Nadi-LTE-DL-D!20250828111332,2025-08-28 01:13:24+02:00,2025-08-28 01:13:24+02:00,ECI:1076427.0,373.0,1076427.0,-17.6025331,177.4842351,radio_limited_degradation,True,65.01,53.64,78.91,High,False
INC-000826,542020041221088+20250828114252+Fiji-Nadi-LTE-DL-D!20250828111332,2025-08-28 01:13:32+02:00,2025-08-28 01:13:32+02:00,ECI:1076427.0,373.0,1076427.0,-17.602146,177.4854304,temporal_local_drop,False,64.73,58.08,72.86,Medium,False
INC-000827,542020041221088+20250828114552+Fiji-Nadi-LTE-DL-D!20250828111754,2025-08-28 01:15:52+02:00,2025-08-28 01:15:53+02:00,ECI:1079839.0,349.0,1079839.0,-17.59533494,177.50642440500002,ca_underperformance,True,86.46,84.43,88.94,High,False
INC-000828,542020041221088+20250828114552+Fiji-Nadi-LTE-DL-D!20250828111754,2025-08-28 01:16:08+02:00,2025-08-28 01:16:09+02:00,ECI:1079829.0,495.0,1079829.0,-17.5954254,177.506075,ca_underperformance,True,57.47,73.9,56.1,Medium,False
INC-000829,542020041221088+20250828114552+Fiji-Nadi-LTE-DL-D!20250828111754,2025-08-28 01:16:20+02:00,2025-08-28 01:16:22+02:00,ECI:1079878.0,495.0,1079878.0,-17.595906,177.5046389,ca_underperformance,True,71.75,73.56,69.53,Medium,False
INC-000830,542020041221088+20250828114952+Fiji-Nadi-LTE-DL-D!20250828112430,2025-08-28 01:22:28+02:00,2025-08-28 01:22:28+02:00,ECI:1076369.0,373.0,1076369.0,-17.60722854,177.46273071,radio_limited_degradation,True,69.16,67.61,71.06,High,False
INC-000831,542020041221088+20250828114952+Fiji-Nadi-LTE-DL-D!20250828112430,2025-08-28 01:22:57+02:00,2025-08-28 01:22:57+02:00,ECI:1076426.0,375.0,1076426.0,-17.6071464,177.4613387,ca_underperformance,False,69.19,62.19,77.74,High,False
INC-000832,542020041221088+20250828114952+Fiji-Nadi-LTE-DL-D!20250828112430,2025-08-28 01:23:06+02:00,2025-08-28 01:23:07+02:00,ECI:1080085.0,196.0,1080085.0,-17.607143285,177.461326255,ca_underperformance,True,90.49,97.7,81.68,Critical,False
INC-000833,542020041221088+20250828114952+Fiji-Nadi-LTE-DL-D!20250828112430,2025-08-28 01:23:22+02:00,2025-08-28 01:23:25+02:00,ECI:1076426.0,375.0,1076426.0,-17.606586985,177.46133824999998,ca_underperformance,True,83.49,90.12,89.85,High,False
INC-000834,542020041221088+20250828114952+Fiji-Nadi-LTE-DL-D!20250828112430,2025-08-28 01:23:36+02:00,2025-08-28 01:23:36+02:00,ECI:1076426.0,375.0,1076426.0,-17.60597119,177.46146273,radio_limited_degradation,True,75.04,89.11,57.85,High,False
INC-000835,542020041221088+20250828114952+Fiji-Nadi-LTE-DL-D!20250828112430,2025-08-28 01:23:43+02:00,2025-08-28 01:23:43+02:00,ECI:1076426.0,375.0,1076426.0,-17.60579401,177.46150333,radio_limited_degradation,True,79.47,94.22,61.44,High,False
INC-000836,542020041221088+20250828114952+Fiji-Nadi-LTE-DL-D!20250828112430,2025-08-28 01:23:49+02:00,2025-08-28 01:23:50+02:00,ECI:1076369.0,375.0,1076369.0,-17.60561981,177.46153711,radio_limited_degradation,True,83.69,99.94,63.83,High,False
INC-000837,542020041221088+20250828115053+Fiji-Nadi-LTE-DL-D!20250828112640,2025-08-28 01:24:39+02:00,2025-08-28 01:24:40+02:00,ECI:1076369.0,373.0,1076369.0,-17.603988895,177.461204455,radio_limited_degradation,True,52.1,68.31,32.29,Medium,False
INC-000838,542020041221088+20250828115313+Fiji-Nadi-LTE-DL-D!20250828112854,2025-08-28 01:27:47+02:00,2025-08-28 01:27:47+02:00,ECI:1077534.0,188.0,1077534.0,-17.59872419,177.45935983,temporal_local_drop,False,66.24,59.61,74.35,High,False
INC-000839,542020041221088+20250828115533+Fiji-Nadi-LTE-DL-D!20250828113110,2025-08-28 01:29:29+02:00,2025-08-28 01:29:29+02:00,ECI:1077535.0,187.0,1077535.0,-17.60317044,177.45805008,rb_conditioned_expected_underperformance,False,66.83,57.68,78.01,High,False
INC-000840,542020041221088+20250828115533+Fiji-Nadi-LTE-DL-D!20250828113110,2025-08-28 01:30:23+02:00,2025-08-28 01:30:25+02:00,ECI:1077525.0,187.0,1077525.0,-17.60413771,177.45955926,ca_underperformance,True,64.35,58.63,72.44,Medium,False
INC-000841,542020041221088+20250828115533+Fiji-Nadi-LTE-DL-D!20250828113110,2025-08-28 01:30:31+02:00,2025-08-28 01:30:37+02:00,ECI:1076759.0,184.0,1076759.0,-17.604463,177.4592811,radio_limited_degradation,True,78.82,97.03,56.56,High,False
INC-000842,542020041221088+20250828115533+Fiji-Nadi-LTE-DL-D!20250828113110,2025-08-28 01:30:44+02:00,2025-08-28 01:30:44+02:00,ECI:1076796.0,184.0,1076796.0,-17.6043907,177.4588843,ca_underperformance,False,64.4,65.4,63.17,Medium,False
INC-000843,542020041221088+20250828115533+Fiji-Nadi-LTE-DL-D!20250828113110,2025-08-28 01:30:50+02:00,2025-08-28 01:30:53+02:00,ECI:1076796.0,184.0,1076796.0,-17.604341599999998,177.45869105,radio_limited_degradation,True,81.73,99.96,59.45,High,False
INC-000844,542020041221088+20250828115533+Fiji-Nadi-LTE-DL-D!20250828113110,2025-08-28 01:31:07+02:00,2025-08-28 01:31:07+02:00,ECI:1076796.0,184.0,1076796.0,-17.604311,177.4583415,radio_limited_degradation,True,67.06,86.36,43.47,High,False
INC-000845,542020041221088+20250828115753+Fiji-Nadi-LTE-DL-D!20250828113321,2025-08-28 01:31:42+02:00,2025-08-28 01:31:43+02:00,ECI:1076799.0,184.0,1076799.0,-17.604876175,177.45750041500003,radio_limited_degradation,True,77.71,88.52,64.49,High,False
INC-000846,542020041221088+20250828115753+Fiji-Nadi-LTE-DL-D!20250828113321,2025-08-28 01:32:49+02:00,2025-08-28 01:32:49+02:00,ECI:1076541.0,182.0,1076541.0,-17.6057534,177.4606525,ca_underperformance,False,68.5,67.51,69.71,High,False
INC-000847,542020041221088+20250828115753+Fiji-Nadi-LTE-DL-D!20250828113321,2025-08-28 01:32:54+02:00,2025-08-28 01:32:54+02:00,ECI:1076266.0,373.0,1076266.0,-17.60579102,177.4608919,radio_limited_degradation,True,65.91,79.84,48.89,High,False
INC-000848,542020041221088+20250828120053+Fiji-Nadi-LTE-DL-D!20250828113532,2025-08-28 01:33:35+02:00,2025-08-28 01:33:35+02:00,ECI:1080088.0,196.0,1080088.0,-17.60475663,177.46113268,radio_limited_degradation,True,69.24,72.67,65.05,High,False
INC-000849,542020041221088+20250828120053+Fiji-Nadi-LTE-DL-D!20250828113532,2025-08-28 01:34:43+02:00,2025-08-28 01:34:44+02:00,ECI:1077525.0,187.0,1077525.0,-17.6036408,177.46065768,ca_underperformance,True,57.71,59.54,61.04,Medium,False
INC-000850,542020041221088+20250828120053+Fiji-Nadi-LTE-DL-D!20250828113532,2025-08-28 01:35:18+02:00,2025-08-28 01:35:21+02:00,ECI:1076796.0,184.0,1076796.0,-17.60440743,177.45951367499998,ca_underperformance,True,75.86,82.21,81.24,High,False
INC-000851,542020041221088+20250828120053+Fiji-Nadi-LTE-DL-D!20250828113532,2025-08-28 01:35:23+02:00,2025-08-28 01:35:25+02:00,ECI:1076796.0,184.0,1076796.0,-17.6044434,177.4595008,radio_limited_degradation,True,55.03,69.87,36.89,Medium,False
INC-000852,542020041221088+20250828120254+Fiji-Nadi-LTE-DL-D!20250828113742,2025-08-28 01:36:21+02:00,2025-08-28 01:36:22+02:00,ECI:1080086.0,184.0,1080086.0,-17.604188475,177.45751458,radio_limited_degradation,True,63.58,63.94,63.15,Medium,False
INC-000853,542020041221088+20250828120254+Fiji-Nadi-LTE-DL-D!20250828113742,2025-08-28 01:36:48+02:00,2025-08-28 01:36:48+02:00,ECI:1076789.0,184.0,1076789.0,-17.6044663,177.4563248,radio_limited_degradation,True,73.72,92.91,50.26,High,False
INC-000854,542020041221088+20250828120254+Fiji-Nadi-LTE-DL-D!20250828113742,2025-08-28 01:36:56+02:00,2025-08-28 01:37:10+02:00,ECI:1076789.0,184.0,1076789.0,-17.604466279999997,177.4563248,radio_limited_degradation,True,81.97,99.84,62.6,High,False
INC-000855,542020041221088+20250828120254+Fiji-Nadi-LTE-DL-D!20250828113742,2025-08-28 01:37:16+02:00,2025-08-28 01:37:24+02:00,ECI:1082165.0,184.0,1082165.0,-17.60388083,177.456064035,radio_limited_degradation,True,83.33,99.35,63.75,High,False
INC-000856,542020041221088+20250828120902+Fiji-Nadi-LTE-DL-D!20250828113953,2025-08-28 01:38:43+02:00,2025-08-28 01:38:45+02:00,ECI:1076789.0,184.0,1076789.0,-17.6030962,177.45431549,radio_limited_degradation,True,69.42,72.72,74.44,High,False
INC-000857,542020041221088+20250828120902+Fiji-Nadi-LTE-DL-D!20250828113953,2025-08-28 01:39:02+02:00,2025-08-28 01:39:02+02:00,ECI:1076789.0,184.0,1076789.0,-17.6032085,177.453962,radio_limited_degradation,True,73.38,76.84,69.16,High,False
INC-000858,542020041221088+20250828121001+Fiji-Nadi-LTE-DL-D!20250828114201,2025-08-28 01:40:25+02:00,2025-08-28 01:40:25+02:00,ECI:1076789.0,184.0,1076789.0,-17.6033705,177.4534133,radio_limited_degradation,True,67.34,65.13,70.05,High,False
INC-000859,542020041221088+20250828121001+Fiji-Nadi-LTE-DL-D!20250828114201,2025-08-28 01:40:54+02:00,2025-08-28 01:40:55+02:00,ECI:1076789.0,184.0,1076789.0,-17.603511385,177.452994655,radio_limited_degradation,True,80.92,90.54,70.77,High,False
INC-000860,542020041221088+20250828121001+Fiji-Nadi-LTE-DL-D!20250828114201,2025-08-28 01:41:33+02:00,2025-08-28 01:41:33+02:00,ECI:1076789.0,184.0,1076789.0,-17.6035804,177.452794,radio_limited_degradation,True,69.99,69.58,70.5,High,False
INC-000861,542020041221088+20250828121001+Fiji-Nadi-LTE-DL-D!20250828114201,2025-08-28 01:41:52+02:00,2025-08-28 01:41:52+02:00,ECI:1076789.0,184.0,1076789.0,-17.6036716,177.45252971,radio_limited_degradation,True,78.77,90.99,63.84,High,False
INC-000862,542020041221088+20250828121001+Fiji-Nadi-LTE-DL-D!20250828114201,2025-08-28 01:41:56+02:00,2025-08-28 01:41:57+02:00,ECI:1076790.0,139.0,1076790.0,-17.603737345,177.45234973499998,radio_limited_degradation,True,64.88,64.12,65.8,Medium,False
INC-000863,542020041221088+20250828121041+Fiji-Nadi-LTE-DL-D!20250828114409,2025-08-28 01:42:07+02:00,2025-08-28 01:42:09+02:00,ECI:1082165.0,185.0,1082165.0,-17.60387324,177.45193114,temporal_local_drop,False,73.71,74.34,72.94,High,False
INC-000864,542020041221088+20250828121041+Fiji-Nadi-LTE-DL-D!20250828114409,2025-08-28 01:42:18+02:00,2025-08-28 01:42:20+02:00,ECI:1082165.0,139.0,1082165.0,-17.6039866,177.451571,ca_underperformance,False,96.97,94.63,99.82,Critical,False
INC-000865,542020041221088+20250828121041+Fiji-Nadi-LTE-DL-D!20250828114409,2025-08-28 01:42:32+02:00,2025-08-28 01:42:32+02:00,ECI:1076790.0,185.0,1076790.0,-17.60382833,177.45143622,radio_limited_degradation,True,72.11,69.88,74.84,High,False
INC-000866,542020041221088+20250828121041+Fiji-Nadi-LTE-DL-D!20250828114409,2025-08-28 01:42:55+02:00,2025-08-28 01:42:55+02:00,ECI:1076787.0,185.0,1076787.0,-17.60359218,177.45111221,temporal_local_drop,False,77.24,74.94,80.04,High,False
INC-000867,542020041221088+20250828121041+Fiji-Nadi-LTE-DL-D!20250828114409,2025-08-28 01:42:59+02:00,2025-08-28 01:42:59+02:00,ECI:1076787.0,139.0,1076787.0,-17.60346942,177.45108363,temporal_local_drop,False,70.27,70.14,70.42,High,False
INC-000868,542020041221088+20250828121041+Fiji-Nadi-LTE-DL-D!20250828114409,2025-08-28 01:43:11+02:00,2025-08-28 01:43:12+02:00,ECI:1076787.0,185.0,1076787.0,-17.602874345,177.45092975,temporal_local_drop,False,73.27,67.47,80.35,High,False
INC-000869,542020041221088+20250828121041+Fiji-Nadi-LTE-DL-D!20250828114409,2025-08-28 01:43:27+02:00,2025-08-28 01:43:27+02:00,ECI:1082162.0,139.0,1082162.0,-17.60228039,177.45027282,temporal_sudden_drop,False,71.23,69.27,73.62,High,False
INC-000870,542020041221088+20250828121041+Fiji-Nadi-LTE-DL-D!20250828114409,2025-08-28 01:44:01+02:00,2025-08-28 01:44:01+02:00,ECI:1082165.0,139.0,1082165.0,-17.6037042,177.449819,temporal_local_drop,False,79.67,78.58,81.0,High,False
INC-000871,542020041221088+20250828121201+Fiji-Nadi-LTE-DL-D!20250828114619,2025-08-28 01:45:05+02:00,2025-08-28 01:45:06+02:00,ECI:1076791.0,183.0,1076791.0,-17.604398250000003,177.45192525,temporal_local_drop,False,74.81,73.92,75.9,High,False
INC-000872,542020041221088+20250828121201+Fiji-Nadi-LTE-DL-D!20250828114619,2025-08-28 01:45:48+02:00,2025-08-28 01:45:48+02:00,ECI:1076789.0,184.0,1076789.0,-17.6032307,177.4537385,radio_limited_degradation,True,68.69,65.64,72.41,High,False
INC-000873,542020041221088+20250828121301+Fiji-Nadi-LTE-DL-D!20250828114829,2025-08-28 01:46:27+02:00,2025-08-28 01:46:27+02:00,EARFCN:41384.0|PCI:184.0,184.0,,-17.6027985,177.4550022,temporal_local_drop,False,75.86,75.44,76.38,High,False
INC-000874,542020041221088+20250828121301+Fiji-Nadi-LTE-DL-D!20250828114829,2025-08-28 01:46:54+02:00,2025-08-28 01:46:55+02:00,ECI:1076789.0,184.0,1076789.0,-17.602488049999998,177.4557324,radio_limited_degradation,True,74.33,72.67,76.44,High,False
INC-000875,542020041221088+20250828121301+Fiji-Nadi-LTE-DL-D!20250828114829,2025-08-28 01:47:05+02:00,2025-08-28 01:47:05+02:00,ECI:1076789.0,184.0,1076789.0,-17.6025428,177.4557931,radio_limited_degradation,True,73.8,70.51,77.83,High,False
INC-000876,542020041221088+20250828121301+Fiji-Nadi-LTE-DL-D!20250828114829,2025-08-28 01:47:34+02:00,2025-08-28 01:47:35+02:00,ECI:1076789.0,184.0,1076789.0,-17.602579645,177.45578921499998,radio_limited_degradation,True,53.21,51.19,56.53,Medium,False
INC-000877,542020041221088+20250828121341+Fiji-Nadi-LTE-DL-D!20250828115038,2025-08-28 01:49:08+02:00,2025-08-28 01:49:08+02:00,ECI:1076789.0,184.0,1076789.0,-17.6033872,177.4533815,radio_limited_degradation,True,66.95,65.81,68.35,High,False
INC-000878,542020041221088+20250828121442+Fiji-Nadi-LTE-DL-D!20250828115247,2025-08-28 01:51:19+02:00,2025-08-28 01:51:19+02:00,ECI:1076789.0,184.0,1076789.0,-17.60367068,177.4525873,radio_limited_degradation,True,69.25,81.28,54.54,High,False
INC-000879,542020041221088+20250828121442+Fiji-Nadi-LTE-DL-D!20250828115247,2025-08-28 01:51:54+02:00,2025-08-28 01:51:55+02:00,ECI:1076791.0,183.0,1076791.0,-17.604357395,177.45228601,radio_limited_degradation,True,82.85,90.97,73.0,High,False
INC-000880,542020041221088+20250828121442+Fiji-Nadi-LTE-DL-D!20250828115247,2025-08-28 01:52:32+02:00,2025-08-28 01:52:32+02:00,ECI:1076791.0,183.0,1076791.0,-17.60435739,177.45228602,radio_limited_degradation,True,67.47,65.43,69.97,High,False
INC-000881,542020041221088+20250828121542+Fiji-Nadi-LTE-DL-D!20250828115456,2025-08-28 01:52:54+02:00,2025-08-28 01:52:54+02:00,EARFCN:41384.0|PCI:183.0,183.0,,-17.60509834,177.4521174,temporal_local_drop,False,83.16,75.34,92.71,High,False
INC-000882,542020041221088+20250828121542+Fiji-Nadi-LTE-DL-D!20250828115456,2025-08-28 01:53:17+02:00,2025-08-28 01:53:17+02:00,ECI:1082165.0,139.0,1082165.0,-17.6052529,177.4516253,temporal_local_drop,False,65.91,54.84,79.44,High,False
INC-000883,542020041221088+20250828121642+Fiji-Nadi-LTE-DL-D!20250828115710,2025-08-28 01:55:51+02:00,2025-08-28 01:55:51+02:00,ECI:1076791.0,183.0,1076791.0,-17.60442834,177.45214253,radio_limited_degradation,True,67.03,63.92,70.84,High,False
INC-000884,542020041221088+20250828121902+Fiji-Nadi-LTE-DL-D!20250828120130,2025-08-28 01:59:40+02:00,2025-08-28 01:59:40+02:00,ECI:1076791.0,183.0,1076791.0,-17.604083,177.4523574,temporal_local_drop,False,68.94,65.88,72.69,High,False
INC-000885,542020041221088+20250828121902+Fiji-Nadi-LTE-DL-D!20250828120130,2025-08-28 02:00:18+02:00,2025-08-28 02:00:18+02:00,ECI:1076791.0,183.0,1076791.0,-17.6044889,177.4523965,temporal_local_drop,False,74.77,73.76,76.0,High,False
INC-000886,542020041221088+20250828121902+Fiji-Nadi-LTE-DL-D!20250828120130,2025-08-28 02:00:55+02:00,2025-08-28 02:01:01+02:00,ECI:1076791.0,183.0,1076791.0,-17.6046294,177.4530048,radio_limited_degradation,True,79.32,78.51,80.32,High,False
INC-000887,542020041221088+20250828121902+Fiji-Nadi-LTE-DL-D!20250828120130,2025-08-28 02:01:11+02:00,2025-08-28 02:01:11+02:00,ECI:1076791.0,183.0,1076791.0,-17.6046294,177.4530047,radio_limited_degradation,True,64.76,60.76,69.66,Medium,False
INC-000888,542020041221088+20250828121902+Fiji-Nadi-LTE-DL-D!20250828120130,2025-08-28 02:01:27+02:00,2025-08-28 02:01:28+02:00,ECI:1076791.0,183.0,1076791.0,-17.6046294,177.4530047,temporal_local_drop,False,70.68,71.72,69.41,High,False
INC-000889,542020041221088+20250828122022+Fiji-Nadi-LTE-DL-D!20250828120340,2025-08-28 02:01:43+02:00,2025-08-28 02:01:44+02:00,ECI:1076791.0,183.0,1076791.0,-17.6046294,177.4530047,radio_limited_degradation,True,76.34,73.85,79.38,High,False
INC-000890,542020041221088+20250828122022+Fiji-Nadi-LTE-DL-D!20250828120340,2025-08-28 02:02:58+02:00,2025-08-28 02:02:58+02:00,ECI:1076791.0,183.0,1076791.0,-17.60494725,177.45511734,radio_limited_degradation,True,77.59,90.44,61.89,High,False
INC-000891,542020041221088+20250828122022+Fiji-Nadi-LTE-DL-D!20250828120340,2025-08-28 02:03:25+02:00,2025-08-28 02:03:25+02:00,ECI:1076789.0,184.0,1076789.0,-17.6041653,177.4550732,temporal_local_drop,False,69.37,66.17,73.28,High,False
INC-000892,542020041221088+20250828122203+Fiji-Nadi-LTE-DL-D!20250828120550,2025-08-28 02:05:03+02:00,2025-08-28 02:05:04+02:00,ECI:1076789.0,184.0,1076789.0,-17.60335624,177.453018095,radio_limited_degradation,True,58.43,49.47,71.45,Medium,False
INC-000893,542020041221088+20250828122203+Fiji-Nadi-LTE-DL-D!20250828120550,2025-08-28 02:05:37+02:00,2025-08-28 02:05:37+02:00,ECI:1076789.0,184.0,1076789.0,-17.6033563,177.4530181,radio_limited_degradation,True,79.62,90.28,66.59,High,False
INC-000894,542020041221088+20250828122241+Fiji-Nadi-LTE-DL-D!20250828121359,2025-08-28 02:12:04+02:00,2025-08-28 02:12:11+02:00,ECI:1076799.0,184.0,1076799.0,-17.6033711,177.4529778,radio_limited_degradation,True,84.94,90.82,77.76,High,False
INC-000895,542020041221088+20250828122241+Fiji-Nadi-LTE-DL-D!20250828121359,2025-08-28 02:12:26+02:00,2025-08-28 02:12:26+02:00,ECI:1076799.0,184.0,1076799.0,-17.6033721,177.4529783,temporal_local_drop,False,71.25,63.27,81.0,High,False
INC-000896,542020041221088+20250828122241+Fiji-Nadi-LTE-DL-D!20250828121359,2025-08-28 02:13:05+02:00,2025-08-28 02:13:06+02:00,ECI:1076799.0,184.0,1076799.0,-17.6033727,177.45297914999998,temporal_local_drop,False,62.2,59.1,86.9,Medium,False
INC-000897,542020041221088+20250828122241+Fiji-Nadi-LTE-DL-D!20250828121359,2025-08-28 02:13:23+02:00,2025-08-28 02:13:24+02:00,ECI:1076799.0,184.0,1076799.0,-17.6033731,177.4529804,temporal_local_drop,False,62.09,55.38,85.37,Medium,False
INC-000898,542020041221088+20250828122241+Fiji-Nadi-LTE-DL-D!20250828121359,2025-08-28 02:13:39+02:00,2025-08-28 02:13:41+02:00,ECI:1076799.0,184.0,1076799.0,-17.6033865,177.4529924,radio_limited_degradation,True,78.36,74.73,82.8,High,False
INC-000899,542020041221088+20250828122241+Fiji-Nadi-LTE-DL-D!20250828121359,2025-08-28 02:13:59+02:00,2025-08-28 02:13:59+02:00,ECI:1076799.0,184.0,1076799.0,-17.6033947,177.453007,radio_limited_degradation,True,77.31,72.82,82.8,High,False
INC-000900,542020041221088+20250828122402+Fiji-Nadi-LTE-DL-D!20250828121612,2025-08-28 02:14:12+02:00,2025-08-28 02:14:14+02:00,ECI:1076799.0,184.0,1076799.0,-17.6034009,177.4530124,radio_limited_degradation,True,79.17,76.2,82.8,Medium,False
INC-000901,542020041221088+20250828122402+Fiji-Nadi-LTE-DL-D!20250828121612,2025-08-28 02:14:49+02:00,2025-08-28 02:14:49+02:00,ECI:1076799.0,184.0,1076799.0,-17.6033886,177.4530203,radio_limited_degradation,True,77.46,73.09,82.8,High,False
INC-000902,542020041221088+20250828122402+Fiji-Nadi-LTE-DL-D!20250828121612,2025-08-28 02:15:04+02:00,2025-08-28 02:15:05+02:00,ECI:1076799.0,184.0,1076799.0,-17.6034582,177.45302955,temporal_local_drop,False,79.86,78.93,81.0,High,False
INC-000903,542020041221088+20250828122402+Fiji-Nadi-LTE-DL-D!20250828121612,2025-08-28 02:15:13+02:00,2025-08-28 02:15:18+02:00,ECI:1076799.0,184.0,1076799.0,-17.603515549999997,177.4529495,temporal_local_drop,False,77.24,74.16,82.76,High,False
INC-000904,542020041221088+20250828122402+Fiji-Nadi-LTE-DL-D!20250828121612,2025-08-28 02:15:32+02:00,2025-08-28 02:15:32+02:00,ECI:1076799.0,184.0,1076799.0,-17.6035758,177.4528014,temporal_local_drop,False,71.78,59.5,86.8,High,False
INC-000905,542020041221088+20250828122402+Fiji-Nadi-LTE-DL-D!20250828121612,2025-08-28 02:15:42+02:00,2025-08-28 02:15:43+02:00,ECI:1076799.0,184.0,1076799.0,-17.60360745,177.4527086,rb_conditioned_expected_underperformance,False,55.71,55.94,57.95,Medium,False
INC-000906,542020041221088+20250828122402+Fiji-Nadi-LTE-DL-D!20250828121612,2025-08-28 02:15:49+02:00,2025-08-28 02:15:57+02:00,ECI:1076799.0,184.0,1076799.0,-17.6036226,177.4526501,ca_underperformance,True,73.81,74.43,81.62,High,False
INC-000907,542020041221088+20250828122542+Fiji-Nadi-LTE-DL-D!20250828121826,2025-08-28 02:17:00+02:00,2025-08-28 02:17:02+02:00,ECI:1076798.0,183.0,1076798.0,-17.6045006,177.4522639,temporal_local_drop,False,64.99,63.52,73.97,Medium,False
INC-000908,542020041221088+20250828122542+Fiji-Nadi-LTE-DL-D!20250828121826,2025-08-28 02:17:17+02:00,2025-08-28 02:17:18+02:00,ECI:1076798.0,183.0,1076798.0,-17.605325815,177.45198462000002,rb_conditioned_expected_underperformance,False,60.23,59.96,60.57,Medium,False
INC-000909,542020041221088+20250828122542+Fiji-Nadi-LTE-DL-D!20250828121826,2025-08-28 02:17:22+02:00,2025-08-28 02:17:22+02:00,ECI:1082172.0,139.0,1082172.0,-17.6052532,177.4515733,temporal_local_drop,False,64.7,65.57,63.64,Medium,False
INC-000910,542020041221088+20250828122542+Fiji-Nadi-LTE-DL-D!20250828121826,2025-08-28 02:18:22+02:00,2025-08-28 02:18:25+02:00,ECI:1076797.0,185.0,1076797.0,-17.60334888,177.4496471,temporal_local_drop,False,64.68,58.11,77.82,Medium,False
INC-000911,542020041221088+20250828122702+Fiji-Nadi-LTE-DL-D!20250828122042,2025-08-28 02:18:40+02:00,2025-08-28 02:18:40+02:00,ECI:1076797.0,185.0,1076797.0,-17.6029344,177.4487953,ca_underperformance,False,87.78,77.79,100.0,High,False
INC-000912,542020041221088+20250828122702+Fiji-Nadi-LTE-DL-D!20250828122042,2025-08-28 02:20:04+02:00,2025-08-28 02:20:04+02:00,ECI:1076540.0,141.0,1076540.0,-17.60599143,177.44355627,ca_underperformance,False,88.63,79.32,100.0,High,False
INC-000913,542020041221088+20250828122702+Fiji-Nadi-LTE-DL-D!20250828122042,2025-08-28 02:20:12+02:00,2025-08-28 02:20:12+02:00,ECI:1076540.0,141.0,1076540.0,-17.606348,177.4436632,temporal_local_drop,False,83.09,84.8,81.0,High,False
INC-000914,542020041221088+20250828122802+Fiji-Nadi-LTE-DL-D!20250828122423,2025-08-28 02:22:34+02:00,2025-08-28 02:22:34+02:00,ECI:1081918.0,180.0,1081918.0,-17.6156906,177.4399962,radio_limited_degradation,True,84.69,90.44,77.66,High,False
INC-000915,542020041221088+20250828122802+Fiji-Nadi-LTE-DL-D!20250828122423,2025-08-28 02:22:40+02:00,2025-08-28 02:22:42+02:00,ECI:1076542.0,180.0,1076542.0,-17.6159418,177.4396293,radio_limited_degradation,True,82.82,78.62,94.99,High,False
INC-000916,542020041221088+20250828122942+Fiji-Nadi-LTE-DL-D!20250828122638,2025-08-28 02:26:12+02:00,2025-08-28 02:26:12+02:00,ECI:1079582.0,347.0,1079582.0,-17.6235524,177.4325984,radio_limited_degradation,True,68.51,54.91,85.14,High,False
INC-000917,542020041221088+20250828123202+Fiji-Nadi-LTE-DL-D!20250828122853,2025-08-28 02:26:53+02:00,2025-08-28 02:26:53+02:00,ECI:1079612.0,347.0,1079612.0,-17.6215741,177.4351459,ca_underperformance,False,87.29,80.9,95.11,High,False
INC-000918,542020041221088+20250828123202+Fiji-Nadi-LTE-DL-D!20250828122853,2025-08-28 02:27:02+02:00,2025-08-28 02:27:04+02:00,ECI:1079613.0,354.0,1079613.0,-17.62224183,177.43525721,ca_underperformance,True,89.96,89.12,90.99,High,False
INC-000919,542020041221088+20250828123202+Fiji-Nadi-LTE-DL-D!20250828122853,2025-08-28 02:27:09+02:00,2025-08-28 02:27:16+02:00,ECI:1079613.0,345.0,1079613.0,-17.62295712,177.434942235,ca_underperformance,False,88.18,81.39,96.49,High,False
INC-000920,542020041221088+20250828123202+Fiji-Nadi-LTE-DL-D!20250828122853,2025-08-28 02:28:24+02:00,2025-08-28 02:28:24+02:00,ECI:1081660.0,346.0,1081660.0,-17.62784743,177.43289759,ca_underperformance,False,64.88,56.82,74.74,Medium,False
INC-000921,542020041221088+20250828123342+Fiji-Nadi-LTE-DL-D!20250828123109,2025-08-28 02:29:07+02:00,2025-08-28 02:29:07+02:00,EARFCN:40988.0|PCI:346.0,346.0,,-17.6276777,177.4328325,temporal_local_drop,False,64.18,41.72,91.64,Medium,False
INC-000922,542020041221088+20250828123522+Fiji-Nadi-LTE-DL-D!20250828123323,2025-08-28 02:31:21+02:00,2025-08-28 02:31:21+02:00,ECI:1079617.0,354.0,1079617.0,-17.6274955,177.4329251,ca_underperformance,False,85.54,77.29,95.63,High,False
INC-000923,542020041221088+20250828123522+Fiji-Nadi-LTE-DL-D!20250828123323,2025-08-28 02:32:17+02:00,2025-08-28 02:32:18+02:00,ECI:1081663.0,354.0,1081663.0,-17.6305122,177.43748755000001,ca_underperformance,False,75.84,72.89,79.44,High,False
INC-000924,542020041221088+20250828123522+Fiji-Nadi-LTE-DL-D!20250828123323,2025-08-28 02:32:29+02:00,2025-08-28 02:32:37+02:00,ECI:1079242.0,385.0,1079242.0,-17.6312989,177.4388592,ca_underperformance,True,78.44,83.15,81.24,High,False
INC-000925,542020041221088+20250828123522+Fiji-Nadi-LTE-DL-D!20250828123323,2025-08-28 02:32:57+02:00,2025-08-28 02:32:57+02:00,ECI:1081653.0,315.0,1081653.0,-17.630043,177.4397343,radio_limited_degradation,True,80.27,90.97,67.2,High,False
INC-000926,542020041221088+20250828123522+Fiji-Nadi-LTE-DL-D!20250828123323,2025-08-28 02:33:05+02:00,2025-08-28 02:33:06+02:00,ECI:1079576.0,345.0,1079576.0,-17.6296407,177.44018265,radio_limited_degradation,True,72.44,86.22,72.3,High,False
INC-000927,542020041221088+20250828123522+Fiji-Nadi-LTE-DL-D!20250828123323,2025-08-28 02:33:18+02:00,2025-08-28 02:33:19+02:00,ECI:3643080.0,310.0,3643080.0,-17.62933125,177.44055435,temporal_local_drop,False,83.77,86.03,81.0,High,False
INC-000928,542020041221088+20250828123602+Fiji-Nadi-LTE-DL-D!20250828123538,2025-08-28 02:33:36+02:00,2025-08-28 02:33:46+02:00,ECI:3643080.0,310.0,3643080.0,-17.6293991,177.4404583,radio_limited_degradation,True,83.54,70.07,100.0,High,False
INC-000929,542020041221088+20250828123602+Fiji-Nadi-LTE-DL-D!20250828123538,2025-08-28 02:34:16+02:00,2025-08-28 02:34:17+02:00,ECI:3642943.0,313.0,3642943.0,-17.6301776,177.44121145,temporal_local_drop,False,80.97,80.94,81.0,High,False
INC-000930,542020041221088+20250828123602+Fiji-Nadi-LTE-DL-D!20250828123538,2025-08-28 02:34:24+02:00,2025-08-28 02:34:25+02:00,ECI:3642943.0,313.0,3642943.0,-17.6302451,177.4411652,temporal_local_drop,False,87.24,92.34,81.0,High,False
INC-000931,542020041221088+20250828123602+Fiji-Nadi-LTE-DL-D!20250828123538,2025-08-28 02:34:39+02:00,2025-08-28 02:34:39+02:00,ECI:1079606.0,345.0,1079606.0,-17.6300746,177.4403946,temporal_local_drop,False,65.38,61.95,69.58,High,False
INC-000932,542020041221088+20250828123602+Fiji-Nadi-LTE-DL-D!20250828123538,2025-08-28 02:35:06+02:00,2025-08-28 02:35:07+02:00,ECI:3642885.0,315.0,3642885.0,-17.6308668,177.4394921,radio_limited_degradation,True,68.47,86.14,46.87,High,False
INC-000933,542020041221088+20250828123602+Fiji-Nadi-LTE-DL-D!20250828123538,2025-08-28 02:35:12+02:00,2025-08-28 02:35:13+02:00,ECI:3642885.0,315.0,3642885.0,-17.6312286,177.4395042,temporal_local_drop,False,79.37,78.03,81.0,High,False
INC-000934,542020041221088+20250828123602+Fiji-Nadi-LTE-DL-D!20250828123538,2025-08-28 02:35:18+02:00,2025-08-28 02:35:20+02:00,ECI:1081653.0,345.0,1081653.0,-17.6313244,177.4398279,radio_limited_degradation,True,75.45,77.86,72.51,Medium,False
INC-000935,542020041221088+20250828123602+Fiji-Nadi-LTE-DL-D!20250828123538,2025-08-28 02:35:26+02:00,2025-08-28 02:35:26+02:00,ECI:1081653.0,315.0,1081653.0,-17.6313513,177.4404794,temporal_local_drop,False,80.91,80.84,81.0,High,False
INC-000936,542020041221088+20250828123602+Fiji-Nadi-LTE-DL-D!20250828123538,2025-08-28 02:35:34+02:00,2025-08-28 02:35:35+02:00,ECI:1081653.0,315.0,1081653.0,-17.6314357,177.4412584,ca_underperformance,True,89.93,81.69,100.0,High,False
INC-000937,542020041221088+20250828123823+Fiji-Nadi-LTE-DL-D!20250828123754,2025-08-28 02:35:52+02:00,2025-08-28 02:35:53+02:00,EARFCN:41384.0|PCI:313.0,313.0,3642943.0,-17.63147275,177.4424713,temporal_local_drop,False,83.97,86.4,81.0,High,False
INC-000938,542020041221088+20250828123823+Fiji-Nadi-LTE-DL-D!20250828123754,2025-08-28 02:36:04+02:00,2025-08-28 02:36:07+02:00,ECI:3642943.0,313.0,3642943.0,-17.63032525,177.44248334999997,temporal_local_drop,False,80.17,73.86,100.0,High,False
INC-000939,542020041221088+20250828123823+Fiji-Nadi-LTE-DL-D!20250828123754,2025-08-28 02:36:19+02:00,2025-08-28 02:36:20+02:00,ECI:3642943.0,313.0,3642943.0,-17.62897925,177.44244295,ca_underperformance,True,76.35,73.9,79.34,High,False
INC-000940,542020041221088+20250828123823+Fiji-Nadi-LTE-DL-D!20250828123754,2025-08-28 02:36:26+02:00,2025-08-28 02:36:28+02:00,ECI:3642943.0,385.0,3642943.0,-17.6282928,177.4424266,radio_limited_degradation,True,69.27,64.15,76.96,High,False
INC-000941,542020041221088+20250828123823+Fiji-Nadi-LTE-DL-D!20250828123754,2025-08-28 02:36:35+02:00,2025-08-28 02:36:48+02:00,ECI:1079185.0,385.0,1079185.0,-17.627569649999998,177.44239625,ca_underperformance,True,79.08,77.31,83.04,Medium,False
INC-000942,542020041221088+20250828123823+Fiji-Nadi-LTE-DL-D!20250828123754,2025-08-28 02:36:53+02:00,2025-08-28 02:36:57+02:00,ECI:1079185.0,385.0,1079185.0,-17.6279927,177.4424524,ca_underperformance,True,73.1,83.01,68.53,Medium,False
INC-000943,542020041221088+20250828123823+Fiji-Nadi-LTE-DL-D!20250828123754,2025-08-28 02:37:08+02:00,2025-08-28 02:37:09+02:00,ECI:3642943.0,313.0,3642943.0,-17.629109200000002,177.4424661,temporal_local_drop,False,79.28,77.88,81.0,High,False
INC-000944,542020041221088+20250828123823+Fiji-Nadi-LTE-DL-D!20250828123754,2025-08-28 02:37:17+02:00,2025-08-28 02:37:17+02:00,ECI:3642943.0,313.0,3642943.0,-17.6298581,177.442455,temporal_local_drop,False,86.22,90.5,81.0,High,False
INC-000945,542020041221088+20250828123823+Fiji-Nadi-LTE-DL-D!20250828123754,2025-08-28 02:37:24+02:00,2025-08-28 02:37:25+02:00,ECI:3642943.0,313.0,3642943.0,-17.630571449999998,177.44246035,temporal_local_drop,False,86.22,90.5,81.0,High,False
INC-000946,542020041221088+20250828123823+Fiji-Nadi-LTE-DL-D!20250828123754,2025-08-28 02:37:35+02:00,2025-08-28 02:37:36+02:00,ECI:3642943.0,313.0,3642943.0,-17.63141545,177.4424839,ca_underperformance,False,96.49,99.52,100.0,Critical,False
INC-000947,542020041221088+20250828123823+Fiji-Nadi-LTE-DL-D!20250828123754,2025-08-28 02:37:52+02:00,2025-08-28 02:37:52+02:00,ECI:3642943.0,313.0,3642943.0,-17.6316087,177.442605,temporal_local_drop,False,83.3,87.58,78.08,High,False
INC-000948,542020041221088+20250828124043+Fiji-Nadi-LTE-DL-D!20250828124009,2025-08-28 02:38:07+02:00,2025-08-28 02:38:07+02:00,EARFCN:41384.0|PCI:313.0,313.0,,-17.6314439,177.4435269,temporal_local_drop,False,64.77,56.41,74.99,Medium,False
INC-000949,542020041221088+20250828124043+Fiji-Nadi-LTE-DL-D!20250828124009,2025-08-28 02:38:16+02:00,2025-08-28 02:38:16+02:00,ECI:3642943.0,313.0,3642943.0,-17.6310461,177.4440356,temporal_local_drop,False,71.5,63.51,81.26,High,False
INC-000950,542020041221088+20250828124043+Fiji-Nadi-LTE-DL-D!20250828124009,2025-08-28 02:38:28+02:00,2025-08-28 02:38:28+02:00,ECI:3642943.0,313.0,3642943.0,-17.6309832,177.4440877,temporal_local_drop,False,66.82,60.86,74.1,High,False
INC-000951,542020041221088+20250828124043+Fiji-Nadi-LTE-DL-D!20250828124009,2025-08-28 02:38:34+02:00,2025-08-28 02:38:36+02:00,ECI:3642943.0,313.0,3642943.0,-17.630854,177.4441207,ca_underperformance,False,97.83,96.06,100.0,High,False
INC-000952,542020041221088+20250828124043+Fiji-Nadi-LTE-DL-D!20250828124009,2025-08-28 02:38:44+02:00,2025-08-28 02:38:45+02:00,ECI:1079185.0,385.0,1079185.0,-17.6300477,177.44381975,ca_underperformance,True,70.3,64.46,77.46,High,False
INC-000953,542020041221088+20250828124043+Fiji-Nadi-LTE-DL-D!20250828124009,2025-08-28 02:38:49+02:00,2025-08-28 02:38:51+02:00,ECI:1079185.0,385.0,1079185.0,-17.6293385,177.4437872,ca_underperformance,True,69.07,64.51,74.65,Medium,False
INC-000954,542020041221088+20250828124043+Fiji-Nadi-LTE-DL-D!20250828124009,2025-08-28 02:38:55+02:00,2025-08-28 02:38:56+02:00,ECI:1079185.0,385.0,1079185.0,-17.62865725,177.44377865,ca_underperformance,True,71.32,68.05,77.16,High,False
INC-000955,542020041221088+20250828124043+Fiji-Nadi-LTE-DL-D!20250828124009,2025-08-28 02:39:02+02:00,2025-08-28 02:39:04+02:00,ECI:1079075.0,385.0,1079075.0,-17.62785775,177.4437654,ca_underperformance,True,72.69,73.93,75.36,High,False
INC-000956,542020041221088+20250828124043+Fiji-Nadi-LTE-DL-D!20250828124009,2025-08-28 02:39:25+02:00,2025-08-28 02:39:30+02:00,ECI:1079075.0,385.0,1079075.0,-17.62484421,177.4436928,radio_limited_degradation,True,78.77,77.94,79.79,High,False
INC-000957,542020041221088+20250828124043+Fiji-Nadi-LTE-DL-D!20250828124009,2025-08-28 02:40:08+02:00,2025-08-28 02:40:09+02:00,ECI:1079095.0,169.0,1079095.0,-17.622271085,177.441197195,ca_underperformance,False,82.05,85.65,77.65,High,False
INC-000958,542020041221088+20250828124303+Fiji-Nadi-LTE-DL-D!20250828124223,2025-08-28 02:40:21+02:00,2025-08-28 02:40:23+02:00,ECI:1079095.0,169.0,1079095.0,-17.621388,177.4403067,ca_underperformance,False,63.5,61.32,66.16,Medium,False
INC-000959,542020041221088+20250828124303+Fiji-Nadi-LTE-DL-D!20250828124223,2025-08-28 02:40:52+02:00,2025-08-28 02:40:53+02:00,ECI:1076515.0,180.0,1076515.0,-17.619629715000002,177.439306515,radio_limited_degradation,True,65.88,52.16,82.64,High,False
INC-000960,542020041221088+20250828124303+Fiji-Nadi-LTE-DL-D!20250828124223,2025-08-28 02:41:26+02:00,2025-08-28 02:41:26+02:00,ECI:1079065.0,169.0,1079065.0,-17.62107195,177.43743074,radio_limited_degradation,True,69.44,74.5,63.25,High,False
INC-000961,542020041221088+20250828124303+Fiji-Nadi-LTE-DL-D!20250828124223,2025-08-28 02:41:30+02:00,2025-08-28 02:41:38+02:00,ECI:1079065.0,169.0,1079065.0,-17.6216574,177.4366166,radio_limited_degradation,True,70.64,80.18,71.75,High,False
INC-000962,542020041221088+20250828124303+Fiji-Nadi-LTE-DL-D!20250828124223,2025-08-28 02:41:41+02:00,2025-08-28 02:41:43+02:00,ECI:1079065.0,169.0,1079065.0,-17.6222246,177.4358112,radio_limited_degradation,True,68.78,82.96,63.46,High,False
INC-000963,542020041221088+20250828124503+Fiji-Nadi-LTE-DL-D!20250828124436,2025-08-28 02:42:34+02:00,2025-08-28 02:42:36+02:00,ECI:1079614.0,345.0,1079614.0,-17.62607321,177.4332293,ca_underperformance,True,81.29,78.64,84.52,High,False
INC-000964,542020041221088+20250828124503+Fiji-Nadi-LTE-DL-D!20250828124436,2025-08-28 02:42:56+02:00,2025-08-28 02:42:57+02:00,ECI:1081660.0,354.0,1081660.0,-17.627451909999998,177.43303291,radio_limited_degradation,True,73.2,72.1,74.54,High,False
INC-000965,542020041221088+20250828124503+Fiji-Nadi-LTE-DL-D!20250828124436,2025-08-28 02:43:22+02:00,2025-08-28 02:43:22+02:00,ECI:1078583.0,354.0,1078583.0,-17.6286519,177.4358781,radio_limited_degradation,True,85.84,88.32,82.8,High,False
INC-000966,542020041221088+20250828124503+Fiji-Nadi-LTE-DL-D!20250828124436,2025-08-28 02:43:55+02:00,2025-08-28 02:43:56+02:00,ECI:1079185.0,315.0,1079185.0,-17.631286314999997,177.43837761999998,ca_underperformance,True,76.85,74.14,80.17,High,False
INC-000967,542020041221088+20250828124503+Fiji-Nadi-LTE-DL-D!20250828124436,2025-08-28 02:44:13+02:00,2025-08-28 02:44:13+02:00,ECI:3642945.0,315.0,3642945.0,-17.63132452,177.4404842,radio_limited_degradation,True,70.57,70.32,70.88,High,False
INC-000968,542020041221088+20250828124503+Fiji-Nadi-LTE-DL-D!20250828124436,2025-08-28 02:44:23+02:00,2025-08-28 02:44:23+02:00,ECI:3642943.0,313.0,3642943.0,-17.6315218,177.4415653,temporal_local_drop,False,69.92,62.45,79.06,High,False
INC-000969,542020041221088+20250828124503+Fiji-Nadi-LTE-DL-D!20250828124436,2025-08-28 02:44:32+02:00,2025-08-28 02:44:33+02:00,ECI:3642943.0,313.0,3642943.0,-17.631603615,177.442493955,temporal_local_drop,False,85.83,89.78,81.0,High,False
INC-000970,542020041221088+20250828124723+Fiji-Nadi-LTE-DL-D!20250828124651,2025-08-28 02:44:53+02:00,2025-08-28 02:44:53+02:00,ECI:3642943.0,313.0,3642943.0,-17.6309639,177.4441089,temporal_local_drop,False,79.76,70.09,91.57,High,False
INC-000971,542020041221088+20250828124723+Fiji-Nadi-LTE-DL-D!20250828124651,2025-08-28 02:45:18+02:00,2025-08-28 02:45:19+02:00,ECI:3642944.0,314.0,3642944.0,-17.631749145,177.44534913,temporal_local_drop,False,67.45,64.11,79.28,High,False
INC-000972,542020041221088+20250828124723+Fiji-Nadi-LTE-DL-D!20250828124651,2025-08-28 02:46:08+02:00,2025-08-28 02:46:09+02:00,ECI:1079094.0,170.0,1079094.0,-17.630988360000003,177.450547545,ca_underperformance,False,76.05,71.8,81.24,High,False
INC-000973,542020041221088+20250828124723+Fiji-Nadi-LTE-DL-D!20250828124651,2025-08-28 02:46:27+02:00,2025-08-28 02:46:35+02:00,ECI:1079084.0,384.0,1079084.0,-17.6298088,177.4501124,ca_underperformance,True,83.69,83.57,83.84,Medium,False
INC-000974,542020041221088+20250828124723+Fiji-Nadi-LTE-DL-D!20250828124651,2025-08-28 02:46:40+02:00,2025-08-28 02:46:42+02:00,ECI:1077960.0,376.0,1077960.0,-17.6292102,177.4496084,temporal_sudden_drop,False,64.9,64.87,64.94,Medium,False
INC-000975,542020041221088+20250828124723+Fiji-Nadi-LTE-DL-D!20250828124651,2025-08-28 02:46:46+02:00,2025-08-28 02:46:47+02:00,ECI:1079061.0,170.0,1079061.0,-17.628835105,177.44930604,rb_conditioned_expected_underperformance,False,62.37,65.86,64.29,Medium,False
INC-000976,542020041221088+20250828124723+Fiji-Nadi-LTE-DL-D!20250828124651,2025-08-28 02:46:49+02:00,2025-08-28 02:46:51+02:00,ECI:1079094.0,170.0,1079094.0,-17.62848225,177.4489969,radio_limited_degradation,True,57.16,56.56,57.9,Medium,False
INC-000977,542020041221088+20250828124943+Fiji-Nadi-LTE-DL-D!20250828124907,2025-08-28 02:48:12+02:00,2025-08-28 02:48:12+02:00,ECI:1079245.0,385.0,1079245.0,-17.6258716,177.4467959,radio_limited_degradation,True,64.22,55.28,75.15,Medium,False
INC-000978,542020041221088+20250828124943+Fiji-Nadi-LTE-DL-D!20250828124907,2025-08-28 02:48:52+02:00,2025-08-28 02:48:54+02:00,ECI:1077822.0,170.0,1077822.0,-17.6284586,177.45054422,ca_underperformance,True,80.89,80.23,81.7,High,False
INC-000979,542020041221088+20250828124943+Fiji-Nadi-LTE-DL-D!20250828124907,2025-08-28 02:49:05+02:00,2025-08-28 02:49:07+02:00,ECI:1077825.0,167.0,1077825.0,-17.6290732,177.45197786,radio_limited_degradation,True,80.85,90.94,68.51,High,False
INC-000980,542020041221088+20250828125203+Fiji-Nadi-LTE-DL-D!20250828125121,2025-08-28 02:49:20+02:00,2025-08-28 02:49:28+02:00,ECI:1077825.0,167.0,1077825.0,-17.63031825,177.45311711,ca_underperformance,True,88.22,92.5,85.95,High,False
INC-000981,542020041221088+20250828125203+Fiji-Nadi-LTE-DL-D!20250828125121,2025-08-28 02:49:39+02:00,2025-08-28 02:49:40+02:00,ECI:3640375.0,167.0,3640375.0,-17.630403375,177.453486045,radio_limited_degradation,True,90.16,82.11,100.0,Critical,False
INC-000982,542020041221088+20250828125203+Fiji-Nadi-LTE-DL-D!20250828125121,2025-08-28 02:49:57+02:00,2025-08-28 02:49:57+02:00,ECI:1077825.0,167.0,1077825.0,-17.6307357,177.4545366,radio_limited_degradation,True,72.7,62.02,85.76,High,False
INC-000983,542020041221088+20250828125203+Fiji-Nadi-LTE-DL-D!20250828125121,2025-08-28 02:50:04+02:00,2025-08-28 02:50:04+02:00,ECI:1077780.0,165.0,1077780.0,-17.6308924,177.454617,ca_underperformance,False,71.26,75.72,65.82,High,False
INC-000984,542020041221088+20250828125203+Fiji-Nadi-LTE-DL-D!20250828125121,2025-08-28 02:50:10+02:00,2025-08-28 02:50:10+02:00,ECI:1077780.0,165.0,1077780.0,-17.6313048,177.45449737,rb_conditioned_expected_underperformance,False,66.39,69.85,62.17,High,False
INC-000985,542020041221088+20250828125203+Fiji-Nadi-LTE-DL-D!20250828125121,2025-08-28 02:50:31+02:00,2025-08-28 02:50:31+02:00,ECI:1077780.0,165.0,1077780.0,-17.63349166,177.45444229,radio_limited_degradation,True,71.67,69.52,74.3,High,False
INC-000986,542020041221088+20250828125203+Fiji-Nadi-LTE-DL-D!20250828125121,2025-08-28 02:50:38+02:00,2025-08-28 02:50:39+02:00,ECI:1077780.0,165.0,1077780.0,-17.63398502,177.453831945,radio_limited_degradation,True,87.37,97.2,75.36,High,False
INC-000987,542020041221088+20250828125203+Fiji-Nadi-LTE-DL-D!20250828125121,2025-08-28 02:50:46+02:00,2025-08-28 02:50:48+02:00,ECI:1077780.0,165.0,1077780.0,-17.6344758,177.4534751,radio_limited_degradation,True,81.6,84.59,79.25,High,False
INC-000988,542020041221088+20250828125203+Fiji-Nadi-LTE-DL-D!20250828125121,2025-08-28 02:50:52+02:00,2025-08-28 02:50:59+02:00,ECI:1077825.0,167.0,1077825.0,-17.63442679,177.45343954999998,radio_limited_degradation,True,85.17,97.14,79.21,High,False
INC-000989,542020041221088+20250828125203+Fiji-Nadi-LTE-DL-D!20250828125121,2025-08-28 02:51:03+02:00,2025-08-28 02:51:03+02:00,ECI:3640375.0,275.0,3640375.0,-17.6342212,177.4535703,radio_limited_degradation,True,90.41,99.55,79.23,Critical,False
INC-000990,542020041221088+20250828125404+Fiji-Nadi-LTE-DL-D!20250828125334,2025-08-28 02:51:32+02:00,2025-08-28 02:51:35+02:00,ECI:1077825.0,167.0,1077825.0,-17.63507395,177.45423535,ca_underperformance,True,84.63,98.34,92.61,High,False
INC-000991,542020041221088+20250828125404+Fiji-Nadi-LTE-DL-D!20250828125334,2025-08-28 02:51:41+02:00,2025-08-28 02:51:41+02:00,ECI:1077825.0,167.0,1077825.0,-17.6351858,177.45413,radio_limited_degradation,True,65.76,67.02,64.23,High,False
INC-000992,542020041221088+20250828125404+Fiji-Nadi-LTE-DL-D!20250828125334,2025-08-28 02:51:43+02:00,2025-08-28 02:51:43+02:00,ECI:1077825.0,167.0,1077825.0,-17.63518593,177.45413,radio_limited_degradation,True,87.39,88.05,86.58,High,False
INC-000993,542020041221088+20250828125404+Fiji-Nadi-LTE-DL-D!20250828125334,2025-08-28 02:51:51+02:00,2025-08-28 02:51:51+02:00,ECI:1077825.0,167.0,1077825.0,-17.63517911,177.45415012,ca_underperformance,False,85.9,87.87,83.5,High,False
INC-000994,542020041221088+20250828125404+Fiji-Nadi-LTE-DL-D!20250828125334,2025-08-28 02:51:59+02:00,2025-08-28 02:52:06+02:00,ECI:1077825.0,167.0,1077825.0,-17.6348369,177.45428035,radio_limited_degradation,True,86.55,97.7,83.1,High,False
INC-000995,542020041221088+20250828125404+Fiji-Nadi-LTE-DL-D!20250828125334,2025-08-28 02:52:20+02:00,2025-08-28 02:52:20+02:00,ECI:1077825.0,167.0,1077825.0,-17.6337944,177.4542943,radio_limited_degradation,True,81.55,82.9,79.89,High,False
INC-000996,542020041221088+20250828125404+Fiji-Nadi-LTE-DL-D!20250828125334,2025-08-28 02:52:26+02:00,2025-08-28 02:52:30+02:00,ECI:1077825.0,167.0,1077825.0,-17.6334896,177.45440415000002,radio_limited_degradation,True,82.96,82.76,83.2,High,False
INC-000997,542020041221088+20250828125404+Fiji-Nadi-LTE-DL-D!20250828125334,2025-08-28 02:52:34+02:00,2025-08-28 02:52:34+02:00,ECI:1077825.0,167.0,1077825.0,-17.63309209,177.45443917,radio_limited_degradation,True,65.93,65.56,66.39,High,False
INC-000998,542020041221088+20250828125404+Fiji-Nadi-LTE-DL-D!20250828125334,2025-08-28 02:52:38+02:00,2025-08-28 02:52:38+02:00,ECI:1077825.0,167.0,1077825.0,-17.63278129,177.4543961,radio_limited_degradation,True,85.55,97.79,70.59,High,False
INC-000999,542020041221088+20250828125404+Fiji-Nadi-LTE-DL-D!20250828125334,2025-08-28 02:52:47+02:00,2025-08-28 02:52:52+02:00,ECI:1077825.0,167.0,1077825.0,-17.631873625,177.45431389499998,ca_underperformance,True,88.37,98.08,100.0,High,False
INC-001000,542020041221088+20250828125404+Fiji-Nadi-LTE-DL-D!20250828125334,2025-08-28 02:52:56+02:00,2025-08-28 02:52:56+02:00,ECI:3640375.0,167.0,3640375.0,-17.63119972,177.45446859,radio_limited_degradation,True,78.1,88.33,65.6,High,False
INC-001001,542020041221088+20250828125404+Fiji-Nadi-LTE-DL-D!20250828125334,2025-08-28 02:53:13+02:00,2025-08-28 02:53:13+02:00,ECI:1077825.0,167.0,1077825.0,-17.63102755,177.45525839,ca_underperformance,False,78.96,78.71,79.26,High,False
INC-001002,542020041221088+20250828125404+Fiji-Nadi-LTE-DL-D!20250828125334,2025-08-28 02:53:26+02:00,2025-08-28 02:53:27+02:00,ECI:1077780.0,165.0,1077780.0,-17.63163587,177.455944955,rb_conditioned_expected_underperformance,False,62.25,62.46,61.99,Medium,False
INC-001003,542020041221088+20250828125624+Fiji-Nadi-LTE-DL-D!20250828125546,2025-08-28 02:53:44+02:00,2025-08-28 02:53:44+02:00,ECI:3640385.0,275.0,3640385.0,-17.63279271,177.45674388,temporal_local_drop,False,71.6,62.35,82.91,High,False
INC-001004,542020041221088+20250828125624+Fiji-Nadi-LTE-DL-D!20250828125546,2025-08-28 02:54:00+02:00,2025-08-28 02:54:02+02:00,ECI:1077815.0,167.0,1077815.0,-17.6341793,177.4570066,ca_underperformance,True,70.39,82.61,76.24,Medium,False
INC-001005,542020041221088+20250828125624+Fiji-Nadi-LTE-DL-D!20250828125546,2025-08-28 02:54:58+02:00,2025-08-28 02:55:01+02:00,ECI:1077823.0,165.0,1077823.0,-17.63702856,177.45542658,ca_underperformance,True,77.26,95.48,74.28,High,False
INC-001006,542020041221088+20250828125624+Fiji-Nadi-LTE-DL-D!20250828125546,2025-08-28 02:55:03+02:00,2025-08-28 02:55:05+02:00,ECI:3640375.0,275.0,3640375.0,-17.636691525,177.45571363,radio_limited_degradation,True,79.46,96.7,58.4,High,False
INC-001007,542020041221088+20250828125624+Fiji-Nadi-LTE-DL-D!20250828125546,2025-08-28 02:55:18+02:00,2025-08-28 02:55:19+02:00,ECI:3640375.0,275.0,3640375.0,-17.635443515,177.45632313,radio_limited_degradation,True,78.29,93.75,59.39,High,False
INC-001008,542020041221088+20250828125624+Fiji-Nadi-LTE-DL-D!20250828125546,2025-08-28 02:55:24+02:00,2025-08-28 02:55:24+02:00,ECI:3640375.0,275.0,3640375.0,-17.63492674,177.45629439,radio_limited_degradation,True,83.71,98.42,65.72,High,False
INC-001009,542020041221088+20250828125844+Fiji-Nadi-LTE-DL-D!20250828125759,2025-08-28 02:56:05+02:00,2025-08-28 02:56:06+02:00,ECI:3640375.0,275.0,3640375.0,-17.631944025,177.456011685,radio_limited_degradation,True,69.59,61.59,79.37,High,False
INC-001010,542020041221088+20250828125844+Fiji-Nadi-LTE-DL-D!20250828125759,2025-08-28 02:56:13+02:00,2025-08-28 02:56:13+02:00,ECI:3640375.0,167.0,3640375.0,-17.6315328,177.4559191,radio_limited_degradation,True,78.72,77.72,79.94,High,False
INC-001011,542020041221088+20250828125844+Fiji-Nadi-LTE-DL-D!20250828125759,2025-08-28 02:56:17+02:00,2025-08-28 02:56:23+02:00,ECI:1077825.0,167.0,1077825.0,-17.6312872,177.4559077,radio_limited_degradation,True,85.42,90.76,81.2,High,False
INC-001012,542020041221088+20250828125844+Fiji-Nadi-LTE-DL-D!20250828125759,2025-08-28 02:56:25+02:00,2025-08-28 02:56:25+02:00,ECI:3640375.0,275.0,3640375.0,-17.6312874,177.4559049,radio_limited_degradation,True,75.18,80.97,68.11,High,False
INC-001013,542020041221088+20250828125844+Fiji-Nadi-LTE-DL-D!20250828125759,2025-08-28 02:56:51+02:00,2025-08-28 02:56:52+02:00,ECI:1077825.0,167.0,1077825.0,-17.63077315,177.4559996,radio_limited_degradation,True,76.56,70.93,83.45,High,False
INC-001014,542020041221088+20250828125844+Fiji-Nadi-LTE-DL-D!20250828125759,2025-08-28 02:56:59+02:00,2025-08-28 02:57:00+02:00,ECI:1077825.0,167.0,1077825.0,-17.63027343,177.45581148,ca_underperformance,True,95.43,94.25,96.88,Critical,False
INC-001015,542020041221088+20250828125844+Fiji-Nadi-LTE-DL-D!20250828125759,2025-08-28 02:57:03+02:00,2025-08-28 02:57:03+02:00,ECI:1077780.0,165.0,1077780.0,-17.6300762,177.455541,rb_conditioned_expected_underperformance,False,67.66,67.73,67.57,High,False
INC-001016,542020041221088+20250828130044+Fiji-Nadi-LTE-DL-D!20250828130012,2025-08-28 02:59:08+02:00,2025-08-28 02:59:09+02:00,ECI:1077780.0,165.0,1077780.0,-17.62958185,177.4545258,radio_condition_expected_underperformance,False,60.68,58.87,64.54,Medium,False
INC-001017,542020041221088+20250828130044+Fiji-Nadi-LTE-DL-D!20250828130012,2025-08-28 02:59:42+02:00,2025-08-28 02:59:42+02:00,ECI:3640345.0,275.0,3640345.0,-17.6285503,177.4569063,radio_limited_degradation,True,78.84,61.53,100.0,High,False
INC-001018,542020041221088+20250828130044+Fiji-Nadi-LTE-DL-D!20250828130012,2025-08-28 03:00:05+02:00,2025-08-28 03:00:06+02:00,ECI:3635989.0,231.0,3635989.0,-17.6273165,177.45721805,radio_limited_degradation,True,68.82,65.67,75.91,High,False
INC-001019,542020041221088+20250828130244+Fiji-Nadi-LTE-DL-D!20250828130228,2025-08-28 03:00:47+02:00,2025-08-28 03:00:49+02:00,ECI:3636029.0,384.0,3636029.0,-17.62593921,177.4543021,ca_underperformance,False,76.35,69.41,84.84,Medium,False
INC-001020,542020041221088+20250828130244+Fiji-Nadi-LTE-DL-D!20250828130228,2025-08-28 03:01:16+02:00,2025-08-28 03:01:17+02:00,ECI:1077812.0,167.0,1077812.0,-17.627967785000003,177.45271509999998,radio_limited_degradation,True,80.76,94.56,63.9,High,False
INC-001021,542020041221088+20250828130244+Fiji-Nadi-LTE-DL-D!20250828130228,2025-08-28 03:01:26+02:00,2025-08-28 03:01:30+02:00,ECI:1077812.0,167.0,1077812.0,-17.62884295,177.45190611,radio_limited_degradation,True,85.31,97.99,69.81,High,False
INC-001022,542020041221088+20250828130244+Fiji-Nadi-LTE-DL-D!20250828130228,2025-08-28 03:01:32+02:00,2025-08-28 03:01:37+02:00,ECI:1077822.0,167.0,1077822.0,-17.62902333,177.45186068,ca_underperformance,False,77.57,77.96,88.04,High,False
INC-001023,542020041221088+20250828130244+Fiji-Nadi-LTE-DL-D!20250828130228,2025-08-28 03:01:50+02:00,2025-08-28 03:01:50+02:00,ECI:1077822.0,167.0,1077822.0,-17.62961306,177.45289413,ca_underperformance,False,75.89,77.36,74.09,High,False
INC-001024,542020041221088+20250828130244+Fiji-Nadi-LTE-DL-D!20250828130228,2025-08-28 03:01:52+02:00,2025-08-28 03:01:52+02:00,ECI:3640372.0,272.0,3640372.0,-17.6298755,177.4530365,temporal_local_drop,False,68.84,58.89,81.0,High,False
INC-001025,542020041221088+20250828130244+Fiji-Nadi-LTE-DL-D!20250828130228,2025-08-28 03:01:57+02:00,2025-08-28 03:02:00+02:00,ECI:1077822.0,170.0,1077822.0,-17.630275175,177.45311862,ca_underperformance,True,74.97,74.9,75.05,High,False
INC-001026,542020041221088+20250828130244+Fiji-Nadi-LTE-DL-D!20250828130228,2025-08-28 03:02:02+02:00,2025-08-28 03:02:04+02:00,ECI:1077822.0,167.0,1077822.0,-17.630345095,177.45314924000002,radio_limited_degradation,True,79.05,82.08,75.35,High,False
INC-001027,542020041221088+20250828130244+Fiji-Nadi-LTE-DL-D!20250828130228,2025-08-28 03:02:16+02:00,2025-08-28 03:02:17+02:00,ECI:3640372.0,272.0,3640372.0,-17.63046971,177.453914505,temporal_local_drop,False,78.65,76.72,98.54,High,False
INC-001028,542020041221088+20250828130244+Fiji-Nadi-LTE-DL-D!20250828130228,2025-08-28 03:02:23+02:00,2025-08-28 03:02:23+02:00,ECI:1077780.0,165.0,1077780.0,-17.63074257,177.45460326,temporal_local_drop,False,84.34,71.52,100.0,High,False
INC-001029,542020041221088+20250828130504+Fiji-Nadi-LTE-DL-D!20250828130441,2025-08-28 03:02:38+02:00,2025-08-28 03:02:38+02:00,EARFCN:500.0|PCI:165.0,165.0,,-17.63117434,177.4561668,temporal_local_drop,False,71.08,58.21,86.81,High,False
INC-001030,542020041221088+20250828130504+Fiji-Nadi-LTE-DL-D!20250828130441,2025-08-28 03:02:49+02:00,2025-08-28 03:02:49+02:00,ECI:1077825.0,167.0,1077825.0,-17.63064507,177.45734024,ca_underperformance,False,94.42,94.53,94.29,Critical,False
INC-001031,542020041221088+20250828130744+Fiji-Nadi-LTE-DL-D!20250828130656,2025-08-28 03:04:56+02:00,2025-08-28 03:04:56+02:00,ECI:3640374.0,274.0,3640374.0,-17.6336082,177.45980579,radio_limited_degradation,True,65.89,54.29,80.06,High,False
INC-001032,542020041221088+20250828130744+Fiji-Nadi-LTE-DL-D!20250828130656,2025-08-28 03:06:26+02:00,2025-08-28 03:06:26+02:00,ECI:3638839.0,255.0,3638839.0,-17.628352,177.461197,temporal_local_drop,False,77.05,75.33,79.16,High,False
INC-001033,542020041221088+20250828131005+Fiji-Nadi-LTE-DL-D!20250828130912,2025-08-28 03:08:15+02:00,2025-08-28 03:08:15+02:00,ECI:3638839.0,255.0,3638839.0,-17.6274123,177.4613286,temporal_local_drop,False,70.39,55.26,88.88,High,False
INC-001034,542020041221088+20250828131005+Fiji-Nadi-LTE-DL-D!20250828130912,2025-08-28 03:08:28+02:00,2025-08-28 03:08:29+02:00,ECI:3638839.0,255.0,3638839.0,-17.627794845,177.46057539499998,temporal_local_drop,False,78.5,78.47,78.54,High,False
INC-001035,542020041221088+20250828131005+Fiji-Nadi-LTE-DL-D!20250828130912,2025-08-28 03:08:42+02:00,2025-08-28 03:08:42+02:00,ECI:3640373.0,255.0,3640373.0,-17.6284322,177.4599187,ca_underperformance,False,67.99,57.2,81.17,High,False
INC-001036,542020041221088+20250828131005+Fiji-Nadi-LTE-DL-D!20250828130912,2025-08-28 03:08:51+02:00,2025-08-28 03:08:52+02:00,ECI:3640373.0,273.0,3640373.0,-17.6287411,177.46004625,radio_limited_degradation,True,81.72,84.77,78.0,High,False
INC-001037,542020041221088+20250828131435+Fiji-Nadi-LTE-DL-D!20250828131128,2025-08-28 03:09:38+02:00,2025-08-28 03:09:40+02:00,ECI:3638838.0,254.0,3638838.0,-17.62702271,177.46456253,radio_limited_degradation,True,84.4,87.19,91.93,High,False
INC-001038,542020041221088+20250828131435+Fiji-Nadi-LTE-DL-D!20250828131128,2025-08-28 03:09:54+02:00,2025-08-28 03:09:55+02:00,ECI:3638838.0,254.0,3638838.0,-17.62664119,177.46565979000002,radio_limited_degradation,True,87.98,92.27,82.8,High,False
INC-001039,542020041221088+20250828131435+Fiji-Nadi-LTE-DL-D!20250828131128,2025-08-28 03:10:03+02:00,2025-08-28 03:10:03+02:00,ECI:3638838.0,254.0,3638838.0,-17.6268908,177.4663394,temporal_local_drop,False,87.83,93.42,81.0,High,False
INC-001040,542020041221088+20250828131435+Fiji-Nadi-LTE-DL-D!20250828131128,2025-08-28 03:10:10+02:00,2025-08-28 03:10:11+02:00,ECI:3638838.0,254.0,3638838.0,-17.627069730000002,177.46681102999997,radio_limited_degradation,True,84.78,86.4,82.8,High,False
INC-001041,542020041221088+20250828131435+Fiji-Nadi-LTE-DL-D!20250828131128,2025-08-28 03:10:39+02:00,2025-08-28 03:10:39+02:00,ECI:3638838.0,254.0,3638838.0,-17.627563,177.4689467,ca_underperformance,False,89.2,80.37,100.0,High,False
INC-001042,542020041221088+20250828131435+Fiji-Nadi-LTE-DL-D!20250828131128,2025-08-28 03:10:50+02:00,2025-08-28 03:10:51+02:00,ECI:3638838.0,254.0,3638838.0,-17.62801589,177.46996164,temporal_local_drop,False,76.89,74.23,80.13,High,False
INC-001043,542020041221088+20250828131435+Fiji-Nadi-LTE-DL-D!20250828131128,2025-08-28 03:11:00+02:00,2025-08-28 03:11:00+02:00,ECI:3638838.0,254.0,3638838.0,-17.62796566,177.47067209,temporal_local_drop,False,65.15,51.51,81.83,High,False
INC-001044,542020041221088+20250828131954+Fiji-Nadi-LTE-DL-D!20250828131344,2025-08-28 03:12:01+02:00,2025-08-28 03:12:02+02:00,ECI:1080607.0,352.0,1080607.0,-17.630616945,177.47561378,ca_underperformance,False,62.37,58.29,68.47,Medium,False
INC-001045,542020041221088+20250828131954+Fiji-Nadi-LTE-DL-D!20250828131344,2025-08-28 03:12:20+02:00,2025-08-28 03:12:20+02:00,ECI:3638785.0,251.0,3638785.0,-17.6313646,177.4764449,radio_limited_degradation,True,69.76,80.49,56.65,High,False
INC-001046,542020041221088+20250828131954+Fiji-Nadi-LTE-DL-D!20250828131344,2025-08-28 03:12:24+02:00,2025-08-28 03:12:25+02:00,ECI:3636029.0,231.0,3636029.0,-17.631357405,177.4764403,radio_limited_degradation,True,57.53,54.63,62.84,Medium,False
INC-001047,542020041221088+20250828131954+Fiji-Nadi-LTE-DL-D!20250828131344,2025-08-28 03:12:33+02:00,2025-08-28 03:12:34+02:00,ECI:1080627.0,231.0,1080627.0,-17.631301450000002,177.47634175000002,radio_limited_degradation,True,72.18,85.05,63.05,High,False
INC-001048,542020041221088+20250828131954+Fiji-Nadi-LTE-DL-D!20250828131344,2025-08-28 03:12:46+02:00,2025-08-28 03:12:48+02:00,ECI:1080627.0,352.0,1080627.0,-17.63073063,177.47570003,ca_underperformance,False,80.4,71.11,91.76,High,False
INC-001049,542020041221088+20250828131954+Fiji-Nadi-LTE-DL-D!20250828131344,2025-08-28 03:12:57+02:00,2025-08-28 03:12:59+02:00,ECI:1080630.0,352.0,1080630.0,-17.6297887,177.4747214,temporal_local_drop,False,67.62,65.36,78.79,High,False
INC-001050,542020041221088+20250828131954+Fiji-Nadi-LTE-DL-D!20250828131344,2025-08-28 03:13:07+02:00,2025-08-28 03:13:07+02:00,ECI:1080630.0,352.0,1080630.0,-17.6291936,177.4740016,ca_underperformance,False,79.35,76.13,83.29,High,False
INC-001051,542020041221088+20250828131954+Fiji-Nadi-LTE-DL-D!20250828131344,2025-08-28 03:13:18+02:00,2025-08-28 03:13:18+02:00,ECI:1080630.0,352.0,1080630.0,-17.62875489,177.47296907,ca_underperformance,False,66.9,46.87,91.39,High,False
INC-001052,542020041221088+20250828131954+Fiji-Nadi-LTE-DL-D!20250828131344,2025-08-28 03:13:30+02:00,2025-08-28 03:13:31+02:00,ECI:3638848.0,254.0,3638848.0,-17.628293640000003,177.47182595,ca_underperformance,False,94.68,90.33,100.0,Critical,False
INC-001053,542020041221088+20250828131954+Fiji-Nadi-LTE-DL-D!20250828131344,2025-08-28 03:13:40+02:00,2025-08-28 03:13:40+02:00,ECI:3638848.0,254.0,3638848.0,-17.6279545,177.4710118,temporal_local_drop,False,91.52,88.45,95.28,Critical,False
INC-001054,542020041221088+20250828132455+Fiji-Nadi-LTE-DL-D!20250828131658,2025-08-28 03:15:05+02:00,2025-08-28 03:15:05+02:00,ECI:3638848.0,254.0,3638848.0,-17.626559,177.4653506,radio_limited_degradation,True,84.25,90.88,76.15,High,False
INC-001055,542020041221088+20250828132455+Fiji-Nadi-LTE-DL-D!20250828131658,2025-08-28 03:15:12+02:00,2025-08-28 03:15:12+02:00,ECI:3638848.0,254.0,3638848.0,-17.6263931,177.4652617,ca_underperformance,False,87.64,77.52,100.0,High,False
INC-001056,542020041221088+20250828132455+Fiji-Nadi-LTE-DL-D!20250828131658,2025-08-28 03:15:28+02:00,2025-08-28 03:15:28+02:00,ECI:3638848.0,254.0,3638848.0,-17.62548312,177.46539331,temporal_local_drop,False,88.26,85.51,91.62,High,False
INC-001057,542020041221088+20250828132455+Fiji-Nadi-LTE-DL-D!20250828131658,2025-08-28 03:15:34+02:00,2025-08-28 03:15:35+02:00,ECI:3638848.0,254.0,3638848.0,-17.625321675000002,177.46482072999999,radio_limited_degradation,True,87.72,83.13,93.33,High,False
INC-001058,542020041221088+20250828132455+Fiji-Nadi-LTE-DL-D!20250828131658,2025-08-28 03:15:51+02:00,2025-08-28 03:15:51+02:00,ECI:3638848.0,254.0,3638848.0,-17.62596667,177.46382595,temporal_local_drop,False,72.91,67.33,79.72,High,False
INC-001059,542020041221088+20250828132455+Fiji-Nadi-LTE-DL-D!20250828131658,2025-08-28 03:15:57+02:00,2025-08-28 03:15:58+02:00,ECI:3640383.0,231.0,3640383.0,-17.6264145,177.46354055,radio_limited_degradation,True,63.4,62.98,69.25,Medium,False
INC-001060,542020041221088+20250828132455+Fiji-Nadi-LTE-DL-D!20250828131658,2025-08-28 03:16:05+02:00,2025-08-28 03:16:08+02:00,ECI:3638848.0,254.0,3638848.0,-17.627133335,177.46363782999998,temporal_local_drop,False,76.58,72.96,81.0,High,False
INC-001061,542020041221088+20250828132455+Fiji-Nadi-LTE-DL-D!20250828131658,2025-08-28 03:16:26+02:00,2025-08-28 03:16:26+02:00,ECI:3638848.0,254.0,3638848.0,-17.62735637,177.46403477,temporal_local_drop,False,80.91,80.83,81.0,High,False
INC-001062,542020041221088+20250828132455+Fiji-Nadi-LTE-DL-D!20250828131658,2025-08-28 03:16:35+02:00,2025-08-28 03:16:37+02:00,ECI:3638848.0,254.0,3638848.0,-17.6267996,177.4648879,temporal_local_drop,False,80.88,80.79,81.97,High,False
INC-001063,542020041221088+20250828132455+Fiji-Nadi-LTE-DL-D!20250828131658,2025-08-28 03:16:46+02:00,2025-08-28 03:16:46+02:00,ECI:3638848.0,254.0,3638848.0,-17.62596498,177.46541875,temporal_local_drop,False,79.33,71.57,88.81,High,False
INC-001064,542020041221088+20250828132455+Fiji-Nadi-LTE-DL-D!20250828131658,2025-08-28 03:16:54+02:00,2025-08-28 03:16:55+02:00,ECI:3638848.0,254.0,3638848.0,-17.62504601,177.46571417,temporal_local_drop,False,81.91,82.66,81.0,High,False
INC-001065,542020041221088+20250828132555+Fiji-Nadi-LTE-DL-D!20250828131914,2025-08-28 03:17:21+02:00,2025-08-28 03:17:21+02:00,ECI:3638848.0,254.0,3638848.0,-17.6248077,177.4658012,ca_underperformance,False,87.02,76.4,100.0,High,False
INC-001066,542020041221088+20250828132555+Fiji-Nadi-LTE-DL-D!20250828131914,2025-08-28 03:17:34+02:00,2025-08-28 03:17:34+02:00,ECI:3638848.0,254.0,3638848.0,-17.62480268,177.46579839,temporal_local_drop,False,79.91,79.02,81.0,High,False
INC-001067,542020041221088+20250828132555+Fiji-Nadi-LTE-DL-D!20250828131914,2025-08-28 03:17:49+02:00,2025-08-28 03:17:49+02:00,ECI:3638847.0,253.0,3638847.0,-17.6238558,177.4662977,temporal_local_drop,False,78.76,76.93,81.0,High,False
INC-001068,542020041221088+20250828132555+Fiji-Nadi-LTE-DL-D!20250828131914,2025-08-28 03:17:59+02:00,2025-08-28 03:18:00+02:00,ECI:3638847.0,253.0,3638847.0,-17.623038765,177.46677534,ca_underperformance,True,88.87,79.77,100.0,High,False
INC-001069,542020041221088+20250828132555+Fiji-Nadi-LTE-DL-D!20250828131914,2025-08-28 03:18:10+02:00,2025-08-28 03:18:11+02:00,ECI:3638847.0,253.0,3638847.0,-17.622378515,177.467251325,temporal_local_drop,False,83.13,84.87,81.0,High,False
INC-001070,542020041221088+20250828132555+Fiji-Nadi-LTE-DL-D!20250828131914,2025-08-28 03:18:48+02:00,2025-08-28 03:18:50+02:00,ECI:1080631.0,353.0,1080631.0,-17.62150903,177.4696416,radio_limited_degradation,True,82.99,76.33,91.64,High,False
INC-001071,542020041221088+20250828132735+Fiji-Nadi-LTE-DL-D!20250828132130,2025-08-28 03:19:32+02:00,2025-08-28 03:19:37+02:00,ECI:3635992.0,234.0,3635992.0,-17.618098135,177.46687127500002,radio_limited_degradation,True,78.21,90.38,63.33,High,False
INC-001072,542020041221088+20250828132735+Fiji-Nadi-LTE-DL-D!20250828132130,2025-08-28 03:19:55+02:00,2025-08-28 03:19:56+02:00,ECI:3635992.0,234.0,3635992.0,-17.619414015,177.465838555,radio_limited_degradation,True,81.19,79.88,82.8,High,False
INC-001073,542020041221088+20250828132735+Fiji-Nadi-LTE-DL-D!20250828132130,2025-08-28 03:20:09+02:00,2025-08-28 03:20:11+02:00,ECI:3638804.0,250.0,3638804.0,-17.6189472,177.46515018,radio_limited_degradation,True,80.37,79.85,81.0,High,False
INC-001074,542020041221088+20250828132735+Fiji-Nadi-LTE-DL-D!20250828132130,2025-08-28 03:20:20+02:00,2025-08-28 03:20:23+02:00,ECI:3638804.0,250.0,3638804.0,-17.61940895,177.4643918,radio_limited_degradation,True,87.27,90.93,82.8,High,False
INC-001075,542020041221088+20250828132735+Fiji-Nadi-LTE-DL-D!20250828132130,2025-08-28 03:20:33+02:00,2025-08-28 03:20:34+02:00,ECI:3635992.0,234.0,3635992.0,-17.6201155,177.46342055000002,temporal_local_drop,False,77.96,75.48,81.0,High,False
INC-001076,542020041221088+20250828132735+Fiji-Nadi-LTE-DL-D!20250828132130,2025-08-28 03:20:46+02:00,2025-08-28 03:20:48+02:00,ECI:3635992.0,234.0,3635992.0,-17.62084837,177.46246867,temporal_local_drop,False,83.59,85.71,87.64,High,False
INC-001077,542020041221088+20250828132735+Fiji-Nadi-LTE-DL-D!20250828132130,2025-08-28 03:20:57+02:00,2025-08-28 03:20:57+02:00,ECI:3635992.0,234.0,3635992.0,-17.621694,177.4628363,temporal_local_drop,False,81.38,81.69,81.0,High,False
INC-001078,542020041221088+20250828132735+Fiji-Nadi-LTE-DL-D!20250828132130,2025-08-28 03:21:11+02:00,2025-08-28 03:21:12+02:00,ECI:3638804.0,250.0,3638804.0,-17.622600165,177.46362609,radio_limited_degradation,True,75.09,68.53,87.93,High,False
INC-001079,542020041221088+20250828133115+Fiji-Nadi-LTE-DL-D!20250828132346,2025-08-28 03:22:12+02:00,2025-08-28 03:22:13+02:00,ECI:3635989.0,231.0,3635989.0,-17.624205125,177.46088393000002,radio_limited_degradation,True,76.13,57.19,99.27,High,False
INC-001080,542020041221088+20250828133115+Fiji-Nadi-LTE-DL-D!20250828132346,2025-08-28 03:22:26+02:00,2025-08-28 03:22:27+02:00,ECI:3635989.0,231.0,3635989.0,-17.62506408,177.46162164499998,radio_limited_degradation,True,79.68,63.05,100.0,High,False
INC-001081,542020041221088+20250828133115+Fiji-Nadi-LTE-DL-D!20250828132346,2025-08-28 03:22:41+02:00,2025-08-28 03:22:41+02:00,ECI:3638806.0,252.0,3638806.0,-17.6266592,177.4623641,radio_limited_degradation,True,77.42,73.01,82.8,High,False
INC-001082,542020041221088+20250828133115+Fiji-Nadi-LTE-DL-D!20250828132346,2025-08-28 03:22:57+02:00,2025-08-28 03:22:57+02:00,ECI:3640343.0,273.0,3640343.0,-17.62795746,177.46271489,radio_limited_degradation,True,80.12,77.92,82.8,High,False
INC-001083,542020041221088+20250828133115+Fiji-Nadi-LTE-DL-D!20250828132346,2025-08-28 03:23:02+02:00,2025-08-28 03:23:02+02:00,ECI:3635989.0,251.0,3635989.0,-17.62798805,177.46290212,radio_limited_degradation,True,67.32,54.24,83.3,High,False
INC-001084,542020041221088+20250828133115+Fiji-Nadi-LTE-DL-D!20250828132346,2025-08-28 03:23:11+02:00,2025-08-28 03:23:11+02:00,ECI:3638808.0,254.0,3638808.0,-17.62766708,177.46355384,radio_limited_degradation,True,67.88,63.26,73.53,High,False
INC-001085,542020041221088+20250828133115+Fiji-Nadi-LTE-DL-D!20250828132346,2025-08-28 03:23:16+02:00,2025-08-28 03:23:16+02:00,ECI:3638808.0,254.0,3638808.0,-17.6273783,177.4640027,radio_limited_degradation,True,80.28,64.15,100.0,High,False
INC-001086,542020041221088+20250828133115+Fiji-Nadi-LTE-DL-D!20250828132346,2025-08-28 03:23:42+02:00,2025-08-28 03:23:43+02:00,ECI:3638805.0,251.0,3638805.0,-17.625531195,177.465556975,radio_limited_degradation,True,80.74,79.05,82.8,High,False
INC-001087,542020041221088+20250828133556+Fiji-Nadi-LTE-DL-D!20250828132602,2025-08-28 03:24:27+02:00,2025-08-28 03:24:28+02:00,ECI:3638807.0,253.0,3638807.0,-17.62230345,177.46716175,temporal_local_drop,False,89.13,86.56,94.8,High,False
INC-001088,542020041221088+20250828133556+Fiji-Nadi-LTE-DL-D!20250828132602,2025-08-28 03:24:36+02:00,2025-08-28 03:24:37+02:00,ECI:3638807.0,253.0,3638807.0,-17.621358549999997,177.4673192,radio_limited_degradation,True,81.94,82.7,81.0,High,False
INC-001089,542020041221088+20250828133556+Fiji-Nadi-LTE-DL-D!20250828132602,2025-08-28 03:25:20+02:00,2025-08-28 03:25:21+02:00,ECI:3635992.0,234.0,3635992.0,-17.619256895,177.46540348500002,temporal_local_drop,False,80.26,79.65,81.0,High,False
INC-001090,542020041221088+20250828133556+Fiji-Nadi-LTE-DL-D!20250828132602,2025-08-28 03:25:32+02:00,2025-08-28 03:25:32+02:00,ECI:3635992.0,234.0,3635992.0,-17.6192498,177.4653968,temporal_local_drop,False,81.46,81.83,81.0,High,False
INC-001091,542020041221088+20250828133556+Fiji-Nadi-LTE-DL-D!20250828132602,2025-08-28 03:25:42+02:00,2025-08-28 03:25:44+02:00,ECI:3635992.0,234.0,3635992.0,-17.6191806,177.4654279,radio_limited_degradation,True,78.0,74.07,82.8,Medium,False
INC-001092,542020041221088+20250828133556+Fiji-Nadi-LTE-DL-D!20250828132602,2025-08-28 03:25:55+02:00,2025-08-28 03:25:55+02:00,ECI:3635992.0,234.0,3635992.0,-17.61936265,177.46580183,radio_limited_degradation,True,80.97,79.48,82.8,High,False
INC-001093,542020041221088+20250828133816+Fiji-Nadi-LTE-DL-D!20250828132818,2025-08-28 03:26:30+02:00,2025-08-28 03:26:30+02:00,ECI:1076426.0,375.0,1076426.0,-17.6163668,177.4668903,radio_limited_degradation,True,84.86,94.71,72.82,High,False
INC-001094,542020041221088+20250828133816+Fiji-Nadi-LTE-DL-D!20250828132818,2025-08-28 03:26:36+02:00,2025-08-28 03:26:55+02:00,ECI:1076426.0,375.0,1076426.0,-17.61542005,177.46646092999998,ca_underperformance,True,91.39,99.63,88.64,High,False
INC-001095,542020041221088+20250828133816+Fiji-Nadi-LTE-DL-D!20250828132818,2025-08-28 03:26:57+02:00,2025-08-28 03:27:02+02:00,ECI:3635988.0,230.0,3635988.0,-17.615499555,177.465426075,radio_limited_degradation,True,83.53,98.65,65.06,High,False
INC-001096,542020041221088+20250828133816+Fiji-Nadi-LTE-DL-D!20250828132818,2025-08-28 03:27:11+02:00,2025-08-28 03:27:19+02:00,ECI:1076286.0,179.0,1076286.0,-17.6145372,177.4651428,radio_limited_degradation,True,72.37,90.63,52.89,High,False
INC-001097,542020041221088+20250828133816+Fiji-Nadi-LTE-DL-D!20250828132818,2025-08-28 03:28:10+02:00,2025-08-28 03:28:11+02:00,ECI:1076289.0,179.0,1076289.0,-17.61535145,177.46626505,radio_limited_degradation,True,65.38,81.53,45.63,High,False
INC-001098,542020041221088+20250828133856+Fiji-Nadi-LTE-DL-D!20250828133030,2025-08-28 03:29:21+02:00,2025-08-28 03:29:21+02:00,ECI:3638837.0,253.0,3638837.0,-17.6177596,177.4656364,temporal_local_drop,False,65.21,62.36,68.69,High,False
INC-001099,542020041221088+20250828133856+Fiji-Nadi-LTE-DL-D!20250828133030,2025-08-28 03:30:04+02:00,2025-08-28 03:30:04+02:00,ECI:1076289.0,179.0,1076289.0,-17.61603827,177.46600834,radio_limited_degradation,True,64.82,60.12,70.57,Medium,False
INC-001100,542020041221088+20250828133856+Fiji-Nadi-LTE-DL-D!20250828133030,2025-08-28 03:30:21+02:00,2025-08-28 03:30:25+02:00,ECI:3638837.0,253.0,3638837.0,-17.6165397,177.4660181,temporal_local_drop,False,70.48,66.53,75.3,Medium,False
INC-001101,542020041221088+20250828134016+Fiji-Nadi-LTE-DL-D!20250828133246,2025-08-28 03:31:14+02:00,2025-08-28 03:31:14+02:00,ECI:3638837.0,253.0,3638837.0,-17.6182038,177.46491385,temporal_local_drop,False,80.24,79.62,81.0,High,False
INC-001102,542020041221088+20250828134016+Fiji-Nadi-LTE-DL-D!20250828133246,2025-08-28 03:31:23+02:00,2025-08-28 03:31:24+02:00,ECI:3638837.0,253.0,3638837.0,-17.6182377,177.4647405,radio_limited_degradation,True,76.9,75.04,80.93,High,False
INC-001103,542020041221088+20250828134016+Fiji-Nadi-LTE-DL-D!20250828133246,2025-08-28 03:31:38+02:00,2025-08-28 03:31:41+02:00,ECI:1076289.0,179.0,1076289.0,-17.6179761,177.4632952,radio_limited_degradation,True,65.34,81.54,45.53,Medium,False
INC-001104,542020041221088+20250828134016+Fiji-Nadi-LTE-DL-D!20250828133246,2025-08-28 03:31:57+02:00,2025-08-28 03:31:57+02:00,ECI:3638837.0,253.0,3638837.0,-17.61754344,177.4617267,radio_limited_degradation,True,73.77,76.76,70.12,High,False
INC-001105,542020041221088+20250828134016+Fiji-Nadi-LTE-DL-D!20250828133246,2025-08-28 03:32:00+02:00,2025-08-28 03:32:02+02:00,ECI:3638837.0,253.0,3638837.0,-17.6171589,177.4613245,temporal_local_drop,False,73.42,67.22,84.53,High,False
INC-001106,542020041221088+20250828134016+Fiji-Nadi-LTE-DL-D!20250828133246,2025-08-28 03:32:25+02:00,2025-08-28 03:32:25+02:00,ECI:3638837.0,353.0,3638837.0,-17.6160029,177.4605478,radio_limited_degradation,True,74.3,88.83,56.55,High,False
INC-001107,542020041221088+20250828134016+Fiji-Nadi-LTE-DL-D!20250828133246,2025-08-28 03:32:39+02:00,2025-08-28 03:32:39+02:00,ECI:1076289.0,179.0,1076289.0,-17.61459344,177.46019957,radio_limited_degradation,True,74.33,85.84,60.26,High,False
INC-001108,542020041221088+20250828134116+Fiji-Nadi-LTE-DL-D!20250828133502,2025-08-28 03:33:05+02:00,2025-08-28 03:33:06+02:00,ECI:1080641.0,353.0,1080641.0,-17.61396338,177.46151536000002,ca_underperformance,False,65.15,64.71,65.68,High,False
INC-001109,542020041221088+20250828134116+Fiji-Nadi-LTE-DL-D!20250828133502,2025-08-28 03:33:14+02:00,2025-08-28 03:33:15+02:00,ECI:1076289.0,179.0,1076289.0,-17.61436061,177.462516205,radio_limited_degradation,True,68.43,61.51,81.09,High,False
INC-001110,542020041221088+20250828134116+Fiji-Nadi-LTE-DL-D!20250828133502,2025-08-28 03:33:30+02:00,2025-08-28 03:33:30+02:00,ECI:3638837.0,179.0,3638837.0,-17.61493761,177.46398202,radio_limited_degradation,True,71.26,69.95,72.87,High,False
INC-001111,542020041221088+20250828134116+Fiji-Nadi-LTE-DL-D!20250828133502,2025-08-28 03:33:52+02:00,2025-08-28 03:33:52+02:00,ECI:3638837.0,253.0,3638837.0,-17.6166508,177.464943,temporal_local_drop,False,78.3,60.54,100.0,High,False
INC-001112,542020041221088+20250828134116+Fiji-Nadi-LTE-DL-D!20250828133502,2025-08-28 03:34:40+02:00,2025-08-28 03:34:44+02:00,ECI:1076289.0,179.0,1076289.0,-17.6175881,177.4617786,radio_limited_degradation,True,72.62,88.26,53.5,Medium,False
INC-001113,542020041221088+20250828134116+Fiji-Nadi-LTE-DL-D!20250828133502,2025-08-28 03:35:00+02:00,2025-08-28 03:35:01+02:00,ECI:1080641.0,353.0,1080641.0,-17.61656869,177.460611915,ca_underperformance,False,53.82,47.92,61.04,Medium,False
INC-001114,542020041221088+20250828134256+Fiji-Nadi-LTE-DL-D!20250828133718,2025-08-28 03:35:20+02:00,2025-08-28 03:35:21+02:00,ECI:1080641.0,253.0,1080641.0,-17.61819735,177.46004025000002,radio_limited_degradation,True,70.27,72.75,67.24,High,False
INC-001115,542020041221088+20250828134256+Fiji-Nadi-LTE-DL-D!20250828133718,2025-08-28 03:35:24+02:00,2025-08-28 03:35:25+02:00,ECI:1077825.0,167.0,1077825.0,-17.61865245,177.4599231,radio_limited_degradation,True,71.12,87.43,75.49,High,False
INC-001116,542020041221088+20250828134436+Fiji-Nadi-LTE-DL-D!20250828133934,2025-08-28 03:37:35+02:00,2025-08-28 03:37:58+02:00,ECI:3636029.0,231.0,3636029.0,-17.621686859999997,177.45533775,radio_limited_degradation,True,83.43,96.55,67.39,High,False
INC-001117,542020041221088+20250828134436+Fiji-Nadi-LTE-DL-D!20250828133934,2025-08-28 03:38:09+02:00,2025-08-28 03:38:10+02:00,ECI:3636029.0,231.0,3636029.0,-17.62241047,177.45486645,radio_limited_degradation,True,71.17,84.78,54.53,High,False
INC-001118,542020041221088+20250828134436+Fiji-Nadi-LTE-DL-D!20250828133934,2025-08-28 03:38:19+02:00,2025-08-28 03:38:19+02:00,ECI:3636029.0,231.0,3636029.0,-17.62303915,177.45488342,radio_limited_degradation,True,66.8,73.99,58.02,High,False
INC-001119,542020041221088+20250828134436+Fiji-Nadi-LTE-DL-D!20250828133934,2025-08-28 03:38:38+02:00,2025-08-28 03:38:38+02:00,ECI:3636029.0,231.0,3636029.0,-17.62456613,177.45533281,temporal_local_drop,False,68.52,59.48,79.57,High,False
INC-001120,542020041221088+20250828134436+Fiji-Nadi-LTE-DL-D!20250828133934,2025-08-28 03:38:43+02:00,2025-08-28 03:38:43+02:00,ECI:3636029.0,231.0,3636029.0,-17.6247495,177.45539474,radio_limited_degradation,True,65.67,59.84,72.8,High,False
INC-001121,542020041221088+20250828134436+Fiji-Nadi-LTE-DL-D!20250828133934,2025-08-28 03:39:26+02:00,2025-08-28 03:39:27+02:00,ECI:1079090.0,168.0,1079090.0,-17.6231371,177.45355512499998,radio_limited_degradation,True,67.65,68.61,66.47,High,False
INC-001122,542020041221088+20250828134616+Fiji-Nadi-LTE-DL-D!20250828134149,2025-08-28 03:40:32+02:00,2025-08-28 03:40:32+02:00,ECI:3636033.0,232.0,3636033.0,-17.61791516,177.44889691,rb_conditioned_expected_underperformance,False,66.73,70.53,62.08,High,False
INC-001123,542020041221088+20250828134616+Fiji-Nadi-LTE-DL-D!20250828134149,2025-08-28 03:41:38+02:00,2025-08-28 03:41:38+02:00,ECI:1079093.0,232.0,1079093.0,-17.61487487,177.44595748,radio_limited_degradation,True,71.05,67.66,75.2,High,False
INC-001124,542020041221088+20250828134616+Fiji-Nadi-LTE-DL-D!20250828134149,2025-08-28 03:41:47+02:00,2025-08-28 03:41:47+02:00,ECI:1079093.0,232.0,1079093.0,-17.61384655,177.44671507,radio_limited_degradation,True,70.63,82.28,56.4,High,False
INC-001125,542020041221088+20250828134936+Fiji-Nadi-LTE-DL-D!20250828134405,2025-08-28 03:42:14+02:00,2025-08-28 03:42:14+02:00,ECI:1081876.0,182.0,1081876.0,-17.61273378,177.448371,ca_underperformance,False,65.85,60.92,71.87,High,False
INC-001126,542020041221088+20250828134936+Fiji-Nadi-LTE-DL-D!20250828134405,2025-08-28 03:42:44+02:00,2025-08-28 03:42:48+02:00,ECI:3636033.0,182.0,3636033.0,-17.61433649,177.4501244,ca_underperformance,True,66.47,63.19,70.49,Medium,False
INC-001127,542020041221088+20250828134936+Fiji-Nadi-LTE-DL-D!20250828134405,2025-08-28 03:42:52+02:00,2025-08-28 03:42:58+02:00,ECI:3636033.0,232.0,3636033.0,-17.614592725,177.45020715,radio_limited_degradation,True,66.15,76.24,53.81,Medium,False
INC-001128,542020041221088+20250828134936+Fiji-Nadi-LTE-DL-D!20250828134405,2025-08-28 03:43:35+02:00,2025-08-28 03:43:37+02:00,ECI:3636030.0,232.0,3636030.0,-17.61403636,177.45001132,radio_limited_degradation,True,71.34,81.03,59.49,High,False
INC-001129,542020041221088+20250828134936+Fiji-Nadi-LTE-DL-D!20250828134405,2025-08-28 03:43:39+02:00,2025-08-28 03:43:39+02:00,ECI:1076531.0,182.0,1076531.0,-17.61394851,177.44988393,radio_limited_degradation,True,70.04,79.46,58.52,High,False
INC-001130,542020041221088+20250828134936+Fiji-Nadi-LTE-DL-D!20250828134405,2025-08-28 03:43:41+02:00,2025-08-28 03:43:42+02:00,ECI:1082163.0,140.0,1082163.0,-17.61388078,177.44969095,ca_underperformance,True,57.14,56.51,59.7,Medium,False
INC-001131,542020041221088+20250828134936+Fiji-Nadi-LTE-DL-D!20250828134405,2025-08-28 03:43:44+02:00,2025-08-28 03:43:44+02:00,ECI:1076534.0,182.0,1076534.0,-17.6138404,177.44955657,ca_underperformance,False,67.76,64.5,71.75,High,False
INC-001132,542020041221088+20250828134936+Fiji-Nadi-LTE-DL-D!20250828134405,2025-08-28 03:44:03+02:00,2025-08-28 03:44:03+02:00,ECI:1079240.0,383.0,1079240.0,-17.61286521,177.4484595,ca_underperformance,False,71.72,71.43,72.08,High,False
INC-001133,542020041221088+20250828135037+Fiji-Nadi-LTE-DL-D!20250828134621,2025-08-28 03:45:04+02:00,2025-08-28 03:45:15+02:00,ECI:1079243.0,383.0,1079243.0,-17.61212036,177.448281785,radio_limited_degradation,True,64.03,77.05,57.47,Medium,False
INC-001134,542020041221088+20250828135037+Fiji-Nadi-LTE-DL-D!20250828134621,2025-08-28 03:46:00+02:00,2025-08-28 03:46:00+02:00,ECI:1082166.0,140.0,1082166.0,-17.61047872,177.45154732,temporal_local_drop,False,70.32,58.33,84.98,High,False
INC-001135,542020041221088+20250828135137+Fiji-Nadi-LTE-DL-D!20250828134837,2025-08-28 03:46:56+02:00,2025-08-28 03:46:57+02:00,ECI:1079183.0,140.0,1079183.0,-17.613236765,177.45381919,ca_underperformance,False,77.67,77.01,78.48,High,False
INC-001136,542020041221088+20250828135137+Fiji-Nadi-LTE-DL-D!20250828134837,2025-08-28 03:47:21+02:00,2025-08-28 03:47:23+02:00,ECI:1076544.0,140.0,1076544.0,-17.61407743,177.45495793,ca_underperformance,False,59.5,57.49,62.34,Medium,False
INC-001137,542020041221088+20250828135137+Fiji-Nadi-LTE-DL-D!20250828134837,2025-08-28 03:47:30+02:00,2025-08-28 03:47:31+02:00,ECI:1082176.0,140.0,1082176.0,-17.614542095,177.45497211,ca_underperformance,False,69.55,64.14,76.16,High,False
INC-001138,542020041221088+20250828135137+Fiji-Nadi-LTE-DL-D!20250828134837,2025-08-28 03:48:08+02:00,2025-08-28 03:48:08+02:00,ECI:1076544.0,182.0,1076544.0,-17.61402509,177.45477296,ca_underperformance,False,71.76,61.05,84.84,High,False
INC-001139,542020041221088+20250828135137+Fiji-Nadi-LTE-DL-D!20250828134837,2025-08-28 03:48:10+02:00,2025-08-28 03:48:11+02:00,ECI:1082163.0,140.0,1082163.0,-17.613938965,177.45464978500002,ca_underperformance,False,73.03,74.13,71.69,High,False
INC-001140,542020041221088+20250828135137+Fiji-Nadi-LTE-DL-D!20250828134837,2025-08-28 03:48:29+02:00,2025-08-28 03:48:33+02:00,ECI:1082166.0,140.0,1082166.0,-17.613058549999998,177.45357755,ca_underperformance,False,66.38,58.32,76.22,Medium,False
INC-001141,542020041221088+20250828135237+Fiji-Nadi-LTE-DL-D!20250828135054,2025-08-28 03:49:00+02:00,2025-08-28 03:49:00+02:00,ECI:3636033.0,232.0,3636033.0,-17.614282,177.4521009,temporal_local_drop,False,70.61,64.6,77.95,High,False
INC-001142,542020041221088+20250828135437+Fiji-Nadi-LTE-DL-D!20250828135310,2025-08-28 03:51:56+02:00,2025-08-28 03:51:58+02:00,ECI:1079110.0,168.0,1079110.0,-17.6192672,177.4502461,radio_limited_degradation,True,70.93,71.47,70.85,Medium,False
INC-001143,542020041221088+20250828135437+Fiji-Nadi-LTE-DL-D!20250828135310,2025-08-28 03:52:25+02:00,2025-08-28 03:52:25+02:00,ECI:1079093.0,168.0,1079093.0,-17.6176483,177.4482083,radio_limited_degradation,True,78.53,67.93,91.49,High,False
INC-001144,542020041221088+20250828135437+Fiji-Nadi-LTE-DL-D!20250828135310,2025-08-28 03:52:40+02:00,2025-08-28 03:52:44+02:00,ECI:3636033.0,232.0,3636033.0,-17.6166169,177.4468512,radio_limited_degradation,True,75.01,84.25,63.72,High,False
INC-001145,542020041221088+20250828135437+Fiji-Nadi-LTE-DL-D!20250828135310,2025-08-28 03:52:50+02:00,2025-08-28 03:52:54+02:00,ECI:3636033.0,232.0,3636033.0,-17.61586629,177.44575605,radio_limited_degradation,True,81.84,88.81,73.52,High,False
INC-001146,542020041221088+20250828135857+Fiji-Nadi-LTE-DL-D!20250828135526,2025-08-28 03:54:12+02:00,2025-08-28 03:54:13+02:00,ECI:1082166.0,140.0,1082166.0,-17.6112898,177.44982725,radio_condition_expected_underperformance,False,55.03,54.15,56.1,Medium,False
INC-001147,542020041221088+20250828135857+Fiji-Nadi-LTE-DL-D!20250828135526,2025-08-28 03:54:23+02:00,2025-08-28 03:54:23+02:00,ECI:1082166.0,140.0,1082166.0,-17.6109494,177.4504843,temporal_local_drop,False,79.8,63.39,99.86,High,False
INC-001148,542020041221088+20250828140057+Fiji-Nadi-LTE-DL-D!20250828135741,2025-08-28 03:55:43+02:00,2025-08-28 03:55:46+02:00,ECI:1076531.0,182.0,1076531.0,-17.6083807,177.4562637,radio_limited_degradation,True,79.04,98.57,55.17,High,False
INC-001149,542020041221088+20250828140057+Fiji-Nadi-LTE-DL-D!20250828135741,2025-08-28 03:55:48+02:00,2025-08-28 03:55:48+02:00,ECI:3636030.0,183.0,3636030.0,-17.6082833,177.4564955,radio_limited_degradation,True,82.53,99.87,61.34,High,False
INC-001150,542020041221088+20250828140057+Fiji-Nadi-LTE-DL-D!20250828135741,2025-08-28 03:55:52+02:00,2025-08-28 03:55:53+02:00,ECI:1076531.0,232.0,1076531.0,-17.60818119,177.456734435,radio_limited_degradation,True,83.17,97.76,65.34,High,False
INC-001151,542020041221088+20250828140057+Fiji-Nadi-LTE-DL-D!20250828135741,2025-08-28 03:55:55+02:00,2025-08-28 03:55:56+02:00,ECI:1076531.0,182.0,1076531.0,-17.60812849,177.45685807,ca_underperformance,True,75.01,82.21,79.94,High,False
INC-001152,542020041221088+20250828140057+Fiji-Nadi-LTE-DL-D!20250828135741,2025-08-28 03:56:03+02:00,2025-08-28 03:56:05+02:00,ECI:1076531.0,182.0,1076531.0,-17.607841020000002,177.45710748,radio_limited_degradation,True,82.0,98.34,62.04,High,False
INC-001153,542020041221088+20250828140057+Fiji-Nadi-LTE-DL-D!20250828135741,2025-08-28 03:56:23+02:00,2025-08-28 03:56:24+02:00,ECI:1076531.0,182.0,1076531.0,-17.60701201,177.45690165000002,radio_limited_degradation,True,74.12,90.27,57.45,High,False
INC-001154,542020041221088+20250828140057+Fiji-Nadi-LTE-DL-D!20250828135741,2025-08-28 03:56:35+02:00,2025-08-28 03:56:35+02:00,ECI:1082162.0,139.0,1082162.0,-17.60665763,177.45672239,radio_limited_degradation,True,87.02,99.08,72.29,High,False
INC-001155,542020041221088+20250828140057+Fiji-Nadi-LTE-DL-D!20250828135741,2025-08-28 03:56:40+02:00,2025-08-28 03:56:40+02:00,ECI:1082162.0,139.0,1082162.0,-17.6065953,177.45644177,ca_underperformance,False,70.55,70.61,70.48,High,False
INC-001156,542020041221088+20250828140057+Fiji-Nadi-LTE-DL-D!20250828135741,2025-08-28 03:57:09+02:00,2025-08-28 03:57:12+02:00,ECI:1082172.0,139.0,1082172.0,-17.607313745,177.45593536,ca_underperformance,True,67.2,72.7,68.17,Medium,False
INC-001157,542020041221088+20250828140057+Fiji-Nadi-LTE-DL-D!20250828135741,2025-08-28 03:57:17+02:00,2025-08-28 03:57:17+02:00,ECI:1076788.0,182.0,1076788.0,-17.6077227,177.4560371,radio_limited_degradation,True,74.7,82.26,65.45,High,False
INC-001158,542020041221088+20250828140057+Fiji-Nadi-LTE-DL-D!20250828135741,2025-08-28 03:57:20+02:00,2025-08-28 03:57:22+02:00,ECI:1082162.0,139.0,1082162.0,-17.607910599999997,177.456079575,radio_limited_degradation,True,85.3,99.48,67.98,High,False
INC-001159,542020041221088+20250828140057+Fiji-Nadi-LTE-DL-D!20250828135741,2025-08-28 03:57:33+02:00,2025-08-28 03:57:39+02:00,ECI:1076798.0,183.0,1076798.0,-17.60834565,177.45624065,radio_limited_degradation,True,80.48,98.39,58.6,High,False
INC-001160,542020041221088+20250828140157+Fiji-Nadi-LTE-DL-D!20250828135953,2025-08-28 03:57:57+02:00,2025-08-28 03:57:57+02:00,ECI:1076798.0,183.0,1076798.0,-17.6082602,177.45656405,radio_limited_degradation,True,66.3,80.22,49.28,High,False
INC-001161,542020041221088+20250828140157+Fiji-Nadi-LTE-DL-D!20250828135953,2025-08-28 03:58:00+02:00,2025-08-28 03:58:01+02:00,ECI:1076541.0,182.0,1076541.0,-17.608164055,177.45679124,radio_limited_degradation,True,85.03,88.21,81.74,High,False
INC-001162,542020041221088+20250828140157+Fiji-Nadi-LTE-DL-D!20250828135953,2025-08-28 03:58:42+02:00,2025-08-28 03:58:43+02:00,ECI:1080085.0,196.0,1080085.0,-17.607198965000002,177.45693850499998,radio_condition_expected_underperformance,False,63.5,61.69,67.11,Medium,False
INC-001163,542020041221088+20250828140157+Fiji-Nadi-LTE-DL-D!20250828135953,2025-08-28 03:58:50+02:00,2025-08-28 03:58:51+02:00,ECI:1080135.0,195.0,1080135.0,-17.606867285,177.45684766,rb_conditioned_expected_underperformance,False,55.24,53.92,56.86,Medium,False
INC-001164,542020041221088+20250828140337+Fiji-Nadi-LTE-DL-D!20250828140209,2025-08-28 04:00:10+02:00,2025-08-28 04:00:11+02:00,ECI:1076798.0,183.0,1076798.0,-17.6077216,177.454771,temporal_local_drop,False,70.31,61.98,80.5,High,False
INC-001165,542020041221088+20250828140337+Fiji-Nadi-LTE-DL-D!20250828140209,2025-08-28 04:00:43+02:00,2025-08-28 04:00:47+02:00,ECI:1076798.0,183.0,1076798.0,-17.60791969,177.45479224000002,radio_condition_expected_underperformance,False,52.7,49.92,56.1,Medium,False
INC-001166,542020041221088+20250828140337+Fiji-Nadi-LTE-DL-D!20250828140209,2025-08-28 04:00:49+02:00,2025-08-28 04:00:49+02:00,ECI:1082172.0,139.0,1082172.0,-17.607977,177.4547801,ca_underperformance,False,65.02,65.53,64.39,High,False
INC-001167,542020041221088+20250828140337+Fiji-Nadi-LTE-DL-D!20250828140209,2025-08-28 04:01:16+02:00,2025-08-28 04:01:19+02:00,ECI:1082162.0,139.0,1082162.0,-17.60791552,177.45269041,ca_underperformance,False,74.27,63.48,99.73,Medium,False
INC-001168,542020041221088+20250828140337+Fiji-Nadi-LTE-DL-D!20250828140209,2025-08-28 04:01:25+02:00,2025-08-28 04:01:25+02:00,ECI:1076801.0,183.0,1076801.0,-17.60778231,177.45197301,ca_underperformance,False,68.06,63.11,74.12,High,False
INC-001169,542020041221088+20250828140337+Fiji-Nadi-LTE-DL-D!20250828140209,2025-08-28 04:01:34+02:00,2025-08-28 04:01:34+02:00,ECI:1082176.0,183.0,1082176.0,-17.6077438,177.4511411,radio_limited_degradation,True,70.38,80.74,57.71,High,False
INC-001170,542020041221088+20250828140337+Fiji-Nadi-LTE-DL-D!20250828140209,2025-08-28 04:01:45+02:00,2025-08-28 04:01:47+02:00,ECI:1082132.0,139.0,1082132.0,-17.60786333,177.45074288,radio_limited_degradation,True,75.63,69.85,82.7,High,False
INC-001171,542020041221088+20250828140337+Fiji-Nadi-LTE-DL-D!20250828140209,2025-08-28 04:02:00+02:00,2025-08-28 04:02:01+02:00,ECI:1082142.0,139.0,1082142.0,-17.6078656,177.4507267,temporal_local_drop,False,81.23,73.34,90.87,High,False
INC-001172,542020041221088+20250828140457+Fiji-Nadi-LTE-DL-D!20250828140425,2025-08-28 04:02:40+02:00,2025-08-28 04:02:41+02:00,ECI:1082175.0,139.0,1082175.0,-17.606717435,177.450273225,radio_limited_degradation,True,73.74,69.42,79.03,High,False
INC-001173,542020041221088+20250828140457+Fiji-Nadi-LTE-DL-D!20250828140425,2025-08-28 04:02:58+02:00,2025-08-28 04:02:59+02:00,ECI:1082175.0,139.0,1082175.0,-17.605733299999997,177.449545485,ca_underperformance,True,86.91,81.94,92.98,High,False
INC-001174,542020041221088+20250828140457+Fiji-Nadi-LTE-DL-D!20250828140425,2025-08-28 04:03:11+02:00,2025-08-28 04:03:12+02:00,ECI:1082175.0,139.0,1082175.0,-17.6054747,177.44929517,temporal_local_drop,False,78.16,66.86,91.97,High,False
INC-001175,542020041221088+20250828140457+Fiji-Nadi-LTE-DL-D!20250828140425,2025-08-28 04:03:26+02:00,2025-08-28 04:03:27+02:00,ECI:1082175.0,139.0,1082175.0,-17.6053295,177.44922839999998,temporal_local_drop,False,78.78,67.51,92.55,High,False
INC-001176,542020041221088+20250828140457+Fiji-Nadi-LTE-DL-D!20250828140425,2025-08-28 04:03:40+02:00,2025-08-28 04:03:40+02:00,ECI:1082175.0,139.0,1082175.0,-17.6051533,177.4496948,temporal_local_drop,False,77.39,78.26,76.32,High,False
INC-001177,542020041221088+20250828140457+Fiji-Nadi-LTE-DL-D!20250828140425,2025-08-28 04:03:51+02:00,2025-08-28 04:03:52+02:00,ECI:1082175.0,139.0,1082175.0,-17.60526175,177.4503078,radio_limited_degradation,True,81.83,78.93,85.38,High,False
INC-001178,542020041221088+20250828140718+Fiji-Nadi-LTE-DL-D!20250828140641,2025-08-28 04:04:43+02:00,2025-08-28 04:04:43+02:00,ECI:1076788.0,183.0,1076788.0,-17.60557169,177.45215827,radio_limited_degradation,True,65.17,63.3,67.46,High,False
INC-001179,542020041221088+20250828140718+Fiji-Nadi-LTE-DL-D!20250828140641,2025-08-28 04:04:57+02:00,2025-08-28 04:04:58+02:00,ECI:1076788.0,183.0,1076788.0,-17.605620285,177.452458105,radio_limited_degradation,True,67.51,64.72,70.92,High,False
INC-001180,542020041221088+20250828140718+Fiji-Nadi-LTE-DL-D!20250828140641,2025-08-28 04:05:08+02:00,2025-08-28 04:05:09+02:00,ECI:1076788.0,183.0,1076788.0,-17.605702375,177.45295113,temporal_local_drop,False,76.5,74.97,78.37,High,False
INC-001181,542020041221088+20250828140718+Fiji-Nadi-LTE-DL-D!20250828140641,2025-08-28 04:05:40+02:00,2025-08-28 04:05:40+02:00,ECI:1082162.0,139.0,1082162.0,-17.606731,177.4546633,radio_limited_degradation,True,85.68,90.68,79.56,High,False
INC-001182,542020041221088+20250828140718+Fiji-Nadi-LTE-DL-D!20250828140641,2025-08-28 04:05:48+02:00,2025-08-28 04:05:49+02:00,ECI:1076798.0,183.0,1076798.0,-17.607470775000003,177.45474195999998,ca_underperformance,False,81.84,74.58,90.72,High,False
INC-001183,542020041221088+20250828140718+Fiji-Nadi-LTE-DL-D!20250828140641,2025-08-28 04:06:12+02:00,2025-08-28 04:06:13+02:00,ECI:1082172.0,139.0,1082172.0,-17.60796121,177.454784805,temporal_local_drop,False,68.49,62.29,84.99,High,False
INC-001184,542020041221088+20250828140718+Fiji-Nadi-LTE-DL-D!20250828140641,2025-08-28 04:06:36+02:00,2025-08-28 04:06:38+02:00,ECI:1082165.0,139.0,1082165.0,-17.6080198,177.453273,temporal_local_drop,False,70.71,64.81,79.81,High,False
INC-001185,542020041221088+20250828140938+Fiji-Nadi-LTE-DL-D!20250828140855,2025-08-28 04:06:57+02:00,2025-08-28 04:06:59+02:00,ECI:1082133.0,140.0,1082133.0,-17.60776918,177.4510676,ca_underperformance,False,61.15,54.95,68.73,Medium,False
INC-001186,542020041221088+20250828140938+Fiji-Nadi-LTE-DL-D!20250828140855,2025-08-28 04:07:05+02:00,2025-08-28 04:07:05+02:00,ECI:1082133.0,140.0,1082133.0,-17.60788926,177.45073109,ca_underperformance,False,65.16,57.79,74.17,High,False
INC-001187,542020041221088+20250828140938+Fiji-Nadi-LTE-DL-D!20250828140855,2025-08-28 04:07:38+02:00,2025-08-28 04:07:41+02:00,ECI:1082133.0,140.0,1082133.0,-17.6102464,177.4518192,radio_limited_degradation,True,66.94,61.06,74.97,Medium,False
INC-001188,542020041221088+20250828140938+Fiji-Nadi-LTE-DL-D!20250828140855,2025-08-28 04:07:59+02:00,2025-08-28 04:08:05+02:00,ECI:1082176.0,140.0,1082176.0,-17.6094371,177.4537795,ca_underperformance,True,70.67,72.38,81.48,High,False
INC-001189,542020041221088+20250828140938+Fiji-Nadi-LTE-DL-D!20250828140855,2025-08-28 04:08:28+02:00,2025-08-28 04:08:28+02:00,ECI:1076544.0,182.0,1076544.0,-17.60880059,177.45528019,ca_underperformance,False,65.88,63.55,68.73,High,False
INC-001190,542020041221088+20250828140938+Fiji-Nadi-LTE-DL-D!20250828140855,2025-08-28 04:08:36+02:00,2025-08-28 04:08:43+02:00,ECI:1076801.0,183.0,1076801.0,-17.60829215,177.45650263,ca_underperformance,True,63.04,79.78,69.26,Medium,False
INC-001191,542020041221088+20250828141158+Fiji-Nadi-LTE-DL-D!20250828141111,2025-08-28 04:09:24+02:00,2025-08-28 04:09:26+02:00,ECI:1080088.0,196.0,1080088.0,-17.61070758,177.4590972,ca_underperformance,True,70.62,78.48,63.07,Medium,False
INC-001192,542020041221088+20250828141158+Fiji-Nadi-LTE-DL-D!20250828141111,2025-08-28 04:09:30+02:00,2025-08-28 04:09:30+02:00,ECI:1080088.0,196.0,1080088.0,-17.61055428,177.4594616,radio_limited_degradation,True,69.31,85.06,50.07,High,False
INC-001193,542020041221088+20250828141158+Fiji-Nadi-LTE-DL-D!20250828141111,2025-08-28 04:09:32+02:00,2025-08-28 04:09:41+02:00,ECI:1076429.0,375.0,1076429.0,-17.610290210000002,177.46008390999998,radio_limited_degradation,True,84.24,99.38,77.08,High,False
INC-001194,542020041221088+20250828141158+Fiji-Nadi-LTE-DL-D!20250828141111,2025-08-28 04:09:50+02:00,2025-08-28 04:09:50+02:00,ECI:1076429.0,375.0,1076429.0,-17.60979371,177.46126933,radio_limited_degradation,True,73.85,79.65,66.77,High,False
INC-001195,542020041221088+20250828141158+Fiji-Nadi-LTE-DL-D!20250828141111,2025-08-28 04:09:56+02:00,2025-08-28 04:09:56+02:00,ECI:1076429.0,375.0,1076429.0,-17.60960381,177.46171472,radio_limited_degradation,True,65.2,69.46,59.99,High,False
INC-001196,542020041221088+20250828141158+Fiji-Nadi-LTE-DL-D!20250828141111,2025-08-28 04:10:22+02:00,2025-08-28 04:10:28+02:00,ECI:1076429.0,375.0,1076429.0,-17.60855152,177.4624192,radio_limited_degradation,True,73.12,92.17,49.84,High,False
INC-001197,542020041221088+20250828141158+Fiji-Nadi-LTE-DL-D!20250828141111,2025-08-28 04:10:37+02:00,2025-08-28 04:10:39+02:00,ECI:1076259.0,375.0,1076259.0,-17.6075424,177.4622648,radio_limited_degradation,True,61.86,82.1,37.13,Medium,False
INC-001198,542020041221088+20250828141358+Fiji-Nadi-LTE-DL-D!20250828141324,2025-08-28 04:11:50+02:00,2025-08-28 04:11:50+02:00,ECI:1076429.0,375.0,1076429.0,-17.61020296,177.46243857,radio_limited_degradation,True,75.02,93.74,52.15,High,False
INC-001199,542020041221088+20250828141358+Fiji-Nadi-LTE-DL-D!20250828141324,2025-08-28 04:11:57+02:00,2025-08-28 04:11:58+02:00,ECI:1076429.0,375.0,1076429.0,-17.61072914,177.462780945,radio_limited_degradation,True,58.72,73.62,40.5,Medium,False
INC-001200,542020041221088+20250828141358+Fiji-Nadi-LTE-DL-D!20250828141324,2025-08-28 04:12:15+02:00,2025-08-28 04:12:16+02:00,ECI:1076429.0,375.0,1076429.0,-17.61238984,177.463213375,radio_limited_degradation,True,69.01,81.36,60.47,High,False
INC-001201,542020041221088+20250828141358+Fiji-Nadi-LTE-DL-D!20250828141324,2025-08-28 04:12:19+02:00,2025-08-28 04:12:19+02:00,ECI:3638984.0,250.0,3638984.0,-17.61279514,177.46327916,radio_limited_degradation,True,87.61,97.03,76.09,High,False
INC-001202,542020041221088+20250828141358+Fiji-Nadi-LTE-DL-D!20250828141324,2025-08-28 04:12:21+02:00,2025-08-28 04:12:21+02:00,ECI:1076429.0,250.0,1076429.0,-17.61304669,177.46329225,radio_limited_degradation,True,78.79,86.42,69.46,High,False
INC-001203,542020041221088+20250828141358+Fiji-Nadi-LTE-DL-D!20250828141324,2025-08-28 04:12:33+02:00,2025-08-28 04:12:34+02:00,ECI:1076279.0,179.0,1076279.0,-17.61425903,177.46311688,ca_underperformance,True,71.0,88.13,70.55,High,False
INC-001204,542020041221088+20250828141358+Fiji-Nadi-LTE-DL-D!20250828141324,2025-08-28 04:12:47+02:00,2025-08-28 04:12:47+02:00,ECI:1076279.0,179.0,1076279.0,-17.61455896,177.46295876,ca_underperformance,False,66.34,60.76,73.15,High,False
INC-001205,542020041221088+20250828141358+Fiji-Nadi-LTE-DL-D!20250828141324,2025-08-28 04:12:57+02:00,2025-08-28 04:12:59+02:00,ECI:1076279.0,179.0,1076279.0,-17.6141664,177.4618776,radio_limited_degradation,True,75.98,65.96,88.23,High,False
INC-001206,542020041221088+20250828141358+Fiji-Nadi-LTE-DL-D!20250828141324,2025-08-28 04:13:03+02:00,2025-08-28 04:13:04+02:00,ECI:1080631.0,353.0,1080631.0,-17.61389075,177.46121345,rb_conditioned_expected_underperformance,False,55.93,52.84,59.7,Medium,False
INC-001207,542020041221088+20250828141358+Fiji-Nadi-LTE-DL-D!20250828141324,2025-08-28 04:13:14+02:00,2025-08-28 04:13:14+02:00,ECI:1076279.0,179.0,1076279.0,-17.6137678,177.4602347,ca_underperformance,False,65.42,67.17,63.27,High,False
INC-001208,542020041221088+20250828141358+Fiji-Nadi-LTE-DL-D!20250828141324,2025-08-28 04:13:25+02:00,2025-08-28 04:13:25+02:00,ECI:1076279.0,179.0,1076279.0,-17.6138031,177.46012049,radio_limited_degradation,True,67.65,83.96,47.72,High,False
INC-001209,542020041221088+20250828141618+Fiji-Nadi-LTE-DL-D!20250828141538,2025-08-28 04:13:37+02:00,2025-08-28 04:13:38+02:00,ECI:1076279.0,179.0,1076279.0,-17.613014980000003,177.459711025,ca_underperformance,False,81.29,69.13,96.16,High,False
INC-001210,542020041221088+20250828141618+Fiji-Nadi-LTE-DL-D!20250828141538,2025-08-28 04:14:01+02:00,2025-08-28 04:14:02+02:00,ECI:1082166.0,140.0,1082166.0,-17.611131565,177.45870201999998,ca_underperformance,True,59.94,57.81,62.55,Medium,False
INC-001211,542020041221088+20250828141618+Fiji-Nadi-LTE-DL-D!20250828141538,2025-08-28 04:14:04+02:00,2025-08-28 04:14:05+02:00,ECI:1082163.0,140.0,1082163.0,-17.611288045000002,177.45837740000002,ca_underperformance,False,78.29,75.7,81.46,High,False
INC-001212,542020041221088+20250828141618+Fiji-Nadi-LTE-DL-D!20250828141538,2025-08-28 04:14:08+02:00,2025-08-28 04:14:09+02:00,ECI:1082133.0,140.0,1082133.0,-17.611531505000002,177.45802528,ca_underperformance,False,74.54,69.06,81.24,High,False
INC-001213,542020041221088+20250828141618+Fiji-Nadi-LTE-DL-D!20250828141538,2025-08-28 04:15:15+02:00,2025-08-28 04:15:15+02:00,ECI:3635971.0,233.0,3635971.0,-17.6173036,177.4560876,radio_limited_degradation,True,70.73,58.87,85.22,High,False
INC-001214,542020041221088+20250828141838+Fiji-Nadi-LTE-DL-D!20250828141754,2025-08-28 04:16:02+02:00,2025-08-28 04:16:02+02:00,EARFCN:1850.0|PCI:230.0,230.0,,-17.6158366,177.4576468,ca_underperformance,False,93.43,88.05,100.0,Critical,False
INC-001215,542020041221088+20250828141838+Fiji-Nadi-LTE-DL-D!20250828141754,2025-08-28 04:17:07+02:00,2025-08-28 04:17:10+02:00,ECI:1082173.0,140.0,1082173.0,-17.61151316,177.45799201,ca_underperformance,False,76.43,70.62,83.54,High,False
INC-001216,542020041221088+20250828141838+Fiji-Nadi-LTE-DL-D!20250828141754,2025-08-28 04:17:13+02:00,2025-08-28 04:17:14+02:00,ECI:1076541.0,140.0,1076541.0,-17.611200349999997,177.45844332500002,ca_underperformance,False,79.17,75.59,83.54,High,False
INC-001217,542020041221088+20250828141838+Fiji-Nadi-LTE-DL-D!20250828141754,2025-08-28 04:17:19+02:00,2025-08-28 04:17:19+02:00,ECI:1080085.0,196.0,1080085.0,-17.6110131,177.4587836,radio_limited_degradation,True,66.74,83.66,46.05,High,False
INC-001218,542020041221088+20250828141838+Fiji-Nadi-LTE-DL-D!20250828141754,2025-08-28 04:17:21+02:00,2025-08-28 04:17:22+02:00,ECI:1076286.0,179.0,1076286.0,-17.610944699999997,177.45881503,radio_limited_degradation,True,56.21,74.77,44.99,Medium,False
INC-001219,542020041221088+20250828141838+Fiji-Nadi-LTE-DL-D!20250828141754,2025-08-28 04:17:25+02:00,2025-08-28 04:17:27+02:00,ECI:1076426.0,375.0,1076426.0,-17.61078999,177.45892000999999,radio_limited_degradation,True,76.37,89.76,71.18,High,False
INC-001220,542020041221088+20250828141838+Fiji-Nadi-LTE-DL-D!20250828141754,2025-08-28 04:17:35+02:00,2025-08-28 04:17:36+02:00,ECI:1076426.0,196.0,1076426.0,-17.610504560000003,177.459568415,radio_limited_degradation,True,83.13,99.83,62.95,High,False
INC-001221,542020041221088+20250828141838+Fiji-Nadi-LTE-DL-D!20250828141754,2025-08-28 04:17:42+02:00,2025-08-28 04:17:45+02:00,ECI:1076426.0,375.0,1076426.0,-17.610199084999998,177.46029529999998,radio_limited_degradation,True,82.34,97.53,67.82,High,False
INC-001222,542020041221088+20250828142038+Fiji-Nadi-LTE-DL-D!20250828142010,2025-08-28 04:18:15+02:00,2025-08-28 04:18:15+02:00,ECI:1076426.0,375.0,1076426.0,-17.6085041,177.4612125,radio_limited_degradation,True,71.05,81.27,58.55,High,False
INC-001223,542020041221088+20250828142038+Fiji-Nadi-LTE-DL-D!20250828142010,2025-08-28 04:18:23+02:00,2025-08-28 04:18:23+02:00,ECI:1076426.0,375.0,1076426.0,-17.6077933,177.4607221,radio_limited_degradation,True,72.31,81.32,61.3,High,False
INC-001224,542020041221088+20250828142038+Fiji-Nadi-LTE-DL-D!20250828142010,2025-08-28 04:18:25+02:00,2025-08-28 04:18:25+02:00,ECI:1080085.0,196.0,1080085.0,-17.6076422,177.4606142,ca_underperformance,False,82.77,85.09,79.94,High,False
INC-001225,542020041221088+20250828142038+Fiji-Nadi-LTE-DL-D!20250828142010,2025-08-28 04:18:27+02:00,2025-08-28 04:18:27+02:00,ECI:1080085.0,196.0,1080085.0,-17.6075034,177.4605181,radio_limited_degradation,True,72.1,81.62,60.47,High,False
INC-001226,542020041221088+20250828142258+Fiji-Nadi-LTE-DL-D!20250828142226,2025-08-28 04:20:26+02:00,2025-08-28 04:20:26+02:00,EARFCN:500.0|PCI:197.0,197.0,,-17.6059858,177.4558251,temporal_local_drop,False,76.64,64.96,90.92,High,False
INC-001227,542020041221088+20250828142258+Fiji-Nadi-LTE-DL-D!20250828142226,2025-08-28 04:21:35+02:00,2025-08-28 04:21:36+02:00,ECI:1076791.0,139.0,1076791.0,-17.605578735,177.453717465,radio_limited_degradation,True,57.04,52.18,62.98,Medium,False
INC-001228,542020041221088+20250828142258+Fiji-Nadi-LTE-DL-D!20250828142226,2025-08-28 04:22:01+02:00,2025-08-28 04:22:01+02:00,ECI:1076791.0,183.0,1076791.0,-17.6050282,177.4535265,temporal_local_drop,False,68.53,65.0,72.84,High,False
INC-001229,542020041221088+20250828142518+Fiji-Nadi-LTE-DL-D!20250828142442,2025-08-28 04:22:53+02:00,2025-08-28 04:22:53+02:00,ECI:1076791.0,183.0,1076791.0,-17.6049491,177.4535421,radio_limited_degradation,True,72.97,73.15,72.74,High,False
INC-001230,542020041221088+20250828142739+Fiji-Nadi-LTE-DL-D!20250828142656,2025-08-28 04:26:03+02:00,2025-08-28 04:26:03+02:00,ECI:1082162.0,139.0,1082162.0,-17.6052478,177.4515033,ca_underperformance,False,80.45,76.43,85.36,High,False
INC-001231,542020041221088+20250828142959+Fiji-Nadi-LTE-DL-D!20250828142912,2025-08-28 04:28:09+02:00,2025-08-28 04:28:10+02:00,ECI:1082167.0,141.0,1082167.0,-17.60427335,177.444948965,temporal_local_drop,False,64.87,60.41,70.33,Medium,False
INC-001232,542020041221088+20250828143139+Fiji-Nadi-LTE-DL-D!20250828143127,2025-08-28 04:29:42+02:00,2025-08-28 04:29:43+02:00,ECI:1079612.0,180.0,1079612.0,-17.607579819999998,177.44012067,ca_underperformance,False,61.85,55.94,69.07,Medium,False
INC-001233,542020041221088+20250828143139+Fiji-Nadi-LTE-DL-D!20250828143127,2025-08-28 04:29:54+02:00,2025-08-28 04:29:54+02:00,ECI:1079103.0,168.0,1079103.0,-17.60870176,177.44019792,radio_limited_degradation,True,70.85,65.4,77.51,High,False
INC-001234,542020041221088+20250828143139+Fiji-Nadi-LTE-DL-D!20250828143127,2025-08-28 04:30:17+02:00,2025-08-28 04:30:17+02:00,ECI:1079243.0,383.0,1079243.0,-17.6101387,177.4405278,radio_limited_degradation,True,66.67,82.97,46.75,High,False
INC-001235,542020041221088+20250828143139+Fiji-Nadi-LTE-DL-D!20250828143127,2025-08-28 04:30:27+02:00,2025-08-28 04:30:43+02:00,ECI:1079243.0,383.0,1079243.0,-17.6107375,177.4413966,radio_limited_degradation,True,66.94,83.74,49.8,Medium,False
INC-001236,542020041221088+20250828143419+Fiji-Nadi-LTE-DL-D!20250828143343,2025-08-28 04:31:43+02:00,2025-08-28 04:31:43+02:00,ECI:1081921.0,394.0,1081921.0,-17.61646686,177.441275,temporal_local_drop,False,69.9,56.14,86.72,High,False
INC-001237,542020041221088+20250828143419+Fiji-Nadi-LTE-DL-D!20250828143343,2025-08-28 04:32:06+02:00,2025-08-28 04:32:15+02:00,ECI:1079182.0,385.0,1079182.0,-17.61779338,177.44364976,ca_underperformance,True,67.95,68.79,70.76,Medium,False
INC-001238,542020041221088+20250828143419+Fiji-Nadi-LTE-DL-D!20250828143343,2025-08-28 04:32:44+02:00,2025-08-28 04:32:46+02:00,ECI:1081920.0,169.0,1081920.0,-17.6176649,177.44530665,radio_limited_degradation,True,66.84,66.05,69.22,Medium,False
INC-001239,542020041221088+20250828143419+Fiji-Nadi-LTE-DL-D!20250828143343,2025-08-28 04:32:50+02:00,2025-08-28 04:32:51+02:00,ECI:1079083.0,383.0,1079083.0,-17.617914544999998,177.4457545,radio_limited_degradation,True,57.25,52.91,64.14,Medium,False
INC-001240,542020041221088+20250828143419+Fiji-Nadi-LTE-DL-D!20250828143343,2025-08-28 04:33:00+02:00,2025-08-28 04:33:01+02:00,ECI:1079083.0,383.0,1079083.0,-17.61852485,177.44687145,ca_underperformance,True,78.65,75.1,82.98,High,False
INC-001241,542020041221088+20250828143419+Fiji-Nadi-LTE-DL-D!20250828143343,2025-08-28 04:33:06+02:00,2025-08-28 04:33:08+02:00,ECI:1079103.0,168.0,1079103.0,-17.61885485,177.44737034,ca_underperformance,True,70.16,76.14,72.9,Medium,False
INC-001242,542020041221088+20250828143419+Fiji-Nadi-LTE-DL-D!20250828143343,2025-08-28 04:33:14+02:00,2025-08-28 04:33:14+02:00,ECI:1079103.0,168.0,1079103.0,-17.61941507,177.44782565,ca_underperformance,False,68.96,70.8,66.72,High,False
INC-001243,542020041221088+20250828143419+Fiji-Nadi-LTE-DL-D!20250828143343,2025-08-28 04:33:25+02:00,2025-08-28 04:33:26+02:00,ECI:1079083.0,168.0,1079083.0,-17.620551915,177.44815107,ca_underperformance,False,74.51,69.0,81.24,High,False
INC-001244,542020041221088+20250828143419+Fiji-Nadi-LTE-DL-D!20250828143343,2025-08-28 04:33:30+02:00,2025-08-28 04:33:30+02:00,ECI:3636030.0,232.0,3636030.0,-17.6208789,177.44822358,ca_underperformance,False,77.94,79.88,75.58,High,False
INC-001245,542020041221088+20250828143639+Fiji-Nadi-LTE-DL-D!20250828143559,2025-08-28 04:33:59+02:00,2025-08-28 04:34:03+02:00,ECI:1079182.0,385.0,1079182.0,-17.62284077,177.44611808,ca_underperformance,True,72.93,70.42,76.0,Medium,False
INC-001246,542020041221088+20250828143639+Fiji-Nadi-LTE-DL-D!20250828143559,2025-08-28 04:34:17+02:00,2025-08-28 04:34:18+02:00,ECI:1079182.0,385.0,1079182.0,-17.62285887,177.44475090999998,ca_underperformance,True,71.31,73.79,68.27,High,False
INC-001247,542020041221088+20250828143639+Fiji-Nadi-LTE-DL-D!20250828143559,2025-08-28 04:34:34+02:00,2025-08-28 04:34:34+02:00,ECI:1077812.0,385.0,1077812.0,-17.62258385,177.4440896,radio_limited_degradation,True,77.87,88.13,65.32,High,False
INC-001248,542020041221088+20250828143639+Fiji-Nadi-LTE-DL-D!20250828143559,2025-08-28 04:34:38+02:00,2025-08-28 04:34:39+02:00,ECI:1079182.0,385.0,1079182.0,-17.622149495000002,177.44399706500002,radio_limited_degradation,True,83.9,85.66,81.74,High,False
INC-001249,542020041221088+20250828143639+Fiji-Nadi-LTE-DL-D!20250828143559,2025-08-28 04:34:48+02:00,2025-08-28 04:34:51+02:00,ECI:1079095.0,232.0,1079095.0,-17.621042715,177.44387279,radio_limited_degradation,True,77.53,89.7,62.84,High,False
INC-001250,542020041221088+20250828143639+Fiji-Nadi-LTE-DL-D!20250828143559,2025-08-28 04:35:00+02:00,2025-08-28 04:35:00+02:00,ECI:3636033.0,232.0,3636033.0,-17.6198973,177.4438075,ca_underperformance,False,73.98,80.1,66.51,High,False
INC-001251,542020041221088+20250828143859+Fiji-Nadi-LTE-DL-D!20250828143815,2025-08-28 04:36:39+02:00,2025-08-28 04:36:39+02:00,ECI:3636033.0,232.0,3636033.0,-17.61911502,177.44102975,ca_underperformance,False,68.39,61.7,76.57,High,False
INC-001252,542020041221088+20250828144059+Fiji-Nadi-LTE-DL-D!20250828144029,2025-08-28 04:40:07+02:00,2025-08-28 04:40:08+02:00,ECI:1079614.0,346.0,1079614.0,-17.62787969,177.43277832,ca_underperformance,False,68.47,57.42,91.71,High,False
INC-001253,542020041221088+20250828144059+Fiji-Nadi-LTE-DL-D!20250828144029,2025-08-28 04:40:16+02:00,2025-08-28 04:40:16+02:00,ECI:1081660.0,354.0,1081660.0,-17.6277231,177.4327816,ca_underperformance,False,68.23,66.29,70.61,High,False
INC-001254,542020041221088+20250828144319+Fiji-Nadi-LTE-DL-D!20250828144243,2025-08-28 04:40:42+02:00,2025-08-28 04:40:43+02:00,ECI:1079624.0,346.0,1079624.0,-17.62746415,177.43293295,ca_underperformance,False,73.66,71.89,75.82,High,False
INC-001255,542020041221088+20250828144319+Fiji-Nadi-LTE-DL-D!20250828144243,2025-08-28 04:42:21+02:00,2025-08-28 04:42:21+02:00,ECI:1081652.0,356.0,1081652.0,-17.6336111,177.4293246,ca_underperformance,False,79.22,75.72,83.49,High,False
INC-001256,542020041221088+20250828144319+Fiji-Nadi-LTE-DL-D!20250828144243,2025-08-28 04:42:24+02:00,2025-08-28 04:42:25+02:00,ECI:1075764.0,160.0,1075764.0,-17.63383065,177.42916125,ca_underperformance,False,64.0,60.8,67.92,Medium,False
INC-001257,542020041221088+20250828144319+Fiji-Nadi-LTE-DL-D!20250828144243,2025-08-28 04:42:29+02:00,2025-08-28 04:42:29+02:00,ECI:1081652.0,356.0,1081652.0,-17.6341994,177.4288984,rb_conditioned_expected_underperformance,False,77.53,69.8,86.98,High,False
INC-001258,542020041221088+20250828144319+Fiji-Nadi-LTE-DL-D!20250828144243,2025-08-28 04:42:42+02:00,2025-08-28 04:42:42+02:00,ECI:1081632.0,356.0,1081632.0,-17.6355654,177.4281909,ca_underperformance,False,74.16,73.79,74.61,High,False
INC-001259,542020041221088+20250828144339+Fiji-Nadi-LTE-DL-D!20250828144308,2025-08-28 04:42:54+02:00,2025-08-28 04:43:02+02:00,ECI:1081632.0,356.0,1081632.0,-17.6365434,177.4273345,ca_underperformance,True,94.36,91.14,98.29,Medium,False
INC-001260,542020041221088+20250828153519+Fiji-Nadi-LTE-DL-D!20250828151816,2025-08-28 05:16:21+02:00,2025-08-28 05:16:25+02:00,ECI:1081376.0,455.0,1081376.0,-17.6737287,177.4085893,radio_limited_degradation,True,84.33,90.99,76.18,High,False
INC-001261,542020041221088+20250828153519+Fiji-Nadi-LTE-DL-D!20250828151816,2025-08-28 05:17:41+02:00,2025-08-28 05:17:43+02:00,ECI:1081376.0,455.0,1081376.0,-17.6737285,177.4085894,radio_limited_degradation,True,87.3,90.99,82.8,High,False
INC-001262,542020041221088+20250828153519+Fiji-Nadi-LTE-DL-D!20250828151816,2025-08-28 05:17:50+02:00,2025-08-28 05:17:50+02:00,ECI:1081376.0,455.0,1081376.0,-17.6737284,177.4085895,ca_underperformance,False,91.14,88.81,93.98,Critical,False
INC-001263,542020041221088+20250828153602+Fiji-Nadi-LTE-DL-D!20250828152027,2025-08-28 05:18:33+02:00,2025-08-28 05:18:33+02:00,ECI:1081375.0,455.0,1081375.0,-17.6776489,177.4088241,radio_limited_degradation,True,74.35,66.09,84.44,High,False
INC-001264,542020041221088+20250828153702+Fiji-Nadi-LTE-DL-D!20250828152243,2025-08-28 05:20:49+02:00,2025-08-28 05:20:49+02:00,ECI:1079367.0,454.0,1079367.0,-17.6783874,177.3979169,ca_underperformance,False,80.59,81.13,79.94,High,False
INC-001265,542020041221088+20250828153702+Fiji-Nadi-LTE-DL-D!20250828152243,2025-08-28 05:20:55+02:00,2025-08-28 05:20:58+02:00,ECI:1079367.0,318.0,1079367.0,-17.67871195,177.3972431,radio_limited_degradation,True,52.85,69.68,32.29,Medium,False
INC-001266,542020041221088+20250828153702+Fiji-Nadi-LTE-DL-D!20250828152243,2025-08-28 05:22:27+02:00,2025-08-28 05:22:28+02:00,ECI:1079368.0,319.0,1079368.0,-17.681711649999997,177.38882795,radio_limited_degradation,True,69.36,69.77,79.1,High,False
INC-001267,542020041221088+20250828153842+Fiji-Nadi-LTE-DL-D!20250828152712,2025-08-28 05:26:26+02:00,2025-08-28 05:26:28+02:00,ECI:1079367.0,318.0,1079367.0,-17.678618,177.3973346,radio_limited_degradation,True,75.65,89.35,58.95,High,False
INC-001268,542020041221088+20250828153842+Fiji-Nadi-LTE-DL-D!20250828152712,2025-08-28 05:26:34+02:00,2025-08-28 05:26:37+02:00,ECI:1079316.0,320.0,1079316.0,-17.67806445,177.3984683,radio_limited_degradation,True,70.02,80.82,69.81,High,False
INC-001269,542020041221088+20250828153842+Fiji-Nadi-LTE-DL-D!20250828152712,2025-08-28 05:26:39+02:00,2025-08-28 05:26:44+02:00,ECI:1081375.0,454.0,1081375.0,-17.67765005,177.3991287,ca_underperformance,True,84.09,88.23,86.23,Medium,False
INC-001270,542020041221088+20250828153922+Fiji-Nadi-LTE-DL-D!20250828152928,2025-08-28 05:27:32+02:00,2025-08-28 05:27:37+02:00,ECI:1081375.0,454.0,1081375.0,-17.6764233,177.40572945000002,radio_limited_degradation,True,87.25,90.89,83.43,High,False
INC-001271,542020041221088+20250828153922+Fiji-Nadi-LTE-DL-D!20250828152928,2025-08-28 05:27:40+02:00,2025-08-28 05:27:44+02:00,ECI:1081375.0,454.0,1081375.0,-17.6767834,177.4068672,radio_limited_degradation,True,82.23,89.09,74.35,High,False
INC-001272,542020041221088+20250828153922+Fiji-Nadi-LTE-DL-D!20250828152928,2025-08-28 05:28:25+02:00,2025-08-28 05:28:25+02:00,ECI:1081375.0,454.0,1081375.0,-17.6783773,177.408984,ca_underperformance,False,90.69,83.08,100.0,Critical,False
INC-001273,542020041221088+20250828153922+Fiji-Nadi-LTE-DL-D!20250828152928,2025-08-28 05:28:35+02:00,2025-08-28 05:28:35+02:00,ECI:1081375.0,454.0,1081375.0,-17.6794135,177.4090542,temporal_local_drop,False,64.99,52.78,79.92,Medium,False
INC-001274,542020041221088+20250828153922+Fiji-Nadi-LTE-DL-D!20250828152928,2025-08-28 05:28:46+02:00,2025-08-28 05:28:47+02:00,ECI:1081415.0,360.0,1081415.0,-17.680859849999997,177.40880285,ca_underperformance,True,83.91,76.66,92.78,High,False
INC-001275,542020041221088+20250828154002+Fiji-Nadi-LTE-DL-D!20250828153143,2025-08-28 05:30:04+02:00,2025-08-28 05:30:05+02:00,ECI:1081374.0,157.0,1081374.0,-17.6874044,177.4105948,radio_limited_degradation,True,68.82,67.38,71.43,High,False
INC-001276,542020041221088+20250828154002+Fiji-Nadi-LTE-DL-D!20250828153143,2025-08-28 05:30:13+02:00,2025-08-28 05:30:13+02:00,ECI:1081414.0,453.0,1081414.0,-17.6877815,177.4108275,temporal_local_drop,False,65.04,52.86,79.93,High,False
INC-001277,542020041221088+20250828154002+Fiji-Nadi-LTE-DL-D!20250828153143,2025-08-28 05:30:40+02:00,2025-08-28 05:30:43+02:00,ECI:1066822.0,157.0,1066822.0,-17.6898726,177.4117092,radio_limited_degradation,True,72.49,86.71,67.57,High,False
INC-001278,542020041221088+20250828154002+Fiji-Nadi-LTE-DL-D!20250828153143,2025-08-28 05:30:45+02:00,2025-08-28 05:30:49+02:00,ECI:1067080.0,488.0,1067080.0,-17.6902102,177.4121727,radio_limited_degradation,True,76.57,90.99,58.96,High,False
INC-001279,542020041221088+20250828154002+Fiji-Nadi-LTE-DL-D!20250828153143,2025-08-28 05:31:08+02:00,2025-08-28 05:31:08+02:00,ECI:1066812.0,157.0,1066812.0,-17.6915495,177.4140105,radio_limited_degradation,True,66.1,65.3,67.07,High,False
INC-001280,542020041221088+20250828154002+Fiji-Nadi-LTE-DL-D!20250828153143,2025-08-28 05:31:24+02:00,2025-08-28 05:31:25+02:00,ECI:1066302.0,157.0,1066302.0,-17.6927823,177.41565500000002,radio_limited_degradation,True,63.52,61.21,66.35,Medium,False
INC-001281,542020041221088+20250828154042+Fiji-Nadi-LTE-DL-D!20250828153246,2025-08-28 05:31:56+02:00,2025-08-28 05:31:57+02:00,ECI:1081374.0,453.0,1081374.0,-17.69098615,177.4187564,radio_limited_degradation,True,84.37,97.98,67.74,High,False
INC-001282,542020041221088+20250828154042+Fiji-Nadi-LTE-DL-D!20250828153246,2025-08-28 05:32:11+02:00,2025-08-28 05:32:12+02:00,ECI:1066312.0,488.0,1066312.0,-17.6909973,177.4195209,temporal_local_drop,False,56.55,63.16,51.4,Medium,False
INC-001283,542020041221088+20250828154042+Fiji-Nadi-LTE-DL-D!20250828153246,2025-08-28 05:32:32+02:00,2025-08-28 05:32:35+02:00,ECI:1066312.0,488.0,1066312.0,-17.6918341,177.4214057,radio_limited_degradation,True,82.32,98.51,62.9,High,False
INC-001284,542020041221088+20250829102513+Nawaka-LTE-DL!20250829102435,2025-08-29 00:22:34+02:00,2025-08-29 00:22:36+02:00,EARFCN:500.0|PCI:469.0,469.0,1064982.0,-17.8128907,177.443263,radio_limited_degradation,True,81.7,99.99,59.34,High,False
INC-001285,542020041221088+20250829102513+Nawaka-LTE-DL!20250829102435,2025-08-29 00:23:24+02:00,2025-08-29 00:23:24+02:00,ECI:1064992.0,469.0,1064992.0,-17.8128907,177.4432632,radio_limited_degradation,True,73.65,78.78,67.38,High,False
INC-001286,542020041221088+20250829102513+Nawaka-LTE-DL!20250829102435,2025-08-29 00:23:36+02:00,2025-08-29 00:23:36+02:00,ECI:1065032.0,469.0,1065032.0,-17.8128907,177.4432632,radio_limited_degradation,True,67.81,85.04,46.75,High,False
INC-001287,542020041221088+20250829102513+Nawaka-LTE-DL!20250829102435,2025-08-29 00:23:45+02:00,2025-08-29 00:23:54+02:00,ECI:1065032.0,469.0,1065032.0,-17.8128907,177.4432633,radio_limited_degradation,True,73.45,87.85,55.84,Medium,False
INC-001288,542020041221088+20250829102513+Nawaka-LTE-DL!20250829102435,2025-08-29 00:24:01+02:00,2025-08-29 00:24:01+02:00,ECI:1065032.0,469.0,1065032.0,-17.8128905,177.4432634,radio_limited_degradation,True,72.3,94.01,45.77,High,False
INC-001289,542020041221088+20250829102513+Nawaka-LTE-DL!20250829102435,2025-08-29 00:24:05+02:00,2025-08-29 00:24:07+02:00,ECI:1064758.0,148.0,1064758.0,-17.8128905,177.4432635,radio_limited_degradation,True,65.72,80.07,50.41,Medium,False
INC-001290,542020041221088+20250829102513+Nawaka-LTE-DL!20250829102435,2025-08-29 00:24:24+02:00,2025-08-29 00:24:26+02:00,ECI:1064992.0,469.0,1064992.0,-17.8128906,177.4432636,radio_limited_degradation,True,73.67,92.34,50.84,Medium,False
INC-001291,542020041221088+20250829102713+Nawaka-LTE-DL!20250829102643,2025-08-29 00:24:54+02:00,2025-08-29 00:24:59+02:00,ECI:1064992.0,469.0,1064992.0,-17.8128906,177.4432636,radio_limited_degradation,True,80.42,90.92,68.58,High,False
INC-001292,542020041221088+20250829102713+Nawaka-LTE-DL!20250829102643,2025-08-29 00:25:12+02:00,2025-08-29 00:25:12+02:00,ECI:1064992.0,469.0,1064992.0,-17.8128906,177.4432636,radio_limited_degradation,True,65.09,66.36,63.53,High,False
INC-001293,542020041221088+20250829102713+Nawaka-LTE-DL!20250829102643,2025-08-29 00:25:38+02:00,2025-08-29 00:25:38+02:00,ECI:1064992.0,469.0,1064992.0,-17.8128906,177.4432637,radio_limited_degradation,True,65.02,63.29,67.14,High,False
INC-001294,542020041221088+20250829102934+Nawaka-LTE-DL!20250829102857,2025-08-29 00:27:38+02:00,2025-08-29 00:27:39+02:00,ECI:1064992.0,469.0,1064992.0,-17.8128906,177.443264,radio_limited_degradation,True,80.42,89.93,68.8,High,False
INC-001295,542020041221088+20250829102934+Nawaka-LTE-DL!20250829102857,2025-08-29 00:27:59+02:00,2025-08-29 00:27:59+02:00,ECI:1064992.0,469.0,1064992.0,-17.8128906,177.4432641,ca_underperformance,False,70.15,55.19,88.44,High,False
INC-001296,542020041221088+20250829102934+Nawaka-LTE-DL!20250829102857,2025-08-29 00:28:16+02:00,2025-08-29 00:28:16+02:00,ECI:1064992.0,469.0,1064992.0,-17.8128905,177.4432642,radio_limited_degradation,True,65.7,57.49,75.73,High,False
INC-001297,542020041221088+20250829102934+Nawaka-LTE-DL!20250829102857,2025-08-29 00:28:30+02:00,2025-08-29 00:28:35+02:00,ECI:1064992.0,469.0,1064992.0,-17.8128905,177.4432643,ca_underperformance,True,77.46,89.12,63.2,High,False
INC-001298,542020041221088+20250829102934+Nawaka-LTE-DL!20250829102857,2025-08-29 00:28:44+02:00,2025-08-29 00:28:46+02:00,ECI:1064992.0,469.0,1064992.0,-17.8128905,177.4432643,ca_underperformance,True,71.23,82.27,71.5,High,False
INC-001299,542020041221088+20250829103154+Nawaka-LTE-DL!20250829103112,2025-08-29 00:30:57+02:00,2025-08-29 00:30:57+02:00,ECI:1064992.0,469.0,1064992.0,-17.8128906,177.4432646,radio_limited_degradation,True,68.49,68.49,68.49,High,False
INC-001300,542020041221088+20250829103614+Nawaka-LTE-DL!20250829103543,2025-08-29 00:34:59+02:00,2025-08-29 00:34:59+02:00,ECI:1065015.0,469.0,1065015.0,-17.8128904,177.4432648,radio_limited_degradation,True,72.22,68.67,76.57,High,False
INC-001301,542020041221088+20250829103754+Nawaka-LTE-DL!20250829103644,2025-08-29 00:36:13+02:00,2025-08-29 00:36:13+02:00,ECI:1064982.0,469.0,1064982.0,-17.8128905,177.4432648,radio_limited_degradation,True,64.47,79.64,45.93,Medium,False
INC-001302,542020041221088+20250829103754+Nawaka-LTE-DL!20250829103644,2025-08-29 00:36:23+02:00,2025-08-29 00:36:23+02:00,ECI:1064982.0,469.0,1064982.0,-17.8128905,177.4432647,radio_limited_degradation,True,64.34,82.82,41.76,Medium,False
