site_sector_ID,siteID,sectors_count,sectorID,Requires_Planning,Azimuth,Latitude,Longitude,Freq Band,Cell Radius,RSI,PCI,Mod4,Unnamed: 15,PCI_numeric,Mod4_numeric,Expected_Mod4,Mod4_Matches
ALX2014-1,ALX2014,4,91,False,0,30.857845,28.883688,N41,7000,410.0,439.0,3.0,,439.0,3.0,3.0,True
ALX2014-2,ALX2014,4,92,False,60,30.857845,28.883688,N41,7000,310.0,294.0,2.0,,294.0,2.0,2.0,True
ALX2014-3,ALX2014,4,93,False,135,30.857845,28.883688,N41,7000,465.0,484.0,0.0,,484.0,0.0,0.0,True
ALX2014-4,ALX2014,4,94,False,320,30.857845,28.883688,N41,7000,480.0,577.0,1.0,,577.0,1.0,1.0,True
ALX3005-1,ALX3005,3,91,False,60,31.2083,29.963,N41,7000,175.0,367.0,3.0,,367.0,3.0,3.0,True
ALX3005-2,ALX3005,3,92,False,205,31.2083,29.963,N41,7000,170.0,982.0,2.0,,982.0,2.0,2.0,True
ALX3005-3,ALX3005,3,93,False,300,31.2083,29.963,N41,7000,165.0,560.0,0.0,,560.0,0.0,0.0,True
ALX3011-1,ALX3011,3,91,False,30,31.26,29.9859,N41,7000,155.0,153.0,1.0,,153.0,1.0,1.0,True
ALX3011-2,ALX3011,3,92,False,125,31.26,29.9859,N41,7000,115.0,167.0,3.0,,167.0,3.0,3.0,True
ALX3011-3,ALX3011,3,93,False,250,31.26,29.9859,N41,7000,110.0,880.0,0.0,,880.0,0.0,0.0,True
ALX3015-1,ALX3015,3,91,False,20,31.2061,29.965,N41,7000,190.0,548.0,0.0,,548.0,0.0,0.0,True
ALX3015-2,ALX3015,3,92,False,120,31.2061,29.965,N41,7000,185.0,482.0,2.0,,482.0,2.0,2.0,True
ALX3015-3,ALX3015,3,93,False,220,31.2061,29.965,N41,7000,180.0,459.0,3.0,,459.0,3.0,3.0,True
ALX3020-1,ALX3020,3,91,False,0,31.2134,29.928,N41,7000,255.0,216.0,0.0,,216.0,0.0,0.0,True
ALX3020-2,ALX3020,3,92,False,140,31.2134,29.928,N41,7000,250.0,217.0,1.0,,217.0,1.0,1.0,True
ALX3020-3,ALX3020,3,93,False,250,31.2134,29.928,N41,7000,245.0,218.0,2.0,,218.0,2.0,2.0,True
ALX3022-1,ALX3022,4,91,False,0,30.85146,28.89478,N41,7000,530.0,843.0,3.0,,843.0,3.0,3.0,True
ALX3022-2,ALX3022,4,92,False,65,30.85146,28.89478,N41,7000,525.0,844.0,0.0,,844.0,0.0,0.0,True
ALX3022-3,ALX3022,4,93,False,140,30.85146,28.89478,N41,7000,520.0,845.0,1.0,,845.0,1.0,1.0,True
ALX3022-4,ALX3022,4,94,False,295,30.85146,28.89478,N41,7000,515.0,454.0,2.0,,454.0,2.0,2.0,True
ALX3023-1,ALX3023,3,91,False,90,31.2169,29.9267,N41,7000,320.0,885.0,1.0,,885.0,1.0,1.0,True
ALX3023-2,ALX3023,3,92,False,170,31.2169,29.9267,N41,7000,315.0,887.0,3.0,,887.0,3.0,3.0,True
ALX3023-3,ALX3023,3,93,False,230,31.2169,29.9267,N41,7000,310.0,886.0,2.0,,886.0,2.0,2.0,True
ALX3027-1,ALX3027,3,91,False,80,31.1965,29.9195,N41,7000,570.0,891.0,3.0,,891.0,3.0,3.0,True
ALX3027-2,ALX3027,3,92,False,155,31.1965,29.9195,N41,7000,550.0,13.0,1.0,,13.0,1.0,1.0,True
ALX3027-3,ALX3027,3,93,False,260,31.1965,29.9195,N41,7000,540.0,110.0,2.0,,110.0,2.0,2.0,True
ALX3030-1,ALX3030,3,91,False,30,31.1821,29.9055,N41,7000,710.0,86.0,2.0,,86.0,2.0,2.0,True
ALX3030-2,ALX3030,3,92,False,200,31.1821,29.9055,N41,7000,785.0,765.0,1.0,,765.0,1.0,1.0,True
ALX3030-3,ALX3030,3,93,False,290,31.1821,29.9055,N41,7000,580.0,612.0,0.0,,612.0,0.0,0.0,True
ALX3032-1,ALX3032,3,91,False,80,31.2569,29.9952,N41,7000,535.0,61.0,1.0,,61.0,1.0,1.0,True
ALX3032-2,ALX3032,3,92,False,145,31.2569,29.9952,N41,7000,820.0,26.0,2.0,,26.0,2.0,2.0,True
ALX3032-3,ALX3032,3,93,False,270,31.2569,29.9952,N41,7000,815.0,648.0,0.0,,648.0,0.0,0.0,True
ALX3033-1,ALX3033,4,91,False,45,31.207354,29.91911,N41,7000,190.0,505.0,1.0,,505.0,1.0,1.0,True
ALX3033-2,ALX3033,4,92,False,110,31.207354,29.91911,N41,7000,185.0,384.0,0.0,,384.0,0.0,0.0,True
ALX3033-3,ALX3033,4,93,False,245,31.207354,29.91911,N41,7000,180.0,868.0,0.0,,868.0,0.0,0.0,True
ALX3033-4,ALX3033,4,94,False,325,31.207354,29.91911,N41,7000,175.0,476.0,0.0,,476.0,0.0,0.0,True
ALX3034-1,ALX3034,3,91,False,60,31.2099,29.9126,N41,7000,105.0,499.0,3.0,,499.0,3.0,3.0,True
ALX3034-2,ALX3034,3,92,False,140,31.2099,29.9126,N41,7000,100.0,500.0,0.0,,500.0,0.0,0.0,True
ALX3034-3,ALX3034,3,93,False,210,31.2099,29.9126,N41,7000,95.0,498.0,2.0,,498.0,2.0,2.0,True
ALX3041-1,ALX3041,3,91,False,65,31.219,29.9276,N41,7000,25.0,994.0,2.0,,994.0,2.0,2.0,True
ALX3041-2,ALX3041,3,92,False,145,31.219,29.9276,N41,7000,20.0,993.0,1.0,,993.0,1.0,1.0,True
ALX3041-3,ALX3041,3,93,False,225,31.219,29.9276,N41,7000,15.0,995.0,3.0,,995.0,3.0,3.0,True
ALX3043-1,ALX3043,2,91,False,20,31.2006,29.9073,N41,7000,50.0,632.0,0.0,,632.0,0.0,0.0,True
ALX3043-3,ALX3043,2,93,False,270,31.2006,29.9073,N41,7000,45.0,450.0,2.0,,450.0,2.0,2.0,True
ALX3045-2,ALX3045,2,92,False,210,31.25115,30.02764,N41,7000,790.0,908.0,0.0,,908.0,0.0,0.0,True
ALX3045-3,ALX3045,2,93,False,270,31.25115,30.02764,N41,7000,780.0,642.0,2.0,,642.0,2.0,2.0,True
ALX3051-1,ALX3051,3,91,False,35,30.965345,28.740035,N41,7000,184.0,855.0,3.0,,855.0,3.0,3.0,True
ALX3051-2,ALX3051,3,92,False,135,30.965345,28.740035,N41,7000,192.0,856.0,0.0,,856.0,0.0,0.0,True
ALX3051-3,ALX3051,3,93,False,240,30.965345,28.740035,N41,7000,472.0,857.0,1.0,,857.0,1.0,1.0,True
ALX3053-1,ALX3053,3,91,False,30,31.243629,29.969149,N41,7000,40.0,304.0,0.0,,304.0,0.0,0.0,True
ALX3053-2,ALX3053,3,92,False,130,31.243629,29.969149,N41,7000,35.0,305.0,1.0,,305.0,1.0,1.0,True
ALX3053-3,ALX3053,3,93,False,270,31.243629,29.969149,N41,7000,30.0,303.0,3.0,,303.0,3.0,3.0,True
ALX3054-1,ALX3054,3,91,False,50,31.226498,29.939255,N41,7000,220.0,561.0,1.0,,561.0,1.0,1.0,True
ALX3054-2,ALX3054,3,92,False,140,31.226498,29.939255,N41,7000,215.0,562.0,2.0,,562.0,2.0,2.0,True
ALX3054-3,ALX3054,3,93,False,230,31.226498,29.939255,N41,7000,210.0,563.0,3.0,,563.0,3.0,3.0,True
ALX3055-1,ALX3055,4,91,False,40,31.2332527,29.949441,N41,7000,90.0,462.0,2.0,,462.0,2.0,2.0,True
ALX3055-2,ALX3055,4,92,False,105,31.2332527,29.949441,N41,7000,85.0,1004.0,0.0,,1004.0,0.0,0.0,True
ALX3055-3,ALX3055,4,93,False,170,31.2332527,29.949441,N41,7000,80.0,253.0,1.0,,253.0,1.0,1.0,True
ALX3055-4,ALX3055,4,94,False,270,31.2332527,29.949441,N41,7000,75.0,407.0,3.0,,407.0,3.0,3.0,True
ALX3058-1,ALX3058,4,91,False,50,30.8143,29.0469,N41,7000,235.0,32.0,0.0,,32.0,0.0,0.0,True
ALX3058-2,ALX3058,4,92,False,175,30.8143,29.0469,N41,7000,230.0,31.0,3.0,,31.0,3.0,3.0,True
ALX3058-3,ALX3058,4,93,False,280,30.8143,29.0469,N41,7000,225.0,243.0,3.0,,243.0,3.0,3.0,True
ALX3058-4,ALX3058,4,94,False,345,30.8143,29.0469,N41,7000,170.0,30.0,2.0,,30.0,2.0,2.0,True
ALX3065-1,ALX3065,3,91,False,30,31.2591,29.9812,N41,7000,210.0,197.0,1.0,,197.0,1.0,1.0,True
ALX3065-2,ALX3065,3,92,False,130,31.2591,29.9812,N41,7000,205.0,310.0,2.0,,310.0,2.0,2.0,True
ALX3065-3,ALX3065,3,93,False,220,31.2591,29.9812,N41,7000,200.0,504.0,0.0,,504.0,0.0,0.0,True
ALX3067-1,ALX3067,3,91,False,5,31.2811269,30.0116011,N41,7000,355.0,82.0,2.0,,82.0,2.0,2.0,True
ALX3067-2,ALX3067,3,92,False,110,31.2811269,30.0116011,N41,7000,350.0,83.0,3.0,,83.0,3.0,3.0,True
ALX3067-3,ALX3067,3,93,False,195,31.2811269,30.0116011,N41,7000,345.0,84.0,0.0,,84.0,0.0,0.0,True
ALX3068-1,ALX3068,3,91,False,30,31.2541,29.9782,N41,7000,255.0,273.0,1.0,,273.0,1.0,1.0,True
ALX3068-2,ALX3068,3,92,False,140,31.2541,29.9782,N41,7000,250.0,828.0,0.0,,828.0,0.0,0.0,True
ALX3068-3,ALX3068,3,93,False,260,31.2541,29.9782,N41,7000,245.0,79.0,3.0,,79.0,3.0,3.0,True
ALX3069-1,ALX3069,3,91,False,30,31.2629,29.9856,N41,7000,95.0,251.0,3.0,,251.0,3.0,3.0,True
ALX3069-2,ALX3069,3,92,False,115,31.2629,29.9856,N41,7000,70.0,570.0,2.0,,570.0,2.0,2.0,True
ALX3069-3,ALX3069,3,93,False,215,31.2629,29.9856,N41,7000,65.0,108.0,0.0,,108.0,0.0,0.0,True
ALX3070-1,ALX3070,3,91,False,5,31.2683,29.9999,N41,7000,150.0,262.0,2.0,,262.0,2.0,2.0,True
ALX3070-2,ALX3070,3,92,False,100,31.2683,29.9999,N41,7000,145.0,263.0,3.0,,263.0,3.0,3.0,True
ALX3070-3,ALX3070,3,93,False,200,31.2683,29.9999,N41,7000,140.0,264.0,0.0,,264.0,0.0,0.0,True
ALX3072-1,ALX3072,3,91,False,80,31.2705,29.9958,N41,7000,275.0,274.0,2.0,,274.0,2.0,2.0,True
ALX3072-2,ALX3072,3,92,False,140,31.2705,29.9958,N41,7000,240.0,275.0,3.0,,275.0,3.0,3.0,True
ALX3072-3,ALX3072,3,93,False,240,31.2705,29.9958,N41,7000,175.0,276.0,0.0,,276.0,0.0,0.0,True
ALX3078-1,ALX3078,3,91,False,60,31.20347,29.87635,N41,7000,215.0,696.0,0.0,,696.0,0.0,0.0,True
ALX3078-2,ALX3078,3,92,False,175,31.20347,29.87635,N41,7000,210.0,691.0,3.0,,691.0,3.0,3.0,True
ALX3078-3,ALX3078,3,93,False,245,31.20347,29.87635,N41,7000,205.0,578.0,2.0,,578.0,2.0,2.0,True
ALX3081-2,ALX3081,2,92,False,115,31.2201,29.9468,N41,7000,115.0,527.0,3.0,,527.0,3.0,3.0,True
ALX3081-3,ALX3081,2,93,False,190,31.2201,29.9468,N41,7000,110.0,526.0,2.0,,526.0,2.0,2.0,True
ALX3087-1,ALX3087,3,91,False,15,31.27396,30.00386,N41,7000,105.0,467.0,3.0,,467.0,3.0,3.0,True
ALX3087-2,ALX3087,3,92,False,140,31.27396,30.00386,N41,7000,100.0,321.0,1.0,,321.0,1.0,1.0,True
ALX3087-3,ALX3087,3,93,False,245,31.27396,30.00386,N41,7000,90.0,196.0,0.0,,196.0,0.0,0.0,True
ALX3089-1,ALX3089,4,91,False,70,31.2618,29.9933,N41,7000,15.0,149.0,1.0,,149.0,1.0,1.0,True
ALX3089-2,ALX3089,4,92,False,185,31.2618,29.9933,N41,7000,10.0,278.0,2.0,,278.0,2.0,2.0,True
ALX3089-3,ALX3089,4,93,False,270,31.2618,29.9933,N41,7000,5.0,308.0,0.0,,308.0,0.0,0.0,True
ALX3089-4,ALX3089,4,94,False,355,31.2618,29.9933,N41,7000,0.0,515.0,3.0,,515.0,3.0,3.0,True
ALX3090-1,ALX3090,3,91,False,350,31.2473,29.9781,N41,7000,730.0,345.0,1.0,,345.0,1.0,1.0,True
ALX3090-2,ALX3090,3,92,False,110,31.2473,29.9781,N41,7000,725.0,60.0,0.0,,60.0,0.0,0.0,True
ALX3090-3,ALX3090,3,93,False,280,31.2473,29.9781,N41,7000,705.0,382.0,2.0,,382.0,2.0,2.0,True
ALX3092-1,ALX3092,3,91,False,50,31.2079,29.9308,N41,7000,40.0,29.0,1.0,,29.0,1.0,1.0,True
ALX3092-2,ALX3092,3,92,False,170,31.2079,29.9308,N41,7000,35.0,28.0,0.0,,28.0,0.0,0.0,True
ALX3092-3,ALX3092,3,93,False,280,31.2079,29.9308,N41,7000,30.0,27.0,3.0,,27.0,3.0,3.0,True
ALX3093-1,ALX3093,4,91,False,50,31.197637,29.908513,N41,7000,365.0,455.0,3.0,,455.0,3.0,3.0,True
ALX3093-2,ALX3093,4,92,False,155,31.197637,29.908513,N41,7000,150.0,265.0,1.0,,265.0,1.0,1.0,True
ALX3093-3,ALX3093,4,93,False,260,31.197637,29.908513,N41,7000,145.0,702.0,2.0,,702.0,2.0,2.0,True
ALX3093-4,ALX3093,4,94,False,330,31.197637,29.908513,N41,7000,140.0,608.0,0.0,,608.0,0.0,0.0,True
ALX3097-1,ALX3097,3,91,False,0,31.20412,29.9086,N41,7000,80.0,555.0,3.0,,555.0,3.0,3.0,True
ALX3097-2,ALX3097,3,92,False,120,31.20412,29.9086,N41,7000,75.0,186.0,2.0,,186.0,2.0,2.0,True
ALX3097-3,ALX3097,3,93,False,250,31.20412,29.9086,N41,7000,55.0,249.0,1.0,,249.0,1.0,1.0,True
ALX3100-1,ALX3100,2,91,False,130,31.2694,29.9893,N41,7000,220.0,365.0,1.0,,365.0,1.0,1.0,True
ALX3100-2,ALX3100,2,92,False,190,31.2694,29.9893,N41,7000,215.0,366.0,2.0,,366.0,2.0,2.0,True
ALX3101-1,ALX3101,3,91,False,60,31.20049,29.89772,N41,7000,110.0,487.0,3.0,,487.0,3.0,3.0,True
ALX3101-2,ALX3101,3,92,False,180,31.20049,29.89772,N41,7000,90.0,557.0,1.0,,557.0,1.0,1.0,True
ALX3101-3,ALX3101,3,93,False,260,31.20049,29.89772,N41,7000,85.0,556.0,0.0,,556.0,0.0,0.0,True
ALX3106-1,ALX3106,4,91,False,20,31.2073,29.9402,N41,7000,135.0,287.0,3.0,,287.0,3.0,3.0,True
ALX3106-2,ALX3106,4,92,False,100,31.2073,29.9402,N41,7000,130.0,736.0,0.0,,736.0,0.0,0.0,True
ALX3106-3,ALX3106,4,93,False,190,31.2073,29.9402,N41,7000,125.0,825.0,1.0,,825.0,1.0,1.0,True
ALX3106-4,ALX3106,4,94,False,300,31.2073,29.9402,N41,7000,120.0,679.0,3.0,,679.0,3.0,3.0,True
ALX3110-1,ALX3110,3,91,False,60,31.16736,29.93491,N41,7000,25.0,280.0,0.0,,280.0,0.0,0.0,True
ALX3110-2,ALX3110,3,92,False,220,31.16736,29.93491,N41,7000,20.0,281.0,1.0,,281.0,1.0,1.0,True
ALX3110-3,ALX3110,3,93,False,340,31.16736,29.93491,N41,7000,15.0,279.0,3.0,,279.0,3.0,3.0,True
ALX3138-1,ALX3138,4,91,False,20,31.30567,30.0636,N41,7000,280.0,572.0,0.0,,572.0,0.0,0.0,True
ALX3138-2,ALX3138,4,92,False,90,31.30567,30.0636,N41,7000,275.0,237.0,1.0,,237.0,1.0,1.0,True
ALX3138-3,ALX3138,4,93,False,180,31.30567,30.0636,N41,7000,270.0,238.0,2.0,,238.0,2.0,2.0,True
ALX3138-4,ALX3138,4,94,False,320,31.30567,30.0636,N41,7000,265.0,239.0,3.0,,239.0,3.0,3.0,True
ALX3152-1,ALX3152,2,91,False,120,30.963571,28.772823,N41,7000,80.0,778.0,2.0,,778.0,2.0,2.0,True
ALX3152-2,ALX3152,2,92,False,180,30.963571,28.772823,N41,7000,72.0,789.0,1.0,,789.0,1.0,1.0,True
ALX3159-1,ALX3159,3,91,False,0,31.25016,29.981706,N41,7000,270.0,465.0,1.0,,465.0,1.0,1.0,True
ALX3159-2,ALX3159,3,92,False,140,31.25016,29.981706,N41,7000,265.0,771.0,3.0,,771.0,3.0,3.0,True
ALX3159-3,ALX3159,3,93,False,280,31.25016,29.981706,N41,7000,260.0,210.0,2.0,,210.0,2.0,2.0,True
ALX3167-1,ALX3167,3,91,False,10,31.2375,29.9735,N41,7000,690.0,541.0,1.0,,541.0,1.0,1.0,True
ALX3167-2,ALX3167,3,92,False,120,31.2375,29.9735,N41,7000,700.0,12.0,0.0,,12.0,0.0,0.0,True
ALX3167-3,ALX3167,3,93,False,290,31.2375,29.9735,N41,7000,685.0,50.0,2.0,,50.0,2.0,2.0,True
ALX3168-1,ALX3168,4,91,False,0,31.254238,29.98091,N41,7000,180.0,507.0,3.0,,507.0,3.0,3.0,True
ALX3168-2,ALX3168,4,92,False,85,31.254238,29.98091,N41,7000,170.0,873.0,1.0,,873.0,1.0,1.0,True
ALX3168-3,ALX3168,4,93,False,170,31.254238,29.98091,N41,7000,165.0,340.0,0.0,,340.0,0.0,0.0,True
ALX3168-4,ALX3168,4,94,False,285,31.254238,29.98091,N41,7000,160.0,282.0,2.0,,282.0,2.0,2.0,True
ALX3169-1,ALX3169,4,91,False,60,31.288542,30.023852,N41,7000,180.0,165.0,1.0,,165.0,1.0,1.0,True
ALX3169-2,ALX3169,4,92,False,170,31.288542,30.023852,N41,7000,170.0,363.0,3.0,,363.0,3.0,3.0,True
ALX3169-3,ALX3169,4,93,False,260,31.288542,30.023852,N41,7000,165.0,506.0,2.0,,506.0,2.0,2.0,True
ALX3169-4,ALX3169,4,94,False,330,31.288542,30.023852,N41,7000,160.0,592.0,0.0,,592.0,0.0,0.0,True
ALX3171-1,ALX3171,3,91,False,35,31.18962,29.92596,N41,7000,480.0,586.0,2.0,,586.0,2.0,2.0,True
ALX3171-2,ALX3171,3,92,False,255,31.18962,29.92596,N41,7000,350.0,587.0,3.0,,587.0,3.0,3.0,True
ALX3171-3,ALX3171,3,93,False,330,31.18962,29.92596,N41,7000,810.0,588.0,0.0,,588.0,0.0,0.0,True
ALX3177-3,ALX3177,2,93,False,210,31.1948,29.8858,N41,7000,700.0,673.0,1.0,,673.0,1.0,1.0,True
ALX3177-4,ALX3177,2,94,False,280,31.1948,29.8858,N41,7000,690.0,2.0,2.0,,2.0,2.0,2.0,True
ALX3178-1,ALX3178,3,91,False,40,31.237564,29.958428,N41,7000,175.0,362.0,2.0,,362.0,2.0,2.0,True
ALX3178-2,ALX3178,3,92,False,115,31.237564,29.958428,N41,7000,105.0,360.0,0.0,,360.0,0.0,0.0,True
ALX3178-3,ALX3178,3,93,False,265,31.237564,29.958428,N41,7000,100.0,361.0,1.0,,361.0,1.0,1.0,True
ALX3183-1,ALX3183,3,91,False,110,31.24243,29.97311,N41,7000,130.0,595.0,3.0,,595.0,3.0,3.0,True
ALX3183-2,ALX3183,3,92,False,220,31.24243,29.97311,N41,7000,125.0,596.0,0.0,,596.0,0.0,0.0,True
ALX3183-3,ALX3183,3,93,False,335,31.24243,29.97311,N41,7000,120.0,594.0,2.0,,594.0,2.0,2.0,True
ALX3188-1,ALX3188,3,91,False,60,31.23444,29.99234,N41,7000,765.0,343.0,3.0,,343.0,3.0,3.0,True
ALX3188-2,ALX3188,3,92,False,260,31.23444,29.99234,N41,7000,20.0,742.0,2.0,,742.0,2.0,2.0,True
ALX3188-3,ALX3188,3,93,False,350,31.23444,29.99234,N41,7000,25.0,381.0,1.0,,381.0,1.0,1.0,True
ALX3192-1,ALX3192,3,91,False,60,31.2614,29.9972,N41,7000,825.0,453.0,1.0,,453.0,1.0,1.0,True
ALX3192-2,ALX3192,3,92,False,220,31.2614,29.9972,N41,7000,735.0,711.0,3.0,,711.0,3.0,3.0,True
ALX3192-3,ALX3192,3,93,False,340,31.2614,29.9972,N41,7000,720.0,730.0,2.0,,730.0,2.0,2.0,True
ALX3193-1,ALX3193,4,91,False,110,31.1889,29.8872,N41,7000,685.0,895.0,3.0,,895.0,3.0,3.0,True
ALX3193-2,ALX3193,4,92,False,230,31.1889,29.8872,N41,7000,625.0,74.0,2.0,,74.0,2.0,2.0,True
ALX3193-3,ALX3193,4,93,False,280,31.1889,29.8872,N41,7000,620.0,336.0,0.0,,336.0,0.0,0.0,True
ALX3193-4,ALX3193,4,94,False,350,31.1889,29.8872,N41,7000,595.0,533.0,1.0,,533.0,1.0,1.0,True
ALX3195-1,ALX3195,4,91,False,0,31.2853,30.0185,N41,7000,130.0,344.0,0.0,,344.0,0.0,0.0,True
ALX3195-2,ALX3195,4,92,False,95,31.2853,30.0185,N41,7000,125.0,623.0,3.0,,623.0,3.0,3.0,True
ALX3195-3,ALX3195,4,93,False,185,31.2853,30.0185,N41,7000,120.0,694.0,2.0,,694.0,2.0,2.0,True
ALX3195-4,ALX3195,4,94,False,285,31.2853,30.0185,N41,7000,40.0,729.0,1.0,,729.0,1.0,1.0,True
ALX3196-1,ALX3196,3,91,False,60,31.2424,30.0027,N41,7000,235.0,813.0,1.0,,813.0,1.0,1.0,True
ALX3196-2,ALX3196,3,92,False,140,31.2424,30.0027,N41,7000,230.0,431.0,3.0,,431.0,3.0,3.0,True
ALX3196-3,ALX3196,3,93,False,270,31.2424,30.0027,N41,7000,335.0,290.0,2.0,,290.0,2.0,2.0,True
ALX3197-1,ALX3197,3,91,False,70,31.231386,29.946457,N41,7000,375.0,773.0,1.0,,773.0,1.0,1.0,True
ALX3197-2,ALX3197,3,92,False,150,31.231386,29.946457,N41,7000,370.0,324.0,0.0,,324.0,0.0,0.0,True
ALX3197-3,ALX3197,3,93,False,210,31.231386,29.946457,N41,7000,365.0,154.0,2.0,,154.0,2.0,2.0,True
ALX3198-1,ALX3198,4,91,False,60,31.239148,30.003343,N41,7000,330.0,442.0,2.0,,442.0,2.0,2.0,True
ALX3198-2,ALX3198,4,92,False,130,31.239148,30.003343,N41,7000,340.0,369.0,1.0,,369.0,1.0,1.0,True
ALX3198-3,ALX3198,4,93,False,230,31.239148,30.003343,N41,7000,325.0,227.0,3.0,,227.0,3.0,3.0,True
ALX3198-4,ALX3198,4,94,False,300,31.239148,30.003343,N41,7000,315.0,724.0,0.0,,724.0,0.0,0.0,True
ALX3199-1,ALX3199,4,91,False,35,31.205529,29.949251,N41,7000,240.0,641.0,1.0,,641.0,1.0,1.0,True
ALX3199-2,ALX3199,4,92,False,145,31.205529,29.949251,N41,7000,235.0,726.0,2.0,,726.0,2.0,2.0,True
ALX3199-3,ALX3199,4,93,False,220,31.205529,29.949251,N41,7000,230.0,728.0,0.0,,728.0,0.0,0.0,True
ALX3199-4,ALX3199,4,94,False,305,31.205529,29.949251,N41,7000,225.0,727.0,3.0,,727.0,3.0,3.0,True
ALX3206-1,ALX3206,3,91,False,85,31.2792,30.0223,N41,7000,750.0,743.0,3.0,,743.0,3.0,3.0,True
ALX3206-2,ALX3206,3,92,False,210,31.2792,30.0223,N41,7000,745.0,66.0,2.0,,66.0,2.0,2.0,True
ALX3206-3,ALX3206,3,93,False,290,31.2792,30.0223,N41,7000,740.0,116.0,0.0,,116.0,0.0,0.0,True
ALX3212-1,ALX3212,3,91,False,50,31.26611,29.99045,N41,7000,85.0,326.0,2.0,,326.0,2.0,2.0,True
ALX3212-2,ALX3212,3,92,False,210,31.26611,29.99045,N41,7000,80.0,349.0,1.0,,349.0,1.0,1.0,True
ALX3212-3,ALX3212,3,93,False,290,31.26611,29.99045,N41,7000,75.0,212.0,0.0,,212.0,0.0,0.0,True
ALX3219-1,ALX3219,3,91,False,50,31.2271,29.9717,N41,7000,560.0,151.0,3.0,,151.0,3.0,3.0,True
ALX3219-2,ALX3219,3,92,False,270,31.2271,29.9717,N41,7000,555.0,805.0,1.0,,805.0,1.0,1.0,True
ALX3219-3,ALX3219,3,93,False,340,31.2271,29.9717,N41,7000,545.0,42.0,2.0,,42.0,2.0,2.0,True
ALX3222-1,ALX3222,4,91,False,50,31.2173,29.9446,N41,7000,285.0,207.0,3.0,,207.0,3.0,3.0,True
ALX3222-2,ALX3222,4,92,False,160,31.2173,29.9446,N41,7000,280.0,209.0,1.0,,209.0,1.0,1.0,True
ALX3222-3,ALX3222,4,93,False,230,31.2173,29.9446,N41,7000,275.0,208.0,0.0,,208.0,0.0,0.0,True
ALX3222-4,ALX3222,4,94,False,330,31.2173,29.9446,N41,7000,270.0,872.0,0.0,,872.0,0.0,0.0,True
ALX3238-1,ALX3238,4,91,False,60,30.8173768,28.9509038,N41,7000,50.0,524.0,0.0,,524.0,0.0,0.0,True
ALX3238-2,ALX3238,4,92,False,120,30.8173768,28.9509038,N41,7000,720.0,525.0,1.0,,525.0,1.0,1.0,True
ALX3238-3,ALX3238,4,93,False,220,30.8173768,28.9509038,N41,7000,715.0,971.0,3.0,,971.0,3.0,3.0,True
ALX3238-4,ALX3238,4,94,False,310,30.8173768,28.9509038,N41,7000,710.0,998.0,2.0,,998.0,2.0,2.0,True
ALX3242-1,ALX3242,4,91,False,20,31.2045,29.92423,N41,7000,10.0,751.0,3.0,,751.0,3.0,3.0,True
ALX3242-2,ALX3242,4,92,False,95,31.2045,29.92423,N41,7000,5.0,965.0,1.0,,965.0,1.0,1.0,True
ALX3242-3,ALX3242,4,93,False,195,31.2045,29.92423,N41,7000,0.0,750.0,2.0,,750.0,2.0,2.0,True
ALX3242-4,ALX3242,4,94,False,305,31.2045,29.92423,N41,7000,830.0,752.0,0.0,,752.0,0.0,0.0,True
ALX3255-1,ALX3255,3,91,False,65,31.0096,29.6458,N41,7000,825.0,664.0,0.0,,664.0,0.0,0.0,True
ALX3255-2,ALX3255,3,92,False,175,31.0096,29.6458,N41,7000,735.0,665.0,1.0,,665.0,1.0,1.0,True
ALX3255-3,ALX3255,3,93,False,240,31.0096,29.6458,N41,7000,720.0,666.0,2.0,,666.0,2.0,2.0,True
ALX3263-1,ALX3263,4,91,False,100,31.2123,29.9527,N41,7000,735.0,652.0,0.0,,652.0,0.0,0.0,True
ALX3263-2,ALX3263,4,92,False,165,31.2123,29.9527,N41,7000,290.0,81.0,1.0,,81.0,1.0,1.0,True
ALX3263-3,ALX3263,4,93,False,260,31.2123,29.9527,N41,7000,790.0,731.0,3.0,,731.0,3.0,3.0,True
ALX3263-4,ALX3263,4,94,False,350,31.2123,29.9527,N41,7000,360.0,918.0,2.0,,918.0,2.0,2.0,True
ALX3266-1,ALX3266,4,91,False,45,30.857153,28.908356,N41,7000,10.0,663.0,3.0,,663.0,3.0,3.0,True
ALX3266-2,ALX3266,4,92,False,100,30.857153,28.908356,N41,7000,5.0,561.0,1.0,,561.0,1.0,1.0,True
ALX3266-3,ALX3266,4,93,False,285,30.857153,28.908356,N41,7000,0.0,944.0,0.0,,944.0,0.0,0.0,True
ALX3266-4,ALX3266,4,94,False,345,30.857153,28.908356,N41,7000,750.0,598.0,2.0,,598.0,2.0,2.0,True
ALX3275-1,ALX3275,3,91,False,90,31.1998,29.8913,N41,7000,780.0,435.0,3.0,,435.0,3.0,3.0,True
ALX3275-2,ALX3275,3,92,False,180,31.1998,29.8913,N41,7000,800.0,14.0,2.0,,14.0,2.0,2.0,True
ALX3275-3,ALX3275,3,93,False,290,31.1998,29.8913,N41,7000,565.0,41.0,1.0,,41.0,1.0,1.0,True
ALX3278-1,ALX3278,4,91,False,10,31.172954,29.926924,N41,7000,295.0,893.0,1.0,,893.0,1.0,1.0,True
ALX3278-2,ALX3278,4,92,False,75,31.172954,29.926924,N41,7000,730.0,34.0,2.0,,34.0,2.0,2.0,True
ALX3278-3,ALX3278,4,93,False,235,31.172954,29.926924,N41,7000,725.0,744.0,0.0,,744.0,0.0,0.0,True
ALX3278-4,ALX3278,4,94,False,305,31.172954,29.926924,N41,7000,705.0,147.0,3.0,,147.0,3.0,3.0,True
ALX3300-1,ALX3300,3,91,False,5,30.8163,29.1321,N41,7000,795.0,130.0,2.0,,130.0,2.0,2.0,True
ALX3300-2,ALX3300,3,92,False,75,30.8163,29.1321,N41,7000,790.0,341.0,1.0,,341.0,1.0,1.0,True
ALX3300-3,ALX3300,3,93,False,280,30.8163,29.1321,N41,7000,785.0,100.0,0.0,,100.0,0.0,0.0,True
ALX3302-1,ALX3302,3,91,False,70,30.82491,29.1614,N41,7000,400.0,103.0,3.0,,103.0,3.0,3.0,True
ALX3302-2,ALX3302,3,92,False,170,30.82491,29.1614,N41,7000,395.0,125.0,1.0,,125.0,1.0,1.0,True
ALX3302-3,ALX3302,3,93,False,255,30.82491,29.1614,N41,7000,390.0,114.0,2.0,,114.0,2.0,2.0,True
ALX3318-1,ALX3318,4,91,False,45,31.17949,27.63192,N41,7000,136.0,107.0,3.0,,107.0,3.0,3.0,True
ALX3318-2,ALX3318,4,92,False,120,31.17949,27.63192,N41,7000,128.0,249.0,1.0,,249.0,1.0,1.0,True
ALX3318-3,ALX3318,4,93,False,200,31.17949,27.63192,N41,7000,120.0,608.0,0.0,,608.0,0.0,0.0,True
ALX3318-4,ALX3318,4,94,False,340,31.17949,27.63192,N41,7000,112.0,498.0,2.0,,498.0,2.0,2.0,True
ALX3321-1,ALX3321,4,91,False,30,31.21259,29.96296,N41,7000,225.0,761.0,1.0,,761.0,1.0,1.0,True
ALX3321-2,ALX3321,4,92,False,100,31.21259,29.96296,N41,7000,220.0,544.0,0.0,,544.0,0.0,0.0,True
ALX3321-3,ALX3321,4,93,False,180,31.21259,29.96296,N41,7000,215.0,523.0,3.0,,523.0,3.0,3.0,True
ALX3321-4,ALX3321,4,94,False,320,31.21259,29.96296,N41,7000,210.0,650.0,2.0,,650.0,2.0,2.0,True
ALX3325-1,ALX3325,4,91,False,50,30.822,29.1704,N41,7000,25.0,831.0,3.0,,831.0,3.0,3.0,True
ALX3325-2,ALX3325,4,92,False,140,30.822,29.1704,N41,7000,20.0,832.0,0.0,,832.0,0.0,0.0,True
ALX3325-3,ALX3325,4,93,False,280,30.822,29.1704,N41,7000,15.0,481.0,1.0,,481.0,1.0,1.0,True
ALX3325-4,ALX3325,4,94,False,350,30.822,29.1704,N41,7000,80.0,830.0,2.0,,830.0,2.0,2.0,True
ALX3332-1,ALX3332,4,91,False,55,30.998985,28.679515,N41,7000,700.0,758.0,2.0,,758.0,2.0,2.0,True
ALX3332-2,ALX3332,4,92,False,125,30.998985,28.679515,N41,7000,695.0,749.0,1.0,,749.0,1.0,1.0,True
ALX3332-3,ALX3332,4,93,False,225,30.998985,28.679515,N41,7000,690.0,480.0,0.0,,480.0,0.0,0.0,True
ALX3332-4,ALX3332,4,94,False,330,30.998985,28.679515,N41,7000,685.0,327.0,3.0,,327.0,3.0,3.0,True
ALX3336-1,ALX3336,4,91,False,30,30.962436,28.756664,N41,7000,475.0,468.0,0.0,,468.0,0.0,0.0,True
ALX3336-2,ALX3336,4,92,False,100,30.962436,28.756664,N41,7000,470.0,933.0,1.0,,933.0,1.0,1.0,True
ALX3336-3,ALX3336,4,93,False,180,30.962436,28.756664,N41,7000,465.0,307.0,3.0,,307.0,3.0,3.0,True
ALX3336-4,ALX3336,4,94,False,315,30.962436,28.756664,N41,7000,460.0,266.0,2.0,,266.0,2.0,2.0,True
ALX3343-1,ALX3343,3,91,False,70,31.2639,29.9925,N41,7000,195.0,289.0,1.0,,289.0,1.0,1.0,True
ALX3343-2,ALX3343,3,92,False,260,31.2639,29.9925,N41,7000,190.0,234.0,2.0,,234.0,2.0,2.0,True
ALX3343-3,ALX3343,3,93,False,340,31.2639,29.9925,N41,7000,185.0,532.0,0.0,,532.0,0.0,0.0,True
ALX3347-1,ALX3347,3,91,False,35,30.8335,29.2256,N41,7000,220.0,564.0,0.0,,564.0,0.0,0.0,True
ALX3347-2,ALX3347,3,92,False,255,30.8335,29.2256,N41,7000,215.0,109.0,1.0,,109.0,1.0,1.0,True
ALX3347-3,ALX3347,3,93,False,325,30.8335,29.2256,N41,7000,210.0,743.0,3.0,,743.0,3.0,3.0,True
ALX3350-1,ALX3350,4,91,False,50,30.95106,28.78355,N41,7000,550.0,593.0,1.0,,593.0,1.0,1.0,True
ALX3350-2,ALX3350,4,92,False,110,30.95106,28.78355,N41,7000,545.0,475.0,3.0,,475.0,3.0,3.0,True
ALX3350-3,ALX3350,4,93,False,230,30.95106,28.78355,N41,7000,540.0,640.0,0.0,,640.0,0.0,0.0,True
ALX3350-4,ALX3350,4,94,False,350,30.95106,28.78355,N41,7000,755.0,78.0,2.0,,78.0,2.0,2.0,True
ALX3367-1,ALX3367,3,91,False,95,30.830551,29.011797,N41,7000,535.0,552.0,0.0,,552.0,0.0,0.0,True
ALX3367-2,ALX3367,3,92,False,155,30.830551,29.011797,N41,7000,495.0,786.0,2.0,,786.0,2.0,2.0,True
ALX3367-3,ALX3367,3,93,False,285,30.830551,29.011797,N41,7000,490.0,783.0,3.0,,783.0,3.0,3.0,True
ALX3368-1,ALX3368,3,91,False,20,30.8615,29.3194,N41,7000,475.0,66.0,2.0,,66.0,2.0,2.0,True
ALX3368-2,ALX3368,3,92,False,210,30.8615,29.3194,N41,7000,470.0,603.0,3.0,,603.0,3.0,3.0,True
ALX3368-3,ALX3368,3,93,False,290,30.8615,29.3194,N41,7000,465.0,453.0,1.0,,453.0,1.0,1.0,True
ALX3370-1,ALX3370,4,91,False,55,31.188278,27.62625,N41,7000,160.0,151.0,3.0,,151.0,3.0,3.0,True
ALX3370-2,ALX3370,4,92,False,120,31.188278,27.62625,N41,7000,155.0,42.0,2.0,,42.0,2.0,2.0,True
ALX3370-3,ALX3370,4,93,False,185,31.188278,27.62625,N41,7000,150.0,585.0,1.0,,585.0,1.0,1.0,True
ALX3370-4,ALX3370,4,94,False,350,31.188278,27.62625,N41,7000,145.0,44.0,0.0,,44.0,0.0,0.0,True
ALX3378-1,ALX3378,3,91,False,85,31.274441,30.015892,N41,7000,700.0,85.0,1.0,,85.0,1.0,1.0,True
ALX3378-2,ALX3378,3,92,False,195,31.274441,30.015892,N41,7000,690.0,794.0,2.0,,794.0,2.0,2.0,True
ALX3378-3,ALX3378,3,93,False,305,31.274441,30.015892,N41,7000,685.0,564.0,0.0,,564.0,0.0,0.0,True
ALX3384-1,ALX3384,4,91,False,10,31.3152,30.06661,N41,7000,385.0,203.0,3.0,,203.0,3.0,3.0,True
ALX3384-2,ALX3384,4,92,False,150,31.3152,30.06661,N41,7000,380.0,294.0,2.0,,294.0,2.0,2.0,True
ALX3384-3,ALX3384,4,93,False,210,31.3152,30.06661,N41,7000,375.0,577.0,1.0,,577.0,1.0,1.0,True
ALX3384-4,ALX3384,4,94,False,275,31.3152,30.06661,N41,7000,370.0,936.0,0.0,,936.0,0.0,0.0,True
ALX3386-1,ALX3386,3,91,False,0,31.230545,29.9678452,N41,7000,680.0,585.0,1.0,,585.0,1.0,1.0,True
ALX3386-2,ALX3386,3,92,False,130,31.230545,29.9678452,N41,7000,675.0,436.0,0.0,,436.0,0.0,0.0,True
ALX3386-3,ALX3386,3,93,False,290,31.230545,29.9678452,N41,7000,665.0,787.0,3.0,,787.0,3.0,3.0,True
ALX3387-1,ALX3387,4,91,False,25,31.24047,29.99185,N41,7000,660.0,597.0,1.0,,597.0,1.0,1.0,True
ALX3387-2,ALX3387,4,92,False,90,31.24047,29.99185,N41,7000,655.0,148.0,0.0,,148.0,0.0,0.0,True
ALX3387-3,ALX3387,4,93,False,200,31.24047,29.99185,N41,7000,645.0,746.0,2.0,,746.0,2.0,2.0,True
ALX3387-4,ALX3387,4,94,False,310,31.24047,29.99185,N41,7000,135.0,735.0,3.0,,735.0,3.0,3.0,True
ALX3403-1,ALX3403,3,91,False,50,30.99495,28.67293,N41,7000,830.0,463.0,3.0,,463.0,3.0,3.0,True
ALX3403-2,ALX3403,3,92,False,130,30.99495,28.67293,N41,7000,825.0,558.0,2.0,,558.0,2.0,2.0,True
ALX3403-3,ALX3403,3,93,False,330,30.99495,28.67293,N41,7000,820.0,229.0,1.0,,229.0,1.0,1.0,True
ALX3406-1,ALX3406,3,91,False,45,30.815734,29.087622,N41,7000,530.0,240.0,0.0,,240.0,0.0,0.0,True
ALX3406-2,ALX3406,3,92,False,230,30.815734,29.087622,N41,7000,525.0,543.0,3.0,,543.0,3.0,3.0,True
ALX3406-3,ALX3406,3,93,False,305,30.815734,29.087622,N41,7000,500.0,145.0,1.0,,145.0,1.0,1.0,True
ALX3408-1,ALX3408,3,91,False,10,31.218,29.9315,N41,7000,170.0,69.0,1.0,,69.0,1.0,1.0,True
ALX3408-2,ALX3408,3,92,False,180,31.218,29.9315,N41,7000,165.0,71.0,3.0,,71.0,3.0,3.0,True
ALX3408-3,ALX3408,3,93,False,280,31.218,29.9315,N41,7000,160.0,70.0,2.0,,70.0,2.0,2.0,True
ALX3411-1,ALX3411,4,91,False,170,31.079118,28.030478,N41,7000,90.0,805.0,1.0,,805.0,1.0,1.0,True
ALX3411-2,ALX3411,4,92,False,230,31.079118,28.030478,N41,7000,85.0,35.0,3.0,,35.0,3.0,3.0,True
ALX3411-3,ALX3411,4,93,False,290,31.079118,28.030478,N41,7000,80.0,24.0,0.0,,24.0,0.0,0.0,True
ALX3411-4,ALX3411,4,94,False,350,31.079118,28.030478,N41,7000,75.0,26.0,2.0,,26.0,2.0,2.0,True
ALX3413-1,ALX3413,3,91,False,30,30.81589,29.14375,N41,7000,775.0,838.0,2.0,,838.0,2.0,2.0,True
ALX3413-2,ALX3413,3,92,False,190,30.81589,29.14375,N41,7000,770.0,839.0,3.0,,839.0,3.0,3.0,True
ALX3413-3,ALX3413,3,93,False,305,30.81589,29.14375,N41,7000,765.0,840.0,0.0,,840.0,0.0,0.0,True
ALX3418-1,ALX3418,3,91,False,50,30.94347,28.78258,N41,7000,385.0,10.0,2.0,,10.0,2.0,2.0,True
ALX3418-2,ALX3418,3,92,False,125,30.94347,28.78258,N41,7000,380.0,812.0,0.0,,812.0,0.0,0.0,True
ALX3418-3,ALX3418,3,93,False,305,30.94347,28.78258,N41,7000,375.0,285.0,1.0,,285.0,1.0,1.0,True
ALX3428-1,ALX3428,4,91,False,30,31.21155,27.86448,N41,7000,16.0,367.0,3.0,,367.0,3.0,3.0,True
ALX3428-2,ALX3428,4,92,False,100,31.21155,27.86448,N41,7000,8.0,384.0,0.0,,384.0,0.0,0.0,True
ALX3428-3,ALX3428,4,93,False,185,31.21155,27.86448,N41,7000,0.0,594.0,2.0,,594.0,2.0,2.0,True
ALX3428-4,ALX3428,4,94,False,320,31.21155,27.86448,N41,7000,368.0,557.0,1.0,,557.0,1.0,1.0,True
ALX3429-1,ALX3429,3,91,False,90,30.853761,28.951859,N41,7000,45.0,762.0,2.0,,762.0,2.0,2.0,True
ALX3429-2,ALX3429,3,92,False,160,30.853761,28.951859,N41,7000,40.0,272.0,0.0,,272.0,0.0,0.0,True
ALX3429-3,ALX3429,3,93,False,280,30.853761,28.951859,N41,7000,35.0,565.0,1.0,,565.0,1.0,1.0,True
ALX3434-1,ALX3434,3,91,False,70,31.31828,30.05667,N41,7000,295.0,537.0,1.0,,537.0,1.0,1.0,True
ALX3434-2,ALX3434,3,92,False,140,31.31828,30.05667,N41,7000,290.0,538.0,2.0,,538.0,2.0,2.0,True
ALX3434-3,ALX3434,3,93,False,280,31.31828,30.05667,N41,7000,285.0,539.0,3.0,,539.0,3.0,3.0,True
ALX3435-1,ALX3435,3,91,False,185,31.080548,28.033371,N41,7000,370.0,801.0,1.0,,801.0,1.0,1.0,True
ALX3435-2,ALX3435,3,92,False,260,31.080548,28.033371,N41,7000,365.0,276.0,0.0,,276.0,0.0,0.0,True
ALX3435-3,ALX3435,3,93,False,325,31.080548,28.033371,N41,7000,360.0,278.0,2.0,,278.0,2.0,2.0,True
ALX3436-1,ALX3436,4,91,False,10,31.26978,30.00468,N41,7000,60.0,138.0,2.0,,138.0,2.0,2.0,True
ALX3436-2,ALX3436,4,92,False,85,31.26978,30.00468,N41,7000,55.0,139.0,3.0,,139.0,3.0,3.0,True
ALX3436-3,ALX3436,4,93,False,165,31.26978,30.00468,N41,7000,50.0,140.0,0.0,,140.0,0.0,0.0,True
ALX3436-4,ALX3436,4,94,False,260,31.26978,30.00468,N41,7000,45.0,897.0,1.0,,897.0,1.0,1.0,True
ALX3437-1,ALX3437,4,91,False,105,31.258605,30.024158,N41,7000,625.0,258.0,2.0,,258.0,2.0,2.0,True
ALX3437-2,ALX3437,4,92,False,190,31.258605,30.024158,N41,7000,620.0,681.0,1.0,,681.0,1.0,1.0,True
ALX3437-3,ALX3437,4,93,False,270,31.258605,30.024158,N41,7000,595.0,604.0,0.0,,604.0,0.0,0.0,True
ALX3437-4,ALX3437,4,94,False,355,31.258605,30.024158,N41,7000,565.0,187.0,3.0,,187.0,3.0,3.0,True
ALX3439-1,ALX3439,3,91,False,30,31.27577,30.00984,N41,7000,320.0,410.0,2.0,,410.0,2.0,2.0,True
ALX3439-2,ALX3439,3,92,False,95,31.27577,30.00984,N41,7000,830.0,627.0,3.0,,627.0,3.0,3.0,True
ALX3439-3,ALX3439,3,93,False,280,31.27577,30.00984,N41,7000,525.0,109.0,1.0,,109.0,1.0,1.0,True
ALX3442-1,ALX3442,4,91,False,10,31.269325,30.014763,N41,7000,575.0,313.0,1.0,,313.0,1.0,1.0,True
ALX3442-2,ALX3442,4,92,False,90,31.269325,30.014763,N41,7000,550.0,314.0,2.0,,314.0,2.0,2.0,True
ALX3442-3,ALX3442,4,93,False,170,31.269325,30.014763,N41,7000,570.0,315.0,3.0,,315.0,3.0,3.0,True
ALX3442-4,ALX3442,4,94,False,305,31.269325,30.014763,N41,7000,540.0,624.0,0.0,,624.0,0.0,0.0,True
ALX3447-1,ALX3447,3,91,False,60,31.009576,28.605831,N41,7000,96.0,54.0,2.0,,54.0,2.0,2.0,True
ALX3447-2,ALX3447,3,92,False,290,31.009576,28.605831,N41,7000,88.0,568.0,0.0,,568.0,0.0,0.0,True
ALX3447-3,ALX3447,3,93,False,355,31.009576,28.605831,N41,7000,80.0,137.0,1.0,,137.0,1.0,1.0,True
ALX3450-1,ALX3450,3,91,False,80,31.2399,29.9875,N41,7000,695.0,707.0,3.0,,707.0,3.0,3.0,True
ALX3450-2,ALX3450,3,92,False,190,31.2399,29.9875,N41,7000,715.0,708.0,0.0,,708.0,0.0,0.0,True
ALX3450-3,ALX3450,3,93,False,325,31.2399,29.9875,N41,7000,670.0,709.0,1.0,,709.0,1.0,1.0,True
ALX3452-1,ALX3452,4,91,False,35,30.991918,28.689766,N41,7000,445.0,814.0,2.0,,814.0,2.0,2.0,True
ALX3452-2,ALX3452,4,92,False,115,30.991918,28.689766,N41,7000,440.0,961.0,1.0,,961.0,1.0,1.0,True
ALX3452-3,ALX3452,4,93,False,250,30.991918,28.689766,N41,7000,435.0,511.0,3.0,,511.0,3.0,3.0,True
ALX3452-4,ALX3452,4,94,False,330,30.991918,28.689766,N41,7000,430.0,580.0,0.0,,580.0,0.0,0.0,True
ALX3463-1,ALX3463,3,91,False,125,30.8493,28.96951,N41,7000,300.0,191.0,3.0,,191.0,3.0,3.0,True
ALX3463-2,ALX3463,3,92,False,230,30.8493,28.96951,N41,7000,295.0,286.0,2.0,,286.0,2.0,2.0,True
ALX3463-3,ALX3463,3,93,False,300,30.8493,28.96951,N41,7000,290.0,164.0,0.0,,164.0,0.0,0.0,True
ALX3466-1,ALX3466,2,91,False,110,31.207294,29.959316,N41,7000,160.0,969.0,1.0,,969.0,1.0,1.0,True
ALX3466-2,ALX3466,2,92,False,200,31.207294,29.959316,N41,7000,155.0,944.0,0.0,,944.0,0.0,0.0,True
ALX3467-1,ALX3467,4,91,False,70,31.089278,27.955528,N41,7000,48.0,726.0,2.0,,726.0,2.0,2.0,True
ALX3467-2,ALX3467,4,92,False,155,31.089278,27.955528,N41,7000,40.0,365.0,1.0,,365.0,1.0,1.0,True
ALX3467-3,ALX3467,4,93,False,205,31.089278,27.955528,N41,7000,32.0,803.0,3.0,,803.0,3.0,3.0,True
ALX3467-4,ALX3467,4,94,False,295,31.089278,27.955528,N41,7000,24.0,928.0,0.0,,928.0,0.0,0.0,True
ALX3472-1,ALX3472,4,91,False,10,30.99661,28.69749,N41,7000,325.0,619.0,3.0,,619.0,3.0,3.0,True
ALX3472-2,ALX3472,4,92,False,90,30.99661,28.69749,N41,7000,320.0,316.0,0.0,,316.0,0.0,0.0,True
ALX3472-3,ALX3472,4,93,False,200,30.99661,28.69749,N41,7000,275.0,373.0,1.0,,373.0,1.0,1.0,True
ALX3472-4,ALX3472,4,94,False,280,30.99661,28.69749,N41,7000,265.0,866.0,2.0,,866.0,2.0,2.0,True
ALX3473-1,ALX3473,4,91,False,25,30.83879,28.96974,N41,7000,705.0,375.0,3.0,,375.0,3.0,3.0,True
ALX3473-2,ALX3473,4,92,False,110,30.83879,28.96974,N41,7000,645.0,58.0,2.0,,58.0,2.0,2.0,True
ALX3473-3,ALX3473,4,93,False,195,30.83879,28.96974,N41,7000,640.0,573.0,1.0,,573.0,1.0,1.0,True
ALX3473-4,ALX3473,4,94,False,295,30.83879,28.96974,N41,7000,630.0,184.0,0.0,,184.0,0.0,0.0,True
ALX3474-1,ALX3474,3,91,False,45,31.08573,27.978186,N41,7000,128.0,45.0,1.0,,45.0,1.0,1.0,True
ALX3474-2,ALX3474,3,92,False,180,31.08573,27.978186,N41,7000,120.0,336.0,0.0,,336.0,0.0,0.0,True
ALX3474-3,ALX3474,3,93,False,340,31.08573,27.978186,N41,7000,112.0,771.0,3.0,,771.0,3.0,3.0,True
ALX3478-1,ALX3478,4,91,False,10,30.990148,28.71298,N41,7000,725.0,985.0,1.0,,985.0,1.0,1.0,True
ALX3478-2,ALX3478,4,92,False,80,30.990148,28.71298,N41,7000,720.0,611.0,3.0,,611.0,3.0,3.0,True
ALX3478-3,ALX3478,4,93,False,190,30.990148,28.71298,N41,7000,715.0,966.0,2.0,,966.0,2.0,2.0,True
ALX3478-4,ALX3478,4,94,False,295,30.990148,28.71298,N41,7000,710.0,364.0,0.0,,364.0,0.0,0.0,True
ALX3487-1,ALX3487,4,91,False,45,31.191686,27.558516,N41,7000,104.0,607.0,3.0,,607.0,3.0,3.0,True
ALX3487-2,ALX3487,4,92,False,110,31.191686,27.558516,N41,7000,96.0,897.0,1.0,,897.0,1.0,1.0,True
ALX3487-3,ALX3487,4,93,False,260,31.191686,27.558516,N41,7000,88.0,338.0,2.0,,338.0,2.0,2.0,True
ALX3487-4,ALX3487,4,94,False,340,31.191686,27.558516,N41,7000,80.0,308.0,0.0,,308.0,0.0,0.0,True
ALX3496-1,ALX3496,3,91,False,0,31.01604,28.59753,N41,7000,395.0,120.0,0.0,,120.0,0.0,0.0,True
ALX3496-2,ALX3496,3,92,False,120,31.01604,28.59753,N41,7000,390.0,158.0,2.0,,158.0,2.0,2.0,True
ALX3496-3,ALX3496,3,93,False,180,31.01604,28.59753,N41,7000,385.0,821.0,1.0,,821.0,1.0,1.0,True
ALX3507-1,ALX3507,3,91,False,30,30.978059,28.748753,N41,7000,685.0,11.0,3.0,,11.0,3.0,3.0,True
ALX3507-2,ALX3507,3,92,False,100,30.978059,28.748753,N41,7000,680.0,121.0,1.0,,121.0,1.0,1.0,True
ALX3507-3,ALX3507,3,93,False,285,30.978059,28.748753,N41,7000,675.0,92.0,0.0,,92.0,0.0,0.0,True
ALX3520-1,ALX3520,3,91,False,10,31.215161,29.946159,N41,7000,205.0,205.0,1.0,,205.0,1.0,1.0,True
ALX3520-2,ALX3520,3,92,False,125,31.215161,29.946159,N41,7000,200.0,204.0,0.0,,204.0,0.0,0.0,True
ALX3520-3,ALX3520,3,93,False,250,31.215161,29.946159,N41,7000,195.0,206.0,2.0,,206.0,2.0,2.0,True
ALX3522-1,ALX3522,3,91,False,80,31.26585,30.00216,N41,7000,290.0,244.0,0.0,,244.0,0.0,0.0,True
ALX3522-2,ALX3522,3,92,False,200,31.26585,30.00216,N41,7000,285.0,122.0,2.0,,122.0,2.0,2.0,True
ALX3522-3,ALX3522,3,93,False,305,31.26585,30.00216,N41,7000,280.0,325.0,1.0,,325.0,1.0,1.0,True
ALX3542-1,ALX3542,3,91,False,355,30.99448,28.665571,N41,7000,765.0,760.0,0.0,,760.0,0.0,0.0,True
ALX3542-2,ALX3542,3,92,False,90,30.99448,28.665571,N41,7000,760.0,342.0,2.0,,342.0,2.0,2.0,True
ALX3542-3,ALX3542,3,93,False,295,30.99448,28.665571,N41,7000,755.0,529.0,1.0,,529.0,1.0,1.0,True
ALX3559-1,ALX3559,4,91,False,15,30.973934,28.749206,N41,7000,405.0,144.0,0.0,,144.0,0.0,0.0,True
ALX3559-2,ALX3559,4,92,False,110,30.973934,28.749206,N41,7000,400.0,581.0,1.0,,581.0,1.0,1.0,True
ALX3559-3,ALX3559,4,93,False,170,30.973934,28.749206,N41,7000,395.0,962.0,2.0,,962.0,2.0,2.0,True
ALX3559-4,ALX3559,4,94,False,275,30.973934,28.749206,N41,7000,390.0,959.0,3.0,,959.0,3.0,3.0,True
ALX3560-1,ALX3560,4,91,False,65,30.843334,28.9265,N41,7000,30.0,829.0,1.0,,829.0,1.0,1.0,True
ALX3560-2,ALX3560,4,92,False,145,30.843334,28.9265,N41,7000,25.0,683.0,3.0,,683.0,3.0,3.0,True
ALX3560-3,ALX3560,4,93,False,245,30.843334,28.9265,N41,7000,20.0,356.0,0.0,,356.0,0.0,0.0,True
ALX3560-4,ALX3560,4,94,False,325,30.843334,28.9265,N41,7000,15.0,738.0,2.0,,738.0,2.0,2.0,True
ALX3561-1,ALX3561,4,91,False,0,30.982652,28.737277,N41,7000,385.0,43.0,3.0,,43.0,3.0,3.0,True
ALX3561-2,ALX3561,4,92,False,10,30.982652,28.737277,N41,7000,370.0,77.0,1.0,,77.0,1.0,1.0,True
ALX3561-3,ALX3561,4,93,False,20,30.982652,28.737277,N41,7000,10.0,800.0,0.0,,800.0,0.0,0.0,True
ALX3561-4,ALX3561,4,94,False,30,30.982652,28.737277,N41,7000,5.0,166.0,2.0,,166.0,2.0,2.0,True
ALX3562-1,ALX3562,4,91,False,35,30.8371,28.9269,N41,7000,70.0,881.0,1.0,,881.0,1.0,1.0,True
ALX3562-2,ALX3562,4,92,False,145,30.8371,28.9269,N41,7000,755.0,882.0,2.0,,882.0,2.0,2.0,True
ALX3562-3,ALX3562,4,93,False,230,30.8371,28.9269,N41,7000,750.0,883.0,3.0,,883.0,3.0,3.0,True
ALX3562-4,ALX3562,4,94,False,290,30.8371,28.9269,N41,7000,745.0,984.0,0.0,,984.0,0.0,0.0,True
ALX3571-1,ALX3571,4,91,False,45,30.974858,28.73718,N41,7000,205.0,733.0,1.0,,733.0,1.0,1.0,True
ALX3571-2,ALX3571,4,92,False,110,30.974858,28.73718,N41,7000,200.0,330.0,2.0,,330.0,2.0,2.0,True
ALX3571-3,ALX3571,4,93,False,250,30.974858,28.73718,N41,7000,195.0,352.0,0.0,,352.0,0.0,0.0,True
ALX3571-4,ALX3571,4,94,False,340,30.974858,28.73718,N41,7000,190.0,1003.0,3.0,,1003.0,3.0,3.0,True
ALX3576-1,ALX3576,4,91,False,50,31.24377,29.966378,N41,7000,395.0,584.0,0.0,,584.0,0.0,0.0,True
ALX3576-2,ALX3576,4,92,False,115,31.24377,29.966378,N41,7000,390.0,589.0,1.0,,589.0,1.0,1.0,True
ALX3576-3,ALX3576,4,93,False,180,31.24377,29.966378,N41,7000,385.0,143.0,3.0,,143.0,3.0,3.0,True
ALX3576-4,ALX3576,4,94,False,245,31.24377,29.966378,N41,7000,380.0,202.0,2.0,,202.0,2.0,2.0,True
ALX3582-1,ALX3582,1,91,False,105,31.074434,28.356715,N41,7000,30.0,146.0,2.0,,146.0,2.0,2.0,True
ALX3583-1,ALX3583,4,91,False,100,30.81903,29.02028,N41,7000,285.0,418.0,2.0,,418.0,2.0,2.0,True
ALX3583-2,ALX3583,4,92,False,175,30.81903,29.02028,N41,7000,280.0,892.0,0.0,,892.0,0.0,0.0,True
ALX3583-3,ALX3583,4,93,False,280,30.81903,29.02028,N41,7000,275.0,501.0,1.0,,501.0,1.0,1.0,True
ALX3583-4,ALX3583,4,94,False,350,30.81903,29.02028,N41,7000,270.0,419.0,3.0,,419.0,3.0,3.0,True
ALX3605-1,ALX3605,4,91,False,10,30.8136,29.0923,N41,7000,305.0,488.0,0.0,,488.0,0.0,0.0,True
ALX3605-2,ALX3605,4,92,False,75,30.8136,29.0923,N41,7000,300.0,978.0,2.0,,978.0,2.0,2.0,True
ALX3605-3,ALX3605,4,93,False,190,30.8136,29.0923,N41,7000,295.0,485.0,1.0,,485.0,1.0,1.0,True
ALX3605-4,ALX3605,4,94,False,280,30.8136,29.0923,N41,7000,290.0,763.0,3.0,,763.0,3.0,3.0,True
ALX3606-1,ALX3606,4,91,False,30,30.8237,29.1823,N41,7000,260.0,90.0,2.0,,90.0,2.0,2.0,True
ALX3606-2,ALX3606,4,92,False,90,30.8237,29.1823,N41,7000,245.0,715.0,3.0,,715.0,3.0,3.0,True
ALX3606-3,ALX3606,4,93,False,255,30.8237,29.1823,N41,7000,205.0,988.0,0.0,,988.0,0.0,0.0,True
ALX3606-4,ALX3606,4,94,False,320,30.8237,29.1823,N41,7000,200.0,957.0,1.0,,957.0,1.0,1.0,True
ALX3609-1,ALX3609,3,91,False,110,31.0301,28.4867,N41,7000,8.0,876.0,0.0,,876.0,0.0,0.0,True
ALX3609-2,ALX3609,3,92,False,280,31.0301,28.4867,N41,7000,0.0,877.0,1.0,,877.0,1.0,1.0,True
ALX3609-3,ALX3609,3,93,False,350,31.0301,28.4867,N41,7000,656.0,878.0,2.0,,878.0,2.0,2.0,True
ALX3614-1,ALX3614,3,91,False,0,31.0709,27.9704,N41,7000,72.0,453.0,1.0,,453.0,1.0,1.0,True
ALX3614-2,ALX3614,3,92,False,100,31.0709,27.9704,N41,7000,64.0,702.0,2.0,,702.0,2.0,2.0,True
ALX3614-3,ALX3614,3,93,False,290,31.0709,27.9704,N41,7000,56.0,428.0,0.0,,428.0,0.0,0.0,True
ALX3616-1,ALX3616,3,91,False,100,31.138,27.6897,N41,7000,40.0,901.0,1.0,,901.0,1.0,1.0,True
ALX3616-2,ALX3616,3,92,False,290,31.138,27.6897,N41,7000,32.0,902.0,2.0,,902.0,2.0,2.0,True
ALX3616-3,ALX3616,3,93,False,350,31.138,27.6897,N41,7000,24.0,903.0,3.0,,903.0,3.0,3.0,True
ALX3617-1,ALX3617,3,91,False,40,31.1764,27.5729,N41,7000,40.0,343.0,3.0,,343.0,3.0,3.0,True
ALX3617-2,ALX3617,3,92,False,115,31.1764,27.5729,N41,7000,32.0,381.0,1.0,,381.0,1.0,1.0,True
ALX3617-3,ALX3617,3,93,False,280,31.1764,27.5729,N41,7000,24.0,410.0,2.0,,410.0,2.0,2.0,True
ALX3619-1,ALX3619,4,91,False,20,30.893,28.846,N41,7000,670.0,536.0,0.0,,536.0,0.0,0.0,True
ALX3619-2,ALX3619,4,92,False,120,30.893,28.846,N41,7000,665.0,299.0,3.0,,299.0,3.0,3.0,True
ALX3619-3,ALX3619,4,93,False,220,30.893,28.846,N41,7000,660.0,421.0,1.0,,421.0,1.0,1.0,True
ALX3619-4,ALX3619,4,94,False,310,30.893,28.846,N41,7000,655.0,958.0,2.0,,958.0,2.0,2.0,True
ALX3622-1,ALX3622,4,91,False,30,30.8372,28.9583,N41,7000,10.0,943.0,3.0,,943.0,3.0,3.0,True
ALX3622-2,ALX3622,4,92,False,125,30.8372,28.9583,N41,7000,5.0,489.0,1.0,,489.0,1.0,1.0,True
ALX3622-3,ALX3622,4,93,False,205,30.8372,28.9583,N41,7000,0.0,700.0,0.0,,700.0,0.0,0.0,True
ALX3622-4,ALX3622,4,94,False,280,30.8372,28.9583,N41,7000,760.0,394.0,2.0,,394.0,2.0,2.0,True
ALX3624-1,ALX3624,3,91,False,10,30.8254,28.9838,N41,7000,755.0,119.0,3.0,,119.0,3.0,3.0,True
ALX3624-2,ALX3624,3,92,False,80,30.8254,28.9838,N41,7000,750.0,697.0,1.0,,697.0,1.0,1.0,True
ALX3624-3,ALX3624,3,93,False,190,30.8254,28.9838,N41,7000,745.0,518.0,2.0,,518.0,2.0,2.0,True
ALX3625-1,ALX3625,4,91,False,10,30.8308,28.9714,N41,7000,740.0,992.0,0.0,,992.0,0.0,0.0,True
ALX3625-2,ALX3625,4,92,False,90,30.8308,28.9714,N41,7000,735.0,622.0,2.0,,622.0,2.0,2.0,True
ALX3625-3,ALX3625,4,93,False,190,30.8308,28.9714,N41,7000,730.0,129.0,1.0,,129.0,1.0,1.0,True
ALX3625-4,ALX3625,4,94,False,310,30.8308,28.9714,N41,7000,725.0,879.0,3.0,,879.0,3.0,3.0,True
ALX3627-1,ALX3627,4,91,False,25,30.8269,28.9793,N41,7000,700.0,449.0,1.0,,449.0,1.0,1.0,True
ALX3627-2,ALX3627,4,92,False,100,30.8269,28.9793,N41,7000,695.0,699.0,3.0,,699.0,3.0,3.0,True
ALX3627-3,ALX3627,4,93,False,220,30.8269,28.9793,N41,7000,690.0,520.0,0.0,,520.0,0.0,0.0,True
ALX3627-4,ALX3627,4,94,False,310,30.8269,28.9793,N41,7000,685.0,334.0,2.0,,334.0,2.0,2.0,True
ALX3629-1,ALX3629,3,91,False,55,30.8135,29.1058,N41,7000,495.0,159.0,3.0,,159.0,3.0,3.0,True
ALX3629-2,ALX3629,3,92,False,270,30.8135,29.1058,N41,7000,490.0,257.0,1.0,,257.0,1.0,1.0,True
ALX3629-3,ALX3629,3,93,False,350,30.8135,29.1058,N41,7000,485.0,514.0,2.0,,514.0,2.0,2.0,True
ALX3630-1,ALX3630,3,91,False,5,30.8145,29.1175,N41,7000,285.0,547.0,3.0,,547.0,3.0,3.0,True
ALX3630-2,ALX3630,3,92,False,70,30.8145,29.1175,N41,7000,280.0,101.0,1.0,,101.0,1.0,1.0,True
ALX3630-3,ALX3630,3,93,False,260,30.8145,29.1175,N41,7000,275.0,222.0,2.0,,222.0,2.0,2.0,True
ALX3634-1,ALX3634,3,91,False,110,30.8191,29.155,N41,7000,185.0,189.0,1.0,,189.0,1.0,1.0,True
ALX3634-2,ALX3634,3,92,False,280,30.8191,29.155,N41,7000,155.0,616.0,0.0,,616.0,0.0,0.0,True
ALX3634-3,ALX3634,3,93,False,15,30.8191,29.155,N41,7000,150.0,175.0,3.0,,175.0,3.0,3.0,True
ALX3642-1,ALX3642,4,91,False,40,30.952367,28.776373,N41,7000,345.0,353.0,1.0,,353.0,1.0,1.0,True
ALX3642-2,ALX3642,4,92,False,140,30.952367,28.776373,N41,7000,340.0,155.0,3.0,,155.0,3.0,3.0,True
ALX3642-3,ALX3642,4,93,False,220,30.952367,28.776373,N41,7000,335.0,1006.0,2.0,,1006.0,2.0,2.0,True
ALX3642-4,ALX3642,4,94,False,290,30.952367,28.776373,N41,7000,330.0,688.0,0.0,,688.0,0.0,0.0,True
ALX3643-1,ALX3643,4,91,False,40,31.034568,28.589608,N41,7000,565.0,674.0,2.0,,674.0,2.0,2.0,True
ALX3643-2,ALX3643,4,92,False,150,31.034568,28.589608,N41,7000,560.0,675.0,3.0,,675.0,3.0,3.0,True
ALX3643-3,ALX3643,4,93,False,210,31.034568,28.589608,N41,7000,555.0,676.0,0.0,,676.0,0.0,0.0,True
ALX3643-4,ALX3643,4,94,False,270,31.034568,28.589608,N41,7000,545.0,493.0,1.0,,493.0,1.0,1.0,True
ALX3646-1,ALX3646,3,91,False,10,30.8143,29.055,N41,7000,675.0,170.0,2.0,,170.0,2.0,2.0,True
ALX3646-2,ALX3646,3,92,False,90,30.8143,29.055,N41,7000,670.0,104.0,0.0,,104.0,0.0,0.0,True
ALX3646-3,ALX3646,3,93,False,300,30.8143,29.055,N41,7000,665.0,677.0,1.0,,677.0,1.0,1.0,True
ALX3647-1,ALX3647,3,91,False,20,31.206442,29.914144,N41,7000,70.0,802.0,2.0,,802.0,2.0,2.0,True
ALX3647-2,ALX3647,3,92,False,160,31.206442,29.914144,N41,7000,65.0,803.0,3.0,,803.0,3.0,3.0,True
ALX3647-3,ALX3647,3,93,False,240,31.206442,29.914144,N41,7000,60.0,801.0,1.0,,801.0,1.0,1.0,True
ALX3648-1,ALX3648,4,91,False,110,30.837806,28.986848,N41,7000,625.0,934.0,2.0,,934.0,2.0,2.0,True
ALX3648-2,ALX3648,4,92,False,175,30.837806,28.986848,N41,7000,620.0,924.0,0.0,,924.0,0.0,0.0,True
ALX3648-3,ALX3648,4,93,False,250,30.837806,28.986848,N41,7000,615.0,721.0,1.0,,721.0,1.0,1.0,True
ALX3648-4,ALX3648,4,94,False,315,30.837806,28.986848,N41,7000,610.0,531.0,3.0,,531.0,3.0,3.0,True
ALX3654-1,ALX3654,3,91,False,20,31.1634,27.6281,N41,7000,40.0,487.0,3.0,,487.0,3.0,3.0,True
ALX3654-2,ALX3654,3,92,False,125,31.1634,27.6281,N41,7000,32.0,766.0,2.0,,766.0,2.0,2.0,True
ALX3654-3,ALX3654,3,93,False,285,31.1634,27.6281,N41,7000,24.0,773.0,1.0,,773.0,1.0,1.0,True
ALX3655-1,ALX3655,3,91,False,85,30.818,29.0297,N41,7000,50.0,602.0,2.0,,602.0,2.0,2.0,True
ALX3655-2,ALX3655,3,92,False,290,30.818,29.0297,N41,7000,45.0,115.0,3.0,,115.0,3.0,3.0,True
ALX3655-3,ALX3655,3,93,False,355,30.818,29.0297,N41,7000,40.0,9.0,1.0,,9.0,1.0,1.0,True
ALX3657-2,ALX3657,2,92,False,70,30.8442,28.9476,N41,7000,580.0,97.0,1.0,,97.0,1.0,1.0,True
ALX3657-3,ALX3657,2,93,False,130,30.8442,28.9476,N41,7000,575.0,775.0,3.0,,775.0,3.0,3.0,True
ALX3660-1,ALX3660,4,91,False,40,30.8505,29.2856,N41,7000,110.0,165.0,1.0,,165.0,1.0,1.0,True
ALX3660-2,ALX3660,4,92,False,175,30.8505,29.2856,N41,7000,105.0,490.0,2.0,,490.0,2.0,2.0,True
ALX3660-3,ALX3660,4,93,False,280,30.8505,29.2856,N41,7000,100.0,128.0,0.0,,128.0,0.0,0.0,True
ALX3660-4,ALX3660,4,94,False,340,30.8505,29.2856,N41,7000,95.0,539.0,3.0,,539.0,3.0,3.0,True
ALX3662-1,ALX3662,3,91,False,50,30.93,29.4743,N41,7000,660.0,76.0,0.0,,76.0,0.0,0.0,True
ALX3662-2,ALX3662,3,92,False,270,30.93,29.4743,N41,7000,655.0,77.0,1.0,,77.0,1.0,1.0,True
ALX3662-3,ALX3662,3,93,False,345,30.93,29.4743,N41,7000,645.0,78.0,2.0,,78.0,2.0,2.0,True
ALX3665-1,ALX3665,4,91,False,0,30.8426908,28.9213673,N41,7000,270.0,63.0,3.0,,63.0,3.0,3.0,True
ALX3665-2,ALX3665,4,92,False,80,30.8426908,28.9213673,N41,7000,265.0,625.0,1.0,,625.0,1.0,1.0,True
ALX3665-3,ALX3665,4,93,False,150,30.8426908,28.9213673,N41,7000,260.0,466.0,2.0,,466.0,2.0,2.0,True
ALX3665-4,ALX3665,4,94,False,300,30.8426908,28.9213673,N41,7000,245.0,720.0,0.0,,720.0,0.0,0.0,True
ALX3666-1,ALX3666,3,91,False,40,30.8256,29.0043,N41,7000,245.0,793.0,1.0,,793.0,1.0,1.0,True
ALX3666-2,ALX3666,3,92,False,140,30.8256,29.0043,N41,7000,240.0,223.0,3.0,,223.0,3.0,3.0,True
ALX3666-3,ALX3666,3,93,False,220,30.8256,29.0043,N41,7000,235.0,644.0,0.0,,644.0,0.0,0.0,True
ALX3667-1,ALX3667,3,91,False,100,30.86383,28.88774,N41,7000,184.0,588.0,0.0,,588.0,0.0,0.0,True
ALX3667-2,ALX3667,3,92,False,175,30.86383,28.88774,N41,7000,24.0,19.0,3.0,,19.0,3.0,3.0,True
ALX3667-3,ALX3667,3,93,False,260,30.86383,28.88774,N41,7000,16.0,582.0,2.0,,582.0,2.0,2.0,True
ALX3669-1,ALX3669,4,91,False,120,30.9871,28.7232,N41,7000,380.0,437.0,1.0,,437.0,1.0,1.0,True
ALX3669-2,ALX3669,4,92,False,190,30.9871,28.7232,N41,7000,375.0,411.0,3.0,,411.0,3.0,3.0,True
ALX3669-3,ALX3669,4,93,False,260,30.9871,28.7232,N41,7000,365.0,392.0,0.0,,392.0,0.0,0.0,True
ALX3669-4,ALX3669,4,94,False,330,30.9871,28.7232,N41,7000,360.0,894.0,2.0,,894.0,2.0,2.0,True
ALX3671-1,ALX3671,4,91,False,30,30.9514,29.5194,N41,7000,350.0,508.0,0.0,,508.0,0.0,0.0,True
ALX3671-2,ALX3671,4,92,False,135,30.9514,29.5194,N41,7000,340.0,837.0,1.0,,837.0,1.0,1.0,True
ALX3671-3,ALX3671,4,93,False,250,30.9514,29.5194,N41,7000,335.0,903.0,3.0,,903.0,3.0,3.0,True
ALX3671-4,ALX3671,4,94,False,315,30.9514,29.5194,N41,7000,290.0,254.0,2.0,,254.0,2.0,2.0,True
ALX3676-1,ALX3676,3,91,False,80,30.8235,28.9955,N41,7000,385.0,477.0,1.0,,477.0,1.0,1.0,True
ALX3676-2,ALX3676,3,92,False,280,30.8235,28.9955,N41,7000,380.0,4.0,0.0,,4.0,0.0,0.0,True
ALX3676-3,ALX3676,3,93,False,350,30.8235,28.9955,N41,7000,375.0,579.0,3.0,,579.0,3.0,3.0,True
ALX3681-1,ALX3681,3,91,False,0,31.066494,28.363448,N41,7000,555.0,116.0,0.0,,116.0,0.0,0.0,True
ALX3681-2,ALX3681,3,92,False,155,31.066494,28.363448,N41,7000,550.0,374.0,2.0,,374.0,2.0,2.0,True
ALX3681-3,ALX3681,3,93,False,300,31.066494,28.363448,N41,7000,545.0,271.0,3.0,,271.0,3.0,3.0,True
ALX3694-1,ALX3694,3,91,False,0,30.997365,28.655357,N41,7000,425.0,370.0,2.0,,370.0,2.0,2.0,True
ALX3694-2,ALX3694,3,92,False,110,30.997365,28.655357,N41,7000,415.0,545.0,1.0,,545.0,1.0,1.0,True
ALX3694-3,ALX3694,3,93,False,190,30.997365,28.655357,N41,7000,410.0,135.0,3.0,,135.0,3.0,3.0,True
ALX3695-1,ALX3695,4,91,False,10,30.83914,28.93223,N41,7000,570.0,809.0,1.0,,809.0,1.0,1.0,True
ALX3695-2,ALX3695,4,92,False,135,30.83914,28.93223,N41,7000,510.0,931.0,3.0,,931.0,3.0,3.0,True
ALX3695-3,ALX3695,4,93,False,220,30.83914,28.93223,N41,7000,505.0,990.0,2.0,,990.0,2.0,2.0,True
ALX3695-4,ALX3695,4,94,False,300,30.83914,28.93223,N41,7000,500.0,540.0,0.0,,540.0,0.0,0.0,True
ALX3699-1,ALX3699,4,91,False,50,30.965635,28.745089,N41,7000,40.0,491.0,3.0,,491.0,3.0,3.0,True
ALX3699-2,ALX3699,4,92,False,115,30.965635,28.745089,N41,7000,32.0,517.0,1.0,,517.0,1.0,1.0,True
ALX3699-3,ALX3699,4,93,False,220,30.965635,28.745089,N41,7000,24.0,474.0,2.0,,474.0,2.0,2.0,True
ALX3699-4,ALX3699,4,94,False,345,30.965635,28.745089,N41,7000,16.0,952.0,0.0,,952.0,0.0,0.0,True
ALX3700-1,ALX3700,4,91,False,20,30.8118,29.0659,N41,7000,10.0,826.0,2.0,,826.0,2.0,2.0,True
ALX3700-2,ALX3700,4,92,False,90,30.8118,29.0659,N41,7000,5.0,256.0,0.0,,256.0,0.0,0.0,True
ALX3700-3,ALX3700,4,93,False,235,30.8118,29.0659,N41,7000,0.0,753.0,1.0,,753.0,1.0,1.0,True
ALX3700-4,ALX3700,4,94,False,310,30.8118,29.0659,N41,7000,75.0,519.0,3.0,,519.0,3.0,3.0,True
ALX3704-1,ALX3704,3,91,False,150,31.0105235,28.6129742,N41,7000,232.0,123.0,3.0,,123.0,3.0,3.0,True
ALX3704-2,ALX3704,3,92,False,240,31.0105235,28.6129742,N41,7000,224.0,701.0,1.0,,701.0,1.0,1.0,True
ALX3704-3,ALX3704,3,93,False,330,31.0105235,28.6129742,N41,7000,216.0,508.0,0.0,,508.0,0.0,0.0,True
ALX3717-1,ALX3717,3,91,False,70,30.99845,28.65151,N41,7000,715.0,233.0,1.0,,233.0,1.0,1.0,True
ALX3717-2,ALX3717,3,92,False,280,30.99845,28.65151,N41,7000,710.0,546.0,2.0,,546.0,2.0,2.0,True
ALX3717-3,ALX3717,3,93,False,355,30.99845,28.65151,N41,7000,705.0,20.0,0.0,,20.0,0.0,0.0,True
ALX3718-1,ALX3718,3,91,False,60,31.299998,30.066143,N41,7000,315.0,236.0,0.0,,236.0,0.0,0.0,True
ALX3718-2,ALX3718,3,92,False,165,31.299998,30.066143,N41,7000,310.0,571.0,3.0,,571.0,3.0,3.0,True
ALX3718-3,ALX3718,3,93,False,320,31.299998,30.066143,N41,7000,300.0,657.0,1.0,,657.0,1.0,1.0,True
ALX3723-1,ALX3723,3,91,False,30,31.22124,29.94246,N41,7000,240.0,598.0,2.0,,598.0,2.0,2.0,True
ALX3723-2,ALX3723,3,92,False,175,31.22124,29.94246,N41,7000,235.0,663.0,3.0,,663.0,3.0,3.0,True
ALX3723-3,ALX3723,3,93,False,260,31.22124,29.94246,N41,7000,230.0,653.0,1.0,,653.0,1.0,1.0,True
ALX3728-1,ALX3728,4,91,False,15,31.02172,28.59417,N41,7000,208.0,609.0,1.0,,609.0,1.0,1.0,True
ALX3728-2,ALX3728,4,92,False,80,31.02172,28.59417,N41,7000,200.0,502.0,2.0,,502.0,2.0,2.0,True
ALX3728-3,ALX3728,4,93,False,140,31.02172,28.59417,N41,7000,192.0,456.0,0.0,,456.0,0.0,0.0,True
ALX3728-4,ALX3728,4,94,False,290,31.02172,28.59417,N41,7000,184.0,899.0,3.0,,899.0,3.0,3.0,True
ALX3729-1,ALX3729,3,91,False,105,31.19431,29.91701,N41,7000,355.0,6.0,2.0,,6.0,2.0,2.0,True
ALX3729-2,ALX3729,3,92,False,210,31.19431,29.91701,N41,7000,345.0,7.0,3.0,,7.0,3.0,3.0,True
ALX3729-3,ALX3729,3,93,False,305,31.19431,29.91701,N41,7000,450.0,8.0,0.0,,8.0,0.0,0.0,True
ALX3735-1,ALX3735,4,91,False,30,31.09557,27.91527,N41,7000,65.0,714.0,2.0,,714.0,2.0,2.0,True
ALX3735-2,ALX3735,4,92,False,110,31.09557,27.91527,N41,7000,60.0,681.0,1.0,,681.0,1.0,1.0,True
ALX3735-3,ALX3735,4,93,False,260,31.09557,27.91527,N41,7000,25.0,651.0,3.0,,651.0,3.0,3.0,True
ALX3735-4,ALX3735,4,94,False,330,31.09557,27.91527,N41,7000,20.0,696.0,0.0,,696.0,0.0,0.0,True
ALX3737-1,ALX3737,4,91,False,45,31.07871,28.385201,N41,7000,805.0,18.0,2.0,,18.0,2.0,2.0,True
ALX3737-2,ALX3737,4,92,False,120,31.07871,28.385201,N41,7000,795.0,479.0,3.0,,479.0,3.0,3.0,True
ALX3737-3,ALX3737,4,93,False,275,31.07871,28.385201,N41,7000,760.0,57.0,1.0,,57.0,1.0,1.0,True
ALX3737-4,ALX3737,4,94,False,330,31.07871,28.385201,N41,7000,755.0,68.0,0.0,,68.0,0.0,0.0,True
ALX3753-1,ALX3753,3,91,False,60,31.263032,30.012093,N41,7000,515.0,38.0,2.0,,38.0,2.0,2.0,True
ALX3753-2,ALX3753,3,92,False,250,31.263032,30.012093,N41,7000,520.0,355.0,3.0,,355.0,3.0,3.0,True
ALX3753-3,ALX3753,3,93,False,330,31.263032,30.012093,N41,7000,360.0,49.0,1.0,,49.0,1.0,1.0,True
ALX3782-1,ALX3782,4,91,False,45,30.8432887,28.9142782,N41,7000,370.0,769.0,1.0,,769.0,1.0,1.0,True
ALX3782-2,ALX3782,4,92,False,115,30.8432887,28.9142782,N41,7000,365.0,634.0,2.0,,634.0,2.0,2.0,True
ALX3782-3,ALX3782,4,93,False,200,30.8432887,28.9142782,N41,7000,360.0,960.0,0.0,,960.0,0.0,0.0,True
ALX3782-4,ALX3782,4,94,False,305,30.8432887,28.9142782,N41,7000,355.0,323.0,3.0,,323.0,3.0,3.0,True
ALX3784-1,ALX3784,4,91,False,15,31.132465,27.835117,N41,7000,30.0,799.0,3.0,,799.0,3.0,3.0,True
ALX3784-2,ALX3784,4,92,False,80,31.132465,27.835117,N41,7000,25.0,665.0,1.0,,665.0,1.0,1.0,True
ALX3784-3,ALX3784,4,93,False,200,31.132465,27.835117,N41,7000,20.0,742.0,2.0,,742.0,2.0,2.0,True
ALX3784-4,ALX3784,4,94,False,300,31.132465,27.835117,N41,7000,15.0,712.0,0.0,,712.0,0.0,0.0,True
ALX3785-1,ALX3785,4,91,False,50,31.275743,30.013146,N41,7000,415.0,67.0,3.0,,67.0,3.0,3.0,True
ALX3785-2,ALX3785,4,92,False,175,31.275743,30.013146,N41,7000,405.0,818.0,2.0,,818.0,2.0,2.0,True
ALX3785-3,ALX3785,4,93,False,245,31.275743,30.013146,N41,7000,400.0,896.0,0.0,,896.0,0.0,0.0,True
ALX3785-4,ALX3785,4,94,False,315,31.275743,30.013146,N41,7000,795.0,601.0,1.0,,601.0,1.0,1.0,True
ALX3787-1,ALX3787,4,91,False,35,31.2124,29.967126,N41,7000,95.0,178.0,2.0,,178.0,2.0,2.0,True
ALX3787-2,ALX3787,4,92,False,95,31.2124,29.967126,N41,7000,70.0,901.0,1.0,,901.0,1.0,1.0,True
ALX3787-3,ALX3787,4,93,False,200,31.2124,29.967126,N41,7000,65.0,179.0,3.0,,179.0,3.0,3.0,True
ALX3787-4,ALX3787,4,94,False,320,31.2124,29.967126,N41,7000,60.0,177.0,1.0,,177.0,1.0,1.0,True
ALX3794-1,ALX3794,4,91,False,35,30.9373189,28.4607693,N41,7000,210.0,112.0,0.0,,112.0,0.0,0.0,True
ALX3794-2,ALX3794,4,92,False,130,30.9373189,28.4607693,N41,7000,205.0,89.0,1.0,,89.0,1.0,1.0,True
ALX3794-3,ALX3794,4,93,False,180,30.9373189,28.4607693,N41,7000,200.0,182.0,2.0,,182.0,2.0,2.0,True
ALX3794-4,ALX3794,4,94,False,275,30.9373189,28.4607693,N41,7000,615.0,599.0,3.0,,599.0,3.0,3.0,True
ALX3803-1,ALX3803,4,91,False,65,30.982904,28.732267,N41,7000,345.0,495.0,3.0,,495.0,3.0,3.0,True
ALX3803-2,ALX3803,4,92,False,120,30.982904,28.732267,N41,7000,340.0,509.0,1.0,,509.0,1.0,1.0,True
ALX3803-3,ALX3803,4,93,False,220,30.982904,28.732267,N41,7000,335.0,96.0,0.0,,96.0,0.0,0.0,True
ALX3803-4,ALX3803,4,94,False,300,30.982904,28.732267,N41,7000,330.0,626.0,2.0,,626.0,2.0,2.0,True
ALX3808-1,ALX3808,3,91,False,90,31.0672,28.035,N41,7000,145.0,906.0,2.0,,906.0,2.0,2.0,True
ALX3808-2,ALX3808,3,92,False,250,31.0672,28.035,N41,7000,140.0,907.0,3.0,,907.0,3.0,3.0,True
ALX3808-3,ALX3808,3,93,False,290,31.0672,28.035,N41,7000,135.0,908.0,0.0,,908.0,0.0,0.0,True
ALX3822-1,ALX3822,3,91,False,80,30.98195,28.73901,N41,7000,315.0,913.0,1.0,,913.0,1.0,1.0,True
ALX3822-2,ALX3822,3,92,False,175,30.98195,28.73901,N41,7000,310.0,914.0,2.0,,914.0,2.0,2.0,True
ALX3822-3,ALX3822,3,93,False,285,30.98195,28.73901,N41,7000,305.0,915.0,3.0,,915.0,3.0,3.0,True
ALX3823-1,ALX3823,4,91,False,100,30.832322,28.915799,N41,7000,740.0,441.0,1.0,,441.0,1.0,1.0,True
ALX3823-2,ALX3823,4,92,False,170,30.832322,28.915799,N41,7000,735.0,964.0,0.0,,964.0,0.0,0.0,True
ALX3823-3,ALX3823,4,93,False,270,30.832322,28.915799,N41,7000,730.0,955.0,3.0,,955.0,3.0,3.0,True
ALX3823-4,ALX3823,4,94,False,340,30.832322,28.915799,N41,7000,725.0,306.0,2.0,,306.0,2.0,2.0,True
ALX3836-1,ALX3836,3,91,False,20,31.0635,28.2504,N41,7000,645.0,572.0,0.0,,572.0,0.0,0.0,True
ALX3836-2,ALX3836,3,92,False,110,31.0635,28.2504,N41,7000,640.0,603.0,3.0,,603.0,3.0,3.0,True
ALX3836-3,ALX3836,3,93,False,310,31.0635,28.2504,N41,7000,635.0,429.0,1.0,,429.0,1.0,1.0,True
ALX3843-1,ALX3843,3,91,False,30,30.8646,29.3301,N41,7000,400.0,846.0,2.0,,846.0,2.0,2.0,True
ALX3843-2,ALX3843,3,92,False,230,30.8646,29.3301,N41,7000,395.0,84.0,0.0,,84.0,0.0,0.0,True
ALX3843-3,ALX3843,3,93,False,310,30.8646,29.3301,N41,7000,390.0,651.0,3.0,,651.0,3.0,3.0,True
ALX3844-1,ALX3844,3,91,False,10,30.8812,29.3661,N41,7000,445.0,627.0,3.0,,627.0,3.0,3.0,True
ALX3844-2,ALX3844,3,92,False,145,30.8812,29.3661,N41,7000,440.0,325.0,1.0,,325.0,1.0,1.0,True
ALX3844-3,ALX3844,3,93,False,305,30.8812,29.3661,N41,7000,435.0,842.0,2.0,,842.0,2.0,2.0,True
ALX3846-1,ALX3846,3,91,False,5,30.8557,29.3074,N41,7000,415.0,896.0,0.0,,896.0,0.0,0.0,True
ALX3846-2,ALX3846,3,92,False,115,30.8557,29.3074,N41,7000,410.0,49.0,1.0,,49.0,1.0,1.0,True
ALX3846-3,ALX3846,3,93,False,280,30.8557,29.3074,N41,7000,405.0,623.0,3.0,,623.0,3.0,3.0,True
ALX3849-1,ALX3849,3,91,False,15,30.8722,29.3446,N41,7000,245.0,604.0,0.0,,604.0,0.0,0.0,True
ALX3849-2,ALX3849,3,92,False,155,30.8722,29.3446,N41,7000,205.0,719.0,3.0,,719.0,3.0,3.0,True
ALX3849-3,ALX3849,3,93,False,295,30.8722,29.3446,N41,7000,200.0,89.0,1.0,,89.0,1.0,1.0,True
ALX3859-2,ALX3859,2,92,False,160,31.212084,29.93541,N41,7000,265.0,932.0,0.0,,932.0,0.0,0.0,True
ALX3859-3,ALX3859,2,93,False,220,31.212084,29.93541,N41,7000,260.0,510.0,2.0,,510.0,2.0,2.0,True
ALX3863-1,ALX3863,4,91,False,20,30.846262,28.922316,N41,7000,200.0,852.0,0.0,,852.0,0.0,0.0,True
ALX3863-2,ALX3863,4,92,False,95,30.846262,28.922316,N41,7000,195.0,853.0,1.0,,853.0,1.0,1.0,True
ALX3863-3,ALX3863,4,93,False,165,30.846262,28.922316,N41,7000,190.0,854.0,2.0,,854.0,2.0,2.0,True
ALX3863-4,ALX3863,4,94,False,300,30.846262,28.922316,N41,7000,185.0,967.0,3.0,,967.0,3.0,3.0,True
ALX3865-1,ALX3865,4,91,False,20,30.83176,28.96341,N41,7000,830.0,550.0,2.0,,550.0,2.0,2.0,True
ALX3865-2,ALX3865,4,92,False,100,30.83176,28.96341,N41,7000,825.0,405.0,1.0,,405.0,1.0,1.0,True
ALX3865-3,ALX3865,4,93,False,175,30.83176,28.96341,N41,7000,820.0,444.0,0.0,,444.0,0.0,0.0,True
ALX3865-4,ALX3865,4,94,False,260,30.83176,28.96341,N41,7000,815.0,847.0,3.0,,847.0,3.0,3.0,True
ALX3868-1,ALX3868,3,91,False,70,31.22594,29.96456,N41,7000,495.0,22.0,2.0,,22.0,2.0,2.0,True
ALX3868-2,ALX3868,3,92,False,170,31.22594,29.96456,N41,7000,430.0,44.0,0.0,,44.0,0.0,0.0,True
ALX3868-3,ALX3868,3,93,False,280,31.22594,29.96456,N41,7000,455.0,117.0,1.0,,117.0,1.0,1.0,True
ALX3883-1,ALX3883,4,91,False,65,31.25254,30.00889,N41,7000,530.0,409.0,1.0,,409.0,1.0,1.0,True
ALX3883-2,ALX3883,4,92,False,140,31.25254,30.00889,N41,7000,505.0,235.0,3.0,,235.0,3.0,3.0,True
ALX3883-3,ALX3883,4,93,False,210,31.25254,30.00889,N41,7000,500.0,788.0,0.0,,788.0,0.0,0.0,True
ALX3883-4,ALX3883,4,94,False,325,31.25254,30.00889,N41,7000,460.0,230.0,2.0,,230.0,2.0,2.0,True
ALX3889-1,ALX3889,4,91,False,70,31.251563,29.998894,N41,7000,440.0,45.0,1.0,,45.0,1.0,1.0,True
ALX3889-2,ALX3889,4,92,False,130,31.251563,29.998894,N41,7000,425.0,46.0,2.0,,46.0,2.0,2.0,True
ALX3889-3,ALX3889,4,93,False,205,31.251563,29.998894,N41,7000,650.0,47.0,3.0,,47.0,3.0,3.0,True
ALX3889-4,ALX3889,4,94,False,330,31.251563,29.998894,N41,7000,640.0,808.0,0.0,,808.0,0.0,0.0,True
ALX3893-1,ALX3893,3,91,False,40,31.2525,29.9858,N41,7000,510.0,93.0,1.0,,93.0,1.0,1.0,True
ALX3893-2,ALX3893,3,92,False,180,31.2525,29.9858,N41,7000,490.0,94.0,2.0,,94.0,2.0,2.0,True
ALX3893-3,ALX3893,3,93,False,300,31.2525,29.9858,N41,7000,485.0,95.0,3.0,,95.0,3.0,3.0,True
ALX3898-1,ALX3898,3,91,False,210,31.189584,27.599574,N41,7000,710.0,541.0,1.0,,541.0,1.0,1.0,True
ALX3898-2,ALX3898,3,92,False,275,31.189584,27.599574,N41,7000,685.0,587.0,3.0,,587.0,3.0,3.0,True
ALX3898-3,ALX3898,3,93,False,350,31.189584,27.599574,N41,7000,675.0,564.0,0.0,,564.0,0.0,0.0,True
ALX3904-1,ALX3904,4,91,False,5,31.209402,29.943631,N41,7000,340.0,171.0,3.0,,171.0,3.0,3.0,True
ALX3904-2,ALX3904,4,92,False,105,31.209402,29.943631,N41,7000,335.0,172.0,0.0,,172.0,0.0,0.0,True
ALX3904-3,ALX3904,4,93,False,170,31.209402,29.943631,N41,7000,330.0,173.0,1.0,,173.0,1.0,1.0,True
ALX3904-4,ALX3904,4,94,False,290,31.209402,29.943631,N41,7000,325.0,295.0,3.0,,295.0,3.0,3.0,True
ALX3910-1,ALX3910,4,91,False,65,31.0888,28.004352,N41,7000,130.0,589.0,1.0,,589.0,1.0,1.0,True
ALX3910-2,ALX3910,4,92,False,130,31.0888,28.004352,N41,7000,120.0,936.0,0.0,,936.0,0.0,0.0,True
ALX3910-3,ALX3910,4,93,False,220,31.0888,28.004352,N41,7000,115.0,986.0,2.0,,986.0,2.0,2.0,True
ALX3910-4,ALX3910,4,94,False,280,31.0888,28.004352,N41,7000,110.0,507.0,3.0,,507.0,3.0,3.0,True
ALX3913-1,ALX3913,4,91,False,10,31.025307,29.634832,N41,7000,50.0,599.0,3.0,,599.0,3.0,3.0,True
ALX3913-2,ALX3913,4,92,False,170,31.025307,29.634832,N41,7000,45.0,342.0,2.0,,342.0,2.0,2.0,True
ALX3913-3,ALX3913,4,93,False,235,31.025307,29.634832,N41,7000,40.0,480.0,0.0,,480.0,0.0,0.0,True
ALX3913-4,ALX3913,4,94,False,300,31.025307,29.634832,N41,7000,35.0,757.0,1.0,,757.0,1.0,1.0,True
ALX3915-1,ALX3915,4,91,False,95,31.218346,29.95829,N41,7000,155.0,23.0,3.0,,23.0,3.0,3.0,True
ALX3915-2,ALX3915,4,92,False,160,31.218346,29.95829,N41,7000,150.0,24.0,0.0,,24.0,0.0,0.0,True
ALX3915-3,ALX3915,4,93,False,255,31.218346,29.95829,N41,7000,145.0,25.0,1.0,,25.0,1.0,1.0,True
ALX3915-4,ALX3915,4,94,False,320,31.218346,29.95829,N41,7000,140.0,890.0,2.0,,890.0,2.0,2.0,True
ALX3918-1,ALX3918,4,91,False,30,31.08895,27.93726,N41,7000,104.0,885.0,1.0,,885.0,1.0,1.0,True
ALX3918-2,ALX3918,4,92,False,155,31.08895,27.93726,N41,7000,96.0,886.0,2.0,,886.0,2.0,2.0,True
ALX3918-3,ALX3918,4,93,False,240,31.08895,27.93726,N41,7000,88.0,887.0,3.0,,887.0,3.0,3.0,True
ALX3918-4,ALX3918,4,94,False,325,31.08895,27.93726,N41,7000,80.0,476.0,0.0,,476.0,0.0,0.0,True
ALX3927-1,ALX3927,4,91,False,5,31.198287,27.553252,N41,7000,72.0,435.0,3.0,,435.0,3.0,3.0,True
ALX3927-2,ALX3927,4,92,False,90,31.198287,27.553252,N41,7000,64.0,750.0,2.0,,750.0,2.0,2.0,True
ALX3927-3,ALX3927,4,93,False,165,31.198287,27.553252,N41,7000,56.0,993.0,1.0,,993.0,1.0,1.0,True
ALX3927-4,ALX3927,4,94,False,280,31.198287,27.553252,N41,7000,48.0,1004.0,0.0,,1004.0,0.0,0.0,True
ALX3929-1,ALX3929,3,91,False,30,30.920439,28.805889,N41,7000,125.0,73.0,1.0,,73.0,1.0,1.0,True
ALX3929-2,ALX3929,3,92,False,100,30.920439,28.805889,N41,7000,65.0,156.0,0.0,,156.0,0.0,0.0,True
ALX3929-3,ALX3929,3,93,False,315,30.920439,28.805889,N41,7000,60.0,430.0,2.0,,430.0,2.0,2.0,True
ALX3950-1,ALX3950,4,91,False,10,30.8493,29.2657,N41,7000,240.0,68.0,0.0,,68.0,0.0,0.0,True
ALX3950-2,ALX3950,4,92,False,120,30.8493,29.2657,N41,7000,235.0,729.0,1.0,,729.0,1.0,1.0,True
ALX3950-3,ALX3950,4,93,False,215,30.8493,29.2657,N41,7000,230.0,239.0,3.0,,239.0,3.0,3.0,True
ALX3950-4,ALX3950,4,94,False,285,30.8493,29.2657,N41,7000,225.0,986.0,2.0,,986.0,2.0,2.0,True
ALX3957-1,ALX3957,3,91,False,180,30.951519,28.804695,N41,7000,275.0,176.0,0.0,,176.0,0.0,0.0,True
ALX3957-2,ALX3957,3,92,False,260,30.951519,28.804695,N41,7000,270.0,446.0,2.0,,446.0,2.0,2.0,True
ALX3957-3,ALX3957,3,93,False,325,30.951519,28.804695,N41,7000,225.0,267.0,3.0,,267.0,3.0,3.0,True
ALX3958-1,ALX3958,3,91,False,15,30.825315,29.188114,N41,7000,330.0,40.0,0.0,,40.0,0.0,0.0,True
ALX3958-2,ALX3958,3,92,False,90,30.825315,29.188114,N41,7000,325.0,658.0,2.0,,658.0,2.0,2.0,True
ALX3958-3,ALX3958,3,93,False,300,30.825315,29.188114,N41,7000,270.0,553.0,1.0,,553.0,1.0,1.0,True
ALX3959-1,ALX3959,3,91,False,0,30.936573,28.826081,N41,7000,120.0,900.0,0.0,,900.0,0.0,0.0,True
ALX3959-2,ALX3959,3,92,False,235,30.936573,28.826081,N41,7000,112.0,989.0,1.0,,989.0,1.0,1.0,True
ALX3959-3,ALX3959,3,93,False,300,30.936573,28.826081,N41,7000,104.0,755.0,3.0,,755.0,3.0,3.0,True
ALX3960-1,ALX3960,4,91,False,30,31.074385,28.380136,N41,7000,440.0,447.0,3.0,,447.0,3.0,3.0,True
ALX3960-2,ALX3960,4,92,False,130,31.074385,28.380136,N41,7000,385.0,601.0,1.0,,601.0,1.0,1.0,True
ALX3960-3,ALX3960,4,93,False,260,31.074385,28.380136,N41,7000,380.0,404.0,0.0,,404.0,0.0,0.0,True
ALX3960-4,ALX3960,4,94,False,330,31.074385,28.380136,N41,7000,375.0,322.0,2.0,,322.0,2.0,2.0,True
ALX3962-1,ALX3962,4,91,False,70,31.0891944,27.9557778,N41,7000,45.0,588.0,0.0,,588.0,0.0,0.0,True
ALX3962-2,ALX3962,4,92,False,160,31.0891944,27.9557778,N41,7000,0.0,262.0,2.0,,262.0,2.0,2.0,True
ALX3962-3,ALX3962,4,93,False,240,31.0891944,27.9557778,N41,7000,5.0,143.0,3.0,,143.0,3.0,3.0,True
ALX3962-4,ALX3962,4,94,False,345,31.0891944,27.9557778,N41,7000,40.0,537.0,1.0,,537.0,1.0,1.0,True
ALX3967-1,ALX3967,3,91,False,110,30.857054,28.948419,N41,7000,495.0,224.0,0.0,,224.0,0.0,0.0,True
ALX3967-2,ALX3967,3,92,False,290,30.857054,28.948419,N41,7000,490.0,319.0,3.0,,319.0,3.0,3.0,True
ALX3967-3,ALX3967,3,93,False,350,30.857054,28.948419,N41,7000,485.0,426.0,2.0,,426.0,2.0,2.0,True
ALX3969-1,ALX3969,4,91,False,60,30.830873,28.951216,N41,7000,605.0,503.0,3.0,,503.0,3.0,3.0,True
ALX3969-2,ALX3969,4,92,False,180,30.830873,28.951216,N41,7000,600.0,618.0,2.0,,618.0,2.0,2.0,True
ALX3969-3,ALX3969,4,93,False,240,30.830873,28.951216,N41,7000,595.0,277.0,1.0,,277.0,1.0,1.0,True
ALX3969-4,ALX3969,4,94,False,320,30.830873,28.951216,N41,7000,590.0,920.0,0.0,,920.0,0.0,0.0,True
ALX3971-1,ALX3971,4,91,False,20,30.8233277,28.9662635,N41,7000,760.0,408.0,0.0,,408.0,0.0,0.0,True
ALX3971-2,ALX3971,4,92,False,120,30.8233277,28.9662635,N41,7000,768.0,1007.0,3.0,,1007.0,3.0,3.0,True
ALX3971-3,ALX3971,4,93,False,250,30.8233277,28.9662635,N41,7000,776.0,953.0,1.0,,953.0,1.0,1.0,True
ALX3971-4,ALX3971,4,94,False,320,30.8233277,28.9662635,N41,7000,784.0,346.0,2.0,,346.0,2.0,2.0,True
ALX3972-1,ALX3972,3,91,False,90,30.82783,28.957,N41,7000,65.0,39.0,3.0,,39.0,3.0,3.0,True
ALX3972-2,ALX3972,3,92,False,260,30.82783,28.957,N41,7000,60.0,214.0,2.0,,214.0,2.0,2.0,True
ALX3972-3,ALX3972,3,193,False,350,30.82783,28.957,N41,7000,55.0,528.0,0.0,,528.0,0.0,0.0,True
ALX3973-1,ALX3973,4,91,False,30,30.97261,28.730766,N41,7000,688.0,869.0,1.0,,869.0,1.0,1.0,True
ALX3973-2,ALX3973,4,92,False,115,30.97261,28.730766,N41,7000,680.0,870.0,2.0,,870.0,2.0,2.0,True
ALX3973-3,ALX3973,4,93,False,180,30.97261,28.730766,N41,7000,672.0,871.0,3.0,,871.0,3.0,3.0,True
ALX3973-4,ALX3973,4,94,False,250,30.97261,28.730766,N41,7000,664.0,72.0,0.0,,72.0,0.0,0.0,True
ALX3974-1,ALX3974,4,91,False,50,30.9744,28.725616,N41,7000,464.0,946.0,2.0,,946.0,2.0,2.0,True
ALX3974-2,ALX3974,4,92,False,130,30.9744,28.725616,N41,7000,456.0,941.0,1.0,,941.0,1.0,1.0,True
ALX3974-3,ALX3974,4,93,False,220,30.9744,28.725616,N41,7000,448.0,911.0,3.0,,911.0,3.0,3.0,True
ALX3974-4,ALX3974,4,94,False,300,30.9744,28.725616,N41,7000,104.0,452.0,0.0,,452.0,0.0,0.0,True
ALX3977-1,ALX3977,3,91,False,60,30.84324,28.933473,N41,7000,810.0,118.0,2.0,,118.0,2.0,2.0,True
ALX3977-2,ALX3977,3,92,False,240,30.84324,28.933473,N41,7000,805.0,600.0,0.0,,600.0,0.0,0.0,True
ALX3977-3,ALX3977,3,93,False,330,30.84324,28.933473,N41,7000,800.0,183.0,3.0,,183.0,3.0,3.0,True
ALX3982-1,ALX3982,4,91,False,70,31.076247,28.063684,N41,7000,16.0,982.0,2.0,,982.0,2.0,2.0,True
ALX3982-2,ALX3982,4,92,False,180,31.076247,28.063684,N41,7000,8.0,653.0,1.0,,653.0,1.0,1.0,True
ALX3982-3,ALX3982,4,93,False,275,31.076247,28.063684,N41,7000,0.0,87.0,3.0,,87.0,3.0,3.0,True
ALX3982-4,ALX3982,4,94,False,335,31.076247,28.063684,N41,7000,792.0,828.0,0.0,,828.0,0.0,0.0,True
ALX3983-1,ALX3983,3,91,False,75,30.981719,28.746646,N41,7000,825.0,905.0,1.0,,905.0,1.0,1.0,True
ALX3983-2,ALX3983,3,92,False,160,30.981719,28.746646,N41,7000,820.0,906.0,2.0,,906.0,2.0,2.0,True
ALX3983-3,ALX3983,3,93,False,235,30.981719,28.746646,N41,7000,800.0,907.0,3.0,,907.0,3.0,3.0,True
ALX3984-1,ALX3984,4,91,False,90,30.922437,28.834867,N41,7000,55.0,770.0,2.0,,770.0,2.0,2.0,True
ALX3984-2,ALX3984,4,92,False,155,30.922437,28.834867,N41,7000,50.0,621.0,1.0,,621.0,1.0,1.0,True
ALX3984-3,ALX3984,4,93,False,220,30.922437,28.834867,N41,7000,45.0,635.0,3.0,,635.0,3.0,3.0,True
ALX3984-4,ALX3984,4,94,False,340,30.922437,28.834867,N41,7000,40.0,432.0,0.0,,432.0,0.0,0.0,True
ALX3985-1,ALX3985,4,91,False,40,30.995952,28.688174,N41,7000,130.0,698.0,2.0,,698.0,2.0,2.0,True
ALX3985-2,ALX3985,4,92,False,110,30.995952,28.688174,N41,7000,125.0,827.0,3.0,,827.0,3.0,3.0,True
ALX3985-3,ALX3985,4,93,False,235,30.995952,28.688174,N41,7000,105.0,973.0,1.0,,973.0,1.0,1.0,True
ALX3985-4,ALX3985,4,94,False,320,30.995952,28.688174,N41,7000,100.0,636.0,0.0,,636.0,0.0,0.0,True
ALX3988-1,ALX3988,4,91,False,25,30.970097,28.754632,N41,7000,570.0,822.0,2.0,,822.0,2.0,2.0,True
ALX3988-2,ALX3988,4,92,False,100,30.970097,28.754632,N41,7000,565.0,823.0,3.0,,823.0,3.0,3.0,True
ALX3988-3,ALX3988,4,93,False,170,30.970097,28.754632,N41,7000,560.0,5.0,1.0,,5.0,1.0,1.0,True
ALX3988-4,ALX3988,4,94,False,240,30.970097,28.754632,N41,7000,555.0,824.0,0.0,,824.0,0.0,0.0,True
ALX3989-1,ALX3989,3,91,False,60,31.171166,27.6579,N41,7000,16.0,880.0,0.0,,880.0,0.0,0.0,True
ALX3989-2,ALX3989,3,92,False,190,31.171166,27.6579,N41,7000,8.0,881.0,1.0,,881.0,1.0,1.0,True
ALX3989-3,ALX3989,3,93,False,285,31.171166,27.6579,N41,7000,0.0,882.0,2.0,,882.0,2.0,2.0,True
ALX3991-1,ALX3991,4,91,False,0,31.084211,28.155477,N41,7000,455.0,846.0,2.0,,846.0,2.0,2.0,True
ALX3991-2,ALX3991,4,92,False,65,31.084211,28.155477,N41,7000,450.0,844.0,0.0,,844.0,0.0,0.0,True
ALX3991-3,ALX3991,4,93,False,135,31.084211,28.155477,N41,7000,445.0,845.0,1.0,,845.0,1.0,1.0,True
ALX3991-4,ALX3991,4,94,False,275,31.084211,28.155477,N41,7000,440.0,451.0,3.0,,451.0,3.0,3.0,True
ALX3994-1,ALX3994,3,91,False,145,30.864079,28.937178,N41,7000,610.0,863.0,3.0,,863.0,3.0,3.0,True
ALX3994-2,ALX3994,3,92,False,210,30.864079,28.937178,N41,7000,475.0,864.0,0.0,,864.0,0.0,0.0,True
ALX3994-3,ALX3994,3,93,False,270,30.864079,28.937178,N41,7000,470.0,865.0,1.0,,865.0,1.0,1.0,True
ALX3995-1,ALX3995,4,91,False,50,30.81705,29.10084,N41,7000,35.0,473.0,1.0,,473.0,1.0,1.0,True
ALX3995-2,ALX3995,4,92,False,120,30.81705,29.10084,N41,7000,30.0,976.0,0.0,,976.0,0.0,0.0,True
ALX3995-3,ALX3995,4,93,False,220,30.81705,29.10084,N41,7000,25.0,999.0,3.0,,999.0,3.0,3.0,True
ALX3995-4,ALX3995,4,94,False,285,30.81705,29.10084,N41,7000,805.0,406.0,2.0,,406.0,2.0,2.0,True
ALX3998-1,ALX3998,4,91,False,20,30.851296,28.948749,N41,7000,795.0,111.0,3.0,,111.0,3.0,3.0,True
ALX3998-2,ALX3998,4,92,False,190,30.851296,28.948749,N41,7000,790.0,954.0,2.0,,954.0,2.0,2.0,True
ALX3998-3,ALX3998,4,93,False,250,30.851296,28.948749,N41,7000,785.0,157.0,1.0,,157.0,1.0,1.0,True
ALX3998-4,ALX3998,4,94,False,310,30.851296,28.948749,N41,7000,780.0,492.0,0.0,,492.0,0.0,0.0,True
ALX3999-1,ALX3999,2,91,False,80,31.0035,28.648111,N41,7000,168.0,255.0,3.0,,255.0,3.0,3.0,True
ALX3999-2,ALX3999,2,92,False,135,31.0035,28.648111,N41,7000,128.0,65.0,1.0,,65.0,1.0,1.0,True
ALX6004-1,ALX6004,2,91,False,90,31.2700819,30.0184678,N41,7000,450.0,645.0,1.0,,645.0,1.0,1.0,True
ALX6004-2,ALX6004,2,92,False,210,31.2700819,30.0184678,N41,7000,435.0,428.0,0.0,,428.0,0.0,0.0,True
ALX6005-1,ALX6005,3,91,False,0,31.256884,30.00556,N41,7000,785.0,429.0,1.0,,429.0,1.0,1.0,True
ALX6005-2,ALX6005,3,92,False,180,31.256884,30.00556,N41,7000,710.0,799.0,3.0,,799.0,3.0,3.0,True
ALX6005-3,ALX6005,3,93,False,270,31.256884,30.00556,N41,7000,580.0,376.0,0.0,,376.0,0.0,0.0,True
ALX6009-1,ALX6009,4,91,False,30,30.894267,28.873024,N41,7000,160.0,1005.0,1.0,,1005.0,1.0,1.0,True
ALX6009-2,ALX6009,4,92,False,90,30.894267,28.873024,N41,7000,152.0,614.0,2.0,,614.0,2.0,2.0,True
ALX6009-3,ALX6009,4,93,False,165,30.894267,28.873024,N41,7000,112.0,628.0,0.0,,628.0,0.0,0.0,True
ALX6009-4,ALX6009,4,94,False,280,30.894267,28.873024,N41,7000,104.0,739.0,3.0,,739.0,3.0,3.0,True
ALX6016-1,ALX6016,4,91,False,115,30.962023,28.777482,N41,7000,440.0,942.0,2.0,,942.0,2.0,2.0,True
ALX6016-2,ALX6016,4,92,False,175,30.962023,28.777482,N41,7000,432.0,977.0,1.0,,977.0,1.0,1.0,True
ALX6016-3,ALX6016,4,93,False,235,30.962023,28.777482,N41,7000,424.0,732.0,0.0,,732.0,0.0,0.0,True
ALX6016-4,ALX6016,4,94,False,295,30.962023,28.777482,N41,7000,416.0,655.0,3.0,,655.0,3.0,3.0,True
ALX6017-1,ALX6017,4,91,False,90,31.178092,27.638889,N41,7000,630.0,817.0,1.0,,817.0,1.0,1.0,True
ALX6017-2,ALX6017,4,92,False,155,31.178092,27.638889,N41,7000,625.0,995.0,3.0,,995.0,3.0,3.0,True
ALX6017-3,ALX6017,4,93,False,255,31.178092,27.638889,N41,7000,620.0,154.0,2.0,,154.0,2.0,2.0,True
ALX6017-4,ALX6017,4,94,False,340,31.178092,27.638889,N41,7000,615.0,816.0,0.0,,816.0,0.0,0.0,True
ALX6019-1,ALX6019,3,91,False,50,30.950395,28.826603,N41,7000,120.0,99.0,3.0,,99.0,3.0,3.0,True
ALX6019-2,ALX6019,3,92,False,160,30.950395,28.826603,N41,7000,115.0,686.0,2.0,,686.0,2.0,2.0,True
ALX6019-3,ALX6019,3,93,False,270,30.950395,28.826603,N41,7000,110.0,16.0,0.0,,16.0,0.0,0.0,True
ALX6023-1,ALX6023,3,91,False,50,30.84479,28.960281,N41,7000,775.0,245.0,1.0,,245.0,1.0,1.0,True
ALX6023-2,ALX6023,3,92,False,150,30.84479,28.960281,N41,7000,770.0,190.0,2.0,,190.0,2.0,2.0,True
ALX6023-3,ALX6023,3,93,False,230,30.84479,28.960281,N41,7000,765.0,668.0,0.0,,668.0,0.0,0.0,True
ALX6025-1,ALX6025,3,91,False,40,30.991578,28.692921,N41,7000,145.0,199.0,3.0,,199.0,3.0,3.0,True
ALX6025-2,ALX6025,3,92,False,115,30.991578,28.692921,N41,7000,140.0,389.0,1.0,,389.0,1.0,1.0,True
ALX6025-3,ALX6025,3,93,False,335,30.991578,28.692921,N41,7000,135.0,228.0,0.0,,228.0,0.0,0.0,True
ALX6027-1,ALX6027,4,91,False,80,31.080709,28.082849,N41,7000,95.0,918.0,2.0,,918.0,2.0,2.0,True
ALX6027-2,ALX6027,4,92,False,165,31.080709,28.082849,N41,7000,90.0,969.0,1.0,,969.0,1.0,1.0,True
ALX6027-3,ALX6027,4,93,False,275,31.080709,28.082849,N41,7000,75.0,412.0,0.0,,412.0,0.0,0.0,True
ALX6027-4,ALX6027,4,94,False,350,31.080709,28.082849,N41,7000,50.0,315.0,3.0,,315.0,3.0,3.0,True
ALX6028-1,ALX6028,4,91,False,40,30.9605,28.760031,N41,7000,265.0,516.0,0.0,,516.0,0.0,0.0,True
ALX6028-2,ALX6028,4,92,False,105,30.9605,28.760031,N41,7000,260.0,687.0,3.0,,687.0,3.0,3.0,True
ALX6028-3,ALX6028,4,93,False,225,30.9605,28.760031,N41,7000,255.0,417.0,1.0,,417.0,1.0,1.0,True
ALX6028-4,ALX6028,4,94,False,335,30.9605,28.760031,N41,7000,250.0,970.0,2.0,,970.0,2.0,2.0,True
ALX6029-1,ALX6029,4,91,False,50,30.980226,28.732148,N41,7000,745.0,250.0,2.0,,250.0,2.0,2.0,True
ALX6029-2,ALX6029,4,92,False,120,30.980226,28.732148,N41,7000,740.0,332.0,0.0,,332.0,0.0,0.0,True
ALX6029-3,ALX6029,4,93,False,185,30.980226,28.732148,N41,7000,735.0,893.0,1.0,,893.0,1.0,1.0,True
ALX6029-4,ALX6029,4,94,False,340,30.980226,28.732148,N41,7000,730.0,147.0,3.0,,147.0,3.0,3.0,True
ALX6031-1,ALX6031,3,91,False,205,31.087538,27.999913,N41,7000,50.0,50.0,2.0,,50.0,2.0,2.0,True
ALX6031-2,ALX6031,3,92,False,270,31.087538,27.999913,N41,7000,15.0,51.0,3.0,,51.0,3.0,3.0,True
ALX6031-3,ALX6031,3,93,False,345,31.087538,27.999913,N41,7000,10.0,52.0,0.0,,52.0,0.0,0.0,True
ALX6033-1,ALX6033,4,91,False,0,31.08014,27.99306,N41,7000,184.0,510.0,2.0,,510.0,2.0,2.0,True
ALX6033-2,ALX6033,4,92,False,60,31.08014,27.99306,N41,7000,176.0,632.0,0.0,,632.0,0.0,0.0,True
ALX6033-3,ALX6033,4,93,False,150,31.08014,27.99306,N41,7000,168.0,825.0,1.0,,825.0,1.0,1.0,True
ALX6033-4,ALX6033,4,94,False,310,31.08014,27.99306,N41,7000,160.0,679.0,3.0,,679.0,3.0,3.0,True
ALX6034-1,ALX6034,4,91,False,10,30.85330706,28.9139692,N41,7000,720.0,371.0,3.0,,371.0,3.0,3.0,True
ALX6034-2,ALX6034,4,92,False,110,30.85330706,28.9139692,N41,7000,715.0,956.0,0.0,,956.0,0.0,0.0,True
ALX6034-3,ALX6034,4,93,False,260,30.85330706,28.9139692,N41,7000,710.0,710.0,2.0,,710.0,2.0,2.0,True
ALX6034-4,ALX6034,4,94,False,305,30.85330706,28.9139692,N41,7000,705.0,461.0,1.0,,461.0,1.0,1.0,True
ALX6035-1,ALX6035,4,91,False,90,30.829229,28.944202,N41,7000,608.0,423.0,3.0,,423.0,3.0,3.0,True
ALX6035-2,ALX6035,4,92,False,170,30.829229,28.944202,N41,7000,600.0,433.0,1.0,,433.0,1.0,1.0,True
ALX6035-3,ALX6035,4,93,False,280,30.829229,28.944202,N41,7000,592.0,268.0,0.0,,268.0,0.0,0.0,True
ALX6035-4,ALX6035,4,94,False,350,30.829229,28.944202,N41,7000,584.0,974.0,2.0,,974.0,2.0,2.0,True
ALX6036-1,ALX6036,4,91,False,20,30.843742,28.97443,N41,7000,350.0,833.0,1.0,,833.0,1.0,1.0,True
ALX6036-2,ALX6036,4,92,False,120,30.843742,28.97443,N41,7000,340.0,91.0,3.0,,91.0,3.0,3.0,True
ALX6036-3,ALX6036,4,93,False,180,30.843742,28.97443,N41,7000,335.0,414.0,2.0,,414.0,2.0,2.0,True
ALX6036-4,ALX6036,4,94,False,275,30.843742,28.97443,N41,7000,330.0,460.0,0.0,,460.0,0.0,0.0,True
ALX6037-1,ALX6037,4,91,False,55,31.18755,27.58923,N41,7000,16.0,303.0,3.0,,303.0,3.0,3.0,True
ALX6037-2,ALX6037,4,92,False,210,31.18755,27.58923,N41,7000,8.0,842.0,2.0,,842.0,2.0,2.0,True
ALX6037-3,ALX6037,4,93,False,280,31.18755,27.58923,N41,7000,0.0,932.0,0.0,,932.0,0.0,0.0,True
ALX6037-4,ALX6037,4,94,False,340,31.18755,27.58923,N41,7000,552.0,269.0,1.0,,269.0,1.0,1.0,True
ALX6040-1,ALX6040,4,91,False,10,30.949879,28.787167,N41,7000,760.0,888.0,0.0,,888.0,0.0,0.0,True
ALX6040-2,ALX6040,4,92,False,75,30.949879,28.787167,N41,7000,750.0,782.0,2.0,,782.0,2.0,2.0,True
ALX6040-3,ALX6040,4,93,False,140,30.949879,28.787167,N41,7000,740.0,133.0,1.0,,133.0,1.0,1.0,True
ALX6040-4,ALX6040,4,94,False,200,30.949879,28.787167,N41,7000,735.0,559.0,3.0,,559.0,3.0,3.0,True
ALX6044-1,ALX6044,4,91,False,30,31.083726,28.134866,N41,7000,16.0,409.0,1.0,,409.0,1.0,1.0,True
ALX6044-2,ALX6044,4,92,False,95,31.083726,28.134866,N41,7000,8.0,459.0,3.0,,459.0,3.0,3.0,True
ALX6044-3,ALX6044,4,93,False,160,31.083726,28.134866,N41,7000,0.0,366.0,2.0,,366.0,2.0,2.0,True
ALX6044-4,ALX6044,4,94,False,330,31.083726,28.134866,N41,7000,464.0,380.0,0.0,,380.0,0.0,0.0,True
ALX6050-1,ALX6050,3,91,False,80,30.852055,28.962826,N41,7000,180.0,458.0,2.0,,458.0,2.0,2.0,True
ALX6050-2,ALX6050,3,92,False,215,30.852055,28.962826,N41,7000,175.0,567.0,3.0,,567.0,3.0,3.0,True
ALX6050-3,ALX6050,3,93,False,290,30.852055,28.962826,N41,7000,170.0,169.0,1.0,,169.0,1.0,1.0,True
ALX6054-1,ALX6054,3,91,False,60,30.982081,28.753009,N41,7000,350.0,124.0,0.0,,124.0,0.0,0.0,True
ALX6054-2,ALX6054,3,92,False,185,30.982081,28.753009,N41,7000,325.0,150.0,2.0,,150.0,2.0,2.0,True
ALX6054-3,ALX6054,3,93,False,310,30.982081,28.753009,N41,7000,320.0,291.0,3.0,,291.0,3.0,3.0,True
ALX6056-1,ALX6056,4,91,False,70,31.2032,29.9203,N41,7000,575.0,815.0,3.0,,815.0,3.0,3.0,True
ALX6056-2,ALX6056,4,92,False,140,31.2032,29.9203,N41,7000,525.0,816.0,0.0,,816.0,0.0,0.0,True
ALX6056-3,ALX6056,4,93,False,250,31.2032,29.9203,N41,7000,520.0,817.0,1.0,,817.0,1.0,1.0,True
ALX6056-4,ALX6056,4,94,False,350,31.2032,29.9203,N41,7000,515.0,338.0,2.0,,338.0,2.0,2.0,True
ALX6057-1,ALX6057,4,91,False,35,31.21875,29.965216,N41,7000,465.0,669.0,1.0,,669.0,1.0,1.0,True
ALX6057-2,ALX6057,4,92,False,110,31.21875,29.965216,N41,7000,445.0,740.0,0.0,,740.0,0.0,0.0,True
ALX6057-3,ALX6057,4,93,False,220,31.21875,29.965216,N41,7000,420.0,339.0,3.0,,339.0,3.0,3.0,True
ALX6057-4,ALX6057,4,94,False,285,31.21875,29.965216,N41,7000,805.0,706.0,2.0,,706.0,2.0,2.0,True
ALX6059-1,ALX6059,4,91,False,70,30.8350185,28.906361,N41,7000,660.0,390.0,2.0,,390.0,2.0,2.0,True
ALX6059-2,ALX6059,4,92,False,135,30.8350185,28.906361,N41,7000,655.0,329.0,1.0,,329.0,1.0,1.0,True
ALX6059-3,ALX6059,4,93,False,265,30.8350185,28.906361,N41,7000,650.0,59.0,3.0,,59.0,3.0,3.0,True
ALX6059-4,ALX6059,4,94,False,345,30.8350185,28.906361,N41,7000,645.0,884.0,0.0,,884.0,0.0,0.0,True
ALX6061-1,ALX6061,4,91,False,70,30.851054,28.933436,N41,7000,585.0,811.0,3.0,,811.0,3.0,3.0,True
ALX6061-2,ALX6061,4,92,False,150,30.851054,28.933436,N41,7000,565.0,368.0,0.0,,368.0,0.0,0.0,True
ALX6061-3,ALX6061,4,93,False,245,30.851054,28.933436,N41,7000,560.0,610.0,2.0,,610.0,2.0,2.0,True
ALX6061-4,ALX6061,4,94,False,350,30.851054,28.933436,N41,7000,555.0,445.0,1.0,,445.0,1.0,1.0,True
ALX6066-1,ALX6066,4,91,False,100,30.867533,28.917686,N41,7000,165.0,975.0,3.0,,975.0,3.0,3.0,True
ALX6066-2,ALX6066,4,92,False,180,30.867533,28.917686,N41,7000,160.0,464.0,0.0,,464.0,0.0,0.0,True
ALX6066-3,ALX6066,4,93,False,245,30.867533,28.917686,N41,7000,155.0,670.0,2.0,,670.0,2.0,2.0,True
ALX6066-4,ALX6066,4,94,False,305,30.867533,28.917686,N41,7000,150.0,297.0,1.0,,297.0,1.0,1.0,True
ALX6067-1,ALX6067,4,91,False,60,30.84798502,28.90155016,N41,7000,640.0,359.0,3.0,,359.0,3.0,3.0,True
ALX6067-2,ALX6067,4,92,False,160,30.84798502,28.90155016,N41,7000,635.0,420.0,0.0,,420.0,0.0,0.0,True
ALX6067-3,ALX6067,4,93,False,235,30.84798502,28.90155016,N41,7000,630.0,910.0,2.0,,910.0,2.0,2.0,True
ALX6067-4,ALX6067,4,94,False,350,30.84798502,28.90155016,N41,7000,625.0,909.0,1.0,,909.0,1.0,1.0,True
ALX6075-1,ALX6075,4,91,False,40,30.942572,28.79819,N41,7000,224.0,638.0,2.0,,638.0,2.0,2.0,True
ALX6075-2,ALX6075,4,92,False,100,30.942572,28.79819,N41,7000,216.0,357.0,1.0,,357.0,1.0,1.0,True
ALX6075-3,ALX6075,4,93,False,250,30.942572,28.79819,N41,7000,208.0,424.0,0.0,,424.0,0.0,0.0,True
ALX6075-4,ALX6075,4,94,False,320,30.942572,28.79819,N41,7000,200.0,403.0,3.0,,403.0,3.0,3.0,True
ALX6076-1,ALX6076,3,91,False,10,30.938167,28.79425,N41,7000,220.0,566.0,2.0,,566.0,2.0,2.0,True
ALX6076-2,ALX6076,3,92,False,240,30.938167,28.79425,N41,7000,215.0,497.0,1.0,,497.0,1.0,1.0,True
ALX6076-3,ALX6076,3,93,False,305,30.938167,28.79425,N41,7000,210.0,219.0,3.0,,219.0,3.0,3.0,True
ALX6086-1,ALX6086,4,91,False,50,30.957463,28.767839,N41,7000,165.0,335.0,3.0,,335.0,3.0,3.0,True
ALX6086-2,ALX6086,4,92,False,140,30.957463,28.767839,N41,7000,160.0,606.0,2.0,,606.0,2.0,2.0,True
ALX6086-3,ALX6086,4,93,False,290,30.957463,28.767839,N41,7000,155.0,372.0,0.0,,372.0,0.0,0.0,True
ALX6086-4,ALX6086,4,94,False,355,30.957463,28.767839,N41,7000,150.0,949.0,1.0,,949.0,1.0,1.0,True
ALX6087-1,ALX6087,4,91,False,0,30.996242,28.683929,N41,7000,800.0,791.0,3.0,,791.0,3.0,3.0,True
ALX6087-2,ALX6087,4,92,False,90,30.996242,28.683929,N41,7000,795.0,1002.0,2.0,,1002.0,2.0,2.0,True
ALX6087-3,ALX6087,4,93,False,175,30.996242,28.683929,N41,7000,790.0,981.0,1.0,,981.0,1.0,1.0,True
ALX6087-4,ALX6087,4,94,False,270,30.996242,28.683929,N41,7000,785.0,768.0,0.0,,768.0,0.0,0.0,True
ALX6088-1,ALX6088,4,91,False,40,30.99349,28.679192,N41,7000,335.0,963.0,3.0,,963.0,3.0,3.0,True
ALX6088-2,ALX6088,4,92,False,140,30.99349,28.679192,N41,7000,330.0,402.0,2.0,,402.0,2.0,2.0,True
ALX6088-3,ALX6088,4,93,False,240,30.99349,28.679192,N41,7000,315.0,620.0,0.0,,620.0,0.0,0.0,True
ALX6088-4,ALX6088,4,94,False,330,30.99349,28.679192,N41,7000,310.0,689.0,1.0,,689.0,1.0,1.0,True
ALX6089-1,ALX6089,4,91,False,70,31.001268,28.69618,N41,7000,295.0,737.0,1.0,,737.0,1.0,1.0,True
ALX6089-2,ALX6089,4,92,False,150,31.001268,28.69618,N41,7000,290.0,790.0,2.0,,790.0,2.0,2.0,True
ALX6089-3,ALX6089,4,93,False,210,31.001268,28.69618,N41,7000,285.0,472.0,0.0,,472.0,0.0,0.0,True
ALX6089-4,ALX6089,4,94,False,270,31.001268,28.69618,N41,7000,280.0,875.0,3.0,,875.0,3.0,3.0,True
ALX6093-1,ALX6093,4,91,False,5,31.045408,28.406656,N41,7000,825.0,860.0,0.0,,860.0,0.0,0.0,True
ALX6093-2,ALX6093,4,92,False,70,31.045408,28.406656,N41,7000,820.0,861.0,1.0,,861.0,1.0,1.0,True
ALX6093-3,ALX6093,4,93,False,130,31.045408,28.406656,N41,7000,815.0,862.0,2.0,,862.0,2.0,2.0,True
ALX6093-4,ALX6093,4,94,False,230,31.045408,28.406656,N41,7000,810.0,387.0,3.0,,387.0,3.0,3.0,True
ALX6094-1,ALX6094,4,91,False,55,30.853676,28.926553,N41,7000,240.0,839.0,3.0,,839.0,3.0,3.0,True
ALX6094-2,ALX6094,4,92,False,155,30.853676,28.926553,N41,7000,235.0,840.0,0.0,,840.0,0.0,0.0,True
ALX6094-3,ALX6094,4,93,False,255,30.853676,28.926553,N41,7000,230.0,841.0,1.0,,841.0,1.0,1.0,True
ALX6094-4,ALX6094,4,94,False,335,30.853676,28.926553,N41,7000,225.0,806.0,2.0,,806.0,2.0,2.0,True
ALX6100-1,ALX6100,3,91,False,240,30.990328,28.698501,N41,7000,815.0,535.0,3.0,,535.0,3.0,3.0,True
ALX6100-2,ALX6100,3,92,False,290,30.990328,28.698501,N41,7000,810.0,232.0,0.0,,232.0,0.0,0.0,True
ALX6100-3,ALX6100,3,93,False,345,30.990328,28.698501,N41,7000,805.0,678.0,2.0,,678.0,2.0,2.0,True
ALX6101-1,ALX6101,4,91,False,35,30.98453,28.715611,N41,7000,185.0,354.0,2.0,,354.0,2.0,2.0,True
ALX6101-2,ALX6101,4,92,False,120,30.98453,28.715611,N41,7000,180.0,741.0,1.0,,741.0,1.0,1.0,True
ALX6101-3,ALX6101,4,93,False,240,30.98453,28.715611,N41,7000,175.0,980.0,0.0,,980.0,0.0,0.0,True
ALX6101-4,ALX6101,4,94,False,310,30.98453,28.715611,N41,7000,170.0,979.0,3.0,,979.0,3.0,3.0,True
ALX6105-1,ALX6105,4,91,False,15,30.828565,28.982136,N41,7000,585.0,386.0,2.0,,386.0,2.0,2.0,True
ALX6105-2,ALX6105,4,92,False,95,30.828565,28.982136,N41,7000,565.0,693.0,1.0,,693.0,1.0,1.0,True
ALX6105-3,ALX6105,4,93,False,185,30.828565,28.982136,N41,7000,560.0,448.0,0.0,,448.0,0.0,0.0,True
ALX6105-4,ALX6105,4,94,False,300,30.828565,28.982136,N41,7000,555.0,483.0,3.0,,483.0,3.0,3.0,True
ALX6106-1,ALX6106,4,91,False,35,30.842636,28.952253,N41,7000,550.0,134.0,2.0,,134.0,2.0,2.0,True
ALX6106-2,ALX6106,4,92,False,100,30.842636,28.952253,N41,7000,545.0,391.0,3.0,,391.0,3.0,3.0,True
ALX6106-3,ALX6106,4,93,False,165,30.842636,28.952253,N41,7000,540.0,716.0,0.0,,716.0,0.0,0.0,True
ALX6106-4,ALX6106,4,94,False,330,30.842636,28.952253,N41,7000,535.0,925.0,1.0,,925.0,1.0,1.0,True
ALX6107-1,ALX6107,4,91,False,30,30.97094,28.7595,N41,7000,625.0,991.0,3.0,,991.0,3.0,3.0,True
ALX6107-2,ALX6107,4,92,False,120,30.97094,28.7595,N41,7000,620.0,810.0,2.0,,810.0,2.0,2.0,True
ALX6107-3,ALX6107,4,93,False,180,30.97094,28.7595,N41,7000,615.0,513.0,1.0,,513.0,1.0,1.0,True
ALX6107-4,ALX6107,4,94,False,255,30.97094,28.7595,N41,7000,595.0,792.0,0.0,,792.0,0.0,0.0,True
ALX6108-1,ALX6108,4,91,False,35,30.8398,29.2371,N41,7000,60.0,936.0,0.0,,936.0,0.0,0.0,True
ALX6108-2,ALX6108,4,92,False,130,30.8398,29.2371,N41,7000,10.0,203.0,3.0,,203.0,3.0,3.0,True
ALX6108-3,ALX6108,4,93,False,210,30.8398,29.2371,N41,7000,5.0,538.0,2.0,,538.0,2.0,2.0,True
ALX6108-4,ALX6108,4,94,False,305,30.8398,29.2371,N41,7000,0.0,537.0,1.0,,537.0,1.0,1.0,True
ALX6110-1,ALX6110,4,91,False,80,30.810483,29.091598,N41,7000,700.0,522.0,2.0,,522.0,2.0,2.0,True
ALX6110-2,ALX6110,4,92,False,130,30.810483,29.091598,N41,7000,695.0,427.0,3.0,,427.0,3.0,3.0,True
ALX6110-3,ALX6110,4,93,False,200,30.810483,29.091598,N41,7000,690.0,549.0,1.0,,549.0,1.0,1.0,True
ALX6110-4,ALX6110,4,94,False,260,30.810483,29.091598,N41,7000,685.0,912.0,0.0,,912.0,0.0,0.0,True
ALX6111-1,ALX6111,3,91,False,75,30.996644,28.666777,N41,7000,15.0,399.0,3.0,,399.0,3.0,3.0,True
ALX6111-2,ALX6111,3,92,False,285,30.996644,28.666777,N41,7000,10.0,254.0,2.0,,254.0,2.0,2.0,True
ALX6111-3,ALX6111,3,93,False,340,30.996644,28.666777,N41,7000,5.0,220.0,0.0,,220.0,0.0,0.0,True
ALX6112-1,ALX6112,4,91,False,45,30.8232387,28.9736905,N41,7000,680.0,132.0,0.0,,132.0,0.0,0.0,True
ALX6112-2,ALX6112,4,92,False,160,30.8232387,28.9736905,N41,7000,675.0,945.0,1.0,,945.0,1.0,1.0,True
ALX6112-3,ALX6112,4,93,False,265,30.8232387,28.9736905,N41,7000,670.0,867.0,3.0,,867.0,3.0,3.0,True
ALX6112-4,ALX6112,4,94,False,330,30.8232387,28.9736905,N41,7000,665.0,574.0,2.0,,574.0,2.0,2.0,True
ALX6114-1,ALX6114,4,91,False,5,31.109301,27.833243,N41,7000,16.0,868.0,0.0,,868.0,0.0,0.0,True
ALX6114-2,ALX6114,4,92,False,115,31.109301,27.833243,N41,7000,8.0,869.0,1.0,,869.0,1.0,1.0,True
ALX6114-3,ALX6114,4,93,False,230,31.109301,27.833243,N41,7000,0.0,870.0,2.0,,870.0,2.0,2.0,True
ALX6114-4,ALX6114,4,94,False,285,31.109301,27.833243,N41,7000,664.0,815.0,3.0,,815.0,3.0,3.0,True
ALX6122-1,ALX6122,4,91,False,100,30.8361519,28.9667315,N41,7000,660.0,848.0,0.0,,848.0,0.0,0.0,True
ALX6122-2,ALX6122,4,92,False,170,30.8361519,28.9667315,N41,7000,655.0,849.0,1.0,,849.0,1.0,1.0,True
ALX6122-3,ALX6122,4,93,False,270,30.8361519,28.9667315,N41,7000,650.0,850.0,2.0,,850.0,2.0,2.0,True
ALX6122-4,ALX6122,4,94,False,335,30.8361519,28.9667315,N41,7000,635.0,643.0,3.0,,643.0,3.0,3.0,True
ALX6123-1,ALX6123,4,91,False,0,30.83299,28.930031,N41,7000,145.0,396.0,0.0,,396.0,0.0,0.0,True
ALX6123-2,ALX6123,4,92,False,70,30.83299,28.930031,N41,7000,140.0,605.0,1.0,,605.0,1.0,1.0,True
ALX6123-3,ALX6123,4,93,False,190,30.83299,28.930031,N41,7000,135.0,347.0,3.0,,347.0,3.0,3.0,True
ALX6123-4,ALX6123,4,94,False,290,30.83299,28.930031,N41,7000,130.0,938.0,2.0,,938.0,2.0,2.0,True
ALX6124-1,ALX6124,4,91,False,45,30.855118,28.938413,N41,7000,700.0,333.0,1.0,,333.0,1.0,1.0,True
ALX6124-2,ALX6124,4,92,False,145,30.855118,28.938413,N41,7000,695.0,415.0,3.0,,415.0,3.0,3.0,True
ALX6124-3,ALX6124,4,93,False,245,30.855118,28.938413,N41,7000,690.0,926.0,2.0,,926.0,2.0,2.0,True
ALX6124-4,ALX6124,4,94,False,320,30.855118,28.938413,N41,7000,685.0,1000.0,0.0,,1000.0,0.0,0.0,True
ALX6126-1,ALX6126,4,91,False,40,30.876516,28.88103,N41,7000,395.0,383.0,3.0,,383.0,3.0,3.0,True
ALX6126-2,ALX6126,4,92,False,125,30.876516,28.88103,N41,7000,390.0,1.0,1.0,,1.0,1.0,1.0,True
ALX6126-3,ALX6126,4,93,False,230,30.876516,28.88103,N41,7000,345.0,88.0,0.0,,88.0,0.0,0.0,True
ALX6126-4,ALX6126,4,94,False,295,30.876516,28.88103,N41,7000,315.0,80.0,0.0,,80.0,0.0,0.0,True
ALX6141-1,ALX6141,4,91,False,35,31.068726,28.369002,N41,7000,40.0,818.0,2.0,,818.0,2.0,2.0,True
ALX6141-2,ALX6141,4,92,False,150,31.068726,28.369002,N41,7000,32.0,896.0,0.0,,896.0,0.0,0.0,True
ALX6141-3,ALX6141,4,93,False,270,31.068726,28.369002,N41,7000,24.0,795.0,3.0,,795.0,3.0,3.0,True
ALX6141-4,ALX6141,4,94,False,335,31.068726,28.369002,N41,7000,16.0,765.0,1.0,,765.0,1.0,1.0,True
ALX6144-1,ALX6144,4,91,False,95,30.95818,28.78074,N41,7000,425.0,401.0,1.0,,401.0,1.0,1.0,True
ALX6144-2,ALX6144,4,92,False,175,30.95818,28.78074,N41,7000,420.0,923.0,3.0,,923.0,3.0,3.0,True
ALX6144-3,ALX6144,4,93,False,240,30.95818,28.78074,N41,7000,415.0,748.0,0.0,,748.0,0.0,0.0,True
ALX6144-4,ALX6144,4,94,False,310,30.95818,28.78074,N41,7000,410.0,486.0,2.0,,486.0,2.0,2.0,True
ALX6146-1,ALX6146,4,91,False,15,30.9523557,28.7720735,N41,7000,55.0,331.0,3.0,,331.0,3.0,3.0,True
ALX6146-2,ALX6146,4,92,False,75,30.9523557,28.7720735,N41,7000,45.0,530.0,2.0,,530.0,2.0,2.0,True
ALX6146-3,ALX6146,4,93,False,200,30.9523557,28.7720735,N41,7000,40.0,929.0,1.0,,929.0,1.0,1.0,True
ALX6146-4,ALX6146,4,94,False,315,30.9523557,28.7720735,N41,7000,35.0,916.0,0.0,,916.0,0.0,0.0,True
ALX6149-1,ALX6149,4,91,False,40,31.092346,27.933848,N41,7000,16.0,994.0,2.0,,994.0,2.0,2.0,True
ALX6149-2,ALX6149,4,92,False,100,31.092346,27.933848,N41,7000,8.0,527.0,3.0,,527.0,3.0,3.0,True
ALX6149-3,ALX6149,4,93,False,190,31.092346,27.933848,N41,7000,0.0,153.0,1.0,,153.0,1.0,1.0,True
ALX6149-4,ALX6149,4,94,False,280,31.092346,27.933848,N41,7000,496.0,304.0,0.0,,304.0,0.0,0.0,True
ALX6150-1,ALX6150,4,91,False,15,31.08125,28.024333,N41,7000,570.0,944.0,0.0,,944.0,0.0,0.0,True
ALX6150-2,ALX6150,4,92,False,75,31.08125,28.024333,N41,7000,525.0,305.0,1.0,,305.0,1.0,1.0,True
ALX6150-3,ALX6150,4,93,False,135,31.08125,28.024333,N41,7000,520.0,555.0,3.0,,555.0,3.0,3.0,True
ALX6150-4,ALX6150,4,94,False,310,31.08125,28.024333,N41,7000,515.0,490.0,2.0,,490.0,2.0,2.0,True
ALX6152-1,ALX6152,3,91,False,10,31.20423,29.969549,N41,7000,795.0,776.0,0.0,,776.0,0.0,0.0,True
ALX6152-2,ALX6152,3,92,False,95,31.20423,29.969549,N41,7000,750.0,211.0,3.0,,211.0,3.0,3.0,True
ALX6152-3,ALX6152,3,93,False,250,31.20423,29.969549,N41,7000,745.0,654.0,2.0,,654.0,2.0,2.0,True
ALX6164-1,ALX6164,4,91,False,0,31.283862,30.02683,N41,7000,35.0,451.0,3.0,,451.0,3.0,3.0,True
ALX6164-2,ALX6164,4,92,False,80,31.283862,30.02683,N41,7000,30.0,490.0,2.0,,490.0,2.0,2.0,True
ALX6164-3,ALX6164,4,93,False,150,31.283862,30.02683,N41,7000,25.0,269.0,1.0,,269.0,1.0,1.0,True
ALX6164-4,ALX6164,4,94,False,250,31.283862,30.02683,N41,7000,20.0,986.0,2.0,,986.0,2.0,2.0,True
ALX6165-1,ALX6165,4,91,False,100,31.28454,30.013373,N41,7000,310.0,283.0,3.0,,283.0,3.0,3.0,True
ALX6165-2,ALX6165,4,92,False,155,31.28454,30.013373,N41,7000,300.0,846.0,2.0,,846.0,2.0,2.0,True
ALX6165-3,ALX6165,4,93,False,230,31.28454,30.013373,N41,7000,295.0,380.0,0.0,,380.0,0.0,0.0,True
ALX6165-4,ALX6165,4,94,False,320,31.28454,30.013373,N41,7000,135.0,425.0,1.0,,425.0,1.0,1.0,True
ALX6166-1,ALX6166,4,91,False,65,31.287158,30.014827,N41,7000,260.0,719.0,3.0,,719.0,3.0,3.0,True
ALX6166-2,ALX6166,4,92,False,195,31.287158,30.014827,N41,7000,255.0,680.0,0.0,,680.0,0.0,0.0,True
ALX6166-3,ALX6166,4,93,False,270,31.287158,30.014827,N41,7000,250.0,842.0,2.0,,842.0,2.0,2.0,True
ALX6166-4,ALX6166,4,94,False,340,31.287158,30.014827,N41,7000,245.0,661.0,1.0,,661.0,1.0,1.0,True
ALX6169-1,ALX6169,4,91,False,40,30.9654884,28.7636521,N41,7000,590.0,320.0,0.0,,320.0,0.0,0.0,True
ALX6169-2,ALX6169,4,92,False,180,30.9654884,28.7636521,N41,7000,585.0,377.0,1.0,,377.0,1.0,1.0,True
ALX6169-3,ALX6169,4,93,False,250,30.9654884,28.7636521,N41,7000,580.0,639.0,3.0,,639.0,3.0,3.0,True
ALX6169-4,ALX6169,4,94,False,340,30.9654884,28.7636521,N41,7000,575.0,930.0,2.0,,930.0,2.0,2.0,True
ALX6183-1,ALX6183,4,91,False,65,30.892222,28.885833,N41,7000,96.0,858.0,2.0,,858.0,2.0,2.0,True
ALX6183-2,ALX6183,4,92,False,120,30.892222,28.885833,N41,7000,88.0,935.0,3.0,,935.0,3.0,3.0,True
ALX6183-3,ALX6183,4,93,False,245,30.892222,28.885833,N41,7000,80.0,613.0,1.0,,613.0,1.0,1.0,True
ALX6183-4,ALX6183,4,94,False,310,30.892222,28.885833,N41,7000,72.0,796.0,0.0,,796.0,0.0,0.0,True
ALX6186-1,ALX6186,4,91,False,10,30.973082,28.757586,N41,7000,245.0,358.0,2.0,,358.0,2.0,2.0,True
ALX6186-2,ALX6186,4,92,False,90,30.973082,28.757586,N41,7000,240.0,756.0,0.0,,756.0,0.0,0.0,True
ALX6186-3,ALX6186,4,93,False,160,30.973082,28.757586,N41,7000,235.0,921.0,1.0,,921.0,1.0,1.0,True
ALX6186-4,ALX6186,4,94,False,315,30.973082,28.757586,N41,7000,230.0,819.0,3.0,,819.0,3.0,3.0,True
ALX6187-1,ALX6187,4,91,False,15,30.977661,28.754959,N41,7000,530.0,400.0,0.0,,400.0,0.0,0.0,True
ALX6187-2,ALX6187,4,92,False,110,30.977661,28.754959,N41,7000,505.0,630.0,2.0,,630.0,2.0,2.0,True
ALX6187-3,ALX6187,4,93,False,180,30.977661,28.754959,N41,7000,500.0,745.0,1.0,,745.0,1.0,1.0,True
ALX6187-4,ALX6187,4,94,False,305,30.977661,28.754959,N41,7000,495.0,703.0,3.0,,703.0,3.0,3.0,True
ALX6188-1,ALX6188,3,91,False,45,31.18042,29.9288,N41,7000,715.0,457.0,1.0,,457.0,1.0,1.0,True
ALX6188-2,ALX6188,3,92,False,170,31.18042,29.9288,N41,7000,695.0,754.0,2.0,,754.0,2.0,2.0,True
ALX6188-3,ALX6188,3,93,False,335,31.18042,29.9288,N41,7000,670.0,188.0,0.0,,188.0,0.0,0.0,True
ALX6197-1,ALX6197,4,91,False,35,31.06406,28.19988,N41,7000,545.0,694.0,2.0,,694.0,2.0,2.0,True
ALX6197-2,ALX6197,4,92,False,105,31.06406,28.19988,N41,7000,540.0,425.0,1.0,,425.0,1.0,1.0,True
ALX6197-3,ALX6197,4,93,False,235,31.06406,28.19988,N41,7000,535.0,500.0,0.0,,500.0,0.0,0.0,True
ALX6197-4,ALX6197,4,94,False,300,31.06406,28.19988,N41,7000,530.0,563.0,3.0,,563.0,3.0,3.0,True
ALX6198-1,ALX6198,4,91,False,65,31.248871,30.003336,N41,7000,665.0,185.0,1.0,,185.0,1.0,1.0,True
ALX6198-2,ALX6198,4,92,False,130,31.248871,30.003336,N41,7000,680.0,870.0,2.0,,870.0,2.0,2.0,True
ALX6198-3,ALX6198,4,93,False,200,31.248871,30.003336,N41,7000,430.0,168.0,0.0,,168.0,0.0,0.0,True
ALX6198-4,ALX6198,4,94,False,325,31.248871,30.003336,N41,7000,495.0,747.0,3.0,,747.0,3.0,3.0,True
ALX6200-1,ALX6200,4,91,False,40,30.976617,28.756739,N41,7000,85.0,777.0,1.0,,777.0,1.0,1.0,True
ALX6200-2,ALX6200,4,92,False,115,30.976617,28.756739,N41,7000,80.0,660.0,0.0,,660.0,0.0,0.0,True
ALX6200-3,ALX6200,4,93,False,210,30.976617,28.756739,N41,7000,65.0,422.0,2.0,,422.0,2.0,2.0,True
ALX6200-4,ALX6200,4,94,False,340,30.976617,28.756739,N41,7000,60.0,951.0,3.0,,951.0,3.0,3.0,True
ALX6204-1,ALX6204,3,91,False,0,31.19991,29.95246,N41,7000,390.0,201.0,1.0,,201.0,1.0,1.0,True
ALX6204-2,ALX6204,3,92,False,60,31.19991,29.95246,N41,7000,385.0,52.0,0.0,,52.0,0.0,0.0,True
ALX6204-3,ALX6204,3,93,False,260,31.19991,29.95246,N41,7000,380.0,107.0,3.0,,107.0,3.0,3.0,True
ALX6208-1,ALX6208,3,91,False,105,30.980314,28.714675,N41,7000,128.0,198.0,2.0,,198.0,2.0,2.0,True
ALX6208-2,ALX6208,3,92,False,285,30.980314,28.714675,N41,7000,120.0,469.0,1.0,,469.0,1.0,1.0,True
ALX6208-3,ALX6208,3,93,False,345,30.980314,28.714675,N41,7000,112.0,807.0,3.0,,807.0,3.0,3.0,True
ALX6210-1,ALX6210,4,91,False,40,31.2524496,29.9954928,N41,7000,635.0,797.0,1.0,,797.0,1.0,1.0,True
ALX6210-2,ALX6210,4,92,False,130,31.2524496,29.9954928,N41,7000,630.0,298.0,2.0,,298.0,2.0,2.0,True
ALX6210-3,ALX6210,4,93,False,220,31.2524496,29.9954928,N41,7000,615.0,312.0,0.0,,312.0,0.0,0.0,True
ALX6210-4,ALX6210,4,94,False,300,31.2524496,29.9954928,N41,7000,610.0,51.0,3.0,,51.0,3.0,3.0,True
ALX6212-1,ALX6212,3,91,False,10,30.940353,28.817859,N41,7000,805.0,575.0,3.0,,575.0,3.0,3.0,True
ALX6212-2,ALX6212,3,92,False,75,30.940353,28.817859,N41,7000,795.0,241.0,1.0,,241.0,1.0,1.0,True
ALX6212-3,ALX6212,3,93,False,140,30.940353,28.817859,N41,7000,790.0,576.0,0.0,,576.0,0.0,0.0,True
ALX6213-1,ALX6213,4,91,False,15,30.846318,28.94757,N41,7000,125.0,662.0,2.0,,662.0,2.0,2.0,True
ALX6213-2,ALX6213,4,92,False,80,30.846318,28.94757,N41,7000,120.0,919.0,3.0,,919.0,3.0,3.0,True
ALX6213-3,ALX6213,4,93,False,240,30.846318,28.94757,N41,7000,115.0,37.0,1.0,,37.0,1.0,1.0,True
ALX6213-4,ALX6213,4,94,False,310,30.846318,28.94757,N41,7000,110.0,692.0,0.0,,692.0,0.0,0.0,True
ALX6214-1,ALX6214,4,91,False,20,30.855291,28.952356,N41,7000,530.0,105.0,1.0,,105.0,1.0,1.0,True
ALX6214-2,ALX6214,4,92,False,95,30.855291,28.952356,N41,7000,525.0,152.0,0.0,,152.0,0.0,0.0,True
ALX6214-3,ALX6214,4,93,False,155,30.855291,28.952356,N41,7000,520.0,927.0,3.0,,927.0,3.0,3.0,True
ALX6214-4,ALX6214,4,94,False,240,30.855291,28.952356,N41,7000,515.0,922.0,2.0,,922.0,2.0,2.0,True
ALX6224-1,ALX6224,4,91,False,95,31.086872,28.427165,N41,7000,785.0,997.0,1.0,,997.0,1.0,1.0,True
ALX6224-2,ALX6224,4,92,False,160,31.086872,28.427165,N41,7000,730.0,471.0,3.0,,471.0,3.0,3.0,True
ALX6224-3,ALX6224,4,93,False,215,31.086872,28.427165,N41,7000,725.0,690.0,2.0,,690.0,2.0,2.0,True
ALX6224-4,ALX6224,4,94,False,280,31.086872,28.427165,N41,7000,720.0,684.0,0.0,,684.0,0.0,0.0,True
ALX6233-1,ALX6233,4,91,False,10,31.2360043,29.9993219,N41,7000,605.0,889.0,1.0,,889.0,1.0,1.0,True
ALX6233-2,ALX6233,4,92,False,80,31.2360043,29.9993219,N41,7000,600.0,714.0,2.0,,714.0,2.0,2.0,True
ALX6233-3,ALX6233,4,93,False,175,31.2360043,29.9993219,N41,7000,590.0,284.0,0.0,,284.0,0.0,0.0,True
ALX6233-4,ALX6233,4,94,False,270,31.2360043,29.9993219,N41,7000,585.0,35.0,3.0,,35.0,3.0,3.0,True
ALX6241-1,ALX6241,4,91,False,0,31.079499,28.019376,N41,7000,152.0,872.0,0.0,,872.0,0.0,0.0,True
ALX6241-2,ALX6241,4,92,False,115,31.079499,28.019376,N41,7000,144.0,873.0,1.0,,873.0,1.0,1.0,True
ALX6241-3,ALX6241,4,93,False,180,31.079499,28.019376,N41,7000,136.0,874.0,2.0,,874.0,2.0,2.0,True
ALX6241-4,ALX6241,4,94,False,300,31.079499,28.019376,N41,7000,104.0,455.0,3.0,,455.0,3.0,3.0,True
ALX6242-1,ALX6242,3,91,False,85,30.96965,28.737276,N41,7000,490.0,242.0,2.0,,242.0,2.0,2.0,True
ALX6242-2,ALX6242,3,92,False,150,30.96965,28.737276,N41,7000,485.0,260.0,0.0,,260.0,0.0,0.0,True
ALX6242-3,ALX6242,3,93,False,275,30.96965,28.737276,N41,7000,480.0,747.0,3.0,,747.0,3.0,3.0,True
ALX6243-1,ALX6243,3,91,False,20,31.082324,28.057404,N41,7000,830.0,661.0,1.0,,661.0,1.0,1.0,True
ALX6243-2,ALX6243,3,92,False,90,31.082324,28.057404,N41,7000,815.0,578.0,2.0,,578.0,2.0,2.0,True
ALX6243-3,ALX6243,3,93,False,155,31.082324,28.057404,N41,7000,805.0,8.0,0.0,,8.0,0.0,0.0,True
ALX6249-1,ALX6249,4,91,False,20,30.859058,28.890583,N41,7000,30.0,889.0,1.0,,889.0,1.0,1.0,True
ALX6249-2,ALX6249,4,92,False,75,30.859058,28.890583,N41,7000,25.0,890.0,2.0,,890.0,2.0,2.0,True
ALX6249-3,ALX6249,4,93,False,140,30.859058,28.890583,N41,7000,20.0,891.0,3.0,,891.0,3.0,3.0,True
ALX6249-4,ALX6249,4,94,False,285,30.859058,28.890583,N41,7000,15.0,928.0,0.0,,928.0,0.0,0.0,True
ALX6260-1,ALX6260,3,91,False,20,30.989881,29.576502,N41,7000,90.0,741.0,1.0,,741.0,1.0,1.0,True
ALX6260-2,ALX6260,3,92,False,110,30.989881,29.576502,N41,7000,85.0,911.0,3.0,,911.0,3.0,3.0,True
ALX6260-3,ALX6260,3,93,False,225,30.989881,29.576502,N41,7000,80.0,472.0,0.0,,472.0,0.0,0.0,True
ALX6261-1,ALX6261,3,91,False,30,30.87916,29.35716,N41,7000,115.0,187.0,3.0,,187.0,3.0,3.0,True
ALX6261-2,ALX6261,3,92,False,170,30.87916,29.35716,N41,7000,20.0,321.0,1.0,,321.0,1.0,1.0,True
ALX6261-3,ALX6261,3,93,False,295,30.87916,29.35716,N41,7000,15.0,314.0,2.0,,314.0,2.0,2.0,True
ALX6262-1,ALX6262,4,91,False,35,30.909153,29.432504,N41,7000,60.0,688.0,0.0,,688.0,0.0,0.0,True
ALX6262-2,ALX6262,4,92,False,120,30.909153,29.432504,N41,7000,55.0,689.0,1.0,,689.0,1.0,1.0,True
ALX6262-3,ALX6262,4,93,False,265,30.909153,29.432504,N41,7000,10.0,690.0,2.0,,690.0,2.0,2.0,True
ALX6262-4,ALX6262,4,94,False,330,30.909153,29.432504,N41,7000,5.0,255.0,3.0,,255.0,3.0,3.0,True
ALX6263-1,ALX6263,4,91,False,35,30.97885,29.560271,N41,7000,30.0,161.0,1.0,,161.0,1.0,1.0,True
ALX6263-2,ALX6263,4,92,False,100,30.97885,29.560271,N41,7000,25.0,404.0,0.0,,404.0,0.0,0.0,True
ALX6263-3,ALX6263,4,93,False,175,30.97885,29.560271,N41,7000,20.0,146.0,2.0,,146.0,2.0,2.0,True
ALX6263-4,ALX6263,4,94,False,240,30.97885,29.560271,N41,7000,15.0,443.0,3.0,,443.0,3.0,3.0,True
ALX6264-1,ALX6264,4,91,False,0,30.977197,28.729347,N41,7000,0.0,667.0,3.0,,667.0,3.0,3.0,True
ALX6264-2,ALX6264,4,92,False,75,30.977197,28.729347,N41,7000,830.0,470.0,2.0,,470.0,2.0,2.0,True
ALX6264-3,ALX6264,4,93,False,155,30.977197,28.729347,N41,7000,755.0,940.0,0.0,,940.0,0.0,0.0,True
ALX6264-4,ALX6264,4,94,False,275,30.977197,28.729347,N41,7000,750.0,917.0,1.0,,917.0,1.0,1.0,True
ALX6265-1,ALX6265,4,91,False,20,30.983743,28.757598,N41,7000,300.0,723.0,3.0,,723.0,3.0,3.0,True
ALX6265-2,ALX6265,4,92,False,85,30.983743,28.757598,N41,7000,295.0,226.0,2.0,,226.0,2.0,2.0,True
ALX6265-3,ALX6265,4,93,False,135,30.983743,28.757598,N41,7000,275.0,225.0,1.0,,225.0,1.0,1.0,True
ALX6265-4,ALX6265,4,94,False,195,30.983743,28.757598,N41,7000,220.0,764.0,0.0,,764.0,0.0,0.0,True
ALX6266-1,ALX6266,4,91,False,0,30.96678,28.748576,N41,7000,432.0,397.0,1.0,,397.0,1.0,1.0,True
ALX6266-2,ALX6266,4,92,False,65,30.96678,28.748576,N41,7000,424.0,972.0,0.0,,972.0,0.0,0.0,True
ALX6266-3,ALX6266,4,93,False,130,30.96678,28.748576,N41,7000,176.0,3.0,3.0,,3.0,3.0,3.0,True
ALX6266-4,ALX6266,4,94,False,300,30.96678,28.748576,N41,7000,168.0,318.0,2.0,,318.0,2.0,2.0,True
ALX6268-1,ALX6268,4,91,False,20,31.025155,28.592062,N41,7000,265.0,996.0,0.0,,996.0,0.0,0.0,True
ALX6268-2,ALX6268,4,92,False,130,31.025155,28.592062,N41,7000,260.0,590.0,2.0,,590.0,2.0,2.0,True
ALX6268-3,ALX6268,4,93,False,260,31.025155,28.592062,N41,7000,255.0,395.0,3.0,,395.0,3.0,3.0,True
ALX6268-4,ALX6268,4,94,False,320,31.025155,28.592062,N41,7000,250.0,757.0,1.0,,757.0,1.0,1.0,True
ALX6282-1,ALX6282,3,91,False,30,30.951551,28.79875,N41,7000,715.0,772.0,0.0,,772.0,0.0,0.0,True
ALX6282-2,ALX6282,3,92,False,250,30.951551,28.79875,N41,7000,710.0,141.0,1.0,,141.0,1.0,1.0,True
ALX6282-3,ALX6282,3,93,False,315,30.951551,28.79875,N41,7000,705.0,311.0,3.0,,311.0,3.0,3.0,True
ALX6293-1,ALX6293,4,91,False,75,30.858181,28.899075,N41,7000,416.0,948.0,0.0,,948.0,0.0,0.0,True
ALX6293-2,ALX6293,4,92,False,160,30.858181,28.899075,N41,7000,408.0,591.0,3.0,,591.0,3.0,3.0,True
ALX6293-3,ALX6293,4,93,False,270,30.858181,28.899075,N41,7000,400.0,937.0,1.0,,937.0,1.0,1.0,True
ALX6293-4,ALX6293,4,94,False,330,30.858181,28.899075,N41,7000,392.0,950.0,2.0,,950.0,2.0,2.0,True
ALX6297-1,ALX6297,4,91,False,0,30.84228,28.907705,N41,7000,450.0,398.0,2.0,,398.0,2.0,2.0,True
ALX6297-2,ALX6297,4,92,False,160,30.84228,28.907705,N41,7000,445.0,413.0,1.0,,413.0,1.0,1.0,True
ALX6297-3,ALX6297,4,93,False,260,30.84228,28.907705,N41,7000,440.0,288.0,0.0,,288.0,0.0,0.0,True
ALX6297-4,ALX6297,4,94,False,300,30.84228,28.907705,N41,7000,415.0,983.0,3.0,,983.0,3.0,3.0,True
ALX6299-1,ALX6299,4,91,False,10,30.96473,28.768138,N41,7000,185.0,416.0,0.0,,416.0,0.0,0.0,True
ALX6299-2,ALX6299,4,92,False,100,30.96473,28.768138,N41,7000,180.0,939.0,3.0,,939.0,3.0,3.0,True
ALX6299-3,ALX6299,4,93,False,230,30.96473,28.768138,N41,7000,175.0,898.0,2.0,,898.0,2.0,2.0,True
ALX6299-4,ALX6299,4,94,False,305,30.96473,28.768138,N41,7000,170.0,521.0,1.0,,521.0,1.0,1.0,True
ALX6300-1,ALX6300,3,91,False,25,31.212499,27.814506,N41,7000,40.0,382.0,2.0,,382.0,2.0,2.0,True
ALX6300-2,ALX6300,3,92,False,85,31.212499,27.814506,N41,7000,32.0,808.0,0.0,,808.0,0.0,0.0,True
ALX6300-3,ALX6300,3,93,False,150,31.212499,27.814506,N41,7000,24.0,355.0,3.0,,355.0,3.0,3.0,True
ALX6330-1,ALX6330,3,91,False,25,31.058699,28.235266,N41,7000,72.0,7.0,3.0,,7.0,3.0,3.0,True
ALX6330-2,ALX6330,3,92,False,100,31.058699,28.235266,N41,7000,64.0,46.0,2.0,,46.0,2.0,2.0,True
ALX6330-3,ALX6330,3,93,False,260,31.058699,28.235266,N41,7000,48.0,244.0,0.0,,244.0,0.0,0.0,True
ALX6331-1,ALX6331,4,91,False,40,30.847265,28.93911,N41,7000,220.0,834.0,2.0,,834.0,2.0,2.0,True
ALX6331-2,ALX6331,4,92,False,105,30.847265,28.93911,N41,7000,105.0,835.0,3.0,,835.0,3.0,3.0,True
ALX6331-3,ALX6331,4,93,False,275,30.847265,28.93911,N41,7000,100.0,836.0,0.0,,836.0,0.0,0.0,True
ALX6331-4,ALX6331,4,94,False,340,30.847265,28.93911,N41,7000,95.0,1001.0,1.0,,1001.0,1.0,1.0,True
ALX6334-1,ALX6334,3,91,False,15,30.837654,28.921699,N41,7000,665.0,221.0,1.0,,221.0,1.0,1.0,True
ALX6334-2,ALX6334,3,92,False,120,30.837654,28.921699,N41,7000,660.0,296.0,0.0,,296.0,0.0,0.0,True
ALX6334-3,ALX6334,3,93,False,180,30.837654,28.921699,N41,7000,655.0,102.0,2.0,,102.0,2.0,2.0,True
ALX6342-1,ALX6342,4,91,False,50,30.823487,29.175609,N41,7000,745.0,734.0,2.0,,734.0,2.0,2.0,True
ALX6342-2,ALX6342,4,92,False,205,30.823487,29.175609,N41,7000,715.0,53.0,1.0,,53.0,1.0,1.0,True
ALX6342-3,ALX6342,4,93,False,290,30.823487,29.175609,N41,7000,705.0,631.0,3.0,,631.0,3.0,3.0,True
ALX6342-4,ALX6342,4,94,False,350,30.823487,29.175609,N41,7000,640.0,160.0,0.0,,160.0,0.0,0.0,True
ALX6344-1,ALX6344,4,91,False,45,30.840288,28.920236,N41,7000,55.0,180.0,0.0,,180.0,0.0,0.0,True
ALX6344-2,ALX6344,4,92,False,135,30.840288,28.920236,N41,7000,50.0,142.0,2.0,,142.0,2.0,2.0,True
ALX6344-3,ALX6344,4,93,False,230,30.840288,28.920236,N41,7000,45.0,261.0,1.0,,261.0,1.0,1.0,True
ALX6344-4,ALX6344,4,94,False,340,30.840288,28.920236,N41,7000,40.0,19.0,3.0,,19.0,3.0,3.0,True
ALX6345-1,ALX6345,4,91,False,35,31.1284,27.7347,N41,7000,16.0,889.0,1.0,,889.0,1.0,1.0,True
ALX6345-2,ALX6345,4,92,False,100,31.1284,27.7347,N41,7000,8.0,890.0,2.0,,890.0,2.0,2.0,True
ALX6345-3,ALX6345,4,93,False,200,31.1284,27.7347,N41,7000,0.0,891.0,3.0,,891.0,3.0,3.0,True
ALX6345-4,ALX6345,4,94,False,315,31.1284,27.7347,N41,7000,504.0,592.0,0.0,,592.0,0.0,0.0,True
ALX6348-1,ALX6348,4,91,False,45,30.831318,28.95714,N41,7000,90.0,328.0,0.0,,328.0,0.0,0.0,True
ALX6348-2,ALX6348,4,92,False,120,30.831318,28.95714,N41,7000,85.0,987.0,3.0,,987.0,3.0,3.0,True
ALX6348-3,ALX6348,4,93,False,245,30.831318,28.95714,N41,7000,80.0,378.0,2.0,,378.0,2.0,2.0,True
ALX6348-4,ALX6348,4,94,False,330,30.831318,28.95714,N41,7000,75.0,385.0,1.0,,385.0,1.0,1.0,True
ALX6351-1,ALX6351,4,91,False,85,31.084038,28.031432,N41,7000,45.0,12.0,0.0,,12.0,0.0,0.0,True
ALX6351-2,ALX6351,4,92,False,210,31.084038,28.031432,N41,7000,40.0,13.0,1.0,,13.0,1.0,1.0,True
ALX6351-3,ALX6351,4,93,False,275,31.084038,28.031432,N41,7000,5.0,14.0,2.0,,14.0,2.0,2.0,True
ALX6351-4,ALX6351,4,94,False,340,31.084038,28.031432,N41,7000,0.0,83.0,3.0,,83.0,3.0,3.0,True
ALX6357-1,ALX6357,4,91,False,20,31.066742,28.344444,N41,7000,15.0,66.0,2.0,,66.0,2.0,2.0,True
ALX6357-2,ALX6357,4,92,False,95,31.066742,28.344444,N41,7000,10.0,49.0,1.0,,49.0,1.0,1.0,True
ALX6357-3,ALX6357,4,93,False,220,31.066742,28.344444,N41,7000,5.0,48.0,0.0,,48.0,0.0,0.0,True
ALX6357-4,ALX6357,4,94,False,295,31.066742,28.344444,N41,7000,0.0,67.0,3.0,,67.0,3.0,3.0,True
ALX6362-1,ALX6362,3,91,False,25,31.03353,28.57758,N41,7000,40.0,902.0,2.0,,902.0,2.0,2.0,True
ALX6362-2,ALX6362,3,92,False,90,31.03353,28.57758,N41,7000,32.0,903.0,3.0,,903.0,3.0,3.0,True
ALX6362-3,ALX6362,3,93,False,155,31.03353,28.57758,N41,7000,24.0,904.0,0.0,,904.0,0.0,0.0,True
ALX6363-1,ALX6363,4,91,False,35,31.027408,28.587829,N41,7000,16.0,835.0,3.0,,835.0,3.0,3.0,True
ALX6363-2,ALX6363,4,92,False,170,31.027408,28.587829,N41,7000,8.0,836.0,0.0,,836.0,0.0,0.0,True
ALX6363-3,ALX6363,4,93,False,235,31.027408,28.587829,N41,7000,0.0,837.0,1.0,,837.0,1.0,1.0,True
ALX6363-4,ALX6363,4,94,False,320,31.027408,28.587829,N41,7000,432.0,434.0,2.0,,434.0,2.0,2.0,True
ALX6364-1,ALX6364,4,91,False,30,30.82862,29.01982,N41,7000,30.0,351.0,3.0,,351.0,3.0,3.0,True
ALX6364-2,ALX6364,4,92,False,115,30.82862,29.01982,N41,7000,25.0,804.0,0.0,,804.0,0.0,0.0,True
ALX6364-3,ALX6364,4,93,False,225,30.82862,29.01982,N41,7000,20.0,646.0,2.0,,646.0,2.0,2.0,True
ALX6364-4,ALX6364,4,94,False,305,30.82862,29.01982,N41,7000,15.0,705.0,1.0,,705.0,1.0,1.0,True
ALX6377-1,ALX6377,4,91,False,60,31.082065,28.0131583,N41,7000,710.0,544.0,0.0,,544.0,0.0,0.0,True
ALX6377-2,ALX6377,4,92,False,125,31.082065,28.0131583,N41,7000,0.0,637.0,1.0,,637.0,1.0,1.0,True
ALX6377-3,ALX6377,4,93,False,290,31.082065,28.0131583,N41,7000,5.0,650.0,2.0,,650.0,2.0,2.0,True
ALX6377-4,ALX6377,4,94,False,355,31.082065,28.0131583,N41,7000,10.0,523.0,3.0,,523.0,3.0,3.0,True
ALX6412-1,ALX6412,4,91,False,10,31.1656013,27.8623103,N41,7000,10.0,539.0,3.0,,539.0,3.0,3.0,True
ALX6412-2,ALX6412,4,92,False,170,31.1656013,27.8623103,N41,7000,5.0,82.0,2.0,,82.0,2.0,2.0,True
ALX6412-3,ALX6412,4,93,False,270,31.1656013,27.8623103,N41,7000,0.0,785.0,1.0,,785.0,1.0,1.0,True
ALX6412-4,ALX6412,4,94,False,325,31.1656013,27.8623103,N41,7000,750.0,740.0,0.0,,740.0,0.0,0.0,True
ALX6415-1,ALX6415,4,91,False,50,30.989463,28.679841,N41,7000,35.0,708.0,0.0,,708.0,0.0,0.0,True
ALX6415-2,ALX6415,4,92,False,110,30.989463,28.679841,N41,7000,20.0,259.0,3.0,,259.0,3.0,3.0,True
ALX6415-3,ALX6415,4,93,False,170,30.989463,28.679841,N41,7000,25.0,494.0,2.0,,494.0,2.0,2.0,True
ALX6415-4,ALX6415,4,94,False,290,30.989463,28.679841,N41,7000,30.0,293.0,1.0,,293.0,1.0,1.0,True
ALX6416-1,ALX6416,4,91,False,30,31.112022,27.895392,N41,7000,15.0,654.0,2.0,,654.0,2.0,2.0,True
ALX6416-2,ALX6416,4,92,False,90,31.112022,27.895392,N41,7000,10.0,81.0,1.0,,81.0,1.0,1.0,True
ALX6416-3,ALX6416,4,93,False,165,31.112022,27.895392,N41,7000,5.0,787.0,3.0,,787.0,3.0,3.0,True
ALX6416-4,ALX6416,4,94,False,320,31.112022,27.895392,N41,7000,0.0,188.0,0.0,,188.0,0.0,0.0,True
ALX6424-1,ALX6424,4,91,False,40,31.1008,27.9114,N41,7000,55.0,47.0,3.0,,47.0,3.0,3.0,True
ALX6424-2,ALX6424,4,92,False,100,31.1008,27.9114,N41,7000,50.0,213.0,1.0,,213.0,1.0,1.0,True
ALX6424-3,ALX6424,4,93,False,205,31.1008,27.9114,N41,7000,35.0,780.0,0.0,,780.0,0.0,0.0,True
ALX6424-4,ALX6424,4,94,False,300,31.1008,27.9114,N41,7000,30.0,538.0,2.0,,538.0,2.0,2.0,True
ALX6454-1,ALX6454,4,91,False,10,31.0815278,28.0421667,N41,7000,70.0,754.0,2.0,,754.0,2.0,2.0,True
ALX6454-2,ALX6454,4,92,False,195,31.0815278,28.0421667,N41,7000,65.0,735.0,3.0,,735.0,3.0,3.0,True
ALX6454-3,ALX6454,4,93,False,250,31.0815278,28.0421667,N41,7000,60.0,25.0,1.0,,25.0,1.0,1.0,True
ALX6454-4,ALX6454,4,94,False,305,31.0815278,28.0421667,N41,7000,55.0,128.0,0.0,,128.0,0.0,0.0,True
ALX6460-1,ALX6460,4,91,False,60,31.033527,28.465226,N41,7000,15.0,75.0,3.0,,75.0,3.0,3.0,True
ALX6460-2,ALX6460,4,92,False,215,31.033527,28.465226,N41,7000,10.0,113.0,1.0,,113.0,1.0,1.0,True
ALX6460-3,ALX6460,4,93,False,290,31.033527,28.465226,N41,7000,5.0,554.0,2.0,,554.0,2.0,2.0,True
ALX6460-4,ALX6460,4,94,False,355,31.033527,28.465226,N41,7000,0.0,76.0,0.0,,76.0,0.0,0.0,True
ALX6461-1,ALX6461,4,91,False,35,31.083577,28.099751,N41,7000,10.0,813.0,1.0,,813.0,1.0,1.0,True
ALX6461-2,ALX6461,4,92,False,150,31.083577,28.099751,N41,7000,15.0,23.0,3.0,,23.0,3.0,3.0,True
ALX6461-3,ALX6461,4,93,False,260,31.083577,28.099751,N41,7000,0.0,556.0,0.0,,556.0,0.0,0.0,True
ALX6461-4,ALX6461,4,94,False,330,31.083577,28.099751,N41,7000,5.0,22.0,2.0,,22.0,2.0,2.0,True
ALX6469-1,ALX6469,4,91,False,10,31.3276,27.2688,N41,7000,10.0,744.0,0.0,,744.0,0.0,0.0,True
ALX6469-2,ALX6469,4,92,False,85,31.3276,27.2688,N41,7000,5.0,745.0,1.0,,745.0,1.0,1.0,True
ALX6469-3,ALX6469,4,93,False,190,31.3276,27.2688,N41,7000,0.0,746.0,2.0,,746.0,2.0,2.0,True
ALX6469-4,ALX6469,4,94,False,260,31.3276,27.2688,N41,7000,605.0,131.0,3.0,,131.0,3.0,3.0,True
ALX6482-1,ALX6482,4,91,False,65,30.8262693,29.0072288,N41,7000,215.0,215.0,3.0,,215.0,3.0,3.0,True
ALX6482-2,ALX6482,4,92,False,135,30.8262693,29.0072288,N41,7000,181.0,181.0,1.0,,181.0,1.0,1.0,True
ALX6482-3,ALX6482,4,93,False,215,30.8262693,29.0072288,N41,7000,722.0,722.0,2.0,,722.0,2.0,2.0,True
ALX6482-4,ALX6482,4,94,False,315,30.8262693,29.0072288,N41,7000,0.0,0.0,0.0,,0.0,0.0,0.0,True
ALX6491-1,ALX6491,4,91,False,75,31.0676579,28.2288233,N41,7000,15.0,234.0,2.0,,234.0,2.0,2.0,True
ALX6491-2,ALX6491,4,92,False,205,31.0676579,28.2288233,N41,7000,10.0,624.0,0.0,,624.0,0.0,0.0,True
ALX6491-3,ALX6491,4,93,False,270,31.0676579,28.2288233,N41,7000,25.0,363.0,3.0,,363.0,3.0,3.0,True
ALX6491-4,ALX6491,4,94,False,335,31.0676579,28.2288233,N41,7000,20.0,21.0,1.0,,21.0,1.0,1.0,True
ALX6502-1,ALX6502,1,91,False,0,31.214327,27.81675,N41,7000,0.0,713.0,1.0,,713.0,1.0,1.0,True
ALX6510-1,ALX6510,4,91,False,15,31.22815,29.94033,N41,7000,15.0,713.0,1.0,,713.0,1.0,1.0,True
ALX6510-2,ALX6510,4,92,False,110,31.22815,29.94033,N41,7000,10.0,659.0,3.0,,659.0,3.0,3.0,True
ALX6510-3,ALX6510,4,93,False,230,31.22815,29.94033,N41,7000,5.0,478.0,2.0,,478.0,2.0,2.0,True
ALX6510-4,ALX6510,4,94,False,295,31.22815,29.94033,N41,7000,0.0,412.0,0.0,,412.0,0.0,0.0,True
DEL0362-1,DEL0362,2,91,False,60,31.03877,30.42851,N41,7000,675.0,322.0,2.0,,322.0,2.0,2.0,True
DEL0362-2,DEL0362,2,92,False,120,31.03877,30.42851,N41,7000,645.0,323.0,3.0,,323.0,3.0,3.0,True
DEL0603-1,DEL0603,4,91,False,30,31.038235,30.450315,N41,7000,55.0,643.0,3.0,,643.0,3.0,3.0,True
DEL0603-2,DEL0603,4,92,False,110,31.038235,30.450315,N41,7000,50.0,486.0,2.0,,486.0,2.0,2.0,True
DEL0603-3,DEL0603,4,93,False,180,31.038235,30.450315,N41,7000,45.0,516.0,0.0,,516.0,0.0,0.0,True
DEL0603-4,DEL0603,4,94,False,260,31.038235,30.450315,N41,7000,40.0,689.0,1.0,,689.0,1.0,1.0,True
DEL2232-1,DEL2232,4,91,False,0,31.028047,30.456282,N41,7000,35.0,377.0,1.0,,377.0,1.0,1.0,True
DEL2232-2,DEL2232,4,92,False,80,31.028047,30.456282,N41,7000,30.0,710.0,2.0,,710.0,2.0,2.0,True
DEL2232-3,DEL2232,4,93,False,160,31.028047,30.456282,N41,7000,25.0,716.0,0.0,,716.0,0.0,0.0,True
DEL2232-4,DEL2232,4,94,False,270,31.028047,30.456282,N41,7000,20.0,483.0,3.0,,483.0,3.0,3.0,True
DEL2763-1,DEL2763,4,91,False,5,31.02118,30.47279,N41,7000,15.0,399.0,3.0,,399.0,3.0,3.0,True
DEL2763-2,DEL2763,4,92,False,120,31.02118,30.47279,N41,7000,10.0,400.0,0.0,,400.0,0.0,0.0,True
DEL2763-3,DEL2763,4,93,False,210,31.02118,30.47279,N41,7000,5.0,401.0,1.0,,401.0,1.0,1.0,True
DEL2763-4,DEL2763,4,94,False,300,31.02118,30.47279,N41,7000,0.0,418.0,2.0,,418.0,2.0,2.0,True
DEL4944-1,DEL4944,4,91,False,0,31.03502,30.46092,N41,7000,100.0,398.0,2.0,,398.0,2.0,2.0,True
DEL4944-2,DEL4944,4,92,False,70,31.03502,30.46092,N41,7000,95.0,449.0,1.0,,449.0,1.0,1.0,True
DEL4944-3,DEL4944,4,93,False,140,31.03502,30.46092,N41,7000,90.0,1003.0,3.0,,1003.0,3.0,3.0,True
DEL4944-4,DEL4944,4,94,False,260,31.03502,30.46092,N41,7000,85.0,332.0,0.0,,332.0,0.0,0.0,True
DEL4964-1,DEL4964,3,91,False,40,31.03192,30.45934,N41,7000,75.0,318.0,2.0,,318.0,2.0,2.0,True
DEL4964-2,DEL4964,3,92,False,170,31.03192,30.45934,N41,7000,70.0,319.0,3.0,,319.0,3.0,3.0,True
DEL4964-3,DEL4964,3,93,False,300,31.03192,30.45934,N41,7000,60.0,320.0,0.0,,320.0,0.0,0.0,True
SIN0027-2,SIN0027,2,92,False,150,29.9839,32.481306,N41,7000,240.0,627.0,3.0,,627.0,3.0,3.0,True
SIN0027-3,SIN0027,2,93,False,250,29.9839,32.481306,N41,7000,235.0,626.0,2.0,,626.0,2.0,2.0,True
SIN0134-1,SIN0134,4,91,False,15,29.98226,32.533138,N41,7000,25.0,284.0,0.0,,284.0,0.0,0.0,True
SIN0134-2,SIN0134,4,92,False,120,29.98226,32.533138,N41,7000,20.0,215.0,3.0,,215.0,3.0,3.0,True
SIN0134-3,SIN0134,4,93,False,180,29.98226,32.533138,N41,7000,15.0,446.0,2.0,,446.0,2.0,2.0,True
SIN0134-4,SIN0134,4,94,False,300,29.98226,32.533138,N41,7000,735.0,729.0,1.0,,729.0,1.0,1.0,True
SIN0187-1,SIN0187,3,91,False,25,29.183395,32.632829,N41,7000,365.0,11.0,3.0,,11.0,3.0,3.0,True
SIN0187-2,SIN0187,3,92,False,105,29.183395,32.632829,N41,7000,360.0,546.0,2.0,,546.0,2.0,2.0,True
SIN0187-3,SIN0187,3,93,False,165,29.183395,32.632829,N41,7000,345.0,789.0,1.0,,789.0,1.0,1.0,True
SIN0193-1,SIN0193,4,91,False,35,29.667577,32.336252,N41,7000,480.0,847.0,3.0,,847.0,3.0,3.0,True
SIN0193-2,SIN0193,4,92,False,105,29.667577,32.336252,N41,7000,475.0,848.0,0.0,,848.0,0.0,0.0,True
SIN0193-3,SIN0193,4,93,False,240,29.667577,32.336252,N41,7000,465.0,849.0,1.0,,849.0,1.0,1.0,True
SIN0193-4,SIN0193,4,94,False,300,29.667577,32.336252,N41,7000,460.0,870.0,2.0,,870.0,2.0,2.0,True
SIN0217-1,SIN0217,4,91,False,80,29.672055,32.356783,N41,7000,630.0,970.0,2.0,,970.0,2.0,2.0,True
SIN0217-2,SIN0217,4,92,False,160,29.672055,32.356783,N41,7000,625.0,984.0,0.0,,984.0,0.0,0.0,True
SIN0217-3,SIN0217,4,93,False,260,29.672055,32.356783,N41,7000,620.0,935.0,3.0,,935.0,3.0,3.0,True
SIN0217-4,SIN0217,4,94,False,335,29.672055,32.356783,N41,7000,780.0,973.0,1.0,,973.0,1.0,1.0,True
SIN0234-1,SIN0234,3,91,False,40,29.7439,32.3982,N41,7000,400.0,778.0,2.0,,778.0,2.0,2.0,True
SIN0234-3,SIN0234,3,93,False,200,29.7439,32.3982,N41,7000,395.0,779.0,3.0,,779.0,3.0,3.0,True
SIN0234-4,SIN0234,3,94,False,295,29.7439,32.3982,N41,7000,370.0,780.0,0.0,,780.0,0.0,0.0,True
SIN0247-1,SIN0247,4,91,False,20,29.641006,32.297174,N41,7000,795.0,221.0,1.0,,221.0,1.0,1.0,True
SIN0247-2,SIN0247,4,92,False,155,29.641006,32.297174,N41,7000,790.0,807.0,3.0,,807.0,3.0,3.0,True
SIN0247-3,SIN0247,4,93,False,240,29.641006,32.297174,N41,7000,785.0,744.0,0.0,,744.0,0.0,0.0,True
SIN0247-4,SIN0247,4,94,False,300,29.641006,32.297174,N41,7000,775.0,538.0,2.0,,538.0,2.0,2.0,True
SIN0273-1,SIN0273,4,91,False,70,29.518671,32.389456,N41,7000,380.0,271.0,3.0,,271.0,3.0,3.0,True
SIN0273-2,SIN0273,4,92,False,135,29.518671,32.389456,N41,7000,375.0,820.0,0.0,,820.0,0.0,0.0,True
SIN0273-3,SIN0273,4,93,False,240,29.518671,32.389456,N41,7000,370.0,18.0,2.0,,18.0,2.0,2.0,True
SIN0273-4,SIN0273,4,94,False,310,29.518671,32.389456,N41,7000,365.0,625.0,1.0,,625.0,1.0,1.0,True
SIN0289-1,SIN0289,3,91,False,25,29.22558,32.62189,N41,7000,405.0,383.0,3.0,,383.0,3.0,3.0,True
SIN0289-2,SIN0289,3,92,False,70,29.22558,32.62189,N41,7000,400.0,518.0,2.0,,518.0,2.0,2.0,True
SIN0289-3,SIN0289,3,93,False,160,29.22558,32.62189,N41,7000,395.0,348.0,0.0,,348.0,0.0,0.0,True
SIN0532-1,SIN0532,4,91,False,20,27.945939,34.363441,N41,7000,435.0,614.0,2.0,,614.0,2.0,2.0,True
SIN0532-2,SIN0532,4,92,False,100,27.945939,34.363441,N41,7000,430.0,615.0,3.0,,615.0,3.0,3.0,True
SIN0532-3,SIN0532,4,93,False,200,27.945939,34.363441,N41,7000,425.0,616.0,0.0,,616.0,0.0,0.0,True
SIN0532-4,SIN0532,4,94,False,275,27.945939,34.363441,N41,7000,405.0,781.0,1.0,,781.0,1.0,1.0,True
SIN0534-1,SIN0534,4,91,False,160,29.657468,32.357262,N41,7000,435.0,220.0,0.0,,220.0,0.0,0.0,True
SIN0534-2,SIN0534,4,92,False,230,29.657468,32.357262,N41,7000,430.0,735.0,3.0,,735.0,3.0,3.0,True
SIN0534-3,SIN0534,4,93,False,290,29.657468,32.357262,N41,7000,425.0,229.0,1.0,,229.0,1.0,1.0,True
SIN0534-4,SIN0534,4,94,False,350,29.657468,32.357262,N41,7000,420.0,234.0,2.0,,234.0,2.0,2.0,True
SIN0538-1,SIN0538,3,91,False,40,29.383286,32.548711,N41,7000,435.0,852.0,0.0,,852.0,0.0,0.0,True
SIN0538-2,SIN0538,3,92,False,110,29.383286,32.548711,N41,7000,430.0,974.0,2.0,,974.0,2.0,2.0,True
SIN0538-3,SIN0538,3,93,False,340,29.383286,32.548711,N41,7000,425.0,943.0,3.0,,943.0,3.0,3.0,True
SIN0539-1,SIN0539,4,91,False,40,31.2448,32.2879,N41,7000,50.0,295.0,3.0,,295.0,3.0,3.0,True
SIN0539-2,SIN0539,4,92,False,110,31.2448,32.2879,N41,7000,45.0,296.0,0.0,,296.0,0.0,0.0,True
SIN0539-3,SIN0539,4,93,False,190,31.2448,32.2879,N41,7000,40.0,821.0,1.0,,821.0,1.0,1.0,True
SIN0539-4,SIN0539,4,94,False,300,31.2448,32.2879,N41,7000,30.0,294.0,2.0,,294.0,2.0,2.0,True
SIN0545-1,SIN0545,4,91,False,70,29.766459,32.412107,N41,7000,520.0,700.0,0.0,,700.0,0.0,0.0,True
SIN0545-2,SIN0545,4,92,False,130,29.766459,32.412107,N41,7000,515.0,171.0,3.0,,171.0,3.0,3.0,True
SIN0545-3,SIN0545,4,93,False,190,29.766459,32.412107,N41,7000,510.0,241.0,1.0,,241.0,1.0,1.0,True
SIN0545-4,SIN0545,4,94,False,330,29.766459,32.412107,N41,7000,500.0,270.0,2.0,,270.0,2.0,2.0,True
SIN0570-1,SIN0570,4,91,False,0,31.236016,32.2897,N41,7000,215.0,198.0,2.0,,198.0,2.0,2.0,True
SIN0570-2,SIN0570,4,92,False,140,31.236016,32.2897,N41,7000,210.0,692.0,0.0,,692.0,0.0,0.0,True
SIN0570-3,SIN0570,4,93,False,205,31.236016,32.2897,N41,7000,140.0,641.0,1.0,,641.0,1.0,1.0,True
SIN0570-4,SIN0570,4,94,False,285,31.236016,32.2897,N41,7000,135.0,699.0,3.0,,699.0,3.0,3.0,True
SIN0693-1,SIN0693,3,91,False,50,29.39522,32.538302,N41,7000,480.0,988.0,0.0,,988.0,0.0,0.0,True
SIN0693-2,SIN0693,3,92,False,110,29.39522,32.538302,N41,7000,460.0,998.0,2.0,,998.0,2.0,2.0,True
SIN0693-3,SIN0693,3,93,False,335,29.39522,32.538302,N41,7000,455.0,975.0,3.0,,975.0,3.0,3.0,True
SIN0701-1,SIN0701,4,91,False,40,29.965747,32.480472,N41,7000,305.0,224.0,0.0,,224.0,0.0,0.0,True
SIN0701-2,SIN0701,4,92,False,155,29.965747,32.480472,N41,7000,275.0,197.0,1.0,,197.0,1.0,1.0,True
SIN0701-3,SIN0701,4,93,False,225,29.965747,32.480472,N41,7000,270.0,535.0,3.0,,535.0,3.0,3.0,True
SIN0701-4,SIN0701,4,94,False,320,29.965747,32.480472,N41,7000,265.0,678.0,2.0,,678.0,2.0,2.0,True
SIN0703-1,SIN0703,4,91,False,0,29.18932,32.63726,N41,7000,485.0,805.0,1.0,,805.0,1.0,1.0,True
SIN0703-2,SIN0703,4,92,False,165,29.18932,32.63726,N41,7000,480.0,166.0,2.0,,166.0,2.0,2.0,True
SIN0703-3,SIN0703,4,93,False,225,29.18932,32.63726,N41,7000,475.0,8.0,0.0,,8.0,0.0,0.0,True
SIN0703-4,SIN0703,4,94,False,290,29.18932,32.63726,N41,7000,460.0,787.0,3.0,,787.0,3.0,3.0,True
SIN0704-1,SIN0704,4,91,False,75,29.9847,32.52739,N41,7000,65.0,800.0,0.0,,800.0,0.0,0.0,True
SIN0704-2,SIN0704,4,92,False,165,29.9847,32.52739,N41,7000,60.0,526.0,2.0,,526.0,2.0,2.0,True
SIN0704-3,SIN0704,4,93,False,240,29.9847,32.52739,N41,7000,55.0,687.0,3.0,,687.0,3.0,3.0,True
SIN0704-4,SIN0704,4,94,False,345,29.9847,32.52739,N41,7000,50.0,349.0,1.0,,349.0,1.0,1.0,True
SIN0710-1,SIN0710,3,91,False,0,29.4133,32.5088,N41,7000,600.0,545.0,1.0,,545.0,1.0,1.0,True
SIN0710-2,SIN0710,3,92,False,120,29.4133,32.5088,N41,7000,595.0,772.0,0.0,,772.0,0.0,0.0,True
SIN0710-3,SIN0710,3,93,False,325,29.4133,32.5088,N41,7000,590.0,543.0,3.0,,543.0,3.0,3.0,True
SIN0716-1,SIN0716,3,91,False,145,29.4601,32.4706,N41,7000,360.0,88.0,0.0,,88.0,0.0,0.0,True
SIN0716-2,SIN0716,3,92,False,210,29.4601,32.4706,N41,7000,355.0,33.0,1.0,,33.0,1.0,1.0,True
SIN0716-3,SIN0716,3,93,False,310,29.4601,32.4706,N41,7000,350.0,355.0,3.0,,355.0,3.0,3.0,True
SIN0744-1,SIN0744,4,91,False,30,27.24818,33.81364,N41,7000,300.0,69.0,1.0,,69.0,1.0,1.0,True
SIN0744-2,SIN0744,4,92,False,125,27.24818,33.81364,N41,7000,295.0,362.0,2.0,,362.0,2.0,2.0,True
SIN0744-3,SIN0744,4,93,False,185,27.24818,33.81364,N41,7000,0.0,692.0,0.0,,692.0,0.0,0.0,True
SIN0744-4,SIN0744,4,94,False,275,27.24818,33.81364,N41,7000,800.0,63.0,3.0,,63.0,3.0,3.0,True
SIN0773-1,SIN0773,4,91,False,90,28.042196,34.406313,N41,7000,760.0,758.0,2.0,,758.0,2.0,2.0,True
SIN0773-2,SIN0773,4,92,False,150,28.042196,34.406313,N41,7000,755.0,521.0,1.0,,521.0,1.0,1.0,True
SIN0773-3,SIN0773,4,93,False,190,28.042196,34.406313,N41,7000,745.0,248.0,0.0,,248.0,0.0,0.0,True
SIN0773-4,SIN0773,4,94,False,340,28.042196,34.406313,N41,7000,740.0,331.0,3.0,,331.0,3.0,3.0,True
SIN0873-1,SIN0873,4,91,False,60,27.40631,33.67227,N41,7000,510.0,351.0,3.0,,351.0,3.0,3.0,True
SIN0873-2,SIN0873,4,92,False,185,27.40631,33.67227,N41,7000,505.0,352.0,0.0,,352.0,0.0,0.0,True
SIN0873-3,SIN0873,4,93,False,280,27.40631,33.67227,N41,7000,500.0,353.0,1.0,,353.0,1.0,1.0,True
SIN0873-4,SIN0873,4,94,False,350,27.40631,33.67227,N41,7000,495.0,286.0,2.0,,286.0,2.0,2.0,True
SIN1007-1,SIN1007,4,91,False,40,27.86227,34.30993,N41,7000,70.0,439.0,3.0,,439.0,3.0,3.0,True
SIN1007-2,SIN1007,4,92,False,140,27.86227,34.30993,N41,7000,65.0,742.0,2.0,,742.0,2.0,2.0,True
SIN1007-3,SIN1007,4,93,False,230,27.86227,34.30993,N41,7000,60.0,564.0,0.0,,564.0,0.0,0.0,True
SIN1007-4,SIN1007,4,94,False,320,27.86227,34.30993,N41,7000,715.0,669.0,1.0,,669.0,1.0,1.0,True
SIN1009-1,SIN1009,4,91,False,40,27.92406,34.33993,N41,7000,705.0,798.0,2.0,,798.0,2.0,2.0,True
SIN1009-2,SIN1009,4,92,False,120,27.92406,34.33993,N41,7000,700.0,5.0,1.0,,5.0,1.0,1.0,True
SIN1009-3,SIN1009,4,93,False,200,27.92406,34.33993,N41,7000,695.0,347.0,3.0,,347.0,3.0,3.0,True
SIN1009-4,SIN1009,4,94,False,290,27.92406,34.33993,N41,7000,690.0,384.0,0.0,,384.0,0.0,0.0,True
SIN1120-1,SIN1120,4,91,False,10,31.247183,32.267629,N41,7000,10.0,977.0,1.0,,977.0,1.0,1.0,True
SIN1120-2,SIN1120,4,92,False,110,31.247183,32.267629,N41,7000,5.0,912.0,0.0,,912.0,0.0,0.0,True
SIN1120-3,SIN1120,4,93,False,190,31.247183,32.267629,N41,7000,0.0,582.0,2.0,,582.0,2.0,2.0,True
SIN1120-4,SIN1120,4,94,False,280,31.247183,32.267629,N41,7000,790.0,171.0,3.0,,171.0,3.0,3.0,True
SIN1169-1,SIN1169,4,91,False,80,29.547807,32.365277,N41,7000,685.0,41.0,1.0,,41.0,1.0,1.0,True
SIN1169-2,SIN1169,4,92,False,145,29.547807,32.365277,N41,7000,675.0,436.0,0.0,,436.0,0.0,0.0,True
SIN1169-3,SIN1169,4,93,False,230,29.547807,32.365277,N41,7000,665.0,294.0,2.0,,294.0,2.0,2.0,True
SIN1169-4,SIN1169,4,94,False,340,29.547807,32.365277,N41,7000,660.0,443.0,3.0,,443.0,3.0,3.0,True
SIN1177-1,SIN1177,4,91,False,30,29.729055,32.392174,N41,7000,25.0,565.0,1.0,,565.0,1.0,1.0,True
SIN1177-2,SIN1177,4,92,False,205,29.729055,32.392174,N41,7000,820.0,267.0,3.0,,267.0,3.0,3.0,True
SIN1177-3,SIN1177,4,93,False,270,29.729055,32.392174,N41,7000,815.0,576.0,0.0,,576.0,0.0,0.0,True
SIN1177-4,SIN1177,4,94,False,330,29.729055,32.392174,N41,7000,800.0,774.0,2.0,,774.0,2.0,2.0,True
SIN1188-1,SIN1188,4,91,False,20,29.923194,32.445833,N41,7000,25.0,767.0,3.0,,767.0,3.0,3.0,True
SIN1188-2,SIN1188,4,92,False,90,29.923194,32.445833,N41,7000,20.0,582.0,2.0,,582.0,2.0,2.0,True
SIN1188-3,SIN1188,4,93,False,160,29.923194,32.445833,N41,7000,15.0,73.0,1.0,,73.0,1.0,1.0,True
SIN1188-4,SIN1188,4,94,False,225,29.923194,32.445833,N41,7000,635.0,148.0,0.0,,148.0,0.0,0.0,True
SIN1202-1,SIN1202,4,91,False,25,26.836384,33.943902,N41,7000,72.0,925.0,1.0,,925.0,1.0,1.0,True
SIN1202-2,SIN1202,4,92,False,85,26.836384,33.943902,N41,7000,64.0,884.0,0.0,,884.0,0.0,0.0,True
SIN1202-3,SIN1202,4,93,False,190,26.836384,33.943902,N41,7000,56.0,931.0,3.0,,931.0,3.0,3.0,True
SIN1202-4,SIN1202,4,94,False,290,26.836384,33.943902,N41,7000,25.0,780.0,0.0,,780.0,0.0,0.0,True
SIN1206-1,SIN1206,3,91,False,80,29.24514,32.62381,N41,7000,75.0,685.0,1.0,,685.0,1.0,1.0,True
SIN1206-2,SIN1206,3,92,False,170,29.24514,32.62381,N41,7000,70.0,104.0,0.0,,104.0,0.0,0.0,True
SIN1206-3,SIN1206,3,93,False,340,29.24514,32.62381,N41,7000,65.0,691.0,3.0,,691.0,3.0,3.0,True
SIN1209-1,SIN1209,3,91,False,180,29.341563,32.592734,N41,7000,105.0,924.0,0.0,,924.0,0.0,0.0,True
SIN1209-2,SIN1209,3,92,False,245,29.341563,32.592734,N41,7000,100.0,859.0,3.0,,859.0,3.0,3.0,True
SIN1209-3,SIN1209,3,93,False,330,29.341563,32.592734,N41,7000,95.0,989.0,1.0,,989.0,1.0,1.0,True
SIN1210-1,SIN1210,3,91,False,0,29.3552,32.5791,N41,7000,365.0,955.0,3.0,,955.0,3.0,3.0,True
SIN1210-2,SIN1210,3,92,False,65,29.3552,32.5791,N41,7000,360.0,882.0,2.0,,882.0,2.0,2.0,True
SIN1210-3,SIN1210,3,93,False,115,29.3552,32.5791,N41,7000,335.0,440.0,0.0,,440.0,0.0,0.0,True
SIN1263-1,SIN1263,4,91,False,70,29.19861,32.62893,N41,7000,830.0,554.0,2.0,,554.0,2.0,2.0,True
SIN1263-2,SIN1263,4,92,False,145,29.19861,32.62893,N41,7000,825.0,740.0,0.0,,740.0,0.0,0.0,True
SIN1263-3,SIN1263,4,93,False,270,29.19861,32.62893,N41,7000,810.0,21.0,1.0,,21.0,1.0,1.0,True
SIN1263-4,SIN1263,4,94,False,340,29.19861,32.62893,N41,7000,805.0,567.0,3.0,,567.0,3.0,3.0,True
SIN1307-1,SIN1307,3,91,False,40,29.75822,32.40803,N41,7000,735.0,3.0,3.0,,3.0,3.0,3.0,True
SIN1307-2,SIN1307,3,92,False,90,29.75822,32.40803,N41,7000,730.0,469.0,1.0,,469.0,1.0,1.0,True
SIN1307-3,SIN1307,3,93,False,190,29.75822,32.40803,N41,7000,725.0,292.0,0.0,,292.0,0.0,0.0,True
SIN1346-1,SIN1346,3,91,False,10,27.248861,33.818095,N41,7000,495.0,689.0,1.0,,689.0,1.0,1.0,True
SIN1346-2,SIN1346,3,92,False,150,27.248861,33.818095,N41,7000,490.0,475.0,3.0,,475.0,3.0,3.0,True
SIN1346-3,SIN1346,3,93,False,240,27.248861,33.818095,N41,7000,270.0,16.0,0.0,,16.0,0.0,0.0,True
SIN1347-1,SIN1347,4,91,False,30,27.23918,33.82994,N41,7000,50.0,102.0,2.0,,102.0,2.0,2.0,True
SIN1347-2,SIN1347,4,92,False,80,27.23918,33.82994,N41,7000,45.0,597.0,1.0,,597.0,1.0,1.0,True
SIN1347-3,SIN1347,4,93,False,180,27.23918,33.82994,N41,7000,40.0,536.0,0.0,,536.0,0.0,0.0,True
SIN1347-4,SIN1347,4,94,False,300,27.23918,33.82994,N41,7000,35.0,803.0,3.0,,803.0,3.0,3.0,True
SIN1372-1,SIN1372,4,91,False,70,27.217528,33.830167,N41,7000,555.0,628.0,0.0,,628.0,0.0,0.0,True
SIN1372-2,SIN1372,4,92,False,155,27.217528,33.830167,N41,7000,550.0,378.0,2.0,,378.0,2.0,2.0,True
SIN1372-3,SIN1372,4,93,False,260,27.217528,33.830167,N41,7000,545.0,769.0,1.0,,769.0,1.0,1.0,True
SIN1372-4,SIN1372,4,94,False,345,27.217528,33.830167,N41,7000,535.0,287.0,3.0,,287.0,3.0,3.0,True
SIN1478-1,SIN1478,3,91,False,120,29.97297,32.55006,N41,7000,155.0,638.0,2.0,,638.0,2.0,2.0,True
SIN1478-2,SIN1478,3,92,False,220,29.97297,32.55006,N41,7000,150.0,29.0,1.0,,29.0,1.0,1.0,True
SIN1478-3,SIN1478,3,93,False,320,29.97297,32.55006,N41,7000,145.0,584.0,0.0,,584.0,0.0,0.0,True
SIN1494-1,SIN1494,4,91,False,25,27.191498,33.828644,N41,7000,440.0,721.0,1.0,,721.0,1.0,1.0,True
SIN1494-2,SIN1494,4,92,False,150,27.191498,33.828644,N41,7000,435.0,400.0,0.0,,400.0,0.0,0.0,True
SIN1494-3,SIN1494,4,93,False,215,27.191498,33.828644,N41,7000,410.0,399.0,3.0,,399.0,3.0,3.0,True
SIN1494-4,SIN1494,4,94,False,285,27.191498,33.828644,N41,7000,405.0,618.0,2.0,,618.0,2.0,2.0,True
SIN1505-1,SIN1505,4,91,False,0,29.9785,32.5087,N41,7000,465.0,703.0,3.0,,703.0,3.0,3.0,True
SIN1505-2,SIN1505,4,92,False,80,29.9785,32.5087,N41,7000,460.0,793.0,1.0,,793.0,1.0,1.0,True
SIN1505-3,SIN1505,4,93,False,140,29.9785,32.5087,N41,7000,450.0,276.0,0.0,,276.0,0.0,0.0,True
SIN1505-4,SIN1505,4,94,False,270,29.9785,32.5087,N41,7000,445.0,786.0,2.0,,786.0,2.0,2.0,True
SIN1570-1,SIN1570,4,91,False,20,26.985196,33.898673,N41,7000,90.0,856.0,0.0,,856.0,0.0,0.0,True
SIN1570-2,SIN1570,4,92,False,110,26.985196,33.898673,N41,7000,85.0,857.0,1.0,,857.0,1.0,1.0,True
SIN1570-3,SIN1570,4,93,False,235,26.985196,33.898673,N41,7000,80.0,858.0,2.0,,858.0,2.0,2.0,True
SIN1570-4,SIN1570,4,94,False,320,26.985196,33.898673,N41,7000,75.0,995.0,3.0,,995.0,3.0,3.0,True
SIN1573-1,SIN1573,3,91,False,50,27.088694,33.848833,N41,7000,330.0,987.0,3.0,,987.0,3.0,3.0,True
SIN1573-2,SIN1573,3,92,False,135,27.088694,33.848833,N41,7000,315.0,957.0,1.0,,957.0,1.0,1.0,True
SIN1573-3,SIN1573,3,93,False,340,27.088694,33.848833,N41,7000,310.0,926.0,2.0,,926.0,2.0,2.0,True
SIN1574-1,SIN1574,3,91,False,0,27.091638,33.820607,N41,7000,425.0,922.0,2.0,,922.0,2.0,2.0,True
SIN1574-2,SIN1574,3,92,False,75,27.091638,33.820607,N41,7000,420.0,717.0,1.0,,717.0,1.0,1.0,True
SIN1574-3,SIN1574,3,93,False,150,27.091638,33.820607,N41,7000,415.0,1000.0,0.0,,1000.0,0.0,0.0,True
SIN1601-1,SIN1601,3,91,False,55,27.984284,34.38928,N41,7000,450.0,25.0,1.0,,25.0,1.0,1.0,True
SIN1601-2,SIN1601,3,92,False,170,27.984284,34.38928,N41,7000,445.0,27.0,3.0,,27.0,3.0,3.0,True
SIN1601-3,SIN1601,3,93,False,240,27.984284,34.38928,N41,7000,440.0,504.0,0.0,,504.0,0.0,0.0,True
SIN1610-1,SIN1610,4,91,False,0,29.96745,32.49818,N41,7000,390.0,230.0,2.0,,230.0,2.0,2.0,True
SIN1610-2,SIN1610,4,92,False,100,29.96745,32.49818,N41,7000,385.0,376.0,0.0,,376.0,0.0,0.0,True
SIN1610-3,SIN1610,4,93,False,200,29.96745,32.49818,N41,7000,380.0,345.0,1.0,,345.0,1.0,1.0,True
SIN1610-4,SIN1610,4,94,False,290,29.96745,32.49818,N41,7000,355.0,631.0,3.0,,631.0,3.0,3.0,True
SIN1625-1,SIN1625,4,91,False,5,29.291125,32.603126,N41,7000,620.0,961.0,1.0,,961.0,1.0,1.0,True
SIN1625-2,SIN1625,4,92,False,85,29.291125,32.603126,N41,7000,615.0,928.0,0.0,,928.0,0.0,0.0,True
SIN1625-3,SIN1625,4,93,False,150,29.291125,32.603126,N41,7000,605.0,903.0,3.0,,903.0,3.0,3.0,True
SIN1625-4,SIN1625,4,94,False,270,29.291125,32.603126,N41,7000,790.0,962.0,2.0,,962.0,2.0,2.0,True
SIN1681-1,SIN1681,4,91,False,0,27.8563,34.29863,N41,7000,30.0,249.0,1.0,,249.0,1.0,1.0,True
SIN1681-2,SIN1681,4,92,False,80,27.8563,34.29863,N41,7000,25.0,747.0,3.0,,747.0,3.0,3.0,True
SIN1681-3,SIN1681,4,93,False,150,27.8563,34.29863,N41,7000,20.0,462.0,2.0,,462.0,2.0,2.0,True
SIN1681-4,SIN1681,4,94,False,280,27.8563,34.29863,N41,7000,0.0,568.0,0.0,,568.0,0.0,0.0,True
SIN1697-2,SIN1697,2,92,False,260,30.61753,32.27365,N41,7000,365.0,719.0,3.0,,719.0,3.0,3.0,True
SIN1697-3,SIN1697,2,93,False,340,30.61753,32.27365,N41,7000,360.0,720.0,0.0,,720.0,0.0,0.0,True
SIN1742-1,SIN1742,3,91,False,60,29.43625,32.47525,N41,7000,70.0,867.0,3.0,,867.0,3.0,3.0,True
SIN1742-2,SIN1742,3,92,False,120,29.43625,32.47525,N41,7000,65.0,868.0,0.0,,868.0,0.0,0.0,True
SIN1742-3,SIN1742,3,93,False,310,29.43625,32.47525,N41,7000,60.0,869.0,1.0,,869.0,1.0,1.0,True
SIN1743-1,SIN1743,3,91,False,90,29.436,32.483194,N41,7000,440.0,932.0,0.0,,932.0,0.0,0.0,True
SIN1743-2,SIN1743,3,92,False,220,29.436,32.483194,N41,7000,435.0,846.0,2.0,,846.0,2.0,2.0,True
SIN1743-3,SIN1743,3,93,False,335,29.436,32.483194,N41,7000,430.0,985.0,1.0,,985.0,1.0,1.0,True
SIN1744-1,SIN1744,3,91,False,55,29.44321,32.4769973,N41,7000,285.0,983.0,3.0,,983.0,3.0,3.0,True
SIN1744-2,SIN1744,3,92,False,155,29.44321,32.4769973,N41,7000,280.0,912.0,0.0,,912.0,0.0,0.0,True
SIN1744-3,SIN1744,3,93,False,260,29.44321,32.4769973,N41,7000,275.0,838.0,2.0,,838.0,2.0,2.0,True
SIN1749-1,SIN1749,4,91,False,90,29.44448,32.48074,N41,7000,760.0,831.0,3.0,,831.0,3.0,3.0,True
SIN1749-2,SIN1749,4,92,False,150,29.44448,32.48074,N41,7000,755.0,832.0,0.0,,832.0,0.0,0.0,True
SIN1749-3,SIN1749,4,93,False,230,29.44448,32.48074,N41,7000,750.0,833.0,1.0,,833.0,1.0,1.0,True
SIN1749-4,SIN1749,4,94,False,310,29.44448,32.48074,N41,7000,745.0,1002.0,2.0,,1002.0,2.0,2.0,True
SIN1757-1,SIN1757,4,91,False,25,27.397521,33.669597,N41,7000,285.0,634.0,2.0,,634.0,2.0,2.0,True
SIN1757-2,SIN1757,4,92,False,95,27.397521,33.669597,N41,7000,280.0,268.0,0.0,,268.0,0.0,0.0,True
SIN1757-3,SIN1757,4,93,False,175,27.397521,33.669597,N41,7000,275.0,623.0,3.0,,623.0,3.0,3.0,True
SIN1757-4,SIN1757,4,94,False,270,27.397521,33.669597,N41,7000,270.0,305.0,1.0,,305.0,1.0,1.0,True
SIN1808-1,SIN1808,4,91,False,55,27.19375,33.824401,N41,7000,810.0,670.0,2.0,,670.0,2.0,2.0,True
SIN1808-2,SIN1808,4,92,False,125,27.19375,33.824401,N41,7000,805.0,601.0,1.0,,601.0,1.0,1.0,True
SIN1808-3,SIN1808,4,93,False,250,27.19375,33.824401,N41,7000,795.0,147.0,3.0,,147.0,3.0,3.0,True
SIN1808-4,SIN1808,4,94,False,340,27.19375,33.824401,N41,7000,780.0,240.0,0.0,,240.0,0.0,0.0,True
SIN1825-1,SIN1825,4,91,False,50,27.22831,33.84039,N41,7000,700.0,179.0,3.0,,179.0,3.0,3.0,True
SIN1825-2,SIN1825,4,92,False,150,27.22831,33.84039,N41,7000,695.0,573.0,1.0,,573.0,1.0,1.0,True
SIN1825-3,SIN1825,4,93,False,230,27.22831,33.84039,N41,7000,690.0,420.0,0.0,,420.0,0.0,0.0,True
SIN1825-4,SIN1825,4,94,False,355,27.22831,33.84039,N41,7000,685.0,562.0,2.0,,562.0,2.0,2.0,True
SIN1847-1,SIN1847,4,91,False,60,27.25931,33.81309,N41,7000,380.0,109.0,1.0,,109.0,1.0,1.0,True
SIN1847-2,SIN1847,4,92,False,120,27.25931,33.81309,N41,7000,375.0,368.0,0.0,,368.0,0.0,0.0,True
SIN1847-3,SIN1847,4,93,False,180,27.25931,33.81309,N41,7000,370.0,366.0,2.0,,366.0,2.0,2.0,True
SIN1847-4,SIN1847,4,94,False,295,27.25931,33.81309,N41,7000,365.0,315.0,3.0,,315.0,3.0,3.0,True
SIN1855-1,SIN1855,4,91,False,45,27.4138918,33.6732,N41,7000,55.0,93.0,1.0,,93.0,1.0,1.0,True
SIN1855-2,SIN1855,4,92,False,110,27.4138918,33.6732,N41,7000,50.0,94.0,2.0,,94.0,2.0,2.0,True
SIN1855-3,SIN1855,4,93,False,170,27.4138918,33.6732,N41,7000,45.0,95.0,3.0,,95.0,3.0,3.0,True
SIN1855-4,SIN1855,4,94,False,260,27.4138918,33.6732,N41,7000,40.0,99.0,3.0,,99.0,3.0,3.0,True
SIN1877-1,SIN1877,4,91,False,80,29.956464,32.543478,N41,7000,100.0,209.0,1.0,,209.0,1.0,1.0,True
SIN1877-2,SIN1877,4,92,False,205,29.956464,32.543478,N41,7000,95.0,208.0,0.0,,208.0,0.0,0.0,True
SIN1877-3,SIN1877,4,93,False,295,29.956464,32.543478,N41,7000,90.0,642.0,2.0,,642.0,2.0,2.0,True
SIN1877-4,SIN1877,4,94,False,355,29.956464,32.543478,N41,7000,70.0,167.0,3.0,,167.0,3.0,3.0,True
SIN1889-1,SIN1889,4,91,False,25,31.26492,32.29849,N41,7000,125.0,568.0,0.0,,568.0,0.0,0.0,True
SIN1889-2,SIN1889,4,92,False,110,31.26492,32.29849,N41,7000,120.0,927.0,3.0,,927.0,3.0,3.0,True
SIN1889-3,SIN1889,4,93,False,175,31.26492,32.29849,N41,7000,115.0,897.0,1.0,,897.0,1.0,1.0,True
SIN1889-4,SIN1889,4,94,False,300,31.26492,32.29849,N41,7000,110.0,1006.0,2.0,,1006.0,2.0,2.0,True
SIN1897-1,SIN1897,4,91,False,40,30.584685,32.291432,N41,7000,10.0,159.0,3.0,,159.0,3.0,3.0,True
SIN1897-2,SIN1897,4,92,False,100,30.584685,32.291432,N41,7000,5.0,124.0,0.0,,124.0,0.0,0.0,True
SIN1897-3,SIN1897,4,93,False,280,30.584685,32.291432,N41,7000,0.0,342.0,2.0,,342.0,2.0,2.0,True
SIN1897-4,SIN1897,4,94,False,340,30.584685,32.291432,N41,7000,740.0,17.0,1.0,,17.0,1.0,1.0,True
SIN1959-1,SIN1959,2,91,False,10,29.38050951,32.56397034,N41,7000,520.0,9.0,1.0,,9.0,1.0,1.0,True
SIN1959-4,SIN1959,2,94,False,320,29.38050951,32.56397034,N41,7000,505.0,19.0,3.0,,19.0,3.0,3.0,True
SIN2034-1,SIN2034,4,91,False,70,27.19695,33.8281,N41,7000,485.0,516.0,0.0,,516.0,0.0,0.0,True
SIN2034-2,SIN2034,4,92,False,165,27.19695,33.8281,N41,7000,455.0,421.0,1.0,,421.0,1.0,1.0,True
SIN2034-3,SIN2034,4,93,False,230,27.19695,33.8281,N41,7000,450.0,211.0,3.0,,211.0,3.0,3.0,True
SIN2034-4,SIN2034,4,94,False,325,27.19695,33.8281,N41,7000,445.0,302.0,2.0,,302.0,2.0,2.0,True
SIN2321-1,SIN2321,3,91,False,15,29.285262,32.60219,N41,7000,165.0,701.0,1.0,,701.0,1.0,1.0,True
SIN2321-2,SIN2321,3,92,False,90,29.285262,32.60219,N41,7000,120.0,578.0,2.0,,578.0,2.0,2.0,True
SIN2321-3,SIN2321,3,93,False,160,29.285262,32.60219,N41,7000,115.0,600.0,0.0,,600.0,0.0,0.0,True
SIN2398-1,SIN2398,4,91,False,30,27.39269,33.6488,N41,7000,575.0,163.0,3.0,,163.0,3.0,3.0,True
SIN2398-2,SIN2398,4,92,False,135,27.39269,33.6488,N41,7000,570.0,265.0,1.0,,265.0,1.0,1.0,True
SIN2398-3,SIN2398,4,93,False,270,27.39269,33.6488,N41,7000,565.0,444.0,0.0,,444.0,0.0,0.0,True
SIN2398-4,SIN2398,4,94,False,330,27.39269,33.6488,N41,7000,560.0,174.0,2.0,,174.0,2.0,2.0,True
SIN2610-1,SIN2610,4,91,False,60,28.049071,34.431224,N41,7000,645.0,186.0,2.0,,186.0,2.0,2.0,True
SIN2610-2,SIN2610,4,92,False,120,28.049071,34.431224,N41,7000,640.0,187.0,3.0,,187.0,3.0,3.0,True
SIN2610-3,SIN2610,4,93,False,225,28.049071,34.431224,N41,7000,635.0,188.0,0.0,,188.0,0.0,0.0,True
SIN2610-4,SIN2610,4,94,False,330,28.049071,34.431224,N41,7000,630.0,617.0,1.0,,617.0,1.0,1.0,True
SIN2691-1,SIN2691,4,91,False,5,29.62498,32.29285,N41,7000,530.0,182.0,2.0,,182.0,2.0,2.0,True
SIN2691-2,SIN2691,4,92,False,70,29.62498,32.29285,N41,7000,525.0,597.0,1.0,,597.0,1.0,1.0,True
SIN2691-3,SIN2691,4,93,False,170,29.62498,32.29285,N41,7000,515.0,548.0,0.0,,548.0,0.0,0.0,True
SIN2691-4,SIN2691,4,94,False,300,29.62498,32.29285,N41,7000,490.0,63.0,3.0,,63.0,3.0,3.0,True
SIN2698-1,SIN2698,4,91,False,80,29.9665,32.5374,N41,7000,180.0,207.0,3.0,,207.0,3.0,3.0,True
SIN2698-2,SIN2698,4,92,False,150,29.9665,32.5374,N41,7000,175.0,797.0,1.0,,797.0,1.0,1.0,True
SIN2698-3,SIN2698,4,93,False,225,29.9665,32.5374,N41,7000,170.0,344.0,0.0,,344.0,0.0,0.0,True
SIN2698-4,SIN2698,4,94,False,290,29.9665,32.5374,N41,7000,165.0,450.0,2.0,,450.0,2.0,2.0,True
SIN2699-1,SIN2699,4,91,False,45,27.189907,33.824029,N41,7000,130.0,175.0,3.0,,175.0,3.0,3.0,True
SIN2699-2,SIN2699,4,92,False,140,27.189907,33.824029,N41,7000,125.0,741.0,1.0,,741.0,1.0,1.0,True
SIN2699-3,SIN2699,4,93,False,225,27.189907,33.824029,N41,7000,120.0,172.0,0.0,,172.0,0.0,0.0,True
SIN2699-4,SIN2699,4,94,False,290,27.189907,33.824029,N41,7000,110.0,330.0,2.0,,330.0,2.0,2.0,True
SIN2722-1,SIN2722,4,91,False,50,29.407545,32.52842,N41,7000,415.0,1006.0,2.0,,1006.0,2.0,2.0,True
SIN2722-2,SIN2722,4,92,False,120,29.407545,32.52842,N41,7000,410.0,896.0,0.0,,896.0,0.0,0.0,True
SIN2722-3,SIN2722,4,93,False,270,29.407545,32.52842,N41,7000,405.0,965.0,1.0,,965.0,1.0,1.0,True
SIN2722-4,SIN2722,4,94,False,330,29.407545,32.52842,N41,7000,400.0,979.0,3.0,,979.0,3.0,3.0,True
SIN2733-1,SIN2733,4,91,False,0,29.96945,32.52555,N41,7000,135.0,728.0,0.0,,728.0,0.0,0.0,True
SIN2733-2,SIN2733,4,92,False,100,29.96945,32.52555,N41,7000,130.0,657.0,1.0,,657.0,1.0,1.0,True
SIN2733-3,SIN2733,4,93,False,220,29.96945,32.52555,N41,7000,125.0,707.0,3.0,,707.0,3.0,3.0,True
SIN2733-4,SIN2733,4,94,False,300,29.96945,32.52555,N41,7000,120.0,246.0,2.0,,246.0,2.0,2.0,True
SIN2736-3,SIN2736,2,93,False,250,30.00163,32.49992,N41,7000,210.0,27.0,3.0,,27.0,3.0,3.0,True
SIN2736-4,SIN2736,2,94,False,340,30.00163,32.49992,N41,7000,205.0,28.0,0.0,,28.0,0.0,0.0,True
SIN2764-1,SIN2764,3,91,False,120,29.99212,32.48403,N41,7000,350.0,98.0,2.0,,98.0,2.0,2.0,True
SIN2764-2,SIN2764,3,92,False,210,29.99212,32.48403,N41,7000,345.0,509.0,1.0,,509.0,1.0,1.0,True
SIN2764-3,SIN2764,3,93,False,330,29.99212,32.48403,N41,7000,340.0,96.0,0.0,,96.0,0.0,0.0,True
SIN2767-1,SIN2767,4,91,False,20,29.67404,32.3403,N41,7000,270.0,877.0,1.0,,877.0,1.0,1.0,True
SIN2767-2,SIN2767,4,92,False,95,29.67404,32.3403,N41,7000,265.0,878.0,2.0,,878.0,2.0,2.0,True
SIN2767-3,SIN2767,4,93,False,165,29.67404,32.3403,N41,7000,250.0,879.0,3.0,,879.0,3.0,3.0,True
SIN2767-4,SIN2767,4,94,False,270,29.67404,32.3403,N41,7000,240.0,876.0,0.0,,876.0,0.0,0.0,True
SIN2785-1,SIN2785,4,91,False,50,29.3895612,32.5443568,N41,7000,490.0,917.0,1.0,,917.0,1.0,1.0,True
SIN2785-2,SIN2785,4,92,False,115,29.3895612,32.5443568,N41,7000,485.0,982.0,2.0,,982.0,2.0,2.0,True
SIN2785-3,SIN2785,4,93,False,290,29.3895612,32.5443568,N41,7000,475.0,952.0,0.0,,952.0,0.0,0.0,True
SIN2785-4,SIN2785,4,94,False,350,29.3895612,32.5443568,N41,7000,470.0,923.0,3.0,,923.0,3.0,3.0,True
SIN2797-1,SIN2797,4,91,False,0,29.98902,32.48865,N41,7000,105.0,680.0,0.0,,680.0,0.0,0.0,True
SIN2797-2,SIN2797,4,92,False,90,29.98902,32.48865,N41,7000,100.0,363.0,3.0,,363.0,3.0,3.0,True
SIN2797-3,SIN2797,4,93,False,165,29.98902,32.48865,N41,7000,95.0,706.0,2.0,,706.0,2.0,2.0,True
SIN2797-4,SIN2797,4,94,False,260,29.98902,32.48865,N41,7000,90.0,505.0,1.0,,505.0,1.0,1.0,True
SIN2808-1,SIN2808,3,91,False,75,27.90524,34.326,N41,7000,505.0,651.0,3.0,,651.0,3.0,3.0,True
SIN2808-2,SIN2808,3,92,False,190,27.90524,34.326,N41,7000,500.0,654.0,2.0,,654.0,2.0,2.0,True
SIN2808-3,SIN2808,3,93,False,295,27.90524,34.326,N41,7000,495.0,173.0,1.0,,173.0,1.0,1.0,True
SIN2817-1,SIN2817,3,91,False,10,27.24422,33.83191,N41,7000,315.0,138.0,2.0,,138.0,2.0,2.0,True
SIN2817-2,SIN2817,3,92,False,145,27.24422,33.83191,N41,7000,310.0,393.0,1.0,,393.0,1.0,1.0,True
SIN2817-3,SIN2817,3,93,False,305,27.24422,33.83191,N41,7000,305.0,60.0,0.0,,60.0,0.0,0.0,True
SIN2819-1,SIN2819,4,91,False,0,27.23329,33.83861,N41,7000,165.0,580.0,0.0,,580.0,0.0,0.0,True
SIN2819-2,SIN2819,4,92,False,70,27.23329,33.83861,N41,7000,160.0,622.0,2.0,,622.0,2.0,2.0,True
SIN2819-3,SIN2819,4,93,False,135,27.23329,33.83861,N41,7000,155.0,433.0,1.0,,433.0,1.0,1.0,True
SIN2819-4,SIN2819,4,94,False,270,27.23329,33.83861,N41,7000,115.0,679.0,3.0,,679.0,3.0,3.0,True
SIN2850-1,SIN2850,3,91,False,70,31.2697,32.2859,N41,7000,75.0,310.0,2.0,,310.0,2.0,2.0,True
SIN2850-2,SIN2850,3,92,False,255,31.2697,32.2859,N41,7000,135.0,229.0,1.0,,229.0,1.0,1.0,True
SIN2850-3,SIN2850,3,93,False,335,31.2697,32.2859,N41,7000,130.0,699.0,3.0,,699.0,3.0,3.0,True
SIN2935-1,SIN2935,4,91,False,25,27.39315,33.67694,N41,7000,35.0,326.0,2.0,,326.0,2.0,2.0,True
SIN2935-2,SIN2935,4,92,False,120,27.39315,33.67694,N41,7000,30.0,325.0,1.0,,325.0,1.0,1.0,True
SIN2935-3,SIN2935,4,93,False,200,27.39315,33.67694,N41,7000,25.0,324.0,0.0,,324.0,0.0,0.0,True
SIN2935-4,SIN2935,4,94,False,310,27.39315,33.67694,N41,7000,20.0,190.0,2.0,,190.0,2.0,2.0,True
SIN2946-1,SIN2946,2,91,False,10,27.233627,33.815913,N41,7000,260.0,370.0,2.0,,370.0,2.0,2.0,True
SIN2946-4,SIN2946,2,94,False,295,27.233627,33.815913,N41,7000,255.0,720.0,0.0,,720.0,0.0,0.0,True
SIN2982-1,SIN2982,4,91,False,100,27.23756,33.82519,N41,7000,595.0,394.0,2.0,,394.0,2.0,2.0,True
SIN2982-2,SIN2982,4,92,False,165,27.23756,33.82519,N41,7000,590.0,181.0,1.0,,181.0,1.0,1.0,True
SIN2982-3,SIN2982,4,93,False,255,27.23756,33.82519,N41,7000,585.0,292.0,0.0,,292.0,0.0,0.0,True
SIN2982-4,SIN2982,4,94,False,340,27.23756,33.82519,N41,7000,580.0,723.0,3.0,,723.0,3.0,3.0,True
SIN2985-1,SIN2985,2,91,False,35,27.15168,33.82367,N41,7000,270.0,703.0,3.0,,703.0,3.0,3.0,True
SIN2985-3,SIN2985,2,93,False,215,27.15168,33.82367,N41,7000,265.0,704.0,0.0,,704.0,0.0,0.0,True
SIN2996-1,SIN2996,3,91,False,75,27.2199,33.83732,N41,7000,360.0,57.0,1.0,,57.0,1.0,1.0,True
SIN2996-2,SIN2996,3,92,False,230,27.2199,33.83732,N41,7000,345.0,423.0,3.0,,423.0,3.0,3.0,True
SIN2996-3,SIN2996,3,93,False,340,27.2199,33.83732,N41,7000,320.0,422.0,2.0,,422.0,2.0,2.0,True
SIN3913-1,SIN3913,4,91,False,15,29.968786,32.508592,N41,7000,230.0,259.0,3.0,,259.0,3.0,3.0,True
SIN3913-2,SIN3913,4,92,False,90,29.968786,32.508592,N41,7000,225.0,165.0,1.0,,165.0,1.0,1.0,True
SIN3913-3,SIN3913,4,93,False,150,29.968786,32.508592,N41,7000,220.0,724.0,0.0,,724.0,0.0,0.0,True
SIN3913-4,SIN3913,4,94,False,235,29.968786,32.508592,N41,7000,215.0,666.0,2.0,,666.0,2.0,2.0,True
SIN3927-1,SIN3927,4,91,False,40,29.715553,32.383329,N41,7000,605.0,811.0,3.0,,811.0,3.0,3.0,True
SIN3927-2,SIN3927,4,92,False,170,29.715553,32.383329,N41,7000,585.0,828.0,0.0,,828.0,0.0,0.0,True
SIN3927-3,SIN3927,4,93,False,245,29.715553,32.383329,N41,7000,580.0,814.0,2.0,,814.0,2.0,2.0,True
SIN3927-4,SIN3927,4,94,False,320,29.715553,32.383329,N41,7000,805.0,841.0,1.0,,841.0,1.0,1.0,True
SIN3928-1,SIN3928,4,91,False,25,29.72637,32.36754,N41,7000,610.0,833.0,1.0,,833.0,1.0,1.0,True
SIN3928-2,SIN3928,4,92,False,100,29.72637,32.36754,N41,7000,600.0,815.0,3.0,,815.0,3.0,3.0,True
SIN3928-3,SIN3928,4,93,False,165,29.72637,32.36754,N41,7000,595.0,840.0,0.0,,840.0,0.0,0.0,True
SIN3928-4,SIN3928,4,94,False,230,29.72637,32.36754,N41,7000,590.0,810.0,2.0,,810.0,2.0,2.0,True
SIN4108-1,SIN4108,2,91,False,15,30.3638415,32.2554858,N41,7000,25.0,176.0,0.0,,176.0,0.0,0.0,True
SIN4108-4,SIN4108,2,94,False,310,30.3638415,32.2554858,N41,7000,640.0,309.0,1.0,,309.0,1.0,1.0,True
SIN4206-1,SIN4206,4,91,False,0,27.891965,34.28826,N41,7000,170.0,756.0,0.0,,756.0,0.0,0.0,True
SIN4206-2,SIN4206,4,92,False,60,27.891965,34.28826,N41,7000,160.0,162.0,2.0,,162.0,2.0,2.0,True
SIN4206-3,SIN4206,4,93,False,130,27.891965,34.28826,N41,7000,110.0,7.0,3.0,,7.0,3.0,3.0,True
SIN4206-4,SIN4206,4,94,False,260,27.891965,34.28826,N41,7000,90.0,777.0,1.0,,777.0,1.0,1.0,True
SIN4207-1,SIN4207,4,91,False,0,27.106362,33.82653,N41,7000,15.0,96.0,0.0,,96.0,0.0,0.0,True
SIN4207-2,SIN4207,4,92,False,90,27.106362,33.82653,N41,7000,10.0,258.0,2.0,,258.0,2.0,2.0,True
SIN4207-3,SIN4207,4,93,False,170,27.106362,33.82653,N41,7000,5.0,509.0,1.0,,509.0,1.0,1.0,True
SIN4207-4,SIN4207,4,94,False,230,27.106362,33.82653,N41,7000,0.0,263.0,3.0,,263.0,3.0,3.0,True
SIN4210-1,SIN4210,3,91,False,35,27.852247,34.305131,N41,7000,425.0,44.0,0.0,,44.0,0.0,0.0,True
SIN4210-2,SIN4210,3,92,False,120,27.852247,34.305131,N41,7000,420.0,538.0,2.0,,538.0,2.0,2.0,True
SIN4210-3,SIN4210,3,93,False,190,27.852247,34.305131,N41,7000,415.0,429.0,1.0,,429.0,1.0,1.0,True
SIN4213-1,SIN4213,4,91,False,65,29.442699,32.417228,N41,7000,575.0,76.0,0.0,,76.0,0.0,0.0,True
SIN4213-2,SIN4213,4,92,False,180,29.442699,32.417228,N41,7000,570.0,794.0,2.0,,794.0,2.0,2.0,True
SIN4213-3,SIN4213,4,93,False,240,29.442699,32.417228,N41,7000,565.0,599.0,3.0,,599.0,3.0,3.0,True
SIN4213-4,SIN4213,4,94,False,295,29.442699,32.417228,N41,7000,560.0,75.0,3.0,,75.0,3.0,3.0,True
SIN4214-1,SIN4214,4,91,False,30,29.428148,32.399471,N41,7000,505.0,42.0,2.0,,42.0,2.0,2.0,True
SIN4214-2,SIN4214,4,92,False,100,29.428148,32.399471,N41,7000,465.0,43.0,3.0,,43.0,3.0,3.0,True
SIN4214-3,SIN4214,4,93,False,180,29.428148,32.399471,N41,7000,450.0,44.0,0.0,,44.0,0.0,0.0,True
SIN4214-4,SIN4214,4,94,False,340,29.428148,32.399471,N41,7000,445.0,213.0,1.0,,213.0,1.0,1.0,True
SIN4222-1,SIN4222,4,91,False,0,28.5005,34.5169,N41,7000,15.0,295.0,3.0,,295.0,3.0,3.0,True
SIN4222-2,SIN4222,4,92,False,90,28.5005,34.5169,N41,7000,10.0,596.0,0.0,,596.0,0.0,0.0,True
SIN4222-3,SIN4222,4,93,False,180,28.5005,34.5169,N41,7000,5.0,230.0,2.0,,230.0,2.0,2.0,True
SIN4222-4,SIN4222,4,94,False,280,28.5005,34.5169,N41,7000,0.0,149.0,1.0,,149.0,1.0,1.0,True
SIN4224-3,SIN4224,2,93,False,210,30.6297,32.248,N41,7000,35.0,163.0,3.0,,163.0,3.0,3.0,True
SIN4224-4,SIN4224,2,94,False,290,30.6297,32.248,N41,7000,30.0,760.0,0.0,,760.0,0.0,0.0,True
SIN4228-1,SIN4228,4,91,False,30,29.499018,32.409147,N41,7000,325.0,864.0,0.0,,864.0,0.0,0.0,True
SIN4228-2,SIN4228,4,92,False,100,29.499018,32.409147,N41,7000,320.0,865.0,1.0,,865.0,1.0,1.0,True
SIN4228-3,SIN4228,4,93,False,170,29.499018,32.409147,N41,7000,315.0,866.0,2.0,,866.0,2.0,2.0,True
SIN4228-4,SIN4228,4,94,False,240,29.499018,32.409147,N41,7000,520.0,1003.0,3.0,,1003.0,3.0,3.0,True
SIN4265-1,SIN4265,4,91,False,15,29.3605821,32.5746845,N41,7000,585.0,824.0,0.0,,824.0,0.0,0.0,True
SIN4265-2,SIN4265,4,92,False,85,29.3605821,32.5746845,N41,7000,580.0,825.0,1.0,,825.0,1.0,1.0,True
SIN4265-3,SIN4265,4,93,False,175,29.3605821,32.5746845,N41,7000,575.0,826.0,2.0,,826.0,2.0,2.0,True
SIN4265-4,SIN4265,4,94,False,320,29.3605821,32.5746845,N41,7000,570.0,819.0,3.0,,819.0,3.0,3.0,True
SIN4267-1,SIN4267,4,91,False,50,29.478643,32.439805,N41,7000,555.0,705.0,1.0,,705.0,1.0,1.0,True
SIN4267-2,SIN4267,4,92,False,145,29.478643,32.439805,N41,7000,550.0,799.0,3.0,,799.0,3.0,3.0,True
SIN4267-3,SIN4267,4,93,False,220,29.478643,32.439805,N41,7000,545.0,742.0,2.0,,742.0,2.0,2.0,True
SIN4267-4,SIN4267,4,94,False,330,29.478643,32.439805,N41,7000,540.0,272.0,0.0,,272.0,0.0,0.0,True
SIN4268-1,SIN4268,4,91,False,0,29.476803,32.448778,N41,7000,615.0,775.0,3.0,,775.0,3.0,3.0,True
SIN4268-2,SIN4268,4,92,False,150,29.476803,32.448778,N41,7000,610.0,714.0,2.0,,714.0,2.0,2.0,True
SIN4268-3,SIN4268,4,93,False,220,29.476803,32.448778,N41,7000,605.0,633.0,1.0,,633.0,1.0,1.0,True
SIN4268-4,SIN4268,4,94,False,290,29.476803,32.448778,N41,7000,585.0,624.0,0.0,,624.0,0.0,0.0,True
SIN4271-1,SIN4271,4,91,False,35,29.974274,32.518743,N41,7000,45.0,194.0,2.0,,194.0,2.0,2.0,True
SIN4271-2,SIN4271,4,92,False,110,29.974274,32.518743,N41,7000,40.0,235.0,3.0,,235.0,3.0,3.0,True
SIN4271-3,SIN4271,4,93,False,195,29.974274,32.518743,N41,7000,35.0,192.0,0.0,,192.0,0.0,0.0,True
SIN4271-4,SIN4271,4,94,False,340,29.974274,32.518743,N41,7000,30.0,193.0,1.0,,193.0,1.0,1.0,True
SIN4274-1,SIN4274,4,91,False,10,29.343429,32.59025,N41,7000,465.0,1007.0,3.0,,1007.0,3.0,3.0,True
SIN4274-2,SIN4274,4,92,False,190,29.343429,32.59025,N41,7000,460.0,1001.0,1.0,,1001.0,1.0,1.0,True
SIN4274-3,SIN4274,4,93,False,250,29.343429,32.59025,N41,7000,455.0,942.0,2.0,,942.0,2.0,2.0,True
SIN4274-4,SIN4274,4,94,False,310,29.343429,32.59025,N41,7000,450.0,1004.0,0.0,,1004.0,0.0,0.0,True
SIN4286-1,SIN4286,3,91,False,60,27.029819,33.882383,N41,7000,575.0,860.0,0.0,,860.0,0.0,0.0,True
SIN4286-2,SIN4286,3,92,False,140,27.029819,33.882383,N41,7000,570.0,850.0,2.0,,850.0,2.0,2.0,True
SIN4286-3,SIN4286,3,93,False,340,27.029819,33.882383,N41,7000,800.0,845.0,1.0,,845.0,1.0,1.0,True
SIN4296-1,SIN4296,4,91,False,10,30.5974,32.269464,N41,7000,115.0,534.0,2.0,,534.0,2.0,2.0,True
SIN4296-2,SIN4296,4,92,False,80,30.5974,32.269464,N41,7000,110.0,623.0,3.0,,623.0,3.0,3.0,True
SIN4296-3,SIN4296,4,93,False,230,30.5974,32.269464,N41,7000,105.0,533.0,1.0,,533.0,1.0,1.0,True
SIN4296-4,SIN4296,4,94,False,300,30.5974,32.269464,N41,7000,55.0,228.0,0.0,,228.0,0.0,0.0,True
SIN4298-1,SIN4298,4,91,False,0,27.053315,33.896706,N41,7000,445.0,913.0,1.0,,913.0,1.0,1.0,True
SIN4298-2,SIN4298,4,92,False,60,27.053315,33.896706,N41,7000,430.0,855.0,3.0,,855.0,3.0,3.0,True
SIN4298-3,SIN4298,4,93,False,120,27.053315,33.896706,N41,7000,425.0,888.0,0.0,,888.0,0.0,0.0,True
SIN4298-4,SIN4298,4,94,False,280,27.053315,33.896706,N41,7000,405.0,886.0,2.0,,886.0,2.0,2.0,True
SIN4301-1,SIN4301,4,91,False,60,29.658822,32.224745,N41,7000,455.0,48.0,0.0,,48.0,0.0,0.0,True
SIN4301-2,SIN4301,4,92,False,140,29.658822,32.224745,N41,7000,450.0,49.0,1.0,,49.0,1.0,1.0,True
SIN4301-3,SIN4301,4,93,False,235,29.658822,32.224745,N41,7000,445.0,50.0,2.0,,50.0,2.0,2.0,True
SIN4301-4,SIN4301,4,94,False,325,29.658822,32.224745,N41,7000,440.0,651.0,3.0,,651.0,3.0,3.0,True
SIN4304-1,SIN4304,4,91,False,30,29.733675,32.3936,N41,7000,60.0,458.0,2.0,,458.0,2.0,2.0,True
SIN4304-2,SIN4304,4,92,False,130,29.733675,32.3936,N41,7000,55.0,588.0,0.0,,588.0,0.0,0.0,True
SIN4304-3,SIN4304,4,93,False,210,29.733675,32.3936,N41,7000,50.0,731.0,3.0,,731.0,3.0,3.0,True
SIN4304-4,SIN4304,4,94,False,290,29.733675,32.3936,N41,7000,65.0,697.0,1.0,,697.0,1.0,1.0,True
SIN4306-3,SIN4306,1,93,False,190,29.713264,32.303469,N41,7000,320.0,442.0,2.0,,442.0,2.0,2.0,True
SIN4307-1,SIN4307,4,91,False,90,29.721175,32.374918,N41,7000,310.0,806.0,2.0,,806.0,2.0,2.0,True
SIN4307-2,SIN4307,4,92,False,150,29.721175,32.374918,N41,7000,305.0,832.0,0.0,,832.0,0.0,0.0,True
SIN4307-3,SIN4307,4,93,False,280,29.721175,32.374918,N41,7000,300.0,827.0,3.0,,827.0,3.0,3.0,True
SIN4307-4,SIN4307,4,94,False,350,29.721175,32.374918,N41,7000,295.0,837.0,1.0,,837.0,1.0,1.0,True
SIN4308-1,SIN4308,3,91,False,20,29.716608,32.371794,N41,7000,390.0,941.0,1.0,,941.0,1.0,1.0,True
SIN4308-2,SIN4308,3,92,False,90,29.716608,32.371794,N41,7000,385.0,994.0,2.0,,994.0,2.0,2.0,True
SIN4308-3,SIN4308,3,93,False,320,29.716608,32.371794,N41,7000,380.0,900.0,0.0,,900.0,0.0,0.0,True
SIN4310-1,SIN4310,4,91,False,0,29.71088,32.379966,N41,7000,0.0,836.0,0.0,,836.0,0.0,0.0,True
SIN4310-2,SIN4310,4,92,False,90,29.71088,32.379966,N41,7000,830.0,818.0,2.0,,818.0,2.0,2.0,True
SIN4310-3,SIN4310,4,93,False,230,29.71088,32.379966,N41,7000,825.0,823.0,3.0,,823.0,3.0,3.0,True
SIN4310-4,SIN4310,4,94,False,300,29.71088,32.379966,N41,7000,810.0,829.0,1.0,,829.0,1.0,1.0,True
SIN4311-1,SIN4311,4,91,False,80,26.999018,33.8949288,N41,7000,285.0,918.0,2.0,,918.0,2.0,2.0,True
SIN4311-2,SIN4311,4,92,False,140,26.999018,33.8949288,N41,7000,265.0,997.0,1.0,,997.0,1.0,1.0,True
SIN4311-3,SIN4311,4,93,False,210,26.999018,33.8949288,N41,7000,260.0,959.0,3.0,,959.0,3.0,3.0,True
SIN4311-4,SIN4311,4,94,False,275,26.999018,33.8949288,N41,7000,255.0,892.0,0.0,,892.0,0.0,0.0,True
SIN4315-1,SIN4315,4,91,False,65,27.1425,33.8273,N41,7000,740.0,906.0,2.0,,906.0,2.0,2.0,True
SIN4315-2,SIN4315,4,92,False,160,27.1425,33.8273,N41,7000,735.0,996.0,0.0,,996.0,0.0,0.0,True
SIN4315-3,SIN4315,4,93,False,270,27.1425,33.8273,N41,7000,730.0,963.0,3.0,,963.0,3.0,3.0,True
SIN4315-4,SIN4315,4,94,False,350,27.1425,33.8273,N41,7000,725.0,901.0,1.0,,901.0,1.0,1.0,True
SIN4317-1,SIN4317,4,91,False,45,29.347965,32.579191,N41,7000,565.0,921.0,1.0,,921.0,1.0,1.0,True
SIN4317-2,SIN4317,4,92,False,105,29.347965,32.579191,N41,7000,560.0,954.0,2.0,,954.0,2.0,2.0,True
SIN4317-3,SIN4317,4,93,False,195,29.347965,32.579191,N41,7000,555.0,960.0,0.0,,960.0,0.0,0.0,True
SIN4317-4,SIN4317,4,94,False,325,29.347965,32.579191,N41,7000,550.0,871.0,3.0,,871.0,3.0,3.0,True
SIN4319-1,SIN4319,4,91,False,45,27.861201,34.302727,N41,7000,685.0,171.0,3.0,,171.0,3.0,3.0,True
SIN4319-2,SIN4319,4,92,False,130,27.861201,34.302727,N41,7000,680.0,89.0,1.0,,89.0,1.0,1.0,True
SIN4319-3,SIN4319,4,93,False,210,27.861201,34.302727,N41,7000,675.0,630.0,2.0,,630.0,2.0,2.0,True
SIN4319-4,SIN4319,4,94,False,315,27.861201,34.302727,N41,7000,670.0,200.0,0.0,,200.0,0.0,0.0,True
SIN4322-1,SIN4322,4,91,False,90,27.24437,33.810229,N41,7000,170.0,682.0,2.0,,682.0,2.0,2.0,True
SIN4322-2,SIN4322,4,92,False,170,27.24437,33.810229,N41,7000,15.0,683.0,3.0,,683.0,3.0,3.0,True
SIN4322-3,SIN4322,4,93,False,250,27.24437,33.810229,N41,7000,10.0,684.0,0.0,,684.0,0.0,0.0,True
SIN4322-4,SIN4322,4,94,False,330,27.24437,33.810229,N41,7000,5.0,753.0,1.0,,753.0,1.0,1.0,True
SIN4328-1,SIN4328,4,91,False,40,29.759897,32.413022,N41,7000,540.0,821.0,1.0,,821.0,1.0,1.0,True
SIN4328-2,SIN4328,4,92,False,135,29.759897,32.413022,N41,7000,535.0,568.0,0.0,,568.0,0.0,0.0,True
SIN4328-3,SIN4328,4,93,False,200,29.759897,32.413022,N41,7000,530.0,575.0,3.0,,575.0,3.0,3.0,True
SIN4328-4,SIN4328,4,94,False,320,29.759897,32.413022,N41,7000,525.0,654.0,2.0,,654.0,2.0,2.0,True
SIN4329-1,SIN4329,4,91,False,50,29.753618,32.405422,N41,7000,45.0,586.0,2.0,,586.0,2.0,2.0,True
SIN4329-2,SIN4329,4,92,False,115,29.753618,32.405422,N41,7000,40.0,4.0,0.0,,4.0,0.0,0.0,True
SIN4329-3,SIN4329,4,93,False,185,29.753618,32.405422,N41,7000,35.0,5.0,1.0,,5.0,1.0,1.0,True
SIN4329-4,SIN4329,4,94,False,310,29.753618,32.405422,N41,7000,30.0,587.0,3.0,,587.0,3.0,3.0,True
SIN4336-1,SIN4336,4,91,False,15,29.440026,32.48975,N41,7000,200.0,884.0,0.0,,884.0,0.0,0.0,True
SIN4336-2,SIN4336,4,92,False,85,29.440026,32.48975,N41,7000,192.0,999.0,3.0,,999.0,3.0,3.0,True
SIN4336-3,SIN4336,4,93,False,240,29.440026,32.48975,N41,7000,830.0,830.0,2.0,,830.0,2.0,2.0,True
SIN4336-4,SIN4336,4,94,False,300,29.440026,32.48975,N41,7000,176.0,885.0,1.0,,885.0,1.0,1.0,True
SIN4338-1,SIN4338,4,91,False,15,29.339715,32.582361,N41,7000,160.0,925.0,1.0,,925.0,1.0,1.0,True
SIN4338-2,SIN4338,4,92,False,70,29.339715,32.582361,N41,7000,152.0,936.0,0.0,,936.0,0.0,0.0,True
SIN4338-3,SIN4338,4,93,False,130,29.339715,32.582361,N41,7000,144.0,914.0,2.0,,914.0,2.0,2.0,True
SIN4338-4,SIN4338,4,94,False,320,29.339715,32.582361,N41,7000,136.0,891.0,3.0,,891.0,3.0,3.0,True
SIN4341-1,SIN4341,3,91,False,40,29.250352,32.620071,N41,7000,40.0,22.0,2.0,,22.0,2.0,2.0,True
SIN4341-2,SIN4341,3,92,False,115,29.250352,32.620071,N41,7000,35.0,552.0,0.0,,552.0,0.0,0.0,True
SIN4341-3,SIN4341,3,93,False,330,29.250352,32.620071,N41,7000,30.0,379.0,3.0,,379.0,3.0,3.0,True
SIN4344-1,SIN4344,4,91,False,35,29.210396,32.6217,N41,7000,15.0,665.0,1.0,,665.0,1.0,1.0,True
SIN4344-2,SIN4344,4,92,False,95,29.210396,32.6217,N41,7000,10.0,126.0,2.0,,126.0,2.0,2.0,True
SIN4344-3,SIN4344,4,93,False,155,29.210396,32.6217,N41,7000,5.0,804.0,0.0,,804.0,0.0,0.0,True
SIN4344-4,SIN4344,4,94,False,345,29.210396,32.6217,N41,7000,0.0,551.0,3.0,,551.0,3.0,3.0,True
SIN4345-1,SIN4345,4,91,False,0,29.192059,32.634641,N41,7000,390.0,127.0,3.0,,127.0,3.0,3.0,True
SIN4345-2,SIN4345,4,92,False,75,29.192059,32.634641,N41,7000,385.0,752.0,0.0,,752.0,0.0,0.0,True
SIN4345-3,SIN4345,4,93,False,210,29.192059,32.634641,N41,7000,380.0,754.0,2.0,,754.0,2.0,2.0,True
SIN4345-4,SIN4345,4,94,False,285,29.192059,32.634641,N41,7000,375.0,537.0,1.0,,537.0,1.0,1.0,True
SIN4352-1,SIN4352,4,91,False,10,27.4032223,33.6578001,N41,7000,130.0,574.0,2.0,,574.0,2.0,2.0,True
SIN4352-2,SIN4352,4,92,False,70,27.4032223,33.6578001,N41,7000,125.0,575.0,3.0,,575.0,3.0,3.0,True
SIN4352-3,SIN4352,4,93,False,130,27.4032223,33.6578001,N41,7000,120.0,576.0,0.0,,576.0,0.0,0.0,True
SIN4352-4,SIN4352,4,94,False,250,27.4032223,33.6578001,N41,7000,100.0,629.0,1.0,,629.0,1.0,1.0,True
SIN4370-1,SIN4370,4,91,False,65,27.403105,33.666186,N41,7000,455.0,191.0,3.0,,191.0,3.0,3.0,True
SIN4370-2,SIN4370,4,92,False,155,27.403105,33.666186,N41,7000,445.0,192.0,0.0,,192.0,0.0,0.0,True
SIN4370-3,SIN4370,4,93,False,260,27.403105,33.666186,N41,7000,440.0,193.0,1.0,,193.0,1.0,1.0,True
SIN4370-4,SIN4370,4,94,False,340,27.403105,33.666186,N41,7000,435.0,194.0,2.0,,194.0,2.0,2.0,True
SIN4372-1,SIN4372,4,91,False,10,27.3595144,33.6788645,N41,7000,345.0,141.0,1.0,,141.0,1.0,1.0,True
SIN4372-2,SIN4372,4,92,False,80,27.3595144,33.6788645,N41,7000,340.0,142.0,2.0,,142.0,2.0,2.0,True
SIN4372-3,SIN4372,4,93,False,155,27.3595144,33.6788645,N41,7000,335.0,143.0,3.0,,143.0,3.0,3.0,True
SIN4372-4,SIN4372,4,94,False,285,27.3595144,33.6788645,N41,7000,330.0,412.0,0.0,,412.0,0.0,0.0,True
SIN4373-1,SIN4373,4,91,False,75,27.424307,33.6647544,N41,7000,305.0,770.0,2.0,,770.0,2.0,2.0,True
SIN4373-2,SIN4373,4,92,False,190,27.424307,33.6647544,N41,7000,300.0,59.0,3.0,,59.0,3.0,3.0,True
SIN4373-3,SIN4373,4,93,False,275,27.424307,33.6647544,N41,7000,295.0,821.0,1.0,,821.0,1.0,1.0,True
SIN4373-4,SIN4373,4,94,False,345,27.424307,33.6647544,N41,7000,290.0,796.0,0.0,,796.0,0.0,0.0,True
SIN4374-1,SIN4374,4,91,False,110,27.3980409,33.6749682,N41,7000,15.0,118.0,2.0,,118.0,2.0,2.0,True
SIN4374-2,SIN4374,4,92,False,170,27.3980409,33.6749682,N41,7000,10.0,119.0,3.0,,119.0,3.0,3.0,True
SIN4374-3,SIN4374,4,93,False,240,27.3980409,33.6749682,N41,7000,5.0,123.0,3.0,,123.0,3.0,3.0,True
SIN4374-4,SIN4374,4,94,False,310,27.3980409,33.6749682,N41,7000,0.0,127.0,3.0,,127.0,3.0,3.0,True
SIN4375-1,SIN4375,4,91,False,10,27.390693,33.66881,N41,7000,265.0,108.0,0.0,,108.0,0.0,0.0,True
SIN4375-2,SIN4375,4,92,False,115,27.390693,33.66881,N41,7000,215.0,619.0,3.0,,619.0,3.0,3.0,True
SIN4375-3,SIN4375,4,93,False,175,27.390693,33.66881,N41,7000,210.0,581.0,1.0,,581.0,1.0,1.0,True
SIN4375-4,SIN4375,4,94,False,255,27.390693,33.66881,N41,7000,195.0,374.0,2.0,,374.0,2.0,2.0,True
SIN4376-1,SIN4376,4,91,False,10,27.420253,33.666338,N41,7000,60.0,470.0,2.0,,470.0,2.0,2.0,True
SIN4376-2,SIN4376,4,92,False,70,27.420253,33.666338,N41,7000,70.0,659.0,3.0,,659.0,3.0,3.0,True
SIN4376-3,SIN4376,4,93,False,170,27.420253,33.666338,N41,7000,65.0,713.0,1.0,,713.0,1.0,1.0,True
SIN4376-4,SIN4376,4,94,False,310,27.420253,33.666338,N41,7000,75.0,560.0,0.0,,560.0,0.0,0.0,True
SIN4377-1,SIN4377,4,91,False,15,27.384896,33.665881,N41,7000,190.0,694.0,2.0,,694.0,2.0,2.0,True
SIN4377-2,SIN4377,4,92,False,115,27.384896,33.665881,N41,7000,185.0,228.0,0.0,,228.0,0.0,0.0,True
SIN4377-3,SIN4377,4,93,False,180,27.384896,33.665881,N41,7000,175.0,583.0,3.0,,583.0,3.0,3.0,True
SIN4377-4,SIN4377,4,94,False,240,27.384896,33.665881,N41,7000,150.0,33.0,1.0,,33.0,1.0,1.0,True
SIN4378-1,SIN4378,4,91,False,85,27.382364,33.677715,N41,7000,325.0,547.0,3.0,,547.0,3.0,3.0,True
SIN4378-2,SIN4378,4,92,False,160,27.382364,33.677715,N41,7000,320.0,548.0,0.0,,548.0,0.0,0.0,True
SIN4378-3,SIN4378,4,93,False,245,27.382364,33.677715,N41,7000,315.0,549.0,1.0,,549.0,1.0,1.0,True
SIN4378-4,SIN4378,4,94,False,340,27.382364,33.677715,N41,7000,310.0,534.0,2.0,,534.0,2.0,2.0,True
SIN4380-1,SIN4380,4,91,False,30,27.416018,33.670608,N41,7000,260.0,42.0,2.0,,42.0,2.0,2.0,True
SIN4380-2,SIN4380,4,92,False,100,27.416018,33.670608,N41,7000,225.0,55.0,3.0,,55.0,3.0,3.0,True
SIN4380-3,SIN4380,4,93,False,240,27.416018,33.670608,N41,7000,205.0,56.0,0.0,,56.0,0.0,0.0,True
SIN4380-4,SIN4380,4,94,False,330,27.416018,33.670608,N41,7000,200.0,58.0,2.0,,58.0,2.0,2.0,True
SIN4381-1,SIN4381,4,91,False,0,27.32691,33.69025,N41,7000,110.0,159.0,3.0,,159.0,3.0,3.0,True
SIN4381-2,SIN4381,4,92,False,65,27.32691,33.69025,N41,7000,90.0,745.0,1.0,,745.0,1.0,1.0,True
SIN4381-3,SIN4381,4,93,False,130,27.32691,33.69025,N41,7000,85.0,392.0,0.0,,392.0,0.0,0.0,True
SIN4381-4,SIN4381,4,94,False,275,27.32691,33.69025,N41,7000,80.0,342.0,2.0,,342.0,2.0,2.0,True
SIN4392-1,SIN4392,4,91,False,25,26.865633,33.961196,N41,7000,410.0,905.0,1.0,,905.0,1.0,1.0,True
SIN4392-2,SIN4392,4,92,False,90,26.865633,33.961196,N41,7000,405.0,947.0,3.0,,947.0,3.0,3.0,True
SIN4392-3,SIN4392,4,93,False,160,26.865633,33.961196,N41,7000,400.0,916.0,0.0,,916.0,0.0,0.0,True
SIN4392-4,SIN4392,4,94,False,220,26.865633,33.961196,N41,7000,395.0,914.0,2.0,,914.0,2.0,2.0,True
SIN4394-1,SIN4394,4,91,False,30,26.828244,33.938222,N41,7000,545.0,885.0,1.0,,885.0,1.0,1.0,True
SIN4394-2,SIN4394,4,92,False,100,26.828244,33.938222,N41,7000,540.0,915.0,3.0,,915.0,3.0,3.0,True
SIN4394-3,SIN4394,4,93,False,150,26.828244,33.938222,N41,7000,520.0,904.0,0.0,,904.0,0.0,0.0,True
SIN4394-4,SIN4394,4,94,False,270,26.828244,33.938222,N41,7000,785.0,890.0,2.0,,890.0,2.0,2.0,True
SIN4397-1,SIN4397,4,91,False,30,30.622561,32.274403,N41,7000,175.0,172.0,0.0,,172.0,0.0,0.0,True
SIN4397-2,SIN4397,4,92,False,90,30.622561,32.274403,N41,7000,170.0,173.0,1.0,,173.0,1.0,1.0,True
SIN4397-3,SIN4397,4,93,False,240,30.622561,32.274403,N41,7000,165.0,175.0,3.0,,175.0,3.0,3.0,True
SIN4397-4,SIN4397,4,94,False,300,30.622561,32.274403,N41,7000,160.0,174.0,2.0,,174.0,2.0,2.0,True
SIN4399-1,SIN4399,4,91,False,10,27.240737,33.792864,N41,7000,235.0,636.0,0.0,,636.0,0.0,0.0,True
SIN4399-2,SIN4399,4,92,False,85,27.240737,33.792864,N41,7000,230.0,430.0,2.0,,430.0,2.0,2.0,True
SIN4399-3,SIN4399,4,93,False,180,27.240737,33.792864,N41,7000,225.0,411.0,3.0,,411.0,3.0,3.0,True
SIN4399-4,SIN4399,4,94,False,265,27.240737,33.792864,N41,7000,220.0,121.0,1.0,,121.0,1.0,1.0,True
SIN4416-1,SIN4416,4,91,False,80,26.9656,33.8847,N41,7000,111.0,111.0,3.0,,111.0,3.0,3.0,True
SIN4416-2,SIN4416,4,92,False,150,26.9656,33.8847,N41,7000,112.0,112.0,0.0,,112.0,0.0,0.0,True
SIN4416-3,SIN4416,4,93,False,220,26.9656,33.8847,N41,7000,113.0,113.0,1.0,,113.0,1.0,1.0,True
SIN4416-4,SIN4416,4,94,False,285,26.9656,33.8847,N41,7000,115.0,115.0,3.0,,115.0,3.0,3.0,True
SIN4422-1,SIN4422,4,91,False,25,26.981344,33.906665,N41,7000,430.0,887.0,3.0,,887.0,3.0,3.0,True
SIN4422-2,SIN4422,4,92,False,85,26.981344,33.906665,N41,7000,425.0,981.0,1.0,,981.0,1.0,1.0,True
SIN4422-3,SIN4422,4,93,False,210,26.981344,33.906665,N41,7000,420.0,944.0,0.0,,944.0,0.0,0.0,True
SIN4422-4,SIN4422,4,94,False,320,26.981344,33.906665,N41,7000,405.0,986.0,2.0,,986.0,2.0,2.0,True
SIN4425-1,SIN4425,3,91,False,190,28.0311,34.4408,N41,7000,85.0,158.0,2.0,,158.0,2.0,2.0,True
SIN4425-2,SIN4425,3,92,False,250,28.0311,34.4408,N41,7000,80.0,301.0,1.0,,301.0,1.0,1.0,True
SIN4425-3,SIN4425,3,93,False,325,28.0311,34.4408,N41,7000,75.0,655.0,3.0,,655.0,3.0,3.0,True
SIN4433-1,SIN4433,3,91,False,15,29.469294,32.454059,N41,7000,90.0,487.0,3.0,,487.0,3.0,3.0,True
SIN4433-2,SIN4433,3,92,False,115,29.469294,32.454059,N41,7000,85.0,514.0,2.0,,514.0,2.0,2.0,True
SIN4433-3,SIN4433,3,93,False,305,29.469294,32.454059,N41,7000,80.0,508.0,0.0,,508.0,0.0,0.0,True
SIN4524-1,SIN4524,4,91,False,10,28.51,34.5095,N41,7000,460.0,165.0,1.0,,165.0,1.0,1.0,True
SIN4524-2,SIN4524,4,92,False,90,28.51,34.5095,N41,7000,455.0,652.0,0.0,,652.0,0.0,0.0,True
SIN4524-3,SIN4524,4,93,False,180,28.51,34.5095,N41,7000,435.0,767.0,3.0,,767.0,3.0,3.0,True
SIN4524-4,SIN4524,4,94,False,280,28.51,34.5095,N41,7000,430.0,218.0,2.0,,218.0,2.0,2.0,True
SIN4527-1,SIN4527,4,91,False,55,27.938472,34.371889,N41,7000,455.0,794.0,2.0,,794.0,2.0,2.0,True
SIN4527-2,SIN4527,4,92,False,130,27.938472,34.371889,N41,7000,450.0,797.0,1.0,,797.0,1.0,1.0,True
SIN4527-3,SIN4527,4,93,False,215,27.938472,34.371889,N41,7000,445.0,584.0,0.0,,584.0,0.0,0.0,True
SIN4527-4,SIN4527,4,94,False,290,27.938472,34.371889,N41,7000,440.0,43.0,3.0,,43.0,3.0,3.0,True
SIN4528-1,SIN4528,4,91,False,20,27.3171,33.7072,N41,7000,55.0,762.0,2.0,,762.0,2.0,2.0,True
SIN4528-2,SIN4528,4,92,False,80,27.3171,33.7072,N41,7000,50.0,388.0,0.0,,388.0,0.0,0.0,True
SIN4528-3,SIN4528,4,93,False,140,27.3171,33.7072,N41,7000,45.0,489.0,1.0,,489.0,1.0,1.0,True
SIN4528-4,SIN4528,4,94,False,300,27.3171,33.7072,N41,7000,40.0,67.0,3.0,,67.0,3.0,3.0,True
SIN4532-1,SIN4532,4,91,False,110,27.947801,34.367957,N41,7000,480.0,239.0,3.0,,239.0,3.0,3.0,True
SIN4532-2,SIN4532,4,92,False,180,27.947801,34.367957,N41,7000,475.0,724.0,0.0,,724.0,0.0,0.0,True
SIN4532-3,SIN4532,4,93,False,240,27.947801,34.367957,N41,7000,470.0,730.0,2.0,,730.0,2.0,2.0,True
SIN4532-4,SIN4532,4,94,False,300,27.947801,34.367957,N41,7000,465.0,725.0,1.0,,725.0,1.0,1.0,True
SIN4533-1,SIN4533,2,91,False,20,27.944154,34.355685,N41,7000,400.0,208.0,0.0,,208.0,0.0,0.0,True
SIN4533-2,SIN4533,2,92,False,80,27.944154,34.355685,N41,7000,395.0,631.0,3.0,,631.0,3.0,3.0,True
SIN4534-1,SIN4534,3,91,False,30,27.896729,34.296459,N41,7000,665.0,350.0,2.0,,350.0,2.0,2.0,True
SIN4534-2,SIN4534,3,92,False,90,27.896729,34.296459,N41,7000,660.0,227.0,3.0,,227.0,3.0,3.0,True
SIN4534-3,SIN4534,3,93,False,160,27.896729,34.296459,N41,7000,655.0,409.0,1.0,,409.0,1.0,1.0,True
SIN4539-1,SIN4539,4,91,False,170,29.50021,32.415371,N41,7000,48.0,915.0,3.0,,915.0,3.0,3.0,True
SIN4539-2,SIN4539,4,92,False,230,29.50021,32.415371,N41,7000,40.0,904.0,0.0,,904.0,0.0,0.0,True
SIN4539-3,SIN4539,4,93,False,290,29.50021,32.415371,N41,7000,32.0,930.0,2.0,,930.0,2.0,2.0,True
SIN4539-4,SIN4539,4,94,False,350,29.50021,32.415371,N41,7000,24.0,969.0,1.0,,969.0,1.0,1.0,True
SIN4541-1,SIN4541,3,91,False,50,29.4907,32.4201,N41,7000,135.0,766.0,2.0,,766.0,2.0,2.0,True
SIN4541-2,SIN4541,3,92,False,220,29.4907,32.4201,N41,7000,130.0,65.0,1.0,,65.0,1.0,1.0,True
SIN4541-3,SIN4541,3,93,False,350,29.4907,32.4201,N41,7000,125.0,528.0,0.0,,528.0,0.0,0.0,True
SIN4544-1,SIN4544,4,91,False,15,27.885,34.3025,N41,7000,235.0,604.0,0.0,,604.0,0.0,0.0,True
SIN4544-2,SIN4544,4,92,False,70,27.885,34.3025,N41,7000,230.0,419.0,3.0,,419.0,3.0,3.0,True
SIN4544-3,SIN4544,4,93,False,130,27.885,34.3025,N41,7000,225.0,790.0,2.0,,790.0,2.0,2.0,True
SIN4544-4,SIN4544,4,94,False,200,27.885,34.3025,N41,7000,220.0,693.0,1.0,,693.0,1.0,1.0,True
SIN4552-1,SIN4552,3,91,False,85,26.963503,33.870905,N41,7000,390.0,853.0,1.0,,853.0,1.0,1.0,True
SIN4552-2,SIN4552,3,92,False,160,26.963503,33.870905,N41,7000,385.0,835.0,3.0,,835.0,3.0,3.0,True
SIN4552-3,SIN4552,3,93,False,310,26.963503,33.870905,N41,7000,380.0,920.0,0.0,,920.0,0.0,0.0,True
SIN4568-1,SIN4568,4,91,False,10,26.85061,33.99053,N41,7000,375.0,936.0,0.0,,936.0,0.0,0.0,True
SIN4568-2,SIN4568,4,92,False,160,26.85061,33.99053,N41,7000,370.0,930.0,2.0,,930.0,2.0,2.0,True
SIN4568-3,SIN4568,4,93,False,220,26.85061,33.99053,N41,7000,365.0,891.0,3.0,,891.0,3.0,3.0,True
SIN4568-4,SIN4568,4,94,False,300,26.85061,33.99053,N41,7000,720.0,969.0,1.0,,969.0,1.0,1.0,True
SIN4587-1,SIN4587,4,91,False,35,27.238148,33.836443,N41,7000,400.0,369.0,1.0,,369.0,1.0,1.0,True
SIN4587-2,SIN4587,4,92,False,125,27.238148,33.836443,N41,7000,395.0,739.0,3.0,,739.0,3.0,3.0,True
SIN4587-3,SIN4587,4,93,False,225,27.238148,33.836443,N41,7000,390.0,210.0,2.0,,210.0,2.0,2.0,True
SIN4587-4,SIN4587,4,94,False,310,27.238148,33.836443,N41,7000,385.0,212.0,0.0,,212.0,0.0,0.0,True
SIN4612-1,SIN4612,4,91,False,30,28.0408,34.4104,N41,7000,105.0,333.0,1.0,,333.0,1.0,1.0,True
SIN4612-2,SIN4612,4,92,False,145,28.0408,34.4104,N41,7000,100.0,334.0,2.0,,334.0,2.0,2.0,True
SIN4612-3,SIN4612,4,93,False,205,28.0408,34.4104,N41,7000,95.0,335.0,3.0,,335.0,3.0,3.0,True
SIN4612-4,SIN4612,4,94,False,275,28.0408,34.4104,N41,7000,90.0,688.0,0.0,,688.0,0.0,0.0,True
SIN4630-1,SIN4630,4,91,False,10,29.270768,32.611796,N41,7000,795.0,602.0,2.0,,602.0,2.0,2.0,True
SIN4630-2,SIN4630,4,92,False,100,29.270768,32.611796,N41,7000,680.0,20.0,0.0,,20.0,0.0,0.0,True
SIN4630-3,SIN4630,4,93,False,190,29.270768,32.611796,N41,7000,600.0,453.0,1.0,,453.0,1.0,1.0,True
SIN4630-4,SIN4630,4,94,False,280,29.270768,32.611796,N41,7000,585.0,579.0,3.0,,579.0,3.0,3.0,True
SIN4633-1,SIN4633,4,91,False,0,26.773605,33.928289,N41,7000,15.0,323.0,3.0,,323.0,3.0,3.0,True
SIN4633-2,SIN4633,4,92,False,130,26.773605,33.928289,N41,7000,10.0,401.0,1.0,,401.0,1.0,1.0,True
SIN4633-3,SIN4633,4,93,False,210,26.773605,33.928289,N41,7000,5.0,520.0,0.0,,520.0,0.0,0.0,True
SIN4633-4,SIN4633,4,94,False,290,26.773605,33.928289,N41,7000,0.0,198.0,2.0,,198.0,2.0,2.0,True
SIN4644-1,SIN4644,4,91,False,70,29.440013,32.483471,N41,7000,15.0,656.0,0.0,,656.0,0.0,0.0,True
SIN4644-2,SIN4644,4,92,False,135,29.440013,32.483471,N41,7000,10.0,658.0,2.0,,658.0,2.0,2.0,True
SIN4644-3,SIN4644,4,93,False,260,29.440013,32.483471,N41,7000,5.0,725.0,1.0,,725.0,1.0,1.0,True
SIN4644-4,SIN4644,4,94,False,340,29.440013,32.483471,N41,7000,0.0,711.0,3.0,,711.0,3.0,3.0,True
SIN6004-1,SIN6004,4,91,False,40,29.96215,32.50387,N41,7000,200.0,781.0,1.0,,781.0,1.0,1.0,True
SIN6004-2,SIN6004,4,92,False,135,29.96215,32.50387,N41,7000,195.0,263.0,3.0,,263.0,3.0,3.0,True
SIN6004-3,SIN6004,4,93,False,225,29.96215,32.50387,N41,7000,190.0,696.0,0.0,,696.0,0.0,0.0,True
SIN6004-4,SIN6004,4,94,False,315,29.96215,32.50387,N41,7000,185.0,734.0,2.0,,734.0,2.0,2.0,True
SIN6006-1,SIN6006,3,91,False,30,28.00179,34.425458,N41,7000,45.0,473.0,1.0,,473.0,1.0,1.0,True
SIN6006-2,SIN6006,3,92,False,180,28.00179,34.425458,N41,7000,25.0,300.0,0.0,,300.0,0.0,0.0,True
SIN6006-3,SIN6006,3,93,False,260,28.00179,34.425458,N41,7000,20.0,451.0,3.0,,451.0,3.0,3.0,True
SIN6011-1,SIN6011,3,91,False,100,31.26086,32.27733,N41,7000,25.0,108.0,0.0,,108.0,0.0,0.0,True
SIN6011-2,SIN6011,3,92,False,240,31.26086,32.27733,N41,7000,20.0,647.0,3.0,,647.0,3.0,3.0,True
SIN6011-3,SIN6011,3,93,False,350,31.26086,32.27733,N41,7000,15.0,750.0,2.0,,750.0,2.0,2.0,True
SIN6012-1,SIN6012,3,91,False,30,31.2662,32.29371,N41,7000,330.0,865.0,1.0,,865.0,1.0,1.0,True
SIN6012-2,SIN6012,3,92,False,140,31.2662,32.29371,N41,7000,325.0,575.0,3.0,,575.0,3.0,3.0,True
SIN6012-3,SIN6012,3,93,False,275,31.2662,32.29371,N41,7000,320.0,462.0,2.0,,462.0,2.0,2.0,True
SIN6017-1,SIN6017,3,91,False,50,31.241867,32.321584,N41,7000,275.0,241.0,1.0,,241.0,1.0,1.0,True
SIN6017-2,SIN6017,3,92,False,160,31.241867,32.321584,N41,7000,270.0,267.0,3.0,,267.0,3.0,3.0,True
SIN6017-3,SIN6017,3,93,False,240,31.241867,32.321584,N41,7000,265.0,700.0,0.0,,700.0,0.0,0.0,True
SIN6022-1,SIN6022,3,91,False,50,26.970278,33.917639,N41,7000,195.0,839.0,3.0,,839.0,3.0,3.0,True
SIN6022-2,SIN6022,3,92,False,140,26.970278,33.917639,N41,7000,190.0,496.0,0.0,,496.0,0.0,0.0,True
SIN6022-3,SIN6022,3,93,False,260,26.970278,33.917639,N41,7000,185.0,978.0,2.0,,978.0,2.0,2.0,True
SIN6032-1,SIN6032,2,91,False,70,29.77284,32.41873,N41,7000,720.0,463.0,3.0,,463.0,3.0,3.0,True
SIN6032-2,SIN6032,2,92,False,200,29.77284,32.41873,N41,7000,715.0,170.0,2.0,,170.0,2.0,2.0,True
SIN6047-1,SIN6047,4,91,False,30,28.03514,34.43098,N41,7000,310.0,126.0,2.0,,126.0,2.0,2.0,True
SIN6047-2,SIN6047,4,92,False,100,28.03514,34.43098,N41,7000,305.0,656.0,0.0,,656.0,0.0,0.0,True
SIN6047-3,SIN6047,4,93,False,185,28.03514,34.43098,N41,7000,300.0,779.0,3.0,,779.0,3.0,3.0,True
SIN6047-4,SIN6047,4,94,False,310,28.03514,34.43098,N41,7000,295.0,29.0,1.0,,29.0,1.0,1.0,True
SIN6048-1,SIN6048,4,91,False,80,27.96675,34.4043,N41,7000,155.0,711.0,3.0,,711.0,3.0,3.0,True
SIN6048-2,SIN6048,4,92,False,170,27.96675,34.4043,N41,7000,130.0,148.0,0.0,,148.0,0.0,0.0,True
SIN6048-3,SIN6048,4,93,False,240,27.96675,34.4043,N41,7000,125.0,526.0,2.0,,526.0,2.0,2.0,True
SIN6048-4,SIN6048,4,94,False,315,27.96675,34.4043,N41,7000,120.0,41.0,1.0,,41.0,1.0,1.0,True
SIN6049-1,SIN6049,4,91,False,60,27.8872,34.2975,N41,7000,790.0,559.0,3.0,,559.0,3.0,3.0,True
SIN6049-2,SIN6049,4,92,False,170,27.8872,34.2975,N41,7000,785.0,809.0,1.0,,809.0,1.0,1.0,True
SIN6049-3,SIN6049,4,93,False,250,27.8872,34.2975,N41,7000,780.0,594.0,2.0,,594.0,2.0,2.0,True
SIN6049-4,SIN6049,4,94,False,320,27.8872,34.2975,N41,7000,775.0,160.0,0.0,,160.0,0.0,0.0,True
SIN6052-1,SIN6052,3,91,False,115,27.887841,34.323083,N41,7000,340.0,736.0,0.0,,736.0,0.0,0.0,True
SIN6052-2,SIN6052,3,92,False,195,27.887841,34.323083,N41,7000,335.0,737.0,1.0,,737.0,1.0,1.0,True
SIN6052-3,SIN6052,3,93,False,295,27.887841,34.323083,N41,7000,330.0,738.0,2.0,,738.0,2.0,2.0,True
SIN6053-1,SIN6053,3,91,False,10,27.91544,34.33711,N41,7000,100.0,665.0,1.0,,665.0,1.0,1.0,True
SIN6053-2,SIN6053,3,92,False,45,27.91544,34.33711,N41,7000,95.0,22.0,2.0,,22.0,2.0,2.0,True
SIN6053-3,SIN6053,3,93,False,120,27.91544,34.33711,N41,7000,760.0,24.0,0.0,,24.0,0.0,0.0,True
SIN6054-1,SIN6054,3,91,False,70,27.93306,34.36426,N41,7000,420.0,734.0,2.0,,734.0,2.0,2.0,True
SIN6054-2,SIN6054,3,92,False,130,27.93306,34.36426,N41,7000,415.0,728.0,0.0,,728.0,0.0,0.0,True
SIN6054-3,SIN6054,3,93,False,185,27.93306,34.36426,N41,7000,410.0,707.0,3.0,,707.0,3.0,3.0,True
SIN6055-1,SIN6055,3,91,False,0,29.97684,32.55019,N41,7000,10.0,222.0,2.0,,222.0,2.0,2.0,True
SIN6055-2,SIN6055,3,92,False,120,29.97684,32.55019,N41,7000,5.0,493.0,1.0,,493.0,1.0,1.0,True
SIN6055-3,SIN6055,3,93,False,240,29.97684,32.55019,N41,7000,0.0,151.0,3.0,,151.0,3.0,3.0,True
SIN6057-1,SIN6057,3,91,False,10,29.96355,32.5559,N41,7000,455.0,616.0,0.0,,616.0,0.0,0.0,True
SIN6057-2,SIN6057,3,92,False,140,29.96355,32.5559,N41,7000,440.0,169.0,1.0,,169.0,1.0,1.0,True
SIN6057-3,SIN6057,3,93,False,250,29.96355,32.5559,N41,7000,435.0,547.0,3.0,,547.0,3.0,3.0,True
SIN6058-1,SIN6058,3,91,False,90,29.97447,32.5144,N41,7000,300.0,669.0,1.0,,669.0,1.0,1.0,True
SIN6058-2,SIN6058,3,92,False,180,29.97447,32.5144,N41,7000,295.0,195.0,3.0,,195.0,3.0,3.0,True
SIN6058-3,SIN6058,3,93,False,310,29.97447,32.5144,N41,7000,290.0,504.0,0.0,,504.0,0.0,0.0,True
SIN6059-1,SIN6059,4,91,False,20,29.97252,32.52965,N41,7000,335.0,293.0,1.0,,293.0,1.0,1.0,True
SIN6059-2,SIN6059,4,92,False,110,29.97252,32.52965,N41,7000,330.0,196.0,0.0,,196.0,0.0,0.0,True
SIN6059-3,SIN6059,4,93,False,180,29.97252,32.52965,N41,7000,325.0,258.0,2.0,,258.0,2.0,2.0,True
SIN6059-4,SIN6059,4,94,False,300,29.97252,32.52965,N41,7000,320.0,239.0,3.0,,239.0,3.0,3.0,True
SIN6061-2,SIN6061,2,92,False,140,29.99299,32.49395,N41,7000,315.0,532.0,0.0,,532.0,0.0,0.0,True
SIN6061-3,SIN6061,2,93,False,210,29.99299,32.49395,N41,7000,310.0,291.0,3.0,,291.0,3.0,3.0,True
SIN6064-1,SIN6064,4,91,False,60,29.96513,32.52612,N41,7000,375.0,252.0,0.0,,252.0,0.0,0.0,True
SIN6064-2,SIN6064,4,92,False,125,29.96513,32.52612,N41,7000,370.0,253.0,1.0,,253.0,1.0,1.0,True
SIN6064-3,SIN6064,4,93,False,210,29.96513,32.52612,N41,7000,365.0,254.0,2.0,,254.0,2.0,2.0,True
SIN6064-4,SIN6064,4,94,False,300,29.96513,32.52612,N41,7000,360.0,311.0,3.0,,311.0,3.0,3.0,True
SIN6078-1,SIN6078,4,91,False,60,27.22955,33.8374,N41,7000,290.0,372.0,0.0,,372.0,0.0,0.0,True
SIN6078-2,SIN6078,4,92,False,170,27.22955,33.8374,N41,7000,285.0,445.0,1.0,,445.0,1.0,1.0,True
SIN6078-3,SIN6078,4,93,False,245,27.22955,33.8374,N41,7000,280.0,715.0,3.0,,715.0,3.0,3.0,True
SIN6078-4,SIN6078,4,94,False,330,27.22955,33.8374,N41,7000,275.0,786.0,2.0,,786.0,2.0,2.0,True
SIN6079-1,SIN6079,3,91,False,80,27.19711,33.84427,N41,7000,30.0,776.0,0.0,,776.0,0.0,0.0,True
SIN6079-2,SIN6079,3,92,False,190,27.19711,33.84427,N41,7000,25.0,87.0,3.0,,87.0,3.0,3.0,True
SIN6079-3,SIN6079,3,93,False,280,27.19711,33.84427,N41,7000,20.0,54.0,2.0,,54.0,2.0,2.0,True
SIN6081-1,SIN6081,4,91,False,60,27.166833,33.821917,N41,7000,95.0,34.0,2.0,,34.0,2.0,2.0,True
SIN6081-2,SIN6081,4,92,False,140,27.166833,33.821917,N41,7000,90.0,97.0,1.0,,97.0,1.0,1.0,True
SIN6081-3,SIN6081,4,93,False,190,27.166833,33.821917,N41,7000,70.0,220.0,0.0,,220.0,0.0,0.0,True
SIN6081-4,SIN6081,4,94,False,345,27.166833,33.821917,N41,7000,65.0,251.0,3.0,,251.0,3.0,3.0,True
SIN6084-1,SIN6084,4,91,False,80,27.090053,33.83906,N41,7000,35.0,660.0,0.0,,660.0,0.0,0.0,True
SIN6084-2,SIN6084,4,92,False,185,27.090053,33.83906,N41,7000,30.0,247.0,3.0,,247.0,3.0,3.0,True
SIN6084-3,SIN6084,4,93,False,270,27.090053,33.83906,N41,7000,25.0,710.0,2.0,,710.0,2.0,2.0,True
SIN6084-4,SIN6084,4,94,False,350,27.090053,33.83906,N41,7000,20.0,733.0,1.0,,733.0,1.0,1.0,True
SIN6092-1,SIN6092,3,91,False,75,29.27724,32.60408,N41,7000,510.0,801.0,1.0,,801.0,1.0,1.0,True
SIN6092-2,SIN6092,3,92,False,150,29.27724,32.60408,N41,7000,500.0,56.0,0.0,,56.0,0.0,0.0,True
SIN6092-3,SIN6092,3,93,False,345,29.27724,32.60408,N41,7000,495.0,55.0,3.0,,55.0,3.0,3.0,True
SIN6100-1,SIN6100,4,91,False,60,27.980738,34.387152,N41,7000,390.0,706.0,2.0,,706.0,2.0,2.0,True
SIN6100-2,SIN6100,4,93,False,135,27.980738,34.387152,N41,7000,380.0,284.0,0.0,,284.0,0.0,0.0,True
SIN6100-3,SIN6100,4,92,False,210,27.980738,34.387152,N41,7000,385.0,349.0,1.0,,349.0,1.0,1.0,True
SIN6100-4,SIN6100,4,94,False,280,27.980738,34.387152,N41,7000,375.0,743.0,3.0,,743.0,3.0,3.0,True
SIN6101-1,SIN6101,4,91,False,0,27.906158,34.314543,N41,7000,215.0,645.0,1.0,,645.0,1.0,1.0,True
SIN6101-2,SIN6101,4,92,False,90,27.906158,34.314543,N41,7000,210.0,376.0,0.0,,376.0,0.0,0.0,True
SIN6101-3,SIN6101,4,93,False,210,27.906158,34.314543,N41,7000,205.0,75.0,3.0,,75.0,3.0,3.0,True
SIN6101-4,SIN6101,4,94,False,290,27.906158,34.314543,N41,7000,200.0,554.0,2.0,,554.0,2.0,2.0,True
SIN6108-1,SIN6108,4,91,False,30,27.923462,34.36404,N41,7000,195.0,294.0,2.0,,294.0,2.0,2.0,True
SIN6108-2,SIN6108,4,92,False,165,27.923462,34.36404,N41,7000,190.0,345.0,1.0,,345.0,1.0,1.0,True
SIN6108-3,SIN6108,4,93,False,220,27.923462,34.36404,N41,7000,185.0,151.0,3.0,,151.0,3.0,3.0,True
SIN6108-4,SIN6108,4,94,False,330,27.923462,34.36404,N41,7000,175.0,648.0,0.0,,648.0,0.0,0.0,True
SIN6119-1,SIN6119,3,91,False,160,29.330778,32.592194,N41,7000,420.0,553.0,1.0,,553.0,1.0,1.0,True
SIN6119-2,SIN6119,3,92,False,240,29.330778,32.592194,N41,7000,390.0,431.0,3.0,,431.0,3.0,3.0,True
SIN6119-3,SIN6119,3,93,False,350,29.330778,32.592194,N41,7000,385.0,168.0,0.0,,168.0,0.0,0.0,True
SIN6120-1,SIN6120,4,91,False,15,27.880023,34.303899,N41,7000,730.0,164.0,0.0,,164.0,0.0,0.0,True
SIN6120-2,SIN6120,4,92,False,90,27.880023,34.303899,N41,7000,720.0,373.0,1.0,,373.0,1.0,1.0,True
SIN6120-3,SIN6120,4,93,False,200,27.880023,34.303899,N41,7000,725.0,267.0,3.0,,267.0,3.0,3.0,True
SIN6120-4,SIN6120,4,94,False,285,27.880023,34.303899,N41,7000,710.0,10.0,2.0,,10.0,2.0,2.0,True
SIN6123-1,SIN6123,4,91,False,75,27.224415,33.837737,N41,7000,250.0,177.0,1.0,,177.0,1.0,1.0,True
SIN6123-2,SIN6123,4,92,False,175,27.224415,33.837737,N41,7000,245.0,795.0,3.0,,795.0,3.0,3.0,True
SIN6123-3,SIN6123,4,93,False,260,27.224415,33.837737,N41,7000,240.0,768.0,0.0,,768.0,0.0,0.0,True
SIN6123-4,SIN6123,4,94,False,350,27.224415,33.837737,N41,7000,215.0,550.0,2.0,,550.0,2.0,2.0,True
SIN6127-1,SIN6127,3,91,False,50,29.75327,32.39698,N41,7000,495.0,682.0,2.0,,682.0,2.0,2.0,True
SIN6127-2,SIN6127,3,92,False,160,29.75327,32.39698,N41,7000,490.0,113.0,1.0,,113.0,1.0,1.0,True
SIN6127-3,SIN6127,3,93,False,240,29.75327,32.39698,N41,7000,485.0,647.0,3.0,,647.0,3.0,3.0,True
SIN6133-1,SIN6133,3,91,False,40,29.43694,32.4953,N41,7000,535.0,950.0,2.0,,950.0,2.0,2.0,True
SIN6133-2,SIN6133,3,92,False,130,29.43694,32.4953,N41,7000,530.0,976.0,0.0,,976.0,0.0,0.0,True
SIN6133-3,SIN6133,3,93,False,310,29.43694,32.4953,N41,7000,525.0,953.0,1.0,,953.0,1.0,1.0,True
SIN6134-1,SIN6134,3,91,False,60,29.77973,32.42766,N41,7000,415.0,783.0,3.0,,783.0,3.0,3.0,True
SIN6134-2,SIN6134,3,92,False,145,29.77973,32.42766,N41,7000,410.0,784.0,0.0,,784.0,0.0,0.0,True
SIN6134-3,SIN6134,3,93,False,240,29.77973,32.42766,N41,7000,405.0,785.0,1.0,,785.0,1.0,1.0,True
SIN6136-1,SIN6136,4,91,False,30,29.66761,32.3478,N41,7000,112.0,919.0,3.0,,919.0,3.0,3.0,True
SIN6136-2,SIN6136,4,92,False,90,29.66761,32.3478,N41,7000,104.0,929.0,1.0,,929.0,1.0,1.0,True
SIN6136-3,SIN6136,4,93,False,150,29.66761,32.3478,N41,7000,96.0,940.0,0.0,,940.0,0.0,0.0,True
SIN6136-4,SIN6136,4,94,False,300,29.66761,32.3478,N41,7000,88.0,862.0,2.0,,862.0,2.0,2.0,True
SIN6150-1,SIN6150,4,91,False,70,26.798631,33.939238,N41,7000,555.0,377.0,1.0,,377.0,1.0,1.0,True
SIN6150-2,SIN6150,4,92,False,150,26.798631,33.939238,N41,7000,535.0,319.0,3.0,,319.0,3.0,3.0,True
SIN6150-3,SIN6150,4,93,False,205,26.798631,33.939238,N41,7000,820.0,0.0,0.0,,0.0,0.0,0.0,True
SIN6150-4,SIN6150,4,94,False,340,26.798631,33.939238,N41,7000,800.0,454.0,2.0,,454.0,2.0,2.0,True
SIN6153-1,SIN6153,1,91,False,50,27.21307,33.84019,N41,7000,190.0,266.0,2.0,,266.0,2.0,2.0,True
SIN6159-1,SIN6159,3,91,False,60,31.24174,32.31523,N41,7000,60.0,320.0,0.0,,320.0,0.0,0.0,True
SIN6159-2,SIN6159,3,92,False,160,31.24174,32.31523,N41,7000,55.0,318.0,2.0,,318.0,2.0,2.0,True
SIN6159-3,SIN6159,3,93,False,340,31.24174,32.31523,N41,7000,35.0,319.0,3.0,,319.0,3.0,3.0,True
SIN6179-1,SIN6179,3,91,False,60,27.15781,33.82258,N41,7000,75.0,491.0,3.0,,491.0,3.0,3.0,True
SIN6179-2,SIN6179,3,92,False,190,27.15781,33.82258,N41,7000,60.0,140.0,0.0,,140.0,0.0,0.0,True
SIN6179-3,SIN6179,3,93,False,325,27.15781,33.82258,N41,7000,55.0,490.0,2.0,,490.0,2.0,2.0,True
SIN6180-1,SIN6180,4,91,False,40,27.18941,33.83295,N41,7000,830.0,517.0,1.0,,517.0,1.0,1.0,True
SIN6180-2,SIN6180,4,92,False,130,27.18941,33.83295,N41,7000,825.0,424.0,0.0,,424.0,0.0,0.0,True
SIN6180-3,SIN6180,4,93,False,220,27.18941,33.83295,N41,7000,820.0,511.0,3.0,,511.0,3.0,3.0,True
SIN6180-4,SIN6180,4,94,False,300,27.18941,33.83295,N41,7000,815.0,134.0,2.0,,134.0,2.0,2.0,True
SIN6181-1,SIN6181,4,91,False,10,27.24101,33.84235,N41,7000,340.0,4.0,0.0,,4.0,0.0,0.0,True
SIN6181-2,SIN6181,4,92,False,90,27.24101,33.84235,N41,7000,335.0,690.0,2.0,,690.0,2.0,2.0,True
SIN6181-3,SIN6181,4,93,False,160,27.24101,33.84235,N41,7000,330.0,525.0,1.0,,525.0,1.0,1.0,True
SIN6181-4,SIN6181,4,94,False,260,27.24101,33.84235,N41,7000,325.0,507.0,3.0,,507.0,3.0,3.0,True
SIN6182-1,SIN6182,4,91,False,0,27.252657,33.834012,N41,7000,680.0,303.0,3.0,,303.0,3.0,3.0,True
SIN6182-2,SIN6182,4,92,False,110,27.252657,33.834012,N41,7000,675.0,178.0,2.0,,178.0,2.0,2.0,True
SIN6182-3,SIN6182,4,93,False,200,27.252657,33.834012,N41,7000,670.0,221.0,1.0,,221.0,1.0,1.0,True
SIN6182-4,SIN6182,4,94,False,300,27.252657,33.834012,N41,7000,665.0,264.0,0.0,,264.0,0.0,0.0,True
SIN6184-1,SIN6184,3,91,False,100,27.24955,33.82265,N41,7000,265.0,418.0,2.0,,418.0,2.0,2.0,True
SIN6184-2,SIN6184,3,92,False,200,27.24955,33.82265,N41,7000,60.0,389.0,1.0,,389.0,1.0,1.0,True
SIN6184-3,SIN6184,3,93,False,290,27.24955,33.82265,N41,7000,55.0,643.0,3.0,,643.0,3.0,3.0,True
SIN6187-1,SIN6187,4,91,False,10,29.484341,32.441163,N41,7000,635.0,128.0,0.0,,128.0,0.0,0.0,True
SIN6187-2,SIN6187,4,92,False,90,29.484341,32.441163,N41,7000,630.0,802.0,2.0,,802.0,2.0,2.0,True
SIN6187-3,SIN6187,4,93,False,150,29.484341,32.441163,N41,7000,625.0,727.0,3.0,,727.0,3.0,3.0,True
SIN6187-4,SIN6187,4,94,False,310,29.484341,32.441163,N41,7000,620.0,681.0,1.0,,681.0,1.0,1.0,True
SIN6189-1,SIN6189,3,91,False,40,27.400778,33.676083,N41,7000,250.0,328.0,0.0,,328.0,0.0,0.0,True
SIN6189-2,SIN6189,3,92,False,140,27.400778,33.676083,N41,7000,245.0,327.0,3.0,,327.0,3.0,3.0,True
SIN6189-3,SIN6189,3,93,False,270,27.400778,33.676083,N41,7000,240.0,329.0,1.0,,329.0,1.0,1.0,True
SIN6193-1,SIN6193,4,91,False,30,28.019624,34.435249,N41,7000,40.0,436.0,0.0,,436.0,0.0,0.0,True
SIN6193-2,SIN6193,4,92,False,100,28.019624,34.435249,N41,7000,35.0,246.0,2.0,,246.0,2.0,2.0,True
SIN6193-3,SIN6193,4,93,False,170,28.019624,34.435249,N41,7000,30.0,627.0,3.0,,627.0,3.0,3.0,True
SIN6193-4,SIN6193,4,94,False,290,28.019624,34.435249,N41,7000,15.0,585.0,1.0,,585.0,1.0,1.0,True
SIN6194-1,SIN6194,3,91,False,80,27.97356,34.42285,N41,7000,10.0,252.0,0.0,,252.0,0.0,0.0,True
SIN6194-2,SIN6194,3,92,False,220,27.97356,34.42285,N41,7000,5.0,207.0,3.0,,207.0,3.0,3.0,True
SIN6194-3,SIN6194,3,93,False,350,27.97356,34.42285,N41,7000,750.0,166.0,2.0,,166.0,2.0,2.0,True
SIN6196-1,SIN6196,2,91,False,50,27.96135,34.39543,N41,7000,140.0,117.0,1.0,,117.0,1.0,1.0,True
SIN6196-3,SIN6196,2,93,False,320,27.96135,34.39543,N41,7000,135.0,647.0,3.0,,647.0,3.0,3.0,True
SIN6199-1,SIN6199,3,91,False,5,31.2532,32.2602,N41,7000,205.0,398.0,2.0,,398.0,2.0,2.0,True
SIN6199-2,SIN6199,3,92,False,90,31.2532,32.2602,N41,7000,200.0,341.0,1.0,,341.0,1.0,1.0,True
SIN6199-3,SIN6199,3,93,False,160,31.2532,32.2602,N41,7000,195.0,723.0,3.0,,723.0,3.0,3.0,True
SIN6210-1,SIN6210,4,91,False,40,31.254717,32.317488,N41,7000,90.0,3.0,3.0,,3.0,3.0,3.0,True
SIN6210-2,SIN6210,4,92,False,125,31.254717,32.317488,N41,7000,85.0,5.0,1.0,,5.0,1.0,1.0,True
SIN6210-3,SIN6210,4,93,False,210,31.254717,32.317488,N41,7000,70.0,998.0,2.0,,998.0,2.0,2.0,True
SIN6210-4,SIN6210,4,94,False,315,31.254717,32.317488,N41,7000,65.0,736.0,0.0,,736.0,0.0,0.0,True
SIN6211-1,SIN6211,4,91,False,35,29.23797,32.627176,N41,7000,430.0,23.0,3.0,,23.0,3.0,3.0,True
SIN6211-2,SIN6211,4,92,False,130,29.23797,32.627176,N41,7000,425.0,24.0,0.0,,24.0,0.0,0.0,True
SIN6211-3,SIN6211,4,93,False,250,29.23797,32.627176,N41,7000,415.0,25.0,1.0,,25.0,1.0,1.0,True
SIN6211-4,SIN6211,4,94,False,315,29.23797,32.627176,N41,7000,410.0,26.0,2.0,,26.0,2.0,2.0,True
SIN6216-3,SIN6216,2,93,False,250,30.600527,32.274759,N41,7000,260.0,558.0,2.0,,558.0,2.0,2.0,True
SIN6216-4,SIN6216,2,94,False,330,30.600527,32.274759,N41,7000,255.0,223.0,3.0,,223.0,3.0,3.0,True
SIN6227-1,SIN6227,4,91,False,50,27.21977,33.83337,N41,7000,480.0,529.0,1.0,,529.0,1.0,1.0,True
SIN6227-2,SIN6227,4,92,False,140,27.21977,33.83337,N41,7000,475.0,530.0,2.0,,530.0,2.0,2.0,True
SIN6227-3,SIN6227,4,93,False,220,27.21977,33.83337,N41,7000,470.0,531.0,3.0,,531.0,3.0,3.0,True
SIN6227-4,SIN6227,4,94,False,300,27.21977,33.83337,N41,7000,465.0,312.0,0.0,,312.0,0.0,0.0,True
SIN6228-3,SIN6228,1,93,False,0,26.8455,33.9967,N41,7000,95.0,533.0,1.0,,533.0,1.0,1.0,True
SIN6229-1,SIN6229,3,91,False,10,28.4906,34.51535,N41,7000,495.0,167.0,3.0,,167.0,3.0,3.0,True
SIN6229-2,SIN6229,3,92,False,200,28.4906,34.51535,N41,7000,490.0,505.0,1.0,,505.0,1.0,1.0,True
SIN6229-3,SIN6229,3,93,False,280,28.4906,34.51535,N41,7000,485.0,800.0,0.0,,800.0,0.0,0.0,True
SIN6230-1,SIN6230,3,91,False,60,27.07631,33.87922,N41,7000,410.0,945.0,1.0,,945.0,1.0,1.0,True
SIN6230-2,SIN6230,3,92,False,140,27.07631,33.87922,N41,7000,380.0,863.0,3.0,,863.0,3.0,3.0,True
SIN6230-3,SIN6230,3,93,False,275,27.07631,33.87922,N41,7000,375.0,834.0,2.0,,834.0,2.0,2.0,True
SIN6231-1,SIN6231,4,91,False,10,26.97953,33.91149,N41,7000,370.0,946.0,2.0,,946.0,2.0,2.0,True
SIN6231-2,SIN6231,4,92,False,100,26.97953,33.91149,N41,7000,365.0,968.0,0.0,,968.0,0.0,0.0,True
SIN6231-3,SIN6231,4,93,False,200,26.97953,33.91149,N41,7000,355.0,991.0,3.0,,991.0,3.0,3.0,True
SIN6231-4,SIN6231,4,94,False,300,26.97953,33.91149,N41,7000,350.0,889.0,1.0,,889.0,1.0,1.0,True
SIN6238-1,SIN6238,3,91,False,70,27.85162,34.30165,N41,7000,245.0,316.0,0.0,,316.0,0.0,0.0,True
SIN6238-2,SIN6238,3,92,False,135,27.85162,34.30165,N41,7000,155.0,759.0,3.0,,759.0,3.0,3.0,True
SIN6238-3,SIN6238,3,93,False,335,27.85162,34.30165,N41,7000,140.0,385.0,1.0,,385.0,1.0,1.0,True
SIN6239-1,SIN6239,3,91,False,50,27.86742,34.29345,N41,7000,770.0,605.0,1.0,,605.0,1.0,1.0,True
SIN6239-2,SIN6239,3,92,False,150,27.86742,34.29345,N41,7000,765.0,408.0,0.0,,408.0,0.0,0.0,True
SIN6239-3,SIN6239,3,93,False,275,27.86742,34.29345,N41,7000,755.0,371.0,3.0,,371.0,3.0,3.0,True
SIN6240-1,SIN6240,3,91,False,90,27.89834,34.30245,N41,7000,650.0,501.0,1.0,,501.0,1.0,1.0,True
SIN6240-2,SIN6240,3,92,False,180,27.89834,34.30245,N41,7000,645.0,310.0,2.0,,310.0,2.0,2.0,True
SIN6240-3,SIN6240,3,93,False,310,27.89834,34.30245,N41,7000,640.0,540.0,0.0,,540.0,0.0,0.0,True
SIN6241-1,SIN6241,4,91,False,40,27.90277,34.28068,N41,7000,105.0,653.0,1.0,,653.0,1.0,1.0,True
SIN6241-2,SIN6241,4,92,False,130,27.90277,34.28068,N41,7000,50.0,410.0,2.0,,410.0,2.0,2.0,True
SIN6241-3,SIN6241,4,93,False,225,27.90277,34.28068,N41,7000,45.0,320.0,0.0,,320.0,0.0,0.0,True
SIN6241-4,SIN6241,4,94,False,310,27.90277,34.28068,N41,7000,40.0,375.0,3.0,,375.0,3.0,3.0,True
SIN6245-1,SIN6245,3,91,False,70,29.53886,32.3693,N41,7000,700.0,438.0,2.0,,438.0,2.0,2.0,True
SIN6245-2,SIN6245,3,92,False,140,29.53886,32.3693,N41,7000,695.0,439.0,3.0,,439.0,3.0,3.0,True
SIN6245-3,SIN6245,3,93,False,350,29.53886,32.3693,N41,7000,690.0,457.0,1.0,,457.0,1.0,1.0,True
SIN6250-1,SIN6250,3,91,False,10,27.96972,34.41728,N41,7000,340.0,805.0,1.0,,805.0,1.0,1.0,True
SIN6250-2,SIN6250,3,92,False,190,27.96972,34.41728,N41,7000,335.0,714.0,2.0,,714.0,2.0,2.0,True
SIN6250-3,SIN6250,3,93,False,270,27.96972,34.41728,N41,7000,330.0,28.0,0.0,,28.0,0.0,0.0,True
SIN6252-1,SIN6252,4,91,False,80,28.506864,34.516744,N41,7000,410.0,640.0,0.0,,640.0,0.0,0.0,True
SIN6252-2,SIN6252,4,92,False,170,28.506864,34.516744,N41,7000,400.0,641.0,1.0,,641.0,1.0,1.0,True
SIN6252-3,SIN6252,4,93,False,270,28.506864,34.516744,N41,7000,395.0,642.0,2.0,,642.0,2.0,2.0,True
SIN6252-4,SIN6252,4,94,False,340,28.506864,34.516744,N41,7000,655.0,235.0,3.0,,235.0,3.0,3.0,True
SIN6253-1,SIN6253,3,91,False,10,29.58574,32.34143,N41,7000,715.0,34.0,2.0,,34.0,2.0,2.0,True
SIN6253-2,SIN6253,3,92,False,110,29.58574,32.34143,N41,7000,710.0,64.0,0.0,,64.0,0.0,0.0,True
SIN6253-3,SIN6253,3,93,False,320,29.58574,32.34143,N41,7000,705.0,813.0,1.0,,813.0,1.0,1.0,True
SIN6255-1,SIN6255,4,91,False,40,27.914818,34.325482,N41,7000,405.0,699.0,3.0,,699.0,3.0,3.0,True
SIN6255-2,SIN6255,4,92,False,145,27.914818,34.325482,N41,7000,390.0,700.0,0.0,,700.0,0.0,0.0,True
SIN6255-3,SIN6255,4,93,False,250,27.914818,34.325482,N41,7000,385.0,701.0,1.0,,701.0,1.0,1.0,True
SIN6255-4,SIN6255,4,94,False,330,27.914818,34.325482,N41,7000,380.0,18.0,2.0,,18.0,2.0,2.0,True
SIN6258-1,SIN6258,4,91,False,80,29.72342,32.38377,N41,7000,180.0,933.0,1.0,,933.0,1.0,1.0,True
SIN6258-2,SIN6258,4,92,False,170,29.72342,32.38377,N41,7000,175.0,980.0,0.0,,980.0,0.0,0.0,True
SIN6258-3,SIN6258,4,93,False,260,29.72342,32.38377,N41,7000,170.0,951.0,3.0,,951.0,3.0,3.0,True
SIN6258-4,SIN6258,4,94,False,350,29.72342,32.38377,N41,7000,140.0,958.0,2.0,,958.0,2.0,2.0,True
SIN6259-1,SIN6259,3,91,False,60,27.938357,34.380948,N41,7000,290.0,493.0,1.0,,493.0,1.0,1.0,True
SIN6259-2,SIN6259,3,92,False,210,27.938357,34.380948,N41,7000,285.0,283.0,3.0,,283.0,3.0,3.0,True
SIN6259-3,SIN6259,3,93,False,310,27.938357,34.380948,N41,7000,280.0,450.0,2.0,,450.0,2.0,2.0,True
SIN6261-1,SIN6261,3,91,False,0,29.29904,32.60066,N41,7000,370.0,842.0,2.0,,842.0,2.0,2.0,True
SIN6261-2,SIN6261,3,92,False,90,29.29904,32.60066,N41,7000,355.0,843.0,3.0,,843.0,3.0,3.0,True
SIN6261-3,SIN6261,3,93,False,170,29.29904,32.60066,N41,7000,350.0,844.0,0.0,,844.0,0.0,0.0,True
SIN6269-1,SIN6269,3,91,False,10,27.047675,33.900757,N41,7000,315.0,909.0,1.0,,909.0,1.0,1.0,True
SIN6269-2,SIN6269,3,92,False,170,27.047675,33.900757,N41,7000,310.0,910.0,2.0,,910.0,2.0,2.0,True
SIN6269-3,SIN6269,3,93,False,230,27.047675,33.900757,N41,7000,305.0,911.0,3.0,,911.0,3.0,3.0,True
SIN6274-1,SIN6274,4,91,False,40,29.91275,32.446305,N41,7000,260.0,281.0,1.0,,281.0,1.0,1.0,True
SIN6274-2,SIN6274,4,92,False,95,29.91275,32.446305,N41,7000,255.0,283.0,3.0,,283.0,3.0,3.0,True
SIN6274-3,SIN6274,4,93,False,160,29.91275,32.446305,N41,7000,250.0,788.0,0.0,,788.0,0.0,0.0,True
SIN6274-4,SIN6274,4,94,False,280,29.91275,32.446305,N41,7000,245.0,282.0,2.0,,282.0,2.0,2.0,True
SIN6276-1,SIN6276,3,91,False,0,31.26164,32.25392,N41,7000,160.0,4.0,0.0,,4.0,0.0,0.0,True
SIN6276-2,SIN6276,3,92,False,60,31.26164,32.25392,N41,7000,155.0,321.0,1.0,,321.0,1.0,1.0,True
SIN6276-3,SIN6276,3,93,False,140,31.26164,32.25392,N41,7000,150.0,375.0,3.0,,375.0,3.0,3.0,True
SIN6280-1,SIN6280,4,91,False,0,27.23932,33.81924,N41,7000,770.0,510.0,2.0,,510.0,2.0,2.0,True
SIN6280-2,SIN6280,4,92,False,90,27.23932,33.81924,N41,7000,765.0,708.0,0.0,,708.0,0.0,0.0,True
SIN6280-3,SIN6280,4,93,False,185,27.23932,33.81924,N41,7000,760.0,503.0,3.0,,503.0,3.0,3.0,True
SIN6280-4,SIN6280,4,94,False,285,27.23932,33.81924,N41,7000,750.0,749.0,1.0,,749.0,1.0,1.0,True
SIN6281-1,SIN6281,4,91,False,20,27.22627,33.8162,N41,7000,210.0,539.0,3.0,,539.0,3.0,3.0,True
SIN6281-2,SIN6281,4,92,False,140,27.22627,33.8162,N41,7000,205.0,110.0,2.0,,110.0,2.0,2.0,True
SIN6281-3,SIN6281,4,93,False,240,27.22627,33.8162,N41,7000,200.0,760.0,0.0,,760.0,0.0,0.0,True
SIN6281-4,SIN6281,4,94,False,310,27.22627,33.8162,N41,7000,195.0,269.0,1.0,,269.0,1.0,1.0,True
SIN6294-1,SIN6294,3,91,False,0,27.07936,33.86275,N41,7000,610.0,231.0,3.0,,231.0,3.0,3.0,True
SIN6294-2,SIN6294,3,92,False,70,27.07936,33.86275,N41,7000,605.0,184.0,0.0,,184.0,0.0,0.0,True
SIN6294-3,SIN6294,3,93,False,290,27.07936,33.86275,N41,7000,600.0,474.0,2.0,,474.0,2.0,2.0,True
SIN6307-1,SIN6307,4,91,False,75,30.610726,32.287011,N41,7000,325.0,764.0,0.0,,764.0,0.0,0.0,True
SIN6307-2,SIN6307,4,92,False,140,30.610726,32.287011,N41,7000,320.0,147.0,3.0,,147.0,3.0,3.0,True
SIN6307-3,SIN6307,4,93,False,225,30.610726,32.287011,N41,7000,315.0,745.0,1.0,,745.0,1.0,1.0,True
SIN6307-4,SIN6307,4,94,False,320,30.610726,32.287011,N41,7000,305.0,374.0,2.0,,374.0,2.0,2.0,True
SIN6310-1,SIN6310,3,91,False,0,27.871459,34.304209,N41,7000,260.0,472.0,0.0,,472.0,0.0,0.0,True
SIN6310-2,SIN6310,3,92,False,90,27.871459,34.304209,N41,7000,255.0,226.0,2.0,,226.0,2.0,2.0,True
SIN6310-3,SIN6310,3,93,False,210,27.871459,34.304209,N41,7000,250.0,35.0,3.0,,35.0,3.0,3.0,True
SIN6327-1,SIN6327,4,91,False,55,27.09597,33.83936,N41,7000,800.0,949.0,1.0,,949.0,1.0,1.0,True
SIN6327-2,SIN6327,4,92,False,135,27.09597,33.83936,N41,7000,790.0,872.0,0.0,,872.0,0.0,0.0,True
SIN6327-3,SIN6327,4,93,False,270,27.09597,33.83936,N41,7000,770.0,966.0,2.0,,966.0,2.0,2.0,True
SIN6327-4,SIN6327,4,94,False,335,27.09597,33.83936,N41,7000,765.0,967.0,3.0,,967.0,3.0,3.0,True
SIN6329-1,SIN6329,4,91,False,60,29.9778,32.4895,N41,7000,410.0,611.0,3.0,,611.0,3.0,3.0,True
SIN6329-2,SIN6329,4,92,False,130,29.9778,32.4895,N41,7000,405.0,612.0,0.0,,612.0,0.0,0.0,True
SIN6329-3,SIN6329,4,93,False,240,29.9778,32.4895,N41,7000,400.0,613.0,1.0,,613.0,1.0,1.0,True
SIN6329-4,SIN6329,4,94,False,340,29.9778,32.4895,N41,7000,395.0,110.0,2.0,,110.0,2.0,2.0,True
SIN6333-1,SIN6333,4,91,False,40,27.910311,34.318505,N41,7000,275.0,281.0,1.0,,281.0,1.0,1.0,True
SIN6333-2,SIN6333,4,92,False,115,27.910311,34.318505,N41,7000,270.0,443.0,3.0,,443.0,3.0,3.0,True
SIN6333-3,SIN6333,4,93,False,240,27.910311,34.318505,N41,7000,265.0,754.0,2.0,,754.0,2.0,2.0,True
SIN6333-4,SIN6333,4,94,False,305,27.910311,34.318505,N41,7000,240.0,784.0,0.0,,784.0,0.0,0.0,True
SIN6334-1,SIN6334,4,91,False,20,31.242489,32.275127,N41,7000,145.0,519.0,3.0,,519.0,3.0,3.0,True
SIN6334-2,SIN6334,4,92,False,125,31.242489,32.275127,N41,7000,105.0,650.0,2.0,,650.0,2.0,2.0,True
SIN6334-3,SIN6334,4,93,False,220,31.242489,32.275127,N41,7000,100.0,1001.0,1.0,,1001.0,1.0,1.0,True
SIN6334-4,SIN6334,4,94,False,320,31.242489,32.275127,N41,7000,95.0,16.0,0.0,,16.0,0.0,0.0,True
SIN6339-1,SIN6339,4,91,False,20,29.483495,32.4395,N41,7000,310.0,81.0,1.0,,81.0,1.0,1.0,True
SIN6339-2,SIN6339,4,92,False,110,29.483495,32.4395,N41,7000,305.0,82.0,2.0,,82.0,2.0,2.0,True
SIN6339-3,SIN6339,4,93,False,170,29.483495,32.4395,N41,7000,300.0,83.0,3.0,,83.0,3.0,3.0,True
SIN6339-4,SIN6339,4,94,False,310,29.483495,32.4395,N41,7000,295.0,564.0,0.0,,564.0,0.0,0.0,True
SIN6341-1,SIN6341,4,91,False,0,27.10078,33.82997,N41,7000,235.0,873.0,1.0,,873.0,1.0,1.0,True
SIN6341-2,SIN6341,4,92,False,90,27.10078,33.82997,N41,7000,230.0,874.0,2.0,,874.0,2.0,2.0,True
SIN6341-3,SIN6341,4,93,False,180,27.10078,33.82997,N41,7000,225.0,875.0,3.0,,875.0,3.0,3.0,True
SIN6341-4,SIN6341,4,94,False,270,27.10078,33.82997,N41,7000,220.0,908.0,0.0,,908.0,0.0,0.0,True
SIN6342-1,SIN6342,4,91,False,0,28.028,34.4338,N41,7000,235.0,788.0,0.0,,788.0,0.0,0.0,True
SIN6342-2,SIN6342,4,92,False,95,28.028,34.4338,N41,7000,230.0,675.0,3.0,,675.0,3.0,3.0,True
SIN6342-3,SIN6342,4,93,False,160,28.028,34.4338,N41,7000,225.0,657.0,1.0,,657.0,1.0,1.0,True
SIN6342-4,SIN6342,4,94,False,240,28.028,34.4338,N41,7000,220.0,438.0,2.0,,438.0,2.0,2.0,True
SIN6354-1,SIN6354,4,91,False,40,29.69733,32.33611,N41,7000,20.0,93.0,1.0,,93.0,1.0,1.0,True
SIN6354-2,SIN6354,4,92,False,140,29.69733,32.33611,N41,7000,15.0,94.0,2.0,,94.0,2.0,2.0,True
SIN6354-3,SIN6354,4,93,False,250,29.69733,32.33611,N41,7000,10.0,95.0,3.0,,95.0,3.0,3.0,True
SIN6354-4,SIN6354,4,94,False,290,29.69733,32.33611,N41,7000,5.0,648.0,0.0,,648.0,0.0,0.0,True
SIN6367-1,SIN6367,4,91,False,0,27.917287,34.328856,N41,7000,475.0,658.0,2.0,,658.0,2.0,2.0,True
SIN6367-2,SIN6367,4,92,False,70,27.917287,34.328856,N41,7000,470.0,76.0,0.0,,76.0,0.0,0.0,True
SIN6367-3,SIN6367,4,93,False,210,27.917287,34.328856,N41,7000,465.0,541.0,1.0,,541.0,1.0,1.0,True
SIN6367-4,SIN6367,4,94,False,285,27.917287,34.328856,N41,7000,460.0,599.0,3.0,,599.0,3.0,3.0,True
SIN6398-1,SIN6398,4,91,False,0,27.19509,33.83079,N41,7000,105.0,161.0,1.0,,161.0,1.0,1.0,True
SIN6398-2,SIN6398,4,92,False,110,27.19509,33.83079,N41,7000,100.0,464.0,0.0,,464.0,0.0,0.0,True
SIN6398-3,SIN6398,4,93,False,180,27.19509,33.83079,N41,7000,85.0,395.0,3.0,,395.0,3.0,3.0,True
SIN6398-4,SIN6398,4,94,False,255,27.19509,33.83079,N41,7000,80.0,502.0,2.0,,502.0,2.0,2.0,True
SIN6402-1,SIN6402,3,91,False,50,29.430804,32.482463,N41,7000,120.0,897.0,1.0,,897.0,1.0,1.0,True
SIN6402-2,SIN6402,3,92,False,275,29.430804,32.482463,N41,7000,115.0,898.0,2.0,,898.0,2.0,2.0,True
SIN6402-3,SIN6402,3,93,False,335,29.430804,32.482463,N41,7000,110.0,899.0,3.0,,899.0,3.0,3.0,True
SIN6405-1,SIN6405,4,91,False,0,27.222194,33.804333,N41,7000,150.0,386.0,2.0,,386.0,2.0,2.0,True
SIN6405-2,SIN6405,4,92,False,75,27.222194,33.804333,N41,7000,145.0,667.0,3.0,,667.0,3.0,3.0,True
SIN6405-3,SIN6405,4,93,False,180,27.222194,33.804333,N41,7000,140.0,365.0,1.0,,365.0,1.0,1.0,True
SIN6405-4,SIN6405,4,94,False,280,27.222194,33.804333,N41,7000,135.0,764.0,0.0,,764.0,0.0,0.0,True
SIN6407-1,SIN6407,3,91,False,50,29.83722,32.6272,N41,7000,60.0,260.0,0.0,,260.0,0.0,0.0,True
SIN6407-2,SIN6407,3,92,False,110,29.83722,32.6272,N41,7000,10.0,261.0,1.0,,261.0,1.0,1.0,True
SIN6407-3,SIN6407,3,93,False,190,29.83722,32.6272,N41,7000,705.0,262.0,2.0,,262.0,2.0,2.0,True
SIN6418-1,SIN6418,3,91,False,65,27.37665,33.6702,N41,7000,145.0,124.0,0.0,,124.0,0.0,0.0,True
SIN6418-2,SIN6418,3,92,False,180,27.37665,33.6702,N41,7000,105.0,255.0,3.0,,255.0,3.0,3.0,True
SIN6418-3,SIN6418,3,93,False,320,27.37665,33.6702,N41,7000,95.0,62.0,2.0,,62.0,2.0,2.0,True
SIN6425-1,SIN6425,3,91,False,25,28.01085,34.43279,N41,7000,65.0,748.0,0.0,,748.0,0.0,0.0,True
SIN6425-2,SIN6425,3,92,False,90,28.01085,34.43279,N41,7000,60.0,413.0,1.0,,413.0,1.0,1.0,True
SIN6425-3,SIN6425,3,93,False,290,28.01085,34.43279,N41,7000,55.0,3.0,3.0,,3.0,3.0,3.0,True
SIN6427-3,SIN6427,2,93,False,160,28.04162,34.43146,N41,7000,0.0,209.0,1.0,,209.0,1.0,1.0,True
SIN6427-4,SIN6427,2,94,False,300,28.04162,34.43146,N41,7000,710.0,727.0,3.0,,727.0,3.0,3.0,True
SIN6429-1,SIN6429,4,91,False,10,27.30501,33.72695,N41,7000,30.0,68.0,0.0,,68.0,0.0,0.0,True
SIN6429-2,SIN6429,4,92,False,90,27.30501,33.72695,N41,7000,25.0,390.0,2.0,,390.0,2.0,2.0,True
SIN6429-3,SIN6429,4,93,False,215,27.30501,33.72695,N41,7000,20.0,61.0,1.0,,61.0,1.0,1.0,True
SIN6429-4,SIN6429,4,94,False,295,27.30501,33.72695,N41,7000,15.0,367.0,3.0,,367.0,3.0,3.0,True
SIN6430-1,SIN6430,4,91,False,40,27.29826,33.74458,N41,7000,105.0,427.0,3.0,,427.0,3.0,3.0,True
SIN6430-2,SIN6430,4,92,False,115,27.29826,33.74458,N41,7000,100.0,66.0,2.0,,66.0,2.0,2.0,True
SIN6430-3,SIN6430,4,93,False,180,27.29826,33.74458,N41,7000,95.0,317.0,1.0,,317.0,1.0,1.0,True
SIN6430-4,SIN6430,4,94,False,320,27.29826,33.74458,N41,7000,75.0,716.0,0.0,,716.0,0.0,0.0,True
SIN6431-1,SIN6431,3,91,False,90,27.02437,33.88581,N41,7000,360.0,1005.0,1.0,,1005.0,1.0,1.0,True
SIN6431-2,SIN6431,3,92,False,140,27.02437,33.88581,N41,7000,345.0,992.0,0.0,,992.0,0.0,0.0,True
SIN6431-3,SIN6431,3,93,False,340,27.02437,33.88581,N41,7000,330.0,971.0,3.0,,971.0,3.0,3.0,True
SIN6497-1,SIN6497,4,91,False,60,27.88284,34.2864,N41,7000,750.0,241.0,1.0,,241.0,1.0,1.0,True
SIN6497-2,SIN6497,4,92,False,120,27.88284,34.2864,N41,7000,745.0,360.0,0.0,,360.0,0.0,0.0,True
SIN6497-3,SIN6497,4,93,False,220,27.88284,34.2864,N41,7000,740.0,750.0,2.0,,750.0,2.0,2.0,True
SIN6497-4,SIN6497,4,94,False,350,27.88284,34.2864,N41,7000,735.0,299.0,3.0,,299.0,3.0,3.0,True
SIN6500-1,SIN6500,2,91,False,10,29.983734,32.502789,N41,7000,285.0,180.0,0.0,,180.0,0.0,0.0,True
SIN6500-2,SIN6500,2,92,False,75,29.983734,32.502789,N41,7000,280.0,146.0,2.0,,146.0,2.0,2.0,True
SIN6501-1,SIN6501,3,91,False,50,28.05458,34.4333,N41,7000,660.0,593.0,1.0,,593.0,1.0,1.0,True
SIN6501-2,SIN6501,3,92,False,155,28.05458,34.4333,N41,7000,655.0,471.0,3.0,,471.0,3.0,3.0,True
SIN6501-3,SIN6501,3,93,False,280,28.05458,34.4333,N41,7000,650.0,332.0,0.0,,332.0,0.0,0.0,True
SIN6503-1,SIN6503,4,91,False,40,27.91586,34.33202,N41,7000,325.0,695.0,3.0,,695.0,3.0,3.0,True
SIN6503-2,SIN6503,4,92,False,80,27.91586,34.33202,N41,7000,320.0,696.0,0.0,,696.0,0.0,0.0,True
SIN6503-3,SIN6503,4,93,False,190,27.91586,34.33202,N41,7000,315.0,697.0,1.0,,697.0,1.0,1.0,True
SIN6503-4,SIN6503,4,94,False,250,27.91586,34.33202,N41,7000,305.0,26.0,2.0,,26.0,2.0,2.0,True
SIN6525-1,SIN6525,4,91,False,50,27.128058,33.824198,N41,7000,520.0,937.0,1.0,,937.0,1.0,1.0,True
SIN6525-2,SIN6525,4,92,False,170,27.128058,33.824198,N41,7000,515.0,972.0,0.0,,972.0,0.0,0.0,True
SIN6525-3,SIN6525,4,93,False,240,27.128058,33.824198,N41,7000,510.0,939.0,3.0,,939.0,3.0,3.0,True
SIN6525-4,SIN6525,4,94,False,355,27.128058,33.824198,N41,7000,505.0,902.0,2.0,,902.0,2.0,2.0,True
SIN6527-1,SIN6527,3,91,False,50,29.401555,32.535592,N41,7000,105.0,893.0,1.0,,893.0,1.0,1.0,True
SIN6527-2,SIN6527,3,92,False,125,29.401555,32.535592,N41,7000,100.0,894.0,2.0,,894.0,2.0,2.0,True
SIN6527-3,SIN6527,3,93,False,330,29.401555,32.535592,N41,7000,95.0,895.0,3.0,,895.0,3.0,3.0,True
SIN6530-1,SIN6530,3,91,False,0,27.8562,34.3177,N41,7000,490.0,752.0,0.0,,752.0,0.0,0.0,True
SIN6530-2,SIN6530,3,92,False,220,27.8562,34.3177,N41,7000,485.0,799.0,3.0,,799.0,3.0,3.0,True
SIN6530-3,SIN6530,3,93,False,300,27.8562,34.3177,N41,7000,480.0,537.0,1.0,,537.0,1.0,1.0,True
SIN6533-1,SIN6533,3,91,False,40,28.46825,34.47517,N41,7000,25.0,50.0,2.0,,50.0,2.0,2.0,True
SIN6533-2,SIN6533,3,92,False,80,28.46825,34.47517,N41,7000,20.0,64.0,0.0,,64.0,0.0,0.0,True
SIN6533-3,SIN6533,3,93,False,200,28.46825,34.47517,N41,7000,130.0,807.0,3.0,,807.0,3.0,3.0,True
SIN6538-1,SIN6538,3,91,False,40,27.99772,34.43148,N41,7000,200.0,318.0,2.0,,318.0,2.0,2.0,True
SIN6538-2,SIN6538,3,92,False,90,27.99772,34.43148,N41,7000,180.0,404.0,0.0,,404.0,0.0,0.0,True
SIN6538-3,SIN6538,3,93,False,300,27.99772,34.43148,N41,7000,70.0,595.0,3.0,,595.0,3.0,3.0,True
SIN6541-2,SIN6541,2,92,False,170,27.952111,34.382778,N41,7000,115.0,499.0,3.0,,499.0,3.0,3.0,True
SIN6541-3,SIN6541,2,93,False,290,27.952111,34.382778,N41,7000,105.0,500.0,0.0,,500.0,0.0,0.0,True
SIN6546-1,SIN6546,3,91,False,105,27.07353,33.88659,N41,7000,215.0,883.0,3.0,,883.0,3.0,3.0,True
SIN6546-2,SIN6546,3,92,False,210,27.07353,33.88659,N41,7000,185.0,956.0,0.0,,956.0,0.0,0.0,True
SIN6546-3,SIN6546,3,93,False,320,27.07353,33.88659,N41,7000,180.0,934.0,2.0,,934.0,2.0,2.0,True
SIN6549-1,SIN6549,4,91,False,10,29.3759,32.82843,N41,7000,175.0,644.0,0.0,,644.0,0.0,0.0,True
SIN6549-2,SIN6549,4,92,False,160,29.3759,32.82843,N41,7000,170.0,645.0,1.0,,645.0,1.0,1.0,True
SIN6549-3,SIN6549,4,93,False,240,29.3759,32.82843,N41,7000,155.0,646.0,2.0,,646.0,2.0,2.0,True
SIN6549-4,SIN6549,4,94,False,320,29.3759,32.82843,N41,7000,720.0,743.0,3.0,,743.0,3.0,3.0,True
UPP0140-1,UPP0140,4,91,False,10,28.079722,30.82,N41,7000,25.0,970.0,2.0,,970.0,2.0,2.0,True
UPP0140-2,UPP0140,4,92,False,100,28.079722,30.82,N41,7000,20.0,900.0,0.0,,900.0,0.0,0.0,True
UPP0140-3,UPP0140,4,93,False,170,28.079722,30.82,N41,7000,15.0,429.0,1.0,,429.0,1.0,1.0,True
UPP0140-4,UPP0140,4,94,False,280,28.079722,30.82,N41,7000,10.0,835.0,3.0,,835.0,3.0,3.0,True
UPP0141-1,UPP0141,4,91,False,60,28.09167,30.80758,N41,7000,45.0,931.0,3.0,,931.0,3.0,3.0,True
UPP0141-2,UPP0141,4,92,False,180,28.09167,30.80758,N41,7000,40.0,932.0,0.0,,932.0,0.0,0.0,True
UPP0141-3,UPP0141,4,93,False,260,28.09167,30.80758,N41,7000,35.0,909.0,1.0,,909.0,1.0,1.0,True
UPP0141-4,UPP0141,4,94,False,330,28.09167,30.80758,N41,7000,30.0,930.0,2.0,,930.0,2.0,2.0,True
UPP0163-1,UPP0163,5,91,False,20,27.272226,31.26348,N41,7000,15.0,816.0,0.0,,816.0,0.0,0.0,True
UPP0163-2,UPP0163,5,92,False,120,27.272226,31.26348,N41,7000,10.0,26.0,2.0,,26.0,2.0,2.0,True
UPP0163-3,UPP0163,5,93,False,190,27.272226,31.26348,N41,7000,5.0,651.0,3.0,,651.0,3.0,3.0,True
UPP0163-4,UPP0163,5,94,False,280,27.272226,31.26348,N41,7000,0.0,701.0,1.0,,701.0,1.0,1.0,True
UPP0163-5,UPP0163,5,95,False,340,27.272226,31.26348,N41,7000,20.0,702.0,2.0,,702.0,2.0,2.0,True
UPP0177-1,UPP0177,4,91,False,0,27.202411,31.172749,N41,7000,100.0,805.0,1.0,,805.0,1.0,1.0,True
UPP0177-2,UPP0177,4,92,False,70,27.202411,31.172749,N41,7000,95.0,664.0,0.0,,664.0,0.0,0.0,True
UPP0177-3,UPP0177,4,93,False,140,27.202411,31.172749,N41,7000,90.0,438.0,2.0,,438.0,2.0,2.0,True
UPP0177-4,UPP0177,4,94,False,220,27.202411,31.172749,N41,7000,85.0,779.0,3.0,,779.0,3.0,3.0,True
UPP0280-1,UPP0280,4,91,False,10,26.567694,31.68691,N41,7000,70.0,784.0,0.0,,784.0,0.0,0.0,True
UPP0280-2,UPP0280,4,92,False,100,26.567694,31.68691,N41,7000,800.0,785.0,1.0,,785.0,1.0,1.0,True
UPP0280-3,UPP0280,4,93,False,160,26.567694,31.68691,N41,7000,75.0,553.0,1.0,,553.0,1.0,1.0,True
UPP0280-4,UPP0280,4,94,False,310,26.567694,31.68691,N41,7000,70.0,572.0,0.0,,572.0,0.0,0.0,True
UPP0364-1,UPP0364,4,91,False,50,26.4374638,31.6789291,N41,7000,120.0,606.0,2.0,,606.0,2.0,2.0,True
UPP0364-2,UPP0364,4,92,False,140,26.4374638,31.6789291,N41,7000,755.0,705.0,1.0,,705.0,1.0,1.0,True
UPP0364-3,UPP0364,4,93,False,215,26.4374638,31.6789291,N41,7000,110.0,32.0,0.0,,32.0,0.0,0.0,True
UPP0364-4,UPP0364,4,94,False,290,26.4374638,31.6789291,N41,7000,105.0,567.0,3.0,,567.0,3.0,3.0,True
UPP0367-1,UPP0367,4,91,False,40,26.46169,31.66751,N41,7000,15.0,644.0,0.0,,644.0,0.0,0.0,True
UPP0367-2,UPP0367,4,92,False,100,26.46169,31.66751,N41,7000,10.0,789.0,1.0,,789.0,1.0,1.0,True
UPP0367-3,UPP0367,4,93,False,160,26.46169,31.66751,N41,7000,0.0,39.0,3.0,,39.0,3.0,3.0,True
UPP0367-4,UPP0367,4,94,False,210,26.46169,31.66751,N41,7000,765.0,488.0,0.0,,488.0,0.0,0.0,True
UPP0378-1,UPP0378,4,91,False,10,28.07107,30.82483,N41,7000,40.0,671.0,3.0,,671.0,3.0,3.0,True
UPP0378-2,UPP0378,4,92,False,125,28.07107,30.82483,N41,7000,35.0,429.0,1.0,,429.0,1.0,1.0,True
UPP0378-3,UPP0378,4,93,False,220,28.07107,30.82483,N41,7000,30.0,937.0,1.0,,937.0,1.0,1.0,True
UPP0378-4,UPP0378,4,94,False,300,28.07107,30.82483,N41,7000,25.0,909.0,1.0,,909.0,1.0,1.0,True
UPP0478-2,UPP0478,2,92,False,130,27.27033,31.28301101,N41,7000,215.0,40.0,0.0,,40.0,0.0,0.0,True
UPP0478-4,UPP0478,2,94,False,320,27.27033,31.28301101,N41,7000,655.0,41.0,1.0,,41.0,1.0,1.0,True
UPP0607-1,UPP0607,4,91,False,40,25.688131,32.635932,N41,7000,60.0,23.0,3.0,,23.0,3.0,3.0,True
UPP0607-2,UPP0607,4,92,False,120,25.688131,32.635932,N41,7000,55.0,90.0,2.0,,90.0,2.0,2.0,True
UPP0607-3,UPP0607,4,93,False,220,25.688131,32.635932,N41,7000,50.0,712.0,0.0,,712.0,0.0,0.0,True
UPP0607-4,UPP0607,4,94,False,290,25.688131,32.635932,N41,7000,45.0,469.0,1.0,,469.0,1.0,1.0,True
UPP0870-1,UPP0870,4,91,False,40,26.4452,31.66322,N41,7000,135.0,104.0,0.0,,104.0,0.0,0.0,True
UPP0870-2,UPP0870,4,92,False,105,26.4452,31.66322,N41,7000,130.0,607.0,3.0,,607.0,3.0,3.0,True
UPP0870-3,UPP0870,4,93,False,165,26.4452,31.66322,N41,7000,130.0,152.0,0.0,,152.0,0.0,0.0,True
UPP0870-4,UPP0870,4,94,False,225,26.4452,31.66322,N41,7000,125.0,590.0,2.0,,590.0,2.0,2.0,True
UPP0873-1,UPP0873,4,91,False,130,28.090835,30.817597,N41,7000,5.0,801.0,1.0,,801.0,1.0,1.0,True
UPP0873-2,UPP0873,4,92,False,190,28.090835,30.817597,N41,7000,795.0,802.0,2.0,,802.0,2.0,2.0,True
UPP0873-3,UPP0873,4,93,False,250,28.090835,30.817597,N41,7000,0.0,990.0,2.0,,990.0,2.0,2.0,True
UPP0873-4,UPP0873,4,94,False,310,28.090835,30.817597,N41,7000,715.0,968.0,0.0,,968.0,0.0,0.0,True
UPP0876-2,UPP0876,2,92,False,65,28.077881,30.810463,N41,7000,155.0,780.0,0.0,,780.0,0.0,0.0,True
UPP0876-3,UPP0876,2,93,False,125,28.077881,30.810463,N41,7000,645.0,781.0,1.0,,781.0,1.0,1.0,True
UPP1017-1,UPP1017,2,91,False,0,28.11519,30.74423,N41,7000,95.0,939.0,3.0,,939.0,3.0,3.0,True
UPP1017-2,UPP1017,2,92,False,80,28.11519,30.74423,N41,7000,90.0,910.0,2.0,,910.0,2.0,2.0,True
UPP1070-1,UPP1070,4,91,False,50,25.686897,32.642358,N41,7000,10.0,1004.0,0.0,,1004.0,0.0,0.0,True
UPP1070-2,UPP1070,4,92,False,130,25.686897,32.642358,N41,7000,5.0,1005.0,1.0,,1005.0,1.0,1.0,True
UPP1070-3,UPP1070,4,93,False,240,25.686897,32.642358,N41,7000,0.0,838.0,2.0,,838.0,2.0,2.0,True
UPP1070-4,UPP1070,4,94,False,330,25.686897,32.642358,N41,7000,830.0,1003.0,3.0,,1003.0,3.0,3.0,True
UPP1183-1,UPP1183,4,91,False,65,26.550223,31.728142,N41,7000,395.0,154.0,2.0,,154.0,2.0,2.0,True
UPP1183-2,UPP1183,4,92,False,105,26.550223,31.728142,N41,7000,390.0,765.0,1.0,,765.0,1.0,1.0,True
UPP1183-3,UPP1183,4,93,False,220,26.550223,31.728142,N41,7000,385.0,620.0,0.0,,620.0,0.0,0.0,True
UPP1183-4,UPP1183,4,94,False,290,26.550223,31.728142,N41,7000,380.0,455.0,3.0,,455.0,3.0,3.0,True
UPP1318-1,UPP1318,4,91,False,65,26.176074,32.737635,N41,7000,195.0,632.0,0.0,,632.0,0.0,0.0,True
UPP1318-2,UPP1318,4,92,False,160,26.176074,32.737635,N41,7000,190.0,766.0,2.0,,766.0,2.0,2.0,True
UPP1318-3,UPP1318,4,93,False,245,26.176074,32.737635,N41,7000,185.0,441.0,1.0,,441.0,1.0,1.0,True
UPP1318-4,UPP1318,4,94,False,350,26.176074,32.737635,N41,7000,180.0,435.0,3.0,,435.0,3.0,3.0,True
UPP1325-1,UPP1325,2,91,False,65,26.179181,32.732658,N41,7000,225.0,551.0,3.0,,551.0,3.0,3.0,True
UPP1325-2,UPP1325,2,92,False,150,26.179181,32.732658,N41,7000,220.0,552.0,0.0,,552.0,0.0,0.0,True
UPP1474_1,UPP1474,3,91,False,0,27.1796,31.1949,N41,7000,40.0,589.0,1.0,,589.0,1.0,1.0,True
UPP1474_2,UPP1474,3,92,False,140,27.1796,31.1949,N41,7000,35.0,22.0,2.0,,22.0,2.0,2.0,True
UPP1474_3,UPP1474,3,93,False,280,27.1796,31.1949,N41,7000,30.0,24.0,0.0,,24.0,0.0,0.0,True
UPP1498-1,UPP1498,4,91,False,20,26.545977,31.700046,N41,7000,200.0,793.0,1.0,,793.0,1.0,1.0,True
UPP1498-2,UPP1498,4,92,False,110,26.545977,31.700046,N41,7000,195.0,14.0,2.0,,14.0,2.0,2.0,True
UPP1498-3,UPP1498,4,93,False,170,26.545977,31.700046,N41,7000,190.0,791.0,3.0,,791.0,3.0,3.0,True
UPP1498-4,UPP1498,4,94,False,250,26.545977,31.700046,N41,7000,185.0,792.0,0.0,,792.0,0.0,0.0,True
UPP1694-1,UPP1694,4,91,False,0,27.168327,31.2056983,N41,7000,125.0,151.0,3.0,,151.0,3.0,3.0,True
UPP1694-2,UPP1694,4,92,False,85,27.168327,31.2056983,N41,7000,120.0,724.0,0.0,,724.0,0.0,0.0,True
UPP1694-3,UPP1694,4,93,False,145,27.168327,31.2056983,N41,7000,115.0,654.0,2.0,,654.0,2.0,2.0,True
UPP1694-4,UPP1694,4,94,False,285,27.168327,31.2056983,N41,7000,110.0,9.0,1.0,,9.0,1.0,1.0,True
UPP1960-1,UPP1960,2,91,False,30,26.176053,32.743217,N41,7000,150.0,514.0,2.0,,514.0,2.0,2.0,True
UPP1960-3,UPP1960,2,93,False,290,26.176053,32.743217,N41,7000,145.0,168.0,0.0,,168.0,0.0,0.0,True
UPP1992-1,UPP1992,4,91,False,50,26.55177,31.6973,N41,7000,45.0,30.0,2.0,,30.0,2.0,2.0,True
UPP1992-2,UPP1992,4,92,False,170,26.55177,31.6973,N41,7000,40.0,787.0,3.0,,787.0,3.0,3.0,True
UPP1992-3,UPP1992,4,93,False,240,26.55177,31.6973,N41,7000,35.0,785.0,1.0,,785.0,1.0,1.0,True
UPP1992-4,UPP1992,4,94,False,310,26.55177,31.6973,N41,7000,30.0,116.0,0.0,,116.0,0.0,0.0,True
UPP1993-1,UPP1993,3,91,False,25,26.161168,32.726097,N41,7000,45.0,122.0,2.0,,122.0,2.0,2.0,True
UPP1993-2,UPP1993,3,92,False,110,26.161168,32.726097,N41,7000,40.0,133.0,1.0,,133.0,1.0,1.0,True
UPP1993-3,UPP1993,3,93,False,270,26.161168,32.726097,N41,7000,35.0,84.0,0.0,,84.0,0.0,0.0,True
UPP2120-1,UPP2120,3,91,False,50,27.180678,31.191814,N41,7000,25.0,43.0,3.0,,43.0,3.0,3.0,True
UPP2120-2,UPP2120,3,92,False,225,27.180678,31.191814,N41,7000,20.0,478.0,2.0,,478.0,2.0,2.0,True
UPP2120-3,UPP2120,3,93,False,350,27.180678,31.191814,N41,7000,15.0,76.0,0.0,,76.0,0.0,0.0,True
UPP2129-1,UPP2129,4,91,False,30,26.19311,32.74377,N41,7000,175.0,453.0,1.0,,453.0,1.0,1.0,True
UPP2129-2,UPP2129,4,92,False,145,26.19311,32.74377,N41,7000,170.0,354.0,2.0,,354.0,2.0,2.0,True
UPP2129-3,UPP2129,4,93,False,210,26.19311,32.74377,N41,7000,160.0,804.0,0.0,,804.0,0.0,0.0,True
UPP2129-4,UPP2129,4,94,False,300,26.19311,32.74377,N41,7000,815.0,11.0,3.0,,11.0,3.0,3.0,True
UPP2140-1,UPP2140,4,91,False,125,27.183779,31.181248,N41,7000,60.0,20.0,0.0,,20.0,0.0,0.0,True
UPP2140-2,UPP2140,4,92,False,195,27.183779,31.181248,N41,7000,705.0,21.0,1.0,,21.0,1.0,1.0,True
UPP2140-3,UPP2140,4,93,False,270,27.183779,31.181248,N41,7000,60.0,557.0,1.0,,557.0,1.0,1.0,True
UPP2140-4,UPP2140,4,194,False,335,27.183779,31.181248,N41,7000,55.0,12.0,0.0,,12.0,0.0,0.0,True
UPP2142-1,UPP2142,5,91,False,60,27.181844,31.196504,N41,7000,390.0,504.0,0.0,,504.0,0.0,0.0,True
UPP2142-2,UPP2142,5,92,False,150,27.181844,31.196504,N41,7000,385.0,38.0,2.0,,38.0,2.0,2.0,True
UPP2142-3,UPP2142,5,93,False,210,27.181844,31.196504,N41,7000,380.0,800.0,0.0,,800.0,0.0,0.0,True
UPP2142-4,UPP2142,5,94,False,270,27.181844,31.196504,N41,7000,375.0,391.0,3.0,,391.0,3.0,3.0,True
UPP2142-5,UPP2142,5,95,False,340,27.181844,31.196504,N41,7000,165.0,697.0,1.0,,697.0,1.0,1.0,True
UPP2170-1,UPP2170,3,91,False,5,27.188575,31.172618,N41,7000,330.0,439.0,3.0,,439.0,3.0,3.0,True
UPP2170-2,UPP2170,3,92,False,150,27.188575,31.172618,N41,7000,325.0,537.0,1.0,,537.0,1.0,1.0,True
UPP2170-3,UPP2170,3,93,False,265,27.188575,31.172618,N41,7000,320.0,376.0,0.0,,376.0,0.0,0.0,True
UPP2177-1,UPP2177,2,91,False,10,28.120551,30.730005,N41,7000,85.0,931.0,3.0,,931.0,3.0,3.0,True
UPP2177-2,UPP2177,2,92,False,70,28.120551,30.730005,N41,7000,715.0,932.0,0.0,,932.0,0.0,0.0,True
UPP2181-1,UPP2181,4,91,False,50,26.183011,32.750953,N41,7000,215.0,546.0,2.0,,546.0,2.0,2.0,True
UPP2181-2,UPP2181,4,92,False,130,26.183011,32.750953,N41,7000,210.0,813.0,1.0,,813.0,1.0,1.0,True
UPP2181-3,UPP2181,4,93,False,240,26.183011,32.750953,N41,7000,205.0,740.0,0.0,,740.0,0.0,0.0,True
UPP2181-4,UPP2181,4,94,False,320,26.183011,32.750953,N41,7000,200.0,775.0,3.0,,775.0,3.0,3.0,True
UPP2201-1,UPP2201,4,191,False,15,27.18019,31.164746,N41,7000,195.0,348.0,0.0,,348.0,0.0,0.0,True
UPP2201-2,UPP2201,4,92,False,110,27.18019,31.164746,N41,7000,190.0,85.0,1.0,,85.0,1.0,1.0,True
UPP2201-3,UPP2201,4,93,False,215,27.18019,31.164746,N41,7000,185.0,799.0,3.0,,799.0,3.0,3.0,True
UPP2201-4,UPP2201,4,94,False,275,27.18019,31.164746,N41,7000,180.0,794.0,2.0,,794.0,2.0,2.0,True
UPP2245-1,UPP2245,4,91,False,30,27.18463,31.19219,N41,7000,295.0,380.0,0.0,,380.0,0.0,0.0,True
UPP2245-2,UPP2245,4,92,False,185,27.18463,31.19219,N41,7000,290.0,381.0,1.0,,381.0,1.0,1.0,True
UPP2245-3,UPP2245,4,93,False,255,27.18463,31.19219,N41,7000,285.0,382.0,2.0,,382.0,2.0,2.0,True
UPP2245-4,UPP2245,4,94,False,325,27.18463,31.19219,N41,7000,280.0,743.0,3.0,,743.0,3.0,3.0,True
UPP2246-1,UPP2246,4,91,False,50,27.177281,31.188609,N41,7000,130.0,781.0,1.0,,781.0,1.0,1.0,True
UPP2246-2,UPP2246,4,92,False,150,27.177281,31.188609,N41,7000,105.0,782.0,2.0,,782.0,2.0,2.0,True
UPP2246-3,UPP2246,4,93,False,260,27.177281,31.188609,N41,7000,80.0,783.0,3.0,,783.0,3.0,3.0,True
UPP2246-4,UPP2246,4,194,False,330,27.177281,31.188609,N41,7000,75.0,680.0,0.0,,680.0,0.0,0.0,True
UPP2254-1,UPP2254,4,91,False,85,26.561421,31.722518,N41,7000,375.0,155.0,3.0,,155.0,3.0,3.0,True
UPP2254-2,UPP2254,4,92,False,145,26.561421,31.722518,N41,7000,370.0,77.0,1.0,,77.0,1.0,1.0,True
UPP2254-3,UPP2254,4,93,False,205,26.561421,31.722518,N41,7000,365.0,808.0,0.0,,808.0,0.0,0.0,True
UPP2254-4,UPP2254,4,94,False,300,26.561421,31.722518,N41,7000,360.0,718.0,2.0,,718.0,2.0,2.0,True
UPP2255-1,UPP2255,4,91,False,15,26.19394,32.74959,N41,7000,610.0,588.0,0.0,,588.0,0.0,0.0,True
UPP2255-2,UPP2255,4,92,False,95,26.19394,32.74959,N41,7000,780.0,487.0,3.0,,487.0,3.0,3.0,True
UPP2255-3,UPP2255,4,93,False,180,26.19394,32.74959,N41,7000,775.0,442.0,2.0,,442.0,2.0,2.0,True
UPP2255-4,UPP2255,4,94,False,255,26.19394,32.74959,N41,7000,770.0,613.0,1.0,,613.0,1.0,1.0,True
UPP2256-1,UPP2256,3,91,False,170,26.554341,31.699843,N41,7000,240.0,611.0,3.0,,611.0,3.0,3.0,True
UPP2256-2,UPP2256,3,92,False,265,26.554341,31.699843,N41,7000,235.0,609.0,1.0,,609.0,1.0,1.0,True
UPP2256-3,UPP2256,3,93,False,340,26.554341,31.699843,N41,7000,230.0,610.0,2.0,,610.0,2.0,2.0,True
UPP2260-1,UPP2260,3,91,False,80,26.5544,31.6939,N41,7000,10.0,238.0,2.0,,238.0,2.0,2.0,True
UPP2260-2,UPP2260,3,92,False,180,26.5544,31.6939,N41,7000,5.0,304.0,0.0,,304.0,0.0,0.0,True
UPP2260-3,UPP2260,3,93,False,270,26.5544,31.6939,N41,7000,0.0,105.0,1.0,,105.0,1.0,1.0,True
UPP2262-1,UPP2262,2,91,False,0,26.56981,31.69511,N41,7000,250.0,402.0,2.0,,402.0,2.0,2.0,True
UPP2262-3,UPP2262,2,93,False,160,26.56981,31.69511,N41,7000,245.0,635.0,3.0,,635.0,3.0,3.0,True
UPP2267-1,UPP2267,4,91,False,100,26.564679,31.691618,N41,7000,270.0,731.0,3.0,,731.0,3.0,3.0,True
UPP2267-2,UPP2267,4,92,False,160,26.564679,31.691618,N41,7000,265.0,256.0,0.0,,256.0,0.0,0.0,True
UPP2267-3,UPP2267,4,93,False,270,26.564679,31.691618,N41,7000,260.0,70.0,2.0,,70.0,2.0,2.0,True
UPP2267-4,UPP2267,4,94,False,330,26.564679,31.691618,N41,7000,255.0,513.0,1.0,,513.0,1.0,1.0,True
UPP2282-1,UPP2282,3,91,False,70,25.70466,32.64623,N41,7000,140.0,83.0,3.0,,83.0,3.0,3.0,True
UPP2282-2,UPP2282,3,92,False,185,25.70466,32.64623,N41,7000,135.0,106.0,2.0,,106.0,2.0,2.0,True
UPP2282-3,UPP2282,3,93,False,300,25.70466,32.64623,N41,7000,130.0,453.0,1.0,,453.0,1.0,1.0,True
UPP2473-1,UPP2473,4,91,False,20,25.676241,32.690423,N41,7000,25.0,79.0,3.0,,79.0,3.0,3.0,True
UPP2473-2,UPP2473,4,92,False,105,25.676241,32.690423,N41,7000,20.0,354.0,2.0,,354.0,2.0,2.0,True
UPP2473-3,UPP2473,4,93,False,190,25.676241,32.690423,N41,7000,15.0,804.0,0.0,,804.0,0.0,0.0,True
UPP2473-4,UPP2473,4,94,False,250,25.676241,32.690423,N41,7000,815.0,681.0,1.0,,681.0,1.0,1.0,True
UPP2548-1,UPP2548,4,91,False,35,28.07969,30.8313,N41,7000,95.0,956.0,0.0,,956.0,0.0,0.0,True
UPP2548-2,UPP2548,4,92,False,160,28.07969,30.8313,N41,7000,90.0,959.0,3.0,,959.0,3.0,3.0,True
UPP2548-3,UPP2548,4,93,False,230,28.07969,30.8313,N41,7000,85.0,814.0,2.0,,814.0,2.0,2.0,True
UPP2548-4,UPP2548,4,94,False,300,28.07969,30.8313,N41,7000,80.0,453.0,1.0,,453.0,1.0,1.0,True
UPP2549-1,UPP2549,4,91,False,35,28.11736,30.73825,N41,7000,145.0,819.0,3.0,,819.0,3.0,3.0,True
UPP2549-2,UPP2549,4,92,False,100,28.11736,30.73825,N41,7000,140.0,858.0,2.0,,858.0,2.0,2.0,True
UPP2549-3,UPP2549,4,93,False,250,28.11736,30.73825,N41,7000,135.0,893.0,1.0,,893.0,1.0,1.0,True
UPP2549-4,UPP2549,4,94,False,320,28.11736,30.73825,N41,7000,130.0,948.0,0.0,,948.0,0.0,0.0,True
UPP2551-1,UPP2551,4,91,False,15,26.18007,32.74051,N41,7000,95.0,672.0,0.0,,672.0,0.0,0.0,True
UPP2551-2,UPP2551,4,92,False,80,26.18007,32.74051,N41,7000,90.0,270.0,2.0,,270.0,2.0,2.0,True
UPP2551-3,UPP2551,4,93,False,220,26.18007,32.74051,N41,7000,85.0,169.0,1.0,,169.0,1.0,1.0,True
UPP2551-4,UPP2551,4,94,False,270,26.18007,32.74051,N41,7000,80.0,271.0,3.0,,271.0,3.0,3.0,True
UPP2552-1,UPP2552,4,91,False,0,27.190283,31.186596,N41,7000,10.0,338.0,2.0,,338.0,2.0,2.0,True
UPP2552-2,UPP2552,4,92,False,90,27.190283,31.186596,N41,7000,5.0,343.0,3.0,,343.0,3.0,3.0,True
UPP2552-3,UPP2552,4,93,False,200,27.190283,31.186596,N41,7000,0.0,336.0,0.0,,336.0,0.0,0.0,True
UPP2552-4,UPP2552,4,94,False,290,27.190283,31.186596,N41,7000,805.0,337.0,1.0,,337.0,1.0,1.0,True
UPP2554-1,UPP2554,2,91,False,50,25.6958,32.63657,N41,7000,30.0,591.0,3.0,,591.0,3.0,3.0,True
UPP2554-3,UPP2554,2,93,False,300,25.6958,32.63657,N41,7000,10.0,592.0,0.0,,592.0,0.0,0.0,True
UPP2571-1,UPP2571,4,91,False,70,26.561475,31.698621,N41,7000,220.0,243.0,3.0,,243.0,3.0,3.0,True
UPP2571-2,UPP2571,4,92,False,190,26.561475,31.698621,N41,7000,215.0,244.0,0.0,,244.0,0.0,0.0,True
UPP2571-3,UPP2571,4,93,False,270,26.561475,31.698621,N41,7000,210.0,245.0,1.0,,245.0,1.0,1.0,True
UPP2571-4,UPP2571,4,94,False,330,26.561475,31.698621,N41,7000,205.0,458.0,2.0,,458.0,2.0,2.0,True
UPP2592-1,UPP2592,4,91,False,15,27.186719,31.166965,N41,7000,275.0,674.0,2.0,,674.0,2.0,2.0,True
UPP2592-2,UPP2592,4,92,False,120,27.186719,31.166965,N41,7000,270.0,725.0,1.0,,725.0,1.0,1.0,True
UPP2592-3,UPP2592,4,93,False,220,27.186719,31.166965,N41,7000,265.0,488.0,0.0,,488.0,0.0,0.0,True
UPP2592-4,UPP2592,4,94,False,290,27.186719,31.166965,N41,7000,260.0,599.0,3.0,,599.0,3.0,3.0,True
UPP2728-1,UPP2728,4,91,False,50,26.557625,31.714973,N41,7000,80.0,904.0,0.0,,904.0,0.0,0.0,True
UPP2728-2,UPP2728,4,92,False,130,26.557625,31.714973,N41,7000,760.0,905.0,1.0,,905.0,1.0,1.0,True
UPP2728-3,UPP2728,4,93,False,210,26.557625,31.714973,N41,7000,115.0,602.0,2.0,,602.0,2.0,2.0,True
UPP2728-4,UPP2728,4,94,False,300,26.557625,31.714973,N41,7000,110.0,545.0,1.0,,545.0,1.0,1.0,True
UPP2729-1,UPP2729,4,91,False,30,26.561195,31.711111,N41,7000,65.0,836.0,0.0,,836.0,0.0,0.0,True
UPP2729-2,UPP2729,4,92,False,145,26.561195,31.711111,N41,7000,750.0,837.0,1.0,,837.0,1.0,1.0,True
UPP2729-3,UPP2729,4,93,False,220,26.561195,31.711111,N41,7000,65.0,355.0,3.0,,355.0,3.0,3.0,True
UPP2729-4,UPP2729,4,94,False,290,26.561195,31.711111,N41,7000,810.0,356.0,0.0,,356.0,0.0,0.0,True
UPP2792-2,UPP2792,2,92,False,200,26.156119,32.719165,N41,7000,55.0,774.0,2.0,,774.0,2.0,2.0,True
UPP2792-3,UPP2792,2,93,False,305,26.156119,32.719165,N41,7000,50.0,775.0,3.0,,775.0,3.0,3.0,True
UPP2810-1,UPP2810,3,91,False,65,26.5445,31.70392,N41,7000,180.0,744.0,0.0,,744.0,0.0,0.0,True
UPP2810-2,UPP2810,3,92,False,175,26.5445,31.70392,N41,7000,175.0,566.0,2.0,,566.0,2.0,2.0,True
UPP2810-3,UPP2810,3,93,False,300,26.5445,31.70392,N41,7000,170.0,91.0,3.0,,91.0,3.0,3.0,True
UPP2876-1,UPP2876,4,91,False,25,26.569192,31.669948,N41,7000,335.0,465.0,1.0,,465.0,1.0,1.0,True
UPP2876-2,UPP2876,4,92,False,130,26.569192,31.669948,N41,7000,330.0,466.0,2.0,,466.0,2.0,2.0,True
UPP2876-3,UPP2876,4,93,False,205,26.569192,31.669948,N41,7000,325.0,467.0,3.0,,467.0,3.0,3.0,True
UPP2876-4,UPP2876,4,94,False,325,26.569192,31.669948,N41,7000,320.0,276.0,0.0,,276.0,0.0,0.0,True
UPP2877-1,UPP2877,4,91,False,50,26.562486,31.678009,N41,7000,315.0,132.0,0.0,,132.0,0.0,0.0,True
UPP2877-2,UPP2877,4,92,False,100,26.562486,31.678009,N41,7000,310.0,214.0,2.0,,214.0,2.0,2.0,True
UPP2877-3,UPP2877,4,93,False,215,26.562486,31.678009,N41,7000,305.0,817.0,1.0,,817.0,1.0,1.0,True
UPP2877-4,UPP2877,4,94,False,350,26.562486,31.678009,N41,7000,300.0,71.0,3.0,,71.0,3.0,3.0,True
UPP2883-1,UPP2883,4,91,False,65,27.177754,31.169869,N41,7000,255.0,658.0,2.0,,658.0,2.0,2.0,True
UPP2883-2,UPP2883,4,92,False,135,27.177754,31.169869,N41,7000,250.0,436.0,0.0,,436.0,0.0,0.0,True
UPP2883-3,UPP2883,4,93,False,260,27.177754,31.169869,N41,7000,245.0,345.0,1.0,,345.0,1.0,1.0,True
UPP2883-4,UPP2883,4,94,False,340,27.177754,31.169869,N41,7000,240.0,379.0,3.0,,379.0,3.0,3.0,True
UPP2890-3,UPP2890,2,93,False,240,25.696303,32.64668,N41,7000,5.0,314.0,2.0,,314.0,2.0,2.0,True
UPP2890-4,UPP2890,2,94,False,310,25.696303,32.64668,N41,7000,0.0,621.0,1.0,,621.0,1.0,1.0,True
UPP2896-1,UPP2896,4,91,False,40,26.553147,31.712061,N41,7000,75.0,941.0,1.0,,941.0,1.0,1.0,True
UPP2896-2,UPP2896,4,92,False,130,26.553147,31.712061,N41,7000,650.0,942.0,2.0,,942.0,2.0,2.0,True
UPP2896-3,UPP2896,4,93,False,230,26.553147,31.712061,N41,7000,105.0,578.0,2.0,,578.0,2.0,2.0,True
UPP2896-4,UPP2896,4,94,False,320,26.553147,31.712061,N41,7000,100.0,579.0,3.0,,579.0,3.0,3.0,True
UPP2927-1,UPP2927,4,91,False,0,28.0944521,30.7746919,N41,7000,15.0,947.0,3.0,,947.0,3.0,3.0,True
UPP2927-2,UPP2927,4,92,False,150,28.0944521,30.7746919,N41,7000,10.0,824.0,0.0,,824.0,0.0,0.0,True
UPP2927-3,UPP2927,4,93,False,240,28.0944521,30.7746919,N41,7000,5.0,830.0,2.0,,830.0,2.0,2.0,True
UPP2927-4,UPP2927,4,94,False,300,28.0944521,30.7746919,N41,7000,0.0,913.0,1.0,,913.0,1.0,1.0,True
UPP5002-1,UPP5002,2,91,False,80,24.10041,32.90184,N41,7000,15.0,200.0,0.0,,200.0,0.0,0.0,True
UPP5002-2,UPP5002,2,192,False,200,24.10041,32.90184,N41,7000,10.0,201.0,1.0,,201.0,1.0,1.0,True
UPP5025-1,UPP5025,3,91,False,0,25.68104,32.62796,N41,7000,230.0,81.0,1.0,,81.0,1.0,1.0,True
UPP5025-2,UPP5025,3,92,False,120,25.68104,32.62796,N41,7000,225.0,82.0,2.0,,82.0,2.0,2.0,True
UPP5025-3,UPP5025,3,93,False,260,25.68104,32.62796,N41,7000,220.0,83.0,3.0,,83.0,3.0,3.0,True
UPP5027-1,UPP5027,4,91,False,50,25.68534,32.70035,N41,7000,80.0,543.0,3.0,,543.0,3.0,3.0,True
UPP5027-2,UPP5027,4,92,False,170,25.68534,32.70035,N41,7000,75.0,740.0,0.0,,740.0,0.0,0.0,True
UPP5027-3,UPP5027,4,93,False,250,25.68534,32.70035,N41,7000,70.0,778.0,2.0,,778.0,2.0,2.0,True
UPP5027-4,UPP5027,4,94,False,330,25.68534,32.70035,N41,7000,65.0,81.0,1.0,,81.0,1.0,1.0,True
UPP5049-1,UPP5049,3,91,False,40,26.17732,32.73401,N41,7000,165.0,156.0,0.0,,156.0,0.0,0.0,True
UPP5049-2,UPP5049,3,92,False,160,26.17732,32.73401,N41,7000,160.0,250.0,2.0,,250.0,2.0,2.0,True
UPP5049-3,UPP5049,3,93,False,250,26.17732,32.73401,N41,7000,155.0,431.0,3.0,,431.0,3.0,3.0,True
UPP5062-1,UPP5062,4,91,False,80,26.55608,31.70975,N41,7000,745.0,477.0,1.0,,477.0,1.0,1.0,True
UPP5062-2,UPP5062,4,92,False,180,26.55608,31.70975,N41,7000,700.0,755.0,3.0,,755.0,3.0,3.0,True
UPP5062-3,UPP5062,4,93,False,260,26.55608,31.70975,N41,7000,695.0,698.0,2.0,,698.0,2.0,2.0,True
UPP5062-4,UPP5062,4,94,False,350,26.55608,31.70975,N41,7000,225.0,456.0,0.0,,456.0,0.0,0.0,True
UPP5064-1,UPP5064,3,91,False,60,26.55816,31.68298,N41,7000,295.0,586.0,2.0,,586.0,2.0,2.0,True
UPP5064-2,UPP5064,3,92,False,180,26.55816,31.68298,N41,7000,290.0,479.0,3.0,,479.0,3.0,3.0,True
UPP5064-3,UPP5064,3,93,False,300,26.55816,31.68298,N41,7000,400.0,677.0,1.0,,677.0,1.0,1.0,True
UPP5065-1,UPP5065,3,91,False,60,26.55742,31.69785,N41,7000,145.0,771.0,3.0,,771.0,3.0,3.0,True
UPP5065-2,UPP5065,3,92,False,210,26.55742,31.69785,N41,7000,140.0,772.0,0.0,,772.0,0.0,0.0,True
UPP5065-3,UPP5065,3,93,False,300,26.55742,31.69785,N41,7000,135.0,773.0,1.0,,773.0,1.0,1.0,True
UPP5094-1,UPP5094,3,91,False,165,28.113,30.74992,N41,7000,160.0,964.0,0.0,,964.0,0.0,0.0,True
UPP5094-2,UPP5094,3,92,False,230,28.113,30.74992,N41,7000,155.0,986.0,2.0,,986.0,2.0,2.0,True
UPP5094-3,UPP5094,3,93,False,330,28.113,30.74992,N41,7000,150.0,957.0,1.0,,957.0,1.0,1.0,True
UPP5099-1,UPP5099,4,91,False,60,28.09013,30.76292,N41,7000,155.0,960.0,0.0,,960.0,0.0,0.0,True
UPP5099-2,UPP5099,4,92,False,180,28.09013,30.76292,N41,7000,150.0,837.0,1.0,,837.0,1.0,1.0,True
UPP5099-3,UPP5099,4,93,False,290,28.09013,30.76292,N41,7000,145.0,859.0,3.0,,859.0,3.0,3.0,True
UPP5099-4,UPP5099,4,94,False,350,28.09013,30.76292,N41,7000,140.0,834.0,2.0,,834.0,2.0,2.0,True
UPP5101-1,UPP5101,3,91,False,65,28.11024,30.75256,N41,7000,125.0,1003.0,3.0,,1003.0,3.0,3.0,True
UPP5101-2,UPP5101,3,92,False,175,28.11024,30.75256,N41,7000,120.0,874.0,2.0,,874.0,2.0,2.0,True
UPP5101-3,UPP5101,3,93,False,315,28.11024,30.75256,N41,7000,115.0,992.0,0.0,,992.0,0.0,0.0,True
UPP5102_1,UPP5102,4,91,False,70,28.12407,30.738742,N41,7000,60.0,905.0,1.0,,905.0,1.0,1.0,True
UPP5102_2,UPP5102,4,92,False,160,28.12407,30.738742,N41,7000,55.0,863.0,3.0,,863.0,3.0,3.0,True
UPP5102_3,UPP5102,4,93,False,250,28.12407,30.738742,N41,7000,50.0,972.0,0.0,,972.0,0.0,0.0,True
UPP5102_4,UPP5102,4,94,False,345,28.12407,30.738742,N41,7000,45.0,354.0,2.0,,354.0,2.0,2.0,True
UPP5105-1,UPP5105,4,91,False,60,27.18246,31.17716,N41,7000,315.0,75.0,3.0,,75.0,3.0,3.0,True
UPP5105-2,UPP5105,4,92,False,160,27.18246,31.17716,N41,7000,310.0,541.0,1.0,,541.0,1.0,1.0,True
UPP5105-3,UPP5105,4,93,False,245,27.18246,31.17716,N41,7000,305.0,784.0,0.0,,784.0,0.0,0.0,True
UPP5105-4,UPP5105,4,94,False,340,27.18246,31.17716,N41,7000,300.0,730.0,2.0,,730.0,2.0,2.0,True
UPP5114-1,UPP5114,4,91,False,55,27.19125,31.18378,N41,7000,350.0,711.0,3.0,,711.0,3.0,3.0,True
UPP5114-2,UPP5114,4,92,False,100,27.19125,31.18378,N41,7000,345.0,86.0,2.0,,86.0,2.0,2.0,True
UPP5114-3,UPP5114,4,93,False,185,27.19125,31.18378,N41,7000,340.0,656.0,0.0,,656.0,0.0,0.0,True
UPP5114-4,UPP5114,4,94,False,295,27.19125,31.18378,N41,7000,335.0,585.0,1.0,,585.0,1.0,1.0,True
UPP5143-1,UPP5143,4,91,False,60,26.56133,31.68937,N41,7000,165.0,542.0,2.0,,542.0,2.0,2.0,True
UPP5143-2,UPP5143,4,92,False,140,26.56133,31.68937,N41,7000,160.0,820.0,0.0,,820.0,0.0,0.0,True
UPP5143-3,UPP5143,4,93,False,250,26.56133,31.68937,N41,7000,155.0,31.0,3.0,,31.0,3.0,3.0,True
UPP5143-4,UPP5143,4,94,False,330,26.56133,31.68937,N41,7000,150.0,129.0,1.0,,129.0,1.0,1.0,True
UPP5199-1,UPP5199,2,91,False,60,26.18398,32.73449,N41,7000,175.0,632.0,0.0,,632.0,0.0,0.0,True
UPP5199-2,UPP5199,2,92,False,190,26.18398,32.73449,N41,7000,170.0,633.0,1.0,,633.0,1.0,1.0,True
UPP5302-1,UPP5302,3,91,False,60,26.54976,31.70063,N41,7000,25.0,277.0,1.0,,277.0,1.0,1.0,True
UPP5302-2,UPP5302,3,92,False,170,26.54976,31.70063,N41,7000,20.0,80.0,0.0,,80.0,0.0,0.0,True
UPP5302-3,UPP5302,3,93,False,280,26.54976,31.70063,N41,7000,15.0,563.0,3.0,,563.0,3.0,3.0,True
UPP5309-1,UPP5309,4,91,False,30,27.1965443,31.1791055,N41,7000,150.0,426.0,2.0,,426.0,2.0,2.0,True
UPP5309-2,UPP5309,4,92,False,110,27.1965443,31.1791055,N41,7000,145.0,648.0,0.0,,648.0,0.0,0.0,True
UPP5309-3,UPP5309,4,93,False,240,27.1965443,31.1791055,N41,7000,140.0,645.0,1.0,,645.0,1.0,1.0,True
UPP5309-4,UPP5309,4,94,False,320,27.1965443,31.1791055,N41,7000,135.0,443.0,3.0,,443.0,3.0,3.0,True
UPP5310-2,UPP5310,2,92,False,230,27.181652,31.171153,N41,7000,235.0,18.0,2.0,,18.0,2.0,2.0,True
UPP5310-3,UPP5310,2,93,False,320,27.181652,31.171153,N41,7000,230.0,752.0,0.0,,752.0,0.0,0.0,True
UPP5389-1,UPP5389,3,91,False,30,25.73061,32.62296,N41,7000,125.0,528.0,0.0,,528.0,0.0,0.0,True
UPP5389-2,UPP5389,3,92,False,185,25.73061,32.62296,N41,7000,120.0,78.0,2.0,,78.0,2.0,2.0,True
UPP5389-3,UPP5389,3,93,False,290,25.73061,32.62296,N41,7000,115.0,359.0,3.0,,359.0,3.0,3.0,True
UPP5461-1,UPP5461,3,91,False,60,28.10149,30.7562,N41,7000,110.0,837.0,1.0,,837.0,1.0,1.0,True
UPP5461-2,UPP5461,3,92,False,150,28.10149,30.7562,N41,7000,105.0,838.0,2.0,,838.0,2.0,2.0,True
UPP5461-3,UPP5461,3,93,False,280,28.10149,30.7562,N41,7000,100.0,839.0,3.0,,839.0,3.0,3.0,True
UPP5481-1,UPP5481,4,91,False,30,27.19827,31.17482,N41,7000,655.0,13.0,1.0,,13.0,1.0,1.0,True
UPP5481-2,UPP5481,4,92,False,110,27.19827,31.17482,N41,7000,645.0,538.0,2.0,,538.0,2.0,2.0,True
UPP5481-3,UPP5481,4,93,False,160,27.19827,31.17482,N41,7000,640.0,732.0,0.0,,732.0,0.0,0.0,True
UPP5481-4,UPP5481,4,94,False,330,27.19827,31.17482,N41,7000,635.0,727.0,3.0,,727.0,3.0,3.0,True
UPP5513-1,UPP5513,3,91,False,10,26.53551,31.69906,N41,7000,285.0,407.0,3.0,,407.0,3.0,3.0,True
UPP5513-2,UPP5513,3,92,False,140,26.53551,31.69906,N41,7000,280.0,313.0,1.0,,313.0,1.0,1.0,True
UPP5513-3,UPP5513,3,93,False,230,26.53551,31.69906,N41,7000,275.0,668.0,0.0,,668.0,0.0,0.0,True
UPP5518-1,UPP5518,2,91,False,0,27.1973101,31.1842,N41,7000,360.0,44.0,0.0,,44.0,0.0,0.0,True
UPP5518-2,UPP5518,2,92,False,140,27.1973101,31.1842,N41,7000,355.0,554.0,2.0,,554.0,2.0,2.0,True
UPP5519-1,UPP5519,4,91,False,0,26.56047,31.71581,N41,7000,130.0,600.0,0.0,,600.0,0.0,0.0,True
UPP5519-2,UPP5519,4,92,False,90,26.56047,31.71581,N41,7000,60.0,518.0,2.0,,518.0,2.0,2.0,True
UPP5519-3,UPP5519,4,93,False,180,26.56047,31.71581,N41,7000,55.0,569.0,1.0,,569.0,1.0,1.0,True
UPP5519-4,UPP5519,4,94,False,270,26.56047,31.71581,N41,7000,50.0,555.0,3.0,,555.0,3.0,3.0,True
UPP5668-1,UPP5668,4,91,False,25,26.1607,32.70861,N41,7000,75.0,685.0,1.0,,685.0,1.0,1.0,True
UPP5668-2,UPP5668,4,92,False,90,26.1607,32.70861,N41,7000,70.0,551.0,3.0,,551.0,3.0,3.0,True
UPP5668-3,UPP5668,4,93,False,150,26.1607,32.70861,N41,7000,65.0,508.0,0.0,,508.0,0.0,0.0,True
UPP5668-4,UPP5668,4,94,False,290,26.1607,32.70861,N41,7000,60.0,82.0,2.0,,82.0,2.0,2.0,True
UPP5676-1,UPP5676,3,91,False,0,27.187261,31.178857,N41,7000,210.0,754.0,2.0,,754.0,2.0,2.0,True
UPP5676-2,UPP5676,3,92,False,140,27.187261,31.178857,N41,7000,205.0,25.0,1.0,,25.0,1.0,1.0,True
UPP5676-3,UPP5676,3,193,False,260,27.187261,31.178857,N41,7000,200.0,564.0,0.0,,564.0,0.0,0.0,True
UPP5752-1,UPP5752,4,91,False,80,26.1557455,32.7055247,N41,7000,10.0,552.0,0.0,,552.0,0.0,0.0,True
UPP5752-2,UPP5752,4,92,False,135,26.1557455,32.7055247,N41,7000,5.0,646.0,2.0,,646.0,2.0,2.0,True
UPP5752-3,UPP5752,4,93,False,215,26.1557455,32.7055247,N41,7000,0.0,107.0,3.0,,107.0,3.0,3.0,True
UPP5752-4,UPP5752,4,94,False,280,26.1557455,32.7055247,N41,7000,795.0,441.0,1.0,,441.0,1.0,1.0,True
UPP5860-2,UPP5860,2,92,False,80,27.184314,31.184607,N41,7000,70.0,434.0,2.0,,434.0,2.0,2.0,True
UPP5860-3,UPP5860,2,93,False,170,27.184314,31.184607,N41,7000,65.0,435.0,3.0,,435.0,3.0,3.0,True
UPP5873-1,UPP5873,4,91,False,40,27.173281,31.191091,N41,7000,55.0,72.0,0.0,,72.0,0.0,0.0,True
UPP5873-2,UPP5873,4,92,False,170,27.173281,31.191091,N41,7000,50.0,183.0,3.0,,183.0,3.0,3.0,True
UPP5873-3,UPP5873,4,93,False,280,27.173281,31.191091,N41,7000,50.0,665.0,1.0,,665.0,1.0,1.0,True
UPP5873-4,UPP5873,4,94,False,340,27.173281,31.191091,N41,7000,45.0,19.0,3.0,,19.0,3.0,3.0,True
UPP5912-1,UPP5912,4,91,False,100,26.566993,31.709848,N41,7000,95.0,383.0,3.0,,383.0,3.0,3.0,True
UPP5912-2,UPP5912,4,92,False,180,26.566993,31.709848,N41,7000,90.0,428.0,0.0,,428.0,0.0,0.0,True
UPP5912-3,UPP5912,4,93,False,250,26.566993,31.709848,N41,7000,85.0,213.0,1.0,,213.0,1.0,1.0,True
UPP5912-4,UPP5912,4,94,False,340,26.566993,31.709848,N41,7000,80.0,74.0,2.0,,74.0,2.0,2.0,True
