operational_incident_id,id,route_label,start_time,end_time,strict_episodes,rows,max_priority,mean_priority,max_impact,max_confidence,consensus_rows,statistical_only_rows,ml_only_rows,dominant_statistical_type,dominant_ml_type,primary_serving_pci,duration_seconds
INC-000687,542020041221088+20250828105007+Fiji-Nadi-LTE-DL-D!20250828104930,Fiji-Nadi-LTE-DL-D,2025-08-28 00:49:04+02:00,2025-08-28 00:49:04+02:00,1,1,86.35,86.35,75.18,100.0,1,0,0,ca_underperformance,ml_severe_quantile_p75_resource_underperformance,163.0,0.0
INC-000425,542020041221088+20250827135949+Fiji-Nadi-LTE-DL-D!20250827134144,Fiji-Nadi-LTE-DL-D,2025-08-27 03:39:42+02:00,2025-08-27 03:39:42+02:00,1,1,85.1,85.1,72.9,100.0,1,0,0,ca_underperformance,ml_quantile_p75_resource_underperformance,137.0,0.0
INC-000374,542020041221088+20250827134427+Fiji-Nadi-LTE-DL-D!20250827131213,Fiji-Nadi-LTE-DL-D,2025-08-27 03:10:11+02:00,2025-08-27 03:10:11+02:00,1,1,84.94,84.94,72.62,100.0,1,0,0,ca_underperformance,ml_quantile_p75_resource_underperformance,131.0,0.0
INC-000826,542020041221088+20250828123823+Fiji-Nadi-LTE-DL-D!20250828123754,Fiji-Nadi-LTE-DL-D,2025-08-28 02:37:35+02:00,2025-08-28 02:37:36+02:00,1,2,84.74,84.74,81.26,89.0,1,1,0,ca_underperformance,ml_severe_quantile_p75_resource_underperformance,313.0,1.0
INC-000193,542020041221088+20250827122034+Fiji-Nadi-LTE-DL-D!20250827113125,Fiji-Nadi-LTE-DL-D,2025-08-27 01:30:31+02:00,2025-08-27 01:30:31+02:00,1,1,84.48,84.48,71.78,100.0,1,0,0,ca_underperformance,ml_quantile_p75_resource_underperformance,394.0,0.0
INC-000211,542020041221088+20250827122555+Fiji-Nadi-LTE-DL-D!20250827113546,Fiji-Nadi-LTE-DL-D,2025-08-27 01:35:17+02:00,2025-08-27 01:35:18+02:00,1,2,83.92,83.92,77.47,91.8,1,1,0,ca_underperformance,ml_quantile_p75_resource_underperformance,394.0,1.0
INC-001051,542020041221088+20250828141838+Fiji-Nadi-LTE-DL-D!20250828141754,Fiji-Nadi-LTE-DL-D,2025-08-28 04:16:02+02:00,2025-08-28 04:16:02+02:00,1,1,83.71,83.71,70.37,100.0,1,0,0,ca_underperformance,ml_quantile_p75_resource_underperformance,230.0,0.0
INC-000206,542020041221088+20250827122555+Fiji-Nadi-LTE-DL-D!20250827113546,Fiji-Nadi-LTE-DL-D,2025-08-27 01:34:11+02:00,2025-08-27 01:34:12+02:00,1,2,82.83,82.83,74.97,92.43,1,1,0,ca_underperformance,ml_quantile_p75_resource_underperformance,394.0,1.0
INC-000434,542020041221088+20250827135949+Fiji-Nadi-LTE-DL-D!20250827134144,Fiji-Nadi-LTE-DL-D,2025-08-27 03:41:22+02:00,2025-08-27 03:41:22+02:00,1,1,82.71,82.71,68.56,100.0,1,0,0,ca_underperformance,ml_quantile_p75_resource_underperformance,135.0,0.0
INC-000607,542020041221088+20250827161114+Fiji-Nadi-LTE-DL-D!20250827160608,Fiji-Nadi-LTE-DL-D,2025-08-27 06:04:06+02:00,2025-08-27 06:04:06+02:00,1,1,82.71,82.71,68.57,100.0,1,0,0,ca_underperformance,ml_quantile_p75_resource_underperformance,469.0,0.0
INC-000343,542020041221088+20250827133907+Fiji-Nadi-LTE-DL-D!20250827130324,Fiji-Nadi-LTE-DL-D,2025-08-27 03:01:56+02:00,2025-08-27 03:01:56+02:00,1,1,82.32,82.32,67.85,100.0,1,0,0,rb_efficiency_underperformance,ml_quantile_p75_resource_underperformance,322.0,0.0
INC-000875,542020041221088+20250828125404+Fiji-Nadi-LTE-DL-D!20250828125334,Fiji-Nadi-LTE-DL-D,2025-08-28 02:52:47+02:00,2025-08-28 02:52:51+02:00,1,5,82.21,82.21,83.1,81.12,1,4,0,radio_limited_degradation,normal,167.0,4.0
INC-000538,542020041221088+20250827151552+Fiji-Nadi-LTE-DL-D!20250827151524,Fiji-Nadi-LTE-DL-D,2025-08-27 05:14:38+02:00,2025-08-27 05:14:38+02:00,1,1,82.07,82.07,67.4,100.0,1,0,0,rb_efficiency_underperformance,ml_quantile_p75_resource_underperformance,50.0,0.0
INC-000829,542020041221088+20250828124043+Fiji-Nadi-LTE-DL-D!20250828124009,Fiji-Nadi-LTE-DL-D,2025-08-28 02:38:34+02:00,2025-08-28 02:38:36+02:00,1,3,82.03,82.03,79.34,85.33,1,2,0,rolling_local_drop,normal,313.0,2.0
INC-000352,542020041221088+20250827134107+Fiji-Nadi-LTE-DL-D!20250827130537,Fiji-Nadi-LTE-DL-D,2025-08-27 03:04:22+02:00,2025-08-27 03:04:24+02:00,1,3,81.92,81.92,79.03,85.47,1,2,0,radio_limited_degradation,normal,394.0,2.0
INC-000363,542020041221088+20250827134247+Fiji-Nadi-LTE-DL-D!20250827130749,Fiji-Nadi-LTE-DL-D,2025-08-27 03:06:16+02:00,2025-08-27 03:06:17+02:00,1,2,81.91,81.91,76.11,89.0,1,1,0,ca_underperformance,ml_severe_quantile_p75_resource_underperformance,394.0,1.0
INC-000638,542020041221088+20250828102746+Fiji-Nadi-LTE-DL-D!20250828102524,Fiji-Nadi-LTE-DL-D,2025-08-28 00:23:38+02:00,2025-08-28 00:23:42+02:00,1,5,81.79,81.79,79.58,84.49,1,4,0,ca_underperformance,normal,338.0,4.0
INC-000686,542020041221088+20250828105007+Fiji-Nadi-LTE-DL-D!20250828104930,Fiji-Nadi-LTE-DL-D,2025-08-28 00:48:57+02:00,2025-08-28 00:48:58+02:00,1,2,81.66,81.66,75.49,89.2,1,1,0,radio_limited_degradation,ml_quantile_p75_resource_underperformance,163.0,1.0
INC-001098,542020041221088+20250828153922+Fiji-Nadi-LTE-DL-D!20250828152928,Fiji-Nadi-LTE-DL-D,2025-08-28 05:28:25+02:00,2025-08-28 05:28:25+02:00,1,1,81.66,81.66,66.65,100.0,1,0,0,ca_underperformance,ml_quantile_p75_resource_underperformance,454.0,0.0
INC-000318,542020041221088+20250827132825+Fiji-Nadi-LTE-DL-D!20250827122826,Fiji-Nadi-LTE-DL-D,2025-08-27 02:26:47+02:00,2025-08-27 02:26:49+02:00,1,3,81.46,81.46,72.3,92.64,2,1,0,ca_underperformance,ml_quantile_p75_resource_underperformance,149.0,2.0
INC-000194,542020041221088+20250827122034+Fiji-Nadi-LTE-DL-D!20250827113125,Fiji-Nadi-LTE-DL-D,2025-08-27 01:30:40+02:00,2025-08-27 01:30:41+02:00,1,2,81.36,81.36,74.26,90.04,1,1,0,ca_underperformance,ml_severe_quantile_p75_resource_underperformance,394.0,1.0
INC-000358,542020041221088+20250827134107+Fiji-Nadi-LTE-DL-D!20250827130537,Fiji-Nadi-LTE-DL-D,2025-08-27 03:05:08+02:00,2025-08-27 03:05:08+02:00,1,1,81.11,81.11,77.92,85.0,0,1,0,ca_underperformance,ml_severe_quantile_p75_resource_underperformance,395.0,0.0
INC-000433,542020041221088+20250827135949+Fiji-Nadi-LTE-DL-D!20250827134144,Fiji-Nadi-LTE-DL-D,2025-08-27 03:41:08+02:00,2025-08-27 03:41:17+02:00,2,6,81.08,75.735,76.04,87.23,1,5,0,radio_limited_degradation,normal,135.0,9.0
INC-000815,542020041221088+20250828123602+Fiji-Nadi-LTE-DL-D!20250828123538,Fiji-Nadi-LTE-DL-D,2025-08-28 02:35:35+02:00,2025-08-28 02:35:35+02:00,1,1,81.08,81.08,65.6,100.0,1,0,0,ca_underperformance,ml_quantile_p75_resource_underperformance,315.0,0.0
INC-000382,542020041221088+20250827134607+Fiji-Nadi-LTE-DL-D!20250827131425,Fiji-Nadi-LTE-DL-D,2025-08-27 03:12:45+02:00,2025-08-27 03:12:47+02:00,1,3,81.0,81.0,71.34,92.8,2,1,0,radio_limited_degradation,ml_quantile_p75_resource_underperformance,129.0,2.0
INC-000922,542020041221088+20250828131954+Fiji-Nadi-LTE-DL-D!20250828131344,Fiji-Nadi-LTE-DL-D,2025-08-28 03:13:30+02:00,2025-08-28 03:13:31+02:00,1,2,80.88,80.88,74.23,89.0,1,1,0,ca_underperformance,ml_quantile_p75_resource_underperformance,254.0,1.0
INC-000868,542020041221088+20250828125404+Fiji-Nadi-LTE-DL-D!20250828125334,Fiji-Nadi-LTE-DL-D,2025-08-28 02:51:32+02:00,2025-08-28 02:51:35+02:00,1,4,80.69,80.69,83.36,77.41,1,3,0,radio_limited_degradation,normal,167.0,3.0
INC-000213,542020041221088+20250827122555+Fiji-Nadi-LTE-DL-D!20250827113546,Fiji-Nadi-LTE-DL-D,2025-08-27 01:35:41+02:00,2025-08-27 01:35:43+02:00,1,3,80.61,80.61,76.75,85.33,1,2,0,rolling_local_drop,normal,394.0,2.0
INC-000914,542020041221088+20250828131435+Fiji-Nadi-LTE-DL-D!20250828131128,Fiji-Nadi-LTE-DL-D,2025-08-28 03:10:39+02:00,2025-08-28 03:10:39+02:00,1,1,80.54,80.54,64.61,100.0,1,0,0,ca_underperformance,ml_quantile_p75_resource_underperformance,254.0,0.0
INC-000210,542020041221088+20250827122555+Fiji-Nadi-LTE-DL-D!20250827113546,Fiji-Nadi-LTE-DL-D,2025-08-27 01:34:45+02:00,2025-08-27 01:34:46+02:00,1,2,80.46,80.46,73.46,89.0,1,1,0,ca_underperformance,ml_quantile_p75_resource_underperformance,394.0,1.0
INC-000359,542020041221088+20250827134107+Fiji-Nadi-LTE-DL-D!20250827130537,Fiji-Nadi-LTE-DL-D,2025-08-27 03:05:14+02:00,2025-08-27 03:05:16+02:00,1,3,80.36,80.36,76.3,85.33,1,2,0,rb_conditioned_underperformance,normal,395.0,2.0
INC-000532,542020041221088+20250827151332+Fiji-Nadi-LTE-DL-D!20250827151309,Fiji-Nadi-LTE-DL-D,2025-08-27 05:12:41+02:00,2025-08-27 05:12:47+02:00,2,3,80.36,69.225,73.3,89.0,1,2,0,radio_limited_degradation,ml_quantile_p75_resource_underperformance,115.0,6.0
INC-000639,542020041221088+20250828102746+Fiji-Nadi-LTE-DL-D!20250828102524,Fiji-Nadi-LTE-DL-D,2025-08-28 00:23:51+02:00,2025-08-28 00:23:54+02:00,1,4,80.32,80.32,76.63,84.82,1,3,0,ca_underperformance,ml_quantile_p75_resource_underperformance,338.0,3.0
INC-000690,542020041221088+20250828105207+Fiji-Nadi-LTE-DL-D!20250828105141,Fiji-Nadi-LTE-DL-D,2025-08-28 00:49:39+02:00,2025-08-28 00:49:43+02:00,2,3,80.3,78.31,73.18,100.0,2,1,0,ca_underperformance,ml_quantile_p75_resource_underperformance,163.0,4.0
INC-000349,542020041221088+20250827133907+Fiji-Nadi-LTE-DL-D!20250827130324,Fiji-Nadi-LTE-DL-D,2025-08-27 03:02:53+02:00,2025-08-27 03:02:54+02:00,1,2,80.14,80.14,64.96,98.68,2,0,0,ca_underperformance,ml_quantile_p75_resource_underperformance,321.0,1.0
INC-000793,542020041221088+20250828122702+Fiji-Nadi-LTE-DL-D!20250828122042,Fiji-Nadi-LTE-DL-D,2025-08-28 02:20:04+02:00,2025-08-28 02:20:04+02:00,1,1,80.1,80.1,63.83,100.0,1,0,0,ca_underperformance,ml_quantile_p75_resource_underperformance,141.0,0.0
INC-000196,542020041221088+20250827122034+Fiji-Nadi-LTE-DL-D!20250827113125,Fiji-Nadi-LTE-DL-D,2025-08-27 01:30:59+02:00,2025-08-27 01:30:59+02:00,1,1,80.07,80.07,76.13,84.87,0,1,0,ca_underperformance,ml_severe_quantile_p75_resource_underperformance,394.0,0.0
INC-000366,542020041221088+20250827134247+Fiji-Nadi-LTE-DL-D!20250827130749,Fiji-Nadi-LTE-DL-D,2025-08-27 03:06:58+02:00,2025-08-27 03:06:59+02:00,1,2,79.93,79.93,71.16,90.66,1,1,0,rb_conditioned_underperformance,ml_hgb_strict_causal_temporal_underperformance,394.0,1.0
INC-000688,542020041221088+20250828105007+Fiji-Nadi-LTE-DL-D!20250828104930,Fiji-Nadi-LTE-DL-D,2025-08-28 00:49:13+02:00,2025-08-28 00:49:13+02:00,1,1,79.91,79.91,63.47,100.0,1,0,0,ca_underperformance,ml_quantile_p75_resource_underperformance,163.0,0.0
INC-000421,542020041221088+20250827135649+Fiji-Nadi-LTE-DL-D!20250827133934,Fiji-Nadi-LTE-DL-D,2025-08-27 03:38:43+02:00,2025-08-27 03:38:45+02:00,1,3,79.77,79.77,74.72,85.94,1,2,0,rolling_local_drop,normal,135.0,2.0
INC-000800,542020041221088+20250828123202+Fiji-Nadi-LTE-DL-D!20250828122853,Fiji-Nadi-LTE-DL-D,2025-08-28 02:27:09+02:00,2025-08-28 02:27:16+02:00,2,4,79.72,71.945,65.38,97.24,1,3,0,ca_underperformance,ml_quantile_p75_resource_underperformance,345.0,7.0
INC-000364,542020041221088+20250827134247+Fiji-Nadi-LTE-DL-D!20250827130749,Fiji-Nadi-LTE-DL-D,2025-08-27 03:06:42+02:00,2025-08-27 03:06:42+02:00,1,1,79.62,79.62,62.95,100.0,1,0,0,ca_underperformance,ml_quantile_p75_resource_underperformance,394.0,0.0
INC-000269,542020041221088+20250827124539+Fiji-Nadi-LTE-DL-D!20250827120159,Fiji-Nadi-LTE-DL-D,2025-08-27 02:00:44+02:00,2025-08-27 02:00:44+02:00,1,1,79.58,79.58,62.88,100.0,1,0,0,rb_conditioned_underperformance,ml_quantile_p75_resource_underperformance,155.0,0.0
INC-000222,542020041221088+20250827123136+Fiji-Nadi-LTE-DL-D!20250827114007,Fiji-Nadi-LTE-DL-D,2025-08-27 01:38:16+02:00,2025-08-27 01:38:17+02:00,1,2,79.57,79.57,72.93,87.69,1,1,0,ca_underperformance,ml_severe_quantile_p75_resource_underperformance,133.0,1.0
INC-000117,542020041221088+20250827105427+Fiji-Nadi-LTE-DL-D!20250827104733,Fiji-Nadi-LTE-DL-D,2025-08-27 00:47:17+02:00,2025-08-27 00:47:19+02:00,1,3,79.53,79.53,74.14,86.11,1,2,0,radio_limited_degradation,normal,128.0,2.0
INC-000792,542020041221088+20250828122702+Fiji-Nadi-LTE-DL-D!20250828122042,Fiji-Nadi-LTE-DL-D,2025-08-28 02:18:40+02:00,2025-08-28 02:18:40+02:00,1,1,79.47,79.47,62.68,100.0,1,0,0,ca_underperformance,ml_quantile_p75_resource_underperformance,185.0,0.0
INC-000925,542020041221088+20250828132455+Fiji-Nadi-LTE-DL-D!20250828131658,Fiji-Nadi-LTE-DL-D,2025-08-28 03:15:12+02:00,2025-08-28 03:15:12+02:00,1,1,79.36,79.36,62.48,100.0,1,0,0,ca_underperformance,ml_quantile_p75_resource_underperformance,254.0,0.0
INC-000367,542020041221088+20250827134247+Fiji-Nadi-LTE-DL-D!20250827130749,Fiji-Nadi-LTE-DL-D,2025-08-27 03:07:07+02:00,2025-08-27 03:07:08+02:00,1,2,79.07,79.07,70.94,89.0,1,1,0,rb_conditioned_underperformance,ml_quantile_p75_resource_underperformance,394.0,1.0
INC-000673,542020041221088+20250828104547+Fiji-Nadi-LTE-DL-D!20250828104505,Fiji-Nadi-LTE-DL-D,2025-08-28 00:44:59+02:00,2025-08-28 00:45:01+02:00,1,3,79.03,79.03,80.48,77.27,0,3,0,ca_underperformance,normal,354.0,2.0
INC-000631,542020041221088+20250828102346+Fiji-Nadi-LTE-DL-D!20250828102312,Fiji-Nadi-LTE-DL-D,2025-08-28 00:22:00+02:00,2025-08-28 00:22:02+02:00,1,3,78.9,78.9,73.43,85.6,1,2,0,radio_limited_degradation,normal,338.0,2.0
INC-000935,542020041221088+20250828132555+Fiji-Nadi-LTE-DL-D!20250828131914,Fiji-Nadi-LTE-DL-D,2025-08-28 03:17:21+02:00,2025-08-28 03:17:21+02:00,1,1,78.9,78.9,61.64,100.0,1,0,0,ca_underperformance,ml_quantile_p75_resource_underperformance,254.0,0.0
INC-000187,542020041221088+20250827122034+Fiji-Nadi-LTE-DL-D!20250827113125,Fiji-Nadi-LTE-DL-D,2025-08-27 01:29:22+02:00,2025-08-27 01:29:22+02:00,1,1,78.8,78.8,61.46,100.0,1,0,0,rb_conditioned_underperformance,ml_quantile_p75_resource_underperformance,403.0,0.0
INC-000637,542020041221088+20250828102746+Fiji-Nadi-LTE-DL-D!20250828102524,Fiji-Nadi-LTE-DL-D,2025-08-28 00:23:27+02:00,2025-08-28 00:23:28+02:00,1,2,78.51,78.51,69.77,89.2,1,1,0,ca_underperformance,ml_quantile_p75_resource_underperformance,338.0,1.0
INC-000544,542020041221088+20250827151812+Fiji-Nadi-LTE-DL-D!20250827151738,Fiji-Nadi-LTE-DL-D,2025-08-27 05:15:56+02:00,2025-08-27 05:16:10+02:00,3,7,78.44,77.32666666666667,79.53,83.88,1,6,0,radio_limited_degradation,normal,122.0,14.0
INC-000212,542020041221088+20250827122555+Fiji-Nadi-LTE-DL-D!20250827113546,Fiji-Nadi-LTE-DL-D,2025-08-27 01:35:29+02:00,2025-08-27 01:35:30+02:00,1,2,78.13,78.13,68.25,90.21,1,1,0,ca_underperformance,ml_hgb_resource_conditioned_underperformance,394.0,1.0
INC-000024,542020041221088+20250827095105+Fiji-Nadi-LTE-DL-D!20250827094821,Fiji-Nadi-LTE-DL-D,2025-08-26 23:46:19+02:00,2025-08-26 23:46:19+02:00,1,1,78.13,78.13,60.23,100.0,1,0,0,ca_underperformance,ml_quantile_p75_resource_underperformance,151.0,0.0
INC-000859,542020041221088+20250828125203+Fiji-Nadi-LTE-DL-D!20250828125121,Fiji-Nadi-LTE-DL-D,2025-08-28 02:49:39+02:00,2025-08-28 02:49:40+02:00,1,2,77.86,77.86,67.23,90.86,1,1,0,rb_conditioned_underperformance,ml_quantile_p75_resource_underperformance,167.0,1.0
INC-000721,542020041221088+20250828114011+Fiji-Nadi-LTE-DL-D!20250828110908,Fiji-Nadi-LTE-DL-D,2025-08-28 01:07:06+02:00,2025-08-28 01:07:06+02:00,1,1,77.74,77.74,71.8,85.0,0,1,0,ca_underperformance,ml_severe_quantile_p75_resource_underperformance,351.0,0.0
INC-000888,542020041221088+20250828125844+Fiji-Nadi-LTE-DL-D!20250828125759,Fiji-Nadi-LTE-DL-D,2025-08-28 02:56:59+02:00,2025-08-28 02:57:00+02:00,1,2,77.52,77.52,75.84,79.57,0,2,0,ca_underperformance,ml_severe_quantile_p75_resource_underperformance,167.0,1.0
INC-000535,542020041221088+20250827151552+Fiji-Nadi-LTE-DL-D!20250827151524,Fiji-Nadi-LTE-DL-D,2025-08-27 05:13:45+02:00,2025-08-27 05:13:45+02:00,1,1,77.26,77.26,58.65,100.0,1,0,0,ca_underperformance,ml_severe_quantile_p75_resource_underperformance,50.0,0.0
INC-000962,542020041221088+20250828133816+Fiji-Nadi-LTE-DL-D!20250828132818,Fiji-Nadi-LTE-DL-D,2025-08-28 03:26:36+02:00,2025-08-28 03:26:55+02:00,5,12,77.04,70.636,85.82,66.32,0,12,0,radio_limited_degradation,normal,375.0,19.0
INC-000901,542020041221088+20250828130244+Fiji-Nadi-LTE-DL-D!20250828130228,Fiji-Nadi-LTE-DL-D,2025-08-28 03:02:23+02:00,2025-08-28 03:02:23+02:00,1,1,76.89,76.89,57.98,100.0,1,0,0,rb_conditioned_underperformance,ml_quantile_p75_resource_underperformance,165.0,0.0
INC-000442,542020041221088+20250827140149+Fiji-Nadi-LTE-DL-D!20250827134245,Fiji-Nadi-LTE-DL-D,2025-08-27 03:42:40+02:00,2025-08-27 03:42:41+02:00,1,2,76.86,76.86,65.58,90.64,1,1,0,rb_conditioned_underperformance,ml_quantile_p75_resource_underperformance,135.0,1.0
INC-000068,542020041221088+20250827102526+Fiji-Nadi-LTE-DL-D!20250827102354,Fiji-Nadi-LTE-DL-D,2025-08-27 00:21:53+02:00,2025-08-27 00:21:53+02:00,1,1,76.84,76.84,57.89,100.0,1,0,0,rb_conditioned_underperformance,ml_quantile_p75_resource_underperformance,149.0,0.0
INC-000195,542020041221088+20250827122034+Fiji-Nadi-LTE-DL-D!20250827113125,Fiji-Nadi-LTE-DL-D,2025-08-27 01:30:49+02:00,2025-08-27 01:30:49+02:00,1,1,76.84,76.84,71.09,83.86,0,1,0,ca_underperformance,ml_quantile_p75_resource_underperformance,394.0,0.0
INC-000466,542020041221088+20250827140850+Fiji-Nadi-LTE-DL-D!20250827140234,Fiji-Nadi-LTE-DL-D,2025-08-27 04:01:01+02:00,2025-08-27 04:01:03+02:00,1,3,76.75,76.75,76.32,77.28,0,3,0,radio_limited_degradation,normal,124.0,2.0
INC-000030,542020041221088+20250827095105+Fiji-Nadi-LTE-DL-D!20250827094821,Fiji-Nadi-LTE-DL-D,2025-08-26 23:47:09+02:00,2025-08-26 23:47:10+02:00,1,2,76.72,76.72,67.06,88.53,1,1,0,ca_underperformance,ml_quantile_p75_resource_underperformance,151.0,1.0
INC-000754,542020041221088+20250828121041+Fiji-Nadi-LTE-DL-D!20250828114409,Fiji-Nadi-LTE-DL-D,2025-08-28 01:42:18+02:00,2025-08-28 01:42:20+02:00,1,3,76.66,76.66,74.83,78.88,0,3,0,ca_underperformance,ml_hgb_strict_causal_temporal_underperformance,139.0,2.0
INC-000522,542020041221088+20250827151332+Fiji-Nadi-LTE-DL-D!20250827151309,Fiji-Nadi-LTE-DL-D,2025-08-27 05:11:15+02:00,2025-08-27 05:11:17+02:00,1,3,76.59,76.59,77.9,75.0,0,3,0,rb_conditioned_underperformance,normal,114.0,2.0
INC-000390,542020041221088+20250827134808+Fiji-Nadi-LTE-DL-D!20250827131638,Fiji-Nadi-LTE-DL-D,2025-08-27 03:15:38+02:00,2025-08-27 03:15:40+02:00,1,3,76.58,76.58,77.83,75.04,0,3,0,ca_underperformance,normal,395.0,2.0
INC-000188,542020041221088+20250827122034+Fiji-Nadi-LTE-DL-D!20250827113125,Fiji-Nadi-LTE-DL-D,2025-08-27 01:29:25+02:00,2025-08-27 01:29:27+02:00,1,3,76.57,76.57,70.21,84.36,1,2,0,rolling_local_drop,normal,403.0,2.0
INC-000524,542020041221088+20250827151332+Fiji-Nadi-LTE-DL-D!20250827151309,Fiji-Nadi-LTE-DL-D,2025-08-27 05:11:39+02:00,2025-08-27 05:11:39+02:00,1,1,76.54,76.54,57.35,100.0,1,0,0,rb_conditioned_underperformance,ml_quantile_p75_resource_underperformance,115.0,0.0
INC-000435,542020041221088+20250827135949+Fiji-Nadi-LTE-DL-D!20250827134144,Fiji-Nadi-LTE-DL-D,2025-08-27 03:41:27+02:00,2025-08-27 03:41:35+02:00,2,5,76.44,74.1,80.41,72.67,0,5,0,rolling_local_drop,normal,135.0,8.0
INC-000348,542020041221088+20250827133907+Fiji-Nadi-LTE-DL-D!20250827130324,Fiji-Nadi-LTE-DL-D,2025-08-27 03:02:40+02:00,2025-08-27 03:02:45+02:00,1,6,76.43,76.43,81.37,70.4,0,6,0,radio_limited_degradation,normal,127.0,5.0
INC-000294,542020041221088+20250827131704+Fiji-Nadi-LTE-DL-D!20250827121308,Fiji-Nadi-LTE-DL-D,2025-08-27 02:11:11+02:00,2025-08-27 02:11:26+02:00,1,16,76.41,76.41,94.16,54.72,0,16,0,radio_limited_degradation,normal,146.0,15.0
INC-000483,542020041221088+20250827141150+Fiji-Nadi-LTE-DL-D!20250827140658,Fiji-Nadi-LTE-DL-D,2025-08-27 04:05:02+02:00,2025-08-27 04:05:08+02:00,2,5,76.38,68.725,65.89,89.2,1,4,0,radio_limited_degradation,ml_quantile_p75_resource_underperformance,125.0,6.0
INC-000353,542020041221088+20250827134107+Fiji-Nadi-LTE-DL-D!20250827130537,Fiji-Nadi-LTE-DL-D,2025-08-27 03:04:30+02:00,2025-08-27 03:04:31+02:00,1,2,76.38,76.38,66.06,89.0,1,1,0,rb_conditioned_underperformance,ml_quantile_p75_resource_underperformance,394.0,1.0
INC-000938,542020041221088+20250828132555+Fiji-Nadi-LTE-DL-D!20250828131914,Fiji-Nadi-LTE-DL-D,2025-08-28 03:17:59+02:00,2025-08-28 03:18:00+02:00,1,2,76.36,76.36,65.49,89.66,1,1,0,ca_underperformance,ml_quantile_p75_resource_underperformance,253.0,1.0
INC-000808,542020041221088+20250828123602+Fiji-Nadi-LTE-DL-D!20250828123538,Fiji-Nadi-LTE-DL-D,2025-08-28 02:33:36+02:00,2025-08-28 02:33:41+02:00,2,2,76.29,67.69,56.89,100.0,1,1,0,rb_conditioned_underperformance,ml_quantile_p75_resource_underperformance,310.0,5.0
INC-000527,542020041221088+20250827151332+Fiji-Nadi-LTE-DL-D!20250827151309,Fiji-Nadi-LTE-DL-D,2025-08-27 05:12:02+02:00,2025-08-27 05:12:03+02:00,1,2,76.27,76.27,65.68,89.2,1,1,0,radio_limited_degradation,ml_quantile_p75_resource_underperformance,115.0,1.0
INC-000579,542020041221088+20250827153152+Fiji-Nadi-LTE-DL-D!20250827153105,Fiji-Nadi-LTE-DL-D,2025-08-27 05:29:02+02:00,2025-08-27 05:29:02+02:00,1,1,76.25,76.25,56.81,100.0,1,0,0,rb_conditioned_underperformance,ml_quantile_p75_resource_underperformance,120.0,0.0
INC-000645,542020041221088+20250828103047+Fiji-Nadi-LTE-DL-D!20250828102736,Fiji-Nadi-LTE-DL-D,2025-08-28 00:25:39+02:00,2025-08-28 00:25:40+02:00,1,2,75.97,75.97,65.15,89.2,1,1,0,ca_underperformance,ml_quantile_p75_resource_underperformance,487.0,1.0
INC-000381,542020041221088+20250827134607+Fiji-Nadi-LTE-DL-D!20250827131425,Fiji-Nadi-LTE-DL-D,2025-08-27 03:12:34+02:00,2025-08-27 03:12:36+02:00,1,3,75.96,75.96,68.96,84.51,1,2,0,rolling_local_drop,normal,129.0,2.0
INC-000903,542020041221088+20250828130504+Fiji-Nadi-LTE-DL-D!20250828130441,Fiji-Nadi-LTE-DL-D,2025-08-28 03:02:49+02:00,2025-08-28 03:02:49+02:00,1,1,75.93,75.93,75.23,76.79,0,1,0,ca_underperformance,normal,167.0,0.0
INC-000416,542020041221088+20250827135549+Fiji-Nadi-LTE-DL-D!20250827133724,Fiji-Nadi-LTE-DL-D,2025-08-27 03:36:27+02:00,2025-08-27 03:36:29+02:00,1,3,75.7,75.7,66.81,86.57,1,2,0,ca_underperformance,ml_hgb_resource_conditioned_underperformance,133.0,2.0
INC-000362,542020041221088+20250827134247+Fiji-Nadi-LTE-DL-D!20250827130749,Fiji-Nadi-LTE-DL-D,2025-08-27 03:06:08+02:00,2025-08-27 03:06:10+02:00,1,3,75.34,75.34,77.62,72.57,0,3,0,rolling_local_drop,normal,394.0,2.0
INC-000022,542020041221088+20250827094925+Fiji-Nadi-LTE-DL-D!20250827094611,Fiji-Nadi-LTE-DL-D,2025-08-26 23:45:51+02:00,2025-08-26 23:45:52+02:00,1,2,75.2,75.2,62.77,90.41,1,1,0,ca_underperformance,ml_quantile_p75_resource_underperformance,151.0,1.0
INC-000267,542020041221088+20250827123938+Fiji-Nadi-LTE-DL-D!20250827115735,Fiji-Nadi-LTE-DL-D,2025-08-27 01:57:32+02:00,2025-08-27 01:57:32+02:00,1,1,75.2,75.2,54.92,100.0,1,0,0,rb_conditioned_underperformance,ml_quantile_p75_resource_underperformance,157.0,0.0
INC-000056,542020041221088+20250827100525+Fiji-Nadi-LTE-DL-D!20250827100437,Fiji-Nadi-LTE-DL-D,2025-08-27 00:03:31+02:00,2025-08-27 00:03:32+02:00,1,2,75.18,75.18,63.71,89.2,1,1,0,radio_limited_degradation,ml_quantile_p75_resource_underperformance,148.0,1.0
INC-000231,542020041221088+20250827123337+Fiji-Nadi-LTE-DL-D!20250827114216,Fiji-Nadi-LTE-DL-D,2025-08-27 01:41:23+02:00,2025-08-27 01:41:50+02:00,1,28,75.15,75.15,98.42,46.71,0,28,0,radio_limited_degradation,normal,146.0,27.0
INC-000462,542020041221088+20250827140810+Fiji-Nadi-LTE-DL-D!20250827140022,Fiji-Nadi-LTE-DL-D,2025-08-27 04:00:11+02:00,2025-08-27 04:00:12+02:00,1,2,75.02,75.02,72.15,78.54,0,2,0,radio_limited_degradation,normal,124.0,1.0
INC-000067,542020041221088+20250827102346+Fiji-Nadi-LTE-DL-D!20250827102142,Fiji-Nadi-LTE-DL-D,2025-08-27 00:21:17+02:00,2025-08-27 00:21:17+02:00,1,1,75.01,75.01,54.57,99.99,1,0,0,ca_underperformance,ml_quantile_p75_resource_underperformance,149.0,0.0
INC-000531,542020041221088+20250827151332+Fiji-Nadi-LTE-DL-D!20250827151309,Fiji-Nadi-LTE-DL-D,2025-08-27 05:12:37+02:00,2025-08-27 05:12:38+02:00,1,2,74.97,74.97,63.5,89.0,1,1,0,rb_conditioned_underperformance,ml_quantile_p75_resource_underperformance,115.0,1.0
INC-000923,542020041221088+20250828131954+Fiji-Nadi-LTE-DL-D!20250828131344,Fiji-Nadi-LTE-DL-D,2025-08-28 03:13:40+02:00,2025-08-28 03:13:40+02:00,1,1,74.93,74.93,70.67,80.14,0,1,0,sudden_drop,normal,254.0,0.0
INC-000084,542020041221088+20250827103246+Fiji-Nadi-LTE-DL-D!20250827103001,Fiji-Nadi-LTE-DL-D,2025-08-27 00:29:43+02:00,2025-08-27 00:30:02+02:00,2,19,74.87,73.735,89.34,57.18,0,19,0,radio_limited_degradation,normal,148.0,19.0
INC-000190,542020041221088+20250827122034+Fiji-Nadi-LTE-DL-D!20250827113125,Fiji-Nadi-LTE-DL-D,2025-08-27 01:30:02+02:00,2025-08-27 01:30:04+02:00,1,3,74.82,74.82,68.99,81.95,1,2,0,rb_conditioned_underperformance,normal,341.0,2.0
INC-000260,542020041221088+20250827123858+Fiji-Nadi-LTE-DL-D!20250827115524,Fiji-Nadi-LTE-DL-D,2025-08-27 01:54:34+02:00,2025-08-27 01:54:36+02:00,1,3,74.8,74.8,76.36,72.89,0,3,0,radio_limited_degradation,normal,156.0,2.0
INC-000026,542020041221088+20250827095105+Fiji-Nadi-LTE-DL-D!20250827094821,Fiji-Nadi-LTE-DL-D,2025-08-26 23:46:38+02:00,2025-08-26 23:46:39+02:00,1,2,74.77,74.77,70.64,79.82,0,2,0,radio_limited_degradation,normal,151.0,1.0
INC-001089,542020041221088+20250828153519+Fiji-Nadi-LTE-DL-D!20250828151816,Fiji-Nadi-LTE-DL-D,2025-08-28 05:17:50+02:00,2025-08-28 05:17:50+02:00,1,1,74.69,74.69,70.94,79.27,0,1,0,ca_underperformance,ml_quantile_p75_resource_underperformance,455.0,0.0
INC-000900,542020041221088+20250828130244+Fiji-Nadi-LTE-DL-D!20250828130228,Fiji-Nadi-LTE-DL-D,2025-08-28 03:02:16+02:00,2025-08-28 03:02:17+02:00,1,2,74.67,74.67,62.94,89.0,1,1,0,sudden_drop,ml_quantile_p75_resource_underperformance,272.0,1.0
INC-000520,542020041221088+20250827151132+Fiji-Nadi-LTE-DL-D!20250827151053,Fiji-Nadi-LTE-DL-D,2025-08-27 05:10:45+02:00,2025-08-27 05:10:53+02:00,2,5,74.65,74.24000000000001,76.96,72.25,0,5,0,radio_limited_degradation,ml_hgb_strict_causal_temporal_underperformance,114.0,8.0
INC-000361,542020041221088+20250827134247+Fiji-Nadi-LTE-DL-D!20250827130749,Fiji-Nadi-LTE-DL-D,2025-08-27 03:06:01+02:00,2025-08-27 03:06:01+02:00,1,1,74.6,74.6,74.48,74.74,0,1,0,sudden_drop,normal,394.0,0.0
INC-000955,542020041221088+20250828133556+Fiji-Nadi-LTE-DL-D!20250828132602,Fiji-Nadi-LTE-DL-D,2025-08-28 03:24:27+02:00,2025-08-28 03:24:28+02:00,1,2,74.53,74.53,71.92,77.73,0,2,0,rolling_local_drop,normal,253.0,1.0
INC-000351,542020041221088+20250827134107+Fiji-Nadi-LTE-DL-D!20250827130537,Fiji-Nadi-LTE-DL-D,2025-08-27 03:04:10+02:00,2025-08-27 03:04:10+02:00,1,1,74.49,74.49,73.34,75.9,0,1,0,sudden_drop,normal,394.0,0.0
INC-000021,542020041221088+20250827094925+Fiji-Nadi-LTE-DL-D!20250827094611,Fiji-Nadi-LTE-DL-D,2025-08-26 23:45:42+02:00,2025-08-26 23:45:43+02:00,1,2,74.46,74.46,71.77,77.74,0,2,0,rolling_local_drop,normal,151.0,1.0
INC-000678,542020041221088+20250828104747+Fiji-Nadi-LTE-DL-D!20250828104718,Fiji-Nadi-LTE-DL-D,2025-08-28 00:47:09+02:00,2025-08-28 00:47:11+02:00,1,3,74.35,74.35,65.25,85.47,1,2,0,ca_underperformance,normal,163.0,2.0
INC-000605,542020041221088+20250827160834+Fiji-Nadi-LTE-DL-D!20250827160146,Fiji-Nadi-LTE-DL-D,2025-08-27 06:00:04+02:00,2025-08-27 06:00:04+02:00,1,1,74.29,74.29,53.26,100.0,1,0,0,rb_conditioned_underperformance,ml_quantile_p75_resource_underperformance,470.0,0.0
INC-000109,542020041221088+20250827105427+Fiji-Nadi-LTE-DL-D!20250827104733,Fiji-Nadi-LTE-DL-D,2025-08-27 00:45:44+02:00,2025-08-27 00:45:45+02:00,1,2,74.26,74.26,61.19,90.23,1,1,0,rb_conditioned_underperformance,ml_quantile_p75_resource_underperformance,127.0,1.0
INC-001086,542020041221088+20250828144339+Fiji-Nadi-LTE-DL-D!20250828144308,Fiji-Nadi-LTE-DL-D,2025-08-28 04:42:54+02:00,2025-08-28 04:43:02+02:00,2,5,74.22,62.32,73.21,75.46,0,5,0,rb_conditioned_underperformance,normal,356.0,8.0
INC-000158,542020041221088+20250827114050+Fiji-Nadi-LTE-DL-D!20250827111354,Fiji-Nadi-LTE-DL-D,2025-08-27 01:12:01+02:00,2025-08-27 01:12:01+02:00,1,1,74.14,74.14,52.98,100.0,1,0,0,rb_conditioned_underperformance,ml_quantile_p75_resource_underperformance,448.0,0.0
INC-000474,542020041221088+20250827141110+Fiji-Nadi-LTE-DL-D!20250827140445,Fiji-Nadi-LTE-DL-D,2025-08-27 04:02:43+02:00,2025-08-27 04:02:43+02:00,1,1,74.07,74.07,52.86,100.0,1,0,0,rb_conditioned_underperformance,ml_quantile_p75_resource_underperformance,124.0,0.0
INC-000910,542020041221088+20250828131435+Fiji-Nadi-LTE-DL-D!20250828131128,Fiji-Nadi-LTE-DL-D,2025-08-28 03:09:38+02:00,2025-08-28 03:09:40+02:00,1,3,74.04,74.04,73.01,75.31,0,3,0,radio_limited_degradation,normal,254.0,2.0
INC-000114,542020041221088+20250827105427+Fiji-Nadi-LTE-DL-D!20250827104733,Fiji-Nadi-LTE-DL-D,2025-08-27 00:46:49+02:00,2025-08-27 00:46:51+02:00,1,3,73.95,73.95,71.31,77.17,0,3,0,radio_limited_degradation,normal,128.0,2.0
INC-001096,542020041221088+20250828153922+Fiji-Nadi-LTE-DL-D!20250828152928,Fiji-Nadi-LTE-DL-D,2025-08-28 05:27:32+02:00,2025-08-28 05:27:37+02:00,1,6,73.94,73.94,80.35,66.1,0,6,0,radio_limited_degradation,normal,454.0,5.0
INC-000209,542020041221088+20250827122555+Fiji-Nadi-LTE-DL-D!20250827113546,Fiji-Nadi-LTE-DL-D,2025-08-27 01:34:37+02:00,2025-08-27 01:34:38+02:00,1,2,73.87,73.87,52.49,100.0,2,0,0,rb_conditioned_underperformance,ml_quantile_p75_resource_underperformance,394.0,1.0
INC-000101,542020041221088+20250827104707+Fiji-Nadi-LTE-DL-D!20250827104518,Fiji-Nadi-LTE-DL-D,2025-08-27 00:44:06+02:00,2025-08-27 00:44:07+02:00,1,2,73.86,73.86,76.1,71.12,0,2,0,radio_limited_degradation,normal,431.0,1.0
INC-000953,542020041221088+20250828133115+Fiji-Nadi-LTE-DL-D!20250828132346,Fiji-Nadi-LTE-DL-D,2025-08-28 03:23:16+02:00,2025-08-28 03:23:16+02:00,1,1,73.85,73.85,52.45,100.0,1,0,0,rb_conditioned_underperformance,ml_quantile_p75_resource_underperformance,254.0,0.0
INC-000258,542020041221088+20250827123858+Fiji-Nadi-LTE-DL-D!20250827115524,Fiji-Nadi-LTE-DL-D,2025-08-27 01:54:21+02:00,2025-08-27 01:54:21+02:00,1,1,73.77,73.77,72.8,74.94,0,1,0,radio_limited_degradation,normal,156.0,0.0
INC-000054,542020041221088+20250827100345+Fiji-Nadi-LTE-DL-D!20250827100319,Fiji-Nadi-LTE-DL-D,2025-08-27 00:02:23+02:00,2025-08-27 00:02:25+02:00,1,3,73.7,73.7,64.57,84.85,1,2,0,ca_underperformance,normal,148.0,2.0
INC-000201,542020041221088+20250827122335+Fiji-Nadi-LTE-DL-D!20250827113336,Fiji-Nadi-LTE-DL-D,2025-08-27 01:31:59+02:00,2025-08-27 01:31:59+02:00,1,1,73.62,73.62,69.92,78.15,0,1,0,sudden_drop,normal,394.0,0.0
INC-000735,542020041221088+20250828114952+Fiji-Nadi-LTE-DL-D!20250828112430,Fiji-Nadi-LTE-DL-D,2025-08-28 01:23:22+02:00,2025-08-28 01:23:25+02:00,1,4,73.57,73.57,76.11,70.48,0,4,0,rolling_local_drop,normal,375.0,3.0
INC-001001,542020041221088+20250828135857+Fiji-Nadi-LTE-DL-D!20250828135526,Fiji-Nadi-LTE-DL-D,2025-08-28 03:54:23+02:00,2025-08-28 03:54:23+02:00,1,1,73.53,73.53,51.88,100.0,1,0,0,rb_conditioned_underperformance,ml_quantile_p75_resource_underperformance,140.0,0.0
INC-000488,542020041221088+20250827141150+Fiji-Nadi-LTE-DL-D!20250827140658,Fiji-Nadi-LTE-DL-D,2025-08-27 04:06:15+02:00,2025-08-27 04:06:20+02:00,1,6,73.5,73.5,86.81,57.23,0,6,0,radio_limited_degradation,normal,125.0,5.0
INC-000817,542020041221088+20250828123823+Fiji-Nadi-LTE-DL-D!20250828123754,Fiji-Nadi-LTE-DL-D,2025-08-28 02:36:04+02:00,2025-08-28 02:36:07+02:00,1,4,73.33,73.33,65.14,83.34,1,3,0,rolling_local_drop,normal,313.0,3.0
INC-000858,542020041221088+20250828125203+Fiji-Nadi-LTE-DL-D!20250828125121,Fiji-Nadi-LTE-DL-D,2025-08-28 02:49:20+02:00,2025-08-28 02:49:28+02:00,2,5,73.24,69.455,76.08,69.77,0,5,0,ca_underperformance,ml_quantile_p75_resource_underperformance,167.0,8.0
INC-000134,542020041221088+20250827110227+Fiji-Nadi-LTE-DL-D!20250827105156,Fiji-Nadi-LTE-DL-D,2025-08-27 00:51:54+02:00,2025-08-27 00:51:56+02:00,1,3,73.23,73.23,65.28,82.95,1,2,0,rb_conditioned_underperformance,normal,210.0,2.0
INC-000191,542020041221088+20250827122034+Fiji-Nadi-LTE-DL-D!20250827113125,Fiji-Nadi-LTE-DL-D,2025-08-27 01:30:19+02:00,2025-08-27 01:30:20+02:00,1,2,73.11,73.11,61.88,86.83,1,1,0,ca_underperformance,ml_quantile_p75_resource_underperformance,394.0,1.0
INC-000597,542020041221088+20250827160414+Fiji-Nadi-LTE-DL-D!20250827155722,Fiji-Nadi-LTE-DL-D,2025-08-27 05:55:19+02:00,2025-08-27 05:55:19+02:00,1,1,73.1,73.1,51.08,100.0,1,0,0,rb_conditioned_underperformance,ml_quantile_p75_resource_underperformance,430.0,0.0
INC-000681,542020041221088+20250828105007+Fiji-Nadi-LTE-DL-D!20250828104930,Fiji-Nadi-LTE-DL-D,2025-08-28 00:47:42+02:00,2025-08-28 00:47:44+02:00,1,3,73.07,73.07,65.92,81.8,1,2,0,rb_conditioned_underperformance,normal,163.0,2.0
INC-000430,542020041221088+20250827135949+Fiji-Nadi-LTE-DL-D!20250827134144,Fiji-Nadi-LTE-DL-D,2025-08-27 03:40:44+02:00,2025-08-27 03:40:46+02:00,1,3,73.02,73.02,73.35,72.62,0,3,0,radio_limited_degradation,normal,135.0,2.0
INC-000443,542020041221088+20250827140349+Fiji-Nadi-LTE-DL-D!20250827135601,Fiji-Nadi-LTE-DL-D,2025-08-27 03:54:00+02:00,2025-08-27 03:54:19+02:00,3,16,72.85,70.76666666666667,83.0,67.64,0,16,0,radio_limited_degradation,normal,123.0,19.0
INC-000274,542020041221088+20250827131243+Fiji-Nadi-LTE-DL-D!20250827120629,Fiji-Nadi-LTE-DL-D,2025-08-27 02:04:27+02:00,2025-08-27 02:04:27+02:00,1,1,72.82,72.82,50.58,100.0,1,0,0,rb_conditioned_underperformance,ml_quantile_p75_resource_underperformance,158.0,0.0
INC-000593,542020041221088+20250827155853+Fiji-Nadi-LTE-DL-D!20250827154409,Fiji-Nadi-LTE-DL-D,2025-08-27 05:42:50+02:00,2025-08-27 05:42:50+02:00,1,1,72.82,72.82,76.1,68.81,0,1,0,ca_underperformance,normal,49.0,0.0
INC-000244,542020041221088+20250827123437+Fiji-Nadi-LTE-DL-D!20250827114425,Fiji-Nadi-LTE-DL-D,2025-08-27 01:43:36+02:00,2025-08-27 01:43:43+02:00,1,8,72.78,72.78,86.08,56.53,0,8,0,radio_limited_degradation,normal,140.0,7.0
INC-000891,542020041221088+20250828130044+Fiji-Nadi-LTE-DL-D!20250828130012,Fiji-Nadi-LTE-DL-D,2025-08-28 02:59:42+02:00,2025-08-28 02:59:42+02:00,1,1,72.77,72.77,50.48,100.0,1,0,0,rb_conditioned_underperformance,ml_quantile_p75_resource_underperformance,275.0,0.0
INC-000384,542020041221088+20250827134607+Fiji-Nadi-LTE-DL-D!20250827131425,Fiji-Nadi-LTE-DL-D,2025-08-27 03:13:19+02:00,2025-08-27 03:13:21+02:00,1,3,72.66,72.66,62.78,84.73,1,2,0,radio_limited_degradation,normal,339.0,2.0
INC-000484,542020041221088+20250827141150+Fiji-Nadi-LTE-DL-D!20250827140658,Fiji-Nadi-LTE-DL-D,2025-08-27 04:05:14+02:00,2025-08-27 04:05:14+02:00,1,1,72.63,72.63,50.24,100.0,1,0,0,rb_conditioned_underperformance,ml_quantile_p75_resource_underperformance,125.0,0.0
INC-000871,542020041221088+20250828125404+Fiji-Nadi-LTE-DL-D!20250828125334,Fiji-Nadi-LTE-DL-D,2025-08-28 02:51:59+02:00,2025-08-28 02:52:06+02:00,3,6,72.58,69.52666666666666,79.28,64.39,0,6,0,radio_limited_degradation,normal,167.0,7.0
INC-000290,542020041221088+20250827131624+Fiji-Nadi-LTE-DL-D!20250827121056,Fiji-Nadi-LTE-DL-D,2025-08-27 02:10:32+02:00,2025-08-27 02:10:38+02:00,1,7,72.54,72.54,88.93,52.5,0,7,0,radio_limited_degradation,normal,151.0,6.0
INC-000672,542020041221088+20250828104547+Fiji-Nadi-LTE-DL-D!20250828104505,Fiji-Nadi-LTE-DL-D,2025-08-28 00:44:54+02:00,2025-08-28 00:44:54+02:00,1,1,72.51,72.51,50.02,100.0,1,0,0,rb_conditioned_underperformance,ml_quantile_p75_resource_underperformance,312.0,0.0
INC-000100,542020041221088+20250827104707+Fiji-Nadi-LTE-DL-D!20250827104518,Fiji-Nadi-LTE-DL-D,2025-08-27 00:43:53+02:00,2025-08-27 00:43:53+02:00,1,1,72.48,72.48,68.57,77.27,0,1,0,sudden_drop,normal,431.0,0.0
INC-000259,542020041221088+20250827123858+Fiji-Nadi-LTE-DL-D!20250827115524,Fiji-Nadi-LTE-DL-D,2025-08-27 01:54:27+02:00,2025-08-27 01:54:28+02:00,1,2,72.45,72.45,69.68,75.84,0,2,0,rb_conditioned_underperformance,ml_quantile_p75_resource_underperformance,156.0,1.0
INC-000356,542020041221088+20250827134107+Fiji-Nadi-LTE-DL-D!20250827130537,Fiji-Nadi-LTE-DL-D,2025-08-27 03:04:56+02:00,2025-08-27 03:04:57+02:00,1,2,72.36,72.36,80.54,62.36,0,2,0,radio_limited_degradation,normal,395.0,1.0
INC-000926,542020041221088+20250828132455+Fiji-Nadi-LTE-DL-D!20250828131658,Fiji-Nadi-LTE-DL-D,2025-08-28 03:15:28+02:00,2025-08-28 03:15:28+02:00,1,1,72.36,72.36,68.47,77.12,0,1,0,sudden_drop,normal,254.0,0.0
INC-000974,542020041221088+20250828134116+Fiji-Nadi-LTE-DL-D!20250828133502,Fiji-Nadi-LTE-DL-D,2025-08-28 03:33:52+02:00,2025-08-28 03:33:52+02:00,1,1,72.36,72.36,49.74,100.0,1,0,0,rb_conditioned_underperformance,ml_quantile_p75_resource_underperformance,253.0,0.0
INC-000663,542020041221088+20250828103907+Fiji-Nadi-LTE-DL-D!20250828103834,Fiji-Nadi-LTE-DL-D,2025-08-28 00:38:29+02:00,2025-08-28 00:38:32+02:00,1,4,72.35,72.35,77.33,66.28,0,4,0,radio_limited_degradation,normal,320.0,3.0
INC-000467,542020041221088+20250827140850+Fiji-Nadi-LTE-DL-D!20250827140234,Fiji-Nadi-LTE-DL-D,2025-08-27 04:01:13+02:00,2025-08-27 04:01:13+02:00,1,1,72.31,72.31,67.46,78.23,0,1,0,sudden_drop,normal,124.0,0.0
INC-000015,542020041221088+20250827094925+Fiji-Nadi-LTE-DL-D!20250827094611,Fiji-Nadi-LTE-DL-D,2025-08-26 23:44:47+02:00,2025-08-26 23:44:48+02:00,1,2,72.29,72.29,66.56,79.29,0,2,0,radio_limited_degradation,normal,151.0,1.0
INC-000153,542020041221088+20250827112649+Fiji-Nadi-LTE-DL-D!20250827110516,Fiji-Nadi-LTE-DL-D,2025-08-27 01:03:59+02:00,2025-08-27 01:03:59+02:00,1,1,72.18,72.18,65.21,80.69,0,1,0,ca_underperformance,ml_severe_quantile_p75_resource_underperformance,108.0,0.0
INC-000018,542020041221088+20250827094925+Fiji-Nadi-LTE-DL-D!20250827094611,Fiji-Nadi-LTE-DL-D,2025-08-26 23:45:18+02:00,2025-08-26 23:45:19+02:00,1,2,72.13,72.13,71.49,72.9,0,2,0,rolling_local_drop,normal,151.0,1.0
INC-000185,542020041221088+20250827121333+Fiji-Nadi-LTE-DL-D!20250827112914,Fiji-Nadi-LTE-DL-D,2025-08-27 01:28:58+02:00,2025-08-27 01:29:00+02:00,1,3,72.06,72.06,72.68,71.3,0,3,0,radio_limited_degradation,normal,321.0,2.0
INC-000261,542020041221088+20250827123858+Fiji-Nadi-LTE-DL-D!20250827115524,Fiji-Nadi-LTE-DL-D,2025-08-27 01:54:43+02:00,2025-08-27 01:54:45+02:00,1,3,72.0,72.0,71.64,72.44,0,3,0,radio_limited_degradation,normal,156.0,2.0
INC-000233,542020041221088+20250827123337+Fiji-Nadi-LTE-DL-D!20250827114216,Fiji-Nadi-LTE-DL-D,2025-08-27 01:42:02+02:00,2025-08-27 01:42:07+02:00,1,6,71.96,71.96,85.07,55.94,0,6,0,radio_limited_degradation,normal,363.0,5.0
INC-000289,542020041221088+20250827131624+Fiji-Nadi-LTE-DL-D!20250827121056,Fiji-Nadi-LTE-DL-D,2025-08-27 02:10:24+02:00,2025-08-27 02:10:27+02:00,1,4,71.95,71.95,80.69,61.26,0,4,0,radio_limited_degradation,normal,363.0,3.0
INC-000473,542020041221088+20250827140850+Fiji-Nadi-LTE-DL-D!20250827140234,Fiji-Nadi-LTE-DL-D,2025-08-27 04:02:29+02:00,2025-08-27 04:02:29+02:00,1,1,71.91,71.91,64.55,80.89,0,1,0,sudden_drop,normal,124.0,0.0
INC-000255,542020041221088+20250827123738+Fiji-Nadi-LTE-DL-D!20250827115101,Fiji-Nadi-LTE-DL-D,2025-08-27 01:49:12+02:00,2025-08-27 01:49:12+02:00,1,1,71.78,71.78,48.68,100.0,1,0,0,sudden_drop,ml_hgb_strict_causal_temporal_underperformance,157.0,0.0
INC-000124,542020041221088+20250827110227+Fiji-Nadi-LTE-DL-D!20250827105156,Fiji-Nadi-LTE-DL-D,2025-08-27 00:49:53+02:00,2025-08-27 00:49:53+02:00,1,1,71.77,71.77,69.08,75.05,0,1,0,ca_underperformance,ml_quantile_p75_resource_underperformance,348.0,0.0
INC-000146,542020041221088+20250827112048+Fiji-Nadi-LTE-DL-D!20250827110300,Fiji-Nadi-LTE-DL-D,2025-08-27 01:00:57+02:00,2025-08-27 01:00:57+02:00,1,1,71.71,71.71,48.57,100.0,1,0,0,rb_conditioned_underperformance,ml_quantile_p75_resource_underperformance,333.0,0.0
INC-001084,542020041221088+20250828144319+Fiji-Nadi-LTE-DL-D!20250828144243,Fiji-Nadi-LTE-DL-D,2025-08-28 04:42:29+02:00,2025-08-28 04:42:29+02:00,1,1,71.62,71.62,56.69,89.87,1,0,0,rb_conditioned_underperformance,ml_quantile_p75_resource_underperformance,356.0,0.0
INC-000137,542020041221088+20250827110647+Fiji-Nadi-LTE-DL-D!20250827105407,Fiji-Nadi-LTE-DL-D,2025-08-27 00:52:36+02:00,2025-08-27 00:52:36+02:00,1,1,71.57,71.57,71.92,71.15,0,1,0,ca_underperformance,normal,212.0,0.0
INC-000243,542020041221088+20250827123437+Fiji-Nadi-LTE-DL-D!20250827114425,Fiji-Nadi-LTE-DL-D,2025-08-27 01:43:26+02:00,2025-08-27 01:43:30+02:00,1,5,71.55,71.55,86.47,53.31,0,5,0,radio_limited_degradation,normal,138.0,4.0
INC-000529,542020041221088+20250827151332+Fiji-Nadi-LTE-DL-D!20250827151309,Fiji-Nadi-LTE-DL-D,2025-08-27 05:12:22+02:00,2025-08-27 05:12:22+02:00,1,1,71.55,71.55,50.12,97.74,1,0,0,rb_conditioned_underperformance,ml_hgb_strict_causal_temporal_underperformance,115.0,0.0
INC-000515,542020041221088+20250827151132+Fiji-Nadi-LTE-DL-D!20250827151053,Fiji-Nadi-LTE-DL-D,2025-08-27 05:09:25+02:00,2025-08-27 05:09:27+02:00,1,3,71.44,71.44,63.48,81.16,1,2,0,radio_p75_underperformance,normal,115.0,2.0
INC-000796,542020041221088+20250828122802+Fiji-Nadi-LTE-DL-D!20250828122423,Fiji-Nadi-LTE-DL-D,2025-08-28 02:22:40+02:00,2025-08-28 02:22:42+02:00,1,3,71.43,71.43,67.37,76.39,0,3,0,radio_limited_degradation,normal,180.0,2.0
INC-001047,542020041221088+20250828141618+Fiji-Nadi-LTE-DL-D!20250828141538,Fiji-Nadi-LTE-DL-D,2025-08-28 04:13:37+02:00,2025-08-28 04:13:38+02:00,1,2,71.43,71.43,57.93,87.94,1,1,0,ca_underperformance,ml_quantile_p75_resource_underperformance,179.0,1.0
INC-000305,542020041221088+20250827131704+Fiji-Nadi-LTE-DL-D!20250827121308,Fiji-Nadi-LTE-DL-D,2025-08-27 02:12:47+02:00,2025-08-27 02:12:51+02:00,1,5,71.31,71.31,85.38,54.11,0,5,0,radio_limited_degradation,normal,146.0,4.0
INC-000630,542020041221088+20250828102346+Fiji-Nadi-LTE-DL-D!20250828102312,Fiji-Nadi-LTE-DL-D,2025-08-28 00:21:43+02:00,2025-08-28 00:21:44+02:00,1,2,71.2,71.2,70.76,71.73,0,2,0,ca_underperformance,ml_quantile_p75_resource_underperformance,338.0,1.0
INC-000799,542020041221088+20250828123202+Fiji-Nadi-LTE-DL-D!20250828122853,Fiji-Nadi-LTE-DL-D,2025-08-28 02:27:02+02:00,2025-08-28 02:27:04+02:00,1,3,71.19,71.19,74.58,67.05,0,3,0,ca_underperformance,normal,354.0,2.0
INC-000541,542020041221088+20250827151552+Fiji-Nadi-LTE-DL-D!20250827151524,Fiji-Nadi-LTE-DL-D,2025-08-27 05:15:13+02:00,2025-08-27 05:15:13+02:00,1,1,71.18,71.18,71.0,71.4,0,1,0,rb_efficiency_underperformance,normal,487.0,0.0
INC-000689,542020041221088+20250828105007+Fiji-Nadi-LTE-DL-D!20250828104930,Fiji-Nadi-LTE-DL-D,2025-08-28 00:49:19+02:00,2025-08-28 00:49:19+02:00,1,1,71.17,71.17,79.32,61.2,0,1,0,sudden_drop,normal,163.0,0.0
INC-000493,542020041221088+20250827141150+Fiji-Nadi-LTE-DL-D!20250827140658,Fiji-Nadi-LTE-DL-D,2025-08-27 04:06:52+02:00,2025-08-27 04:06:58+02:00,1,7,71.1,71.1,82.38,57.31,0,7,0,radio_limited_degradation,normal,122.0,6.0
INC-000246,542020041221088+20250827123517+Fiji-Nadi-LTE-DL-D!20250827114634,Fiji-Nadi-LTE-DL-D,2025-08-27 01:44:54+02:00,2025-08-27 01:45:06+02:00,2,11,71.02,68.615,88.7,49.4,0,11,0,radio_limited_degradation,normal,138.0,12.0
INC-000360,542020041221088+20250827134247+Fiji-Nadi-LTE-DL-D!20250827130749,Fiji-Nadi-LTE-DL-D,2025-08-27 03:05:53+02:00,2025-08-27 03:05:54+02:00,1,2,70.91,70.91,55.12,90.21,1,1,0,rb_conditioned_underperformance,ml_hgb_strict_causal_temporal_underperformance,394.0,1.0
INC-000423,542020041221088+20250827135649+Fiji-Nadi-LTE-DL-D!20250827133934,Fiji-Nadi-LTE-DL-D,2025-08-27 03:39:13+02:00,2025-08-27 03:39:14+02:00,1,2,70.91,70.91,54.12,91.44,1,1,0,radio_limited_degradation,ml_quantile_p75_resource_underperformance,137.0,1.0
INC-001022,542020041221088+20250828140457+Fiji-Nadi-LTE-DL-D!20250828140425,Fiji-Nadi-LTE-DL-D,2025-08-28 04:02:58+02:00,2025-08-28 04:02:59+02:00,1,2,70.81,70.81,67.49,74.85,0,2,0,ca_underperformance,ml_quantile_p75_resource_underperformance,139.0,1.0
INC-000463,542020041221088+20250827140810+Fiji-Nadi-LTE-DL-D!20250827140022,Fiji-Nadi-LTE-DL-D,2025-08-27 04:00:21+02:00,2025-08-27 04:00:22+02:00,1,2,70.77,70.77,65.66,77.01,0,2,0,radio_limited_degradation,normal,124.0,1.0
INC-000946,542020041221088+20250828132735+Fiji-Nadi-LTE-DL-D!20250828132130,Fiji-Nadi-LTE-DL-D,2025-08-28 03:20:46+02:00,2025-08-28 03:20:48+02:00,1,3,70.75,70.75,70.58,70.95,0,3,0,sudden_drop,normal,234.0,2.0
INC-000641,542020041221088+20250828102746+Fiji-Nadi-LTE-DL-D!20250828102524,Fiji-Nadi-LTE-DL-D,2025-08-28 00:24:13+02:00,2025-08-28 00:24:16+02:00,1,4,70.71,70.71,70.58,70.86,0,4,0,radio_limited_degradation,normal,338.0,3.0
INC-000295,542020041221088+20250827131704+Fiji-Nadi-LTE-DL-D!20250827121308,Fiji-Nadi-LTE-DL-D,2025-08-27 02:11:42+02:00,2025-08-27 02:11:46+02:00,2,4,70.69,60.72,79.05,60.47,0,4,0,ca_underperformance,normal,363.0,4.0
INC-000798,542020041221088+20250828123202+Fiji-Nadi-LTE-DL-D!20250828122853,Fiji-Nadi-LTE-DL-D,2025-08-28 02:26:53+02:00,2025-08-28 02:26:53+02:00,1,1,70.69,70.69,65.01,77.63,0,1,0,ca_underperformance,ml_quantile_p75_resource_underperformance,347.0,0.0
INC-000177,542020041221088+20250827115912+Fiji-Nadi-LTE-DL-D!20250827112451,Fiji-Nadi-LTE-DL-D,2025-08-27 01:24:04+02:00,2025-08-27 01:24:05+02:00,1,2,70.68,70.68,56.17,88.41,1,1,0,rb_conditioned_underperformance,ml_quantile_p75_resource_underperformance,123.0,1.0
INC-000262,542020041221088+20250827123858+Fiji-Nadi-LTE-DL-D!20250827115524,Fiji-Nadi-LTE-DL-D,2025-08-27 01:54:53+02:00,2025-08-27 01:54:54+02:00,1,2,70.64,70.64,68.15,73.68,0,2,0,radio_limited_degradation,normal,156.0,1.0
INC-000633,542020041221088+20250828102346+Fiji-Nadi-LTE-DL-D!20250828102312,Fiji-Nadi-LTE-DL-D,2025-08-28 00:22:24+02:00,2025-08-28 00:22:27+02:00,1,4,70.62,70.62,77.38,62.36,0,4,0,radio_limited_degradation,normal,338.0,3.0
INC-000927,542020041221088+20250828132455+Fiji-Nadi-LTE-DL-D!20250828131658,Fiji-Nadi-LTE-DL-D,2025-08-28 03:15:34+02:00,2025-08-28 03:15:35+02:00,1,2,70.6,70.6,67.14,74.82,0,2,0,radio_limited_degradation,normal,254.0,1.0
INC-000539,542020041221088+20250827151552+Fiji-Nadi-LTE-DL-D!20250827151524,Fiji-Nadi-LTE-DL-D,2025-08-27 05:14:51+02:00,2025-08-27 05:14:52+02:00,1,2,70.55,70.55,55.18,89.35,1,1,0,rb_conditioned_underperformance,ml_quantile_p75_resource_underperformance,50.0,1.0
INC-000621,542020041221088+20250827161234+Fiji-Nadi-LTE-DL-D!20250827161029,Fiji-Nadi-LTE-DL-D,2025-08-27 06:08:49+02:00,2025-08-27 06:08:57+02:00,2,7,70.53,66.3,83.02,57.25,0,7,0,radio_limited_degradation,normal,395.0,8.0
INC-000282,542020041221088+20250827131523+Fiji-Nadi-LTE-DL-D!20250827120845,Fiji-Nadi-LTE-DL-D,2025-08-27 02:07:52+02:00,2025-08-27 02:07:56+02:00,1,5,70.53,70.53,84.35,53.64,0,5,0,rb_efficiency_underperformance,normal,138.0,4.0
INC-000151,542020041221088+20250827112649+Fiji-Nadi-LTE-DL-D!20250827110516,Fiji-Nadi-LTE-DL-D,2025-08-27 01:03:37+02:00,2025-08-27 01:03:44+02:00,1,8,70.49,70.49,79.9,58.98,0,8,0,radio_limited_degradation,normal,82.0,7.0
INC-000106,542020041221088+20250827104707+Fiji-Nadi-LTE-DL-D!20250827104518,Fiji-Nadi-LTE-DL-D,2025-08-27 00:45:06+02:00,2025-08-27 00:45:07+02:00,1,2,70.48,70.48,69.04,72.23,0,2,0,rolling_local_drop,normal,127.0,1.0
INC-000869,542020041221088+20250828125404+Fiji-Nadi-LTE-DL-D!20250828125334,Fiji-Nadi-LTE-DL-D,2025-08-28 02:51:43+02:00,2025-08-28 02:51:43+02:00,1,1,70.47,70.47,70.37,70.58,0,1,0,rb_efficiency_underperformance,ml_quantile_p75_resource_underperformance,167.0,0.0
INC-000412,542020041221088+20250827135549+Fiji-Nadi-LTE-DL-D!20250827133724,Fiji-Nadi-LTE-DL-D,2025-08-27 03:35:30+02:00,2025-08-27 03:35:31+02:00,1,2,70.46,70.46,65.57,76.45,0,2,0,rolling_local_drop,normal,132.0,1.0
INC-000485,542020041221088+20250827141150+Fiji-Nadi-LTE-DL-D!20250827140658,Fiji-Nadi-LTE-DL-D,2025-08-27 04:05:20+02:00,2025-08-27 04:05:21+02:00,1,2,70.42,70.42,69.28,71.81,0,2,0,radio_limited_degradation,normal,125.0,1.0
INC-000950,542020041221088+20250828133115+Fiji-Nadi-LTE-DL-D!20250828132346,Fiji-Nadi-LTE-DL-D,2025-08-28 03:22:26+02:00,2025-08-28 03:22:27+02:00,1,2,70.41,70.41,53.64,90.91,1,1,0,rb_conditioned_underperformance,ml_quantile_p75_resource_underperformance,231.0,1.0
INC-000254,542020041221088+20250827123738+Fiji-Nadi-LTE-DL-D!20250827115101,Fiji-Nadi-LTE-DL-D,2025-08-27 01:49:05+02:00,2025-08-27 01:49:05+02:00,1,1,70.39,70.39,46.17,100.0,1,0,0,rb_conditioned_underperformance,ml_hgb_strict_causal_temporal_underperformance,157.0,0.0
INC-000867,542020041221088+20250828125203+Fiji-Nadi-LTE-DL-D!20250828125121,Fiji-Nadi-LTE-DL-D,2025-08-28 02:51:03+02:00,2025-08-28 02:51:03+02:00,1,1,70.39,70.39,79.0,59.87,0,1,0,radio_limited_degradation,normal,275.0,0.0
INC-000604,542020041221088+20250827160614+Fiji-Nadi-LTE-DL-D!20250827155934,Fiji-Nadi-LTE-DL-D,2025-08-27 05:57:56+02:00,2025-08-27 05:58:01+02:00,1,6,70.38,70.38,78.49,60.46,0,6,0,rb_efficiency_underperformance,normal,148.0,5.0
INC-000089,542020041221088+20250827103926+Fiji-Nadi-LTE-DL-D!20250827103843,Fiji-Nadi-LTE-DL-D,2025-08-27 00:37:17+02:00,2025-08-27 00:37:25+02:00,1,9,70.37,70.37,91.98,43.96,0,9,0,radio_limited_degradation,normal,148.0,8.0
INC-000729,542020041221088+20250828114552+Fiji-Nadi-LTE-DL-D!20250828111754,Fiji-Nadi-LTE-DL-D,2025-08-28 01:15:52+02:00,2025-08-28 01:15:52+02:00,1,1,70.36,70.36,67.66,73.65,0,1,0,rb_efficiency_underperformance,ml_quantile_p75_resource_underperformance,349.0,0.0
INC-000518,542020041221088+20250827151132+Fiji-Nadi-LTE-DL-D!20250827151053,Fiji-Nadi-LTE-DL-D,2025-08-27 05:10:29+02:00,2025-08-27 05:10:29+02:00,1,1,70.35,70.35,68.27,72.9,0,1,0,sudden_drop,normal,114.0,0.0
INC-000005,542020041221088+20250827094505+Fiji-Nadi-LTE-DL-D!20250827094151,Fiji-Nadi-LTE-DL-D,2025-08-26 23:40:01+02:00,2025-08-26 23:40:01+02:00,1,1,70.32,70.32,47.41,98.33,1,0,0,ca_underperformance,ml_quantile_p75_resource_underperformance,288.0,0.0
INC-000004,542020041221088+20250827094505+Fiji-Nadi-LTE-DL-D!20250827094151,Fiji-Nadi-LTE-DL-D,2025-08-26 23:39:49+02:00,2025-08-26 23:39:50+02:00,1,2,70.29,70.29,58.01,85.3,1,1,0,ca_underperformance,ml_quantile_p75_resource_underperformance,288.0,1.0
INC-000447,542020041221088+20250827140609+Fiji-Nadi-LTE-DL-D!20250827135810,Fiji-Nadi-LTE-DL-D,2025-08-27 03:56:24+02:00,2025-08-27 03:56:25+02:00,1,2,70.22,70.22,65.99,75.38,0,2,0,rolling_local_drop,normal,123.0,1.0
INC-000944,542020041221088+20250828132735+Fiji-Nadi-LTE-DL-D!20250828132130,Fiji-Nadi-LTE-DL-D,2025-08-28 03:20:20+02:00,2025-08-28 03:20:23+02:00,1,4,70.21,70.21,76.72,62.24,0,4,0,radio_limited_degradation,normal,250.0,3.0
INC-000385,542020041221088+20250827134607+Fiji-Nadi-LTE-DL-D!20250827131425,Fiji-Nadi-LTE-DL-D,2025-08-27 03:13:34+02:00,2025-08-27 03:13:44+02:00,2,10,70.15,69.485,82.78,61.17,0,10,0,radio_limited_degradation,normal,339.0,10.0
INC-000802,542020041221088+20250828123522+Fiji-Nadi-LTE-DL-D!20250828123323,Fiji-Nadi-LTE-DL-D,2025-08-28 02:31:21+02:00,2025-08-28 02:31:21+02:00,1,1,70.14,70.14,62.3,79.71,0,1,0,ca_underperformance,ml_severe_quantile_p75_resource_underperformance,354.0,0.0
INC-000066,542020041221088+20250827102346+Fiji-Nadi-LTE-DL-D!20250827102142,Fiji-Nadi-LTE-DL-D,2025-08-27 00:20:24+02:00,2025-08-27 00:20:25+02:00,1,2,70.13,70.13,56.27,87.07,1,1,0,radio_p75_underperformance,ml_quantile_p75_resource_underperformance,145.0,1.0
INC-000230,542020041221088+20250827123337+Fiji-Nadi-LTE-DL-D!20250827114216,Fiji-Nadi-LTE-DL-D,2025-08-27 01:41:06+02:00,2025-08-27 01:41:13+02:00,1,8,70.11,70.11,91.05,44.53,0,8,0,radio_limited_degradation,normal,146.0,7.0
INC-000108,542020041221088+20250827105427+Fiji-Nadi-LTE-DL-D!20250827104733,Fiji-Nadi-LTE-DL-D,2025-08-27 00:45:33+02:00,2025-08-27 00:45:34+02:00,1,2,70.11,70.11,67.66,73.1,0,2,0,radio_limited_degradation,normal,127.0,1.0
INC-000530,542020041221088+20250827151332+Fiji-Nadi-LTE-DL-D!20250827151309,Fiji-Nadi-LTE-DL-D,2025-08-27 05:12:30+02:00,2025-08-27 05:12:30+02:00,1,1,70.1,70.1,64.06,77.48,0,1,0,sudden_drop,normal,115.0,0.0
INC-000252,542020041221088+20250827123638+Fiji-Nadi-LTE-DL-D!20250827114845,Fiji-Nadi-LTE-DL-D,2025-08-27 01:48:28+02:00,2025-08-27 01:48:45+02:00,4,9,70.09,64.6875,77.27,61.32,0,9,0,radio_limited_degradation,normal,158.0,17.0
INC-000911,542020041221088+20250828131435+Fiji-Nadi-LTE-DL-D!20250828131128,Fiji-Nadi-LTE-DL-D,2025-08-28 03:09:54+02:00,2025-08-28 03:09:55+02:00,1,2,70.08,70.08,76.4,62.36,0,2,0,radio_limited_degradation,normal,254.0,1.0
INC-000533,542020041221088+20250827151332+Fiji-Nadi-LTE-DL-D!20250827151309,Fiji-Nadi-LTE-DL-D,2025-08-27 05:12:59+02:00,2025-08-27 05:12:59+02:00,1,1,70.05,70.05,69.08,71.25,0,1,0,sudden_drop,normal,115.0,0.0
INC-000866,542020041221088+20250828125203+Fiji-Nadi-LTE-DL-D!20250828125121,Fiji-Nadi-LTE-DL-D,2025-08-28 02:50:55+02:00,2025-08-28 02:50:59+02:00,2,3,69.98,68.075,77.19,65.22,0,3,0,radio_limited_degradation,normal,167.0,4.0
INC-000315,542020041221088+20250827132625+Fiji-Nadi-LTE-DL-D!20250827122623,Fiji-Nadi-LTE-DL-D,2025-08-27 02:26:00+02:00,2025-08-27 02:26:03+02:00,1,4,69.97,69.97,76.32,62.2,0,4,0,radio_limited_degradation,normal,149.0,3.0
INC-000324,542020041221088+20250827133105+Fiji-Nadi-LTE-DL-D!20250827124329,Fiji-Nadi-LTE-DL-D,2025-08-27 02:42:53+02:00,2025-08-27 02:42:55+02:00,1,3,69.92,69.92,76.07,62.4,0,3,0,radio_limited_degradation,normal,144.0,2.0
INC-000519,542020041221088+20250827151132+Fiji-Nadi-LTE-DL-D!20250827151053,Fiji-Nadi-LTE-DL-D,2025-08-27 05:10:37+02:00,2025-08-27 05:10:38+02:00,1,2,69.89,69.89,73.02,66.06,0,2,0,radio_limited_degradation,normal,114.0,1.0
INC-000312,542020041221088+20250827132304+Fiji-Nadi-LTE-DL-D!20250827122156,Fiji-Nadi-LTE-DL-D,2025-08-27 02:21:33+02:00,2025-08-27 02:21:33+02:00,1,1,69.89,69.89,45.26,100.0,1,0,0,ca_underperformance,ml_quantile_p75_resource_underperformance,144.0,0.0
INC-000626,542020041221088+20250827161234+Fiji-Nadi-LTE-DL-D!20250827161029,Fiji-Nadi-LTE-DL-D,2025-08-27 06:10:14+02:00,2025-08-27 06:10:15+02:00,1,2,69.88,69.88,77.9,60.08,0,2,0,ca_underperformance,normal,469.0,1.0
INC-001030,542020041221088+20250828140718+Fiji-Nadi-LTE-DL-D!20250828140641,Fiji-Nadi-LTE-DL-D,2025-08-28 04:05:48+02:00,2025-08-28 04:05:49+02:00,1,2,69.84,69.84,61.49,80.05,1,1,0,ca_underperformance,ml_quantile_p75_resource_underperformance,183.0,1.0
INC-000548,542020041221088+20250827151812+Fiji-Nadi-LTE-DL-D!20250827151738,Fiji-Nadi-LTE-DL-D,2025-08-27 05:16:46+02:00,2025-08-27 05:16:46+02:00,1,1,69.84,69.84,63.18,77.99,0,1,0,sudden_drop,normal,122.0,0.0
INC-000459,542020041221088+20250827140810+Fiji-Nadi-LTE-DL-D!20250827140022,Fiji-Nadi-LTE-DL-D,2025-08-27 03:59:32+02:00,2025-08-27 03:59:33+02:00,1,2,69.83,69.83,68.73,71.18,0,2,0,radio_limited_degradation,normal,124.0,1.0
INC-000453,542020041221088+20250827140810+Fiji-Nadi-LTE-DL-D!20250827140022,Fiji-Nadi-LTE-DL-D,2025-08-27 03:58:30+02:00,2025-08-27 03:58:32+02:00,1,3,69.81,69.81,71.3,67.98,0,3,0,rolling_local_drop,normal,124.0,2.0
INC-000734,542020041221088+20250828114952+Fiji-Nadi-LTE-DL-D!20250828112430,Fiji-Nadi-LTE-DL-D,2025-08-28 01:23:06+02:00,2025-08-28 01:23:07+02:00,1,2,69.79,69.79,76.85,61.15,0,2,0,ca_underperformance,normal,196.0,1.0
INC-000061,542020041221088+20250827102006+Fiji-Nadi-LTE-DL-D!20250827101931,Fiji-Nadi-LTE-DL-D,2025-08-27 00:17:29+02:00,2025-08-27 00:17:41+02:00,4,9,69.76,65.305,80.77,57.54,0,9,0,radio_limited_degradation,normal,351.0,12.0
INC-000093,542020041221088+20250827104347+Fiji-Nadi-LTE-DL-D!20250827104305,Fiji-Nadi-LTE-DL-D,2025-08-27 00:42:31+02:00,2025-08-27 00:42:33+02:00,1,3,69.72,69.72,64.71,75.84,0,3,0,radio_limited_degradation,normal,393.0,2.0
INC-000344,542020041221088+20250827133907+Fiji-Nadi-LTE-DL-D!20250827130324,Fiji-Nadi-LTE-DL-D,2025-08-27 03:02:02+02:00,2025-08-27 03:02:02+02:00,1,1,69.72,69.72,75.57,62.56,0,1,0,radio_limited_degradation,normal,322.0,0.0
INC-000016,542020041221088+20250827094925+Fiji-Nadi-LTE-DL-D!20250827094611,Fiji-Nadi-LTE-DL-D,2025-08-26 23:44:56+02:00,2025-08-26 23:44:56+02:00,1,1,69.7,69.7,51.76,91.64,1,0,0,rb_conditioned_underperformance,ml_hgb_strict_causal_temporal_underperformance,151.0,0.0
INC-000811,542020041221088+20250828123602+Fiji-Nadi-LTE-DL-D!20250828123538,Fiji-Nadi-LTE-DL-D,2025-08-28 02:34:24+02:00,2025-08-28 02:34:25+02:00,1,2,69.58,69.58,76.44,61.2,0,2,0,rolling_local_drop,normal,313.0,1.0
INC-000292,542020041221088+20250827131624+Fiji-Nadi-LTE-DL-D!20250827121056,Fiji-Nadi-LTE-DL-D,2025-08-27 02:10:52+02:00,2025-08-27 02:10:56+02:00,1,5,69.52,69.52,80.67,55.89,0,5,0,rb_efficiency_underperformance,normal,363.0,4.0
INC-000321,542020041221088+20250827133005+Fiji-Nadi-LTE-DL-D!20250827124117,Fiji-Nadi-LTE-DL-D,2025-08-27 02:39:22+02:00,2025-08-27 02:39:27+02:00,2,5,69.45,67.405,79.15,57.58,0,5,0,radio_limited_degradation,normal,149.0,5.0
INC-000963,542020041221088+20250828133816+Fiji-Nadi-LTE-DL-D!20250828132818,Fiji-Nadi-LTE-DL-D,2025-08-28 03:26:57+02:00,2025-08-28 03:27:02+02:00,1,6,69.39,69.39,86.93,47.96,0,6,0,radio_limited_degradation,normal,230.0,5.0
INC-000094,542020041221088+20250827104347+Fiji-Nadi-LTE-DL-D!20250827104305,Fiji-Nadi-LTE-DL-D,2025-08-27 00:42:48+02:00,2025-08-27 00:42:52+02:00,1,5,69.39,69.39,75.59,61.82,0,5,0,rb_efficiency_underperformance,normal,147.0,4.0
INC-000509,542020041221088+20250827145831+Fiji-Nadi-LTE-DL-D!20250827145756,Fiji-Nadi-LTE-DL-D,2025-08-27 04:55:54+02:00,2025-08-27 04:55:54+02:00,1,1,69.38,69.38,60.2,80.61,0,1,0,ca_underperformance,ml_quantile_p75_resource_underperformance,113.0,0.0
INC-000284,542020041221088+20250827131523+Fiji-Nadi-LTE-DL-D!20250827120845,Fiji-Nadi-LTE-DL-D,2025-08-27 02:08:26+02:00,2025-08-27 02:08:35+02:00,1,10,69.32,69.32,91.38,42.36,0,10,0,radio_limited_degradation,normal,138.0,9.0
INC-001095,542020041221088+20250828153842+Fiji-Nadi-LTE-DL-D!20250828152712,Fiji-Nadi-LTE-DL-D,2025-08-28 05:26:39+02:00,2025-08-28 05:26:44+02:00,1,6,69.31,69.31,76.18,60.91,0,6,0,ca_underperformance,normal,454.0,5.0
INC-000584,542020041221088+20250827154414+Fiji-Nadi-LTE-DL-D!20250827153533,Fiji-Nadi-LTE-DL-D,2025-08-27 05:33:54+02:00,2025-08-27 05:33:54+02:00,1,1,69.3,69.3,68.62,70.12,0,1,0,sudden_drop,normal,122.0,0.0
INC-000167,542020041221088+20250827114630+Fiji-Nadi-LTE-DL-D!20250827111815,Fiji-Nadi-LTE-DL-D,2025-08-27 01:18:07+02:00,2025-08-27 01:18:09+02:00,1,3,69.28,69.28,76.18,60.84,0,3,0,sudden_drop,normal,212.0,2.0
INC-000161,542020041221088+20250827114050+Fiji-Nadi-LTE-DL-D!20250827111354,Fiji-Nadi-LTE-DL-D,2025-08-27 01:13:06+02:00,2025-08-27 01:13:06+02:00,1,1,69.28,69.28,69.31,69.24,0,1,0,ca_underperformance,normal,50.0,0.0
INC-000440,542020041221088+20250827140149+Fiji-Nadi-LTE-DL-D!20250827134245,Fiji-Nadi-LTE-DL-D,2025-08-27 03:42:24+02:00,2025-08-27 03:42:24+02:00,1,1,69.13,69.13,63.19,76.39,0,1,0,sudden_drop,normal,135.0,0.0
INC-000138,542020041221088+20250827110647+Fiji-Nadi-LTE-DL-D!20250827105407,Fiji-Nadi-LTE-DL-D,2025-08-27 00:52:44+02:00,2025-08-27 00:52:46+02:00,1,3,69.06,69.06,68.98,69.14,0,3,0,radio_limited_degradation,normal,210.0,2.0
INC-000127,542020041221088+20250827110227+Fiji-Nadi-LTE-DL-D!20250827105156,Fiji-Nadi-LTE-DL-D,2025-08-27 00:50:18+02:00,2025-08-27 00:50:18+02:00,1,1,69.04,69.04,75.46,61.2,0,1,0,sudden_drop,normal,212.0,0.0
INC-000219,542020041221088+20250827122836+Fiji-Nadi-LTE-DL-D!20250827113757,Fiji-Nadi-LTE-DL-D,2025-08-27 01:37:26+02:00,2025-08-27 01:37:28+02:00,1,3,69.02,69.02,56.61,84.19,1,2,0,ca_underperformance,normal,134.0,2.0
INC-000651,542020041221088+20250828103047+Fiji-Nadi-LTE-DL-D!20250828102736,Fiji-Nadi-LTE-DL-D,2025-08-28 00:27:15+02:00,2025-08-28 00:27:16+02:00,1,2,68.96,68.96,66.0,72.58,0,2,0,radio_limited_degradation,normal,487.0,1.0
INC-000804,542020041221088+20250828123522+Fiji-Nadi-LTE-DL-D!20250828123323,Fiji-Nadi-LTE-DL-D,2025-08-28 02:32:29+02:00,2025-08-28 02:32:37+02:00,1,9,68.95,68.95,77.41,58.61,0,9,0,radio_limited_degradation,normal,385.0,8.0
INC-000369,542020041221088+20250827134247+Fiji-Nadi-LTE-DL-D!20250827130749,Fiji-Nadi-LTE-DL-D,2025-08-27 03:07:45+02:00,2025-08-27 03:07:47+02:00,1,3,68.94,68.94,75.06,61.46,0,3,0,radio_limited_degradation,normal,338.0,2.0
INC-000479,542020041221088+20250827141110+Fiji-Nadi-LTE-DL-D!20250827140445,Fiji-Nadi-LTE-DL-D,2025-08-27 04:03:43+02:00,2025-08-27 04:03:44+02:00,1,2,68.94,68.94,68.75,69.17,0,2,0,rolling_local_drop,normal,124.0,1.0
INC-000701,542020041221088+20250828105628+Fiji-Nadi-LTE-DL-D!20250828105605,Fiji-Nadi-LTE-DL-D,2025-08-28 00:55:40+02:00,2025-08-28 00:55:41+02:00,1,2,68.92,68.92,67.87,70.2,0,2,0,rolling_local_drop,normal,163.0,1.0
INC-000128,542020041221088+20250827110227+Fiji-Nadi-LTE-DL-D!20250827105156,Fiji-Nadi-LTE-DL-D,2025-08-27 00:50:34+02:00,2025-08-27 00:50:34+02:00,1,1,68.89,68.89,75.18,61.2,0,1,0,sudden_drop,normal,212.0,0.0
INC-000873,542020041221088+20250828125404+Fiji-Nadi-LTE-DL-D!20250828125334,Fiji-Nadi-LTE-DL-D,2025-08-28 02:52:26+02:00,2025-08-28 02:52:30+02:00,2,4,68.86,64.03999999999999,70.13,67.3,0,4,0,radio_limited_degradation,normal,167.0,4.0
INC-000110,542020041221088+20250827105427+Fiji-Nadi-LTE-DL-D!20250827104733,Fiji-Nadi-LTE-DL-D,2025-08-27 00:45:55+02:00,2025-08-27 00:45:56+02:00,1,2,68.79,68.79,62.97,75.91,0,2,0,rolling_local_drop,normal,127.0,1.0
INC-000606,542020041221088+20250827160834+Fiji-Nadi-LTE-DL-D!20250827160146,Fiji-Nadi-LTE-DL-D,2025-08-27 06:00:17+02:00,2025-08-27 06:00:17+02:00,1,1,68.79,68.79,64.46,74.08,0,1,0,sudden_drop,normal,470.0,0.0
INC-000023,542020041221088+20250827094925+Fiji-Nadi-LTE-DL-D!20250827094611,Fiji-Nadi-LTE-DL-D,2025-08-26 23:46:06+02:00,2025-08-26 23:46:07+02:00,1,2,68.73,68.73,63.76,74.81,0,2,0,ca_underperformance,ml_quantile_p75_resource_underperformance,151.0,1.0
INC-000766,542020041221088+20250828121542+Fiji-Nadi-LTE-DL-D!20250828115456,Fiji-Nadi-LTE-DL-D,2025-08-28 01:52:54+02:00,2025-08-28 01:52:54+02:00,1,1,68.73,68.73,60.84,78.38,0,1,0,rolling_local_drop,normal,183.0,0.0
INC-000870,542020041221088+20250828125404+Fiji-Nadi-LTE-DL-D!20250828125334,Fiji-Nadi-LTE-DL-D,2025-08-28 02:51:51+02:00,2025-08-28 02:51:51+02:00,1,1,68.72,68.72,70.24,66.87,0,1,0,ca_underperformance,normal,167.0,0.0
INC-000674,542020041221088+20250828104747+Fiji-Nadi-LTE-DL-D!20250828104718,Fiji-Nadi-LTE-DL-D,2025-08-28 00:45:20+02:00,2025-08-28 00:45:23+02:00,1,4,68.71,68.71,71.89,64.83,0,4,0,rolling_local_drop,normal,355.0,3.0
INC-000635,542020041221088+20250828102346+Fiji-Nadi-LTE-DL-D!20250828102312,Fiji-Nadi-LTE-DL-D,2025-08-28 00:22:56+02:00,2025-08-28 00:22:57+02:00,1,2,68.65,68.65,66.06,71.83,0,2,0,ca_underperformance,normal,338.0,1.0
INC-000029,542020041221088+20250827095105+Fiji-Nadi-LTE-DL-D!20250827094821,Fiji-Nadi-LTE-DL-D,2025-08-26 23:47:03+02:00,2025-08-26 23:47:03+02:00,1,1,68.65,68.65,74.74,61.2,0,1,0,sudden_drop,normal,151.0,0.0
INC-000540,542020041221088+20250827151552+Fiji-Nadi-LTE-DL-D!20250827151524,Fiji-Nadi-LTE-DL-D,2025-08-27 05:15:00+02:00,2025-08-27 05:15:00+02:00,1,1,68.65,68.65,63.76,74.64,0,1,0,ca_underperformance,normal,487.0,0.0
INC-000574,542020041221088+20250827152912+Fiji-Nadi-LTE-DL-D!20250827152850,Fiji-Nadi-LTE-DL-D,2025-08-27 05:27:20+02:00,2025-08-27 05:27:22+02:00,1,3,68.64,68.64,65.77,72.15,0,3,0,ca_underperformance,ml_hgb_strict_causal_temporal_underperformance,122.0,2.0
INC-000263,542020041221088+20250827123938+Fiji-Nadi-LTE-DL-D!20250827115735,Fiji-Nadi-LTE-DL-D,2025-08-27 01:56:31+02:00,2025-08-27 01:56:32+02:00,1,2,68.62,68.62,74.58,61.34,0,2,0,radio_limited_degradation,normal,156.0,1.0
INC-001088,542020041221088+20250828153519+Fiji-Nadi-LTE-DL-D!20250828151816,Fiji-Nadi-LTE-DL-D,2025-08-28 05:17:41+02:00,2025-08-28 05:17:43+02:00,1,3,68.58,68.58,74.06,61.88,0,3,0,radio_limited_degradation,normal,455.0,2.0
INC-000825,542020041221088+20250828123823+Fiji-Nadi-LTE-DL-D!20250828123754,Fiji-Nadi-LTE-DL-D,2025-08-28 02:37:24+02:00,2025-08-28 02:37:25+02:00,1,2,68.53,68.53,74.52,61.2,0,2,0,rolling_local_drop,normal,313.0,1.0
INC-000166,542020041221088+20250827114630+Fiji-Nadi-LTE-DL-D!20250827111815,Fiji-Nadi-LTE-DL-D,2025-08-27 01:16:13+02:00,2025-08-27 01:16:13+02:00,1,1,68.48,68.48,43.11,99.48,1,0,0,ca_underperformance,ml_quantile_p75_resource_underperformance,116.0,0.0
INC-001097,542020041221088+20250828153922+Fiji-Nadi-LTE-DL-D!20250828152928,Fiji-Nadi-LTE-DL-D,2025-08-28 05:27:40+02:00,2025-08-28 05:27:44+02:00,1,5,68.46,68.46,79.32,55.19,0,5,0,radio_limited_degradation,normal,454.0,4.0
INC-000115,542020041221088+20250827105427+Fiji-Nadi-LTE-DL-D!20250827104733,Fiji-Nadi-LTE-DL-D,2025-08-27 00:47:00+02:00,2025-08-27 00:47:01+02:00,1,2,68.46,68.46,68.48,68.44,0,2,0,rolling_local_drop,normal,128.0,1.0
INC-000912,542020041221088+20250828131435+Fiji-Nadi-LTE-DL-D!20250828131128,Fiji-Nadi-LTE-DL-D,2025-08-28 03:10:03+02:00,2025-08-28 03:10:03+02:00,1,1,68.46,68.46,74.4,61.2,0,1,0,sudden_drop,normal,254.0,0.0
INC-001056,542020041221088+20250828141838+Fiji-Nadi-LTE-DL-D!20250828141754,Fiji-Nadi-LTE-DL-D,2025-08-28 04:17:42+02:00,2025-08-28 04:17:45+02:00,1,4,68.44,68.44,83.29,50.3,0,4,0,radio_limited_degradation,normal,375.0,3.0
INC-000612,542020041221088+20250827161154+Fiji-Nadi-LTE-DL-D!20250827160820,Fiji-Nadi-LTE-DL-D,2025-08-27 06:07:04+02:00,2025-08-27 06:07:08+02:00,1,5,68.41,68.41,86.94,45.76,0,5,0,radio_limited_degradation,normal,469.0,4.0
INC-000517,542020041221088+20250827151132+Fiji-Nadi-LTE-DL-D!20250827151053,Fiji-Nadi-LTE-DL-D,2025-08-27 05:10:18+02:00,2025-08-27 05:10:18+02:00,1,1,68.41,68.41,63.69,74.19,0,1,0,sudden_drop,normal,115.0,0.0
INC-000848,542020041221088+20250828124503+Fiji-Nadi-LTE-DL-D!20250828124436,Fiji-Nadi-LTE-DL-D,2025-08-28 02:44:32+02:00,2025-08-28 02:44:33+02:00,1,2,68.37,68.37,74.24,61.2,0,2,0,rolling_local_drop,normal,313.0,1.0
INC-000547,542020041221088+20250827151812+Fiji-Nadi-LTE-DL-D!20250827151738,Fiji-Nadi-LTE-DL-D,2025-08-27 05:16:33+02:00,2025-08-27 05:16:34+02:00,1,2,68.36,68.36,63.73,74.02,0,2,0,sudden_drop,normal,122.0,1.0
INC-000287,542020041221088+20250827131624+Fiji-Nadi-LTE-DL-D!20250827121056,Fiji-Nadi-LTE-DL-D,2025-08-27 02:10:15+02:00,2025-08-27 02:10:16+02:00,1,2,68.34,68.34,78.53,55.88,0,2,0,radio_limited_degradation,normal,140.0,1.0
INC-000354,542020041221088+20250827134107+Fiji-Nadi-LTE-DL-D!20250827130537,Fiji-Nadi-LTE-DL-D,2025-08-27 03:04:41+02:00,2025-08-27 03:04:42+02:00,1,2,68.31,68.31,73.19,62.36,0,2,0,radio_limited_degradation,normal,395.0,1.0
INC-001043,542020041221088+20250828141358+Fiji-Nadi-LTE-DL-D!20250828141324,Fiji-Nadi-LTE-DL-D,2025-08-28 04:12:19+02:00,2025-08-28 04:12:21+02:00,2,2,68.28,64.965,77.11,57.49,0,2,0,radio_limited_degradation,normal,250.0,2.0
INC-000355,542020041221088+20250827134107+Fiji-Nadi-LTE-DL-D!20250827130537,Fiji-Nadi-LTE-DL-D,2025-08-27 03:04:49+02:00,2025-08-27 03:04:49+02:00,1,1,68.23,68.23,73.99,61.2,0,1,0,sudden_drop,normal,395.0,0.0
INC-000208,542020041221088+20250827122555+Fiji-Nadi-LTE-DL-D!20250827113546,Fiji-Nadi-LTE-DL-D,2025-08-27 01:34:28+02:00,2025-08-27 01:34:29+02:00,1,2,68.22,68.22,73.96,61.2,0,2,0,rolling_local_drop,normal,394.0,1.0
INC-001040,542020041221088+20250828141158+Fiji-Nadi-LTE-DL-D!20250828141111,Fiji-Nadi-LTE-DL-D,2025-08-28 04:09:38+02:00,2025-08-28 04:09:41+02:00,2,2,68.22,64.315,76.24,63.71,0,2,0,radio_limited_degradation,normal,375.0,3.0
INC-000648,542020041221088+20250828103047+Fiji-Nadi-LTE-DL-D!20250828102736,Fiji-Nadi-LTE-DL-D,2025-08-28 00:26:40+02:00,2025-08-28 00:26:41+02:00,1,2,68.21,68.21,64.82,72.35,0,2,0,rolling_local_drop,normal,487.0,1.0
INC-000863,542020041221088+20250828125203+Fiji-Nadi-LTE-DL-D!20250828125121,Fiji-Nadi-LTE-DL-D,2025-08-28 02:50:38+02:00,2025-08-28 02:50:39+02:00,1,2,68.15,68.15,78.3,55.74,0,2,0,radio_limited_degradation,normal,165.0,1.0
INC-000365,542020041221088+20250827134247+Fiji-Nadi-LTE-DL-D!20250827130749,Fiji-Nadi-LTE-DL-D,2025-08-27 03:06:50+02:00,2025-08-27 03:06:50+02:00,1,1,68.15,68.15,72.73,62.56,0,1,0,radio_limited_degradation,normal,394.0,0.0
INC-000051,542020041221088+20250827100145+Fiji-Nadi-LTE-DL-D!20250827100105,Fiji-Nadi-LTE-DL-D,2025-08-27 00:00:56+02:00,2025-08-27 00:00:56+02:00,1,1,68.14,68.14,47.62,93.23,1,0,0,ca_underperformance,ml_hgb_strict_causal_temporal_underperformance,148.0,0.0
INC-000081,542020041221088+20250827102926+Fiji-Nadi-LTE-DL-D!20250827102813,Fiji-Nadi-LTE-DL-D,2025-08-27 00:28:10+02:00,2025-08-27 00:28:14+02:00,1,5,68.02,68.02,83.48,49.12,0,5,0,radio_limited_degradation,normal,148.0,4.0
INC-000316,542020041221088+20250827132625+Fiji-Nadi-LTE-DL-D!20250827122623,Fiji-Nadi-LTE-DL-D,2025-08-27 02:26:21+02:00,2025-08-27 02:26:23+02:00,1,3,68.0,68.0,55.71,83.02,1,2,0,radio_p75_underperformance,normal,149.0,2.0
INC-000684,542020041221088+20250828105007+Fiji-Nadi-LTE-DL-D!20250828104930,Fiji-Nadi-LTE-DL-D,2025-08-28 00:48:35+02:00,2025-08-28 00:48:36+02:00,1,2,68.0,68.0,72.45,62.56,0,2,0,radio_limited_degradation,normal,163.0,1.0
INC-000139,542020041221088+20250827110647+Fiji-Nadi-LTE-DL-D!20250827105407,Fiji-Nadi-LTE-DL-D,2025-08-27 00:52:53+02:00,2025-08-27 00:52:54+02:00,1,2,67.99,67.99,73.54,61.2,0,2,0,rolling_local_drop,normal,210.0,1.0
INC-000436,542020041221088+20250827135949+Fiji-Nadi-LTE-DL-D!20250827134144,Fiji-Nadi-LTE-DL-D,2025-08-27 03:41:41+02:00,2025-08-27 03:41:41+02:00,1,1,67.99,67.99,72.43,62.56,0,1,0,radio_limited_degradation,normal,135.0,0.0
INC-000223,542020041221088+20250827123136+Fiji-Nadi-LTE-DL-D!20250827114007,Fiji-Nadi-LTE-DL-D,2025-08-27 01:38:42+02:00,2025-08-27 01:38:43+02:00,1,2,67.96,67.96,64.15,72.61,0,2,0,rolling_local_drop,normal,137.0,1.0
INC-000895,542020041221088+20250828130244+Fiji-Nadi-LTE-DL-D!20250828130228,Fiji-Nadi-LTE-DL-D,2025-08-28 03:01:26+02:00,2025-08-28 03:01:30+02:00,2,3,67.94,66.36500000000001,80.68,52.37,0,3,0,radio_limited_degradation,normal,167.0,4.0
INC-000543,542020041221088+20250827151812+Fiji-Nadi-LTE-DL-D!20250827151738,Fiji-Nadi-LTE-DL-D,2025-08-27 05:15:44+02:00,2025-08-27 05:15:46+02:00,1,3,67.9,67.9,69.89,65.46,0,3,0,radio_limited_degradation,normal,122.0,2.0
INC-000525,542020041221088+20250827151332+Fiji-Nadi-LTE-DL-D!20250827151309,Fiji-Nadi-LTE-DL-D,2025-08-27 05:11:45+02:00,2025-08-27 05:11:46+02:00,1,2,67.89,67.89,73.37,61.2,0,2,0,rolling_local_drop,normal,115.0,1.0
INC-000683,542020041221088+20250828105007+Fiji-Nadi-LTE-DL-D!20250828104930,Fiji-Nadi-LTE-DL-D,2025-08-28 00:48:07+02:00,2025-08-28 00:48:09+02:00,1,3,67.85,67.85,70.91,64.11,0,3,0,ca_underperformance,normal,0.0,2.0
INC-001008,542020041221088+20250828140057+Fiji-Nadi-LTE-DL-D!20250828135741,Fiji-Nadi-LTE-DL-D,2025-08-28 03:56:35+02:00,2025-08-28 03:56:35+02:00,1,1,67.83,67.83,78.65,54.62,0,1,0,radio_limited_degradation,normal,139.0,0.0
INC-000220,542020041221088+20250827122836+Fiji-Nadi-LTE-DL-D!20250827113757,Fiji-Nadi-LTE-DL-D,2025-08-27 01:37:50+02:00,2025-08-27 01:37:51+02:00,1,2,67.8,67.8,61.92,75.0,0,2,0,radio_limited_degradation,ml_quantile_p75_resource_underperformance,321.0,1.0
INC-000478,542020041221088+20250827141110+Fiji-Nadi-LTE-DL-D!20250827140445,Fiji-Nadi-LTE-DL-D,2025-08-27 04:03:35+02:00,2025-08-27 04:03:35+02:00,1,1,67.79,67.79,65.18,70.97,0,1,0,sudden_drop,normal,124.0,0.0
INC-000265,542020041221088+20250827123938+Fiji-Nadi-LTE-DL-D!20250827115735,Fiji-Nadi-LTE-DL-D,2025-08-27 01:57:00+02:00,2025-08-27 01:57:00+02:00,1,1,67.76,67.76,59.66,77.66,0,1,0,sudden_drop,normal,156.0,0.0
INC-000228,542020041221088+20250827123337+Fiji-Nadi-LTE-DL-D!20250827114216,Fiji-Nadi-LTE-DL-D,2025-08-27 01:40:47+02:00,2025-08-27 01:40:49+02:00,1,3,67.74,67.74,84.17,47.66,0,3,0,radio_limited_degradation,normal,487.0,2.0
INC-000027,542020041221088+20250827095105+Fiji-Nadi-LTE-DL-D!20250827094821,Fiji-Nadi-LTE-DL-D,2025-08-26 23:46:47+02:00,2025-08-26 23:46:48+02:00,1,2,67.72,67.72,66.34,69.41,0,2,0,rolling_local_drop,normal,151.0,1.0
INC-000949,542020041221088+20250828133115+Fiji-Nadi-LTE-DL-D!20250828132346,Fiji-Nadi-LTE-DL-D,2025-08-28 03:22:12+02:00,2025-08-28 03:22:13+02:00,1,2,67.72,67.72,48.89,90.74,1,1,0,rb_conditioned_underperformance,ml_hgb_strict_causal_temporal_underperformance,231.0,1.0
INC-000932,542020041221088+20250828132455+Fiji-Nadi-LTE-DL-D!20250828131658,Fiji-Nadi-LTE-DL-D,2025-08-28 03:16:35+02:00,2025-08-28 03:16:37+02:00,1,3,67.68,67.68,68.44,66.74,0,3,0,rb_conditioned_underperformance,normal,254.0,2.0
INC-000603,542020041221088+20250827160614+Fiji-Nadi-LTE-DL-D!20250827155934,Fiji-Nadi-LTE-DL-D,2025-08-27 05:57:53+02:00,2025-08-27 05:57:53+02:00,1,1,67.68,67.68,69.62,65.3,0,1,0,rb_efficiency_underperformance,normal,470.0,0.0
INC-000685,542020041221088+20250828105007+Fiji-Nadi-LTE-DL-D!20250828104930,Fiji-Nadi-LTE-DL-D,2025-08-28 00:48:48+02:00,2025-08-28 00:48:50+02:00,1,3,67.64,67.64,72.02,62.29,0,3,0,radio_limited_degradation,normal,163.0,2.0
INC-000304,542020041221088+20250827131704+Fiji-Nadi-LTE-DL-D!20250827121308,Fiji-Nadi-LTE-DL-D,2025-08-27 02:12:41+02:00,2025-08-27 02:12:45+02:00,1,5,67.63,67.63,77.11,56.05,0,5,0,ca_underperformance,normal,144.0,4.0
INC-000940,542020041221088+20250828132555+Fiji-Nadi-LTE-DL-D!20250828131914,Fiji-Nadi-LTE-DL-D,2025-08-28 03:18:48+02:00,2025-08-28 03:18:50+02:00,1,3,67.58,67.58,65.2,70.49,0,3,0,radio_limited_degradation,normal,353.0,2.0
INC-000468,542020041221088+20250827140850+Fiji-Nadi-LTE-DL-D!20250827140234,Fiji-Nadi-LTE-DL-D,2025-08-27 04:01:22+02:00,2025-08-27 04:01:23+02:00,1,2,67.56,67.56,72.77,61.2,0,2,0,rolling_local_drop,normal,124.0,1.0
INC-000300,542020041221088+20250827131704+Fiji-Nadi-LTE-DL-D!20250827121308,Fiji-Nadi-LTE-DL-D,2025-08-27 02:12:09+02:00,2025-08-27 02:12:12+02:00,1,4,67.55,67.55,82.76,48.95,0,4,0,radio_limited_degradation,normal,146.0,3.0
INC-000582,542020041221088+20250827153332+Fiji-Nadi-LTE-DL-D!20250827153318,Fiji-Nadi-LTE-DL-D,2025-08-27 05:31:51+02:00,2025-08-27 05:31:54+02:00,1,4,67.5,67.5,77.48,55.3,0,4,0,radio_limited_degradation,normal,125.0,3.0
INC-000714,542020041221088+20250828113631+Fiji-Nadi-LTE-DL-D!20250828110448,Fiji-Nadi-LTE-DL-D,2025-08-28 01:03:41+02:00,2025-08-28 01:03:41+02:00,1,1,67.47,67.47,71.21,62.89,0,1,0,rb_efficiency_underperformance,normal,352.0,0.0
INC-000654,542020041221088+20250828103207+Fiji-Nadi-LTE-DL-D!20250828102946,Fiji-Nadi-LTE-DL-D,2025-08-28 00:27:54+02:00,2025-08-28 00:27:56+02:00,1,3,67.45,67.45,61.79,74.36,0,3,0,radio_limited_degradation,normal,487.0,2.0
INC-000296,542020041221088+20250827131704+Fiji-Nadi-LTE-DL-D!20250827121308,Fiji-Nadi-LTE-DL-D,2025-08-27 02:11:53+02:00,2025-08-27 02:11:53+02:00,1,1,67.45,67.45,68.71,65.92,0,1,0,rb_efficiency_underperformance,normal,363.0,0.0
INC-001087,542020041221088+20250828153519+Fiji-Nadi-LTE-DL-D!20250828151816,Fiji-Nadi-LTE-DL-D,2025-08-28 05:16:21+02:00,2025-08-28 05:16:25+02:00,2,3,67.4,66.565,75.45,57.56,0,3,0,radio_limited_degradation,normal,455.0,4.0
INC-000302,542020041221088+20250827131704+Fiji-Nadi-LTE-DL-D!20250827121308,Fiji-Nadi-LTE-DL-D,2025-08-27 02:12:24+02:00,2025-08-27 02:12:25+02:00,1,2,67.4,67.4,76.72,56.02,0,2,0,radio_limited_degradation,normal,140.0,1.0
INC-000498,542020041221088+20250827144511+Fiji-Nadi-LTE-DL-D!20250827144430,Fiji-Nadi-LTE-DL-D,2025-08-27 04:43:13+02:00,2025-08-27 04:43:16+02:00,1,4,67.34,67.34,72.12,61.49,0,4,0,ca_underperformance,normal,122.0,3.0
INC-001014,542020041221088+20250828140157+Fiji-Nadi-LTE-DL-D!20250828135953,Fiji-Nadi-LTE-DL-D,2025-08-28 03:58:00+02:00,2025-08-28 03:58:01+02:00,1,2,67.34,67.34,73.31,60.05,0,2,0,radio_limited_degradation,normal,182.0,1.0
INC-000020,542020041221088+20250827094925+Fiji-Nadi-LTE-DL-D!20250827094611,Fiji-Nadi-LTE-DL-D,2025-08-26 23:45:35+02:00,2025-08-26 23:45:35+02:00,1,1,67.33,67.33,71.24,62.56,0,1,0,radio_limited_degradation,normal,151.0,0.0
INC-000885,542020041221088+20250828125844+Fiji-Nadi-LTE-DL-D!20250828125759,Fiji-Nadi-LTE-DL-D,2025-08-28 02:56:13+02:00,2025-08-28 02:56:23+02:00,3,4,67.32,64.33,74.27,66.07,0,4,0,radio_limited_degradation,normal,167.0,10.0
INC-000677,542020041221088+20250828104747+Fiji-Nadi-LTE-DL-D!20250828104718,Fiji-Nadi-LTE-DL-D,2025-08-28 00:46:31+02:00,2025-08-28 00:46:36+02:00,1,6,67.27,67.27,72.43,60.96,0,6,0,rb_conditioned_underperformance,normal,16.0,5.0
INC-000173,542020041221088+20250827115912+Fiji-Nadi-LTE-DL-D!20250827112451,Fiji-Nadi-LTE-DL-D,2025-08-27 01:23:19+02:00,2025-08-27 01:23:21+02:00,1,3,67.27,67.27,66.5,68.2,0,3,0,radio_limited_degradation,normal,123.0,2.0
INC-000824,542020041221088+20250828123823+Fiji-Nadi-LTE-DL-D!20250828123754,Fiji-Nadi-LTE-DL-D,2025-08-28 02:37:17+02:00,2025-08-28 02:37:17+02:00,1,1,67.26,67.26,72.21,61.2,0,1,0,sudden_drop,normal,313.0,0.0
INC-000247,542020041221088+20250827123517+Fiji-Nadi-LTE-DL-D!20250827114634,Fiji-Nadi-LTE-DL-D,2025-08-27 01:45:25+02:00,2025-08-27 01:45:27+02:00,1,3,67.21,67.21,84.27,46.36,0,3,0,radio_limited_degradation,normal,153.0,2.0
INC-001078,542020041221088+20250828143639+Fiji-Nadi-LTE-DL-D!20250828143559,Fiji-Nadi-LTE-DL-D,2025-08-28 04:34:38+02:00,2025-08-28 04:34:39+02:00,1,2,67.15,67.15,70.63,62.89,0,2,0,rb_efficiency_underperformance,normal,385.0,1.0
INC-001103,542020041221088+20250828154042+Fiji-Nadi-LTE-DL-D!20250828153246,Fiji-Nadi-LTE-DL-D,2025-08-28 05:31:56+02:00,2025-08-28 05:31:57+02:00,1,2,67.12,67.12,80.65,50.57,0,2,0,radio_limited_degradation,normal,453.0,1.0
INC-000880,542020041221088+20250828125624+Fiji-Nadi-LTE-DL-D!20250828125546,Fiji-Nadi-LTE-DL-D,2025-08-28 02:54:58+02:00,2025-08-28 02:55:01+02:00,2,3,67.11,63.045,74.46,58.14,0,3,0,ca_underperformance,ml_quantile_p75_resource_underperformance,165.0,3.0
INC-000816,542020041221088+20250828123823+Fiji-Nadi-LTE-DL-D!20250828123754,Fiji-Nadi-LTE-DL-D,2025-08-28 02:35:52+02:00,2025-08-28 02:35:53+02:00,1,2,67.1,67.1,71.93,61.2,0,2,0,rolling_local_drop,normal,313.0,1.0
INC-000116,542020041221088+20250827105427+Fiji-Nadi-LTE-DL-D!20250827104733,Fiji-Nadi-LTE-DL-D,2025-08-27 00:47:09+02:00,2025-08-27 00:47:10+02:00,1,2,67.07,67.07,71.88,61.2,0,2,0,rolling_local_drop,normal,128.0,1.0
INC-000864,542020041221088+20250828125203+Fiji-Nadi-LTE-DL-D!20250828125121,Fiji-Nadi-LTE-DL-D,2025-08-28 02:50:46+02:00,2025-08-28 02:50:48+02:00,1,3,67.03,67.03,72.29,60.59,0,3,0,radio_limited_degradation,normal,165.0,2.0
INC-000844,542020041221088+20250828124503+Fiji-Nadi-LTE-DL-D!20250828124436,Fiji-Nadi-LTE-DL-D,2025-08-28 02:43:22+02:00,2025-08-28 02:43:22+02:00,1,1,66.97,66.97,70.58,62.56,0,1,0,radio_limited_degradation,normal,354.0,0.0
INC-000309,542020041221088+20250827132124+Fiji-Nadi-LTE-DL-D!20250827121942,Fiji-Nadi-LTE-DL-D,2025-08-27 02:19:17+02:00,2025-08-27 02:19:17+02:00,1,1,66.96,66.96,60.8,74.49,0,1,0,radio_limited_degradation,normal,148.0,0.0
INC-000573,542020041221088+20250827152912+Fiji-Nadi-LTE-DL-D!20250827152850,Fiji-Nadi-LTE-DL-D,2025-08-27 05:27:10+02:00,2025-08-27 05:27:10+02:00,1,1,66.93,66.93,61.98,72.97,0,1,0,ca_underperformance,ml_hgb_strict_causal_temporal_underperformance,120.0,0.0
INC-000053,542020041221088+20250827100345+Fiji-Nadi-LTE-DL-D!20250827100319,Fiji-Nadi-LTE-DL-D,2025-08-27 00:02:10+02:00,2025-08-27 00:02:11+02:00,1,2,66.89,66.89,66.06,67.91,0,2,0,ca_underperformance,ml_quantile_p75_resource_underperformance,148.0,1.0
INC-000692,542020041221088+20250828105207+Fiji-Nadi-LTE-DL-D!20250828105141,Fiji-Nadi-LTE-DL-D,2025-08-28 00:50:02+02:00,2025-08-28 00:50:03+02:00,1,2,66.88,66.88,71.53,61.2,0,2,0,rolling_local_drop,normal,163.0,1.0
INC-000807,542020041221088+20250828123522+Fiji-Nadi-LTE-DL-D!20250828123323,Fiji-Nadi-LTE-DL-D,2025-08-28 02:33:18+02:00,2025-08-28 02:33:19+02:00,1,2,66.87,66.87,71.5,61.2,0,2,0,rolling_local_drop,normal,310.0,1.0
INC-001029,542020041221088+20250828140718+Fiji-Nadi-LTE-DL-D!20250828140641,Fiji-Nadi-LTE-DL-D,2025-08-28 04:05:40+02:00,2025-08-28 04:05:40+02:00,1,1,66.84,66.84,72.35,60.11,0,1,0,radio_limited_degradation,normal,139.0,0.0
INC-000738,542020041221088+20250828114952+Fiji-Nadi-LTE-DL-D!20250828112430,Fiji-Nadi-LTE-DL-D,2025-08-28 01:23:49+02:00,2025-08-28 01:23:50+02:00,1,2,66.83,66.83,82.09,48.18,0,2,0,radio_limited_degradation,normal,375.0,1.0
INC-000978,542020041221088+20250828134436+Fiji-Nadi-LTE-DL-D!20250828133934,Fiji-Nadi-LTE-DL-D,2025-08-28 03:37:35+02:00,2025-08-28 03:37:38+02:00,1,4,66.82,66.82,80.94,49.56,0,4,0,radio_limited_degradation,normal,231.0,3.0
INC-000694,542020041221088+20250828105207+Fiji-Nadi-LTE-DL-D!20250828105141,Fiji-Nadi-LTE-DL-D,2025-08-28 00:51:33+02:00,2025-08-28 00:51:35+02:00,1,3,66.82,66.82,75.53,56.18,0,3,0,radio_limited_degradation,normal,162.0,2.0
INC-000118,542020041221088+20250827105427+Fiji-Nadi-LTE-DL-D!20250827104733,Fiji-Nadi-LTE-DL-D,2025-08-27 00:47:26+02:00,2025-08-27 00:47:27+02:00,1,2,66.82,66.82,70.46,62.36,0,2,0,radio_limited_degradation,normal,128.0,1.0
INC-000698,542020041221088+20250828105628+Fiji-Nadi-LTE-DL-D!20250828105605,Fiji-Nadi-LTE-DL-D,2025-08-28 00:55:01+02:00,2025-08-28 00:55:01+02:00,1,1,66.82,66.82,59.0,76.39,0,1,0,sudden_drop,normal,163.0,0.0
INC-000557,542020041221088+20250827152052+Fiji-Nadi-LTE-DL-D!20250827151954,Fiji-Nadi-LTE-DL-D,2025-08-27 05:19:30+02:00,2025-08-27 05:19:31+02:00,1,2,66.77,66.77,70.38,62.36,0,2,0,radio_limited_degradation,normal,120.0,1.0
INC-000313,542020041221088+20250827132444+Fiji-Nadi-LTE-DL-D!20250827122410,Fiji-Nadi-LTE-DL-D,2025-08-27 02:22:29+02:00,2025-08-27 02:22:29+02:00,1,1,66.75,66.75,63.16,71.14,0,1,0,radio_limited_degradation,normal,149.0,0.0
INC-000874,542020041221088+20250828125404+Fiji-Nadi-LTE-DL-D!20250828125334,Fiji-Nadi-LTE-DL-D,2025-08-28 02:52:38+02:00,2025-08-28 02:52:38+02:00,1,1,66.73,66.73,77.68,53.34,0,1,0,radio_limited_degradation,normal,167.0,0.0
INC-000017,542020041221088+20250827094925+Fiji-Nadi-LTE-DL-D!20250827094611,Fiji-Nadi-LTE-DL-D,2025-08-26 23:45:09+02:00,2025-08-26 23:45:10+02:00,1,2,66.69,66.69,70.23,62.36,0,2,0,radio_limited_degradation,normal,151.0,1.0
INC-000615,542020041221088+20250827161154+Fiji-Nadi-LTE-DL-D!20250827160820,Fiji-Nadi-LTE-DL-D,2025-08-27 06:07:34+02:00,2025-08-27 06:07:35+02:00,1,2,66.69,66.69,80.61,49.67,0,2,0,radio_limited_degradation,normal,148.0,1.0
INC-001017,542020041221088+20250828140337+Fiji-Nadi-LTE-DL-D!20250828140209,Fiji-Nadi-LTE-DL-D,2025-08-28 04:01:18+02:00,2025-08-28 04:01:19+02:00,1,2,66.69,66.69,50.35,86.66,1,1,0,ca_underperformance,ml_quantile_p75_resource_underperformance,139.0,1.0
INC-000272,542020041221088+20250827130936+Fiji-Nadi-LTE-DL-D!20250827120414,Fiji-Nadi-LTE-DL-D,2025-08-27 02:03:09+02:00,2025-08-27 02:03:09+02:00,1,1,66.67,66.67,71.15,61.2,0,1,0,sudden_drop,normal,155.0,0.0
INC-000560,542020041221088+20250827152532+Fiji-Nadi-LTE-DL-D!20250827152209,Fiji-Nadi-LTE-DL-D,2025-08-27 05:20:30+02:00,2025-08-27 05:20:30+02:00,1,1,66.67,66.67,57.0,78.49,0,1,0,sudden_drop,normal,120.0,0.0
INC-000172,542020041221088+20250827115912+Fiji-Nadi-LTE-DL-D!20250827112451,Fiji-Nadi-LTE-DL-D,2025-08-27 01:23:06+02:00,2025-08-27 01:23:08+02:00,1,3,66.66,66.66,54.94,80.98,1,2,0,ca_underperformance,normal,123.0,2.0
INC-000256,542020041221088+20250827123818+Fiji-Nadi-LTE-DL-D!20250827115313,Fiji-Nadi-LTE-DL-D,2025-08-27 01:51:21+02:00,2025-08-27 01:51:22+02:00,1,2,66.66,66.66,72.82,59.14,0,2,0,radio_limited_degradation,normal,157.0,1.0
INC-000642,542020041221088+20250828102746+Fiji-Nadi-LTE-DL-D!20250828102524,Fiji-Nadi-LTE-DL-D,2025-08-28 00:24:27+02:00,2025-08-28 00:24:28+02:00,1,2,66.62,66.62,62.48,71.68,0,2,0,rb_efficiency_underperformance,normal,49.0,1.0
INC-000913,542020041221088+20250828131435+Fiji-Nadi-LTE-DL-D!20250828131128,Fiji-Nadi-LTE-DL-D,2025-08-28 03:10:10+02:00,2025-08-28 03:10:11+02:00,1,2,66.61,66.61,69.26,63.37,0,2,0,radio_limited_degradation,normal,254.0,1.0
INC-001099,542020041221088+20250828153922+Fiji-Nadi-LTE-DL-D!20250828152928,Fiji-Nadi-LTE-DL-D,2025-08-28 05:28:46+02:00,2025-08-28 05:28:47+02:00,1,2,66.61,66.61,64.04,69.76,0,2,0,ca_underperformance,ml_quantile_p75_resource_underperformance,360.0,1.0
INC-000019,542020041221088+20250827094925+Fiji-Nadi-LTE-DL-D!20250827094611,Fiji-Nadi-LTE-DL-D,2025-08-26 23:45:27+02:00,2025-08-26 23:45:27+02:00,1,1,66.58,66.58,70.99,61.2,0,1,0,sudden_drop,normal,151.0,0.0
INC-000439,542020041221088+20250827140149+Fiji-Nadi-LTE-DL-D!20250827134245,Fiji-Nadi-LTE-DL-D,2025-08-27 03:42:16+02:00,2025-08-27 03:42:16+02:00,1,1,66.58,66.58,70.98,61.2,0,1,0,sudden_drop,normal,135.0,0.0
INC-001105,542020041221088+20250829102513+Nawaka-LTE-DL!20250829102435,Nawaka-LTE-DL,2025-08-29 00:22:34+02:00,2025-08-29 00:22:36+02:00,1,3,66.55,66.55,84.33,44.83,0,3,0,radio_limited_degradation,normal,469.0,2.0
INC-001012,542020041221088+20250828140057+Fiji-Nadi-LTE-DL-D!20250828135741,Fiji-Nadi-LTE-DL-D,2025-08-28 03:57:22+02:00,2025-08-28 03:57:22+02:00,1,1,66.53,66.53,78.95,51.36,0,1,0,radio_limited_degradation,normal,139.0,0.0
INC-000429,542020041221088+20250827135949+Fiji-Nadi-LTE-DL-D!20250827134144,Fiji-Nadi-LTE-DL-D,2025-08-27 03:40:36+02:00,2025-08-27 03:40:36+02:00,1,1,66.52,66.52,69.75,62.56,0,1,0,radio_limited_degradation,normal,135.0,0.0
INC-000632,542020041221088+20250828102346+Fiji-Nadi-LTE-DL-D!20250828102312,Fiji-Nadi-LTE-DL-D,2025-08-28 00:22:11+02:00,2025-08-28 00:22:12+02:00,1,2,66.49,66.49,69.87,62.36,0,2,0,radio_limited_degradation,normal,338.0,1.0
INC-000611,542020041221088+20250827161154+Fiji-Nadi-LTE-DL-D!20250827160820,Fiji-Nadi-LTE-DL-D,2025-08-27 06:06:53+02:00,2025-08-27 06:06:53+02:00,1,1,66.49,66.49,79.07,51.12,0,1,0,radio_limited_degradation,normal,469.0,0.0
INC-000561,542020041221088+20250827152532+Fiji-Nadi-LTE-DL-D!20250827152209,Fiji-Nadi-LTE-DL-D,2025-08-27 05:20:43+02:00,2025-08-27 05:20:43+02:00,1,1,66.46,66.46,62.06,71.82,0,1,0,sudden_drop,normal,120.0,0.0
INC-000120,542020041221088+20250827105947+Fiji-Nadi-LTE-DL-D!20250827104944,Fiji-Nadi-LTE-DL-D,2025-08-27 00:47:53+02:00,2025-08-27 00:47:54+02:00,1,2,66.45,66.45,70.74,61.2,0,2,0,rolling_local_drop,normal,214.0,1.0
INC-000176,542020041221088+20250827115912+Fiji-Nadi-LTE-DL-D!20250827112451,Fiji-Nadi-LTE-DL-D,2025-08-27 01:23:52+02:00,2025-08-27 01:23:53+02:00,1,2,66.45,66.45,69.8,62.36,0,2,0,radio_limited_degradation,normal,123.0,1.0
INC-000031,542020041221088+20250827095105+Fiji-Nadi-LTE-DL-D!20250827094821,Fiji-Nadi-LTE-DL-D,2025-08-26 23:47:36+02:00,2025-08-26 23:47:36+02:00,1,1,66.45,66.45,69.63,62.56,0,1,0,radio_limited_degradation,normal,151.0,0.0
INC-000168,542020041221088+20250827115331+Fiji-Nadi-LTE-DL-D!20250827112239,Fiji-Nadi-LTE-DL-D,2025-08-27 01:20:42+02:00,2025-08-27 01:20:42+02:00,1,1,66.45,66.45,61.4,72.63,0,1,0,sudden_drop,normal,348.0,0.0
INC-000044,542020041221088+20250827100005+Fiji-Nadi-LTE-DL-D!20250827095853,Fiji-Nadi-LTE-DL-D,2025-08-26 23:57:13+02:00,2025-08-26 23:57:14+02:00,1,2,66.43,66.43,66.06,66.9,0,2,0,radio_limited_degradation,ml_hgb_strict_causal_temporal_underperformance,151.0,1.0
INC-000939,542020041221088+20250828132555+Fiji-Nadi-LTE-DL-D!20250828131914,Fiji-Nadi-LTE-DL-D,2025-08-28 03:18:10+02:00,2025-08-28 03:18:11+02:00,1,2,66.42,66.42,70.69,61.2,0,2,0,rolling_local_drop,normal,253.0,1.0
INC-001004,542020041221088+20250828140057+Fiji-Nadi-LTE-DL-D!20250828135741,Fiji-Nadi-LTE-DL-D,2025-08-28 03:55:52+02:00,2025-08-28 03:55:53+02:00,1,2,66.4,66.4,80.45,49.22,0,2,0,radio_limited_degradation,normal,232.0,1.0
INC-000849,542020041221088+20250828124723+Fiji-Nadi-LTE-DL-D!20250828124651,Fiji-Nadi-LTE-DL-D,2025-08-28 02:44:53+02:00,2025-08-28 02:44:53+02:00,1,1,66.4,66.4,56.9,78.0,0,1,0,rb_conditioned_underperformance,ml_hgb_strict_causal_temporal_underperformance,313.0,0.0
INC-000422,542020041221088+20250827135649+Fiji-Nadi-LTE-DL-D!20250827133934,Fiji-Nadi-LTE-DL-D,2025-08-27 03:39:00+02:00,2025-08-27 03:39:01+02:00,1,2,66.39,66.39,69.7,62.36,0,2,0,radio_limited_degradation,normal,137.0,1.0
INC-000104,542020041221088+20250827104707+Fiji-Nadi-LTE-DL-D!20250827104518,Fiji-Nadi-LTE-DL-D,2025-08-27 00:44:49+02:00,2025-08-27 00:44:50+02:00,1,2,66.3,66.3,70.39,61.29,0,2,0,radio_limited_degradation,normal,127.0,1.0
INC-000775,542020041221088+20250828122241+Fiji-Nadi-LTE-DL-D!20250828121359,Fiji-Nadi-LTE-DL-D,2025-08-28 02:12:04+02:00,2025-08-28 02:12:11+02:00,3,3,66.29,65.85333333333334,72.45,58.75,0,3,0,radio_limited_degradation,normal,184.0,7.0
INC-000660,542020041221088+20250828103707+Fiji-Nadi-LTE-DL-D!20250828103621,Fiji-Nadi-LTE-DL-D,2025-08-28 00:35:42+02:00,2025-08-28 00:35:42+02:00,1,1,66.29,66.29,40.47,97.85,1,0,0,sudden_drop,ml_hgb_strict_causal_temporal_underperformance,453.0,0.0
INC-000872,542020041221088+20250828125404+Fiji-Nadi-LTE-DL-D!20250828125334,Fiji-Nadi-LTE-DL-D,2025-08-28 02:52:20+02:00,2025-08-28 02:52:20+02:00,1,1,66.29,66.29,66.51,66.02,0,1,0,radio_limited_degradation,normal,167.0,0.0
INC-000078,542020041221088+20250827102926+Fiji-Nadi-LTE-DL-D!20250827102813,Fiji-Nadi-LTE-DL-D,2025-08-27 00:27:44+02:00,2025-08-27 00:27:48+02:00,1,5,66.27,66.27,82.05,46.98,0,5,0,radio_limited_degradation,normal,395.0,4.0
INC-001055,542020041221088+20250828141838+Fiji-Nadi-LTE-DL-D!20250828141754,Fiji-Nadi-LTE-DL-D,2025-08-28 04:17:35+02:00,2025-08-28 04:17:36+02:00,1,2,66.24,66.24,82.06,46.9,0,2,0,radio_limited_degradation,normal,196.0,1.0
INC-000052,542020041221088+20250827100345+Fiji-Nadi-LTE-DL-D!20250827100319,Fiji-Nadi-LTE-DL-D,2025-08-27 00:01:57+02:00,2025-08-27 00:01:57+02:00,1,1,66.22,66.22,61.49,72.0,0,1,0,sudden_drop,normal,148.0,0.0
INC-000961,542020041221088+20250828133816+Fiji-Nadi-LTE-DL-D!20250828132818,Fiji-Nadi-LTE-DL-D,2025-08-28 03:26:30+02:00,2025-08-28 03:26:30+02:00,1,1,66.21,66.21,75.37,55.02,0,1,0,radio_limited_degradation,normal,375.0,0.0
INC-000623,542020041221088+20250827161234+Fiji-Nadi-LTE-DL-D!20250827161029,Fiji-Nadi-LTE-DL-D,2025-08-27 06:09:10+02:00,2025-08-27 06:09:10+02:00,1,1,66.2,66.2,78.47,51.21,0,1,0,radio_limited_degradation,normal,148.0,0.0
INC-000553,542020041221088+20250827152052+Fiji-Nadi-LTE-DL-D!20250827151954,Fiji-Nadi-LTE-DL-D,2025-08-27 05:18:36+02:00,2025-08-27 05:18:38+02:00,1,3,66.17,66.17,64.77,67.89,0,3,0,rolling_local_drop,normal,120.0,2.0
INC-000526,542020041221088+20250827151332+Fiji-Nadi-LTE-DL-D!20250827151309,Fiji-Nadi-LTE-DL-D,2025-08-27 05:11:54+02:00,2025-08-27 05:11:55+02:00,1,2,66.17,66.17,71.85,59.23,0,2,0,radio_limited_degradation,normal,115.0,1.0
INC-000896,542020041221088+20250828130244+Fiji-Nadi-LTE-DL-D!20250828130228,Fiji-Nadi-LTE-DL-D,2025-08-28 03:01:36+02:00,2025-08-28 03:01:37+02:00,1,2,66.15,66.15,60.96,72.49,0,2,0,ca_underperformance,ml_quantile_p75_resource_underperformance,167.0,1.0
INC-000105,542020041221088+20250827104707+Fiji-Nadi-LTE-DL-D!20250827104518,Fiji-Nadi-LTE-DL-D,2025-08-27 00:44:58+02:00,2025-08-27 00:44:58+02:00,1,1,66.13,66.13,70.17,61.2,0,1,0,sudden_drop,normal,127.0,0.0
INC-000702,542020041221088+20250828105628+Fiji-Nadi-LTE-DL-D!20250828105605,Fiji-Nadi-LTE-DL-D,2025-08-28 00:55:49+02:00,2025-08-28 00:55:50+02:00,1,2,66.12,66.12,70.66,60.57,0,2,0,sudden_drop,normal,163.0,1.0
INC-001020,542020041221088+20250828140337+Fiji-Nadi-LTE-DL-D!20250828140209,Fiji-Nadi-LTE-DL-D,2025-08-28 04:02:00+02:00,2025-08-28 04:02:01+02:00,1,2,66.12,66.12,60.56,72.93,0,2,0,rolling_local_drop,normal,139.0,1.0
INC-000795,542020041221088+20250828122802+Fiji-Nadi-LTE-DL-D!20250828122423,Fiji-Nadi-LTE-DL-D,2025-08-28 02:22:34+02:00,2025-08-28 02:22:34+02:00,1,1,66.1,66.1,72.17,58.68,0,1,0,radio_limited_degradation,normal,180.0,0.0
INC-000098,542020041221088+20250827104707+Fiji-Nadi-LTE-DL-D!20250827104518,Fiji-Nadi-LTE-DL-D,2025-08-27 00:43:37+02:00,2025-08-27 00:43:37+02:00,1,1,66.08,66.08,71.49,59.46,0,1,0,sudden_drop,normal,431.0,0.0
INC-000765,542020041221088+20250828121442+Fiji-Nadi-LTE-DL-D!20250828115247,Fiji-Nadi-LTE-DL-D,2025-08-28 01:51:54+02:00,2025-08-28 01:51:55+02:00,1,2,66.03,66.03,75.43,54.55,0,2,0,radio_limited_degradation,normal,183.0,1.0
INC-000086,542020041221088+20250827103926+Fiji-Nadi-LTE-DL-D!20250827103843,Fiji-Nadi-LTE-DL-D,2025-08-27 00:36:55+02:00,2025-08-27 00:36:57+02:00,1,3,65.96,65.96,82.86,45.29,0,3,0,radio_limited_degradation,normal,469.0,2.0
INC-000556,542020041221088+20250827152052+Fiji-Nadi-LTE-DL-D!20250827151954,Fiji-Nadi-LTE-DL-D,2025-08-27 05:19:20+02:00,2025-08-27 05:19:21+02:00,1,2,65.91,65.91,68.65,62.56,0,2,0,radio_limited_degradation,normal,120.0,1.0
INC-000486,542020041221088+20250827141150+Fiji-Nadi-LTE-DL-D!20250827140658,Fiji-Nadi-LTE-DL-D,2025-08-27 04:05:28+02:00,2025-08-27 04:05:29+02:00,1,2,65.9,65.9,69.35,61.68,0,2,0,radio_limited_degradation,normal,125.0,1.0
INC-000175,542020041221088+20250827115912+Fiji-Nadi-LTE-DL-D!20250827112451,Fiji-Nadi-LTE-DL-D,2025-08-27 01:23:41+02:00,2025-08-27 01:23:42+02:00,1,2,65.87,65.87,67.07,64.4,0,2,0,rolling_local_drop,normal,123.0,1.0
INC-000853,542020041221088+20250828124723+Fiji-Nadi-LTE-DL-D!20250828124651,Fiji-Nadi-LTE-DL-D,2025-08-28 02:46:32+02:00,2025-08-28 02:46:32+02:00,1,1,65.87,65.87,67.01,64.48,0,1,0,rb_efficiency_underperformance,normal,167.0,0.0
INC-000323,542020041221088+20250827133105+Fiji-Nadi-LTE-DL-D!20250827124329,Fiji-Nadi-LTE-DL-D,2025-08-27 02:42:42+02:00,2025-08-27 02:42:43+02:00,1,2,65.86,65.86,70.66,59.99,0,2,0,radio_limited_degradation,normal,144.0,1.0
INC-000600,542020041221088+20250827160614+Fiji-Nadi-LTE-DL-D!20250827155934,Fiji-Nadi-LTE-DL-D,2025-08-27 05:57:32+02:00,2025-08-27 05:57:32+02:00,1,1,65.86,65.86,56.12,77.77,0,1,0,ca_underperformance,ml_quantile_p75_resource_underperformance,429.0,0.0
INC-000580,542020041221088+20250827153152+Fiji-Nadi-LTE-DL-D!20250827153105,Fiji-Nadi-LTE-DL-D,2025-08-27 05:30:06+02:00,2025-08-27 05:30:09+02:00,2,3,65.85,63.4,74.06,58.24,0,3,0,radio_limited_degradation,normal,487.0,3.0
INC-000092,542020041221088+20250827104347+Fiji-Nadi-LTE-DL-D!20250827104305,Fiji-Nadi-LTE-DL-D,2025-08-27 00:42:17+02:00,2025-08-27 00:42:17+02:00,1,1,65.82,65.82,60.0,72.94,0,1,0,sudden_drop,normal,393.0,0.0
INC-000438,542020041221088+20250827140149+Fiji-Nadi-LTE-DL-D!20250827134245,Fiji-Nadi-LTE-DL-D,2025-08-27 03:42:08+02:00,2025-08-27 03:42:08+02:00,1,1,65.81,65.81,69.58,61.2,0,1,0,sudden_drop,normal,135.0,0.0
INC-000933,542020041221088+20250828132455+Fiji-Nadi-LTE-DL-D!20250828131658,Fiji-Nadi-LTE-DL-D,2025-08-28 03:16:46+02:00,2025-08-28 03:16:46+02:00,1,1,65.79,65.79,58.01,75.29,0,1,0,sudden_drop,normal,254.0,0.0
INC-000528,542020041221088+20250827151332+Fiji-Nadi-LTE-DL-D!20250827151309,Fiji-Nadi-LTE-DL-D,2025-08-27 05:12:14+02:00,2025-08-27 05:12:14+02:00,1,1,65.78,65.78,69.53,61.2,0,1,0,sudden_drop,normal,115.0,0.0
INC-000073,542020041221088+20250827102926+Fiji-Nadi-LTE-DL-D!20250827102813,Fiji-Nadi-LTE-DL-D,2025-08-27 00:26:22+02:00,2025-08-27 00:26:22+02:00,1,1,65.77,65.77,66.04,65.43,0,1,0,ca_underperformance,normal,395.0,0.0
INC-000577,542020041221088+20250827152912+Fiji-Nadi-LTE-DL-D!20250827152850,Fiji-Nadi-LTE-DL-D,2025-08-27 05:27:31+02:00,2025-08-27 05:27:32+02:00,1,2,65.76,65.76,75.37,54.02,0,2,0,radio_limited_degradation,normal,50.0,1.0
INC-000924,542020041221088+20250828132455+Fiji-Nadi-LTE-DL-D!20250828131658,Fiji-Nadi-LTE-DL-D,2025-08-28 03:15:05+02:00,2025-08-28 03:15:05+02:00,1,1,65.76,65.76,72.5,57.54,0,1,0,radio_limited_degradation,normal,254.0,0.0
INC-000583,542020041221088+20250827154414+Fiji-Nadi-LTE-DL-D!20250827153533,Fiji-Nadi-LTE-DL-D,2025-08-27 05:33:30+02:00,2025-08-27 05:33:30+02:00,1,1,65.73,65.73,60.38,72.26,0,1,0,rolling_local_drop,normal,120.0,0.0
INC-000291,542020041221088+20250827131624+Fiji-Nadi-LTE-DL-D!20250827121056,Fiji-Nadi-LTE-DL-D,2025-08-27 02:10:40+02:00,2025-08-27 02:10:43+02:00,1,4,65.67,65.67,84.77,42.32,0,4,0,radio_limited_degradation,normal,135.0,3.0
INC-000456,542020041221088+20250827140810+Fiji-Nadi-LTE-DL-D!20250827140022,Fiji-Nadi-LTE-DL-D,2025-08-27 03:59:01+02:00,2025-08-27 03:59:03+02:00,1,3,65.67,65.67,68.54,62.15,0,3,0,rolling_local_drop,normal,124.0,2.0
INC-000207,542020041221088+20250827122555+Fiji-Nadi-LTE-DL-D!20250827113546,Fiji-Nadi-LTE-DL-D,2025-08-27 01:34:20+02:00,2025-08-27 01:34:20+02:00,1,1,65.66,65.66,69.32,61.2,0,1,0,sudden_drop,normal,394.0,0.0
INC-000428,542020041221088+20250827135949+Fiji-Nadi-LTE-DL-D!20250827134144,Fiji-Nadi-LTE-DL-D,2025-08-27 03:40:28+02:00,2025-08-27 03:40:29+02:00,1,2,65.61,65.61,59.22,73.42,0,2,0,rb_conditioned_underperformance,ml_hgb_strict_causal_temporal_underperformance,135.0,1.0
INC-000708,542020041221088+20250828113551+Fiji-Nadi-LTE-DL-D!20250828110238,Fiji-Nadi-LTE-DL-D,2025-08-28 01:01:39+02:00,2025-08-28 01:01:40+02:00,1,2,65.61,65.61,63.15,68.63,0,2,0,ca_underperformance,ml_hgb_strict_causal_temporal_underperformance,165.0,1.0
INC-000649,542020041221088+20250828103047+Fiji-Nadi-LTE-DL-D!20250828102736,Fiji-Nadi-LTE-DL-D,2025-08-28 00:26:53+02:00,2025-08-28 00:26:53+02:00,1,1,65.57,65.57,68.04,62.56,0,1,0,radio_limited_degradation,normal,487.0,0.0
INC-000746,542020041221088+20250828120254+Fiji-Nadi-LTE-DL-D!20250828113742,Fiji-Nadi-LTE-DL-D,2025-08-28 01:36:56+02:00,2025-08-28 01:37:10+02:00,4,6,65.56,63.852500000000006,81.86,47.29,0,6,0,radio_limited_degradation,normal,184.0,14.0
INC-000113,542020041221088+20250827105427+Fiji-Nadi-LTE-DL-D!20250827104733,Fiji-Nadi-LTE-DL-D,2025-08-27 00:46:37+02:00,2025-08-27 00:46:39+02:00,1,3,65.56,65.56,69.14,61.2,0,3,0,rolling_local_drop,normal,128.0,2.0
INC-000448,542020041221088+20250827140609+Fiji-Nadi-LTE-DL-D!20250827135810,Fiji-Nadi-LTE-DL-D,2025-08-27 03:56:34+02:00,2025-08-27 03:56:34+02:00,1,1,65.56,65.56,60.1,72.22,0,1,0,sudden_drop,normal,123.0,0.0
INC-000934,542020041221088+20250828132455+Fiji-Nadi-LTE-DL-D!20250828131658,Fiji-Nadi-LTE-DL-D,2025-08-28 03:16:54+02:00,2025-08-28 03:16:55+02:00,1,2,65.53,65.53,69.08,61.2,0,2,0,rolling_local_drop,normal,254.0,1.0
INC-000636,542020041221088+20250828102346+Fiji-Nadi-LTE-DL-D!20250828102312,Fiji-Nadi-LTE-DL-D,2025-08-28 00:23:07+02:00,2025-08-28 00:23:07+02:00,1,1,65.45,65.45,67.81,62.56,0,1,0,radio_limited_degradation,normal,338.0,0.0
INC-001013,542020041221088+20250828140057+Fiji-Nadi-LTE-DL-D!20250828135741,Fiji-Nadi-LTE-DL-D,2025-08-28 03:57:33+02:00,2025-08-28 03:57:35+02:00,1,3,65.43,65.43,83.03,43.91,0,3,0,radio_limited_degradation,normal,183.0,2.0
INC-000523,542020041221088+20250827151332+Fiji-Nadi-LTE-DL-D!20250827151309,Fiji-Nadi-LTE-DL-D,2025-08-27 05:11:31+02:00,2025-08-27 05:11:31+02:00,1,1,65.43,65.43,67.79,62.56,0,1,0,radio_limited_degradation,normal,115.0,0.0
INC-000610,542020041221088+20250827161154+Fiji-Nadi-LTE-DL-D!20250827160820,Fiji-Nadi-LTE-DL-D,2025-08-27 06:06:19+02:00,2025-08-27 06:06:30+02:00,4,6,65.41,62.68,82.19,44.92,0,6,0,radio_limited_degradation,normal,469.0,11.0
INC-000640,542020041221088+20250828102746+Fiji-Nadi-LTE-DL-D!20250828102524,Fiji-Nadi-LTE-DL-D,2025-08-28 00:24:04+02:00,2025-08-28 00:24:04+02:00,1,1,65.4,65.4,67.73,62.56,0,1,0,radio_limited_degradation,normal,338.0,0.0
INC-001026,542020041221088+20250828140457+Fiji-Nadi-LTE-DL-D!20250828140425,Fiji-Nadi-LTE-DL-D,2025-08-28 04:03:51+02:00,2025-08-28 04:03:52+02:00,1,2,65.39,65.39,63.43,67.78,0,2,0,radio_limited_degradation,normal,139.0,1.0
INC-000513,542020041221088+20250827151132+Fiji-Nadi-LTE-DL-D!20250827151053,Fiji-Nadi-LTE-DL-D,2025-08-27 05:09:09+02:00,2025-08-27 05:09:10+02:00,1,2,65.36,65.36,72.12,57.11,0,2,0,radio_limited_degradation,normal,448.0,1.0
INC-000999,542020041221088+20250828135437+Fiji-Nadi-LTE-DL-D!20250828135310,Fiji-Nadi-LTE-DL-D,2025-08-28 03:52:50+02:00,2025-08-28 03:52:54+02:00,2,3,65.35,62.41,73.8,55.04,0,3,0,radio_limited_degradation,normal,232.0,4.0
INC-000883,542020041221088+20250828125624+Fiji-Nadi-LTE-DL-D!20250828125546,Fiji-Nadi-LTE-DL-D,2025-08-28 02:55:24+02:00,2025-08-28 02:55:24+02:00,1,1,65.33,65.33,78.15,49.66,0,1,0,radio_limited_degradation,normal,275.0,0.0
INC-000918,542020041221088+20250828131954+Fiji-Nadi-LTE-DL-D!20250828131344,Fiji-Nadi-LTE-DL-D,2025-08-28 03:12:46+02:00,2025-08-28 03:12:48+02:00,1,3,65.3,65.3,61.03,70.51,0,3,0,ca_underperformance,normal,352.0,2.0
INC-000564,542020041221088+20250827152532+Fiji-Nadi-LTE-DL-D!20250827152209,Fiji-Nadi-LTE-DL-D,2025-08-27 05:21:36+02:00,2025-08-27 05:21:36+02:00,1,1,65.29,65.29,67.52,62.56,0,1,0,radio_limited_degradation,normal,120.0,0.0
INC-000455,542020041221088+20250827140810+Fiji-Nadi-LTE-DL-D!20250827140022,Fiji-Nadi-LTE-DL-D,2025-08-27 03:58:51+02:00,2025-08-27 03:58:52+02:00,1,2,65.25,65.25,69.59,59.94,0,2,0,rolling_local_drop,normal,124.0,1.0
INC-000650,542020041221088+20250828103047+Fiji-Nadi-LTE-DL-D!20250828102736,Fiji-Nadi-LTE-DL-D,2025-08-28 00:27:01+02:00,2025-08-28 00:27:02+02:00,1,2,65.21,65.21,69.1,60.45,0,2,0,rolling_local_drop,normal,487.0,1.0
INC-000627,542020041221088+20250827161234+Fiji-Nadi-LTE-DL-D!20250827161029,Fiji-Nadi-LTE-DL-D,2025-08-27 06:10:21+02:00,2025-08-27 06:10:26+02:00,2,4,65.19,63.565,78.36,49.08,0,4,0,radio_limited_degradation,normal,469.0,5.0
INC-000534,542020041221088+20250827151332+Fiji-Nadi-LTE-DL-D!20250827151309,Fiji-Nadi-LTE-DL-D,2025-08-27 05:13:05+02:00,2025-08-27 05:13:06+02:00,1,2,65.18,65.18,68.43,61.2,0,2,0,rolling_local_drop,normal,115.0,1.0
INC-001059,542020041221088+20250828142038+Fiji-Nadi-LTE-DL-D!20250828142010,Fiji-Nadi-LTE-DL-D,2025-08-28 04:18:25+02:00,2025-08-28 04:18:25+02:00,1,1,65.17,65.17,68.15,61.53,0,1,0,ca_underperformance,normal,196.0,0.0
INC-000297,542020041221088+20250827131704+Fiji-Nadi-LTE-DL-D!20250827121308,Fiji-Nadi-LTE-DL-D,2025-08-27 02:11:56+02:00,2025-08-27 02:11:59+02:00,1,4,65.16,65.16,73.15,55.39,0,4,0,ca_underperformance,normal,363.0,3.0
INC-000750,542020041221088+20250828121001+Fiji-Nadi-LTE-DL-D!20250828114201,Fiji-Nadi-LTE-DL-D,2025-08-28 01:40:54+02:00,2025-08-28 01:40:55+02:00,1,2,65.16,65.16,74.87,53.29,0,2,0,radio_limited_degradation,normal,184.0,1.0
INC-000424,542020041221088+20250827135649+Fiji-Nadi-LTE-DL-D!20250827133934,Fiji-Nadi-LTE-DL-D,2025-08-27 03:39:26+02:00,2025-08-27 03:39:26+02:00,1,1,65.14,65.14,67.25,62.56,0,1,0,radio_limited_degradation,normal,137.0,0.0
INC-000546,542020041221088+20250827151812+Fiji-Nadi-LTE-DL-D!20250827151738,Fiji-Nadi-LTE-DL-D,2025-08-27 05:16:25+02:00,2025-08-27 05:16:25+02:00,1,1,65.12,65.12,67.22,62.56,0,1,0,radio_limited_degradation,normal,122.0,0.0
INC-000620,542020041221088+20250827161234+Fiji-Nadi-LTE-DL-D!20250827161029,Fiji-Nadi-LTE-DL-D,2025-08-27 06:08:46+02:00,2025-08-27 06:08:47+02:00,1,2,65.11,65.11,70.92,58.0,0,2,0,ca_underperformance,normal,395.0,1.0
INC-000671,542020041221088+20250828104547+Fiji-Nadi-LTE-DL-D!20250828104505,Fiji-Nadi-LTE-DL-D,2025-08-28 00:44:39+02:00,2025-08-28 00:44:44+02:00,2,5,65.08,63.894999999999996,73.06,56.84,0,5,0,radio_limited_degradation,normal,312.0,5.0
INC-000827,542020041221088+20250828123823+Fiji-Nadi-LTE-DL-D!20250828123754,Fiji-Nadi-LTE-DL-D,2025-08-28 02:37:52+02:00,2025-08-28 02:37:52+02:00,1,1,65.06,65.06,70.02,59.0,0,1,0,sudden_drop,normal,313.0,0.0
INC-000747,542020041221088+20250828120254+Fiji-Nadi-LTE-DL-D!20250828113742,Fiji-Nadi-LTE-DL-D,2025-08-28 01:37:16+02:00,2025-08-28 01:37:24+02:00,3,4,65.04,63.35333333333333,80.6,48.16,0,4,0,radio_limited_degradation,normal,184.0,8.0
INC-001081,542020041221088+20250828144059+Fiji-Nadi-LTE-DL-D!20250828144029,Fiji-Nadi-LTE-DL-D,2025-08-28 04:40:07+02:00,2025-08-28 04:40:08+02:00,1,2,65.03,65.03,49.47,84.04,1,1,0,ca_underperformance,ml_quantile_p75_resource_underperformance,346.0,1.0
INC-000495,542020041221088+20250827141230+Fiji-Nadi-LTE-DL-D!20250827140734,Fiji-Nadi-LTE-DL-D,2025-08-27 04:07:13+02:00,2025-08-27 04:07:16+02:00,1,4,65.01,65.01,74.49,53.43,0,4,0,ca_underperformance,normal,125.0,3.0
INC-000060,542020041221088+20250827100525+Fiji-Nadi-LTE-DL-D!20250827100437,Fiji-Nadi-LTE-DL-D,2025-08-27 00:04:23+02:00,2025-08-27 00:04:24+02:00,1,2,64.99,64.99,66.26,63.45,0,2,0,sudden_drop,normal,148.0,1.0
INC-000942,542020041221088+20250828132735+Fiji-Nadi-LTE-DL-D!20250828132130,Fiji-Nadi-LTE-DL-D,2025-08-28 03:19:55+02:00,2025-08-28 03:19:56+02:00,1,2,64.99,64.99,66.97,62.56,0,2,0,radio_limited_degradation,normal,234.0,1.0
INC-001104,542020041221088+20250828154042+Fiji-Nadi-LTE-DL-D!20250828153246,Fiji-Nadi-LTE-DL-D,2025-08-28 05:32:32+02:00,2025-08-28 05:32:35+02:00,2,3,64.95,64.61500000000001,81.04,47.52,0,3,0,radio_limited_degradation,normal,488.0,3.0
INC-000386,542020041221088+20250827134607+Fiji-Nadi-LTE-DL-D!20250827131425,Fiji-Nadi-LTE-DL-D,2025-08-27 03:13:55+02:00,2025-08-27 03:13:57+02:00,1,3,64.93,64.93,67.36,61.95,0,3,0,radio_limited_degradation,normal,339.0,2.0
INC-000034,542020041221088+20250827095145+Fiji-Nadi-LTE-DL-D!20250827095034,Fiji-Nadi-LTE-DL-D,2025-08-26 23:48:59+02:00,2025-08-26 23:49:00+02:00,1,2,64.91,64.91,67.0,62.36,0,2,0,radio_limited_degradation,normal,151.0,1.0
INC-000613,542020041221088+20250827161154+Fiji-Nadi-LTE-DL-D!20250827160820,Fiji-Nadi-LTE-DL-D,2025-08-27 06:07:19+02:00,2025-08-27 06:07:20+02:00,1,2,64.91,64.91,82.2,43.77,0,2,0,radio_limited_degradation,normal,393.0,1.0
INC-000835,542020041221088+20250828124043+Fiji-Nadi-LTE-DL-D!20250828124009,Fiji-Nadi-LTE-DL-D,2025-08-28 02:40:08+02:00,2025-08-28 02:40:08+02:00,1,1,64.91,64.91,68.57,60.44,0,1,0,ca_underperformance,normal,169.0,0.0
INC-000537,542020041221088+20250827151552+Fiji-Nadi-LTE-DL-D!20250827151524,Fiji-Nadi-LTE-DL-D,2025-08-27 05:14:21+02:00,2025-08-27 05:14:23+02:00,1,3,64.9,64.9,65.15,64.58,0,3,0,rolling_local_drop,normal,50.0,2.0
INC-000794,542020041221088+20250828122702+Fiji-Nadi-LTE-DL-D!20250828122042,Fiji-Nadi-LTE-DL-D,2025-08-28 02:20:12+02:00,2025-08-28 02:20:12+02:00,1,1,64.9,64.9,67.94,61.2,0,1,0,sudden_drop,normal,141.0,0.0
INC-000464,542020041221088+20250827140850+Fiji-Nadi-LTE-DL-D!20250827140234,Fiji-Nadi-LTE-DL-D,2025-08-27 04:00:32+02:00,2025-08-27 04:00:32+02:00,1,1,64.89,64.89,66.8,62.56,0,1,0,radio_limited_degradation,normal,124.0,0.0
INC-000140,542020041221088+20250827110647+Fiji-Nadi-LTE-DL-D!20250827105407,Fiji-Nadi-LTE-DL-D,2025-08-27 00:53:02+02:00,2025-08-27 00:53:03+02:00,1,2,64.88,64.88,66.81,62.53,0,2,0,rb_conditioned_underperformance,normal,210.0,1.0
INC-000444,542020041221088+20250827140349+Fiji-Nadi-LTE-DL-D!20250827135601,Fiji-Nadi-LTE-DL-D,2025-08-27 03:54:25+02:00,2025-08-27 03:54:30+02:00,2,4,64.87,62.03,59.7,71.18,0,4,0,radio_limited_degradation,normal,123.0,5.0
INC-000407,542020041221088+20250827135348+Fiji-Nadi-LTE-DL-D!20250827133514,Fiji-Nadi-LTE-DL-D,2025-08-27 03:33:38+02:00,2025-08-27 03:33:40+02:00,1,3,64.84,64.84,81.9,43.99,0,3,0,radio_limited_degradation,normal,147.0,2.0
INC-000253,542020041221088+20250827123738+Fiji-Nadi-LTE-DL-D!20250827115101,Fiji-Nadi-LTE-DL-D,2025-08-27 01:48:59+02:00,2025-08-27 01:48:59+02:00,1,1,64.78,64.78,57.89,73.21,0,1,0,rolling_local_drop,normal,158.0,0.0
INC-000705,542020041221088+20250828113351+Fiji-Nadi-LTE-DL-D!20250828110026,Fiji-Nadi-LTE-DL-D,2025-08-28 01:00:01+02:00,2025-08-28 01:00:01+02:00,1,1,64.78,64.78,72.47,55.38,0,1,0,radio_limited_degradation,normal,272.0,0.0
INC-000264,542020041221088+20250827123938+Fiji-Nadi-LTE-DL-D!20250827115735,Fiji-Nadi-LTE-DL-D,2025-08-27 01:56:48+02:00,2025-08-27 01:56:48+02:00,1,1,64.77,64.77,54.62,77.19,0,1,0,sudden_drop,normal,156.0,0.0
INC-001063,542020041221088+20250828142739+Fiji-Nadi-LTE-DL-D!20250828142656,Fiji-Nadi-LTE-DL-D,2025-08-28 04:26:03+02:00,2025-08-28 04:26:03+02:00,1,1,64.73,64.73,61.66,68.48,0,1,0,ca_underperformance,normal,139.0,0.0
INC-000368,542020041221088+20250827134247+Fiji-Nadi-LTE-DL-D!20250827130749,Fiji-Nadi-LTE-DL-D,2025-08-27 03:07:17+02:00,2025-08-27 03:07:17+02:00,1,1,64.72,64.72,67.61,61.2,0,1,0,sudden_drop,normal,394.0,0.0
INC-000549,542020041221088+20250827151812+Fiji-Nadi-LTE-DL-D!20250827151738,Fiji-Nadi-LTE-DL-D,2025-08-27 05:16:58+02:00,2025-08-27 05:16:58+02:00,1,1,64.72,64.72,66.48,62.56,0,1,0,radio_limited_degradation,normal,122.0,0.0
INC-000099,542020041221088+20250827104707+Fiji-Nadi-LTE-DL-D!20250827104518,Fiji-Nadi-LTE-DL-D,2025-08-27 00:43:45+02:00,2025-08-27 00:43:45+02:00,1,1,64.71,64.71,68.97,59.49,0,1,0,sudden_drop,normal,431.0,0.0
INC-000652,542020041221088+20250828103047+Fiji-Nadi-LTE-DL-D!20250828102736,Fiji-Nadi-LTE-DL-D,2025-08-28 00:27:31+02:00,2025-08-28 00:27:32+02:00,1,2,64.7,64.7,56.96,74.17,0,2,0,rolling_local_drop,normal,487.0,1.0
INC-000550,542020041221088+20250827151812+Fiji-Nadi-LTE-DL-D!20250827151738,Fiji-Nadi-LTE-DL-D,2025-08-27 05:17:16+02:00,2025-08-27 05:17:17+02:00,1,2,64.69,64.69,62.2,67.73,0,2,0,radio_limited_degradation,normal,122.0,1.0
INC-000046,542020041221088+20250827100005+Fiji-Nadi-LTE-DL-D!20250827095853,Fiji-Nadi-LTE-DL-D,2025-08-26 23:57:35+02:00,2025-08-26 23:57:35+02:00,1,1,64.69,64.69,67.55,61.2,0,1,0,sudden_drop,normal,151.0,0.0
INC-000203,542020041221088+20250827122335+Fiji-Nadi-LTE-DL-D!20250827113336,Fiji-Nadi-LTE-DL-D,2025-08-27 01:33:30+02:00,2025-08-27 01:33:30+02:00,1,1,64.69,64.69,56.02,75.28,0,1,0,sudden_drop,normal,393.0,0.0
INC-000283,542020041221088+20250827131523+Fiji-Nadi-LTE-DL-D!20250827120845,Fiji-Nadi-LTE-DL-D,2025-08-27 02:08:15+02:00,2025-08-27 02:08:17+02:00,1,3,64.67,64.67,83.88,41.2,0,3,0,radio_limited_degradation,normal,138.0,2.0
INC-000326,542020041221088+20250827133105+Fiji-Nadi-LTE-DL-D!20250827124329,Fiji-Nadi-LTE-DL-D,2025-08-27 02:43:03+02:00,2025-08-27 02:43:03+02:00,1,1,64.67,64.67,55.37,76.05,0,1,0,radio_limited_degradation,normal,144.0,0.0
INC-000257,542020041221088+20250827123818+Fiji-Nadi-LTE-DL-D!20250827115313,Fiji-Nadi-LTE-DL-D,2025-08-27 01:52:09+02:00,2025-08-27 01:52:10+02:00,1,2,64.66,64.66,66.18,62.81,0,2,0,radio_limited_degradation,normal,158.0,1.0
INC-000236,542020041221088+20250827123437+Fiji-Nadi-LTE-DL-D!20250827114425,Fiji-Nadi-LTE-DL-D,2025-08-27 01:42:37+02:00,2025-08-27 01:42:40+02:00,1,4,64.62,64.62,84.42,40.41,0,4,0,radio_limited_degradation,normal,335.0,3.0
INC-000497,542020041221088+20250827144511+Fiji-Nadi-LTE-DL-D!20250827144430,Fiji-Nadi-LTE-DL-D,2025-08-27 04:42:28+02:00,2025-08-27 04:42:40+02:00,3,8,64.6,60.97666666666667,82.06,43.3,0,8,0,radio_limited_degradation,normal,402.0,12.0
INC-000107,542020041221088+20250827104707+Fiji-Nadi-LTE-DL-D!20250827104518,Fiji-Nadi-LTE-DL-D,2025-08-27 00:45:15+02:00,2025-08-27 00:45:15+02:00,1,1,64.6,64.6,66.27,62.56,0,1,0,radio_limited_degradation,normal,127.0,0.0
INC-000197,542020041221088+20250827122034+Fiji-Nadi-LTE-DL-D!20250827113125,Fiji-Nadi-LTE-DL-D,2025-08-27 01:31:14+02:00,2025-08-27 01:31:14+02:00,1,1,64.6,64.6,67.37,61.2,0,1,0,sudden_drop,normal,394.0,0.0
INC-000977,542020041221088+20250828134256+Fiji-Nadi-LTE-DL-D!20250828133718,Fiji-Nadi-LTE-DL-D,2025-08-28 03:35:24+02:00,2025-08-28 03:35:25+02:00,1,2,64.59,64.59,70.1,57.84,0,2,0,radio_limited_degradation,normal,167.0,1.0
INC-000741,542020041221088+20250828115533+Fiji-Nadi-LTE-DL-D!20250828113110,Fiji-Nadi-LTE-DL-D,2025-08-28 01:30:31+02:00,2025-08-28 01:30:37+02:00,2,5,64.58,62.215,83.2,41.82,0,5,0,radio_limited_degradation,normal,184.0,6.0
INC-000152,542020041221088+20250827112649+Fiji-Nadi-LTE-DL-D!20250827110516,Fiji-Nadi-LTE-DL-D,2025-08-27 01:03:52+02:00,2025-08-27 01:03:53+02:00,1,2,64.58,64.58,72.92,54.39,0,2,0,radio_limited_degradation,normal,82.0,1.0
INC-000954,542020041221088+20250828133115+Fiji-Nadi-LTE-DL-D!20250828132346,Fiji-Nadi-LTE-DL-D,2025-08-28 03:23:42+02:00,2025-08-28 03:23:43+02:00,1,2,64.58,64.58,66.39,62.36,0,2,0,radio_limited_degradation,normal,251.0,1.0
INC-000744,542020041221088+20250828120053+Fiji-Nadi-LTE-DL-D!20250828113532,Fiji-Nadi-LTE-DL-D,2025-08-28 01:35:18+02:00,2025-08-28 01:35:21+02:00,1,4,64.57,64.57,70.31,57.55,0,4,0,ca_underperformance,normal,184.0,3.0
INC-000298,542020041221088+20250827131704+Fiji-Nadi-LTE-DL-D!20250827121308,Fiji-Nadi-LTE-DL-D,2025-08-27 02:12:03+02:00,2025-08-27 02:12:04+02:00,1,2,64.54,64.54,74.58,52.27,0,2,0,radio_limited_degradation,normal,146.0,1.0
INC-000303,542020041221088+20250827131704+Fiji-Nadi-LTE-DL-D!20250827121308,Fiji-Nadi-LTE-DL-D,2025-08-27 02:12:35+02:00,2025-08-27 02:12:39+02:00,1,5,64.53,64.53,81.6,43.66,0,5,0,radio_limited_degradation,normal,363.0,4.0
INC-000997,542020041221088+20250828135437+Fiji-Nadi-LTE-DL-D!20250828135310,Fiji-Nadi-LTE-DL-D,2025-08-28 03:52:25+02:00,2025-08-28 03:52:25+02:00,1,1,64.52,64.52,55.28,75.8,0,1,0,rb_efficiency_underperformance,normal,168.0,0.0
INC-000842,542020041221088+20250828124503+Fiji-Nadi-LTE-DL-D!20250828124436,Fiji-Nadi-LTE-DL-D,2025-08-28 02:42:34+02:00,2025-08-28 02:42:36+02:00,1,3,64.51,64.51,66.57,61.99,0,3,0,ca_underperformance,normal,345.0,2.0
INC-000554,542020041221088+20250827152052+Fiji-Nadi-LTE-DL-D!20250827151954,Fiji-Nadi-LTE-DL-D,2025-08-27 05:18:51+02:00,2025-08-27 05:18:52+02:00,1,2,64.5,64.5,67.32,61.06,0,2,0,rolling_local_drop,normal,120.0,1.0
INC-000481,542020041221088+20250827141110+Fiji-Nadi-LTE-DL-D!20250827140445,Fiji-Nadi-LTE-DL-D,2025-08-27 04:04:19+02:00,2025-08-27 04:04:20+02:00,1,2,64.46,64.46,62.26,67.14,0,2,0,radio_limited_degradation,normal,124.0,1.0
INC-001003,542020041221088+20250828140057+Fiji-Nadi-LTE-DL-D!20250828135741,Fiji-Nadi-LTE-DL-D,2025-08-28 03:55:48+02:00,2025-08-28 03:55:48+02:00,1,1,64.44,64.44,79.24,46.34,0,1,0,radio_limited_degradation,normal,183.0,0.0
INC-000589,542020041221088+20250827155633+Fiji-Nadi-LTE-DL-D!20250827154210,Fiji-Nadi-LTE-DL-D,2025-08-27 05:40:40+02:00,2025-08-27 05:40:41+02:00,1,2,64.4,64.4,79.96,45.38,0,2,0,radio_limited_degradation,normal,487.0,1.0
INC-000047,542020041221088+20250827100005+Fiji-Nadi-LTE-DL-D!20250827095853,Fiji-Nadi-LTE-DL-D,2025-08-26 23:57:48+02:00,2025-08-26 23:57:51+02:00,1,4,64.39,64.39,77.31,48.6,0,4,0,radio_limited_degradation,normal,151.0,3.0
INC-000516,542020041221088+20250827151132+Fiji-Nadi-LTE-DL-D!20250827151053,Fiji-Nadi-LTE-DL-D,2025-08-27 05:10:03+02:00,2025-08-27 05:10:13+02:00,3,4,64.34,60.46333333333334,56.08,75.0,0,4,0,radio_limited_degradation,normal,115.0,10.0
INC-001102,542020041221088+20250828154002+Fiji-Nadi-LTE-DL-D!20250828153143,Fiji-Nadi-LTE-DL-D,2025-08-28 05:30:45+02:00,2025-08-28 05:30:49+02:00,1,5,64.33,64.33,80.77,44.24,0,5,0,radio_limited_degradation,normal,488.0,4.0
INC-000079,542020041221088+20250827102926+Fiji-Nadi-LTE-DL-D!20250827102813,Fiji-Nadi-LTE-DL-D,2025-08-27 00:27:57+02:00,2025-08-27 00:27:58+02:00,1,2,64.33,64.33,81.65,43.17,0,2,0,radio_limited_degradation,normal,395.0,1.0
INC-000957,542020041221088+20250828133556+Fiji-Nadi-LTE-DL-D!20250828132602,Fiji-Nadi-LTE-DL-D,2025-08-28 03:25:20+02:00,2025-08-28 03:25:21+02:00,1,2,64.31,64.31,66.86,61.2,0,2,0,rolling_local_drop,normal,234.0,1.0
INC-000492,542020041221088+20250827141150+Fiji-Nadi-LTE-DL-D!20250827140658,Fiji-Nadi-LTE-DL-D,2025-08-27 04:06:49+02:00,2025-08-27 04:06:50+02:00,1,2,64.3,64.3,77.61,48.03,0,2,0,ca_underperformance,normal,122.0,1.0
INC-000494,542020041221088+20250827141230+Fiji-Nadi-LTE-DL-D!20250827140734,Fiji-Nadi-LTE-DL-D,2025-08-27 04:07:10+02:00,2025-08-27 04:07:10+02:00,1,1,64.29,64.29,79.19,46.08,0,1,0,radio_limited_degradation,normal,125.0,0.0
INC-000008,542020041221088+20250827094505+Fiji-Nadi-LTE-DL-D!20250827094151,Fiji-Nadi-LTE-DL-D,2025-08-26 23:41:35+02:00,2025-08-26 23:41:36+02:00,1,2,64.28,64.28,65.69,62.56,0,2,0,radio_limited_degradation,normal,288.0,1.0
INC-001039,542020041221088+20250828141158+Fiji-Nadi-LTE-DL-D!20250828141111,Fiji-Nadi-LTE-DL-D,2025-08-28 04:09:32+02:00,2025-08-28 04:09:32+02:00,1,1,64.27,64.27,78.87,46.42,0,1,0,radio_limited_degradation,normal,196.0,0.0
INC-000142,542020041221088+20250827110647+Fiji-Nadi-LTE-DL-D!20250827105407,Fiji-Nadi-LTE-DL-D,2025-08-27 00:53:11+02:00,2025-08-27 00:53:13+02:00,1,3,64.26,64.26,74.74,51.46,0,3,0,radio_limited_degradation,normal,210.0,2.0
INC-000186,542020041221088+20250827121333+Fiji-Nadi-LTE-DL-D!20250827112914,Fiji-Nadi-LTE-DL-D,2025-08-27 01:29:11+02:00,2025-08-27 01:29:12+02:00,1,2,64.26,64.26,60.52,68.83,0,2,0,rb_efficiency_underperformance,ml_quantile_p75_resource_underperformance,321.0,1.0
INC-000248,542020041221088+20250827123517+Fiji-Nadi-LTE-DL-D!20250827114634,Fiji-Nadi-LTE-DL-D,2025-08-27 01:45:49+02:00,2025-08-27 01:45:49+02:00,1,1,64.24,64.24,65.46,62.74,0,1,0,ca_underperformance,normal,153.0,0.0
INC-001024,542020041221088+20250828140457+Fiji-Nadi-LTE-DL-D!20250828140425,Fiji-Nadi-LTE-DL-D,2025-08-28 04:03:26+02:00,2025-08-28 04:03:27+02:00,1,2,64.23,64.23,56.01,74.27,0,2,0,rb_conditioned_underperformance,normal,139.0,1.0
INC-000555,542020041221088+20250827152052+Fiji-Nadi-LTE-DL-D!20250827151954,Fiji-Nadi-LTE-DL-D,2025-08-27 05:19:12+02:00,2025-08-27 05:19:12+02:00,1,1,64.23,64.23,55.46,74.96,0,1,0,sudden_drop,normal,120.0,0.0
INC-000877,542020041221088+20250828125404+Fiji-Nadi-LTE-DL-D!20250828125334,Fiji-Nadi-LTE-DL-D,2025-08-28 02:53:13+02:00,2025-08-28 02:53:13+02:00,1,1,64.22,64.22,63.37,65.25,0,1,0,ca_underperformance,ml_quantile_p75_resource_underperformance,167.0,0.0
INC-000647,542020041221088+20250828103047+Fiji-Nadi-LTE-DL-D!20250828102736,Fiji-Nadi-LTE-DL-D,2025-08-28 00:26:18+02:00,2025-08-28 00:26:20+02:00,1,3,64.18,64.18,58.17,71.51,0,3,0,rolling_local_drop,normal,487.0,2.0
INC-000204,542020041221088+20250827122555+Fiji-Nadi-LTE-DL-D!20250827113546,Fiji-Nadi-LTE-DL-D,2025-08-27 01:33:52+02:00,2025-08-27 01:33:52+02:00,1,1,64.18,64.18,65.51,62.56,0,1,0,radio_limited_degradation,normal,393.0,0.0
INC-000218,542020041221088+20250827122836+Fiji-Nadi-LTE-DL-D!20250827113757,Fiji-Nadi-LTE-DL-D,2025-08-27 01:37:12+02:00,2025-08-27 01:37:14+02:00,1,3,64.17,64.17,65.88,62.07,0,3,0,radio_limited_degradation,normal,134.0,2.0
INC-000856,542020041221088+20250828124943+Fiji-Nadi-LTE-DL-D!20250828124907,Fiji-Nadi-LTE-DL-D,2025-08-28 02:48:52+02:00,2025-08-28 02:48:54+02:00,1,3,64.15,64.15,67.47,60.09,0,3,0,ca_underperformance,normal,170.0,2.0
INC-000943,542020041221088+20250828132735+Fiji-Nadi-LTE-DL-D!20250828132130,Fiji-Nadi-LTE-DL-D,2025-08-28 03:20:09+02:00,2025-08-28 03:20:11+02:00,1,3,64.15,64.15,67.45,60.11,0,3,0,radio_limited_degradation,normal,250.0,2.0
INC-000713,542020041221088+20250828113631+Fiji-Nadi-LTE-DL-D!20250828110448,Fiji-Nadi-LTE-DL-D,2025-08-28 01:03:38+02:00,2025-08-28 01:03:39+02:00,1,2,64.15,64.15,76.02,49.65,0,2,0,radio_limited_degradation,normal,352.0,1.0
INC-000266,542020041221088+20250827123938+Fiji-Nadi-LTE-DL-D!20250827115735,Fiji-Nadi-LTE-DL-D,2025-08-27 01:57:13+02:00,2025-08-27 01:57:13+02:00,1,1,64.15,64.15,65.45,62.56,0,1,0,radio_limited_degradation,normal,156.0,0.0
INC-000502,542020041221088+20250827144731+Fiji-Nadi-LTE-DL-D!20250827144643,Fiji-Nadi-LTE-DL-D,2025-08-27 04:45:03+02:00,2025-08-27 04:45:07+02:00,1,5,64.11,64.11,79.96,44.74,0,5,0,radio_limited_degradation,normal,487.0,4.0
INC-000480,542020041221088+20250827141110+Fiji-Nadi-LTE-DL-D!20250827140445,Fiji-Nadi-LTE-DL-D,2025-08-27 04:03:53+02:00,2025-08-27 04:03:54+02:00,1,2,64.1,64.1,65.52,62.36,0,2,0,radio_limited_degradation,normal,124.0,1.0
INC-001061,542020041221088+20250828142258+Fiji-Nadi-LTE-DL-D!20250828142226,Fiji-Nadi-LTE-DL-D,2025-08-28 04:20:26+02:00,2025-08-28 04:20:26+02:00,1,1,64.1,64.1,53.06,77.6,0,1,0,rb_conditioned_underperformance,ml_quantile_p75_resource_underperformance,197.0,0.0
INC-000103,542020041221088+20250827104707+Fiji-Nadi-LTE-DL-D!20250827104518,Fiji-Nadi-LTE-DL-D,2025-08-27 00:44:41+02:00,2025-08-27 00:44:41+02:00,1,1,64.09,64.09,66.46,61.2,0,1,0,sudden_drop,normal,127.0,0.0
INC-000339,542020041221088+20250827133827+Fiji-Nadi-LTE-DL-D!20250827130111,Fiji-Nadi-LTE-DL-D,2025-08-27 03:00:29+02:00,2025-08-27 03:00:30+02:00,1,2,64.07,64.07,74.14,51.77,0,2,0,radio_limited_degradation,normal,309.0,1.0
INC-000311,542020041221088+20250827132304+Fiji-Nadi-LTE-DL-D!20250827122156,Fiji-Nadi-LTE-DL-D,2025-08-27 02:21:20+02:00,2025-08-27 02:21:20+02:00,1,1,64.07,64.07,61.58,67.12,0,1,0,ca_underperformance,normal,147.0,0.0
INC-000625,542020041221088+20250827161234+Fiji-Nadi-LTE-DL-D!20250827161029,Fiji-Nadi-LTE-DL-D,2025-08-27 06:10:06+02:00,2025-08-27 06:10:06+02:00,1,1,64.07,64.07,76.87,48.42,0,1,0,radio_limited_degradation,normal,148.0,0.0
INC-000164,542020041221088+20250827114430+Fiji-Nadi-LTE-DL-D!20250827111604,Fiji-Nadi-LTE-DL-D,2025-08-27 01:15:16+02:00,2025-08-27 01:15:22+02:00,1,7,64.06,64.06,66.46,61.12,0,7,0,radio_p75_underperformance,normal,116.0,6.0
INC-001006,542020041221088+20250828140057+Fiji-Nadi-LTE-DL-D!20250828135741,Fiji-Nadi-LTE-DL-D,2025-08-28 03:56:03+02:00,2025-08-28 03:56:05+02:00,2,2,64.04,63.97,78.09,46.88,0,2,0,radio_limited_degradation,normal,182.0,2.0
INC-000666,542020041221088+20250828104127+Fiji-Nadi-LTE-DL-D!20250828104043,Fiji-Nadi-LTE-DL-D,2025-08-28 00:38:54+02:00,2025-08-28 00:38:54+02:00,1,1,64.04,64.04,66.08,61.53,0,1,0,ca_underperformance,normal,159.0,0.0
INC-000489,542020041221088+20250827141150+Fiji-Nadi-LTE-DL-D!20250827140658,Fiji-Nadi-LTE-DL-D,2025-08-27 04:06:22+02:00,2025-08-27 04:06:22+02:00,1,1,64.03,64.03,79.25,45.44,0,1,0,radio_limited_degradation,normal,339.0,0.0
INC-000616,542020041221088+20250827161154+Fiji-Nadi-LTE-DL-D!20250827160820,Fiji-Nadi-LTE-DL-D,2025-08-27 06:07:47+02:00,2025-08-27 06:07:48+02:00,1,2,64.02,64.02,79.82,44.71,0,2,0,radio_limited_degradation,normal,148.0,1.0
INC-001005,542020041221088+20250828140057+Fiji-Nadi-LTE-DL-D!20250828135741,Fiji-Nadi-LTE-DL-D,2025-08-28 03:55:55+02:00,2025-08-28 03:55:56+02:00,1,2,64.02,64.02,67.3,60.01,0,2,0,ca_underperformance,normal,182.0,1.0
INC-000441,542020041221088+20250827140149+Fiji-Nadi-LTE-DL-D!20250827134245,Fiji-Nadi-LTE-DL-D,2025-08-27 03:42:31+02:00,2025-08-27 03:42:31+02:00,1,1,64.01,64.01,66.3,61.2,0,1,0,sudden_drop,normal,135.0,0.0
INC-000909,542020041221088+20250828131005+Fiji-Nadi-LTE-DL-D!20250828130912,Fiji-Nadi-LTE-DL-D,2025-08-28 03:08:51+02:00,2025-08-28 03:08:52+02:00,1,2,63.98,63.98,67.35,59.87,0,2,0,radio_limited_degradation,ml_quantile_p75_resource_underperformance,273.0,1.0
INC-000966,542020041221088+20250828134016+Fiji-Nadi-LTE-DL-D!20250828133246,Fiji-Nadi-LTE-DL-D,2025-08-28 03:31:23+02:00,2025-08-28 03:31:24+02:00,1,2,63.96,63.96,60.72,67.91,0,2,0,radio_limited_degradation,normal,253.0,1.0
INC-000460,542020041221088+20250827140810+Fiji-Nadi-LTE-DL-D!20250827140022,Fiji-Nadi-LTE-DL-D,2025-08-27 03:59:42+02:00,2025-08-27 03:59:42+02:00,1,1,63.96,63.96,65.1,62.56,0,1,0,radio_limited_degradation,normal,124.0,0.0
INC-000921,542020041221088+20250828131954+Fiji-Nadi-LTE-DL-D!20250828131344,Fiji-Nadi-LTE-DL-D,2025-08-28 03:13:18+02:00,2025-08-28 03:13:18+02:00,1,1,63.96,63.96,39.49,93.88,1,0,0,ca_underperformance,ml_quantile_p75_resource_underperformance,352.0,0.0
INC-000590,542020041221088+20250827155633+Fiji-Nadi-LTE-DL-D!20250827154210,Fiji-Nadi-LTE-DL-D,2025-08-27 05:40:50+02:00,2025-08-27 05:40:50+02:00,1,1,63.93,63.93,77.6,47.22,0,1,0,radio_limited_degradation,normal,487.0,0.0
INC-000920,542020041221088+20250828131954+Fiji-Nadi-LTE-DL-D!20250828131344,Fiji-Nadi-LTE-DL-D,2025-08-28 03:13:07+02:00,2025-08-28 03:13:07+02:00,1,1,63.92,63.92,61.43,66.95,0,1,0,ca_underperformance,ml_quantile_p75_resource_underperformance,352.0,0.0
INC-000199,542020041221088+20250827122034+Fiji-Nadi-LTE-DL-D!20250827113125,Fiji-Nadi-LTE-DL-D,2025-08-27 01:31:23+02:00,2025-08-27 01:31:23+02:00,1,1,63.91,63.91,66.13,61.2,0,1,0,sudden_drop,normal,394.0,0.0
INC-000659,542020041221088+20250828103607+Fiji-Nadi-LTE-DL-D!20250828103408,Fiji-Nadi-LTE-DL-D,2025-08-28 00:33:48+02:00,2025-08-28 00:33:48+02:00,1,1,63.9,63.9,39.41,93.83,1,0,0,rb_conditioned_underperformance,ml_quantile_p75_resource_underperformance,488.0,0.0
INC-000948,542020041221088+20250828132735+Fiji-Nadi-LTE-DL-D!20250828132130,Fiji-Nadi-LTE-DL-D,2025-08-28 03:21:11+02:00,2025-08-28 03:21:12+02:00,1,2,63.89,63.89,58.21,70.84,0,2,0,radio_limited_degradation,normal,250.0,1.0
INC-000032,542020041221088+20250827095105+Fiji-Nadi-LTE-DL-D!20250827094821,Fiji-Nadi-LTE-DL-D,2025-08-26 23:48:21+02:00,2025-08-26 23:48:22+02:00,1,2,63.87,63.87,65.42,61.98,0,2,0,radio_limited_degradation,normal,151.0,1.0
INC-000806,542020041221088+20250828123522+Fiji-Nadi-LTE-DL-D!20250828123323,Fiji-Nadi-LTE-DL-D,2025-08-28 02:33:05+02:00,2025-08-28 02:33:06+02:00,1,2,63.87,63.87,70.21,56.11,0,2,0,radio_limited_degradation,normal,345.0,1.0
INC-000096,542020041221088+20250827104347+Fiji-Nadi-LTE-DL-D!20250827104305,Fiji-Nadi-LTE-DL-D,2025-08-27 00:43:00+02:00,2025-08-27 00:43:02+02:00,1,3,63.85,63.85,65.24,62.14,0,3,0,ca_underperformance,normal,431.0,2.0
INC-000280,542020041221088+20250827131523+Fiji-Nadi-LTE-DL-D!20250827120845,Fiji-Nadi-LTE-DL-D,2025-08-27 02:07:12+02:00,2025-08-27 02:07:14+02:00,1,3,63.84,63.84,67.86,58.93,0,3,0,radio_limited_degradation,normal,157.0,2.0
INC-000742,542020041221088+20250828115533+Fiji-Nadi-LTE-DL-D!20250828113110,Fiji-Nadi-LTE-DL-D,2025-08-28 01:30:50+02:00,2025-08-28 01:30:50+02:00,1,1,63.83,63.83,79.31,44.91,0,1,0,radio_limited_degradation,normal,184.0,0.0
INC-000057,542020041221088+20250827100525+Fiji-Nadi-LTE-DL-D!20250827100437,Fiji-Nadi-LTE-DL-D,2025-08-27 00:03:43+02:00,2025-08-27 00:03:43+02:00,1,1,63.81,63.81,64.83,62.56,0,1,0,radio_limited_degradation,normal,148.0,0.0
INC-000454,542020041221088+20250827140810+Fiji-Nadi-LTE-DL-D!20250827140022,Fiji-Nadi-LTE-DL-D,2025-08-27 03:58:42+02:00,2025-08-27 03:58:42+02:00,1,1,63.78,63.78,64.78,62.56,0,1,0,radio_limited_degradation,normal,124.0,0.0
INC-000634,542020041221088+20250828102346+Fiji-Nadi-LTE-DL-D!20250828102312,Fiji-Nadi-LTE-DL-D,2025-08-28 00:22:41+02:00,2025-08-28 00:22:42+02:00,1,2,63.77,63.77,64.92,62.36,0,2,0,radio_limited_degradation,normal,338.0,1.0
INC-000717,542020041221088+20250828113631+Fiji-Nadi-LTE-DL-D!20250828110448,Fiji-Nadi-LTE-DL-D,2025-08-28 01:04:14+02:00,2025-08-28 01:04:16+02:00,1,3,63.75,63.75,79.1,45.0,0,3,0,radio_limited_degradation,normal,231.0,2.0
INC-000310,542020041221088+20250827132124+Fiji-Nadi-LTE-DL-D!20250827121942,Fiji-Nadi-LTE-DL-D,2025-08-27 02:19:27+02:00,2025-08-27 02:19:27+02:00,1,1,63.72,63.72,40.3,92.34,1,0,0,radio_p75_underperformance,ml_hgb_strict_causal_temporal_underperformance,148.0,0.0
INC-001083,542020041221088+20250828144319+Fiji-Nadi-LTE-DL-D!20250828144243,Fiji-Nadi-LTE-DL-D,2025-08-28 04:42:21+02:00,2025-08-28 04:42:21+02:00,1,1,63.72,63.72,61.13,66.89,0,1,0,ca_underperformance,ml_quantile_p75_resource_underperformance,356.0,0.0
INC-000135,542020041221088+20250827110647+Fiji-Nadi-LTE-DL-D!20250827105407,Fiji-Nadi-LTE-DL-D,2025-08-27 00:52:21+02:00,2025-08-27 00:52:22+02:00,1,2,63.71,63.71,73.78,51.41,0,2,0,radio_limited_degradation,normal,210.0,1.0
INC-000591,542020041221088+20250827155633+Fiji-Nadi-LTE-DL-D!20250827154210,Fiji-Nadi-LTE-DL-D,2025-08-27 05:41:12+02:00,2025-08-27 05:41:19+02:00,3,3,63.69,63.27,78.94,48.2,0,3,0,radio_limited_degradation,normal,487.0,7.0
INC-000465,542020041221088+20250827140850+Fiji-Nadi-LTE-DL-D!20250827140234,Fiji-Nadi-LTE-DL-D,2025-08-27 04:00:42+02:00,2025-08-27 04:00:42+02:00,1,1,63.69,63.69,65.73,61.2,0,1,0,sudden_drop,normal,124.0,0.0
INC-000703,542020041221088+20250828113351+Fiji-Nadi-LTE-DL-D!20250828110026,Fiji-Nadi-LTE-DL-D,2025-08-28 00:58:26+02:00,2025-08-28 00:58:27+02:00,1,2,63.68,63.68,66.71,59.96,0,2,0,rb_conditioned_underperformance,normal,378.0,1.0
INC-000958,542020041221088+20250828133556+Fiji-Nadi-LTE-DL-D!20250828132602,Fiji-Nadi-LTE-DL-D,2025-08-28 03:25:32+02:00,2025-08-28 03:25:32+02:00,1,1,63.68,63.68,65.71,61.2,0,1,0,sudden_drop,normal,234.0,0.0
INC-000482,542020041221088+20250827141150+Fiji-Nadi-LTE-DL-D!20250827140658,Fiji-Nadi-LTE-DL-D,2025-08-27 04:04:58+02:00,2025-08-27 04:04:58+02:00,1,1,63.66,63.66,56.81,72.05,0,1,0,sudden_drop,normal,125.0,0.0
INC-000947,542020041221088+20250828132735+Fiji-Nadi-LTE-DL-D!20250828132130,Fiji-Nadi-LTE-DL-D,2025-08-28 03:20:57+02:00,2025-08-28 03:20:57+02:00,1,1,63.62,63.62,65.6,61.2,0,1,0,sudden_drop,normal,234.0,0.0
INC-000887,542020041221088+20250828125844+Fiji-Nadi-LTE-DL-D!20250828125759,Fiji-Nadi-LTE-DL-D,2025-08-28 02:56:51+02:00,2025-08-28 02:56:52+02:00,1,2,63.61,63.61,59.75,68.32,0,2,0,radio_limited_degradation,normal,167.0,1.0
INC-000469,542020041221088+20250827140850+Fiji-Nadi-LTE-DL-D!20250827140234,Fiji-Nadi-LTE-DL-D,2025-08-27 04:01:35+02:00,2025-08-27 04:01:35+02:00,1,1,63.61,63.61,65.59,61.2,0,1,0,sudden_drop,normal,124.0,0.0
INC-000665,542020041221088+20250828104127+Fiji-Nadi-LTE-DL-D!20250828104043,Fiji-Nadi-LTE-DL-D,2025-08-28 00:38:51+02:00,2025-08-28 00:38:52+02:00,1,2,63.59,63.59,69.41,56.46,0,2,0,ca_underperformance,normal,320.0,1.0
INC-000229,542020041221088+20250827123337+Fiji-Nadi-LTE-DL-D!20250827114216,Fiji-Nadi-LTE-DL-D,2025-08-27 01:41:03+02:00,2025-08-27 01:41:04+02:00,1,2,63.57,63.57,80.16,43.29,0,2,0,radio_limited_degradation,normal,140.0,1.0
INC-000371,542020041221088+20250827134347+Fiji-Nadi-LTE-DL-D!20250827131002,Fiji-Nadi-LTE-DL-D,2025-08-27 03:08:46+02:00,2025-08-27 03:08:46+02:00,1,1,63.57,63.57,64.39,62.56,0,1,0,radio_limited_degradation,normal,129.0,0.0
INC-000045,542020041221088+20250827100005+Fiji-Nadi-LTE-DL-D!20250827095853,Fiji-Nadi-LTE-DL-D,2025-08-26 23:57:26+02:00,2025-08-26 23:57:26+02:00,1,1,63.55,63.55,65.47,61.2,0,1,0,sudden_drop,normal,151.0,0.0
INC-000458,542020041221088+20250827140810+Fiji-Nadi-LTE-DL-D!20250827140022,Fiji-Nadi-LTE-DL-D,2025-08-27 03:59:23+02:00,2025-08-27 03:59:23+02:00,1,1,63.55,63.55,64.37,62.56,0,1,0,radio_limited_degradation,normal,124.0,0.0
INC-000712,542020041221088+20250828113551+Fiji-Nadi-LTE-DL-D!20250828110238,Fiji-Nadi-LTE-DL-D,2025-08-28 01:02:29+02:00,2025-08-28 01:02:30+02:00,1,2,63.54,63.54,66.52,59.89,0,2,0,ca_underperformance,normal,165.0,1.0
INC-000823,542020041221088+20250828123823+Fiji-Nadi-LTE-DL-D!20250828123754,Fiji-Nadi-LTE-DL-D,2025-08-28 02:37:08+02:00,2025-08-28 02:37:09+02:00,1,2,63.54,63.54,65.6,61.02,0,2,0,rolling_local_drop,normal,313.0,1.0
INC-001091,542020041221088+20250828153702+Fiji-Nadi-LTE-DL-D!20250828152243,Fiji-Nadi-LTE-DL-D,2025-08-28 05:20:49+02:00,2025-08-28 05:20:49+02:00,1,1,63.54,63.54,65.18,61.53,0,1,0,ca_underperformance,normal,454.0,0.0
INC-000002,542020041221088+20250827094025+Fiji-Nadi-LTE-DL-D!20250827093942,Fiji-Nadi-LTE-DL-D,2025-08-26 23:39:20+02:00,2025-08-26 23:39:21+02:00,1,2,63.49,63.49,55.28,73.53,0,2,0,ca_underperformance,ml_quantile_p75_resource_underperformance,145.0,1.0
INC-000095,542020041221088+20250827104347+Fiji-Nadi-LTE-DL-D!20250827104305,Fiji-Nadi-LTE-DL-D,2025-08-27 00:42:55+02:00,2025-08-27 00:42:56+02:00,1,2,63.47,63.47,75.18,49.16,0,2,0,radio_limited_degradation,normal,469.0,1.0
INC-000571,542020041221088+20250827152632+Fiji-Nadi-LTE-DL-D!20250827152422,Fiji-Nadi-LTE-DL-D,2025-08-27 05:23:49+02:00,2025-08-27 05:23:51+02:00,1,3,63.46,63.46,58.4,69.64,0,3,0,ca_underperformance,normal,487.0,2.0
INC-000470,542020041221088+20250827140850+Fiji-Nadi-LTE-DL-D!20250827140234,Fiji-Nadi-LTE-DL-D,2025-08-27 04:01:45+02:00,2025-08-27 04:01:46+02:00,1,2,63.46,63.46,65.31,61.2,0,2,0,rolling_local_drop,normal,124.0,1.0
INC-000879,542020041221088+20250828125624+Fiji-Nadi-LTE-DL-D!20250828125546,Fiji-Nadi-LTE-DL-D,2025-08-28 02:54:00+02:00,2025-08-28 02:54:02+02:00,1,3,63.45,63.45,67.59,58.4,0,3,0,ca_underperformance,normal,167.0,2.0
INC-000414,542020041221088+20250827135549+Fiji-Nadi-LTE-DL-D!20250827133724,Fiji-Nadi-LTE-DL-D,2025-08-27 03:35:58+02:00,2025-08-27 03:35:59+02:00,1,2,63.45,63.45,49.22,80.84,1,1,0,rb_conditioned_underperformance,ml_hgb_strict_causal_temporal_underperformance,361.0,1.0
INC-000595,542020041221088+20250827160154+Fiji-Nadi-LTE-DL-D!20250827155510,Fiji-Nadi-LTE-DL-D,2025-08-27 05:53:13+02:00,2025-08-27 05:53:25+02:00,4,8,63.42,61.0125,79.26,44.08,0,8,0,radio_limited_degradation,normal,340.0,12.0
INC-000720,542020041221088+20250828113831+Fiji-Nadi-LTE-DL-D!20250828110657,Fiji-Nadi-LTE-DL-D,2025-08-28 01:06:31+02:00,2025-08-28 01:06:32+02:00,1,2,63.39,63.39,64.92,61.53,0,2,0,ca_underperformance,normal,165.0,1.0
INC-000251,542020041221088+20250827123638+Fiji-Nadi-LTE-DL-D!20250827114845,Fiji-Nadi-LTE-DL-D,2025-08-27 01:47:49+02:00,2025-08-27 01:47:52+02:00,1,4,63.38,63.38,79.23,44.0,0,4,0,radio_limited_degradation,normal,158.0,3.0
INC-000899,542020041221088+20250828130244+Fiji-Nadi-LTE-DL-D!20250828130228,Fiji-Nadi-LTE-DL-D,2025-08-28 03:02:02+02:00,2025-08-28 03:02:04+02:00,2,2,63.38,59.375,65.9,60.31,0,2,0,radio_limited_degradation,normal,167.0,2.0
INC-000169,542020041221088+20250827115331+Fiji-Nadi-LTE-DL-D!20250827112239,Fiji-Nadi-LTE-DL-D,2025-08-27 01:22:05+02:00,2025-08-27 01:22:06+02:00,1,2,63.37,63.37,65.16,61.17,0,2,0,sudden_drop,ml_hgb_strict_causal_temporal_underperformance,124.0,1.0
INC-000769,542020041221088+20250828121902+Fiji-Nadi-LTE-DL-D!20250828120130,Fiji-Nadi-LTE-DL-D,2025-08-28 02:00:55+02:00,2025-08-28 02:00:56+02:00,1,2,63.37,63.37,65.97,60.19,0,2,0,radio_limited_degradation,normal,183.0,1.0
INC-000575,542020041221088+20250827152912+Fiji-Nadi-LTE-DL-D!20250827152850,Fiji-Nadi-LTE-DL-D,2025-08-27 05:27:26+02:00,2025-08-27 05:27:26+02:00,1,1,63.37,63.37,65.22,61.12,0,1,0,ca_underperformance,normal,50.0,0.0
INC-000572,542020041221088+20250827152632+Fiji-Nadi-LTE-DL-D!20250827152422,Fiji-Nadi-LTE-DL-D,2025-08-27 05:23:55+02:00,2025-08-27 05:23:56+02:00,1,2,63.36,63.36,51.77,77.53,1,1,0,rb_conditioned_underperformance,ml_hgb_strict_causal_temporal_underperformance,487.0,1.0
INC-000834,542020041221088+20250828124043+Fiji-Nadi-LTE-DL-D!20250828124009,Fiji-Nadi-LTE-DL-D,2025-08-28 02:39:25+02:00,2025-08-28 02:39:30+02:00,3,3,63.33,58.339999999999996,62.79,64.0,0,3,0,radio_limited_degradation,normal,385.0,5.0
INC-001002,542020041221088+20250828140057+Fiji-Nadi-LTE-DL-D!20250828135741,Fiji-Nadi-LTE-DL-D,2025-08-28 03:55:43+02:00,2025-08-28 03:55:46+02:00,2,3,63.32,62.555,81.09,41.65,0,3,0,radio_limited_degradation,normal,182.0,3.0
INC-000956,542020041221088+20250828133556+Fiji-Nadi-LTE-DL-D!20250828132602,Fiji-Nadi-LTE-DL-D,2025-08-28 03:24:36+02:00,2025-08-28 03:24:37+02:00,1,2,63.32,63.32,65.57,60.57,0,2,0,radio_limited_degradation,ml_hgb_strict_causal_temporal_underperformance,253.0,1.0
INC-000205,542020041221088+20250827122555+Fiji-Nadi-LTE-DL-D!20250827113546,Fiji-Nadi-LTE-DL-D,2025-08-27 01:34:02+02:00,2025-08-27 01:34:02+02:00,1,1,63.32,63.32,65.06,61.2,0,1,0,sudden_drop,normal,393.0,0.0
INC-000238,542020041221088+20250827123437+Fiji-Nadi-LTE-DL-D!20250827114425,Fiji-Nadi-LTE-DL-D,2025-08-27 01:42:54+02:00,2025-08-27 01:42:54+02:00,1,1,63.32,63.32,78.09,45.26,0,1,0,radio_limited_degradation,normal,140.0,0.0
INC-000960,542020041221088+20250828133556+Fiji-Nadi-LTE-DL-D!20250828132602,Fiji-Nadi-LTE-DL-D,2025-08-28 03:25:55+02:00,2025-08-28 03:25:55+02:00,1,1,63.32,63.32,63.95,62.56,0,1,0,radio_limited_degradation,normal,234.0,0.0
INC-000814,542020041221088+20250828123602+Fiji-Nadi-LTE-DL-D!20250828123538,Fiji-Nadi-LTE-DL-D,2025-08-28 02:35:26+02:00,2025-08-28 02:35:26+02:00,1,1,63.27,63.27,64.97,61.2,0,1,0,sudden_drop,normal,315.0,0.0
INC-000931,542020041221088+20250828132455+Fiji-Nadi-LTE-DL-D!20250828131658,Fiji-Nadi-LTE-DL-D,2025-08-28 03:16:26+02:00,2025-08-28 03:16:26+02:00,1,1,63.27,63.27,64.96,61.2,0,1,0,sudden_drop,normal,254.0,0.0
INC-000405,542020041221088+20250827135348+Fiji-Nadi-LTE-DL-D!20250827133514,Fiji-Nadi-LTE-DL-D,2025-08-27 03:33:16+02:00,2025-08-27 03:33:16+02:00,1,1,63.26,63.26,79.34,43.61,0,1,0,radio_limited_degradation,normal,147.0,0.0
INC-000413,542020041221088+20250827135549+Fiji-Nadi-LTE-DL-D!20250827133724,Fiji-Nadi-LTE-DL-D,2025-08-27 03:35:48+02:00,2025-08-27 03:35:51+02:00,1,4,63.25,63.25,66.37,59.44,0,4,0,ca_underperformance,normal,133.0,3.0
INC-000699,542020041221088+20250828105628+Fiji-Nadi-LTE-DL-D!20250828105605,Fiji-Nadi-LTE-DL-D,2025-08-28 00:55:12+02:00,2025-08-28 00:55:13+02:00,1,2,63.21,63.21,63.08,63.36,0,2,0,ca_underperformance,ml_quantile_p75_resource_underperformance,163.0,1.0
INC-000406,542020041221088+20250827135348+Fiji-Nadi-LTE-DL-D!20250827133514,Fiji-Nadi-LTE-DL-D,2025-08-27 03:33:27+02:00,2025-08-27 03:33:27+02:00,1,1,63.21,63.21,64.58,61.53,0,1,0,ca_underperformance,normal,147.0,0.0
INC-000857,542020041221088+20250828124943+Fiji-Nadi-LTE-DL-D!20250828124907,Fiji-Nadi-LTE-DL-D,2025-08-28 02:49:05+02:00,2025-08-28 02:49:05+02:00,1,1,63.19,63.19,72.54,51.76,0,1,0,radio_limited_degradation,normal,167.0,0.0
INC-000865,542020041221088+20250828125203+Fiji-Nadi-LTE-DL-D!20250828125121,Fiji-Nadi-LTE-DL-D,2025-08-28 02:50:52+02:00,2025-08-28 02:50:52+02:00,1,1,63.19,63.19,63.35,62.99,0,1,0,rb_efficiency_underperformance,ml_quantile_p75_resource_underperformance,167.0,0.0
INC-000930,542020041221088+20250828132455+Fiji-Nadi-LTE-DL-D!20250828131658,Fiji-Nadi-LTE-DL-D,2025-08-28 03:16:05+02:00,2025-08-28 03:16:08+02:00,1,4,63.18,63.18,65.27,60.63,0,4,0,rolling_local_drop,normal,254.0,3.0
INC-000472,542020041221088+20250827140850+Fiji-Nadi-LTE-DL-D!20250827140234,Fiji-Nadi-LTE-DL-D,2025-08-27 04:02:12+02:00,2025-08-27 04:02:12+02:00,1,1,63.17,63.17,63.66,62.56,0,1,0,radio_limited_degradation,normal,124.0,0.0
INC-000214,542020041221088+20250827122836+Fiji-Nadi-LTE-DL-D!20250827113757,Fiji-Nadi-LTE-DL-D,2025-08-27 01:36:00+02:00,2025-08-27 01:36:01+02:00,1,2,63.15,63.15,64.5,61.5,0,2,0,radio_limited_degradation,ml_hgb_strict_causal_temporal_underperformance,338.0,1.0
INC-000779,542020041221088+20250828122241+Fiji-Nadi-LTE-DL-D!20250828121359,Fiji-Nadi-LTE-DL-D,2025-08-28 02:13:39+02:00,2025-08-28 02:13:41+02:00,1,3,63.12,63.12,63.91,62.15,0,3,0,radio_limited_degradation,normal,184.0,2.0
INC-000227,542020041221088+20250827123337+Fiji-Nadi-LTE-DL-D!20250827114216,Fiji-Nadi-LTE-DL-D,2025-08-27 01:40:32+02:00,2025-08-27 01:40:32+02:00,1,1,63.12,63.12,38.57,93.12,1,0,0,rb_conditioned_underperformance,ml_quantile_p75_resource_underperformance,363.0,0.0
INC-000126,542020041221088+20250827110227+Fiji-Nadi-LTE-DL-D!20250827105156,Fiji-Nadi-LTE-DL-D,2025-08-27 00:50:10+02:00,2025-08-27 00:50:10+02:00,1,1,63.11,63.11,64.94,60.89,0,1,0,sudden_drop,normal,212.0,0.0
INC-001023,542020041221088+20250828140457+Fiji-Nadi-LTE-DL-D!20250828140425,Fiji-Nadi-LTE-DL-D,2025-08-28 04:03:11+02:00,2025-08-28 04:03:12+02:00,1,2,63.09,63.09,56.2,71.52,0,2,0,radio_p75_underperformance,normal,139.0,1.0
INC-000658,542020041221088+20250828103607+Fiji-Nadi-LTE-DL-D!20250828103408,Fiji-Nadi-LTE-DL-D,2025-08-28 00:32:42+02:00,2025-08-28 00:32:42+02:00,1,1,63.09,63.09,56.9,70.64,0,1,0,sudden_drop,normal,316.0,0.0
INC-000568,542020041221088+20250827152632+Fiji-Nadi-LTE-DL-D!20250827152422,Fiji-Nadi-LTE-DL-D,2025-08-27 05:22:52+02:00,2025-08-27 05:22:56+02:00,1,5,63.07,63.07,79.76,42.67,0,5,0,radio_limited_degradation,normal,487.0,4.0
INC-000112,542020041221088+20250827105427+Fiji-Nadi-LTE-DL-D!20250827104733,Fiji-Nadi-LTE-DL-D,2025-08-27 00:46:24+02:00,2025-08-27 00:46:25+02:00,1,2,63.07,63.07,64.6,61.2,0,2,0,rolling_local_drop,normal,126.0,1.0
INC-000085,542020041221088+20250827103926+Fiji-Nadi-LTE-DL-D!20250827103843,Fiji-Nadi-LTE-DL-D,2025-08-27 00:36:49+02:00,2025-08-27 00:36:49+02:00,1,1,63.05,63.05,79.31,43.16,0,1,0,radio_limited_degradation,normal,395.0,0.0
INC-000476,542020041221088+20250827141110+Fiji-Nadi-LTE-DL-D!20250827140445,Fiji-Nadi-LTE-DL-D,2025-08-27 04:02:55+02:00,2025-08-27 04:02:56+02:00,1,2,63.02,63.02,64.5,61.2,0,2,0,rolling_local_drop,normal,124.0,1.0
INC-000622,542020041221088+20250827161234+Fiji-Nadi-LTE-DL-D!20250827161029,Fiji-Nadi-LTE-DL-D,2025-08-27 06:09:02+02:00,2025-08-27 06:09:05+02:00,1,4,63.0,63.0,81.31,40.62,0,4,0,radio_limited_degradation,normal,330.0,3.0
INC-000619,542020041221088+20250827161234+Fiji-Nadi-LTE-DL-D!20250827161029,Fiji-Nadi-LTE-DL-D,2025-08-27 06:08:34+02:00,2025-08-27 06:08:36+02:00,1,3,62.99,62.99,72.95,50.81,0,3,0,ca_underperformance,normal,332.0,2.0
INC-000475,542020041221088+20250827141110+Fiji-Nadi-LTE-DL-D!20250827140445,Fiji-Nadi-LTE-DL-D,2025-08-27 04:02:47+02:00,2025-08-27 04:02:47+02:00,1,1,62.99,62.99,64.46,61.2,0,1,0,sudden_drop,normal,124.0,0.0
INC-000449,542020041221088+20250827140609+Fiji-Nadi-LTE-DL-D!20250827135810,Fiji-Nadi-LTE-DL-D,2025-08-27 03:56:46+02:00,2025-08-27 03:56:47+02:00,1,2,62.98,62.98,63.49,62.36,0,2,0,radio_limited_degradation,normal,123.0,1.0
INC-000457,542020041221088+20250827140810+Fiji-Nadi-LTE-DL-D!20250827140022,Fiji-Nadi-LTE-DL-D,2025-08-27 03:59:13+02:00,2025-08-27 03:59:13+02:00,1,1,62.97,62.97,64.41,61.2,0,1,0,sudden_drop,normal,124.0,0.0
INC-000810,542020041221088+20250828123602+Fiji-Nadi-LTE-DL-D!20250828123538,Fiji-Nadi-LTE-DL-D,2025-08-28 02:34:16+02:00,2025-08-28 02:34:17+02:00,1,2,62.95,62.95,65.57,59.76,0,2,0,rolling_local_drop,normal,313.0,1.0
INC-000224,542020041221088+20250827123136+Fiji-Nadi-LTE-DL-D!20250827114007,Fiji-Nadi-LTE-DL-D,2025-08-27 01:39:17+02:00,2025-08-27 01:39:17+02:00,1,1,62.94,62.94,62.88,63.02,0,1,0,rb_conditioned_underperformance,normal,361.0,0.0
INC-000279,542020041221088+20250827131523+Fiji-Nadi-LTE-DL-D!20250827120845,Fiji-Nadi-LTE-DL-D,2025-08-27 02:07:06+02:00,2025-08-27 02:07:07+02:00,1,2,62.92,62.92,64.32,61.2,0,2,0,rolling_local_drop,normal,153.0,1.0
INC-000025,542020041221088+20250827095105+Fiji-Nadi-LTE-DL-D!20250827094821,Fiji-Nadi-LTE-DL-D,2025-08-26 23:46:28+02:00,2025-08-26 23:46:28+02:00,1,1,62.92,62.92,64.33,61.2,0,1,0,sudden_drop,normal,151.0,0.0
INC-000050,542020041221088+20250827100145+Fiji-Nadi-LTE-DL-D!20250827100105,Fiji-Nadi-LTE-DL-D,2025-08-26 23:59:22+02:00,2025-08-26 23:59:22+02:00,1,1,62.9,62.9,64.34,61.14,0,1,0,sudden_drop,normal,149.0,0.0
INC-000512,542020041221088+20250827150911+Fiji-Nadi-LTE-DL-D!20250827150839,Fiji-Nadi-LTE-DL-D,2025-08-27 05:06:38+02:00,2025-08-27 05:06:49+02:00,6,6,62.89,62.50333333333333,72.57,51.09,0,6,0,radio_limited_degradation,normal,448.0,11.0
INC-000083,542020041221088+20250827103246+Fiji-Nadi-LTE-DL-D!20250827103001,Fiji-Nadi-LTE-DL-D,2025-08-27 00:29:39+02:00,2025-08-27 00:29:40+02:00,1,2,62.87,62.87,76.76,45.89,0,2,0,radio_limited_degradation,normal,395.0,1.0
INC-001108,542020041221088+20250829102713+Nawaka-LTE-DL!20250829102643,Nawaka-LTE-DL,2025-08-29 00:24:54+02:00,2025-08-29 00:24:59+02:00,2,2,62.87,61.480000000000004,72.53,51.82,0,2,0,radio_limited_degradation,normal,469.0,5.0
INC-001109,542020041221088+20250829102934+Nawaka-LTE-DL!20250829102857,Nawaka-LTE-DL,2025-08-29 00:27:38+02:00,2025-08-29 00:27:38+02:00,1,1,62.87,62.87,71.78,51.98,0,1,0,radio_limited_degradation,normal,469.0,0.0
INC-000330,542020041221088+20250827133206+Fiji-Nadi-LTE-DL-D!20250827125008,Fiji-Nadi-LTE-DL-D,2025-08-27 02:49:04+02:00,2025-08-27 02:49:04+02:00,1,1,62.86,62.86,77.7,44.72,0,1,0,radio_limited_degradation,normal,144.0,0.0
INC-000521,542020041221088+20250827151332+Fiji-Nadi-LTE-DL-D!20250827151309,Fiji-Nadi-LTE-DL-D,2025-08-27 05:11:10+02:00,2025-08-27 05:11:10+02:00,1,1,62.83,62.83,57.14,69.78,0,1,0,radio_limited_degradation,normal,114.0,0.0
INC-000664,542020041221088+20250828103907+Fiji-Nadi-LTE-DL-D!20250828103834,Fiji-Nadi-LTE-DL-D,2025-08-28 00:38:34+02:00,2025-08-28 00:38:34+02:00,1,1,62.83,62.83,63.89,61.53,0,1,0,ca_underperformance,normal,320.0,0.0
INC-000894,542020041221088+20250828130244+Fiji-Nadi-LTE-DL-D!20250828130228,Fiji-Nadi-LTE-DL-D,2025-08-28 03:01:16+02:00,2025-08-28 03:01:17+02:00,1,2,62.8,62.8,75.76,46.95,0,2,0,radio_limited_degradation,normal,167.0,1.0
INC-001101,542020041221088+20250828154002+Fiji-Nadi-LTE-DL-D!20250828153143,Fiji-Nadi-LTE-DL-D,2025-08-28 05:30:40+02:00,2025-08-28 05:30:43+02:00,1,4,62.79,62.79,75.15,47.69,0,4,0,radio_limited_degradation,normal,157.0,3.0
INC-000087,542020041221088+20250827103926+Fiji-Nadi-LTE-DL-D!20250827103843,Fiji-Nadi-LTE-DL-D,2025-08-27 00:37:03+02:00,2025-08-27 00:37:03+02:00,1,1,62.79,62.79,63.83,61.53,0,1,0,ca_underperformance,normal,395.0,0.0
INC-000119,542020041221088+20250827105947+Fiji-Nadi-LTE-DL-D!20250827104944,Fiji-Nadi-LTE-DL-D,2025-08-27 00:47:42+02:00,2025-08-27 00:47:44+02:00,1,3,62.77,62.77,64.11,61.14,0,3,0,rolling_local_drop,normal,128.0,2.0
INC-000676,542020041221088+20250828104747+Fiji-Nadi-LTE-DL-D!20250828104718,Fiji-Nadi-LTE-DL-D,2025-08-28 00:46:02+02:00,2025-08-28 00:46:03+02:00,1,2,62.77,62.77,68.14,56.21,0,2,0,ca_underperformance,normal,16.0,1.0
INC-000965,542020041221088+20250828134016+Fiji-Nadi-LTE-DL-D!20250828133246,Fiji-Nadi-LTE-DL-D,2025-08-28 03:31:14+02:00,2025-08-28 03:31:14+02:00,1,1,62.77,62.77,64.05,61.2,0,1,0,sudden_drop,normal,253.0,0.0
INC-000192,542020041221088+20250827122034+Fiji-Nadi-LTE-DL-D!20250827113125,Fiji-Nadi-LTE-DL-D,2025-08-27 01:30:23+02:00,2025-08-27 01:30:24+02:00,1,2,62.76,62.76,63.1,62.36,0,2,0,radio_limited_degradation,normal,394.0,1.0
INC-000411,542020041221088+20250827135348+Fiji-Nadi-LTE-DL-D!20250827133514,Fiji-Nadi-LTE-DL-D,2025-08-27 03:34:54+02:00,2025-08-27 03:34:55+02:00,1,2,62.76,62.76,57.9,68.7,0,2,0,radio_limited_degradation,normal,132.0,1.0
INC-000805,542020041221088+20250828123522+Fiji-Nadi-LTE-DL-D!20250828123323,Fiji-Nadi-LTE-DL-D,2025-08-28 02:32:57+02:00,2025-08-28 02:32:57+02:00,1,1,62.76,62.76,72.56,50.78,0,1,0,radio_limited_degradation,normal,315.0,0.0
INC-001112,542020041221088+20250829102934+Nawaka-LTE-DL!20250829102857,Nawaka-LTE-DL,2025-08-29 00:28:44+02:00,2025-08-29 00:28:46+02:00,1,3,62.72,62.72,68.66,55.46,0,3,0,radio_limited_degradation,normal,469.0,2.0
INC-000437,542020041221088+20250827140149+Fiji-Nadi-LTE-DL-D!20250827134245,Fiji-Nadi-LTE-DL-D,2025-08-27 03:42:00+02:00,2025-08-27 03:42:01+02:00,1,2,62.72,62.72,56.48,70.33,0,2,0,rb_conditioned_underperformance,ml_hgb_strict_causal_temporal_underperformance,135.0,1.0
INC-000941,542020041221088+20250828132735+Fiji-Nadi-LTE-DL-D!20250828132130,Fiji-Nadi-LTE-DL-D,2025-08-28 03:19:32+02:00,2025-08-28 03:19:37+02:00,3,4,62.7,61.653333333333336,74.9,47.85,0,4,0,radio_limited_degradation,normal,234.0,5.0
INC-000340,542020041221088+20250827133827+Fiji-Nadi-LTE-DL-D!20250827130111,Fiji-Nadi-LTE-DL-D,2025-08-27 03:01:10+02:00,2025-08-27 03:01:10+02:00,1,1,62.7,62.7,65.63,59.13,0,1,0,ca_underperformance,normal,132.0,0.0
INC-001045,542020041221088+20250828141358+Fiji-Nadi-LTE-DL-D!20250828141324,Fiji-Nadi-LTE-DL-D,2025-08-28 04:12:57+02:00,2025-08-28 04:12:59+02:00,1,3,62.69,62.69,57.51,69.01,0,3,0,radio_limited_degradation,normal,179.0,2.0
INC-000181,542020041221088+20250827120512+Fiji-Nadi-LTE-DL-D!20250827112702,Fiji-Nadi-LTE-DL-D,2025-08-27 01:25:12+02:00,2025-08-27 01:25:12+02:00,1,1,62.69,62.69,63.92,61.2,0,1,0,sudden_drop,normal,339.0,0.0
INC-000432,542020041221088+20250827135949+Fiji-Nadi-LTE-DL-D!20250827134144,Fiji-Nadi-LTE-DL-D,2025-08-27 03:41:03+02:00,2025-08-27 03:41:03+02:00,1,1,62.69,62.69,54.31,72.93,0,1,0,rb_conditioned_underperformance,ml_quantile_p75_resource_underperformance,135.0,0.0
INC-000592,542020041221088+20250827155633+Fiji-Nadi-LTE-DL-D!20250827154210,Fiji-Nadi-LTE-DL-D,2025-08-27 05:41:26+02:00,2025-08-27 05:41:26+02:00,1,1,62.69,62.69,77.18,44.97,0,1,0,radio_limited_degradation,normal,487.0,0.0
INC-001071,542020041221088+20250828143419+Fiji-Nadi-LTE-DL-D!20250828143343,Fiji-Nadi-LTE-DL-D,2025-08-28 04:33:00+02:00,2025-08-28 04:33:01+02:00,1,2,62.68,62.68,61.15,64.54,0,2,0,ca_underperformance,ml_hgb_strict_causal_temporal_underperformance,383.0,1.0
INC-000952,542020041221088+20250828133115+Fiji-Nadi-LTE-DL-D!20250828132346,Fiji-Nadi-LTE-DL-D,2025-08-28 03:22:57+02:00,2025-08-28 03:22:57+02:00,1,1,62.68,62.68,62.78,62.56,0,1,0,radio_limited_degradation,normal,273.0,0.0
INC-000033,542020041221088+20250827095145+Fiji-Nadi-LTE-DL-D!20250827095034,Fiji-Nadi-LTE-DL-D,2025-08-26 23:48:36+02:00,2025-08-26 23:48:36+02:00,1,1,62.65,62.65,63.83,61.2,0,1,0,sudden_drop,normal,151.0,0.0
INC-000179,542020041221088+20250827115912+Fiji-Nadi-LTE-DL-D!20250827112451,Fiji-Nadi-LTE-DL-D,2025-08-27 01:24:37+02:00,2025-08-27 01:24:39+02:00,1,3,62.63,62.63,64.29,60.61,0,3,0,rb_conditioned_underperformance,normal,123.0,2.0
INC-001052,542020041221088+20250828141838+Fiji-Nadi-LTE-DL-D!20250828141754,Fiji-Nadi-LTE-DL-D,2025-08-28 04:17:07+02:00,2025-08-28 04:17:14+02:00,2,6,62.61,62.1,62.58,62.65,0,6,0,ca_underperformance,normal,140.0,7.0
INC-000278,542020041221088+20250827131523+Fiji-Nadi-LTE-DL-D!20250827120845,Fiji-Nadi-LTE-DL-D,2025-08-27 02:07:01+02:00,2025-08-27 02:07:01+02:00,1,1,62.59,62.59,62.36,62.86,0,1,0,ca_underperformance,normal,153.0,0.0
INC-000820,542020041221088+20250828123823+Fiji-Nadi-LTE-DL-D!20250828123754,Fiji-Nadi-LTE-DL-D,2025-08-28 02:36:35+02:00,2025-08-28 02:36:42+02:00,2,4,62.58,58.135,63.96,60.9,0,4,0,ca_underperformance,normal,385.0,7.0
INC-000346,542020041221088+20250827133907+Fiji-Nadi-LTE-DL-D!20250827130324,Fiji-Nadi-LTE-DL-D,2025-08-27 03:02:22+02:00,2025-08-27 03:02:22+02:00,1,1,62.57,62.57,60.05,65.66,0,1,0,ca_underperformance,ml_quantile_p75_resource_underperformance,322.0,0.0
INC-000945,542020041221088+20250828132735+Fiji-Nadi-LTE-DL-D!20250828132130,Fiji-Nadi-LTE-DL-D,2025-08-28 03:20:33+02:00,2025-08-28 03:20:34+02:00,1,2,62.56,62.56,63.67,61.2,0,2,0,rolling_local_drop,normal,234.0,1.0
INC-001044,542020041221088+20250828141358+Fiji-Nadi-LTE-DL-D!20250828141324,Fiji-Nadi-LTE-DL-D,2025-08-28 04:12:33+02:00,2025-08-28 04:12:34+02:00,1,2,62.56,62.56,71.22,51.99,0,2,0,ca_underperformance,normal,179.0,1.0
INC-000174,542020041221088+20250827115912+Fiji-Nadi-LTE-DL-D!20250827112451,Fiji-Nadi-LTE-DL-D,2025-08-27 01:23:32+02:00,2025-08-27 01:23:33+02:00,1,2,62.54,62.54,64.46,60.2,0,2,0,rolling_local_drop,normal,123.0,1.0
INC-000936,542020041221088+20250828132555+Fiji-Nadi-LTE-DL-D!20250828131914,Fiji-Nadi-LTE-DL-D,2025-08-28 03:17:34+02:00,2025-08-28 03:17:34+02:00,1,1,62.52,62.52,63.6,61.2,0,1,0,sudden_drop,normal,254.0,0.0
INC-000781,542020041221088+20250828122402+Fiji-Nadi-LTE-DL-D!20250828121612,Fiji-Nadi-LTE-DL-D,2025-08-28 02:14:12+02:00,2025-08-28 02:14:14+02:00,1,3,62.48,62.48,63.38,61.37,0,3,0,rb_conditioned_underperformance,normal,184.0,2.0
INC-000511,542020041221088+20250827150151+Fiji-Nadi-LTE-DL-D!20250827150045,Fiji-Nadi-LTE-DL-D,2025-08-27 05:00:27+02:00,2025-08-27 05:00:29+02:00,1,3,62.46,62.46,61.2,64.0,0,3,0,rb_conditioned_underperformance,normal,111.0,2.0
INC-000058,542020041221088+20250827100525+Fiji-Nadi-LTE-DL-D!20250827100437,Fiji-Nadi-LTE-DL-D,2025-08-27 00:03:56+02:00,2025-08-27 00:03:56+02:00,1,1,62.45,62.45,62.36,62.56,0,1,0,radio_limited_degradation,normal,148.0,0.0
INC-000180,542020041221088+20250827120512+Fiji-Nadi-LTE-DL-D!20250827112702,Fiji-Nadi-LTE-DL-D,2025-08-27 01:25:00+02:00,2025-08-27 01:25:00+02:00,1,1,62.43,62.43,53.12,73.81,0,1,0,rolling_local_drop,normal,339.0,0.0
INC-000491,542020041221088+20250827141150+Fiji-Nadi-LTE-DL-D!20250827140658,Fiji-Nadi-LTE-DL-D,2025-08-27 04:06:42+02:00,2025-08-27 04:06:42+02:00,1,1,62.41,62.41,78.37,42.91,0,1,0,radio_limited_degradation,normal,402.0,0.0
INC-000420,542020041221088+20250827135649+Fiji-Nadi-LTE-DL-D!20250827133934,Fiji-Nadi-LTE-DL-D,2025-08-27 03:38:27+02:00,2025-08-27 03:38:28+02:00,1,2,62.37,62.37,59.21,66.24,0,2,0,rolling_local_drop,normal,135.0,1.0
INC-000602,542020041221088+20250827160614+Fiji-Nadi-LTE-DL-D!20250827155934,Fiji-Nadi-LTE-DL-D,2025-08-27 05:57:50+02:00,2025-08-27 05:57:51+02:00,1,2,62.37,62.37,71.25,51.53,0,2,0,radio_limited_degradation,normal,211.0,1.0
INC-000076,542020041221088+20250827102926+Fiji-Nadi-LTE-DL-D!20250827102813,Fiji-Nadi-LTE-DL-D,2025-08-27 00:27:14+02:00,2025-08-27 00:27:16+02:00,1,3,62.36,62.36,63.42,61.06,0,3,0,ca_underperformance,normal,332.0,2.0
INC-000028,542020041221088+20250827095105+Fiji-Nadi-LTE-DL-D!20250827094821,Fiji-Nadi-LTE-DL-D,2025-08-26 23:46:56+02:00,2025-08-26 23:46:56+02:00,1,1,62.36,62.36,59.23,66.19,0,1,0,sudden_drop,normal,151.0,0.0
INC-000760,542020041221088+20250828121041+Fiji-Nadi-LTE-DL-D!20250828114409,Fiji-Nadi-LTE-DL-D,2025-08-28 01:44:01+02:00,2025-08-28 01:44:01+02:00,1,1,62.34,62.34,63.27,61.2,0,1,0,sudden_drop,normal,139.0,0.0
INC-000082,542020041221088+20250827103246+Fiji-Nadi-LTE-DL-D!20250827103001,Fiji-Nadi-LTE-DL-D,2025-08-27 00:29:08+02:00,2025-08-27 00:29:10+02:00,1,3,62.33,62.33,60.2,64.93,0,3,0,rb_efficiency_underperformance,normal,332.0,2.0
INC-000809,542020041221088+20250828123602+Fiji-Nadi-LTE-DL-D!20250828123538,Fiji-Nadi-LTE-DL-D,2025-08-28 02:33:45+02:00,2025-08-28 02:33:46+02:00,1,2,62.31,62.31,55.83,70.24,0,2,0,radio_limited_degradation,normal,310.0,1.0
INC-000198,542020041221088+20250827122034+Fiji-Nadi-LTE-DL-D!20250827113125,Fiji-Nadi-LTE-DL-D,2025-08-27 01:31:18+02:00,2025-08-27 01:31:18+02:00,1,1,62.31,62.31,63.21,61.2,0,1,0,sudden_drop,normal,394.0,0.0
INC-000461,542020041221088+20250827140810+Fiji-Nadi-LTE-DL-D!20250827140022,Fiji-Nadi-LTE-DL-D,2025-08-27 03:59:54+02:00,2025-08-27 03:59:54+02:00,1,1,62.29,62.29,62.07,62.56,0,1,0,radio_limited_degradation,normal,124.0,0.0
INC-000774,542020041221088+20250828122203+Fiji-Nadi-LTE-DL-D!20250828120550,Fiji-Nadi-LTE-DL-D,2025-08-28 02:05:37+02:00,2025-08-28 02:05:37+02:00,1,1,62.27,62.27,72.05,50.31,0,1,0,radio_limited_degradation,normal,184.0,0.0
INC-000123,542020041221088+20250827105947+Fiji-Nadi-LTE-DL-D!20250827104944,Fiji-Nadi-LTE-DL-D,2025-08-27 00:49:01+02:00,2025-08-27 00:49:02+02:00,1,2,62.22,62.22,63.05,61.2,0,2,0,rolling_local_drop,normal,212.0,1.0
INC-000656,542020041221088+20250828103207+Fiji-Nadi-LTE-DL-D!20250828102946,Fiji-Nadi-LTE-DL-D,2025-08-28 00:28:35+02:00,2025-08-28 00:28:36+02:00,1,2,62.21,62.21,74.68,46.97,0,2,0,radio_limited_degradation,normal,487.0,1.0
INC-000471,542020041221088+20250827140850+Fiji-Nadi-LTE-DL-D!20250827140234,Fiji-Nadi-LTE-DL-D,2025-08-27 04:02:00+02:00,2025-08-27 04:02:00+02:00,1,1,62.21,62.21,63.03,61.2,0,1,0,sudden_drop,normal,124.0,0.0
INC-000682,542020041221088+20250828105007+Fiji-Nadi-LTE-DL-D!20250828104930,Fiji-Nadi-LTE-DL-D,2025-08-28 00:47:58+02:00,2025-08-28 00:48:05+02:00,2,7,62.18,60.835,62.46,62.74,0,7,0,ca_underperformance,normal,355.0,7.0
INC-001079,542020041221088+20250828143639+Fiji-Nadi-LTE-DL-D!20250828143559,Fiji-Nadi-LTE-DL-D,2025-08-28 04:34:48+02:00,2025-08-28 04:34:50+02:00,1,3,62.16,62.16,74.65,46.89,0,3,0,radio_limited_degradation,normal,169.0,2.0
INC-000043,542020041221088+20250827100005+Fiji-Nadi-LTE-DL-D!20250827095853,Fiji-Nadi-LTE-DL-D,2025-08-26 23:56:57+02:00,2025-08-26 23:56:57+02:00,1,1,62.16,62.16,61.83,62.56,0,1,0,radio_limited_degradation,normal,351.0,0.0
INC-000225,542020041221088+20250827123136+Fiji-Nadi-LTE-DL-D!20250827114007,Fiji-Nadi-LTE-DL-D,2025-08-27 01:39:30+02:00,2025-08-27 01:39:31+02:00,1,2,62.15,62.15,75.02,46.41,0,2,0,radio_limited_degradation,normal,137.0,1.0
INC-000737,542020041221088+20250828114952+Fiji-Nadi-LTE-DL-D!20250828112430,Fiji-Nadi-LTE-DL-D,2025-08-28 01:23:43+02:00,2025-08-28 01:23:43+02:00,1,1,62.14,62.14,75.0,46.43,0,1,0,radio_limited_degradation,normal,375.0,0.0
INC-000881,542020041221088+20250828125624+Fiji-Nadi-LTE-DL-D!20250828125546,Fiji-Nadi-LTE-DL-D,2025-08-28 02:55:03+02:00,2025-08-28 02:55:03+02:00,1,1,62.13,62.13,76.86,44.12,0,1,0,radio_limited_degradation,normal,275.0,0.0
INC-000013,542020041221088+20250827094925+Fiji-Nadi-LTE-DL-D!20250827094611,Fiji-Nadi-LTE-DL-D,2025-08-26 23:44:32+02:00,2025-08-26 23:44:32+02:00,1,1,62.09,62.09,61.71,62.56,0,1,0,radio_limited_degradation,normal,151.0,0.0
INC-000822,542020041221088+20250828123823+Fiji-Nadi-LTE-DL-D!20250828123754,Fiji-Nadi-LTE-DL-D,2025-08-28 02:36:54+02:00,2025-08-28 02:36:57+02:00,1,4,62.08,62.08,70.59,51.68,0,4,0,rb_efficiency_underperformance,normal,385.0,3.0
INC-000059,542020041221088+20250827100525+Fiji-Nadi-LTE-DL-D!20250827100437,Fiji-Nadi-LTE-DL-D,2025-08-27 00:04:11+02:00,2025-08-27 00:04:11+02:00,1,1,62.02,62.02,62.69,61.2,0,1,0,sudden_drop,normal,148.0,0.0
INC-000064,542020041221088+20250827102346+Fiji-Nadi-LTE-DL-D!20250827102142,Fiji-Nadi-LTE-DL-D,2025-08-27 00:20:12+02:00,2025-08-27 00:20:12+02:00,1,1,62.0,62.0,70.85,51.19,0,1,0,radio_limited_degradation,normal,311.0,0.0
INC-000402,542020041221088+20250827135208+Fiji-Nadi-LTE-DL-D!20250827132735,Fiji-Nadi-LTE-DL-D,2025-08-27 03:27:07+02:00,2025-08-27 03:27:07+02:00,1,1,61.99,61.99,54.68,70.93,0,1,0,sudden_drop,normal,338.0,0.0
INC-001074,542020041221088+20250828143419+Fiji-Nadi-LTE-DL-D!20250828143343,Fiji-Nadi-LTE-DL-D,2025-08-28 04:33:30+02:00,2025-08-28 04:33:30+02:00,1,1,61.95,61.95,64.25,59.13,0,1,0,ca_underperformance,normal,232.0,0.0
INC-000783,542020041221088+20250828122402+Fiji-Nadi-LTE-DL-D!20250828121612,Fiji-Nadi-LTE-DL-D,2025-08-28 02:15:04+02:00,2025-08-28 02:15:05+02:00,1,2,61.92,61.92,63.29,60.25,0,2,0,rolling_local_drop,normal,184.0,1.0
INC-000065,542020041221088+20250827102346+Fiji-Nadi-LTE-DL-D!20250827102142,Fiji-Nadi-LTE-DL-D,2025-08-27 00:20:14+02:00,2025-08-27 00:20:14+02:00,1,1,61.91,61.91,60.3,63.88,0,1,0,rb_efficiency_underperformance,normal,311.0,0.0
INC-000041,542020041221088+20250827095725+Fiji-Nadi-LTE-DL-D!20250827095641,Fiji-Nadi-LTE-DL-D,2025-08-26 23:56:22+02:00,2025-08-26 23:56:23+02:00,1,2,61.9,61.9,55.11,70.19,0,2,0,radio_limited_degradation,normal,351.0,1.0
INC-000998,542020041221088+20250828135437+Fiji-Nadi-LTE-DL-D!20250828135310,Fiji-Nadi-LTE-DL-D,2025-08-28 03:52:40+02:00,2025-08-28 03:52:44+02:00,1,5,61.89,61.89,73.67,47.48,0,5,0,radio_limited_degradation,normal,232.0,4.0
INC-000743,542020041221088+20250828115753+Fiji-Nadi-LTE-DL-D!20250828113321,Fiji-Nadi-LTE-DL-D,2025-08-28 01:31:42+02:00,2025-08-28 01:31:43+02:00,1,2,61.88,61.88,73.33,47.88,0,2,0,radio_limited_degradation,normal,184.0,1.0
INC-001111,542020041221088+20250829102934+Nawaka-LTE-DL!20250829102857,Nawaka-LTE-DL,2025-08-29 00:28:30+02:00,2025-08-29 00:28:35+02:00,2,3,61.86,59.46,73.86,47.2,0,3,0,radio_limited_degradation,normal,469.0,5.0
INC-000370,542020041221088+20250827134347+Fiji-Nadi-LTE-DL-D!20250827131002,Fiji-Nadi-LTE-DL-D,2025-08-27 03:08:23+02:00,2025-08-27 03:08:23+02:00,1,1,61.84,61.84,63.76,59.5,0,1,0,sudden_drop,normal,131.0,0.0
INC-001093,542020041221088+20250828153842+Fiji-Nadi-LTE-DL-D!20250828152712,Fiji-Nadi-LTE-DL-D,2025-08-28 05:26:26+02:00,2025-08-28 05:26:28+02:00,1,3,61.83,61.83,76.29,44.15,0,3,0,radio_limited_degradation,normal,318.0,2.0
INC-000237,542020041221088+20250827123437+Fiji-Nadi-LTE-DL-D!20250827114425,Fiji-Nadi-LTE-DL-D,2025-08-27 01:42:42+02:00,2025-08-27 01:42:42+02:00,1,1,61.83,61.83,77.1,43.17,0,1,0,radio_limited_degradation,normal,140.0,0.0
INC-000801,542020041221088+20250828123342+Fiji-Nadi-LTE-DL-D!20250828123109,Fiji-Nadi-LTE-DL-D,2025-08-28 02:29:07+02:00,2025-08-28 02:29:07+02:00,1,1,61.82,61.82,35.63,93.85,1,0,0,rb_conditioned_underperformance,ml_quantile_p75_resource_underperformance,346.0,0.0
INC-001048,542020041221088+20250828141618+Fiji-Nadi-LTE-DL-D!20250828141538,Fiji-Nadi-LTE-DL-D,2025-08-28 04:14:05+02:00,2025-08-28 04:14:05+02:00,1,1,61.82,61.82,61.11,62.68,0,1,0,ca_underperformance,normal,182.0,0.0
INC-000410,542020041221088+20250827135348+Fiji-Nadi-LTE-DL-D!20250827133514,Fiji-Nadi-LTE-DL-D,2025-08-27 03:34:37+02:00,2025-08-27 03:34:37+02:00,1,1,61.81,61.81,49.54,76.81,0,1,0,radio_limited_degradation,normal,132.0,0.0
INC-000038,542020041221088+20250827095725+Fiji-Nadi-LTE-DL-D!20250827095641,Fiji-Nadi-LTE-DL-D,2025-08-26 23:54:41+02:00,2025-08-26 23:54:44+02:00,2,2,61.8,61.739999999999995,72.55,48.65,0,2,0,radio_limited_degradation,normal,351.0,3.0
INC-000614,542020041221088+20250827161154+Fiji-Nadi-LTE-DL-D!20250827160820,Fiji-Nadi-LTE-DL-D,2025-08-27 06:07:24+02:00,2025-08-27 06:07:24+02:00,1,1,61.77,61.77,77.15,42.98,0,1,0,radio_limited_degradation,normal,148.0,0.0
INC-000394,542020041221088+20250827134908+Fiji-Nadi-LTE-DL-D!20250827131851,Fiji-Nadi-LTE-DL-D,2025-08-27 03:18:41+02:00,2025-08-27 03:18:43+02:00,1,3,61.74,61.74,70.49,51.04,0,3,0,rb_efficiency_underperformance,normal,123.0,2.0
INC-000392,542020041221088+20250827134908+Fiji-Nadi-LTE-DL-D!20250827131851,Fiji-Nadi-LTE-DL-D,2025-08-27 03:17:01+02:00,2025-08-27 03:17:11+02:00,2,9,61.72,56.795,65.37,57.26,0,9,0,rb_conditioned_underperformance,normal,123.0,10.0
INC-000968,542020041221088+20250828134016+Fiji-Nadi-LTE-DL-D!20250828133246,Fiji-Nadi-LTE-DL-D,2025-08-28 03:32:00+02:00,2025-08-28 03:32:02+02:00,1,3,61.72,61.72,58.09,66.15,0,3,0,rolling_local_drop,normal,253.0,2.0
INC-000275,542020041221088+20250827131243+Fiji-Nadi-LTE-DL-D!20250827120629,Fiji-Nadi-LTE-DL-D,2025-08-27 02:04:53+02:00,2025-08-27 02:05:06+02:00,5,7,61.68,59.712,74.15,46.43,0,7,0,radio_limited_degradation,normal,158.0,13.0
INC-000937,542020041221088+20250828132555+Fiji-Nadi-LTE-DL-D!20250828131914,Fiji-Nadi-LTE-DL-D,2025-08-28 03:17:49+02:00,2025-08-28 03:17:49+02:00,1,1,61.66,61.66,62.03,61.2,0,1,0,sudden_drop,normal,253.0,0.0
INC-000558,542020041221088+20250827152052+Fiji-Nadi-LTE-DL-D!20250827151954,Fiji-Nadi-LTE-DL-D,2025-08-27 05:19:50+02:00,2025-08-27 05:19:50+02:00,1,1,61.65,61.65,62.03,61.2,0,1,0,sudden_drop,normal,120.0,0.0
INC-000784,542020041221088+20250828122402+Fiji-Nadi-LTE-DL-D!20250828121612,Fiji-Nadi-LTE-DL-D,2025-08-28 02:15:17+02:00,2025-08-28 02:15:18+02:00,1,2,61.64,61.64,62.0,61.2,0,2,0,rolling_local_drop,normal,184.0,1.0
INC-000752,542020041221088+20250828121001+Fiji-Nadi-LTE-DL-D!20250828114201,Fiji-Nadi-LTE-DL-D,2025-08-28 01:41:52+02:00,2025-08-28 01:41:52+02:00,1,1,61.63,61.63,72.58,48.24,0,1,0,radio_limited_degradation,normal,184.0,0.0
INC-000882,542020041221088+20250828125624+Fiji-Nadi-LTE-DL-D!20250828125546,Fiji-Nadi-LTE-DL-D,2025-08-28 02:55:18+02:00,2025-08-28 02:55:19+02:00,1,2,61.62,61.62,76.31,43.66,0,2,0,radio_limited_degradation,normal,275.0,1.0
INC-000235,542020041221088+20250827123437+Fiji-Nadi-LTE-DL-D!20250827114425,Fiji-Nadi-LTE-DL-D,2025-08-27 01:42:27+02:00,2025-08-27 01:42:27+02:00,1,1,61.55,61.55,77.0,42.65,0,1,0,radio_limited_degradation,normal,351.0,0.0
INC-000379,542020041221088+20250827134427+Fiji-Nadi-LTE-DL-D!20250827131213,Fiji-Nadi-LTE-DL-D,2025-08-27 03:11:55+02:00,2025-08-27 03:11:56+02:00,1,2,61.53,61.53,61.91,61.06,0,2,0,rolling_local_drop,normal,129.0,1.0
INC-000271,542020041221088+20250827130936+Fiji-Nadi-LTE-DL-D!20250827120414,Fiji-Nadi-LTE-DL-D,2025-08-27 02:02:35+02:00,2025-08-27 02:02:35+02:00,1,1,61.51,61.51,50.21,75.32,0,1,0,rb_conditioned_underperformance,ml_hgb_strict_causal_temporal_underperformance,155.0,0.0
INC-000812,542020041221088+20250828123602+Fiji-Nadi-LTE-DL-D!20250828123538,Fiji-Nadi-LTE-DL-D,2025-08-28 02:35:12+02:00,2025-08-28 02:35:13+02:00,1,2,61.47,61.47,63.09,59.5,0,2,0,rb_conditioned_underperformance,normal,315.0,1.0
INC-000907,542020041221088+20250828131005+Fiji-Nadi-LTE-DL-D!20250828130912,Fiji-Nadi-LTE-DL-D,2025-08-28 03:08:28+02:00,2025-08-28 03:08:28+02:00,1,1,61.46,61.46,63.19,59.34,0,1,0,sudden_drop,normal,255.0,0.0
INC-000189,542020041221088+20250827122034+Fiji-Nadi-LTE-DL-D!20250827113125,Fiji-Nadi-LTE-DL-D,2025-08-27 01:29:38+02:00,2025-08-27 01:29:39+02:00,1,2,61.44,61.44,61.79,61.0,0,2,0,rolling_local_drop,normal,341.0,1.0
INC-000772,542020041221088+20250828122022+Fiji-Nadi-LTE-DL-D!20250828120340,Fiji-Nadi-LTE-DL-D,2025-08-28 02:01:43+02:00,2025-08-28 02:01:44+02:00,1,2,61.34,61.34,62.49,59.93,0,2,0,radio_limited_degradation,normal,183.0,1.0
INC-000145,542020041221088+20250827111708+Fiji-Nadi-LTE-DL-D!20250827110046,Fiji-Nadi-LTE-DL-D,2025-08-27 00:59:34+02:00,2025-08-27 00:59:36+02:00,2,2,61.33,61.29,71.42,48.99,0,2,0,radio_limited_degradation,normal,333.0,2.0
INC-000707,542020041221088+20250828113551+Fiji-Nadi-LTE-DL-D!20250828110238,Fiji-Nadi-LTE-DL-D,2025-08-28 01:01:12+02:00,2025-08-28 01:01:12+02:00,1,1,61.31,61.31,52.39,72.22,0,1,0,sudden_drop,normal,271.0,0.0
INC-000496,542020041221088+20250827141230+Fiji-Nadi-LTE-DL-D!20250827140734,Fiji-Nadi-LTE-DL-D,2025-08-27 04:07:21+02:00,2025-08-27 04:07:21+02:00,1,1,61.29,61.29,63.8,58.22,0,1,0,rb_efficiency_underperformance,normal,136.0,0.0
INC-000226,542020041221088+20250827123136+Fiji-Nadi-LTE-DL-D!20250827114007,Fiji-Nadi-LTE-DL-D,2025-08-27 01:40:03+02:00,2025-08-27 01:40:04+02:00,1,2,61.23,61.23,63.54,58.41,0,2,0,radio_limited_degradation,normal,363.0,1.0
INC-000062,542020041221088+20250827102346+Fiji-Nadi-LTE-DL-D!20250827102142,Fiji-Nadi-LTE-DL-D,2025-08-27 00:19:40+02:00,2025-08-27 00:19:40+02:00,1,1,61.23,61.23,47.45,78.06,0,1,0,ca_underperformance,ml_quantile_p75_resource_underperformance,351.0,0.0
INC-000293,542020041221088+20250827131704+Fiji-Nadi-LTE-DL-D!20250827121308,Fiji-Nadi-LTE-DL-D,2025-08-27 02:11:05+02:00,2025-08-27 02:11:05+02:00,1,1,61.21,61.21,53.69,70.4,0,1,0,ca_underperformance,normal,363.0,0.0
INC-000069,542020041221088+20250827102526+Fiji-Nadi-LTE-DL-D!20250827102354,Fiji-Nadi-LTE-DL-D,2025-08-27 00:22:06+02:00,2025-08-27 00:22:06+02:00,1,1,61.2,61.2,54.77,69.07,0,1,0,rb_conditioned_underperformance,ml_hgb_strict_causal_temporal_underperformance,149.0,0.0
INC-000232,542020041221088+20250827123337+Fiji-Nadi-LTE-DL-D!20250827114216,Fiji-Nadi-LTE-DL-D,2025-08-27 01:41:58+02:00,2025-08-27 01:41:59+02:00,1,2,61.19,61.19,70.38,49.96,0,2,0,ca_underperformance,normal,148.0,1.0
INC-000241,542020041221088+20250827123437+Fiji-Nadi-LTE-DL-D!20250827114425,Fiji-Nadi-LTE-DL-D,2025-08-27 01:43:13+02:00,2025-08-27 01:43:14+02:00,1,2,61.19,61.19,74.24,45.23,0,2,0,radio_limited_degradation,normal,140.0,1.0
INC-000404,542020041221088+20250827135208+Fiji-Nadi-LTE-DL-D!20250827132735,Fiji-Nadi-LTE-DL-D,2025-08-27 03:27:32+02:00,2025-08-27 03:27:32+02:00,1,1,61.19,61.19,52.31,72.04,0,1,0,sudden_drop,normal,338.0,0.0
INC-000598,542020041221088+20250827160414+Fiji-Nadi-LTE-DL-D!20250827155722,Fiji-Nadi-LTE-DL-D,2025-08-27 05:57:18+02:00,2025-08-27 05:57:18+02:00,1,1,61.18,61.18,71.01,49.16,0,1,0,radio_limited_degradation,normal,470.0,0.0
INC-000077,542020041221088+20250827102926+Fiji-Nadi-LTE-DL-D!20250827102813,Fiji-Nadi-LTE-DL-D,2025-08-27 00:27:28+02:00,2025-08-27 00:27:29+02:00,1,2,61.16,61.16,74.3,45.11,0,2,0,ca_underperformance,normal,332.0,1.0
INC-000915,542020041221088+20250828131435+Fiji-Nadi-LTE-DL-D!20250828131128,Fiji-Nadi-LTE-DL-D,2025-08-28 03:10:50+02:00,2025-08-28 03:10:51+02:00,1,2,61.16,61.16,62.05,60.07,0,2,0,rolling_local_drop,normal,254.0,1.0
INC-000821,542020041221088+20250828123823+Fiji-Nadi-LTE-DL-D!20250828123754,Fiji-Nadi-LTE-DL-D,2025-08-28 02:36:47+02:00,2025-08-28 02:36:48+02:00,1,2,61.12,61.12,61.15,61.08,0,2,0,rb_conditioned_underperformance,normal,385.0,1.0
INC-000876,542020041221088+20250828125404+Fiji-Nadi-LTE-DL-D!20250828125334,Fiji-Nadi-LTE-DL-D,2025-08-28 02:52:56+02:00,2025-08-28 02:52:56+02:00,1,1,61.12,61.12,70.58,49.56,0,1,0,radio_limited_degradation,normal,167.0,0.0
INC-000551,542020041221088+20250827152052+Fiji-Nadi-LTE-DL-D!20250827151954,Fiji-Nadi-LTE-DL-D,2025-08-27 05:17:58+02:00,2025-08-27 05:17:59+02:00,1,2,61.09,61.09,60.05,62.36,0,2,0,radio_limited_degradation,normal,120.0,1.0
INC-000487,542020041221088+20250827141150+Fiji-Nadi-LTE-DL-D!20250827140658,Fiji-Nadi-LTE-DL-D,2025-08-27 04:05:41+02:00,2025-08-27 04:05:41+02:00,1,1,61.09,61.09,63.48,58.16,0,1,0,radio_limited_degradation,normal,125.0,0.0
INC-000898,542020041221088+20250828130244+Fiji-Nadi-LTE-DL-D!20250828130228,Fiji-Nadi-LTE-DL-D,2025-08-28 03:01:57+02:00,2025-08-28 03:02:00+02:00,1,4,61.08,61.08,64.91,56.41,0,4,0,ca_underperformance,normal,170.0,3.0
INC-000833,542020041221088+20250828124043+Fiji-Nadi-LTE-DL-D!20250828124009,Fiji-Nadi-LTE-DL-D,2025-08-28 02:39:02+02:00,2025-08-28 02:39:04+02:00,1,3,61.08,61.08,63.89,57.65,0,3,0,ca_underperformance,normal,385.0,2.0
INC-000788,542020041221088+20250828122402+Fiji-Nadi-LTE-DL-D!20250828121612,Fiji-Nadi-LTE-DL-D,2025-08-28 02:15:52+02:00,2025-08-28 02:15:53+02:00,1,2,61.06,61.06,62.33,59.52,0,2,0,ca_underperformance,normal,184.0,1.0
INC-001028,542020041221088+20250828140718+Fiji-Nadi-LTE-DL-D!20250828140641,Fiji-Nadi-LTE-DL-D,2025-08-28 04:05:08+02:00,2025-08-28 04:05:09+02:00,1,2,61.03,61.03,62.78,58.89,0,2,0,rolling_local_drop,normal,183.0,1.0
INC-000010,542020041221088+20250827094725+Fiji-Nadi-LTE-DL-D!20250827094401,Fiji-Nadi-LTE-DL-D,2025-08-26 23:43:37+02:00,2025-08-26 23:43:37+02:00,1,1,60.99,60.99,60.81,61.2,0,1,0,sudden_drop,normal,151.0,0.0
INC-000552,542020041221088+20250827152052+Fiji-Nadi-LTE-DL-D!20250827151954,Fiji-Nadi-LTE-DL-D,2025-08-27 05:18:23+02:00,2025-08-27 05:18:23+02:00,1,1,60.99,60.99,55.94,67.17,0,1,0,sudden_drop,normal,120.0,0.0
INC-001077,542020041221088+20250828143639+Fiji-Nadi-LTE-DL-D!20250828143559,Fiji-Nadi-LTE-DL-D,2025-08-28 04:34:34+02:00,2025-08-28 04:34:34+02:00,1,1,60.95,60.95,70.43,49.35,0,1,0,radio_limited_degradation,normal,385.0,0.0
INC-000338,542020041221088+20250827133707+Fiji-Nadi-LTE-DL-D!20250827125859,Fiji-Nadi-LTE-DL-D,2025-08-27 02:58:44+02:00,2025-08-27 02:58:46+02:00,1,3,60.93,60.93,61.04,60.78,0,3,0,radio_limited_degradation,normal,147.0,2.0
INC-000959,542020041221088+20250828133556+Fiji-Nadi-LTE-DL-D!20250828132602,Fiji-Nadi-LTE-DL-D,2025-08-28 03:25:43+02:00,2025-08-28 03:25:44+02:00,1,2,60.93,60.93,61.19,60.62,0,2,0,radio_limited_degradation,normal,234.0,1.0
INC-000608,542020041221088+20250827161114+Fiji-Nadi-LTE-DL-D!20250827160608,Fiji-Nadi-LTE-DL-D,2025-08-27 06:05:45+02:00,2025-08-27 06:05:50+02:00,3,4,60.87,59.94333333333333,74.48,53.7,0,4,0,radio_limited_degradation,normal,469.0,5.0
INC-000841,542020041221088+20250828124303+Fiji-Nadi-LTE-DL-D!20250828124223,Fiji-Nadi-LTE-DL-D,2025-08-28 02:41:41+02:00,2025-08-28 02:41:43+02:00,1,3,60.85,60.85,70.89,48.58,0,3,0,radio_limited_degradation,normal,169.0,2.0
INC-000565,542020041221088+20250827152532+Fiji-Nadi-LTE-DL-D!20250827152209,Fiji-Nadi-LTE-DL-D,2025-08-27 05:22:04+02:00,2025-08-27 05:22:05+02:00,1,2,60.79,60.79,60.7,60.9,0,2,0,radio_limited_degradation,normal,120.0,1.0
INC-000341,542020041221088+20250827133907+Fiji-Nadi-LTE-DL-D!20250827130324,Fiji-Nadi-LTE-DL-D,2025-08-27 03:01:25+02:00,2025-08-27 03:01:25+02:00,1,1,60.79,60.79,59.03,62.93,0,1,0,rb_efficiency_underperformance,normal,394.0,0.0
INC-000048,542020041221088+20250827100005+Fiji-Nadi-LTE-DL-D!20250827095853,Fiji-Nadi-LTE-DL-D,2025-08-26 23:57:56+02:00,2025-08-26 23:57:56+02:00,1,1,60.75,60.75,59.27,62.56,0,1,0,radio_limited_degradation,normal,145.0,0.0
INC-000773,542020041221088+20250828122022+Fiji-Nadi-LTE-DL-D!20250828120340,Fiji-Nadi-LTE-DL-D,2025-08-28 02:02:58+02:00,2025-08-28 02:02:58+02:00,1,1,60.74,60.74,72.17,46.77,0,1,0,radio_limited_degradation,normal,183.0,0.0
INC-000490,542020041221088+20250827141150+Fiji-Nadi-LTE-DL-D!20250827140658,Fiji-Nadi-LTE-DL-D,2025-08-27 04:06:24+02:00,2025-08-27 04:06:24+02:00,1,1,60.71,60.71,59.24,62.52,0,1,0,ca_underperformance,normal,339.0,0.0
INC-000055,542020041221088+20250827100345+Fiji-Nadi-LTE-DL-D!20250827100319,Fiji-Nadi-LTE-DL-D,2025-08-27 00:03:18+02:00,2025-08-27 00:03:18+02:00,1,1,60.69,60.69,61.97,59.13,0,1,0,sudden_drop,normal,148.0,0.0
INC-000782,542020041221088+20250828122402+Fiji-Nadi-LTE-DL-D!20250828121612,Fiji-Nadi-LTE-DL-D,2025-08-28 02:14:49+02:00,2025-08-28 02:14:49+02:00,1,1,60.69,60.69,59.15,62.56,0,1,0,radio_limited_degradation,normal,184.0,0.0
INC-000675,542020041221088+20250828104747+Fiji-Nadi-LTE-DL-D!20250828104718,Fiji-Nadi-LTE-DL-D,2025-08-28 00:45:53+02:00,2025-08-28 00:45:53+02:00,1,1,60.68,60.68,54.26,68.53,0,1,0,rb_conditioned_underperformance,ml_hgb_strict_causal_temporal_underperformance,355.0,0.0
INC-000587,542020041221088+20250827155333+Fiji-Nadi-LTE-DL-D!20250827154000,Fiji-Nadi-LTE-DL-D,2025-08-27 05:38:24+02:00,2025-08-27 05:38:26+02:00,2,2,60.66,60.33,72.57,46.1,0,2,0,radio_limited_degradation,normal,487.0,2.0
INC-000951,542020041221088+20250828133115+Fiji-Nadi-LTE-DL-D!20250828132346,Fiji-Nadi-LTE-DL-D,2025-08-28 03:22:41+02:00,2025-08-28 03:22:41+02:00,1,1,60.65,60.65,59.09,62.56,0,1,0,radio_limited_degradation,normal,252.0,0.0
INC-000499,542020041221088+20250827144511+Fiji-Nadi-LTE-DL-D!20250827144430,Fiji-Nadi-LTE-DL-D,2025-08-27 04:43:19+02:00,2025-08-27 04:43:20+02:00,1,2,60.64,60.64,74.98,43.12,0,2,0,radio_limited_degradation,normal,487.0,1.0
INC-000035,542020041221088+20250827095145+Fiji-Nadi-LTE-DL-D!20250827095034,Fiji-Nadi-LTE-DL-D,2025-08-26 23:49:27+02:00,2025-08-26 23:49:27+02:00,1,1,60.64,60.64,63.14,57.58,0,1,0,radio_limited_degradation,normal,151.0,0.0
INC-001025,542020041221088+20250828140457+Fiji-Nadi-LTE-DL-D!20250828140425,Fiji-Nadi-LTE-DL-D,2025-08-28 04:03:40+02:00,2025-08-28 04:03:40+02:00,1,1,60.62,60.62,63.03,57.66,0,1,0,sudden_drop,normal,139.0,0.0
INC-000163,542020041221088+20250827114430+Fiji-Nadi-LTE-DL-D!20250827111604,Fiji-Nadi-LTE-DL-D,2025-08-27 01:14:35+02:00,2025-08-27 01:14:36+02:00,1,2,60.58,60.58,60.21,61.04,0,2,0,ca_underperformance,normal,212.0,1.0
INC-000780,542020041221088+20250828122241+Fiji-Nadi-LTE-DL-D!20250828121359,Fiji-Nadi-LTE-DL-D,2025-08-28 02:13:59+02:00,2025-08-28 02:13:59+02:00,1,1,60.58,60.58,58.95,62.56,0,1,0,radio_limited_degradation,normal,184.0,0.0
INC-000989,542020041221088+20250828135137+Fiji-Nadi-LTE-DL-D!20250828134837,Fiji-Nadi-LTE-DL-D,2025-08-28 03:46:56+02:00,2025-08-28 03:46:57+02:00,1,2,60.55,60.55,62.36,58.35,0,2,0,ca_underperformance,normal,140.0,1.0
INC-000709,542020041221088+20250828113551+Fiji-Nadi-LTE-DL-D!20250828110238,Fiji-Nadi-LTE-DL-D,2025-08-28 01:01:43+02:00,2025-08-28 01:01:46+02:00,2,2,60.54,60.28,61.79,59.02,0,2,0,ca_underperformance,ml_quantile_p75_resource_underperformance,165.0,3.0
INC-000697,542020041221088+20250828105428+Fiji-Nadi-LTE-DL-D!20250828105353,Fiji-Nadi-LTE-DL-D,2025-08-28 00:53:40+02:00,2025-08-28 00:53:43+02:00,1,4,60.53,60.53,60.96,60.01,0,4,0,rb_conditioned_underperformance,normal,164.0,3.0
INC-001019,542020041221088+20250828140337+Fiji-Nadi-LTE-DL-D!20250828140209,Fiji-Nadi-LTE-DL-D,2025-08-28 04:01:45+02:00,2025-08-28 04:01:47+02:00,1,3,60.53,60.53,59.33,61.99,0,3,0,radio_limited_degradation,normal,139.0,2.0
INC-000845,542020041221088+20250828124503+Fiji-Nadi-LTE-DL-D!20250828124436,Fiji-Nadi-LTE-DL-D,2025-08-28 02:43:55+02:00,2025-08-28 02:43:56+02:00,1,2,60.53,60.53,61.93,58.83,0,2,0,ca_underperformance,normal,315.0,1.0
INC-000718,542020041221088+20250828113631+Fiji-Nadi-LTE-DL-D!20250828110448,Fiji-Nadi-LTE-DL-D,2025-08-28 01:04:46+02:00,2025-08-28 01:04:46+02:00,1,1,60.51,60.51,72.07,46.38,0,1,0,radio_limited_degradation,normal,377.0,0.0
INC-000756,542020041221088+20250828121041+Fiji-Nadi-LTE-DL-D!20250828114409,Fiji-Nadi-LTE-DL-D,2025-08-28 01:42:55+02:00,2025-08-28 01:42:55+02:00,1,1,60.51,60.51,60.54,60.48,0,1,0,sudden_drop,normal,185.0,0.0
INC-000567,542020041221088+20250827152632+Fiji-Nadi-LTE-DL-D!20250827152422,Fiji-Nadi-LTE-DL-D,2025-08-27 05:22:37+02:00,2025-08-27 05:22:37+02:00,1,1,60.46,60.46,59.58,61.53,0,1,0,ca_underperformance,normal,487.0,0.0
INC-000818,542020041221088+20250828123823+Fiji-Nadi-LTE-DL-D!20250828123754,Fiji-Nadi-LTE-DL-D,2025-08-28 02:36:19+02:00,2025-08-28 02:36:20+02:00,1,2,60.45,60.45,60.1,60.89,0,2,0,ca_underperformance,normal,313.0,1.0
INC-000725,542020041221088+20250828114132+Fiji-Nadi-LTE-DL-D!20250828111120,Fiji-Nadi-LTE-DL-D,2025-08-28 01:11:14+02:00,2025-08-28 01:11:14+02:00,1,1,60.4,60.4,53.48,68.86,0,1,0,sudden_drop,normal,179.0,0.0
INC-000380,542020041221088+20250827134427+Fiji-Nadi-LTE-DL-D!20250827131213,Fiji-Nadi-LTE-DL-D,2025-08-27 03:12:10+02:00,2025-08-27 03:12:11+02:00,1,2,60.38,60.38,54.52,67.55,0,2,0,sudden_drop,ml_hgb_strict_causal_temporal_underperformance,129.0,1.0
INC-000504,542020041221088+20250827144731+Fiji-Nadi-LTE-DL-D!20250827144643,Fiji-Nadi-LTE-DL-D,2025-08-27 04:46:01+02:00,2025-08-27 04:46:01+02:00,1,1,60.38,60.38,58.79,62.32,0,1,0,ca_underperformance,normal,116.0,0.0
INC-000905,542020041221088+20250828130744+Fiji-Nadi-LTE-DL-D!20250828130656,Fiji-Nadi-LTE-DL-D,2025-08-28 03:06:26+02:00,2025-08-28 03:06:26+02:00,1,1,60.37,60.37,60.83,59.81,0,1,0,sudden_drop,normal,255.0,0.0
INC-000655,542020041221088+20250828103207+Fiji-Nadi-LTE-DL-D!20250828102946,Fiji-Nadi-LTE-DL-D,2025-08-28 00:28:09+02:00,2025-08-28 00:28:09+02:00,1,1,60.36,60.36,47.25,76.38,0,1,0,sudden_drop,normal,487.0,0.0
INC-000121,542020041221088+20250827105947+Fiji-Nadi-LTE-DL-D!20250827104944,Fiji-Nadi-LTE-DL-D,2025-08-27 00:48:10+02:00,2025-08-27 00:48:11+02:00,1,2,60.31,60.31,61.35,59.04,0,2,0,rb_efficiency_underperformance,normal,348.0,1.0
INC-000072,542020041221088+20250827102926+Fiji-Nadi-LTE-DL-D!20250827102813,Fiji-Nadi-LTE-DL-D,2025-08-27 00:26:11+02:00,2025-08-27 00:26:11+02:00,1,1,60.28,60.28,56.45,64.97,0,1,0,radio_limited_degradation,normal,393.0,0.0
INC-001082,542020041221088+20250828144319+Fiji-Nadi-LTE-DL-D!20250828144243,Fiji-Nadi-LTE-DL-D,2025-08-28 04:40:42+02:00,2025-08-28 04:40:43+02:00,1,2,60.25,60.25,60.6,59.82,0,2,0,ca_underperformance,normal,346.0,1.0
INC-001007,542020041221088+20250828140057+Fiji-Nadi-LTE-DL-D!20250828135741,Fiji-Nadi-LTE-DL-D,2025-08-28 03:56:23+02:00,2025-08-28 03:56:24+02:00,1,2,60.24,60.24,74.66,42.63,0,2,0,radio_limited_degradation,normal,182.0,1.0
INC-000333,542020041221088+20250827133406+Fiji-Nadi-LTE-DL-D!20250827125219,Fiji-Nadi-LTE-DL-D,2025-08-27 02:50:31+02:00,2025-08-27 02:50:33+02:00,1,3,60.2,60.2,61.99,58.01,0,3,0,ca_underperformance,normal,147.0,2.0
INC-000042,542020041221088+20250827095725+Fiji-Nadi-LTE-DL-D!20250827095641,Fiji-Nadi-LTE-DL-D,2025-08-26 23:56:40+02:00,2025-08-26 23:56:40+02:00,1,1,60.17,60.17,47.69,75.43,0,1,0,sudden_drop,normal,351.0,0.0
INC-000629,542020041221088+20250828102346+Fiji-Nadi-LTE-DL-D!20250828102312,Fiji-Nadi-LTE-DL-D,2025-08-28 00:21:34+02:00,2025-08-28 00:21:34+02:00,1,1,60.17,60.17,63.08,56.61,0,1,0,radio_limited_degradation,normal,338.0,0.0
INC-000170,542020041221088+20250827115331+Fiji-Nadi-LTE-DL-D!20250827112239,Fiji-Nadi-LTE-DL-D,2025-08-27 01:22:36+02:00,2025-08-27 01:22:37+02:00,1,2,60.16,60.16,60.78,59.41,0,2,0,rb_conditioned_underperformance,normal,125.0,1.0
INC-000136,542020041221088+20250827110647+Fiji-Nadi-LTE-DL-D!20250827105407,Fiji-Nadi-LTE-DL-D,2025-08-27 00:52:29+02:00,2025-08-27 00:52:29+02:00,1,1,60.16,60.16,67.74,50.89,0,1,0,radio_limited_degradation,normal,112.0,0.0
INC-000342,542020041221088+20250827133907+Fiji-Nadi-LTE-DL-D!20250827130324,Fiji-Nadi-LTE-DL-D,2025-08-27 03:01:49+02:00,2025-08-27 03:01:50+02:00,1,2,60.14,60.14,52.37,69.62,0,2,0,rb_conditioned_underperformance,ml_hgb_strict_causal_temporal_underperformance,132.0,1.0
INC-000014,542020041221088+20250827094925+Fiji-Nadi-LTE-DL-D!20250827094611,Fiji-Nadi-LTE-DL-D,2025-08-26 23:44:44+02:00,2025-08-26 23:44:44+02:00,1,1,60.14,60.14,61.23,58.8,0,1,0,sudden_drop,normal,151.0,0.0
INC-001090,542020041221088+20250828153602+Fiji-Nadi-LTE-DL-D!20250828152027,Fiji-Nadi-LTE-DL-D,2025-08-28 05:18:33+02:00,2025-08-28 05:18:33+02:00,1,1,60.13,60.13,53.9,67.74,0,1,0,radio_limited_degradation,normal,455.0,0.0
INC-000400,542020041221088+20250827135208+Fiji-Nadi-LTE-DL-D!20250827132735,Fiji-Nadi-LTE-DL-D,2025-08-27 03:26:40+02:00,2025-08-27 03:26:41+02:00,1,2,60.11,60.11,60.75,59.33,0,2,0,radio_limited_degradation,normal,340.0,1.0
INC-000009,542020041221088+20250827094725+Fiji-Nadi-LTE-DL-D!20250827094401,Fiji-Nadi-LTE-DL-D,2025-08-26 23:43:18+02:00,2025-08-26 23:43:18+02:00,1,1,60.07,60.07,59.15,61.2,0,1,0,sudden_drop,normal,145.0,0.0
INC-000383,542020041221088+20250827134607+Fiji-Nadi-LTE-DL-D!20250827131425,Fiji-Nadi-LTE-DL-D,2025-08-27 03:12:59+02:00,2025-08-27 03:13:01+02:00,1,3,60.06,60.06,60.36,59.68,0,3,0,ca_underperformance,normal,338.0,2.0
INC-000646,542020041221088+20250828103047+Fiji-Nadi-LTE-DL-D!20250828102736,Fiji-Nadi-LTE-DL-D,2025-08-28 00:25:50+02:00,2025-08-28 00:25:51+02:00,1,2,60.06,60.06,53.71,67.82,0,2,0,rolling_local_drop,normal,487.0,1.0
INC-001085,542020041221088+20250828144319+Fiji-Nadi-LTE-DL-D!20250828144243,Fiji-Nadi-LTE-DL-D,2025-08-28 04:42:42+02:00,2025-08-28 04:42:42+02:00,1,1,60.06,60.06,59.68,60.53,0,1,0,ca_underperformance,normal,356.0,0.0
INC-000813,542020041221088+20250828123602+Fiji-Nadi-LTE-DL-D!20250828123538,Fiji-Nadi-LTE-DL-D,2025-08-28 02:35:18+02:00,2025-08-28 02:35:20+02:00,1,3,60.04,60.04,66.03,52.72,0,3,0,radio_limited_degradation,normal,345.0,2.0
INC-000897,542020041221088+20250828130244+Fiji-Nadi-LTE-DL-D!20250828130228,Fiji-Nadi-LTE-DL-D,2025-08-28 03:01:50+02:00,2025-08-28 03:01:50+02:00,1,1,60.03,60.03,62.36,57.19,0,1,0,ca_underperformance,normal,167.0,0.0
INC-000001,542020041221088+20250827094025+Fiji-Nadi-LTE-DL-D!20250827093942,Fiji-Nadi-LTE-DL-D,2025-08-26 23:37:42+02:00,2025-08-26 23:37:42+02:00,1,1,60.02,60.02,72.5,44.76,0,1,0,radio_limited_degradation,normal,351.0,0.0
INC-000644,542020041221088+20250828102746+Fiji-Nadi-LTE-DL-D!20250828102524,Fiji-Nadi-LTE-DL-D,2025-08-28 00:25:22+02:00,2025-08-28 00:25:22+02:00,1,1,60.02,60.02,61.38,58.35,0,1,0,sudden_drop,normal,487.0,0.0
INC-000088,542020041221088+20250827103926+Fiji-Nadi-LTE-DL-D!20250827103843,Fiji-Nadi-LTE-DL-D,2025-08-27 00:37:14+02:00,2025-08-27 00:37:14+02:00,1,1,59.99,59.99,73.51,43.48,0,1,0,radio_limited_degradation,normal,395.0,0.0
INC-000617,542020041221088+20250827161234+Fiji-Nadi-LTE-DL-D!20250827161029,Fiji-Nadi-LTE-DL-D,2025-08-27 06:08:27+02:00,2025-08-27 06:08:27+02:00,1,1,59.99,59.99,58.57,61.74,0,1,0,ca_underperformance,normal,395.0,0.0
INC-000234,542020041221088+20250827123437+Fiji-Nadi-LTE-DL-D!20250827114425,Fiji-Nadi-LTE-DL-D,2025-08-27 01:42:23+02:00,2025-08-27 01:42:23+02:00,1,1,59.98,59.98,75.68,40.79,0,1,0,radio_limited_degradation,normal,363.0,0.0
INC-000609,542020041221088+20250827161114+Fiji-Nadi-LTE-DL-D!20250827160608,Fiji-Nadi-LTE-DL-D,2025-08-27 06:06:06+02:00,2025-08-27 06:06:06+02:00,1,1,59.97,59.97,72.44,44.74,0,1,0,radio_limited_degradation,normal,469.0,0.0
INC-000408,542020041221088+20250827135348+Fiji-Nadi-LTE-DL-D!20250827133514,Fiji-Nadi-LTE-DL-D,2025-08-27 03:33:50+02:00,2025-08-27 03:33:50+02:00,1,1,59.92,59.92,55.37,65.48,0,1,0,ca_underperformance,ml_quantile_p75_resource_underperformance,132.0,0.0
INC-001041,542020041221088+20250828141158+Fiji-Nadi-LTE-DL-D!20250828141111,Fiji-Nadi-LTE-DL-D,2025-08-28 04:09:50+02:00,2025-08-28 04:09:50+02:00,1,1,59.89,59.89,64.07,54.77,0,1,0,radio_limited_degradation,normal,375.0,0.0
INC-000893,542020041221088+20250828130244+Fiji-Nadi-LTE-DL-D!20250828130228,Fiji-Nadi-LTE-DL-D,2025-08-28 03:00:47+02:00,2025-08-28 03:00:49+02:00,1,3,59.86,59.86,58.73,61.25,0,3,0,ca_underperformance,normal,384.0,2.0
INC-001075,542020041221088+20250828143639+Fiji-Nadi-LTE-DL-D!20250828143559,Fiji-Nadi-LTE-DL-D,2025-08-28 04:33:59+02:00,2025-08-28 04:34:03+02:00,1,5,59.85,59.85,62.9,56.13,0,5,0,ca_underperformance,normal,385.0,4.0
INC-000446,542020041221088+20250827140609+Fiji-Nadi-LTE-DL-D!20250827135810,Fiji-Nadi-LTE-DL-D,2025-08-27 03:56:16+02:00,2025-08-27 03:56:17+02:00,1,2,59.82,59.82,51.99,69.4,0,2,0,rolling_local_drop,normal,123.0,1.0
INC-001054,542020041221088+20250828141838+Fiji-Nadi-LTE-DL-D!20250828141754,Fiji-Nadi-LTE-DL-D,2025-08-28 04:17:27+02:00,2025-08-28 04:17:27+02:00,1,1,59.81,59.81,71.66,45.34,0,1,0,radio_limited_degradation,normal,375.0,0.0
INC-000763,542020041221088+20250828121301+Fiji-Nadi-LTE-DL-D!20250828114829,Fiji-Nadi-LTE-DL-D,2025-08-28 01:46:54+02:00,2025-08-28 01:46:55+02:00,1,2,59.74,59.74,61.38,57.74,0,2,0,radio_limited_degradation,normal,184.0,1.0
INC-000125,542020041221088+20250827110227+Fiji-Nadi-LTE-DL-D!20250827105156,Fiji-Nadi-LTE-DL-D,2025-08-27 00:49:55+02:00,2025-08-27 00:49:55+02:00,1,1,59.74,59.74,56.64,63.53,0,1,0,rb_efficiency_underperformance,normal,212.0,0.0
INC-000306,542020041221088+20250827131944+Fiji-Nadi-LTE-DL-D!20250827121729,Fiji-Nadi-LTE-DL-D,2025-08-27 02:15:53+02:00,2025-08-27 02:15:53+02:00,1,1,59.7,59.7,54.05,66.6,0,1,0,rb_conditioned_underperformance,ml_hgb_strict_causal_temporal_underperformance,362.0,0.0
INC-000761,542020041221088+20250828121201+Fiji-Nadi-LTE-DL-D!20250828114619,Fiji-Nadi-LTE-DL-D,2025-08-28 01:45:05+02:00,2025-08-28 01:45:06+02:00,1,2,59.69,59.69,62.09,56.76,0,2,0,rolling_local_drop,normal,183.0,1.0
INC-001107,542020041221088+20250829102513+Nawaka-LTE-DL!20250829102435,Nawaka-LTE-DL,2025-08-29 00:23:50+02:00,2025-08-29 00:23:50+02:00,1,1,59.69,59.69,70.22,46.83,0,1,0,radio_limited_degradation,normal,469.0,0.0
INC-001036,542020041221088+20250828140938+Fiji-Nadi-LTE-DL-D!20250828140855,Fiji-Nadi-LTE-DL-D,2025-08-28 04:08:36+02:00,2025-08-28 04:08:38+02:00,1,3,59.68,59.68,67.5,50.12,0,3,0,radio_limited_degradation,normal,182.0,2.0
INC-001031,542020041221088+20250828140718+Fiji-Nadi-LTE-DL-D!20250828140641,Fiji-Nadi-LTE-DL-D,2025-08-28 04:06:12+02:00,2025-08-28 04:06:13+02:00,1,2,59.61,59.61,53.19,67.45,0,2,0,rolling_local_drop,normal,139.0,1.0
INC-000389,542020041221088+20250827134808+Fiji-Nadi-LTE-DL-D!20250827131638,Fiji-Nadi-LTE-DL-D,2025-08-27 03:15:25+02:00,2025-08-27 03:15:25+02:00,1,1,59.61,59.61,58.31,61.2,0,1,0,rolling_local_drop,normal,395.0,0.0
INC-000758,542020041221088+20250828121041+Fiji-Nadi-LTE-DL-D!20250828114409,Fiji-Nadi-LTE-DL-D,2025-08-28 01:43:11+02:00,2025-08-28 01:43:12+02:00,1,2,59.6,59.6,56.5,63.38,0,2,0,rolling_local_drop,normal,185.0,1.0
INC-000832,542020041221088+20250828124043+Fiji-Nadi-LTE-DL-D!20250828124009,Fiji-Nadi-LTE-DL-D,2025-08-28 02:38:55+02:00,2025-08-28 02:38:56+02:00,1,2,59.59,59.59,58.04,61.49,0,2,0,ca_underperformance,normal,385.0,1.0
INC-000445,542020041221088+20250827140349+Fiji-Nadi-LTE-DL-D!20250827135601,Fiji-Nadi-LTE-DL-D,2025-08-27 03:55:02+02:00,2025-08-27 03:55:02+02:00,1,1,59.59,59.59,69.59,47.37,0,1,0,radio_limited_degradation,normal,130.0,0.0
INC-000803,542020041221088+20250828123522+Fiji-Nadi-LTE-DL-D!20250828123323,Fiji-Nadi-LTE-DL-D,2025-08-28 02:32:17+02:00,2025-08-28 02:32:18+02:00,1,2,59.51,59.51,59.93,59.0,0,2,0,ca_underperformance,normal,354.0,1.0
INC-000377,542020041221088+20250827134427+Fiji-Nadi-LTE-DL-D!20250827131213,Fiji-Nadi-LTE-DL-D,2025-08-27 03:10:59+02:00,2025-08-27 03:11:00+02:00,1,2,59.5,59.5,55.5,64.38,0,2,0,rolling_local_drop,normal,129.0,1.0
INC-000851,542020041221088+20250828124723+Fiji-Nadi-LTE-DL-D!20250828124651,Fiji-Nadi-LTE-DL-D,2025-08-28 02:46:08+02:00,2025-08-28 02:46:09+02:00,1,2,59.48,59.48,59.0,60.07,0,2,0,ca_underperformance,normal,170.0,1.0
INC-000762,542020041221088+20250828121301+Fiji-Nadi-LTE-DL-D!20250828114829,Fiji-Nadi-LTE-DL-D,2025-08-28 01:46:27+02:00,2025-08-28 01:46:27+02:00,1,1,59.47,59.47,60.92,57.71,0,1,0,rolling_local_drop,normal,184.0,0.0
INC-000239,542020041221088+20250827123437+Fiji-Nadi-LTE-DL-D!20250827114425,Fiji-Nadi-LTE-DL-D,2025-08-27 01:42:59+02:00,2025-08-27 01:42:59+02:00,1,1,59.46,59.46,74.9,40.6,0,1,0,radio_limited_degradation,normal,140.0,0.0
INC-000860,542020041221088+20250828125203+Fiji-Nadi-LTE-DL-D!20250828125121,Fiji-Nadi-LTE-DL-D,2025-08-28 02:49:57+02:00,2025-08-28 02:49:57+02:00,1,1,59.46,59.46,50.85,69.97,0,1,0,radio_limited_degradation,normal,167.0,0.0
INC-000200,542020041221088+20250827122335+Fiji-Nadi-LTE-DL-D!20250827113336,Fiji-Nadi-LTE-DL-D,2025-08-27 01:31:39+02:00,2025-08-27 01:31:39+02:00,1,1,59.44,59.44,62.2,56.06,0,1,0,sudden_drop,normal,394.0,0.0
INC-001050,542020041221088+20250828141618+Fiji-Nadi-LTE-DL-D!20250828141538,Fiji-Nadi-LTE-DL-D,2025-08-28 04:15:15+02:00,2025-08-28 04:15:15+02:00,1,1,59.43,59.43,48.49,72.79,0,1,0,radio_p75_underperformance,ml_hgb_resource_conditioned_underperformance,233.0,0.0
INC-000667,542020041221088+20250828104127+Fiji-Nadi-LTE-DL-D!20250828104043,Fiji-Nadi-LTE-DL-D,2025-08-28 00:40:31+02:00,2025-08-28 00:40:31+02:00,1,1,59.4,59.4,48.12,73.18,0,1,0,radio_p75_underperformance,ml_hgb_strict_causal_temporal_underperformance,437.0,0.0
INC-000171,542020041221088+20250827115912+Fiji-Nadi-LTE-DL-D!20250827112451,Fiji-Nadi-LTE-DL-D,2025-08-27 01:22:50+02:00,2025-08-27 01:22:51+02:00,1,2,59.38,59.38,57.55,61.61,0,2,0,radio_limited_degradation,normal,123.0,1.0
INC-000852,542020041221088+20250828124723+Fiji-Nadi-LTE-DL-D!20250828124651,Fiji-Nadi-LTE-DL-D,2025-08-28 02:46:27+02:00,2025-08-28 02:46:27+02:00,1,1,59.36,59.36,63.2,54.68,0,1,0,ca_underperformance,normal,384.0,0.0
INC-000347,542020041221088+20250827133907+Fiji-Nadi-LTE-DL-D!20250827130324,Fiji-Nadi-LTE-DL-D,2025-08-27 03:02:29+02:00,2025-08-27 03:02:30+02:00,1,2,59.34,59.34,52.4,67.82,0,2,0,radio_limited_degradation,ml_hgb_resource_conditioned_underperformance,134.0,1.0
INC-000501,542020041221088+20250827144731+Fiji-Nadi-LTE-DL-D!20250827144643,Fiji-Nadi-LTE-DL-D,2025-08-27 04:44:52+02:00,2025-08-27 04:44:52+02:00,1,1,59.34,59.34,56.74,62.52,0,1,0,ca_underperformance,normal,125.0,0.0
INC-000011,542020041221088+20250827094725+Fiji-Nadi-LTE-DL-D!20250827094401,Fiji-Nadi-LTE-DL-D,2025-08-26 23:43:52+02:00,2025-08-26 23:43:52+02:00,1,1,59.32,59.32,57.98,60.97,0,1,0,sudden_drop,normal,151.0,0.0
INC-000753,542020041221088+20250828121041+Fiji-Nadi-LTE-DL-D!20250828114409,Fiji-Nadi-LTE-DL-D,2025-08-28 01:42:07+02:00,2025-08-28 01:42:09+02:00,1,3,59.31,59.31,63.95,53.63,0,3,0,rolling_local_drop,normal,185.0,2.0
INC-000510,542020041221088+20250827145831+Fiji-Nadi-LTE-DL-D!20250827145756,Fiji-Nadi-LTE-DL-D,2025-08-27 04:57:52+02:00,2025-08-27 04:57:52+02:00,1,1,59.28,59.28,50.93,69.49,0,1,0,rb_conditioned_underperformance,ml_quantile_p75_resource_underperformance,113.0,0.0
INC-000749,542020041221088+20250828120902+Fiji-Nadi-LTE-DL-D!20250828113953,Fiji-Nadi-LTE-DL-D,2025-08-28 01:39:02+02:00,2025-08-28 01:39:02+02:00,1,1,59.25,59.25,61.97,55.92,0,1,0,radio_limited_degradation,normal,184.0,0.0
INC-000566,542020041221088+20250827152632+Fiji-Nadi-LTE-DL-D!20250827152422,Fiji-Nadi-LTE-DL-D,2025-08-27 05:22:28+02:00,2025-08-27 05:22:28+02:00,1,1,59.22,59.22,71.46,44.27,0,1,0,radio_limited_degradation,normal,487.0,0.0
INC-000122,542020041221088+20250827105947+Fiji-Nadi-LTE-DL-D!20250827104944,Fiji-Nadi-LTE-DL-D,2025-08-27 00:48:33+02:00,2025-08-27 00:48:34+02:00,1,2,59.17,59.17,69.43,46.63,0,2,0,radio_limited_degradation,normal,124.0,1.0
INC-000643,542020041221088+20250828102746+Fiji-Nadi-LTE-DL-D!20250828102524,Fiji-Nadi-LTE-DL-D,2025-08-28 00:24:48+02:00,2025-08-28 00:24:48+02:00,1,1,59.16,59.16,55.23,63.95,0,1,0,sudden_drop,normal,487.0,0.0
INC-000240,542020041221088+20250827123437+Fiji-Nadi-LTE-DL-D!20250827114425,Fiji-Nadi-LTE-DL-D,2025-08-27 01:43:04+02:00,2025-08-27 01:43:04+02:00,1,1,59.14,59.14,74.65,40.19,0,1,0,radio_limited_degradation,normal,140.0,0.0
INC-000653,542020041221088+20250828103207+Fiji-Nadi-LTE-DL-D!20250828102946,Fiji-Nadi-LTE-DL-D,2025-08-28 00:27:51+02:00,2025-08-28 00:27:51+02:00,1,1,59.14,59.14,44.58,76.94,0,1,0,sudden_drop,normal,487.0,0.0
INC-000373,542020041221088+20250827134347+Fiji-Nadi-LTE-DL-D!20250827131002,Fiji-Nadi-LTE-DL-D,2025-08-27 03:09:48+02:00,2025-08-27 03:09:48+02:00,1,1,59.12,59.12,59.59,58.54,0,1,0,radio_limited_degradation,normal,129.0,0.0
INC-000345,542020041221088+20250827133907+Fiji-Nadi-LTE-DL-D!20250827130324,Fiji-Nadi-LTE-DL-D,2025-08-27 03:02:14+02:00,2025-08-27 03:02:14+02:00,1,1,59.09,59.09,52.27,67.42,0,1,0,rb_conditioned_underperformance,ml_quantile_p75_resource_underperformance,322.0,0.0
INC-000596,542020041221088+20250827160154+Fiji-Nadi-LTE-DL-D!20250827155510,Fiji-Nadi-LTE-DL-D,2025-08-27 05:54:40+02:00,2025-08-27 05:54:40+02:00,1,1,59.08,59.08,58.6,59.68,0,1,0,ca_underperformance,ml_quantile_p75_resource_underperformance,430.0,0.0
INC-001011,542020041221088+20250828140057+Fiji-Nadi-LTE-DL-D!20250828135741,Fiji-Nadi-LTE-DL-D,2025-08-28 03:57:17+02:00,2025-08-28 03:57:17+02:00,1,1,59.08,59.08,66.03,50.58,0,1,0,rb_efficiency_underperformance,normal,182.0,0.0
INC-001110,542020041221088+20250829102934+Nawaka-LTE-DL!20250829102857,Nawaka-LTE-DL,2025-08-29 00:27:59+02:00,2025-08-29 00:27:59+02:00,1,1,59.04,59.04,45.73,75.32,0,1,0,ca_underperformance,ml_quantile_p75_resource_underperformance,469.0,0.0
INC-000378,542020041221088+20250827134427+Fiji-Nadi-LTE-DL-D!20250827131213,Fiji-Nadi-LTE-DL-D,2025-08-27 03:11:16+02:00,2025-08-27 03:11:18+02:00,1,3,59.03,59.03,58.48,59.71,0,3,0,rb_conditioned_underperformance,normal,129.0,2.0
INC-001021,542020041221088+20250828140457+Fiji-Nadi-LTE-DL-D!20250828140425,Fiji-Nadi-LTE-DL-D,2025-08-28 04:02:40+02:00,2025-08-28 04:02:41+02:00,1,2,59.03,59.03,58.73,59.4,0,2,0,radio_limited_degradation,normal,139.0,1.0
INC-000777,542020041221088+20250828122241+Fiji-Nadi-LTE-DL-D!20250828121359,Fiji-Nadi-LTE-DL-D,2025-08-28 02:13:05+02:00,2025-08-28 02:13:06+02:00,1,2,59.02,59.02,49.0,71.26,0,2,0,rb_conditioned_underperformance,normal,184.0,1.0
INC-000657,542020041221088+20250828103427+Fiji-Nadi-LTE-DL-D!20250828103156,Fiji-Nadi-LTE-DL-D,2025-08-28 00:29:54+02:00,2025-08-28 00:29:54+02:00,1,1,59.0,59.0,47.17,73.46,0,1,0,rb_conditioned_underperformance,ml_quantile_p75_resource_underperformance,315.0,0.0
INC-000417,542020041221088+20250827135549+Fiji-Nadi-LTE-DL-D!20250827133724,Fiji-Nadi-LTE-DL-D,2025-08-27 03:36:42+02:00,2025-08-27 03:36:43+02:00,1,2,58.99,58.99,59.82,57.99,0,2,0,rolling_local_drop,normal,147.0,1.0
INC-001073,542020041221088+20250828143419+Fiji-Nadi-LTE-DL-D!20250828143343,Fiji-Nadi-LTE-DL-D,2025-08-28 04:33:25+02:00,2025-08-28 04:33:25+02:00,1,1,58.98,58.98,56.09,62.52,0,1,0,ca_underperformance,normal,168.0,0.0
INC-000149,542020041221088+20250827112649+Fiji-Nadi-LTE-DL-D!20250827110516,Fiji-Nadi-LTE-DL-D,2025-08-27 01:03:26+02:00,2025-08-27 01:03:27+02:00,1,2,58.97,58.97,58.52,59.53,0,2,0,radio_limited_degradation,normal,80.0,1.0
INC-000559,542020041221088+20250827152532+Fiji-Nadi-LTE-DL-D!20250827152209,Fiji-Nadi-LTE-DL-D,2025-08-27 05:20:19+02:00,2025-08-27 05:20:19+02:00,1,1,58.96,58.96,57.23,61.07,0,1,0,sudden_drop,normal,120.0,0.0
INC-000828,542020041221088+20250828124043+Fiji-Nadi-LTE-DL-D!20250828124009,Fiji-Nadi-LTE-DL-D,2025-08-28 02:38:16+02:00,2025-08-28 02:38:16+02:00,1,1,58.96,58.96,51.97,67.52,0,1,0,rb_conditioned_underperformance,ml_hgb_strict_causal_temporal_underperformance,313.0,0.0
INC-000906,542020041221088+20250828131005+Fiji-Nadi-LTE-DL-D!20250828130912,Fiji-Nadi-LTE-DL-D,2025-08-28 03:08:15+02:00,2025-08-28 03:08:15+02:00,1,1,58.95,58.95,45.78,75.04,0,1,0,rb_conditioned_underperformance,ml_hgb_strict_causal_temporal_underperformance,255.0,0.0
INC-000886,542020041221088+20250828125844+Fiji-Nadi-LTE-DL-D!20250828125759,Fiji-Nadi-LTE-DL-D,2025-08-28 02:56:25+02:00,2025-08-28 02:56:25+02:00,1,1,58.94,58.94,65.06,51.46,0,1,0,radio_limited_degradation,normal,275.0,0.0
INC-000988,542020041221088+20250828135037+Fiji-Nadi-LTE-DL-D!20250828134621,Fiji-Nadi-LTE-DL-D,2025-08-28 03:46:00+02:00,2025-08-28 03:46:00+02:00,1,1,58.94,58.94,48.08,72.2,0,1,0,rb_conditioned_underperformance,ml_hgb_strict_causal_temporal_underperformance,140.0,0.0
INC-000285,542020041221088+20250827131523+Fiji-Nadi-LTE-DL-D!20250827120845,Fiji-Nadi-LTE-DL-D,2025-08-27 02:08:39+02:00,2025-08-27 02:08:41+02:00,1,3,58.9,58.9,71.52,43.46,0,3,0,radio_limited_degradation,normal,138.0,2.0
INC-000451,542020041221088+20250827140609+Fiji-Nadi-LTE-DL-D!20250827135810,Fiji-Nadi-LTE-DL-D,2025-08-27 03:57:39+02:00,2025-08-27 03:57:39+02:00,1,1,58.89,58.89,50.39,69.28,0,1,0,sudden_drop,normal,124.0,0.0
INC-000301,542020041221088+20250827131704+Fiji-Nadi-LTE-DL-D!20250827121308,Fiji-Nadi-LTE-DL-D,2025-08-27 02:12:17+02:00,2025-08-27 02:12:20+02:00,1,4,58.87,58.87,62.24,54.75,0,4,0,ca_underperformance,normal,135.0,3.0
INC-000722,542020041221088+20250828114132+Fiji-Nadi-LTE-DL-D!20250828111120,Fiji-Nadi-LTE-DL-D,2025-08-28 01:09:18+02:00,2025-08-28 01:09:18+02:00,1,1,58.84,58.84,48.0,72.1,0,1,0,rb_conditioned_underperformance,ml_quantile_p75_resource_underperformance,178.0,0.0
INC-000736,542020041221088+20250828114952+Fiji-Nadi-LTE-DL-D!20250828112430,Fiji-Nadi-LTE-DL-D,2025-08-28 01:23:36+02:00,2025-08-28 01:23:36+02:00,1,1,58.81,58.81,71.17,43.71,0,1,0,radio_limited_degradation,normal,375.0,0.0
INC-000357,542020041221088+20250827134107+Fiji-Nadi-LTE-DL-D!20250827130537,Fiji-Nadi-LTE-DL-D,2025-08-27 03:05:03+02:00,2025-08-27 03:05:03+02:00,1,1,58.8,58.8,48.57,71.31,0,1,0,rb_conditioned_underperformance,normal,395.0,0.0
INC-001049,542020041221088+20250828141618+Fiji-Nadi-LTE-DL-D!20250828141538,Fiji-Nadi-LTE-DL-D,2025-08-28 04:14:08+02:00,2025-08-28 04:14:09+02:00,1,2,58.76,58.76,57.19,60.67,0,2,0,ca_underperformance,normal,140.0,1.0
INC-000273,542020041221088+20250827130936+Fiji-Nadi-LTE-DL-D!20250827120414,Fiji-Nadi-LTE-DL-D,2025-08-27 02:03:57+02:00,2025-08-27 02:03:57+02:00,1,1,58.76,58.76,55.6,62.63,0,1,0,radio_limited_degradation,normal,158.0,0.0
INC-000426,542020041221088+20250827135949+Fiji-Nadi-LTE-DL-D!20250827134144,Fiji-Nadi-LTE-DL-D,2025-08-27 03:39:44+02:00,2025-08-27 03:39:44+02:00,1,1,58.76,58.76,56.76,61.2,0,1,0,sudden_drop,normal,137.0,0.0
INC-000661,542020041221088+20250828103907+Fiji-Nadi-LTE-DL-D!20250828103834,Fiji-Nadi-LTE-DL-D,2025-08-28 00:37:37+02:00,2025-08-28 00:37:38+02:00,1,2,58.75,58.75,70.95,43.83,0,2,0,radio_limited_degradation,normal,455.0,1.0
INC-000843,542020041221088+20250828124503+Fiji-Nadi-LTE-DL-D!20250828124436,Fiji-Nadi-LTE-DL-D,2025-08-28 02:42:56+02:00,2025-08-28 02:42:57+02:00,1,2,58.74,58.74,61.1,55.86,0,2,0,radio_limited_degradation,normal,354.0,1.0
INC-000563,542020041221088+20250827152532+Fiji-Nadi-LTE-DL-D!20250827152209,Fiji-Nadi-LTE-DL-D,2025-08-27 05:21:27+02:00,2025-08-27 05:21:28+02:00,1,2,58.73,58.73,62.38,54.28,0,2,0,ca_underperformance,normal,120.0,1.0
INC-000506,542020041221088+20250827145151+Fiji-Nadi-LTE-DL-D!20250827145113,Fiji-Nadi-LTE-DL-D,2025-08-27 04:50:20+02:00,2025-08-27 04:50:23+02:00,2,2,58.71,58.480000000000004,70.82,43.9,0,2,0,radio_limited_degradation,normal,110.0,3.0
INC-001053,542020041221088+20250828141838+Fiji-Nadi-LTE-DL-D!20250828141754,Fiji-Nadi-LTE-DL-D,2025-08-28 04:17:25+02:00,2025-08-28 04:17:25+02:00,1,1,58.68,58.68,60.05,57.02,0,1,0,rb_efficiency_underperformance,normal,375.0,0.0
INC-000917,542020041221088+20250828131954+Fiji-Nadi-LTE-DL-D!20250828131344,Fiji-Nadi-LTE-DL-D,2025-08-28 03:12:33+02:00,2025-08-28 03:12:34+02:00,1,2,58.67,58.67,68.3,46.9,0,2,0,radio_limited_degradation,normal,231.0,1.0
INC-000102,542020041221088+20250827104707+Fiji-Nadi-LTE-DL-D!20250827104518,Fiji-Nadi-LTE-DL-D,2025-08-27 00:44:13+02:00,2025-08-27 00:44:14+02:00,1,2,58.65,58.65,52.03,66.74,0,2,0,radio_limited_degradation,normal,431.0,1.0
INC-000768,542020041221088+20250828121902+Fiji-Nadi-LTE-DL-D!20250828120130,Fiji-Nadi-LTE-DL-D,2025-08-28 02:00:18+02:00,2025-08-28 02:00:18+02:00,1,1,58.65,58.65,59.66,57.42,0,1,0,sudden_drop,normal,183.0,0.0
INC-000288,542020041221088+20250827131624+Fiji-Nadi-LTE-DL-D!20250827121056,Fiji-Nadi-LTE-DL-D,2025-08-27 02:10:19+02:00,2025-08-27 02:10:20+02:00,1,2,58.62,58.62,61.75,54.8,0,2,0,rb_efficiency_underperformance,normal,363.0,1.0
INC-000184,542020041221088+20250827121333+Fiji-Nadi-LTE-DL-D!20250827112914,Fiji-Nadi-LTE-DL-D,2025-08-27 01:28:30+02:00,2025-08-27 01:28:30+02:00,1,1,58.61,58.61,55.16,62.83,0,1,0,sudden_drop,normal,394.0,0.0
INC-001080,542020041221088+20250828143639+Fiji-Nadi-LTE-DL-D!20250828143559,Fiji-Nadi-LTE-DL-D,2025-08-28 04:35:00+02:00,2025-08-28 04:35:00+02:00,1,1,58.55,58.55,64.41,51.39,0,1,0,ca_underperformance,normal,232.0,0.0
INC-000276,542020041221088+20250827131243+Fiji-Nadi-LTE-DL-D!20250827120629,Fiji-Nadi-LTE-DL-D,2025-08-27 02:05:51+02:00,2025-08-27 02:05:51+02:00,1,1,58.54,58.54,47.78,71.7,0,1,0,sudden_drop,ml_hgb_strict_causal_temporal_underperformance,153.0,0.0
INC-000130,542020041221088+20250827110227+Fiji-Nadi-LTE-DL-D!20250827105156,Fiji-Nadi-LTE-DL-D,2025-08-27 00:50:59+02:00,2025-08-27 00:51:00+02:00,1,2,58.53,58.53,57.8,59.41,0,2,0,rb_efficiency_underperformance,normal,213.0,1.0
INC-000399,542020041221088+20250827135148+Fiji-Nadi-LTE-DL-D!20250827132524,Fiji-Nadi-LTE-DL-D,2025-08-27 03:25:19+02:00,2025-08-27 03:25:20+02:00,1,2,58.51,58.51,53.02,65.21,0,2,0,radio_limited_degradation,normal,338.0,1.0
INC-000581,542020041221088+20250827153152+Fiji-Nadi-LTE-DL-D!20250827153105,Fiji-Nadi-LTE-DL-D,2025-08-27 05:30:11+02:00,2025-08-27 05:30:11+02:00,1,1,58.46,58.46,67.05,47.97,0,1,0,radio_limited_degradation,normal,120.0,0.0
INC-000719,542020041221088+20250828113831+Fiji-Nadi-LTE-DL-D!20250828110657,Fiji-Nadi-LTE-DL-D,2025-08-28 01:05:20+02:00,2025-08-28 01:05:21+02:00,1,2,58.43,58.43,51.63,66.74,0,2,0,rb_conditioned_underperformance,normal,352.0,1.0
INC-000785,542020041221088+20250828122402+Fiji-Nadi-LTE-DL-D!20250828121612,Fiji-Nadi-LTE-DL-D,2025-08-28 02:15:32+02:00,2025-08-28 02:15:32+02:00,1,1,58.43,58.43,48.96,70.01,0,1,0,sudden_drop,normal,184.0,0.0
INC-001067,542020041221088+20250828143419+Fiji-Nadi-LTE-DL-D!20250828143343,Fiji-Nadi-LTE-DL-D,2025-08-28 04:31:43+02:00,2025-08-28 04:31:43+02:00,1,1,58.42,58.42,46.44,73.06,0,1,0,rb_conditioned_underperformance,ml_hgb_strict_causal_temporal_underperformance,394.0,0.0
INC-000012,542020041221088+20250827094925+Fiji-Nadi-LTE-DL-D!20250827094611,Fiji-Nadi-LTE-DL-D,2025-08-26 23:44:17+02:00,2025-08-26 23:44:18+02:00,1,2,58.35,58.35,58.26,58.45,0,2,0,rolling_local_drop,normal,151.0,1.0
INC-000878,542020041221088+20250828125624+Fiji-Nadi-LTE-DL-D!20250828125546,Fiji-Nadi-LTE-DL-D,2025-08-28 02:53:44+02:00,2025-08-28 02:53:44+02:00,1,1,58.35,58.35,51.1,67.22,0,1,0,rolling_local_drop,normal,275.0,0.0
INC-001037,542020041221088+20250828140938+Fiji-Nadi-LTE-DL-D!20250828140855,Fiji-Nadi-LTE-DL-D,2025-08-28 04:08:40+02:00,2025-08-28 04:08:42+02:00,1,3,58.34,58.34,65.93,49.07,0,3,0,ca_underperformance,normal,183.0,2.0
INC-001042,542020041221088+20250828141358+Fiji-Nadi-LTE-DL-D!20250828141324,Fiji-Nadi-LTE-DL-D,2025-08-28 04:12:15+02:00,2025-08-28 04:12:16+02:00,1,2,58.33,58.33,67.69,46.88,0,2,0,radio_limited_degradation,normal,375.0,1.0
INC-000970,542020041221088+20250828134016+Fiji-Nadi-LTE-DL-D!20250828133246,Fiji-Nadi-LTE-DL-D,2025-08-28 03:32:39+02:00,2025-08-28 03:32:39+02:00,1,1,58.28,58.28,68.72,45.53,0,1,0,radio_limited_degradation,normal,179.0,0.0
INC-000969,542020041221088+20250828134016+Fiji-Nadi-LTE-DL-D!20250828133246,Fiji-Nadi-LTE-DL-D,2025-08-28 03:32:25+02:00,2025-08-28 03:32:25+02:00,1,1,58.26,58.26,70.96,42.73,0,1,0,radio_limited_degradation,normal,353.0,0.0
INC-000588,542020041221088+20250827155633+Fiji-Nadi-LTE-DL-D!20250827154210,Fiji-Nadi-LTE-DL-D,2025-08-27 05:40:22+02:00,2025-08-27 05:40:22+02:00,1,1,58.25,58.25,50.43,67.81,0,1,0,rb_conditioned_underperformance,ml_hgb_strict_causal_temporal_underperformance,487.0,0.0
INC-000985,542020041221088+20250828134936+Fiji-Nadi-LTE-DL-D!20250828134405,Fiji-Nadi-LTE-DL-D,2025-08-28 03:43:35+02:00,2025-08-28 03:43:37+02:00,1,3,58.21,58.21,69.51,44.4,0,3,0,radio_limited_degradation,normal,232.0,2.0
INC-001092,542020041221088+20250828153702+Fiji-Nadi-LTE-DL-D!20250828152243,Fiji-Nadi-LTE-DL-D,2025-08-28 05:22:27+02:00,2025-08-28 05:22:28+02:00,1,2,58.21,58.21,57.86,58.63,0,2,0,radio_limited_degradation,normal,319.0,1.0
INC-000403,542020041221088+20250827135208+Fiji-Nadi-LTE-DL-D!20250827132735,Fiji-Nadi-LTE-DL-D,2025-08-27 03:27:21+02:00,2025-08-27 03:27:22+02:00,1,2,58.2,58.2,50.79,67.27,0,2,0,radio_limited_degradation,normal,338.0,1.0
INC-000090,542020041221088+20250827104126+Fiji-Nadi-LTE-DL-D!20250827104054,Fiji-Nadi-LTE-DL-D,2025-08-27 00:39:47+02:00,2025-08-27 00:39:48+02:00,1,2,58.15,58.15,59.2,56.85,0,2,0,rolling_local_drop,normal,393.0,1.0
INC-000862,542020041221088+20250828125203+Fiji-Nadi-LTE-DL-D!20250828125121,Fiji-Nadi-LTE-DL-D,2025-08-28 02:50:31+02:00,2025-08-28 02:50:31+02:00,1,1,58.15,58.15,56.48,60.2,0,1,0,radio_limited_degradation,normal,165.0,0.0
INC-000477,542020041221088+20250827141110+Fiji-Nadi-LTE-DL-D!20250827140445,Fiji-Nadi-LTE-DL-D,2025-08-27 04:03:12+02:00,2025-08-27 04:03:12+02:00,1,1,58.12,58.12,45.95,73.01,0,1,0,sudden_drop,normal,124.0,0.0
INC-000154,542020041221088+20250827112649+Fiji-Nadi-LTE-DL-D!20250827110516,Fiji-Nadi-LTE-DL-D,2025-08-27 01:04:21+02:00,2025-08-27 01:04:21+02:00,1,1,58.11,58.11,56.99,59.47,0,1,0,rb_conditioned_underperformance,normal,108.0,0.0
INC-000731,542020041221088+20250828114552+Fiji-Nadi-LTE-DL-D!20250828111754,Fiji-Nadi-LTE-DL-D,2025-08-28 01:16:20+02:00,2025-08-28 01:16:22+02:00,1,3,58.09,58.09,63.42,51.57,0,3,0,radio_limited_degradation,normal,495.0,2.0
INC-000569,542020041221088+20250827152632+Fiji-Nadi-LTE-DL-D!20250827152422,Fiji-Nadi-LTE-DL-D,2025-08-27 05:22:58+02:00,2025-08-27 05:22:58+02:00,1,1,58.09,58.09,66.61,47.68,0,1,0,radio_limited_degradation,normal,120.0,0.0
INC-001068,542020041221088+20250828143419+Fiji-Nadi-LTE-DL-D!20250828143343,Fiji-Nadi-LTE-DL-D,2025-08-28 04:32:06+02:00,2025-08-28 04:32:10+02:00,1,5,58.06,58.06,62.11,53.11,0,5,0,ca_underperformance,normal,385.0,4.0
INC-000322,542020041221088+20250827133005+Fiji-Nadi-LTE-DL-D!20250827124117,Fiji-Nadi-LTE-DL-D,2025-08-27 02:40:09+02:00,2025-08-27 02:40:09+02:00,1,1,58.01,58.01,46.87,71.64,0,1,0,rb_conditioned_underperformance,ml_hgb_strict_causal_temporal_underperformance,149.0,0.0
INC-000160,542020041221088+20250827114050+Fiji-Nadi-LTE-DL-D!20250827111354,Fiji-Nadi-LTE-DL-D,2025-08-27 01:13:03+02:00,2025-08-27 01:13:03+02:00,1,1,57.96,57.96,58.79,56.94,0,1,0,ca_underperformance,normal,215.0,0.0
INC-000336,542020041221088+20250827133707+Fiji-Nadi-LTE-DL-D!20250827125859,Fiji-Nadi-LTE-DL-D,2025-08-27 02:58:21+02:00,2025-08-27 02:58:21+02:00,1,1,57.96,57.96,56.79,59.38,0,1,0,radio_limited_degradation,normal,146.0,0.0
INC-000830,542020041221088+20250828124043+Fiji-Nadi-LTE-DL-D!20250828124009,Fiji-Nadi-LTE-DL-D,2025-08-28 02:38:44+02:00,2025-08-28 02:38:45+02:00,1,2,57.95,57.95,54.04,62.73,0,2,0,ca_underperformance,ml_hgb_strict_causal_temporal_underperformance,385.0,1.0
INC-000037,542020041221088+20250827095225+Fiji-Nadi-LTE-DL-D!20250827095140,Fiji-Nadi-LTE-DL-D,2025-08-26 23:51:33+02:00,2025-08-26 23:51:33+02:00,1,1,57.93,57.93,47.53,70.64,0,1,0,sudden_drop,normal,351.0,0.0
INC-000764,542020041221088+20250828121301+Fiji-Nadi-LTE-DL-D!20250828114829,Fiji-Nadi-LTE-DL-D,2025-08-28 01:47:05+02:00,2025-08-28 01:47:05+02:00,1,1,57.93,57.93,57.22,58.8,0,1,0,radio_limited_degradation,normal,184.0,0.0
INC-000902,542020041221088+20250828130504+Fiji-Nadi-LTE-DL-D!20250828130441,Fiji-Nadi-LTE-DL-D,2025-08-28 03:02:38+02:00,2025-08-28 03:02:38+02:00,1,1,57.92,57.92,47.99,70.05,0,1,0,rolling_local_drop,normal,165.0,0.0
INC-000545,542020041221088+20250827151812+Fiji-Nadi-LTE-DL-D!20250827151738,Fiji-Nadi-LTE-DL-D,2025-08-27 05:16:16+02:00,2025-08-27 05:16:17+02:00,1,2,57.91,57.91,56.78,59.31,0,2,0,sudden_drop,normal,122.0,1.0
INC-000928,542020041221088+20250828132455+Fiji-Nadi-LTE-DL-D!20250828131658,Fiji-Nadi-LTE-DL-D,2025-08-28 03:15:51+02:00,2025-08-28 03:15:51+02:00,1,1,57.9,57.9,54.83,61.64,0,1,0,sudden_drop,normal,254.0,0.0
INC-000967,542020041221088+20250828134016+Fiji-Nadi-LTE-DL-D!20250828133246,Fiji-Nadi-LTE-DL-D,2025-08-28 03:31:57+02:00,2025-08-28 03:31:57+02:00,1,1,57.89,57.89,61.91,52.98,0,1,0,radio_limited_degradation,normal,253.0,0.0
INC-000716,542020041221088+20250828113631+Fiji-Nadi-LTE-DL-D!20250828110448,Fiji-Nadi-LTE-DL-D,2025-08-28 01:04:02+02:00,2025-08-28 01:04:04+02:00,1,3,57.88,57.88,71.07,41.76,0,3,0,radio_limited_degradation,normal,231.0,2.0
INC-000993,542020041221088+20250828135137+Fiji-Nadi-LTE-DL-D!20250828134837,Fiji-Nadi-LTE-DL-D,2025-08-28 03:48:10+02:00,2025-08-28 03:48:10+02:00,1,1,57.85,57.85,59.93,55.3,0,1,0,ca_underperformance,normal,140.0,0.0
INC-000314,542020041221088+20250827132625+Fiji-Nadi-LTE-DL-D!20250827122623,Fiji-Nadi-LTE-DL-D,2025-08-27 02:25:09+02:00,2025-08-27 02:25:09+02:00,1,1,57.83,57.83,47.61,70.31,0,1,0,radio_p75_underperformance,ml_hgb_strict_causal_temporal_underperformance,149.0,0.0
INC-000071,542020041221088+20250827102746+Fiji-Nadi-LTE-DL-D!20250827102604,Fiji-Nadi-LTE-DL-D,2025-08-27 00:25:37+02:00,2025-08-27 00:25:38+02:00,1,2,57.79,57.79,58.71,56.66,0,2,0,radio_limited_degradation,normal,393.0,1.0
INC-001106,542020041221088+20250829102513+Nawaka-LTE-DL!20250829102435,Nawaka-LTE-DL,2025-08-29 00:23:24+02:00,2025-08-29 00:23:24+02:00,1,1,57.79,57.79,63.42,50.91,0,1,0,radio_limited_degradation,normal,469.0,0.0
INC-000074,542020041221088+20250827102926+Fiji-Nadi-LTE-DL-D!20250827102813,Fiji-Nadi-LTE-DL-D,2025-08-27 00:26:41+02:00,2025-08-27 00:26:41+02:00,1,1,57.76,57.76,52.48,64.21,0,1,0,radio_limited_degradation,normal,395.0,0.0
INC-000131,542020041221088+20250827110227+Fiji-Nadi-LTE-DL-D!20250827105156,Fiji-Nadi-LTE-DL-D,2025-08-27 00:51:19+02:00,2025-08-27 00:51:20+02:00,1,2,57.74,57.74,61.1,53.64,0,2,0,rolling_local_drop,normal,213.0,1.0
INC-000178,542020041221088+20250827115912+Fiji-Nadi-LTE-DL-D!20250827112451,Fiji-Nadi-LTE-DL-D,2025-08-27 01:24:21+02:00,2025-08-27 01:24:21+02:00,1,1,57.74,57.74,54.91,61.2,0,1,0,sudden_drop,normal,123.0,0.0
INC-000003,542020041221088+20250827094025+Fiji-Nadi-LTE-DL-D!20250827093942,Fiji-Nadi-LTE-DL-D,2025-08-26 23:39:27+02:00,2025-08-26 23:39:27+02:00,1,1,57.73,57.73,60.73,54.06,0,1,0,sudden_drop,normal,288.0,0.0
INC-000704,542020041221088+20250828113351+Fiji-Nadi-LTE-DL-D!20250828110026,Fiji-Nadi-LTE-DL-D,2025-08-28 00:59:52+02:00,2025-08-28 00:59:58+02:00,2,5,57.72,55.855000000000004,57.93,57.56,0,5,0,ca_underperformance,normal,165.0,6.0
INC-001032,542020041221088+20250828140718+Fiji-Nadi-LTE-DL-D!20250828140641,Fiji-Nadi-LTE-DL-D,2025-08-28 04:06:36+02:00,2025-08-28 04:06:38+02:00,1,3,57.72,57.72,57.18,58.38,0,3,0,rb_conditioned_underperformance,normal,139.0,2.0
INC-000245,542020041221088+20250827123517+Fiji-Nadi-LTE-DL-D!20250827114634,Fiji-Nadi-LTE-DL-D,2025-08-27 01:44:33+02:00,2025-08-27 01:44:34+02:00,1,2,57.71,57.71,58.06,57.29,0,2,0,ca_underperformance,ml_quantile_p75_resource_underperformance,138.0,1.0
INC-000325,542020041221088+20250827133105+Fiji-Nadi-LTE-DL-D!20250827124329,Fiji-Nadi-LTE-DL-D,2025-08-27 02:42:58+02:00,2025-08-27 02:42:58+02:00,1,1,57.65,57.65,54.75,61.2,0,1,0,sudden_drop,normal,144.0,0.0
INC-000586,542020041221088+20250827154913+Fiji-Nadi-LTE-DL-D!20250827153748,Fiji-Nadi-LTE-DL-D,2025-08-27 05:37:46+02:00,2025-08-27 05:37:46+02:00,1,1,57.64,57.64,70.25,42.22,0,1,0,radio_limited_degradation,normal,487.0,0.0
INC-000748,542020041221088+20250828120902+Fiji-Nadi-LTE-DL-D!20250828113953,Fiji-Nadi-LTE-DL-D,2025-08-28 01:38:45+02:00,2025-08-28 01:38:45+02:00,1,1,57.62,57.62,53.33,62.87,0,1,0,radio_limited_degradation,normal,184.0,0.0
INC-000335,542020041221088+20250827133546+Fiji-Nadi-LTE-DL-D!20250827125646,Fiji-Nadi-LTE-DL-D,2025-08-27 02:56:07+02:00,2025-08-27 02:56:08+02:00,1,2,57.59,57.59,50.12,66.72,0,1,1,not_flagged,ml_quantile_p75_resource_underperformance,146.0,1.0
INC-000097,542020041221088+20250827104707+Fiji-Nadi-LTE-DL-D!20250827104518,Fiji-Nadi-LTE-DL-D,2025-08-27 00:43:25+02:00,2025-08-27 00:43:25+02:00,1,1,57.58,57.58,57.89,57.2,0,1,0,rolling_local_drop,normal,431.0,0.0
INC-001038,542020041221088+20250828141158+Fiji-Nadi-LTE-DL-D!20250828141111,Fiji-Nadi-LTE-DL-D,2025-08-28 04:09:24+02:00,2025-08-28 04:09:26+02:00,1,3,57.55,57.55,64.94,48.52,0,3,0,ca_underperformance,normal,196.0,2.0
INC-000397,542020041221088+20250827135108+Fiji-Nadi-LTE-DL-D!20250827132314,Fiji-Nadi-LTE-DL-D,2025-08-27 03:22:18+02:00,2025-08-27 03:22:23+02:00,2,4,57.53,55.615,66.61,46.43,0,4,0,radio_limited_degradation,normal,123.0,5.0
INC-000249,542020041221088+20250827123517+Fiji-Nadi-LTE-DL-D!20250827114634,Fiji-Nadi-LTE-DL-D,2025-08-27 01:46:09+02:00,2025-08-27 01:46:09+02:00,1,1,57.48,57.48,49.98,66.65,0,1,0,radio_limited_degradation,normal,153.0,0.0
INC-000250,542020041221088+20250827123638+Fiji-Nadi-LTE-DL-D!20250827114845,Fiji-Nadi-LTE-DL-D,2025-08-27 01:46:43+02:00,2025-08-27 01:46:43+02:00,1,1,57.47,57.47,46.73,70.6,0,1,0,rb_conditioned_underperformance,ml_quantile_p75_resource_underperformance,153.0,0.0
INC-001010,542020041221088+20250828140057+Fiji-Nadi-LTE-DL-D!20250828135741,Fiji-Nadi-LTE-DL-D,2025-08-28 03:57:10+02:00,2025-08-28 03:57:12+02:00,1,3,57.44,57.44,62.26,51.54,0,3,0,ca_underperformance,normal,139.0,2.0
INC-000819,542020041221088+20250828123823+Fiji-Nadi-LTE-DL-D!20250828123754,Fiji-Nadi-LTE-DL-D,2025-08-28 02:36:26+02:00,2025-08-28 02:36:28+02:00,1,3,57.41,57.41,56.42,58.62,0,3,0,rb_efficiency_underperformance,normal,385.0,2.0
INC-000111,542020041221088+20250827105427+Fiji-Nadi-LTE-DL-D!20250827104733,Fiji-Nadi-LTE-DL-D,2025-08-27 00:46:10+02:00,2025-08-27 00:46:10+02:00,1,1,57.4,57.4,54.85,60.52,0,1,0,sudden_drop,normal,127.0,0.0
INC-000972,542020041221088+20250828134116+Fiji-Nadi-LTE-DL-D!20250828133502,Fiji-Nadi-LTE-DL-D,2025-08-28 03:33:14+02:00,2025-08-28 03:33:15+02:00,1,2,57.38,57.38,51.62,64.43,0,2,0,radio_limited_degradation,normal,179.0,1.0
INC-000039,542020041221088+20250827095725+Fiji-Nadi-LTE-DL-D!20250827095641,Fiji-Nadi-LTE-DL-D,2025-08-26 23:55:08+02:00,2025-08-26 23:55:08+02:00,1,1,57.38,57.38,54.26,61.2,0,1,0,sudden_drop,normal,351.0,0.0
INC-000080,542020041221088+20250827102926+Fiji-Nadi-LTE-DL-D!20250827102813,Fiji-Nadi-LTE-DL-D,2025-08-27 00:28:08+02:00,2025-08-27 00:28:08+02:00,1,1,57.36,57.36,57.49,57.21,0,1,0,ca_underperformance,normal,148.0,0.0
INC-000980,542020041221088+20250828134436+Fiji-Nadi-LTE-DL-D!20250828133934,Fiji-Nadi-LTE-DL-D,2025-08-28 03:38:09+02:00,2025-08-28 03:38:10+02:00,1,2,57.34,57.34,70.64,41.07,0,2,0,radio_limited_degradation,normal,231.0,1.0
INC-000391,542020041221088+20250827134808+Fiji-Nadi-LTE-DL-D!20250827131638,Fiji-Nadi-LTE-DL-D,2025-08-27 03:15:55+02:00,2025-08-27 03:15:55+02:00,1,1,57.34,57.34,60.95,52.93,0,1,0,sudden_drop,normal,395.0,0.0
INC-000919,542020041221088+20250828131954+Fiji-Nadi-LTE-DL-D!20250828131344,Fiji-Nadi-LTE-DL-D,2025-08-28 03:12:57+02:00,2025-08-28 03:12:59+02:00,1,3,57.33,57.33,57.31,57.36,0,3,0,rolling_local_drop,normal,352.0,2.0
INC-000503,542020041221088+20250827144731+Fiji-Nadi-LTE-DL-D!20250827144643,Fiji-Nadi-LTE-DL-D,2025-08-27 04:45:30+02:00,2025-08-27 04:45:31+02:00,1,2,57.31,57.31,54.36,60.91,0,2,0,rb_conditioned_underperformance,normal,350.0,1.0
INC-000427,542020041221088+20250827135949+Fiji-Nadi-LTE-DL-D!20250827134144,Fiji-Nadi-LTE-DL-D,2025-08-27 03:39:54+02:00,2025-08-27 03:39:54+02:00,1,1,57.31,57.31,56.0,58.9,0,1,0,sudden_drop,normal,137.0,0.0
INC-000070,542020041221088+20250827102526+Fiji-Nadi-LTE-DL-D!20250827102354,Fiji-Nadi-LTE-DL-D,2025-08-27 00:23:23+02:00,2025-08-27 00:23:24+02:00,1,2,57.3,57.3,55.67,59.3,0,2,0,rb_conditioned_underperformance,normal,148.0,1.0
INC-001076,542020041221088+20250828143639+Fiji-Nadi-LTE-DL-D!20250828143559,Fiji-Nadi-LTE-DL-D,2025-08-28 04:34:17+02:00,2025-08-28 04:34:18+02:00,1,2,57.3,57.3,61.53,52.12,0,2,0,ca_underperformance,normal,385.0,1.0
INC-001062,542020041221088+20250828142518+Fiji-Nadi-LTE-DL-D!20250828142442,Fiji-Nadi-LTE-DL-D,2025-08-28 04:22:53+02:00,2025-08-28 04:22:53+02:00,1,1,57.29,57.29,59.2,54.96,0,1,0,radio_limited_degradation,normal,183.0,0.0
INC-000778,542020041221088+20250828122241+Fiji-Nadi-LTE-DL-D!20250828121359,Fiji-Nadi-LTE-DL-D,2025-08-28 02:13:23+02:00,2025-08-28 02:13:24+02:00,1,2,57.28,57.28,46.94,69.91,0,2,0,radio_p75_underperformance,normal,184.0,1.0
INC-001113,542020041221088+20250829103614+Nawaka-LTE-DL!20250829103543,Nawaka-LTE-DL,2025-08-29 00:34:59+02:00,2025-08-29 00:34:59+02:00,1,1,57.26,57.26,55.84,58.99,0,1,0,rb_efficiency_underperformance,normal,469.0,0.0
INC-000375,542020041221088+20250827134427+Fiji-Nadi-LTE-DL-D!20250827131213,Fiji-Nadi-LTE-DL-D,2025-08-27 03:10:41+02:00,2025-08-27 03:10:42+02:00,1,2,57.24,57.24,49.56,66.62,0,2,0,rolling_local_drop,normal,393.0,1.0
INC-000996,542020041221088+20250828135437+Fiji-Nadi-LTE-DL-D!20250828135310,Fiji-Nadi-LTE-DL-D,2025-08-28 03:51:56+02:00,2025-08-28 03:51:58+02:00,1,3,57.19,57.19,60.19,53.53,0,3,0,rb_conditioned_underperformance,normal,168.0,2.0
INC-000277,542020041221088+20250827131243+Fiji-Nadi-LTE-DL-D!20250827120629,Fiji-Nadi-LTE-DL-D,2025-08-27 02:06:10+02:00,2025-08-27 02:06:10+02:00,1,1,57.18,57.18,49.82,66.17,0,1,0,sudden_drop,ml_hgb_strict_causal_temporal_underperformance,153.0,0.0
INC-000450,542020041221088+20250827140609+Fiji-Nadi-LTE-DL-D!20250827135810,Fiji-Nadi-LTE-DL-D,2025-08-27 03:57:12+02:00,2025-08-27 03:57:13+02:00,1,2,57.17,57.17,54.43,60.52,0,2,0,rolling_local_drop,normal,124.0,1.0
INC-000242,542020041221088+20250827123437+Fiji-Nadi-LTE-DL-D!20250827114425,Fiji-Nadi-LTE-DL-D,2025-08-27 01:43:24+02:00,2025-08-27 01:43:24+02:00,1,1,57.16,57.16,69.32,42.3,0,1,0,radio_limited_degradation,normal,140.0,0.0
INC-000991,542020041221088+20250828135137+Fiji-Nadi-LTE-DL-D!20250828134837,Fiji-Nadi-LTE-DL-D,2025-08-28 03:47:30+02:00,2025-08-28 03:47:31+02:00,1,2,57.13,57.13,54.5,60.34,0,2,0,ca_underperformance,ml_quantile_p75_resource_underperformance,140.0,1.0
INC-000599,542020041221088+20250827160414+Fiji-Nadi-LTE-DL-D!20250827155722,Fiji-Nadi-LTE-DL-D,2025-08-27 05:57:21+02:00,2025-08-27 05:57:21+02:00,1,1,57.12,57.12,69.17,42.39,0,1,0,radio_limited_degradation,normal,214.0,0.0
INC-000840,542020041221088+20250828124303+Fiji-Nadi-LTE-DL-D!20250828124223,Fiji-Nadi-LTE-DL-D,2025-08-28 02:41:36+02:00,2025-08-28 02:41:36+02:00,1,1,57.12,57.12,56.63,57.72,0,1,0,rb_efficiency_underperformance,normal,169.0,0.0
INC-000791,542020041221088+20250828122542+Fiji-Nadi-LTE-DL-D!20250828121826,Fiji-Nadi-LTE-DL-D,2025-08-28 02:18:22+02:00,2025-08-28 02:18:25+02:00,1,4,57.11,57.11,53.25,61.83,0,4,0,sudden_drop,normal,185.0,3.0
INC-000861,542020041221088+20250828125203+Fiji-Nadi-LTE-DL-D!20250828125121,Fiji-Nadi-LTE-DL-D,2025-08-28 02:50:04+02:00,2025-08-28 02:50:04+02:00,1,1,57.09,57.09,61.13,52.16,0,1,0,ca_underperformance,normal,165.0,0.0
INC-000075,542020041221088+20250827102926+Fiji-Nadi-LTE-DL-D!20250827102813,Fiji-Nadi-LTE-DL-D,2025-08-27 00:27:12+02:00,2025-08-27 00:27:12+02:00,1,1,57.03,57.03,70.91,40.07,0,1,0,radio_limited_degradation,normal,395.0,0.0
INC-000063,542020041221088+20250827102346+Fiji-Nadi-LTE-DL-D!20250827102142,Fiji-Nadi-LTE-DL-D,2025-08-27 00:19:45+02:00,2025-08-27 00:19:45+02:00,1,1,57.0,57.0,62.09,50.79,0,1,0,sudden_drop,normal,140.0,0.0
INC-000797,542020041221088+20250828122942+Fiji-Nadi-LTE-DL-D!20250828122638,Fiji-Nadi-LTE-DL-D,2025-08-28 02:26:12+02:00,2025-08-28 02:26:12+02:00,1,1,56.99,56.99,45.52,71.02,0,1,0,rb_conditioned_underperformance,ml_hgb_strict_causal_temporal_underperformance,347.0,0.0
INC-000040,542020041221088+20250827095725+Fiji-Nadi-LTE-DL-D!20250827095641,Fiji-Nadi-LTE-DL-D,2025-08-26 23:56:20+02:00,2025-08-26 23:56:20+02:00,1,1,56.97,56.97,49.43,66.18,0,1,0,sudden_drop,normal,351.0,0.0
INC-000350,542020041221088+20250827134107+Fiji-Nadi-LTE-DL-D!20250827130537,Fiji-Nadi-LTE-DL-D,2025-08-27 03:04:00+02:00,2025-08-27 03:04:01+02:00,1,2,56.95,56.95,53.49,61.17,0,2,0,rolling_local_drop,normal,394.0,1.0
INC-000049,542020041221088+20250827100145+Fiji-Nadi-LTE-DL-D!20250827100105,Fiji-Nadi-LTE-DL-D,2025-08-26 23:59:03+02:00,2025-08-26 23:59:03+02:00,1,1,56.93,56.93,51.31,63.79,0,1,0,rb_efficiency_underperformance,normal,149.0,0.0
INC-000992,542020041221088+20250828135137+Fiji-Nadi-LTE-DL-D!20250828134837,Fiji-Nadi-LTE-DL-D,2025-08-28 03:48:08+02:00,2025-08-28 03:48:08+02:00,1,1,56.92,56.92,50.12,65.24,0,1,0,ca_underperformance,normal,182.0,0.0
INC-000159,542020041221088+20250827114050+Fiji-Nadi-LTE-DL-D!20250827111354,Fiji-Nadi-LTE-DL-D,2025-08-27 01:12:33+02:00,2025-08-27 01:12:33+02:00,1,1,56.9,56.9,68.45,42.77,0,1,0,radio_limited_degradation,normal,448.0,0.0
INC-001009,542020041221088+20250828140057+Fiji-Nadi-LTE-DL-D!20250828135741,Fiji-Nadi-LTE-DL-D,2025-08-28 03:56:40+02:00,2025-08-28 03:56:40+02:00,1,1,56.88,56.88,57.29,56.37,0,1,0,ca_underperformance,normal,139.0,0.0
INC-000987,542020041221088+20250828134936+Fiji-Nadi-LTE-DL-D!20250828134405,Fiji-Nadi-LTE-DL-D,2025-08-28 03:44:03+02:00,2025-08-28 03:44:03+02:00,1,1,56.87,56.87,57.91,55.6,0,1,0,ca_underperformance,normal,383.0,0.0
INC-000618,542020041221088+20250827161234+Fiji-Nadi-LTE-DL-D!20250827161029,Fiji-Nadi-LTE-DL-D,2025-08-27 06:08:29+02:00,2025-08-27 06:08:31+02:00,1,3,56.86,56.86,64.74,47.22,0,3,0,ca_underperformance,normal,148.0,2.0
INC-000144,542020041221088+20250827111708+Fiji-Nadi-LTE-DL-D!20250827110046,Fiji-Nadi-LTE-DL-D,2025-08-27 00:58:44+02:00,2025-08-27 00:58:44+02:00,1,1,56.83,56.83,43.14,73.57,0,1,0,rolling_local_drop,normal,81.0,0.0
INC-001058,542020041221088+20250828142038+Fiji-Nadi-LTE-DL-D!20250828142010,Fiji-Nadi-LTE-DL-D,2025-08-28 04:18:23+02:00,2025-08-28 04:18:23+02:00,1,1,56.77,56.77,65.33,46.32,0,1,0,radio_limited_degradation,normal,375.0,0.0
INC-000507,542020041221088+20250827145611+Fiji-Nadi-LTE-DL-D!20250827145542,Fiji-Nadi-LTE-DL-D,2025-08-27 04:53:40+02:00,2025-08-27 04:53:40+02:00,1,1,56.74,56.74,46.73,68.98,0,1,0,rb_conditioned_underperformance,normal,111.0,0.0
INC-000976,542020041221088+20250828134256+Fiji-Nadi-LTE-DL-D!20250828133718,Fiji-Nadi-LTE-DL-D,2025-08-28 03:35:20+02:00,2025-08-28 03:35:20+02:00,1,1,56.74,56.74,58.9,54.09,0,1,0,radio_limited_degradation,normal,253.0,0.0
INC-000332,542020041221088+20250827133406+Fiji-Nadi-LTE-DL-D!20250827125219,Fiji-Nadi-LTE-DL-D,2025-08-27 02:50:17+02:00,2025-08-27 02:50:17+02:00,1,1,56.72,56.72,57.37,55.94,0,1,0,radio_limited_degradation,normal,147.0,0.0
INC-000331,542020041221088+20250827133206+Fiji-Nadi-LTE-DL-D!20250827125008,Fiji-Nadi-LTE-DL-D,2025-08-27 02:49:17+02:00,2025-08-27 02:49:17+02:00,1,1,56.69,56.69,63.01,48.96,0,1,0,radio_limited_degradation,normal,147.0,0.0
INC-000401,542020041221088+20250827135208+Fiji-Nadi-LTE-DL-D!20250827132735,Fiji-Nadi-LTE-DL-D,2025-08-27 03:26:48+02:00,2025-08-27 03:26:48+02:00,1,1,56.69,56.69,50.08,64.77,0,1,0,rb_conditioned_underperformance,normal,338.0,0.0
INC-000755,542020041221088+20250828121041+Fiji-Nadi-LTE-DL-D!20250828114409,Fiji-Nadi-LTE-DL-D,2025-08-28 01:42:32+02:00,2025-08-28 01:42:32+02:00,1,1,56.66,56.66,56.75,56.55,0,1,0,radio_limited_degradation,normal,185.0,0.0
INC-001060,542020041221088+20250828142038+Fiji-Nadi-LTE-DL-D!20250828142010,Fiji-Nadi-LTE-DL-D,2025-08-28 04:18:27+02:00,2025-08-28 04:18:27+02:00,1,1,56.61,56.61,65.55,45.69,0,1,0,radio_limited_degradation,normal,196.0,0.0
INC-000831,542020041221088+20250828124043+Fiji-Nadi-LTE-DL-D!20250828124009,Fiji-Nadi-LTE-DL-D,2025-08-28 02:38:50+02:00,2025-08-28 02:38:51+02:00,1,2,56.59,56.59,54.94,58.61,0,2,0,ca_underperformance,normal,385.0,1.0
INC-000789,542020041221088+20250828122542+Fiji-Nadi-LTE-DL-D!20250828121826,Fiji-Nadi-LTE-DL-D,2025-08-28 02:17:00+02:00,2025-08-28 02:17:02+02:00,1,3,56.58,56.58,56.51,56.66,0,3,0,rb_conditioned_underperformance,normal,183.0,2.0
INC-001016,542020041221088+20250828140337+Fiji-Nadi-LTE-DL-D!20250828140209,Fiji-Nadi-LTE-DL-D,2025-08-28 04:00:10+02:00,2025-08-28 04:00:11+02:00,1,2,56.58,56.58,53.59,60.23,0,2,0,rolling_local_drop,normal,183.0,1.0
INC-000732,542020041221088+20250828114952+Fiji-Nadi-LTE-DL-D!20250828112430,Fiji-Nadi-LTE-DL-D,2025-08-28 01:22:28+02:00,2025-08-28 01:22:28+02:00,1,1,56.52,56.52,55.04,58.33,0,1,0,radio_limited_degradation,normal,373.0,0.0
INC-000759,542020041221088+20250828121041+Fiji-Nadi-LTE-DL-D!20250828114409,Fiji-Nadi-LTE-DL-D,2025-08-28 01:43:27+02:00,2025-08-28 01:43:27+02:00,1,1,56.51,56.51,56.29,56.79,0,1,0,rb_conditioned_underperformance,normal,139.0,0.0
INC-000216,542020041221088+20250827122836+Fiji-Nadi-LTE-DL-D!20250827113757,Fiji-Nadi-LTE-DL-D,2025-08-27 01:36:49+02:00,2025-08-27 01:36:50+02:00,1,2,56.5,56.5,52.06,61.93,0,2,0,rolling_local_drop,normal,403.0,1.0
INC-000846,542020041221088+20250828124503+Fiji-Nadi-LTE-DL-D!20250828124436,Fiji-Nadi-LTE-DL-D,2025-08-28 02:44:13+02:00,2025-08-28 02:44:13+02:00,1,1,56.5,56.5,57.08,55.8,0,1,0,radio_limited_degradation,normal,315.0,0.0
INC-000979,542020041221088+20250828134436+Fiji-Nadi-LTE-DL-D!20250828133934,Fiji-Nadi-LTE-DL-D,2025-08-28 03:37:52+02:00,2025-08-28 03:37:57+02:00,2,5,56.46,54.745000000000005,66.8,43.83,0,5,0,radio_limited_degradation,normal,231.0,5.0
INC-000431,542020041221088+20250827135949+Fiji-Nadi-LTE-DL-D!20250827134144,Fiji-Nadi-LTE-DL-D,2025-08-27 03:40:57+02:00,2025-08-27 03:40:57+02:00,1,1,56.43,56.43,46.68,68.35,0,1,0,rb_conditioned_underperformance,normal,135.0,0.0
INC-000091,542020041221088+20250827104126+Fiji-Nadi-LTE-DL-D!20250827104054,Fiji-Nadi-LTE-DL-D,2025-08-27 00:40:25+02:00,2025-08-27 00:40:26+02:00,1,2,56.42,56.42,57.6,54.97,0,2,0,rolling_local_drop,normal,395.0,1.0
INC-000771,542020041221088+20250828121902+Fiji-Nadi-LTE-DL-D!20250828120130,Fiji-Nadi-LTE-DL-D,2025-08-28 02:01:27+02:00,2025-08-28 02:01:28+02:00,1,2,56.41,56.41,60.08,51.93,0,2,0,rolling_local_drop,normal,183.0,1.0
INC-000319,542020041221088+20250827132825+Fiji-Nadi-LTE-DL-D!20250827122826,Fiji-Nadi-LTE-DL-D,2025-08-27 02:26:56+02:00,2025-08-27 02:26:56+02:00,1,1,56.4,56.4,49.61,64.7,0,1,0,sudden_drop,normal,149.0,0.0
INC-000221,542020041221088+20250827123136+Fiji-Nadi-LTE-DL-D!20250827114007,Fiji-Nadi-LTE-DL-D,2025-08-27 01:38:11+02:00,2025-08-27 01:38:13+02:00,1,3,56.33,56.33,55.34,57.53,0,3,0,rb_conditioned_underperformance,normal,133.0,2.0
INC-000281,542020041221088+20250827131523+Fiji-Nadi-LTE-DL-D!20250827120845,Fiji-Nadi-LTE-DL-D,2025-08-27 02:07:31+02:00,2025-08-27 02:07:31+02:00,1,1,56.33,56.33,61.88,49.55,0,1,0,radio_limited_degradation,normal,138.0,0.0
INC-000594,542020041221088+20250827155853+Fiji-Nadi-LTE-DL-D!20250827154409,Fiji-Nadi-LTE-DL-D,2025-08-27 05:43:29+02:00,2025-08-27 05:43:31+02:00,1,3,56.29,56.29,54.13,58.93,0,3,0,rb_conditioned_underperformance,normal,50.0,2.0
INC-000691,542020041221088+20250828105207+Fiji-Nadi-LTE-DL-D!20250828105141,Fiji-Nadi-LTE-DL-D,2025-08-28 00:49:53+02:00,2025-08-28 00:49:53+02:00,1,1,56.24,56.24,58.15,53.92,0,1,0,sudden_drop,normal,163.0,0.0
INC-000757,542020041221088+20250828121041+Fiji-Nadi-LTE-DL-D!20250828114409,Fiji-Nadi-LTE-DL-D,2025-08-28 01:42:59+02:00,2025-08-28 01:42:59+02:00,1,1,56.23,56.23,56.94,55.35,0,1,0,rb_conditioned_underperformance,normal,139.0,0.0
INC-001066,542020041221088+20250828143139+Fiji-Nadi-LTE-DL-D!20250828143127,Fiji-Nadi-LTE-DL-D,2025-08-28 04:29:54+02:00,2025-08-28 04:29:54+02:00,1,1,56.23,56.23,53.39,59.7,0,1,0,rb_efficiency_underperformance,normal,168.0,0.0
INC-000320,542020041221088+20250827132825+Fiji-Nadi-LTE-DL-D!20250827122826,Fiji-Nadi-LTE-DL-D,2025-08-27 02:27:40+02:00,2025-08-27 02:27:41+02:00,1,2,56.22,56.22,49.41,64.54,0,2,0,radio_p75_underperformance,normal,149.0,1.0
INC-000908,542020041221088+20250828131005+Fiji-Nadi-LTE-DL-D!20250828130912,Fiji-Nadi-LTE-DL-D,2025-08-28 03:08:42+02:00,2025-08-28 03:08:42+02:00,1,1,56.2,56.2,47.24,67.15,0,1,0,ca_underperformance,ml_hgb_strict_causal_temporal_underperformance,255.0,0.0
INC-000838,542020041221088+20250828124303+Fiji-Nadi-LTE-DL-D!20250828124223,Fiji-Nadi-LTE-DL-D,2025-08-28 02:41:26+02:00,2025-08-28 02:41:26+02:00,1,1,56.17,56.17,60.21,51.23,0,1,0,radio_limited_degradation,normal,169.0,0.0
INC-000415,542020041221088+20250827135549+Fiji-Nadi-LTE-DL-D!20250827133724,Fiji-Nadi-LTE-DL-D,2025-08-27 03:36:19+02:00,2025-08-27 03:36:21+02:00,1,3,56.1,56.1,55.51,56.81,0,3,0,rb_conditioned_underperformance,normal,133.0,2.0
INC-000419,542020041221088+20250827135649+Fiji-Nadi-LTE-DL-D!20250827133934,Fiji-Nadi-LTE-DL-D,2025-08-27 03:38:04+02:00,2025-08-27 03:38:04+02:00,1,1,56.1,56.1,46.52,67.82,0,1,0,sudden_drop,normal,133.0,0.0
INC-000286,542020041221088+20250827131624+Fiji-Nadi-LTE-DL-D!20250827121056,Fiji-Nadi-LTE-DL-D,2025-08-27 02:09:16+02:00,2025-08-27 02:09:17+02:00,1,2,56.08,56.08,62.65,48.05,0,2,0,ca_underperformance,normal,140.0,1.0
INC-000270,542020041221088+20250827130936+Fiji-Nadi-LTE-DL-D!20250827120414,Fiji-Nadi-LTE-DL-D,2025-08-27 02:02:13+02:00,2025-08-27 02:02:13+02:00,1,1,56.08,56.08,46.27,68.07,0,1,0,rb_conditioned_underperformance,ml_quantile_p75_resource_underperformance,155.0,0.0
INC-000733,542020041221088+20250828114952+Fiji-Nadi-LTE-DL-D!20250828112430,Fiji-Nadi-LTE-DL-D,2025-08-28 01:22:57+02:00,2025-08-28 01:22:57+02:00,1,1,56.08,56.08,50.98,62.3,0,1,0,ca_underperformance,normal,375.0,0.0
INC-001034,542020041221088+20250828140938+Fiji-Nadi-LTE-DL-D!20250828140855,Fiji-Nadi-LTE-DL-D,2025-08-28 04:08:02+02:00,2025-08-28 04:08:02+02:00,1,1,56.07,56.07,57.27,54.61,0,1,0,ca_underperformance,normal,182.0,0.0
INC-000850,542020041221088+20250828124723+Fiji-Nadi-LTE-DL-D!20250828124651,Fiji-Nadi-LTE-DL-D,2025-08-28 02:45:18+02:00,2025-08-28 02:45:19+02:00,1,2,56.04,56.04,54.65,57.73,0,2,0,rolling_local_drop,normal,314.0,1.0
INC-000329,542020041221088+20250827133105+Fiji-Nadi-LTE-DL-D!20250827124329,Fiji-Nadi-LTE-DL-D,2025-08-27 02:43:22+02:00,2025-08-27 02:43:22+02:00,1,1,56.04,56.04,52.76,60.04,0,1,0,sudden_drop,normal,144.0,0.0
INC-000776,542020041221088+20250828122241+Fiji-Nadi-LTE-DL-D!20250828121359,Fiji-Nadi-LTE-DL-D,2025-08-28 02:12:26+02:00,2025-08-28 02:12:26+02:00,1,1,56.02,56.02,51.79,61.2,0,1,0,sudden_drop,normal,184.0,0.0
INC-000973,542020041221088+20250828134116+Fiji-Nadi-LTE-DL-D!20250828133502,Fiji-Nadi-LTE-DL-D,2025-08-28 03:33:30+02:00,2025-08-28 03:33:30+02:00,1,1,56.01,56.01,56.8,55.05,0,1,0,radio_limited_degradation,normal,179.0,0.0
INC-000624,542020041221088+20250827161234+Fiji-Nadi-LTE-DL-D!20250827161029,Fiji-Nadi-LTE-DL-D,2025-08-27 06:10:03+02:00,2025-08-27 06:10:03+02:00,1,1,55.95,55.95,50.54,62.55,0,1,0,ca_underperformance,normal,148.0,0.0
INC-000007,542020041221088+20250827094505+Fiji-Nadi-LTE-DL-D!20250827094151,Fiji-Nadi-LTE-DL-D,2025-08-26 23:41:14+02:00,2025-08-26 23:41:14+02:00,1,1,55.92,55.92,56.77,54.88,0,1,0,radio_limited_degradation,normal,288.0,0.0
INC-000317,542020041221088+20250827132825+Fiji-Nadi-LTE-DL-D!20250827122826,Fiji-Nadi-LTE-DL-D,2025-08-27 02:26:34+02:00,2025-08-27 02:26:34+02:00,1,1,55.92,55.92,47.21,66.58,0,1,0,rb_conditioned_underperformance,ml_quantile_p75_resource_underperformance,149.0,0.0
INC-000767,542020041221088+20250828121902+Fiji-Nadi-LTE-DL-D!20250828120130,Fiji-Nadi-LTE-DL-D,2025-08-28 01:59:40+02:00,2025-08-28 01:59:40+02:00,1,1,55.91,55.91,53.75,58.55,0,1,0,sudden_drop,normal,183.0,0.0
INC-001100,542020041221088+20250828154002+Fiji-Nadi-LTE-DL-D!20250828153143,Fiji-Nadi-LTE-DL-D,2025-08-28 05:30:04+02:00,2025-08-28 05:30:05+02:00,1,2,55.88,55.88,57.51,53.88,0,2,0,radio_limited_degradation,normal,157.0,1.0
INC-000739,542020041221088+20250828115533+Fiji-Nadi-LTE-DL-D!20250828113110,Fiji-Nadi-LTE-DL-D,2025-08-28 01:29:29+02:00,2025-08-28 01:29:29+02:00,1,1,55.88,55.88,47.6,65.99,0,1,0,rb_conditioned_underperformance,normal,187.0,0.0
INC-000982,542020041221088+20250828134616+Fiji-Nadi-LTE-DL-D!20250828134149,Fiji-Nadi-LTE-DL-D,2025-08-28 03:41:38+02:00,2025-08-28 03:41:38+02:00,1,1,55.86,55.86,55.08,56.81,0,1,0,radio_limited_degradation,normal,232.0,0.0
INC-000770,542020041221088+20250828121902+Fiji-Nadi-LTE-DL-D!20250828120130,Fiji-Nadi-LTE-DL-D,2025-08-28 02:01:01+02:00,2025-08-28 02:01:01+02:00,1,1,55.84,55.84,48.83,64.41,0,1,0,sudden_drop,normal,183.0,0.0
INC-000601,542020041221088+20250827160614+Fiji-Nadi-LTE-DL-D!20250827155934,Fiji-Nadi-LTE-DL-D,2025-08-27 05:57:45+02:00,2025-08-27 05:57:46+02:00,1,2,55.81,55.81,54.85,56.98,0,2,0,ca_underperformance,normal,470.0,1.0
INC-001057,542020041221088+20250828142038+Fiji-Nadi-LTE-DL-D!20250828142010,Fiji-Nadi-LTE-DL-D,2025-08-28 04:18:15+02:00,2025-08-28 04:18:15+02:00,1,1,55.81,55.81,65.29,44.23,0,1,0,radio_limited_degradation,normal,375.0,0.0
INC-000307,542020041221088+20250827131944+Fiji-Nadi-LTE-DL-D!20250827121729,Fiji-Nadi-LTE-DL-D,2025-08-27 02:16:04+02:00,2025-08-27 02:16:04+02:00,1,1,55.8,55.8,55.39,56.3,0,1,0,sudden_drop,normal,146.0,0.0
INC-000217,542020041221088+20250827122836+Fiji-Nadi-LTE-DL-D!20250827113757,Fiji-Nadi-LTE-DL-D,2025-08-27 01:36:59+02:00,2025-08-27 01:36:59+02:00,1,1,55.79,55.79,54.77,57.03,0,1,0,ca_underperformance,normal,394.0,0.0
INC-000376,542020041221088+20250827134427+Fiji-Nadi-LTE-DL-D!20250827131213,Fiji-Nadi-LTE-DL-D,2025-08-27 03:10:54+02:00,2025-08-27 03:10:54+02:00,1,1,55.78,55.78,55.56,56.04,0,1,0,ca_underperformance,normal,129.0,0.0
INC-000570,542020041221088+20250827152632+Fiji-Nadi-LTE-DL-D!20250827152422,Fiji-Nadi-LTE-DL-D,2025-08-27 05:23:27+02:00,2025-08-27 05:23:28+02:00,1,2,55.73,55.73,59.74,50.83,0,2,0,ca_underperformance,normal,120.0,1.0
INC-000724,542020041221088+20250828114132+Fiji-Nadi-LTE-DL-D!20250828111120,Fiji-Nadi-LTE-DL-D,2025-08-28 01:10:40+02:00,2025-08-28 01:10:40+02:00,1,1,55.73,55.73,47.4,65.9,0,1,0,radio_p75_underperformance,normal,179.0,0.0
INC-000700,542020041221088+20250828105628+Fiji-Nadi-LTE-DL-D!20250828105605,Fiji-Nadi-LTE-DL-D,2025-08-28 00:55:24+02:00,2025-08-28 00:55:24+02:00,1,1,55.68,55.68,54.68,56.91,0,1,0,sudden_drop,normal,163.0,0.0
INC-000693,542020041221088+20250828105207+Fiji-Nadi-LTE-DL-D!20250828105141,Fiji-Nadi-LTE-DL-D,2025-08-28 00:50:09+02:00,2025-08-28 00:50:11+02:00,1,3,55.65,55.65,52.11,59.97,0,3,0,rolling_local_drop,normal,163.0,2.0
INC-000299,542020041221088+20250827131704+Fiji-Nadi-LTE-DL-D!20250827121308,Fiji-Nadi-LTE-DL-D,2025-08-27 02:12:07+02:00,2025-08-27 02:12:07+02:00,1,1,55.65,55.65,53.75,57.97,0,1,0,ca_underperformance,normal,363.0,0.0
INC-000884,542020041221088+20250828125844+Fiji-Nadi-LTE-DL-D!20250828125759,Fiji-Nadi-LTE-DL-D,2025-08-28 02:56:05+02:00,2025-08-28 02:56:06+02:00,1,2,55.64,55.64,52.89,59.0,0,2,0,rb_efficiency_underperformance,normal,275.0,1.0
INC-000268,542020041221088+20250827124038+Fiji-Nadi-LTE-DL-D!20250827115945,Fiji-Nadi-LTE-DL-D,2025-08-27 01:59:05+02:00,2025-08-27 01:59:05+02:00,1,1,55.61,55.61,42.6,71.5,0,1,0,rb_conditioned_underperformance,ml_quantile_p75_resource_underperformance,155.0,0.0
INC-000327,542020041221088+20250827133105+Fiji-Nadi-LTE-DL-D!20250827124329,Fiji-Nadi-LTE-DL-D,2025-08-27 02:43:05+02:00,2025-08-27 02:43:05+02:00,1,1,55.61,55.61,47.72,65.25,0,1,0,rb_conditioned_underperformance,ml_hgb_strict_causal_temporal_underperformance,144.0,0.0
INC-000995,542020041221088+20250828135237+Fiji-Nadi-LTE-DL-D!20250828135054,Fiji-Nadi-LTE-DL-D,2025-08-28 03:49:00+02:00,2025-08-28 03:49:00+02:00,1,1,55.54,55.54,52.79,58.9,0,1,0,sudden_drop,normal,232.0,0.0
INC-000165,542020041221088+20250827114430+Fiji-Nadi-LTE-DL-D!20250827111604,Fiji-Nadi-LTE-DL-D,2025-08-27 01:15:34+02:00,2025-08-27 01:15:34+02:00,1,1,55.52,55.52,54.18,57.15,0,1,0,ca_underperformance,normal,116.0,0.0
INC-000983,542020041221088+20250828134616+Fiji-Nadi-LTE-DL-D!20250828134149,Fiji-Nadi-LTE-DL-D,2025-08-28 03:41:47+02:00,2025-08-28 03:41:47+02:00,1,1,55.5,55.5,66.05,42.61,0,1,0,radio_limited_degradation,normal,232.0,0.0
INC-000162,542020041221088+20250827114050+Fiji-Nadi-LTE-DL-D!20250827111354,Fiji-Nadi-LTE-DL-D,2025-08-27 01:13:43+02:00,2025-08-27 01:13:43+02:00,1,1,55.49,55.49,56.3,54.49,0,1,0,radio_limited_degradation,normal,110.0,0.0
INC-001072,542020041221088+20250828143419+Fiji-Nadi-LTE-DL-D!20250828143343,Fiji-Nadi-LTE-DL-D,2025-08-28 04:33:06+02:00,2025-08-28 04:33:07+02:00,1,2,55.48,55.48,61.72,47.86,0,2,0,ca_underperformance,normal,168.0,1.0
INC-000670,542020041221088+20250828104327+Fiji-Nadi-LTE-DL-D!20250828104254,Fiji-Nadi-LTE-DL-D,2025-08-28 00:42:44+02:00,2025-08-28 00:42:46+02:00,1,3,55.47,55.47,50.91,61.05,0,3,0,ca_underperformance,normal,356.0,2.0
INC-001033,542020041221088+20250828140938+Fiji-Nadi-LTE-DL-D!20250828140855,Fiji-Nadi-LTE-DL-D,2025-08-28 04:07:38+02:00,2025-08-28 04:07:41+02:00,2,3,55.47,54.2,52.91,62.64,0,3,0,radio_p75_underperformance,normal,140.0,3.0
INC-000006,542020041221088+20250827094505+Fiji-Nadi-LTE-DL-D!20250827094151,Fiji-Nadi-LTE-DL-D,2025-08-26 23:40:15+02:00,2025-08-26 23:40:15+02:00,1,1,55.47,55.47,56.78,53.87,0,1,0,radio_limited_degradation,normal,288.0,0.0
INC-000585,542020041221088+20250827154913+Fiji-Nadi-LTE-DL-D!20250827153748,Fiji-Nadi-LTE-DL-D,2025-08-27 05:37:04+02:00,2025-08-27 05:37:04+02:00,1,1,55.45,55.45,55.27,55.67,0,1,0,ca_underperformance,normal,487.0,0.0
INC-000964,542020041221088+20250828133856+Fiji-Nadi-LTE-DL-D!20250828133030,Fiji-Nadi-LTE-DL-D,2025-08-28 03:30:21+02:00,2025-08-28 03:30:21+02:00,1,1,55.43,55.43,54.23,56.89,0,1,0,sudden_drop,normal,253.0,0.0
INC-000452,542020041221088+20250827140609+Fiji-Nadi-LTE-DL-D!20250827135810,Fiji-Nadi-LTE-DL-D,2025-08-27 03:58:09+02:00,2025-08-27 03:58:09+02:00,1,1,55.36,55.36,51.74,59.79,0,1,0,radio_limited_degradation,normal,124.0,0.0
INC-000715,542020041221088+20250828113631+Fiji-Nadi-LTE-DL-D!20250828110448,Fiji-Nadi-LTE-DL-D,2025-08-28 01:03:55+02:00,2025-08-28 01:03:55+02:00,1,1,55.33,55.33,66.69,41.45,0,1,0,radio_limited_degradation,normal,231.0,0.0
INC-001018,542020041221088+20250828140337+Fiji-Nadi-LTE-DL-D!20250828140209,Fiji-Nadi-LTE-DL-D,2025-08-28 04:01:34+02:00,2025-08-28 04:01:34+02:00,1,1,55.31,55.31,64.89,43.6,0,1,0,radio_limited_degradation,normal,183.0,0.0
INC-000398,542020041221088+20250827135108+Fiji-Nadi-LTE-DL-D!20250827132314,Fiji-Nadi-LTE-DL-D,2025-08-27 03:22:28+02:00,2025-08-27 03:22:28+02:00,1,1,55.29,55.29,62.53,46.44,0,1,0,radio_limited_degradation,normal,339.0,0.0
INC-000409,542020041221088+20250827135348+Fiji-Nadi-LTE-DL-D!20250827133514,Fiji-Nadi-LTE-DL-D,2025-08-27 03:34:21+02:00,2025-08-27 03:34:21+02:00,1,1,55.29,55.29,42.22,71.26,0,1,0,rolling_local_drop,normal,132.0,0.0
INC-000740,542020041221088+20250828115533+Fiji-Nadi-LTE-DL-D!20250828113110,Fiji-Nadi-LTE-DL-D,2025-08-28 01:30:23+02:00,2025-08-28 01:30:25+02:00,1,3,55.28,55.28,52.0,59.29,0,3,0,ca_underperformance,normal,187.0,2.0
INC-000156,542020041221088+20250827112909+Fiji-Nadi-LTE-DL-D!20250827110725,Fiji-Nadi-LTE-DL-D,2025-08-27 01:07:22+02:00,2025-08-27 01:07:23+02:00,1,2,55.26,55.26,49.19,62.67,0,2,0,rb_conditioned_underperformance,normal,111.0,1.0
INC-000984,542020041221088+20250828134936+Fiji-Nadi-LTE-DL-D!20250828134405,Fiji-Nadi-LTE-DL-D,2025-08-28 03:42:44+02:00,2025-08-28 03:42:47+02:00,1,4,55.24,55.24,57.28,52.74,0,4,0,ca_underperformance,normal,182.0,3.0
INC-000837,542020041221088+20250828124303+Fiji-Nadi-LTE-DL-D!20250828124223,Fiji-Nadi-LTE-DL-D,2025-08-28 02:40:52+02:00,2025-08-28 02:40:53+02:00,1,2,55.23,55.23,45.59,67.02,0,2,0,rb_conditioned_underperformance,ml_hgb_strict_causal_temporal_underperformance,180.0,1.0
INC-000628,542020041221088+20250827161314+Fiji-Nadi-LTE-DL-D!20250827161239,Fiji-Nadi-LTE-DL-D,2025-08-27 06:10:37+02:00,2025-08-27 06:10:37+02:00,1,1,55.21,55.21,45.36,67.24,0,1,0,radio_limited_degradation,normal,469.0,0.0
INC-000839,542020041221088+20250828124303+Fiji-Nadi-LTE-DL-D!20250828124223,Fiji-Nadi-LTE-DL-D,2025-08-28 02:41:32+02:00,2025-08-28 02:41:33+02:00,1,2,55.19,55.19,67.24,40.47,0,2,0,radio_limited_degradation,normal,169.0,1.0
INC-000129,542020041221088+20250827110227+Fiji-Nadi-LTE-DL-D!20250827105156,Fiji-Nadi-LTE-DL-D,2025-08-27 00:50:42+02:00,2025-08-27 00:50:42+02:00,1,1,55.19,55.19,47.63,64.43,0,1,0,rb_conditioned_underperformance,ml_hgb_strict_causal_temporal_underperformance,212.0,0.0
INC-001064,542020041221088+20250828142959+Fiji-Nadi-LTE-DL-D!20250828142912,Fiji-Nadi-LTE-DL-D,2025-08-28 04:28:09+02:00,2025-08-28 04:28:10+02:00,1,2,55.17,55.17,51.68,59.43,0,2,0,rolling_local_drop,normal,141.0,1.0
INC-000132,542020041221088+20250827110227+Fiji-Nadi-LTE-DL-D!20250827105156,Fiji-Nadi-LTE-DL-D,2025-08-27 00:51:31+02:00,2025-08-27 00:51:31+02:00,1,1,55.17,55.17,58.51,51.08,0,1,0,radio_limited_degradation,normal,348.0,0.0
INC-000889,542020041221088+20250828125844+Fiji-Nadi-LTE-DL-D!20250828125759,Fiji-Nadi-LTE-DL-D,2025-08-28 02:57:03+02:00,2025-08-28 02:57:03+02:00,1,1,55.14,55.14,55.13,55.14,0,1,0,rb_conditioned_underperformance,normal,165.0,0.0
INC-000892,542020041221088+20250828130044+Fiji-Nadi-LTE-DL-D!20250828130012,Fiji-Nadi-LTE-DL-D,2025-08-28 03:00:06+02:00,2025-08-28 03:00:06+02:00,1,1,55.14,55.14,53.59,57.04,0,1,0,rb_conditioned_underperformance,normal,231.0,0.0
INC-001070,542020041221088+20250828143419+Fiji-Nadi-LTE-DL-D!20250828143343,Fiji-Nadi-LTE-DL-D,2025-08-28 04:32:44+02:00,2025-08-28 04:32:46+02:00,1,3,55.1,55.1,57.77,51.83,0,3,0,radio_limited_degradation,normal,169.0,2.0
INC-000418,542020041221088+20250827135549+Fiji-Nadi-LTE-DL-D!20250827133724,Fiji-Nadi-LTE-DL-D,2025-08-27 03:37:20+02:00,2025-08-27 03:37:20+02:00,1,1,55.08,55.08,55.34,54.75,0,1,0,radio_limited_degradation,normal,133.0,0.0
INC-000904,542020041221088+20250828130744+Fiji-Nadi-LTE-DL-D!20250828130656,Fiji-Nadi-LTE-DL-D,2025-08-28 03:04:56+02:00,2025-08-28 03:04:56+02:00,1,1,55.07,55.07,45.05,67.3,0,1,0,radio_p75_underperformance,ml_quantile_p75_resource_underperformance,274.0,0.0
INC-001094,542020041221088+20250828153842+Fiji-Nadi-LTE-DL-D!20250828152712,Fiji-Nadi-LTE-DL-D,2025-08-28 05:26:34+02:00,2025-08-28 05:26:34+02:00,1,1,55.07,55.07,56.98,52.74,0,1,0,radio_limited_degradation,normal,320.0,0.0
INC-000986,542020041221088+20250828134936+Fiji-Nadi-LTE-DL-D!20250828134405,Fiji-Nadi-LTE-DL-D,2025-08-28 03:43:39+02:00,2025-08-28 03:43:39+02:00,1,1,55.06,55.06,63.93,44.21,0,1,0,radio_limited_degradation,normal,182.0,0.0
INC-000751,542020041221088+20250828121001+Fiji-Nadi-LTE-DL-D!20250828114201,Fiji-Nadi-LTE-DL-D,2025-08-28 01:41:33+02:00,2025-08-28 01:41:33+02:00,1,1,55.05,55.05,56.52,53.26,0,1,0,radio_limited_degradation,normal,184.0,0.0
INC-000500,542020041221088+20250827144511+Fiji-Nadi-LTE-DL-D!20250827144430,Fiji-Nadi-LTE-DL-D,2025-08-27 04:43:22+02:00,2025-08-27 04:43:22+02:00,1,1,55.04,55.04,64.98,42.89,0,1,0,radio_limited_degradation,normal,136.0,0.0
INC-000728,542020041221088+20250828114252+Fiji-Nadi-LTE-DL-D!20250828111332,Fiji-Nadi-LTE-DL-D,2025-08-28 01:13:01+02:00,2025-08-28 01:13:02+02:00,1,2,55.03,55.03,63.44,44.75,0,2,0,radio_limited_degradation,normal,177.0,1.0
INC-000706,542020041221088+20250828113351+Fiji-Nadi-LTE-DL-D!20250828110026,Fiji-Nadi-LTE-DL-D,2025-08-28 01:00:16+02:00,2025-08-28 01:00:16+02:00,1,1,55.02,55.02,64.92,42.92,0,1,0,radio_limited_degradation,normal,271.0,0.0
INC-000847,542020041221088+20250828124503+Fiji-Nadi-LTE-DL-D!20250828124436,Fiji-Nadi-LTE-DL-D,2025-08-28 02:44:23+02:00,2025-08-28 02:44:23+02:00,1,1,55.02,55.02,51.17,59.73,0,1,0,sudden_drop,normal,313.0,0.0
INC-000157,542020041221088+20250827113229+Fiji-Nadi-LTE-DL-D!20250827110935,Fiji-Nadi-LTE-DL-D,2025-08-27 01:08:23+02:00,2025-08-27 01:08:25+02:00,1,3,54.96,54.96,60.05,48.73,0,3,0,ca_underperformance,normal,348.0,2.0
INC-000695,542020041221088+20250828105428+Fiji-Nadi-LTE-DL-D!20250828105353,Fiji-Nadi-LTE-DL-D,2025-08-28 00:51:57+02:00,2025-08-28 00:51:58+02:00,1,2,54.94,54.94,59.45,49.42,0,2,0,ca_underperformance,normal,164.0,1.0
INC-000036,542020041221088+20250827095145+Fiji-Nadi-LTE-DL-D!20250827095034,Fiji-Nadi-LTE-DL-D,2025-08-26 23:49:39+02:00,2025-08-26 23:49:40+02:00,1,2,54.77,54.77,53.55,56.27,0,2,0,radio_limited_degradation,normal,151.0,1.0
INC-000328,542020041221088+20250827133105+Fiji-Nadi-LTE-DL-D!20250827124329,Fiji-Nadi-LTE-DL-D,2025-08-27 02:43:10+02:00,2025-08-27 02:43:12+02:00,1,3,54.76,54.76,53.23,56.63,0,3,0,rolling_local_drop,normal,144.0,2.0
INC-000183,542020041221088+20250827121333+Fiji-Nadi-LTE-DL-D!20250827112914,Fiji-Nadi-LTE-DL-D,2025-08-27 01:28:07+02:00,2025-08-27 01:28:08+02:00,1,2,54.61,54.61,56.65,52.12,0,2,0,rolling_local_drop,normal,134.0,1.0
INC-000141,542020041221088+20250827110647+Fiji-Nadi-LTE-DL-D!20250827105407,Fiji-Nadi-LTE-DL-D,2025-08-27 00:53:08+02:00,2025-08-27 00:53:09+02:00,1,2,54.57,54.57,61.55,46.03,0,2,0,ca_underperformance,normal,110.0,1.0
INC-000994,542020041221088+20250828135137+Fiji-Nadi-LTE-DL-D!20250828134837,Fiji-Nadi-LTE-DL-D,2025-08-28 03:48:29+02:00,2025-08-28 03:48:30+02:00,1,2,54.46,54.46,50.39,59.45,0,2,0,ca_underperformance,normal,140.0,1.0
INC-000372,542020041221088+20250827134347+Fiji-Nadi-LTE-DL-D!20250827131002,Fiji-Nadi-LTE-DL-D,2025-08-27 03:09:34+02:00,2025-08-27 03:09:35+02:00,1,2,54.35,54.35,54.9,53.67,0,2,0,radio_limited_degradation,normal,129.0,1.0
INC-000148,542020041221088+20250827112048+Fiji-Nadi-LTE-DL-D!20250827110300,Fiji-Nadi-LTE-DL-D,2025-08-27 01:02:47+02:00,2025-08-27 01:02:48+02:00,1,2,54.32,54.32,51.7,57.52,0,2,0,radio_p75_underperformance,ml_hgb_strict_causal_temporal_underperformance,333.0,1.0
INC-000854,542020041221088+20250828124723+Fiji-Nadi-LTE-DL-D!20250828124651,Fiji-Nadi-LTE-DL-D,2025-08-28 02:46:40+02:00,2025-08-28 02:46:42+02:00,1,3,54.2,54.2,57.22,50.5,0,3,0,rb_conditioned_underperformance,normal,376.0,2.0
INC-000147,542020041221088+20250827112048+Fiji-Nadi-LTE-DL-D!20250827110300,Fiji-Nadi-LTE-DL-D,2025-08-27 01:01:47+02:00,2025-08-27 01:01:48+02:00,1,2,54.17,54.17,55.17,52.94,0,2,0,rb_conditioned_underperformance,normal,333.0,1.0
INC-001027,542020041221088+20250828140718+Fiji-Nadi-LTE-DL-D!20250828140641,Fiji-Nadi-LTE-DL-D,2025-08-28 04:04:57+02:00,2025-08-28 04:04:58+02:00,1,2,53.88,53.88,54.5,53.12,0,2,0,radio_limited_degradation,normal,183.0,1.0
INC-000981,542020041221088+20250828134436+Fiji-Nadi-LTE-DL-D!20250828133934,Fiji-Nadi-LTE-DL-D,2025-08-28 03:39:26+02:00,2025-08-28 03:39:27+02:00,1,2,53.51,53.51,56.57,49.78,0,2,0,radio_limited_degradation,normal,168.0,1.0
INC-000971,542020041221088+20250828134116+Fiji-Nadi-LTE-DL-D!20250828133502,Fiji-Nadi-LTE-DL-D,2025-08-28 03:33:05+02:00,2025-08-28 03:33:06+02:00,1,2,53.44,53.44,55.23,51.26,0,2,0,ca_underperformance,normal,353.0,1.0
INC-000669,542020041221088+20250828104327+Fiji-Nadi-LTE-DL-D!20250828104254,Fiji-Nadi-LTE-DL-D,2025-08-28 00:41:58+02:00,2025-08-28 00:41:59+02:00,1,2,53.43,53.43,52.69,54.34,0,2,0,ca_underperformance,normal,356.0,1.0
INC-000393,542020041221088+20250827134908+Fiji-Nadi-LTE-DL-D!20250827131851,Fiji-Nadi-LTE-DL-D,2025-08-27 03:18:37+02:00,2025-08-27 03:18:38+02:00,1,2,53.36,53.36,59.63,45.7,0,2,0,ca_underperformance,normal,123.0,1.0
INC-001015,542020041221088+20250828140157+Fiji-Nadi-LTE-DL-D!20250828135953,Fiji-Nadi-LTE-DL-D,2025-08-28 03:58:42+02:00,2025-08-28 03:58:43+02:00,1,2,53.32,53.32,53.36,53.28,0,2,0,radio_p75_underperformance,normal,196.0,1.0
INC-000388,542020041221088+20250827134808+Fiji-Nadi-LTE-DL-D!20250827131638,Fiji-Nadi-LTE-DL-D,2025-08-27 03:14:49+02:00,2025-08-27 03:14:51+02:00,1,3,53.31,53.31,58.99,46.37,0,3,0,radio_limited_degradation,normal,339.0,2.0
INC-000334,542020041221088+20250827133446+Fiji-Nadi-LTE-DL-D!20250827125432,Fiji-Nadi-LTE-DL-D,2025-08-27 02:54:03+02:00,2025-08-27 02:54:05+02:00,1,3,53.2,53.2,59.06,46.05,0,3,0,rb_conditioned_underperformance,normal,331.0,2.0
INC-001035,542020041221088+20250828140938+Fiji-Nadi-LTE-DL-D!20250828140855,Fiji-Nadi-LTE-DL-D,2025-08-28 04:08:04+02:00,2025-08-28 04:08:05+02:00,1,2,53.17,53.17,59.93,44.9,0,2,0,rb_conditioned_underperformance,normal,140.0,1.0
INC-000680,542020041221088+20250828105007+Fiji-Nadi-LTE-DL-D!20250828104930,Fiji-Nadi-LTE-DL-D,2025-08-28 00:47:28+02:00,2025-08-28 00:47:29+02:00,1,2,53.16,53.16,52.61,53.83,0,2,0,radio_p75_underperformance,normal,163.0,1.0
INC-000395,542020041221088+20250827135108+Fiji-Nadi-LTE-DL-D!20250827132314,Fiji-Nadi-LTE-DL-D,2025-08-27 03:21:27+02:00,2025-08-27 03:21:28+02:00,1,2,53.14,53.14,56.65,48.86,0,2,0,radio_limited_degradation,normal,339.0,1.0
INC-000215,542020041221088+20250827122836+Fiji-Nadi-LTE-DL-D!20250827113757,Fiji-Nadi-LTE-DL-D,2025-08-27 01:36:25+02:00,2025-08-27 01:36:26+02:00,1,2,52.85,52.85,56.74,48.09,0,2,0,radio_limited_degradation,normal,338.0,1.0
INC-000929,542020041221088+20250828132455+Fiji-Nadi-LTE-DL-D!20250828131658,Fiji-Nadi-LTE-DL-D,2025-08-28 03:15:57+02:00,2025-08-28 03:15:58+02:00,1,2,52.79,52.79,54.0,51.3,0,2,0,radio_limited_degradation,normal,231.0,1.0
INC-000396,542020041221088+20250827135108+Fiji-Nadi-LTE-DL-D!20250827132314,Fiji-Nadi-LTE-DL-D,2025-08-27 03:22:13+02:00,2025-08-27 03:22:14+02:00,1,2,52.67,52.67,54.69,50.21,0,2,0,ca_underperformance,normal,339.0,1.0
INC-000133,542020041221088+20250827110227+Fiji-Nadi-LTE-DL-D!20250827105156,Fiji-Nadi-LTE-DL-D,2025-08-27 00:51:51+02:00,2025-08-27 00:51:52+02:00,1,2,52.65,52.65,44.48,62.64,0,1,1,not_flagged,ml_quantile_p75_resource_underperformance,210.0,1.0
INC-000836,542020041221088+20250828124303+Fiji-Nadi-LTE-DL-D!20250828124223,Fiji-Nadi-LTE-DL-D,2025-08-28 02:40:21+02:00,2025-08-28 02:40:23+02:00,1,3,52.55,52.55,54.02,50.75,0,3,0,ca_underperformance,normal,169.0,2.0
INC-000337,542020041221088+20250827133707+Fiji-Nadi-LTE-DL-D!20250827125859,Fiji-Nadi-LTE-DL-D,2025-08-27 02:58:40+02:00,2025-08-27 02:58:41+02:00,1,2,52.47,52.47,49.17,56.51,0,2,0,ca_underperformance,normal,362.0,1.0
INC-000578,542020041221088+20250827152912+Fiji-Nadi-LTE-DL-D!20250827152850,Fiji-Nadi-LTE-DL-D,2025-08-27 05:27:45+02:00,2025-08-27 05:27:46+02:00,1,2,52.46,52.46,52.88,51.94,0,2,0,ca_underperformance,normal,50.0,1.0
INC-000308,542020041221088+20250827131944+Fiji-Nadi-LTE-DL-D!20250827121729,Fiji-Nadi-LTE-DL-D,2025-08-27 02:16:43+02:00,2025-08-27 02:16:44+02:00,1,2,52.43,52.43,50.85,54.36,0,2,0,ca_underperformance,normal,143.0,1.0
INC-000143,542020041221088+20250827110647+Fiji-Nadi-LTE-DL-D!20250827105407,Fiji-Nadi-LTE-DL-D,2025-08-27 00:53:36+02:00,2025-08-27 00:53:37+02:00,1,2,51.89,51.89,55.95,46.93,0,2,0,radio_limited_degradation,normal,110.0,1.0
INC-000730,542020041221088+20250828114552+Fiji-Nadi-LTE-DL-D!20250828111754,Fiji-Nadi-LTE-DL-D,2025-08-28 01:16:08+02:00,2025-08-28 01:16:09+02:00,1,2,51.72,51.72,60.27,41.27,0,2,0,ca_underperformance,normal,495.0,1.0
INC-000916,542020041221088+20250828131954+Fiji-Nadi-LTE-DL-D!20250828131344,Fiji-Nadi-LTE-DL-D,2025-08-28 03:12:01+02:00,2025-08-28 03:12:02+02:00,1,2,51.67,51.67,50.79,52.74,0,2,0,ca_underperformance,normal,352.0,1.0
INC-000662,542020041221088+20250828103907+Fiji-Nadi-LTE-DL-D!20250828103834,Fiji-Nadi-LTE-DL-D,2025-08-28 00:37:47+02:00,2025-08-28 00:37:48+02:00,1,2,51.56,51.56,56.34,45.72,0,2,0,radio_limited_degradation,normal,455.0,1.0
INC-000508,542020041221088+20250827145611+Fiji-Nadi-LTE-DL-D!20250827145542,Fiji-Nadi-LTE-DL-D,2025-08-27 04:54:04+02:00,2025-08-27 04:54:05+02:00,1,2,51.46,51.46,50.35,52.83,0,2,0,ca_underperformance,normal,111.0,1.0
INC-000890,542020041221088+20250828130044+Fiji-Nadi-LTE-DL-D!20250828130012,Fiji-Nadi-LTE-DL-D,2025-08-28 02:59:08+02:00,2025-08-28 02:59:09+02:00,1,2,51.34,51.34,51.22,51.49,0,2,0,radio_p75_underperformance,normal,165.0,1.0
INC-000711,542020041221088+20250828113551+Fiji-Nadi-LTE-DL-D!20250828110238,Fiji-Nadi-LTE-DL-D,2025-08-28 01:01:56+02:00,2025-08-28 01:01:57+02:00,1,2,51.29,51.29,51.72,50.76,0,2,0,rb_conditioned_underperformance,normal,165.0,1.0
INC-000576,542020041221088+20250827152912+Fiji-Nadi-LTE-DL-D!20250827152850,Fiji-Nadi-LTE-DL-D,2025-08-27 05:27:28+02:00,2025-08-27 05:27:29+02:00,1,2,51.21,51.21,45.4,58.3,0,2,0,rb_conditioned_underperformance,ml_hgb_strict_causal_temporal_underperformance,487.0,1.0
INC-000505,542020041221088+20250827145151+Fiji-Nadi-LTE-DL-D!20250827145113,Fiji-Nadi-LTE-DL-D,2025-08-27 04:50:00+02:00,2025-08-27 04:50:02+02:00,1,3,51.1,51.1,54.51,46.92,0,3,0,rb_conditioned_underperformance,normal,112.0,2.0
INC-001065,542020041221088+20250828143139+Fiji-Nadi-LTE-DL-D!20250828143127,Fiji-Nadi-LTE-DL-D,2025-08-28 04:29:42+02:00,2025-08-28 04:29:43+02:00,1,2,50.78,50.78,48.94,53.03,0,2,0,ca_underperformance,normal,180.0,1.0
INC-000745,542020041221088+20250828120254+Fiji-Nadi-LTE-DL-D!20250828113742,Fiji-Nadi-LTE-DL-D,2025-08-28 01:36:21+02:00,2025-08-28 01:36:22+02:00,1,2,50.77,50.77,53.28,47.7,0,2,0,radio_limited_degradation,normal,184.0,1.0
INC-000696,542020041221088+20250828105428+Fiji-Nadi-LTE-DL-D!20250828105353,Fiji-Nadi-LTE-DL-D,2025-08-28 00:52:49+02:00,2025-08-28 00:52:50+02:00,1,2,50.5,50.5,48.81,52.55,0,2,0,rb_efficiency_underperformance,normal,161.0,1.0
INC-000679,542020041221088+20250828104747+Fiji-Nadi-LTE-DL-D!20250828104718,Fiji-Nadi-LTE-DL-D,2025-08-28 00:47:14+02:00,2025-08-28 00:47:15+02:00,1,2,50.3,50.3,52.43,47.71,0,2,0,radio_p75_underperformance,normal,163.0,1.0
INC-000787,542020041221088+20250828122402+Fiji-Nadi-LTE-DL-D!20250828121612,Fiji-Nadi-LTE-DL-D,2025-08-28 02:15:49+02:00,2025-08-28 02:15:50+02:00,1,2,50.18,50.18,52.46,47.4,0,2,0,rb_conditioned_underperformance,normal,184.0,1.0
INC-000790,542020041221088+20250828122542+Fiji-Nadi-LTE-DL-D!20250828121826,Fiji-Nadi-LTE-DL-D,2025-08-28 02:17:17+02:00,2025-08-28 02:17:18+02:00,1,2,49.9,49.9,51.75,47.64,0,2,0,radio_p75_underperformance,normal,183.0,1.0
INC-000990,542020041221088+20250828135137+Fiji-Nadi-LTE-DL-D!20250828134837,Fiji-Nadi-LTE-DL-D,2025-08-28 03:47:21+02:00,2025-08-28 03:47:23+02:00,1,3,49.74,49.74,51.15,48.01,0,3,0,ca_underperformance,normal,140.0,2.0
INC-000536,542020041221088+20250827151552+Fiji-Nadi-LTE-DL-D!20250827151524,Fiji-Nadi-LTE-DL-D,2025-08-27 05:14:17+02:00,2025-08-27 05:14:18+02:00,1,2,49.57,49.57,51.44,47.28,0,2,0,rb_conditioned_underperformance,normal,50.0,1.0
INC-000710,542020041221088+20250828113551+Fiji-Nadi-LTE-DL-D!20250828110238,Fiji-Nadi-LTE-DL-D,2025-08-28 01:01:48+02:00,2025-08-28 01:01:49+02:00,1,2,49.39,49.39,52.82,45.2,0,2,0,rb_conditioned_underperformance,normal,165.0,1.0
INC-000723,542020041221088+20250828114132+Fiji-Nadi-LTE-DL-D!20250828111120,Fiji-Nadi-LTE-DL-D,2025-08-28 01:09:40+02:00,2025-08-28 01:09:41+02:00,1,2,49.3,49.3,51.01,47.21,0,2,0,rb_conditioned_underperformance,normal,179.0,1.0
INC-000542,542020041221088+20250827151552+Fiji-Nadi-LTE-DL-D!20250827151524,Fiji-Nadi-LTE-DL-D,2025-08-27 05:15:15+02:00,2025-08-27 05:15:16+02:00,1,2,49.26,49.26,50.91,47.25,0,2,0,ca_underperformance,normal,487.0,1.0
INC-000387,542020041221088+20250827134808+Fiji-Nadi-LTE-DL-D!20250827131638,Fiji-Nadi-LTE-DL-D,2025-08-27 03:14:43+02:00,2025-08-27 03:14:44+02:00,1,2,49.06,49.06,50.55,47.24,0,2,0,ca_underperformance,normal,123.0,1.0
INC-000855,542020041221088+20250828124723+Fiji-Nadi-LTE-DL-D!20250828124651,Fiji-Nadi-LTE-DL-D,2025-08-28 02:46:49+02:00,2025-08-28 02:46:51+02:00,1,3,48.38,48.38,51.47,44.61,0,3,0,radio_p75_underperformance,normal,170.0,2.0
INC-000150,542020041221088+20250827112649+Fiji-Nadi-LTE-DL-D!20250827110516,Fiji-Nadi-LTE-DL-D,2025-08-27 01:03:32+02:00,2025-08-27 01:03:33+02:00,1,2,47.9,47.9,51.44,43.57,0,2,0,radio_p75_underperformance,normal,80.0,1.0
INC-000668,542020041221088+20250828104327+Fiji-Nadi-LTE-DL-D!20250828104254,Fiji-Nadi-LTE-DL-D,2025-08-28 00:41:48+02:00,2025-08-28 00:41:49+02:00,1,2,47.68,47.68,49.44,45.53,0,2,0,ca_underperformance,normal,159.0,1.0
INC-000726,542020041221088+20250828114252+Fiji-Nadi-LTE-DL-D!20250828111332,Fiji-Nadi-LTE-DL-D,2025-08-28 01:12:14+02:00,2025-08-28 01:12:15+02:00,1,2,47.58,47.58,48.81,46.07,0,2,0,ca_underperformance,normal,179.0,1.0
INC-001069,542020041221088+20250828143419+Fiji-Nadi-LTE-DL-D!20250828143343,Fiji-Nadi-LTE-DL-D,2025-08-28 04:32:14+02:00,2025-08-28 04:32:15+02:00,1,2,47.58,47.58,47.9,47.2,0,2,0,rb_conditioned_underperformance,normal,385.0,1.0
INC-000562,542020041221088+20250827152532+Fiji-Nadi-LTE-DL-D!20250827152209,Fiji-Nadi-LTE-DL-D,2025-08-27 05:21:24+02:00,2025-08-27 05:21:25+02:00,1,2,47.51,47.51,44.61,51.04,0,2,0,ca_underperformance,normal,487.0,1.0
INC-000786,542020041221088+20250828122402+Fiji-Nadi-LTE-DL-D!20250828121612,Fiji-Nadi-LTE-DL-D,2025-08-28 02:15:42+02:00,2025-08-28 02:15:43+02:00,1,2,47.36,47.36,48.95,45.42,0,2,0,radio_p75_underperformance,normal,184.0,1.0
INC-000202,542020041221088+20250827122335+Fiji-Nadi-LTE-DL-D!20250827113336,Fiji-Nadi-LTE-DL-D,2025-08-27 01:32:05+02:00,2025-08-27 01:32:06+02:00,1,2,47.29,47.29,42.88,52.67,0,2,0,rb_conditioned_underperformance,normal,394.0,1.0
INC-000155,542020041221088+20250827112649+Fiji-Nadi-LTE-DL-D!20250827110516,Fiji-Nadi-LTE-DL-D,2025-08-27 01:04:52+02:00,2025-08-27 01:04:53+02:00,1,2,47.28,47.28,47.75,46.7,0,2,0,ca_underperformance,normal,108.0,1.0
INC-000727,542020041221088+20250828114252+Fiji-Nadi-LTE-DL-D!20250828111332,Fiji-Nadi-LTE-DL-D,2025-08-28 01:12:20+02:00,2025-08-28 01:12:21+02:00,1,2,46.79,46.79,45.62,48.22,0,2,0,radio_p75_underperformance,normal,179.0,1.0
INC-000182,542020041221088+20250827121333+Fiji-Nadi-LTE-DL-D!20250827112914,Fiji-Nadi-LTE-DL-D,2025-08-27 01:27:41+02:00,2025-08-27 01:27:42+02:00,1,2,46.74,46.74,49.38,43.52,0,2,0,ca_underperformance,normal,393.0,1.0
INC-001046,542020041221088+20250828141358+Fiji-Nadi-LTE-DL-D!20250828141324,Fiji-Nadi-LTE-DL-D,2025-08-28 04:13:03+02:00,2025-08-28 04:13:04+02:00,1,2,46.36,46.36,46.78,45.84,0,2,0,radio_p75_underperformance,normal,353.0,1.0
INC-000514,542020041221088+20250827151132+Fiji-Nadi-LTE-DL-D!20250827151053,Fiji-Nadi-LTE-DL-D,2025-08-27 05:09:19+02:00,2025-08-27 05:09:20+02:00,1,2,45.85,45.85,47.26,44.12,0,2,0,rb_conditioned_underperformance,normal,448.0,1.0
INC-001000,542020041221088+20250828135857+Fiji-Nadi-LTE-DL-D!20250828135526,Fiji-Nadi-LTE-DL-D,2025-08-28 03:54:12+02:00,2025-08-28 03:54:13+02:00,1,2,45.77,45.77,47.61,43.52,0,2,0,radio_p75_underperformance,normal,140.0,1.0
INC-000975,542020041221088+20250828134116+Fiji-Nadi-LTE-DL-D!20250828133502,Fiji-Nadi-LTE-DL-D,2025-08-28 03:35:00+02:00,2025-08-28 03:35:01+02:00,1,2,44.92,44.92,43.14,47.1,0,2,0,ca_underperformance,normal,353.0,1.0
