final_episode_id,id,route_label,start_time,end_time,rows,latitude_start,longitude_start,latitude_end,longitude_end,primary_serving_pci,primary_earfcn,primary_band,min_actual_tp,median_actual_tp,max_expected_tp,max_expected_gap,min_actual_expected_ratio,max_row_priority,mean_row_priority,max_row_impact,mean_row_impact,max_row_confidence,mean_row_confidence,consensus_rows,statistical_only_rows,ml_only_rows,dominant_statistical_type,dominant_ml_type,fusion_source_mode,duration_seconds,distance_affected_m,agreement_pct,episode_impact_score_0_100,episode_detection_confidence_0_100,episode_final_priority_0_100,episode_impact_severity,episode_detection_confidence,underperform_vs_p75_flag_rows,underperform_vs_rb_p75_flag_rows,low_rb_efficiency_high_rb_flag_rows,ca_underperformance_flag_rows,ml_q75_resource_underperformance_flag_rows,ml_hgb_resource_underperformance_flag_rows,ml_hgb_temporal_underperformance_flag_rows,near_handover_execution_flag_rows,near_handover_failure_flag_rows,near_rach_failure_flag_rows,near_ca_activation_change_flag_rows,strong_direct_evidence_rows,final_episode_handoff_flag,episode_priority_severity
LTE-TP-EP-001126,542020041221088+20250828105007+Fiji-Nadi-LTE-DL-D!20250828104930,Fiji-Nadi-LTE-DL-D,2025-08-28 00:49:04+02:00,2025-08-28 00:49:04+02:00,1,-17.6488558,177.4435416,-17.6488558,177.4435416,163.0,40790.0,41.0,3.176696,3.176696,118.44779,115.27109399999999,0.026819377550226984,96.95,96.95,94.46,94.46,100.0,100.0,1,0,0,ca_underperformance,ml_severe_quantile_p75_resource_underperformance,statistical_and_ml_consensus,0.0,4.219640956944973,100.0,75.18,100.0,86.35,High,Very High,1,1,1,1,1,1,1,0,0,0,1,7,True,Critical
LTE-TP-EP-000698,542020041221088+20250827135949+Fiji-Nadi-LTE-DL-D!20250827134144,Fiji-Nadi-LTE-DL-D,2025-08-27 03:39:42+02:00,2025-08-27 03:39:42+02:00,1,-17.778136,177.4101496,-17.778136,177.4101496,137.0,40790.0,41.0,5.130352,5.130352,138.2563025,133.12595050000002,0.03710754524192487,95.28,95.28,91.42,91.42,100.0,100.0,1,0,0,ca_underperformance,ml_quantile_p75_resource_underperformance,statistical_and_ml_consensus,0.0,,100.0,72.9,100.0,85.1,High,Very High,1,1,1,1,1,1,1,0,0,0,1,7,True,Critical
LTE-TP-EP-000606,542020041221088+20250827134427+Fiji-Nadi-LTE-DL-D!20250827131213,Fiji-Nadi-LTE-DL-D,2025-08-27 03:10:11+02:00,2025-08-27 03:10:11+02:00,1,-17.77721003,177.43119349,-17.77721003,177.43119349,131.0,1850.0,3.0,5.327192,5.327192,135.5693,130.242108,0.03929497312444632,95.08,95.08,91.05,91.05,100.0,100.0,1,0,0,ca_underperformance,ml_quantile_p75_resource_underperformance,statistical_and_ml_consensus,0.0,,100.0,72.62,100.0,84.94,High,Very High,1,1,1,1,1,1,1,1,0,0,1,7,True,High
LTE-TP-EP-001422,542020041221088+20250828123823+Fiji-Nadi-LTE-DL-D!20250828123754,Fiji-Nadi-LTE-DL-D,2025-08-28 02:37:35+02:00,2025-08-28 02:37:36+02:00,2,-17.631383,177.4424822,-17.6314479,177.4424856,313.0,41384.0,41.0,0.066992,2.325412,118.85684985609348,114.27301785609347,0.0008466686290638751,96.49,91.815,99.52,96.57,100.0,86.0,1,1,0,ca_underperformance,ml_severe_quantile_p75_resource_underperformance,statistical_and_ml_consensus,1.0,15.253897348275427,50.0,81.26,89.0,84.74,Critical,Very High,1,1,1,1,1,1,1,0,0,0,2,7,True,High
LTE-TP-EP-000307,542020041221088+20250827122034+Fiji-Nadi-LTE-DL-D!20250827113125,Fiji-Nadi-LTE-DL-D,2025-08-27 01:30:31+02:00,2025-08-27 01:30:31+02:00,1,-17.77260188,177.42392483,-17.77260188,177.42392483,394.0,41384.0,41.0,5.597328,5.597328,105.95971,100.362382,0.052825059638234195,94.46,94.46,89.92,89.92,100.0,100.0,1,0,0,ca_underperformance,ml_quantile_p75_resource_underperformance,statistical_and_ml_consensus,0.0,14.05838502117432,100.0,71.78,100.0,84.48,High,Very High,1,1,1,1,1,0,1,0,0,0,1,6,True,High
LTE-TP-EP-000332,542020041221088+20250827122555+Fiji-Nadi-LTE-DL-D!20250827113546,Fiji-Nadi-LTE-DL-D,2025-08-27 01:35:17+02:00,2025-08-27 01:35:18+02:00,2,-17.77119239,177.42536349,-17.77127485,177.42528442,394.0,40790.0,41.0,1.190224,9.878664,119.0290425,100.4619385,0.014188434513296858,96.22,89.225,97.68,82.685,100.0,97.215,1,1,0,ca_underperformance,ml_quantile_p75_resource_underperformance,statistical_and_ml_consensus,1.0,12.48130873305672,50.0,77.47,91.8,83.92,High,Very High,2,2,1,1,1,1,1,0,0,0,2,9,True,High
LTE-TP-EP-001857,542020041221088+20250828141838+Fiji-Nadi-LTE-DL-D!20250828141754,Fiji-Nadi-LTE-DL-D,2025-08-28 04:16:02+02:00,2025-08-28 04:16:02+02:00,1,-17.6158366,177.4576468,-17.6158366,177.4576468,230.0,1850.0,3.0,7.538272,7.538272,174.2549025,166.71663049999998,0.0432600282221615,93.43,93.43,88.05,88.05,100.0,100.0,1,0,0,ca_underperformance,ml_quantile_p75_resource_underperformance,statistical_and_ml_consensus,0.0,,100.0,70.37,100.0,83.71,High,Very High,1,1,1,1,1,1,1,0,0,0,1,7,True,High
LTE-TP-EP-000325,542020041221088+20250827122555+Fiji-Nadi-LTE-DL-D!20250827113546,Fiji-Nadi-LTE-DL-D,2025-08-27 01:34:11+02:00,2025-08-27 01:34:12+02:00,2,-17.76634916,177.42989571,-17.76641346,177.42985314,394.0,40790.0,41.0,4.236208,10.2163765,118.44779,114.21158199999999,0.03576434815710788,95.69,91.13,92.62,84.1,100.0,99.725,1,1,0,ca_underperformance,ml_quantile_p75_resource_underperformance,statistical_and_ml_consensus,1.0,8.718738284224072,50.0,74.97,92.43,82.83,High,Very High,2,2,1,1,2,2,1,0,0,0,2,11,True,High
LTE-TP-EP-000709,542020041221088+20250827135949+Fiji-Nadi-LTE-DL-D!20250827134144,Fiji-Nadi-LTE-DL-D,2025-08-27 03:41:22+02:00,2025-08-27 03:41:22+02:00,1,-17.7726621,177.4070924,-17.7726621,177.4070924,135.0,40790.0,41.0,10.050192,10.050192,108.53014350711018,98.47995150711019,0.09260277076240644,92.1,92.1,85.63,85.63,100.0,100.0,1,0,0,ca_underperformance,ml_quantile_p75_resource_underperformance,statistical_and_ml_consensus,0.0,8.150373640721776,100.0,68.56,100.0,82.71,High,Very High,1,1,0,1,1,1,1,0,0,0,1,6,True,High
LTE-TP-EP-000979,542020041221088+20250827161114+Fiji-Nadi-LTE-DL-D!20250827160608,Fiji-Nadi-LTE-DL-D,2025-08-27 06:04:06+02:00,2025-08-27 06:04:06+02:00,1,-17.81116123,177.44284917,-17.81116123,177.44284917,469.0,41384.0,41.0,7.974224,7.974224,105.95971,97.985486,0.07525713311219898,92.1,92.1,85.64,85.64,100.0,100.0,1,0,0,ca_underperformance,ml_quantile_p75_resource_underperformance,statistical_and_ml_consensus,0.0,,100.0,68.57,100.0,82.71,High,Very High,1,1,1,1,1,1,1,0,0,0,1,7,True,High
LTE-TP-EP-000569,542020041221088+20250827133907+Fiji-Nadi-LTE-DL-D!20250827130324,Fiji-Nadi-LTE-DL-D,2025-08-27 03:01:56+02:00,2025-08-27 03:01:56+02:00,1,-17.78942887,177.42703991,-17.78942887,177.42703991,322.0,1850.0,3.0,9.11788,9.11788,135.5693,126.45142,0.06725622983964659,91.57,91.57,84.68,84.68,100.0,100.0,1,0,0,rb_efficiency_underperformance,ml_quantile_p75_resource_underperformance,statistical_and_ml_consensus,0.0,8.79760275393807,100.0,67.85,100.0,82.32,High,Very High,1,1,1,0,1,1,1,0,0,0,1,6,True,High
LTE-TP-EP-001507,542020041221088+20250828125404+Fiji-Nadi-LTE-DL-D!20250828125334,Fiji-Nadi-LTE-DL-D,2025-08-28 02:52:47+02:00,2025-08-28 02:52:51+02:00,5,-17.63208727,177.45430274,-17.63173964,177.4543309,167.0,40988.0,41.0,0.548752,3.13528,64.715159,59.624687,0.07865965376056637,88.37,78.32000000000001,98.08,83.086,100.0,72.49600000000001,1,4,0,radio_limited_degradation,normal,statistical_only_retained,4.0,48.50518203156048,20.0,83.1,81.12,82.21,Critical,Very High,2,2,2,2,2,1,1,5,0,0,5,12,True,High
LTE-TP-EP-000858,542020041221088+20250827151552+Fiji-Nadi-LTE-DL-D!20250827151524,Fiji-Nadi-LTE-DL-D,2025-08-27 05:14:38+02:00,2025-08-27 05:14:38+02:00,1,-17.7477968,177.4522131,-17.7477968,177.4522131,50.0,41384.0,41.0,9.189872,9.189872,121.14346,111.95358800000001,0.0758594149448926,91.25,91.25,84.09,84.09,100.0,100.0,1,0,0,rb_efficiency_underperformance,ml_quantile_p75_resource_underperformance,statistical_and_ml_consensus,0.0,12.182548406833751,100.0,67.4,100.0,82.07,High,Very High,1,1,1,0,1,1,1,0,0,0,0,6,True,High
LTE-TP-EP-001428,542020041221088+20250828124043+Fiji-Nadi-LTE-DL-D!20250828124009,Fiji-Nadi-LTE-DL-D,2025-08-28 02:38:34+02:00,2025-08-28 02:38:36+02:00,3,-17.6308957,177.4441288,-17.6307991,177.4440908,313.0,41384.0,41.0,0.008616,0.023072,121.14346,118.868004,0.000270305415943596,97.83,83.8,96.06,85.82333333333334,100.0,81.33333333333333,1,2,0,rolling_local_drop,normal,statistical_only_retained,2.0,15.120627576792113,33.33333333333333,79.34,85.33,82.03,High,Very High,1,1,1,1,1,0,1,0,0,0,3,6,True,High
LTE-TP-EP-000578,542020041221088+20250827134107+Fiji-Nadi-LTE-DL-D!20250827130537,Fiji-Nadi-LTE-DL-D,2025-08-27 03:04:22+02:00,2025-08-27 03:04:24+02:00,3,-17.7808043,177.4321824,-17.78080948,177.43222762,394.0,40988.0,41.0,0.004448,0.006352,104.02913616106697,74.09292716106697,6.416661762108087e-05,85.76,83.71,95.72,85.21,100.0,81.86666666666666,1,2,0,radio_limited_degradation,normal,statistical_only_retained,2.0,11.413192712090598,33.33333333333333,79.03,85.47,81.92,High,Very High,1,1,0,0,1,0,1,0,0,0,3,4,True,High
LTE-TP-EP-000591,542020041221088+20250827134247+Fiji-Nadi-LTE-DL-D!20250827130749,Fiji-Nadi-LTE-DL-D,2025-08-27 03:06:16+02:00,2025-08-27 03:06:17+02:00,2,-17.78074862,177.43065911,-17.7807437,177.43059402,394.0,40790.0,41.0,2.11232,3.23268,119.0290425,114.67600250000001,0.03404278214515574,95.84,88.39500000000001,92.43,90.35,100.0,86.0,1,1,0,ca_underperformance,ml_severe_quantile_p75_resource_underperformance,statistical_and_ml_consensus,1.0,6.965568290301859,50.0,76.11,89.0,81.91,High,Very High,1,1,1,1,1,1,1,0,0,0,2,7,True,High
LTE-TP-EP-001037,542020041221088+20250828102746+Fiji-Nadi-LTE-DL-D!20250828102524,Fiji-Nadi-LTE-DL-D,2025-08-28 00:23:38+02:00,2025-08-28 00:23:42+02:00,5,-17.737185,177.459908,-17.7371849,177.459908,338.0,1850.0,3.0,0.010752,3.649896,96.10842114583129,78.37158114583129,0.0003270894154848202,94.38,80.524,94.23,76.066,100.0,85.97,1,4,0,ca_underperformance,normal,statistical_only_retained,4.0,0.02171043858867104,20.0,79.58,84.49,81.79,High,Very High,2,2,1,1,2,1,1,0,0,0,5,10,True,High
LTE-TP-EP-001125,542020041221088+20250828105007+Fiji-Nadi-LTE-DL-D!20250828104930,Fiji-Nadi-LTE-DL-D,2025-08-28 00:48:57+02:00,2025-08-28 00:48:58+02:00,2,-17.6489456,177.4432873,-17.6489313,177.4433269,163.0,40790.0,41.0,1.9871039,18.20735195,106.48158917214784,76.7809449968311,0.025227283496670982,85.67,82.31,95.55,78.64,100.0,86.8,1,1,0,radio_limited_degradation,ml_quantile_p75_resource_underperformance,statistical_and_ml_consensus,1.0,12.411332775312687,50.0,75.49,89.2,81.66,High,Very High,1,1,0,0,1,0,1,0,0,0,2,4,True,High
LTE-TP-EP-001950,542020041221088+20250828153922+Fiji-Nadi-LTE-DL-D!20250828152928,Fiji-Nadi-LTE-DL-D,2025-08-28 05:28:25+02:00,2025-08-28 05:28:25+02:00,1,-17.6783773,177.408984,-17.6783773,177.408984,454.0,1850.0,3.0,6.737936,6.737936,79.6243025,72.8863665,0.0846216015518629,90.69,90.69,83.08,83.08,100.0,100.0,1,0,0,ca_underperformance,ml_quantile_p75_resource_underperformance,statistical_and_ml_consensus,0.0,6.254486185747984,100.0,66.65,100.0,81.66,High,Very High,1,1,1,1,1,1,1,0,0,0,0,7,True,High
LTE-TP-EP-000518,542020041221088+20250827132825+Fiji-Nadi-LTE-DL-D!20250827122826,Fiji-Nadi-LTE-DL-D,2025-08-27 02:26:47+02:00,2025-08-27 02:26:49+02:00,3,-17.8070401,177.4181157,-17.8070401,177.4181157,149.0,41384.0,41.0,6.638424,17.795609,121.14346,114.505036,0.05479803862296817,93.68,80.03333333333335,88.51,71.40666666666668,100.0,90.58,2,1,0,ca_underperformance,ml_quantile_p75_resource_underperformance,statistical_and_ml_consensus,2.0,0.0,66.66666666666666,72.3,92.64,81.46,High,Very High,3,2,1,1,2,2,2,0,0,0,3,13,True,High
LTE-TP-EP-000308,542020041221088+20250827122034+Fiji-Nadi-LTE-DL-D!20250827113125,Fiji-Nadi-LTE-DL-D,2025-08-27 01:30:40+02:00,2025-08-27 01:30:41+02:00,2,-17.77174732,177.42474428,-17.77165117,177.4248377,394.0,41384.0,41.0,3.655664,15.625636,121.14346,117.487796,0.03017632152821126,96.52,83.3,93.67,77.69,100.0,90.16,1,1,0,ca_underperformance,ml_severe_quantile_p75_resource_underperformance,statistical_and_ml_consensus,1.0,29.209701741515474,50.0,74.26,90.04,81.36,High,Very High,2,2,1,1,1,1,1,0,0,0,0,9,True,High
LTE-TP-EP-000584,542020041221088+20250827134107+Fiji-Nadi-LTE-DL-D!20250827130537,Fiji-Nadi-LTE-DL-D,2025-08-27 03:05:08+02:00,2025-08-27 03:05:08+02:00,1,-17.78094586,177.43368277,-17.78094586,177.43368277,395.0,40988.0,41.0,1.223552,1.223552,85.9294657539735,84.7059137539735,0.014239027198227647,98.96,98.96,98.11,98.11,100.0,100.0,0,1,0,ca_underperformance,ml_severe_quantile_p75_resource_underperformance,statistical_only_retained,0.0,3.4982241871382422,0.0,77.92,85.0,81.11,High,Very High,1,1,1,1,1,0,0,0,0,0,1,5,True,High
LTE-TP-EP-000708,542020041221088+20250827135949+Fiji-Nadi-LTE-DL-D!20250827134144,Fiji-Nadi-LTE-DL-D,2025-08-27 03:41:15+02:00,2025-08-27 03:41:17+02:00,3,-17.7730863,177.4073744,-17.7729562,177.4073186,135.0,40790.0,41.0,0.01032,5.180536,123.23914189178018,68.55918189178018,0.00016416815304862406,88.42,82.62,93.12,77.45,100.0,88.92999999999999,1,2,0,radio_limited_degradation,normal,statistical_only_retained,2.0,23.602200384699124,33.33333333333333,76.04,87.23,81.08,High,Very High,0,0,0,0,0,1,1,0,0,0,3,2,True,High
LTE-TP-EP-001409,542020041221088+20250828123602+Fiji-Nadi-LTE-DL-D!20250828123538,Fiji-Nadi-LTE-DL-D,2025-08-28 02:35:35+02:00,2025-08-28 02:35:35+02:00,1,-17.6314469,177.4412981,-17.6314469,177.4412981,315.0,41384.0,41.0,6.778192,6.778192,69.35316474212154,62.57497274212154,0.09773442964288082,89.93,89.93,81.69,81.69,100.0,100.0,1,0,0,ca_underperformance,ml_quantile_p75_resource_underperformance,statistical_and_ml_consensus,0.0,8.77506909263162,100.0,65.6,100.0,81.08,High,Very High,1,1,1,1,1,1,1,1,0,0,1,7,True,High
LTE-TP-EP-000617,542020041221088+20250827134607+Fiji-Nadi-LTE-DL-D!20250827131425,Fiji-Nadi-LTE-DL-D,2025-08-27 03:12:45+02:00,2025-08-27 03:12:47+02:00,3,-17.7750392,177.4325465,-17.7749278,177.4326335,129.0,41186.0,41.0,0.025344,19.653336,92.02218995975792,72.36885395975793,0.0005275144108750298,82.03,79.72,87.16,70.32666666666667,100.0,91.2,2,1,0,radio_limited_degradation,ml_quantile_p75_resource_underperformance,statistical_and_ml_consensus,2.0,28.917833352229053,66.66666666666666,71.34,92.8,81.0,High,Very High,1,1,0,0,2,2,2,2,0,0,3,8,True,High
LTE-TP-EP-001590,542020041221088+20250828131954+Fiji-Nadi-LTE-DL-D!20250828131344,Fiji-Nadi-LTE-DL-D,2025-08-28 03:13:30+02:00,2025-08-28 03:13:31+02:00,2,-17.6282935,177.4718257,-17.62829378,177.4718262,254.0,41384.0,41.0,0.004208,2.621708,98.07729499999999,92.83808699999999,0.00011136590088230668,94.68,86.39,90.33,86.715,100.0,86.0,1,1,0,ca_underperformance,ml_quantile_p75_resource_underperformance,statistical_and_ml_consensus,1.0,5.763787596741695,50.0,74.23,89.0,80.88,High,Very High,1,1,1,1,1,1,1,0,0,0,2,7,True,High
LTE-TP-EP-001495,542020041221088+20250828125404+Fiji-Nadi-LTE-DL-D!20250828125334,Fiji-Nadi-LTE-DL-D,2025-08-28 02:51:32+02:00,2025-08-28 02:51:35+02:00,4,-17.6349871,177.4542609,-17.6351409,177.4542181,167.0,40988.0,41.0,0.47288,1.752016,88.404305,77.572289,0.122528150637008,85.14,81.42,98.34,91.045,93.75,69.6575,1,3,0,radio_limited_degradation,normal,statistical_only_retained,3.0,17.696515294236107,25.0,83.36,77.41,80.69,Critical,High,1,1,0,1,1,1,1,0,0,0,4,6,True,High
LTE-TP-EP-000334,542020041221088+20250827122555+Fiji-Nadi-LTE-DL-D!20250827113546,Fiji-Nadi-LTE-DL-D,2025-08-27 01:35:41+02:00,2025-08-27 01:35:43+02:00,3,-17.773293,177.4233524,-17.77337597,177.42327195,394.0,40790.0,41.0,0.004808,0.006984,119.0290425,115.4897385,0.00022910449067192247,96.61,80.05666666666667,93.84,79.01333333333334,100.0,81.33333333333333,1,2,0,rolling_local_drop,normal,statistical_only_retained,2.0,38.53832559828549,33.33333333333333,76.75,85.33,80.61,High,Very High,1,1,1,1,1,1,1,0,0,0,3,7,True,High
LTE-TP-EP-001575,542020041221088+20250828131435+Fiji-Nadi-LTE-DL-D!20250828131128,Fiji-Nadi-LTE-DL-D,2025-08-28 03:10:39+02:00,2025-08-28 03:10:39+02:00,1,-17.627563,177.4689467,-17.627563,177.4689467,254.0,40988.0,41.0,11.078624,11.078624,111.79482125,100.71619725,0.09909782829050322,89.2,89.2,80.37,80.37,100.0,100.0,1,0,0,ca_underperformance,ml_quantile_p75_resource_underperformance,statistical_and_ml_consensus,0.0,18.931831344272748,100.0,64.61,100.0,80.54,High,Very High,1,1,0,1,1,1,1,0,0,0,1,6,True,High
LTE-TP-EP-000329,542020041221088+20250827122555+Fiji-Nadi-LTE-DL-D!20250827113546,Fiji-Nadi-LTE-DL-D,2025-08-27 01:34:45+02:00,2025-08-27 01:34:46+02:00,2,-17.7687544,177.4276981,-17.76875384,177.4276977,394.0,40790.0,41.0,0.006096,6.7902119999999995,118.44779,104.873462,0.00010983397869837968,86.99,84.495,90.19,83.27,100.0,86.0,1,1,0,ca_underperformance,ml_quantile_p75_resource_underperformance,statistical_and_ml_consensus,1.0,11.163868497580907,50.0,73.46,89.0,80.46,High,Very High,1,1,0,1,1,1,1,0,0,0,2,6,True,High
LTE-TP-EP-000585,542020041221088+20250827134107+Fiji-Nadi-LTE-DL-D!20250827130537,Fiji-Nadi-LTE-DL-D,2025-08-27 03:05:14+02:00,2025-08-27 03:05:16+02:00,3,-17.7809343,177.43339573,-17.7809278,177.4332135,395.0,40988.0,41.0,0.00336,0.029088,96.71249163425117,74.72529163425116,5.7614606125718675e-05,82.69,82.44,91.44,83.34666666666666,100.0,81.33333333333333,1,2,0,rb_conditioned_underperformance,normal,statistical_only_retained,2.0,19.524554073359326,33.33333333333333,76.3,85.33,80.36,High,Very High,1,1,0,0,1,0,1,0,0,0,3,4,True,High
LTE-TP-EP-000850,542020041221088+20250827151332+Fiji-Nadi-LTE-DL-D!20250827151309,Fiji-Nadi-LTE-DL-D,2025-08-27 05:12:46+02:00,2025-08-27 05:12:47+02:00,2,-17.7531273,177.4542602,-17.7531273,177.4542602,115.0,9310.0,28.0,0.011704,27.4233285,129.49126676519367,74.65631376519367,0.00018902179685857854,83.41,80.185,92.74,75.42,100.0,86.0,1,1,0,radio_limited_degradation,ml_quantile_p75_resource_underperformance,statistical_and_ml_consensus,1.0,0.0010589982074375893,50.0,73.3,89.0,80.36,High,Very High,0,0,0,0,1,0,1,0,0,0,2,2,True,High
LTE-TP-EP-001038,542020041221088+20250828102746+Fiji-Nadi-LTE-DL-D!20250828102524,Fiji-Nadi-LTE-DL-D,2025-08-28 00:23:51+02:00,2025-08-28 00:23:54+02:00,4,-17.737185,177.459908,-17.737185,177.459908,338.0,1850.0,3.0,0.000664,2.3934119000000003,103.049195,98.2906672,1.937100819387812e-05,92.14,80.05,91.36,76.595,100.0,84.275,1,3,0,ca_underperformance,ml_quantile_p75_resource_underperformance,statistical_only_retained,3.0,0.011119508138052268,25.0,76.63,84.82,80.32,High,Very High,2,2,1,1,2,1,1,0,0,0,4,10,True,High
LTE-TP-EP-001130,542020041221088+20250828105207+Fiji-Nadi-LTE-DL-D!20250828105141,Fiji-Nadi-LTE-DL-D,2025-08-28 00:49:42+02:00,2025-08-28 00:49:43+02:00,2,-17.64880843,177.44472512,-17.6488172,177.4447715,163.0,40790.0,41.0,0.00804,7.053707999999999,93.69764039111706,79.59826439111706,0.0001502185727893336,88.3,84.93,89.39,84.055,100.0,86.0,1,1,0,ca_underperformance,ml_quantile_p75_resource_underperformance,statistical_and_ml_consensus,1.0,6.918197806956839,50.0,73.18,89.0,80.3,High,Very High,1,1,0,1,1,1,1,0,0,0,2,6,True,High
LTE-TP-EP-000575,542020041221088+20250827133907+Fiji-Nadi-LTE-DL-D!20250827130324,Fiji-Nadi-LTE-DL-D,2025-08-27 03:02:53+02:00,2025-08-27 03:02:54+02:00,2,-17.78364902,177.42864363,-17.78353625,177.42867203,321.0,1850.0,3.0,7.426568,10.46106,79.6243025,72.1977345,0.09327011687166742,89.75,78.39500000000001,81.37,65.025,100.0,94.735,2,0,0,ca_underperformance,ml_quantile_p75_resource_underperformance,statistical_and_ml_consensus,1.0,24.907245678019564,100.0,64.96,98.68,80.14,High,Very High,2,2,1,1,2,2,2,2,2,0,2,12,True,High
LTE-TP-EP-001371,542020041221088+20250828122702+Fiji-Nadi-LTE-DL-D!20250828122042,Fiji-Nadi-LTE-DL-D,2025-08-28 02:20:04+02:00,2025-08-28 02:20:04+02:00,1,-17.60599143,177.44355627,-17.60599143,177.44355627,141.0,40790.0,41.0,11.868384,11.868384,118.44779,106.57940599999999,0.10019928611584902,88.63,88.63,79.32,79.32,100.0,100.0,1,0,0,ca_underperformance,ml_quantile_p75_resource_underperformance,statistical_and_ml_consensus,0.0,0.10286819022327381,100.0,63.83,100.0,80.1,High,Very High,1,1,0,1,1,1,1,0,0,0,1,6,True,High
LTE-TP-EP-000310,542020041221088+20250827122034+Fiji-Nadi-LTE-DL-D!20250827113125,Fiji-Nadi-LTE-DL-D,2025-08-27 01:30:59+02:00,2025-08-27 01:30:59+02:00,1,-17.7698283,177.42659,-17.7698283,177.42659,394.0,41384.0,41.0,2.466552,2.466552,121.14346,118.676908,0.020360587356511032,97.58,97.58,95.73,95.73,99.85,99.85,0,1,0,ca_underperformance,ml_severe_quantile_p75_resource_underperformance,statistical_only_retained,0.0,28.13090175736444,0.0,76.13,84.87,80.07,High,Very High,1,1,1,1,1,0,0,0,0,0,1,5,True,High
LTE-TP-EP-000595,542020041221088+20250827134247+Fiji-Nadi-LTE-DL-D!20250827130749,Fiji-Nadi-LTE-DL-D,2025-08-27 03:06:58+02:00,2025-08-27 03:06:59+02:00,2,-17.78071471,177.4301838,-17.7807147,177.4301838,394.0,40790.0,41.0,5.86572,23.0537725,122.72866854908222,113.1633225,0.04927973775811899,94.38,81.74,89.79,72.83,100.0,92.64,1,1,0,rb_conditioned_underperformance,ml_hgb_strict_causal_temporal_underperformance,statistical_and_ml_consensus,1.0,0.0022239018398076734,50.0,71.16,90.66,79.93,High,Very High,2,2,1,0,1,1,2,0,0,0,2,9,True,High
LTE-TP-EP-001127,542020041221088+20250828105007+Fiji-Nadi-LTE-DL-D!20250828104930,Fiji-Nadi-LTE-DL-D,2025-08-28 00:49:13+02:00,2025-08-28 00:49:13+02:00,1,-17.6487992,177.4438233,-17.6487992,177.4438233,163.0,40790.0,41.0,14.437328,14.437328,100.33373220627267,85.89640420627268,0.14389306250781936,88.37,88.37,78.85,78.85,100.0,100.0,1,0,0,ca_underperformance,ml_quantile_p75_resource_underperformance,statistical_and_ml_consensus,0.0,5.279162399838094,100.0,63.47,100.0,79.91,High,Very High,1,1,0,1,1,1,1,0,0,0,1,6,True,High
LTE-TP-EP-000692,542020041221088+20250827135649+Fiji-Nadi-LTE-DL-D!20250827133934,Fiji-Nadi-LTE-DL-D,2025-08-27 03:38:43+02:00,2025-08-27 03:38:45+02:00,3,-17.78062541,177.41386215,-17.78047936,177.41369768,135.0,356.0,1.0,0.0064,3.119816,77.801385,74.681569,0.00030440934219588253,95.1,79.71666666666667,91.1,76.39333333333333,100.0,83.78,1,2,0,rolling_local_drop,normal,statistical_only_retained,2.0,35.896983033788196,33.33333333333333,74.72,85.94,79.77,High,Very High,1,1,1,1,1,0,1,0,0,0,3,6,True,High
LTE-TP-EP-001381,542020041221088+20250828123202+Fiji-Nadi-LTE-DL-D!20250828122853,Fiji-Nadi-LTE-DL-D,2025-08-28 02:27:09+02:00,2025-08-28 02:27:09+02:00,1,-17.6227765,177.4353482,-17.6227765,177.4353482,345.0,40790.0,41.0,10.695448,10.695448,119.0290425,108.3335945,0.08985578456619106,88.3,88.3,81.39,81.39,96.75,96.75,1,0,0,ca_underperformance,ml_quantile_p75_resource_underperformance,statistical_and_ml_consensus,0.0,10.480227822617186,100.0,65.38,97.24,79.72,High,Very High,1,1,0,1,1,1,1,0,0,0,1,6,True,High
LTE-TP-EP-000593,542020041221088+20250827134247+Fiji-Nadi-LTE-DL-D!20250827130749,Fiji-Nadi-LTE-DL-D,2025-08-27 03:06:42+02:00,2025-08-27 03:06:42+02:00,1,-17.78071471,177.4301838,-17.78071471,177.4301838,394.0,40790.0,41.0,12.556176,12.556176,119.0290425,106.47286650000001,0.10548833911690082,87.98,87.98,78.15,78.15,100.0,100.0,1,0,0,ca_underperformance,ml_quantile_p75_resource_underperformance,statistical_and_ml_consensus,0.0,0.0011119509199038367,100.0,62.95,100.0,79.62,High,Very High,1,1,0,1,1,1,1,0,0,0,1,6,True,High
LTE-TP-EP-000437,542020041221088+20250827124539+Fiji-Nadi-LTE-DL-D!20250827120159,Fiji-Nadi-LTE-DL-D,2025-08-27 02:00:44+02:00,2025-08-27 02:00:44+02:00,1,-17.77345692,177.38093898,-17.77345692,177.38093898,155.0,500.0,1.0,17.004375,17.004375,160.90634151419255,143.90196651419254,0.10567871247324426,87.93,87.93,78.06,78.06,100.0,100.0,1,0,0,rb_conditioned_underperformance,ml_quantile_p75_resource_underperformance,statistical_and_ml_consensus,0.0,2.6280730918859825,100.0,62.88,100.0,79.58,High,Very High,1,1,0,0,1,1,1,1,0,0,1,5,True,High
LTE-TP-EP-000347,542020041221088+20250827123136+Fiji-Nadi-LTE-DL-D!20250827114007,Fiji-Nadi-LTE-DL-D,2025-08-27 01:38:16+02:00,2025-08-27 01:38:17+02:00,2,-17.78281581,177.42136009,-17.78286546,177.42125108,133.0,41186.0,41.0,4.38052,16.120012499999998,105.7221075,101.3415875,0.0414342856341565,95.66,77.77,92.11,75.33500000000001,100.0,80.75,1,1,0,ca_underperformance,ml_severe_quantile_p75_resource_underperformance,statistical_and_ml_consensus,1.0,26.012823732731007,50.0,72.93,87.69,79.57,High,Very High,2,2,1,1,1,1,1,2,0,0,2,9,True,High
LTE-TP-EP-000176,542020041221088+20250827105427+Fiji-Nadi-LTE-DL-D!20250827104733,Fiji-Nadi-LTE-DL-D,2025-08-27 00:47:17+02:00,2025-08-27 00:47:19+02:00,3,-17.77303182,177.4561704,-17.7727849,177.4562233,128.0,40988.0,41.0,0.032608,14.597,91.43616951370453,69.34400051370453,0.0005712974837943139,83.04,78.92666666666668,90.76,74.42,100.0,84.43333333333334,1,2,0,radio_limited_degradation,normal,statistical_only_retained,2.0,28.11961840893106,33.33333333333333,74.14,86.11,79.53,High,Very High,1,1,0,0,1,0,1,0,0,0,3,4,True,High
LTE-TP-EP-001369,542020041221088+20250828122702+Fiji-Nadi-LTE-DL-D!20250828122042,Fiji-Nadi-LTE-DL-D,2025-08-28 02:18:40+02:00,2025-08-28 02:18:40+02:00,1,-17.6029344,177.4487953,-17.6029344,177.4487953,185.0,40790.0,41.0,12.765928,12.765928,119.0290425,106.2631145,0.10725053089459238,87.78,87.78,77.79,77.79,100.0,100.0,1,0,0,ca_underperformance,ml_quantile_p75_resource_underperformance,statistical_and_ml_consensus,0.0,,100.0,62.68,100.0,79.47,High,Very High,1,1,0,1,1,1,1,0,0,0,1,6,True,High
LTE-TP-EP-001594,542020041221088+20250828132455+Fiji-Nadi-LTE-DL-D!20250828131658,Fiji-Nadi-LTE-DL-D,2025-08-28 03:15:12+02:00,2025-08-28 03:15:12+02:00,1,-17.6263931,177.4652617,-17.6263931,177.4652617,254.0,41384.0,41.0,12.9854555,12.9854555,121.14346,108.1580045,0.1071907265980351,87.64,87.64,77.52,77.52,100.0,100.0,1,0,0,ca_underperformance,ml_quantile_p75_resource_underperformance,statistical_and_ml_consensus,0.0,5.892109504916266,100.0,62.48,100.0,79.36,High,Very High,1,1,0,1,1,0,1,0,0,0,1,5,True,High
LTE-TP-EP-000596,542020041221088+20250827134247+Fiji-Nadi-LTE-DL-D!20250827130749,Fiji-Nadi-LTE-DL-D,2025-08-27 03:07:07+02:00,2025-08-27 03:07:08+02:00,2,-17.7807147,177.4301838,-17.7807147,177.4301838,394.0,40790.0,41.0,0.016104,11.8458045,121.63410802941317,97.95860302941317,0.0003172865927992848,80.94,80.475,88.26,75.955,100.0,86.0,1,1,0,rb_conditioned_underperformance,ml_quantile_p75_resource_underperformance,statistical_and_ml_consensus,1.0,0.0011119509199038367,50.0,70.94,89.0,79.07,High,Very High,1,1,0,0,1,1,1,0,0,0,2,5,True,High
LTE-TP-EP-001102,542020041221088+20250828104547+Fiji-Nadi-LTE-DL-D!20250828104505,Fiji-Nadi-LTE-DL-D,2025-08-28 00:44:59+02:00,2025-08-28 00:45:01+02:00,3,-17.63571369,177.43134255,-17.6360463,177.4315022,354.0,1850.0,3.0,1.779528,7.396448,135.5693,133.789772,0.013126334649511358,96.18,85.22333333333334,97.01,88.93666666666667,95.16,80.68333333333334,0,3,0,ca_underperformance,normal,statistical_only_retained,2.0,54.14123044118476,0.0,80.48,77.27,79.03,Critical,High,3,3,2,3,1,0,0,3,0,0,3,12,True,High
LTE-TP-EP-001030,542020041221088+20250828102346+Fiji-Nadi-LTE-DL-D!20250828102312,Fiji-Nadi-LTE-DL-D,2025-08-28 00:22:00+02:00,2025-08-28 00:22:02+02:00,3,-17.7371848,177.4599081,-17.7371848,177.4599081,338.0,1850.0,3.0,0.04236,0.066208,103.049195,94.839475,0.0009632570641125346,91.8,84.01666666666667,85.49,85.33666666666666,100.0,82.39999999999999,1,2,0,radio_limited_degradation,normal,statistical_only_retained,2.0,0.0,33.33333333333333,73.43,85.6,78.9,High,Very High,1,1,1,0,1,1,1,0,0,0,3,6,True,High
LTE-TP-EP-001604,542020041221088+20250828132555+Fiji-Nadi-LTE-DL-D!20250828131914,Fiji-Nadi-LTE-DL-D,2025-08-28 03:17:21+02:00,2025-08-28 03:17:21+02:00,1,-17.6248077,177.4658012,-17.6248077,177.4658012,254.0,41384.0,41.0,8.000208,8.000208,63.65938653897592,55.65917853897592,0.12567208757347692,87.02,87.02,76.4,76.4,100.0,100.0,1,0,0,ca_underperformance,ml_quantile_p75_resource_underperformance,statistical_and_ml_consensus,0.0,0.005394184216630952,100.0,61.64,100.0,78.9,High,Very High,1,1,1,1,1,1,1,0,0,0,1,7,True,High
LTE-TP-EP-000300,542020041221088+20250827122034+Fiji-Nadi-LTE-DL-D!20250827113125,Fiji-Nadi-LTE-DL-D,2025-08-27 01:29:22+02:00,2025-08-27 01:29:22+02:00,1,-17.7791513,177.4255024,-17.7791513,177.4255024,403.0,356.0,1.0,12.94196,12.94196,98.69071315790822,85.74875315790823,0.13113655364200744,86.89,86.89,76.17,76.17,100.0,100.0,1,0,0,rb_conditioned_underperformance,ml_quantile_p75_resource_underperformance,statistical_and_ml_consensus,0.0,15.303420111889418,100.0,61.46,100.0,78.8,High,Very High,1,1,0,0,1,1,1,0,0,0,1,5,True,High
LTE-TP-EP-001036,542020041221088+20250828102746+Fiji-Nadi-LTE-DL-D!20250828102524,Fiji-Nadi-LTE-DL-D,2025-08-28 00:23:27+02:00,2025-08-28 00:23:28+02:00,2,-17.7371849,177.459908,-17.7371849,177.459908,338.0,1850.0,3.0,0.014536,5.977752,101.60060999999999,89.65964199999999,0.0003576592559895192,88.02,83.72999999999999,84.22,81.22,100.0,86.8,1,1,0,ca_underperformance,ml_quantile_p75_resource_underperformance,statistical_and_ml_consensus,1.0,0.0,50.0,69.77,89.2,78.51,High,Very High,1,1,0,1,1,1,1,0,0,0,2,6,True,High
LTE-TP-EP-000868,542020041221088+20250827151812+Fiji-Nadi-LTE-DL-D!20250827151738,Fiji-Nadi-LTE-DL-D,2025-08-27 05:16:08+02:00,2025-08-27 05:16:10+02:00,3,-17.7468212,177.4450976,-17.7468282,177.4449258,122.0,1850.0,3.0,0.081088,19.344336,135.5693,116.224964,0.0014008791689168307,83.15,74.17333333333333,90.97,73.08999999999999,100.0,75.50666666666666,1,2,0,radio_limited_degradation,normal,statistical_only_retained,2.0,26.70805174114531,33.33333333333333,73.99,83.88,78.44,High,Very High,1,1,0,0,1,1,1,0,0,0,3,5,True,High
LTE-TP-EP-000333,542020041221088+20250827122555+Fiji-Nadi-LTE-DL-D!20250827113546,Fiji-Nadi-LTE-DL-D,2025-08-27 01:35:29+02:00,2025-08-27 01:35:30+02:00,2,-17.77219751,177.42439854,-17.7722805,177.42432039,394.0,40790.0,41.0,2.915104,8.164188,83.886915,70.47364300000001,0.046864079421282866,90.8,82.8,83.27,76.205,100.0,90.86,1,1,0,ca_underperformance,ml_hgb_resource_conditioned_underperformance,statistical_and_ml_consensus,1.0,12.42805702654248,50.0,68.25,90.21,78.13,High,Very High,2,2,1,2,1,2,1,0,0,0,2,11,True,High
LTE-TP-EP-000032,542020041221088+20250827095105+Fiji-Nadi-LTE-DL-D!20250827094821,Fiji-Nadi-LTE-DL-D,2025-08-26 23:46:19+02:00,2025-08-26 23:46:19+02:00,1,-17.8116013,177.3998509,-17.8116013,177.3998509,151.0,41186.0,41.0,14.979072,14.979072,129.4520453257592,114.4729733257592,0.11571135830496893,85.99,85.99,74.53,74.53,100.0,100.0,1,0,0,ca_underperformance,ml_quantile_p75_resource_underperformance,statistical_and_ml_consensus,0.0,,100.0,60.23,100.0,78.13,High,Very High,1,1,0,1,1,1,1,0,0,0,1,6,True,High
LTE-TP-EP-001482,542020041221088+20250828125203+Fiji-Nadi-LTE-DL-D!20250828125121,Fiji-Nadi-LTE-DL-D,2025-08-28 02:49:39+02:00,2025-08-28 02:49:40+02:00,2,-17.63040005,177.45343209,-17.6304067,177.45354,167.0,40988.0,41.0,5.22404,7.660568,111.79482125,101.69772524999999,0.09031810138521958,90.16,82.92,82.11,74.32,100.0,93.435,1,1,0,rb_conditioned_underperformance,ml_quantile_p75_resource_underperformance,statistical_and_ml_consensus,1.0,11.49619165749356,50.0,67.23,90.86,77.86,High,Very High,1,1,0,0,1,0,1,2,0,2,2,4,True,High
LTE-TP-EP-001198,542020041221088+20250828114011+Fiji-Nadi-LTE-DL-D!20250828110908,Fiji-Nadi-LTE-DL-D,2025-08-28 01:07:06+02:00,2025-08-28 01:07:06+02:00,1,-17.6259577,177.47975582,-17.6259577,177.47975582,351.0,40988.0,41.0,1.032872,1.032872,65.36004299999999,64.32717099999999,0.01580280478089649,94.47,94.47,89.95,89.95,100.0,100.0,0,1,0,ca_underperformance,ml_severe_quantile_p75_resource_underperformance,statistical_only_retained,0.0,,0.0,71.8,85.0,77.74,High,Very High,1,1,1,1,1,0,0,0,0,0,1,5,True,High
LTE-TP-EP-001527,542020041221088+20250828125844+Fiji-Nadi-LTE-DL-D!20250828125759,Fiji-Nadi-LTE-DL-D,2025-08-28 02:56:59+02:00,2025-08-28 02:57:00+02:00,2,-17.63030452,177.45583825,-17.63024234,177.45578471,167.0,40988.0,41.0,3.135344,4.03918,100.12010000000001,96.984756,0.03131582968854406,94.57,86.85,94.25,83.975,94.96,90.365,0,2,0,ca_underperformance,ml_severe_quantile_p75_resource_underperformance,statistical_only_retained,1.0,9.308730654389198,0.0,75.84,79.57,77.52,High,High,1,1,1,1,1,0,0,2,0,0,2,5,True,High
LTE-TP-EP-000853,542020041221088+20250827151552+Fiji-Nadi-LTE-DL-D!20250827151524,Fiji-Nadi-LTE-DL-D,2025-08-27 05:13:45+02:00,2025-08-27 05:13:45+02:00,1,-17.7481703,177.4553386,-17.7481703,177.4553386,50.0,356.0,1.0,4.619432,4.619432,40.51269952306269,35.89326752306269,0.11402429495892498,84.83,84.83,72.42,72.42,100.0,100.0,1,0,0,ca_underperformance,ml_severe_quantile_p75_resource_underperformance,statistical_and_ml_consensus,0.0,0.801841047455634,100.0,58.65,100.0,77.26,High,Very High,1,1,1,1,1,1,1,1,0,0,1,7,True,High
LTE-TP-EP-001643,542020041221088+20250828133816+Fiji-Nadi-LTE-DL-D!20250828132818,Fiji-Nadi-LTE-DL-D,2025-08-28 03:26:44+02:00,2025-08-28 03:26:49+02:00,6,-17.6154206,177.4665552,-17.61540262,177.4662793,375.0,500.0,1.0,0.609568,2.000628,43.970293999999996,41.5760381,0.05445166912006548,79.86,76.8,97.87,90.75333333333333,85.64,59.74666666666667,0,6,0,radio_limited_degradation,normal,statistical_only_retained,5.0,39.85728070350777,0.0,85.82,66.32,77.04,Critical,High,1,1,1,1,0,0,0,0,0,0,6,4,True,High
LTE-TP-EP-000866,542020041221088+20250827151812+Fiji-Nadi-LTE-DL-D!20250827151738,Fiji-Nadi-LTE-DL-D,2025-08-27 05:15:56+02:00,2025-08-27 05:15:57+02:00,2,-17.74678329,177.44586256,-17.7467863,177.4458034,122.0,1850.0,3.0,0.425896,2.559088,82.24740622643102,77.55512622643103,0.0063038814432242445,92.0,88.445,94.13,92.9,92.41,83.005,0,2,0,radio_limited_degradation,normal,statistical_only_retained,1.0,6.4270215411969644,0.0,77.56,76.2,76.95,High,High,0,0,0,0,0,0,0,0,0,0,2,0,True,High
LTE-TP-EP-001553,542020041221088+20250828130244+Fiji-Nadi-LTE-DL-D!20250828130228,Fiji-Nadi-LTE-DL-D,2025-08-28 03:02:23+02:00,2025-08-28 03:02:23+02:00,1,-17.63074257,177.45460326,-17.63074257,177.45460326,165.0,500.0,1.0,15.816024,15.816024,105.955109,90.139085,0.14927098984910678,84.34,84.34,71.52,71.52,100.0,100.0,1,0,0,rb_conditioned_underperformance,ml_quantile_p75_resource_underperformance,statistical_and_ml_consensus,0.0,0.1398339487001977,100.0,57.98,100.0,76.89,High,Very High,1,1,0,0,1,1,1,1,0,0,1,5,True,High
LTE-TP-EP-000719,542020041221088+20250827140149+Fiji-Nadi-LTE-DL-D!20250827134245,Fiji-Nadi-LTE-DL-D,2025-08-27 03:42:40+02:00,2025-08-27 03:42:41+02:00,2,-17.7705915,177.4031588,-17.7706246,177.4032263,135.0,40790.0,41.0,3.481616,11.6838605,78.88327765032867,58.997172650328665,0.06755437758235347,82.62,80.295,80.59,70.27000000000001,100.0,92.545,1,1,0,rb_conditioned_underperformance,ml_quantile_p75_resource_underperformance,statistical_and_ml_consensus,1.0,15.592059797609053,50.0,65.58,90.64,76.86,High,Very High,0,1,0,0,1,1,1,0,0,0,2,4,True,High
LTE-TP-EP-000093,542020041221088+20250827102526+Fiji-Nadi-LTE-DL-D!20250827102354,Fiji-Nadi-LTE-DL-D,2025-08-27 00:21:53+02:00,2025-08-27 00:21:53+02:00,1,-17.80686405,177.41527523,-17.80686405,177.41527523,149.0,41186.0,41.0,23.695856,23.695856,128.52300206730845,104.82714606730846,0.1843705454965198,84.27,84.27,71.4,71.4,100.0,100.0,1,0,0,rb_conditioned_underperformance,ml_quantile_p75_resource_underperformance,statistical_and_ml_consensus,0.0,7.904156297959876,100.0,57.89,100.0,76.84,High,Very High,1,1,0,0,1,1,1,0,0,0,1,5,True,High
LTE-TP-EP-000309,542020041221088+20250827122034+Fiji-Nadi-LTE-DL-D!20250827113125,Fiji-Nadi-LTE-DL-D,2025-08-27 01:30:49+02:00,2025-08-27 01:30:49+02:00,1,-17.77088008,177.42557419,-17.77088008,177.42557419,394.0,41384.0,41.0,6.348176,6.348176,121.14346,114.79528400000001,0.05240213545163725,93.35,93.35,89.01,89.01,98.66,98.66,0,1,0,ca_underperformance,ml_quantile_p75_resource_underperformance,statistical_only_retained,0.0,0.10764693217057957,0.0,71.09,83.86,76.84,High,Very High,1,1,1,1,1,1,0,0,0,0,0,6,True,High
LTE-TP-EP-000751,542020041221088+20250827140850+Fiji-Nadi-LTE-DL-D!20250827140234,Fiji-Nadi-LTE-DL-D,2025-08-27 04:01:01+02:00,2025-08-27 04:01:03+02:00,3,-17.7665226,177.44771125,-17.7665226,177.44771125,124.0,41186.0,41.0,0.848792,1.927008,68.21710764776749,63.491779647767494,0.014236737288855047,88.88,88.17999999999999,90.0,87.40666666666668,91.66,89.12,0,3,0,radio_limited_degradation,normal,statistical_only_retained,2.0,0.005294597248788544,0.0,76.32,77.28,76.75,High,High,0,0,0,0,0,0,0,0,0,0,3,0,True,High
LTE-TP-EP-000038,542020041221088+20250827095105+Fiji-Nadi-LTE-DL-D!20250827094821,Fiji-Nadi-LTE-DL-D,2025-08-26 23:47:09+02:00,2025-08-26 23:47:10+02:00,2,-17.8116013,177.3998509,-17.8116013,177.3998509,151.0,41186.0,41.0,10.607456,18.6327125,105.7221075,79.06413850000001,0.12007217786593151,90.58,77.09,82.88,71.35,100.0,84.10499999999999,1,1,0,ca_underperformance,ml_quantile_p75_resource_underperformance,statistical_and_ml_consensus,1.0,0.0,50.0,67.06,88.53,76.72,High,Very High,2,2,0,1,1,1,1,0,0,0,2,8,True,High
LTE-TP-EP-001286,542020041221088+20250828121041+Fiji-Nadi-LTE-DL-D!20250828114409,Fiji-Nadi-LTE-DL-D,2025-08-28 01:42:18+02:00,2025-08-28 01:42:20+02:00,3,-17.6039857,177.45159,-17.6039866,177.4515492,139.0,41384.0,41.0,3.098448,35.658432,121.14346,118.045012,0.02557668404055819,96.34,72.65333333333334,94.63,67.24,98.44,79.27333333333333,0,3,0,ca_underperformance,ml_hgb_strict_causal_temporal_underperformance,statistical_only_retained,2.0,8.112732085239022,0.0,74.83,78.88,76.66,High,High,2,2,1,1,1,0,1,3,0,0,3,8,True,High
LTE-TP-EP-000839,542020041221088+20250827151332+Fiji-Nadi-LTE-DL-D!20250827151309,Fiji-Nadi-LTE-DL-D,2025-08-27 05:11:15+02:00,2025-08-27 05:11:17+02:00,3,-17.7531856,177.4511768,-17.75318694,177.45123171,114.0,9310.0,28.0,0.00612,5.286184,118.98566693623475,85.08529193623475,9.131077285840988e-05,84.54,80.26666666666667,94.8,82.10666666666667,92.49,78.01666666666667,0,3,0,rb_conditioned_underperformance,normal,statistical_only_retained,2.0,9.822829963624331,0.0,77.9,75.0,76.59,High,High,1,1,0,0,0,0,1,0,0,0,3,3,True,High
LTE-TP-EP-000867,542020041221088+20250827151812+Fiji-Nadi-LTE-DL-D!20250827151738,Fiji-Nadi-LTE-DL-D,2025-08-27 05:16:02+02:00,2025-08-27 05:16:03+02:00,2,-17.74679135,177.44561201,-17.7467973,177.4454745,122.0,1850.0,3.0,0.13844,0.17624800000000002,72.8516878135595,72.6376318135595,0.0020553561430667285,92.78,88.98,96.7,95.67500000000001,87.99,80.79499999999999,0,2,0,radio_limited_degradation,normal,statistical_only_retained,1.0,20.734082618881168,0.0,79.53,72.99,76.59,High,High,0,0,0,0,0,0,0,0,0,0,2,0,True,High
LTE-TP-EP-000627,542020041221088+20250827134808+Fiji-Nadi-LTE-DL-D!20250827131638,Fiji-Nadi-LTE-DL-D,2025-08-27 03:15:38+02:00,2025-08-27 03:15:40+02:00,3,-17.7682506,177.4351813,-17.76829874,177.43523972,395.0,40790.0,41.0,0.796032,2.456904,119.0290425,116.57213850000001,0.020641214517036884,94.86,77.33666666666666,95.72,79.23333333333333,93.81,75.02,0,3,0,ca_underperformance,normal,statistical_only_retained,2.0,23.156199923996148,0.0,77.83,75.04,76.58,High,High,2,2,1,1,1,0,0,0,0,0,3,7,True,High
LTE-TP-EP-000301,542020041221088+20250827122034+Fiji-Nadi-LTE-DL-D!20250827113125,Fiji-Nadi-LTE-DL-D,2025-08-27 01:29:25+02:00,2025-08-27 01:29:27+02:00,3,-17.77907162,177.42536256,-17.77895195,177.42521769,403.0,356.0,1.0,0.002616,0.43392,57.97791856345071,54.249446563450704,7.705321060649277e-05,88.29,78.85666666666667,81.57,80.02666666666666,100.0,77.42333333333333,1,2,0,rolling_local_drop,normal,statistical_only_retained,2.0,20.679606390527987,33.33333333333333,70.21,84.36,76.57,High,Very High,1,1,1,1,1,1,1,0,0,0,3,7,True,High
LTE-TP-EP-000841,542020041221088+20250827151332+Fiji-Nadi-LTE-DL-D!20250827151309,Fiji-Nadi-LTE-DL-D,2025-08-27 05:11:39+02:00,2025-08-27 05:11:39+02:00,1,-17.75344153,177.45198159,-17.75344153,177.45198159,115.0,9310.0,28.0,22.873535,22.873535,114.62554588004252,91.75201088004252,0.19955006385694793,83.88,83.88,70.69,70.69,100.0,100.0,1,0,0,rb_conditioned_underperformance,ml_quantile_p75_resource_underperformance,statistical_and_ml_consensus,0.0,4.8413270328918845,100.0,57.35,100.0,76.54,High,Very High,1,1,0,0,1,1,1,0,0,0,1,5,True,High
LTE-TP-EP-000710,542020041221088+20250827135949+Fiji-Nadi-LTE-DL-D!20250827134144,Fiji-Nadi-LTE-DL-D,2025-08-27 03:41:27+02:00,2025-08-27 03:41:29+02:00,3,-17.7724606,177.4067359,-17.7723861,177.4065804,135.0,40790.0,41.0,0.006856,1.115152,90.48969601688282,72.6123061950989,9.52183310611503e-05,92.75,80.49,96.79,84.73666666666666,89.74,75.30666666666667,0,3,0,rolling_local_drop,normal,statistical_only_retained,2.0,27.829913333540425,0.0,79.52,72.67,76.44,High,High,0,0,0,0,0,0,0,0,0,0,3,0,True,High
LTE-TP-EP-000574,542020041221088+20250827133907+Fiji-Nadi-LTE-DL-D!20250827130324,Fiji-Nadi-LTE-DL-D,2025-08-27 03:02:40+02:00,2025-08-27 03:02:45+02:00,6,-17.78510628,177.4281874,-17.78454077,177.42834025,127.0,41186.0,41.0,0.010032,0.033752,,,,80.22,75.735,90.96,87.52,91.77,61.336666666666666,0,6,0,radio_limited_degradation,normal,statistical_only_retained,5.0,65.71131373641731,0.0,81.37,70.4,76.43,Critical,High,1,1,1,0,1,0,0,6,6,0,6,4,True,High
LTE-TP-EP-000481,542020041221088+20250827131704+Fiji-Nadi-LTE-DL-D!20250827121308,Fiji-Nadi-LTE-DL-D,2025-08-27 02:11:11+02:00,2025-08-27 02:11:26+02:00,16,-17.796831,177.4070945,-17.7968346,177.4070939,146.0,41186.0,41.0,0.059912,0.263812,,,,84.19,71.599375,99.79,96.39687500000001,73.99,41.286249999999995,0,16,0,radio_limited_degradation,normal,statistical_only_retained,15.0,1.130456267779771,0.0,94.16,54.72,76.41,Critical,Medium,0,1,2,0,0,0,0,13,0,0,16,3,True,High
LTE-TP-EP-000579,542020041221088+20250827134107+Fiji-Nadi-LTE-DL-D!20250827130537,Fiji-Nadi-LTE-DL-D,2025-08-27 03:04:30+02:00,2025-08-27 03:04:31+02:00,2,-17.78084762,177.43257236,-17.78085269,177.43263587,394.0,40988.0,41.0,0.000648,9.614392,119.40694024092763,100.17880424092763,2.1062268353646016e-05,81.61,79.08500000000001,80.3,73.435,100.0,86.0,1,1,0,rb_conditioned_underperformance,ml_quantile_p75_resource_underperformance,statistical_and_ml_consensus,1.0,13.105383258588411,50.0,66.06,89.0,76.38,High,Very High,1,1,0,0,1,1,1,2,0,0,2,5,True,High
LTE-TP-EP-000771,542020041221088+20250827141150+Fiji-Nadi-LTE-DL-D!20250827140658,Fiji-Nadi-LTE-DL-D,2025-08-27 04:05:07+02:00,2025-08-27 04:05:08+02:00,2,-17.76516828,177.44398322,-17.7651746,177.4438619,125.0,41186.0,41.0,0.045768,18.540727,117.05716397965944,80.02147797965944,0.0013348123522024728,77.99,77.04499999999999,81.59,69.065,100.0,86.8,1,1,0,radio_limited_degradation,ml_quantile_p75_resource_underperformance,statistical_and_ml_consensus,1.0,13.211471343713816,50.0,65.89,89.2,76.38,High,Very High,0,0,0,0,1,1,1,0,0,0,2,3,True,High
LTE-TP-EP-001607,542020041221088+20250828132555+Fiji-Nadi-LTE-DL-D!20250828131914,Fiji-Nadi-LTE-DL-D,2025-08-28 03:17:59+02:00,2025-08-28 03:18:00+02:00,2,-17.62308663,177.46674857,-17.6229909,177.46680211,253.0,41384.0,41.0,9.620696,10.427284,105.95971,94.725838,0.10602022221465121,88.87,79.51,79.77,72.06,100.0,88.62,1,1,0,ca_underperformance,ml_quantile_p75_resource_underperformance,statistical_and_ml_consensus,1.0,24.255345638819463,50.0,65.49,89.66,76.36,High,Very High,1,1,0,1,1,1,1,0,0,0,2,6,True,High
LTE-TP-EP-001129,542020041221088+20250828105207+Fiji-Nadi-LTE-DL-D!20250828105141,Fiji-Nadi-LTE-DL-D,2025-08-28 00:49:39+02:00,2025-08-28 00:49:39+02:00,1,-17.64880085,177.44465963,-17.64880085,177.44465963,163.0,40790.0,41.0,17.857063,17.857063,138.2563025,120.39923950000001,0.12915912459036,83.58,83.58,70.14,70.14,100.0,100.0,1,0,0,rb_conditioned_underperformance,ml_quantile_p75_resource_underperformance,statistical_and_ml_consensus,0.0,0.024549582786835857,100.0,56.94,100.0,76.32,High,Very High,1,1,0,0,1,1,1,0,0,0,1,5,True,High
LTE-TP-EP-001398,542020041221088+20250828123602+Fiji-Nadi-LTE-DL-D!20250828123538,Fiji-Nadi-LTE-DL-D,2025-08-28 02:33:41+02:00,2025-08-28 02:33:41+02:00,1,-17.6293523,177.440508,-17.6293523,177.440508,310.0,356.0,1.0,17.383816,17.383816,123.63355,106.249734,0.14060759397428935,83.54,83.54,70.07,70.07,100.0,100.0,1,0,0,rb_conditioned_underperformance,ml_quantile_p75_resource_underperformance,statistical_and_ml_consensus,0.0,1.1500603241879197,100.0,56.89,100.0,76.29,High,Very High,1,1,0,0,1,1,1,0,0,0,1,5,True,High
LTE-TP-EP-000844,542020041221088+20250827151332+Fiji-Nadi-LTE-DL-D!20250827151309,Fiji-Nadi-LTE-DL-D,2025-08-27 05:12:02+02:00,2025-08-27 05:12:03+02:00,2,-17.75362788,177.45288028,-17.7536245,177.4530027,115.0,9310.0,28.0,0.019752,20.697967499999997,171.62932,130.253137,0.0006247865913420818,78.52,77.97999999999999,80.59,70.765,100.0,86.8,1,1,0,radio_limited_degradation,ml_quantile_p75_resource_underperformance,statistical_and_ml_consensus,1.0,13.11768364579779,50.0,65.68,89.2,76.27,High,Very High,1,1,0,0,1,1,1,0,0,0,2,5,True,High
LTE-TP-EP-000913,542020041221088+20250827153152+Fiji-Nadi-LTE-DL-D!20250827153105,Fiji-Nadi-LTE-DL-D,2025-08-27 05:29:02+02:00,2025-08-27 05:29:02+02:00,1,-17.74493263,177.43975535,-17.74493263,177.43975535,120.0,40790.0,41.0,22.18984,22.18984,103.21548465329701,81.02564465329701,0.21498557192785694,83.48,83.48,69.97,69.97,100.0,100.0,1,0,0,rb_conditioned_underperformance,ml_quantile_p75_resource_underperformance,statistical_and_ml_consensus,0.0,,100.0,56.81,100.0,76.25,High,Very High,1,1,0,0,1,0,1,0,0,0,1,4,True,High
LTE-TP-EP-001045,542020041221088+20250828103047+Fiji-Nadi-LTE-DL-D!20250828102736,Fiji-Nadi-LTE-DL-D,2025-08-28 00:25:39+02:00,2025-08-28 00:25:40+02:00,2,-17.73227077,177.4574637,-17.7321309,177.4572045,487.0,41384.0,41.0,0.080152,6.1761,105.95971,93.687662,0.004362739019527675,87.84,80.59,77.9,75.515,100.0,86.8,1,1,0,ca_underperformance,ml_quantile_p75_resource_underperformance,statistical_and_ml_consensus,1.0,47.25509831254432,50.0,65.15,89.2,75.97,High,Very High,1,1,0,1,1,1,1,0,0,0,2,6,True,High
LTE-TP-EP-000616,542020041221088+20250827134607+Fiji-Nadi-LTE-DL-D!20250827131425,Fiji-Nadi-LTE-DL-D,2025-08-27 03:12:34+02:00,2025-08-27 03:12:36+02:00,3,-17.7754463,177.4326012,-17.77541211,177.43255691,129.0,41186.0,41.0,0.013592,5.107624,70.787155,62.370515,0.0004114522096322307,85.55,76.29666666666667,81.18,74.86333333333334,100.0,78.04666666666667,1,2,0,rolling_local_drop,normal,statistical_only_retained,2.0,14.158844721108792,33.33333333333333,68.96,84.51,75.96,High,Very High,1,1,1,1,1,0,1,0,0,0,3,6,True,High
LTE-TP-EP-001556,542020041221088+20250828130504+Fiji-Nadi-LTE-DL-D!20250828130441,Fiji-Nadi-LTE-DL-D,2025-08-28 03:02:49+02:00,2025-08-28 03:02:49+02:00,1,-17.63064507,177.45734024,-17.63064507,177.45734024,167.0,40988.0,41.0,3.08536,3.08536,111.79482125,108.70946125,0.027598416147563726,92.64,92.64,94.53,94.53,90.34,90.34,0,1,0,ca_underperformance,normal,statistical_only_retained,0.0,0.041359969831223746,0.0,75.23,76.79,75.93,High,High,1,1,1,1,0,0,0,1,0,0,1,4,True,High
LTE-TP-EP-000687,542020041221088+20250827135549+Fiji-Nadi-LTE-DL-D!20250827133724,Fiji-Nadi-LTE-DL-D,2025-08-27 03:36:27+02:00,2025-08-27 03:36:29+02:00,3,-17.7851352,177.4228935,-17.78507887,177.4228236,133.0,41186.0,41.0,3.184312,9.417512,100.61148,89.286416,0.11256234378025251,88.6,76.95333333333333,79.28,69.32333333333334,100.0,86.27666666666666,1,2,0,ca_underperformance,ml_hgb_resource_conditioned_underperformance,statistical_only_retained,2.0,29.580731428548795,33.33333333333333,66.81,86.57,75.7,High,Very High,2,2,1,2,1,2,1,3,0,0,3,11,True,High
LTE-TP-EP-000590,542020041221088+20250827134247+Fiji-Nadi-LTE-DL-D!20250827130749,Fiji-Nadi-LTE-DL-D,2025-08-27 03:06:08+02:00,2025-08-27 03:06:10+02:00,3,-17.7807834,177.4310874,-17.78077724,177.43100443,394.0,40790.0,41.0,0.018344,0.09856,99.13186109141114,67.70062067301124,0.00028556990980283003,92.23,78.77,94.91,80.38333333333333,88.95,76.79666666666667,0,3,0,rolling_local_drop,normal,statistical_only_retained,2.0,13.411299389629527,0.0,77.62,72.57,75.34,High,High,0,0,0,0,0,0,0,0,0,0,3,0,True,High
LTE-TP-EP-000030,542020041221088+20250827094925+Fiji-Nadi-LTE-DL-D!20250827094611,Fiji-Nadi-LTE-DL-D,2025-08-26 23:45:51+02:00,2025-08-26 23:45:52+02:00,2,-17.81160131,177.39985085,-17.81160131,177.39985085,151.0,41186.0,41.0,10.947976,12.369648000000002,100.61148,86.82016,0.1370750137061894,86.12,80.95,74.76,72.21000000000001,100.0,91.625,1,1,0,ca_underperformance,ml_quantile_p75_resource_underperformance,statistical_and_ml_consensus,1.0,0.0,50.0,62.77,90.41,75.2,High,Very High,1,1,0,1,1,0,1,0,0,0,2,5,True,High
LTE-TP-EP-000434,542020041221088+20250827123938+Fiji-Nadi-LTE-DL-D!20250827115735,Fiji-Nadi-LTE-DL-D,2025-08-27 01:57:32+02:00,2025-08-27 01:57:32+02:00,1,-17.7713502,177.3718861,-17.7713502,177.3718861,157.0,500.0,1.0,22.92524,22.92524,176.8458,153.92056,0.1296340653835149,82.09,82.09,67.44,67.44,100.0,100.0,1,0,0,rb_conditioned_underperformance,ml_quantile_p75_resource_underperformance,statistical_and_ml_consensus,0.0,9.772772446762453,100.0,54.92,100.0,75.2,Medium,Very High,1,1,0,0,1,1,1,1,0,0,1,5,True,High
LTE-TP-EP-000074,542020041221088+20250827100525+Fiji-Nadi-LTE-DL-D!20250827100437,Fiji-Nadi-LTE-DL-D,2025-08-27 00:03:31+02:00,2025-08-27 00:03:32+02:00,2,-17.807038,177.4225792,-17.807038,177.4225792,148.0,41186.0,41.0,0.025936,7.894832,50.44166570426046,34.67793770426046,0.0009352684668733543,76.58,74.96000000000001,79.01,65.265,100.0,86.8,1,1,0,radio_limited_degradation,ml_quantile_p75_resource_underperformance,statistical_and_ml_consensus,1.0,0.005659653134820876,50.0,63.71,89.2,75.18,High,Very High,1,1,0,0,1,0,1,0,0,0,2,4,True,High
LTE-TP-EP-000364,542020041221088+20250827123337+Fiji-Nadi-LTE-DL-D!20250827114216,Fiji-Nadi-LTE-DL-D,2025-08-27 01:41:23+02:00,2025-08-27 01:41:50+02:00,28,-17.7967214,177.407518,-17.79689112,177.40681651,146.0,41186.0,41.0,0.000416,0.422208,,,,77.64,72.0825,100.0,97.10892857142858,60.56,41.49535714285714,0,28,0,radio_limited_degradation,normal,statistical_only_retained,27.0,83.39336716190272,0.0,98.42,46.71,75.15,Critical,Medium,0,0,1,0,0,0,0,13,0,0,23,1,True,High
LTE-TP-EP-000747,542020041221088+20250827140810+Fiji-Nadi-LTE-DL-D!20250827140022,Fiji-Nadi-LTE-DL-D,2025-08-27 04:00:11+02:00,2025-08-27 04:00:12+02:00,2,-17.7665226,177.44771125,-17.7665226,177.4477113,124.0,41186.0,41.0,0.067832,0.320604,51.65648688920772,51.08311088920772,0.0019511333409979743,91.08,84.57499999999999,87.34,84.53,95.64,84.62,0,2,0,radio_limited_degradation,normal,statistical_only_retained,1.0,0.005294597248788544,0.0,72.15,78.54,75.02,High,High,0,0,0,0,0,0,0,0,0,0,2,0,True,High
LTE-TP-EP-000092,542020041221088+20250827102346+Fiji-Nadi-LTE-DL-D!20250827102142,Fiji-Nadi-LTE-DL-D,2025-08-27 00:21:17+02:00,2025-08-27 00:21:17+02:00,1,-17.80910029,177.41300548,-17.80910029,177.41300548,149.0,41186.0,41.0,11.037504,11.037504,70.787155,59.749651,0.15592523813112705,81.83,81.83,66.98,66.98,99.99,99.99,1,0,0,ca_underperformance,ml_quantile_p75_resource_underperformance,statistical_and_ml_consensus,0.0,0.16440363811223221,100.0,54.57,99.99,75.01,Medium,Very High,1,1,0,1,1,1,1,0,0,0,1,6,True,High
LTE-TP-EP-000848,542020041221088+20250827151332+Fiji-Nadi-LTE-DL-D!20250827151309,Fiji-Nadi-LTE-DL-D,2025-08-27 05:12:37+02:00,2025-08-27 05:12:38+02:00,2,-17.7531642,177.4542234,-17.75316368,177.45422407,115.0,9310.0,28.0,0.003688,20.382666999999998,139.7114255656911,98.94977956569109,0.0001521531903983807,76.89,76.005,77.68,67.83,100.0,86.0,1,1,0,rb_conditioned_underperformance,ml_quantile_p75_resource_underperformance,statistical_and_ml_consensus,1.0,0.5464140243413874,50.0,63.5,89.0,74.97,High,Very High,1,1,0,0,1,1,1,0,0,0,2,5,True,High
LTE-TP-EP-001591,542020041221088+20250828131954+Fiji-Nadi-LTE-DL-D!20250828131344,Fiji-Nadi-LTE-DL-D,2025-08-28 03:13:40+02:00,2025-08-28 03:13:40+02:00,1,-17.6279545,177.4710118,-17.6279545,177.4710118,254.0,41384.0,41.0,0.933784,0.933784,56.330395025788036,55.39661102578803,0.016576911977494814,91.07,91.07,88.45,88.45,94.28,94.28,0,1,0,sudden_drop,normal,statistical_only_retained,0.0,20.88208064996814,0.0,70.67,80.14,74.93,High,Very High,0,0,0,0,0,0,0,1,0,0,1,0,True,High
LTE-TP-EP-000131,542020041221088+20250827103246+Fiji-Nadi-LTE-DL-D!20250827103001,Fiji-Nadi-LTE-DL-D,2025-08-27 00:29:43+02:00,2025-08-27 00:29:54+02:00,12,-17.8146882,177.4363228,-17.81409142,177.43544407,148.0,41186.0,41.0,0.405176,3.747668,43.970293999999996,42.954381999999995,0.023104507784278177,85.55,68.25750000000001,98.58,82.26333333333334,73.99,51.14000000000001,0,12,0,radio_limited_degradation,normal,statistical_only_retained,11.0,128.040252273254,0.0,89.34,57.18,74.87,Critical,Medium,2,4,5,2,0,0,0,12,0,3,12,13,True,High
LTE-TP-EP-000304,542020041221088+20250827122034+Fiji-Nadi-LTE-DL-D!20250827113125,Fiji-Nadi-LTE-DL-D,2025-08-27 01:30:02+02:00,2025-08-27 01:30:04+02:00,3,-17.77539201,177.42335639,-17.7750829,177.4231608,341.0,356.0,1.0,0.006392,0.0104559995,76.201385,57.834697000000006,0.00019929165187129142,76.2,74.40666666666668,82.38,71.69666666666667,95.86,77.72333333333334,1,2,0,rb_conditioned_underperformance,normal,statistical_only_retained,2.0,40.32015516043502,33.33333333333333,68.99,81.95,74.82,High,Very High,0,1,0,0,1,1,1,3,0,0,3,4,True,High
LTE-TP-EP-000423,542020041221088+20250827123858+Fiji-Nadi-LTE-DL-D!20250827115524,Fiji-Nadi-LTE-DL-D,2025-08-27 01:54:34+02:00,2025-08-27 01:54:36+02:00,3,-17.777129,177.36826133,-17.77731042,177.3682741,156.0,40790.0,41.0,0.009152,3.67612,119.0290425,76.9034285,0.00014428482252785526,88.79,78.63666666666667,93.35,78.37666666666667,88.58,78.96,0,3,0,radio_limited_degradation,normal,statistical_only_retained,2.0,20.48846745469364,0.0,76.36,72.89,74.8,High,High,0,1,0,0,0,0,0,0,0,0,3,1,True,High
LTE-TP-EP-000034,542020041221088+20250827095105+Fiji-Nadi-LTE-DL-D!20250827094821,Fiji-Nadi-LTE-DL-D,2025-08-26 23:46:38+02:00,2025-08-26 23:46:39+02:00,2,-17.81160131,177.39985085,-17.81160131,177.39985085,151.0,41186.0,41.0,0.99912,3.445848,52.72070927546523,49.66801248417341,0.019719292389639164,89.83,85.955,85.95,80.785,94.58,92.28,0,2,0,radio_limited_degradation,normal,statistical_only_retained,1.0,0.005408790696535652,0.0,70.64,79.82,74.77,High,High,0,0,0,0,0,0,0,0,0,0,2,0,True,High
LTE-TP-EP-001938,542020041221088+20250828153519+Fiji-Nadi-LTE-DL-D!20250828151816,Fiji-Nadi-LTE-DL-D,2025-08-28 05:17:50+02:00,2025-08-28 05:17:50+02:00,1,-17.6737284,177.4085895,-17.6737284,177.4085895,455.0,1850.0,3.0,6.6604238,6.6604238,135.5693,128.9088762,0.04912929254632133,90.81,90.81,88.81,88.81,93.26,93.26,0,1,0,ca_underperformance,ml_quantile_p75_resource_underperformance,statistical_only_retained,0.0,0.0,0.0,70.94,79.27,74.69,High,High,1,1,1,1,1,1,0,0,0,0,1,6,True,High
LTE-TP-EP-001552,542020041221088+20250828130244+Fiji-Nadi-LTE-DL-D!20250828130228,Fiji-Nadi-LTE-DL-D,2025-08-28 03:02:16+02:00,2025-08-28 03:02:17+02:00,2,-17.63045314,177.45386322,-17.63048628,177.45396579,272.0,40790.0,41.0,2.2929919,16.77331595,111.62699879716978,80.37335879716977,0.06189565095023054,77.27,75.935,76.72,67.695,100.0,86.0,1,1,0,sudden_drop,ml_quantile_p75_resource_underperformance,statistical_and_ml_consensus,1.0,21.795659030529166,50.0,62.94,89.0,74.67,High,Very High,0,0,0,0,1,1,1,2,0,0,2,3,True,High
LTE-TP-EP-000836,542020041221088+20250827151132+Fiji-Nadi-LTE-DL-D!20250827151053,Fiji-Nadi-LTE-DL-D,2025-08-27 05:10:45+02:00,2025-08-27 05:10:47+02:00,3,-17.7537383,177.4508364,-17.7536669,177.4508609,114.0,9310.0,28.0,0.008152,8.639912,96.90562345798796,65.90155467883739,0.00012368436169383657,84.29,78.56333333333333,94.35,76.93333333333334,86.85,80.56,0,3,0,radio_limited_degradation,normal,statistical_only_retained,2.0,19.57957435883304,0.0,76.62,72.25,74.65,High,High,0,0,0,0,0,0,0,0,0,0,3,0,True,High
LTE-TP-EP-000589,542020041221088+20250827134247+Fiji-Nadi-LTE-DL-D!20250827130749,Fiji-Nadi-LTE-DL-D,2025-08-27 03:06:01+02:00,2025-08-27 03:06:01+02:00,1,-17.7807976,177.4313552,-17.7807976,177.4313552,394.0,40790.0,41.0,0.196592,0.196592,64.86678427778222,64.67019227778222,0.003030703651935703,91.01,91.01,93.53,93.53,87.93,87.93,0,1,0,sudden_drop,normal,statistical_only_retained,0.0,8.14724980264673,0.0,74.48,74.74,74.6,High,High,0,0,0,0,0,0,0,0,0,0,1,0,True,High
LTE-TP-EP-001633,542020041221088+20250828133556+Fiji-Nadi-LTE-DL-D!20250828132602,Fiji-Nadi-LTE-DL-D,2025-08-28 03:24:27+02:00,2025-08-28 03:24:28+02:00,2,-17.6223535,177.4671375,-17.6222534,177.467186,253.0,500.0,1.0,0.46732,5.003732,87.35888910170127,77.81874510170127,0.00951019675209102,89.13,84.57,86.56,85.525,94.8,83.4,0,2,0,rolling_local_drop,normal,statistical_only_retained,1.0,24.648237188088547,0.0,71.92,77.73,74.53,High,High,0,0,0,0,0,0,0,0,0,0,2,0,True,High
LTE-TP-EP-000577,542020041221088+20250827134107+Fiji-Nadi-LTE-DL-D!20250827130537,Fiji-Nadi-LTE-DL-D,2025-08-27 03:04:10+02:00,2025-08-27 03:04:10+02:00,1,-17.78078133,177.43160185,-17.78078133,177.43160185,394.0,40988.0,41.0,0.753904,0.753904,64.02154028134424,63.267636281344245,0.01177578666003583,90.78,90.78,92.0,92.0,89.29,89.29,0,1,0,sudden_drop,normal,statistical_only_retained,0.0,3.521345992920787,0.0,73.34,75.9,74.49,High,High,0,0,0,0,0,0,0,0,0,0,1,0,True,High
LTE-TP-EP-000029,542020041221088+20250827094925+Fiji-Nadi-LTE-DL-D!20250827094611,Fiji-Nadi-LTE-DL-D,2025-08-26 23:45:42+02:00,2025-08-26 23:45:43+02:00,2,-17.8116013,177.3998509,-17.81160131,177.39985085,151.0,41186.0,41.0,0.780336,2.086024,55.043853543592924,51.652141543592926,0.01525551969346134,86.9,86.61,86.66,84.525,92.41,89.16,0,2,0,rolling_local_drop,normal,statistical_only_retained,1.0,0.005408790696535652,0.0,71.77,77.74,74.46,High,High,0,0,0,0,0,0,0,0,0,0,2,0,True,High
LTE-TP-EP-001113,542020041221088+20250828104747+Fiji-Nadi-LTE-DL-D!20250828104718,Fiji-Nadi-LTE-DL-D,2025-08-28 00:47:09+02:00,2025-08-28 00:47:11+02:00,3,-17.6459556,177.436546,-17.64598526,177.43664375,163.0,41384.0,41.0,0.001008,0.013432,70.7488185,63.0910585,6.75384874850528e-05,86.61,76.14999999999999,75.66,71.47666666666667,100.0,81.86666666666666,1,2,0,ca_underperformance,normal,statistical_only_retained,2.0,21.825999086593434,33.33333333333333,65.25,85.47,74.35,High,Very High,1,1,1,1,1,0,1,2,0,0,3,6,True,High
LTE-TP-EP-000972,542020041221088+20250827160834+Fiji-Nadi-LTE-DL-D!20250827160146,Fiji-Nadi-LTE-DL-D,2025-08-27 06:00:04+02:00,2025-08-27 06:00:04+02:00,1,-17.80666484,177.45235495,-17.80666484,177.45235495,470.0,41384.0,41.0,20.292831,20.292831,121.14346,100.850629,0.16751074304795321,80.88,80.88,65.23,65.23,100.0,100.0,1,0,0,rb_conditioned_underperformance,ml_quantile_p75_resource_underperformance,statistical_and_ml_consensus,0.0,0.10485187422903575,100.0,53.26,100.0,74.29,Medium,Very High,1,1,0,0,1,0,1,0,0,0,1,4,True,High
LTE-TP-EP-000167,542020041221088+20250827105427+Fiji-Nadi-LTE-DL-D!20250827104733,Fiji-Nadi-LTE-DL-D,2025-08-27 00:45:44+02:00,2025-08-27 00:45:45+02:00,2,-17.7809259,177.4515087,-17.78092581,177.45150816,127.0,40988.0,41.0,4.0748,9.855328,111.79482125,96.15896525,0.12232378564657058,84.76,80.02000000000001,72.3,71.10499999999999,100.0,90.925,1,1,0,rb_conditioned_underperformance,ml_quantile_p75_resource_underperformance,statistical_and_ml_consensus,1.0,13.770660383882793,50.0,61.19,90.23,74.26,High,Very High,1,1,0,0,1,1,1,0,0,0,2,5,True,High
LTE-TP-EP-001932,542020041221088+20250828144339+Fiji-Nadi-LTE-DL-D!20250828144308,Fiji-Nadi-LTE-DL-D,2025-08-28 04:42:54+02:00,2025-08-28 04:42:56+02:00,3,-17.6364649,177.4274327,-17.6365434,177.4273345,356.0,1850.0,3.0,4.8808,25.330368,103.049195,98.168395,0.04736378581123317,94.25,67.74,91.14,68.74333333333334,98.05,66.51333333333334,0,3,0,rb_conditioned_underperformance,normal,statistical_only_retained,2.0,13.584105711497518,0.0,73.21,75.46,74.22,High,High,3,3,1,1,1,0,0,0,0,0,3,9,True,High
LTE-TP-EP-000257,542020041221088+20250827114050+Fiji-Nadi-LTE-DL-D!20250827111354,Fiji-Nadi-LTE-DL-D,2025-08-27 01:12:01+02:00,2025-08-27 01:12:01+02:00,1,-17.7556717,177.46335923,-17.7556717,177.46335923,448.0,40790.0,41.0,20.589111,20.589111,118.44779,97.858679,0.17382435755027595,80.67,80.67,64.86,64.86,100.0,100.0,1,0,0,rb_conditioned_underperformance,ml_quantile_p75_resource_underperformance,statistical_and_ml_consensus,0.0,0.11895610560198858,100.0,52.98,100.0,74.14,Medium,Very High,1,1,0,0,1,1,1,0,0,0,1,5,True,High
LTE-TP-EP-000759,542020041221088+20250827141110+Fiji-Nadi-LTE-DL-D!20250827140445,Fiji-Nadi-LTE-DL-D,2025-08-27 04:02:43+02:00,2025-08-27 04:02:43+02:00,1,-17.76493678,177.44729012,-17.76493678,177.44729012,124.0,41186.0,41.0,19.803345,19.803345,109.543755,89.74041,0.18078022795548682,80.59,80.59,64.7,64.7,100.0,100.0,1,0,0,rb_conditioned_underperformance,ml_quantile_p75_resource_underperformance,statistical_and_ml_consensus,0.0,,100.0,52.86,100.0,74.07,Medium,Very High,1,1,0,0,1,0,1,0,0,0,1,4,True,High
LTE-TP-EP-001570,542020041221088+20250828131435+Fiji-Nadi-LTE-DL-D!20250828131128,Fiji-Nadi-LTE-DL-D,2025-08-28 03:09:38+02:00,2025-08-28 03:09:40+02:00,3,-17.62708017,177.46446545,-17.62696418,177.46465549,254.0,40988.0,41.0,0.019408,12.1878,85.0730599649034,72.3650759649034,0.00040354040587316844,83.98,79.19666666666667,87.19,78.56333333333333,92.19,79.98,0,3,0,radio_limited_degradation,normal,statistical_only_retained,2.0,36.465232409617414,0.0,73.01,75.31,74.04,High,High,0,0,0,0,0,0,0,0,0,0,3,0,True,High
LTE-TP-EP-000173,542020041221088+20250827105427+Fiji-Nadi-LTE-DL-D!20250827104733,Fiji-Nadi-LTE-DL-D,2025-08-27 00:46:49+02:00,2025-08-27 00:46:51+02:00,3,-17.77630111,177.4550587,-17.77607015,177.45514036,128.0,40988.0,41.0,0.009496,1.67832,49.982875397073755,46.19002197752208,0.0002541787691983585,88.05,81.99,83.16,81.15666666666667,94.03,83.01,0,3,0,radio_limited_degradation,normal,statistical_only_retained,2.0,27.22406129315802,0.0,71.31,77.17,73.95,High,High,0,0,0,0,0,0,0,0,0,0,3,0,True,High
LTE-TP-EP-001948,542020041221088+20250828153922+Fiji-Nadi-LTE-DL-D!20250828152928,Fiji-Nadi-LTE-DL-D,2025-08-28 05:27:32+02:00,2025-08-28 05:27:37+02:00,6,-17.6763024,177.4053645,-17.6765444,177.4061108,454.0,1850.0,3.0,0.032775998,0.904612,103.049195,81.457115,0.20953176781245114,83.85,77.19666666666667,90.89,82.62833333333333,80.77,70.55833333333334,0,6,0,radio_limited_degradation,normal,statistical_only_retained,5.0,99.46773288177344,0.0,80.35,66.1,73.94,Critical,High,1,1,0,0,0,0,0,0,0,0,6,2,True,High
LTE-TP-EP-000328,542020041221088+20250827122555+Fiji-Nadi-LTE-DL-D!20250827113546,Fiji-Nadi-LTE-DL-D,2025-08-27 01:34:37+02:00,2025-08-27 01:34:38+02:00,2,-17.76809704,177.42833129,-17.7682457,177.4281939,394.0,40790.0,41.0,30.351088,31.917417,123.55473072493395,93.20364272493394,0.24564893486409423,78.37,77.775,60.67,59.59,100.0,100.0,2,0,0,rb_conditioned_underperformance,ml_quantile_p75_resource_underperformance,statistical_and_ml_consensus,1.0,22.126910031569547,100.0,52.49,100.0,73.87,Medium,Very High,2,2,0,0,2,1,2,0,0,0,2,9,True,High
LTE-TP-EP-000158,542020041221088+20250827104707+Fiji-Nadi-LTE-DL-D!20250827104518,Fiji-Nadi-LTE-DL-D,2025-08-27 00:44:06+02:00,2025-08-27 00:44:07+02:00,2,-17.78793437,177.44195638,-17.7878284,177.44202907,431.0,500.0,1.0,0.00664,1.617872,68.02444518121551,64.7953411812155,0.00010889445055112357,87.09,85.51,92.38,90.425,85.4,79.5,0,2,0,radio_limited_degradation,normal,statistical_only_retained,1.0,14.288034737335584,0.0,76.1,71.12,73.86,High,High,0,0,0,0,0,0,0,0,0,0,2,0,True,High
LTE-TP-EP-001629,542020041221088+20250828133115+Fiji-Nadi-LTE-DL-D!20250828132346,Fiji-Nadi-LTE-DL-D,2025-08-28 03:23:16+02:00,2025-08-28 03:23:16+02:00,1,-17.6273783,177.4640027,-17.6273783,177.4640027,254.0,500.0,1.0,14.143928,14.143928,78.76266000000001,64.61873200000001,0.1795765658498583,80.28,80.28,64.15,64.15,100.0,100.0,1,0,0,rb_conditioned_underperformance,ml_quantile_p75_resource_underperformance,statistical_and_ml_consensus,0.0,10.610569450820803,100.0,52.45,100.0,73.85,Medium,Very High,1,1,0,0,1,1,1,0,0,0,1,5,True,High
LTE-TP-EP-000837,542020041221088+20250827151132+Fiji-Nadi-LTE-DL-D!20250827151053,Fiji-Nadi-LTE-DL-D,2025-08-27 05:10:52+02:00,2025-08-27 05:10:53+02:00,2,-17.7536236,177.4508679,-17.75362351,177.45086778,114.0,9310.0,28.0,0.023792,30.160732,136.9619556318668,76.6642836318668,0.00031286071512956937,86.5,78.16499999999999,98.37,78.245,84.15,78.075,0,2,0,radio_limited_degradation,ml_hgb_strict_causal_temporal_underperformance,statistical_only_retained,1.0,0.5818938106907388,0.0,76.96,70.01,73.83,High,High,0,0,0,0,0,0,1,0,0,0,2,1,True,High
LTE-TP-EP-000421,542020041221088+20250827123858+Fiji-Nadi-LTE-DL-D!20250827115524,Fiji-Nadi-LTE-DL-D,2025-08-27 01:54:21+02:00,2025-08-27 01:54:21+02:00,1,-17.77603561,177.36804676,-17.77603561,177.36804676,156.0,40790.0,41.0,2.790208,2.790208,72.48923773811869,69.6990297381187,0.03849134143305745,89.89,89.89,91.29,91.29,88.17,88.17,0,1,0,radio_limited_degradation,normal,statistical_only_retained,0.0,8.52971105106321,0.0,72.8,74.94,73.77,High,High,0,0,0,0,0,0,0,0,0,0,1,0,True,High
LTE-TP-EP-000072,542020041221088+20250827100345+Fiji-Nadi-LTE-DL-D!20250827100319,Fiji-Nadi-LTE-DL-D,2025-08-27 00:02:23+02:00,2025-08-27 00:02:25+02:00,3,-17.80703805,177.42257921,-17.80703805,177.42257921,148.0,41186.0,41.0,0.020248,0.341856,70.787155,62.895603,0.024264769675113564,86.29,74.05333333333334,75.08,69.66333333333334,100.0,79.42,1,2,0,ca_underperformance,normal,statistical_only_retained,2.0,0.01697895940446263,33.33333333333333,64.57,84.85,73.7,High,Very High,1,1,1,1,1,1,1,0,0,0,3,7,True,High
LTE-TP-EP-000317,542020041221088+20250827122335+Fiji-Nadi-LTE-DL-D!20250827113336,Fiji-Nadi-LTE-DL-D,2025-08-27 01:31:59+02:00,2025-08-27 01:31:59+02:00,1,-17.76512541,177.43056646,-17.76512541,177.43056646,394.0,41384.0,41.0,4.203752,4.203752,70.31293188796188,66.10917988796189,0.05978632787917801,89.47,89.47,87.45,87.45,91.94,91.94,0,1,0,sudden_drop,normal,statistical_only_retained,0.0,0.43502544334168974,0.0,69.92,78.15,73.62,High,High,0,0,0,0,0,0,0,1,0,0,1,0,True,High
LTE-TP-EP-001238,542020041221088+20250828114952+Fiji-Nadi-LTE-DL-D!20250828112430,Fiji-Nadi-LTE-DL-D,2025-08-28 01:23:22+02:00,2025-08-28 01:23:25+02:00,4,-17.60673418,177.46130502,-17.60651148,177.4613549,375.0,500.0,1.0,0.000528,1.4451759999999998,37.790760608308545,31.657800608308545,2.5322132832263248e-05,79.72,75.2175,90.12,77.3675,87.22,72.59,0,4,0,rolling_local_drop,normal,statistical_only_retained,3.0,25.553506433578296,0.0,76.11,70.48,73.57,High,High,1,1,1,1,0,0,1,4,0,0,4,5,True,High
LTE-TP-EP-001736,542020041221088+20250828135857+Fiji-Nadi-LTE-DL-D!20250828135526,Fiji-Nadi-LTE-DL-D,2025-08-28 03:54:23+02:00,2025-08-28 03:54:23+02:00,1,-17.6109494,177.4504843,-17.6109494,177.4504843,140.0,41384.0,41.0,24.109913,24.109913,121.14346,97.033547,0.19901951785098426,79.86,79.86,63.39,63.39,100.0,100.0,1,0,0,rb_conditioned_underperformance,ml_quantile_p75_resource_underperformance,statistical_and_ml_consensus,0.0,9.233366738029313,100.0,51.88,100.0,73.53,Medium,Very High,1,1,0,0,1,1,1,0,0,0,0,5,True,High
LTE-TP-EP-000776,542020041221088+20250827141150+Fiji-Nadi-LTE-DL-D!20250827140658,Fiji-Nadi-LTE-DL-D,2025-08-27 04:06:15+02:00,2025-08-27 04:06:20+02:00,6,-17.76568214,177.43980565,-17.76552579,177.43945965,125.0,41384.0,41.0,0.35376,0.644732,,,,78.23,75.39999999999999,98.76,93.24333333333334,73.05,53.59,0,6,0,radio_limited_degradation,normal,statistical_only_retained,5.0,50.74541114794075,0.0,86.81,57.23,73.5,Critical,Medium,0,1,1,0,0,0,0,6,5,6,6,2,True,High
LTE-TP-EP-001411,542020041221088+20250828123823+Fiji-Nadi-LTE-DL-D!20250828123754,Fiji-Nadi-LTE-DL-D,2025-08-28 02:36:04+02:00,2025-08-28 02:36:07+02:00,4,-17.6304788,177.4424883,-17.6301757,177.4424708,313.0,41384.0,41.0,0.658344,2.783468,121.14346,98.197844,0.03185303942139696,80.17,72.2575,73.86,67.2575,100.0,78.37,1,3,0,rolling_local_drop,normal,statistical_only_retained,3.0,45.226580119459065,25.0,65.14,83.34,73.33,High,Very High,1,1,0,0,1,1,1,0,0,0,4,5,True,High
LTE-TP-EP-001480,542020041221088+20250828125203+Fiji-Nadi-LTE-DL-D!20250828125121,Fiji-Nadi-LTE-DL-D,2025-08-28 02:49:20+02:00,2025-08-28 02:49:21+02:00,2,-17.62989119,177.45302496,-17.62998459,177.45305324,167.0,40988.0,41.0,3.571144,3.64683195,83.236885,79.5143651,0.04472199914737319,85.6,85.13499999999999,92.5,90.0,83.28,79.19,0,2,0,ca_underperformance,normal,statistical_only_retained,1.0,10.809372857898465,0.0,76.08,69.77,73.24,High,High,1,1,1,1,0,0,0,0,0,2,2,4,True,High
LTE-TP-EP-000197,542020041221088+20250827110227+Fiji-Nadi-LTE-DL-D!20250827105156,Fiji-Nadi-LTE-DL-D,2025-08-27 00:51:54+02:00,2025-08-27 00:51:56+02:00,3,-17.76171904,177.4650015,-17.76173269,177.46507949,210.0,9310.0,28.0,8.636336,49.045967,153.565445,104.51947800000002,0.10799643613332012,88.21,67.30666666666666,78.57,63.65,100.0,71.78333333333333,1,2,0,rb_conditioned_underperformance,normal,statistical_only_retained,2.0,12.695643528681483,33.33333333333333,65.28,82.95,73.23,High,Very High,1,2,1,0,1,1,1,3,0,3,3,7,True,High
LTE-TP-EP-000305,542020041221088+20250827122034+Fiji-Nadi-LTE-DL-D!20250827113125,Fiji-Nadi-LTE-DL-D,2025-08-27 01:30:19+02:00,2025-08-27 01:30:20+02:00,2,-17.77368427,177.42290372,-17.7735147,177.4230629,394.0,41384.0,41.0,0.04092,6.52518,70.7488185,57.7393785,0.0021318027821870355,77.69,75.56,74.6,68.24,97.01,84.505,1,1,0,ca_underperformance,ml_quantile_p75_resource_underperformance,statistical_and_ml_consensus,1.0,37.66958714092975,50.0,61.88,86.83,73.11,High,Very High,1,1,0,1,1,0,1,2,0,0,2,5,True,High
LTE-TP-EP-000958,542020041221088+20250827160414+Fiji-Nadi-LTE-DL-D!20250827155722,Fiji-Nadi-LTE-DL-D,2025-08-27 05:55:19+02:00,2025-08-27 05:55:19+02:00,1,-17.79589025,177.44698443,-17.79589025,177.44698443,430.0,40988.0,41.0,26.123344,26.123344,120.30231,94.178966,0.21714748453292376,79.28,79.28,62.33,62.33,100.0,100.0,1,0,0,rb_conditioned_underperformance,ml_quantile_p75_resource_underperformance,statistical_and_ml_consensus,0.0,2.620044762822663,100.0,51.08,100.0,73.1,Medium,Very High,1,1,0,0,1,1,1,0,0,0,1,5,True,High
LTE-TP-EP-001118,542020041221088+20250828105007+Fiji-Nadi-LTE-DL-D!20250828104930,Fiji-Nadi-LTE-DL-D,2025-08-28 00:47:42+02:00,2025-08-28 00:47:44+02:00,3,-17.6470774,177.43927663,-17.6472321,177.4395575,163.0,41384.0,41.0,0.005408,1.286944,121.14346,95.274388,0.00023816475626084506,77.07,74.88333333333333,77.06,71.01666666666667,94.83,79.61,1,2,0,rb_conditioned_underperformance,normal,statistical_only_retained,2.0,45.93995493257374,33.33333333333333,65.92,81.8,73.07,High,Very High,1,1,0,0,1,0,1,0,0,0,3,4,True,High
LTE-TP-EP-000703,542020041221088+20250827135949+Fiji-Nadi-LTE-DL-D!20250827134144,Fiji-Nadi-LTE-DL-D,2025-08-27 03:40:44+02:00,2025-08-27 03:40:46+02:00,3,-17.7753137,177.4081357,-17.7751714,177.408095,135.0,40790.0,41.0,0.01068,0.03112,59.62557859434768,50.05547459434768,0.00022751938903467421,80.83,79.92999999999999,86.75,81.47666666666667,88.52,78.04,0,3,0,radio_limited_degradation,normal,statistical_only_retained,2.0,24.754521520527483,0.0,73.35,72.62,73.02,High,High,0,0,0,0,0,0,0,0,0,0,3,0,True,High
LTE-TP-EP-000720,542020041221088+20250827140349+Fiji-Nadi-LTE-DL-D!20250827135601,Fiji-Nadi-LTE-DL-D,2025-08-27 03:54:00+02:00,2025-08-27 03:54:02+02:00,3,-17.7690611,177.440185,-17.76906107,177.44018496,123.0,40988.0,41.0,0.16836,0.218352,,,,87.27,81.28333333333333,90.41,90.25333333333333,83.43,70.32333333333334,0,3,0,radio_limited_degradation,normal,statistical_only_retained,2.0,0.010783018656788336,0.0,77.11,67.64,72.85,High,High,0,0,0,0,0,0,0,0,0,0,3,0,True,High
LTE-TP-EP-000445,542020041221088+20250827131243+Fiji-Nadi-LTE-DL-D!20250827120629,Fiji-Nadi-LTE-DL-D,2025-08-27 02:04:27+02:00,2025-08-27 02:04:27+02:00,1,-17.7755483,177.3755514,-17.7755483,177.3755514,158.0,40988.0,41.0,24.360704,24.360704,106.511576113655,82.150872113655,0.2287141444044119,78.91,78.91,61.66,61.66,100.0,100.0,1,0,0,rb_conditioned_underperformance,ml_quantile_p75_resource_underperformance,statistical_and_ml_consensus,0.0,8.573592693966281,100.0,50.58,100.0,72.82,Medium,Very High,1,1,0,0,1,1,1,0,0,0,1,5,True,High
LTE-TP-EP-000948,542020041221088+20250827155853+Fiji-Nadi-LTE-DL-D!20250827154409,Fiji-Nadi-LTE-DL-D,2025-08-27 05:42:50+02:00,2025-08-27 05:42:50+02:00,1,-17.74446573,177.4569019,-17.74446573,177.4569019,49.0,41186.0,41.0,2.385408,2.385408,103.734363,101.348955,0.02299535015219595,89.05,89.05,95.68,95.68,80.95,80.95,0,1,0,ca_underperformance,normal,statistical_only_retained,0.0,0.17744380627568013,0.0,76.1,68.81,72.82,High,High,1,1,1,1,0,0,0,1,0,0,1,4,True,High
LTE-TP-EP-000384,542020041221088+20250827123437+Fiji-Nadi-LTE-DL-D!20250827114425,Fiji-Nadi-LTE-DL-D,2025-08-27 01:43:36+02:00,2025-08-27 01:43:43+02:00,8,-17.7936536,177.3949411,-17.79291307,177.39505489,140.0,356.0,1.0,0.76024,3.575112,16.71823685603798,13.006676856037979,0.2220066644563376,79.64,67.11625000000001,97.34,82.31125,73.99,48.54375,0,8,0,radio_limited_degradation,normal,statistical_only_retained,7.0,110.86237248577231,0.0,86.08,56.53,72.78,Critical,Medium,0,1,3,0,0,0,0,8,0,0,8,4,True,High
LTE-TP-EP-001538,542020041221088+20250828130044+Fiji-Nadi-LTE-DL-D!20250828130012,Fiji-Nadi-LTE-DL-D,2025-08-28 02:59:42+02:00,2025-08-28 02:59:42+02:00,1,-17.6285503,177.4569063,-17.6285503,177.4569063,275.0,500.0,1.0,22.326056,22.326056,101.13403784118272,78.80798184118271,0.22075709105039434,78.84,78.84,61.53,61.53,100.0,100.0,1,0,0,rb_conditioned_underperformance,ml_quantile_p75_resource_underperformance,statistical_and_ml_consensus,0.0,9.39301461748085,100.0,50.48,100.0,72.77,Medium,Very High,1,1,0,0,1,1,1,1,0,0,1,5,True,High
LTE-TP-EP-000619,542020041221088+20250827134607+Fiji-Nadi-LTE-DL-D!20250827131425,Fiji-Nadi-LTE-DL-D,2025-08-27 03:13:19+02:00,2025-08-27 03:13:21+02:00,3,-17.77397939,177.43325537,-17.77396512,177.43329961,339.0,41186.0,41.0,0.186728,1.305968,70.787155,60.819002999999995,0.0590825483259108,82.78,75.52,71.63,70.23666666666666,98.72,81.97333333333333,1,2,0,radio_limited_degradation,normal,statistical_only_retained,2.0,5.603360492760604,33.33333333333333,62.78,84.73,72.66,High,Very High,1,1,1,1,0,1,1,0,0,0,3,6,True,High
LTE-TP-EP-000772,542020041221088+20250827141150+Fiji-Nadi-LTE-DL-D!20250827140658,Fiji-Nadi-LTE-DL-D,2025-08-27 04:05:14+02:00,2025-08-27 04:05:14+02:00,1,-17.76525337,177.44356735,-17.76525337,177.44356735,125.0,41186.0,41.0,25.890648,25.890648,109.543755,83.653107,0.23634983117020225,78.67,78.67,61.21,61.21,100.0,100.0,1,0,0,rb_conditioned_underperformance,ml_quantile_p75_resource_underperformance,statistical_and_ml_consensus,0.0,0.14299405874205465,100.0,50.24,100.0,72.63,Medium,Very High,1,1,0,0,1,1,1,0,0,0,1,5,True,High
LTE-TP-EP-000132,542020041221088+20250827103246+Fiji-Nadi-LTE-DL-D!20250827103001,Fiji-Nadi-LTE-DL-D,2025-08-27 00:29:56+02:00,2025-08-27 00:30:02+02:00,7,-17.81391781,177.43533454,-17.81352404,177.43512036,148.0,1850.0,3.0,0.006904,2.183416,27.996896250000002,22.70456825,0.18903266821942807,83.63,71.57714285714285,99.98,87.49000000000001,68.93,52.12571428571429,0,7,0,radio_limited_degradation,normal,statistical_only_retained,6.0,49.8159688597364,0.0,87.49,54.39,72.6,Critical,Medium,1,1,3,1,0,0,0,7,0,7,7,6,True,High
LTE-TP-EP-001501,542020041221088+20250828125404+Fiji-Nadi-LTE-DL-D!20250828125334,Fiji-Nadi-LTE-DL-D,2025-08-28 02:52:04+02:00,2025-08-28 02:52:06+02:00,3,-17.6347987,177.4542945,-17.6347077,177.4543207,167.0,40988.0,41.0,1.288016,3.032936,,,,85.05,77.69666666666667,95.49,87.13,79.75,66.16333333333334,0,3,0,radio_limited_degradation,normal,statistical_only_retained,2.0,15.232799094274927,0.0,79.28,64.39,72.58,High,High,0,0,0,0,0,0,0,0,0,0,3,0,True,High
LTE-TP-EP-000477,542020041221088+20250827131624+Fiji-Nadi-LTE-DL-D!20250827121056,Fiji-Nadi-LTE-DL-D,2025-08-27 02:10:32+02:00,2025-08-27 02:10:38+02:00,7,-17.7966905,177.4034138,-17.7966899,177.4041092,151.0,41384.0,41.0,0.001608,0.409984,,,,80.38,75.06857142857143,99.99,94.63857142857144,66.19,51.15,0,7,0,radio_limited_degradation,normal,statistical_only_retained,6.0,97.24486712862242,0.0,88.93,52.5,72.54,Critical,Medium,0,0,1,0,0,0,0,7,7,7,7,1,True,High
LTE-TP-EP-001100,542020041221088+20250828104547+Fiji-Nadi-LTE-DL-D!20250828104505,Fiji-Nadi-LTE-DL-D,2025-08-28 00:44:54+02:00,2025-08-28 00:44:54+02:00,1,-17.63532025,177.43090153,-17.63532025,177.43090153,312.0,356.0,1.0,29.87156,29.87156,123.63355,93.76199,0.24161370437069873,78.5,78.5,60.91,60.91,100.0,100.0,1,0,0,rb_conditioned_underperformance,ml_quantile_p75_resource_underperformance,statistical_and_ml_consensus,0.0,13.487454639918743,100.0,50.02,100.0,72.51,Medium,Very High,1,1,0,0,1,0,1,1,0,0,1,4,True,High
LTE-TP-EP-000157,542020041221088+20250827104707+Fiji-Nadi-LTE-DL-D!20250827104518,Fiji-Nadi-LTE-DL-D,2025-08-27 00:43:53+02:00,2025-08-27 00:43:53+02:00,1,-17.7892713,177.441017,-17.7892713,177.441017,431.0,500.0,1.0,3.142328,3.142328,61.10863416302878,57.96630616302878,0.05142199695736505,88.01,88.01,85.64,85.64,90.91,90.91,0,1,0,sudden_drop,normal,statistical_only_retained,0.0,30.1495013676972,0.0,68.57,77.27,72.48,High,High,0,0,0,0,0,0,0,0,0,0,1,0,True,High
LTE-TP-EP-000422,542020041221088+20250827123858+Fiji-Nadi-LTE-DL-D!20250827115524,Fiji-Nadi-LTE-DL-D,2025-08-27 01:54:27+02:00,2025-08-27 01:54:28+02:00,2,-17.7765906,177.3681897,-17.7766778,177.3682071,156.0,40790.0,41.0,7.682456,23.772323,130.09425429461572,90.23206429461572,0.08968023367435451,88.68,78.7,87.33,72.23,90.32,86.6,0,2,0,rb_conditioned_underperformance,ml_quantile_p75_resource_underperformance,statistical_only_retained,1.0,28.766978218576003,0.0,69.68,75.84,72.45,High,High,1,1,0,0,1,0,0,0,0,0,2,3,True,High
LTE-TP-EP-000582,542020041221088+20250827134107+Fiji-Nadi-LTE-DL-D!20250827130537,Fiji-Nadi-LTE-DL-D,2025-08-27 03:04:56+02:00,2025-08-27 03:04:57+02:00,2,-17.7809643,177.4338239,-17.78096425,177.43382376,395.0,40988.0,41.0,0.003144,0.00386,75.19448,75.19133599999999,4.18115797861758e-05,86.34,86.095,98.07,96.97,73.6,72.8,0,2,0,radio_limited_degradation,normal,statistical_only_retained,1.0,0.03166399907993721,0.0,80.54,62.36,72.36,Critical,High,0,0,0,0,0,0,0,0,0,0,2,0,True,High
LTE-TP-EP-001595,542020041221088+20250828132455+Fiji-Nadi-LTE-DL-D!20250828131658,Fiji-Nadi-LTE-DL-D,2025-08-28 03:15:28+02:00,2025-08-28 03:15:28+02:00,1,-17.62548312,177.46539331,-17.62548312,177.46539331,254.0,41384.0,41.0,9.687648,9.687648,94.1412673136677,84.4536193136677,0.10290543431630136,87.86,87.86,85.51,85.51,90.73,90.73,0,1,0,sudden_drop,normal,statistical_only_retained,0.0,6.654983743438071,0.0,68.47,77.12,72.36,High,High,0,0,0,0,0,0,0,0,0,0,0,0,True,High
LTE-TP-EP-001669,542020041221088+20250828134116+Fiji-Nadi-LTE-DL-D!20250828133502,Fiji-Nadi-LTE-DL-D,2025-08-28 03:33:52+02:00,2025-08-28 03:33:52+02:00,1,-17.6166508,177.464943,-17.6166508,177.464943,253.0,40988.0,41.0,22.651031,22.651031,100.12010000000001,77.469069,0.22623859744446917,78.3,78.3,60.54,60.54,100.0,100.0,1,0,0,rb_conditioned_underperformance,ml_quantile_p75_resource_underperformance,statistical_and_ml_consensus,0.0,20.07032742764536,100.0,49.74,100.0,72.36,Medium,Very High,1,1,0,0,1,1,1,0,0,0,1,5,True,High
LTE-TP-EP-001077,542020041221088+20250828103907+Fiji-Nadi-LTE-DL-D!20250828103834,Fiji-Nadi-LTE-DL-D,2025-08-28 00:38:29+02:00,2025-08-28 00:38:32+02:00,4,-17.6627847,177.4057861,-17.6624862,177.405665,320.0,9310.0,28.0,0.178784,1.7703520000000001,59.51545075,56.55414675,0.04975689443131707,83.54,72.14500000000001,90.37,82.78,85.82,59.1425,0,4,0,radio_limited_degradation,normal,statistical_only_retained,3.0,60.13204878359485,0.0,77.33,66.28,72.35,High,High,1,1,2,0,0,0,0,4,4,4,4,4,True,High
LTE-TP-EP-000752,542020041221088+20250827140850+Fiji-Nadi-LTE-DL-D!20250827140234,Fiji-Nadi-LTE-DL-D,2025-08-27 04:01:13+02:00,2025-08-27 04:01:13+02:00,1,-17.7665226,177.44771125,-17.7665226,177.44771125,124.0,41186.0,41.0,5.401024,5.401024,68.51555884843981,63.11453484843981,0.07882916071585086,87.71,87.71,84.17,84.17,92.04,92.04,0,1,0,sudden_drop,normal,statistical_only_retained,0.0,0.005294597248788544,0.0,67.46,78.23,72.31,High,High,0,0,0,0,0,0,0,0,0,0,1,0,True,High
LTE-TP-EP-000023,542020041221088+20250827094925+Fiji-Nadi-LTE-DL-D!20250827094611,Fiji-Nadi-LTE-DL-D,2025-08-26 23:44:47+02:00,2025-08-26 23:44:48+02:00,2,-17.8116013,177.3998509,-17.81160131,177.39985085,151.0,41186.0,41.0,0.114824,2.3063079999999996,34.54131666915785,34.42649266915785,0.003324250812434346,87.76,79.61500000000001,81.5,72.65,95.42,88.13499999999999,0,2,0,radio_limited_degradation,normal,statistical_only_retained,1.0,0.005408790696535652,0.0,66.56,79.29,72.29,High,High,0,0,0,0,0,0,0,0,0,0,2,0,True,High
LTE-TP-EP-000239,542020041221088+20250827112649+Fiji-Nadi-LTE-DL-D!20250827110516,Fiji-Nadi-LTE-DL-D,2025-08-27 01:03:59+02:00,2025-08-27 01:03:59+02:00,1,-17.7682644,177.4888325,-17.7682644,177.4888325,108.0,9310.0,28.0,3.144672,3.144672,59.51545075,56.37077875,0.05283790949025115,87.36,87.36,81.17,81.17,94.93,94.93,0,1,0,ca_underperformance,ml_severe_quantile_p75_resource_underperformance,statistical_only_retained,0.0,12.6777839130235,0.0,65.21,80.69,72.18,High,Very High,1,1,1,1,1,0,0,0,1,1,1,5,True,High
LTE-TP-EP-000026,542020041221088+20250827094925+Fiji-Nadi-LTE-DL-D!20250827094611,Fiji-Nadi-LTE-DL-D,2025-08-26 23:45:18+02:00,2025-08-26 23:45:19+02:00,2,-17.81160131,177.39985085,-17.81160131,177.39985085,151.0,41186.0,41.0,2.183592,3.506424,58.33712475317452,56.153532753174524,0.037430572885427914,86.19,84.495,86.53,83.485,85.78,85.73,0,2,0,rolling_local_drop,normal,statistical_only_retained,1.0,0.005408790696535652,0.0,71.49,72.9,72.13,High,High,0,0,0,0,0,0,0,0,0,0,2,0,True,High
LTE-TP-EP-000298,542020041221088+20250827121333+Fiji-Nadi-LTE-DL-D!20250827112914,Fiji-Nadi-LTE-DL-D,2025-08-27 01:28:58+02:00,2025-08-27 01:29:00+02:00,3,-17.78003006,177.42707257,-17.77991762,177.42703995,321.0,356.0,1.0,0.005648,0.113344,49.79821342040304,48.10877342040304,0.00013655228369800467,85.15,81.17333333333333,84.53,84.26333333333334,86.59,77.39666666666666,0,3,0,radio_limited_degradation,normal,statistical_only_retained,2.0,18.65668950583761,0.0,72.68,71.3,72.06,High,High,0,0,0,0,0,0,0,0,0,0,3,0,True,High
LTE-TP-EP-000424,542020041221088+20250827123858+Fiji-Nadi-LTE-DL-D!20250827115524,Fiji-Nadi-LTE-DL-D,2025-08-27 01:54:43+02:00,2025-08-27 01:54:45+02:00,3,-17.77795914,177.3682912,-17.7782358,177.3683033,156.0,40790.0,41.0,0.012352,1.822016,119.0290425,92.33481950000001,0.0002848577124995353,86.16,76.08,85.31,76.89666666666666,89.45,75.07666666666667,0,3,0,radio_limited_degradation,normal,statistical_only_retained,2.0,30.985890680869094,0.0,71.64,72.44,72.0,High,High,1,1,0,0,0,0,0,0,0,0,3,2,True,High
LTE-TP-EP-000366,542020041221088+20250827123337+Fiji-Nadi-LTE-DL-D!20250827114216,Fiji-Nadi-LTE-DL-D,2025-08-27 01:42:02+02:00,2025-08-27 01:42:07+02:00,6,-17.79678404,177.40556276,-17.79677514,177.40496856,363.0,9310.0,28.0,0.425632,2.401032,18.13893575,15.381199750000002,0.1520340574556586,86.9,69.04666666666667,98.51,85.23166666666667,72.71,49.26333333333333,0,6,0,radio_limited_degradation,normal,statistical_only_retained,5.0,63.453924378560764,0.0,85.07,55.94,71.96,Critical,Medium,0,1,2,1,0,0,0,6,0,0,6,4,True,High
LTE-TP-EP-000476,542020041221088+20250827131624+Fiji-Nadi-LTE-DL-D!20250827121056,Fiji-Nadi-LTE-DL-D,2025-08-27 02:10:24+02:00,2025-08-27 02:10:27+02:00,4,-17.7966579,177.4025131,-17.7966813,177.4028619,363.0,9310.0,28.0,1.014904,4.590964,49.4498,43.454536000000004,0.12123939833932593,79.4,71.2475,96.45,82.8675,78.33,57.05,0,4,0,radio_limited_degradation,normal,statistical_only_retained,3.0,62.028643286582664,0.0,80.69,61.26,71.95,Critical,High,2,2,2,1,1,0,0,4,2,4,4,8,True,High
LTE-TP-EP-000758,542020041221088+20250827140850+Fiji-Nadi-LTE-DL-D!20250827140234,Fiji-Nadi-LTE-DL-D,2025-08-27 04:02:29+02:00,2025-08-27 04:02:29+02:00,1,-17.7657124,177.4478342,-17.7657124,177.4478342,124.0,41186.0,41.0,1.94136,1.94136,42.80101032804817,40.85965032804817,0.045357807797536884,86.99,86.99,80.29,80.29,95.17,95.17,0,1,0,sudden_drop,normal,statistical_only_retained,0.0,5.913967454653856,0.0,64.55,80.89,71.91,High,Very High,0,0,0,0,0,0,0,0,0,0,1,0,True,High
LTE-TP-EP-001645,542020041221088+20250828133816+Fiji-Nadi-LTE-DL-D!20250828132818,Fiji-Nadi-LTE-DL-D,2025-08-28 03:26:54+02:00,2025-08-28 03:26:55+02:00,2,-17.6154195,177.46584052,-17.61543573,177.46574584,375.0,500.0,1.0,0.106744,0.516072,,,,87.92,82.235,99.63,98.195,73.61,62.730000000000004,0,2,0,radio_limited_degradation,normal,statistical_only_retained,1.0,19.92300618462449,0.0,81.64,59.85,71.83,Critical,Medium,0,0,1,0,0,0,0,2,0,0,2,1,True,High
LTE-TP-EP-000414,542020041221088+20250827123738+Fiji-Nadi-LTE-DL-D!20250827115101,Fiji-Nadi-LTE-DL-D,2025-08-27 01:49:12+02:00,2025-08-27 01:49:12+02:00,1,-17.7736596,177.3745738,-17.7736596,177.3745738,157.0,500.0,1.0,81.76271,81.76271,182.86230474498095,101.09959474498095,0.4471271983256798,77.52,77.52,59.13,59.13,100.0,100.0,1,0,0,sudden_drop,ml_hgb_strict_causal_temporal_underperformance,statistical_and_ml_consensus,0.0,8.471977155956333,100.0,48.68,100.0,71.78,Medium,Very High,0,0,0,0,0,1,1,0,1,0,1,2,True,High
LTE-TP-EP-000184,542020041221088+20250827110227+Fiji-Nadi-LTE-DL-D!20250827105156,Fiji-Nadi-LTE-DL-D,2025-08-27 00:49:53+02:00,2025-08-27 00:49:53+02:00,1,-17.7620919,177.4578741,-17.7620919,177.4578741,348.0,41186.0,41.0,7.585568,7.585568,105.7221075,98.13653950000001,0.0717500641954191,87.22,87.22,86.33,86.33,88.3,88.3,0,1,0,ca_underperformance,ml_quantile_p75_resource_underperformance,statistical_only_retained,0.0,,0.0,69.08,75.05,71.77,High,High,1,1,1,1,1,0,0,1,0,0,1,5,True,High
LTE-TP-EP-000711,542020041221088+20250827135949+Fiji-Nadi-LTE-DL-D!20250827134144,Fiji-Nadi-LTE-DL-D,2025-08-27 03:41:34+02:00,2025-08-27 03:41:35+02:00,2,-17.7721832,177.4061758,-17.772151,177.4061,135.0,40790.0,41.0,0.006064,0.032512,74.07717742662923,74.07111342662924,8.186057043015945e-05,86.09,86.055,97.62,97.555,72.0,72.0,0,2,0,rolling_local_drop,normal,statistical_only_retained,1.0,18.12078827479399,0.0,80.41,61.2,71.76,Critical,High,0,0,0,0,0,0,0,0,0,0,2,0,True,High
LTE-TP-EP-000229,542020041221088+20250827112048+Fiji-Nadi-LTE-DL-D!20250827110300,Fiji-Nadi-LTE-DL-D,2025-08-27 01:00:57+02:00,2025-08-27 01:00:57+02:00,1,-17.7820418,177.4892468,-17.7820418,177.4892468,333.0,500.0,1.0,19.770752,19.770752,76.7192453020017,56.948493302001694,0.2577026393074302,77.44,77.44,58.98,58.98,100.0,100.0,1,0,0,rb_conditioned_underperformance,ml_quantile_p75_resource_underperformance,statistical_and_ml_consensus,0.0,,100.0,48.57,100.0,71.71,Medium,Very High,1,1,0,0,1,0,1,0,0,0,1,4,True,High
LTE-TP-EP-001930,542020041221088+20250828144319+Fiji-Nadi-LTE-DL-D!20250828144243,Fiji-Nadi-LTE-DL-D,2025-08-28 04:42:29+02:00,2025-08-28 04:42:29+02:00,1,-17.6341994,177.4288984,-17.6341994,177.4288984,356.0,41186.0,41.0,16.763111,16.763111,105.7221075,88.95899650000001,0.15855823721637405,78.03,78.03,69.8,69.8,88.08,88.08,1,0,0,rb_conditioned_underperformance,ml_quantile_p75_resource_underperformance,statistical_and_ml_consensus,0.0,11.762853820450081,100.0,56.69,89.87,71.62,High,Very High,1,1,0,0,1,0,1,1,0,0,1,4,True,High
LTE-TP-EP-000203,542020041221088+20250827110647+Fiji-Nadi-LTE-DL-D!20250827105407,Fiji-Nadi-LTE-DL-D,2025-08-27 00:52:36+02:00,2025-08-27 00:52:36+02:00,1,-17.76251478,177.46458487,-17.76251478,177.46458487,212.0,500.0,1.0,2.528608,2.528608,73.10037750000001,70.5717695,0.03459090207844686,87.23,87.23,90.11,90.11,83.71,83.71,0,1,0,ca_underperformance,normal,statistical_only_retained,0.0,5.400470107472097,0.0,71.92,71.15,71.57,High,High,1,1,1,1,0,0,0,1,0,1,1,4,True,High
LTE-TP-EP-000383,542020041221088+20250827123437+Fiji-Nadi-LTE-DL-D!20250827114425,Fiji-Nadi-LTE-DL-D,2025-08-27 01:43:26+02:00,2025-08-27 01:43:30+02:00,5,-17.79487485,177.39545414,-17.79447074,177.39514009,138.0,9310.0,28.0,0.021112,1.576736,,,,82.69,74.38399999999999,99.93,94.826,68.27,49.397999999999996,0,5,0,radio_limited_degradation,normal,statistical_only_retained,4.0,69.84813304285112,0.0,86.47,53.31,71.55,Critical,Medium,0,0,1,0,0,0,0,5,0,0,5,1,True,High
LTE-TP-EP-000846,542020041221088+20250827151332+Fiji-Nadi-LTE-DL-D!20250827151309,Fiji-Nadi-LTE-DL-D,2025-08-27 05:12:22+02:00,2025-08-27 05:12:22+02:00,1,-17.75339512,177.45383302,-17.75339512,177.45383302,115.0,9310.0,28.0,32.79032,32.79032,137.05949,104.26917,0.2392415147612179,77.38,77.38,61.04,61.04,97.34,97.34,1,0,0,rb_conditioned_underperformance,ml_hgb_strict_causal_temporal_underperformance,statistical_and_ml_consensus,0.0,0.1178384448301966,100.0,50.12,97.74,71.55,Medium,Very High,1,1,0,0,0,1,1,0,0,0,1,4,True,High
LTE-TP-EP-000829,542020041221088+20250827151132+Fiji-Nadi-LTE-DL-D!20250827151053,Fiji-Nadi-LTE-DL-D,2025-08-27 05:09:25+02:00,2025-08-27 05:09:27+02:00,3,-17.75418229,177.45467261,-17.7539739,177.4545667,115.0,9310.0,28.0,15.154808,37.591526,150.5427125,135.3879045,0.10066782873996641,85.66,65.91666666666667,75.18,63.97,98.47,68.3,1,2,0,radio_p75_underperformance,normal,statistical_only_retained,2.0,33.19063893115634,33.33333333333333,63.48,81.16,71.44,High,Very High,3,1,0,0,1,1,1,3,0,0,3,7,True,High
LTE-TP-EP-001374,542020041221088+20250828122802+Fiji-Nadi-LTE-DL-D!20250828122423,Fiji-Nadi-LTE-DL-D,2025-08-28 02:22:40+02:00,2025-08-28 02:22:42+02:00,3,-17.61588798,177.43971105,-17.6159657,177.4395938,180.0,40790.0,41.0,0.083032,0.21432,27.185068936048477,27.102036936048478,0.003054323687584852,82.3,76.83,78.62,73.95666666666666,93.84,80.34666666666666,0,3,0,radio_limited_degradation,normal,statistical_only_retained,2.0,20.677179734109995,0.0,67.37,76.39,71.43,High,High,0,0,0,0,0,0,0,3,0,0,3,0,True,High
LTE-TP-EP-001848,542020041221088+20250828141618+Fiji-Nadi-LTE-DL-D!20250828141538,Fiji-Nadi-LTE-DL-D,2025-08-28 04:13:37+02:00,2025-08-28 04:13:38+02:00,2,-17.61306613,177.45972541,-17.61296383,177.45969664,179.0,41384.0,41.0,6.581544,9.278196,78.06344,66.088592,0.15339892784637726,82.6,72.74,69.13,63.53,99.06,84.0,1,1,0,ca_underperformance,ml_quantile_p75_resource_underperformance,statistical_and_ml_consensus,1.0,11.882712817799232,50.0,57.93,87.94,71.43,High,Very High,2,2,1,2,1,1,1,0,0,0,2,10,True,High
LTE-TP-EP-001499,542020041221088+20250828125404+Fiji-Nadi-LTE-DL-D!20250828125334,Fiji-Nadi-LTE-DL-D,2025-08-28 02:51:59+02:00,2025-08-28 02:52:00+02:00,2,-17.63497149,177.45424037,-17.63494869,177.45424294,167.0,40988.0,41.0,0.656272,2.530228,,,,82.25,81.11500000000001,97.7,91.14500000000001,74.34,68.855,0,2,0,radio_limited_degradation,normal,statistical_only_retained,1.0,5.155919781551416,0.0,79.17,61.82,71.36,High,High,0,0,0,0,0,0,0,0,0,0,2,0,True,High
LTE-TP-EP-000497,542020041221088+20250827131704+Fiji-Nadi-LTE-DL-D!20250827121308,Fiji-Nadi-LTE-DL-D,2025-08-27 02:12:47+02:00,2025-08-27 02:12:51+02:00,5,-17.79730229,177.40908892,-17.79748855,177.40965217,146.0,41384.0,41.0,0.001976,3.839408,,,,79.24,71.728,99.99,89.242,69.21,50.326,0,5,0,radio_limited_degradation,normal,statistical_only_retained,4.0,75.95026680516571,0.0,85.38,54.11,71.31,Critical,Medium,0,1,1,0,0,0,0,5,0,0,5,2,True,High
LTE-TP-EP-001642,542020041221088+20250828133816+Fiji-Nadi-LTE-DL-D!20250828132818,Fiji-Nadi-LTE-DL-D,2025-08-28 03:26:41+02:00,2025-08-28 03:26:42+02:00,2,-17.6154997,177.4666671,-17.6154615,177.4666459,375.0,500.0,1.0,0.217128,1.8908079999999998,,,,81.53,81.14,99.24,93.38,72.48,66.185,0,2,0,radio_limited_degradation,normal,statistical_only_retained,1.0,10.479229651847813,0.0,80.46,60.03,71.27,Critical,High,0,0,0,0,0,0,0,0,0,0,2,0,True,High
LTE-TP-EP-001028,542020041221088+20250828102346+Fiji-Nadi-LTE-DL-D!20250828102312,Fiji-Nadi-LTE-DL-D,2025-08-28 00:21:43+02:00,2025-08-28 00:21:44+02:00,2,-17.737185,177.4599081,-17.737185,177.4599081,338.0,1850.0,3.0,0.0092319995,3.10555999975,54.27980504168722,48.077917041687215,0.00020344680602325544,80.49,80.47,86.13,80.91499999999999,86.25,79.925,0,2,0,ca_underperformance,ml_quantile_p75_resource_underperformance,statistical_only_retained,1.0,0.0,0.0,70.76,71.73,71.2,High,High,1,1,1,1,1,0,0,0,0,0,2,5,True,High
LTE-TP-EP-001380,542020041221088+20250828123202+Fiji-Nadi-LTE-DL-D!20250828122853,Fiji-Nadi-LTE-DL-D,2025-08-28 02:27:02+02:00,2025-08-28 02:27:04+02:00,3,-17.62218535,177.43519892,-17.62229804,177.4353207,354.0,40790.0,41.0,0.736984,5.228048,83.886915,73.784875,0.01184797410597177,86.02,76.51,89.12,81.13666666666667,82.22,70.85666666666667,0,3,0,ca_underperformance,normal,statistical_only_retained,2.0,27.22902475380047,0.0,74.58,67.05,71.19,High,High,3,3,2,2,0,0,0,3,0,0,3,10,True,High
LTE-TP-EP-000862,542020041221088+20250827151552+Fiji-Nadi-LTE-DL-D!20250827151524,Fiji-Nadi-LTE-DL-D,2025-08-27 05:15:13+02:00,2025-08-27 05:15:13+02:00,1,-17.7470291,177.4487421,-17.7470291,177.4487421,487.0,41186.0,41.0,0.605216,0.605216,,,,86.68,86.68,88.88,88.88,84.0,84.0,0,1,0,rb_efficiency_underperformance,normal,statistical_only_retained,0.0,13.308981762993394,0.0,71.0,71.4,71.18,High,High,1,1,1,0,0,0,0,1,0,0,1,3,True,High
LTE-TP-EP-001128,542020041221088+20250828105007+Fiji-Nadi-LTE-DL-D!20250828104930,Fiji-Nadi-LTE-DL-D,2025-08-28 00:49:19+02:00,2025-08-28 00:49:19+02:00,1,-17.6487842,177.4439907,-17.6487842,177.4439907,163.0,40790.0,41.0,0.009944,0.009944,83.04506,83.035116,0.0001197422218732818,87.39,87.39,99.98,99.98,72.0,72.0,0,1,0,sudden_drop,normal,statistical_only_retained,0.0,7.74050331862558,0.0,79.32,61.2,71.17,High,High,0,0,0,0,0,0,0,0,0,0,1,0,True,High
LTE-TP-EP-000784,542020041221088+20250827141150+Fiji-Nadi-LTE-DL-D!20250827140658,Fiji-Nadi-LTE-DL-D,2025-08-27 04:06:52+02:00,2025-08-27 04:06:58+02:00,7,-17.7640333,177.4406962,-17.76386648,177.44083012,122.0,9310.0,28.0,1.56072,3.47832,59.51545075,57.954730749999996,0.026223778537038136,81.97,68.38000000000001,92.85,81.53571428571429,73.72,52.298571428571435,0,7,0,radio_limited_degradation,normal,statistical_only_retained,6.0,35.03376453859938,0.0,82.38,57.31,71.1,Critical,Medium,2,2,3,2,0,0,0,7,7,7,7,9,True,High
LTE-TP-EP-000394,542020041221088+20250827123517+Fiji-Nadi-LTE-DL-D!20250827114634,Fiji-Nadi-LTE-DL-D,2025-08-27 01:44:54+02:00,2025-08-27 01:45:02+02:00,9,-17.78507804,177.39112046,-17.78461551,177.39020029,138.0,1850.0,3.0,0.495824,3.87928,,,,76.56,67.43222222222222,98.26,87.95555555555556,64.69,42.34222222222222,0,9,0,radio_limited_degradation,normal,statistical_only_retained,8.0,124.51716731753582,0.0,88.7,49.4,71.02,Critical,Medium,0,0,2,0,0,0,0,9,0,9,9,2,True,High
LTE-TP-EP-000588,542020041221088+20250827134247+Fiji-Nadi-LTE-DL-D!20250827130749,Fiji-Nadi-LTE-DL-D,2025-08-27 03:05:53+02:00,2025-08-27 03:05:54+02:00,2,-17.78081721,177.43155401,-17.78081721,177.43155401,394.0,40790.0,41.0,20.906624,27.494392,119.0290425,98.12241850000001,0.1756430494683682,80.59,74.755,64.75,61.525,99.96,90.925,1,1,0,rb_conditioned_underperformance,ml_hgb_strict_causal_temporal_underperformance,statistical_and_ml_consensus,1.0,0.30900448505712186,50.0,55.12,90.21,70.91,High,Very High,2,2,0,0,1,1,2,0,0,0,2,8,True,High
LTE-TP-EP-000696,542020041221088+20250827135649+Fiji-Nadi-LTE-DL-D!20250827133934,Fiji-Nadi-LTE-DL-D,2025-08-27 03:39:13+02:00,2025-08-27 03:39:14+02:00,2,-17.77935821,177.41171072,-17.77933111,177.41165133,137.0,40790.0,41.0,7.33064,23.232575,138.2563025,99.1217925,0.19916590576673976,77.17,76.545,63.17,60.83,100.0,95.75,1,1,0,radio_limited_degradation,ml_quantile_p75_resource_underperformance,statistical_and_ml_consensus,1.0,12.96767959283114,50.0,54.12,91.44,70.91,Medium,Very High,1,1,0,0,1,1,1,0,0,0,0,5,True,High
LTE-TP-EP-001782,542020041221088+20250828140457+Fiji-Nadi-LTE-DL-D!20250828140425,Fiji-Nadi-LTE-DL-D,2025-08-28 04:02:58+02:00,2025-08-28 04:02:59+02:00,2,-17.6057633,177.44957717,-17.6057033,177.4495138,139.0,40988.0,41.0,0.028392,4.632628,88.404305,79.167441,0.0017742170123865241,86.04,78.245,81.94,76.10499999999999,91.06,80.87,0,2,0,ca_underperformance,ml_quantile_p75_resource_underperformance,statistical_only_retained,1.0,14.81569596715447,0.0,67.49,74.85,70.81,High,High,1,1,1,1,1,1,0,0,0,0,2,6,True,High
LTE-TP-EP-000748,542020041221088+20250827140810+Fiji-Nadi-LTE-DL-D!20250827140022,Fiji-Nadi-LTE-DL-D,2025-08-27 04:00:21+02:00,2025-08-27 04:00:22+02:00,2,-17.7665226,177.4477113,-17.7665226,177.44771125,124.0,41186.0,41.0,0.018152,4.3376,59.89082896859547,51.23378096859547,0.0006755288630398658,82.29,79.345,78.69,75.89,93.53,83.565,0,2,0,radio_limited_degradation,normal,statistical_only_retained,1.0,0.005294597248788544,0.0,65.66,77.01,70.77,High,High,0,0,0,0,0,0,0,0,0,0,2,0,True,High
LTE-TP-EP-001618,542020041221088+20250828132735+Fiji-Nadi-LTE-DL-D!20250828132130,Fiji-Nadi-LTE-DL-D,2025-08-28 03:20:46+02:00,2025-08-28 03:20:48+02:00,3,-17.62077307,177.46250808,-17.6210114,177.4624263,234.0,500.0,1.0,0.003432,8.686648,81.84013082126228,55.45769982126228,7.748434328286415e-05,79.54,75.00333333333333,85.71,70.52333333333333,84.72,80.47666666666667,0,3,0,sudden_drop,normal,statistical_only_retained,2.0,37.2180486818962,0.0,70.58,70.95,70.75,High,High,0,0,0,0,0,0,0,0,0,0,3,0,True,High
LTE-TP-EP-001040,542020041221088+20250828102746+Fiji-Nadi-LTE-DL-D!20250828102524,Fiji-Nadi-LTE-DL-D,2025-08-28 00:24:13+02:00,2025-08-28 00:24:16+02:00,4,-17.737185,177.4599079,-17.7371761,177.4599083,338.0,1850.0,3.0,0.00208,3.722156,103.049195,77.700875,8.862457744877323e-05,83.15,75.99000000000001,81.34,73.89750000000001,85.37,78.5525,0,4,0,radio_limited_degradation,normal,statistical_only_retained,3.0,1.0019400023510354,0.0,70.58,70.86,70.71,High,High,2,2,1,1,1,0,1,0,0,0,4,8,True,High
LTE-TP-EP-000483,542020041221088+20250827131704+Fiji-Nadi-LTE-DL-D!20250827121308,Fiji-Nadi-LTE-DL-D,2025-08-27 02:11:42+02:00,2025-08-27 02:11:43+02:00,2,-17.7968343,177.407094,-17.7968343,177.407094,363.0,40790.0,41.0,0.346288,1.605376,49.4498,46.585336000000005,0.057926705466958404,76.0,75.375,98.79,87.56,75.59,60.480000000000004,0,2,0,ca_underperformance,normal,statistical_only_retained,1.0,0.011119508138052268,0.0,79.05,60.47,70.69,High,High,1,1,1,1,0,0,0,2,0,0,2,4,True,High
LTE-TP-EP-001379,542020041221088+20250828123202+Fiji-Nadi-LTE-DL-D!20250828122853,Fiji-Nadi-LTE-DL-D,2025-08-28 02:26:53+02:00,2025-08-28 02:26:53+02:00,1,-17.6215741,177.4351459,-17.6215741,177.4351459,347.0,40790.0,41.0,3.794096,3.794096,62.203377,58.409281,0.06099501639597477,85.59,85.59,80.9,80.9,91.33,91.33,0,1,0,ca_underperformance,ml_quantile_p75_resource_underperformance,statistical_only_retained,0.0,,0.0,65.01,77.63,70.69,High,High,1,1,1,1,1,0,0,0,0,0,1,5,True,High
LTE-TP-EP-000288,542020041221088+20250827115912+Fiji-Nadi-LTE-DL-D!20250827112451,Fiji-Nadi-LTE-DL-D,2025-08-27 01:24:04+02:00,2025-08-27 01:24:05+02:00,2,-17.7694953,177.4391596,-17.7694953,177.4391596,123.0,41384.0,41.0,4.236888,12.008716,105.95971,86.17916600000001,0.1579873477367984,80.41,73.33500000000001,65.42,64.9,100.0,83.64500000000001,1,1,0,rb_conditioned_underperformance,ml_quantile_p75_resource_underperformance,statistical_and_ml_consensus,1.0,0.0,50.0,56.17,88.41,70.68,High,Very High,1,1,0,0,1,1,1,0,0,0,2,5,True,High
LTE-TP-EP-000425,542020041221088+20250827123858+Fiji-Nadi-LTE-DL-D!20250827115524,Fiji-Nadi-LTE-DL-D,2025-08-27 01:54:53+02:00,2025-08-27 01:54:54+02:00,2,-17.7788813,177.3685221,-17.77888065,177.36852729,156.0,40790.0,41.0,1.05068,7.1178,49.79234980903473,48.74166980903473,0.02110123350333139,86.95,75.09,85.46,69.72,88.77,81.655,0,2,0,radio_limited_degradation,normal,statistical_only_retained,1.0,9.778793731239674,0.0,68.15,73.68,70.64,High,High,0,0,0,0,0,0,0,0,0,0,2,0,True,High
LTE-TP-EP-001032,542020041221088+20250828102346+Fiji-Nadi-LTE-DL-D!20250828102312,Fiji-Nadi-LTE-DL-D,2025-08-28 00:22:24+02:00,2025-08-28 00:22:27+02:00,4,-17.7371848,177.4599081,-17.7371848,177.4599081,338.0,1850.0,3.0,0.018632,0.047644000000000006,17.91372923736067,17.89509723736067,0.0010400961046760332,83.06,77.785,90.8,81.8625,73.6,72.8,0,4,0,radio_limited_degradation,normal,statistical_only_retained,3.0,0.0,0.0,77.38,62.36,70.62,High,High,0,0,0,0,0,0,0,0,0,0,4,0,True,High
LTE-TP-EP-001596,542020041221088+20250828132455+Fiji-Nadi-LTE-DL-D!20250828131658,Fiji-Nadi-LTE-DL-D,2025-08-28 03:15:34+02:00,2025-08-28 03:15:35+02:00,2,-17.6253214,177.4648207,-17.62532195,177.46482076,254.0,41384.0,41.0,8.05704,11.942356,78.06750410810267,70.01046410810267,0.10320606623779274,87.43,73.65,83.13,71.065,92.69,76.815,0,2,0,radio_limited_degradation,normal,statistical_only_retained,1.0,9.25716118752646,0.0,67.14,74.82,70.6,High,High,0,0,0,0,0,0,0,0,0,0,0,0,True,High
LTE-TP-EP-000859,542020041221088+20250827151552+Fiji-Nadi-LTE-DL-D!20250827151524,Fiji-Nadi-LTE-DL-D,2025-08-27 05:14:51+02:00,2025-08-27 05:14:52+02:00,2,-17.74780798,177.4513174,-17.7478185,177.4511427,50.0,41384.0,41.0,20.07896,30.67346,121.14346,101.06450000000001,0.16574530725802283,80.93,72.435,65.33,60.2,100.0,87.38499999999999,1,1,0,rb_conditioned_underperformance,ml_quantile_p75_resource_underperformance,statistical_and_ml_consensus,1.0,27.400167840413204,50.0,55.18,89.35,70.55,High,Very High,2,2,0,0,1,1,1,0,0,0,2,7,True,High
LTE-TP-EP-001011,542020041221088+20250827161234+Fiji-Nadi-LTE-DL-D!20250827161029,Fiji-Nadi-LTE-DL-D,2025-08-27 06:08:52+02:00,2025-08-27 06:08:57+02:00,6,-17.81447112,177.43835954,-17.81465411,177.43851541,395.0,1850.0,3.0,1.2584879,3.8105919999999998,38.729599,31.386215,0.18960650741568486,82.39,72.145,95.6,83.01333333333334,67.58,58.85833333333333,0,6,0,radio_limited_degradation,normal,statistical_only_retained,5.0,26.26597422845895,0.0,83.02,55.26,70.53,Critical,Medium,1,1,1,1,0,0,0,6,0,0,6,4,True,High
LTE-TP-EP-000464,542020041221088+20250827131523+Fiji-Nadi-LTE-DL-D!20250827120845,Fiji-Nadi-LTE-DL-D,2025-08-27 02:07:52+02:00,2025-08-27 02:07:56+02:00,5,-17.78486695,177.39088023,-17.78513296,177.39134484,138.0,9310.0,28.0,0.4584,3.868216,,,,81.21,73.064,98.4,88.438,66.79,54.26800000000001,0,5,0,rb_efficiency_underperformance,normal,statistical_only_retained,4.0,71.34592019740028,0.0,84.35,53.64,70.53,Critical,Medium,0,0,3,0,0,0,0,5,0,5,5,3,True,High
LTE-TP-EP-000237,542020041221088+20250827112649+Fiji-Nadi-LTE-DL-D!20250827110516,Fiji-Nadi-LTE-DL-D,2025-08-27 01:03:37+02:00,2025-08-27 01:03:44+02:00,8,-17.7702401,177.4874639,-17.7695338,177.487682,82.0,41186.0,41.0,0.055176,4.312188,60.097231750000006,45.30547225000001,0.09584354629445443,74.98,64.88375,90.81,69.35875,73.55,59.415,0,8,0,radio_limited_degradation,normal,statistical_only_retained,7.0,93.08257509888917,0.0,79.9,58.98,70.49,High,Medium,4,4,2,3,0,0,0,8,0,0,8,13,True,High
LTE-TP-EP-000164,542020041221088+20250827104707+Fiji-Nadi-LTE-DL-D!20250827104518,Fiji-Nadi-LTE-DL-D,2025-08-27 00:45:06+02:00,2025-08-27 00:45:07+02:00,2,-17.7833653,177.4479034,-17.78336488,177.44790233,127.0,40988.0,41.0,1.929608,7.946272,56.075377122132224,54.14576912213222,0.03441096786201387,87.83,72.69,86.12,72.33500000000001,89.92,73.12,0,2,0,rolling_local_drop,normal,statistical_only_retained,1.0,26.846549164963523,0.0,69.04,72.23,70.48,High,High,0,0,0,0,0,0,0,0,0,0,2,0,True,High
LTE-TP-EP-001497,542020041221088+20250828125404+Fiji-Nadi-LTE-DL-D!20250828125334,Fiji-Nadi-LTE-DL-D,2025-08-28 02:51:43+02:00,2025-08-28 02:51:43+02:00,1,-17.63518593,177.45413,-17.63518593,177.45413,167.0,40988.0,41.0,6.257264,6.257264,88.404305,82.14704099999999,0.07078008248580203,85.8,85.8,88.05,88.05,83.04,83.04,0,1,0,rb_efficiency_underperformance,ml_quantile_p75_resource_underperformance,statistical_only_retained,0.0,0.0530896308458563,0.0,70.37,70.58,70.47,High,High,1,1,1,0,1,0,0,0,0,0,1,4,True,High
LTE-TP-EP-000681,542020041221088+20250827135549+Fiji-Nadi-LTE-DL-D!20250827133724,Fiji-Nadi-LTE-DL-D,2025-08-27 03:35:30+02:00,2025-08-27 03:35:31+02:00,2,-17.7884825,177.4268301,-17.78848788,177.42682653,132.0,9310.0,28.0,0.518456,1.636484,40.87669165240217,38.122179652402174,0.01809305370969558,84.41,79.82499999999999,77.89,77.62,93.03,82.515,0,2,0,rolling_local_drop,normal,statistical_only_retained,1.0,14.652142008128669,0.0,65.57,76.45,70.46,High,High,0,0,0,0,0,0,0,0,0,0,2,0,True,High
LTE-TP-EP-000773,542020041221088+20250827141150+Fiji-Nadi-LTE-DL-D!20250827140658,Fiji-Nadi-LTE-DL-D,2025-08-27 04:05:20+02:00,2025-08-27 04:05:21+02:00,2,-17.76532001,177.44330496,-17.76533316,177.44326398,125.0,41186.0,41.0,0.609904,14.029692,82.81169975460841,55.36221975460841,0.011907230330526007,87.31,73.63,87.08,70.88,87.6,77.0,0,2,0,radio_limited_degradation,normal,statistical_only_retained,1.0,4.600758021480515,0.0,69.28,71.81,70.42,High,High,0,0,0,0,0,0,0,0,0,0,2,0,True,High
LTE-TP-EP-001623,542020041221088+20250828133115+Fiji-Nadi-LTE-DL-D!20250828132346,Fiji-Nadi-LTE-DL-D,2025-08-28 03:22:26+02:00,2025-08-28 03:22:27+02:00,2,-17.6250218,177.46158154,-17.62510636,177.46166175,231.0,500.0,1.0,9.854184,12.221148,78.76266000000001,64.17454800000002,0.18521609097508893,79.68,74.465,63.05,58.78,100.0,93.63499999999999,1,1,0,rb_conditioned_underperformance,ml_quantile_p75_resource_underperformance,statistical_and_ml_consensus,1.0,12.725363050903015,50.0,53.64,90.91,70.41,Medium,Very High,1,1,0,0,1,1,1,1,0,0,2,5,True,High
LTE-TP-EP-000707,542020041221088+20250827135949+Fiji-Nadi-LTE-DL-D!20250827134144,Fiji-Nadi-LTE-DL-D,2025-08-27 03:41:08+02:00,2025-08-27 03:41:10+02:00,3,-17.7735735,177.4075404,-17.7734278,177.4074875,135.0,40790.0,41.0,0.010008,0.014656,120.54668963811612,59.87323620995611,0.00016712521393982997,83.68,75.02666666666667,91.93,75.30333333333334,76.89,74.69666666666666,0,3,0,radio_limited_degradation,normal,statistical_only_retained,2.0,25.785108372708322,0.0,74.96,64.81,70.39,High,High,0,0,0,0,0,0,0,0,0,0,3,0,True,High
LTE-TP-EP-000413,542020041221088+20250827123738+Fiji-Nadi-LTE-DL-D!20250827115101,Fiji-Nadi-LTE-DL-D,2025-08-27 01:49:05+02:00,2025-08-27 01:49:05+02:00,1,-17.7739675,177.3746823,-17.7739675,177.3746823,157.0,500.0,1.0,69.44632,69.44632,210.8213366303975,141.3750166303975,0.3294084038645015,75.68,75.68,55.78,55.78,100.0,100.0,1,0,0,rb_conditioned_underperformance,ml_hgb_strict_causal_temporal_underperformance,statistical_and_ml_consensus,0.0,4.972971063954742,100.0,46.17,100.0,70.39,Medium,Very High,0,1,0,0,0,1,1,1,1,0,1,3,True,High
LTE-TP-EP-001494,542020041221088+20250828125203+Fiji-Nadi-LTE-DL-D!20250828125121,Fiji-Nadi-LTE-DL-D,2025-08-28 02:51:03+02:00,2025-08-28 02:51:03+02:00,1,-17.6342212,177.4535703,-17.6342212,177.4535703,275.0,40988.0,41.0,0.12916,0.12916,,,,86.45,86.45,99.55,99.55,70.43,70.43,0,1,0,radio_limited_degradation,normal,statistical_only_retained,0.0,12.157663015760617,0.0,79.0,59.87,70.39,High,Medium,0,0,0,0,0,0,0,1,0,0,1,0,True,High
LTE-TP-EP-000970,542020041221088+20250827160614+Fiji-Nadi-LTE-DL-D!20250827155934,Fiji-Nadi-LTE-DL-D,2025-08-27 05:57:56+02:00,2025-08-27 05:58:01+02:00,6,-17.8006396,177.4527421,-17.80088095,177.45288185,148.0,40790.0,41.0,0.467224,2.269068,49.4498,48.158784000000004,0.02610760811974972,77.32,71.56,89.36,77.52499999999999,73.99,64.27166666666666,0,6,0,rb_efficiency_underperformance,normal,statistical_only_retained,5.0,38.333812703447464,0.0,78.49,60.46,70.38,High,High,3,3,5,2,0,0,0,6,0,0,6,13,True,High
LTE-TP-EP-000138,542020041221088+20250827103926+Fiji-Nadi-LTE-DL-D!20250827103843,Fiji-Nadi-LTE-DL-D,2025-08-27 00:37:17+02:00,2025-08-27 00:37:25+02:00,9,-17.8132208,177.4348914,-17.81292808,177.43478619,148.0,41186.0,41.0,0.003136,0.020184,,,,79.14,75.84666666666666,99.99,99.56222222222222,53.74,46.86222222222222,0,9,0,radio_limited_degradation,normal,statistical_only_retained,8.0,37.2665890752196,0.0,91.98,43.96,70.37,Critical,Medium,0,0,0,0,0,0,0,9,0,0,9,0,True,High
LTE-TP-EP-001223,542020041221088+20250828114552+Fiji-Nadi-LTE-DL-D!20250828111754,Fiji-Nadi-LTE-DL-D,2025-08-28 01:15:52+02:00,2025-08-28 01:15:52+02:00,1,-17.5953338,177.5064251,-17.5953338,177.5064251,349.0,1850.0,3.0,1.878448,1.878448,,,,85.43,85.43,84.43,84.43,86.65,86.65,0,1,0,rb_efficiency_underperformance,ml_quantile_p75_resource_underperformance,statistical_only_retained,0.0,,0.0,67.66,73.65,70.36,High,High,1,1,1,0,1,0,0,1,0,0,1,4,True,High
LTE-TP-EP-000834,542020041221088+20250827151132+Fiji-Nadi-LTE-DL-D!20250827151053,Fiji-Nadi-LTE-DL-D,2025-08-27 05:10:29+02:00,2025-08-27 05:10:29+02:00,1,-17.75424166,177.45135764,-17.75424166,177.45135764,114.0,9310.0,28.0,2.818976,2.818976,58.589800488388875,55.770824488388875,0.04811376684169893,85.48,85.48,85.24,85.24,85.77,85.77,0,1,0,sudden_drop,normal,statistical_only_retained,0.0,0.23575561663606942,0.0,68.27,72.9,70.35,High,High,0,0,0,0,0,0,0,1,0,0,1,0,True,High
LTE-TP-EP-000005,542020041221088+20250827094505+Fiji-Nadi-LTE-DL-D!20250827094151,Fiji-Nadi-LTE-DL-D,2025-08-26 23:40:01+02:00,2025-08-26 23:40:01+02:00,1,-17.8159711,177.3955937,-17.8159711,177.3955937,288.0,40790.0,41.0,14.059544,14.059544,53.47080336184639,39.41125936184639,0.2629387089035595,75.7,75.7,57.43,57.43,98.04,98.04,1,0,0,ca_underperformance,ml_quantile_p75_resource_underperformance,statistical_and_ml_consensus,0.0,0.011119508138052268,100.0,47.41,98.33,70.32,Medium,Very High,1,1,0,1,1,1,1,0,0,0,1,6,True,High
LTE-TP-EP-000004,542020041221088+20250827094505+Fiji-Nadi-LTE-DL-D!20250827094151,Fiji-Nadi-LTE-DL-D,2025-08-26 23:39:49+02:00,2025-08-26 23:39:50+02:00,2,-17.8159711,177.3955936,-17.81597115,177.39559364,288.0,40790.0,41.0,5.243832,8.08544,49.4498,44.205968000000006,0.1060435431488095,79.33,75.99000000000001,69.36,63.285,91.53,91.52000000000001,1,1,0,ca_underperformance,ml_quantile_p75_resource_underperformance,statistical_and_ml_consensus,1.0,0.006988694733692624,50.0,58.01,85.3,70.29,High,Very High,2,2,1,2,2,0,1,0,0,0,2,10,True,High
LTE-TP-EP-000729,542020041221088+20250827140609+Fiji-Nadi-LTE-DL-D!20250827135810,Fiji-Nadi-LTE-DL-D,2025-08-27 03:56:24+02:00,2025-08-27 03:56:25+02:00,2,-17.76710927,177.44435715,-17.7670866,177.44440716,123.0,41186.0,41.0,0.557968,5.076004,58.03267150502576,48.43863150502576,0.016875758002358403,79.74,77.975,79.66,74.865,91.56,81.78,0,2,0,rolling_local_drop,normal,statistical_only_retained,1.0,6.120725566113233,0.0,65.99,75.38,70.22,High,High,0,0,0,0,0,0,0,0,0,0,2,0,True,High
LTE-TP-EP-001616,542020041221088+20250828132735+Fiji-Nadi-LTE-DL-D!20250828132130,Fiji-Nadi-LTE-DL-D,2025-08-28 03:20:20+02:00,2025-08-28 03:20:23+02:00,4,-17.619353,177.4644681,-17.6195232,177.464233,250.0,500.0,1.0,0.020152,0.055611998999999995,21.578661385594202,18.088173385594203,0.00357141470967469,83.13,75.57249999999999,90.93,78.2225,73.6,72.33,0,4,0,radio_limited_degradation,normal,statistical_only_retained,3.0,51.2576403667381,0.0,76.72,62.24,70.21,High,High,0,0,0,0,0,0,0,0,0,0,4,0,True,High
LTE-TP-EP-000621,542020041221088+20250827134607+Fiji-Nadi-LTE-DL-D!20250827131425,Fiji-Nadi-LTE-DL-D,2025-08-27 03:13:37+02:00,2025-08-27 03:13:44+02:00,8,-17.77365429,177.43391335,-17.7732165,177.4342317,339.0,41186.0,41.0,0.549776,0.725376,,,,78.08,76.6275,89.08,88.5475,65.31,62.05875,0,8,0,radio_limited_degradation,normal,statistical_only_retained,7.0,59.7702966261724,0.0,82.78,54.7,70.15,Critical,Medium,0,0,0,0,0,0,0,0,0,0,6,0,True,High
LTE-TP-EP-000722,542020041221088+20250827140349+Fiji-Nadi-LTE-DL-D!20250827135601,Fiji-Nadi-LTE-DL-D,2025-08-27 03:54:13+02:00,2025-08-27 03:54:19+02:00,7,-17.76906107,177.44018496,-17.76906107,177.44018496,123.0,40988.0,41.0,0.087848,0.118888,,,,78.7,78.61428571428571,90.69,90.58428571428571,64.05,63.98714285714285,0,7,0,radio_limited_degradation,normal,statistical_only_retained,6.0,0.016174527985182503,0.0,83.0,54.43,70.14,Critical,Medium,0,0,0,0,0,0,0,0,0,0,7,0,True,High
LTE-TP-EP-001387,542020041221088+20250828123522+Fiji-Nadi-LTE-DL-D!20250828123323,Fiji-Nadi-LTE-DL-D,2025-08-28 02:31:21+02:00,2025-08-28 02:31:21+02:00,1,-17.6274955,177.4329251,-17.6274955,177.4329251,354.0,40988.0,41.0,0.616648,0.616648,38.595138500000004,37.97849050000001,0.015977349064312852,84.71,84.71,77.29,77.29,93.78,93.78,0,1,0,ca_underperformance,ml_severe_quantile_p75_resource_underperformance,statistical_only_retained,0.0,,0.0,62.3,79.71,70.14,High,High,1,1,1,1,1,0,0,1,0,0,1,5,True,High
LTE-TP-EP-000089,542020041221088+20250827102346+Fiji-Nadi-LTE-DL-D!20250827102142,Fiji-Nadi-LTE-DL-D,2025-08-27 00:20:24+02:00,2025-08-27 00:20:25+02:00,2,-17.8102354,177.4082182,-17.8102753,177.408332,145.0,41186.0,41.0,20.973495,27.54496,105.7221075,74.39446153402956,0.21992182450209213,82.12,68.08,67.49,59.735,100.0,78.28,1,1,0,radio_p75_underperformance,ml_quantile_p75_resource_underperformance,statistical_and_ml_consensus,1.0,38.91395688901065,50.0,56.27,87.07,70.13,High,Very High,2,1,0,0,1,1,1,0,0,0,2,6,True,High
LTE-TP-EP-000361,542020041221088+20250827123337+Fiji-Nadi-LTE-DL-D!20250827114216,Fiji-Nadi-LTE-DL-D,2025-08-27 01:41:06+02:00,2025-08-27 01:41:13+02:00,8,-17.7967222,177.4075175,-17.7967214,177.407518,146.0,41384.0,41.0,0.006136,0.027168,,,,78.95,77.58375,99.98,99.89875,53.25,50.30875,0,8,0,radio_limited_degradation,normal,statistical_only_retained,7.0,0.511801018210625,0.0,91.05,44.53,70.11,Critical,Medium,0,0,0,0,0,0,0,8,0,0,8,0,True,High
LTE-TP-EP-000166,542020041221088+20250827105427+Fiji-Nadi-LTE-DL-D!20250827104733,Fiji-Nadi-LTE-DL-D,2025-08-27 00:45:33+02:00,2025-08-27 00:45:34+02:00,2,-17.78152218,177.4506526,-17.78145675,177.45075491,127.0,40988.0,41.0,0.034816,0.29198399999999997,36.177398974964774,35.628246974964775,0.0013625591158931468,84.21,80.145,80.99,79.55,88.14,80.87,0,2,0,radio_limited_degradation,normal,statistical_only_retained,1.0,26.226354125208587,0.0,67.66,73.1,70.11,High,High,0,0,0,0,0,0,0,0,0,0,2,0,True,High
LTE-TP-EP-000847,542020041221088+20250827151332+Fiji-Nadi-LTE-DL-D!20250827151309,Fiji-Nadi-LTE-DL-D,2025-08-27 05:12:30+02:00,2025-08-27 05:12:30+02:00,1,-17.7531713,177.4542141,-17.7531713,177.4542141,115.0,9310.0,28.0,10.09956,10.09956,79.27889234549632,69.17933234549632,0.1273927990313772,84.81,84.81,79.63,79.63,91.15,91.15,0,1,0,sudden_drop,normal,statistical_only_retained,0.0,5.7386078930439215,0.0,64.06,77.48,70.1,High,High,0,0,0,0,0,0,0,0,0,0,1,0,True,High
LTE-TP-EP-000409,542020041221088+20250827123638+Fiji-Nadi-LTE-DL-D!20250827114845,Fiji-Nadi-LTE-DL-D,2025-08-27 01:48:35+02:00,2025-08-27 01:48:37+02:00,3,-17.7754088,177.3753685,-17.77534328,177.37533143,158.0,40988.0,41.0,0.116424,0.131448,,,,82.69,81.04666666666667,90.59,90.51333333333334,73.25,69.47333333333334,0,3,0,radio_limited_degradation,normal,statistical_only_retained,2.0,21.54272073370486,0.0,77.27,61.32,70.09,High,High,0,0,0,0,0,0,0,0,0,0,0,0,True,High
LTE-TP-EP-001572,542020041221088+20250828131435+Fiji-Nadi-LTE-DL-D!20250828131128,Fiji-Nadi-LTE-DL-D,2025-08-28 03:09:54+02:00,2025-08-28 03:09:55+02:00,2,-17.62662792,177.46562588,-17.62665446,177.4656937,254.0,40988.0,41.0,0.021399999,0.0250799995,60.82854272174373,60.79978272174373,0.0003528501055944225,83.84,83.495,92.27,92.24,73.6,72.8,0,2,0,radio_limited_degradation,normal,statistical_only_retained,1.0,16.463623142663046,0.0,76.4,62.36,70.08,High,High,0,0,0,0,0,0,0,0,0,0,2,0,True,High
LTE-TP-EP-000851,542020041221088+20250827151332+Fiji-Nadi-LTE-DL-D!20250827151309,Fiji-Nadi-LTE-DL-D,2025-08-27 05:12:59+02:00,2025-08-27 05:12:59+02:00,1,-17.7527375,177.4542501,-17.7527375,177.4542501,115.0,9310.0,28.0,7.238576,7.238576,81.49150274228886,74.25292674228886,0.0888261445232086,85.2,85.2,86.32,86.32,83.82,83.82,0,1,0,sudden_drop,normal,statistical_only_retained,0.0,17.640519012012472,0.0,69.08,71.25,70.05,High,High,0,0,0,0,0,0,0,0,0,0,1,0,True,High
LTE-TP-EP-001492,542020041221088+20250828125203+Fiji-Nadi-LTE-DL-D!20250828125121,Fiji-Nadi-LTE-DL-D,2025-08-28 02:50:58+02:00,2025-08-28 02:50:59+02:00,2,-17.6344233,177.4534504,-17.63442458,177.45345288,167.0,40988.0,41.0,2.845392,4.093024,,,,84.13,81.46000000000001,90.04,85.67500000000001,76.91,76.315,0,2,0,radio_limited_degradation,normal,statistical_only_retained,1.0,2.720759131857684,0.0,73.86,65.22,69.98,High,High,0,0,0,0,0,0,0,2,0,0,2,0,True,High
LTE-TP-EP-000514,542020041221088+20250827132625+Fiji-Nadi-LTE-DL-D!20250827122623,Fiji-Nadi-LTE-DL-D,2025-08-27 02:26:00+02:00,2025-08-27 02:26:03+02:00,4,-17.8070401,177.4181157,-17.8070401,177.4181157,149.0,41384.0,41.0,0.029416,0.225072,17.821780668531595,17.561748668531596,0.01308510052627109,83.12,74.435,90.9,76.28,73.6,72.18,0,4,0,radio_limited_degradation,normal,statistical_only_retained,3.0,0.0,0.0,76.32,62.2,69.97,High,High,0,0,0,0,0,0,0,0,0,0,4,0,True,High
LTE-TP-EP-000529,542020041221088+20250827133105+Fiji-Nadi-LTE-DL-D!20250827124329,Fiji-Nadi-LTE-DL-D,2025-08-27 02:42:53+02:00,2025-08-27 02:42:55+02:00,3,-17.8056896,177.4149006,-17.80568929,177.41490073,144.0,41384.0,41.0,0.089712,0.12076,14.344570055228063,13.865762055228062,0.03337904155764448,82.94,79.17666666666666,90.69,84.26,73.6,72.96333333333332,0,3,0,radio_limited_degradation,normal,statistical_only_retained,2.0,0.15596923595671783,0.0,76.07,62.4,69.92,High,High,0,0,0,0,0,0,0,0,0,0,3,0,True,High
LTE-TP-EP-000835,542020041221088+20250827151132+Fiji-Nadi-LTE-DL-D!20250827151053,Fiji-Nadi-LTE-DL-D,2025-08-27 05:10:37+02:00,2025-08-27 05:10:38+02:00,2,-17.75413353,177.45097588,-17.75410028,177.450929,114.0,9310.0,28.0,0.089448,5.747488000000001,69.65732509095629,58.25179709095629,0.0016017196841358657,82.7,78.86500000000001,90.14,81.195,78.43,76.015,0,2,0,radio_limited_degradation,normal,statistical_only_retained,1.0,12.548905901894766,0.0,73.02,66.06,69.89,High,High,0,0,0,0,0,0,0,0,0,0,2,0,True,High
LTE-TP-EP-000508,542020041221088+20250827132304+Fiji-Nadi-LTE-DL-D!20250827122156,Fiji-Nadi-LTE-DL-D,2025-08-27 02:21:33+02:00,2025-08-27 02:21:33+02:00,1,-17.80387452,177.41972233,-17.80387452,177.41972233,144.0,41384.0,41.0,13.062232,13.062232,60.15991375,47.09768175,0.21712517830862083,75.01,75.01,54.56,54.56,100.0,100.0,1,0,0,ca_underperformance,ml_quantile_p75_resource_underperformance,statistical_and_ml_consensus,0.0,5.930989445201607,100.0,45.26,100.0,69.89,Medium,Very High,1,1,0,1,1,1,1,1,0,0,1,6,True,High
LTE-TP-EP-001021,542020041221088+20250827161234+Fiji-Nadi-LTE-DL-D!20250827161029,Fiji-Nadi-LTE-DL-D,2025-08-27 06:10:14+02:00,2025-08-27 06:10:15+02:00,2,-17.81422479,177.44262569,-17.8142138,177.4426952,469.0,1850.0,3.0,0.866408,2.2522320000000002,53.8361855,50.1981295,0.06757640732180031,80.68,77.695,96.97,86.78999999999999,72.39,66.58,0,2,0,ca_underperformance,normal,statistical_only_retained,1.0,7.572097493093785,0.0,77.9,60.08,69.88,High,High,1,1,1,1,0,0,0,2,0,0,2,4,True,High
LTE-TP-EP-001797,542020041221088+20250828140718+Fiji-Nadi-LTE-DL-D!20250828140641,Fiji-Nadi-LTE-DL-D,2025-08-28 04:05:48+02:00,2025-08-28 04:05:49+02:00,2,-17.60737925,177.45473242,-17.6075623,177.4547515,183.0,40790.0,41.0,14.588136,17.9787955,118.44779,103.85965399999999,0.12316089645910659,82.03,68.635,74.58,66.305,91.13,71.47999999999999,1,1,0,ca_underperformance,ml_quantile_p75_resource_underperformance,statistical_and_ml_consensus,1.0,30.838444303467824,50.0,61.49,80.05,69.84,High,Very High,2,2,0,1,1,0,1,2,0,0,2,7,True,High
LTE-TP-EP-000873,542020041221088+20250827151812+Fiji-Nadi-LTE-DL-D!20250827151738,Fiji-Nadi-LTE-DL-D,2025-08-27 05:16:46+02:00,2025-08-27 05:16:46+02:00,1,-17.74673339,177.44244286,-17.74673339,177.44244286,122.0,1850.0,3.0,5.026608,5.026608,54.510314221292234,49.48370622129223,0.0922138878083473,84.44,84.44,78.46,78.46,91.75,91.75,0,1,0,sudden_drop,normal,statistical_only_retained,0.0,1.8973729525698546,0.0,63.18,77.99,69.84,High,High,0,0,0,0,0,0,0,0,0,0,1,0,True,High
LTE-TP-EP-000744,542020041221088+20250827140810+Fiji-Nadi-LTE-DL-D!20250827140022,Fiji-Nadi-LTE-DL-D,2025-08-27 03:59:32+02:00,2025-08-27 03:59:33+02:00,2,-17.7665226,177.4477113,-17.7665226,177.44771125,124.0,41186.0,41.0,0.543336,1.049912,42.981360013912294,41.42487201391229,0.013974617399082224,83.2,80.75,82.14,81.72999999999999,85.49,79.54499999999999,0,2,0,radio_limited_degradation,normal,statistical_only_retained,1.0,0.010589194497577089,0.0,68.73,71.18,69.83,High,High,0,0,0,0,0,0,0,0,0,0,2,0,True,High
LTE-TP-EP-000738,542020041221088+20250827140810+Fiji-Nadi-LTE-DL-D!20250827140022,Fiji-Nadi-LTE-DL-D,2025-08-27 03:58:30+02:00,2025-08-27 03:58:32+02:00,3,-17.76653285,177.44773828,-17.7665328,177.4477383,124.0,41186.0,41.0,0.010064,4.141744,47.96205813383687,42.156400215637646,0.0002386730826785262,79.06,75.57000000000001,84.84,76.51666666666667,82.29,74.41000000000001,0,3,0,rolling_local_drop,normal,statistical_only_retained,2.0,0.011898924959961503,0.0,71.3,67.98,69.81,High,High,0,0,0,0,0,0,0,0,0,0,3,0,True,High
LTE-TP-EP-001237,542020041221088+20250828114952+Fiji-Nadi-LTE-DL-D!20250828112430,Fiji-Nadi-LTE-DL-D,2025-08-28 01:23:06+02:00,2025-08-28 01:23:07+02:00,2,-17.6071434,177.4613264,-17.60714317,177.46132611,196.0,500.0,1.0,0.657352,5.502024,59.31967,48.972974,0.17442268306617348,86.41,75.405,97.7,79.54,72.61,70.35499999999999,0,2,0,ca_underperformance,normal,statistical_only_retained,1.0,0.9326444495508074,0.0,76.85,61.15,69.79,High,High,1,1,0,1,0,0,0,2,0,0,2,3,True,High
LTE-TP-EP-000080,542020041221088+20250827102006+Fiji-Nadi-LTE-DL-D!20250827101931,Fiji-Nadi-LTE-DL-D,2025-08-27 00:17:32+02:00,2025-08-27 00:17:36+02:00,5,-17.8160388,177.395537,-17.8160388,177.395537,351.0,500.0,1.0,0.002664,0.024504,,,,80.51,78.22200000000001,90.99,90.924,67.71,62.7,0,5,0,radio_limited_degradation,normal,statistical_only_retained,4.0,0.0,0.0,80.77,56.3,69.76,Critical,Medium,0,0,0,0,0,0,0,0,0,0,5,0,True,High
LTE-TP-EP-000149,542020041221088+20250827104347+Fiji-Nadi-LTE-DL-D!20250827104305,Fiji-Nadi-LTE-DL-D,2025-08-27 00:42:31+02:00,2025-08-27 00:42:33+02:00,3,-17.79763094,177.43363434,-17.79737583,177.43374599,393.0,500.0,1.0,1.87596,4.532944,33.737990419589394,31.862030419589395,0.05560378601894307,83.99,72.53666666666668,76.27,67.11333333333333,93.42,79.16333333333334,0,3,0,radio_limited_degradation,normal,statistical_only_retained,2.0,46.09074793352168,0.0,64.71,75.84,69.72,High,High,0,0,0,0,0,0,0,0,0,0,0,0,True,High
LTE-TP-EP-000570,542020041221088+20250827133907+Fiji-Nadi-LTE-DL-D!20250827130324,Fiji-Nadi-LTE-DL-D,2025-08-27 03:02:02+02:00,2025-08-27 03:02:02+02:00,1,-17.78911716,177.42723715,-17.78911716,177.42723715,322.0,1850.0,3.0,0.01188,0.01188,67.51561391806639,67.50373391806639,0.00017595929756955155,85.36,85.36,94.98,94.98,73.6,73.6,0,1,0,radio_limited_degradation,normal,statistical_only_retained,0.0,9.361885460171894,0.0,75.57,62.56,69.72,High,High,0,0,0,0,0,0,0,0,0,0,1,0,True,High
LTE-TP-EP-000024,542020041221088+20250827094925+Fiji-Nadi-LTE-DL-D!20250827094611,Fiji-Nadi-LTE-DL-D,2025-08-26 23:44:56+02:00,2025-08-26 23:44:56+02:00,1,-17.8116013,177.3998509,-17.8116013,177.3998509,151.0,41186.0,41.0,20.30072,20.30072,100.61148,80.31076,0.2017733960379074,75.35,75.35,63.23,63.23,90.16,90.16,1,0,0,rb_conditioned_underperformance,ml_hgb_strict_causal_temporal_underperformance,statistical_and_ml_consensus,0.0,0.0,100.0,51.76,91.64,69.7,Medium,Very High,1,1,0,0,0,1,1,0,0,0,1,4,True,High
LTE-TP-EP-001402,542020041221088+20250828123602+Fiji-Nadi-LTE-DL-D!20250828123538,Fiji-Nadi-LTE-DL-D,2025-08-28 02:34:24+02:00,2025-08-28 02:34:25+02:00,2,-17.6302466,177.4411748,-17.6302436,177.4411556,313.0,41384.0,41.0,0.014784,0.045924,60.930315,60.915531,0.0002426378396369689,83.19,83.12,92.34,92.215,72.0,72.0,0,2,0,rolling_local_drop,normal,statistical_only_retained,1.0,3.6969171667055356,0.0,76.44,61.2,69.58,High,High,0,0,0,0,0,0,0,0,0,0,2,0,True,High
LTE-TP-EP-000479,542020041221088+20250827131624+Fiji-Nadi-LTE-DL-D!20250827121056,Fiji-Nadi-LTE-DL-D,2025-08-27 02:10:52+02:00,2025-08-27 02:10:56+02:00,5,-17.7967057,177.4056573,-17.79670868,177.40599489,363.0,9310.0,28.0,1.028504,3.474232,10.611833298732046,9.583329298732046,0.09692048216804261,84.34,67.212,95.09,79.12,71.21,52.660000000000004,0,5,0,rb_efficiency_underperformance,normal,statistical_only_retained,4.0,47.11611695352431,0.0,80.67,55.89,69.52,Critical,Medium,0,0,3,0,0,0,0,5,0,5,5,3,True,High
LTE-TP-EP-000523,542020041221088+20250827133005+Fiji-Nadi-LTE-DL-D!20250827124117,Fiji-Nadi-LTE-DL-D,2025-08-27 02:39:24+02:00,2025-08-27 02:39:27+02:00,4,-17.8070166,177.418,-17.8070166,177.418,149.0,41384.0,41.0,0.014048,0.134356,,,,80.55,80.0625,90.95,90.305,67.83,67.5425,0,4,0,radio_limited_degradation,normal,statistical_only_retained,3.0,0.0,0.0,79.15,57.58,69.45,High,Medium,0,0,0,0,0,0,0,0,0,0,4,0,True,High
LTE-TP-EP-001646,542020041221088+20250828133816+Fiji-Nadi-LTE-DL-D!20250828132818,Fiji-Nadi-LTE-DL-D,2025-08-28 03:26:57+02:00,2025-08-28 03:27:02+02:00,6,-17.6154999,177.4655009,-17.61545812,177.46534511,230.0,500.0,1.0,0.385896,1.054036,,,,80.29,75.65166666666667,98.65,94.15833333333335,57.84,53.03333333333333,0,6,0,radio_limited_degradation,normal,statistical_only_retained,5.0,36.581024000703806,0.0,86.93,47.96,69.39,Critical,Medium,0,0,0,0,0,0,0,6,0,0,6,0,True,High
LTE-TP-EP-000150,542020041221088+20250827104347+Fiji-Nadi-LTE-DL-D!20250827104305,Fiji-Nadi-LTE-DL-D,2025-08-27 00:42:48+02:00,2025-08-27 00:42:52+02:00,5,-17.7961834,177.4352746,-17.7960049,177.43595,147.0,1850.0,3.0,1.426712,2.660296,,,,78.88,71.9,86.01,78.696,76.54,63.596000000000004,0,5,0,rb_efficiency_underperformance,normal,statistical_only_retained,4.0,89.61417957385305,0.0,75.59,61.82,69.39,High,High,1,1,4,0,0,0,0,5,0,0,5,6,True,High
LTE-TP-EP-000812,542020041221088+20250827145831+Fiji-Nadi-LTE-DL-D!20250827145756,Fiji-Nadi-LTE-DL-D,2025-08-27 04:55:54+02:00,2025-08-27 04:55:54+02:00,1,-17.773096,177.4716557,-17.773096,177.4716557,113.0,41384.0,41.0,5.73324,5.73324,60.15991375,54.42667375,0.09530000365068675,83.64,83.64,74.49,74.49,94.83,94.83,0,1,0,ca_underperformance,ml_quantile_p75_resource_underperformance,statistical_only_retained,0.0,,0.0,60.2,80.61,69.38,High,Very High,1,1,1,1,1,0,0,0,0,0,1,5,True,High
LTE-TP-EP-000468,542020041221088+20250827131523+Fiji-Nadi-LTE-DL-D!20250827120845,Fiji-Nadi-LTE-DL-D,2025-08-27 02:08:26+02:00,2025-08-27 02:08:35+02:00,10,-17.78783023,177.39349488,-17.78880753,177.39409976,138.0,1850.0,3.0,0.00536,1.5442520000000002,,,,79.47,67.737,99.98,91.939,54.7,38.156,0,10,0,radio_limited_degradation,normal,statistical_only_retained,9.0,140.52928275036336,0.0,91.38,42.36,69.32,Critical,Medium,0,0,0,0,0,0,0,10,0,0,10,0,True,High
LTE-TP-EP-000721,542020041221088+20250827140349+Fiji-Nadi-LTE-DL-D!20250827135601,Fiji-Nadi-LTE-DL-D,2025-08-27 03:54:06+02:00,2025-08-27 03:54:11+02:00,6,-17.76906107,177.44018496,-17.76906107,177.44018496,123.0,40988.0,41.0,0.12670399,0.162344,,,,78.6,78.06166666666667,90.56,90.34166666666665,63.98,63.053333333333335,0,6,0,radio_limited_degradation,normal,statistical_only_retained,5.0,0.010783018656788336,0.0,81.72,54.15,69.31,Critical,Medium,0,0,0,0,0,0,0,0,0,0,6,0,True,High
LTE-TP-EP-001946,542020041221088+20250828153842+Fiji-Nadi-LTE-DL-D!20250828152712,Fiji-Nadi-LTE-DL-D,2025-08-28 05:26:39+02:00,2025-08-28 05:26:44+02:00,6,-17.6778205,177.398865,-17.6774998,177.399357,454.0,500.0,1.0,0.791592,8.747664,79.6243025,66.6884225,0.045675265258744595,80.38,63.41,88.23,69.06,77.98,56.50333333333333,0,6,0,ca_underperformance,normal,statistical_only_retained,5.0,77.41952568575135,0.0,76.18,60.91,69.31,High,High,5,5,3,3,0,0,0,6,6,6,6,16,True,High
LTE-TP-EP-000927,542020041221088+20250827154414+Fiji-Nadi-LTE-DL-D!20250827153533,Fiji-Nadi-LTE-DL-D,2025-08-27 05:33:54+02:00,2025-08-27 05:33:54+02:00,1,-17.746849,177.4432316,-17.746849,177.4432316,122.0,40988.0,41.0,3.486424,3.486424,62.94313266677415,59.45670866677415,0.05539006166816324,84.27,84.27,85.71,85.71,82.5,82.5,0,1,0,sudden_drop,normal,statistical_only_retained,0.0,21.27408934197243,0.0,68.62,70.12,69.3,High,High,0,0,0,0,0,0,0,1,0,0,1,0,True,High
LTE-TP-EP-000275,542020041221088+20250827114630+Fiji-Nadi-LTE-DL-D!20250827111815,Fiji-Nadi-LTE-DL-D,2025-08-27 01:18:07+02:00,2025-08-27 01:18:09+02:00,3,-17.7614198,177.4586657,-17.76145146,177.45865162,212.0,40790.0,41.0,0.001744,0.017984,81.80363246981932,63.18839246981932,2.9554047387813666e-05,82.78,77.02,91.6,82.30333333333333,72.0,70.56,0,3,0,sudden_drop,normal,statistical_only_retained,2.0,7.901696325575135,0.0,76.18,60.84,69.28,High,High,0,0,0,0,0,0,1,0,0,0,3,1,True,High
LTE-TP-EP-000263,542020041221088+20250827114050+Fiji-Nadi-LTE-DL-D!20250827111354,Fiji-Nadi-LTE-DL-D,2025-08-27 01:13:06+02:00,2025-08-27 01:13:06+02:00,1,-17.7513454,177.4584585,-17.7513454,177.4584585,50.0,41384.0,41.0,1.26844,1.26844,60.15991375,58.89147375,0.021084471717680946,84.3,84.3,86.63,86.63,81.46,81.46,0,1,0,ca_underperformance,normal,statistical_only_retained,0.0,7.424674249411224,0.0,69.31,69.24,69.28,High,High,1,1,1,1,0,0,0,1,0,0,1,4,True,High
LTE-TP-EP-000717,542020041221088+20250827140149+Fiji-Nadi-LTE-DL-D!20250827134245,Fiji-Nadi-LTE-DL-D,2025-08-27 03:42:24+02:00,2025-08-27 03:42:24+02:00,1,-17.7705561,177.4029709,-17.7705561,177.4029709,135.0,40790.0,41.0,7.475304,7.475304,65.6365987278597,58.161294727859705,0.11388926521000667,83.6,83.6,78.47,78.47,89.87,89.87,0,1,0,sudden_drop,normal,statistical_only_retained,0.0,7.672322722782537,0.0,63.19,76.39,69.13,High,High,0,0,0,0,0,0,0,0,0,0,0,0,True,High
LTE-TP-EP-000205,542020041221088+20250827110647+Fiji-Nadi-LTE-DL-D!20250827105407,Fiji-Nadi-LTE-DL-D,2025-08-27 00:52:44+02:00,2025-08-27 00:52:46+02:00,3,-17.76291537,177.46443291,-17.763049,177.4643877,210.0,9310.0,28.0,0.01808,2.9878,153.565445,115.22758100000001,0.0005121818834922193,77.54,74.24666666666667,82.07,72.52666666666666,83.43,76.34333333333333,0,3,0,radio_limited_degradation,normal,statistical_only_retained,2.0,16.355438363549027,0.0,68.98,69.14,69.06,High,High,1,1,0,0,0,0,0,0,0,1,3,2,True,High
LTE-TP-EP-000188,542020041221088+20250827110227+Fiji-Nadi-LTE-DL-D!20250827105156,Fiji-Nadi-LTE-DL-D,2025-08-27 00:50:18+02:00,2025-08-27 00:50:18+02:00,1,-17.7629862,177.4595338,-17.7629862,177.4595338,212.0,41186.0,41.0,0.564152,0.564152,69.98013464468326,69.41598264468325,0.008061602094143175,84.56,84.56,94.83,94.83,72.0,72.0,0,1,0,sudden_drop,normal,statistical_only_retained,0.0,9.175843170460587,0.0,75.46,61.2,69.04,High,High,0,0,0,0,0,0,0,0,0,0,1,0,True,High
LTE-TP-EP-000344,542020041221088+20250827122836+Fiji-Nadi-LTE-DL-D!20250827113757,Fiji-Nadi-LTE-DL-D,2025-08-27 01:37:26+02:00,2025-08-27 01:37:28+02:00,3,-17.78029299,177.42650514,-17.78038248,177.42632175,134.0,40790.0,41.0,4.205584,8.507936,60.041045999999994,51.53310999999999,0.14170199499855485,81.78,63.39333333333334,66.87,52.45666666666667,100.0,76.76,1,2,0,ca_underperformance,normal,statistical_only_retained,2.0,21.93577646567212,33.33333333333333,56.61,84.19,69.02,High,Very High,2,1,1,1,1,1,1,1,0,0,3,8,True,High
LTE-TP-EP-001053,542020041221088+20250828103047+Fiji-Nadi-LTE-DL-D!20250828102736,Fiji-Nadi-LTE-DL-D,2025-08-28 00:27:15+02:00,2025-08-28 00:27:16+02:00,2,-17.72157045,177.45223932,-17.7213507,177.4523866,487.0,41384.0,41.0,0.030136,0.24781999999999998,29.941452203415995,29.475948203415996,0.0013113574874908458,82.57,79.04499999999999,78.6,77.845,87.42,80.50999999999999,0,2,0,radio_limited_degradation,normal,statistical_only_retained,1.0,43.80701020968682,0.0,66.0,72.58,68.96,High,High,0,0,0,0,0,0,0,0,0,0,2,0,True,High
LTE-TP-EP-001390,542020041221088+20250828123522+Fiji-Nadi-LTE-DL-D!20250828123323,Fiji-Nadi-LTE-DL-D,2025-08-28 02:32:29+02:00,2025-08-28 02:32:37+02:00,9,-17.6313019,177.4383826,-17.63130401,177.4391856,385.0,500.0,1.0,2.243,5.978152,59.31967,54.76863,0.07672058863442767,75.05,66.22444444444444,83.15,73.01666666666667,73.55,57.92222222222222,0,9,0,radio_limited_degradation,normal,statistical_only_retained,8.0,96.94783021156493,0.0,77.41,58.61,68.95,High,Medium,4,4,4,4,0,0,0,9,0,9,9,16,True,High
LTE-TP-EP-000600,542020041221088+20250827134247+Fiji-Nadi-LTE-DL-D!20250827130749,Fiji-Nadi-LTE-DL-D,2025-08-27 03:07:45+02:00,2025-08-27 03:07:47+02:00,3,-17.77865376,177.43104265,-17.77858937,177.43093862,338.0,41384.0,41.0,0.033064,0.098144,8.139667714233983,7.327451714233983,0.09978490873523785,83.1,74.42666666666666,90.88,78.71,73.6,69.19666666666666,0,3,0,radio_limited_degradation,normal,statistical_only_retained,2.0,18.58515934880352,0.0,75.06,61.46,68.94,High,High,0,0,0,0,0,0,0,2,0,0,3,0,True,High
LTE-TP-EP-000764,542020041221088+20250827141110+Fiji-Nadi-LTE-DL-D!20250827140445,Fiji-Nadi-LTE-DL-D,2025-08-27 04:03:43+02:00,2025-08-27 04:03:44+02:00,2,-17.76409028,177.44649161,-17.76408772,177.44648066,124.0,41186.0,41.0,0.012688,2.301992,42.113711687062036,38.574065225812326,0.00032881750702757896,78.27,77.975,83.4,78.36500000000001,82.99,77.495,0,2,0,rolling_local_drop,normal,statistical_only_retained,1.0,1.49165601967267,0.0,68.75,69.17,68.94,High,High,0,0,0,0,0,0,0,0,0,0,2,0,True,High
LTE-TP-EP-001145,542020041221088+20250828105628+Fiji-Nadi-LTE-DL-D!20250828105605,Fiji-Nadi-LTE-DL-D,2025-08-28 00:55:40+02:00,2025-08-28 00:55:41+02:00,2,-17.6499235,177.4456004,-17.64992342,177.44560055,163.0,41384.0,41.0,0.432352,5.6689359999999995,58.10025701626286,47.19473701626286,0.010746120072121446,78.04,76.495,82.99,75.1,84.42,78.21000000000001,0,2,0,rolling_local_drop,normal,statistical_only_retained,1.0,12.054735466217188,0.0,67.87,70.2,68.92,High,High,0,0,0,0,0,0,0,0,0,0,0,0,True,High
LTE-TP-EP-000190,542020041221088+20250827110227+Fiji-Nadi-LTE-DL-D!20250827105156,Fiji-Nadi-LTE-DL-D,2025-08-27 00:50:34+02:00,2025-08-27 00:50:34+02:00,1,-17.7635759,177.4610403,-17.7635759,177.4610403,212.0,41186.0,41.0,0.036976,0.036976,66.33635829558344,66.29938229558344,0.0005574017167967118,84.35,84.35,94.46,94.46,72.0,72.0,0,1,0,sudden_drop,normal,statistical_only_retained,0.0,18.272919336248236,0.0,75.18,61.2,68.89,High,High,0,0,0,0,0,0,0,0,0,0,1,0,True,High
LTE-TP-EP-001503,542020041221088+20250828125404+Fiji-Nadi-LTE-DL-D!20250828125334,Fiji-Nadi-LTE-DL-D,2025-08-28 02:52:26+02:00,2025-08-28 02:52:28+02:00,3,-17.63360775,177.45430081,-17.6334607,177.4544194,167.0,40988.0,41.0,4.924728,6.6129518,,,,81.64,76.45,82.76,76.38666666666667,80.28,76.53,0,3,0,radio_limited_degradation,normal,statistical_only_retained,2.0,21.136608436537067,0.0,70.13,67.3,68.86,High,High,0,0,0,0,0,0,0,0,0,0,2,0,True,High
LTE-TP-EP-000620,542020041221088+20250827134607+Fiji-Nadi-LTE-DL-D!20250827131425,Fiji-Nadi-LTE-DL-D,2025-08-27 03:13:34+02:00,2025-08-27 03:13:35+02:00,2,-17.77381905,177.43379696,-17.77376377,177.43383259,339.0,41186.0,41.0,0.112184,0.24820799,,,,82.96,80.19999999999999,90.61,90.13499999999999,73.6,68.05499999999999,0,2,0,radio_limited_degradation,normal,statistical_only_retained,1.0,7.3681017509016575,0.0,75.07,61.17,68.82,High,High,0,0,0,0,0,0,0,0,0,0,0,0,True,High
LTE-TP-EP-001644,542020041221088+20250828133816+Fiji-Nadi-LTE-DL-D!20250828132818,Fiji-Nadi-LTE-DL-D,2025-08-28 03:26:51+02:00,2025-08-28 03:26:51+02:00,1,-17.61540034,177.46611511,-17.61540034,177.46611511,375.0,500.0,1.0,2.736016,2.736016,,,,84.0,84.0,90.42,90.42,76.16,76.16,0,1,0,radio_limited_degradation,normal,statistical_only_retained,0.0,0.028340172477371705,0.0,72.15,64.74,68.81,High,High,0,0,0,0,0,0,0,1,0,0,1,0,True,High
LTE-TP-EP-000168,542020041221088+20250827105427+Fiji-Nadi-LTE-DL-D!20250827104733,Fiji-Nadi-LTE-DL-D,2025-08-27 00:45:55+02:00,2025-08-27 00:45:56+02:00,2,-17.7805947,177.4520025,-17.7805602,177.4520543,127.0,40988.0,41.0,0.766048,1.700644,30.46831064419017,27.83307064419017,0.03311152292756356,81.38,77.41499999999999,74.64,73.55,92.29,82.14500000000001,0,2,0,rolling_local_drop,normal,statistical_only_retained,1.0,19.212065205668527,0.0,62.97,75.91,68.79,High,High,0,0,0,0,0,0,0,0,0,0,2,0,True,High
LTE-TP-EP-000973,542020041221088+20250827160834+Fiji-Nadi-LTE-DL-D!20250827160146,Fiji-Nadi-LTE-DL-D,2025-08-27 06:00:17+02:00,2025-08-27 06:00:17+02:00,1,-17.8072331,177.4523944,-17.8072331,177.4523944,470.0,41384.0,41.0,8.301936,8.301936,72.7976368809444,64.4957008809444,0.11404128424631768,83.31,83.31,80.17,80.17,87.15,87.15,0,1,0,sudden_drop,normal,statistical_only_retained,0.0,8.651937612737097,0.0,64.46,74.08,68.79,High,High,0,0,0,0,0,0,0,0,0,0,1,0,True,High
LTE-TP-EP-000031,542020041221088+20250827094925+Fiji-Nadi-LTE-DL-D!20250827094611,Fiji-Nadi-LTE-DL-D,2025-08-26 23:46:06+02:00,2025-08-26 23:46:07+02:00,2,-17.81160131,177.39985085,-17.8116013,177.3998509,151.0,41186.0,41.0,7.133544,12.812660000000001,64.68593352732148,57.55238952732148,0.11027967922866871,85.02,70.99,78.74,66.255,92.69,76.77,0,2,0,ca_underperformance,ml_quantile_p75_resource_underperformance,statistical_only_retained,1.0,0.010817581393071304,0.0,63.76,74.81,68.73,High,High,1,1,1,1,1,0,0,0,0,0,0,5,True,High
LTE-TP-EP-001311,542020041221088+20250828121542+Fiji-Nadi-LTE-DL-D!20250828115456,Fiji-Nadi-LTE-DL-D,2025-08-28 01:52:54+02:00,2025-08-28 01:52:54+02:00,1,-17.60509834,177.4521174,-17.60509834,177.4521174,183.0,41384.0,41.0,4.662912,4.662912,46.38832179129196,41.72540979129196,0.1005190923047215,82.93,82.93,75.34,75.34,92.21,92.21,0,1,0,rolling_local_drop,normal,statistical_only_retained,0.0,,0.0,60.84,78.38,68.73,High,High,0,0,0,0,0,0,0,0,0,0,0,0,True,High
LTE-TP-EP-001498,542020041221088+20250828125404+Fiji-Nadi-LTE-DL-D!20250828125334,Fiji-Nadi-LTE-DL-D,2025-08-28 02:51:51+02:00,2025-08-28 02:51:51+02:00,1,-17.63517911,177.45415012,-17.63517911,177.45415012,167.0,40988.0,41.0,5.610456,5.610456,83.236885,77.626429,0.06740348344366803,83.73,83.73,87.87,87.87,78.67,78.67,0,1,0,ca_underperformance,normal,statistical_only_retained,0.0,0.2784687377252614,0.0,70.24,66.87,68.72,High,High,1,1,1,1,0,0,0,0,0,0,1,4,True,High
LTE-TP-EP-001103,542020041221088+20250828104747+Fiji-Nadi-LTE-DL-D!20250828104718,Fiji-Nadi-LTE-DL-D,2025-08-28 00:45:20+02:00,2025-08-28 00:45:23+02:00,4,-17.6376783,177.43156577,-17.63795539,177.43149817,355.0,1850.0,3.0,0.020672,2.037056,103.049195,80.140875,0.0017980533805865432,70.18,66.15,86.79,65.43,80.13,67.025,0,4,0,rolling_local_drop,normal,statistical_only_retained,3.0,31.716259287420414,0.0,71.89,64.83,68.71,High,High,1,1,0,0,1,1,0,4,0,0,4,4,True,High
LTE-TP-EP-001034,542020041221088+20250828102346+Fiji-Nadi-LTE-DL-D!20250828102312,Fiji-Nadi-LTE-DL-D,2025-08-28 00:22:56+02:00,2025-08-28 00:22:57+02:00,2,-17.7371849,177.4599081,-17.7371849,177.4599081,338.0,1850.0,3.0,0.28576,4.276316,53.8361855,45.5693135,0.008429929803222483,83.75,74.57,80.77,72.13,87.4,77.555,0,2,0,ca_underperformance,normal,statistical_only_retained,1.0,0.0,0.0,66.06,71.83,68.65,High,High,1,1,1,1,0,0,0,0,0,0,2,4,True,High
LTE-TP-EP-000037,542020041221088+20250827095105+Fiji-Nadi-LTE-DL-D!20250827094821,Fiji-Nadi-LTE-DL-D,2025-08-26 23:47:03+02:00,2025-08-26 23:47:03+02:00,1,-17.8116013,177.3998509,-17.8116013,177.3998509,151.0,41186.0,41.0,0.036536,0.036536,64.866225,64.829689,0.0005632515226529676,84.03,84.03,93.87,93.87,72.0,72.0,0,1,0,sudden_drop,normal,statistical_only_retained,0.0,0.005408790696535652,0.0,74.74,61.2,68.65,High,High,0,0,0,0,0,0,0,0,0,0,1,0,True,High
LTE-TP-EP-000860,542020041221088+20250827151552+Fiji-Nadi-LTE-DL-D!20250827151524,Fiji-Nadi-LTE-DL-D,2025-08-27 05:15:00+02:00,2025-08-27 05:15:00+02:00,1,-17.7476784,177.4502861,-17.7476784,177.4502861,487.0,41384.0,41.0,3.987808,3.987808,60.15991375,56.17210575,0.0662867971615069,83.09,83.09,79.23,79.23,87.81,87.81,0,1,0,ca_underperformance,normal,statistical_only_retained,0.0,13.269639207976969,0.0,63.76,74.64,68.65,High,High,1,1,1,1,0,0,0,1,0,0,1,4,True,High
LTE-TP-EP-000907,542020041221088+20250827152912+Fiji-Nadi-LTE-DL-D!20250827152850,Fiji-Nadi-LTE-DL-D,2025-08-27 05:27:20+02:00,2025-08-27 05:27:22+02:00,3,-17.7452353,177.44250853,-17.74526455,177.44256664,122.0,500.0,1.0,9.557752,14.805088,111.79482125,75.999018,0.11171239867984732,82.79,71.04333333333334,79.54,63.410000000000004,86.77,80.37,0,3,0,ca_underperformance,ml_hgb_strict_causal_temporal_underperformance,statistical_only_retained,2.0,9.941107750070032,0.0,65.77,72.15,68.64,High,High,2,3,1,2,0,0,2,3,0,0,3,10,True,High
LTE-TP-EP-000427,542020041221088+20250827123938+Fiji-Nadi-LTE-DL-D!20250827115735,Fiji-Nadi-LTE-DL-D,2025-08-27 01:56:31+02:00,2025-08-27 01:56:32+02:00,2,-17.77298,177.3675524,-17.77298395,177.36755289,156.0,40790.0,41.0,0.070656,4.852164,75.2544643873245,65.6207923873245,0.0011917540147002095,83.48,77.73,91.56,85.1,73.6,68.725,0,2,0,radio_limited_degradation,normal,statistical_only_retained,1.0,18.46460886032066,0.0,74.58,61.34,68.62,High,High,0,0,0,0,0,0,0,0,0,0,2,0,True,High
LTE-TP-EP-001937,542020041221088+20250828153519+Fiji-Nadi-LTE-DL-D!20250828151816,Fiji-Nadi-LTE-DL-D,2025-08-28 05:17:41+02:00,2025-08-28 05:17:43+02:00,3,-17.6737285,177.4085894,-17.6737285,177.4085894,455.0,1850.0,3.0,0.00296,0.322976,135.5693,98.598612,0.02440201521567687,83.16,72.24666666666667,90.99,73.37,73.6,70.87333333333333,0,3,0,radio_limited_degradation,normal,statistical_only_retained,2.0,0.0,0.0,74.06,61.88,68.58,High,High,1,1,0,0,0,0,0,0,0,0,3,2,True,High
LTE-TP-EP-001421,542020041221088+20250828123823+Fiji-Nadi-LTE-DL-D!20250828123754,Fiji-Nadi-LTE-DL-D,2025-08-28 02:37:24+02:00,2025-08-28 02:37:25+02:00,2,-17.6305278,177.4424566,-17.6306151,177.4424641,313.0,41384.0,41.0,0.008176,0.22423600000000002,56.30520762844365,56.29703162844365,0.00014520859338541426,82.18,80.65,90.5,87.72,72.0,72.0,0,2,0,rolling_local_drop,normal,statistical_only_retained,1.0,20.521663325010877,0.0,74.52,61.2,68.53,High,High,0,0,0,0,0,0,0,0,0,0,2,0,True,High
LTE-TP-EP-000274,542020041221088+20250827114630+Fiji-Nadi-LTE-DL-D!20250827111815,Fiji-Nadi-LTE-DL-D,2025-08-27 01:16:13+02:00,2025-08-27 01:16:13+02:00,1,-17.7595278,177.4588996,-17.7595278,177.4588996,116.0,40790.0,41.0,14.0788,14.0788,60.041045999999994,45.96224599999999,0.2344862546198812,73.16,73.16,51.7,51.7,99.39,99.39,1,0,0,ca_underperformance,ml_quantile_p75_resource_underperformance,statistical_and_ml_consensus,0.0,0.011119507784390236,100.0,43.11,99.48,68.48,Medium,Very High,1,1,0,1,1,1,1,0,0,0,1,6,True,High
LTE-TP-EP-001949,542020041221088+20250828153922+Fiji-Nadi-LTE-DL-D!20250828152928,Fiji-Nadi-LTE-DL-D,2025-08-28 05:27:40+02:00,2025-08-28 05:27:44+02:00,5,-17.6766906,177.406575,-17.6768633,177.4071245,454.0,1850.0,3.0,0.544736,0.595664,,,,78.51,76.848,89.09,88.886,66.09,62.132000000000005,0,5,0,radio_limited_degradation,normal,statistical_only_retained,4.0,78.49579154071151,0.0,79.32,55.19,68.46,High,Medium,0,0,0,0,0,0,0,0,0,0,5,0,True,High
LTE-TP-EP-000174,542020041221088+20250827105427+Fiji-Nadi-LTE-DL-D!20250827104733,Fiji-Nadi-LTE-DL-D,2025-08-27 00:47:00+02:00,2025-08-27 00:47:01+02:00,2,-17.77499289,177.4555212,-17.77487433,177.45556189,128.0,40988.0,41.0,0.011568,6.254588,56.100847977087355,43.603239977087355,0.00027765312378924827,78.95,75.125,84.64,73.595,81.99,76.995,0,2,0,rolling_local_drop,normal,statistical_only_retained,1.0,13.933027224012806,0.0,68.48,68.44,68.46,High,High,0,0,0,0,0,0,0,0,0,0,2,0,True,High
LTE-TP-EP-001573,542020041221088+20250828131435+Fiji-Nadi-LTE-DL-D!20250828131128,Fiji-Nadi-LTE-DL-D,2025-08-28 03:10:03+02:00,2025-08-28 03:10:03+02:00,1,-17.6268908,177.4663394,-17.6268908,177.4663394,254.0,40988.0,41.0,0.021384,0.021384,63.675406547026654,63.654022547026656,0.0003358282445233722,83.78,83.78,93.42,93.42,72.0,72.0,0,1,0,sudden_drop,normal,statistical_only_retained,0.0,20.37693327507796,0.0,74.4,61.2,68.46,High,High,0,0,0,0,0,0,0,0,0,0,1,0,True,High
LTE-TP-EP-001867,542020041221088+20250828141838+Fiji-Nadi-LTE-DL-D!20250828141754,Fiji-Nadi-LTE-DL-D,2025-08-28 04:17:42+02:00,2025-08-28 04:17:45+02:00,4,-17.61028133,177.46011115,-17.6101152,177.4604904,375.0,500.0,1.0,0.704536,1.57715195,,,,79.15,76.5325,97.53,92.8875,60.28,56.54,0,4,0,radio_limited_degradation,normal,statistical_only_retained,3.0,55.085717689764905,0.0,83.29,50.3,68.44,Critical,Medium,0,0,0,0,0,0,0,0,0,0,4,0,True,High
LTE-TP-EP-000996,542020041221088+20250827161154+Fiji-Nadi-LTE-DL-D!20250827160820,Fiji-Nadi-LTE-DL-D,2025-08-27 06:07:04+02:00,2025-08-27 06:07:08+02:00,5,-17.8126242,177.4370478,-17.81264573,177.43695011,469.0,1850.0,3.0,0.006208,0.06768,,,,79.68,76.47200000000001,99.98,97.03200000000001,54.88,51.346000000000004,0,5,0,radio_limited_degradation,normal,statistical_only_retained,4.0,14.23141384243098,0.0,86.94,45.76,68.41,Critical,Medium,0,0,0,0,0,0,0,5,0,0,5,0,True,High
LTE-TP-EP-000833,542020041221088+20250827151132+Fiji-Nadi-LTE-DL-D!20250827151053,Fiji-Nadi-LTE-DL-D,2025-08-27 05:10:18+02:00,2025-08-27 05:10:18+02:00,1,-17.75408611,177.45195579,-17.75408611,177.45195579,115.0,9310.0,28.0,0.06196,0.06196,28.321143922662852,28.259183922662853,0.0021877647375118563,82.8,82.8,79.14,79.14,87.28,87.28,0,1,0,sudden_drop,normal,statistical_only_retained,0.0,3.469117711335141,0.0,63.69,74.19,68.41,High,High,0,0,0,0,0,0,0,1,0,0,1,0,True,High
LTE-TP-EP-001461,542020041221088+20250828124503+Fiji-Nadi-LTE-DL-D!20250828124436,Fiji-Nadi-LTE-DL-D,2025-08-28 02:44:32+02:00,2025-08-28 02:44:33+02:00,2,-17.6316037,177.442494,-17.63160353,177.44249391,313.0,41384.0,41.0,0.413392,0.426748,56.90207631780557,56.461972317805575,0.007734410209250737,81.78,80.95,89.78,88.275,72.0,72.0,0,2,0,rolling_local_drop,normal,statistical_only_retained,1.0,21.51456018057699,0.0,74.24,61.2,68.37,High,High,0,0,0,0,0,0,0,0,0,0,2,0,True,High
LTE-TP-EP-000872,542020041221088+20250827151812+Fiji-Nadi-LTE-DL-D!20250827151738,Fiji-Nadi-LTE-DL-D,2025-08-27 05:16:33+02:00,2025-08-27 05:16:34+02:00,2,-17.74690533,177.44284045,-17.74690811,177.44276326,122.0,1850.0,3.0,0.01208,9.8071035,63.673268869496,44.071141869496,0.0004373263833510102,75.86,72.315,79.01,65.33500000000001,89.68,80.84,0,2,0,sudden_drop,normal,statistical_only_retained,1.0,8.33951426869997,0.0,63.73,74.02,68.36,High,High,0,0,0,0,0,0,0,0,0,0,2,0,True,High
LTE-TP-EP-000474,542020041221088+20250827131624+Fiji-Nadi-LTE-DL-D!20250827121056,Fiji-Nadi-LTE-DL-D,2025-08-27 02:10:15+02:00,2025-08-27 02:10:16+02:00,2,-17.7965511,177.401492,-17.7965673,177.4015977,140.0,356.0,1.0,0.962048,2.605696,,,,84.49,75.33500000000001,96.63,90.88,69.66,56.345,0,2,0,radio_limited_degradation,normal,statistical_only_retained,1.0,23.624597692542874,0.0,78.53,55.88,68.34,High,Medium,0,0,1,0,0,0,0,2,0,0,2,1,True,High
LTE-TP-EP-000580,542020041221088+20250827134107+Fiji-Nadi-LTE-DL-D!20250827130537,Fiji-Nadi-LTE-DL-D,2025-08-27 03:04:41+02:00,2025-08-27 03:04:42+02:00,2,-17.78090498,177.43331981,-17.78091083,177.43338079,395.0,40988.0,41.0,0.001584,0.003632,50.69191954189138,50.69033554189138,3.1247583723693785e-05,80.95,80.695,88.27,87.155,73.6,72.8,0,2,0,radio_limited_degradation,normal,statistical_only_retained,1.0,13.366646750750785,0.0,73.19,62.36,68.31,High,High,0,0,0,0,0,0,0,0,0,0,2,0,True,High
LTE-TP-EP-001836,542020041221088+20250828141358+Fiji-Nadi-LTE-DL-D!20250828141324,Fiji-Nadi-LTE-DL-D,2025-08-28 04:12:19+02:00,2025-08-28 04:12:19+02:00,1,-17.61279514,177.46327916,-17.61279514,177.46327916,250.0,356.0,1.0,0.849104,0.849104,,,,83.8,83.8,97.03,97.03,67.64,67.64,0,1,0,radio_limited_degradation,normal,statistical_only_retained,0.0,0.11397348430158065,0.0,77.11,57.49,68.28,High,Medium,0,0,0,0,0,0,0,1,0,0,1,0,True,High
LTE-TP-EP-000581,542020041221088+20250827134107+Fiji-Nadi-LTE-DL-D!20250827130537,Fiji-Nadi-LTE-DL-D,2025-08-27 03:04:49+02:00,2025-08-27 03:04:49+02:00,1,-17.7809412,177.4338105,-17.7809412,177.4338105,395.0,40988.0,41.0,0.009312,0.009312,62.21906749027801,62.209755490278006,0.00014966473101601916,83.48,83.48,92.87,92.87,72.0,72.0,0,1,0,sudden_drop,normal,statistical_only_retained,0.0,3.3038466686252796,0.0,73.99,61.2,68.23,High,High,0,0,0,0,0,0,0,0,0,0,1,0,True,High
LTE-TP-EP-000327,542020041221088+20250827122555+Fiji-Nadi-LTE-DL-D!20250827113546,Fiji-Nadi-LTE-DL-D,2025-08-27 01:34:28+02:00,2025-08-27 01:34:29+02:00,2,-17.7674645,177.42892082,-17.767532,177.42885754,394.0,40790.0,41.0,0.0588,0.080468,53.54113,53.482330000000005,0.001098221124582167,81.5,80.93,89.28,88.24000000000001,72.0,72.0,0,2,0,rolling_local_drop,normal,statistical_only_retained,1.0,19.792608451968153,0.0,73.96,61.2,68.22,High,High,0,0,0,0,0,0,0,0,0,0,2,0,True,High
LTE-TP-EP-001823,542020041221088+20250828141158+Fiji-Nadi-LTE-DL-D!20250828141111,Fiji-Nadi-LTE-DL-D,2025-08-28 04:09:41+02:00,2025-08-28 04:09:41+02:00,1,-17.6100952,177.4605389,-17.6100952,177.4605389,375.0,356.0,1.0,2.829992,2.829992,,,,83.28,83.28,90.1,90.1,74.95,74.95,0,1,0,radio_limited_degradation,normal,statistical_only_retained,0.0,10.31552408510168,0.0,71.91,63.71,68.22,High,High,0,0,0,0,0,0,0,0,0,0,1,0,True,High
LTE-TP-EP-001050,542020041221088+20250828103047+Fiji-Nadi-LTE-DL-D!20250828102736,Fiji-Nadi-LTE-DL-D,2025-08-28 00:26:40+02:00,2025-08-28 00:26:41+02:00,2,-17.725638,177.453113,-17.7255222,177.4530729,487.0,41384.0,41.0,0.295864,2.1162360000000002,28.771703513111607,27.551866000434323,0.010624348914449602,76.51,75.97,78.23,72.92,87.38,79.69,0,2,0,rolling_local_drop,normal,statistical_only_retained,1.0,42.64089522384478,0.0,64.82,72.35,68.21,High,High,0,0,0,0,0,0,0,0,0,0,2,0,True,High
LTE-TP-EP-001488,542020041221088+20250828125203+Fiji-Nadi-LTE-DL-D!20250828125121,Fiji-Nadi-LTE-DL-D,2025-08-28 02:50:38+02:00,2025-08-28 02:50:39+02:00,2,-17.6339849,177.4538317,-17.63398514,177.45383219,165.0,500.0,1.0,0.801128,3.3779319,,,,83.6,76.485,97.2,88.18,66.98,62.195,0,2,0,radio_limited_degradation,normal,statistical_only_retained,1.0,21.663921416869893,0.0,78.3,55.74,68.15,High,Medium,0,0,0,0,0,0,0,0,0,0,2,0,True,High
LTE-TP-EP-000594,542020041221088+20250827134247+Fiji-Nadi-LTE-DL-D!20250827130749,Fiji-Nadi-LTE-DL-D,2025-08-27 03:06:50+02:00,2025-08-27 03:06:50+02:00,1,-17.78071471,177.4301838,-17.78071471,177.4301838,394.0,40790.0,41.0,0.019552,0.019552,58.09172,58.072168000000005,0.0003365712015412868,83.27,83.27,91.19,91.19,73.6,73.6,0,1,0,radio_limited_degradation,normal,statistical_only_retained,0.0,0.0011119509199038367,0.0,72.73,62.56,68.15,High,High,0,0,0,0,0,0,0,0,0,0,1,0,True,High
LTE-TP-EP-000069,542020041221088+20250827100145+Fiji-Nadi-LTE-DL-D!20250827100105,Fiji-Nadi-LTE-DL-D,2025-08-27 00:00:56+02:00,2025-08-27 00:00:56+02:00,1,-17.80709114,177.42027637,-17.80709114,177.42027637,148.0,41186.0,41.0,10.390496,10.390496,54.170067,43.779571000000004,0.1918125004349727,73.15,73.15,57.71,57.71,92.03,92.03,1,0,0,ca_underperformance,ml_hgb_strict_causal_temporal_underperformance,statistical_and_ml_consensus,0.0,8.601850494803042,100.0,47.62,93.23,68.14,Medium,Very High,1,1,0,1,0,1,1,1,0,0,1,5,True,High
LTE-TP-EP-000121,542020041221088+20250827102926+Fiji-Nadi-LTE-DL-D!20250827102813,Fiji-Nadi-LTE-DL-D,2025-08-27 00:28:10+02:00,2025-08-27 00:28:14+02:00,5,-17.81501422,177.43757334,-17.81506898,177.43789953,148.0,41186.0,41.0,0.167936,3.688688,27.996896250000002,24.308208250000003,0.13175346177882127,78.51,66.90599999999999,99.41,81.306,61.32,49.302,0,5,0,radio_limited_degradation,normal,statistical_only_retained,4.0,35.2754671949492,0.0,83.48,49.12,68.02,Critical,Medium,1,1,2,1,0,0,0,5,0,0,5,5,True,High
LTE-TP-EP-000515,542020041221088+20250827132625+Fiji-Nadi-LTE-DL-D!20250827122623,Fiji-Nadi-LTE-DL-D,2025-08-27 02:26:21+02:00,2025-08-27 02:26:23+02:00,3,-17.8070401,177.4181157,-17.80704012,177.41811573,149.0,41384.0,41.0,25.1104,35.936592,121.14346,96.03306,0.20727821378058706,78.53,67.37,62.91,58.85666666666666,97.62,77.77666666666667,1,2,0,radio_p75_underperformance,normal,statistical_only_retained,2.0,0.003877236377227331,33.33333333333333,55.71,83.02,68.0,High,Very High,3,1,0,0,1,0,1,0,0,0,3,6,True,High
LTE-TP-EP-001123,542020041221088+20250828105007+Fiji-Nadi-LTE-DL-D!20250828104930,Fiji-Nadi-LTE-DL-D,2025-08-28 00:48:35+02:00,2025-08-28 00:48:36+02:00,2,-17.64917355,177.44244867,-17.6491817,177.4425303,163.0,40790.0,41.0,0.010296,0.027464,47.588801370387934,47.57850537038794,0.0002163534214670654,80.98,80.945,87.01,86.95,73.6,73.6,0,2,0,radio_limited_degradation,normal,statistical_only_retained,1.0,8.747543409391863,0.0,72.45,62.56,68.0,High,High,0,0,0,0,0,0,0,0,0,0,2,0,True,High
LTE-TP-EP-000206,542020041221088+20250827110647+Fiji-Nadi-LTE-DL-D!20250827105407,Fiji-Nadi-LTE-DL-D,2025-08-27 00:52:53+02:00,2025-08-27 00:52:54+02:00,2,-17.76345513,177.46424906,-17.76352738,177.46422525,210.0,9310.0,28.0,0.005224,0.05402800000000001,51.5392,51.436368,0.00010204815981758192,81.05,81.03,88.46,88.41999999999999,72.0,72.0,0,2,0,rolling_local_drop,normal,statistical_only_retained,1.0,17.863747231088432,0.0,73.54,61.2,67.99,High,High,0,0,0,0,0,0,0,0,0,0,2,0,True,High
LTE-TP-EP-000712,542020041221088+20250827135949+Fiji-Nadi-LTE-DL-D!20250827134144,Fiji-Nadi-LTE-DL-D,2025-08-27 03:41:41+02:00,2025-08-27 03:41:41+02:00,1,-17.7719087,177.4056386,-17.7719087,177.4056386,135.0,40790.0,41.0,0.04748,0.04748,57.2328,57.18532,0.0008295942186997666,83.05,83.05,90.79,90.79,73.6,73.6,0,1,0,radio_limited_degradation,normal,statistical_only_retained,0.0,9.526860641298434,0.0,72.43,62.56,67.99,High,High,0,0,0,0,0,0,0,0,0,0,1,0,True,High
LTE-TP-EP-000350,542020041221088+20250827123136+Fiji-Nadi-LTE-DL-D!20250827114007,Fiji-Nadi-LTE-DL-D,2025-08-27 01:38:42+02:00,2025-08-27 01:38:43+02:00,2,-17.78479636,177.41901242,-17.7849616,177.4188515,137.0,40790.0,41.0,0.036128,1.128304,29.26664451044963,27.046164510449632,0.0017014126878483863,79.67,77.035,76.36,74.71000000000001,87.74,79.87,0,2,0,rolling_local_drop,normal,statistical_only_retained,1.0,37.283869694505704,0.0,64.15,72.61,67.96,High,High,0,0,0,0,0,0,0,2,0,0,2,0,True,High
LTE-TP-EP-001544,542020041221088+20250828130244+Fiji-Nadi-LTE-DL-D!20250828130228,Fiji-Nadi-LTE-DL-D,2025-08-28 03:01:29+02:00,2025-08-28 03:01:30+02:00,2,-17.6288433,177.4519051,-17.62884295,177.45190611,167.0,41186.0,41.0,0.573952,0.597164,,,,81.82,81.095,97.99,97.91,62.06,60.55,0,2,0,radio_limited_degradation,normal,statistical_only_retained,1.0,14.64293320519228,0.0,80.68,52.37,67.94,Critical,Medium,0,0,0,0,0,0,0,2,0,0,2,0,True,High
LTE-TP-EP-000865,542020041221088+20250827151812+Fiji-Nadi-LTE-DL-D!20250827151738,Fiji-Nadi-LTE-DL-D,2025-08-27 05:15:44+02:00,2025-08-27 05:15:46+02:00,3,-17.746776,177.4459634,-17.7467777,177.4459372,122.0,1850.0,3.0,0.194784,20.418,80.53437439443675,52.06612724082033,0.004006754343694668,80.96,68.45333333333333,86.99,63.553333333333335,78.08,74.44666666666666,0,3,0,radio_limited_degradation,normal,statistical_only_retained,2.0,5.382752120373741,0.0,69.89,65.46,67.9,High,High,0,0,0,0,0,0,0,0,0,0,3,0,True,High
LTE-TP-EP-000842,542020041221088+20250827151332+Fiji-Nadi-LTE-DL-D!20250827151309,Fiji-Nadi-LTE-DL-D,2025-08-27 05:11:45+02:00,2025-08-27 05:11:46+02:00,2,-17.75350498,177.45221793,-17.75351264,177.4522498,115.0,9310.0,28.0,0.016984,0.284456,51.45813934107272,50.96928103216113,0.0003331093185446478,81.0,80.71000000000001,88.36,87.83500000000001,72.0,72.0,0,2,0,rolling_local_drop,normal,statistical_only_retained,1.0,3.531403102298557,0.0,73.37,61.2,67.89,High,High,0,0,0,0,0,0,0,0,0,0,2,0,True,High
LTE-TP-EP-001122,542020041221088+20250828105007+Fiji-Nadi-LTE-DL-D!20250828104930,Fiji-Nadi-LTE-DL-D,2025-08-28 00:48:07+02:00,2025-08-28 00:48:09+02:00,3,-17.64841964,177.44097887,-17.6485583,177.4411698,0.0,40790.0,41.0,5.737408,9.83716,83.886915,78.149507,0.06839455235658624,84.18,65.76333333333334,87.91,66.1,79.62,65.35666666666667,0,3,0,ca_underperformance,normal,statistical_only_retained,2.0,33.93036676821313,0.0,70.91,64.11,67.85,High,High,3,3,2,3,0,0,0,3,0,0,3,11,True,High
LTE-TP-EP-001747,542020041221088+20250828140057+Fiji-Nadi-LTE-DL-D!20250828135741,Fiji-Nadi-LTE-DL-D,2025-08-28 03:56:35+02:00,2025-08-28 03:56:35+02:00,1,-17.60665763,177.45672239,-17.60665763,177.45672239,139.0,41186.0,41.0,0.261856,0.261856,,,,83.41,83.41,99.08,99.08,64.26,64.26,0,1,0,radio_limited_degradation,normal,statistical_only_retained,0.0,0.22560227342686934,0.0,78.65,54.62,67.83,High,Medium,0,0,0,0,0,0,0,1,0,0,1,0,True,High
LTE-TP-EP-000345,542020041221088+20250827122836+Fiji-Nadi-LTE-DL-D!20250827113757,Fiji-Nadi-LTE-DL-D,2025-08-27 01:37:50+02:00,2025-08-27 01:37:51+02:00,2,-17.78143441,177.42418197,-17.7815357,177.4239738,321.0,356.0,1.0,0.018728,4.384276,41.52534496801785,32.775520968017844,0.0009294414081024272,74.2,72.2,75.99,64.57499999999999,91.03,81.52000000000001,0,2,0,radio_limited_degradation,ml_quantile_p75_resource_underperformance,statistical_only_retained,1.0,37.206024204076485,0.0,61.92,75.0,67.8,High,High,1,1,1,0,1,1,0,0,0,0,2,5,True,High
LTE-TP-EP-000763,542020041221088+20250827141110+Fiji-Nadi-LTE-DL-D!20250827140445,Fiji-Nadi-LTE-DL-D,2025-08-27 04:03:35+02:00,2025-08-27 04:03:35+02:00,1,-17.7640925,177.44649201,-17.7640925,177.44649201,124.0,41186.0,41.0,3.754072,3.754072,54.07249464146243,50.318422641462426,0.06942664703916587,82.19,82.19,81.13,81.13,83.49,83.49,0,1,0,sudden_drop,normal,statistical_only_retained,0.0,0.24014087493694272,0.0,65.18,70.97,67.79,High,High,0,0,0,0,0,0,0,0,0,0,1,0,True,High
LTE-TP-EP-000430,542020041221088+20250827123938+Fiji-Nadi-LTE-DL-D!20250827115735,Fiji-Nadi-LTE-DL-D,2025-08-27 01:57:00+02:00,2025-08-27 01:57:00+02:00,1,-17.77200703,177.36971133,-17.77200703,177.36971133,156.0,40790.0,41.0,4.437736,4.437736,42.22351238804796,37.78577638804796,0.10510106215740055,81.69,81.69,73.77,73.77,91.36,91.36,0,1,0,sudden_drop,normal,statistical_only_retained,0.0,8.613667785378777,0.0,59.66,77.66,67.76,High,High,0,0,0,0,0,0,0,0,0,0,1,0,True,High
LTE-TP-EP-000359,542020041221088+20250827123337+Fiji-Nadi-LTE-DL-D!20250827114216,Fiji-Nadi-LTE-DL-D,2025-08-27 01:40:47+02:00,2025-08-27 01:40:49+02:00,3,-17.79569211,177.40857131,-17.79586392,177.40838848,487.0,1850.0,3.0,0.00036,0.001064,,,,80.45,79.24,100.0,99.13666666666666,56.55,54.916666666666664,0,3,0,radio_limited_degradation,normal,statistical_only_retained,2.0,27.63269992040064,0.0,84.17,47.66,67.74,Critical,Medium,0,0,0,0,0,0,0,3,3,3,3,0,True,High
LTE-TP-EP-000035,542020041221088+20250827095105+Fiji-Nadi-LTE-DL-D!20250827094821,Fiji-Nadi-LTE-DL-D,2025-08-26 23:46:47+02:00,2025-08-26 23:46:48+02:00,2,-17.8116013,177.3998509,-17.8116013,177.3998509,151.0,41186.0,41.0,1.5938799,7.829947949999999,67.19401000219453,53.127994002194534,0.037723254388429196,76.9,75.185,80.91,73.16499999999999,83.32,77.66,0,2,0,rolling_local_drop,normal,statistical_only_retained,1.0,0.005408790696535652,0.0,66.34,69.41,67.72,High,High,0,0,0,0,0,0,0,0,0,0,2,0,True,High
LTE-TP-EP-001622,542020041221088+20250828133115+Fiji-Nadi-LTE-DL-D!20250828132346,Fiji-Nadi-LTE-DL-D,2025-08-28 03:22:12+02:00,2025-08-28 03:22:13+02:00,2,-17.6242049,177.4608833,-17.62420535,177.46088456,231.0,500.0,1.0,25.364496,29.531296499999996,99.49033361836429,74.12583761836429,0.25494432551905855,76.45,69.96000000000001,57.19,51.129999999999995,100.0,92.975,1,1,0,rb_conditioned_underperformance,ml_hgb_strict_causal_temporal_underperformance,statistical_and_ml_consensus,1.0,8.515887587110265,50.0,48.89,90.74,67.72,Medium,Very High,1,2,0,0,1,1,2,1,0,0,2,7,True,High
LTE-TP-EP-001601,542020041221088+20250828132455+Fiji-Nadi-LTE-DL-D!20250828131658,Fiji-Nadi-LTE-DL-D,2025-08-28 03:16:35+02:00,2025-08-28 03:16:37+02:00,3,-17.62692136,177.46471491,-17.6267332,177.4649711,254.0,41384.0,41.0,0.00688,0.015312,121.14346,86.86358000000001,0.00021480841774242597,76.83,73.95666666666666,80.79,73.35000000000001,80.11,74.70333333333333,0,3,0,rb_conditioned_underperformance,normal,statistical_only_retained,2.0,45.16126266701707,0.0,68.44,66.74,67.68,High,High,1,1,0,0,0,0,1,0,0,0,3,3,True,High
LTE-TP-EP-000969,542020041221088+20250827160614+Fiji-Nadi-LTE-DL-D!20250827155934,Fiji-Nadi-LTE-DL-D,2025-08-27 05:57:53+02:00,2025-08-27 05:57:53+02:00,1,-17.8005044,177.4526002,-17.8005044,177.4526002,470.0,40790.0,41.0,1.127928,1.127928,,,,82.45,82.45,87.05,87.05,76.82,76.82,0,1,0,rb_efficiency_underperformance,normal,statistical_only_retained,0.0,6.419671674000367,0.0,69.62,65.3,67.68,High,High,1,1,1,0,0,0,0,1,0,0,1,3,True,High
LTE-TP-EP-001124,542020041221088+20250828105007+Fiji-Nadi-LTE-DL-D!20250828104930,Fiji-Nadi-LTE-DL-D,2025-08-28 00:48:48+02:00,2025-08-28 00:48:50+02:00,3,-17.6490865,177.44298571,-17.6490406,177.4430757,163.0,40790.0,41.0,0.00756,0.4786,42.920990103412386,42.442390103412386,0.00018821445819340569,79.35,77.89,84.05,82.27333333333333,73.6,72.53333333333333,0,3,0,radio_limited_degradation,normal,statistical_only_retained,2.0,14.471514715612058,0.0,72.02,62.29,67.64,High,High,0,0,0,0,0,0,0,0,0,0,3,0,True,High
LTE-TP-EP-000496,542020041221088+20250827131704+Fiji-Nadi-LTE-DL-D!20250827121308,Fiji-Nadi-LTE-DL-D,2025-08-27 02:12:41+02:00,2025-08-27 02:12:45+02:00,5,-17.79712462,177.40852741,-17.79726905,177.40898352,144.0,500.0,1.0,3.084,3.850496,43.970293999999996,40.82676599999999,0.0714920850881734,72.35,65.338,89.21,77.50999999999999,72.39,50.456,0,5,0,ca_underperformance,normal,statistical_only_retained,4.0,51.44230475777427,0.0,77.11,56.05,67.63,High,Medium,2,2,3,2,0,0,0,5,0,0,5,9,True,High
LTE-TP-EP-001610,542020041221088+20250828132555+Fiji-Nadi-LTE-DL-D!20250828131914,Fiji-Nadi-LTE-DL-D,2025-08-28 03:18:48+02:00,2025-08-28 03:18:50+02:00,3,-17.6215547,177.4696416,-17.6214089,177.4696028,353.0,41384.0,41.0,0.01232,0.2742,98.07729499999999,72.409326,0.0005887696537415558,81.34,70.04333333333334,76.33,69.39666666666666,87.97,70.83333333333333,0,3,0,radio_limited_degradation,normal,statistical_only_retained,2.0,21.58997486809261,0.0,65.2,70.49,67.58,High,High,1,1,0,0,0,0,0,0,0,0,3,2,True,High
LTE-TP-EP-000753,542020041221088+20250827140850+Fiji-Nadi-LTE-DL-D!20250827140234,Fiji-Nadi-LTE-DL-D,2025-08-27 04:01:22+02:00,2025-08-27 04:01:23+02:00,2,-17.7665226,177.44771125,-17.7665226,177.44771125,124.0,41186.0,41.0,0.104072,0.499667985,52.769333555299085,51.87406958529908,0.002111179261609788,80.51,80.39500000000001,87.47,87.265,72.0,72.0,0,2,0,rolling_local_drop,normal,statistical_only_retained,1.0,0.0,0.0,72.77,61.2,67.56,High,High,0,0,0,0,0,0,0,0,0,0,2,0,True,High
LTE-TP-EP-000489,542020041221088+20250827131704+Fiji-Nadi-LTE-DL-D!20250827121308,Fiji-Nadi-LTE-DL-D,2025-08-27 02:12:09+02:00,2025-08-27 02:12:12+02:00,4,-17.7968343,177.4070941,-17.7968343,177.4070941,146.0,41186.0,41.0,0.591432,0.774576,32.41143,29.026382,0.1044399460313846,77.75,68.84,97.93,89.1725,63.25,43.9875,0,4,0,radio_limited_degradation,normal,statistical_only_retained,3.0,0.0,0.0,82.76,48.95,67.55,Critical,Medium,1,1,1,1,0,0,0,4,4,3,4,4,True,High
LTE-TP-EP-000923,542020041221088+20250827153332+Fiji-Nadi-LTE-DL-D!20250827153318,Fiji-Nadi-LTE-DL-D,2025-08-27 05:31:51+02:00,2025-08-27 05:31:54+02:00,4,-17.7441569,177.43419463,-17.7440499,177.4344583,125.0,41384.0,41.0,0.072432,2.80183195,,,,77.22,71.7,90.75,82.4975,67.79,58.5075,0,4,0,radio_limited_degradation,normal,statistical_only_retained,3.0,30.401737777999294,0.0,77.48,55.3,67.5,High,Medium,0,0,2,0,0,0,0,4,0,0,4,2,True,High
LTE-TP-EP-001181,542020041221088+20250828113631+Fiji-Nadi-LTE-DL-D!20250828110448,Fiji-Nadi-LTE-DL-D,2025-08-28 01:03:41+02:00,2025-08-28 01:03:41+02:00,1,-17.6380566,177.4735421,-17.6380566,177.4735421,352.0,9310.0,28.0,3.094408,3.094408,,,,82.34,82.34,89.17,89.17,73.99,73.99,0,1,0,rb_efficiency_underperformance,normal,statistical_only_retained,0.0,10.046931602668753,0.0,71.21,62.89,67.47,High,High,1,1,1,0,0,0,0,1,0,0,1,3,True,High
LTE-TP-EP-001057,542020041221088+20250828103207+Fiji-Nadi-LTE-DL-D!20250828102946,Fiji-Nadi-LTE-DL-D,2025-08-28 00:27:54+02:00,2025-08-28 00:27:56+02:00,3,-17.71712501,177.45410283,-17.7169125,177.45399831,487.0,41384.0,41.0,0.010408,0.018968,31.249595149387666,24.382931149387666,0.0006262445837016935,72.54,72.10666666666667,71.17,66.55666666666667,91.06,78.88666666666667,0,3,0,radio_limited_degradation,normal,statistical_only_retained,2.0,38.777735847175805,0.0,61.79,74.36,67.45,High,High,0,0,0,0,0,0,0,0,0,0,3,0,True,High
LTE-TP-EP-000485,542020041221088+20250827131704+Fiji-Nadi-LTE-DL-D!20250827121308,Fiji-Nadi-LTE-DL-D,2025-08-27 02:11:53+02:00,2025-08-27 02:11:53+02:00,1,-17.7968343,177.4070941,-17.7968343,177.4070941,363.0,40790.0,41.0,4.048632,4.048632,,,,82.1,82.1,85.83,85.83,77.55,77.55,0,1,0,rb_efficiency_underperformance,normal,statistical_only_retained,0.0,0.0,0.0,68.71,65.92,67.45,High,High,0,1,1,0,0,0,0,1,1,1,1,2,True,High
LTE-TP-EP-000492,542020041221088+20250827131704+Fiji-Nadi-LTE-DL-D!20250827121308,Fiji-Nadi-LTE-DL-D,2025-08-27 02:12:24+02:00,2025-08-27 02:12:25+02:00,2,-17.79683783,177.40710985,-17.7968445,177.4071549,140.0,356.0,1.0,0.498352,0.57152,6.566799869845296,5.9221118698452955,0.09817384613172138,74.21,68.27,98.26,77.345,69.54,57.18000000000001,0,2,0,radio_limited_degradation,normal,statistical_only_retained,1.0,4.950156566588935,0.0,76.72,56.02,67.4,High,Medium,0,0,1,0,0,0,0,2,0,0,2,1,True,High
LTE-TP-EP-001936,542020041221088+20250828153519+Fiji-Nadi-LTE-DL-D!20250828151816,Fiji-Nadi-LTE-DL-D,2025-08-28 05:16:24+02:00,2025-08-28 05:16:25+02:00,2,-17.6737287,177.4085893,-17.6737287,177.4085893,455.0,1850.0,3.0,0.0028,0.0032040000000000003,,,,80.52,80.515,90.99,90.99,67.72,67.715,0,2,0,radio_limited_degradation,normal,statistical_only_retained,1.0,0.01059467845878642,0.0,75.45,57.56,67.4,High,Medium,0,0,0,0,0,0,0,0,0,0,2,0,True,High
LTE-TP-EP-000791,542020041221088+20250827144511+Fiji-Nadi-LTE-DL-D!20250827144430,Fiji-Nadi-LTE-DL-D,2025-08-27 04:43:13+02:00,2025-08-27 04:43:16+02:00,4,-17.7633682,177.4412782,-17.7632352,177.4414033,122.0,9310.0,28.0,1.217888,7.312024,59.51545075,58.29756275,0.020463392020936683,82.45,64.06,86.43,67.5775,77.58,59.7625,0,4,0,ca_underperformance,normal,statistical_only_retained,3.0,26.190746313843366,0.0,72.12,61.49,67.34,High,High,3,3,3,2,0,0,0,4,4,4,4,11,True,High
LTE-TP-EP-001758,542020041221088+20250828140157+Fiji-Nadi-LTE-DL-D!20250828135953,Fiji-Nadi-LTE-DL-D,2025-08-28 03:58:00+02:00,2025-08-28 03:58:01+02:00,2,-17.60818551,177.45674098,-17.6081426,177.4568415,182.0,40790.0,41.0,0.79748,0.867896,,,,81.54,76.555,88.21,87.965,73.99,62.614999999999995,0,2,0,radio_limited_degradation,normal,statistical_only_retained,1.0,11.740151699853579,0.0,73.31,60.05,67.34,High,High,1,1,1,0,0,0,0,2,0,0,2,3,True,High
LTE-TP-EP-000028,542020041221088+20250827094925+Fiji-Nadi-LTE-DL-D!20250827094611,Fiji-Nadi-LTE-DL-D,2025-08-26 23:45:35+02:00,2025-08-26 23:45:35+02:00,1,-17.81160131,177.39985085,-17.81160131,177.39985085,151.0,41186.0,41.0,0.04256,0.04256,53.23226481013683,53.18970481013683,0.0007995151089625525,82.18,82.18,89.2,89.2,73.6,73.6,0,1,0,radio_limited_degradation,normal,statistical_only_retained,0.0,0.005408790696535652,0.0,71.24,62.56,67.33,High,High,0,0,0,0,0,0,0,0,0,0,1,0,True,High
LTE-TP-EP-001523,542020041221088+20250828125844+Fiji-Nadi-LTE-DL-D!20250828125759,Fiji-Nadi-LTE-DL-D,2025-08-28 02:56:17+02:00,2025-08-28 02:56:18+02:00,2,-17.6312912,177.4559103,-17.6312866,177.4559077,167.0,40988.0,41.0,0.068424,1.5071999999999999,,,,81.47,77.32,90.76,85.725,70.12,67.045,0,2,0,radio_limited_degradation,normal,statistical_only_retained,1.0,9.468771292382392,0.0,74.27,58.83,67.32,High,Medium,0,0,0,0,0,0,0,2,0,0,2,0,True,High
LTE-TP-EP-001110,542020041221088+20250828104747+Fiji-Nadi-LTE-DL-D!20250828104718,Fiji-Nadi-LTE-DL-D,2025-08-28 00:46:31+02:00,2025-08-28 00:46:36+02:00,6,-17.6438443,177.43275508,-17.6442697,177.4333255,16.0,40988.0,41.0,3.300512,26.3393365,111.79482125,82.51361324999999,0.051000600956570316,80.24,62.178333333333335,83.61,63.02333333333333,76.13,61.14666666666667,0,6,0,rb_conditioned_underperformance,normal,statistical_only_retained,5.0,86.98035587744778,0.0,72.43,60.96,67.27,High,High,6,6,1,2,0,0,0,4,0,0,6,15,True,High
LTE-TP-EP-000284,542020041221088+20250827115912+Fiji-Nadi-LTE-DL-D!20250827112451,Fiji-Nadi-LTE-DL-D,2025-08-27 01:23:19+02:00,2025-08-27 01:23:21+02:00,3,-17.7694291,177.439385,-17.7694666,177.4392479,123.0,41384.0,41.0,0.068032,10.597968,84.7178423513057,52.536705351305706,0.0020259763657853994,77.8,66.86,81.24,62.419999999999995,83.55,72.28333333333333,0,3,0,radio_limited_degradation,normal,statistical_only_retained,2.0,38.574375084505604,0.0,66.5,68.2,67.27,High,High,0,0,0,0,0,0,1,0,0,0,3,1,True,High
LTE-TP-EP-001420,542020041221088+20250828123823+Fiji-Nadi-LTE-DL-D!20250828123754,Fiji-Nadi-LTE-DL-D,2025-08-28 02:37:17+02:00,2025-08-28 02:37:17+02:00,1,-17.6298581,177.442455,-17.6298581,177.442455,313.0,41384.0,41.0,0.006824,0.006824,56.299775,56.292950999999995,0.00012120829967792945,82.18,82.18,90.5,90.5,72.0,72.0,0,1,0,sudden_drop,normal,statistical_only_retained,0.0,10.439013327754267,0.0,72.21,61.2,67.26,High,High,0,0,0,0,0,0,0,0,0,0,1,0,True,High
LTE-TP-EP-000399,542020041221088+20250827123517+Fiji-Nadi-LTE-DL-D!20250827114634,Fiji-Nadi-LTE-DL-D,2025-08-27 01:45:25+02:00,2025-08-27 01:45:27+02:00,3,-17.78351463,177.38755295,-17.7833374,177.3872403,153.0,41186.0,41.0,0.004312,0.040032,,,,79.56,79.30333333333333,99.98,99.70666666666666,54.61,54.370000000000005,0,3,0,radio_limited_degradation,normal,statistical_only_retained,2.0,50.77144697377409,0.0,84.27,46.36,67.21,Critical,Medium,0,0,0,0,0,0,0,3,0,0,3,0,True,High
LTE-TP-EP-001911,542020041221088+20250828143639+Fiji-Nadi-LTE-DL-D!20250828143559,Fiji-Nadi-LTE-DL-D,2025-08-28 04:34:38+02:00,2025-08-28 04:34:39+02:00,2,-17.62219959,177.44400428,-17.6220994,177.44398985,385.0,41186.0,41.0,1.524464,2.690752,,,,80.41,78.16499999999999,85.66,81.58,73.99,73.99,0,2,0,rb_efficiency_underperformance,normal,statistical_only_retained,1.0,22.19749465451053,0.0,70.63,62.89,67.15,High,High,2,2,2,0,0,0,0,2,0,0,2,6,True,High
LTE-TP-EP-001963,542020041221088+20250828154042+Fiji-Nadi-LTE-DL-D!20250828153246,Fiji-Nadi-LTE-DL-D,2025-08-28 05:31:56+02:00,2025-08-28 05:31:57+02:00,2,-17.6909938,177.4187097,-17.6909785,177.4188031,453.0,1850.0,3.0,0.577888,0.634736,,,,80.98,79.785,97.98,97.78,60.21,57.795,0,2,0,radio_limited_degradation,normal,statistical_only_retained,1.0,21.68137530344494,0.0,80.65,50.57,67.12,Critical,Medium,0,0,0,0,0,0,0,2,0,0,2,0,True,High
LTE-TP-EP-001515,542020041221088+20250828125624+Fiji-Nadi-LTE-DL-D!20250828125546,Fiji-Nadi-LTE-DL-D,2025-08-28 02:54:58+02:00,2025-08-28 02:54:59+02:00,2,-17.6370823,177.45538772,-17.63702856,177.45542658,165.0,40988.0,41.0,1.291752,5.501740000000001,43.68767,33.975941999999996,0.2222990605816241,74.51,67.67,95.48,73.68,71.77,60.31999999999999,0,2,0,ca_underperformance,ml_quantile_p75_resource_underperformance,statistical_only_retained,1.0,7.394770240028495,0.0,74.46,58.14,67.11,High,Medium,1,1,1,1,1,0,0,2,0,0,2,5,True,High
LTE-TP-EP-001410,542020041221088+20250828123823+Fiji-Nadi-LTE-DL-D!20250828123754,Fiji-Nadi-LTE-DL-D,2025-08-28 02:35:52+02:00,2025-08-28 02:35:53+02:00,2,-17.6315021,177.4424728,-17.6314434,177.4424698,313.0,41384.0,41.0,0.013488,0.020499999499999998,46.075667852877274,46.06217985287727,0.0002927358544876245,79.92,79.71000000000001,86.4,86.015,72.0,72.0,0,2,0,rolling_local_drop,normal,statistical_only_retained,1.0,6.534888888793128,0.0,71.93,61.2,67.1,High,High,0,0,0,0,0,0,0,0,0,0,2,0,True,High
LTE-TP-EP-000175,542020041221088+20250827105427+Fiji-Nadi-LTE-DL-D!20250827104733,Fiji-Nadi-LTE-DL-D,2025-08-27 00:47:09+02:00,2025-08-27 00:47:10+02:00,2,-17.7738139,177.4559269,-17.77381651,177.45592636,128.0,40988.0,41.0,0.069088,1.73494,50.06532860254876,48.269782,0.0014292431742818977,80.34,78.4,87.17,83.63499999999999,72.0,72.0,0,2,0,rolling_local_drop,normal,statistical_only_retained,1.0,26.253544012585184,0.0,71.88,61.2,67.07,High,High,0,0,0,0,0,0,0,0,0,0,2,0,True,High
LTE-TP-EP-001489,542020041221088+20250828125203+Fiji-Nadi-LTE-DL-D!20250828125121,Fiji-Nadi-LTE-DL-D,2025-08-28 02:50:46+02:00,2025-08-28 02:50:48+02:00,3,-17.63440542,177.45353641,-17.6344819,177.4534301,165.0,500.0,1.0,4.402552,4.705576,,,,79.55,73.57000000000001,84.59,82.12,74.69,63.123333333333335,0,3,0,radio_limited_degradation,normal,statistical_only_retained,2.0,20.565745985898218,0.0,72.29,60.59,67.03,High,High,0,0,0,0,0,0,0,3,0,0,3,0,True,High
LTE-TP-EP-001457,542020041221088+20250828124503+Fiji-Nadi-LTE-DL-D!20250828124436,Fiji-Nadi-LTE-DL-D,2025-08-28 02:43:22+02:00,2025-08-28 02:43:22+02:00,1,-17.6286519,177.4358781,-17.6286519,177.4358781,354.0,41384.0,41.0,0.014728,0.014728,50.89339,50.878662,0.000289389250745529,81.7,81.7,88.32,88.32,73.6,73.6,0,1,0,radio_limited_degradation,normal,statistical_only_retained,0.0,13.396525213972566,0.0,70.58,62.56,66.97,High,High,0,0,0,0,0,0,0,0,0,0,1,0,True,High
LTE-TP-EP-000505,542020041221088+20250827132124+Fiji-Nadi-LTE-DL-D!20250827121942,Fiji-Nadi-LTE-DL-D,2025-08-27 02:19:17+02:00,2025-08-27 02:19:17+02:00,1,-17.8043178,177.4237208,-17.8043178,177.4237208,148.0,40790.0,41.0,4.562416,4.562416,45.80048885863898,41.23807285863898,0.09961500660138539,80.84,80.84,75.28,75.28,87.64,87.64,0,1,0,radio_limited_degradation,normal,statistical_only_retained,0.0,12.68628886838975,0.0,60.8,74.49,66.96,High,High,0,0,0,0,0,0,0,0,0,0,1,0,True,High
LTE-TP-EP-000906,542020041221088+20250827152912+Fiji-Nadi-LTE-DL-D!20250827152850,Fiji-Nadi-LTE-DL-D,2025-08-27 05:27:10+02:00,2025-08-27 05:27:10+02:00,1,-17.74510213,177.44230073,-17.74510213,177.44230073,120.0,500.0,1.0,14.644536,14.644536,176.8458,162.201264,0.08280963415585782,80.91,80.91,76.86,76.86,85.85,85.85,0,1,0,ca_underperformance,ml_hgb_strict_causal_temporal_underperformance,statistical_only_retained,0.0,2.274212482746223,0.0,61.98,72.97,66.93,High,High,1,1,0,1,0,0,1,1,0,0,1,4,True,High
LTE-TP-EP-000071,542020041221088+20250827100345+Fiji-Nadi-LTE-DL-D!20250827100319,Fiji-Nadi-LTE-DL-D,2025-08-27 00:02:10+02:00,2025-08-27 00:02:11+02:00,2,-17.80703805,177.42257921,-17.807038,177.4225792,148.0,41186.0,41.0,0.221928,3.222672,54.170067,47.946651,0.007103005742612163,77.04,75.85,79.86,74.675,80.98,77.28999999999999,0,2,0,ca_underperformance,ml_quantile_p75_resource_underperformance,statistical_only_retained,1.0,0.011319306269641753,0.0,66.06,67.91,66.89,High,High,1,1,1,1,1,0,0,0,0,0,2,5,True,High
LTE-TP-EP-001132,542020041221088+20250828105207+Fiji-Nadi-LTE-DL-D!20250828105141,Fiji-Nadi-LTE-DL-D,2025-08-28 00:50:02+02:00,2025-08-28 00:50:03+02:00,2,-17.648907,177.4451031,-17.64890724,177.44510302,163.0,40790.0,41.0,0.026208,1.22132,48.225196790055634,48.19898879005564,0.0005434503484577645,80.38,77.36,87.23,81.74000000000001,72.0,72.0,0,2,0,rolling_local_drop,normal,statistical_only_retained,1.0,2.067658884217745,0.0,71.53,61.2,66.88,High,High,0,0,0,0,0,0,0,0,0,0,2,0,True,High
LTE-TP-EP-001396,542020041221088+20250828123522+Fiji-Nadi-LTE-DL-D!20250828123323,Fiji-Nadi-LTE-DL-D,2025-08-28 02:33:18+02:00,2025-08-28 02:33:19+02:00,2,-17.6293309,177.4405548,-17.6293316,177.4405539,310.0,356.0,1.0,0.011328,0.023524,45.14569746165007,45.134369461650074,0.00025092092130424607,79.72,79.095,86.03,84.89500000000001,72.0,72.0,0,2,0,rolling_local_drop,normal,statistical_only_retained,1.0,0.3488922765849496,0.0,71.5,61.2,66.87,High,High,0,0,0,0,0,0,0,0,0,0,2,0,True,High
LTE-TP-EP-001794,542020041221088+20250828140718+Fiji-Nadi-LTE-DL-D!20250828140641,Fiji-Nadi-LTE-DL-D,2025-08-28 04:05:40+02:00,2025-08-28 04:05:40+02:00,1,-17.606731,177.4546633,-17.606731,177.4546633,139.0,41186.0,41.0,0.091376,0.091376,,,,81.7,81.7,90.68,90.68,70.72,70.72,0,1,0,radio_limited_degradation,normal,statistical_only_retained,0.0,20.59586059346512,0.0,72.35,60.11,66.84,High,High,0,0,0,0,0,0,0,1,0,0,1,0,True,High
LTE-TP-EP-001241,542020041221088+20250828114952+Fiji-Nadi-LTE-DL-D!20250828112430,Fiji-Nadi-LTE-DL-D,2025-08-28 01:23:49+02:00,2025-08-28 01:23:50+02:00,2,-17.6056202,177.4615371,-17.60561942,177.46153712,375.0,500.0,1.0,0.01712,0.116684,,,,80.5,80.21000000000001,99.94,99.59,56.74,56.525000000000006,0,2,0,radio_limited_degradation,normal,statistical_only_retained,1.0,6.016718951641724,0.0,82.09,48.18,66.83,Critical,Medium,0,0,0,0,0,0,0,2,0,0,2,0,True,High
LTE-TP-EP-001676,542020041221088+20250828134436+Fiji-Nadi-LTE-DL-D!20250828133934,Fiji-Nadi-LTE-DL-D,2025-08-28 03:37:35+02:00,2025-08-28 03:37:38+02:00,4,-17.62203,177.4550741,-17.6218347,177.4552003,231.0,41186.0,41.0,0.986384,5.172704,,,,80.06,70.635,96.55,83.84,59.9,54.4975,0,4,0,radio_limited_degradation,normal,statistical_only_retained,3.0,25.50490290509528,0.0,80.94,49.56,66.82,Critical,Medium,0,0,0,0,0,0,0,0,0,0,4,0,True,High
LTE-TP-EP-001135,542020041221088+20250828105207+Fiji-Nadi-LTE-DL-D!20250828105141,Fiji-Nadi-LTE-DL-D,2025-08-28 00:51:33+02:00,2025-08-28 00:51:35+02:00,3,-17.65136851,177.44442311,-17.651536,177.444234,162.0,40790.0,41.0,0.0011999999,0.002528,4.532104,4.5295760000000005,0.0005577983206034107,78.03,72.49000000000001,91.0,80.71333333333332,67.62,62.43666666666667,0,3,0,radio_limited_degradation,normal,statistical_only_retained,2.0,27.512021263002122,0.0,75.53,56.18,66.82,High,Medium,0,0,0,0,0,0,0,3,0,0,3,0,True,High
LTE-TP-EP-000177,542020041221088+20250827105427+Fiji-Nadi-LTE-DL-D!20250827104733,Fiji-Nadi-LTE-DL-D,2025-08-27 00:47:26+02:00,2025-08-27 00:47:27+02:00,2,-17.77188623,177.45628095,-17.7717616,177.45627762,128.0,40988.0,41.0,0.01588,0.135132,41.80797810415976,41.792098104159756,0.00037983181010181377,79.69,78.64,84.68,83.42,73.6,72.8,0,2,0,radio_limited_degradation,normal,statistical_only_retained,1.0,27.81651853221736,0.0,70.46,62.36,66.82,High,High,0,0,0,0,0,0,0,0,0,0,2,0,True,High
LTE-TP-EP-001141,542020041221088+20250828105628+Fiji-Nadi-LTE-DL-D!20250828105605,Fiji-Nadi-LTE-DL-D,2025-08-28 00:55:01+02:00,2025-08-28 00:55:01+02:00,1,-17.65160166,177.44418598,-17.65160166,177.44418598,163.0,41384.0,41.0,3.226456,3.226456,34.42602741629763,31.19957141629763,0.09372141493364881,80.53,80.53,72.88,72.88,89.87,89.87,0,1,0,sudden_drop,normal,statistical_only_retained,0.0,0.12163853734299701,0.0,59.0,76.39,66.82,High,High,0,0,0,0,0,0,0,0,0,0,1,0,True,High
LTE-TP-EP-000882,542020041221088+20250827152052+Fiji-Nadi-LTE-DL-D!20250827151954,Fiji-Nadi-LTE-DL-D,2025-08-27 05:19:30+02:00,2025-08-27 05:19:31+02:00,2,-17.7432528,177.4417457,-17.74325253,177.44174549,120.0,40790.0,41.0,0.030088,0.6906399999999999,42.023837876947724,41.993749876947724,0.000715974587759031,79.72,78.32,84.73,82.84,73.6,72.8,0,2,0,radio_limited_degradation,normal,statistical_only_retained,1.0,3.8169769591530343,0.0,70.38,62.36,66.77,High,High,0,0,0,0,0,0,0,0,0,0,2,0,True,High
LTE-TP-EP-000510,542020041221088+20250827132444+Fiji-Nadi-LTE-DL-D!20250827122410,Fiji-Nadi-LTE-DL-D,2025-08-27 02:22:29+02:00,2025-08-27 02:22:29+02:00,1,-17.806679,177.4188663,-17.806679,177.4188663,149.0,41384.0,41.0,2.20008,2.20008,40.17137418247882,37.97129418247882,0.054767357223233566,80.8,80.8,78.43,78.43,83.69,83.69,0,1,0,radio_limited_degradation,normal,statistical_only_retained,0.0,1.14812612735855,0.0,63.16,71.14,66.75,High,High,0,0,0,0,0,0,0,0,0,0,1,0,True,High
LTE-TP-EP-001506,542020041221088+20250828125404+Fiji-Nadi-LTE-DL-D!20250828125334,Fiji-Nadi-LTE-DL-D,2025-08-28 02:52:38+02:00,2025-08-28 02:52:38+02:00,1,-17.63278129,177.4543961,-17.63278129,177.4543961,167.0,40988.0,41.0,0.631472,0.631472,,,,82.02,82.02,97.79,97.79,62.75,62.75,0,1,0,radio_limited_degradation,normal,statistical_only_retained,0.0,0.10141188454202639,0.0,77.68,53.34,66.73,High,Medium,0,0,0,0,0,0,0,0,0,0,1,0,True,High
LTE-TP-EP-000025,542020041221088+20250827094925+Fiji-Nadi-LTE-DL-D!20250827094611,Fiji-Nadi-LTE-DL-D,2025-08-26 23:45:09+02:00,2025-08-26 23:45:10+02:00,2,-17.8116013,177.3998509,-17.81160131,177.39985085,151.0,41186.0,41.0,0.027328,0.031316000000000004,40.497877908946855,40.47054990894686,0.0006748007898449084,78.97,78.82,84.13,83.745,73.6,72.8,0,2,0,radio_limited_degradation,normal,statistical_only_retained,1.0,0.010817581393071304,0.0,70.23,62.36,66.69,High,High,0,0,0,0,0,0,0,0,0,0,2,0,True,High
LTE-TP-EP-001000,542020041221088+20250827161154+Fiji-Nadi-LTE-DL-D!20250827160820,Fiji-Nadi-LTE-DL-D,2025-08-27 06:07:34+02:00,2025-08-27 06:07:35+02:00,2,-17.81295508,177.43703998,-17.81296941,177.43705127,148.0,500.0,1.0,0.487752,0.935928,,,,81.11,77.695,98.29,96.725,60.11,54.435,0,2,0,radio_limited_degradation,normal,statistical_only_retained,1.0,3.9471137004230004,0.0,80.61,49.67,66.69,Critical,Medium,0,0,0,0,0,0,0,2,0,0,2,0,True,High
LTE-TP-EP-001773,542020041221088+20250828140337+Fiji-Nadi-LTE-DL-D!20250828140209,Fiji-Nadi-LTE-DL-D,2025-08-28 04:01:18+02:00,2025-08-28 04:01:19+02:00,2,-17.60791552,177.45269041,-17.60789573,177.45258047,139.0,41186.0,41.0,11.086272,19.054152,103.734363,76.712331,0.21725674042047632,74.39,65.175,58.16,55.8,100.0,76.63,1,1,0,ca_underperformance,ml_quantile_p75_resource_underperformance,statistical_and_ml_consensus,1.0,23.135638484378312,50.0,50.35,86.66,66.69,Medium,Very High,2,2,0,1,1,1,1,2,0,0,2,8,True,High
LTE-TP-EP-000441,542020041221088+20250827130936+Fiji-Nadi-LTE-DL-D!20250827120414,Fiji-Nadi-LTE-DL-D,2025-08-27 02:03:09+02:00,2025-08-27 02:03:09+02:00,1,-17.77317708,177.37696177,-17.77317708,177.37696177,155.0,500.0,1.0,0.0274,0.0274,52.851555,52.824155,0.0005184331851730759,81.39,81.39,89.08,89.08,72.0,72.0,0,1,0,sudden_drop,normal,statistical_only_retained,0.0,7.176582968442849,0.0,71.15,61.2,66.67,High,High,0,0,0,0,0,0,0,1,0,0,1,0,True,High
LTE-TP-EP-000886,542020041221088+20250827152532+Fiji-Nadi-LTE-DL-D!20250827152209,Fiji-Nadi-LTE-DL-D,2025-08-27 05:20:30+02:00,2025-08-27 05:20:30+02:00,1,-17.742363,177.44226036,-17.742363,177.44226036,120.0,40790.0,41.0,4.963432,4.963432,38.110246337865306,33.14681433786531,0.13023878030062663,80.17,80.17,70.22,70.22,92.34,92.34,0,1,0,sudden_drop,normal,statistical_only_retained,0.0,0.03768591760900752,0.0,57.0,78.49,66.67,High,High,0,0,0,0,0,0,0,0,0,0,1,0,True,High
LTE-TP-EP-000283,542020041221088+20250827115912+Fiji-Nadi-LTE-DL-D!20250827112451,Fiji-Nadi-LTE-DL-D,2025-08-27 01:23:06+02:00,2025-08-27 01:23:08+02:00,3,-17.7688331,177.4407888,-17.76889444,177.4406833,123.0,41384.0,41.0,0.042528,4.60896,60.15991375,45.65093775,0.0037642287017133065,69.87,65.40666666666667,63.41,53.65333333333333,93.39,79.76666666666667,1,2,0,ca_underperformance,normal,statistical_only_retained,2.0,26.7010714457173,33.33333333333333,54.94,80.98,66.66,Medium,Very High,1,1,0,1,0,1,1,0,0,0,3,5,True,High
LTE-TP-EP-000418,542020041221088+20250827123818+Fiji-Nadi-LTE-DL-D!20250827115313,Fiji-Nadi-LTE-DL-D,2025-08-27 01:51:21+02:00,2025-08-27 01:51:22+02:00,2,-17.7686856,177.3763951,-17.7686875,177.3763218,157.0,40988.0,41.0,0.943112,1.17726,,,,78.84,78.62,87.7,86.88,70.02,68.53,0,2,0,radio_limited_degradation,normal,statistical_only_retained,1.0,22.484530731610704,0.0,72.82,59.14,66.66,High,Medium,0,0,0,0,0,0,0,0,2,0,2,0,True,High
LTE-TP-EP-001041,542020041221088+20250828102746+Fiji-Nadi-LTE-DL-D!20250828102524,Fiji-Nadi-LTE-DL-D,2025-08-28 00:24:27+02:00,2025-08-28 00:24:28+02:00,2,-17.7370615,177.4599267,-17.7370389,177.4599312,49.0,1850.0,3.0,0.02848,2.008816,53.8361855,49.8470335,0.002949693470394854,81.48,70.915,75.61,68.43,88.65,73.95,0,2,0,rb_efficiency_underperformance,normal,statistical_only_retained,1.0,5.287120445366421,0.0,62.48,71.68,66.62,High,High,1,1,1,0,0,0,0,2,0,2,2,3,True,High
LTE-TP-EP-001574,542020041221088+20250828131435+Fiji-Nadi-LTE-DL-D!20250828131128,Fiji-Nadi-LTE-DL-D,2025-08-28 03:10:10+02:00,2025-08-28 03:10:11+02:00,2,-17.62707,177.4668118,-17.62706946,177.46681026,254.0,40988.0,41.0,1.702344,13.897692,88.018015732615,61.924975732614996,0.030652213812298254,80.64,73.34,86.4,72.67,74.72,74.16,0,2,0,radio_limited_degradation,normal,statistical_only_retained,1.0,5.188610873870147,0.0,69.26,63.37,66.61,High,High,0,0,0,0,0,0,0,0,0,0,2,0,True,High
LTE-TP-EP-001952,542020041221088+20250828153922+Fiji-Nadi-LTE-DL-D!20250828152928,Fiji-Nadi-LTE-DL-D,2025-08-28 05:28:46+02:00,2025-08-28 05:28:47+02:00,2,-17.680802,177.4088147,-17.6809177,177.408791,360.0,500.0,1.0,4.425176,4.611624000000001,59.51545075,54.71737875,0.08061893070682995,81.92,70.49000000000001,76.66,73.345,88.35,67.005,0,2,0,ca_underperformance,ml_quantile_p75_resource_underperformance,statistical_only_retained,1.0,26.295220130889177,0.0,64.04,69.76,66.61,High,High,1,1,1,1,1,0,0,0,2,2,2,5,True,High
LTE-TP-EP-000027,542020041221088+20250827094925+Fiji-Nadi-LTE-DL-D!20250827094611,Fiji-Nadi-LTE-DL-D,2025-08-26 23:45:27+02:00,2025-08-26 23:45:27+02:00,1,-17.81160131,177.39985085,-17.81160131,177.39985085,151.0,41186.0,41.0,0.065448,0.065448,52.55935,52.493902,0.0012452208788731216,81.28,81.28,88.87,88.87,72.0,72.0,0,1,0,sudden_drop,normal,statistical_only_retained,0.0,0.0,0.0,70.99,61.2,66.58,High,High,0,0,0,0,0,0,0,0,0,0,1,0,True,High
LTE-TP-EP-000716,542020041221088+20250827140149+Fiji-Nadi-LTE-DL-D!20250827134245,Fiji-Nadi-LTE-DL-D,2025-08-27 03:42:16+02:00,2025-08-27 03:42:16+02:00,1,-17.7707529,177.4033087,-17.7707529,177.4033087,135.0,40790.0,41.0,0.59056,0.59056,55.464071426635115,54.87351142663512,0.010647613577758367,81.27,81.27,88.86,88.86,72.0,72.0,0,1,0,sudden_drop,normal,statistical_only_retained,0.0,1.2386800917143619,0.0,70.98,61.2,66.58,High,High,0,0,0,0,0,0,0,0,0,0,1,0,True,High
LTE-TP-EP-001968,542020041221088+20250829102513+Nawaka-LTE-DL!20250829102435,Nawaka-LTE-DL,2025-08-29 00:22:34+02:00,2025-08-29 00:22:36+02:00,3,-17.8128907,177.443263,-17.8128907,177.443263,469.0,500.0,1.0,0.00336,0.00372,,,,78.73,78.70666666666666,99.99,99.96333333333332,52.75,52.72666666666667,0,3,0,radio_limited_degradation,normal,statistical_only_retained,2.0,0.0,0.0,84.33,44.83,66.55,Critical,Medium,0,0,0,0,0,0,0,0,0,0,3,0,True,High
LTE-TP-EP-001754,542020041221088+20250828140057+Fiji-Nadi-LTE-DL-D!20250828135741,Fiji-Nadi-LTE-DL-D,2025-08-28 03:57:22+02:00,2025-08-28 03:57:22+02:00,1,-17.6079913,177.4560997,-17.6079913,177.4560997,139.0,41186.0,41.0,0.148048,0.148048,,,,81.9,81.9,99.48,99.48,60.42,60.42,0,1,0,radio_limited_degradation,normal,statistical_only_retained,0.0,6.117503556282552,0.0,78.95,51.36,66.53,High,Medium,0,0,0,0,0,0,0,1,0,0,1,0,True,High
LTE-TP-EP-000702,542020041221088+20250827135949+Fiji-Nadi-LTE-DL-D!20250827134144,Fiji-Nadi-LTE-DL-D,2025-08-27 03:40:36+02:00,2025-08-27 03:40:36+02:00,1,-17.7757525,177.4082738,-17.7757525,177.4082738,135.0,40790.0,41.0,0.01132,0.01132,48.11754,48.10622,0.00023525724714937632,81.09,81.09,87.22,87.22,73.6,73.6,0,1,0,radio_limited_degradation,normal,statistical_only_retained,0.0,2.7776134426447823,0.0,69.75,62.56,66.52,High,High,0,0,0,0,0,0,0,0,0,0,1,0,True,High
LTE-TP-EP-001031,542020041221088+20250828102346+Fiji-Nadi-LTE-DL-D!20250828102312,Fiji-Nadi-LTE-DL-D,2025-08-28 00:22:11+02:00,2025-08-28 00:22:12+02:00,2,-17.7371848,177.4599081,-17.7371848,177.4599081,338.0,1850.0,3.0,0.028304,0.05078,39.20204,39.173736,0.0007220032426883908,79.11,78.625,83.61,83.38499999999999,73.6,72.8,0,2,0,radio_limited_degradation,normal,statistical_only_retained,1.0,0.0,0.0,69.87,62.36,66.49,High,High,0,0,0,0,0,0,0,0,0,0,2,0,True,High
LTE-TP-EP-000994,542020041221088+20250827161154+Fiji-Nadi-LTE-DL-D!20250827160820,Fiji-Nadi-LTE-DL-D,2025-08-27 06:06:53+02:00,2025-08-27 06:06:53+02:00,1,-17.8125348,177.4374076,-17.8125348,177.4374076,469.0,1850.0,3.0,0.099543996,0.099543996,,,,81.87,81.87,99.65,99.65,60.14,60.14,0,1,0,radio_limited_degradation,normal,statistical_only_retained,0.0,7.128706436148485,0.0,79.07,51.12,66.49,High,Medium,0,0,0,0,0,0,0,0,0,0,0,0,True,High
LTE-TP-EP-000887,542020041221088+20250827152532+Fiji-Nadi-LTE-DL-D!20250827152209,Fiji-Nadi-LTE-DL-D,2025-08-27 05:20:43+02:00,2025-08-27 05:20:43+02:00,1,-17.7421081,177.4422123,-17.7421081,177.4422123,120.0,40790.0,41.0,2.1237519,2.1237519,36.61840664681909,34.49465474681909,0.05799684078237966,80.36,80.36,76.97,76.97,84.5,84.5,0,1,0,sudden_drop,normal,statistical_only_retained,0.0,4.5163524208978965,0.0,62.06,71.82,66.46,High,High,0,0,0,0,0,0,0,0,0,0,1,0,True,High
LTE-TP-EP-000179,542020041221088+20250827105947+Fiji-Nadi-LTE-DL-D!20250827104944,Fiji-Nadi-LTE-DL-D,2025-08-27 00:47:53+02:00,2025-08-27 00:47:54+02:00,2,-17.76874231,177.45534664,-17.7685231,177.4552621,214.0,40988.0,41.0,0.628464,1.126324,47.00385715524395,46.37539315524395,0.013370477191357175,79.32,78.1,85.3,83.08500000000001,72.0,72.0,0,2,0,rolling_local_drop,normal,statistical_only_retained,1.0,26.015120919843216,0.0,70.74,61.2,66.45,High,High,0,0,0,0,0,0,0,0,0,0,2,0,True,High
LTE-TP-EP-000287,542020041221088+20250827115912+Fiji-Nadi-LTE-DL-D!20250827112451,Fiji-Nadi-LTE-DL-D,2025-08-27 01:23:52+02:00,2025-08-27 01:23:53+02:00,2,-17.7694953,177.4391596,-17.7694953,177.4391596,123.0,41384.0,41.0,0.121248,0.125264,39.76947507000005,39.64822707000005,0.0030487704398055523,78.52,78.44999999999999,83.6,83.07,73.6,72.8,0,2,0,radio_limited_degradation,normal,statistical_only_retained,1.0,0.0033358520523874445,0.0,69.8,62.36,66.45,High,High,0,0,0,0,0,0,0,0,0,0,2,0,True,High
LTE-TP-EP-000039,542020041221088+20250827095105+Fiji-Nadi-LTE-DL-D!20250827094821,Fiji-Nadi-LTE-DL-D,2025-08-26 23:47:36+02:00,2025-08-26 23:47:36+02:00,1,-17.8116013,177.3998509,-17.8116013,177.3998509,151.0,41186.0,41.0,0.357584,0.357584,49.73495511787558,49.377371117875576,0.0071897923533357794,81.0,81.0,87.06,87.06,73.6,73.6,0,1,0,radio_limited_degradation,normal,statistical_only_retained,0.0,0.005408790696535652,0.0,69.63,62.56,66.45,High,High,0,0,0,0,0,0,0,0,0,0,1,0,True,High
LTE-TP-EP-000277,542020041221088+20250827115331+Fiji-Nadi-LTE-DL-D!20250827112239,Fiji-Nadi-LTE-DL-D,2025-08-27 01:20:42+02:00,2025-08-27 01:20:42+02:00,1,-17.7611943,177.4513521,-17.7611943,177.4513521,348.0,500.0,1.0,12.175328,12.175328,80.45752920899598,68.28220120899599,0.1513261483381306,80.3,80.3,76.08,76.08,85.45,85.45,0,1,0,sudden_drop,normal,statistical_only_retained,0.0,21.718861689053394,0.0,61.4,72.63,66.45,High,High,0,0,0,0,0,0,0,0,0,0,1,0,True,High
LTE-TP-EP-000057,542020041221088+20250827100005+Fiji-Nadi-LTE-DL-D!20250827095853,Fiji-Nadi-LTE-DL-D,2025-08-26 23:57:13+02:00,2025-08-26 23:57:14+02:00,2,-17.81219426,177.39931836,-17.8120191,177.3995024,151.0,41186.0,41.0,0.047376,9.575976,105.7221075,86.61753150000001,0.0015053910251356872,77.37,74.625,80.45,73.015,79.58,76.59,0,2,0,radio_limited_degradation,ml_hgb_strict_causal_temporal_underperformance,statistical_only_retained,1.0,41.00641031437843,0.0,66.06,66.9,66.43,High,High,1,1,0,0,0,0,1,0,0,0,2,3,True,High
LTE-TP-EP-001608,542020041221088+20250828132555+Fiji-Nadi-LTE-DL-D!20250828131914,Fiji-Nadi-LTE-DL-D,2025-08-28 03:18:10+02:00,2025-08-28 03:18:11+02:00,2,-17.62237763,177.46722553,-17.6223794,177.46727712,253.0,41384.0,41.0,0.102352,0.45522,42.94831960099618,42.719342999999995,0.0023901902995666097,79.08,78.61,84.87,84.02000000000001,72.0,72.0,0,2,0,rolling_local_drop,normal,statistical_only_retained,1.0,5.866048424115694,0.0,70.69,61.2,66.42,High,High,0,0,0,0,0,0,0,0,0,0,2,0,True,High
LTE-TP-EP-001742,542020041221088+20250828140057+Fiji-Nadi-LTE-DL-D!20250828135741,Fiji-Nadi-LTE-DL-D,2025-08-28 03:55:52+02:00,2025-08-28 03:55:53+02:00,2,-17.60820288,177.45668277,-17.6081595,177.4567861,232.0,41186.0,41.0,0.638768,0.740692,,,,79.9,79.44,97.76,97.405,58.08,57.489999999999995,0,2,0,radio_limited_degradation,normal,statistical_only_retained,1.0,18.74663831863416,0.0,80.45,49.22,66.4,Critical,Medium,0,0,0,0,0,0,0,2,0,0,2,0,True,High
LTE-TP-EP-001462,542020041221088+20250828124723+Fiji-Nadi-LTE-DL-D!20250828124651,Fiji-Nadi-LTE-DL-D,2025-08-28 02:44:53+02:00,2025-08-28 02:44:53+02:00,1,-17.6309639,177.4441089,-17.6309639,177.4441089,313.0,41384.0,41.0,23.505207,23.505207,110.66016279066946,87.15495579066946,0.2124089320604351,79.85,79.85,70.09,70.09,91.77,91.77,0,1,0,rb_conditioned_underperformance,ml_hgb_strict_causal_temporal_underperformance,statistical_only_retained,0.0,1.1824741852631049,0.0,56.9,78.0,66.4,High,High,1,1,0,0,0,0,1,0,0,0,1,3,True,High
LTE-TP-EP-000694,542020041221088+20250827135649+Fiji-Nadi-LTE-DL-D!20250827133934,Fiji-Nadi-LTE-DL-D,2025-08-27 03:39:00+02:00,2025-08-27 03:39:01+02:00,2,-17.77968674,177.4125148,-17.7796309,177.4123651,137.0,40790.0,41.0,0.048584,0.09930800000000001,38.7713815457743,38.64216864401003,0.0012557005661537994,78.84,78.53999999999999,83.35,83.235,73.6,72.8,0,2,0,radio_limited_degradation,normal,statistical_only_retained,1.0,25.539951123405714,0.0,69.7,62.36,66.39,High,High,0,0,0,0,0,0,0,0,0,0,2,0,True,High
LTE-TP-EP-000162,542020041221088+20250827104707+Fiji-Nadi-LTE-DL-D!20250827104518,Fiji-Nadi-LTE-DL-D,2025-08-27 00:44:49+02:00,2025-08-27 00:44:50+02:00,2,-17.78456666,177.44606059,-17.7844377,177.4462517,127.0,40988.0,41.0,0.058984,14.108827999999999,100.12010000000001,71.96142800000001,0.0011263334141871817,81.97,70.27,88.81,71.69,73.6,68.53,0,2,0,radio_limited_degradation,normal,statistical_only_retained,1.0,36.79994385983269,0.0,70.39,61.29,66.3,High,High,1,1,0,0,0,0,0,0,0,0,2,2,True,High
LTE-TP-EP-001071,542020041221088+20250828103707+Fiji-Nadi-LTE-DL-D!20250828103621,Fiji-Nadi-LTE-DL-D,2025-08-28 00:35:42+02:00,2025-08-28 00:35:42+02:00,1,-17.6844334,177.4146479,-17.6844334,177.4146479,453.0,1850.0,3.0,35.62661,35.62661,102.526375,66.899765,0.3474872685199296,70.36,70.36,48.18,48.18,97.47,97.47,1,0,0,sudden_drop,ml_hgb_strict_causal_temporal_underperformance,statistical_and_ml_consensus,0.0,16.86982305661462,100.0,40.47,97.85,66.29,Medium,Very High,0,0,0,0,0,1,1,0,0,0,0,2,True,High
LTE-TP-EP-001330,542020041221088+20250828122241+Fiji-Nadi-LTE-DL-D!20250828121359,Fiji-Nadi-LTE-DL-D,2025-08-28 02:12:04+02:00,2025-08-28 02:12:04+02:00,1,-17.6033711,177.4529777,-17.6033711,177.4529777,184.0,40988.0,41.0,0.051512,0.051512,,,,81.06,81.06,90.82,90.82,69.12,69.12,0,1,0,radio_limited_degradation,normal,statistical_only_retained,0.0,0.03952379655544096,0.0,72.45,58.75,66.29,High,Medium,0,0,0,0,0,0,0,1,0,0,1,0,True,High
LTE-TP-EP-001502,542020041221088+20250828125404+Fiji-Nadi-LTE-DL-D!20250828125334,Fiji-Nadi-LTE-DL-D,2025-08-28 02:52:20+02:00,2025-08-28 02:52:20+02:00,1,-17.6337944,177.4542943,-17.6337944,177.4542943,167.0,40988.0,41.0,4.886728,4.886728,,,,80.55,80.55,82.9,82.9,77.67,77.67,0,1,0,radio_limited_degradation,normal,statistical_only_retained,0.0,4.512980502275119,0.0,66.51,66.02,66.29,High,High,0,0,0,0,0,0,0,0,0,0,0,0,True,High
LTE-TP-EP-000113,542020041221088+20250827102926+Fiji-Nadi-LTE-DL-D!20250827102813,Fiji-Nadi-LTE-DL-D,2025-08-27 00:27:44+02:00,2025-08-27 00:27:48+02:00,5,-17.8139633,177.4353879,-17.81413199,177.43552294,395.0,9310.0,28.0,1.605776,1.981936,43.970293999999996,38.89112599999999,0.11551362381156698,70.11,67.768,94.38,88.008,60.37,43.025999999999996,0,5,0,radio_limited_degradation,normal,statistical_only_retained,4.0,30.961094059640118,0.0,82.05,46.98,66.27,Critical,Medium,1,1,1,1,0,0,0,5,0,0,5,4,True,High
LTE-TP-EP-001866,542020041221088+20250828141838+Fiji-Nadi-LTE-DL-D!20250828141754,Fiji-Nadi-LTE-DL-D,2025-08-28 04:17:35+02:00,2025-08-28 04:17:36+02:00,2,-17.61051952,177.45953441,-17.6104896,177.45960242,196.0,500.0,1.0,0.04728,0.07441600000000001,,,,79.98,78.83500000000001,99.83,99.735,55.96,53.29,0,2,0,radio_limited_degradation,normal,statistical_only_retained,1.0,15.948631593838606,0.0,82.06,46.9,66.24,Critical,Medium,0,0,0,0,0,0,0,2,0,0,2,0,True,High
LTE-TP-EP-000070,542020041221088+20250827100345+Fiji-Nadi-LTE-DL-D!20250827100319,Fiji-Nadi-LTE-DL-D,2025-08-27 00:01:57+02:00,2025-08-27 00:01:57+02:00,1,-17.807038,177.4225792,-17.807038,177.4225792,148.0,41186.0,41.0,1.528496,1.528496,31.518399860972973,29.989903860972973,0.048495355308079253,80.03,80.03,76.2,76.2,84.71,84.71,0,1,0,sudden_drop,normal,statistical_only_retained,0.0,0.0,0.0,61.49,72.0,66.22,High,High,0,0,0,0,0,0,0,0,0,0,1,0,True,High
LTE-TP-EP-000395,542020041221088+20250827123517+Fiji-Nadi-LTE-DL-D!20250827114634,Fiji-Nadi-LTE-DL-D,2025-08-27 01:45:05+02:00,2025-08-27 01:45:06+02:00,2,-17.78444069,177.38985531,-17.78438351,177.38973891,138.0,1850.0,3.0,0.039544,0.32685600000000004,,,,79.66,79.19999999999999,99.86,98.85499999999999,55.38,55.18,0,2,0,radio_limited_degradation,normal,statistical_only_retained,1.0,14.053667232173154,0.0,81.9,47.02,66.21,Critical,Medium,0,0,0,0,0,0,0,2,0,2,2,0,True,High
LTE-TP-EP-001640,542020041221088+20250828133816+Fiji-Nadi-LTE-DL-D!20250828132818,Fiji-Nadi-LTE-DL-D,2025-08-28 03:26:30+02:00,2025-08-28 03:26:30+02:00,1,-17.6163668,177.4668903,-17.6163668,177.4668903,375.0,500.0,1.0,1.511176,1.511176,,,,81.22,81.22,94.71,94.71,64.73,64.73,0,1,0,radio_limited_degradation,normal,statistical_only_retained,0.0,24.749019355808812,0.0,75.37,55.02,66.21,High,Medium,0,0,0,0,0,0,0,0,0,0,1,0,True,High
LTE-TP-EP-001014,542020041221088+20250827161234+Fiji-Nadi-LTE-DL-D!20250827161029,Fiji-Nadi-LTE-DL-D,2025-08-27 06:09:10+02:00,2025-08-27 06:09:10+02:00,1,-17.8150079,177.43881768,-17.8150079,177.43881768,148.0,41186.0,41.0,0.33012798,0.33012798,,,,81.47,81.47,98.84,98.84,60.25,60.25,0,1,0,radio_limited_degradation,normal,statistical_only_retained,0.0,0.38196945384029113,0.0,78.47,51.21,66.2,High,Medium,0,0,0,0,0,0,0,1,0,0,1,0,True,High
LTE-TP-EP-000878,542020041221088+20250827152052+Fiji-Nadi-LTE-DL-D!20250827151954,Fiji-Nadi-LTE-DL-D,2025-08-27 05:18:36+02:00,2025-08-27 05:18:38+02:00,3,-17.744069,177.4420838,-17.7440315,177.4420269,120.0,40790.0,41.0,0.113992,0.4184,27.727292148530648,23.598660148530648,0.00598823425025627,73.75,72.58333333333333,75.18,70.39,81.79,75.26333333333334,0,3,0,rolling_local_drop,normal,statistical_only_retained,2.0,10.92560730140788,0.0,64.77,67.89,66.17,High,High,0,0,0,0,0,0,0,0,0,0,3,0,True,High
LTE-TP-EP-000843,542020041221088+20250827151332+Fiji-Nadi-LTE-DL-D!20250827151309,Fiji-Nadi-LTE-DL-D,2025-08-27 05:11:54+02:00,2025-08-27 05:11:55+02:00,2,-17.75357067,177.45249019,-17.75358093,177.45252953,115.0,9310.0,28.0,0.022168,8.2491965,61.337982640829274,56.84169624758417,0.0003898433617434256,82.28,69.445,90.7,73.815,72.0,64.11,0,2,0,radio_limited_degradation,normal,statistical_only_retained,1.0,4.3740432636025535,0.0,71.85,59.23,66.17,High,Medium,0,0,0,0,0,0,0,0,0,0,2,0,True,High
LTE-TP-EP-001491,542020041221088+20250828125203+Fiji-Nadi-LTE-DL-D!20250828125121,Fiji-Nadi-LTE-DL-D,2025-08-28 02:50:55+02:00,2025-08-28 02:50:55+02:00,1,-17.634429,177.4534283,-17.634429,177.4534283,167.0,40988.0,41.0,0.818096,0.818096,,,,81.32,81.32,97.14,97.14,61.99,61.99,0,1,0,radio_limited_degradation,normal,statistical_only_retained,0.0,0.02561796807794215,0.0,77.19,52.69,66.17,High,Medium,0,0,0,0,0,0,0,0,0,0,1,0,True,High
LTE-TP-EP-001546,542020041221088+20250828130244+Fiji-Nadi-LTE-DL-D!20250828130228,Fiji-Nadi-LTE-DL-D,2025-08-28 03:01:36+02:00,2025-08-28 03:01:37+02:00,2,-17.62902333,177.45186068,-17.6290631,177.4519359,167.0,40790.0,41.0,8.967688,10.37347575,93.96716500000001,82.18790150000001,0.1253551014335699,76.49,66.31,77.96,54.37,87.11,80.9,0,2,0,ca_underperformance,ml_quantile_p75_resource_underperformance,statistical_only_retained,1.0,9.370660825499295,0.0,60.96,72.49,66.15,High,High,1,1,0,1,1,0,0,1,0,0,2,4,True,High
LTE-TP-EP-000163,542020041221088+20250827104707+Fiji-Nadi-LTE-DL-D!20250827104518,Fiji-Nadi-LTE-DL-D,2025-08-27 00:44:58+02:00,2025-08-27 00:44:58+02:00,1,-17.78396004,177.44696711,-17.78396004,177.44696711,127.0,40988.0,41.0,0.111824,0.111824,50.100535,49.988711,0.002231992133417338,80.68,80.68,87.78,87.78,72.0,72.0,0,1,0,sudden_drop,normal,statistical_only_retained,0.0,0.1492029816894108,0.0,70.17,61.2,66.13,High,High,0,0,0,0,0,0,0,0,0,0,1,0,True,High
LTE-TP-EP-001146,542020041221088+20250828105628+Fiji-Nadi-LTE-DL-D!20250828105605,Fiji-Nadi-LTE-DL-D,2025-08-28 00:55:49+02:00,2025-08-28 00:55:50+02:00,2,-17.64962343,177.44584047,-17.6495447,177.4459047,163.0,41384.0,41.0,0.125808,7.107688,54.2447535470603,54.1189455470603,0.0023192657680867635,81.58,70.52,89.41,71.37,72.0,69.475,0,2,0,sudden_drop,normal,statistical_only_retained,1.0,16.397840540190767,0.0,70.66,60.57,66.12,High,High,0,0,0,0,0,0,0,0,0,0,0,0,True,High
LTE-TP-EP-001780,542020041221088+20250828140337+Fiji-Nadi-LTE-DL-D!20250828140209,Fiji-Nadi-LTE-DL-D,2025-08-28 04:02:00+02:00,2025-08-28 04:02:01+02:00,2,-17.6078656,177.4507267,-17.6078656,177.4507267,139.0,1850.0,3.0,7.979544,8.767072,57.46835969902082,49.488815699020826,0.13885108330551427,81.17,69.075,73.34,65.07,90.73,73.96000000000001,0,2,0,rolling_local_drop,normal,statistical_only_retained,1.0,0.0,0.0,60.56,72.93,66.12,High,High,0,0,0,0,0,0,0,2,0,0,2,0,True,High
LTE-TP-EP-001373,542020041221088+20250828122802+Fiji-Nadi-LTE-DL-D!20250828122423,Fiji-Nadi-LTE-DL-D,2025-08-28 02:22:34+02:00,2025-08-28 02:22:34+02:00,1,-17.6156906,177.4399962,-17.6156906,177.4399962,180.0,40790.0,41.0,0.160776,0.160776,,,,80.81,80.81,90.44,90.44,69.03,69.03,0,1,0,radio_limited_degradation,normal,statistical_only_retained,0.0,9.275679332854041,0.0,72.17,58.68,66.1,High,Medium,0,0,0,0,0,0,0,1,0,0,1,0,True,High
LTE-TP-EP-000155,542020041221088+20250827104707+Fiji-Nadi-LTE-DL-D!20250827104518,Fiji-Nadi-LTE-DL-D,2025-08-27 00:43:37+02:00,2025-08-27 00:43:37+02:00,1,-17.7910956,177.4397878,-17.7910956,177.4397878,431.0,500.0,1.0,0.017872,0.017872,53.946233092519115,53.92836109251912,0.00033129282575391464,80.72,80.72,89.54,89.54,69.95,69.95,0,1,0,sudden_drop,normal,statistical_only_retained,0.0,15.716341938219871,0.0,71.49,59.46,66.08,High,Medium,0,0,0,0,0,0,0,0,0,0,1,0,True,High
LTE-TP-EP-001307,542020041221088+20250828121442+Fiji-Nadi-LTE-DL-D!20250828115247,Fiji-Nadi-LTE-DL-D,2025-08-28 01:51:54+02:00,2025-08-28 01:51:55+02:00,2,-17.6043574,177.452286,-17.60435739,177.45228602,183.0,41384.0,41.0,0.008392,0.017528000000000002,,,,79.2,78.13,90.97,90.94,64.89,62.480000000000004,0,2,0,radio_limited_degradation,normal,statistical_only_retained,1.0,0.0023936971994184004,0.0,75.43,54.55,66.03,High,Medium,0,0,0,0,0,0,0,0,0,0,0,0,True,High
LTE-TP-EP-000134,542020041221088+20250827103926+Fiji-Nadi-LTE-DL-D!20250827103843,Fiji-Nadi-LTE-DL-D,2025-08-27 00:36:55+02:00,2025-08-27 00:36:57+02:00,3,-17.81326291,177.43492408,-17.8132629,177.4349241,469.0,9310.0,28.0,0.216888,1.255096,,,,80.43,71.59666666666668,99.24,94.71666666666665,57.43,43.339999999999996,0,3,0,radio_limited_degradation,normal,statistical_only_retained,2.0,0.0023915107422763497,0.0,82.86,45.29,65.96,Critical,Medium,0,0,0,0,0,0,0,3,0,0,3,0,True,High
LTE-TP-EP-000881,542020041221088+20250827152052+Fiji-Nadi-LTE-DL-D!20250827151954,Fiji-Nadi-LTE-DL-D,2025-08-27 05:19:20+02:00,2025-08-27 05:19:21+02:00,2,-17.7434228,177.44167439,-17.743408,177.44168169,120.0,40790.0,41.0,0.0204,0.020632,34.96983710360094,34.949437103600935,0.0005833598806755482,78.18,78.17500000000001,81.93,81.915,73.6,73.6,0,2,0,radio_limited_degradation,normal,statistical_only_retained,1.0,3.647920562460956,0.0,68.65,62.56,65.91,High,High,0,0,0,0,0,0,0,0,0,0,2,0,True,High
LTE-TP-EP-000774,542020041221088+20250827141150+Fiji-Nadi-LTE-DL-D!20250827140658,Fiji-Nadi-LTE-DL-D,2025-08-27 04:05:28+02:00,2025-08-27 04:05:29+02:00,2,-17.7654543,177.4427735,-17.765473,177.4427072,125.0,41186.0,41.0,0.11024,8.563080000000001,61.887161421981176,47.98848236924443,0.00229195277067256,80.96,70.88,86.98,71.54,73.6,70.07,0,2,0,radio_limited_degradation,normal,statistical_only_retained,1.0,21.878647409466932,0.0,69.35,61.68,65.9,High,High,0,0,0,0,0,0,0,0,0,0,2,0,True,High
LTE-TP-EP-000286,542020041221088+20250827115912+Fiji-Nadi-LTE-DL-D!20250827112451,Fiji-Nadi-LTE-DL-D,2025-08-27 01:23:41+02:00,2025-08-27 01:23:42+02:00,2,-17.7694953,177.4391596,-17.76949527,177.4391596,123.0,41384.0,41.0,0.767888,3.26282,39.4205660720764,38.6526780720764,0.019479375273201222,77.38,74.34,81.78,74.45,76.41,74.205,0,2,0,rolling_local_drop,normal,statistical_only_retained,1.0,0.006671704104774889,0.0,67.07,64.4,65.87,High,High,0,0,0,0,0,0,0,0,0,0,2,0,True,High
LTE-TP-EP-001468,542020041221088+20250828124723+Fiji-Nadi-LTE-DL-D!20250828124651,Fiji-Nadi-LTE-DL-D,2025-08-28 02:46:32+02:00,2025-08-28 02:46:32+02:00,1,-17.62994516,177.45025903,-17.62994516,177.45025903,167.0,40988.0,41.0,7.365512,7.365512,83.236885,75.871373,0.08848855888828612,80.1,80.1,83.57,83.57,75.86,75.86,0,1,0,rb_efficiency_underperformance,normal,statistical_only_retained,0.0,10.60288455870763,0.0,67.01,64.48,65.87,High,High,1,1,1,0,0,0,0,1,0,0,1,3,True,High
LTE-TP-EP-000527,542020041221088+20250827133105+Fiji-Nadi-LTE-DL-D!20250827124329,Fiji-Nadi-LTE-DL-D,2025-08-27 02:42:42+02:00,2025-08-27 02:42:43+02:00,2,-17.8056947,177.4149003,-17.8056943,177.4149005,144.0,41384.0,41.0,0.06104,2.773844,18.91712185638832,13.430473856388321,0.29003608697203354,80.77,68.555,90.79,67.595,70.93,69.73,0,2,0,radio_limited_degradation,normal,statistical_only_retained,1.0,0.05984763182435923,0.0,70.66,59.99,65.86,High,Medium,0,0,0,0,0,0,0,0,0,0,2,0,True,High
LTE-TP-EP-000966,542020041221088+20250827160614+Fiji-Nadi-LTE-DL-D!20250827155934,Fiji-Nadi-LTE-DL-D,2025-08-27 05:57:32+02:00,2025-08-27 05:57:32+02:00,1,-17.79999334,177.45159717,-17.79999334,177.45159717,429.0,40988.0,41.0,2.017744,2.017744,32.41143,30.393686000000002,0.062254087524061724,79.14,79.14,69.04,69.04,91.49,91.49,0,1,0,ca_underperformance,ml_quantile_p75_resource_underperformance,statistical_only_retained,0.0,,0.0,56.12,77.77,65.86,High,High,1,1,1,1,1,0,0,1,0,0,1,5,True,High
LTE-TP-EP-000914,542020041221088+20250827153152+Fiji-Nadi-LTE-DL-D!20250827153105,Fiji-Nadi-LTE-DL-D,2025-08-27 05:30:06+02:00,2025-08-27 05:30:06+02:00,1,-17.7440923,177.4350747,-17.7440923,177.4350747,487.0,40790.0,41.0,0.197232,0.197232,,,,80.5,80.5,90.31,90.31,68.52,68.52,0,1,0,radio_limited_degradation,normal,statistical_only_retained,0.0,5.686976362928729,0.0,72.07,58.24,65.85,High,Medium,0,0,0,0,0,0,0,1,0,0,1,0,True,High
LTE-TP-EP-000148,542020041221088+20250827104347+Fiji-Nadi-LTE-DL-D!20250827104305,Fiji-Nadi-LTE-DL-D,2025-08-27 00:42:17+02:00,2025-08-27 00:42:17+02:00,1,-17.79943666,177.43284277,-17.79943666,177.43284277,393.0,500.0,1.0,1.356128,1.356128,26.304978935168805,24.948850935168807,0.0515540424245277,79.44,79.44,74.22,74.22,85.81,85.81,0,1,0,sudden_drop,normal,statistical_only_retained,0.0,0.15921689459418104,0.0,60.0,72.94,65.82,High,High,0,0,0,0,0,0,0,0,0,0,0,0,True,High
LTE-TP-EP-000715,542020041221088+20250827140149+Fiji-Nadi-LTE-DL-D!20250827134245,Fiji-Nadi-LTE-DL-D,2025-08-27 03:42:08+02:00,2025-08-27 03:42:08+02:00,1,-17.7708853,177.403626,-17.7708853,177.403626,135.0,40790.0,41.0,0.161096,0.161096,48.419921764908764,48.258825764908764,0.003327060311707291,80.24,80.24,86.99,86.99,72.0,72.0,0,1,0,sudden_drop,normal,statistical_only_retained,0.0,8.1388321477556,0.0,69.58,61.2,65.81,High,High,0,0,0,0,0,0,0,0,0,0,1,0,True,High
LTE-TP-EP-000081,542020041221088+20250827102006+Fiji-Nadi-LTE-DL-D!20250827101931,Fiji-Nadi-LTE-DL-D,2025-08-27 00:17:38+02:00,2025-08-27 00:17:38+02:00,1,-17.8160387,177.395537,-17.8160387,177.395537,351.0,500.0,1.0,0.015864,0.015864,,,,80.48,80.48,90.94,90.94,67.69,67.69,0,1,0,radio_limited_degradation,normal,statistical_only_retained,0.0,0.0,0.0,72.54,57.54,65.79,High,Medium,0,0,0,0,0,0,0,0,0,0,1,0,True,High
LTE-TP-EP-001602,542020041221088+20250828132455+Fiji-Nadi-LTE-DL-D!20250828131658,Fiji-Nadi-LTE-DL-D,2025-08-28 03:16:46+02:00,2025-08-28 03:16:46+02:00,1,-17.62596498,177.46541875,-17.62596498,177.46541875,254.0,41384.0,41.0,14.345976,14.345976,80.04728541233257,65.70130941233256,0.17921876958228208,79.22,79.22,71.57,71.57,88.58,88.58,0,1,0,sudden_drop,normal,statistical_only_retained,0.0,13.300016057177723,0.0,58.01,75.29,65.79,High,High,0,0,0,0,0,0,0,0,0,0,1,0,True,High
LTE-TP-EP-000845,542020041221088+20250827151332+Fiji-Nadi-LTE-DL-D!20250827151309,Fiji-Nadi-LTE-DL-D,2025-08-27 05:12:14+02:00,2025-08-27 05:12:14+02:00,1,-17.75351879,177.45349681,-17.75351879,177.45349681,115.0,9310.0,28.0,0.363792,0.363792,49.459791253932295,49.0959992539323,0.007355308034606328,80.21,80.21,86.93,86.93,72.0,72.0,0,1,0,sudden_drop,normal,statistical_only_retained,0.0,0.12764366868041374,0.0,69.53,61.2,65.78,High,High,0,0,0,0,0,0,0,0,0,0,1,0,True,High
LTE-TP-EP-000103,542020041221088+20250827102926+Fiji-Nadi-LTE-DL-D!20250827102813,Fiji-Nadi-LTE-DL-D,2025-08-27 00:26:22+02:00,2025-08-27 00:26:22+02:00,1,-17.80895321,177.43252511,-17.80895321,177.43252511,395.0,500.0,1.0,9.349688,9.349688,90.28093,80.931242,0.10356215869730186,79.89,79.89,82.27,82.27,76.98,76.98,0,1,0,ca_underperformance,normal,statistical_only_retained,0.0,0.1265690441537645,0.0,66.04,65.43,65.77,High,High,1,1,1,1,0,0,0,1,0,0,1,4,True,High
LTE-TP-EP-000910,542020041221088+20250827152912+Fiji-Nadi-LTE-DL-D!20250827152850,Fiji-Nadi-LTE-DL-D,2025-08-27 05:27:31+02:00,2025-08-27 05:27:32+02:00,2,-17.7454537,177.4428555,-17.7454884,177.4428724,50.0,41186.0,41.0,0.028168,0.046924,,,,78.6,78.54499999999999,90.9,90.83500000000001,63.56,63.519999999999996,0,2,0,radio_limited_degradation,normal,statistical_only_retained,1.0,11.697990364800695,0.0,75.37,54.02,65.76,High,Medium,0,0,0,0,0,0,0,2,0,0,2,0,True,High
LTE-TP-EP-001593,542020041221088+20250828132455+Fiji-Nadi-LTE-DL-D!20250828131658,Fiji-Nadi-LTE-DL-D,2025-08-28 03:15:05+02:00,2025-08-28 03:15:05+02:00,1,-17.626559,177.4653506,-17.626559,177.4653506,254.0,41384.0,41.0,0.035312,0.035312,,,,80.44,80.44,90.88,90.88,67.69,67.69,0,1,0,radio_limited_degradation,normal,statistical_only_retained,0.0,12.785497973636739,0.0,72.5,57.54,65.76,High,Medium,0,0,0,0,0,0,0,0,0,0,1,0,True,High
LTE-TP-EP-000926,542020041221088+20250827154414+Fiji-Nadi-LTE-DL-D!20250827153533,Fiji-Nadi-LTE-DL-D,2025-08-27 05:33:30+02:00,2025-08-27 05:33:30+02:00,1,-17.74610579,177.44105124,-17.74610579,177.44105124,120.0,500.0,1.0,1.06384,1.06384,25.42578952973799,24.36194952973799,0.041840981919390674,79.36,79.36,74.73,74.73,85.01,85.01,0,1,0,rolling_local_drop,normal,statistical_only_retained,0.0,6.752056886006457,0.0,60.38,72.26,65.73,High,High,0,0,0,0,0,0,0,1,0,0,1,0,True,High
LTE-TP-EP-001935,542020041221088+20250828153519+Fiji-Nadi-LTE-DL-D!20250828151816,Fiji-Nadi-LTE-DL-D,2025-08-28 05:16:21+02:00,2025-08-28 05:16:21+02:00,1,-17.6737287,177.4085894,-17.6737287,177.4085894,455.0,1850.0,3.0,0.046448,0.046448,,,,80.4,80.4,90.84,90.84,67.65,67.65,0,1,0,radio_limited_degradation,normal,statistical_only_retained,0.0,0.011119507784390236,0.0,72.47,57.5,65.73,High,Medium,0,0,0,0,0,0,0,0,0,0,1,0,True,High
LTE-TP-EP-000478,542020041221088+20250827131624+Fiji-Nadi-LTE-DL-D!20250827121056,Fiji-Nadi-LTE-DL-D,2025-08-27 02:10:40+02:00,2025-08-27 02:10:43+02:00,4,-17.7966916,177.4043424,-17.7966975,177.4046919,135.0,9310.0,28.0,0.000288,1.212128,,,,78.86,70.335,100.0,93.5025,53.03,42.02,0,4,0,radio_limited_degradation,normal,statistical_only_retained,3.0,49.32349248464834,0.0,84.77,42.32,65.67,Critical,Medium,0,0,0,0,0,0,0,4,4,4,4,0,True,High
LTE-TP-EP-000741,542020041221088+20250827140810+Fiji-Nadi-LTE-DL-D!20250827140022,Fiji-Nadi-LTE-DL-D,2025-08-27 03:59:01+02:00,2025-08-27 03:59:03+02:00,3,-17.76652373,177.447708,-17.76652373,177.447708,124.0,41186.0,41.0,0.010368,0.017168,32.42935836242467,29.1812555,0.00035517037961249403,76.93,74.72333333333334,79.65,76.99333333333334,73.6,71.94333333333333,0,3,0,rolling_local_drop,normal,statistical_only_retained,2.0,0.2579154762719933,0.0,68.54,62.15,65.67,High,High,0,0,0,0,0,0,0,0,0,0,3,0,True,High
LTE-TP-EP-001481,542020041221088+20250828125203+Fiji-Nadi-LTE-DL-D!20250828125121,Fiji-Nadi-LTE-DL-D,2025-08-28 02:49:26+02:00,2025-08-28 02:49:28+02:00,3,-17.63031825,177.45311711,-17.63034857,177.45312478,167.0,40988.0,41.0,3.040848,10.181416,83.236885,73.055469,0.12231856105619522,77.55,72.56,76.67,73.82333333333334,78.63,71.01666666666667,0,3,0,ca_underperformance,ml_quantile_p75_resource_underperformance,statistical_only_retained,2.0,3.67472348052788,0.0,66.27,64.93,65.67,High,High,2,2,0,2,2,0,0,3,0,3,3,8,True,High
LTE-TP-EP-000326,542020041221088+20250827122555+Fiji-Nadi-LTE-DL-D!20250827113546,Fiji-Nadi-LTE-DL-D,2025-08-27 01:34:20+02:00,2025-08-27 01:34:20+02:00,1,-17.7669857,177.42941113,-17.7669857,177.42941113,394.0,40790.0,41.0,1.630344,1.630344,55.71888950465962,54.08854550465962,0.029260166785335138,80.05,80.05,86.64,86.64,72.0,72.0,0,1,0,sudden_drop,normal,statistical_only_retained,0.0,0.20479626838110956,0.0,69.32,61.2,65.66,High,High,0,0,0,0,0,0,0,0,0,0,1,0,True,High
LTE-TP-EP-001332,542020041221088+20250828122241+Fiji-Nadi-LTE-DL-D!20250828121359,Fiji-Nadi-LTE-DL-D,2025-08-28 02:12:11+02:00,2025-08-28 02:12:11+02:00,1,-17.6033711,177.4529778,-17.6033711,177.4529778,184.0,40988.0,41.0,0.088144,0.088144,,,,80.3,80.3,90.69,90.69,67.6,67.6,0,1,0,radio_limited_degradation,normal,statistical_only_retained,0.0,0.0,0.0,72.35,57.46,65.65,High,Medium,0,0,0,0,0,0,0,0,0,0,1,0,True,High
LTE-TP-EP-001331,542020041221088+20250828122241+Fiji-Nadi-LTE-DL-D!20250828121359,Fiji-Nadi-LTE-DL-D,2025-08-28 02:12:09+02:00,2025-08-28 02:12:09+02:00,1,-17.6033711,177.4529778,-17.6033711,177.4529778,184.0,40988.0,41.0,0.102928,0.102928,,,,80.26,80.26,90.64,90.64,67.58,67.58,0,1,0,radio_limited_degradation,normal,statistical_only_retained,0.0,0.01059881590766836,0.0,72.32,57.44,65.62,High,Medium,0,0,0,0,0,0,0,0,0,0,1,0,True,High
LTE-TP-EP-000701,542020041221088+20250827135949+Fiji-Nadi-LTE-DL-D!20250827134144,Fiji-Nadi-LTE-DL-D,2025-08-27 03:40:28+02:00,2025-08-27 03:40:29+02:00,2,-17.7760833,177.4083793,-17.7760271,177.4083642,135.0,40790.0,41.0,9.059376,20.7222845,119.0290425,86.6438495,0.15773150221184176,79.08,71.775,70.93,65.03,89.03,80.00999999999999,0,2,0,rb_conditioned_underperformance,ml_hgb_strict_causal_temporal_underperformance,statistical_only_retained,1.0,13.003537572209503,0.0,59.22,73.42,65.61,High,High,1,1,0,0,0,0,1,0,0,0,2,3,True,High
LTE-TP-EP-001162,542020041221088+20250828113551+Fiji-Nadi-LTE-DL-D!20250828110238,Fiji-Nadi-LTE-DL-D,2025-08-28 01:01:39+02:00,2025-08-28 01:01:40+02:00,2,-17.63831932,177.4617123,-17.638342,177.46181774,165.0,40790.0,41.0,6.310296,8.486768,83.886915,73.223675,0.12711446117669245,79.56,71.84,75.87,71.055,84.06,72.79,0,2,0,ca_underperformance,ml_hgb_strict_causal_temporal_underperformance,statistical_only_retained,1.0,11.632016086323167,0.0,63.15,68.63,65.61,High,High,2,2,1,2,0,0,1,2,0,0,2,8,True,High
LTE-TP-EP-000082,542020041221088+20250827102006+Fiji-Nadi-LTE-DL-D!20250827101931,Fiji-Nadi-LTE-DL-D,2025-08-27 00:17:40+02:00,2025-08-27 00:17:41+02:00,2,-17.81603875,177.39553701,-17.8160387,177.395537,351.0,500.0,1.0,0.002648,0.005256,,,,78.37,78.36500000000001,90.99,90.97999999999999,62.95,62.945,0,2,0,radio_limited_degradation,normal,statistical_only_retained,1.0,0.011319284577899259,0.0,75.45,53.51,65.57,High,Medium,0,0,0,0,0,0,0,0,0,0,2,0,True,High
LTE-TP-EP-001051,542020041221088+20250828103047+Fiji-Nadi-LTE-DL-D!20250828102736,Fiji-Nadi-LTE-DL-D,2025-08-28 00:26:53+02:00,2025-08-28 00:26:53+02:00,1,-17.7241782,177.4525979,-17.7241782,177.4525979,487.0,41384.0,41.0,0.066872,0.066872,42.76088588735288,42.69401388735288,0.001563859087862778,79.84,79.84,84.94,84.94,73.6,73.6,0,1,0,radio_limited_degradation,normal,statistical_only_retained,0.0,27.417058020287023,0.0,68.04,62.56,65.57,High,High,0,0,0,0,0,0,0,0,0,0,1,0,True,High
LTE-TP-EP-000172,542020041221088+20250827105427+Fiji-Nadi-LTE-DL-D!20250827104733,Fiji-Nadi-LTE-DL-D,2025-08-27 00:46:37+02:00,2025-08-27 00:46:39+02:00,3,-17.77760494,177.45460297,-17.7772927,177.4547122,128.0,40988.0,41.0,0.51792,0.83332,37.60421449450399,34.921638494503995,0.014967026408329104,76.63,75.20666666666666,80.42,77.83,72.0,72.0,0,3,0,rolling_local_drop,normal,statistical_only_retained,2.0,48.4723587169665,0.0,69.14,61.2,65.56,High,High,0,0,0,0,0,0,0,0,0,0,3,0,True,High
LTE-TP-EP-001273,542020041221088+20250828120254+Fiji-Nadi-LTE-DL-D!20250828113742,Fiji-Nadi-LTE-DL-D,2025-08-28 01:37:09+02:00,2025-08-28 01:37:10+02:00,2,-17.6044616,177.4562467,-17.60445551,177.45624555,184.0,41384.0,41.0,0.046384,0.37122,,,,78.96,78.4,99.84,98.7,53.74,53.595,0,2,0,radio_limited_degradation,normal,statistical_only_retained,1.0,4.058689538513864,0.0,81.86,45.64,65.56,Critical,Medium,0,0,0,0,0,0,0,1,0,0,2,0,True,High
LTE-TP-EP-000730,542020041221088+20250827140609+Fiji-Nadi-LTE-DL-D!20250827135810,Fiji-Nadi-LTE-DL-D,2025-08-27 03:56:34+02:00,2025-08-27 03:56:34+02:00,1,-17.7668774,177.4449279,-17.7668774,177.4449279,123.0,41186.0,41.0,2.619088,2.619088,34.01315372399071,31.39406572399071,0.0770022098289775,79.13,79.13,74.35,74.35,84.97,84.97,0,1,0,sudden_drop,normal,statistical_only_retained,0.0,12.387138447992701,0.0,60.1,72.22,65.56,High,High,0,0,0,0,0,0,0,0,0,0,1,0,True,High
LTE-TP-EP-001603,542020041221088+20250828132455+Fiji-Nadi-LTE-DL-D!20250828131658,Fiji-Nadi-LTE-DL-D,2025-08-28 03:16:54+02:00,2025-08-28 03:16:55+02:00,2,-17.62508413,177.46570138,-17.62500789,177.46572696,254.0,41384.0,41.0,0.01868,0.447772,42.14775785086285,41.270893850862855,0.0005527311591686723,77.86,77.535,82.66,82.065,72.0,72.0,0,2,0,rolling_local_drop,normal,statistical_only_retained,1.0,9.196200590870035,0.0,69.08,61.2,65.53,High,High,0,0,0,0,0,0,0,0,0,0,2,0,True,High
LTE-TP-EP-001035,542020041221088+20250828102346+Fiji-Nadi-LTE-DL-D!20250828102312,Fiji-Nadi-LTE-DL-D,2025-08-28 00:23:07+02:00,2025-08-28 00:23:07+02:00,1,-17.7371849,177.4599081,-17.7371849,177.4599081,338.0,1850.0,3.0,0.013384,0.013384,41.656815,41.643431,0.00032129196627250545,79.67,79.67,84.63,84.63,73.6,73.6,0,1,0,radio_limited_degradation,normal,statistical_only_retained,0.0,0.0,0.0,67.81,62.56,65.45,High,High,0,0,0,0,0,0,0,0,0,0,1,0,True,High
LTE-TP-EP-001755,542020041221088+20250828140057+Fiji-Nadi-LTE-DL-D!20250828135741,Fiji-Nadi-LTE-DL-D,2025-08-28 03:57:33+02:00,2025-08-28 03:57:35+02:00,3,-17.608343,177.45623886,-17.60834565,177.45624133,183.0,40790.0,41.0,0.459352,0.638056,,,,77.56,76.61666666666667,98.39,97.88333333333333,52.09,50.61666666666667,0,3,0,radio_limited_degradation,normal,statistical_only_retained,2.0,0.5344241222711628,0.0,83.03,43.91,65.43,Critical,Medium,0,0,0,0,0,0,0,0,0,0,1,0,True,High
LTE-TP-EP-000840,542020041221088+20250827151332+Fiji-Nadi-LTE-DL-D!20250827151309,Fiji-Nadi-LTE-DL-D,2025-08-27 05:11:31+02:00,2025-08-27 05:11:31+02:00,1,-17.75331047,177.45168142,-17.75331047,177.45168142,115.0,9310.0,28.0,1.6044,1.6044,50.78959964770543,49.18519964770543,0.03158914445336612,79.65,79.65,84.6,84.6,73.6,73.6,0,1,0,radio_limited_degradation,normal,statistical_only_retained,0.0,3.2809687645059187,0.0,67.79,62.56,65.43,High,High,0,0,0,0,0,0,0,1,0,0,1,0,True,High
LTE-TP-EP-000410,542020041221088+20250827123638+Fiji-Nadi-LTE-DL-D!20250827114845,Fiji-Nadi-LTE-DL-D,2025-08-27 01:48:41+02:00,2025-08-27 01:48:42+02:00,2,-17.77520749,177.37524685,-17.7751453,177.3752181,158.0,40988.0,41.0,0.067048,0.08585599999999999,0.27724539717123803,0.21019739717123803,0.24183629623466182,77.9,68.165,90.63,69.77,70.06,66.205,0,2,0,radio_limited_degradation,normal,statistical_only_retained,1.0,11.276444469152683,0.0,71.01,58.59,65.42,High,Medium,0,0,0,0,0,0,0,0,0,0,0,0,True,High
LTE-TP-EP-000991,542020041221088+20250827161154+Fiji-Nadi-LTE-DL-D!20250827160820,Fiji-Nadi-LTE-DL-D,2025-08-27 06:06:29+02:00,2025-08-27 06:06:30+02:00,2,-17.8122881,177.4381678,-17.8122958,177.4381428,469.0,1850.0,3.0,0.001672,0.013988,,,,78.77,78.725,99.99,99.94999999999999,52.84,52.790000000000006,0,2,0,radio_limited_degradation,normal,statistical_only_retained,1.0,5.473162789341531,0.0,82.19,44.9,65.41,Critical,Medium,0,0,0,0,0,0,0,0,0,0,0,0,True,High
LTE-TP-EP-001039,542020041221088+20250828102746+Fiji-Nadi-LTE-DL-D!20250828102524,Fiji-Nadi-LTE-DL-D,2025-08-28 00:24:04+02:00,2025-08-28 00:24:04+02:00,1,-17.737185,177.4599079,-17.737185,177.4599079,338.0,1850.0,3.0,0.001,0.001,41.316935,41.315935,2.4203150596722628e-05,79.61,79.61,84.52,84.52,73.6,73.6,0,1,0,radio_limited_degradation,normal,statistical_only_retained,0.0,0.0,0.0,67.73,62.56,65.4,High,High,0,0,0,0,0,0,0,0,0,0,1,0,True,High
LTE-TP-EP-001788,542020041221088+20250828140457+Fiji-Nadi-LTE-DL-D!20250828140425,Fiji-Nadi-LTE-DL-D,2025-08-28 04:03:51+02:00,2025-08-28 04:03:52+02:00,2,-17.6052547,177.4502758,-17.6052688,177.4503398,139.0,40988.0,41.0,3.447368,9.8709325,64.715159,48.420662,0.2517879466231397,80.6,67.99,78.93,64.04,82.63,72.81,0,2,0,radio_limited_degradation,normal,statistical_only_retained,1.0,13.171826060248438,0.0,63.43,67.78,65.39,High,High,1,1,0,0,0,0,0,0,0,0,2,2,True,High
LTE-TP-EP-000827,542020041221088+20250827151132+Fiji-Nadi-LTE-DL-D!20250827151053,Fiji-Nadi-LTE-DL-D,2025-08-27 05:09:09+02:00,2025-08-27 05:09:10+02:00,2,-17.75446222,177.45486442,-17.7544496,177.4548554,448.0,500.0,1.0,0.956056,2.135056,,,,79.12,74.55000000000001,87.65,83.525,68.69,63.575,0,2,0,radio_limited_degradation,normal,statistical_only_retained,1.0,2.477866406313138,0.0,72.12,57.11,65.36,High,Medium,0,0,0,0,0,0,0,2,0,0,2,0,True,High
LTE-TP-EP-000522,542020041221088+20250827133005+Fiji-Nadi-LTE-DL-D!20250827124117,Fiji-Nadi-LTE-DL-D,2025-08-27 02:39:22+02:00,2025-08-27 02:39:22+02:00,1,-17.8070166,177.418,-17.8070166,177.418,149.0,41384.0,41.0,0.247792,0.247792,,,,79.92,79.92,90.13,90.13,67.45,67.45,0,1,0,radio_limited_degradation,normal,statistical_only_retained,0.0,0.0,0.0,71.93,57.33,65.36,High,Medium,0,0,0,0,0,0,0,0,0,0,1,0,True,High
LTE-TP-EP-001733,542020041221088+20250828135437+Fiji-Nadi-LTE-DL-D!20250828135310,Fiji-Nadi-LTE-DL-D,2025-08-28 03:52:53+02:00,2025-08-28 03:52:54+02:00,2,-17.6158658,177.4457549,-17.61586629,177.44575605,232.0,41384.0,41.0,0.626128,0.6507320000000001,,,,78.16,77.285,88.81,88.725,65.35,63.30499999999999,0,2,0,radio_limited_degradation,normal,statistical_only_retained,1.0,9.582616081435372,0.0,73.8,55.04,65.35,High,Medium,0,0,0,0,0,0,0,0,0,0,2,0,True,High
LTE-TP-EP-001520,542020041221088+20250828125624+Fiji-Nadi-LTE-DL-D!20250828125546,Fiji-Nadi-LTE-DL-D,2025-08-28 02:55:24+02:00,2025-08-28 02:55:24+02:00,1,-17.63492674,177.45629439,-17.63492674,177.45629439,275.0,40988.0,41.0,0.451248,0.451248,,,,80.42,80.42,98.42,98.42,58.42,58.42,0,1,0,radio_limited_degradation,normal,statistical_only_retained,0.0,0.34898735633420347,0.0,78.15,49.66,65.33,High,Medium,0,0,0,0,0,0,0,0,0,0,1,0,True,High
LTE-TP-EP-001586,542020041221088+20250828131954+Fiji-Nadi-LTE-DL-D!20250828131344,Fiji-Nadi-LTE-DL-D,2025-08-28 03:12:46+02:00,2025-08-28 03:12:48+02:00,3,-17.63079455,177.4757767,-17.63066287,177.47561871,352.0,41186.0,41.0,0.47037598,2.965728,41.037212749999995,38.071484749999996,0.03659635557333283,78.7,66.52,71.11,62.91,87.97,70.93,0,3,0,ca_underperformance,normal,statistical_only_retained,2.0,22.379129495654766,0.0,61.03,70.51,65.3,High,High,2,2,2,2,0,0,0,0,0,0,3,8,True,High
LTE-TP-EP-000890,542020041221088+20250827152532+Fiji-Nadi-LTE-DL-D!20250827152209,Fiji-Nadi-LTE-DL-D,2025-08-27 05:21:36+02:00,2025-08-27 05:21:36+02:00,1,-17.7415067,177.4429147,-17.7415067,177.4429147,120.0,40790.0,41.0,0.005424,0.005424,40.62461987864211,40.61919587864211,0.00013351509543235384,79.45,79.45,84.24,84.24,73.6,73.6,0,1,0,radio_limited_degradation,normal,statistical_only_retained,0.0,2.753777589214497,0.0,67.52,62.56,65.29,High,High,0,0,0,0,0,0,0,0,0,0,1,0,True,High
LTE-TP-EP-000740,542020041221088+20250827140810+Fiji-Nadi-LTE-DL-D!20250827140022,Fiji-Nadi-LTE-DL-D,2025-08-27 03:58:51+02:00,2025-08-27 03:58:52+02:00,2,-17.7665265,177.44771508,-17.766525,177.4477172,124.0,41186.0,41.0,0.764968,4.270188,51.1390936489037,46.656570457734915,0.016131235402280085,79.23,72.93,85.14,77.805,72.0,66.97,0,2,0,rolling_local_drop,normal,statistical_only_retained,1.0,1.520774563584401,0.0,69.59,59.94,65.25,High,Medium,0,0,0,0,0,0,0,0,0,0,2,0,True,High
LTE-TP-EP-001052,542020041221088+20250828103047+Fiji-Nadi-LTE-DL-D!20250828102736,Fiji-Nadi-LTE-DL-D,2025-08-28 00:27:01+02:00,2025-08-28 00:27:02+02:00,2,-17.7232042,177.4522579,-17.7230847,177.4522186,487.0,41384.0,41.0,0.149344,3.909068,43.780502372601326,43.63115837260133,0.0034111988649418133,79.23,72.48,85.14,75.325,72.0,68.995,0,2,0,rolling_local_drop,normal,statistical_only_retained,1.0,41.525907332085744,0.0,69.1,60.45,65.21,High,High,0,0,0,0,0,0,0,0,0,0,2,0,True,High
LTE-TP-EP-001022,542020041221088+20250827161234+Fiji-Nadi-LTE-DL-D!20250827161029,Fiji-Nadi-LTE-DL-D,2025-08-27 06:10:21+02:00,2025-08-27 06:10:22+02:00,2,-17.81414321,177.44292054,-17.81412545,177.44297019,469.0,1850.0,3.0,1.416504,1.5920640000000001,,,,78.31,77.78,95.04,94.42500000000001,57.87,57.44,0,2,0,radio_limited_degradation,normal,statistical_only_retained,1.0,11.061524830055262,0.0,78.36,49.08,65.19,High,Medium,0,0,0,0,0,0,0,0,0,0,2,0,True,High
LTE-TP-EP-000852,542020041221088+20250827151332+Fiji-Nadi-LTE-DL-D!20250827151309,Fiji-Nadi-LTE-DL-D,2025-08-27 05:13:05+02:00,2025-08-27 05:13:06+02:00,2,-17.7521405,177.4542411,-17.75213981,177.45424185,115.0,9310.0,28.0,0.232992,0.6922240000000001,37.511947177638135,36.36049117763813,0.006420606311210663,77.44,76.91,81.89,80.925,72.0,72.0,0,2,0,rolling_local_drop,normal,statistical_only_retained,1.0,24.983135192705518,0.0,68.43,61.2,65.18,High,High,0,0,0,0,0,0,0,2,0,0,2,0,True,High
LTE-TP-EP-001871,542020041221088+20250828142038+Fiji-Nadi-LTE-DL-D!20250828142010,Fiji-Nadi-LTE-DL-D,2025-08-28 04:18:25+02:00,2025-08-28 04:18:25+02:00,1,-17.6076422,177.4606142,-17.6076422,177.4606142,196.0,500.0,1.0,1.673656,1.673656,59.31967,57.646014,0.028214182580584148,79.38,79.38,85.09,85.09,72.39,72.39,0,1,0,ca_underperformance,normal,statistical_only_retained,0.0,20.399864620654352,0.0,68.15,61.53,65.17,High,High,1,1,1,1,0,0,0,1,0,0,1,4,True,High
LTE-TP-EP-000486,542020041221088+20250827131704+Fiji-Nadi-LTE-DL-D!20250827121308,Fiji-Nadi-LTE-DL-D,2025-08-27 02:11:56+02:00,2025-08-27 02:11:59+02:00,4,-17.7968343,177.40709408,-17.7968343,177.4070941,363.0,40790.0,41.0,3.559904,4.593527999999999,49.4498,45.889896,0.07199026083017525,73.44,63.989999999999995,84.79,77.23,72.39,47.8125,0,4,0,ca_underperformance,normal,statistical_only_retained,3.0,0.0042349570406244276,0.0,73.15,55.39,65.16,High,Medium,2,2,2,2,0,0,0,4,4,4,4,8,True,High
LTE-TP-EP-001281,542020041221088+20250828121001+Fiji-Nadi-LTE-DL-D!20250828114201,Fiji-Nadi-LTE-DL-D,2025-08-28 01:40:54+02:00,2025-08-28 01:40:55+02:00,2,-17.60350777,177.45300341,-17.603515,177.4529859,184.0,41384.0,41.0,0.132168,0.478712,,,,77.46,77.115,90.54,89.325,62.9,62.19,0,2,0,radio_limited_degradation,normal,statistical_only_retained,1.0,2.781233287961948,0.0,74.87,53.29,65.16,High,Medium,0,0,0,0,0,0,0,0,0,0,0,0,True,High
LTE-TP-EP-000697,542020041221088+20250827135649+Fiji-Nadi-LTE-DL-D!20250827133934,Fiji-Nadi-LTE-DL-D,2025-08-27 03:39:26+02:00,2025-08-27 03:39:26+02:00,1,-17.7789984,177.4111519,-17.7789984,177.4111519,137.0,40790.0,41.0,0.032488,0.032488,39.93062479803982,39.89813679803982,0.0008136111108783559,79.26,79.26,83.89,83.89,73.6,73.6,0,1,0,radio_limited_degradation,normal,statistical_only_retained,0.0,7.845548971294026,0.0,67.25,62.56,65.14,High,High,0,0,0,0,0,0,0,0,0,0,1,0,True,High
LTE-TP-EP-000871,542020041221088+20250827151812+Fiji-Nadi-LTE-DL-D!20250827151738,Fiji-Nadi-LTE-DL-D,2025-08-27 05:16:25+02:00,2025-08-27 05:16:25+02:00,1,-17.74688111,177.44356325,-17.74688111,177.44356325,122.0,1850.0,3.0,0.393968,0.393968,42.06082879308343,41.66686079308343,0.009366624750503844,79.23,79.23,83.84,83.84,73.6,73.6,0,1,0,radio_limited_degradation,normal,statistical_only_retained,0.0,0.14220247140913383,0.0,67.22,62.56,65.12,High,High,0,0,0,0,0,0,0,0,0,0,1,0,True,High
LTE-TP-EP-001009,542020041221088+20250827161234+Fiji-Nadi-LTE-DL-D!20250827161029,Fiji-Nadi-LTE-DL-D,2025-08-27 06:08:46+02:00,2025-08-27 06:08:47+02:00,2,-17.81425724,177.43817501,-17.81429161,177.43820491,395.0,1850.0,3.0,3.854272,4.055028,53.8361855,49.5804015,0.07905062293092813,73.03,72.315,86.51,80.685,70.79,62.08500000000001,0,2,0,ca_underperformance,normal,statistical_only_retained,1.0,9.941712496668838,0.0,70.92,58.0,65.11,High,Medium,1,1,1,1,0,0,0,0,0,0,2,4,True,High
LTE-TP-EP-001098,542020041221088+20250828104547+Fiji-Nadi-LTE-DL-D!20250828104505,Fiji-Nadi-LTE-DL-D,2025-08-28 00:44:41+02:00,2025-08-28 00:44:44+02:00,4,-17.6343595,177.4296715,-17.6345952,177.4299789,312.0,356.0,1.0,0.804232,20.1133645,123.63355,91.170797,0.2625723600106929,79.38,62.589999999999996,88.19,67.4325,68.61,56.67,0,4,0,radio_limited_degradation,normal,statistical_only_retained,3.0,65.59073577945402,0.0,73.06,55.33,65.08,High,Medium,2,0,0,0,0,0,0,1,0,0,4,2,True,High
LTE-TP-EP-001423,542020041221088+20250828123823+Fiji-Nadi-LTE-DL-D!20250828123754,Fiji-Nadi-LTE-DL-D,2025-08-28 02:37:52+02:00,2025-08-28 02:37:52+02:00,1,-17.6316087,177.442605,-17.6316087,177.442605,313.0,41384.0,41.0,5.237744,5.237744,75.37748072646178,70.13973672646178,0.06948685402484212,79.4,79.4,87.58,87.58,69.41,69.41,0,1,0,sudden_drop,normal,statistical_only_retained,0.0,4.2902661521338255,0.0,70.02,59.0,65.06,High,Medium,0,0,0,0,0,0,0,0,0,0,1,0,True,High
LTE-TP-EP-001274,542020041221088+20250828120254+Fiji-Nadi-LTE-DL-D!20250828113742,Fiji-Nadi-LTE-DL-D,2025-08-28 01:37:16+02:00,2025-08-28 01:37:16+02:00,1,-17.604152,177.4561329,-17.604152,177.4561329,184.0,41384.0,41.0,0.18468,0.18468,,,,80.14,80.14,99.35,99.35,56.66,56.66,0,1,0,radio_limited_degradation,normal,statistical_only_retained,0.0,13.135362189141235,0.0,78.85,48.16,65.04,High,Medium,0,0,0,0,0,0,0,1,0,0,1,0,True,High
LTE-TP-EP-001925,542020041221088+20250828144059+Fiji-Nadi-LTE-DL-D!20250828144029,Fiji-Nadi-LTE-DL-D,2025-08-28 04:40:07+02:00,2025-08-28 04:40:08+02:00,2,-17.62788648,177.43279064,-17.6278729,177.432766,346.0,40790.0,41.0,12.53012,20.63006,93.50385054332986,64.77385054332986,0.20143793800777085,69.24,66.275,57.42,53.44,93.42,81.96000000000001,1,1,0,ca_underperformance,ml_quantile_p75_resource_underperformance,statistical_and_ml_consensus,1.0,3.0666892000538417,50.0,49.47,84.04,65.03,Medium,Very High,1,2,0,1,1,1,1,0,0,0,2,7,True,High
LTE-TP-EP-000786,542020041221088+20250827141230+Fiji-Nadi-LTE-DL-D!20250827140734,Fiji-Nadi-LTE-DL-D,2025-08-27 04:07:13+02:00,2025-08-27 04:07:16+02:00,4,-17.7637315,177.4408895,-17.76373148,177.44088949,125.0,41384.0,41.0,2.266344,5.424272,38.729599,30.7123995,0.17832968184371992,75.25,61.915,92.07,63.897499999999994,64.26,59.49,0,4,0,ca_underperformance,normal,statistical_only_retained,3.0,0.004926289509363453,0.0,74.49,53.43,65.01,High,Medium,3,3,3,3,0,0,0,4,0,0,4,12,True,High
LTE-TP-EP-000078,542020041221088+20250827100525+Fiji-Nadi-LTE-DL-D!20250827100437,Fiji-Nadi-LTE-DL-D,2025-08-27 00:04:23+02:00,2025-08-27 00:04:24+02:00,2,-17.807038,177.4225792,-17.80703805,177.42257921,148.0,41186.0,41.0,0.167392,5.805656,47.76258858735957,36.318668587359575,0.004751886943621376,77.3,72.02,81.63,70.765,75.11,73.555,0,2,0,sudden_drop,normal,statistical_only_retained,1.0,0.005659653134820876,0.0,66.26,63.45,64.99,High,High,0,0,0,0,0,0,0,0,0,0,2,0,True,Medium
LTE-TP-EP-001614,542020041221088+20250828132735+Fiji-Nadi-LTE-DL-D!20250828132130,Fiji-Nadi-LTE-DL-D,2025-08-28 03:19:55+02:00,2025-08-28 03:19:56+02:00,2,-17.61940874,177.46584256,-17.61941929,177.46583455,234.0,500.0,1.0,0.030728,0.31741199999999997,30.498966315849042,29.905598129312313,0.0010264452580877154,77.05,76.655,79.88,79.155,73.6,73.6,0,2,0,radio_limited_degradation,normal,statistical_only_retained,1.0,3.581486625953514,0.0,66.97,62.56,64.99,High,High,0,0,0,0,0,0,0,0,0,0,2,0,True,Medium
LTE-TP-EP-001967,542020041221088+20250828154042+Fiji-Nadi-LTE-DL-D!20250828153246,Fiji-Nadi-LTE-DL-D,2025-08-28 05:32:34+02:00,2025-08-28 05:32:35+02:00,2,-17.6918341,177.4214057,-17.6918372,177.4214058,488.0,9310.0,28.0,0.427112,0.49319199999999996,,,,78.15,77.39500000000001,98.51,98.275,53.84,51.875,0,2,0,radio_limited_degradation,normal,statistical_only_retained,1.0,1.7774489524351993,0.0,81.04,45.27,64.95,Critical,Medium,0,0,0,0,0,0,0,0,0,0,0,0,True,Medium
LTE-TP-EP-000622,542020041221088+20250827134607+Fiji-Nadi-LTE-DL-D!20250827131425,Fiji-Nadi-LTE-DL-D,2025-08-27 03:13:55+02:00,2025-08-27 03:13:57+02:00,3,-17.7726264,177.4346382,-17.77256579,177.43467508,339.0,41186.0,41.0,0.009792,0.122992,44.64335083217026,30.987839284587597,0.00031589510534208793,77.32,70.02,80.37,69.09333333333333,73.6,71.15666666666667,0,3,0,radio_limited_degradation,normal,statistical_only_retained,2.0,22.94058609546476,0.0,67.36,61.95,64.93,High,High,1,1,0,0,0,0,0,0,0,0,3,2,True,Medium
LTE-TP-EP-001272,542020041221088+20250828120254+Fiji-Nadi-LTE-DL-D!20250828113742,Fiji-Nadi-LTE-DL-D,2025-08-28 01:37:03+02:00,2025-08-28 01:37:04+02:00,2,-17.60446626,177.45632483,-17.6044663,177.4563248,184.0,41384.0,41.0,0.527536,0.647216,,,,78.27,77.56,98.15,97.735,53.97,52.9,0,2,0,radio_limited_degradation,normal,statistical_only_retained,1.0,0.005467445220231223,0.0,80.74,45.61,64.93,Critical,Medium,0,0,0,0,0,0,0,0,0,0,0,0,True,Medium
LTE-TP-EP-000044,542020041221088+20250827095145+Fiji-Nadi-LTE-DL-D!20250827095034,Fiji-Nadi-LTE-DL-D,2025-08-26 23:48:59+02:00,2025-08-26 23:49:00+02:00,2,-17.810433,177.4012242,-17.81043825,177.4012211,151.0,41186.0,41.0,0.051336,0.053744,29.718492044587396,29.667156044587397,0.001727409315485433,76.97,76.61,79.73,79.725,73.6,72.8,0,2,0,radio_limited_degradation,normal,statistical_only_retained,1.0,6.665488388725278,0.0,67.0,62.36,64.91,High,High,0,0,0,0,0,0,0,0,0,0,2,0,True,Medium
LTE-TP-EP-000997,542020041221088+20250827161154+Fiji-Nadi-LTE-DL-D!20250827160820,Fiji-Nadi-LTE-DL-D,2025-08-27 06:07:19+02:00,2025-08-27 06:07:20+02:00,2,-17.81276194,177.43687952,-17.8127826,177.4368986,393.0,40790.0,41.0,0.002096,0.002396,,,,78.26,77.94,99.99,99.99,51.71,50.995000000000005,0,2,0,radio_limited_degradation,normal,statistical_only_retained,1.0,4.51743246852569,0.0,82.2,43.77,64.91,Critical,Medium,0,0,0,0,0,0,0,2,0,0,2,0,True,Medium
LTE-TP-EP-001440,542020041221088+20250828124043+Fiji-Nadi-LTE-DL-D!20250828124009,Fiji-Nadi-LTE-DL-D,2025-08-28 02:40:08+02:00,2025-08-28 02:40:08+02:00,1,-17.6222711,177.4411971,-17.6222711,177.4411971,169.0,41384.0,41.0,7.777888,7.777888,98.07729499999999,90.29940699999999,0.07930365534653051,79.11,79.11,85.65,85.65,71.11,71.11,0,1,0,ca_underperformance,normal,statistical_only_retained,0.0,24.629876259916713,0.0,68.57,60.44,64.91,High,High,1,1,1,1,0,0,0,1,0,0,1,4,True,Medium
LTE-TP-EP-000857,542020041221088+20250827151552+Fiji-Nadi-LTE-DL-D!20250827151524,Fiji-Nadi-LTE-DL-D,2025-08-27 05:14:21+02:00,2025-08-27 05:14:23+02:00,3,-17.74780531,177.45436169,-17.7478155,177.45413813,50.0,41384.0,41.0,0.012768,0.08164,26.579696265407073,20.708531999999998,0.0006161775564274442,74.33,71.31666666666666,76.24,69.41000000000001,76.95,73.64999999999999,0,3,0,rolling_local_drop,normal,statistical_only_retained,2.0,23.735217401877236,0.0,65.15,64.58,64.9,High,High,0,0,0,0,0,0,0,0,0,0,3,0,True,Medium
LTE-TP-EP-001372,542020041221088+20250828122702+Fiji-Nadi-LTE-DL-D!20250828122042,Fiji-Nadi-LTE-DL-D,2025-08-28 02:20:12+02:00,2025-08-28 02:20:12+02:00,1,-17.606348,177.4436632,-17.606348,177.4436632,141.0,40790.0,41.0,0.005832,0.005832,42.02665793734895,42.02082593734895,0.0001387690643565812,79.04,79.04,84.8,84.8,72.0,72.0,0,1,0,sudden_drop,normal,statistical_only_retained,0.0,3.1358644950821914,0.0,67.94,61.2,64.9,High,High,0,0,0,0,0,0,0,0,0,0,1,0,True,Medium
LTE-TP-EP-000749,542020041221088+20250827140850+Fiji-Nadi-LTE-DL-D!20250827140234,Fiji-Nadi-LTE-DL-D,2025-08-27 04:00:32+02:00,2025-08-27 04:00:32+02:00,1,-17.7665226,177.4477113,-17.7665226,177.4477113,124.0,41186.0,41.0,0.013968,0.013968,38.2797747712023,38.2658067712023,0.000364892429056507,78.92,78.92,83.28,83.28,73.6,73.6,0,1,0,radio_limited_degradation,normal,statistical_only_retained,0.0,0.005294597248788544,0.0,66.8,62.56,64.89,High,High,0,0,0,0,0,0,0,0,0,0,1,0,True,Medium
LTE-TP-EP-000207,542020041221088+20250827110647+Fiji-Nadi-LTE-DL-D!20250827105407,Fiji-Nadi-LTE-DL-D,2025-08-27 00:53:02+02:00,2025-08-27 00:53:03+02:00,2,-17.7640684,177.4640114,-17.7641122,177.46399165,210.0,9310.0,28.0,0.0082,23.2121915,153.565445,107.14926200000002,0.00022013416909149824,73.47,69.515,82.88,70.125,75.56,68.76,0,2,0,rb_conditioned_underperformance,normal,statistical_only_retained,1.0,11.869999064206334,0.0,66.81,62.53,64.88,High,High,1,1,0,0,0,0,0,2,0,0,2,2,True,Medium
LTE-TP-EP-000724,542020041221088+20250827140349+Fiji-Nadi-LTE-DL-D!20250827135601,Fiji-Nadi-LTE-DL-D,2025-08-27 03:54:29+02:00,2025-08-27 03:54:30+02:00,2,-17.7690611,177.440185,-17.76906107,177.44018496,123.0,40988.0,41.0,0.158416,1.587108,11.2482245,11.089808499999998,0.014083644934362753,72.51,71.83500000000001,71.62,65.53,85.49,79.54499999999999,0,2,0,radio_limited_degradation,normal,statistical_only_retained,1.0,0.005391509328394168,0.0,59.7,71.18,64.87,High,High,0,0,0,0,0,0,0,0,0,0,2,0,True,Medium
LTE-TP-EP-000671,542020041221088+20250827135348+Fiji-Nadi-LTE-DL-D!20250827133514,Fiji-Nadi-LTE-DL-D,2025-08-27 03:33:38+02:00,2025-08-27 03:33:40+02:00,3,-17.79294239,177.42265347,-17.79294239,177.42265347,147.0,40790.0,41.0,0.506368,2.709888,,,,77.92,72.81333333333333,98.23,92.67,53.09,48.54333333333333,0,3,0,radio_limited_degradation,normal,statistical_only_retained,2.0,0.006730602129443836,0.0,81.9,43.99,64.84,Critical,Medium,0,0,0,0,0,0,0,3,0,0,3,0,True,Medium
LTE-TP-EP-001543,542020041221088+20250828130244+Fiji-Nadi-LTE-DL-D!20250828130228,Fiji-Nadi-LTE-DL-D,2025-08-28 03:01:26+02:00,2025-08-28 03:01:26+02:00,1,-17.6286919,177.4520454,-17.6286919,177.4520454,167.0,41186.0,41.0,0.727344,0.727344,,,,79.72,79.72,97.45,97.45,58.06,58.06,0,1,0,radio_limited_degradation,normal,statistical_only_retained,0.0,17.52991474732596,0.0,77.42,49.35,64.79,High,Medium,0,0,0,0,0,0,0,1,0,0,1,0,True,Medium
LTE-TP-EP-000412,542020041221088+20250827123738+Fiji-Nadi-LTE-DL-D!20250827115101,Fiji-Nadi-LTE-DL-D,2025-08-27 01:48:59+02:00,2025-08-27 01:48:59+02:00,1,-17.7742432,177.3748038,-17.7742432,177.3748038,158.0,40988.0,41.0,12.979688,12.979688,74.31100440549699,61.33131640549699,0.17466710487686338,78.03,78.03,71.4,71.4,86.13,86.13,0,1,0,rolling_local_drop,normal,statistical_only_retained,0.0,,0.0,57.89,73.21,64.78,High,High,0,0,0,0,0,0,0,1,0,0,1,0,True,Medium
LTE-TP-EP-001153,542020041221088+20250828113351+Fiji-Nadi-LTE-DL-D!20250828110026,Fiji-Nadi-LTE-DL-D,2025-08-28 01:00:01+02:00,2025-08-28 01:00:01+02:00,1,-17.635976,177.4573718,-17.635976,177.4573718,272.0,40790.0,41.0,0.041528,0.041528,,,,79.28,79.28,90.85,90.85,65.15,65.15,0,1,0,radio_limited_degradation,normal,statistical_only_retained,0.0,26.37593200991018,0.0,72.47,55.38,64.78,High,Medium,0,0,0,0,0,0,0,1,0,0,1,0,True,Medium
LTE-TP-EP-000428,542020041221088+20250827123938+Fiji-Nadi-LTE-DL-D!20250827115735,Fiji-Nadi-LTE-DL-D,2025-08-27 01:56:48+02:00,2025-08-27 01:56:48+02:00,1,-17.77230661,177.36877039,-17.77230661,177.36877039,156.0,40790.0,41.0,7.565872,7.565872,44.1015566245362,36.5356846245362,0.17155566785120405,77.74,77.74,67.04,67.04,90.81,90.81,0,1,0,sudden_drop,normal,statistical_only_retained,0.0,8.776191262610862,0.0,54.62,77.19,64.77,Medium,High,0,0,0,0,0,0,0,0,0,0,1,0,True,Medium
LTE-TP-EP-001878,542020041221088+20250828142739+Fiji-Nadi-LTE-DL-D!20250828142656,Fiji-Nadi-LTE-DL-D,2025-08-28 04:26:03+02:00,2025-08-28 04:26:03+02:00,1,-17.6052478,177.4515033,-17.6052478,177.4515033,139.0,41186.0,41.0,13.0062475,13.0062475,103.734363,90.7281155,0.1253803187666945,78.29,78.29,76.43,76.43,80.56,80.56,0,1,0,ca_underperformance,normal,statistical_only_retained,0.0,6.881820730775373,0.0,61.66,68.48,64.73,High,High,1,1,0,1,0,0,0,1,0,0,1,3,True,Medium
LTE-TP-EP-000597,542020041221088+20250827134247+Fiji-Nadi-LTE-DL-D!20250827130749,Fiji-Nadi-LTE-DL-D,2025-08-27 03:07:17+02:00,2025-08-27 03:07:17+02:00,1,-17.7806022,177.4300396,-17.7806022,177.4300396,394.0,40790.0,41.0,0.018872,0.018872,41.01213,40.993258,0.00046015654392980807,78.8,78.8,84.36,84.36,72.0,72.0,0,1,0,sudden_drop,normal,statistical_only_retained,0.0,9.315510603938625,0.0,67.61,61.2,64.72,High,High,0,0,0,0,0,0,0,1,0,0,1,0,True,Medium
LTE-TP-EP-000874,542020041221088+20250827151812+Fiji-Nadi-LTE-DL-D!20250827151738,Fiji-Nadi-LTE-DL-D,2025-08-27 05:16:58+02:00,2025-08-27 05:16:58+02:00,1,-17.74642019,177.44255345,-17.74642019,177.44255345,122.0,1850.0,3.0,0.107472,0.107472,37.864238430761,37.756766430761,0.002838351026035413,78.69,78.69,82.86,82.86,73.6,73.6,0,1,0,radio_limited_degradation,normal,statistical_only_retained,0.0,2.8801802090413515,0.0,66.48,62.56,64.72,High,High,0,0,0,0,0,0,0,0,0,0,1,0,True,Medium
LTE-TP-EP-000156,542020041221088+20250827104707+Fiji-Nadi-LTE-DL-D!20250827104518,Fiji-Nadi-LTE-DL-D,2025-08-27 00:43:45+02:00,2025-08-27 00:43:45+02:00,1,-17.79030335,177.44033869,-17.79030335,177.44033869,431.0,500.0,1.0,0.001328,0.001328,45.469963,45.468635,2.9206093701901626e-05,78.89,78.89,86.18,86.18,69.99,69.99,0,1,0,sudden_drop,normal,statistical_only_retained,0.0,14.581389188701499,0.0,68.97,59.49,64.71,High,Medium,0,0,0,0,0,0,0,0,0,0,1,0,True,Medium
LTE-TP-EP-001054,542020041221088+20250828103047+Fiji-Nadi-LTE-DL-D!20250828102736,Fiji-Nadi-LTE-DL-D,2025-08-28 00:27:31+02:00,2025-08-28 00:27:32+02:00,2,-17.71986877,177.45344193,-17.7196384,177.4535854,487.0,41384.0,41.0,2.596864,4.667552000000001,33.48785292221453,26.749612922214528,0.11908648209661582,72.69,71.095,67.53,63.07,89.9,80.9,0,2,0,rolling_local_drop,normal,statistical_only_retained,1.0,29.815621253278728,0.0,56.96,74.17,64.7,High,High,0,0,0,0,0,0,0,0,0,0,2,0,True,Medium
LTE-TP-EP-000875,542020041221088+20250827151812+Fiji-Nadi-LTE-DL-D!20250827151738,Fiji-Nadi-LTE-DL-D,2025-08-27 05:17:16+02:00,2025-08-27 05:17:17+02:00,2,-17.74587074,177.44272709,-17.7458109,177.4427589,122.0,1850.0,3.0,0.021856,4.27984,30.47659377898285,21.93876977898285,0.0010430373891494318,74.37,70.255,76.3,65.14,81.01,76.505,0,2,0,radio_limited_degradation,normal,statistical_only_retained,1.0,11.227450249082452,0.0,62.2,67.73,64.69,High,High,0,0,0,0,0,0,0,0,0,0,2,0,True,Medium
LTE-TP-EP-000059,542020041221088+20250827100005+Fiji-Nadi-LTE-DL-D!20250827095853,Fiji-Nadi-LTE-DL-D,2025-08-26 23:57:35+02:00,2025-08-26 23:57:35+02:00,1,-17.8101501,177.4013366,-17.8101501,177.4013366,151.0,41186.0,41.0,0.201568,0.201568,41.966279201326714,41.76471120132671,0.004803094385208867,78.75,78.75,84.28,84.28,72.0,72.0,0,1,0,sudden_drop,normal,statistical_only_retained,0.0,25.639856621292836,0.0,67.55,61.2,64.69,High,High,0,0,0,0,0,0,0,0,0,0,1,0,True,Medium
LTE-TP-EP-000322,542020041221088+20250827122335+Fiji-Nadi-LTE-DL-D!20250827113336,Fiji-Nadi-LTE-DL-D,2025-08-27 01:33:30+02:00,2025-08-27 01:33:30+02:00,1,-17.7638695,177.43115242,-17.7638695,177.43115242,393.0,500.0,1.0,9.7209835,9.7209835,56.39900992936596,46.67802642936596,0.17236088917473102,77.76,77.76,68.91,68.91,88.57,88.57,0,1,0,sudden_drop,normal,statistical_only_retained,0.0,6.101263106549858,0.0,56.02,75.28,64.69,High,High,0,0,0,0,0,0,0,0,0,0,0,0,True,Medium
LTE-TP-EP-000466,542020041221088+20250827131523+Fiji-Nadi-LTE-DL-D!20250827120845,Fiji-Nadi-LTE-DL-D,2025-08-27 02:08:15+02:00,2025-08-27 02:08:17+02:00,3,-17.78673057,177.39277517,-17.78694,177.39289522,138.0,1850.0,3.0,0.013576,0.894408,,,,77.78,73.23,99.95,97.85333333333334,50.69,43.13666666666666,0,3,0,radio_limited_degradation,normal,statistical_only_retained,2.0,37.26078736855353,0.0,83.88,41.2,64.67,Critical,Medium,0,0,0,0,0,0,0,3,0,0,3,0,True,Medium
LTE-TP-EP-000531,542020041221088+20250827133105+Fiji-Nadi-LTE-DL-D!20250827124329,Fiji-Nadi-LTE-DL-D,2025-08-27 02:43:03+02:00,2025-08-27 02:43:03+02:00,1,-17.805688,177.4149036,-17.805688,177.4149036,144.0,41384.0,41.0,2.437928,2.437928,21.720237684226646,19.282309684226647,0.11224223396829752,77.68,77.68,68.04,68.04,89.47,89.47,0,1,0,radio_limited_degradation,normal,statistical_only_retained,0.0,0.05559753998293728,0.0,55.37,76.05,64.67,High,High,0,0,0,0,0,0,0,0,0,0,1,0,True,Medium
LTE-TP-EP-000419,542020041221088+20250827123818+Fiji-Nadi-LTE-DL-D!20250827115313,Fiji-Nadi-LTE-DL-D,2025-08-27 01:52:09+02:00,2025-08-27 01:52:10+02:00,2,-17.771014,177.3738915,-17.77100715,177.37388146,158.0,40988.0,41.0,0.124712,10.97386,64.20087330153778,42.37786530153778,0.003216440606031179,78.87,69.57000000000001,83.18,66.135,73.94,73.77,0,2,0,radio_limited_degradation,normal,statistical_only_retained,1.0,5.959022976267776,0.0,66.18,62.81,64.66,High,High,0,1,0,0,0,0,0,0,0,0,2,1,True,Medium
LTE-TP-EP-001500,542020041221088+20250828125404+Fiji-Nadi-LTE-DL-D!20250828125334,Fiji-Nadi-LTE-DL-D,2025-08-28 02:52:02+02:00,2025-08-28 02:52:02+02:00,1,-17.6348751,177.4542662,-17.6348751,177.4542662,167.0,40988.0,41.0,4.65548,4.65548,,,,78.66,78.66,83.71,83.71,72.49,72.49,0,1,0,radio_limited_degradation,normal,statistical_only_retained,0.0,3.3903103036654523,0.0,67.12,61.62,64.64,High,High,0,0,0,0,0,0,0,0,0,0,1,0,True,Medium
LTE-TP-EP-000372,542020041221088+20250827123437+Fiji-Nadi-LTE-DL-D!20250827114425,Fiji-Nadi-LTE-DL-D,2025-08-27 01:42:37+02:00,2025-08-27 01:42:40+02:00,4,-17.79659206,177.40129185,-17.7965323,177.4007882,335.0,356.0,1.0,0.021464,2.601976,,,,77.83,68.44,99.92,92.0,50.83,39.644999999999996,0,4,0,radio_limited_degradation,normal,statistical_only_retained,3.0,53.782689654357554,0.0,84.42,40.41,64.62,Critical,Medium,0,0,0,0,0,0,0,4,4,4,4,0,True,Medium
LTE-TP-EP-000789,542020041221088+20250827144511+Fiji-Nadi-LTE-DL-D!20250827144430,Fiji-Nadi-LTE-DL-D,2025-08-27 04:42:33+02:00,2025-08-27 04:42:38+02:00,6,-17.7637151,177.4409219,-17.763715,177.440922,402.0,356.0,1.0,0.011624,0.014716,,,,72.96,72.84666666666666,90.96,90.94166666666666,50.97,50.73666666666667,0,6,0,radio_limited_degradation,normal,statistical_only_retained,5.0,0.03282837666445198,0.0,82.06,43.27,64.6,Critical,Medium,0,0,0,0,0,0,0,0,0,0,0,0,True,Medium
LTE-TP-EP-000165,542020041221088+20250827104707+Fiji-Nadi-LTE-DL-D!20250827104518,Fiji-Nadi-LTE-DL-D,2025-08-27 00:45:15+02:00,2025-08-27 00:45:15+02:00,1,-17.78286388,177.44865373,-17.78286388,177.44865373,127.0,40988.0,41.0,0.228472,0.228472,37.95240578952166,37.723933789521666,0.006019960928618633,78.54,78.54,82.58,82.58,73.6,73.6,0,1,0,radio_limited_degradation,normal,statistical_only_retained,0.0,0.0,0.0,66.27,62.56,64.6,High,High,0,0,0,0,0,0,0,0,0,0,1,0,True,Medium
LTE-TP-EP-000312,542020041221088+20250827122034+Fiji-Nadi-LTE-DL-D!20250827113125,Fiji-Nadi-LTE-DL-D,2025-08-27 01:31:14+02:00,2025-08-27 01:31:14+02:00,1,-17.76853832,177.42783299,-17.76853832,177.42783299,394.0,41384.0,41.0,0.09504,0.09504,40.73926360043641,40.64422360043641,0.002332884583583438,78.63,78.63,84.05,84.05,72.0,72.0,0,1,0,sudden_drop,normal,statistical_only_retained,0.0,13.807167839154305,0.0,67.37,61.2,64.6,High,High,0,0,0,0,0,0,0,0,0,0,1,0,True,Medium
LTE-TP-EP-001674,542020041221088+20250828134256+Fiji-Nadi-LTE-DL-D!20250828133718,Fiji-Nadi-LTE-DL-D,2025-08-28 03:35:24+02:00,2025-08-28 03:35:25+02:00,2,-17.6185933,177.459938,-17.6187116,177.4599082,167.0,40988.0,41.0,1.02048,4.842708,,,,68.56,67.15,87.43,74.05000000000001,71.94,58.715,0,2,0,radio_limited_degradation,normal,statistical_only_retained,1.0,39.65000701513033,0.0,70.1,57.84,64.59,High,Medium,0,0,0,0,0,0,0,2,0,0,2,0,True,Medium
LTE-TP-EP-001253,542020041221088+20250828115533+Fiji-Nadi-LTE-DL-D!20250828113110,Fiji-Nadi-LTE-DL-D,2025-08-28 01:30:34+02:00,2025-08-28 01:30:37+02:00,4,-17.6044673,177.4592811,-17.6044316,177.4591219,184.0,356.0,1.0,0.847248,1.673144,,,,75.99,72.565,97.03,93.805,50.28,46.6075,0,4,0,radio_limited_degradation,normal,statistical_only_retained,3.0,29.966680774581846,0.0,83.2,41.82,64.58,Critical,Medium,0,0,0,0,0,0,0,4,0,0,4,0,True,Medium
LTE-TP-EP-000238,542020041221088+20250827112649+Fiji-Nadi-LTE-DL-D!20250827110516,Fiji-Nadi-LTE-DL-D,2025-08-27 01:03:52+02:00,2025-08-27 01:03:53+02:00,2,-17.7686986,177.4881082,-17.76869953,177.48811255,82.0,41384.0,41.0,0.000632,3.626652,,,,73.41,69.615,91.0,78.31,66.07,58.989999999999995,0,2,0,radio_limited_degradation,normal,statistical_only_retained,1.0,13.92221761105516,0.0,72.92,54.39,64.58,High,Medium,0,1,1,0,0,0,0,2,2,2,2,2,True,Medium
LTE-TP-EP-001631,542020041221088+20250828133115+Fiji-Nadi-LTE-DL-D!20250828132346,Fiji-Nadi-LTE-DL-D,2025-08-28 03:23:42+02:00,2025-08-28 03:23:43+02:00,2,-17.62556314,177.46554642,-17.62549925,177.46556753,251.0,500.0,1.0,0.024472,0.024688,27.827177868081822,27.802273868081823,0.0008949524137180022,76.6,75.96,79.05,78.545,73.6,72.8,0,2,0,radio_limited_degradation,normal,statistical_only_retained,1.0,7.578356109889137,0.0,66.39,62.36,64.58,High,High,0,0,0,0,0,0,0,1,0,0,2,0,True,Medium
LTE-TP-EP-001267,542020041221088+20250828120053+Fiji-Nadi-LTE-DL-D!20250828113532,Fiji-Nadi-LTE-DL-D,2025-08-28 01:35:18+02:00,2025-08-28 01:35:21+02:00,4,-17.60439987,177.4595142,-17.60440726,177.45951365,184.0,40790.0,41.0,2.5121279,4.074092,49.4498,44.921440000000004,0.09157489009055648,72.4,62.75,82.21,70.1575,73.55,53.695,0,4,0,ca_underperformance,normal,statistical_only_retained,3.0,1.1300012481817214,0.0,70.31,57.55,64.57,High,Medium,2,2,1,2,0,0,0,4,0,0,4,7,True,Medium
LTE-TP-EP-000487,542020041221088+20250827131704+Fiji-Nadi-LTE-DL-D!20250827121308,Fiji-Nadi-LTE-DL-D,2025-08-27 02:12:03+02:00,2025-08-27 02:12:04+02:00,2,-17.7968343,177.4070941,-17.7968343,177.4070941,146.0,9310.0,28.0,0.722872,3.56418,20.061670087079676,13.656182087079676,0.3192898683009112,72.97,62.095,97.47,68.83500000000001,64.68,53.855000000000004,0,2,0,radio_limited_degradation,normal,statistical_only_retained,1.0,0.0,0.0,74.58,52.27,64.54,High,Medium,0,0,1,0,0,0,0,2,2,2,2,1,True,Medium
LTE-TP-EP-000495,542020041221088+20250827131704+Fiji-Nadi-LTE-DL-D!20250827121308,Fiji-Nadi-LTE-DL-D,2025-08-27 02:12:35+02:00,2025-08-27 02:12:39+02:00,5,-17.7969991,177.4079898,-17.7970884,177.4084231,363.0,9310.0,28.0,1.79932,3.0592,,,,69.09,66.762,93.7,87.612,55.57,41.28,0,5,0,radio_limited_degradation,normal,statistical_only_retained,4.0,58.05936205160212,0.0,81.6,43.66,64.53,Critical,Medium,0,0,1,0,0,0,0,5,0,0,5,1,True,Medium
LTE-TP-EP-001728,542020041221088+20250828135437+Fiji-Nadi-LTE-DL-D!20250828135310,Fiji-Nadi-LTE-DL-D,2025-08-28 03:52:25+02:00,2025-08-28 03:52:25+02:00,1,-17.6176483,177.4482083,-17.6176483,177.4482083,168.0,41384.0,41.0,5.220264,5.220264,47.0651145,41.8448505,0.11091578243159272,77.49,77.49,67.93,67.93,89.18,89.18,0,1,0,rb_efficiency_underperformance,normal,statistical_only_retained,0.0,12.144279196724373,0.0,55.28,75.8,64.52,High,High,1,1,1,0,0,0,0,1,0,0,1,3,True,Medium
LTE-TP-EP-001455,542020041221088+20250828124503+Fiji-Nadi-LTE-DL-D!20250828124436,Fiji-Nadi-LTE-DL-D,2025-08-28 02:42:34+02:00,2025-08-28 02:42:36+02:00,3,-17.62597871,177.4332765,-17.6262521,177.4331372,345.0,40790.0,41.0,1.3256559,3.572608,62.203377,53.515584,0.06258050701623201,77.66,67.44666666666666,78.64,69.91333333333334,76.47,64.43333333333334,0,3,0,ca_underperformance,normal,statistical_only_retained,2.0,33.79494834982577,0.0,66.57,61.99,64.51,High,High,2,2,2,2,0,0,0,3,0,0,3,8,True,Medium
LTE-TP-EP-000879,542020041221088+20250827152052+Fiji-Nadi-LTE-DL-D!20250827151954,Fiji-Nadi-LTE-DL-D,2025-08-27 05:18:51+02:00,2025-08-27 05:18:52+02:00,2,-17.7438607,177.4417789,-17.7438494,177.441766,120.0,40790.0,41.0,1.168976,2.877752,41.25179913394408,40.08282313394408,0.028337576167389678,77.25,74.125,81.54,76.315,72.0,71.45,0,2,0,rolling_local_drop,normal,statistical_only_retained,1.0,5.166711549157368,0.0,67.32,61.06,64.5,High,High,0,0,0,0,0,0,0,0,0,0,2,0,True,Medium
LTE-TP-EP-000767,542020041221088+20250827141110+Fiji-Nadi-LTE-DL-D!20250827140445,Fiji-Nadi-LTE-DL-D,2025-08-27 04:04:19+02:00,2025-08-27 04:04:20+02:00,2,-17.76551196,177.44513107,-17.76551196,177.44513107,124.0,41186.0,41.0,0.105456,3.832628,30.545103180326638,22.98530318032664,0.005175745545001002,74.79,71.35,75.76,66.92,79.92,76.75999999999999,0,2,0,radio_limited_degradation,normal,statistical_only_retained,1.0,0.0,0.0,62.26,67.14,64.46,High,High,0,0,0,0,0,0,0,0,0,0,2,0,True,Medium
LTE-TP-EP-001741,542020041221088+20250828140057+Fiji-Nadi-LTE-DL-D!20250828135741,Fiji-Nadi-LTE-DL-D,2025-08-28 03:55:48+02:00,2025-08-28 03:55:48+02:00,1,-17.6082833,177.4564955,-17.6082833,177.4564955,183.0,41186.0,41.0,0.036336,0.036336,,,,79.46,79.46,99.87,99.87,54.52,54.52,0,1,0,radio_limited_degradation,normal,statistical_only_retained,0.0,17.60585745201396,0.0,79.24,46.34,64.44,High,Medium,0,0,0,0,0,0,0,1,0,0,1,0,True,Medium
LTE-TP-EP-000939,542020041221088+20250827155633+Fiji-Nadi-LTE-DL-D!20250827154210,Fiji-Nadi-LTE-DL-D,2025-08-27 05:40:40+02:00,2025-08-27 05:40:41+02:00,2,-17.739114,177.4585007,-17.739114,177.4585007,487.0,41384.0,41.0,0.40816,2.08882,,,,79.51,71.965,98.57,92.69,56.21,46.629999999999995,0,2,0,radio_limited_degradation,normal,statistical_only_retained,1.0,0.003177245996068413,0.0,79.96,45.38,64.4,High,Medium,0,0,0,0,0,0,0,0,0,0,0,0,True,Medium
LTE-TP-EP-000061,542020041221088+20250827100005+Fiji-Nadi-LTE-DL-D!20250827095853,Fiji-Nadi-LTE-DL-D,2025-08-26 23:57:48+02:00,2025-08-26 23:57:51+02:00,4,-17.80924058,177.40261978,-17.80910012,177.40303326,151.0,41186.0,41.0,0.321856,0.6559159999999999,,,,75.96,70.015,89.87,84.045,58.97,52.8725,0,4,0,radio_limited_degradation,normal,statistical_only_retained,3.0,61.902400549661444,0.0,77.31,48.6,64.39,High,Medium,0,0,0,0,0,0,0,4,0,0,4,0,True,Medium
LTE-TP-EP-000831,542020041221088+20250827151132+Fiji-Nadi-LTE-DL-D!20250827151053,Fiji-Nadi-LTE-DL-D,2025-08-27 05:10:08+02:00,2025-08-27 05:10:08+02:00,1,-17.7539591,177.4525382,-17.7539591,177.4525382,115.0,9310.0,28.0,29.05584,29.05584,116.48149909377702,87.42565909377701,0.24944596546278736,77.31,77.31,68.36,68.36,88.24,88.24,0,1,0,radio_limited_degradation,normal,statistical_only_retained,0.0,7.837280395776688,0.0,55.61,75.0,64.34,High,High,0,0,0,0,0,0,0,0,0,0,1,0,True,Medium
LTE-TP-EP-001959,542020041221088+20250828154002+Fiji-Nadi-LTE-DL-D!20250828153143,Fiji-Nadi-LTE-DL-D,2025-08-28 05:30:45+02:00,2025-08-28 05:30:49+02:00,5,-17.6901091,177.4120005,-17.6902797,177.4122952,488.0,9310.0,28.0,0.001744,0.014424,,,,73.62,73.03999999999999,90.99,90.94,52.41,51.164,0,5,0,radio_limited_degradation,normal,statistical_only_retained,4.0,47.68231846045491,0.0,80.77,44.24,64.33,Critical,Medium,0,0,0,0,0,0,0,5,5,5,5,0,True,Medium
LTE-TP-EP-000116,542020041221088+20250827102926+Fiji-Nadi-LTE-DL-D!20250827102813,Fiji-Nadi-LTE-DL-D,2025-08-27 00:27:57+02:00,2025-08-27 00:27:58+02:00,2,-17.81461928,177.43629013,-17.81467789,177.43639012,395.0,1850.0,3.0,0.076416,0.585732,,,,78.34,75.205,99.73,97.95,52.2,47.41,0,2,0,radio_limited_degradation,normal,statistical_only_retained,1.0,12.603724670888377,0.0,81.65,43.17,64.33,Critical,Medium,0,0,0,0,0,0,0,2,0,0,2,0,True,Medium
LTE-TP-EP-001636,542020041221088+20250828133556+Fiji-Nadi-LTE-DL-D!20250828132602,Fiji-Nadi-LTE-DL-D,2025-08-28 03:25:20+02:00,2025-08-28 03:25:21+02:00,2,-17.61925689,177.46540347,-17.6192569,177.4654035,234.0,500.0,1.0,0.000232,0.17416800000000002,29.57248994236376,29.22438594236376,7.964028200094522e-06,76.21,75.97,79.65,79.22,72.0,72.0,0,2,0,rolling_local_drop,normal,statistical_only_retained,1.0,0.01627864218556385,0.0,66.86,61.2,64.31,High,High,0,0,0,0,0,0,0,0,0,0,2,0,True,Medium
LTE-TP-EP-000783,542020041221088+20250827141150+Fiji-Nadi-LTE-DL-D!20250827140658,Fiji-Nadi-LTE-DL-D,2025-08-27 04:06:49+02:00,2025-08-27 04:06:50+02:00,2,-17.7641413,177.4405899,-17.7641061,177.440626,122.0,9310.0,28.0,0.341712,5.276943999999999,59.51545075,49.30327475,0.17158865254834685,74.95,67.62,98.8,80.34,58.35,52.07,0,2,0,ca_underperformance,normal,statistical_only_retained,1.0,10.68589097121434,0.0,77.61,48.03,64.3,High,Medium,1,1,0,1,0,0,0,2,2,2,2,3,True,Medium
LTE-TP-EP-000785,542020041221088+20250827141230+Fiji-Nadi-LTE-DL-D!20250827140734,Fiji-Nadi-LTE-DL-D,2025-08-27 04:07:10+02:00,2025-08-27 04:07:10+02:00,1,-17.76373148,177.44088949,-17.76373148,177.44088949,125.0,41384.0,41.0,0.056776,0.056776,,,,79.28,79.28,99.8,99.8,54.21,54.21,0,1,0,radio_limited_degradation,normal,statistical_only_retained,0.0,0.0,0.0,79.19,46.08,64.29,High,Medium,0,0,0,0,0,0,0,1,0,0,1,0,True,Medium
LTE-TP-EP-000008,542020041221088+20250827094505+Fiji-Nadi-LTE-DL-D!20250827094151,Fiji-Nadi-LTE-DL-D,2025-08-26 23:41:35+02:00,2025-08-26 23:41:36+02:00,2,-17.815971,177.3955936,-17.815971,177.3955936,288.0,40790.0,41.0,0.031312,0.03888,25.206385,25.175073,0.0012422249362611893,76.01,75.995,77.98,77.95500000000001,73.6,73.6,0,2,0,radio_limited_degradation,normal,statistical_only_retained,1.0,0.0,0.0,65.69,62.56,64.28,High,High,0,0,0,0,0,0,0,0,0,0,2,0,True,Medium
LTE-TP-EP-001966,542020041221088+20250828154042+Fiji-Nadi-LTE-DL-D!20250828153246,Fiji-Nadi-LTE-DL-D,2025-08-28 05:32:32+02:00,2025-08-28 05:32:32+02:00,1,-17.6918095,177.4213772,-17.6918095,177.4213772,488.0,9310.0,28.0,0.512624,0.512624,,,,79.18,79.18,98.21,98.21,55.91,55.91,0,1,0,radio_limited_degradation,normal,statistical_only_retained,0.0,3.2796837835932178,0.0,77.99,47.52,64.28,High,Medium,0,0,0,0,0,0,0,0,0,0,0,0,True,Medium
LTE-TP-EP-001820,542020041221088+20250828141158+Fiji-Nadi-LTE-DL-D!20250828141111,Fiji-Nadi-LTE-DL-D,2025-08-28 04:09:32+02:00,2025-08-28 04:09:32+02:00,1,-17.6104419,177.459711,-17.6104419,177.459711,196.0,356.0,1.0,0.176168,0.176168,,,,79.23,79.23,99.38,99.38,54.61,54.61,0,1,0,radio_limited_degradation,normal,statistical_only_retained,0.0,20.08171689234248,0.0,78.87,46.42,64.27,High,Medium,0,0,0,0,0,0,0,1,0,0,1,0,True,Medium
LTE-TP-EP-000209,542020041221088+20250827110647+Fiji-Nadi-LTE-DL-D!20250827105407,Fiji-Nadi-LTE-DL-D,2025-08-27 00:53:11+02:00,2025-08-27 00:53:13+02:00,3,-17.76433034,177.464098,-17.7644477,177.4643292,210.0,41186.0,41.0,0.706416,2.7772639,,,,72.98,70.72333333333334,88.53,83.54,62.83,55.06,0,3,0,radio_limited_degradation,normal,statistical_only_retained,2.0,33.165655113785085,0.0,74.74,51.46,64.26,High,Medium,0,0,1,0,0,0,0,3,0,0,3,1,True,Medium
LTE-TP-EP-000299,542020041221088+20250827121333+Fiji-Nadi-LTE-DL-D!20250827112914,Fiji-Nadi-LTE-DL-D,2025-08-27 01:29:11+02:00,2025-08-27 01:29:12+02:00,2,-17.7794351,177.42636144,-17.7793767,177.4261636,321.0,356.0,1.0,0.43556,2.5316199999999998,23.049003623126012,19.892076195647782,0.021426987171939596,71.49,70.08,73.26,65.105,82.99,76.155,0,2,0,rb_efficiency_underperformance,ml_quantile_p75_resource_underperformance,statistical_only_retained,1.0,32.85222396339756,0.0,60.52,68.83,64.26,High,High,0,1,1,0,1,0,0,0,0,0,2,3,True,Medium
LTE-TP-EP-000401,542020041221088+20250827123517+Fiji-Nadi-LTE-DL-D!20250827114634,Fiji-Nadi-LTE-DL-D,2025-08-27 01:45:49+02:00,2025-08-27 01:45:49+02:00,1,-17.78150941,177.38549635,-17.78150941,177.38549635,153.0,40790.0,41.0,3.191824,3.191824,60.347314999999995,57.155491,0.05289090326553883,78.04,78.04,81.5,81.5,73.81,73.81,0,1,0,ca_underperformance,normal,statistical_only_retained,0.0,13.506181440627229,0.0,65.46,62.74,64.24,High,High,1,1,1,1,0,0,0,1,1,1,1,4,True,Medium
LTE-TP-EP-001786,542020041221088+20250828140457+Fiji-Nadi-LTE-DL-D!20250828140425,Fiji-Nadi-LTE-DL-D,2025-08-28 04:03:26+02:00,2025-08-28 04:03:27+02:00,2,-17.6053361,177.4492287,-17.6053229,177.4492281,139.0,40988.0,41.0,6.356976,23.5830555,111.79482125,70.98568625,0.16011171935020463,78.17,67.3,67.51,58.355000000000004,91.19,78.22999999999999,0,2,0,rb_conditioned_underperformance,normal,statistical_only_retained,1.0,2.7652701421415413,0.0,56.01,74.27,64.23,High,High,0,1,0,0,0,0,0,0,0,0,2,1,True,Medium
LTE-TP-EP-000880,542020041221088+20250827152052+Fiji-Nadi-LTE-DL-D!20250827151954,Fiji-Nadi-LTE-DL-D,2025-08-27 05:19:12+02:00,2025-08-27 05:19:12+02:00,1,-17.74355048,177.44163067,-17.74355048,177.44163067,120.0,40790.0,41.0,8.886376,8.886376,51.60441846028064,42.71804246028064,0.1722018436626652,77.17,77.17,68.16,68.16,88.19,88.19,0,1,0,sudden_drop,normal,statistical_only_retained,0.0,2.109198373521373,0.0,55.46,74.96,64.23,High,High,0,0,0,0,0,0,0,0,0,0,1,0,True,Medium
LTE-TP-EP-001641,542020041221088+20250828133816+Fiji-Nadi-LTE-DL-D!20250828132818,Fiji-Nadi-LTE-DL-D,2025-08-28 03:26:36+02:00,2025-08-28 03:26:36+02:00,1,-17.6158152,177.4667103,-17.6158152,177.4667103,375.0,500.0,1.0,0.78336,0.78336,,,,79.06,79.06,97.26,97.26,56.81,56.81,0,1,0,radio_limited_degradation,normal,statistical_only_retained,0.0,9.076223973160726,0.0,77.28,48.29,64.23,High,Medium,0,0,0,0,0,0,0,0,0,0,1,0,True,Medium
LTE-TP-EP-001509,542020041221088+20250828125404+Fiji-Nadi-LTE-DL-D!20250828125334,Fiji-Nadi-LTE-DL-D,2025-08-28 02:53:13+02:00,2025-08-28 02:53:13+02:00,1,-17.63102755,177.45525839,-17.63102755,177.45525839,167.0,40988.0,41.0,12.016264,12.016264,111.79482125,99.77855725,0.10748497887150564,77.84,77.84,78.71,78.71,76.77,76.77,0,1,0,ca_underperformance,ml_quantile_p75_resource_underperformance,statistical_only_retained,0.0,12.196594898455398,0.0,63.37,65.25,64.22,High,High,1,1,0,1,1,0,0,1,0,0,1,4,True,Medium
LTE-TP-EP-001048,542020041221088+20250828103047+Fiji-Nadi-LTE-DL-D!20250828102736,Fiji-Nadi-LTE-DL-D,2025-08-28 00:26:18+02:00,2025-08-28 00:26:20+02:00,3,-17.728182,177.4539678,-17.7279807,177.4539028,487.0,41384.0,41.0,0.124352,1.213984,17.355182631642045,16.141198631642045,0.010206380371530033,72.55,69.66333333333334,65.75,63.36000000000001,86.95,77.36333333333333,0,3,0,rolling_local_drop,normal,statistical_only_retained,2.0,36.158840392597135,0.0,58.17,71.51,64.18,High,High,0,0,0,0,0,0,0,0,0,0,3,0,True,Medium
LTE-TP-EP-000323,542020041221088+20250827122555+Fiji-Nadi-LTE-DL-D!20250827113546,Fiji-Nadi-LTE-DL-D,2025-08-27 01:33:52+02:00,2025-08-27 01:33:52+02:00,1,-17.7651586,177.430553,-17.7651586,177.430553,393.0,500.0,1.0,0.350688,0.350688,36.24899209561563,35.89830409561563,0.009674420714235977,77.98,77.98,81.56,81.56,73.6,73.6,0,1,0,radio_limited_degradation,normal,statistical_only_retained,0.0,6.756948538063592,0.0,65.51,62.56,64.18,High,High,0,0,0,0,0,0,0,0,0,0,1,0,True,Medium
LTE-TP-EP-000343,542020041221088+20250827122836+Fiji-Nadi-LTE-DL-D!20250827113757,Fiji-Nadi-LTE-DL-D,2025-08-27 01:37:12+02:00,2025-08-27 01:37:14+02:00,3,-17.7799152,177.4272813,-17.77996674,177.42728672,134.0,40790.0,41.0,0.013376,0.031712,118.44779,83.892168,0.0006505407839123443,75.02,70.98,77.19,70.45,73.6,71.63,0,3,0,radio_limited_degradation,normal,statistical_only_retained,2.0,18.109737817317214,0.0,65.88,62.07,64.17,High,High,1,0,0,0,0,0,0,0,0,0,3,1,True,Medium
LTE-TP-EP-001382,542020041221088+20250828123202+Fiji-Nadi-LTE-DL-D!20250828122853,Fiji-Nadi-LTE-DL-D,2025-08-28 02:27:14+02:00,2025-08-28 02:27:16+02:00,3,-17.62293467,177.43498387,-17.6231251,177.4347721,345.0,40790.0,41.0,11.551728,12.068456,93.96716500000001,80.02625300000001,0.1377059580746294,68.57,67.13,73.92,68.76,80.68,65.13666666666667,0,3,0,ca_underperformance,normal,statistical_only_retained,2.0,40.977859809410575,0.0,63.75,64.69,64.17,High,High,3,3,0,3,1,1,0,3,0,0,3,11,True,Medium
LTE-TP-EP-001475,542020041221088+20250828124943+Fiji-Nadi-LTE-DL-D!20250828124907,Fiji-Nadi-LTE-DL-D,2025-08-28 02:48:52+02:00,2025-08-28 02:48:54+02:00,3,-17.6284586,177.4505431,-17.6286271,177.4507072,170.0,40790.0,41.0,3.000736,11.761624,93.96716500000001,82.20554100000001,0.052563164025233096,77.4,66.81333333333333,80.23,70.04666666666667,73.95,62.86666666666667,0,3,0,ca_underperformance,normal,statistical_only_retained,2.0,38.53737806661983,0.0,67.47,60.09,64.15,High,High,3,3,1,2,0,0,0,3,0,0,3,9,True,Medium
LTE-TP-EP-001615,542020041221088+20250828132735+Fiji-Nadi-LTE-DL-D!20250828132130,Fiji-Nadi-LTE-DL-D,2025-08-28 03:20:09+02:00,2025-08-28 03:20:11+02:00,3,-17.6189472,177.4651503,-17.61893061,177.46510879,250.0,500.0,1.0,0.018984,1.010456,34.93376011016426,33.56606384324752,0.0006375135631962571,76.32,69.47,79.85,70.96333333333332,72.0,67.64,0,3,0,radio_limited_degradation,normal,statistical_only_retained,2.0,17.426940166880442,0.0,67.45,60.11,64.15,High,High,0,0,0,0,0,0,0,2,0,0,3,0,True,Medium
LTE-TP-EP-001180,542020041221088+20250828113631+Fiji-Nadi-LTE-DL-D!20250828110448,Fiji-Nadi-LTE-DL-D,2025-08-28 01:03:38+02:00,2025-08-28 01:03:39+02:00,2,-17.6381239,177.4732283,-17.63812424,177.47322811,352.0,356.0,1.0,2.06916,3.152228,,,,74.03,73.055,92.76,88.97,60.41,53.605,0,2,0,radio_limited_degradation,normal,statistical_only_retained,1.0,12.15360198123153,0.0,76.02,49.65,64.15,High,Medium,0,0,1,0,0,0,0,2,0,0,2,1,True,Medium
LTE-TP-EP-000432,542020041221088+20250827123938+Fiji-Nadi-LTE-DL-D!20250827115735,Fiji-Nadi-LTE-DL-D,2025-08-27 01:57:13+02:00,2025-08-27 01:57:13+02:00,1,-17.77164701,177.37073744,-17.77164701,177.37073744,156.0,40790.0,41.0,2.504008,2.504008,48.513146420791585,46.00913842079159,0.051615040143569026,77.94,77.94,81.49,81.49,73.6,73.6,0,1,0,radio_limited_degradation,normal,statistical_only_retained,0.0,8.695269926011328,0.0,65.45,62.56,64.15,High,High,0,0,0,0,0,0,0,0,0,0,1,0,True,Medium
LTE-TP-EP-000797,542020041221088+20250827144731+Fiji-Nadi-LTE-DL-D!20250827144643,Fiji-Nadi-LTE-DL-D,2025-08-27 04:45:03+02:00,2025-08-27 04:45:07+02:00,5,-17.7574809,177.445404,-17.7575362,177.4456638,487.0,9310.0,28.0,0.014496,0.042799998,,,,74.56,69.326,90.95,86.974,54.66,47.762,0,5,0,radio_limited_degradation,normal,statistical_only_retained,4.0,36.121929991868015,0.0,79.96,44.74,64.11,High,Medium,0,0,0,0,0,0,0,5,5,5,5,0,True,Medium
LTE-TP-EP-000765,542020041221088+20250827141110+Fiji-Nadi-LTE-DL-D!20250827140445,Fiji-Nadi-LTE-DL-D,2025-08-27 04:03:53+02:00,2025-08-27 04:03:54+02:00,2,-17.7645299,177.4460129,-17.7646162,177.4459412,124.0,41186.0,41.0,0.046216,0.79966,26.696732602283234,26.22209810170061,0.0017593820380352456,76.22,74.6,78.36,76.075,73.6,72.8,0,2,0,radio_limited_degradation,normal,statistical_only_retained,1.0,33.919817433246365,0.0,65.52,62.36,64.1,High,High,0,0,0,0,0,0,0,0,0,0,2,0,True,Medium
LTE-TP-EP-001873,542020041221088+20250828142258+Fiji-Nadi-LTE-DL-D!20250828142226,Fiji-Nadi-LTE-DL-D,2025-08-28 04:20:26+02:00,2025-08-28 04:20:26+02:00,1,-17.6059858,177.4558251,-17.6059858,177.4558251,197.0,500.0,1.0,51.40909,51.40909,159.52736731293874,108.11827731293874,0.3222587501187351,76.81,76.81,64.96,64.96,91.29,91.29,0,1,0,rb_conditioned_underperformance,ml_quantile_p75_resource_underperformance,statistical_only_retained,0.0,,0.0,53.06,77.6,64.1,Medium,High,1,1,0,0,1,0,0,0,0,0,1,3,True,Medium
LTE-TP-EP-000161,542020041221088+20250827104707+Fiji-Nadi-LTE-DL-D!20250827104518,Fiji-Nadi-LTE-DL-D,2025-08-27 00:44:41+02:00,2025-08-27 00:44:41+02:00,1,-17.7850217,177.4453903,-17.7850217,177.4453903,127.0,40988.0,41.0,0.01776,0.01776,37.204814813574835,37.18705481357483,0.0004773575702228721,77.96,77.96,82.83,82.83,72.0,72.0,0,1,0,sudden_drop,normal,statistical_only_retained,0.0,25.07154282455734,0.0,66.46,61.2,64.09,High,High,0,0,0,0,0,0,0,0,0,0,1,0,True,Medium
LTE-TP-EP-000563,542020041221088+20250827133827+Fiji-Nadi-LTE-DL-D!20250827130111,Fiji-Nadi-LTE-DL-D,2025-08-27 03:00:29+02:00,2025-08-27 03:00:30+02:00,2,-17.79476341,177.42108916,-17.79473457,177.42115471,309.0,1850.0,3.0,0.089544,1.639088,,,,73.61,72.78,90.69,85.265,62.31,57.525000000000006,0,2,0,radio_limited_degradation,normal,statistical_only_retained,1.0,17.666351614915484,0.0,74.14,51.77,64.07,High,Medium,0,0,1,0,0,0,0,2,0,2,2,1,True,Medium
LTE-TP-EP-000507,542020041221088+20250827132304+Fiji-Nadi-LTE-DL-D!20250827122156,Fiji-Nadi-LTE-DL-D,2025-08-27 02:21:20+02:00,2025-08-27 02:21:20+02:00,1,-17.80476123,177.42038465,-17.80476123,177.42038465,147.0,41384.0,41.0,12.830504,12.830504,98.07729499999999,85.24679099999999,0.1308203290068308,77.51,77.51,76.33,76.33,78.96,78.96,0,1,0,ca_underperformance,normal,statistical_only_retained,0.0,0.3409490992720339,0.0,61.58,67.12,64.07,High,High,1,1,0,1,0,0,0,1,0,0,1,3,True,Medium
LTE-TP-EP-001020,542020041221088+20250827161234+Fiji-Nadi-LTE-DL-D!20250827161029,Fiji-Nadi-LTE-DL-D,2025-08-27 06:10:06+02:00,2025-08-27 06:10:06+02:00,1,-17.81432011,177.44235064,-17.81432011,177.44235064,148.0,41186.0,41.0,0.940504,0.940504,,,,78.83,78.83,96.71,96.71,56.97,56.97,0,1,0,radio_limited_degradation,normal,statistical_only_retained,0.0,4.86404474065197,0.0,76.87,48.42,64.07,High,Medium,0,0,0,0,0,0,0,1,0,0,1,0,True,Medium
LTE-TP-EP-000271,542020041221088+20250827114430+Fiji-Nadi-LTE-DL-D!20250827111604,Fiji-Nadi-LTE-DL-D,2025-08-27 01:15:16+02:00,2025-08-27 01:15:22+02:00,7,-17.7585746,177.4585564,-17.7588331,177.4586666,116.0,9310.0,28.0,0.975608,39.030975,174.2549025,135.2239275,0.06714547861257994,73.02,62.61714285714286,70.98,62.089999999999996,75.51,63.26428571428572,0,7,0,radio_p75_underperformance,normal,statistical_only_retained,6.0,35.6121039970124,0.0,66.46,61.12,64.06,High,High,6,3,0,0,0,0,0,7,7,7,7,9,True,Medium
LTE-TP-EP-001081,542020041221088+20250828104127+Fiji-Nadi-LTE-DL-D!20250828104043,Fiji-Nadi-LTE-DL-D,2025-08-28 00:38:54+02:00,2025-08-28 00:38:54+02:00,1,-17.66033841,177.40515685,-17.66033841,177.40515685,159.0,9310.0,28.0,2.721136,2.721136,59.51545075,56.79431475,0.04572150535212068,77.86,77.86,82.33,82.33,72.39,72.39,0,1,0,ca_underperformance,normal,statistical_only_retained,0.0,0.049223489164949355,0.0,66.08,61.53,64.04,High,High,1,1,1,1,0,0,0,1,1,1,1,4,True,Medium
LTE-TP-EP-001744,542020041221088+20250828140057+Fiji-Nadi-LTE-DL-D!20250828135741,Fiji-Nadi-LTE-DL-D,2025-08-28 03:56:03+02:00,2025-08-28 03:56:03+02:00,1,-17.60789837,177.45711757,-17.60789837,177.45711757,182.0,41186.0,41.0,0.475512,0.475512,,,,78.9,78.9,98.34,98.34,55.15,55.15,0,1,0,radio_limited_degradation,normal,statistical_only_retained,0.0,5.272015367508294,0.0,78.09,46.88,64.04,High,Medium,0,0,0,0,0,0,0,0,0,0,1,0,True,Medium
LTE-TP-EP-000777,542020041221088+20250827141150+Fiji-Nadi-LTE-DL-D!20250827140658,Fiji-Nadi-LTE-DL-D,2025-08-27 04:06:22+02:00,2025-08-27 04:06:22+02:00,1,-17.7653367,177.439335,-17.7653367,177.439335,339.0,41384.0,41.0,0.035,0.035,,,,78.99,78.99,99.88,99.88,53.46,53.46,0,1,0,radio_limited_degradation,normal,statistical_only_retained,0.0,8.606837889663591,0.0,79.25,45.44,64.03,High,Medium,0,0,0,0,0,0,0,1,1,1,1,0,True,Medium
LTE-TP-EP-001001,542020041221088+20250827161154+Fiji-Nadi-LTE-DL-D!20250827160820,Fiji-Nadi-LTE-DL-D,2025-08-27 06:07:47+02:00,2025-08-27 06:07:48+02:00,2,-17.8131696,177.4372153,-17.8131881,177.4372316,148.0,41186.0,41.0,0.586208,1.79568,,,,77.58,75.13,97.95,93.715,52.68,52.415,0,2,0,radio_limited_degradation,normal,statistical_only_retained,1.0,5.517293477707563,0.0,79.82,44.71,64.02,High,Medium,0,0,0,0,0,0,0,2,0,0,2,0,True,Medium
LTE-TP-EP-001743,542020041221088+20250828140057+Fiji-Nadi-LTE-DL-D!20250828135741,Fiji-Nadi-LTE-DL-D,2025-08-28 03:55:55+02:00,2025-08-28 03:55:56+02:00,2,-17.60813897,177.45683301,-17.60811801,177.45688313,182.0,41186.0,41.0,4.387456,4.735612,41.037212749999995,36.649756749999995,0.1069140837300165,72.3,70.755,82.21,74.405,72.39,66.285,0,2,0,ca_underperformance,normal,statistical_only_retained,1.0,11.294483912147744,0.0,67.3,60.01,64.02,High,High,2,2,2,1,0,0,0,2,0,0,2,7,True,Medium
LTE-TP-EP-000718,542020041221088+20250827140149+Fiji-Nadi-LTE-DL-D!20250827134245,Fiji-Nadi-LTE-DL-D,2025-08-27 03:42:31+02:00,2025-08-27 03:42:31+02:00,1,-17.7704081,177.4027593,-17.7704081,177.4027593,135.0,40790.0,41.0,1.895752,1.895752,47.800228488516716,45.904476488516714,0.03965989410396701,77.84,77.84,82.62,82.62,72.0,72.0,0,1,0,sudden_drop,normal,statistical_only_retained,0.0,3.0673147524696547,0.0,66.3,61.2,64.01,High,High,0,0,0,0,0,0,0,0,0,0,1,0,True,Medium
LTE-TP-EP-001275,542020041221088+20250828120254+Fiji-Nadi-LTE-DL-D!20250828113742,Fiji-Nadi-LTE-DL-D,2025-08-28 01:37:20+02:00,2025-08-28 01:37:21+02:00,2,-17.60392286,177.4560751,-17.6038388,177.45605297,184.0,41384.0,41.0,0.58592,0.67894,,,,76.83,76.405,97.95,97.625,51.82,50.47,0,2,0,radio_limited_degradation,normal,statistical_only_retained,1.0,18.717475386179714,0.0,80.6,43.71,64.0,Critical,Medium,0,0,0,0,0,0,0,0,0,0,2,0,True,Medium
LTE-TP-EP-001569,542020041221088+20250828131005+Fiji-Nadi-LTE-DL-D!20250828130912,Fiji-Nadi-LTE-DL-D,2025-08-28 03:08:51+02:00,2025-08-28 03:08:52+02:00,2,-17.6287388,177.460044,-17.6287434,177.4600485,273.0,40988.0,41.0,0.281592,9.5580075,59.15109740865434,43.38337223231171,0.006448923180191781,77.83,68.675,84.77,67.6,70.62,69.98,0,2,0,radio_limited_degradation,ml_quantile_p75_resource_underperformance,statistical_only_retained,1.0,2.5907500470712588,0.0,67.35,59.87,63.98,High,Medium,0,0,0,0,1,0,0,0,0,0,2,1,True,Medium
LTE-TP-EP-001658,542020041221088+20250828134016+Fiji-Nadi-LTE-DL-D!20250828133246,Fiji-Nadi-LTE-DL-D,2025-08-28 03:31:23+02:00,2025-08-28 03:31:24+02:00,2,-17.6182388,177.4647679,-17.6182366,177.4647131,253.0,40988.0,41.0,0.471088,9.458860000000001,53.30422065600442,34.85758865600442,0.021628297462487407,72.94,67.84,75.04,61.19500000000001,81.54,75.96000000000001,0,2,0,radio_limited_degradation,normal,statistical_only_retained,1.0,10.988929659432458,0.0,60.72,67.91,63.96,High,High,0,0,0,0,0,0,0,1,0,0,2,0,True,Medium
LTE-TP-EP-000745,542020041221088+20250827140810+Fiji-Nadi-LTE-DL-D!20250827140022,Fiji-Nadi-LTE-DL-D,2025-08-27 03:59:42+02:00,2025-08-27 03:59:42+02:00,1,-17.7665226,177.44771125,-17.7665226,177.44771125,124.0,41186.0,41.0,0.034096,0.034096,32.79175198060826,32.75765598060826,0.0010397736607718618,77.68,77.68,81.02,81.02,73.6,73.6,0,1,0,radio_limited_degradation,normal,statistical_only_retained,0.0,0.0,0.0,65.1,62.56,63.96,High,High,0,0,0,0,0,0,0,0,0,0,1,0,True,Medium
LTE-TP-EP-001589,542020041221088+20250828131954+Fiji-Nadi-LTE-DL-D!20250828131344,Fiji-Nadi-LTE-DL-D,2025-08-28 03:13:18+02:00,2025-08-28 03:13:18+02:00,1,-17.62875489,177.47296907,-17.62875489,177.47296907,352.0,41384.0,41.0,13.65868,13.65868,41.41542432723139,27.75674432723139,0.32979693488300615,67.54,67.54,46.87,46.87,92.8,92.8,1,0,0,ca_underperformance,ml_quantile_p75_resource_underperformance,statistical_and_ml_consensus,0.0,12.228576229322359,100.0,39.49,93.88,63.96,Medium,Very High,1,0,0,1,1,1,1,1,0,0,1,5,True,Medium
LTE-TP-EP-000940,542020041221088+20250827155633+Fiji-Nadi-LTE-DL-D!20250827154210,Fiji-Nadi-LTE-DL-D,2025-08-27 05:40:50+02:00,2025-08-27 05:40:50+02:00,1,-17.739114,177.4585007,-17.739114,177.4585007,487.0,41384.0,41.0,0.661232,0.661232,,,,78.73,78.73,97.69,97.69,55.55,55.55,0,1,0,radio_limited_degradation,normal,statistical_only_retained,0.0,0.0,0.0,77.6,47.22,63.93,High,Medium,0,0,0,0,0,0,0,0,0,0,0,0,True,Medium
LTE-TP-EP-001588,542020041221088+20250828131954+Fiji-Nadi-LTE-DL-D!20250828131344,Fiji-Nadi-LTE-DL-D,2025-08-28 03:13:07+02:00,2025-08-28 03:13:07+02:00,1,-17.6291936,177.4740016,-17.6291936,177.4740016,352.0,41384.0,41.0,13.259248,13.259248,105.95971,92.700462,0.1251348083153493,77.32,77.32,76.13,76.13,78.77,78.77,0,1,0,ca_underperformance,ml_quantile_p75_resource_underperformance,statistical_only_retained,0.0,23.571401143059756,0.0,61.43,66.95,63.92,High,High,1,1,0,1,1,0,0,0,0,0,1,4,True,Medium
LTE-TP-EP-000314,542020041221088+20250827122034+Fiji-Nadi-LTE-DL-D!20250827113125,Fiji-Nadi-LTE-DL-D,2025-08-27 01:31:23+02:00,2025-08-27 01:31:23+02:00,1,-17.7676484,177.4286876,-17.7676484,177.4286876,394.0,41384.0,41.0,1.03748,1.03748,42.44721701673143,41.40973701673143,0.024441649486491804,77.71,77.71,82.39,82.39,72.0,72.0,0,1,0,sudden_drop,normal,statistical_only_retained,0.0,25.263714016644254,0.0,66.13,61.2,63.91,High,High,0,0,0,0,0,0,0,0,0,0,1,0,True,Medium
LTE-TP-EP-001069,542020041221088+20250828103607+Fiji-Nadi-LTE-DL-D!20250828103408,Fiji-Nadi-LTE-DL-D,2025-08-28 00:33:48+02:00,2025-08-28 00:33:48+02:00,1,-17.6961766,177.4254231,-17.6961766,177.4254231,488.0,40988.0,41.0,21.700727,21.700727,77.7671355624887,56.066408562488704,0.2790475287927081,67.45,67.45,46.76,46.76,92.74,92.74,1,0,0,rb_conditioned_underperformance,ml_quantile_p75_resource_underperformance,statistical_and_ml_consensus,0.0,27.903218370719102,100.0,39.41,93.83,63.9,Medium,Very High,0,1,0,0,1,0,1,1,0,0,1,3,True,Medium
LTE-TP-EP-001745,542020041221088+20250828140057+Fiji-Nadi-LTE-DL-D!20250828135741,Fiji-Nadi-LTE-DL-D,2025-08-28 03:56:05+02:00,2025-08-28 03:56:05+02:00,1,-17.60778367,177.45709739,-17.60778367,177.45709739,182.0,41186.0,41.0,0.537496,0.537496,,,,78.72,78.72,98.12,98.12,55.0,55.0,0,1,0,radio_limited_degradation,normal,statistical_only_retained,0.0,0.2105189672203487,0.0,77.93,46.75,63.9,High,Medium,0,0,0,0,0,0,0,0,0,0,1,0,True,Medium
LTE-TP-EP-001620,542020041221088+20250828132735+Fiji-Nadi-LTE-DL-D!20250828132130,Fiji-Nadi-LTE-DL-D,2025-08-28 03:21:11+02:00,2025-08-28 03:21:12+02:00,2,-17.62255193,177.46359238,-17.6226484,177.4636598,250.0,500.0,1.0,6.509336,8.612208,52.69362792300923,41.97854792300923,0.15448565099052503,74.01,71.74000000000001,68.53,66.56,85.53,78.075,0,2,0,radio_limited_degradation,normal,statistical_only_retained,1.0,20.40609820684816,0.0,58.21,70.84,63.89,High,High,0,0,0,0,0,0,0,0,0,0,2,0,True,Medium
LTE-TP-EP-000041,542020041221088+20250827095105+Fiji-Nadi-LTE-DL-D!20250827094821,Fiji-Nadi-LTE-DL-D,2025-08-26 23:48:21+02:00,2025-08-26 23:48:22+02:00,2,-17.81160836,177.39985997,-17.81160836,177.39985997,151.0,41186.0,41.0,0.064312,0.719764,26.16615937722511,26.10184737722511,0.0024578310891118713,76.16,73.78,78.26,75.84,73.6,71.27,0,2,0,radio_limited_degradation,normal,statistical_only_retained,1.0,0.436389244458858,0.0,65.42,61.98,63.87,High,High,0,0,0,0,0,0,0,0,0,0,0,0,True,Medium
LTE-TP-EP-001394,542020041221088+20250828123522+Fiji-Nadi-LTE-DL-D!20250828123323,Fiji-Nadi-LTE-DL-D,2025-08-28 02:33:05+02:00,2025-08-28 02:33:06+02:00,2,-17.6296636,177.4401571,-17.6296178,177.4402082,345.0,356.0,1.0,1.364344,3.733368,,,,69.66,69.475,86.22,77.93,68.87,59.145,0,2,0,radio_limited_degradation,normal,statistical_only_retained,1.0,14.67013073597391,0.0,70.21,56.11,63.87,High,Medium,0,1,1,0,0,0,0,2,0,0,2,2,True,Medium
LTE-TP-EP-000152,542020041221088+20250827104347+Fiji-Nadi-LTE-DL-D!20250827104305,Fiji-Nadi-LTE-DL-D,2025-08-27 00:43:00+02:00,2025-08-27 00:43:02+02:00,3,-17.79547736,177.43674891,-17.79524114,177.43689504,431.0,40790.0,41.0,3.005664,4.70336,49.4498,46.444136,0.06078212652022859,75.77,69.12,75.92,70.73,75.59,67.15333333333334,0,3,0,ca_underperformance,normal,statistical_only_retained,2.0,62.07687481814137,0.0,65.24,62.14,63.85,High,High,2,2,3,2,0,0,0,3,0,0,3,9,True,Medium
LTE-TP-EP-000990,542020041221088+20250827161154+Fiji-Nadi-LTE-DL-D!20250827160820,Fiji-Nadi-LTE-DL-D,2025-08-27 06:06:26+02:00,2025-08-27 06:06:26+02:00,1,-17.81225817,177.43826679,-17.81225817,177.43826679,469.0,1850.0,3.0,0.00368,0.00368,,,,78.78,78.78,99.99,99.99,52.85,52.85,0,1,0,radio_limited_degradation,normal,statistical_only_retained,0.0,3.335708295006171,0.0,79.33,44.92,63.85,High,Medium,0,0,0,0,0,0,0,0,0,0,0,0,True,Medium
LTE-TP-EP-000460,542020041221088+20250827131523+Fiji-Nadi-LTE-DL-D!20250827120845,Fiji-Nadi-LTE-DL-D,2025-08-27 02:07:12+02:00,2025-08-27 02:07:14+02:00,3,-17.7825266,177.3865496,-17.7827109,177.3867214,157.0,40790.0,41.0,0.550064,1.685544,,,,74.4,71.21333333333332,78.67,76.27999999999999,71.13,65.02,0,3,0,radio_limited_degradation,normal,statistical_only_retained,2.0,40.862760768293285,0.0,67.86,58.93,63.84,High,Medium,0,0,1,0,0,0,0,3,0,0,3,1,True,Medium
LTE-TP-EP-001255,542020041221088+20250828115533+Fiji-Nadi-LTE-DL-D!20250828113110,Fiji-Nadi-LTE-DL-D,2025-08-28 01:30:50+02:00,2025-08-28 01:30:50+02:00,1,-17.6043411,177.45872,-17.6043411,177.45872,184.0,40790.0,41.0,0.011528,0.011528,,,,78.76,78.76,99.96,99.96,52.84,52.84,0,1,0,radio_limited_degradation,normal,statistical_only_retained,0.0,2.3412781496562247,0.0,79.31,44.91,63.83,High,Medium,0,0,0,0,0,0,0,0,0,0,1,0,True,Medium
LTE-TP-EP-000075,542020041221088+20250827100525+Fiji-Nadi-LTE-DL-D!20250827100437,Fiji-Nadi-LTE-DL-D,2025-08-27 00:03:43+02:00,2025-08-27 00:03:43+02:00,1,-17.80703805,177.42257921,-17.80703805,177.42257921,148.0,41186.0,41.0,0.020376,0.020376,31.80342,31.783044,0.0006406858130352019,77.48,77.48,80.66,80.66,73.6,73.6,0,1,0,radio_limited_degradation,normal,statistical_only_retained,0.0,0.005659653134820876,0.0,64.83,62.56,63.81,High,High,0,0,0,0,0,0,0,0,0,0,1,0,True,Medium
LTE-TP-EP-000739,542020041221088+20250827140810+Fiji-Nadi-LTE-DL-D!20250827140022,Fiji-Nadi-LTE-DL-D,2025-08-27 03:58:42+02:00,2025-08-27 03:58:42+02:00,1,-17.76652546,177.44774025,-17.76652546,177.44774025,124.0,41186.0,41.0,0.35664,0.35664,33.94665088501083,33.590010885010834,0.010505896478803293,77.44,77.44,80.59,80.59,73.6,73.6,0,1,0,radio_limited_degradation,normal,statistical_only_retained,0.0,0.0,0.0,64.78,62.56,63.78,High,High,0,0,0,0,0,0,0,0,0,0,1,0,True,Medium
LTE-TP-EP-001033,542020041221088+20250828102346+Fiji-Nadi-LTE-DL-D!20250828102312,Fiji-Nadi-LTE-DL-D,2025-08-28 00:22:41+02:00,2025-08-28 00:22:42+02:00,2,-17.7371848,177.459908,-17.7371848,177.459908,338.0,1850.0,3.0,0.1352,0.246704,25.447774295972483,25.08956629597248,0.005997568758059276,75.48,74.99000000000001,77.02,76.785,73.6,72.8,0,2,0,radio_limited_degradation,normal,statistical_only_retained,1.0,0.01059093046244363,0.0,64.92,62.36,63.77,High,High,0,0,0,0,0,0,0,0,0,0,2,0,True,Medium
LTE-TP-EP-001185,542020041221088+20250828113631+Fiji-Nadi-LTE-DL-D!20250828110448,Fiji-Nadi-LTE-DL-D,2025-08-28 01:04:14+02:00,2025-08-28 01:04:16+02:00,3,-17.63739885,177.47630453,-17.63738075,177.47648789,231.0,41384.0,41.0,1.49088,1.6686879,,,,76.69,69.71666666666665,94.78,88.15333333333332,55.34,47.18,0,3,0,radio_limited_degradation,normal,statistical_only_retained,2.0,30.09885233713361,0.0,79.1,45.0,63.75,High,Medium,0,0,0,0,0,0,0,3,0,0,3,0,True,Medium
LTE-TP-EP-000506,542020041221088+20250827132124+Fiji-Nadi-LTE-DL-D!20250827121942,Fiji-Nadi-LTE-DL-D,2025-08-27 02:19:27+02:00,2025-08-27 02:19:27+02:00,1,-17.80443042,177.42408604,-17.80443042,177.42408604,148.0,40790.0,41.0,27.59324,27.59324,89.466875,61.873635,0.30841850684960215,67.32,67.32,47.95,47.95,90.99,90.99,1,0,0,radio_p75_underperformance,ml_hgb_strict_causal_temporal_underperformance,statistical_and_ml_consensus,0.0,0.1327951683889162,100.0,40.3,92.34,63.72,Medium,Very High,1,0,0,0,0,1,1,0,0,0,1,3,True,Medium
LTE-TP-EP-001928,542020041221088+20250828144319+Fiji-Nadi-LTE-DL-D!20250828144243,Fiji-Nadi-LTE-DL-D,2025-08-28 04:42:21+02:00,2025-08-28 04:42:21+02:00,1,-17.6336111,177.4293246,-17.6336111,177.4293246,356.0,41186.0,41.0,7.643648,7.643648,70.787155,63.143507,0.10798072051348864,77.06,77.06,75.72,75.72,78.69,78.69,0,1,0,ca_underperformance,ml_quantile_p75_resource_underperformance,statistical_only_retained,0.0,8.526049380477458,0.0,61.13,66.89,63.72,High,High,1,1,1,1,1,0,0,1,0,0,1,5,True,Medium
LTE-TP-EP-000200,542020041221088+20250827110647+Fiji-Nadi-LTE-DL-D!20250827105407,Fiji-Nadi-LTE-DL-D,2025-08-27 00:52:21+02:00,2025-08-27 00:52:22+02:00,2,-17.76199111,177.46498294,-17.7619968,177.4648866,210.0,41186.0,41.0,0.45072,1.150388,,,,76.73,74.27000000000001,89.42,86.97,61.21,58.745000000000005,0,2,0,radio_limited_degradation,normal,statistical_only_retained,1.0,11.363644889979017,0.0,73.78,51.41,63.71,High,Medium,0,0,0,0,0,0,0,2,0,0,2,0,True,Medium
LTE-TP-EP-000750,542020041221088+20250827140850+Fiji-Nadi-LTE-DL-D!20250827140234,Fiji-Nadi-LTE-DL-D,2025-08-27 04:00:42+02:00,2025-08-27 04:00:42+02:00,1,-17.7665226,177.44771125,-17.7665226,177.44771125,124.0,41186.0,41.0,0.535144,0.535144,38.17054001569912,37.635396015699115,0.014019817371719163,77.42,77.42,81.86,81.86,72.0,72.0,0,1,0,sudden_drop,normal,statistical_only_retained,0.0,0.005294597248788544,0.0,65.73,61.2,63.69,High,High,0,0,0,0,0,0,0,0,0,0,1,0,True,Medium
LTE-TP-EP-000945,542020041221088+20250827155633+Fiji-Nadi-LTE-DL-D!20250827154210,Fiji-Nadi-LTE-DL-D,2025-08-27 05:41:19+02:00,2025-08-27 05:41:19+02:00,1,-17.7392365,177.4588896,-17.7392365,177.4588896,487.0,41384.0,41.0,1.128096,1.128096,,,,78.34,78.34,96.05,96.05,56.7,56.7,0,1,0,radio_limited_degradation,normal,statistical_only_retained,0.0,7.702970867715494,0.0,76.37,48.2,63.69,High,Medium,0,0,0,0,0,0,0,0,0,0,0,0,True,Medium
LTE-TP-EP-001149,542020041221088+20250828113351+Fiji-Nadi-LTE-DL-D!20250828110026,Fiji-Nadi-LTE-DL-D,2025-08-28 00:58:26+02:00,2025-08-28 00:58:27+02:00,2,-17.64132073,177.45074763,-17.6412506,177.4508085,378.0,500.0,1.0,12.546984,19.5836955,168.440535,141.820128,0.12904293853576282,76.87,71.41499999999999,81.43,73.605,71.3,68.74000000000001,0,2,0,rb_conditioned_underperformance,normal,statistical_only_retained,1.0,15.546889914732443,0.0,66.71,59.96,63.68,High,Medium,1,1,0,0,0,0,0,2,0,0,2,2,True,Medium
LTE-TP-EP-001637,542020041221088+20250828133556+Fiji-Nadi-LTE-DL-D!20250828132602,Fiji-Nadi-LTE-DL-D,2025-08-28 03:25:32+02:00,2025-08-28 03:25:32+02:00,1,-17.6192498,177.4653968,-17.6192498,177.4653968,234.0,500.0,1.0,0.244816,0.244816,36.21146840658197,35.96665240658197,0.006760731082518075,77.41,77.41,81.83,81.83,72.0,72.0,0,1,0,sudden_drop,normal,statistical_only_retained,0.0,1.058871857008695,0.0,65.71,61.2,63.68,High,High,0,0,0,0,0,0,0,0,0,0,1,0,True,Medium
LTE-TP-EP-000411,542020041221088+20250827123638+Fiji-Nadi-LTE-DL-D!20250827114845,Fiji-Nadi-LTE-DL-D,2025-08-27 01:48:45+02:00,2025-08-27 01:48:45+02:00,1,-17.77506832,177.37518586,-17.77506832,177.37518586,158.0,40988.0,41.0,0.086544,0.086544,,,,77.96,77.96,90.7,90.7,62.38,62.38,0,1,0,radio_limited_degradation,normal,statistical_only_retained,0.0,0.3546704731270371,0.0,72.36,53.02,63.66,High,Medium,0,0,0,0,0,0,0,0,0,0,0,0,True,Medium
LTE-TP-EP-000769,542020041221088+20250827141150+Fiji-Nadi-LTE-DL-D!20250827140658,Fiji-Nadi-LTE-DL-D,2025-08-27 04:04:58+02:00,2025-08-27 04:04:58+02:00,1,-17.76531034,177.44444824,-17.76531034,177.44444824,125.0,41186.0,41.0,3.035208,3.035208,28.109289366299993,25.074081366299993,0.10797882367097074,76.62,76.62,69.96,69.96,84.76,84.76,0,1,0,sudden_drop,normal,statistical_only_retained,0.0,0.10294614179956273,0.0,56.81,72.05,63.66,High,High,0,0,0,0,0,0,0,0,0,0,1,0,True,Medium
LTE-TP-EP-001619,542020041221088+20250828132735+Fiji-Nadi-LTE-DL-D!20250828132130,Fiji-Nadi-LTE-DL-D,2025-08-28 03:20:57+02:00,2025-08-28 03:20:57+02:00,1,-17.621694,177.4628363,-17.621694,177.4628363,234.0,500.0,1.0,0.030695999,0.030695999,34.43851524812834,34.40781924912834,0.0008913275958279956,77.33,77.33,81.69,81.69,72.0,72.0,0,1,0,sudden_drop,normal,statistical_only_retained,0.0,21.576373668445196,0.0,65.6,61.2,63.62,High,High,0,0,0,0,0,0,0,1,0,0,1,0,True,Medium
LTE-TP-EP-001526,542020041221088+20250828125844+Fiji-Nadi-LTE-DL-D!20250828125759,Fiji-Nadi-LTE-DL-D,2025-08-28 02:56:51+02:00,2025-08-28 02:56:52+02:00,2,-17.6308081,177.4559996,-17.6307382,177.4559996,167.0,40988.0,41.0,5.7356,6.6623920000000005,,,,75.54,72.53,70.93,67.685,81.18,78.45,0,2,0,radio_limited_degradation,normal,statistical_only_retained,1.0,21.273185679144703,0.0,59.75,68.32,63.61,High,High,0,0,0,0,0,0,0,0,0,0,2,0,True,Medium
LTE-TP-EP-000754,542020041221088+20250827140850+Fiji-Nadi-LTE-DL-D!20250827140234,Fiji-Nadi-LTE-DL-D,2025-08-27 04:01:35+02:00,2025-08-27 04:01:35+02:00,1,-17.7665226,177.44771125,-17.7665226,177.44771125,124.0,41186.0,41.0,1.069656,1.069656,40.96083224190448,39.891176241904475,0.026114117840254757,77.32,77.32,81.67,81.67,72.0,72.0,0,1,0,sudden_drop,normal,statistical_only_retained,0.0,0.005294597248788544,0.0,65.59,61.2,63.61,High,High,0,0,0,0,0,0,0,0,0,0,1,0,True,Medium
LTE-TP-EP-001080,542020041221088+20250828104127+Fiji-Nadi-LTE-DL-D!20250828104043,Fiji-Nadi-LTE-DL-D,2025-08-28 00:38:51+02:00,2025-08-28 00:38:52+02:00,2,-17.66065154,177.40515683,-17.6604432,177.4051557,320.0,9310.0,28.0,1.760112,4.387524,59.51545075,52.50051475,0.11786747662328677,77.04,71.48500000000001,84.84,77.725,67.5,63.85,0,2,0,ca_underperformance,normal,statistical_only_retained,1.0,33.87359842013876,0.0,69.41,56.46,63.59,High,Medium,1,1,2,1,0,0,0,2,2,2,2,5,True,Medium
LTE-TP-EP-000360,542020041221088+20250827123337+Fiji-Nadi-LTE-DL-D!20250827114216,Fiji-Nadi-LTE-DL-D,2025-08-27 01:41:03+02:00,2025-08-27 01:41:04+02:00,2,-17.7967159,177.4075249,-17.7967194,177.4075212,140.0,356.0,1.0,0.105472,2.63132,,,,79.44,68.715,99.63,90.78999999999999,54.76,41.73,0,2,0,radio_limited_degradation,normal,statistical_only_retained,1.0,4.668298576358338,0.0,80.16,43.29,63.57,Critical,Medium,0,0,0,0,0,0,0,2,0,0,2,0,True,Medium
LTE-TP-EP-000603,542020041221088+20250827134347+Fiji-Nadi-LTE-DL-D!20250827131002,Fiji-Nadi-LTE-DL-D,2025-08-27 03:08:46+02:00,2025-08-27 03:08:46+02:00,1,-17.77657663,177.43005868,-17.77657663,177.43005868,129.0,41186.0,41.0,0.027744,0.027744,30.379352273465436,30.351608273465438,0.0009132518610093192,77.16,77.16,80.07,80.07,73.6,73.6,0,1,0,radio_limited_degradation,normal,statistical_only_retained,0.0,6.0943497165826575,0.0,64.39,62.56,63.57,High,High,0,0,0,0,0,0,0,0,0,0,0,0,True,Medium
LTE-TP-EP-000058,542020041221088+20250827100005+Fiji-Nadi-LTE-DL-D!20250827095853,Fiji-Nadi-LTE-DL-D,2025-08-26 23:57:26+02:00,2025-08-26 23:57:26+02:00,1,-17.81101512,177.40048821,-17.81101512,177.40048821,151.0,41186.0,41.0,0.159792,0.159792,34.87265710051973,34.71286510051973,0.004582157291295664,77.23,77.23,81.51,81.51,72.0,72.0,0,1,0,sudden_drop,normal,statistical_only_retained,0.0,13.587904964875083,0.0,65.47,61.2,63.55,High,High,0,0,0,0,0,0,0,0,0,0,1,0,True,Medium
LTE-TP-EP-000743,542020041221088+20250827140810+Fiji-Nadi-LTE-DL-D!20250827140022,Fiji-Nadi-LTE-DL-D,2025-08-27 03:59:23+02:00,2025-08-27 03:59:23+02:00,1,-17.7665226,177.44771125,-17.7665226,177.44771125,124.0,41186.0,41.0,0.072208,0.072208,30.632690915886958,30.560482915886958,0.002357220271580873,77.14,77.14,80.04,80.04,73.6,73.6,0,1,0,radio_limited_degradation,normal,statistical_only_retained,0.0,0.0,0.0,64.37,62.56,63.55,High,High,0,0,0,0,0,0,0,0,0,0,1,0,True,Medium
LTE-TP-EP-001173,542020041221088+20250828113551+Fiji-Nadi-LTE-DL-D!20250828110238,Fiji-Nadi-LTE-DL-D,2025-08-28 01:02:29+02:00,2025-08-28 01:02:30+02:00,2,-17.6383847,177.467028,-17.6383512,177.4671315,165.0,40790.0,41.0,0.841528,5.064208,49.4498,48.60827200000001,0.017017824136801363,78.29,67.19,82.26,70.38,73.44,63.295,0,2,0,ca_underperformance,normal,statistical_only_retained,1.0,23.19079175879307,0.0,66.52,59.89,63.54,High,Medium,1,1,1,1,0,0,0,2,0,0,2,4,True,Medium
LTE-TP-EP-001419,542020041221088+20250828123823+Fiji-Nadi-LTE-DL-D!20250828123754,Fiji-Nadi-LTE-DL-D,2025-08-28 02:37:08+02:00,2025-08-28 02:37:09+02:00,2,-17.6290696,177.4424638,-17.6291488,177.4424684,313.0,41384.0,41.0,0.019632,0.046512,24.868231056996443,24.843165,0.0007896134936065318,75.23,74.855,77.88,77.79499999999999,72.0,71.27000000000001,0,2,0,rolling_local_drop,normal,statistical_only_retained,1.0,18.0510843663234,0.0,65.6,61.02,63.54,High,High,0,0,0,0,0,0,0,0,0,0,2,0,True,Medium
LTE-TP-EP-001940,542020041221088+20250828153702+Fiji-Nadi-LTE-DL-D!20250828152243,Fiji-Nadi-LTE-DL-D,2025-08-28 05:20:49+02:00,2025-08-28 05:20:49+02:00,1,-17.6783874,177.3979169,-17.6783874,177.3979169,454.0,9310.0,28.0,3.159,3.159,59.51545075,56.35645075,0.053078653697334215,77.2,77.2,81.13,81.13,72.39,72.39,0,1,0,ca_underperformance,normal,statistical_only_retained,0.0,10.493674396577152,0.0,65.18,61.53,63.54,High,High,1,1,1,1,0,0,0,1,1,1,1,4,True,Medium
LTE-TP-EP-000002,542020041221088+20250827094025+Fiji-Nadi-LTE-DL-D!20250827093942,Fiji-Nadi-LTE-DL-D,2025-08-26 23:39:20+02:00,2025-08-26 23:39:21+02:00,2,-17.8159712,177.3955936,-17.8159712,177.3955936,145.0,40988.0,41.0,1.880664,4.747592,32.41143,25.533956163937656,0.06860076808483032,76.65,67.815,66.39,57.785,89.18,80.07,0,2,0,ca_underperformance,ml_quantile_p75_resource_underperformance,statistical_only_retained,1.0,0.0,0.0,55.28,73.53,63.49,High,High,1,1,1,1,1,0,0,0,2,2,2,5,True,Medium
LTE-TP-EP-000151,542020041221088+20250827104347+Fiji-Nadi-LTE-DL-D!20250827104305,Fiji-Nadi-LTE-DL-D,2025-08-27 00:42:55+02:00,2025-08-27 00:42:56+02:00,2,-17.7958728,177.4363416,-17.79587352,177.4363396,469.0,1850.0,3.0,0.006872,0.38358,,,,77.51,71.86500000000001,90.98,89.66,61.05,50.114999999999995,0,2,0,radio_limited_degradation,normal,statistical_only_retained,1.0,29.891331925687716,0.0,75.18,49.16,63.47,High,Medium,0,0,0,0,0,0,0,2,0,0,2,0,True,Medium
LTE-TP-EP-000902,542020041221088+20250827152632+Fiji-Nadi-LTE-DL-D!20250827152422,Fiji-Nadi-LTE-DL-D,2025-08-27 05:23:49+02:00,2025-08-27 05:23:51+02:00,3,-17.7415625,177.4423207,-17.74158808,177.44230064,487.0,40790.0,41.0,5.859376,8.109984,49.4498,43.590424000000006,0.11849139935854139,76.83,62.876666666666665,67.56,59.51666666666667,88.16,66.98333333333333,0,3,0,ca_underperformance,normal,statistical_only_retained,2.0,7.195936310842814,0.0,58.4,69.64,63.46,High,High,3,3,2,2,1,0,0,3,0,0,3,11,True,Medium
LTE-TP-EP-000755,542020041221088+20250827140850+Fiji-Nadi-LTE-DL-D!20250827140234,Fiji-Nadi-LTE-DL-D,2025-08-27 04:01:45+02:00,2025-08-27 04:01:46+02:00,2,-17.7665226,177.4477113,-17.7665226,177.4477113,124.0,41186.0,41.0,0.003824,0.008072,23.750530480627063,23.738210480627064,0.000161276037602959,75.01,75.005,77.47,77.465,72.0,72.0,0,2,0,rolling_local_drop,normal,statistical_only_retained,1.0,0.0,0.0,65.31,61.2,63.46,High,High,0,0,0,0,0,0,0,0,0,0,2,0,True,Medium
LTE-TP-EP-001512,542020041221088+20250828125624+Fiji-Nadi-LTE-DL-D!20250828125546,Fiji-Nadi-LTE-DL-D,2025-08-28 02:54:00+02:00,2025-08-28 02:54:02+02:00,3,-17.63402194,177.45718221,-17.6342527,177.4569191,167.0,41384.0,41.0,4.968576,5.997048,47.0651145,41.0680665,0.12742023606465464,68.97,61.41,82.61,64.06333333333333,73.09,58.17333333333334,0,3,0,ca_underperformance,normal,statistical_only_retained,2.0,49.83605673833169,0.0,67.59,58.4,63.45,High,Medium,2,2,1,2,1,0,0,3,0,3,3,8,True,Medium
LTE-TP-EP-000684,542020041221088+20250827135549+Fiji-Nadi-LTE-DL-D!20250827133724,Fiji-Nadi-LTE-DL-D,2025-08-27 03:35:58+02:00,2025-08-27 03:35:59+02:00,2,-17.7868981,177.4250736,-17.7868262,177.4249847,361.0,41186.0,41.0,16.558111,22.6129195,105.7221075,77.05437950000001,0.27116114763414073,72.23,63.085,57.71,51.355000000000004,89.97,77.41499999999999,1,1,0,rb_conditioned_underperformance,ml_hgb_strict_causal_temporal_underperformance,statistical_and_ml_consensus,1.0,37.462467707543205,50.0,49.22,80.84,63.45,Medium,Very High,2,2,0,0,0,1,1,2,0,0,2,6,True,Medium
LTE-TP-EP-000954,542020041221088+20250827160154+Fiji-Nadi-LTE-DL-D!20250827155510,Fiji-Nadi-LTE-DL-D,2025-08-27 05:53:17+02:00,2025-08-27 05:53:20+02:00,4,-17.7887748,177.4417081,-17.7887748,177.4417081,340.0,41384.0,41.0,0.0198,0.034428,,,,73.35,73.3,90.93,90.88,51.87,51.817499999999995,0,4,0,radio_limited_degradation,normal,statistical_only_retained,3.0,0.01093110034087795,0.0,79.26,44.08,63.42,High,Medium,0,0,0,0,0,0,0,0,0,0,0,0,True,Medium
LTE-TP-EP-001195,542020041221088+20250828113831+Fiji-Nadi-LTE-DL-D!20250828110657,Fiji-Nadi-LTE-DL-D,2025-08-28 01:06:31+02:00,2025-08-28 01:06:32+02:00,2,-17.62838579,177.48065358,-17.62829478,177.48064644,165.0,40790.0,41.0,2.490512,3.103564,49.4498,46.959288,0.05036445041233736,75.16,74.175,77.43,75.635,72.39,72.39,0,2,0,ca_underperformance,normal,statistical_only_retained,1.0,10.231671128840453,0.0,64.92,61.53,63.39,High,High,2,2,2,2,0,0,0,2,0,2,2,8,True,Medium
LTE-TP-EP-000406,542020041221088+20250827123638+Fiji-Nadi-LTE-DL-D!20250827114845,Fiji-Nadi-LTE-DL-D,2025-08-27 01:47:49+02:00,2025-08-27 01:47:52+02:00,4,-17.77773211,177.37746026,-17.77759225,177.37724552,158.0,40988.0,41.0,0.022184,0.057552,,,,73.51,72.4375,90.92,90.805,52.5,49.9925,0,4,0,radio_limited_degradation,normal,statistical_only_retained,3.0,36.924926364588615,0.0,79.23,44.0,63.38,High,Medium,0,0,0,0,0,0,0,2,0,4,4,0,True,Medium
LTE-TP-EP-001551,542020041221088+20250828130244+Fiji-Nadi-LTE-DL-D!20250828130228,Fiji-Nadi-LTE-DL-D,2025-08-28 03:02:04+02:00,2025-08-28 03:02:04+02:00,1,-17.63034663,177.45315181,-17.63034663,177.45315181,167.0,40790.0,41.0,5.120232,5.120232,,,,77.07,77.07,82.08,82.08,70.95,70.95,0,1,0,radio_limited_degradation,normal,statistical_only_retained,0.0,0.44589920689484297,0.0,65.9,60.31,63.38,High,High,0,0,0,0,0,0,0,1,0,0,1,0,True,Medium
LTE-TP-EP-000280,542020041221088+20250827115331+Fiji-Nadi-LTE-DL-D!20250827112239,Fiji-Nadi-LTE-DL-D,2025-08-27 01:22:05+02:00,2025-08-27 01:22:06+02:00,2,-17.7652517,177.4454503,-17.76525169,177.44545028,124.0,41384.0,41.0,0.089751996,16.890264497999997,74.70111996548593,41.01034296548593,0.0024359539775678815,77.78,66.95,82.5,62.9,72.0,71.89,0,2,0,sudden_drop,ml_hgb_strict_causal_temporal_underperformance,statistical_only_retained,1.0,0.0023920173609254325,0.0,65.16,61.17,63.37,High,High,0,0,0,0,0,0,1,0,0,0,2,1,True,Medium
LTE-TP-EP-001321,542020041221088+20250828121902+Fiji-Nadi-LTE-DL-D!20250828120130,Fiji-Nadi-LTE-DL-D,2025-08-28 02:00:55+02:00,2025-08-28 02:00:56+02:00,2,-17.6046294,177.453005,-17.6046294,177.4530048,183.0,41384.0,41.0,0.029048,0.248948,26.893396676091303,26.470891875829864,0.0010961534303892584,75.31,74.095,78.51,77.9,71.39,69.435,0,2,0,radio_limited_degradation,normal,statistical_only_retained,1.0,0.045134407601533505,0.0,65.97,60.19,63.37,High,High,0,0,0,0,0,0,0,0,0,0,0,0,True,Medium
LTE-TP-EP-000908,542020041221088+20250827152912+Fiji-Nadi-LTE-DL-D!20250827152850,Fiji-Nadi-LTE-DL-D,2025-08-27 05:27:26+02:00,2025-08-27 05:27:26+02:00,1,-17.74534084,177.44267574,-17.74534084,177.44267574,50.0,41186.0,41.0,5.521696,5.521696,70.787155,65.26545899999999,0.07800420853190103,77.0,77.0,81.18,81.18,71.9,71.9,0,1,0,ca_underperformance,normal,statistical_only_retained,0.0,3.310161131344285,0.0,65.22,61.12,63.37,High,High,1,1,1,1,0,0,0,1,0,0,1,4,True,Medium
LTE-TP-EP-000903,542020041221088+20250827152632+Fiji-Nadi-LTE-DL-D!20250827152422,Fiji-Nadi-LTE-DL-D,2025-08-27 05:23:55+02:00,2025-08-27 05:23:56+02:00,2,-17.7417111,177.4421878,-17.74171107,177.44218803,487.0,40790.0,41.0,18.74464,19.201880000000003,89.466875,70.722235,0.20951486234430342,70.46,65.115,59.71,58.61,86.28,73.06,1,1,0,rb_conditioned_underperformance,ml_hgb_strict_causal_temporal_underperformance,statistical_and_ml_consensus,1.0,7.280942617688958,50.0,51.77,77.53,63.36,Medium,High,2,2,0,0,0,1,1,2,0,0,2,6,True,Medium
LTE-TP-EP-001437,542020041221088+20250828124043+Fiji-Nadi-LTE-DL-D!20250828124009,Fiji-Nadi-LTE-DL-D,2025-08-28 02:39:30+02:00,2025-08-28 02:39:30+02:00,1,-17.6245127,177.4436201,-17.6245127,177.4436201,385.0,1850.0,3.0,3.730008,3.730008,,,,76.75,76.75,77.94,77.94,75.29,75.29,0,1,0,radio_limited_degradation,normal,statistical_only_retained,0.0,11.614019227034635,0.0,62.79,64.0,63.33,High,High,0,0,0,0,0,0,0,1,0,0,1,0,True,Medium
LTE-TP-EP-001634,542020041221088+20250828133556+Fiji-Nadi-LTE-DL-D!20250828132602,Fiji-Nadi-LTE-DL-D,2025-08-28 03:24:36+02:00,2025-08-28 03:24:37+02:00,2,-17.6214116,177.4673259,-17.6213055,177.4673125,253.0,500.0,1.0,2.4278,21.222668,88.15522673907508,48.39471337897414,0.047770167954826276,77.89,66.68,82.7,64.385,72.0,69.47999999999999,0,2,0,radio_limited_degradation,ml_hgb_strict_causal_temporal_underperformance,statistical_only_retained,1.0,35.78056522867222,0.0,65.57,60.57,63.32,High,High,0,0,0,0,0,0,1,0,0,0,2,1,True,Medium
LTE-TP-EP-001740,542020041221088+20250828140057+Fiji-Nadi-LTE-DL-D!20250828135741,Fiji-Nadi-LTE-DL-D,2025-08-28 03:55:45+02:00,2025-08-28 03:55:46+02:00,2,-17.6083807,177.4562637,-17.6083469,177.4563443,182.0,41186.0,41.0,0.408216,0.467416,,,,76.28,76.00999999999999,98.57,98.365,49.04,48.685,0,2,0,radio_limited_degradation,normal,statistical_only_retained,1.0,30.26429238901299,0.0,81.09,41.6,63.32,Critical,Medium,0,0,0,0,0,0,0,2,0,0,2,0,True,Medium
LTE-TP-EP-000324,542020041221088+20250827122555+Fiji-Nadi-LTE-DL-D!20250827113546,Fiji-Nadi-LTE-DL-D,2025-08-27 01:34:02+02:00,2025-08-27 01:34:02+02:00,1,-17.76572543,177.43024794,-17.76572543,177.43024794,393.0,40790.0,41.0,0.011352,0.011352,32.5171174420612,32.5057654420612,0.00034910843558710034,76.93,76.93,80.97,80.97,72.0,72.0,0,1,0,sudden_drop,normal,statistical_only_retained,0.0,10.093132280205097,0.0,65.06,61.2,63.32,High,High,0,0,0,0,0,0,0,1,0,0,1,0,True,Medium
LTE-TP-EP-000376,542020041221088+20250827123437+Fiji-Nadi-LTE-DL-D!20250827114425,Fiji-Nadi-LTE-DL-D,2025-08-27 01:42:54+02:00,2025-08-27 01:42:54+02:00,1,-17.79633376,177.3991435,-17.79633376,177.3991435,140.0,9310.0,28.0,0.473656,0.473656,,,,78.05,78.05,98.34,98.34,53.25,53.25,0,1,0,radio_limited_degradation,normal,statistical_only_retained,0.0,0.17254465203195168,0.0,78.09,45.26,63.32,High,Medium,0,0,0,0,0,0,0,1,0,0,1,0,True,Medium
LTE-TP-EP-001522,542020041221088+20250828125844+Fiji-Nadi-LTE-DL-D!20250828125759,Fiji-Nadi-LTE-DL-D,2025-08-28 02:56:13+02:00,2025-08-28 02:56:13+02:00,1,-17.6315328,177.4559191,-17.6315328,177.4559191,167.0,40988.0,41.0,3.7954879,3.7954879,,,,76.72,76.72,77.72,77.72,75.49,75.49,0,1,0,radio_limited_degradation,normal,statistical_only_retained,0.0,9.504575875075394,0.0,62.63,64.17,63.32,High,High,0,0,0,0,0,0,0,1,0,0,1,0,True,Medium
LTE-TP-EP-001639,542020041221088+20250828133556+Fiji-Nadi-LTE-DL-D!20250828132602,Fiji-Nadi-LTE-DL-D,2025-08-28 03:25:55+02:00,2025-08-28 03:25:55+02:00,1,-17.61936265,177.46580183,-17.61936265,177.46580183,234.0,500.0,1.0,0.00728,0.00728,28.760999620889745,28.753719620889743,0.000253120548519196,76.83,76.83,79.48,79.48,73.6,73.6,0,1,0,radio_limited_degradation,normal,statistical_only_retained,0.0,6.389029845299661,0.0,63.95,62.56,63.32,High,High,0,0,0,0,0,0,0,0,0,0,1,0,True,Medium
LTE-TP-EP-001408,542020041221088+20250828123602+Fiji-Nadi-LTE-DL-D!20250828123538,Fiji-Nadi-LTE-DL-D,2025-08-28 02:35:26+02:00,2025-08-28 02:35:26+02:00,1,-17.6313513,177.4404794,-17.6313513,177.4404794,315.0,41384.0,41.0,0.114848,0.114848,32.90278,32.787932,0.003490525724574033,76.86,76.86,80.84,80.84,72.0,72.0,0,1,0,sudden_drop,normal,statistical_only_retained,0.0,10.353458929211998,0.0,64.97,61.2,63.27,High,High,0,0,0,0,0,0,0,0,0,0,1,0,True,Medium
LTE-TP-EP-001600,542020041221088+20250828132455+Fiji-Nadi-LTE-DL-D!20250828131658,Fiji-Nadi-LTE-DL-D,2025-08-28 03:16:26+02:00,2025-08-28 03:16:26+02:00,1,-17.62735637,177.46403477,-17.62735637,177.46403477,254.0,41384.0,41.0,0.742712,0.742712,37.01486197421983,36.272149974219836,0.020065237593410053,76.86,76.86,80.83,80.83,72.0,72.0,0,1,0,sudden_drop,normal,statistical_only_retained,0.0,0.07829693491385502,0.0,64.96,61.2,63.27,High,High,0,0,0,0,0,0,0,0,0,0,1,0,True,Medium
LTE-TP-EP-000669,542020041221088+20250827135348+Fiji-Nadi-LTE-DL-D!20250827133514,Fiji-Nadi-LTE-DL-D,2025-08-27 03:33:16+02:00,2025-08-27 03:33:16+02:00,1,-17.7929516,177.4226433,-17.7929516,177.4226433,147.0,40988.0,41.0,0.001216,0.001216,,,,78.09,78.09,100.0,100.0,51.31,51.31,0,1,0,radio_limited_degradation,normal,statistical_only_retained,0.0,0.0,0.0,79.34,43.61,63.26,High,Medium,0,0,0,0,0,0,0,0,0,0,1,0,True,Medium
LTE-TP-EP-000683,542020041221088+20250827135549+Fiji-Nadi-LTE-DL-D!20250827133724,Fiji-Nadi-LTE-DL-D,2025-08-27 03:35:48+02:00,2025-08-27 03:35:51+02:00,4,-17.78769113,177.42602123,-17.78748818,177.42578233,133.0,41186.0,41.0,0.010792,5.27864,105.7221075,72.1040505,0.0005251741012721056,74.46,65.63,76.48,66.1925,72.0,64.9425,0,4,0,ca_underperformance,normal,statistical_only_retained,3.0,45.24174781311392,0.0,66.37,59.44,63.25,High,Medium,2,1,0,1,0,0,0,2,0,0,4,4,True,Medium
LTE-TP-EP-001143,542020041221088+20250828105628+Fiji-Nadi-LTE-DL-D!20250828105605,Fiji-Nadi-LTE-DL-D,2025-08-28 00:55:12+02:00,2025-08-28 00:55:13+02:00,2,-17.65111654,177.44471264,-17.65107714,177.44475784,163.0,41384.0,41.0,3.308456,6.966743999999999,60.15991375,49.534881750000004,0.07853662733747721,70.39,69.245,76.55,68.865,76.55,69.71,0,2,0,ca_underperformance,ml_quantile_p75_resource_underperformance,statistical_only_retained,1.0,13.551981672374614,0.0,63.08,63.36,63.21,High,High,1,1,0,1,1,0,0,0,0,0,1,4,True,Medium
LTE-TP-EP-000670,542020041221088+20250827135348+Fiji-Nadi-LTE-DL-D!20250827133514,Fiji-Nadi-LTE-DL-D,2025-08-27 03:33:27+02:00,2025-08-27 03:33:27+02:00,1,-17.79294343,177.42265193,-17.79294343,177.42265193,147.0,40790.0,41.0,1.5040799,1.5040799,49.4498,47.9457201,0.030416298953686364,76.75,76.75,80.32,80.32,72.39,72.39,0,1,0,ca_underperformance,normal,statistical_only_retained,0.0,0.39834575816525597,0.0,64.58,61.53,63.21,High,High,1,1,1,1,0,0,0,1,0,0,1,4,True,Medium
LTE-TP-EP-001478,542020041221088+20250828124943+Fiji-Nadi-LTE-DL-D!20250828124907,Fiji-Nadi-LTE-DL-D,2025-08-28 02:49:05+02:00,2025-08-28 02:49:05+02:00,1,-17.6290491,177.451868,-17.6290491,177.451868,167.0,41384.0,41.0,0.017424,0.017424,,,,77.42,77.42,90.94,90.94,60.9,60.9,0,1,0,radio_limited_degradation,normal,statistical_only_retained,0.0,23.822255330283685,0.0,72.54,51.76,63.19,High,Medium,0,0,0,0,0,0,0,1,0,0,1,0,True,Medium
LTE-TP-EP-001490,542020041221088+20250828125203+Fiji-Nadi-LTE-DL-D!20250828125121,Fiji-Nadi-LTE-DL-D,2025-08-28 02:50:52+02:00,2025-08-28 02:50:52+02:00,1,-17.6344297,177.4534287,-17.6344297,177.4534287,167.0,40988.0,41.0,6.090096,6.090096,,,,76.62,76.62,78.68,78.68,74.11,74.11,0,1,0,rb_efficiency_underperformance,ml_quantile_p75_resource_underperformance,statistical_only_retained,0.0,0.25442700211880465,0.0,63.35,62.99,63.19,High,High,1,1,1,0,1,0,0,1,0,0,1,4,True,Medium
LTE-TP-EP-001599,542020041221088+20250828132455+Fiji-Nadi-LTE-DL-D!20250828131658,Fiji-Nadi-LTE-DL-D,2025-08-28 03:16:05+02:00,2025-08-28 03:16:08+02:00,4,-17.6270631,177.4636092,-17.6272627,177.4637092,254.0,41384.0,41.0,0.012088,0.022324,16.553153978838317,16.159449978838317,0.000781645853190485,72.53,70.0775,72.96,70.355,72.0,69.7325,0,4,0,rolling_local_drop,normal,statistical_only_retained,3.0,43.047230407863324,0.0,65.27,60.63,63.18,High,High,0,0,0,0,0,0,0,4,0,0,4,0,True,Medium
LTE-TP-EP-000757,542020041221088+20250827140850+Fiji-Nadi-LTE-DL-D!20250827140234,Fiji-Nadi-LTE-DL-D,2025-08-27 04:02:12+02:00,2025-08-27 04:02:12+02:00,1,-17.7665213,177.4479558,-17.7665213,177.4479558,124.0,41186.0,41.0,0.046576,0.046576,28.1038121187439,28.057236118743898,0.001657284065350552,76.62,76.62,79.1,79.1,73.6,73.6,0,1,0,radio_limited_degradation,normal,statistical_only_retained,0.0,3.211423271929663,0.0,63.66,62.56,63.17,High,High,0,0,0,0,0,0,0,0,0,0,1,0,True,Medium
LTE-TP-EP-000336,542020041221088+20250827122836+Fiji-Nadi-LTE-DL-D!20250827113757,Fiji-Nadi-LTE-DL-D,2025-08-27 01:36:00+02:00,2025-08-27 01:36:01+02:00,2,-17.7750415,177.4232399,-17.7751467,177.423302,338.0,40790.0,41.0,0.089744,9.357128,54.303583736777654,35.67907173677766,0.0027463492418112823,77.57,66.53999999999999,80.82,64.22999999999999,73.6,69.365,0,2,0,radio_limited_degradation,ml_hgb_strict_causal_temporal_underperformance,statistical_only_retained,1.0,39.78109119431627,0.0,64.5,61.5,63.15,High,High,0,0,0,0,0,0,1,1,0,0,2,1,True,Medium
LTE-TP-EP-001342,542020041221088+20250828122241+Fiji-Nadi-LTE-DL-D!20250828121359,Fiji-Nadi-LTE-DL-D,2025-08-28 02:13:39+02:00,2025-08-28 02:13:41+02:00,3,-17.603387,177.4529915,-17.6033865,177.4529934,184.0,40988.0,41.0,0.017544,0.043552,111.79482125,75.86022825,0.0009764407238451261,74.22,69.41666666666667,74.73,67.33,73.6,71.96999999999998,0,3,0,radio_limited_degradation,normal,statistical_only_retained,2.0,0.42354774505862597,0.0,63.91,62.15,63.12,High,High,1,0,0,0,0,0,0,0,0,0,3,1,True,Medium
LTE-TP-EP-000357,542020041221088+20250827123337+Fiji-Nadi-LTE-DL-D!20250827114216,Fiji-Nadi-LTE-DL-D,2025-08-27 01:40:32+02:00,2025-08-27 01:40:32+02:00,1,-17.7944413,177.4097487,-17.7944413,177.4097487,363.0,9310.0,28.0,18.31904,18.31904,67.2088808235071,48.8898408235071,0.2725687405524048,66.47,66.47,45.65,45.65,91.91,91.91,1,0,0,rb_conditioned_underperformance,ml_quantile_p75_resource_underperformance,statistical_and_ml_consensus,0.0,26.440617447559067,100.0,38.57,93.12,63.12,Medium,Very High,1,1,0,0,1,1,1,1,0,0,1,5,True,Medium
LTE-TP-EP-000187,542020041221088+20250827110227+Fiji-Nadi-LTE-DL-D!20250827105156,Fiji-Nadi-LTE-DL-D,2025-08-27 00:50:10+02:00,2025-08-27 00:50:10+02:00,1,-17.7626664,177.4589538,-17.7626664,177.4589538,212.0,41186.0,41.0,3.87448,3.87448,53.93427629145207,50.05979629145207,0.07183706292938723,76.67,76.67,80.8,80.8,71.63,71.63,0,1,0,sudden_drop,normal,statistical_only_retained,0.0,9.667193064776052,0.0,64.94,60.89,63.11,High,High,0,0,0,0,0,0,0,0,0,0,0,0,True,Medium
LTE-TP-EP-001783,542020041221088+20250828140457+Fiji-Nadi-LTE-DL-D!20250828140425,Fiji-Nadi-LTE-DL-D,2025-08-28 04:03:11+02:00,2025-08-28 04:03:12+02:00,2,-17.6054744,177.449295,-17.605475,177.44929534,139.0,40988.0,41.0,3.524904,19.143963499999998,111.79482125,77.03179825000001,0.1312587796920565,76.92,65.99000000000001,66.86,61.120000000000005,89.22,71.94,0,2,0,radio_p75_underperformance,normal,statistical_only_retained,1.0,0.7050992052426938,0.0,56.2,71.52,63.09,High,High,1,0,0,0,0,0,0,0,0,0,2,1,True,Medium
LTE-TP-EP-001065,542020041221088+20250828103607+Fiji-Nadi-LTE-DL-D!20250828103408,Fiji-Nadi-LTE-DL-D,2025-08-28 00:32:42+02:00,2025-08-28 00:32:42+02:00,1,-17.70032345,177.42981733,-17.70032345,177.42981733,316.0,40988.0,41.0,9.995856,9.995856,59.72923778091847,49.733381780918464,0.16735281365323815,75.95,75.95,70.09,70.09,83.11,83.11,0,1,0,sudden_drop,normal,statistical_only_retained,0.0,13.45263409752334,0.0,56.9,70.64,63.09,High,High,0,0,0,0,0,0,0,0,0,0,0,0,True,Medium
LTE-TP-EP-000944,542020041221088+20250827155633+Fiji-Nadi-LTE-DL-D!20250827154210,Fiji-Nadi-LTE-DL-D,2025-08-27 05:41:14+02:00,2025-08-27 05:41:14+02:00,1,-17.7391673,177.458617,-17.7391673,177.458617,487.0,41384.0,41.0,0.150904,0.150904,,,,77.84,77.84,99.47,99.47,51.41,51.41,0,1,0,radio_limited_degradation,normal,statistical_only_retained,0.0,7.422728434815332,0.0,78.94,43.7,63.08,High,Medium,0,0,0,0,0,0,0,0,0,0,0,0,True,Medium
LTE-TP-EP-000899,542020041221088+20250827152632+Fiji-Nadi-LTE-DL-D!20250827152422,Fiji-Nadi-LTE-DL-D,2025-08-27 05:22:52+02:00,2025-08-27 05:22:56+02:00,5,-17.74193808,177.44360222,-17.74187697,177.44363034,487.0,40790.0,41.0,0.00384,0.666624,,,,73.45,67.854,90.99,85.866,52.01,45.839999999999996,0,5,0,radio_limited_degradation,normal,statistical_only_retained,4.0,9.288338042612232,0.0,79.76,42.67,63.07,High,Medium,0,0,0,0,0,0,0,5,0,0,5,0,True,Medium
LTE-TP-EP-000171,542020041221088+20250827105427+Fiji-Nadi-LTE-DL-D!20250827104733,Fiji-Nadi-LTE-DL-D,2025-08-27 00:46:24+02:00,2025-08-27 00:46:25+02:00,2,-17.77891907,177.45406138,-17.7787246,177.4541677,126.0,40988.0,41.0,0.43732,0.834256,26.103069484705465,25.665749484705465,0.016753585253881282,74.78,73.71000000000001,77.05,75.10499999999999,72.0,72.0,0,2,0,rolling_local_drop,normal,statistical_only_retained,1.0,36.9683136559086,0.0,64.6,61.2,63.07,High,High,0,0,0,0,0,0,0,2,0,0,2,0,True,Medium
LTE-TP-EP-000133,542020041221088+20250827103926+Fiji-Nadi-LTE-DL-D!20250827103843,Fiji-Nadi-LTE-DL-D,2025-08-27 00:36:49+02:00,2025-08-27 00:36:49+02:00,1,-17.8132629,177.4349241,-17.8132629,177.4349241,395.0,500.0,1.0,0.0087439995,0.0087439995,,,,77.83,77.83,99.97,99.97,50.78,50.78,0,1,0,radio_limited_degradation,normal,statistical_only_retained,0.0,0.0,0.0,79.31,43.16,63.05,High,Medium,0,0,0,0,0,0,0,1,0,0,1,0,True,Medium
LTE-TP-EP-000943,542020041221088+20250827155633+Fiji-Nadi-LTE-DL-D!20250827154210,Fiji-Nadi-LTE-DL-D,2025-08-27 05:41:12+02:00,2025-08-27 05:41:12+02:00,1,-17.7391366,177.4585521,-17.7391366,177.4585521,487.0,41384.0,41.0,0.166048,0.166048,,,,77.79,77.79,99.42,99.42,51.35,51.35,0,1,0,radio_limited_degradation,normal,statistical_only_retained,0.0,4.970380678108459,0.0,78.9,43.65,63.04,High,Medium,0,0,0,0,0,0,0,0,0,0,0,0,True,Medium
LTE-TP-EP-000761,542020041221088+20250827141110+Fiji-Nadi-LTE-DL-D!20250827140445,Fiji-Nadi-LTE-DL-D,2025-08-27 04:02:55+02:00,2025-08-27 04:02:56+02:00,2,-17.76435134,177.44684471,-17.7642488,177.446728,124.0,41186.0,41.0,0.264024,1.03704,25.31076962191936,24.489624764431532,0.01066606392102386,74.77,73.455,77.03,74.64,72.0,72.0,0,2,0,rolling_local_drop,normal,statistical_only_retained,1.0,17.103280108367308,0.0,64.5,61.2,63.02,High,High,0,0,0,0,0,0,0,1,0,0,2,0,True,Medium
LTE-TP-EP-001012,542020041221088+20250827161234+Fiji-Nadi-LTE-DL-D!20250827161029,Fiji-Nadi-LTE-DL-D,2025-08-27 06:09:02+02:00,2025-08-27 06:09:05+02:00,4,-17.81484724,177.43867147,-17.8149768,177.4387693,330.0,9310.0,28.0,1.465728,2.453804,,,,73.46,68.28,94.87,90.3425,50.49,41.315,0,4,0,radio_limited_degradation,normal,statistical_only_retained,3.0,17.90633211544193,0.0,81.31,40.62,63.0,Critical,Medium,0,0,0,0,0,0,0,4,0,0,4,0,True,Medium
LTE-TP-EP-001006,542020041221088+20250827161234+Fiji-Nadi-LTE-DL-D!20250827161029,Fiji-Nadi-LTE-DL-D,2025-08-27 06:08:34+02:00,2025-08-27 06:08:36+02:00,3,-17.8139545,177.4379085,-17.81397366,177.43792649,332.0,1850.0,3.0,3.362592,4.583288,27.996896250000002,23.413608250000003,0.1637070037718913,76.58,65.60333333333334,88.23,75.41333333333334,62.35,53.61333333333334,0,3,0,ca_underperformance,normal,statistical_only_retained,2.0,5.831807688811335,0.0,72.95,50.81,62.99,High,Medium,1,1,2,1,0,0,0,3,0,0,3,5,True,Medium
LTE-TP-EP-000760,542020041221088+20250827141110+Fiji-Nadi-LTE-DL-D!20250827140445,Fiji-Nadi-LTE-DL-D,2025-08-27 04:02:47+02:00,2025-08-27 04:02:47+02:00,1,-17.76480386,177.44719402,-17.76480386,177.44719402,124.0,41186.0,41.0,0.27084,0.27084,32.32594867175429,32.05510867175429,0.008378408403421555,76.49,76.49,80.16,80.16,72.0,72.0,0,1,0,sudden_drop,normal,statistical_only_retained,0.0,0.34688710468834105,0.0,64.46,61.2,62.99,High,High,0,0,0,0,0,0,0,0,0,0,1,0,True,Medium
LTE-TP-EP-000731,542020041221088+20250827140609+Fiji-Nadi-LTE-DL-D!20250827135810,Fiji-Nadi-LTE-DL-D,2025-08-27 03:56:46+02:00,2025-08-27 03:56:47+02:00,2,-17.7667815,177.4457013,-17.7667768,177.4457812,123.0,41186.0,41.0,0.48964798,0.84339999,25.800580990510195,24.603428990510196,0.022127072194950137,74.08,73.9,75.13,74.805,73.6,72.8,0,2,0,radio_limited_degradation,normal,statistical_only_retained,1.0,16.625233799464628,0.0,63.49,62.36,62.98,High,High,0,0,0,0,0,0,0,0,0,0,2,0,True,Medium
LTE-TP-EP-000742,542020041221088+20250827140810+Fiji-Nadi-LTE-DL-D!20250827140022,Fiji-Nadi-LTE-DL-D,2025-08-27 03:59:13+02:00,2025-08-27 03:59:13+02:00,1,-17.7665226,177.44771125,-17.7665226,177.44771125,124.0,41186.0,41.0,1.258864,1.258864,38.46646974174423,37.207605741744224,0.032726268057655085,76.46,76.46,80.1,80.1,72.0,72.0,0,1,0,sudden_drop,normal,statistical_only_retained,0.0,0.0,0.0,64.41,61.2,62.97,High,High,0,0,0,0,0,0,0,0,0,0,1,0,True,Medium
LTE-TP-EP-001401,542020041221088+20250828123602+Fiji-Nadi-LTE-DL-D!20250828123538,Fiji-Nadi-LTE-DL-D,2025-08-28 02:34:16+02:00,2025-08-28 02:34:17+02:00,2,-17.6301748,177.4411948,-17.6301804,177.4412281,313.0,41384.0,41.0,0.181456,5.095224,38.871052972394075,33.4385620388212,0.005397260637709113,76.92,67.88,80.94,69.23,72.0,66.23,0,2,0,rolling_local_drop,normal,statistical_only_retained,1.0,7.340071884731227,0.0,65.57,59.76,62.95,High,Medium,0,0,0,0,0,0,0,0,0,0,2,0,True,Medium
LTE-TP-EP-000351,542020041221088+20250827123136+Fiji-Nadi-LTE-DL-D!20250827114007,Fiji-Nadi-LTE-DL-D,2025-08-27 01:39:17+02:00,2025-08-27 01:39:17+02:00,1,-17.78778973,177.41614007,-17.78778973,177.41614007,361.0,40790.0,41.0,12.607184,12.607184,119.0290425,106.4218585,0.10591687318664267,76.3,76.3,78.06,78.06,74.14,74.14,0,1,0,rb_conditioned_underperformance,normal,statistical_only_retained,0.0,0.02556593924268018,0.0,62.88,63.02,62.94,High,High,1,1,0,0,0,0,0,1,0,0,1,2,True,Medium
LTE-TP-EP-000459,542020041221088+20250827131523+Fiji-Nadi-LTE-DL-D!20250827120845,Fiji-Nadi-LTE-DL-D,2025-08-27 02:07:06+02:00,2025-08-27 02:07:07+02:00,2,-17.7819875,177.3860465,-17.782077,177.3861333,153.0,40790.0,41.0,0.004032,0.016476,20.457876,20.453844,0.00019708790883276448,74.29,74.265,76.17,76.125,72.0,72.0,0,2,0,rolling_local_drop,normal,statistical_only_retained,1.0,27.45846947692354,0.0,64.32,61.2,62.92,High,High,0,0,0,0,0,0,0,1,0,0,2,0,True,Medium
LTE-TP-EP-000033,542020041221088+20250827095105+Fiji-Nadi-LTE-DL-D!20250827094821,Fiji-Nadi-LTE-DL-D,2025-08-26 23:46:28+02:00,2025-08-26 23:46:28+02:00,1,-17.8116013,177.3998509,-17.8116013,177.3998509,151.0,41186.0,41.0,1.10688,1.10688,37.32092929988688,36.21404929988688,0.02965842546700345,76.39,76.39,79.99,79.99,72.0,72.0,0,1,0,sudden_drop,normal,statistical_only_retained,0.0,0.005408790696535652,0.0,64.33,61.2,62.92,High,High,0,0,0,0,0,0,0,0,0,0,1,0,True,Medium
LTE-TP-EP-000068,542020041221088+20250827100145+Fiji-Nadi-LTE-DL-D!20250827100105,Fiji-Nadi-LTE-DL-D,2025-08-26 23:59:22+02:00,2025-08-26 23:59:22+02:00,1,-17.80922389,177.41292875,-17.80922389,177.41292875,149.0,41186.0,41.0,1.541712,1.541712,39.89555803989617,38.353846039896176,0.03864370059589752,76.37,76.37,80.0,80.0,71.93,71.93,0,1,0,sudden_drop,normal,statistical_only_retained,0.0,12.351512955847761,0.0,64.34,61.14,62.9,High,High,0,0,0,0,0,0,0,0,0,0,1,0,True,Medium
LTE-TP-EP-000824,542020041221088+20250827150911+Fiji-Nadi-LTE-DL-D!20250827150839,Fiji-Nadi-LTE-DL-D,2025-08-27 05:06:49+02:00,2025-08-27 05:06:49+02:00,1,-17.75711661,177.45730559,-17.75711661,177.45730559,448.0,41384.0,41.0,0.018912,0.018912,,,,77.06,77.06,90.93,90.93,60.11,60.11,0,1,0,radio_limited_degradation,normal,statistical_only_retained,0.0,0.0015355350058088404,0.0,72.53,51.09,62.89,High,Medium,0,0,0,0,0,0,0,0,0,0,1,0,True,Medium
LTE-TP-EP-000130,542020041221088+20250827103246+Fiji-Nadi-LTE-DL-D!20250827103001,Fiji-Nadi-LTE-DL-D,2025-08-27 00:29:39+02:00,2025-08-27 00:29:40+02:00,2,-17.81494529,177.43682625,-17.81490111,177.4367199,395.0,500.0,1.0,1.832904,2.740392,,,,76.69,71.795,93.58,90.405,56.05,49.05,0,2,0,radio_limited_degradation,normal,statistical_only_retained,1.0,12.754012347158453,0.0,76.76,45.89,62.87,High,Medium,0,0,0,0,0,0,0,2,0,0,2,0,True,Medium
LTE-TP-EP-000821,542020041221088+20250827150911+Fiji-Nadi-LTE-DL-D!20250827150839,Fiji-Nadi-LTE-DL-D,2025-08-27 05:06:43+02:00,2025-08-27 05:06:43+02:00,1,-17.7571166,177.4573056,-17.7571166,177.4573056,448.0,41384.0,41.0,0.022776,0.022776,,,,77.05,77.05,90.92,90.92,60.09,60.09,0,1,0,radio_limited_degradation,normal,statistical_only_retained,0.0,0.0015355350058088404,0.0,72.53,51.08,62.87,High,Medium,0,0,0,0,0,0,0,0,0,0,1,0,True,Medium
LTE-TP-EP-001979,542020041221088+20250829102713+Nawaka-LTE-DL!20250829102643,Nawaka-LTE-DL,2025-08-29 00:24:54+02:00,2025-08-29 00:24:54+02:00,1,-17.8128906,177.4432636,-17.8128906,177.4432636,469.0,1850.0,3.0,0.256728,0.256728,,,,76.99,76.99,90.1,90.1,60.96,60.96,0,1,0,radio_limited_degradation,normal,statistical_only_retained,0.0,0.0,0.0,71.91,51.82,62.87,High,Medium,0,0,0,0,0,0,0,0,0,0,0,0,True,Medium
LTE-TP-EP-001988,542020041221088+20250829102934+Nawaka-LTE-DL!20250829102857,Nawaka-LTE-DL,2025-08-29 00:27:38+02:00,2025-08-29 00:27:38+02:00,1,-17.8128906,177.443264,-17.8128906,177.443264,469.0,1850.0,3.0,0.305544,0.305544,,,,76.98,76.98,89.93,89.93,61.15,61.15,0,1,0,radio_limited_degradation,normal,statistical_only_retained,0.0,0.0,0.0,71.78,51.98,62.87,High,Medium,0,0,0,0,0,0,0,0,0,0,0,0,True,Medium
LTE-TP-EP-000538,542020041221088+20250827133206+Fiji-Nadi-LTE-DL-D!20250827125008,Fiji-Nadi-LTE-DL-D,2025-08-27 02:49:04+02:00,2025-08-27 02:49:04+02:00,1,-17.8017712,177.415997,-17.8017712,177.415997,144.0,41384.0,41.0,0.622352,0.622352,,,,77.48,77.48,97.82,97.82,52.61,52.61,0,1,0,radio_limited_degradation,normal,statistical_only_retained,0.0,4.284550824266355,0.0,77.7,44.72,62.86,High,Medium,0,0,0,0,0,0,0,1,0,0,1,0,True,Medium
LTE-TP-EP-000838,542020041221088+20250827151332+Fiji-Nadi-LTE-DL-D!20250827151309,Fiji-Nadi-LTE-DL-D,2025-08-27 05:11:10+02:00,2025-08-27 05:11:10+02:00,1,-17.7532782,177.45099524,-17.7532782,177.45099524,114.0,9310.0,28.0,16.180616,16.180616,84.89681028784062,68.71619428784062,0.19059156575070377,75.67,75.67,70.41,70.41,82.09,82.09,0,1,0,radio_limited_degradation,normal,statistical_only_retained,0.0,4.046254842708997,0.0,57.14,69.78,62.83,High,High,0,0,0,0,0,0,0,0,0,0,1,0,True,Medium
LTE-TP-EP-001078,542020041221088+20250828103907+Fiji-Nadi-LTE-DL-D!20250828103834,Fiji-Nadi-LTE-DL-D,2025-08-28 00:38:34+02:00,2025-08-28 00:38:34+02:00,1,-17.66238265,177.40562299,-17.66238265,177.40562299,320.0,9310.0,28.0,3.792704,3.792704,59.51545075,55.72274675,0.06372637612931126,76.25,76.25,79.4,79.4,72.39,72.39,0,1,0,ca_underperformance,normal,statistical_only_retained,0.0,12.30213363755002,0.0,63.89,61.53,62.83,High,High,1,1,1,1,0,0,0,1,1,1,1,4,True,Medium
LTE-TP-EP-001542,542020041221088+20250828130244+Fiji-Nadi-LTE-DL-D!20250828130228,Fiji-Nadi-LTE-DL-D,2025-08-28 03:01:16+02:00,2025-08-28 03:01:17+02:00,2,-17.62792941,177.45274904,-17.62800616,177.45268116,167.0,41186.0,41.0,1.555064,4.93726,,,,77.57,68.66499999999999,94.56,82.72,56.8,51.489999999999995,0,2,0,radio_limited_degradation,normal,statistical_only_retained,1.0,11.286241863540415,0.0,75.76,46.95,62.8,High,Medium,0,0,0,0,0,0,0,0,0,0,0,0,True,Medium
LTE-TP-EP-001958,542020041221088+20250828154002+Fiji-Nadi-LTE-DL-D!20250828153143,Fiji-Nadi-LTE-DL-D,2025-08-28 05:30:40+02:00,2025-08-28 05:30:43+02:00,4,-17.6897531,177.4115995,-17.6899847,177.4118301,157.0,9310.0,28.0,1.226808,2.48996,,,,69.72,64.6025,86.71,81.94999999999999,61.4,43.394999999999996,0,4,0,radio_limited_degradation,normal,statistical_only_retained,3.0,47.133776695078005,0.0,75.15,47.69,62.79,High,Medium,0,0,1,0,0,0,0,4,4,4,4,1,True,Medium
LTE-TP-EP-000136,542020041221088+20250827103926+Fiji-Nadi-LTE-DL-D!20250827103843,Fiji-Nadi-LTE-DL-D,2025-08-27 00:37:03+02:00,2025-08-27 00:37:03+02:00,1,-17.81326291,177.43492408,-17.81326291,177.43492408,395.0,500.0,1.0,0.867416,0.867416,43.970293999999996,43.102878,0.019727318630164265,76.2,76.2,79.32,79.32,72.39,72.39,0,1,0,ca_underperformance,normal,statistical_only_retained,0.0,0.0,0.0,63.83,61.53,62.79,High,High,1,1,1,1,0,0,0,1,0,0,1,4,True,Medium
LTE-TP-EP-000823,542020041221088+20250827150911+Fiji-Nadi-LTE-DL-D!20250827150839,Fiji-Nadi-LTE-DL-D,2025-08-27 05:06:47+02:00,2025-08-27 05:06:47+02:00,1,-17.75711661,177.45730559,-17.75711661,177.45730559,448.0,41384.0,41.0,0.063264,0.063264,,,,76.93,76.93,90.78,90.78,60.01,60.01,0,1,0,radio_limited_degradation,normal,statistical_only_retained,0.0,0.0,0.0,72.42,51.01,62.79,High,Medium,0,0,0,0,0,0,0,0,0,0,1,0,True,Medium
LTE-TP-EP-000178,542020041221088+20250827105947+Fiji-Nadi-LTE-DL-D!20250827104944,Fiji-Nadi-LTE-DL-D,2025-08-27 00:47:42+02:00,2025-08-27 00:47:44+02:00,3,-17.76995012,177.45579701,-17.7696229,177.4556738,128.0,40988.0,41.0,0.00616,0.40156,31.406825837855653,26.78024183785565,0.0005440820454484158,73.46,69.98666666666666,74.66,68.54,72.0,71.76,0,3,0,rolling_local_drop,normal,statistical_only_retained,2.0,38.65382423182643,0.0,64.11,61.14,62.77,High,High,0,0,0,0,0,0,0,3,0,0,3,0,True,Medium
LTE-TP-EP-001106,542020041221088+20250828104747+Fiji-Nadi-LTE-DL-D!20250828104718,Fiji-Nadi-LTE-DL-D,2025-08-28 00:46:02+02:00,2025-08-28 00:46:03+02:00,2,-17.6418683,177.4317315,-17.6419732,177.4317854,16.0,40790.0,41.0,3.518032,3.52944,62.203377,58.685345000000005,0.056556929377001505,77.48,67.07,81.65,80.13,72.39,51.115,0,2,0,ca_underperformance,normal,statistical_only_retained,1.0,26.0186308896865,0.0,68.14,56.21,62.77,High,Medium,1,1,1,1,0,0,0,2,0,0,2,4,True,Medium
LTE-TP-EP-001657,542020041221088+20250828134016+Fiji-Nadi-LTE-DL-D!20250828133246,Fiji-Nadi-LTE-DL-D,2025-08-28 03:31:14+02:00,2025-08-28 03:31:14+02:00,1,-17.6182038,177.46491385,-17.6182038,177.46491385,253.0,40988.0,41.0,0.517224,0.517224,32.71339685844275,32.19617285844275,0.01581077019418464,76.19,76.19,79.62,79.62,72.0,72.0,0,1,0,sudden_drop,normal,statistical_only_retained,0.0,0.028733618647032198,0.0,64.05,61.2,62.77,High,High,0,0,0,0,0,0,0,0,0,0,1,0,True,Medium
LTE-TP-EP-000306,542020041221088+20250827122034+Fiji-Nadi-LTE-DL-D!20250827113125,Fiji-Nadi-LTE-DL-D,2025-08-27 01:30:23+02:00,2025-08-27 01:30:24+02:00,2,-17.77333944,177.42323338,-17.7731588,177.4233983,394.0,41384.0,41.0,0.45791999,0.47517999499999997,21.35418729404332,20.861747294043322,0.023060582602334134,74.25,73.35499999999999,74.78,73.805,73.6,72.8,0,2,0,radio_limited_degradation,normal,statistical_only_retained,1.0,40.07237503117162,0.0,63.1,62.36,62.76,High,High,0,0,0,0,0,0,0,0,0,0,2,0,True,Medium
LTE-TP-EP-000680,542020041221088+20250827135348+Fiji-Nadi-LTE-DL-D!20250827133514,Fiji-Nadi-LTE-DL-D,2025-08-27 03:34:54+02:00,2025-08-27 03:34:55+02:00,2,-17.79067014,177.42436939,-17.7905757,177.424513,132.0,9310.0,28.0,2.757272,4.645032,,,,75.84,67.68,69.35,62.745,83.78,73.715,0,2,0,radio_limited_degradation,normal,statistical_only_retained,1.0,27.68872648999914,0.0,57.9,68.7,62.76,High,High,0,0,0,0,0,0,0,0,0,0,2,0,True,Medium
LTE-TP-EP-001392,542020041221088+20250828123522+Fiji-Nadi-LTE-DL-D!20250828123323,Fiji-Nadi-LTE-DL-D,2025-08-28 02:32:57+02:00,2025-08-28 02:32:57+02:00,1,-17.630043,177.4397343,-17.630043,177.4397343,315.0,41384.0,41.0,0.008944,0.008944,,,,76.92,76.92,90.97,90.97,59.74,59.74,0,1,0,radio_limited_degradation,normal,statistical_only_retained,0.0,9.667310362278501,0.0,72.56,50.78,62.76,High,Medium,0,0,0,0,0,0,0,1,0,0,1,0,True,Medium
LTE-TP-EP-001993,542020041221088+20250829102934+Nawaka-LTE-DL!20250829102857,Nawaka-LTE-DL,2025-08-29 00:28:44+02:00,2025-08-29 00:28:46+02:00,3,-17.8128905,177.4432643,-17.8128905,177.4432643,469.0,1850.0,3.0,2.4954,2.69676,30.40734287561852,22.78861487561852,0.2505555329567752,68.3,64.19,82.27,70.36333333333333,68.83,56.64333333333334,0,3,0,radio_limited_degradation,normal,statistical_only_retained,2.0,0.0,0.0,68.66,55.46,62.72,High,Medium,1,1,1,1,1,0,0,0,0,0,0,5,True,Medium
LTE-TP-EP-000714,542020041221088+20250827140149+Fiji-Nadi-LTE-DL-D!20250827134245,Fiji-Nadi-LTE-DL-D,2025-08-27 03:42:00+02:00,2025-08-27 03:42:01+02:00,2,-17.771171,177.4041907,-17.7711358,177.4041173,135.0,40790.0,41.0,14.916,23.198708500000002,106.18578904611105,74.70437204611105,0.2087547269773407,73.88,69.57499999999999,65.96,65.005,85.9,75.165,0,2,0,rb_conditioned_underperformance,ml_hgb_strict_causal_temporal_underperformance,statistical_only_retained,1.0,17.413117107756413,0.0,56.48,70.33,62.72,High,High,1,1,0,0,0,0,1,0,0,0,2,3,True,Medium
LTE-TP-EP-001097,542020041221088+20250828104547+Fiji-Nadi-LTE-DL-D!20250828104505,Fiji-Nadi-LTE-DL-D,2025-08-28 00:44:39+02:00,2025-08-28 00:44:39+02:00,1,-17.6342237,177.4294971,-17.6342237,177.4294971,312.0,356.0,1.0,1.931128,1.931128,,,,76.42,76.42,84.24,84.24,66.87,66.87,0,1,0,radio_limited_degradation,normal,statistical_only_retained,0.0,11.23336627774918,0.0,67.52,56.84,62.71,High,Medium,0,0,0,0,0,0,0,1,0,0,1,0,True,Medium
LTE-TP-EP-001613,542020041221088+20250828132735+Fiji-Nadi-LTE-DL-D!20250828132130,Fiji-Nadi-LTE-DL-D,2025-08-28 03:19:36+02:00,2025-08-28 03:19:37+02:00,2,-17.61812017,177.46684585,-17.6182463,177.4667485,234.0,500.0,1.0,0.20452,0.221872,,,,74.96,74.905,90.28,90.22,56.23,56.18,0,2,0,radio_limited_degradation,normal,statistical_only_retained,1.0,17.710233912077385,0.0,74.9,47.78,62.7,High,Medium,0,0,0,0,0,0,0,0,0,0,2,0,True,Medium
LTE-TP-EP-000566,542020041221088+20250827133827+Fiji-Nadi-LTE-DL-D!20250827130111,Fiji-Nadi-LTE-DL-D,2025-08-27 03:01:10+02:00,2025-08-27 03:01:10+02:00,1,-17.792373,177.4232739,-17.792373,177.4232739,132.0,9310.0,28.0,7.603512,7.603512,81.009805,73.406293,0.09385915692551045,76.25,76.25,81.72,81.72,69.56,69.56,0,1,0,ca_underperformance,normal,statistical_only_retained,0.0,10.65960241979921,0.0,65.63,59.13,62.7,High,Medium,1,1,1,1,0,0,0,1,0,0,1,4,True,Medium
LTE-TP-EP-001842,542020041221088+20250828141358+Fiji-Nadi-LTE-DL-D!20250828141324,Fiji-Nadi-LTE-DL-D,2025-08-28 04:12:57+02:00,2025-08-28 04:12:59+02:00,3,-17.61425773,177.46211621,-17.6141658,177.46187752,179.0,41384.0,41.0,1.797472,3.725184,105.95971,72.077004,0.104030148529177,74.17,65.99333333333333,65.96,59.49,84.2,73.94666666666667,0,3,0,radio_limited_degradation,normal,statistical_only_retained,2.0,27.373788232460676,0.0,57.51,69.01,62.69,High,High,1,0,0,0,0,0,0,3,0,0,3,1,True,Medium
LTE-TP-EP-000293,542020041221088+20250827120512+Fiji-Nadi-LTE-DL-D!20250827112702,Fiji-Nadi-LTE-DL-D,2025-08-27 01:25:12+02:00,2025-08-27 01:25:12+02:00,1,-17.77344903,177.43494568,-17.77344903,177.43494568,339.0,1850.0,3.0,0.01276,0.01276,28.705737781363762,28.692977781363762,0.0004445104354114181,76.09,76.09,79.44,79.44,72.0,72.0,0,1,0,sudden_drop,normal,statistical_only_retained,0.0,0.19361391077481407,0.0,63.92,61.2,62.69,High,High,0,0,0,0,0,0,0,0,0,0,1,0,True,Medium
LTE-TP-EP-000706,542020041221088+20250827135949+Fiji-Nadi-LTE-DL-D!20250827134144,Fiji-Nadi-LTE-DL-D,2025-08-27 03:41:03+02:00,2025-08-27 03:41:03+02:00,1,-17.7739364,177.4076736,-17.7739364,177.4076736,135.0,40790.0,41.0,19.177689,19.177689,119.0290425,99.8513535,0.16111772889376977,75.26,75.26,66.63,66.63,85.8,85.8,0,1,0,rb_conditioned_underperformance,ml_quantile_p75_resource_underperformance,statistical_only_retained,0.0,8.754557580639327,0.0,54.31,72.93,62.69,Medium,High,1,1,0,0,1,0,0,0,0,0,1,3,True,Medium
LTE-TP-EP-000946,542020041221088+20250827155633+Fiji-Nadi-LTE-DL-D!20250827154210,Fiji-Nadi-LTE-DL-D,2025-08-27 05:41:26+02:00,2025-08-27 05:41:26+02:00,1,-17.73934166,177.45913406,-17.73934166,177.45913406,487.0,41384.0,41.0,0.821208,0.821208,,,,77.23,77.23,97.13,97.13,52.91,52.91,0,1,0,radio_limited_degradation,normal,statistical_only_retained,0.0,1.0259602933007101,0.0,77.18,44.97,62.69,High,Medium,0,0,0,0,0,0,0,0,0,0,0,0,True,Medium
LTE-TP-EP-001900,542020041221088+20250828143419+Fiji-Nadi-LTE-DL-D!20250828143343,Fiji-Nadi-LTE-DL-D,2025-08-28 04:33:00+02:00,2025-08-28 04:33:01+02:00,2,-17.6184972,177.4468221,-17.6185525,177.4469208,383.0,40988.0,41.0,9.906792,10.364467999999999,83.236885,72.414741,0.1300162061566816,77.05,65.13499999999999,75.1,63.19,79.44,67.515,0,2,0,ca_underperformance,ml_hgb_strict_causal_temporal_underperformance,statistical_only_retained,1.0,37.10517524984696,0.0,61.15,64.54,62.68,High,High,2,2,1,1,0,0,1,2,0,0,2,7,True,Medium
LTE-TP-EP-001626,542020041221088+20250828133115+Fiji-Nadi-LTE-DL-D!20250828132346,Fiji-Nadi-LTE-DL-D,2025-08-28 03:22:57+02:00,2025-08-28 03:22:57+02:00,1,-17.62795746,177.46271489,-17.62795746,177.46271489,273.0,500.0,1.0,0.066024,0.066024,25.3412075,25.2751835,0.0026054007094965777,75.98,75.98,77.92,77.92,73.6,73.6,0,1,0,radio_limited_degradation,normal,statistical_only_retained,0.0,0.09729923133988422,0.0,62.78,62.56,62.68,High,High,0,0,0,0,0,0,0,1,0,0,1,0,True,Medium
LTE-TP-EP-000042,542020041221088+20250827095145+Fiji-Nadi-LTE-DL-D!20250827095034,Fiji-Nadi-LTE-DL-D,2025-08-26 23:48:36+02:00,2025-08-26 23:48:36+02:00,1,-17.8115561,177.3999228,-17.8115561,177.3999228,151.0,41186.0,41.0,0.070792,0.070792,28.849110120964987,28.778318120964986,0.002453871183657572,76.03,76.03,79.33,79.33,72.0,72.0,0,1,0,sudden_drop,normal,statistical_only_retained,0.0,3.7029856903830156,0.0,63.83,61.2,62.65,High,High,0,0,0,0,0,0,0,0,0,0,0,0,True,Medium
LTE-TP-EP-000291,542020041221088+20250827115912+Fiji-Nadi-LTE-DL-D!20250827112451,Fiji-Nadi-LTE-DL-D,2025-08-27 01:24:37+02:00,2025-08-27 01:24:39+02:00,3,-17.7706965,177.4376038,-17.7708088,177.4374678,123.0,41384.0,41.0,0.129184,7.197552,70.7488185,53.4616585,0.005301528916245572,74.93,65.5,77.32,62.10999999999999,72.0,69.64333333333333,0,3,0,rb_conditioned_underperformance,normal,statistical_only_retained,2.0,40.90094791328302,0.0,64.29,60.61,62.63,High,High,1,1,0,0,0,0,0,0,0,0,3,2,True,Medium
LTE-TP-EP-001862,542020041221088+20250828141838+Fiji-Nadi-LTE-DL-D!20250828141754,Fiji-Nadi-LTE-DL-D,2025-08-28 04:17:13+02:00,2025-08-28 04:17:14+02:00,2,-17.61122278,177.45839742,-17.61117792,177.45848923,140.0,40790.0,41.0,3.119096,5.36598,49.4498,46.330704000000004,0.0630760083963939,75.59,69.075,75.59,69.005,75.59,69.165,0,2,0,ca_underperformance,normal,statistical_only_retained,1.0,11.066263228336627,0.0,62.58,62.65,62.61,High,High,2,2,2,2,0,0,0,2,0,0,2,8,True,Medium
LTE-TP-EP-000458,542020041221088+20250827131523+Fiji-Nadi-LTE-DL-D!20250827120845,Fiji-Nadi-LTE-DL-D,2025-08-27 02:07:01+02:00,2025-08-27 02:07:01+02:00,1,-17.78142541,177.3855024,-17.78142541,177.3855024,153.0,40790.0,41.0,2.510336,2.510336,49.4498,46.939464,0.050765341821402715,75.83,75.83,77.37,77.37,73.95,73.95,0,1,0,ca_underperformance,normal,statistical_only_retained,0.0,13.610181753451398,0.0,62.36,62.86,62.59,High,High,1,1,1,1,0,0,0,1,1,0,1,4,True,Medium
LTE-TP-EP-001271,542020041221088+20250828120254+Fiji-Nadi-LTE-DL-D!20250828113742,Fiji-Nadi-LTE-DL-D,2025-08-28 01:37:00+02:00,2025-08-28 01:37:00+02:00,1,-17.6044663,177.4563248,-17.6044663,177.4563248,184.0,41384.0,41.0,0.669856,0.669856,,,,77.14,77.14,97.66,97.66,52.07,52.07,0,1,0,radio_limited_degradation,normal,statistical_only_retained,0.0,0.005467445220231223,0.0,77.58,44.26,62.59,High,Medium,0,0,0,0,0,0,0,0,0,0,0,0,True,Medium
LTE-TP-EP-001416,542020041221088+20250828123823+Fiji-Nadi-LTE-DL-D!20250828123754,Fiji-Nadi-LTE-DL-D,2025-08-28 02:36:41+02:00,2025-08-28 02:36:42+02:00,2,-17.6274831,177.4423723,-17.6274589,177.4423913,385.0,41384.0,41.0,2.083072,4.13818,47.0651145,44.9820425,0.044259363270007554,75.62,69.32000000000001,77.31,71.16499999999999,73.55,67.06,0,2,0,ca_underperformance,normal,statistical_only_retained,1.0,6.874861371020492,0.0,63.96,60.9,62.58,High,High,2,2,2,1,0,0,0,2,0,0,2,7,True,Medium
LTE-TP-EP-000572,542020041221088+20250827133907+Fiji-Nadi-LTE-DL-D!20250827130324,Fiji-Nadi-LTE-DL-D,2025-08-27 03:02:22+02:00,2025-08-27 03:02:22+02:00,1,-17.78715075,177.42771448,-17.78715075,177.42771448,322.0,1850.0,3.0,8.48256,8.48256,61.49213848701709,53.00957848701709,0.137945438371621,75.62,75.62,74.28,74.28,77.25,77.25,0,1,0,ca_underperformance,ml_quantile_p75_resource_underperformance,statistical_only_retained,0.0,13.588934261089255,0.0,60.05,65.66,62.57,High,High,1,1,1,1,1,0,0,1,0,0,1,5,True,Medium
LTE-TP-EP-001617,542020041221088+20250828132735+Fiji-Nadi-LTE-DL-D!20250828132130,Fiji-Nadi-LTE-DL-D,2025-08-28 03:20:33+02:00,2025-08-28 03:20:34+02:00,2,-17.620089,177.4634598,-17.620142,177.4633813,234.0,500.0,1.0,0.02956,0.037052,18.977546132854535,18.947986132854535,0.001557630253830593,73.91,73.5,75.48,74.73,72.0,72.0,0,2,0,rolling_local_drop,normal,statistical_only_retained,1.0,30.585885477362446,0.0,63.67,61.2,62.56,High,High,0,0,0,0,0,0,0,1,0,0,2,0,True,Medium
LTE-TP-EP-001838,542020041221088+20250828141358+Fiji-Nadi-LTE-DL-D!20250828141324,Fiji-Nadi-LTE-DL-D,2025-08-28 04:12:33+02:00,2025-08-28 04:12:34+02:00,2,-17.61421761,177.4631305,-17.61430045,177.46310326,179.0,356.0,1.0,3.392448,3.556884,38.729599,35.008279,0.09608465091518247,68.5,67.155,88.13,77.69,64.04,54.27,0,2,0,ca_underperformance,normal,statistical_only_retained,1.0,20.42294531709725,0.0,71.22,51.99,62.56,High,Medium,1,1,1,1,0,0,0,2,0,0,2,4,True,Medium
LTE-TP-EP-000285,542020041221088+20250827115912+Fiji-Nadi-LTE-DL-D!20250827112451,Fiji-Nadi-LTE-DL-D,2025-08-27 01:23:32+02:00,2025-08-27 01:23:33+02:00,2,-17.76949527,177.4391596,-17.76949527,177.4391596,123.0,41384.0,41.0,0.466112,4.844508,37.103261212834205,30.689562896489527,0.014960741551855112,75.91,68.39,79.11,68.72,72.0,67.99,0,2,0,rolling_local_drop,normal,statistical_only_retained,1.0,0.0,0.0,64.46,60.2,62.54,High,High,0,0,0,0,0,0,0,0,0,0,2,0,True,Medium
LTE-TP-EP-001605,542020041221088+20250828132555+Fiji-Nadi-LTE-DL-D!20250828131914,Fiji-Nadi-LTE-DL-D,2025-08-28 03:17:34+02:00,2025-08-28 03:17:34+02:00,1,-17.62480268,177.46579839,-17.62480268,177.46579839,254.0,41384.0,41.0,0.007752,0.007752,27.61727908643821,27.60952708643821,0.0002806938357590307,75.86,75.86,79.02,79.02,72.0,72.0,0,1,0,sudden_drop,normal,statistical_only_retained,0.0,0.05409326486591038,0.0,63.6,61.2,62.52,High,High,0,0,0,0,0,0,0,0,0,1,1,0,True,Medium
LTE-TP-EP-001347,542020041221088+20250828122402+Fiji-Nadi-LTE-DL-D!20250828121612,Fiji-Nadi-LTE-DL-D,2025-08-28 02:14:12+02:00,2025-08-28 02:14:14+02:00,3,-17.6034013,177.4530125,-17.6034009,177.453011,184.0,40988.0,41.0,0.012208,25.697664,111.79482125,78.03222925,0.0005921455198928666,75.03,64.35,76.2,60.666666666666664,73.6,68.85666666666667,0,3,0,rb_conditioned_underperformance,normal,statistical_only_retained,2.0,0.493617022684086,0.0,63.38,61.37,62.48,High,High,2,2,0,0,0,0,0,0,0,0,3,4,True,Medium
LTE-TP-EP-000818,542020041221088+20250827150151+Fiji-Nadi-LTE-DL-D!20250827150045,Fiji-Nadi-LTE-DL-D,2025-08-27 05:00:27+02:00,2025-08-27 05:00:29+02:00,3,-17.767966,177.4743645,-17.7679068,177.4741913,111.0,41384.0,41.0,14.45336,18.169945,121.14346,86.736493,0.14736703331795603,75.2,63.23666666666667,73.34,57.64000000000001,77.47,70.07333333333334,0,3,0,rb_conditioned_underperformance,normal,statistical_only_retained,2.0,29.647961798466987,0.0,61.2,64.0,62.46,High,High,3,3,0,1,0,0,1,3,0,0,3,8,True,Medium
LTE-TP-EP-000076,542020041221088+20250827100525+Fiji-Nadi-LTE-DL-D!20250827100437,Fiji-Nadi-LTE-DL-D,2025-08-27 00:03:56+02:00,2025-08-27 00:03:56+02:00,1,-17.807038,177.4225792,-17.807038,177.4225792,148.0,41186.0,41.0,0.028632,0.028632,23.670199612294798,23.641567612294796,0.0012096222452271986,75.67,75.67,77.37,77.37,73.6,73.6,0,1,0,radio_limited_degradation,normal,statistical_only_retained,0.0,0.005659653134820876,0.0,62.36,62.56,62.45,High,High,0,0,0,0,0,0,0,0,0,0,1,0,True,Medium
LTE-TP-EP-000292,542020041221088+20250827120512+Fiji-Nadi-LTE-DL-D!20250827112702,Fiji-Nadi-LTE-DL-D,2025-08-27 01:25:00+02:00,2025-08-27 01:25:00+02:00,1,-17.7722527,177.4357514,-17.7722527,177.4357514,339.0,41384.0,41.0,6.422256,6.422256,35.941179136152954,29.518923136152953,0.17868796056109085,74.85,74.85,65.05,65.05,86.83,86.83,0,1,0,rolling_local_drop,normal,statistical_only_retained,0.0,,0.0,53.12,73.81,62.43,Medium,High,0,0,0,0,0,0,0,1,0,0,1,0,True,Medium
LTE-TP-EP-000782,542020041221088+20250827141150+Fiji-Nadi-LTE-DL-D!20250827140658,Fiji-Nadi-LTE-DL-D,2025-08-27 04:06:42+02:00,2025-08-27 04:06:42+02:00,1,-17.76433845,177.44034378,-17.76433845,177.44034378,402.0,356.0,1.0,0.367232,0.367232,,,,77.01,77.01,98.71,98.71,50.48,50.48,0,1,0,radio_limited_degradation,normal,statistical_only_retained,0.0,6.975533194797199,0.0,78.37,42.91,62.41,High,Medium,0,0,0,0,0,0,0,1,1,1,1,0,True,Medium
LTE-TP-EP-000691,542020041221088+20250827135649+Fiji-Nadi-LTE-DL-D!20250827133934,Fiji-Nadi-LTE-DL-D,2025-08-27 03:38:27+02:00,2025-08-27 03:38:28+02:00,2,-17.78171329,177.41509545,-17.781577,177.4149364,135.0,356.0,1.0,0.009128,1.111788,23.704111704820424,21.489663704820423,0.0005759987654631424,71.51,70.035,70.06,67.37,79.86,73.295,0,2,0,rolling_local_drop,normal,statistical_only_retained,1.0,34.46867358534453,0.0,59.21,66.24,62.37,High,High,0,0,0,0,0,0,0,0,0,0,2,0,True,Medium
LTE-TP-EP-000968,542020041221088+20250827160614+Fiji-Nadi-LTE-DL-D!20250827155934,Fiji-Nadi-LTE-DL-D,2025-08-27 05:57:50+02:00,2025-08-27 05:57:51+02:00,2,-17.8003933,177.4524545,-17.80039394,177.45245447,211.0,40790.0,41.0,1.257504,2.551472,,,,74.81,72.375,86.6,82.07,60.66,60.525,0,2,0,radio_limited_degradation,normal,statistical_only_retained,1.0,12.659941140950258,0.0,71.25,51.53,62.37,High,Medium,0,0,1,0,0,0,0,2,0,0,2,1,True,Medium
LTE-TP-EP-000107,542020041221088+20250827102926+Fiji-Nadi-LTE-DL-D!20250827102813,Fiji-Nadi-LTE-DL-D,2025-08-27 00:27:14+02:00,2025-08-27 00:27:16+02:00,3,-17.8124737,177.4345608,-17.81252471,177.43458832,332.0,500.0,1.0,1.249344,2.3218,43.970293999999996,41.64849399999999,0.05280383160503772,73.74,67.26333333333334,74.84,64.61666666666666,72.39,70.49666666666667,0,3,0,ca_underperformance,normal,statistical_only_retained,2.0,19.154474278555686,0.0,63.42,61.06,62.36,High,High,2,2,3,2,0,0,0,3,0,0,3,9,True,Medium
LTE-TP-EP-000036,542020041221088+20250827095105+Fiji-Nadi-LTE-DL-D!20250827094821,Fiji-Nadi-LTE-DL-D,2025-08-26 23:46:56+02:00,2025-08-26 23:46:56+02:00,1,-17.8116013,177.3998509,-17.8116013,177.3998509,151.0,41186.0,41.0,9.805608,9.805608,64.91136153576026,55.105753535760265,0.15106150553625347,75.3,75.3,73.19,73.19,77.87,77.87,0,1,0,sudden_drop,normal,statistical_only_retained,0.0,0.0,0.0,59.23,66.19,62.36,High,High,0,0,0,0,0,0,0,0,0,0,1,0,True,Medium
LTE-TP-EP-001524,542020041221088+20250828125844+Fiji-Nadi-LTE-DL-D!20250828125759,Fiji-Nadi-LTE-DL-D,2025-08-28 02:56:23+02:00,2025-08-28 02:56:23+02:00,1,-17.6312872,177.4559049,-17.6312872,177.4559049,167.0,40988.0,41.0,5.057184,5.057184,,,,75.29,75.29,73.3,73.3,77.73,77.73,0,1,0,radio_limited_degradation,normal,statistical_only_retained,0.0,0.030143899788577094,0.0,59.31,66.07,62.35,High,High,0,0,0,0,0,0,0,1,0,0,1,0,True,Medium
LTE-TP-EP-001294,542020041221088+20250828121041+Fiji-Nadi-LTE-DL-D!20250828114409,Fiji-Nadi-LTE-DL-D,2025-08-28 01:44:01+02:00,2025-08-28 01:44:01+02:00,1,-17.6037042,177.449819,-17.6037042,177.449819,139.0,41384.0,41.0,0.712576,0.712576,31.57807429675988,30.86549829675988,0.022565530541965792,75.62,75.62,78.58,78.58,72.0,72.0,0,1,0,sudden_drop,normal,statistical_only_retained,0.0,4.691207776938262,0.0,63.27,61.2,62.34,High,High,0,0,0,0,0,0,0,1,0,0,1,0,True,Medium
LTE-TP-EP-000124,542020041221088+20250827103246+Fiji-Nadi-LTE-DL-D!20250827103001,Fiji-Nadi-LTE-DL-D,2025-08-27 00:29:08+02:00,2025-08-27 00:29:10+02:00,3,-17.8150252,177.4397267,-17.8150158,177.4396352,332.0,500.0,1.0,7.83212,8.461856,43.970293999999996,36.13817399999999,0.17812298457681452,67.25,63.050000000000004,70.17,61.336666666666666,81.07,65.14333333333333,0,3,0,rb_efficiency_underperformance,normal,statistical_only_retained,2.0,19.814907764662262,0.0,60.2,64.93,62.33,High,High,2,2,3,1,1,0,0,3,0,0,3,9,True,Medium
LTE-TP-EP-001270,542020041221088+20250828120254+Fiji-Nadi-LTE-DL-D!20250828113742,Fiji-Nadi-LTE-DL-D,2025-08-28 01:36:56+02:00,2025-08-28 01:36:56+02:00,1,-17.6044663,177.4563248,-17.6044663,177.4563248,184.0,41384.0,41.0,1.789504,1.789504,,,,76.6,76.6,93.74,93.74,55.64,55.64,0,1,0,radio_limited_degradation,normal,statistical_only_retained,0.0,0.0,0.0,74.64,47.29,62.33,High,Medium,0,0,0,0,0,0,0,0,0,0,0,0,True,Medium
LTE-TP-EP-000375,542020041221088+20250827123437+Fiji-Nadi-LTE-DL-D!20250827114425,Fiji-Nadi-LTE-DL-D,2025-08-27 01:42:49+02:00,2025-08-27 01:42:52+02:00,4,-17.7963985,177.3996545,-17.79636789,177.39939733,140.0,1850.0,3.0,1.3237439,1.89598,,,,72.0,70.435,95.37,92.9425,45.63,42.9225,0,4,0,radio_limited_degradation,normal,statistical_only_retained,3.0,40.99120594677857,0.0,82.11,38.11,62.31,Critical,Low,0,0,0,0,0,0,0,4,0,0,4,0,False,Not handed off
LTE-TP-EP-001399,542020041221088+20250828123602+Fiji-Nadi-LTE-DL-D!20250828123538,Fiji-Nadi-LTE-DL-D,2025-08-28 02:33:45+02:00,2025-08-28 02:33:46+02:00,2,-17.6294339,177.4404086,-17.6294765,177.4403797,310.0,356.0,1.0,6.630696,18.119576000000002,123.63355,94.025094,0.17718945332029035,75.17,67.155,65.42,63.225,87.08,71.96000000000001,0,2,0,radio_limited_degradation,normal,statistical_only_retained,1.0,11.75427675618118,0.0,55.83,70.24,62.31,High,High,1,1,0,0,0,0,0,1,0,0,2,2,True,Medium
LTE-TP-EP-000313,542020041221088+20250827122034+Fiji-Nadi-LTE-DL-D!20250827113125,Fiji-Nadi-LTE-DL-D,2025-08-27 01:31:18+02:00,2025-08-27 01:31:18+02:00,1,-17.76816618,177.42818487,-17.76816618,177.42818487,394.0,41384.0,41.0,0.883896,0.883896,32.515146625839094,31.631250625839094,0.027184130835122444,75.58,75.58,78.5,78.5,72.0,72.0,0,1,0,sudden_drop,normal,statistical_only_retained,0.0,13.594591741010252,0.0,63.21,61.2,62.31,High,High,0,0,0,0,0,0,0,0,0,0,1,0,True,Medium
LTE-TP-EP-000746,542020041221088+20250827140810+Fiji-Nadi-LTE-DL-D!20250827140022,Fiji-Nadi-LTE-DL-D,2025-08-27 03:59:54+02:00,2025-08-27 03:59:54+02:00,1,-17.7665226,177.44771125,-17.7665226,177.44771125,124.0,41186.0,41.0,0.675864,0.675864,27.67025573505806,26.99439173505806,0.024425650650697964,75.46,75.46,76.98,76.98,73.6,73.6,0,1,0,radio_limited_degradation,normal,statistical_only_retained,0.0,0.0,0.0,62.07,62.56,62.29,High,High,0,0,0,0,0,0,0,0,0,0,1,0,True,Medium
LTE-TP-EP-001329,542020041221088+20250828122203+Fiji-Nadi-LTE-DL-D!20250828120550,Fiji-Nadi-LTE-DL-D,2025-08-28 02:05:37+02:00,2025-08-28 02:05:37+02:00,1,-17.6033563,177.4530181,-17.6033563,177.4530181,184.0,41384.0,41.0,0.205496,0.205496,,,,76.29,76.29,90.28,90.28,59.19,59.19,0,1,0,radio_limited_degradation,normal,statistical_only_retained,0.0,0.0024635516736665674,0.0,72.05,50.31,62.27,High,Medium,0,0,0,0,0,0,0,0,0,0,0,0,True,Medium
LTE-TP-EP-000183,542020041221088+20250827105947+Fiji-Nadi-LTE-DL-D!20250827104944,Fiji-Nadi-LTE-DL-D,2025-08-27 00:49:01+02:00,2025-08-27 00:49:02+02:00,2,-17.7626139,177.4577384,-17.7625904,177.4577678,212.0,41186.0,41.0,1.546008,1.7339,28.79493970950277,27.24893170950277,0.05369026695651645,73.57,72.775,74.85,73.405,72.0,72.0,0,2,0,rolling_local_drop,normal,statistical_only_retained,1.0,13.659668390777721,0.0,63.05,61.2,62.22,High,High,0,0,0,0,0,0,0,0,0,0,2,0,True,Medium
LTE-TP-EP-001060,542020041221088+20250828103207+Fiji-Nadi-LTE-DL-D!20250828102946,Fiji-Nadi-LTE-DL-D,2025-08-28 00:28:35+02:00,2025-08-28 00:28:36+02:00,2,-17.71302034,177.45067019,-17.7128797,177.4504174,487.0,41384.0,41.0,0.29232,0.31271199000000005,,,,74.37,74.30000000000001,89.98,89.905,55.28,55.225,0,2,0,radio_limited_degradation,normal,statistical_only_retained,1.0,46.568020231227194,0.0,74.68,46.97,62.21,High,Medium,0,0,0,0,0,0,0,0,0,0,0,0,True,Medium
LTE-TP-EP-000756,542020041221088+20250827140850+Fiji-Nadi-LTE-DL-D!20250827140234,Fiji-Nadi-LTE-DL-D,2025-08-27 04:02:00+02:00,2025-08-27 04:02:00+02:00,1,-17.7665226,177.4477113,-17.7665226,177.4477113,124.0,41186.0,41.0,1.994168,1.994168,38.64214008205006,36.64797208205006,0.051606044483191685,75.44,75.44,78.26,78.26,72.0,72.0,0,1,0,sudden_drop,normal,statistical_only_retained,0.0,0.005294597248788544,0.0,63.03,61.2,62.21,High,High,0,0,0,0,0,0,0,0,0,0,1,0,True,Medium
LTE-TP-EP-001120,542020041221088+20250828105007+Fiji-Nadi-LTE-DL-D!20250828104930,Fiji-Nadi-LTE-DL-D,2025-08-28 00:47:58+02:00,2025-08-28 00:48:01+02:00,4,-17.64804096,177.44038075,-17.648226,177.440634,355.0,41384.0,41.0,4.905976,5.953192,62.203377,48.894905,0.10423805513104616,72.41,65.1925,68.87,63.917500000000004,76.75,66.75,0,4,0,ca_underperformance,normal,statistical_only_retained,3.0,43.07239224475061,0.0,61.73,62.74,62.18,High,High,4,4,3,4,0,0,0,4,0,0,4,15,True,Medium
LTE-TP-EP-000820,542020041221088+20250827150911+Fiji-Nadi-LTE-DL-D!20250827150839,Fiji-Nadi-LTE-DL-D,2025-08-27 05:06:40+02:00,2025-08-27 05:06:40+02:00,1,-17.7571166,177.4573056,-17.7571166,177.4573056,448.0,41384.0,41.0,0.005456,0.005456,,,,76.23,76.23,90.98,90.98,58.21,58.21,0,1,0,radio_limited_degradation,normal,statistical_only_retained,0.0,0.0015355350058088404,0.0,72.57,49.48,62.18,High,Medium,0,0,0,0,0,0,0,0,0,0,1,0,True,Medium
LTE-TP-EP-000819,542020041221088+20250827150911+Fiji-Nadi-LTE-DL-D!20250827150839,Fiji-Nadi-LTE-DL-D,2025-08-27 05:06:38+02:00,2025-08-27 05:06:38+02:00,1,-17.75711661,177.45730559,-17.75711661,177.45730559,448.0,41384.0,41.0,0.01024,0.01024,,,,76.22,76.22,90.96,90.96,58.2,58.2,0,1,0,radio_limited_degradation,normal,statistical_only_retained,0.0,0.0,0.0,72.56,49.47,62.17,High,Medium,0,0,0,0,0,0,0,0,0,0,0,0,True,Medium
LTE-TP-EP-001913,542020041221088+20250828143639+Fiji-Nadi-LTE-DL-D!20250828143559,Fiji-Nadi-LTE-DL-D,2025-08-28 04:34:48+02:00,2025-08-28 04:34:50+02:00,3,-17.62120553,177.44388726,-17.62098914,177.44386842,169.0,41384.0,41.0,0.370744,2.4924,,,,74.4,66.57000000000001,89.7,79.86,57.19,50.31666666666666,0,3,0,radio_limited_degradation,normal,statistical_only_retained,2.0,24.161802980544312,0.0,74.65,46.89,62.16,High,Medium,1,1,1,0,0,0,0,3,0,0,3,3,True,Medium
LTE-TP-EP-000055,542020041221088+20250827100005+Fiji-Nadi-LTE-DL-D!20250827095853,Fiji-Nadi-LTE-DL-D,2025-08-26 23:56:57+02:00,2025-08-26 23:56:57+02:00,1,-17.8134954,177.3980509,-17.8134954,177.3980509,351.0,1850.0,3.0,0.893032,0.893032,28.44586206499858,27.552830064998577,0.03139409162427311,75.28,75.28,76.66,76.66,73.6,73.6,0,1,0,radio_limited_degradation,normal,statistical_only_retained,0.0,13.524545072129941,0.0,61.83,62.56,62.16,High,High,0,0,0,0,0,0,0,1,0,0,1,0,True,Medium
LTE-TP-EP-000353,542020041221088+20250827123136+Fiji-Nadi-LTE-DL-D!20250827114007,Fiji-Nadi-LTE-DL-D,2025-08-27 01:39:30+02:00,2025-08-27 01:39:31+02:00,2,-17.7889648,177.4150236,-17.7890484,177.4149429,137.0,40988.0,41.0,0.013408,0.58558,,,,74.26,73.355,90.95,88.95,54.73,54.3,0,2,0,radio_limited_degradation,normal,statistical_only_retained,1.0,25.20841826303278,0.0,75.02,46.41,62.15,High,Medium,0,0,0,0,0,0,0,2,0,0,2,0,True,Medium
LTE-TP-EP-001240,542020041221088+20250828114952+Fiji-Nadi-LTE-DL-D!20250828112430,Fiji-Nadi-LTE-DL-D,2025-08-28 01:23:43+02:00,2025-08-28 01:23:43+02:00,1,-17.60579401,177.46150333,-17.60579401,177.46150333,375.0,500.0,1.0,1.652352,1.652352,,,,76.4,76.4,94.22,94.22,54.62,54.62,0,1,0,radio_limited_degradation,normal,statistical_only_retained,0.0,0.018052018602262007,0.0,75.0,46.43,62.14,High,Medium,0,0,0,0,0,0,0,0,0,0,1,0,True,Medium
LTE-TP-EP-001517,542020041221088+20250828125624+Fiji-Nadi-LTE-DL-D!20250828125546,Fiji-Nadi-LTE-DL-D,2025-08-28 02:55:03+02:00,2025-08-28 02:55:03+02:00,1,-17.63676536,177.45564708,-17.63676536,177.45564708,275.0,40988.0,41.0,0.941712,0.941712,,,,76.54,76.54,96.7,96.7,51.91,51.91,0,1,0,radio_limited_degradation,normal,statistical_only_retained,0.0,10.085112196628081,0.0,76.86,44.12,62.13,High,Medium,0,0,0,0,0,0,0,1,0,0,1,0,True,Medium
LTE-TP-EP-000822,542020041221088+20250827150911+Fiji-Nadi-LTE-DL-D!20250827150839,Fiji-Nadi-LTE-DL-D,2025-08-27 05:06:45+02:00,2025-08-27 05:06:45+02:00,1,-17.75711661,177.45730559,-17.75711661,177.45730559,448.0,41384.0,41.0,0.032008,0.032008,,,,76.16,76.16,90.89,90.89,58.15,58.15,0,1,0,radio_limited_degradation,normal,statistical_only_retained,0.0,0.0015355350058088404,0.0,72.5,49.43,62.12,High,Medium,0,0,0,0,0,0,0,0,0,0,1,0,True,Medium
LTE-TP-EP-000020,542020041221088+20250827094925+Fiji-Nadi-LTE-DL-D!20250827094611,Fiji-Nadi-LTE-DL-D,2025-08-26 23:44:32+02:00,2025-08-26 23:44:32+02:00,1,-17.8116013,177.3998509,-17.8116013,177.3998509,151.0,41186.0,41.0,0.053712,0.053712,21.729132487120904,21.675420487120903,0.0024718888354993323,75.19,75.19,76.5,76.5,73.6,73.6,0,1,0,radio_limited_degradation,normal,statistical_only_retained,0.0,0.0,0.0,61.71,62.56,62.09,High,High,0,0,0,0,0,0,0,0,0,0,0,0,True,Medium
LTE-TP-EP-001418,542020041221088+20250828123823+Fiji-Nadi-LTE-DL-D!20250828123754,Fiji-Nadi-LTE-DL-D,2025-08-28 02:36:54+02:00,2025-08-28 02:36:57+02:00,4,-17.6279264,177.4424554,-17.6281414,177.44245,385.0,41384.0,41.0,2.283472,6.315436,47.0651145,38.8253865,0.17507081598622265,70.05,63.9325,83.01,69.35249999999999,62.25,57.307500000000005,0,4,0,rb_efficiency_underperformance,normal,statistical_only_retained,3.0,31.140117889831963,0.0,70.59,51.68,62.08,High,Medium,3,3,3,1,0,0,0,4,0,0,4,10,True,Medium
LTE-TP-EP-001010,542020041221088+20250827161234+Fiji-Nadi-LTE-DL-D!20250827161029,Fiji-Nadi-LTE-DL-D,2025-08-27 06:08:49+02:00,2025-08-27 06:08:49+02:00,1,-17.8143623,177.43826694,-17.8143623,177.43826694,395.0,1850.0,3.0,5.076936,5.076936,,,,75.53,75.53,82.23,82.23,67.35,67.35,0,1,0,radio_limited_degradation,normal,statistical_only_retained,0.0,5.0532907185978475,0.0,66.01,57.25,62.07,High,Medium,0,0,0,0,0,0,0,0,0,0,1,0,True,Medium
LTE-TP-EP-000077,542020041221088+20250827100525+Fiji-Nadi-LTE-DL-D!20250827100437,Fiji-Nadi-LTE-DL-D,2025-08-27 00:04:11+02:00,2025-08-27 00:04:11+02:00,1,-17.807038,177.4225792,-17.807038,177.4225792,148.0,41186.0,41.0,0.741792,0.741792,29.987597692395273,29.245805692395273,0.02473662637498019,75.19,75.19,77.8,77.8,72.0,72.0,0,1,0,sudden_drop,normal,statistical_only_retained,0.0,0.0,0.0,62.69,61.2,62.02,High,High,0,0,0,0,0,0,0,0,0,0,0,0,True,Medium
LTE-TP-EP-000087,542020041221088+20250827102346+Fiji-Nadi-LTE-DL-D!20250827102142,Fiji-Nadi-LTE-DL-D,2025-08-27 00:20:12+02:00,2025-08-27 00:20:12+02:00,1,-17.809747,177.4068003,-17.809747,177.4068003,311.0,500.0,1.0,0.660632,0.660632,,,,75.88,75.88,88.69,88.69,60.22,60.22,0,1,0,radio_limited_degradation,normal,statistical_only_retained,0.0,29.267146657065826,0.0,70.85,51.19,62.0,High,Medium,0,0,0,0,0,0,0,1,0,0,1,0,True,Medium
LTE-TP-EP-000665,542020041221088+20250827135208+Fiji-Nadi-LTE-DL-D!20250827132735,Fiji-Nadi-LTE-DL-D,2025-08-27 03:27:07+02:00,2025-08-27 03:27:07+02:00,1,-17.77695055,177.43268876,-17.77695055,177.43268876,338.0,41384.0,41.0,2.561208,2.561208,20.98854938962172,18.42734138962172,0.12202882402470604,74.47,74.47,67.12,67.12,83.45,83.45,0,1,0,sudden_drop,normal,statistical_only_retained,0.0,5.082880589448829,0.0,54.68,70.93,61.99,Medium,High,0,0,0,0,0,0,0,0,0,0,1,0,True,Medium
LTE-TP-EP-001907,542020041221088+20250828143419+Fiji-Nadi-LTE-DL-D!20250828143343,Fiji-Nadi-LTE-DL-D,2025-08-28 04:33:30+02:00,2025-08-28 04:33:30+02:00,1,-17.6208789,177.44822358,-17.6208789,177.44822358,232.0,41186.0,41.0,11.16524,11.16524,105.7221075,94.55686750000001,0.10560932111573731,75.24,75.24,79.88,79.88,69.57,69.57,0,1,0,ca_underperformance,normal,statistical_only_retained,0.0,0.06570626949154554,0.0,64.25,59.13,61.95,High,Medium,1,1,0,1,0,0,0,1,0,0,1,3,True,Medium
LTE-TP-EP-001023,542020041221088+20250827161234+Fiji-Nadi-LTE-DL-D!20250827161029,Fiji-Nadi-LTE-DL-D,2025-08-27 06:10:25+02:00,2025-08-27 06:10:26+02:00,2,-17.8140552,177.443169,-17.81405576,177.44316901,469.0,1850.0,3.0,2.881592,4.202768,,,,74.85,71.53999999999999,89.91,85.28999999999999,56.44,54.735,0,2,0,radio_limited_degradation,normal,statistical_only_retained,1.0,5.6169418940011555,0.0,73.71,47.55,61.94,High,Medium,0,0,0,0,0,0,0,0,0,0,2,0,True,Medium
LTE-TP-EP-001352,542020041221088+20250828122402+Fiji-Nadi-LTE-DL-D!20250828121612,Fiji-Nadi-LTE-DL-D,2025-08-28 02:15:04+02:00,2025-08-28 02:15:05+02:00,2,-17.6034578,177.4530322,-17.6034586,177.4530269,184.0,40988.0,41.0,0.244008,7.2789,40.63121317379653,28.914116176122818,0.008368439565114917,75.81,65.535,78.93,63.35000000000001,72.0,68.205,0,2,0,rolling_local_drop,normal,statistical_only_retained,1.0,0.6601835420714097,0.0,63.29,60.25,61.92,High,High,0,0,0,0,0,0,0,0,0,0,2,0,True,Medium
LTE-TP-EP-000088,542020041221088+20250827102346+Fiji-Nadi-LTE-DL-D!20250827102142,Fiji-Nadi-LTE-DL-D,2025-08-27 00:20:14+02:00,2025-08-27 00:20:14+02:00,1,-17.8097893,177.40692068,-17.8097893,177.40692068,311.0,500.0,1.0,4.681368,4.681368,,,,74.86,74.86,74.62,74.62,75.15,75.15,0,1,0,rb_efficiency_underperformance,normal,statistical_only_retained,0.0,13.316117799545491,0.0,60.3,63.88,61.91,High,High,1,1,1,0,0,0,0,1,0,0,1,3,True,Medium
LTE-TP-EP-000053,542020041221088+20250827095725+Fiji-Nadi-LTE-DL-D!20250827095641,Fiji-Nadi-LTE-DL-D,2025-08-26 23:56:22+02:00,2025-08-26 23:56:23+02:00,2,-17.8161004,177.3954686,-17.81609752,177.39547156,351.0,1850.0,3.0,2.85468,5.533432,27.740386572225827,22.183494300767407,0.1140131051772615,74.86,65.69,66.22,57.42,85.41,75.78999999999999,0,2,0,radio_limited_degradation,normal,statistical_only_retained,1.0,6.499463581700621,0.0,55.11,70.19,61.9,High,High,0,0,0,0,0,0,0,0,0,0,2,0,True,Medium
LTE-TP-EP-001730,542020041221088+20250828135437+Fiji-Nadi-LTE-DL-D!20250828135310,Fiji-Nadi-LTE-DL-D,2025-08-28 03:52:40+02:00,2025-08-28 03:52:44+02:00,5,-17.61676556,177.44703495,-17.6163984,177.4465679,232.0,41384.0,41.0,1.929832,3.673128,,,,71.83,64.982,84.25,73.966,56.64,54.0,0,5,0,radio_limited_degradation,normal,statistical_only_retained,4.0,64.42724216276582,0.0,73.67,47.48,61.89,High,Medium,0,0,1,0,0,0,0,5,0,0,5,1,True,Medium
LTE-TP-EP-001259,542020041221088+20250828115753+Fiji-Nadi-LTE-DL-D!20250828113321,Fiji-Nadi-LTE-DL-D,2025-08-28 01:31:42+02:00,2025-08-28 01:31:43+02:00,2,-17.60485152,177.45749359,-17.60490083,177.45750724,184.0,40988.0,41.0,0.707792,1.0877439999999998,,,,74.48,72.235,88.52,87.19,57.32,53.955,0,2,0,radio_limited_degradation,normal,statistical_only_retained,1.0,5.802376327668146,0.0,73.33,47.88,61.88,High,Medium,0,0,0,0,0,0,0,2,0,0,2,0,True,Medium
LTE-TP-EP-001992,542020041221088+20250829102934+Nawaka-LTE-DL!20250829102857,Nawaka-LTE-DL,2025-08-29 00:28:34+02:00,2025-08-29 00:28:35+02:00,2,-17.8128905,177.4432643,-17.8128905,177.4432643,469.0,1850.0,3.0,0.538096,0.8062,,,,74.3,72.78,89.12,88.18,56.18,53.95,0,2,0,radio_limited_degradation,normal,statistical_only_retained,1.0,0.0,0.0,73.86,47.2,61.86,High,Medium,0,0,0,0,0,0,0,0,0,0,0,0,True,Medium
LTE-TP-EP-000601,542020041221088+20250827134347+Fiji-Nadi-LTE-DL-D!20250827131002,Fiji-Nadi-LTE-DL-D,2025-08-27 03:08:23+02:00,2025-08-27 03:08:23+02:00,1,-17.7771136,177.4309774,-17.7771136,177.4309774,131.0,356.0,1.0,0.43603998,0.43603998,31.236129805762822,30.80008982576282,0.013959475220248126,75.08,75.08,79.23,79.23,70.0,70.0,0,1,0,sudden_drop,normal,statistical_only_retained,0.0,11.54431499173419,0.0,63.76,59.5,61.84,High,Medium,0,0,0,0,0,0,0,0,0,0,1,0,True,Medium
LTE-TP-EP-001942,542020041221088+20250828153842+Fiji-Nadi-LTE-DL-D!20250828152712,Fiji-Nadi-LTE-DL-D,2025-08-28 05:26:26+02:00,2025-08-28 05:26:28+02:00,3,-17.678618,177.3973326,-17.6784884,177.3975848,318.0,9310.0,28.0,0.470016,0.483712,,,,72.7,71.85333333333334,89.35,89.06,52.4,50.82333333333333,0,3,0,radio_limited_degradation,normal,statistical_only_retained,2.0,45.435096780370586,0.0,76.29,44.15,61.83,High,Medium,0,0,0,0,0,0,0,3,0,0,3,0,True,Medium
LTE-TP-EP-000373,542020041221088+20250827123437+Fiji-Nadi-LTE-DL-D!20250827114425,Fiji-Nadi-LTE-DL-D,2025-08-27 01:42:42+02:00,2025-08-27 01:42:42+02:00,1,-17.79651594,177.40066415,-17.79651594,177.40066415,140.0,500.0,1.0,0.850424,0.850424,,,,76.22,76.22,97.02,97.02,50.79,50.79,0,1,0,radio_limited_degradation,normal,statistical_only_retained,0.0,13.348917974590352,0.0,77.1,43.17,61.83,High,Medium,0,0,0,0,0,0,0,1,1,1,1,0,True,Medium
LTE-TP-EP-001386,542020041221088+20250828123342+Fiji-Nadi-LTE-DL-D!20250828123109,Fiji-Nadi-LTE-DL-D,2025-08-28 02:29:07+02:00,2025-08-28 02:29:07+02:00,1,-17.6276777,177.4328325,-17.6276777,177.4328325,346.0,40988.0,41.0,15.2183275,15.2183275,51.307278,36.088950499999996,0.2966114768357035,64.69,64.69,41.72,41.72,92.76,92.76,1,0,0,rb_conditioned_underperformance,ml_quantile_p75_resource_underperformance,statistical_and_ml_consensus,0.0,,100.0,35.63,93.85,61.82,Medium,Very High,0,1,0,0,1,0,1,0,0,0,1,3,True,Medium
LTE-TP-EP-001851,542020041221088+20250828141618+Fiji-Nadi-LTE-DL-D!20250828141538,Fiji-Nadi-LTE-DL-D,2025-08-28 04:14:05+02:00,2025-08-28 04:14:05+02:00,1,-17.61128799,177.4583772,-17.61128799,177.4583772,182.0,41186.0,41.0,5.275624,5.275624,60.097231750000006,54.821607750000005,0.08778480882357778,74.82,74.82,75.7,75.7,73.74,73.74,0,1,0,ca_underperformance,normal,statistical_only_retained,0.0,0.04412265457643247,0.0,61.11,62.68,61.82,High,High,1,1,1,1,0,0,0,1,0,0,1,4,True,Medium
LTE-TP-EP-000679,542020041221088+20250827135348+Fiji-Nadi-LTE-DL-D!20250827133514,Fiji-Nadi-LTE-DL-D,2025-08-27 03:34:37+02:00,2025-08-27 03:34:37+02:00,1,-17.7914438,177.4233813,-17.7914438,177.4233813,132.0,9310.0,28.0,7.759808,7.759808,35.8816643575282,28.121856357528202,0.21626109432050195,73.81,73.81,60.27,60.27,90.36,90.36,0,1,0,radio_limited_degradation,normal,statistical_only_retained,0.0,7.476150881115589,0.0,49.54,76.81,61.81,Medium,High,0,0,0,0,0,0,0,0,0,0,0,0,True,Medium
LTE-TP-EP-000050,542020041221088+20250827095725+Fiji-Nadi-LTE-DL-D!20250827095641,Fiji-Nadi-LTE-DL-D,2025-08-26 23:54:44+02:00,2025-08-26 23:54:44+02:00,1,-17.816197,177.3954095,-17.816197,177.3954095,351.0,1850.0,3.0,0.01332,0.01332,,,,75.78,75.78,90.95,90.95,57.24,57.24,0,1,0,radio_limited_degradation,normal,statistical_only_retained,0.0,0.0,0.0,72.55,48.65,61.8,High,Medium,0,0,0,0,0,0,0,0,0,0,1,0,True,Medium
LTE-TP-EP-001739,542020041221088+20250828140057+Fiji-Nadi-LTE-DL-D!20250828135741,Fiji-Nadi-LTE-DL-D,2025-08-28 03:55:43+02:00,2025-08-28 03:55:43+02:00,1,-17.60849411,177.45598874,-17.60849411,177.45598874,182.0,41186.0,41.0,0.40895998,0.40895998,,,,76.26,76.26,98.57,98.57,49.0,49.0,0,1,0,radio_limited_degradation,normal,statistical_only_retained,0.0,0.07484027789485048,0.0,78.26,41.65,61.79,High,Medium,0,0,0,0,0,0,0,1,0,0,1,0,True,Medium
LTE-TP-EP-000998,542020041221088+20250827161154+Fiji-Nadi-LTE-DL-D!20250827160820,Fiji-Nadi-LTE-DL-D,2025-08-27 06:07:24+02:00,2025-08-27 06:07:24+02:00,1,-17.81281855,177.43693058,-17.81281855,177.43693058,148.0,40790.0,41.0,0.83376,0.83376,,,,76.15,76.15,97.08,97.08,50.56,50.56,0,1,0,radio_limited_degradation,normal,statistical_only_retained,0.0,0.0362657495747895,0.0,77.15,42.98,61.77,High,Medium,0,0,0,0,0,0,0,1,0,0,1,0,True,Medium
LTE-TP-EP-000635,542020041221088+20250827134908+Fiji-Nadi-LTE-DL-D!20250827131851,Fiji-Nadi-LTE-DL-D,2025-08-27 03:18:41+02:00,2025-08-27 03:18:43+02:00,3,-17.77101559,177.43950994,-17.7711259,177.43958516,123.0,40988.0,41.0,1.80516,4.49012,,,,69.31,64.98333333333333,84.68,72.88333333333334,62.02,55.326666666666675,0,3,0,rb_efficiency_underperformance,normal,statistical_only_retained,2.0,21.796620178621428,0.0,70.49,51.04,61.74,High,Medium,1,2,2,0,0,0,0,3,0,0,3,5,True,Medium
LTE-TP-EP-000631,542020041221088+20250827134908+Fiji-Nadi-LTE-DL-D!20250827131851,Fiji-Nadi-LTE-DL-D,2025-08-27 03:17:07+02:00,2025-08-27 03:17:11+02:00,5,-17.77087102,177.43692348,-17.77090166,177.43695129,123.0,1850.0,3.0,10.731592,28.6516,135.5693,106.9177,0.13477784624863745,72.04,61.378,73.17,62.932,70.66,59.476,0,5,0,rb_conditioned_underperformance,normal,statistical_only_retained,4.0,8.338740573017486,0.0,65.37,57.26,61.72,High,Medium,5,4,0,0,0,0,0,5,0,0,5,9,True,Medium
LTE-TP-EP-001661,542020041221088+20250828134016+Fiji-Nadi-LTE-DL-D!20250828133246,Fiji-Nadi-LTE-DL-D,2025-08-28 03:32:00+02:00,2025-08-28 03:32:02+02:00,3,-17.61732107,177.46149302,-17.6171585,177.46132412,253.0,40988.0,41.0,0.010704,4.125824,23.179679344048793,18.392319344048794,0.0007639132470043634,69.55,64.67666666666666,67.22,58.91,80.37,71.72333333333334,0,3,0,rolling_local_drop,normal,statistical_only_retained,2.0,25.49622551156595,0.0,58.09,66.15,61.72,High,High,0,0,0,0,0,0,0,3,0,0,3,0,True,Medium
LTE-TP-EP-000447,542020041221088+20250827131243+Fiji-Nadi-LTE-DL-D!20250827120629,Fiji-Nadi-LTE-DL-D,2025-08-27 02:04:57+02:00,2025-08-27 02:04:58+02:00,2,-17.77702995,177.37680136,-17.7771371,177.3769063,158.0,40988.0,41.0,0.494304,0.502288,,,,73.71,73.52,89.27,89.24,54.76,54.3,0,2,0,radio_limited_degradation,normal,statistical_only_retained,1.0,16.912401080681125,0.0,74.15,46.43,61.68,High,Medium,0,0,0,0,0,0,0,0,2,2,2,0,True,Medium
LTE-TP-EP-000049,542020041221088+20250827095725+Fiji-Nadi-LTE-DL-D!20250827095641,Fiji-Nadi-LTE-DL-D,2025-08-26 23:54:41+02:00,2025-08-26 23:54:41+02:00,1,-17.816197,177.3954095,-17.816197,177.3954095,351.0,1850.0,3.0,0.06308,0.06308,,,,75.64,75.64,90.78,90.78,57.13,57.13,0,1,0,radio_limited_degradation,normal,statistical_only_retained,0.0,0.0,0.0,72.42,48.56,61.68,High,Medium,0,0,0,0,0,0,0,0,0,0,0,0,True,Medium
LTE-TP-EP-001606,542020041221088+20250828132555+Fiji-Nadi-LTE-DL-D!20250828131914,Fiji-Nadi-LTE-DL-D,2025-08-28 03:17:49+02:00,2025-08-28 03:17:49+02:00,1,-17.6238558,177.4662977,-17.6238558,177.4662977,253.0,41384.0,41.0,0.939088,0.939088,29.3430150021514,28.4039270021514,0.03200380056143334,74.71,74.71,76.93,76.93,72.0,72.0,0,1,0,sudden_drop,normal,statistical_only_retained,0.0,17.830246579481273,0.0,62.03,61.2,61.66,High,High,0,0,0,0,0,0,0,0,0,1,1,0,True,Medium
LTE-TP-EP-000883,542020041221088+20250827152052+Fiji-Nadi-LTE-DL-D!20250827151954,Fiji-Nadi-LTE-DL-D,2025-08-27 05:19:50+02:00,2025-08-27 05:19:50+02:00,1,-17.7429311,177.44192406,-17.7429311,177.44192406,120.0,40790.0,41.0,1.9269919,1.9269919,35.385472682709405,33.45848078270941,0.05445714735193,74.71,74.71,76.92,76.92,72.0,72.0,0,1,0,sudden_drop,normal,statistical_only_retained,0.0,0.03539462569377434,0.0,62.03,61.2,61.65,High,High,0,0,0,0,0,0,0,0,0,0,1,0,True,Medium
LTE-TP-EP-001837,542020041221088+20250828141358+Fiji-Nadi-LTE-DL-D!20250828141324,Fiji-Nadi-LTE-DL-D,2025-08-28 04:12:21+02:00,2025-08-28 04:12:21+02:00,1,-17.61304669,177.46329225,-17.61304669,177.46329225,250.0,356.0,1.0,3.880992,3.880992,,,,75.31,75.31,86.42,86.42,61.74,61.74,0,1,0,radio_limited_degradation,normal,statistical_only_retained,0.0,0.10142357928481945,0.0,69.15,52.48,61.65,High,Medium,0,0,0,0,0,0,0,1,0,0,1,0,True,Medium
LTE-TP-EP-001354,542020041221088+20250828122402+Fiji-Nadi-LTE-DL-D!20250828121612,Fiji-Nadi-LTE-DL-D,2025-08-28 02:15:17+02:00,2025-08-28 02:15:18+02:00,2,-17.6035258,177.4529345,-17.603536,177.4529132,184.0,40988.0,41.0,0.767024,2.086644,23.58352617874804,21.371878506741023,0.0346459811983205,73.19,70.925,74.16,70.03999999999999,72.0,72.0,0,2,0,rolling_local_drop,normal,statistical_only_retained,1.0,4.708038526840681,0.0,62.0,61.2,61.64,High,High,0,0,0,0,0,0,0,0,0,0,2,0,True,Medium
LTE-TP-EP-001283,542020041221088+20250828121001+Fiji-Nadi-LTE-DL-D!20250828114201,Fiji-Nadi-LTE-DL-D,2025-08-28 01:41:52+02:00,2025-08-28 01:41:52+02:00,1,-17.6036716,177.45252971,-17.6036716,177.45252971,184.0,41384.0,41.0,0.003112,0.003112,,,,75.58,75.58,90.99,90.99,56.75,56.75,0,1,0,radio_limited_degradation,normal,statistical_only_retained,0.0,0.12024662414166179,0.0,72.58,48.24,61.63,High,Medium,0,0,0,0,0,0,0,1,0,0,1,0,True,Medium
LTE-TP-EP-001519,542020041221088+20250828125624+Fiji-Nadi-LTE-DL-D!20250828125546,Fiji-Nadi-LTE-DL-D,2025-08-28 02:55:18+02:00,2025-08-28 02:55:19+02:00,2,-17.63548704,177.45632911,-17.63539999,177.45631715,275.0,40988.0,41.0,1.785216,3.505764,,,,75.32,69.83,93.75,87.72999999999999,52.79,47.945,0,2,0,radio_limited_degradation,normal,statistical_only_retained,1.0,19.826138558204924,0.0,76.31,43.66,61.62,High,Medium,0,0,0,0,0,0,0,2,0,0,2,0,True,Medium
LTE-TP-EP-001861,542020041221088+20250828141838+Fiji-Nadi-LTE-DL-D!20250828141754,Fiji-Nadi-LTE-DL-D,2025-08-28 04:17:07+02:00,2025-08-28 04:17:10+02:00,4,-17.6115521,177.4579555,-17.61139678,177.45811017,140.0,40790.0,41.0,4.81428,7.611656,49.4498,44.63552,0.09735691549814154,72.86,61.447500000000005,70.62,59.24,75.59,64.145,0,4,0,ca_underperformance,normal,statistical_only_retained,3.0,47.539565754079355,0.0,61.76,61.39,61.59,High,High,4,4,3,4,0,0,0,4,0,0,4,15,True,Medium
LTE-TP-EP-000370,542020041221088+20250827123437+Fiji-Nadi-LTE-DL-D!20250827114425,Fiji-Nadi-LTE-DL-D,2025-08-27 01:42:27+02:00,2025-08-27 01:42:27+02:00,1,-17.79673347,177.40252806,-17.79673347,177.40252806,351.0,500.0,1.0,0.889528,0.889528,,,,75.87,75.87,96.89,96.89,50.18,50.18,0,1,0,radio_limited_degradation,normal,statistical_only_retained,0.0,0.08142059616538516,0.0,77.0,42.65,61.55,High,Medium,0,0,0,0,0,0,0,1,1,1,1,0,True,Medium
LTE-TP-EP-000614,542020041221088+20250827134427+Fiji-Nadi-LTE-DL-D!20250827131213,Fiji-Nadi-LTE-DL-D,2025-08-27 03:11:55+02:00,2025-08-27 03:11:56+02:00,2,-17.77683173,177.43240343,-17.77680505,177.43242336,129.0,41186.0,41.0,0.012176,0.096868,20.80360031561693,20.62204031561693,0.0006934981470751908,72.56,72.14500000000001,73.02,72.72,72.0,71.44,0,2,0,rolling_local_drop,normal,statistical_only_retained,1.0,6.988279772601201,0.0,61.91,61.06,61.53,High,High,0,0,0,0,0,0,0,0,0,0,2,0,True,Medium
LTE-TP-EP-000472,542020041221088+20250827131624+Fiji-Nadi-LTE-DL-D!20250827121056,Fiji-Nadi-LTE-DL-D,2025-08-27 02:09:21+02:00,2025-08-27 02:09:26+02:00,6,-17.79462156,177.39535647,-17.7951947,177.3958751,138.0,9310.0,28.0,1.891296,2.7778840000000002,,,,70.72,66.03333333333333,93.38,89.98,43.03,36.763333333333335,0,6,0,radio_limited_degradation,normal,statistical_only_retained,5.0,98.51421349333513,0.0,83.19,35.01,61.51,Critical,Low,0,0,0,0,0,0,0,6,0,0,6,0,False,Not handed off
LTE-TP-EP-001188,542020041221088+20250828113631+Fiji-Nadi-LTE-DL-D!20250828110448,Fiji-Nadi-LTE-DL-D,2025-08-28 01:04:48+02:00,2025-08-28 01:04:49+02:00,2,-17.63559176,177.47820704,-17.63551238,177.47822184,377.0,356.0,1.0,0.695288,0.93632,,,,74.32,73.19,97.57,96.725,45.9,44.42,0,2,0,radio_limited_degradation,normal,statistical_only_retained,1.0,17.250155940215386,0.0,80.21,38.64,61.51,Critical,Low,0,0,0,0,0,0,0,2,0,0,2,0,False,Not handed off
LTE-TP-EP-000440,542020041221088+20250827130936+Fiji-Nadi-LTE-DL-D!20250827120414,Fiji-Nadi-LTE-DL-D,2025-08-27 02:02:35+02:00,2025-08-27 02:02:35+02:00,1,-17.7733388,177.3794864,-17.7733388,177.3794864,155.0,500.0,1.0,64.29984,64.29984,159.23947009241485,94.93963009241484,0.40379335577218073,73.51,73.51,61.16,61.16,88.61,88.61,0,1,0,rb_conditioned_underperformance,ml_hgb_strict_causal_temporal_underperformance,statistical_only_retained,0.0,12.667149127270042,0.0,50.21,75.32,61.51,Medium,High,1,1,0,0,0,0,1,0,0,0,1,3,True,Medium
LTE-TP-EP-001406,542020041221088+20250828123602+Fiji-Nadi-LTE-DL-D!20250828123538,Fiji-Nadi-LTE-DL-D,2025-08-28 02:35:12+02:00,2025-08-28 02:35:13+02:00,2,-17.6312087,177.4395005,-17.6312485,177.4395079,315.0,1850.0,3.0,0.943784,20.892492,115.36553,74.52433,0.0296493085577172,75.32,64.995,78.03,64.82,72.0,65.2,0,2,0,rb_conditioned_underperformance,normal,statistical_only_retained,1.0,9.702328349087676,0.0,63.09,59.5,61.47,High,Medium,0,1,0,0,0,0,0,2,0,0,2,1,True,Medium
LTE-TP-EP-001567,542020041221088+20250828131005+Fiji-Nadi-LTE-DL-D!20250828130912,Fiji-Nadi-LTE-DL-D,2025-08-28 03:08:28+02:00,2025-08-28 03:08:28+02:00,1,-17.6277949,177.4605756,-17.6277949,177.4605756,255.0,40988.0,41.0,0.054791998,0.054791998,26.59801945601479,26.54322745801479,0.0020600029295643483,74.57,74.57,78.47,78.47,69.81,69.81,0,1,0,sudden_drop,normal,statistical_only_retained,0.0,15.492730130076449,0.0,63.19,59.34,61.46,High,Medium,0,0,0,0,0,0,0,0,0,0,1,0,True,Medium
LTE-TP-EP-000302,542020041221088+20250827122034+Fiji-Nadi-LTE-DL-D!20250827113125,Fiji-Nadi-LTE-DL-D,2025-08-27 01:29:38+02:00,2025-08-27 01:29:39+02:00,2,-17.7778952,177.424624,-17.77789424,177.42462238,341.0,356.0,1.0,2.04068,3.0882680000000002,35.07164666887176,30.935790668871757,0.07209921285087566,72.05,69.805,73.1,71.91999999999999,73.66,67.22999999999999,0,2,0,rolling_local_drop,normal,statistical_only_retained,1.0,24.622795484067822,0.0,61.79,61.0,61.44,High,High,0,0,0,0,0,0,0,1,0,0,2,0,True,Medium
LTE-TP-EP-001325,542020041221088+20250828122022+Fiji-Nadi-LTE-DL-D!20250828120340,Fiji-Nadi-LTE-DL-D,2025-08-28 02:01:43+02:00,2025-08-28 02:01:44+02:00,2,-17.6046294,177.4530047,-17.6046294,177.4530047,183.0,41384.0,41.0,0.01268,0.0368,18.696731645957858,18.635811645957858,0.0007111966066909616,72.37,72.015,73.85,73.35499999999999,70.56,70.38,0,2,0,radio_limited_degradation,normal,statistical_only_retained,1.0,0.0,0.0,62.49,59.93,61.34,High,Medium,0,0,0,0,0,0,0,0,0,0,0,0,True,Medium
LTE-TP-EP-000225,542020041221088+20250827111708+Fiji-Nadi-LTE-DL-D!20250827110046,Fiji-Nadi-LTE-DL-D,2025-08-27 00:59:34+02:00,2025-08-27 00:59:34+02:00,1,-17.7803162,177.4853279,-17.7803162,177.4853279,333.0,1850.0,3.0,0.444488,0.444488,,,,75.13,75.13,89.44,89.44,57.64,57.64,0,1,0,radio_limited_degradation,normal,statistical_only_retained,0.0,5.762819813500706,0.0,71.42,48.99,61.33,High,Medium,0,0,0,0,0,0,0,1,0,0,1,0,True,Medium
LTE-TP-EP-001159,542020041221088+20250828113551+Fiji-Nadi-LTE-DL-D!20250828110238,Fiji-Nadi-LTE-DL-D,2025-08-28 01:01:12+02:00,2025-08-28 01:01:12+02:00,1,-17.63676468,177.46064178,-17.63676468,177.46064178,271.0,40790.0,41.0,6.136536,6.136536,33.20475419231784,27.068218192317843,0.18480895730948468,73.47,73.47,64.07,64.07,84.97,84.97,0,1,0,sudden_drop,normal,statistical_only_retained,0.0,6.342783795465981,0.0,52.39,72.22,61.31,Medium,High,0,0,0,0,0,0,0,1,0,0,1,0,True,Medium
LTE-TP-EP-000787,542020041221088+20250827141230+Fiji-Nadi-LTE-DL-D!20250827140734,Fiji-Nadi-LTE-DL-D,2025-08-27 04:07:21+02:00,2025-08-27 04:07:21+02:00,1,-17.7637315,177.4408895,-17.7637315,177.4408895,136.0,40790.0,41.0,5.920696,5.920696,,,,74.42,74.42,79.28,79.28,68.49,68.49,0,1,0,rb_efficiency_underperformance,normal,statistical_only_retained,0.0,0.0024631447546817264,0.0,63.8,58.22,61.29,High,Medium,1,1,1,0,0,0,0,1,0,0,1,3,True,Medium
LTE-TP-EP-000226,542020041221088+20250827111708+Fiji-Nadi-LTE-DL-D!20250827110046,Fiji-Nadi-LTE-DL-D,2025-08-27 00:59:36+02:00,2025-08-27 00:59:36+02:00,1,-17.7803483,177.4854561,-17.7803483,177.4854561,333.0,1850.0,3.0,0.480152,0.480152,,,,75.04,75.04,89.32,89.32,57.58,57.58,0,1,0,radio_limited_degradation,normal,statistical_only_retained,0.0,7.370026622919107,0.0,71.33,48.94,61.25,High,Medium,0,0,0,0,0,0,0,1,0,0,1,0,True,Medium
LTE-TP-EP-000953,542020041221088+20250827160154+Fiji-Nadi-LTE-DL-D!20250827155510,Fiji-Nadi-LTE-DL-D,2025-08-27 05:53:13+02:00,2025-08-27 05:53:14+02:00,2,-17.78877476,177.44170807,-17.78877476,177.44170807,340.0,41384.0,41.0,0.043656,0.046716,,,,73.27,73.25999999999999,90.85,90.84,51.78,51.769999999999996,0,2,0,radio_limited_degradation,normal,statistical_only_retained,1.0,0.005465550170438975,0.0,75.34,44.01,61.24,High,Medium,0,0,0,0,0,0,0,0,0,0,0,0,True,Medium
LTE-TP-EP-000355,542020041221088+20250827123136+Fiji-Nadi-LTE-DL-D!20250827114007,Fiji-Nadi-LTE-DL-D,2025-08-27 01:40:03+02:00,2025-08-27 01:40:04+02:00,2,-17.79171773,177.41237519,-17.79180858,177.41228952,363.0,1850.0,3.0,0.092943996,3.461535998,33.72610919758423,26.895981197584227,0.003968148445568999,72.83,69.1,77.05,69.765,68.9,68.29,0,2,0,radio_limited_degradation,normal,statistical_only_retained,1.0,27.092659737350832,0.0,63.54,58.41,61.23,High,Medium,0,0,0,0,0,0,0,0,0,0,0,0,True,Medium
LTE-TP-EP-000085,542020041221088+20250827102346+Fiji-Nadi-LTE-DL-D!20250827102142,Fiji-Nadi-LTE-DL-D,2025-08-27 00:19:40+02:00,2025-08-27 00:19:40+02:00,1,-17.8092496,177.4025514,-17.8092496,177.4025514,351.0,500.0,1.0,7.961176,7.961176,43.970293999999996,36.009117999999994,0.1810580570600688,72.95,72.95,57.49,57.49,91.84,91.84,0,1,0,ca_underperformance,ml_quantile_p75_resource_underperformance,statistical_only_retained,0.0,,0.0,47.45,78.06,61.23,Medium,High,1,1,1,1,1,0,0,1,0,0,1,5,True,Medium
LTE-TP-EP-000385,542020041221088+20250827123437+Fiji-Nadi-LTE-DL-D!20250827114425,Fiji-Nadi-LTE-DL-D,2025-08-27 01:44:03+02:00,2025-08-27 01:44:07+02:00,5,-17.7904278,177.39473854,-17.78993516,177.3945255,138.0,1850.0,3.0,1.61664,3.093392,,,,72.02,64.416,94.34,87.53999999999999,44.75,36.160000000000004,0,5,0,radio_limited_degradation,normal,statistical_only_retained,4.0,74.08003160119704,0.0,81.94,35.89,61.22,Critical,Low,0,0,0,0,0,0,0,5,0,0,5,0,False,Not handed off
LTE-TP-EP-000480,542020041221088+20250827131704+Fiji-Nadi-LTE-DL-D!20250827121308,Fiji-Nadi-LTE-DL-D,2025-08-27 02:11:05+02:00,2025-08-27 02:11:05+02:00,1,-17.7968201,177.4069989,-17.7968201,177.4069989,363.0,40988.0,41.0,2.93192,2.93192,32.41143,29.479510000000005,0.09045944594237279,73.46,73.46,65.8,65.8,82.82,82.82,0,1,0,ca_underperformance,normal,statistical_only_retained,0.0,,0.0,53.69,70.4,61.21,Medium,High,1,1,1,1,0,0,0,1,0,0,1,4,True,Medium
LTE-TP-EP-000095,542020041221088+20250827102526+Fiji-Nadi-LTE-DL-D!20250827102354,Fiji-Nadi-LTE-DL-D,2025-08-27 00:22:06+02:00,2025-08-27 00:22:06+02:00,1,-17.8068136,177.41642262,-17.8068136,177.41642262,149.0,41186.0,41.0,18.834808,18.834808,88.77324522582228,69.93843722582228,0.2121676182062267,73.55,73.55,67.24,67.24,81.26,81.26,0,1,0,rb_conditioned_underperformance,ml_hgb_strict_causal_temporal_underperformance,statistical_only_retained,0.0,0.10323665439736103,0.0,54.77,69.07,61.2,Medium,High,1,1,0,0,0,0,1,0,0,0,1,3,True,Medium
LTE-TP-EP-001611,542020041221088+20250828132735+Fiji-Nadi-LTE-DL-D!20250828132130,Fiji-Nadi-LTE-DL-D,2025-08-28 03:19:32+02:00,2025-08-28 03:19:32+02:00,1,-17.61804793,177.46705578,-17.61804793,177.46705578,234.0,500.0,1.0,0.17656,0.17656,,,,75.04,75.04,90.38,90.38,56.29,56.29,0,1,0,radio_limited_degradation,normal,statistical_only_retained,0.0,6.201677105438012,0.0,72.12,47.85,61.2,High,Medium,0,0,0,0,0,0,0,0,0,0,1,0,True,Medium
LTE-TP-EP-000365,542020041221088+20250827123337+Fiji-Nadi-LTE-DL-D!20250827114216,Fiji-Nadi-LTE-DL-D,2025-08-27 01:41:58+02:00,2025-08-27 01:41:59+02:00,2,-17.79678763,177.40600631,-17.796782,177.4057904,148.0,500.0,1.0,3.724192,4.986428,49.4498,43.201136000000005,0.1263637871133958,71.32,67.405,86.97,76.695,59.91,56.055,0,2,0,ca_underperformance,normal,statistical_only_retained,1.0,34.14281423238669,0.0,70.38,49.96,61.19,High,Medium,1,1,1,1,0,0,0,2,0,0,2,4,True,Medium
LTE-TP-EP-000381,542020041221088+20250827123437+Fiji-Nadi-LTE-DL-D!20250827114425,Fiji-Nadi-LTE-DL-D,2025-08-27 01:43:13+02:00,2025-08-27 01:43:14+02:00,2,-17.79595911,177.39671456,-17.7958421,177.3964848,140.0,356.0,1.0,2.389616,4.8051759999999994,,,,71.13,68.365,91.64,83.185,54.45,50.255,0,2,0,radio_limited_degradation,normal,statistical_only_retained,1.0,41.0850772405403,0.0,74.24,45.23,61.19,High,Medium,0,0,0,0,0,0,0,0,0,0,2,0,True,Medium
LTE-TP-EP-000668,542020041221088+20250827135208+Fiji-Nadi-LTE-DL-D!20250827132735,Fiji-Nadi-LTE-DL-D,2025-08-27 03:27:32+02:00,2025-08-27 03:27:32+02:00,1,-17.7778896,177.4320194,-17.7778896,177.4320194,338.0,41384.0,41.0,2.369368,2.369368,15.7547318463107,13.3853638463107,0.15039088085493738,73.32,73.32,63.97,63.97,84.75,84.75,0,1,0,sudden_drop,normal,statistical_only_retained,0.0,10.668047907869743,0.0,52.31,72.04,61.19,Medium,High,0,0,0,0,0,0,0,0,0,0,0,0,True,Medium
LTE-TP-EP-000964,542020041221088+20250827160414+Fiji-Nadi-LTE-DL-D!20250827155722,Fiji-Nadi-LTE-DL-D,2025-08-27 05:57:18+02:00,2025-08-27 05:57:18+02:00,1,-17.79967259,177.45104095,-17.79967259,177.45104095,470.0,40988.0,41.0,0.600824,0.600824,,,,74.92,74.92,88.9,88.9,57.84,57.84,0,1,0,radio_limited_degradation,normal,statistical_only_retained,0.0,4.135280245576766,0.0,71.01,49.16,61.18,High,Medium,0,0,0,0,0,0,0,1,0,0,1,0,True,Medium
LTE-TP-EP-000110,542020041221088+20250827102926+Fiji-Nadi-LTE-DL-D!20250827102813,Fiji-Nadi-LTE-DL-D,2025-08-27 00:27:28+02:00,2025-08-27 00:27:29+02:00,2,-17.81326579,177.43499974,-17.81329882,177.43501766,332.0,1850.0,3.0,1.479072,3.263096,27.996896250000002,22.949776250000003,0.18027426879506328,69.44,62.254999999999995,94.82,74.735,55.59,47.005,0,2,0,ca_underperformance,normal,statistical_only_retained,1.0,10.108106678403734,0.0,74.3,45.11,61.16,High,Medium,1,1,1,1,0,0,0,2,0,0,2,4,True,Medium
LTE-TP-EP-001576,542020041221088+20250828131435+Fiji-Nadi-LTE-DL-D!20250828131128,Fiji-Nadi-LTE-DL-D,2025-08-28 03:10:50+02:00,2025-08-28 03:10:51+02:00,2,-17.62796598,177.46986928,-17.6280658,177.470054,254.0,40988.0,41.0,0.015552,0.041392,16.29211406334083,16.22488206334083,0.0012057301955404108,72.88,69.765,74.23,70.1,71.22,69.35499999999999,0,2,0,rolling_local_drop,normal,statistical_only_retained,1.0,22.539848453773246,0.0,62.05,60.07,61.16,High,High,0,0,0,0,0,0,0,2,0,0,2,0,True,Medium
LTE-TP-EP-001417,542020041221088+20250828123823+Fiji-Nadi-LTE-DL-D!20250828123754,Fiji-Nadi-LTE-DL-D,2025-08-28 02:36:47+02:00,2025-08-28 02:36:48+02:00,2,-17.6275527,177.4424653,-17.6275866,177.4424688,385.0,41384.0,41.0,4.494032,7.824192,47.0651145,35.910762500000004,0.23699829732699362,75.22,63.29,75.27,62.73,75.15,63.975,0,2,0,rb_conditioned_underperformance,normal,statistical_only_retained,1.0,7.075874890299228,0.0,61.15,61.08,61.12,High,High,2,2,1,0,0,0,0,2,0,0,2,5,True,Medium
LTE-TP-EP-001508,542020041221088+20250828125404+Fiji-Nadi-LTE-DL-D!20250828125334,Fiji-Nadi-LTE-DL-D,2025-08-28 02:52:56+02:00,2025-08-28 02:52:56+02:00,1,-17.63119972,177.45446859,-17.63119972,177.45446859,167.0,40988.0,41.0,3.333944,3.333944,,,,74.82,74.82,88.33,88.33,58.31,58.31,0,1,0,radio_limited_degradation,normal,statistical_only_retained,0.0,12.069477033762272,0.0,70.58,49.56,61.12,High,Medium,0,0,0,0,0,0,0,1,0,0,1,0,True,Medium
LTE-TP-EP-000876,542020041221088+20250827152052+Fiji-Nadi-LTE-DL-D!20250827151954,Fiji-Nadi-LTE-DL-D,2025-08-27 05:17:58+02:00,2025-08-27 05:17:59+02:00,2,-17.7449354,177.4423466,-17.7449356,177.44234643,120.0,40790.0,41.0,0.053672,1.806696,28.506035332242302,24.946315332242303,0.003245614168753281,72.03,71.075,70.75,69.67,73.6,72.8,0,2,0,radio_limited_degradation,normal,statistical_only_retained,1.0,1.5157585529816555,0.0,60.05,62.36,61.09,High,High,0,0,0,0,0,0,0,0,0,0,2,0,True,Medium
LTE-TP-EP-000775,542020041221088+20250827141150+Fiji-Nadi-LTE-DL-D!20250827140658,Fiji-Nadi-LTE-DL-D,2025-08-27 04:05:41+02:00,2025-08-27 04:05:41+02:00,1,-17.76555018,177.44188484,-17.76555018,177.44188484,125.0,41186.0,41.0,0.041176,0.041176,,,,74.16,74.16,78.86,78.86,68.42,68.42,0,1,0,radio_limited_degradation,normal,statistical_only_retained,0.0,7.955723987596877,0.0,63.48,58.16,61.09,High,Medium,0,0,0,0,0,0,0,0,0,0,1,0,True,Medium
LTE-TP-EP-001549,542020041221088+20250828130244+Fiji-Nadi-LTE-DL-D!20250828130228,Fiji-Nadi-LTE-DL-D,2025-08-28 03:01:57+02:00,2025-08-28 03:02:00+02:00,4,-17.63019589,177.4531034,-17.63032671,177.45313689,170.0,40790.0,41.0,6.028496,9.684491999999999,62.203377,56.174881000000006,0.09691589573987276,71.81,62.465,74.9,63.2325,68.37,61.532500000000006,0,4,0,ca_underperformance,normal,statistical_only_retained,3.0,22.937861367171042,0.0,64.91,56.41,61.08,High,Medium,4,4,2,3,0,0,0,4,0,0,4,13,True,Medium
LTE-TP-EP-001434,542020041221088+20250828124043+Fiji-Nadi-LTE-DL-D!20250828124009,Fiji-Nadi-LTE-DL-D,2025-08-28 02:39:02+02:00,2025-08-28 02:39:04+02:00,3,-17.62797927,177.44376564,-17.62762,177.4437654,385.0,41384.0,41.0,7.200344,14.130736,98.07729499999999,83.946559,0.11963836777330304,70.75,65.23333333333333,73.93,69.42666666666668,71.04,60.10666666666666,0,3,0,ca_underperformance,normal,statistical_only_retained,2.0,53.49802332513917,0.0,63.89,57.65,61.08,High,Medium,3,3,1,2,0,0,0,3,0,0,3,9,True,Medium
LTE-TP-EP-000770,542020041221088+20250827141150+Fiji-Nadi-LTE-DL-D!20250827140658,Fiji-Nadi-LTE-DL-D,2025-08-27 04:05:02+02:00,2025-08-27 04:05:04+02:00,3,-17.76525023,177.44426874,-17.7651926,177.4441004,125.0,41186.0,41.0,2.407152,3.75732,38.99339260946637,28.92571260946637,0.11567755500744756,68.08,66.58,64.87,60.79,79.03,73.65666666666667,0,3,0,radio_limited_degradation,normal,statistical_only_retained,2.0,24.419902974668094,0.0,57.18,65.83,61.07,High,High,0,0,0,0,0,0,0,0,0,0,3,0,True,Medium
LTE-TP-EP-000989,542020041221088+20250827161154+Fiji-Nadi-LTE-DL-D!20250827160820,Fiji-Nadi-LTE-DL-D,2025-08-27 06:06:23+02:00,2025-08-27 06:06:24+02:00,2,-17.8122379,177.4383296,-17.8122499,177.4382959,469.0,1850.0,3.0,0.836368,3.8153,,,,76.24,65.67999999999999,97.07,86.645,50.77,40.055,0,2,0,radio_limited_degradation,normal,statistical_only_retained,1.0,8.736669376898854,0.0,77.92,40.48,61.07,High,Medium,0,0,0,0,0,0,0,0,0,0,0,0,True,Medium
LTE-TP-EP-001359,542020041221088+20250828122402+Fiji-Nadi-LTE-DL-D!20250828121612,Fiji-Nadi-LTE-DL-D,2025-08-28 02:15:52+02:00,2025-08-28 02:15:53+02:00,2,-17.6036226,177.4526501,-17.6036243,177.4526456,184.0,40988.0,41.0,0.738104,7.585652,111.79482125,97.36162125,0.12910437029747476,69.73,67.78999999999999,74.43,70.92500000000001,72.55,63.955,0,2,0,ca_underperformance,normal,statistical_only_retained,1.0,1.0153767203620205,0.0,62.33,59.52,61.06,High,Medium,1,1,0,1,0,0,0,0,0,0,2,3,True,Medium
LTE-TP-EP-001612,542020041221088+20250828132735+Fiji-Nadi-LTE-DL-D!20250828132130,Fiji-Nadi-LTE-DL-D,2025-08-28 03:19:34+02:00,2025-08-28 03:19:34+02:00,1,-17.6180761,177.4668967,-17.6180761,177.4668967,234.0,500.0,1.0,0.235,0.235,,,,74.86,74.86,90.18,90.18,56.14,56.14,0,1,0,radio_limited_degradation,normal,statistical_only_retained,0.0,6.139594416891456,0.0,71.97,47.72,61.06,High,Medium,0,0,0,0,0,0,0,0,0,0,1,0,True,Medium
LTE-TP-EP-001793,542020041221088+20250828140718+Fiji-Nadi-LTE-DL-D!20250828140641,Fiji-Nadi-LTE-DL-D,2025-08-28 04:05:08+02:00,2025-08-28 04:05:09+02:00,2,-17.6057022,177.4529517,-17.60570255,177.45295056,183.0,41186.0,41.0,0.003032,0.005616,19.33288124006038,19.324681240060382,0.00020727388288127704,72.58,70.205,74.97,71.69,69.66,68.395,0,2,0,rolling_local_drop,normal,statistical_only_retained,1.0,4.3372418524667,0.0,62.78,58.89,61.03,High,Medium,0,0,0,0,0,0,0,0,0,0,0,0,True,Medium
LTE-TP-EP-001276,542020041221088+20250828120254+Fiji-Nadi-LTE-DL-D!20250828113742,Fiji-Nadi-LTE-DL-D,2025-08-28 01:37:24+02:00,2025-08-28 01:37:24+02:00,1,-17.6035532,177.4559767,-17.6035532,177.4559767,184.0,41384.0,41.0,0.6846,0.6846,,,,75.29,75.29,97.6,97.6,48.03,48.03,0,1,0,radio_limited_degradation,normal,statistical_only_retained,0.0,14.963008057837481,0.0,77.54,40.83,61.02,High,Medium,0,0,0,0,0,0,0,0,0,0,1,0,True,Medium
LTE-TP-EP-000016,542020041221088+20250827094725+Fiji-Nadi-LTE-DL-D!20250827094401,Fiji-Nadi-LTE-DL-D,2025-08-26 23:43:37+02:00,2025-08-26 23:43:37+02:00,1,-17.81350226,177.39803618,-17.81350226,177.39803618,151.0,41186.0,41.0,0.013496,0.013496,19.75472707269558,19.74123107269558,0.0006831782565426473,73.82,73.82,75.3,75.3,72.0,72.0,0,1,0,sudden_drop,normal,statistical_only_retained,0.0,10.791606665475335,0.0,60.81,61.2,60.99,High,High,0,0,0,0,0,0,0,1,0,0,1,0,True,Medium
LTE-TP-EP-000877,542020041221088+20250827152052+Fiji-Nadi-LTE-DL-D!20250827151954,Fiji-Nadi-LTE-DL-D,2025-08-27 05:18:23+02:00,2025-08-27 05:18:23+02:00,1,-17.744329,177.4424346,-17.744329,177.4424346,120.0,40790.0,41.0,5.056464,5.056464,36.06665904001045,31.01019504001045,0.14019773759445325,73.4,73.4,68.81,68.81,79.02,79.02,0,1,0,sudden_drop,normal,statistical_only_retained,0.0,3.696386687226661,0.0,55.94,67.17,60.99,High,High,0,0,0,0,0,0,0,0,0,0,1,0,True,Medium
LTE-TP-EP-000915,542020041221088+20250827153152+Fiji-Nadi-LTE-DL-D!20250827153105,Fiji-Nadi-LTE-DL-D,2025-08-27 05:30:08+02:00,2025-08-27 05:30:09+02:00,2,-17.74409746,177.43501885,-17.7441088,177.4349121,487.0,40790.0,41.0,0.527536,0.533892,,,,72.82,72.79499999999999,89.15,89.13,52.85,52.825,0,2,0,radio_limited_degradation,normal,statistical_only_retained,1.0,17.361396122627365,0.0,74.06,44.92,60.95,High,Medium,0,0,0,0,0,0,0,2,0,0,2,0,True,Medium
LTE-TP-EP-001910,542020041221088+20250828143639+Fiji-Nadi-LTE-DL-D!20250828143559,Fiji-Nadi-LTE-DL-D,2025-08-28 04:34:34+02:00,2025-08-28 04:34:34+02:00,1,-17.62258385,177.4440896,-17.62258385,177.4440896,385.0,41186.0,41.0,0.820128,0.820128,,,,74.6,74.6,88.13,88.13,58.06,58.06,0,1,0,radio_limited_degradation,normal,statistical_only_retained,0.0,0.17360693911001515,0.0,70.43,49.35,60.95,High,Medium,0,0,0,0,0,0,0,1,0,0,1,0,True,Medium
LTE-TP-EP-000561,542020041221088+20250827133707+Fiji-Nadi-LTE-DL-D!20250827125859,Fiji-Nadi-LTE-DL-D,2025-08-27 02:58:44+02:00,2025-08-27 02:58:46+02:00,3,-17.7976537,177.4158407,-17.7976027,177.4158625,147.0,40988.0,41.0,0.01596,0.017872,11.190342430348528,10.467550460348528,0.06459069277806616,71.59,66.32333333333334,69.94,66.17666666666666,73.6,66.49666666666667,0,3,0,radio_limited_degradation,normal,statistical_only_retained,2.0,8.448758489631414,0.0,61.04,60.78,60.93,High,High,0,0,0,0,0,0,0,3,0,0,3,0,True,Medium
LTE-TP-EP-001638,542020041221088+20250828133556+Fiji-Nadi-LTE-DL-D!20250828132602,Fiji-Nadi-LTE-DL-D,2025-08-28 03:25:43+02:00,2025-08-28 03:25:44+02:00,2,-17.6191806,177.4654279,-17.61918112,177.46542706,234.0,500.0,1.0,3.4678159,7.03248795,42.24592655394008,34.49740137415935,0.09134192160570972,73.86,66.045,74.07,66.215,73.6,65.84,0,2,0,radio_limited_degradation,normal,statistical_only_retained,1.0,0.11675002901826646,0.0,61.19,60.62,60.93,High,High,0,0,0,0,0,0,0,0,0,0,2,0,True,Medium
LTE-TP-EP-000984,542020041221088+20250827161114+Fiji-Nadi-LTE-DL-D!20250827160608,Fiji-Nadi-LTE-DL-D,2025-08-27 06:05:47+02:00,2025-08-27 06:05:48+02:00,2,-17.811749,177.4395832,-17.8117585,177.4395595,469.0,1850.0,3.0,0.015432,1.358112,,,,74.11,69.255,90.95,86.25,53.52,48.480000000000004,0,2,0,radio_limited_degradation,normal,statistical_only_retained,1.0,8.42218921881951,0.0,74.48,44.23,60.87,High,Medium,0,0,0,0,0,0,0,0,0,0,0,0,True,Medium
LTE-TP-EP-001449,542020041221088+20250828124303+Fiji-Nadi-LTE-DL-D!20250828124223,Fiji-Nadi-LTE-DL-D,2025-08-28 02:41:41+02:00,2025-08-28 02:41:43+02:00,3,-17.6222246,177.4358112,-17.6223388,177.4356529,169.0,356.0,1.0,2.298544,2.343288,,,,67.5,65.76666666666667,82.96,79.63,60.62,48.82333333333333,0,3,0,radio_limited_degradation,normal,statistical_only_retained,2.0,33.123600666337396,0.0,70.89,48.58,60.85,High,Medium,0,0,0,0,0,0,0,3,0,0,3,0,True,Medium
LTE-TP-EP-000893,542020041221088+20250827152532+Fiji-Nadi-LTE-DL-D!20250827152209,Fiji-Nadi-LTE-DL-D,2025-08-27 05:22:04+02:00,2025-08-27 05:22:05+02:00,2,-17.7417305,177.4435971,-17.7417471,177.4436163,120.0,40790.0,41.0,0.087832,0.407812,17.451952675043874,17.364120675043875,0.005032789260630928,72.16,69.715,71.83,69.93,72.56,69.445,0,2,0,radio_limited_degradation,normal,statistical_only_retained,1.0,8.014769813410705,0.0,60.7,60.9,60.79,High,High,0,0,0,0,0,0,0,0,0,0,2,0,True,Medium
LTE-TP-EP-000567,542020041221088+20250827133907+Fiji-Nadi-LTE-DL-D!20250827130324,Fiji-Nadi-LTE-DL-D,2025-08-27 03:01:25+02:00,2025-08-27 03:01:25+02:00,1,-17.7913949,177.4243525,-17.7913949,177.4243525,394.0,1850.0,3.0,5.161984,5.161984,,,,73.43,73.43,72.93,72.93,74.04,74.04,0,1,0,rb_efficiency_underperformance,normal,statistical_only_retained,0.0,10.708091254867952,0.0,59.03,62.93,60.79,High,High,0,0,1,0,0,0,0,1,0,0,1,1,True,Medium
LTE-TP-EP-000063,542020041221088+20250827100005+Fiji-Nadi-LTE-DL-D!20250827095853,Fiji-Nadi-LTE-DL-D,2025-08-26 23:57:56+02:00,2025-08-26 23:57:56+02:00,1,-17.8089618,177.403915,-17.8089618,177.403915,145.0,41186.0,41.0,0.411072,0.411072,21.080150780066248,20.669078780066247,0.019500429778173917,73.4,73.4,73.24,73.24,73.6,73.6,0,1,0,radio_limited_degradation,normal,statistical_only_retained,0.0,15.627761321849173,0.0,59.27,62.56,60.75,High,High,0,0,0,0,0,0,0,0,0,0,1,0,True,Medium
LTE-TP-EP-001326,542020041221088+20250828122022+Fiji-Nadi-LTE-DL-D!20250828120340,Fiji-Nadi-LTE-DL-D,2025-08-28 02:02:58+02:00,2025-08-28 02:02:58+02:00,1,-17.60494725,177.45511734,-17.60494725,177.45511734,183.0,41384.0,41.0,0.161424,0.161424,,,,74.5,74.5,90.44,90.44,55.02,55.02,0,1,0,radio_limited_degradation,normal,statistical_only_retained,0.0,0.02232420578017902,0.0,72.17,46.77,60.74,High,Medium,0,0,0,0,0,0,0,0,0,0,0,0,True,Medium
LTE-TP-EP-000778,542020041221088+20250827141150+Fiji-Nadi-LTE-DL-D!20250827140658,Fiji-Nadi-LTE-DL-D,2025-08-27 04:06:24+02:00,2025-08-27 04:06:24+02:00,1,-17.76525243,177.43933176,-17.76525243,177.43933176,339.0,500.0,1.0,2.85668,2.85668,43.970293999999996,41.113614,0.06496840798926658,73.36,73.36,73.2,73.2,73.55,73.55,0,1,0,ca_underperformance,normal,statistical_only_retained,0.0,0.9892237946339283,0.0,59.24,62.52,60.71,High,High,1,1,1,1,0,0,0,1,1,1,1,4,True,Medium
LTE-TP-EP-000073,542020041221088+20250827100345+Fiji-Nadi-LTE-DL-D!20250827100319,Fiji-Nadi-LTE-DL-D,2025-08-27 00:03:18+02:00,2025-08-27 00:03:18+02:00,1,-17.80703805,177.42257921,-17.80703805,177.42257921,148.0,41186.0,41.0,0.672216,0.672216,27.331852154193882,26.659636154193883,0.02459460106134275,73.57,73.57,76.84,76.84,69.57,69.57,0,1,0,sudden_drop,normal,statistical_only_retained,0.0,0.005659653134820876,0.0,61.97,59.13,60.69,High,Medium,0,0,0,0,0,0,0,0,0,0,1,0,True,Medium
LTE-TP-EP-001351,542020041221088+20250828122402+Fiji-Nadi-LTE-DL-D!20250828121612,Fiji-Nadi-LTE-DL-D,2025-08-28 02:14:49+02:00,2025-08-28 02:14:49+02:00,1,-17.6033886,177.4530203,-17.6033886,177.4530203,184.0,40988.0,41.0,0.262784,0.262784,15.607545936875342,15.344761936875342,0.016836983921932946,73.32,73.32,73.09,73.09,73.6,73.6,0,1,0,radio_limited_degradation,normal,statistical_only_retained,0.0,0.0,0.0,59.15,62.56,60.69,High,High,0,0,0,0,0,0,0,0,0,0,1,0,True,Medium
LTE-TP-EP-001105,542020041221088+20250828104747+Fiji-Nadi-LTE-DL-D!20250828104718,Fiji-Nadi-LTE-DL-D,2025-08-28 00:45:53+02:00,2025-08-28 00:45:53+02:00,1,-17.64085271,177.43133434,-17.64085271,177.43133434,355.0,1850.0,3.0,18.413704,18.413704,103.049195,84.635491,0.17868847980811495,72.89,72.89,66.56,66.56,80.62,80.62,0,1,0,rb_conditioned_underperformance,ml_hgb_strict_causal_temporal_underperformance,statistical_only_retained,0.0,12.170130012802915,0.0,54.26,68.53,60.68,Medium,High,1,1,0,0,0,0,1,1,0,0,1,3,True,Medium
LTE-TP-EP-000932,542020041221088+20250827155333+Fiji-Nadi-LTE-DL-D!20250827154000,Fiji-Nadi-LTE-DL-D,2025-08-27 05:38:24+02:00,2025-08-27 05:38:24+02:00,1,-17.74066661,177.45668877,-17.74066661,177.45668877,487.0,41384.0,41.0,0.00696,0.00696,,,,74.45,74.45,90.98,90.98,54.24,54.24,0,1,0,radio_limited_degradation,normal,statistical_only_retained,0.0,0.0,0.0,72.57,46.1,60.66,High,Medium,0,0,0,0,0,0,0,0,0,0,0,0,True,Medium
LTE-TP-EP-001624,542020041221088+20250828133115+Fiji-Nadi-LTE-DL-D!20250828132346,Fiji-Nadi-LTE-DL-D,2025-08-28 03:22:41+02:00,2025-08-28 03:22:41+02:00,1,-17.6266592,177.4623641,-17.6266592,177.4623641,252.0,500.0,1.0,3.839216,3.839216,37.80144015463909,33.96222415463909,0.10156269137616022,73.28,73.28,73.01,73.01,73.6,73.6,0,1,0,radio_limited_degradation,normal,statistical_only_retained,0.0,25.912727223837525,0.0,59.09,62.56,60.65,High,High,0,0,0,0,0,0,0,1,0,0,1,0,True,Medium
LTE-TP-EP-000792,542020041221088+20250827144511+Fiji-Nadi-LTE-DL-D!20250827144430,Fiji-Nadi-LTE-DL-D,2025-08-27 04:43:19+02:00,2025-08-27 04:43:20+02:00,2,-17.7630949,177.4415308,-17.7630481,177.4415781,487.0,1850.0,3.0,0.005208,0.662016,,,,73.65,69.725,90.98,88.68,52.47,46.56,0,2,0,radio_limited_degradation,normal,statistical_only_retained,1.0,14.06378292835457,0.0,74.98,43.12,60.64,High,Medium,0,0,0,0,0,0,0,0,2,2,2,0,True,Medium
LTE-TP-EP-000045,542020041221088+20250827095145+Fiji-Nadi-LTE-DL-D!20250827095034,Fiji-Nadi-LTE-DL-D,2025-08-26 23:49:27+02:00,2025-08-26 23:49:27+02:00,1,-17.8119525,177.39964802,-17.8119525,177.39964802,151.0,41186.0,41.0,0.576768,0.576768,30.25810696056525,29.68133896056525,0.019061602259245414,73.61,73.61,78.41,78.41,67.74,67.74,0,1,0,radio_limited_degradation,normal,statistical_only_retained,0.0,14.368056751837399,0.0,63.14,57.58,60.64,High,Medium,0,0,0,0,0,0,0,0,0,0,0,0,True,Medium
LTE-TP-EP-000832,542020041221088+20250827151132+Fiji-Nadi-LTE-DL-D!20250827151053,Fiji-Nadi-LTE-DL-D,2025-08-27 05:10:12+02:00,2025-08-27 05:10:13+02:00,2,-17.753984,177.45223,-17.75398502,177.45223046,115.0,9310.0,28.0,32.86843,49.12007,141.30848563317466,80.29582760857687,0.29044886340074266,71.81,68.43,66.45,61.620000000000005,78.36,76.75,0,2,0,radio_limited_degradation,normal,statistical_only_retained,1.0,7.930534082107859,0.0,56.08,66.2,60.63,High,High,0,0,0,0,0,0,0,0,0,0,2,0,True,Medium
LTE-TP-EP-001787,542020041221088+20250828140457+Fiji-Nadi-LTE-DL-D!20250828140425,Fiji-Nadi-LTE-DL-D,2025-08-28 04:03:40+02:00,2025-08-28 04:03:40+02:00,1,-17.6051533,177.4496948,-17.6051533,177.4496948,139.0,40988.0,41.0,0.656088,0.656088,30.45455063853949,29.79846263853949,0.021543184392605573,73.57,73.57,78.26,78.26,67.84,67.84,0,1,0,sudden_drop,normal,statistical_only_retained,0.0,13.217964795363212,0.0,63.03,57.66,60.62,High,Medium,0,0,0,0,0,0,0,0,0,0,1,0,True,Medium
LTE-TP-EP-000270,542020041221088+20250827114430+Fiji-Nadi-LTE-DL-D!20250827111604,Fiji-Nadi-LTE-DL-D,2025-08-27 01:14:35+02:00,2025-08-27 01:14:36+02:00,2,-17.7551195,177.4555006,-17.7552131,177.4555947,212.0,41186.0,41.0,1.51064,2.163148,41.037212749999995,38.22155675,0.06861226217172853,72.47,67.91499999999999,71.59,68.15,73.55,67.625,0,2,0,ca_underperformance,normal,statistical_only_retained,1.0,29.23625210946299,0.0,60.21,61.04,60.58,High,High,1,1,1,1,0,0,0,2,0,0,2,4,True,Medium
LTE-TP-EP-001345,542020041221088+20250828122241+Fiji-Nadi-LTE-DL-D!20250828121359,Fiji-Nadi-LTE-DL-D,2025-08-28 02:13:59+02:00,2025-08-28 02:13:59+02:00,1,-17.6033947,177.453007,-17.6033947,177.453007,184.0,40988.0,41.0,0.066952,0.066952,17.94713425,17.88018225,0.0037305120175383983,73.17,73.17,72.82,72.82,73.6,73.6,0,1,0,radio_limited_degradation,normal,statistical_only_retained,0.0,0.015361585943913151,0.0,58.95,62.56,60.58,High,High,0,0,0,0,0,0,0,0,0,0,1,0,True,Medium
LTE-TP-EP-001717,542020041221088+20250828135137+Fiji-Nadi-LTE-DL-D!20250828134837,Fiji-Nadi-LTE-DL-D,2025-08-28 03:46:56+02:00,2025-08-28 03:46:57+02:00,2,-17.61314353,177.45378178,-17.61333,177.4538566,140.0,41384.0,41.0,7.132736,21.175756500000002,105.95971,70.740933,0.10081774015773848,74.35,63.435,77.01,63.995000000000005,71.1,62.75,0,2,0,ca_underperformance,normal,statistical_only_retained,1.0,23.166764298623512,0.0,62.36,58.35,60.55,High,Medium,2,2,1,1,0,0,0,2,0,0,2,6,True,Medium
LTE-TP-EP-000449,542020041221088+20250827131243+Fiji-Nadi-LTE-DL-D!20250827120629,Fiji-Nadi-LTE-DL-D,2025-08-27 02:05:04+02:00,2025-08-27 02:05:04+02:00,1,-17.77742094,177.37721433,-17.77742094,177.37721433,158.0,40790.0,41.0,0.054543998,0.054543998,,,,74.3,74.3,90.81,90.81,54.11,54.11,0,1,0,radio_limited_degradation,normal,statistical_only_retained,0.0,8.277926293937655,0.0,72.44,45.99,60.54,High,Medium,0,0,0,0,0,0,0,0,1,1,1,0,True,Medium
LTE-TP-EP-001164,542020041221088+20250828113551+Fiji-Nadi-LTE-DL-D!20250828110238,Fiji-Nadi-LTE-DL-D,2025-08-28 01:01:46+02:00,2025-08-28 01:01:46+02:00,1,-17.6385697,177.4626217,-17.6385697,177.4626217,165.0,40790.0,41.0,10.358408,10.358408,83.886915,73.528507,0.1234806167326573,73.38,73.38,76.61,76.61,69.43,69.43,0,1,0,ca_underperformance,ml_quantile_p75_resource_underperformance,statistical_only_retained,0.0,23.508184329695272,0.0,61.79,59.02,60.54,High,Medium,1,1,0,1,1,0,0,0,0,0,1,4,True,Medium
LTE-TP-EP-001140,542020041221088+20250828105428+Fiji-Nadi-LTE-DL-D!20250828105353,Fiji-Nadi-LTE-DL-D,2025-08-28 00:53:40+02:00,2025-08-28 00:53:43+02:00,4,-17.65479267,177.43928072,-17.6546941,177.4396023,164.0,9310.0,28.0,0.506088,10.628955999999999,59.51545075,49.488738749999996,0.16847241974387633,70.65,62.52,68.23,61.807500000000005,73.6,63.39,0,4,0,rb_conditioned_underperformance,normal,statistical_only_retained,3.0,35.99695427014682,0.0,60.96,60.01,60.53,High,High,3,3,0,1,0,0,0,4,0,0,4,7,True,Medium
LTE-TP-EP-001779,542020041221088+20250828140337+Fiji-Nadi-LTE-DL-D!20250828140209,Fiji-Nadi-LTE-DL-D,2025-08-28 04:01:45+02:00,2025-08-28 04:01:47+02:00,3,-17.6078629,177.4507441,-17.60786333,177.45074288,139.0,500.0,1.0,0.043536,0.822112,59.31967,41.249758,0.0530071688588968,71.5,64.01333333333334,69.85,57.85666666666666,73.51,71.53666666666668,0,3,0,radio_limited_degradation,normal,statistical_only_retained,2.0,0.35680972719545545,0.0,59.33,61.99,60.53,High,High,1,0,0,0,0,0,1,3,0,0,3,2,True,Medium
LTE-TP-EP-001458,542020041221088+20250828124503+Fiji-Nadi-LTE-DL-D!20250828124436,Fiji-Nadi-LTE-DL-D,2025-08-28 02:43:55+02:00,2025-08-28 02:43:56+02:00,2,-17.6312853,177.4383202,-17.63128733,177.43843504,315.0,41384.0,41.0,1.334312,1.4700639999999998,38.729599,37.123783,0.041462241837308976,73.44,65.85,74.14,69.735,72.59,61.105000000000004,0,2,0,ca_underperformance,normal,statistical_only_retained,1.0,23.162182385238324,0.0,61.93,58.83,60.53,High,Medium,1,1,1,1,0,0,0,2,0,0,2,4,True,Medium
LTE-TP-EP-001187,542020041221088+20250828113631+Fiji-Nadi-LTE-DL-D!20250828110448,Fiji-Nadi-LTE-DL-D,2025-08-28 01:04:46+02:00,2025-08-28 01:04:46+02:00,1,-17.63574481,177.47818519,-17.63574481,177.47818519,377.0,1850.0,3.0,2.767192,2.767192,,,,74.22,74.22,90.31,90.31,54.56,54.56,0,1,0,radio_limited_degradation,normal,statistical_only_retained,0.0,9.429683123850284,0.0,72.07,46.38,60.51,High,Medium,0,0,0,0,0,0,0,1,0,0,1,0,True,Medium
LTE-TP-EP-001289,542020041221088+20250828121041+Fiji-Nadi-LTE-DL-D!20250828114409,Fiji-Nadi-LTE-DL-D,2025-08-28 01:42:55+02:00,2025-08-28 01:42:55+02:00,1,-17.60359218,177.45111221,-17.60359218,177.45111221,185.0,41186.0,41.0,0.010432,0.010432,19.042058652384842,19.03162665238484,0.0005478399258419199,73.23,73.23,74.94,74.94,71.15,71.15,0,1,0,sudden_drop,normal,statistical_only_retained,0.0,2.198250607540563,0.0,60.54,60.48,60.51,High,High,0,0,0,0,0,0,0,1,0,0,1,0,True,Medium
LTE-TP-EP-000898,542020041221088+20250827152632+Fiji-Nadi-LTE-DL-D!20250827152422,Fiji-Nadi-LTE-DL-D,2025-08-27 05:22:37+02:00,2025-08-27 05:22:37+02:00,1,-17.74210268,177.4434449,-17.74210268,177.4434449,487.0,40790.0,41.0,3.777696,3.777696,49.4498,45.672104000000004,0.07639456580208616,73.09,73.09,73.66,73.66,72.39,72.39,0,1,0,ca_underperformance,normal,statistical_only_retained,0.0,0.0,0.0,59.58,61.53,60.46,High,High,1,1,1,1,0,0,0,1,0,0,1,4,True,Medium
LTE-TP-EP-001412,542020041221088+20250828123823+Fiji-Nadi-LTE-DL-D!20250828123754,Fiji-Nadi-LTE-DL-D,2025-08-28 02:36:19+02:00,2025-08-28 02:36:20+02:00,2,-17.6290282,177.442441,-17.6289303,177.4424449,313.0,41384.0,41.0,8.342464,10.019296,70.7488185,62.4063545,0.11791665467883396,73.25,65.025,73.9,61.235,72.46,69.66,0,2,0,ca_underperformance,normal,statistical_only_retained,1.0,21.895931861313393,0.0,60.1,60.89,60.45,High,High,2,2,1,1,0,0,0,2,0,0,2,6,True,Medium
LTE-TP-EP-001822,542020041221088+20250828141158+Fiji-Nadi-LTE-DL-D!20250828141111,Fiji-Nadi-LTE-DL-D,2025-08-28 04:09:38+02:00,2025-08-28 04:09:38+02:00,1,-17.61024952,177.46017772,-17.61024952,177.46017772,375.0,356.0,1.0,1.180224,1.180224,,,,74.47,74.47,95.87,95.87,48.32,48.32,0,1,0,radio_limited_degradation,normal,statistical_only_retained,0.0,10.900262817104467,0.0,76.24,41.07,60.41,High,Medium,0,0,0,0,0,0,0,0,0,0,1,0,True,Medium
LTE-TP-EP-001209,542020041221088+20250828114132+Fiji-Nadi-LTE-DL-D!20250828111120,Fiji-Nadi-LTE-DL-D,2025-08-28 01:11:14+02:00,2025-08-28 01:11:14+02:00,1,-17.6070824,177.4723428,-17.6070824,177.4723428,179.0,500.0,1.0,16.46844,16.46844,76.56581184487482,60.097371844874814,0.21508868779927096,72.5,72.5,65.53,65.53,81.01,81.01,0,1,0,sudden_drop,normal,statistical_only_retained,0.0,12.49836746229388,0.0,53.48,68.86,60.4,Medium,High,0,0,0,0,0,0,0,0,0,0,0,0,True,Medium
LTE-TP-EP-000988,542020041221088+20250827161154+Fiji-Nadi-LTE-DL-D!20250827160820,Fiji-Nadi-LTE-DL-D,2025-08-27 06:06:19+02:00,2025-08-27 06:06:19+02:00,1,-17.81213357,177.43856837,-17.81213357,177.43856837,469.0,1850.0,3.0,1.28184,1.28184,,,,74.42,74.42,95.51,95.51,48.65,48.65,0,1,0,radio_limited_degradation,normal,statistical_only_retained,0.0,6.195989260371848,0.0,75.97,41.35,60.39,High,Medium,0,0,0,0,0,0,0,0,0,0,0,0,True,Medium
LTE-TP-EP-000615,542020041221088+20250827134427+Fiji-Nadi-LTE-DL-D!20250827131213,Fiji-Nadi-LTE-DL-D,2025-08-27 03:12:10+02:00,2025-08-27 03:12:11+02:00,2,-17.77626692,177.43275717,-17.77621723,177.43278523,129.0,41186.0,41.0,4.866832,15.723635999999999,60.236057391266925,33.65561739126693,0.15513835703148324,72.78,64.23,66.5,53.685,80.45,77.11,0,2,0,sudden_drop,ml_hgb_strict_causal_temporal_underperformance,statistical_only_retained,1.0,6.451996972004372,0.0,54.52,67.55,60.38,Medium,High,0,0,0,0,0,0,1,0,0,0,2,1,True,Medium
LTE-TP-EP-000799,542020041221088+20250827144731+Fiji-Nadi-LTE-DL-D!20250827144643,Fiji-Nadi-LTE-DL-D,2025-08-27 04:46:01+02:00,2025-08-27 04:46:01+02:00,1,-17.7578349,177.4497586,-17.7578349,177.4497586,116.0,40790.0,41.0,6.881872,6.881872,62.203377,55.321505,0.11063502227539833,72.92,72.92,72.6,72.6,73.32,73.32,0,1,0,ca_underperformance,normal,statistical_only_retained,0.0,8.702253731377589,0.0,58.79,62.32,60.38,High,High,1,1,1,1,0,0,0,1,0,1,1,4,True,Medium
LTE-TP-EP-001560,542020041221088+20250828130744+Fiji-Nadi-LTE-DL-D!20250828130656,Fiji-Nadi-LTE-DL-D,2025-08-28 03:06:26+02:00,2025-08-28 03:06:26+02:00,1,-17.628352,177.461197,-17.628352,177.461197,255.0,40988.0,41.0,0.478488,0.478488,22.476340795250394,21.997852795250395,0.021288518640948533,73.1,73.1,75.33,75.33,70.37,70.37,0,1,0,sudden_drop,normal,statistical_only_retained,0.0,12.049784843481257,0.0,60.83,59.81,60.37,High,Medium,0,0,0,0,0,0,0,1,0,1,1,0,True,Medium
LTE-TP-EP-001059,542020041221088+20250828103207+Fiji-Nadi-LTE-DL-D!20250828102946,Fiji-Nadi-LTE-DL-D,2025-08-28 00:28:09+02:00,2025-08-28 00:28:09+02:00,1,-17.7152356,177.4531395,-17.7152356,177.4531395,487.0,41384.0,41.0,8.685808,8.685808,33.600826507725735,24.915018507725733,0.2584998317824979,71.91,71.91,57.22,57.22,89.86,89.86,0,1,0,sudden_drop,normal,statistical_only_retained,0.0,29.01118702201557,0.0,47.25,76.38,60.36,Medium,High,0,0,0,0,0,0,0,0,0,0,1,0,True,Medium
LTE-TP-EP-000180,542020041221088+20250827105947+Fiji-Nadi-LTE-DL-D!20250827104944,Fiji-Nadi-LTE-DL-D,2025-08-27 00:48:10+02:00,2025-08-27 00:48:11+02:00,2,-17.7667109,177.4545906,-17.76671022,177.45459215,348.0,41186.0,41.0,0.014912,4.368956000000001,70.787155,62.064155,0.00106748221672315,71.54,69.45,72.94,70.13499999999999,69.82,68.60499999999999,0,2,0,rb_efficiency_underperformance,normal,statistical_only_retained,1.0,27.369830582444045,0.0,61.35,59.04,60.31,High,Medium,1,1,1,0,0,0,0,2,0,0,2,3,True,Medium
LTE-TP-EP-000368,542020041221088+20250827123337+Fiji-Nadi-LTE-DL-D!20250827114216,Fiji-Nadi-LTE-DL-D,2025-08-27 01:42:12+02:00,2025-08-27 01:42:13+02:00,2,-17.79676925,177.40436602,-17.79676796,177.40424578,140.0,356.0,1.0,0.836128,2.743924,,,,74.01,68.38,97.07,90.395,45.82,41.47,0,2,0,radio_limited_degradation,normal,statistical_only_retained,1.0,13.015634821205822,0.0,78.67,37.86,60.31,High,Low,0,0,0,0,0,0,0,2,0,0,2,0,False,Not handed off
LTE-TP-EP-000102,542020041221088+20250827102926+Fiji-Nadi-LTE-DL-D!20250827102813,Fiji-Nadi-LTE-DL-D,2025-08-27 00:26:11+02:00,2025-08-27 00:26:11+02:00,1,-17.80810749,177.43206251,-17.80810749,177.43206251,393.0,40988.0,41.0,2.721168,2.721168,,,,72.61,72.61,69.48,69.48,76.44,76.44,0,1,0,radio_limited_degradation,normal,statistical_only_retained,0.0,,0.0,56.45,64.97,60.28,High,High,0,0,0,0,0,0,0,0,0,0,1,0,True,Medium
LTE-TP-EP-001927,542020041221088+20250828144319+Fiji-Nadi-LTE-DL-D!20250828144243,Fiji-Nadi-LTE-DL-D,2025-08-28 04:40:42+02:00,2025-08-28 04:40:43+02:00,2,-17.6274688,177.4329326,-17.6274595,177.4329333,346.0,9310.0,28.0,11.128112,12.18627175,79.1365,68.008388,0.14061920858263885,72.36,66.99,71.89,69.25999999999999,72.94,64.215,0,2,0,ca_underperformance,normal,statistical_only_retained,1.0,1.9321894454845636,0.0,60.6,59.82,60.25,High,Medium,2,2,0,2,0,0,0,2,0,0,2,6,True,Medium
LTE-TP-EP-000674,542020041221088+20250827135348+Fiji-Nadi-LTE-DL-D!20250827133514,Fiji-Nadi-LTE-DL-D,2025-08-27 03:33:58+02:00,2025-08-27 03:34:01+02:00,4,-17.7929137,177.4226208,-17.79286612,177.42255887,132.0,9310.0,28.0,1.963184,2.713172,,,,70.45,67.72749999999999,93.13,90.57,42.74,39.81,0,4,0,radio_limited_degradation,normal,statistical_only_retained,3.0,13.187437107207556,0.0,80.4,35.6,60.24,Critical,Low,0,0,0,0,0,0,0,0,0,0,4,0,False,Not handed off
LTE-TP-EP-001746,542020041221088+20250828140057+Fiji-Nadi-LTE-DL-D!20250828135741,Fiji-Nadi-LTE-DL-D,2025-08-28 03:56:23+02:00,2025-08-28 03:56:24+02:00,2,-17.60701192,177.4569016,-17.6070121,177.4569017,182.0,41186.0,41.0,2.778784,3.1378,,,,71.25,70.53,90.27,89.015,51.07,47.935,0,2,0,radio_limited_degradation,normal,statistical_only_retained,1.0,0.0779960066133531,0.0,74.66,42.63,60.24,High,Medium,0,0,0,0,0,0,0,2,0,0,2,0,True,Medium
LTE-TP-EP-000548,542020041221088+20250827133406+Fiji-Nadi-LTE-DL-D!20250827125219,Fiji-Nadi-LTE-DL-D,2025-08-27 02:50:31+02:00,2025-08-27 02:50:33+02:00,3,-17.7996838,177.417108,-17.7996829,177.4172689,147.0,40988.0,41.0,1.26916,2.5664,32.41143,31.142270000000003,0.03915779093980117,70.61,65.92666666666666,71.7,66.06,69.28,65.76333333333334,0,3,0,ca_underperformance,normal,statistical_only_retained,2.0,24.50085108809622,0.0,61.99,58.01,60.2,High,Medium,3,3,3,3,0,0,0,3,0,0,3,12,True,Medium
LTE-TP-EP-000448,542020041221088+20250827131243+Fiji-Nadi-LTE-DL-D!20250827120629,Fiji-Nadi-LTE-DL-D,2025-08-27 02:05:02+02:00,2025-08-27 02:05:02+02:00,1,-17.777368,177.377154,-17.777368,177.377154,158.0,40790.0,41.0,0.227792,0.227792,,,,73.84,73.84,90.2,90.2,53.85,53.85,0,1,0,radio_limited_degradation,normal,statistical_only_retained,0.0,17.869523499420282,0.0,71.99,45.77,60.19,High,Medium,0,0,0,0,0,0,0,0,1,1,1,0,True,Medium
LTE-TP-EP-000054,542020041221088+20250827095725+Fiji-Nadi-LTE-DL-D!20250827095641,Fiji-Nadi-LTE-DL-D,2025-08-26 23:56:40+02:00,2025-08-26 23:56:40+02:00,1,-17.81500324,177.39656325,-17.81500324,177.39656325,351.0,1850.0,3.0,5.124312,5.124312,23.802779232063585,18.678467232063586,0.21528208744201116,71.73,71.73,57.81,57.81,88.74,88.74,0,1,0,sudden_drop,normal,statistical_only_retained,0.0,12.630326687090726,0.0,47.69,75.43,60.17,Medium,High,0,0,0,0,0,0,0,0,0,0,1,0,True,Medium
LTE-TP-EP-001027,542020041221088+20250828102346+Fiji-Nadi-LTE-DL-D!20250828102312,Fiji-Nadi-LTE-DL-D,2025-08-28 00:21:34+02:00,2025-08-28 00:21:34+02:00,1,-17.737185,177.4599082,-17.737185,177.4599082,338.0,1850.0,3.0,3.703504,3.703504,47.8287254036583,44.125221403658294,0.07743263005116019,73.05,73.05,78.33,78.33,66.6,66.6,0,1,0,radio_limited_degradation,normal,statistical_only_retained,0.0,0.0,0.0,63.08,56.61,60.17,High,Medium,0,0,0,0,0,0,0,0,0,0,1,0,True,Medium
LTE-TP-EP-000281,542020041221088+20250827115331+Fiji-Nadi-LTE-DL-D!20250827112239,Fiji-Nadi-LTE-DL-D,2025-08-27 01:22:36+02:00,2025-08-27 01:22:37+02:00,2,-17.76652458,177.44417432,-17.76660388,177.44407193,125.0,41384.0,41.0,2.223064,18.079292,121.14346,87.20794000000001,0.07423608640111405,72.77,65.49,73.4,66.03,72.0,64.83500000000001,0,2,0,rb_conditioned_underperformance,normal,statistical_only_retained,1.0,41.523349014441415,0.0,60.78,59.41,60.16,High,Medium,1,1,0,0,0,0,0,2,0,0,2,2,True,Medium
LTE-TP-EP-000201,542020041221088+20250827110647+Fiji-Nadi-LTE-DL-D!20250827105407,Fiji-Nadi-LTE-DL-D,2025-08-27 00:52:29+02:00,2025-08-27 00:52:29+02:00,1,-17.76216041,177.46469915,-17.76216041,177.46469915,112.0,41186.0,41.0,1.845024,1.845024,,,,73.44,73.44,84.54,84.54,59.87,59.87,0,1,0,radio_limited_degradation,normal,statistical_only_retained,0.0,4.186717110144422,0.0,67.74,50.89,60.16,High,Medium,0,0,0,0,0,0,0,1,0,1,1,0,True,Medium
LTE-TP-EP-000568,542020041221088+20250827133907+Fiji-Nadi-LTE-DL-D!20250827130324,Fiji-Nadi-LTE-DL-D,2025-08-27 03:01:49+02:00,2025-08-27 03:01:50+02:00,2,-17.78997009,177.42655471,-17.7898214,177.4267212,132.0,1850.0,3.0,22.815008,26.7055795,135.5693,104.973149,0.22568642753189697,71.88,65.125,61.83,55.81,84.16,76.505,0,2,0,rb_conditioned_underperformance,ml_hgb_strict_causal_temporal_underperformance,statistical_only_retained,1.0,35.15454104107922,0.0,52.37,69.62,60.14,Medium,High,1,1,0,0,0,0,1,2,0,0,2,3,True,Medium
LTE-TP-EP-000022,542020041221088+20250827094925+Fiji-Nadi-LTE-DL-D!20250827094611,Fiji-Nadi-LTE-DL-D,2025-08-26 23:44:44+02:00,2025-08-26 23:44:44+02:00,1,-17.81160131,177.39985085,-17.81160131,177.39985085,151.0,41186.0,41.0,1.12228,1.12228,28.22443889086059,27.10215889086059,0.03976270367463027,72.85,72.85,75.86,75.86,69.18,69.18,0,1,0,sudden_drop,normal,statistical_only_retained,0.0,0.005408790696535652,0.0,61.23,58.8,60.14,High,Medium,0,0,0,0,0,0,0,0,0,0,1,0,True,Medium
LTE-TP-EP-001939,542020041221088+20250828153602+Fiji-Nadi-LTE-DL-D!20250828152027,Fiji-Nadi-LTE-DL-D,2025-08-28 05:18:33+02:00,2025-08-28 05:18:33+02:00,1,-17.6776489,177.4088241,-17.6776489,177.4088241,455.0,1850.0,3.0,4.989144,4.989144,31.291917555309837,26.302773555309837,0.15943874296554275,72.21,72.21,66.09,66.09,79.69,79.69,0,1,0,radio_limited_degradation,normal,statistical_only_retained,0.0,24.245359596904844,0.0,53.9,67.74,60.13,Medium,High,0,0,0,0,0,0,0,1,0,0,1,0,True,Medium
LTE-TP-EP-000661,542020041221088+20250827135208+Fiji-Nadi-LTE-DL-D!20250827132735,Fiji-Nadi-LTE-DL-D,2025-08-27 03:26:40+02:00,2025-08-27 03:26:41+02:00,2,-17.7764878,177.4337492,-17.77648966,177.43374895,340.0,41384.0,41.0,0.05712,0.185204,17.189776307247076,17.132656307247075,0.003322905369973817,70.33,69.86500000000001,71.77,70.33500000000001,70.01,69.28999999999999,0,2,0,radio_limited_degradation,normal,statistical_only_retained,1.0,17.835033526803034,0.0,60.75,59.33,60.11,High,Medium,0,0,0,0,0,0,0,2,0,0,2,0,True,Medium
LTE-TP-EP-000079,542020041221088+20250827102006+Fiji-Nadi-LTE-DL-D!20250827101931,Fiji-Nadi-LTE-DL-D,2025-08-27 00:17:29+02:00,2025-08-27 00:17:29+02:00,1,-17.8160388,177.3955371,-17.8160388,177.3955371,351.0,500.0,1.0,0.000512,0.000512,,,,73.79,73.79,91.0,91.0,52.76,52.76,0,1,0,radio_limited_degradation,normal,statistical_only_retained,0.0,,0.0,72.59,44.85,60.1,High,Medium,0,0,0,0,0,0,0,0,0,0,0,0,True,Medium
LTE-TP-EP-001980,542020041221088+20250829102713+Nawaka-LTE-DL!20250829102643,Nawaka-LTE-DL,2025-08-29 00:24:59+02:00,2025-08-29 00:24:59+02:00,1,-17.8128906,177.4432636,-17.8128906,177.4432636,469.0,1850.0,3.0,0.023632,0.023632,,,,73.77,73.77,90.92,90.92,52.81,52.81,0,1,0,radio_limited_degradation,normal,statistical_only_retained,0.0,0.0,0.0,72.53,44.89,60.09,High,Medium,0,0,0,0,0,0,0,0,0,0,0,0,True,Medium
LTE-TP-EP-000014,542020041221088+20250827094725+Fiji-Nadi-LTE-DL-D!20250827094401,Fiji-Nadi-LTE-DL-D,2025-08-26 23:43:18+02:00,2025-08-26 23:43:18+02:00,1,-17.81474082,177.39682594,-17.81474082,177.39682594,145.0,41186.0,41.0,0.103264,0.103264,13.9339675,13.8307035,0.007410954561218834,72.59,72.59,73.08,73.08,72.0,72.0,0,1,0,sudden_drop,normal,statistical_only_retained,0.0,0.04304693234420668,0.0,59.15,61.2,60.07,High,High,0,0,0,0,0,0,0,1,0,0,1,0,True,Medium
LTE-TP-EP-000618,542020041221088+20250827134607+Fiji-Nadi-LTE-DL-D!20250827131425,Fiji-Nadi-LTE-DL-D,2025-08-27 03:12:59+02:00,2025-08-27 03:13:01+02:00,3,-17.77432,177.4330367,-17.7741945,177.433119,338.0,41186.0,41.0,0.191752,9.958744,54.170067,44.21132300000001,0.011025519078340918,72.36,60.31333333333333,71.45,58.63999999999999,73.48,62.36666666666667,0,3,0,ca_underperformance,normal,statistical_only_retained,2.0,32.95256608013675,0.0,60.36,59.68,60.06,High,Medium,2,2,1,1,0,0,0,1,0,0,3,6,True,Medium
LTE-TP-EP-001046,542020041221088+20250828103047+Fiji-Nadi-LTE-DL-D!20250828102736,Fiji-Nadi-LTE-DL-D,2025-08-28 00:25:50+02:00,2025-08-28 00:25:51+02:00,2,-17.73152176,177.45604137,-17.73145158,177.45590734,487.0,41384.0,41.0,12.018208,13.09558,64.03671244331372,49.863760443313716,0.22132541567536146,72.23,64.415,63.44,58.065,82.97,72.17,0,2,0,rolling_local_drop,normal,statistical_only_retained,1.0,31.999077023738604,0.0,53.71,67.82,60.06,Medium,High,0,0,0,0,0,0,0,0,0,0,2,0,True,Medium
LTE-TP-EP-001931,542020041221088+20250828144319+Fiji-Nadi-LTE-DL-D!20250828144243,Fiji-Nadi-LTE-DL-D,2025-08-28 04:42:42+02:00,2025-08-28 04:42:42+02:00,1,-17.6355654,177.4281909,-17.6355654,177.4281909,356.0,1850.0,3.0,14.432568,14.432568,103.049195,88.616627,0.14005512609778273,72.63,72.63,73.79,73.79,71.21,71.21,0,1,0,ca_underperformance,normal,statistical_only_retained,0.0,12.756730568788376,0.0,59.68,60.53,60.06,High,High,1,1,0,1,0,0,0,1,0,0,1,3,True,Medium
LTE-TP-EP-001407,542020041221088+20250828123602+Fiji-Nadi-LTE-DL-D!20250828123538,Fiji-Nadi-LTE-DL-D,2025-08-28 02:35:18+02:00,2025-08-28 02:35:20+02:00,3,-17.6313205,177.4397427,-17.6313312,177.4399178,345.0,1850.0,3.0,1.970064,5.56788,39.25019234824897,35.670087961391125,0.05233942737587155,71.83,63.43,77.86,69.36666666666667,64.46,56.17666666666667,0,3,0,radio_limited_degradation,normal,statistical_only_retained,2.0,26.795408632330446,0.0,66.03,52.72,60.04,High,Medium,0,0,0,0,0,0,0,3,0,0,3,0,True,Medium
LTE-TP-EP-001547,542020041221088+20250828130244+Fiji-Nadi-LTE-DL-D!20250828130228,Fiji-Nadi-LTE-DL-D,2025-08-28 03:01:50+02:00,2025-08-28 03:01:50+02:00,1,-17.62961306,177.45289413,-17.62961306,177.45289413,167.0,40790.0,41.0,12.993208,12.993208,118.44779,105.454582,0.10969565578218048,72.82,72.82,77.36,77.36,67.28,67.28,0,1,0,ca_underperformance,normal,statistical_only_retained,0.0,0.17406222838002539,0.0,62.36,57.19,60.03,High,Medium,1,1,0,1,0,0,0,1,0,0,1,3,True,Medium
LTE-TP-EP-000001,542020041221088+20250827094025+Fiji-Nadi-LTE-DL-D!20250827093942,Fiji-Nadi-LTE-DL-D,2025-08-26 23:37:42+02:00,2025-08-26 23:37:42+02:00,1,-17.8159714,177.3955939,-17.8159714,177.3955939,351.0,500.0,1.0,0.031944,0.031944,,,,73.69,73.69,90.89,90.89,52.66,52.66,0,1,0,radio_limited_degradation,normal,statistical_only_retained,0.0,0.0,0.0,72.5,44.76,60.02,High,Medium,0,0,0,0,0,0,0,0,0,0,1,0,True,Medium
LTE-TP-EP-001044,542020041221088+20250828102746+Fiji-Nadi-LTE-DL-D!20250828102524,Fiji-Nadi-LTE-DL-D,2025-08-28 00:25:22+02:00,2025-08-28 00:25:22+02:00,1,-17.7332225,177.4592847,-17.7332225,177.4592847,487.0,41384.0,41.0,0.256704,0.256704,22.392479472538263,22.135775472538263,0.011463848847771288,72.73,72.73,76.06,76.06,68.65,68.65,0,1,0,sudden_drop,normal,statistical_only_retained,0.0,25.36878356262919,0.0,61.38,58.35,60.02,High,Medium,0,0,0,0,0,0,0,0,0,0,0,0,True,Medium
LTE-TP-EP-001163,542020041221088+20250828113551+Fiji-Nadi-LTE-DL-D!20250828110238,Fiji-Nadi-LTE-DL-D,2025-08-28 01:01:43+02:00,2025-08-28 01:01:43+02:00,1,-17.6384618,177.4622943,-17.6384618,177.4622943,165.0,40790.0,41.0,10.642528,10.642528,83.886915,73.244387,0.12686755735384952,72.72,72.72,75.92,75.92,68.8,68.8,0,1,0,ca_underperformance,ml_quantile_p75_resource_underperformance,statistical_only_retained,0.0,13.133322947076316,0.0,61.28,58.48,60.02,High,Medium,1,1,0,1,1,0,0,0,0,0,1,4,True,Medium
LTE-TP-EP-000636,542020041221088+20250827134948+Fiji-Nadi-LTE-DL-D!20250827132103,Fiji-Nadi-LTE-DL-D,2025-08-27 03:19:02+02:00,2025-08-27 03:19:04+02:00,3,-17.77212151,177.43940183,-17.7721071,177.4392267,127.0,41384.0,41.0,0.298448,0.298448,,,,70.63,69.63333333333333,89.96,88.81,47.0,46.196666666666665,0,3,0,radio_limited_degradation,normal,statistical_only_retained,2.0,19.684719094429955,0.0,76.58,39.75,60.01,High,Low,0,0,0,0,0,0,0,0,3,3,3,0,False,Not handed off
LTE-TP-EP-000933,542020041221088+20250827155333+Fiji-Nadi-LTE-DL-D!20250827154000,Fiji-Nadi-LTE-DL-D,2025-08-27 05:38:26+02:00,2025-08-27 05:38:26+02:00,1,-17.74066661,177.45668877,-17.74066661,177.45668877,487.0,41384.0,41.0,0.005216,0.005216,,,,73.66,73.66,90.98,90.98,52.5,52.5,0,1,0,radio_limited_degradation,normal,statistical_only_retained,0.0,0.0,0.0,72.57,44.62,60.0,High,Medium,0,0,0,0,0,0,0,0,0,0,0,0,True,Medium
LTE-TP-EP-000137,542020041221088+20250827103926+Fiji-Nadi-LTE-DL-D!20250827103843,Fiji-Nadi-LTE-DL-D,2025-08-27 00:37:14+02:00,2025-08-27 00:37:14+02:00,1,-17.813265,177.4349066,-17.813265,177.4349066,395.0,500.0,1.0,2.218904,2.218904,,,,73.74,73.74,92.23,92.23,51.15,51.15,0,1,0,radio_limited_degradation,normal,statistical_only_retained,0.0,1.867282165068408,0.0,73.51,43.48,59.99,High,Medium,0,0,0,0,0,0,0,1,0,0,1,0,True,Medium
LTE-TP-EP-001004,542020041221088+20250827161234+Fiji-Nadi-LTE-DL-D!20250827161029,Fiji-Nadi-LTE-DL-D,2025-08-27 06:08:27+02:00,2025-08-27 06:08:27+02:00,1,-17.8138109,177.4377673,-17.8138109,177.4377673,395.0,1850.0,3.0,5.153832,5.153832,53.8361855,48.6823535,0.09573174533325732,72.45,72.45,72.31,72.31,72.63,72.63,0,1,0,ca_underperformance,normal,statistical_only_retained,0.0,6.070440560300057,0.0,58.57,61.74,59.99,High,High,1,1,1,1,0,0,0,1,0,0,1,4,True,Medium
LTE-TP-EP-000369,542020041221088+20250827123437+Fiji-Nadi-LTE-DL-D!20250827114425,Fiji-Nadi-LTE-DL-D,2025-08-27 01:42:23+02:00,2025-08-27 01:42:23+02:00,1,-17.7967524,177.40302152,-17.7967524,177.40302152,363.0,9310.0,28.0,1.394888,1.394888,,,,73.91,73.91,95.12,95.12,47.99,47.99,0,1,0,radio_limited_degradation,normal,statistical_only_retained,0.0,,0.0,75.68,40.79,59.98,High,Medium,0,0,0,0,0,0,0,1,1,1,1,0,True,Medium
LTE-TP-EP-000987,542020041221088+20250827161114+Fiji-Nadi-LTE-DL-D!20250827160608,Fiji-Nadi-LTE-DL-D,2025-08-27 06:06:06+02:00,2025-08-27 06:06:06+02:00,1,-17.81194019,177.43910936,-17.81194019,177.43910936,469.0,1850.0,3.0,0.058376,0.058376,,,,73.63,73.63,90.8,90.8,52.64,52.64,0,1,0,radio_limited_degradation,normal,statistical_only_retained,0.0,3.9143699974080044,0.0,72.44,44.74,59.97,High,Medium,0,0,0,0,0,0,0,0,0,0,0,0,True,Medium
LTE-TP-EP-000672,542020041221088+20250827135348+Fiji-Nadi-LTE-DL-D!20250827133514,Fiji-Nadi-LTE-DL-D,2025-08-27 03:33:50+02:00,2025-08-27 03:33:50+02:00,1,-17.79294239,177.42265347,-17.79294239,177.42265347,132.0,9310.0,28.0,7.949456,7.949456,59.51545075,51.56599475,0.13356961763412334,72.1,72.1,68.05,68.05,77.04,77.04,0,1,0,ca_underperformance,ml_quantile_p75_resource_underperformance,statistical_only_retained,0.0,0.0,0.0,55.37,65.48,59.92,High,High,1,1,1,1,1,0,0,1,0,0,1,5,True,Medium
LTE-TP-EP-000985,542020041221088+20250827161114+Fiji-Nadi-LTE-DL-D!20250827160608,Fiji-Nadi-LTE-DL-D,2025-08-27 06:05:50+02:00,2025-08-27 06:05:50+02:00,1,-17.8117804,177.4395116,-17.8117804,177.4395116,469.0,1850.0,3.0,0.092112,0.092112,,,,73.52,73.52,90.68,90.68,52.54,52.54,0,1,0,radio_limited_degradation,normal,statistical_only_retained,0.0,5.647302523199683,0.0,72.35,44.66,59.89,High,Medium,0,0,0,0,0,0,0,0,0,0,0,0,True,Medium
LTE-TP-EP-001824,542020041221088+20250828141158+Fiji-Nadi-LTE-DL-D!20250828141111,Fiji-Nadi-LTE-DL-D,2025-08-28 04:09:50+02:00,2025-08-28 04:09:50+02:00,1,-17.60979371,177.46126933,-17.60979371,177.46126933,375.0,356.0,1.0,5.81292,5.81292,,,,72.81,72.81,79.65,79.65,64.44,64.44,0,1,0,radio_limited_degradation,normal,statistical_only_retained,0.0,10.360100479280435,0.0,64.07,54.77,59.89,High,Medium,0,0,0,0,0,0,0,0,0,0,0,0,True,Medium
LTE-TP-EP-001540,542020041221088+20250828130244+Fiji-Nadi-LTE-DL-D!20250828130228,Fiji-Nadi-LTE-DL-D,2025-08-28 03:00:47+02:00,2025-08-28 03:00:49+02:00,3,-17.6259391,177.4543021,-17.6260498,177.4540986,384.0,41186.0,41.0,3.501136,13.274672,54.170067,40.895395,0.08531612566694116,72.71,58.18333333333334,69.41,56.05666666666667,76.75,60.78333333333333,0,3,0,ca_underperformance,normal,statistical_only_retained,2.0,36.90572101044526,0.0,58.73,61.25,59.86,High,High,3,3,1,3,0,0,0,3,0,0,3,10,True,Medium
LTE-TP-EP-001908,542020041221088+20250828143639+Fiji-Nadi-LTE-DL-D!20250828143559,Fiji-Nadi-LTE-DL-D,2025-08-28 04:33:59+02:00,2025-08-28 04:34:03+02:00,5,-17.62277019,177.44636367,-17.6228606,177.44603494,385.0,41186.0,41.0,5.217608,11.460008,54.170067,45.8108295,0.10224902535963404,69.73,58.602,70.42,58.129999999999995,68.89,59.182,0,5,0,ca_underperformance,normal,statistical_only_retained,4.0,45.84984783311617,0.0,62.9,56.13,59.85,High,Medium,5,5,2,4,0,0,0,5,0,0,5,16,True,Medium
LTE-TP-EP-001252,542020041221088+20250828115533+Fiji-Nadi-LTE-DL-D!20250828113110,Fiji-Nadi-LTE-DL-D,2025-08-28 01:30:31+02:00,2025-08-28 01:30:31+02:00,1,-17.604463,177.45948757,-17.604463,177.45948757,184.0,356.0,1.0,1.39072,1.39072,,,,73.76,73.76,95.13,95.13,47.64,47.64,0,1,0,radio_limited_degradation,normal,statistical_only_retained,0.0,3.6480898596130547,0.0,75.68,40.49,59.85,High,Medium,0,0,0,0,0,0,0,1,0,0,1,0,True,Medium
LTE-TP-EP-000728,542020041221088+20250827140609+Fiji-Nadi-LTE-DL-D!20250827135810,Fiji-Nadi-LTE-DL-D,2025-08-27 03:56:16+02:00,2025-08-27 03:56:17+02:00,2,-17.76726435,177.44402057,-17.7672191,177.4441128,123.0,41186.0,41.0,5.57604,10.20112,47.795711262059655,32.969511262059655,0.20827309026259566,65.33,64.94,61.18,55.66,83.89,76.275,0,2,0,rolling_local_drop,normal,statistical_only_retained,1.0,16.619121691611603,0.0,51.99,69.4,59.82,Medium,High,0,0,0,0,0,0,0,0,0,0,2,0,True,Medium
LTE-TP-EP-001865,542020041221088+20250828141838+Fiji-Nadi-LTE-DL-D!20250828141754,Fiji-Nadi-LTE-DL-D,2025-08-28 04:17:27+02:00,2025-08-28 04:17:27+02:00,1,-17.61075995,177.45896852,-17.61075995,177.45896852,375.0,500.0,1.0,2.926088,2.926088,,,,73.37,73.37,89.76,89.76,53.34,53.34,0,1,0,radio_limited_degradation,normal,statistical_only_retained,0.0,0.27327251455549256,0.0,71.66,45.34,59.81,High,Medium,0,0,0,0,0,0,0,1,0,0,1,0,True,Medium
LTE-TP-EP-000367,542020041221088+20250827123337+Fiji-Nadi-LTE-DL-D!20250827114216,Fiji-Nadi-LTE-DL-D,2025-08-27 01:42:10+02:00,2025-08-27 01:42:10+02:00,1,-17.79676873,177.40460806,-17.79676873,177.40460806,148.0,356.0,1.0,0.76948,0.76948,,,,73.82,73.82,97.31,97.31,45.1,45.1,0,1,0,radio_limited_degradation,normal,statistical_only_retained,0.0,0.08210833897843271,0.0,77.32,38.34,59.78,High,Low,0,0,0,0,0,0,0,1,0,0,1,0,False,Not handed off
LTE-TP-EP-000465,542020041221088+20250827131523+Fiji-Nadi-LTE-DL-D!20250827120845,Fiji-Nadi-LTE-DL-D,2025-08-27 02:08:12+02:00,2025-08-27 02:08:13+02:00,2,-17.78645746,177.392594,-17.78655364,177.39265916,138.0,1850.0,3.0,1.347072,2.279932,,,,69.36,68.755,95.29,92.025,45.65,40.315,0,2,0,radio_limited_degradation,normal,statistical_only_retained,1.0,23.699182430319283,0.0,78.02,37.47,59.77,High,Low,0,0,0,0,0,0,0,1,0,0,2,0,False,Not handed off
LTE-TP-EP-001301,542020041221088+20250828121301+Fiji-Nadi-LTE-DL-D!20250828114829,Fiji-Nadi-LTE-DL-D,2025-08-28 01:46:54+02:00,2025-08-28 01:46:55+02:00,2,-17.6024885,177.4557177,-17.6024876,177.4557471,184.0,41384.0,41.0,0.002048,0.478268,17.705171042311747,17.70312304231175,0.00011567242107436849,70.51,69.61500000000001,72.67,71.00999999999999,67.94,67.905,0,2,0,radio_limited_degradation,normal,statistical_only_retained,1.0,9.42260463657725,0.0,61.38,57.74,59.74,High,Medium,0,0,0,0,0,0,0,0,0,0,0,0,True,Medium
LTE-TP-EP-000185,542020041221088+20250827110227+Fiji-Nadi-LTE-DL-D!20250827105156,Fiji-Nadi-LTE-DL-D,2025-08-27 00:49:55+02:00,2025-08-27 00:49:55+02:00,1,-17.7620408,177.4579112,-17.7620408,177.4579112,212.0,41186.0,41.0,9.96712,9.96712,70.787155,60.820035,0.1408040766718199,71.99,71.99,69.74,69.74,74.74,74.74,0,1,0,rb_efficiency_underperformance,normal,statistical_only_retained,0.0,7.167869995551706,0.0,56.64,63.53,59.74,High,High,1,1,1,0,0,0,0,1,0,0,1,3,True,Medium
LTE-TP-EP-000956,542020041221088+20250827160154+Fiji-Nadi-LTE-DL-D!20250827155510,Fiji-Nadi-LTE-DL-D,2025-08-27 05:53:25+02:00,2025-08-27 05:53:25+02:00,1,-17.7887748,177.4417081,-17.7887748,177.4417081,340.0,41384.0,41.0,0.027488,0.027488,,,,73.32,73.32,90.9,90.9,51.84,51.84,0,1,0,radio_limited_degradation,normal,statistical_only_retained,0.0,0.0,0.0,72.51,44.06,59.71,High,Medium,0,0,0,0,0,0,0,0,0,0,0,0,True,Medium
LTE-TP-EP-000499,542020041221088+20250827131944+Fiji-Nadi-LTE-DL-D!20250827121729,Fiji-Nadi-LTE-DL-D,2025-08-27 02:15:53+02:00,2025-08-27 02:15:53+02:00,1,-17.7976654,177.4157472,-17.7976654,177.4157472,362.0,41186.0,41.0,18.424185,18.424185,100.61148,82.187295,0.183122095013412,71.72,71.72,66.29,66.29,78.35,78.35,0,1,0,rb_conditioned_underperformance,ml_hgb_strict_causal_temporal_underperformance,statistical_only_retained,0.0,0.7001791635031764,0.0,54.05,66.6,59.7,Medium,High,1,1,0,0,0,0,1,1,0,0,1,3,True,Medium
LTE-TP-EP-001295,542020041221088+20250828121201+Fiji-Nadi-LTE-DL-D!20250828114619,Fiji-Nadi-LTE-DL-D,2025-08-28 01:45:05+02:00,2025-08-28 01:45:06+02:00,2,-17.6043939,177.4518969,-17.6044026,177.4519536,183.0,41384.0,41.0,0.229016,0.97458,19.984931742682438,19.11998735714822,0.011836061825654354,71.02,68.43,73.92,71.13499999999999,67.47,65.12,0,2,0,rolling_local_drop,normal,statistical_only_retained,1.0,20.09189934918883,0.0,62.09,56.76,59.69,High,Medium,0,0,0,0,0,0,0,0,0,0,0,0,True,Medium
LTE-TP-EP-001974,542020041221088+20250829102513+Nawaka-LTE-DL!20250829102435,Nawaka-LTE-DL,2025-08-29 00:23:50+02:00,2025-08-29 00:23:50+02:00,1,-17.8128907,177.4432633,-17.8128907,177.4432633,469.0,9310.0,28.0,3.470216,3.470216,,,,73.11,73.11,87.85,87.85,55.09,55.09,0,1,0,radio_limited_degradation,normal,statistical_only_retained,0.0,0.0,0.0,70.22,46.83,59.69,High,Medium,0,0,0,0,0,0,0,0,0,0,0,0,True,Medium
LTE-TP-EP-001814,542020041221088+20250828140938+Fiji-Nadi-LTE-DL-D!20250828140855,Fiji-Nadi-LTE-DL-D,2025-08-28 04:08:36+02:00,2025-08-28 04:08:38+02:00,3,-17.6084172,177.456211,-17.608377,177.45630607,182.0,40988.0,41.0,3.205592,4.082888,,,,61.07,59.173333333333325,79.78,71.41666666666667,65.11,44.20333333333334,0,3,0,radio_limited_degradation,normal,statistical_only_retained,2.0,34.85074945832482,0.0,67.5,50.12,59.68,High,Medium,1,1,1,0,0,0,0,3,0,0,3,3,True,Medium
LTE-TP-EP-000955,542020041221088+20250827160154+Fiji-Nadi-LTE-DL-D!20250827155510,Fiji-Nadi-LTE-DL-D,2025-08-27 05:53:23+02:00,2025-08-27 05:53:23+02:00,1,-17.7887748,177.4417081,-17.7887748,177.4417081,340.0,41384.0,41.0,0.04044,0.04044,,,,73.28,73.28,90.86,90.86,51.8,51.8,0,1,0,radio_limited_degradation,normal,statistical_only_retained,0.0,0.005465550170438975,0.0,72.48,44.03,59.68,High,Medium,0,0,0,0,0,0,0,0,0,0,0,0,True,Medium
LTE-TP-EP-001799,542020041221088+20250828140718+Fiji-Nadi-LTE-DL-D!20250828140641,Fiji-Nadi-LTE-DL-D,2025-08-28 04:06:12+02:00,2025-08-28 04:06:13+02:00,2,-17.6079609,177.4547849,-17.60796152,177.45478471,139.0,40790.0,41.0,0.708472,1.480324,15.61523665244382,13.363060652443819,0.05407011381228919,66.83,65.755,62.29,58.61,81.38,74.495,0,2,0,rolling_local_drop,normal,statistical_only_retained,1.0,0.8314611284128945,0.0,53.19,67.45,59.61,Medium,High,0,0,0,0,0,0,0,2,0,0,2,0,True,Medium
LTE-TP-EP-000626,542020041221088+20250827134808+Fiji-Nadi-LTE-DL-D!20250827131638,Fiji-Nadi-LTE-DL-D,2025-08-27 03:15:25+02:00,2025-08-27 03:15:25+02:00,1,-17.7684156,177.4346195,-17.7684156,177.4346195,395.0,356.0,1.0,0.092952,0.092952,18.39684346095883,18.30389146095883,0.005052605910207349,71.98,71.98,71.96,71.96,72.0,72.0,0,1,0,rolling_local_drop,normal,statistical_only_retained,0.0,6.807505371164763,0.0,58.31,61.2,59.61,High,High,0,0,0,0,0,0,0,1,0,0,1,0,True,Medium
LTE-TP-EP-001291,542020041221088+20250828121041+Fiji-Nadi-LTE-DL-D!20250828114409,Fiji-Nadi-LTE-DL-D,2025-08-28 01:43:11+02:00,2025-08-28 01:43:12+02:00,2,-17.60294869,177.4509668,-17.6028,177.4508927,185.0,41186.0,41.0,3.664512,3.791932,27.213704994986422,23.54919299498642,0.1346568576632661,71.93,64.03,67.47,60.93,77.38,67.815,0,2,0,rolling_local_drop,normal,statistical_only_retained,1.0,18.438673496110564,0.0,56.5,63.38,59.6,High,High,0,0,0,0,0,0,0,0,0,0,2,0,True,Medium
LTE-TP-EP-001432,542020041221088+20250828124043+Fiji-Nadi-LTE-DL-D!20250828124009,Fiji-Nadi-LTE-DL-D,2025-08-28 02:38:55+02:00,2025-08-28 02:38:56+02:00,2,-17.6287189,177.4437794,-17.6285956,177.4437779,385.0,41384.0,41.0,0.556736,3.214924,47.0651145,41.1920025,0.12478694809082,69.26,68.41,68.05,67.015,73.27,70.11,0,2,0,ca_underperformance,normal,statistical_only_retained,1.0,27.25525023073331,0.0,58.04,61.49,59.59,High,High,1,1,1,1,0,0,0,0,0,0,2,4,True,Medium
LTE-TP-EP-000725,542020041221088+20250827140349+Fiji-Nadi-LTE-DL-D!20250827135601,Fiji-Nadi-LTE-DL-D,2025-08-27 03:55:02+02:00,2025-08-27 03:55:02+02:00,1,-17.76989182,177.44097552,-17.76989182,177.44097552,130.0,40988.0,41.0,1.142568,1.142568,,,,72.93,72.93,87.0,87.0,55.73,55.73,0,1,0,radio_limited_degradation,normal,statistical_only_retained,0.0,5.493717125895669,0.0,69.59,47.37,59.59,High,Medium,0,0,0,0,0,0,0,1,0,0,1,0,True,Medium
LTE-TP-EP-000408,542020041221088+20250827123638+Fiji-Nadi-LTE-DL-D!20250827114845,Fiji-Nadi-LTE-DL-D,2025-08-27 01:48:28+02:00,2025-08-27 01:48:30+02:00,3,-17.77583656,177.37567579,-17.7756629,177.3755572,158.0,40988.0,41.0,0.051184,0.0564,12.651765880505653,12.595365880505653,0.004457875725230055,68.28,66.37333333333333,69.82,66.66333333333334,68.77,66.01666666666667,0,3,0,radio_limited_degradation,normal,statistical_only_retained,2.0,31.480951469840928,0.0,61.07,57.77,59.58,High,Medium,0,0,0,0,0,0,0,0,0,0,0,0,True,Medium
LTE-TP-EP-000638,542020041221088+20250827134948+Fiji-Nadi-LTE-DL-D!20250827132103,Fiji-Nadi-LTE-DL-D,2025-08-27 03:19:14+02:00,2025-08-27 03:19:18+02:00,5,-17.77166943,177.43872718,-17.77169031,177.43849386,130.0,356.0,1.0,1.64964,1.91872,,,,68.64,64.56,85.23,84.166,48.36,40.594,0,5,0,radio_limited_degradation,normal,statistical_only_retained,4.0,29.298393240555345,0.0,76.25,39.16,59.56,High,Low,0,0,0,0,0,0,0,0,0,0,5,0,False,Not handed off
LTE-TP-EP-001388,542020041221088+20250828123522+Fiji-Nadi-LTE-DL-D!20250828123323,Fiji-Nadi-LTE-DL-D,2025-08-28 02:32:17+02:00,2025-08-28 02:32:18+02:00,2,-17.6304582,177.4374522,-17.6305662,177.4375229,354.0,40988.0,41.0,2.900856,8.787784,64.715159,50.040447,0.06639987895898317,72.47,63.245000000000005,72.89,63.17,71.95,63.335,0,2,0,ca_underperformance,normal,statistical_only_retained,1.0,28.285144489863562,0.0,59.93,59.0,59.51,High,Medium,2,2,1,2,0,0,0,0,0,0,2,7,True,Medium
LTE-TP-EP-000610,542020041221088+20250827134427+Fiji-Nadi-LTE-DL-D!20250827131213,Fiji-Nadi-LTE-DL-D,2025-08-27 03:10:59+02:00,2025-08-27 03:11:00+02:00,2,-17.7785423,177.4312233,-17.7785081,177.4312475,129.0,41186.0,41.0,4.9104,6.383916,39.21862350761994,31.36119150761994,0.17170932297230007,70.03,66.605,64.55,63.945,78.2,69.855,0,2,0,rolling_local_drop,normal,statistical_only_retained,1.0,12.612029272711393,0.0,55.5,64.38,59.5,High,High,0,0,0,0,0,0,0,0,0,0,2,0,True,Medium
LTE-TP-EP-001121,542020041221088+20250828105007+Fiji-Nadi-LTE-DL-D!20250828104930,Fiji-Nadi-LTE-DL-D,2025-08-28 00:48:03+02:00,2025-08-28 00:48:05+02:00,3,-17.64826274,177.44069898,-17.6483392,177.44084322,355.0,40790.0,41.0,6.466656,12.309768,62.203377,55.736721,0.10395988629363322,71.72,60.336666666666666,73.72,62.88333333333333,69.27,57.223333333333336,0,3,0,ca_underperformance,normal,statistical_only_retained,2.0,25.5371914560827,0.0,62.46,55.87,59.49,High,Medium,3,3,1,3,0,0,0,3,0,0,3,10,True,Medium
LTE-TP-EP-000111,542020041221088+20250827102926+Fiji-Nadi-LTE-DL-D!20250827102813,Fiji-Nadi-LTE-DL-D,2025-08-27 00:27:31+02:00,2025-08-27 00:27:32+02:00,2,-17.81335371,177.43504927,-17.8134191,177.4350863,395.0,9310.0,28.0,1.40104,2.024624,,,,70.97,70.225,95.1,92.91499999999999,43.5,42.485,0,2,0,radio_limited_degradation,normal,statistical_only_retained,1.0,11.522556563382597,0.0,78.09,36.72,59.48,High,Low,0,0,0,0,0,0,0,2,0,0,2,0,False,Not handed off
LTE-TP-EP-001464,542020041221088+20250828124723+Fiji-Nadi-LTE-DL-D!20250828124651,Fiji-Nadi-LTE-DL-D,2025-08-28 02:46:08+02:00,2025-08-28 02:46:09+02:00,2,-17.63101672,177.45041939,-17.63096,177.4506757,170.0,41384.0,41.0,3.923208,7.357576,47.0651145,43.1419065,0.08335702657219711,72.59,62.535,71.8,61.535,73.55,63.76,0,2,0,ca_underperformance,normal,statistical_only_retained,1.0,41.14558214468141,0.0,59.0,60.07,59.48,High,High,2,2,1,2,0,0,0,2,0,0,2,7,True,Medium
LTE-TP-EP-001298,542020041221088+20250828121301+Fiji-Nadi-LTE-DL-D!20250828114829,Fiji-Nadi-LTE-DL-D,2025-08-28 01:46:27+02:00,2025-08-28 01:46:27+02:00,1,-17.6027985,177.4550022,-17.6027985,177.4550022,184.0,41384.0,41.0,0.270976,0.270976,21.058099751947513,20.78712375194751,0.012868017684023904,72.04,72.04,75.44,75.44,67.89,67.89,0,1,0,rolling_local_drop,normal,statistical_only_retained,0.0,,0.0,60.92,57.71,59.47,High,Medium,0,0,0,0,0,0,0,0,0,0,0,0,True,Medium
LTE-TP-EP-001732,542020041221088+20250828135437+Fiji-Nadi-LTE-DL-D!20250828135310,Fiji-Nadi-LTE-DL-D,2025-08-28 03:52:50+02:00,2025-08-28 03:52:50+02:00,1,-17.61608177,177.44609241,-17.61608177,177.44609241,232.0,41384.0,41.0,1.176688,1.176688,,,,72.79,72.79,86.88,86.88,55.56,55.56,0,1,0,radio_limited_degradation,normal,statistical_only_retained,0.0,0.11540500284543481,0.0,69.5,47.23,59.47,High,Medium,0,0,0,0,0,0,0,1,0,0,1,0,True,Medium
LTE-TP-EP-000378,542020041221088+20250827123437+Fiji-Nadi-LTE-DL-D!20250827114425,Fiji-Nadi-LTE-DL-D,2025-08-27 01:42:59+02:00,2025-08-27 01:42:59+02:00,1,-17.7962394,177.398381,-17.7962394,177.398381,140.0,500.0,1.0,1.690184,1.690184,,,,73.24,73.24,94.08,94.08,47.76,47.76,0,1,0,radio_limited_degradation,normal,statistical_only_retained,0.0,13.773847469749482,0.0,74.9,40.6,59.46,High,Medium,0,0,0,0,0,0,0,1,0,0,1,0,True,Medium
LTE-TP-EP-001483,542020041221088+20250828125203+Fiji-Nadi-LTE-DL-D!20250828125121,Fiji-Nadi-LTE-DL-D,2025-08-28 02:49:57+02:00,2025-08-28 02:49:57+02:00,1,-17.6307357,177.4545366,-17.6307357,177.4545366,167.0,40988.0,41.0,4.852648,4.852648,,,,71.16,71.16,62.02,62.02,82.32,82.32,0,1,0,radio_limited_degradation,normal,statistical_only_retained,0.0,2.706306844337622,0.0,50.85,69.97,59.46,Medium,High,0,0,0,0,0,0,0,1,0,0,1,0,True,Medium
LTE-TP-EP-000315,542020041221088+20250827122335+Fiji-Nadi-LTE-DL-D!20250827113336,Fiji-Nadi-LTE-DL-D,2025-08-27 01:31:39+02:00,2025-08-27 01:31:39+02:00,1,-17.7664963,177.4297352,-17.7664963,177.4297352,394.0,41384.0,41.0,8.011104,8.011104,65.24475191259535,57.233647912595345,0.12278541591716091,72.11,72.11,77.15,77.15,65.95,65.95,0,1,0,sudden_drop,normal,statistical_only_retained,0.0,18.879492528229534,0.0,62.2,56.06,59.44,High,Medium,0,0,0,0,0,0,0,0,0,0,1,0,True,Medium
LTE-TP-EP-001855,542020041221088+20250828141618+Fiji-Nadi-LTE-DL-D!20250828141538,Fiji-Nadi-LTE-DL-D,2025-08-28 04:15:15+02:00,2025-08-28 04:15:15+02:00,1,-17.6173036,177.4560876,-17.6173036,177.4560876,233.0,1850.0,3.0,55.080257,55.080257,199.14377,144.063513,0.2765853885361315,70.92,70.92,58.87,58.87,85.64,85.64,0,1,0,radio_p75_underperformance,ml_hgb_resource_conditioned_underperformance,statistical_only_retained,0.0,9.747748716786557,0.0,48.49,72.79,59.43,Medium,High,1,0,0,0,0,1,0,1,0,0,1,2,True,Medium
LTE-TP-EP-001086,542020041221088+20250828104127+Fiji-Nadi-LTE-DL-D!20250828104043,Fiji-Nadi-LTE-DL-D,2025-08-28 00:40:31+02:00,2025-08-28 00:40:31+02:00,1,-17.6487331,177.4086611,-17.6487331,177.4086611,437.0,500.0,1.0,50.386112,50.386112,176.8458,126.459688,0.28491551396753556,70.85,70.85,58.38,58.38,86.09,86.09,0,1,0,radio_p75_underperformance,ml_hgb_strict_causal_temporal_underperformance,statistical_only_retained,0.0,13.833485224351667,0.0,48.12,73.18,59.4,Medium,High,1,0,0,0,0,0,1,1,0,0,1,2,True,Medium
LTE-TP-EP-000494,542020041221088+20250827131704+Fiji-Nadi-LTE-DL-D!20250827121308,Fiji-Nadi-LTE-DL-D,2025-08-27 02:12:31+02:00,2025-08-27 02:12:33+02:00,3,-17.79690235,177.40750943,-17.79693897,177.40769222,363.0,9310.0,28.0,1.53148,1.931568,,,,70.41,66.59333333333333,94.64,88.48666666666666,42.26,39.833333333333336,0,3,0,radio_limited_degradation,normal,statistical_only_retained,2.0,28.218368718478082,0.0,79.09,35.31,59.39,High,Low,0,0,0,0,0,0,0,3,0,0,3,0,False,Not handed off
LTE-TP-EP-000282,542020041221088+20250827115912+Fiji-Nadi-LTE-DL-D!20250827112451,Fiji-Nadi-LTE-DL-D,2025-08-27 01:22:50+02:00,2025-08-27 01:22:51+02:00,2,-17.7675704,177.44248,-17.7676483,177.4423688,123.0,41384.0,41.0,0.41384,1.936976,,,,70.73,66.415,68.55,63.22,73.39,70.315,0,2,0,radio_limited_degradation,normal,statistical_only_retained,1.0,29.002138574435563,0.0,57.55,61.61,59.38,High,High,0,0,0,0,0,0,0,0,0,0,2,0,True,Medium
LTE-TP-EP-000790,542020041221088+20250827144511+Fiji-Nadi-LTE-DL-D!20250827144430,Fiji-Nadi-LTE-DL-D,2025-08-27 04:42:40+02:00,2025-08-27 04:42:40+02:00,1,-17.763715,177.440922,-17.763715,177.440922,402.0,356.0,1.0,0.018152,0.018152,,,,72.94,72.94,90.94,90.94,50.94,50.94,0,1,0,radio_limited_degradation,normal,statistical_only_retained,0.0,0.0,0.0,72.54,43.3,59.38,High,Medium,0,0,0,0,0,0,0,0,0,0,0,0,True,Medium
LTE-TP-EP-001176,542020041221088+20250828113631+Fiji-Nadi-LTE-DL-D!20250828110448,Fiji-Nadi-LTE-DL-D,2025-08-28 01:03:14+02:00,2025-08-28 01:03:16+02:00,3,-17.6382634,177.4707381,-17.638296,177.4709584,352.0,40790.0,41.0,0.975736,1.461328,,,,68.53,66.60333333333334,96.58,92.32333333333334,40.35,35.166666666666664,0,3,0,radio_limited_degradation,normal,statistical_only_retained,2.0,44.621401229101004,0.0,80.92,33.0,59.36,Critical,Low,0,0,0,0,0,0,0,2,0,0,3,0,False,Not handed off
LTE-TP-EP-001466,542020041221088+20250828124723+Fiji-Nadi-LTE-DL-D!20250828124651,Fiji-Nadi-LTE-DL-D,2025-08-28 02:46:27+02:00,2025-08-28 02:46:27+02:00,1,-17.6301727,177.4505948,-17.6301727,177.4505948,384.0,40988.0,41.0,9.44208,9.44208,83.236885,73.794805,0.11343624884568904,72.11,72.11,78.48,78.48,64.33,64.33,0,1,0,ca_underperformance,normal,statistical_only_retained,0.0,21.555354732839184,0.0,63.2,54.68,59.36,High,Medium,1,1,1,1,0,0,0,1,0,0,1,4,True,Medium
LTE-TP-EP-000573,542020041221088+20250827133907+Fiji-Nadi-LTE-DL-D!20250827130324,Fiji-Nadi-LTE-DL-D,2025-08-27 03:02:29+02:00,2025-08-27 03:02:30+02:00,2,-17.7862511,177.4279408,-17.78625504,177.42794207,134.0,1850.0,3.0,23.44012,30.11578,100.10031275322376,63.62437509977804,0.26922708244201093,69.41,68.03999999999999,60.89,58.53,79.83,79.67,0,2,0,radio_limited_degradation,ml_hgb_resource_conditioned_underperformance,statistical_only_retained,1.0,12.110034396741698,0.0,52.4,67.82,59.34,Medium,High,1,1,0,0,1,1,0,0,0,0,2,4,True,Medium
LTE-TP-EP-000796,542020041221088+20250827144731+Fiji-Nadi-LTE-DL-D!20250827144643,Fiji-Nadi-LTE-DL-D,2025-08-27 04:44:52+02:00,2025-08-27 04:44:52+02:00,1,-17.7579992,177.4448203,-17.7579992,177.4448203,125.0,41186.0,41.0,3.358336,3.358336,41.037212749999995,37.67887674999999,0.0818363571731611,71.53,71.53,69.87,69.87,73.55,73.55,0,1,0,ca_underperformance,normal,statistical_only_retained,0.0,8.748614611549678,0.0,56.74,62.52,59.34,High,High,1,1,1,1,0,0,0,1,0,1,1,4,True,Medium
LTE-TP-EP-000115,542020041221088+20250827102926+Fiji-Nadi-LTE-DL-D!20250827102813,Fiji-Nadi-LTE-DL-D,2025-08-27 00:27:54+02:00,2025-08-27 00:27:55+02:00,2,-17.8144373,177.43601148,-17.81449737,177.43610374,395.0,1850.0,3.0,1.156064,1.796764,,,,71.2,70.215,95.95,93.71000000000001,42.05,41.495,0,2,0,radio_limited_degradation,normal,statistical_only_retained,1.0,23.044468047010596,0.0,78.72,35.6,59.32,High,Low,0,0,0,0,0,0,0,2,0,0,2,0,False,Not handed off
LTE-TP-EP-000018,542020041221088+20250827094725+Fiji-Nadi-LTE-DL-D!20250827094401,Fiji-Nadi-LTE-DL-D,2025-08-26 23:43:52+02:00,2025-08-26 23:43:52+02:00,1,-17.81249118,177.39902101,-17.81249118,177.39902101,151.0,41186.0,41.0,7.18808,7.18808,50.5500302077184,43.3619502077184,0.14219734331439557,71.61,71.61,71.52,71.52,71.73,71.73,0,1,0,sudden_drop,normal,statistical_only_retained,0.0,11.122840908836713,0.0,57.98,60.97,59.32,High,High,0,0,0,0,0,0,0,0,0,0,1,0,True,Medium
LTE-TP-EP-001285,542020041221088+20250828121041+Fiji-Nadi-LTE-DL-D!20250828114409,Fiji-Nadi-LTE-DL-D,2025-08-28 01:42:07+02:00,2025-08-28 01:42:09+02:00,3,-17.6038731,177.4519317,-17.60388575,177.45188649,185.0,41384.0,41.0,0.012216,3.153496,121.14346,97.484875,0.0006479045028222642,70.07,64.26,74.34,68.63333333333334,64.84,58.906666666666666,0,3,0,rolling_local_drop,normal,statistical_only_retained,2.0,4.993928339521279,0.0,63.95,53.63,59.31,High,Medium,1,1,0,0,0,0,0,3,0,0,3,2,True,Medium
LTE-TP-EP-000813,542020041221088+20250827145831+Fiji-Nadi-LTE-DL-D!20250827145756,Fiji-Nadi-LTE-DL-D,2025-08-27 04:57:52+02:00,2025-08-27 04:57:52+02:00,1,-17.7696134,177.4735336,-17.7696134,177.4735336,113.0,41384.0,41.0,26.739897,26.739897,121.14346,94.403563,0.22072918339958258,70.95,70.95,62.12,62.12,81.75,81.75,0,1,0,rb_conditioned_underperformance,ml_quantile_p75_resource_underperformance,statistical_only_retained,0.0,3.664650636146401,0.0,50.93,69.49,59.28,Medium,High,1,1,0,0,1,0,0,0,0,0,0,3,True,Medium
LTE-TP-EP-001279,542020041221088+20250828120902+Fiji-Nadi-LTE-DL-D!20250828113953,Fiji-Nadi-LTE-DL-D,2025-08-28 01:39:02+02:00,2025-08-28 01:39:02+02:00,1,-17.6032085,177.453962,-17.6032085,177.453962,184.0,41384.0,41.0,4.045528,4.045528,,,,71.87,71.87,76.84,76.84,65.79,65.79,0,1,0,radio_limited_degradation,normal,statistical_only_retained,0.0,5.130506392254542,0.0,61.97,55.92,59.25,High,Medium,0,0,0,0,0,0,0,0,0,0,0,0,True,Medium
LTE-TP-EP-000896,542020041221088+20250827152632+Fiji-Nadi-LTE-DL-D!20250827152422,Fiji-Nadi-LTE-DL-D,2025-08-27 05:22:28+02:00,2025-08-27 05:22:28+02:00,1,-17.74210384,177.44344579,-17.74210384,177.44344579,487.0,40790.0,41.0,0.428904,0.428904,,,,72.66,72.66,89.5,89.5,52.08,52.08,0,1,0,radio_limited_degradation,normal,statistical_only_retained,0.0,0.17900462114581053,0.0,71.46,44.27,59.22,High,Medium,0,0,0,0,0,0,0,0,0,0,1,0,True,Medium
LTE-TP-EP-001504,542020041221088+20250828125404+Fiji-Nadi-LTE-DL-D!20250828125334,Fiji-Nadi-LTE-DL-D,2025-08-28 02:52:30+02:00,2025-08-28 02:52:30+02:00,1,-17.63339964,177.45443827,-17.63339964,177.45443827,167.0,40988.0,41.0,9.687488,9.687488,,,,71.14,71.14,66.09,66.09,77.31,77.31,0,1,0,radio_limited_degradation,normal,statistical_only_retained,0.0,0.2928703774499794,0.0,53.9,65.71,59.22,Medium,High,0,0,0,0,0,0,0,0,0,0,1,0,True,Medium
LTE-TP-EP-001649,542020041221088+20250828133816+Fiji-Nadi-LTE-DL-D!20250828132818,Fiji-Nadi-LTE-DL-D,2025-08-28 03:27:17+02:00,2025-08-28 03:27:19+02:00,3,-17.61446594,177.46512763,-17.61431804,177.46509852,179.0,40790.0,41.0,2.677192,3.030736,,,,69.87,68.33,90.63,89.07333333333334,44.49,42.973333333333336,0,3,0,radio_limited_degradation,normal,statistical_only_retained,2.0,16.770794485423934,0.0,77.0,37.44,59.2,High,Low,0,0,0,0,0,0,0,3,0,0,3,0,False,Not handed off
LTE-TP-EP-000723,542020041221088+20250827140349+Fiji-Nadi-LTE-DL-D!20250827135601,Fiji-Nadi-LTE-DL-D,2025-08-27 03:54:25+02:00,2025-08-27 03:54:26+02:00,2,-17.7690611,177.440185,-17.76906107,177.44018496,123.0,40988.0,41.0,0.217592,3.676104,25.625776135868804,18.491160135868803,0.02483768928468874,70.92,65.11,70.04,60.985,72.0,70.155,0,2,0,radio_limited_degradation,normal,statistical_only_retained,1.0,0.005391509328394168,0.0,57.92,60.74,59.19,High,High,0,0,0,0,0,0,0,0,0,0,2,0,True,Medium
LTE-TP-EP-000182,542020041221088+20250827105947+Fiji-Nadi-LTE-DL-D!20250827104944,Fiji-Nadi-LTE-DL-D,2025-08-27 00:48:33+02:00,2025-08-27 00:48:34+02:00,2,-17.76426335,177.4556346,-17.7640931,177.4558472,124.0,41186.0,41.0,1.175176,1.3606479999999999,,,,71.35,66.17,85.59,75.74000000000001,55.01,54.480000000000004,0,2,0,radio_limited_degradation,normal,statistical_only_retained,1.0,29.648389243037677,0.0,69.43,46.63,59.17,High,Medium,0,0,0,0,0,0,0,1,0,0,2,0,True,Medium
LTE-TP-EP-001043,542020041221088+20250828102746+Fiji-Nadi-LTE-DL-D!20250828102524,Fiji-Nadi-LTE-DL-D,2025-08-28 00:24:48+02:00,2025-08-28 00:24:48+02:00,1,-17.7359655,177.4604803,-17.7359655,177.4604803,487.0,41384.0,41.0,2.689704,2.689704,22.817810950148594,20.128106950148595,0.11787738998611012,71.18,71.18,67.86,67.86,75.24,75.24,0,1,0,sudden_drop,normal,statistical_only_retained,0.0,11.5037655644092,0.0,55.23,63.95,59.16,High,High,0,0,0,0,0,0,0,0,0,0,1,0,True,Medium
LTE-TP-EP-000380,542020041221088+20250827123437+Fiji-Nadi-LTE-DL-D!20250827114425,Fiji-Nadi-LTE-DL-D,2025-08-27 01:43:04+02:00,2025-08-27 01:43:04+02:00,1,-17.7961777,177.39786515,-17.7961777,177.39786515,140.0,500.0,1.0,1.785864,1.785864,,,,72.84,72.84,93.75,93.75,47.28,47.28,0,1,0,radio_limited_degradation,normal,statistical_only_retained,0.0,0.14354701887436044,0.0,74.65,40.19,59.14,High,Medium,0,0,0,0,0,0,0,1,0,0,1,0,True,Medium
LTE-TP-EP-001056,542020041221088+20250828103207+Fiji-Nadi-LTE-DL-D!20250828102946,Fiji-Nadi-LTE-DL-D,2025-08-28 00:27:51+02:00,2025-08-28 00:27:51+02:00,1,-17.7174622,177.45425718,-17.7174622,177.45425718,487.0,41384.0,41.0,7.544512,7.544512,25.320546630317622,17.77603463031762,0.2979600760659155,70.25,70.25,53.66,53.66,90.52,90.52,0,1,0,sudden_drop,normal,statistical_only_retained,0.0,0.1402571367963131,0.0,44.58,76.94,59.14,Medium,High,0,0,0,0,0,0,0,0,0,0,1,0,True,Medium
LTE-TP-EP-000605,542020041221088+20250827134347+Fiji-Nadi-LTE-DL-D!20250827131002,Fiji-Nadi-LTE-DL-D,2025-08-27 03:09:48+02:00,2025-08-27 03:09:48+02:00,1,-17.77675237,177.43031,-17.77675237,177.43031,129.0,41186.0,41.0,0.038456,0.038456,18.473267883939883,18.434811883939883,0.0020817107315069315,71.51,71.51,73.67,73.67,68.87,68.87,0,1,0,radio_limited_degradation,normal,statistical_only_retained,0.0,5.174044741550993,0.0,59.59,58.54,59.12,High,Medium,0,0,0,0,0,0,0,0,0,0,1,0,True,Medium
LTE-TP-EP-001978,542020041221088+20250829102513+Nawaka-LTE-DL!20250829102435,Nawaka-LTE-DL,2025-08-29 00:24:24+02:00,2025-08-29 00:24:26+02:00,3,-17.8128906,177.4432636,-17.8128906,177.4432636,469.0,1850.0,3.0,2.18832,4.68876,,,,71.12,64.56666666666668,92.34,83.76,45.19,41.11,0,3,0,radio_limited_degradation,normal,statistical_only_retained,2.0,0.0,0.0,76.88,37.39,59.11,High,Low,0,0,0,0,0,0,0,0,0,0,0,0,False,Not handed off
LTE-TP-EP-000571,542020041221088+20250827133907+Fiji-Nadi-LTE-DL-D!20250827130324,Fiji-Nadi-LTE-DL-D,2025-08-27 03:02:14+02:00,2025-08-27 03:02:14+02:00,1,-17.78792,177.4275765,-17.78792,177.4275765,322.0,1850.0,3.0,25.762512,25.762512,135.5693,109.806788,0.19003205002902576,70.84,70.84,63.91,63.91,79.32,79.32,0,1,0,rb_conditioned_underperformance,ml_quantile_p75_resource_underperformance,statistical_only_retained,0.0,23.481701212950387,0.0,52.27,67.42,59.09,Medium,High,1,1,0,0,1,0,0,0,0,0,1,3,True,Medium
LTE-TP-EP-001397,542020041221088+20250828123602+Fiji-Nadi-LTE-DL-D!20250828123538,Fiji-Nadi-LTE-DL-D,2025-08-28 02:33:36+02:00,2025-08-28 02:33:36+02:00,1,-17.6293643,177.440522,-17.6293643,177.440522,310.0,356.0,1.0,32.450695,32.450695,123.63355,91.18285499999999,0.26247482984998816,70.58,70.58,59.69,59.69,83.88,83.88,0,1,0,rb_conditioned_underperformance,ml_quantile_p75_resource_underperformance,statistical_only_retained,0.0,1.5063192388778368,0.0,49.1,71.3,59.09,Medium,High,1,1,0,0,1,1,0,0,0,0,1,4,True,Medium
LTE-TP-EP-000957,542020041221088+20250827160154+Fiji-Nadi-LTE-DL-D!20250827155510,Fiji-Nadi-LTE-DL-D,2025-08-27 05:54:40+02:00,2025-08-27 05:54:40+02:00,1,-17.79308108,177.44452976,-17.79308108,177.44452976,430.0,40988.0,41.0,13.217832,13.217832,88.404305,75.18647299999999,0.14951570514580712,71.39,71.39,72.35,72.35,70.21,70.21,0,1,0,ca_underperformance,ml_quantile_p75_resource_underperformance,statistical_only_retained,0.0,14.760677217166526,0.0,58.6,59.68,59.08,High,Medium,1,1,0,1,1,0,0,1,0,0,1,4,True,Medium
LTE-TP-EP-001752,542020041221088+20250828140057+Fiji-Nadi-LTE-DL-D!20250828135741,Fiji-Nadi-LTE-DL-D,2025-08-28 03:57:17+02:00,2025-08-28 03:57:17+02:00,1,-17.6077227,177.4560371,-17.6077227,177.4560371,182.0,41186.0,41.0,5.067176,5.067176,,,,72.02,72.02,82.26,82.26,59.51,59.51,0,1,0,rb_efficiency_underperformance,normal,statistical_only_retained,0.0,6.231824900814606,0.0,66.03,50.58,59.08,High,Medium,0,0,1,0,0,0,0,1,0,0,1,1,True,Medium
LTE-TP-EP-000983,542020041221088+20250827161114+Fiji-Nadi-LTE-DL-D!20250827160608,Fiji-Nadi-LTE-DL-D,2025-08-27 06:05:45+02:00,2025-08-27 06:05:45+02:00,1,-17.8117312,177.4396337,-17.8117312,177.4396337,469.0,1850.0,3.0,3.47564,3.47564,,,,71.79,71.79,78.84,78.84,63.18,63.18,0,1,0,radio_limited_degradation,normal,statistical_only_retained,0.0,2.889015855934823,0.0,63.47,53.7,59.07,High,Medium,0,0,0,0,0,0,0,0,0,0,0,0,True,Medium
LTE-TP-EP-000109,542020041221088+20250827102926+Fiji-Nadi-LTE-DL-D!20250827102813,Fiji-Nadi-LTE-DL-D,2025-08-27 00:27:25+02:00,2025-08-27 00:27:26+02:00,2,-17.8131648,177.434943,-17.81322,177.434973,395.0,9310.0,28.0,1.213168,1.876192,,,,71.87,68.67500000000001,95.75,93.43,42.68,38.415,0,2,0,radio_limited_degradation,normal,statistical_only_retained,1.0,14.59179756291849,0.0,78.55,35.21,59.05,High,Low,0,0,0,0,0,0,0,2,0,0,2,0,False,Not handed off
LTE-TP-EP-001989,542020041221088+20250829102934+Nawaka-LTE-DL!20250829102857,Nawaka-LTE-DL,2025-08-29 00:27:59+02:00,2025-08-29 00:27:59+02:00,1,-17.8128906,177.4432641,-17.8128906,177.4432641,469.0,1850.0,3.0,5.843472,5.843472,32.0803415,26.236869500000005,0.18215117815999557,70.23,70.23,55.19,55.19,88.61,88.61,0,1,0,ca_underperformance,ml_quantile_p75_resource_underperformance,statistical_only_retained,0.0,0.0,0.0,45.73,75.32,59.04,Medium,High,1,1,1,1,1,1,0,0,0,0,0,6,True,Medium
LTE-TP-EP-000611,542020041221088+20250827134427+Fiji-Nadi-LTE-DL-D!20250827131213,Fiji-Nadi-LTE-DL-D,2025-08-27 03:11:16+02:00,2025-08-27 03:11:18+02:00,3,-17.7779439,177.431643,-17.77790675,177.43166789,129.0,41186.0,41.0,0.15056,18.298351,70.787155,52.488804,0.25849818374534195,71.33,58.050000000000004,69.47,54.66333333333333,73.6,62.19,0,3,0,rb_conditioned_underperformance,normal,statistical_only_retained,2.0,9.793622179469558,0.0,58.48,59.71,59.03,High,Medium,2,2,0,0,0,0,0,0,0,0,3,4,True,Medium
LTE-TP-EP-001781,542020041221088+20250828140457+Fiji-Nadi-LTE-DL-D!20250828140425,Fiji-Nadi-LTE-DL-D,2025-08-28 04:02:40+02:00,2025-08-28 04:02:41+02:00,2,-17.6067175,177.4502736,-17.60671737,177.45027285,139.0,40988.0,41.0,0.166944,0.631348,17.338826793427515,16.243074793427514,0.06319643266840624,69.79,67.74000000000001,69.42,66.7,70.25,69.015,0,2,0,radio_limited_degradation,normal,statistical_only_retained,1.0,16.76215509182875,0.0,58.73,59.4,59.03,High,Medium,0,0,0,0,0,0,0,0,0,0,2,0,True,Medium
LTE-TP-EP-001337,542020041221088+20250828122241+Fiji-Nadi-LTE-DL-D!20250828121359,Fiji-Nadi-LTE-DL-D,2025-08-28 02:13:05+02:00,2025-08-28 02:13:06+02:00,2,-17.6033727,177.4529791,-17.6033727,177.4529792,184.0,40988.0,41.0,14.945048,22.7121955,111.79482125,81.31547825,0.2726364482648162,61.04,59.474999999999994,59.1,46.46,87.35,75.38,0,2,0,rb_conditioned_underperformance,normal,statistical_only_retained,1.0,0.010598813116952027,0.0,49.0,71.26,59.02,Medium,High,1,1,0,0,0,0,0,0,0,0,2,2,True,Medium
LTE-TP-EP-001062,542020041221088+20250828103427+Fiji-Nadi-LTE-DL-D!20250828103156,Fiji-Nadi-LTE-DL-D,2025-08-28 00:29:54+02:00,2025-08-28 00:29:54+02:00,1,-17.70734302,177.44063707,-17.70734302,177.44063707,315.0,40988.0,41.0,36.215305,36.215305,118.10928875,81.89398375,0.30662537538987594,70.3,70.3,57.11,57.11,86.42,86.42,0,1,0,rb_conditioned_underperformance,ml_quantile_p75_resource_underperformance,statistical_only_retained,0.0,0.375926094987043,0.0,47.17,73.46,59.0,Medium,High,0,1,0,0,1,0,0,0,0,0,1,2,True,Medium
LTE-TP-EP-000688,542020041221088+20250827135549+Fiji-Nadi-LTE-DL-D!20250827133724,Fiji-Nadi-LTE-DL-D,2025-08-27 03:36:42+02:00,2025-08-27 03:36:43+02:00,2,-17.7842556,177.4218188,-17.78425488,177.42181988,147.0,41186.0,41.0,0.192008,0.34612,18.412476436195355,17.912244436195355,0.011274812963794999,69.34,69.14500000000001,70.19,70.03999999999999,68.29,68.045,0,2,0,rolling_local_drop,normal,statistical_only_retained,1.0,19.382311152563105,0.0,59.82,57.99,58.99,High,Medium,0,0,0,0,0,0,0,2,0,0,2,0,True,Medium
LTE-TP-EP-001516,542020041221088+20250828125624+Fiji-Nadi-LTE-DL-D!20250828125546,Fiji-Nadi-LTE-DL-D,2025-08-28 02:55:01+02:00,2025-08-28 02:55:01+02:00,1,-17.6368353,177.4555854,-17.6368353,177.4555854,165.0,40988.0,41.0,10.176848,10.176848,83.236885,73.060037,0.12226368153974046,71.55,71.55,76.68,76.68,65.27,65.27,0,1,0,ca_underperformance,normal,statistical_only_retained,0.0,18.446301107173102,0.0,61.85,55.48,58.98,High,Medium,1,1,0,1,0,0,0,1,0,0,1,3,True,Medium
LTE-TP-EP-001906,542020041221088+20250828143419+Fiji-Nadi-LTE-DL-D!20250828143343,Fiji-Nadi-LTE-DL-D,2025-08-28 04:33:25+02:00,2025-08-28 04:33:25+02:00,1,-17.6205524,177.4481512,-17.6205524,177.4481512,168.0,40988.0,41.0,4.161608,4.161608,43.68767,39.526061999999996,0.09525818154184007,71.05,71.05,69.0,69.0,73.55,73.55,0,1,0,ca_underperformance,normal,statistical_only_retained,0.0,8.051458415365756,0.0,56.09,62.52,58.98,High,High,1,1,1,1,0,0,0,1,0,0,1,4,True,Medium
LTE-TP-EP-000235,542020041221088+20250827112649+Fiji-Nadi-LTE-DL-D!20250827110516,Fiji-Nadi-LTE-DL-D,2025-08-27 01:03:26+02:00,2025-08-27 01:03:27+02:00,2,-17.7713145,177.4877031,-17.7712174,177.4876582,80.0,500.0,1.0,0.003016,2.543592,32.41143,27.327262000000005,0.15686342750073043,64.99,64.68,69.99,64.07499999999999,71.96,65.42,0,2,0,radio_limited_degradation,normal,statistical_only_retained,1.0,23.310497765250304,0.0,58.52,59.53,58.97,High,Medium,1,1,1,0,0,0,0,2,0,0,2,3,True,Medium
LTE-TP-EP-000884,542020041221088+20250827152532+Fiji-Nadi-LTE-DL-D!20250827152209,Fiji-Nadi-LTE-DL-D,2025-08-27 05:20:19+02:00,2025-08-27 05:20:19+02:00,1,-17.7425172,177.4422122,-17.7425172,177.4422122,120.0,40790.0,41.0,0.140136,0.140136,15.158104,15.017968,0.009244955701583787,71.12,71.12,70.53,70.53,71.85,71.85,0,1,0,sudden_drop,normal,statistical_only_retained,0.0,1.780429742429593,0.0,57.23,61.07,58.96,High,High,0,0,0,0,0,0,0,0,0,0,1,0,True,Medium
LTE-TP-EP-001425,542020041221088+20250828124043+Fiji-Nadi-LTE-DL-D!20250828124009,Fiji-Nadi-LTE-DL-D,2025-08-28 02:38:16+02:00,2025-08-28 02:38:16+02:00,1,-17.6310461,177.4440356,-17.6310461,177.4440356,313.0,41384.0,41.0,23.864872,23.864872,121.14346,97.27858800000001,0.19699678381317487,70.67,70.67,63.51,63.51,79.43,79.43,0,1,0,rb_conditioned_underperformance,ml_hgb_strict_causal_temporal_underperformance,statistical_only_retained,0.0,5.165253535333867,0.0,51.97,67.52,58.96,Medium,High,1,1,0,0,0,0,1,0,0,0,1,3,True,Medium
LTE-TP-EP-000788,542020041221088+20250827144511+Fiji-Nadi-LTE-DL-D!20250827144430,Fiji-Nadi-LTE-DL-D,2025-08-27 04:42:28+02:00,2025-08-27 04:42:28+02:00,1,-17.7637149,177.4409221,-17.7637149,177.4409221,402.0,356.0,1.0,0.004784,0.004784,,,,72.44,72.44,90.98,90.98,49.77,49.77,0,1,0,radio_limited_degradation,normal,statistical_only_retained,0.0,,0.0,72.57,42.3,58.95,High,Medium,0,0,0,0,0,0,0,0,0,0,0,0,True,Medium
LTE-TP-EP-001566,542020041221088+20250828131005+Fiji-Nadi-LTE-DL-D!20250828130912,Fiji-Nadi-LTE-DL-D,2025-08-28 03:08:15+02:00,2025-08-28 03:08:15+02:00,1,-17.6274123,177.4613286,-17.6274123,177.4613286,255.0,40988.0,41.0,28.544071,28.544071,85.59454355892606,57.05047255892606,0.33348003053897163,70.12,70.12,55.26,55.26,88.28,88.28,0,1,0,rb_conditioned_underperformance,ml_hgb_strict_causal_temporal_underperformance,statistical_only_retained,0.0,7.610282743420379,0.0,45.78,75.04,58.95,Medium,High,1,1,0,0,0,0,1,1,0,0,1,3,True,Medium
LTE-TP-EP-001525,542020041221088+20250828125844+Fiji-Nadi-LTE-DL-D!20250828125759,Fiji-Nadi-LTE-DL-D,2025-08-28 02:56:25+02:00,2025-08-28 02:56:25+02:00,1,-17.6312874,177.4559049,-17.6312874,177.4559049,275.0,40988.0,41.0,2.86488,2.86488,,,,71.78,71.78,80.97,80.97,60.54,60.54,0,1,0,radio_limited_degradation,normal,statistical_only_retained,0.0,0.011119508138052268,0.0,65.06,51.46,58.94,High,Medium,0,0,0,0,0,0,0,1,0,0,1,0,True,Medium
LTE-TP-EP-001715,542020041221088+20250828135037+Fiji-Nadi-LTE-DL-D!20250828134621,Fiji-Nadi-LTE-DL-D,2025-08-28 03:46:00+02:00,2025-08-28 03:46:00+02:00,1,-17.61047872,177.45154732,-17.61047872,177.45154732,140.0,41384.0,41.0,34.62309,34.62309,121.14346,86.52037000000001,0.285802386690953,70.3,70.3,58.33,58.33,84.94,84.94,0,1,0,rb_conditioned_underperformance,ml_hgb_strict_causal_temporal_underperformance,statistical_only_retained,0.0,0.90866939455745,0.0,48.08,72.2,58.94,Medium,High,1,1,0,0,0,0,1,0,0,0,1,3,True,Medium
LTE-TP-EP-000469,542020041221088+20250827131523+Fiji-Nadi-LTE-DL-D!20250827120845,Fiji-Nadi-LTE-DL-D,2025-08-27 02:08:39+02:00,2025-08-27 02:08:41+02:00,3,-17.7894161,177.394405,-17.7896648,177.3945128,138.0,1850.0,3.0,4.47484,6.60896,,,,66.66,61.66,84.34,78.98333333333333,55.57,40.48666666666667,0,3,0,radio_limited_degradation,normal,statistical_only_retained,2.0,45.092263875778855,0.0,71.52,43.46,58.9,High,Medium,0,0,1,0,0,0,0,3,0,0,3,1,True,Medium
LTE-TP-EP-000735,542020041221088+20250827140609+Fiji-Nadi-LTE-DL-D!20250827135810,Fiji-Nadi-LTE-DL-D,2025-08-27 03:57:39+02:00,2025-08-27 03:57:39+02:00,1,-17.7665439,177.4477631,-17.7665439,177.4477631,124.0,41186.0,41.0,11.66424,11.66424,51.0088867966881,39.3446467966881,0.2286707421491373,70.45,70.45,61.4,61.4,81.51,81.51,0,1,0,sudden_drop,normal,statistical_only_retained,0.0,0.004447803325953315,0.0,50.39,69.28,58.89,Medium,High,0,0,0,0,0,0,0,0,0,0,1,0,True,Medium
LTE-TP-EP-000490,542020041221088+20250827131704+Fiji-Nadi-LTE-DL-D!20250827121308,Fiji-Nadi-LTE-DL-D,2025-08-27 02:12:17+02:00,2025-08-27 02:12:20+02:00,4,-17.7968343,177.40709414,-17.7968343,177.4070942,135.0,500.0,1.0,5.786424,7.269088,49.4498,43.436208,0.1216100368454473,66.78,61.472500000000004,70.16,62.8975,66.37,59.7275,0,4,0,ca_underperformance,normal,statistical_only_retained,3.0,0.01934440569364885,0.0,62.24,54.75,58.87,High,Medium,3,3,3,3,0,0,0,4,0,0,4,12,True,Medium
LTE-TP-EP-001201,542020041221088+20250828114132+Fiji-Nadi-LTE-DL-D!20250828111120,Fiji-Nadi-LTE-DL-D,2025-08-28 01:09:18+02:00,2025-08-28 01:09:18+02:00,1,-17.6175843,177.4734518,-17.6175843,177.4734518,178.0,41384.0,41.0,37.03669,37.03669,128.72179215071182,91.68510215071183,0.28772664970851397,70.19,70.19,58.22,58.22,84.82,84.82,0,1,0,rb_conditioned_underperformance,ml_quantile_p75_resource_underperformance,statistical_only_retained,0.0,,0.0,48.0,72.1,58.84,Medium,High,1,1,0,0,1,0,0,0,0,0,1,3,True,Medium
LTE-TP-EP-001239,542020041221088+20250828114952+Fiji-Nadi-LTE-DL-D!20250828112430,Fiji-Nadi-LTE-DL-D,2025-08-28 01:23:36+02:00,2025-08-28 01:23:36+02:00,1,-17.60597119,177.46146273,-17.60597119,177.46146273,375.0,500.0,1.0,3.110184,3.110184,,,,72.15,72.15,89.11,89.11,51.42,51.42,0,1,0,radio_limited_degradation,normal,statistical_only_retained,0.0,2.9771166778863782,0.0,71.17,43.71,58.81,High,Medium,0,0,0,0,0,0,0,0,0,0,1,0,True,Medium
LTE-TP-EP-000583,542020041221088+20250827134107+Fiji-Nadi-LTE-DL-D!20250827130537,Fiji-Nadi-LTE-DL-D,2025-08-27 03:05:03+02:00,2025-08-27 03:05:03+02:00,1,-17.78094487,177.43379258,-17.78094487,177.43379258,395.0,40988.0,41.0,44.76209,44.76209,116.88325075002737,72.12116075002737,0.38296410916676626,70.19,70.19,58.98,58.98,83.89,83.89,0,1,0,rb_conditioned_underperformance,normal,statistical_only_retained,0.0,2.4624885303128257,0.0,48.57,71.31,58.8,Medium,High,0,1,0,0,0,0,0,0,0,0,1,1,True,Medium
LTE-TP-EP-001832,542020041221088+20250828141358+Fiji-Nadi-LTE-DL-D!20250828141324,Fiji-Nadi-LTE-DL-D,2025-08-28 04:11:50+02:00,2025-08-28 04:11:50+02:00,1,-17.61020296,177.46243857,-17.61020296,177.46243857,375.0,356.0,1.0,1.789632,1.789632,,,,72.42,72.42,93.74,93.74,46.36,46.36,0,1,0,radio_limited_degradation,normal,statistical_only_retained,0.0,7.3702577435748315,0.0,74.64,39.41,58.79,High,Low,0,0,0,0,0,0,0,0,0,0,0,0,False,Not handed off
LTE-TP-EP-001175,542020041221088+20250828113631+Fiji-Nadi-LTE-DL-D!20250828110448,Fiji-Nadi-LTE-DL-D,2025-08-28 01:02:49+02:00,2025-08-28 01:02:52+02:00,4,-17.63788273,177.46873391,-17.63788876,177.46895334,165.0,40790.0,41.0,2.840416,4.464264,,,,69.48,63.155,90.06,84.325,44.33,37.2825,0,4,0,radio_limited_degradation,normal,statistical_only_retained,3.0,30.915295164156383,0.0,77.47,35.92,58.77,High,Low,0,0,0,0,0,0,0,4,0,0,4,0,False,Not handed off
LTE-TP-EP-001852,542020041221088+20250828141618+Fiji-Nadi-LTE-DL-D!20250828141538,Fiji-Nadi-LTE-DL-D,2025-08-28 04:14:08+02:00,2025-08-28 04:14:09+02:00,2,-17.6115308,177.4580251,-17.61153221,177.45802546,140.0,41186.0,41.0,3.611928,6.467972,41.037212749999995,37.425284749999996,0.088015919161079,71.08,62.78,69.06,60.005,73.55,66.17,0,2,0,ca_underperformance,normal,statistical_only_retained,1.0,23.17942216220712,0.0,57.19,60.67,58.76,High,High,2,2,2,2,0,0,0,2,0,0,2,8,True,Medium
LTE-TP-EP-000443,542020041221088+20250827130936+Fiji-Nadi-LTE-DL-D!20250827120414,Fiji-Nadi-LTE-DL-D,2025-08-27 02:03:57+02:00,2025-08-27 02:03:57+02:00,1,-17.77388147,177.37472957,-17.77388147,177.37472957,158.0,40988.0,41.0,11.332328,11.332328,61.897229231937615,50.56490123193761,0.18308296091148402,70.75,70.75,68.35,68.35,73.68,73.68,0,1,0,radio_limited_degradation,normal,statistical_only_retained,0.0,3.4803041887341837,0.0,55.6,62.63,58.76,High,High,0,0,0,0,0,0,0,0,0,0,1,0,True,Medium
LTE-TP-EP-000699,542020041221088+20250827135949+Fiji-Nadi-LTE-DL-D!20250827134144,Fiji-Nadi-LTE-DL-D,2025-08-27 03:39:44+02:00,2025-08-27 03:39:44+02:00,1,-17.778023,177.4100168,-17.778023,177.4100168,137.0,40790.0,41.0,2.643624,2.643624,25.902485206234186,23.258861206234187,0.1020606315939034,70.84,70.84,69.9,69.9,72.0,72.0,0,1,0,sudden_drop,normal,statistical_only_retained,0.0,9.449451416403798,0.0,56.76,61.2,58.76,High,High,0,0,0,0,0,0,0,0,0,0,1,0,True,Medium
LTE-TP-EP-001073,542020041221088+20250828103907+Fiji-Nadi-LTE-DL-D!20250828103834,Fiji-Nadi-LTE-DL-D,2025-08-28 00:37:37+02:00,2025-08-28 00:37:38+02:00,2,-17.66877666,177.4074877,-17.6685239,177.4074189,455.0,1850.0,3.0,1.480408,2.36708,,,,70.75,67.86500000000001,85.82,82.715,52.34,49.72,0,2,0,radio_limited_degradation,normal,statistical_only_retained,1.0,43.64534563543195,0.0,70.95,43.83,58.75,High,Medium,0,0,0,0,0,0,0,0,0,0,2,0,True,Medium
LTE-TP-EP-001456,542020041221088+20250828124503+Fiji-Nadi-LTE-DL-D!20250828124436,Fiji-Nadi-LTE-DL-D,2025-08-28 02:42:56+02:00,2025-08-28 02:42:57+02:00,2,-17.62740922,177.43294422,-17.6274946,177.4331216,354.0,40790.0,41.0,0.008072,0.13575600000000002,15.9443835,15.9363115,0.0005062597747978151,69.47,68.14,72.1,71.19,66.26,64.41,0,2,0,radio_limited_degradation,normal,statistical_only_retained,1.0,30.232409529683405,0.0,61.1,55.86,58.74,High,Medium,0,0,0,0,0,0,0,2,0,2,2,0,True,Medium
LTE-TP-EP-000889,542020041221088+20250827152532+Fiji-Nadi-LTE-DL-D!20250827152209,Fiji-Nadi-LTE-DL-D,2025-08-27 05:21:27+02:00,2025-08-27 05:21:28+02:00,2,-17.7415166,177.4426743,-17.74151704,177.44269662,120.0,40790.0,41.0,13.565704,26.637051999999997,119.0290425,105.4633385,0.11396969777354968,71.73,62.565,76.39,65.795,66.04,58.620000000000005,0,2,0,ca_underperformance,normal,statistical_only_retained,1.0,4.4947033739281,0.0,62.38,54.28,58.73,High,Medium,2,1,0,1,0,0,0,2,0,0,2,4,True,Medium
LTE-TP-EP-000108,542020041221088+20250827102926+Fiji-Nadi-LTE-DL-D!20250827102813,Fiji-Nadi-LTE-DL-D,2025-08-27 00:27:22+02:00,2025-08-27 00:27:23+02:00,2,-17.8129746,177.4348448,-17.81297444,177.43484387,395.0,9310.0,28.0,1.33412,2.496308,,,,71.41,68.115,95.33,91.265,42.18,39.82,0,2,0,radio_limited_degradation,normal,statistical_only_retained,1.0,16.101285792797366,0.0,77.89,35.26,58.71,High,Low,0,0,0,0,0,0,0,2,0,0,2,0,False,Not handed off
LTE-TP-EP-000803,542020041221088+20250827145151+Fiji-Nadi-LTE-DL-D!20250827145113,Fiji-Nadi-LTE-DL-D,2025-08-27 04:50:20+02:00,2025-08-27 04:50:20+02:00,1,-17.7653865,177.4677851,-17.7653865,177.4677851,110.0,9310.0,28.0,0.670456,0.670456,,,,72.0,72.0,88.65,88.65,51.65,51.65,0,1,0,radio_limited_degradation,normal,statistical_only_retained,0.0,6.559527950720923,0.0,70.82,43.9,58.71,High,Medium,0,0,0,0,0,0,0,1,0,0,1,0,True,Medium
LTE-TP-EP-000446,542020041221088+20250827131243+Fiji-Nadi-LTE-DL-D!20250827120629,Fiji-Nadi-LTE-DL-D,2025-08-27 02:04:53+02:00,2025-08-27 02:04:54+02:00,2,-17.77684831,177.3766007,-17.77689053,177.37665825,158.0,40988.0,41.0,1.171088,1.9792800000000002,,,,69.02,68.25,86.9,84.07,50.67,48.915,0,2,0,radio_limited_degradation,normal,statistical_only_retained,1.0,14.263354238876499,0.0,71.81,42.63,58.68,High,Medium,0,0,0,0,0,0,0,0,2,2,2,0,True,Medium
LTE-TP-EP-001864,542020041221088+20250828141838+Fiji-Nadi-LTE-DL-D!20250828141754,Fiji-Nadi-LTE-DL-D,2025-08-28 04:17:25+02:00,2025-08-28 04:17:25+02:00,1,-17.61082003,177.4588715,-17.61082003,177.4588715,375.0,500.0,1.0,7.347336,7.347336,,,,71.04,71.04,74.28,74.28,67.08,67.08,0,1,0,rb_efficiency_underperformance,normal,statistical_only_retained,0.0,5.01345144608656,0.0,60.05,57.02,58.68,High,Medium,1,1,1,0,0,0,0,1,0,0,1,3,True,Medium
LTE-TP-EP-001585,542020041221088+20250828131954+Fiji-Nadi-LTE-DL-D!20250828131344,Fiji-Nadi-LTE-DL-D,2025-08-28 03:12:33+02:00,2025-08-28 03:12:34+02:00,2,-17.6313123,177.4763605,-17.6312906,177.476323,231.0,41186.0,41.0,1.69864,2.546012,,,,69.36,63.269999999999996,85.05,71.585,56.04,53.11,0,2,0,radio_limited_degradation,normal,statistical_only_retained,1.0,8.365520831812775,0.0,68.3,46.9,58.67,High,Medium,0,0,0,0,0,0,0,2,0,0,2,0,True,Medium
LTE-TP-EP-000159,542020041221088+20250827104707+Fiji-Nadi-LTE-DL-D!20250827104518,Fiji-Nadi-LTE-DL-D,2025-08-27 00:44:13+02:00,2025-08-27 00:44:14+02:00,2,-17.7871332,177.4425271,-17.78713252,177.44252999,431.0,500.0,1.0,12.969856,13.675267999999999,59.84632701464423,45.46564701464423,0.24029344351376963,70.14,63.39,60.59,57.485,81.81,70.605,0,2,0,radio_limited_degradation,normal,statistical_only_retained,1.0,14.116736591143729,0.0,52.03,66.74,58.65,Medium,High,0,0,0,0,0,0,0,2,0,0,2,0,True,Medium
LTE-TP-EP-001318,542020041221088+20250828121902+Fiji-Nadi-LTE-DL-D!20250828120130,Fiji-Nadi-LTE-DL-D,2025-08-28 02:00:18+02:00,2025-08-28 02:00:18+02:00,1,-17.6044889,177.4523965,-17.6044889,177.4523965,183.0,41384.0,41.0,0.051088,0.051088,18.606027472314718,18.554939472314718,0.0027457768766609427,70.97,70.97,73.76,73.76,67.55,67.55,0,1,0,sudden_drop,normal,statistical_only_retained,0.0,3.5952985509875934,0.0,59.66,57.42,58.65,High,Medium,0,0,0,0,0,0,0,0,0,0,0,0,True,Medium
LTE-TP-EP-000475,542020041221088+20250827131624+Fiji-Nadi-LTE-DL-D!20250827121056,Fiji-Nadi-LTE-DL-D,2025-08-27 02:10:19+02:00,2025-08-27 02:10:20+02:00,2,-17.7965933,177.401934,-17.79658941,177.40193515,363.0,9310.0,28.0,3.997808,5.28826,15.125920396036761,11.128112396036762,0.26430180083768595,67.34,60.94,76.97,61.06,66.01,60.790000000000006,0,2,0,rb_efficiency_underperformance,normal,statistical_only_retained,1.0,25.04949420794959,0.0,61.75,54.8,58.62,High,Medium,0,0,2,0,0,0,0,2,0,0,2,2,True,Medium
LTE-TP-EP-000296,542020041221088+20250827121333+Fiji-Nadi-LTE-DL-D!20250827112914,Fiji-Nadi-LTE-DL-D,2025-08-27 01:28:30+02:00,2025-08-27 01:28:30+02:00,1,-17.7806835,177.4297891,-17.7806835,177.4297891,394.0,41186.0,41.0,6.35664,6.35664,40.147140148473724,33.790500148473726,0.1583335693773361,70.54,70.54,67.77,67.77,73.92,73.92,0,1,0,sudden_drop,normal,statistical_only_retained,0.0,15.746591425827384,0.0,55.16,62.83,58.61,High,High,0,0,0,0,0,0,0,1,0,0,1,0,True,Medium
LTE-TP-EP-001916,542020041221088+20250828143639+Fiji-Nadi-LTE-DL-D!20250828143559,Fiji-Nadi-LTE-DL-D,2025-08-28 04:35:00+02:00,2025-08-28 04:35:00+02:00,1,-17.6198973,177.4438075,-17.6198973,177.4438075,232.0,41384.0,41.0,11.052192,11.052192,105.95971,94.907518,0.10430560823543213,71.26,71.26,80.1,80.1,60.46,60.46,0,1,0,ca_underperformance,normal,statistical_only_retained,0.0,20.738581599962064,0.0,64.41,51.39,58.55,High,Medium,1,1,0,1,0,0,0,1,0,0,1,3,True,Medium
LTE-TP-EP-000455,542020041221088+20250827131243+Fiji-Nadi-LTE-DL-D!20250827120629,Fiji-Nadi-LTE-DL-D,2025-08-27 02:05:51+02:00,2025-08-27 02:05:51+02:00,1,-17.7790601,177.3802797,-17.7790601,177.3802797,153.0,9310.0,28.0,100.16065,100.16065,211.67728606824673,111.51663606824673,0.47317618182097854,69.81,69.81,57.92,57.92,84.35,84.35,0,1,0,sudden_drop,ml_hgb_strict_causal_temporal_underperformance,statistical_only_retained,0.0,4.326081289038991,0.0,47.78,71.7,58.54,Medium,High,0,0,0,0,0,0,1,0,0,0,1,1,True,Medium
LTE-TP-EP-000192,542020041221088+20250827110227+Fiji-Nadi-LTE-DL-D!20250827105156,Fiji-Nadi-LTE-DL-D,2025-08-27 00:50:59+02:00,2025-08-27 00:51:00+02:00,2,-17.7641817,177.4636041,-17.7642063,177.4636652,213.0,41186.0,41.0,0.23608,1.9374959999999999,38.729599,35.090687,0.015714258417751283,69.25,66.88,67.52,67.31,71.37,66.355,0,2,0,rb_efficiency_underperformance,normal,statistical_only_retained,1.0,24.268188660377614,0.0,57.8,59.41,58.53,High,Medium,1,1,1,0,0,0,0,0,2,2,2,3,True,Medium
LTE-TP-EP-000655,542020041221088+20250827135148+Fiji-Nadi-LTE-DL-D!20250827132524,Fiji-Nadi-LTE-DL-D,2025-08-27 03:25:19+02:00,2025-08-27 03:25:20+02:00,2,-17.7766786,177.4328159,-17.7767059,177.4328334,338.0,41384.0,41.0,1.911704,4.2894,,,,63.68,62.42,63.31,54.99,78.88,71.50999999999999,0,2,0,radio_limited_degradation,normal,statistical_only_retained,1.0,10.470034988084462,0.0,53.02,65.21,58.51,Medium,High,0,0,0,0,0,0,0,0,0,0,2,0,True,Medium
LTE-TP-EP-000924,542020041221088+20250827153332+Fiji-Nadi-LTE-DL-D!20250827153318,Fiji-Nadi-LTE-DL-D,2025-08-27 05:31:57+02:00,2025-08-27 05:32:00+02:00,4,-17.74402182,177.4345824,-17.7440227,177.4348131,125.0,41384.0,41.0,1.357112,2.390936,,,,68.66,63.2275,86.25,81.355,47.16,41.067499999999995,0,4,0,radio_limited_degradation,normal,statistical_only_retained,3.0,24.806650202719098,0.0,74.78,38.56,58.48,High,Low,0,0,0,0,0,0,0,4,0,0,4,0,False,Not handed off
LTE-TP-EP-000916,542020041221088+20250827153152+Fiji-Nadi-LTE-DL-D!20250827153105,Fiji-Nadi-LTE-DL-D,2025-08-27 05:30:11+02:00,2025-08-27 05:30:11+02:00,1,-17.7441153,177.4348121,-17.7441153,177.4348121,120.0,40790.0,41.0,2.107224,2.107224,,,,71.38,71.38,83.62,83.62,56.43,56.43,0,1,0,radio_limited_degradation,normal,statistical_only_retained,0.0,10.63238414805218,0.0,67.05,47.97,58.46,High,Medium,0,0,0,0,0,0,0,1,0,0,1,0,True,Medium
LTE-TP-EP-001192,542020041221088+20250828113831+Fiji-Nadi-LTE-DL-D!20250828110657,Fiji-Nadi-LTE-DL-D,2025-08-28 01:05:20+02:00,2025-08-28 01:05:21+02:00,2,-17.63339496,177.47820483,-17.63332284,177.47824973,352.0,40790.0,41.0,31.900824,32.9080595,119.0290425,87.1282185,0.26800874248820405,68.47,66.53999999999999,59.37,58.875,79.6,75.91,0,2,0,rb_conditioned_underperformance,normal,statistical_only_retained,1.0,17.877136433183193,0.0,51.63,66.74,58.43,Medium,High,2,2,0,0,0,0,0,0,0,0,2,4,True,Medium
LTE-TP-EP-001356,542020041221088+20250828122402+Fiji-Nadi-LTE-DL-D!20250828121612,Fiji-Nadi-LTE-DL-D,2025-08-28 02:15:32+02:00,2025-08-28 02:15:32+02:00,1,-17.6035758,177.4528014,-17.6035758,177.4528014,184.0,40988.0,41.0,5.242336,5.242336,23.320338962599934,18.078002962599932,0.2247967325177997,69.79,69.79,59.5,59.5,82.36,82.36,0,1,0,sudden_drop,normal,statistical_only_retained,0.0,0.6681235191875843,0.0,48.96,70.01,58.43,Medium,High,0,0,0,0,0,0,0,0,0,0,1,0,True,Medium
LTE-TP-EP-001893,542020041221088+20250828143419+Fiji-Nadi-LTE-DL-D!20250828143343,Fiji-Nadi-LTE-DL-D,2025-08-28 04:31:43+02:00,2025-08-28 04:31:43+02:00,1,-17.61646686,177.441275,-17.61646686,177.441275,394.0,40988.0,41.0,34.01507,34.01507,111.79482125,77.77975125,0.3042633783897213,69.55,69.55,56.14,56.14,85.95,85.95,0,1,0,rb_conditioned_underperformance,ml_hgb_strict_causal_temporal_underperformance,statistical_only_retained,0.0,0.20060472880707916,0.0,46.44,73.06,58.42,Medium,High,1,1,0,0,0,0,1,0,0,0,1,3,True,Medium
LTE-TP-EP-000019,542020041221088+20250827094925+Fiji-Nadi-LTE-DL-D!20250827094611,Fiji-Nadi-LTE-DL-D,2025-08-26 23:44:17+02:00,2025-08-26 23:44:18+02:00,2,-17.81160131,177.39985085,-17.81160131,177.39985085,151.0,41186.0,41.0,0.95784,1.224376,14.578292782459277,13.620452782459278,0.06570316663913356,69.44,65.585,69.42,64.375,69.47,67.07,0,2,0,rolling_local_drop,normal,statistical_only_retained,1.0,0.0,0.0,58.26,58.45,58.35,High,Medium,0,0,0,0,0,0,0,0,0,0,0,0,True,Medium
LTE-TP-EP-001511,542020041221088+20250828125624+Fiji-Nadi-LTE-DL-D!20250828125546,Fiji-Nadi-LTE-DL-D,2025-08-28 02:53:44+02:00,2025-08-28 02:53:44+02:00,1,-17.63279271,177.45674388,-17.63279271,177.45674388,275.0,41384.0,41.0,5.951584,5.951584,30.65149933271076,24.69991533271076,0.19416942497323683,69.88,69.88,62.35,62.35,79.08,79.08,0,1,0,rolling_local_drop,normal,statistical_only_retained,0.0,,0.0,51.1,67.22,58.35,Medium,High,0,0,0,0,0,0,0,0,0,0,1,0,True,Medium
LTE-TP-EP-001815,542020041221088+20250828140938+Fiji-Nadi-LTE-DL-D!20250828140855,Fiji-Nadi-LTE-DL-D,2025-08-28 04:08:40+02:00,2025-08-28 04:08:42+02:00,3,-17.60829215,177.45650263,-17.6081721,177.4567834,183.0,40988.0,41.0,3.503328,5.103448,32.41143,27.307982000000003,0.15745827937860193,60.85,59.97666666666667,78.74,66.42999999999999,60.08,52.083333333333336,0,3,0,ca_underperformance,normal,statistical_only_retained,2.0,44.1849077438611,0.0,65.93,49.07,58.34,High,Medium,2,2,2,1,0,0,0,3,0,0,3,7,True,Medium
LTE-TP-EP-001835,542020041221088+20250828141358+Fiji-Nadi-LTE-DL-D!20250828141324,Fiji-Nadi-LTE-DL-D,2025-08-28 04:12:15+02:00,2025-08-28 04:12:16+02:00,2,-17.61233367,177.46320002,-17.61244601,177.46322673,375.0,356.0,1.0,5.326864,6.0929,,,,67.2,66.7,81.36,78.675,56.45,52.06,0,2,0,radio_limited_degradation,normal,statistical_only_retained,1.0,25.94178042667955,0.0,67.69,46.88,58.33,High,Medium,0,0,0,0,0,0,0,2,0,0,2,0,True,Medium
LTE-TP-EP-001664,542020041221088+20250828134016+Fiji-Nadi-LTE-DL-D!20250828133246,Fiji-Nadi-LTE-DL-D,2025-08-28 03:32:39+02:00,2025-08-28 03:32:39+02:00,1,-17.61459344,177.46019957,-17.61459344,177.46019957,179.0,40988.0,41.0,1.474264,1.474264,,,,71.32,71.32,85.84,85.84,53.57,53.57,0,1,0,radio_limited_degradation,normal,statistical_only_retained,0.0,13.071474452662407,0.0,68.72,45.53,58.28,High,Medium,0,0,0,0,0,0,0,0,0,0,1,0,True,Medium
LTE-TP-EP-001663,542020041221088+20250828134016+Fiji-Nadi-LTE-DL-D!20250828133246,Fiji-Nadi-LTE-DL-D,2025-08-28 03:32:25+02:00,2025-08-28 03:32:25+02:00,1,-17.6160029,177.4605478,-17.6160029,177.4605478,353.0,40988.0,41.0,0.619352,0.619352,,,,71.48,71.48,88.83,88.83,50.27,50.27,0,1,0,radio_limited_degradation,normal,statistical_only_retained,0.0,19.61212060084871,0.0,70.96,42.73,58.26,High,Medium,0,0,0,0,0,0,0,1,1,1,1,0,True,Medium
LTE-TP-EP-000804,542020041221088+20250827145151+Fiji-Nadi-LTE-DL-D!20250827145113,Fiji-Nadi-LTE-DL-D,2025-08-27 04:50:23+02:00,2025-08-27 04:50:23+02:00,1,-17.7652114,177.4678486,-17.7652114,177.4678486,110.0,9310.0,28.0,0.787048,0.787048,,,,71.43,71.43,88.25,88.25,50.87,50.87,0,1,0,radio_limited_degradation,normal,statistical_only_retained,0.0,6.758925913299047,0.0,70.52,43.24,58.25,High,Medium,0,0,0,0,0,0,0,1,0,0,1,0,True,Medium
LTE-TP-EP-000936,542020041221088+20250827155633+Fiji-Nadi-LTE-DL-D!20250827154210,Fiji-Nadi-LTE-DL-D,2025-08-27 05:40:22+02:00,2025-08-27 05:40:22+02:00,1,-17.73913576,177.45809406,-17.73913576,177.45809406,487.0,41384.0,41.0,24.601128,24.601128,105.95971,81.358582,0.23217436136810868,69.7,69.7,61.46,61.46,79.78,79.78,0,1,0,rb_conditioned_underperformance,ml_hgb_strict_causal_temporal_underperformance,statistical_only_retained,0.0,0.021498493826310985,0.0,50.43,67.81,58.25,Medium,High,1,1,0,0,0,0,1,0,0,0,1,3,True,Medium
LTE-TP-EP-001705,542020041221088+20250828134936+Fiji-Nadi-LTE-DL-D!20250828134405,Fiji-Nadi-LTE-DL-D,2025-08-28 03:43:35+02:00,2025-08-28 03:43:37+02:00,3,-17.61406994,177.45003382,-17.6139754,177.4499366,232.0,41186.0,41.0,2.849896,3.13872,,,,68.36,65.72,81.03,78.02666666666667,52.88,50.68,0,3,0,radio_limited_degradation,normal,statistical_only_retained,2.0,19.40792621579066,0.0,69.51,44.4,58.21,High,Medium,0,0,0,0,0,0,0,3,0,0,3,0,True,Medium
LTE-TP-EP-001941,542020041221088+20250828153702+Fiji-Nadi-LTE-DL-D!20250828152243,Fiji-Nadi-LTE-DL-D,2025-08-28 05:22:27+02:00,2025-08-28 05:22:28+02:00,2,-17.6817334,177.3888479,-17.6816899,177.388808,319.0,500.0,1.0,0.066392,0.841568,11.209257326171226,9.592513326171225,0.14423292756650768,65.91,63.349999999999994,69.77,61.385,70.32,65.75999999999999,0,2,0,radio_limited_degradation,normal,statistical_only_retained,1.0,11.337924632895545,0.0,57.86,58.63,58.21,High,Medium,0,0,0,0,0,0,0,0,2,2,2,0,True,Medium
LTE-TP-EP-000667,542020041221088+20250827135208+Fiji-Nadi-LTE-DL-D!20250827132735,Fiji-Nadi-LTE-DL-D,2025-08-27 03:27:21+02:00,2025-08-27 03:27:22+02:00,2,-17.77739408,177.43235418,-17.7774717,177.4323026,338.0,41384.0,41.0,3.169384,4.027452,,,,68.46,65.28,58.91,55.905,80.14,76.745,0,2,0,radio_limited_degradation,normal,statistical_only_retained,1.0,15.410259214305388,0.0,50.79,67.27,58.2,Medium,High,0,0,0,0,0,0,0,0,0,0,0,0,True,Medium
LTE-TP-EP-000995,542020041221088+20250827161154+Fiji-Nadi-LTE-DL-D!20250827160820,Fiji-Nadi-LTE-DL-D,2025-08-27 06:07:00+02:00,2025-08-27 06:07:01+02:00,2,-17.81257754,177.43720812,-17.81258542,177.43717608,469.0,1850.0,3.0,2.048312,4.258272,,,,71.83,64.02,92.83,85.095,46.16,38.26,0,2,0,radio_limited_degradation,normal,statistical_only_retained,1.0,3.532806526452577,0.0,75.28,37.26,58.17,High,Low,0,0,0,0,0,0,0,0,0,0,0,0,False,Not handed off
LTE-TP-EP-000144,542020041221088+20250827104126+Fiji-Nadi-LTE-DL-D!20250827104054,Fiji-Nadi-LTE-DL-D,2025-08-27 00:39:47+02:00,2025-08-27 00:39:48+02:00,2,-17.8057523,177.4303762,-17.8057622,177.430314,393.0,41186.0,41.0,0.069072,0.534152,17.548122091358803,16.548890091358803,0.004330611043455949,68.07,67.33,69.81,68.015,67.05,66.495,0,2,0,rolling_local_drop,normal,statistical_only_retained,1.0,18.995825621709148,0.0,59.2,56.85,58.15,High,Medium,0,0,0,0,0,0,0,0,0,0,1,0,True,Medium
LTE-TP-EP-001487,542020041221088+20250828125203+Fiji-Nadi-LTE-DL-D!20250828125121,Fiji-Nadi-LTE-DL-D,2025-08-28 02:50:31+02:00,2025-08-28 02:50:31+02:00,1,-17.63349166,177.45444229,-17.63349166,177.45444229,165.0,500.0,1.0,8.70976,8.70976,,,,70.1,70.1,69.52,69.52,70.82,70.82,0,1,0,radio_limited_degradation,normal,statistical_only_retained,0.0,0.39524572253999257,0.0,56.48,60.2,58.15,High,High,0,0,0,0,0,0,0,0,0,0,1,0,True,Medium
LTE-TP-EP-000762,542020041221088+20250827141110+Fiji-Nadi-LTE-DL-D!20250827140445,Fiji-Nadi-LTE-DL-D,2025-08-27 04:03:12+02:00,2025-08-27 04:03:12+02:00,1,-17.7641031,177.4465196,-17.7641031,177.4465196,124.0,41186.0,41.0,8.090816,8.090816,35.19137260358611,27.10055660358611,0.22990907718034054,69.16,69.16,55.48,55.48,85.89,85.89,0,1,0,sudden_drop,normal,statistical_only_retained,0.0,0.0030710111063181537,0.0,45.95,73.01,58.12,Medium,High,0,0,0,0,0,0,0,0,0,0,1,0,True,Medium
LTE-TP-EP-000242,542020041221088+20250827112649+Fiji-Nadi-LTE-DL-D!20250827110516,Fiji-Nadi-LTE-DL-D,2025-08-27 01:04:21+02:00,2025-08-27 01:04:21+02:00,1,-17.7668296,177.4903266,-17.7668296,177.4903266,108.0,40790.0,41.0,17.121384,17.121384,119.0290425,101.9076585,0.1438420711483082,70.1,70.1,70.21,70.21,69.96,69.96,0,1,0,rb_conditioned_underperformance,normal,statistical_only_retained,0.0,7.62521589219665,0.0,56.99,59.47,58.11,High,Medium,1,1,0,0,0,0,0,1,0,0,1,2,True,Medium
LTE-TP-EP-001227,542020041221088+20250828114552+Fiji-Nadi-LTE-DL-D!20250828111754,Fiji-Nadi-LTE-DL-D,2025-08-28 01:16:20+02:00,2025-08-28 01:16:22+02:00,3,-17.5958575,177.5047879,-17.5959543,177.5044889,495.0,9310.0,28.0,0.212936,5.93448,59.51545075,53.58097075,0.09971326647475655,68.87,62.10333333333333,73.56,68.13666666666667,63.14,54.72666666666667,0,3,0,radio_limited_degradation,normal,statistical_only_retained,2.0,65.73682597253058,0.0,63.42,51.57,58.09,High,Medium,1,1,1,1,0,0,0,3,3,3,3,4,True,Medium
LTE-TP-EP-000849,542020041221088+20250827151332+Fiji-Nadi-LTE-DL-D!20250827151309,Fiji-Nadi-LTE-DL-D,2025-08-27 05:12:41+02:00,2025-08-27 05:12:41+02:00,1,-17.7531326,177.4542562,-17.7531326,177.4542562,115.0,9310.0,28.0,12.762296,12.762296,50.60808814534094,37.845792145340944,0.2521789790467498,69.33,69.33,58.61,58.61,82.43,82.43,0,1,0,radio_limited_degradation,normal,statistical_only_retained,0.0,2.1796144768616266,0.0,48.29,70.07,58.09,Medium,High,0,0,0,0,0,0,0,0,0,0,1,0,True,Medium
LTE-TP-EP-000900,542020041221088+20250827152632+Fiji-Nadi-LTE-DL-D!20250827152422,Fiji-Nadi-LTE-DL-D,2025-08-27 05:22:58+02:00,2025-08-27 05:22:58+02:00,1,-17.74184401,177.44363955,-17.74184401,177.44363955,120.0,40790.0,41.0,2.276136,2.276136,,,,70.91,70.91,83.03,83.03,56.09,56.09,0,1,0,radio_limited_degradation,normal,statistical_only_retained,0.0,0.09562188018581516,0.0,66.61,47.68,58.09,High,Medium,0,0,0,0,0,0,0,1,0,0,1,0,True,Medium
LTE-TP-EP-001894,542020041221088+20250828143419+Fiji-Nadi-LTE-DL-D!20250828143343,Fiji-Nadi-LTE-DL-D,2025-08-28 04:32:06+02:00,2025-08-28 04:32:10+02:00,5,-17.61776565,177.44354195,-17.61779402,177.44366421,385.0,41186.0,41.0,6.01864,8.253848,70.787155,54.192139,0.11947483838260713,65.21,58.477999999999994,68.79,58.648,64.24,58.272000000000006,0,5,0,ca_underperformance,normal,statistical_only_retained,4.0,19.49686464173802,0.0,62.11,53.11,58.06,High,Medium,5,5,3,2,0,0,0,4,0,0,5,15,True,Medium
LTE-TP-EP-000526,542020041221088+20250827133005+Fiji-Nadi-LTE-DL-D!20250827124117,Fiji-Nadi-LTE-DL-D,2025-08-27 02:40:09+02:00,2025-08-27 02:40:09+02:00,1,-17.8070167,177.4180018,-17.8070167,177.4180018,149.0,41384.0,41.0,41.02673,41.02673,130.86433900498187,89.83760900498187,0.31350580541608175,69.12,69.12,56.71,56.71,84.28,84.28,0,1,0,rb_conditioned_underperformance,ml_hgb_strict_causal_temporal_underperformance,statistical_only_retained,0.0,0.19056229443283257,0.0,46.87,71.64,58.01,Medium,High,1,1,0,0,0,0,1,0,0,0,0,3,True,Medium
LTE-TP-EP-000262,542020041221088+20250827114050+Fiji-Nadi-LTE-DL-D!20250827111354,Fiji-Nadi-LTE-DL-D,2025-08-27 01:13:03+02:00,2025-08-27 01:13:03+02:00,1,-17.7515366,177.4586678,-17.7515366,177.4586678,215.0,41384.0,41.0,2.076824,2.076824,38.729599,36.652775,0.05362368972629951,70.08,70.08,72.6,72.6,66.99,66.99,0,1,0,ca_underperformance,normal,statistical_only_retained,0.0,8.10750831726587,0.0,58.79,56.94,57.96,High,Medium,1,1,1,1,0,0,0,1,0,0,1,4,True,Medium
LTE-TP-EP-000558,542020041221088+20250827133707+Fiji-Nadi-LTE-DL-D!20250827125859,Fiji-Nadi-LTE-DL-D,2025-08-27 02:58:21+02:00,2025-08-27 02:58:21+02:00,1,-17.7988778,177.4164459,-17.7988778,177.4164459,146.0,40988.0,41.0,0.017112,0.017112,,,,69.9,69.9,69.94,69.94,69.86,69.86,0,1,0,radio_limited_degradation,normal,statistical_only_retained,0.0,8.331990068380762,0.0,56.79,59.38,57.96,High,Medium,0,0,0,0,0,0,0,1,0,0,1,0,True,Medium
LTE-TP-EP-001429,542020041221088+20250828124043+Fiji-Nadi-LTE-DL-D!20250828124009,Fiji-Nadi-LTE-DL-D,2025-08-28 02:38:44+02:00,2025-08-28 02:38:45+02:00,2,-17.6301109,177.4438296,-17.6299845,177.4438099,385.0,41384.0,41.0,6.379032,8.899288,47.0651145,40.6860825,0.13553631108238354,68.48,64.445,64.46,56.925,73.87,73.635,0,2,0,ca_underperformance,ml_hgb_strict_causal_temporal_underperformance,statistical_only_retained,1.0,27.965451007739915,0.0,54.04,62.73,57.95,Medium,High,2,2,1,1,0,0,1,2,0,0,2,7,True,Medium
LTE-TP-EP-000048,542020041221088+20250827095225+Fiji-Nadi-LTE-DL-D!20250827095140,Fiji-Nadi-LTE-DL-D,2025-08-26 23:51:33+02:00,2025-08-26 23:51:33+02:00,1,-17.816197,177.3954095,-17.816197,177.3954095,351.0,1850.0,3.0,8.153976,8.153976,32.12177939182537,23.96780339182537,0.2538457132320352,69.07,69.07,57.59,57.59,83.11,83.11,0,1,0,sudden_drop,normal,statistical_only_retained,0.0,0.0,0.0,47.53,70.64,57.93,Medium,High,0,0,0,0,0,0,0,0,0,0,0,0,True,Medium
LTE-TP-EP-001302,542020041221088+20250828121301+Fiji-Nadi-LTE-DL-D!20250828114829,Fiji-Nadi-LTE-DL-D,2025-08-28 01:47:05+02:00,2025-08-28 01:47:05+02:00,1,-17.6025428,177.4557931,-17.6025428,177.4557931,184.0,41384.0,41.0,0.147056,0.147056,16.682231352717555,16.535175352717555,0.008815127718273995,69.91,69.91,70.51,70.51,69.18,69.18,0,1,0,radio_limited_degradation,normal,statistical_only_retained,0.0,0.2158744320284909,0.0,57.22,58.8,57.93,High,Medium,0,0,0,0,0,0,0,0,0,0,0,0,True,Medium
LTE-TP-EP-001554,542020041221088+20250828130504+Fiji-Nadi-LTE-DL-D!20250828130441,Fiji-Nadi-LTE-DL-D,2025-08-28 03:02:38+02:00,2025-08-28 03:02:38+02:00,1,-17.63117434,177.4561668,-17.63117434,177.4561668,165.0,500.0,1.0,3.209768,3.209768,21.758640875267925,18.548872875267925,0.14751693446296085,69.1,69.1,58.21,58.21,82.41,82.41,0,1,0,rolling_local_drop,normal,statistical_only_retained,0.0,,0.0,47.99,70.05,57.92,Medium,High,0,0,0,0,0,0,0,0,0,0,1,0,True,Medium
LTE-TP-EP-000869,542020041221088+20250827151812+Fiji-Nadi-LTE-DL-D!20250827151738,Fiji-Nadi-LTE-DL-D,2025-08-27 05:16:16+02:00,2025-08-27 05:16:17+02:00,2,-17.7468554,177.4443613,-17.7468597,177.444262,122.0,1850.0,3.0,7.633144,19.551748,78.40979872851163,46.93944672851163,0.16033207349059808,69.18,63.510000000000005,68.87,58.46,69.81,69.68,0,2,0,sudden_drop,normal,statistical_only_retained,1.0,31.302577243366937,0.0,56.78,59.31,57.91,High,Medium,0,0,0,0,0,0,0,0,0,0,2,0,True,Medium
LTE-TP-EP-001597,542020041221088+20250828132455+Fiji-Nadi-LTE-DL-D!20250828131658,Fiji-Nadi-LTE-DL-D,2025-08-28 03:15:51+02:00,2025-08-28 03:15:51+02:00,1,-17.62596667,177.46382595,-17.62596667,177.46382595,254.0,41384.0,41.0,6.891744,6.891744,41.72616088201223,34.83441688201223,0.16516602185107732,69.67,69.67,67.33,67.33,72.52,72.52,0,1,0,sudden_drop,normal,statistical_only_retained,0.0,0.08924526378773921,0.0,54.83,61.64,57.9,Medium,High,0,0,0,0,0,0,0,1,0,0,1,0,True,Medium
LTE-TP-EP-001660,542020041221088+20250828134016+Fiji-Nadi-LTE-DL-D!20250828133246,Fiji-Nadi-LTE-DL-D,2025-08-28 03:31:57+02:00,2025-08-28 03:31:57+02:00,1,-17.61754344,177.4617267,-17.61754344,177.4617267,253.0,40988.0,41.0,4.067928,4.067928,,,,70.27,70.27,76.76,76.76,62.33,62.33,0,1,0,radio_limited_degradation,normal,statistical_only_retained,0.0,0.18551561253949642,0.0,61.91,52.98,57.89,High,Medium,0,0,0,0,0,0,0,1,0,0,1,0,True,Medium
LTE-TP-EP-001184,542020041221088+20250828113631+Fiji-Nadi-LTE-DL-D!20250828110448,Fiji-Nadi-LTE-DL-D,2025-08-28 01:04:02+02:00,2025-08-28 01:04:04+02:00,3,-17.6376718,177.4752013,-17.6376209,177.4754008,231.0,41384.0,41.0,4.740688,6.119224,,,,67.43,64.85333333333334,83.41,79.27,49.92,47.23,0,3,0,radio_limited_degradation,normal,statistical_only_retained,2.0,32.641400262089505,0.0,71.07,41.76,57.88,High,Medium,0,0,0,0,0,0,0,3,0,0,3,0,True,Medium
LTE-TP-EP-001722,542020041221088+20250828135137+Fiji-Nadi-LTE-DL-D!20250828134837,Fiji-Nadi-LTE-DL-D,2025-08-28 03:48:10+02:00,2025-08-28 03:48:10+02:00,1,-17.6139388,177.4546506,-17.6139388,177.4546506,140.0,40988.0,41.0,7.018512,7.018512,65.36004299999999,58.34153099999999,0.10738230389475113,70.05,70.05,74.13,74.13,65.06,65.06,0,1,0,ca_underperformance,normal,statistical_only_retained,0.0,11.846362595685706,0.0,59.93,55.3,57.85,High,Medium,1,1,1,1,0,0,0,1,0,0,1,4,True,Medium
LTE-TP-EP-000511,542020041221088+20250827132625+Fiji-Nadi-LTE-DL-D!20250827122623,Fiji-Nadi-LTE-DL-D,2025-08-27 02:25:09+02:00,2025-08-27 02:25:09+02:00,1,-17.80704012,177.41811573,-17.80704012,177.41811573,149.0,41384.0,41.0,35.92429,35.92429,121.14346,85.21917,0.2965433709752057,68.96,68.96,57.7,57.7,82.72,82.72,0,1,0,radio_p75_underperformance,ml_hgb_strict_causal_temporal_underperformance,statistical_only_retained,0.0,0.003877236377227331,0.0,47.61,70.31,57.83,Medium,High,1,0,0,0,0,0,1,0,0,0,0,2,True,Medium
LTE-TP-EP-001269,542020041221088+20250828120254+Fiji-Nadi-LTE-DL-D!20250828113742,Fiji-Nadi-LTE-DL-D,2025-08-28 01:36:48+02:00,2025-08-28 01:36:48+02:00,1,-17.6044663,177.4563248,-17.6044663,177.4563248,184.0,41384.0,41.0,2.026056,2.026056,,,,71.21,71.21,92.91,92.91,44.68,44.68,0,1,0,radio_limited_degradation,normal,statistical_only_retained,0.0,0.010598748928985154,0.0,74.02,37.98,57.8,High,Low,0,0,0,0,0,0,0,0,0,0,0,0,False,Not handed off
LTE-TP-EP-000101,542020041221088+20250827102746+Fiji-Nadi-LTE-DL-D!20250827102604,Fiji-Nadi-LTE-DL-D,2025-08-27 00:25:37+02:00,2025-08-27 00:25:38+02:00,2,-17.80611379,177.4309458,-17.80617511,177.43098478,393.0,40790.0,41.0,0.10228,0.121168,10.914244370010964,10.774188370010965,0.012832404631220413,68.68,65.385,69.64,65.99000000000001,67.5,64.64,0,2,0,radio_limited_degradation,normal,statistical_only_retained,1.0,8.102313421785789,0.0,58.71,56.66,57.79,High,Medium,0,0,0,0,0,0,0,0,0,0,0,0,True,Medium
LTE-TP-EP-001970,542020041221088+20250829102513+Nawaka-LTE-DL!20250829102435,Nawaka-LTE-DL,2025-08-29 00:23:24+02:00,2025-08-29 00:23:24+02:00,1,-17.8128907,177.4432632,-17.8128907,177.4432632,469.0,1850.0,3.0,0.064248,0.064248,,,,70.28,70.28,78.78,78.78,59.89,59.89,0,1,0,radio_limited_degradation,normal,statistical_only_retained,0.0,0.0,0.0,63.42,50.91,57.79,High,Medium,0,0,0,0,0,0,0,1,0,0,1,0,True,Medium
LTE-TP-EP-000105,542020041221088+20250827102926+Fiji-Nadi-LTE-DL-D!20250827102813,Fiji-Nadi-LTE-DL-D,2025-08-27 00:26:41+02:00,2025-08-27 00:26:41+02:00,1,-17.8103516,177.4333475,-17.8103516,177.4333475,395.0,1850.0,3.0,4.231368,4.231368,,,,69.3,69.3,64.19,64.19,75.54,75.54,0,1,0,radio_limited_degradation,normal,statistical_only_retained,0.0,9.471907253789277,0.0,52.48,64.21,57.76,Medium,High,0,0,0,0,0,0,0,1,0,0,1,0,True,Medium
LTE-TP-EP-000193,542020041221088+20250827110227+Fiji-Nadi-LTE-DL-D!20250827105156,Fiji-Nadi-LTE-DL-D,2025-08-27 00:51:19+02:00,2025-08-27 00:51:20+02:00,2,-17.76338798,177.46419444,-17.7632469,177.4642501,213.0,41384.0,41.0,1.566448,2.8112239000000003,25.251883228149516,23.509701429270482,0.06246764497947767,68.87,65.435,72.92,68.92500000000001,63.91,61.16,0,2,0,rolling_local_drop,normal,statistical_only_retained,1.0,16.826229687857357,0.0,61.1,53.64,57.74,High,Medium,0,0,0,0,0,0,0,0,0,0,2,0,True,Medium
LTE-TP-EP-000289,542020041221088+20250827115912+Fiji-Nadi-LTE-DL-D!20250827112451,Fiji-Nadi-LTE-DL-D,2025-08-27 01:24:21+02:00,2025-08-27 01:24:21+02:00,1,-17.7696522,177.4388635,-17.7696522,177.4388635,123.0,41384.0,41.0,0.924128,0.924128,17.37375596150002,16.44962796150002,0.05319103146422993,69.49,69.49,67.43,67.43,72.0,72.0,0,1,0,sudden_drop,normal,statistical_only_retained,0.0,15.638329855294932,0.0,54.91,61.2,57.74,Medium,High,0,0,0,0,0,0,0,0,0,0,1,0,True,Medium
LTE-TP-EP-000003,542020041221088+20250827094025+Fiji-Nadi-LTE-DL-D!20250827093942,Fiji-Nadi-LTE-DL-D,2025-08-26 23:39:27+02:00,2025-08-26 23:39:27+02:00,1,-17.8159712,177.3955937,-17.8159712,177.3955937,288.0,40988.0,41.0,0.744216,0.744216,25.09617452067155,24.35195852067155,0.029654559478258104,69.97,69.97,75.19,75.19,63.6,63.6,0,1,0,sudden_drop,normal,statistical_only_retained,0.0,0.0,0.0,60.73,54.06,57.73,High,Medium,0,0,0,0,0,0,0,0,1,1,1,0,True,Medium
LTE-TP-EP-001151,542020041221088+20250828113351+Fiji-Nadi-LTE-DL-D!20250828110026,Fiji-Nadi-LTE-DL-D,2025-08-28 00:59:52+02:00,2025-08-28 00:59:54+02:00,3,-17.63702729,177.45701696,-17.63684414,177.4570916,165.0,40790.0,41.0,8.721288,14.678264,62.203377,53.482089,0.1402060212904518,69.55,57.07333333333332,67.66,56.52333333333333,71.87,57.74666666666667,0,3,0,ca_underperformance,normal,statistical_only_retained,2.0,31.790646080931367,0.0,57.86,57.56,57.72,High,Medium,3,1,1,2,1,0,0,1,0,0,3,8,True,Medium
LTE-TP-EP-001801,542020041221088+20250828140718+Fiji-Nadi-LTE-DL-D!20250828140641,Fiji-Nadi-LTE-DL-D,2025-08-28 04:06:36+02:00,2025-08-28 04:06:38+02:00,3,-17.6080198,177.453273,-17.60800253,177.45316352,139.0,41384.0,41.0,0.4946,0.79968,98.07729499999999,71.47653499999998,0.03472323171520532,66.73,62.01333333333334,64.81,61.0,70.95,63.24333333333334,0,3,0,rb_conditioned_underperformance,normal,statistical_only_retained,2.0,23.215258071601557,0.0,57.18,58.38,57.72,High,Medium,1,1,0,0,0,0,0,3,0,0,3,2,True,Medium
LTE-TP-EP-000391,542020041221088+20250827123517+Fiji-Nadi-LTE-DL-D!20250827114634,Fiji-Nadi-LTE-DL-D,2025-08-27 01:44:33+02:00,2025-08-27 01:44:34+02:00,2,-17.78701758,177.39278933,-17.7868025,177.3926485,138.0,9310.0,28.0,8.550368,9.915188,63.2571065,54.7067385,0.13516849683916543,69.41,63.135,68.78,65.135,70.19,60.695,0,2,0,ca_underperformance,ml_quantile_p75_resource_underperformance,statistical_only_retained,1.0,28.202624096275002,0.0,58.06,57.29,57.71,High,Medium,2,2,1,2,1,0,0,2,0,0,2,8,True,Medium
LTE-TP-EP-000530,542020041221088+20250827133105+Fiji-Nadi-LTE-DL-D!20250827124329,Fiji-Nadi-LTE-DL-D,2025-08-27 02:42:58+02:00,2025-08-27 02:42:58+02:00,1,-17.80568946,177.41490265,-17.80568946,177.41490265,144.0,41384.0,41.0,0.699824,0.699824,9.292137818666962,8.592313818666963,0.07531356224550659,69.37,69.37,67.22,67.22,72.0,72.0,0,1,0,sudden_drop,normal,statistical_only_retained,0.0,0.0884001306507049,0.0,54.75,61.2,57.65,Medium,High,0,0,0,0,0,0,0,0,0,0,1,0,True,Medium
LTE-TP-EP-000931,542020041221088+20250827154913+Fiji-Nadi-LTE-DL-D!20250827153748,Fiji-Nadi-LTE-DL-D,2025-08-27 05:37:46+02:00,2025-08-27 05:37:46+02:00,1,-17.7406666,177.4566888,-17.7406666,177.4566888,487.0,41384.0,41.0,0.888216,0.888216,,,,70.69,70.69,87.89,87.89,49.67,49.67,0,1,0,radio_limited_degradation,normal,statistical_only_retained,0.0,0.0,0.0,70.25,42.22,57.64,High,Medium,0,0,0,0,0,0,0,0,0,0,0,0,True,Medium
LTE-TP-EP-001278,542020041221088+20250828120902+Fiji-Nadi-LTE-DL-D!20250828113953,Fiji-Nadi-LTE-DL-D,2025-08-28 01:38:45+02:00,2025-08-28 01:38:45+02:00,1,-17.6031023,177.4542971,-17.6031023,177.4542971,184.0,41384.0,41.0,7.33752,7.33752,,,,69.21,69.21,65.32,65.32,73.97,73.97,0,1,0,radio_limited_degradation,normal,statistical_only_retained,0.0,0.8895054559822239,0.0,53.33,62.87,57.62,Medium,High,0,0,0,0,0,0,0,0,0,0,0,0,True,Medium
LTE-TP-EP-000556,542020041221088+20250827133546+Fiji-Nadi-LTE-DL-D!20250827125646,Fiji-Nadi-LTE-DL-D,2025-08-27 02:56:07+02:00,2025-08-27 02:56:08+02:00,2,-17.8017324,177.4144948,-17.8017019,177.414543,146.0,41186.0,41.0,6.811856,18.4107955,80.0366475,50.0269125,0.22427550311890235,63.51,60.325,60.15,49.144999999999996,80.37,73.995,0,1,1,not_flagged,ml_quantile_p75_resource_underperformance,ml_only_retained,1.0,11.879070039280046,0.0,50.12,66.72,57.59,Medium,High,0,0,0,0,1,0,1,0,0,0,2,2,True,Medium
LTE-TP-EP-000154,542020041221088+20250827104707+Fiji-Nadi-LTE-DL-D!20250827104518,Fiji-Nadi-LTE-DL-D,2025-08-27 00:43:25+02:00,2025-08-27 00:43:25+02:00,1,-17.79259589,177.43872082,-17.79259589,177.43872082,431.0,500.0,1.0,9.274792,9.274792,59.24701590412161,49.97222390412161,0.15654445812105086,69.56,69.56,71.41,71.41,67.29,67.29,0,1,0,rolling_local_drop,normal,statistical_only_retained,0.0,14.76524018494206,0.0,57.89,57.2,57.58,High,Medium,0,0,0,0,0,0,0,0,0,0,1,0,True,Medium
LTE-TP-EP-001818,542020041221088+20250828141158+Fiji-Nadi-LTE-DL-D!20250828141111,Fiji-Nadi-LTE-DL-D,2025-08-28 04:09:24+02:00,2025-08-28 04:09:26+02:00,3,-17.6107087,177.4590972,-17.6106471,177.4592378,196.0,500.0,1.0,6.147512,6.893656,43.970293999999996,37.076637999999996,0.15677984777631918,68.17,59.57,78.48,62.21,57.39,56.35,0,3,0,ca_underperformance,normal,statistical_only_retained,2.0,23.98101024025395,0.0,64.94,48.52,57.55,High,Medium,2,2,3,2,0,0,0,3,0,0,3,9,True,Medium
LTE-TP-EP-000646,542020041221088+20250827135108+Fiji-Nadi-LTE-DL-D!20250827132314,Fiji-Nadi-LTE-DL-D,2025-08-27 03:22:18+02:00,2025-08-27 03:22:19+02:00,2,-17.7713504,177.43675,-17.77135919,177.43674992,123.0,40790.0,41.0,2.8223839,4.87201195,,,,69.87,63.64,81.12,73.945,56.12,51.05,0,2,0,radio_limited_degradation,normal,statistical_only_retained,1.0,9.905667805632044,0.0,66.61,46.43,57.53,High,Medium,0,0,0,0,0,0,0,2,0,0,2,0,True,Medium
LTE-TP-EP-000676,542020041221088+20250827135348+Fiji-Nadi-LTE-DL-D!20250827133514,Fiji-Nadi-LTE-DL-D,2025-08-27 03:34:05+02:00,2025-08-27 03:34:06+02:00,2,-17.7927314,177.4223786,-17.79273157,177.42238334,132.0,9310.0,28.0,1.557752,2.313,,,,69.46,67.88499999999999,94.55,91.905,38.79,38.525,0,2,0,radio_limited_degradation,normal,statistical_only_retained,1.0,9.142964074043512,0.0,77.59,32.91,57.48,High,Low,0,0,0,0,0,0,0,0,0,0,2,0,False,Not handed off
LTE-TP-EP-000403,542020041221088+20250827123517+Fiji-Nadi-LTE-DL-D!20250827114634,Fiji-Nadi-LTE-DL-D,2025-08-27 01:46:09+02:00,2025-08-27 01:46:09+02:00,1,-17.77998904,177.38357653,-17.77998904,177.38357653,153.0,356.0,1.0,7.209856,7.209856,33.200264164355,25.990408164354996,0.21716260943913698,68.76,68.76,60.86,60.86,78.41,78.41,0,1,0,radio_limited_degradation,normal,statistical_only_retained,0.0,12.202263647842884,0.0,49.98,66.65,57.48,Medium,High,0,0,0,0,0,0,0,1,0,0,1,0,True,Medium
LTE-TP-EP-000404,542020041221088+20250827123638+Fiji-Nadi-LTE-DL-D!20250827114845,Fiji-Nadi-LTE-DL-D,2025-08-27 01:46:43+02:00,2025-08-27 01:46:43+02:00,1,-17.7794851,177.38104013,-17.7794851,177.38104013,153.0,356.0,1.0,42.72388,42.72388,134.8689,92.14501999999999,0.3167808145539854,68.46,68.46,56.52,56.52,83.06,83.06,0,1,0,rb_conditioned_underperformance,ml_quantile_p75_resource_underperformance,statistical_only_retained,0.0,,0.0,46.73,70.6,57.47,Medium,High,0,1,0,0,1,0,0,0,0,0,1,2,True,Medium
LTE-TP-EP-000450,542020041221088+20250827131243+Fiji-Nadi-LTE-DL-D!20250827120629,Fiji-Nadi-LTE-DL-D,2025-08-27 02:05:06+02:00,2025-08-27 02:05:06+02:00,1,-17.7775657,177.3773997,-17.7775657,177.3773997,158.0,40790.0,41.0,0.968232,0.968232,,,,70.47,70.47,87.61,87.61,49.52,49.52,0,1,0,radio_limited_degradation,normal,statistical_only_retained,0.0,9.39061700176902,0.0,70.04,42.09,57.47,High,Medium,0,0,0,0,0,0,0,1,1,1,1,0,True,Medium
LTE-TP-EP-001751,542020041221088+20250828140057+Fiji-Nadi-LTE-DL-D!20250828135741,Fiji-Nadi-LTE-DL-D,2025-08-28 03:57:10+02:00,2025-08-28 03:57:12+02:00,3,-17.60728515,177.45592713,-17.6074471,177.455975,139.0,40790.0,41.0,1.80124,7.92248,49.4498,41.52732,0.1602125792217562,64.18,61.330000000000005,72.7,64.69333333333333,62.06,57.21666666666667,0,3,0,ca_underperformance,normal,statistical_only_retained,2.0,18.749516048346763,0.0,62.26,51.54,57.44,High,Medium,2,2,2,2,0,0,0,3,0,0,3,8,True,Medium
LTE-TP-EP-001413,542020041221088+20250828123823+Fiji-Nadi-LTE-DL-D!20250828123754,Fiji-Nadi-LTE-DL-D,2025-08-28 02:36:26+02:00,2025-08-28 02:36:28+02:00,3,-17.6283771,177.4424399,-17.6282141,177.4424159,385.0,41384.0,41.0,5.464112,6.484272,47.0651145,40.5808425,0.1377723621600878,66.09,62.629999999999995,64.15,58.97666666666667,69.75,67.09666666666666,0,3,0,rb_efficiency_underperformance,normal,statistical_only_retained,2.0,28.392250084123084,0.0,56.42,58.62,57.41,High,Medium,2,2,3,0,0,0,0,3,0,0,3,7,True,Medium
LTE-TP-EP-000169,542020041221088+20250827105427+Fiji-Nadi-LTE-DL-D!20250827104733,Fiji-Nadi-LTE-DL-D,2025-08-27 00:46:10+02:00,2025-08-27 00:46:10+02:00,1,-17.77995724,177.45296557,-17.77995724,177.45296557,127.0,40988.0,41.0,5.513544,5.513544,35.69227661853178,30.17873261853178,0.1544744275891136,69.08,69.08,67.35,67.35,71.2,71.2,0,1,0,sudden_drop,normal,statistical_only_retained,0.0,10.835892616935608,0.0,54.85,60.52,57.4,Medium,High,0,0,0,0,0,0,0,1,0,0,1,0,True,Medium
LTE-TP-EP-001821,542020041221088+20250828141158+Fiji-Nadi-LTE-DL-D!20250828141111,Fiji-Nadi-LTE-DL-D,2025-08-28 04:09:35+02:00,2025-08-28 04:09:35+02:00,1,-17.6103309,177.4599901,-17.6103309,177.4599901,375.0,356.0,1.0,2.434344,2.434344,,,,70.63,70.63,91.48,91.48,45.14,45.14,0,1,0,radio_limited_degradation,normal,statistical_only_retained,0.0,21.63034934192816,0.0,72.95,38.37,57.39,High,Low,0,0,0,0,0,0,0,1,0,0,1,0,False,Not handed off
LTE-TP-EP-001667,542020041221088+20250828134116+Fiji-Nadi-LTE-DL-D!20250828133502,Fiji-Nadi-LTE-DL-D,2025-08-28 03:33:14+02:00,2025-08-28 03:33:15+02:00,2,-17.6143604,177.4625165,-17.61436082,177.46251591,179.0,40988.0,41.0,2.425344,3.034636,13.838565042731217,10.194637042731216,0.26331689656753776,64.58,61.83,61.51,52.935,77.08,72.71000000000001,0,2,0,radio_limited_degradation,normal,statistical_only_retained,1.0,23.07312462179627,0.0,51.62,64.43,57.38,Medium,High,0,0,0,0,0,0,0,2,0,0,2,0,True,Medium
LTE-TP-EP-000051,542020041221088+20250827095725+Fiji-Nadi-LTE-DL-D!20250827095641,Fiji-Nadi-LTE-DL-D,2025-08-26 23:55:08+02:00,2025-08-26 23:55:08+02:00,1,-17.816197,177.3954095,-17.816197,177.3954095,351.0,1850.0,3.0,1.224536,1.224536,18.169227911847972,16.944691911847972,0.06739614946441903,69.01,69.01,66.57,66.57,72.0,72.0,0,1,0,sudden_drop,normal,statistical_only_retained,0.0,0.003951031929095129,0.0,54.26,61.2,57.38,Medium,High,0,0,0,0,0,0,0,0,0,0,1,0,True,Medium
LTE-TP-EP-000120,542020041221088+20250827102926+Fiji-Nadi-LTE-DL-D!20250827102813,Fiji-Nadi-LTE-DL-D,2025-08-27 00:28:08+02:00,2025-08-27 00:28:08+02:00,1,-17.81499525,177.43736452,-17.81499525,177.43736452,148.0,40988.0,41.0,1.503784,1.503784,32.41143,30.907646000000003,0.046396718688438,69.27,69.27,70.87,70.87,67.31,67.31,0,1,0,ca_underperformance,normal,statistical_only_retained,0.0,11.575813669153462,0.0,57.49,57.21,57.36,High,Medium,1,1,1,1,0,0,0,1,0,0,1,4,True,Medium
LTE-TP-EP-001830,542020041221088+20250828141158+Fiji-Nadi-LTE-DL-D!20250828141111,Fiji-Nadi-LTE-DL-D,2025-08-28 04:10:28+02:00,2025-08-28 04:10:28+02:00,1,-17.608185,177.4623683,-17.608185,177.4623683,375.0,356.0,1.0,2.236304,2.236304,,,,70.63,70.63,92.17,92.17,44.3,44.3,0,1,0,radio_limited_degradation,normal,statistical_only_retained,0.0,8.858950783043422,0.0,73.46,37.65,57.35,High,Low,0,0,0,0,0,0,0,0,0,0,1,0,False,Not handed off
LTE-TP-EP-001683,542020041221088+20250828134436+Fiji-Nadi-LTE-DL-D!20250828133934,Fiji-Nadi-LTE-DL-D,2025-08-28 03:38:09+02:00,2025-08-28 03:38:10+02:00,2,-17.62233994,177.4549002,-17.622481,177.4548327,231.0,41186.0,41.0,4.34968,4.55822,,,,68.44,67.805,84.78,84.05,48.47,47.955,0,2,0,radio_limited_degradation,normal,statistical_only_retained,1.0,26.52028918542404,0.0,70.64,41.07,57.34,High,Medium,0,0,0,0,0,0,0,0,0,0,2,0,True,Medium
LTE-TP-EP-000628,542020041221088+20250827134808+Fiji-Nadi-LTE-DL-D!20250827131638,Fiji-Nadi-LTE-DL-D,2025-08-27 03:15:55+02:00,2025-08-27 03:15:55+02:00,1,-17.7688392,177.4359416,-17.7688392,177.4359416,395.0,500.0,1.0,0.620328,0.620328,23.89996124404382,23.27963324404382,0.02595518853214014,69.54,69.54,75.48,75.48,62.27,62.27,0,1,0,sudden_drop,normal,statistical_only_retained,0.0,2.9861550248243702,0.0,60.95,52.93,57.34,High,Medium,0,0,0,0,0,0,0,1,0,0,1,0,True,Medium
LTE-TP-EP-001587,542020041221088+20250828131954+Fiji-Nadi-LTE-DL-D!20250828131344,Fiji-Nadi-LTE-DL-D,2025-08-28 03:12:57+02:00,2025-08-28 03:12:59+02:00,3,-17.62993076,177.47486504,-17.6297216,177.4746468,352.0,41384.0,41.0,1.567752,2.751872,20.470735055094593,18.902983055094595,0.07658503692127218,63.68,60.68333333333334,65.36,60.123333333333335,70.03,61.370000000000005,0,3,0,rolling_local_drop,normal,statistical_only_retained,2.0,32.92398314353986,0.0,57.31,57.36,57.33,High,Medium,0,0,0,0,0,0,0,3,0,0,3,0,True,Medium
LTE-TP-EP-000798,542020041221088+20250827144731+Fiji-Nadi-LTE-DL-D!20250827144643,Fiji-Nadi-LTE-DL-D,2025-08-27 04:45:30+02:00,2025-08-27 04:45:31+02:00,2,-17.7579262,177.4473118,-17.7579231,177.4473815,350.0,500.0,1.0,19.592993,46.447466500000004,176.8458,103.54386,0.18491786932143123,69.05,61.11,64.72,57.769999999999996,74.35,65.19999999999999,0,2,0,rb_conditioned_underperformance,normal,statistical_only_retained,1.0,15.124548479038486,0.0,54.36,60.91,57.31,Medium,High,1,2,0,0,0,0,0,2,0,0,2,3,True,Medium
LTE-TP-EP-000700,542020041221088+20250827135949+Fiji-Nadi-LTE-DL-D!20250827134144,Fiji-Nadi-LTE-DL-D,2025-08-27 03:39:54+02:00,2025-08-27 03:39:54+02:00,1,-17.777424,177.4093119,-17.777424,177.4093119,137.0,40790.0,41.0,5.28544,5.28544,37.26193049782549,31.976490497825488,0.14184557615200438,69.07,69.07,68.89,68.89,69.3,69.3,0,1,0,sudden_drop,normal,statistical_only_retained,0.0,9.553316722672466,0.0,56.0,58.9,57.31,High,Medium,0,0,0,0,0,0,0,0,0,0,0,0,True,Medium
LTE-TP-EP-000098,542020041221088+20250827102526+Fiji-Nadi-LTE-DL-D!20250827102354,Fiji-Nadi-LTE-DL-D,2025-08-27 00:23:23+02:00,2025-08-27 00:23:24+02:00,2,-17.80712956,177.42442255,-17.80713106,177.42454171,148.0,40790.0,41.0,3.660328,16.2782,93.96716500000001,65.071093,0.13893718105144895,69.21,61.019999999999996,66.93,58.265,72.0,64.385,0,2,0,rb_conditioned_underperformance,normal,statistical_only_retained,1.0,25.61525826698842,0.0,55.67,59.3,57.3,High,Medium,1,1,0,0,0,0,0,2,0,0,2,2,True,Medium
LTE-TP-EP-001909,542020041221088+20250828143639+Fiji-Nadi-LTE-DL-D!20250828143559,Fiji-Nadi-LTE-DL-D,2025-08-28 04:34:17+02:00,2025-08-28 04:34:18+02:00,2,-17.6228576,177.4447506,-17.62286014,177.44475122,385.0,41186.0,41.0,8.290344,8.342023999999999,70.787155,62.393451,0.11857665419665474,68.49,64.625,73.79,68.72,62.02,59.625,0,2,0,ca_underperformance,normal,statistical_only_retained,1.0,8.097672238831024,0.0,61.53,52.12,57.3,High,Medium,2,2,2,1,0,0,0,2,0,0,2,7,True,Medium
LTE-TP-EP-001876,542020041221088+20250828142518+Fiji-Nadi-LTE-DL-D!20250828142442,Fiji-Nadi-LTE-DL-D,2025-08-28 04:22:53+02:00,2025-08-28 04:22:53+02:00,1,-17.6049491,177.4535421,-17.6049491,177.4535421,183.0,41384.0,41.0,1.461056,1.461056,24.844664538709246,23.383608538709247,0.058807636453436535,69.33,69.33,73.15,73.15,64.66,64.66,0,1,0,radio_limited_degradation,normal,statistical_only_retained,0.0,0.0,0.0,59.2,54.96,57.29,High,Medium,0,0,0,0,0,0,0,0,0,0,0,0,True,Medium
LTE-TP-EP-001340,542020041221088+20250828122241+Fiji-Nadi-LTE-DL-D!20250828121359,Fiji-Nadi-LTE-DL-D,2025-08-28 02:13:23+02:00,2025-08-28 02:13:24+02:00,2,-17.6033731,177.4529804,-17.6033731,177.4529804,184.0,40988.0,41.0,12.22192,23.490936500000004,111.79482125,77.03486824999999,0.31092632566823847,61.29,59.97,55.38,46.394999999999996,84.62,76.565,0,2,0,radio_p75_underperformance,normal,statistical_only_retained,1.0,0.0,0.0,46.94,69.91,57.28,Medium,High,1,0,0,0,0,0,0,0,0,0,0,1,True,Medium
LTE-TP-EP-001996,542020041221088+20250829103614+Nawaka-LTE-DL!20250829103543,Nawaka-LTE-DL,2025-08-29 00:34:59+02:00,2025-08-29 00:34:59+02:00,1,-17.8128904,177.4432648,-17.8128904,177.4432648,469.0,41384.0,41.0,3.283696,3.283696,38.729599,35.445903,0.08478517941794336,69.0,69.0,68.67,68.67,69.4,69.4,0,1,0,rb_efficiency_underperformance,normal,statistical_only_retained,0.0,0.0,0.0,55.84,58.99,57.26,High,Medium,1,1,1,0,0,0,0,1,0,0,1,3,True,Medium
LTE-TP-EP-000608,542020041221088+20250827134427+Fiji-Nadi-LTE-DL-D!20250827131213,Fiji-Nadi-LTE-DL-D,2025-08-27 03:10:41+02:00,2025-08-27 03:10:42+02:00,2,-17.7782786,177.4308957,-17.77827761,177.43089587,393.0,40790.0,41.0,1.302648,2.584404,14.636561414127144,11.957335929881529,0.09823903308543742,63.88,63.045,57.77,52.88,79.59,75.47,0,2,0,rolling_local_drop,normal,statistical_only_retained,1.0,12.050461111075688,0.0,49.56,66.62,57.24,Medium,High,0,0,0,0,0,0,0,2,2,2,2,0,True,Medium
LTE-TP-EP-001727,542020041221088+20250828135437+Fiji-Nadi-LTE-DL-D!20250828135310,Fiji-Nadi-LTE-DL-D,2025-08-28 03:51:56+02:00,2025-08-28 03:51:58+02:00,3,-17.6193268,177.4502999,-17.619197,177.4501773,168.0,9310.0,28.0,15.196448,15.7086,103.01821000000001,87.30961,0.15248372108193298,68.04,58.64333333333334,71.47,57.70666666666667,64.31,59.78666666666667,0,3,0,rb_conditioned_underperformance,normal,statistical_only_retained,2.0,35.84874740614222,0.0,60.19,53.53,57.19,High,Medium,3,3,0,0,0,0,0,3,0,0,3,6,True,Medium
LTE-TP-EP-000456,542020041221088+20250827131243+Fiji-Nadi-LTE-DL-D!20250827120629,Fiji-Nadi-LTE-DL-D,2025-08-27 02:06:10+02:00,2025-08-27 02:06:10+02:00,1,-17.77932495,177.38104846,-17.77932495,177.38104846,153.0,9310.0,28.0,60.30379,60.30379,145.3303002918025,85.02651029180251,0.4149429945367112,68.38,68.38,60.64,60.64,77.85,77.85,0,1,0,sudden_drop,ml_hgb_strict_causal_temporal_underperformance,statistical_only_retained,0.0,0.5584143030949554,0.0,49.82,66.17,57.18,Medium,High,0,0,0,0,0,0,1,0,0,0,0,1,True,Medium
LTE-TP-EP-000732,542020041221088+20250827140609+Fiji-Nadi-LTE-DL-D!20250827135810,Fiji-Nadi-LTE-DL-D,2025-08-27 03:57:12+02:00,2025-08-27 03:57:13+02:00,2,-17.76667249,177.44745276,-17.76661104,177.44747081,124.0,41186.0,41.0,0.199568,0.233948,11.83561098629053,11.567282986290529,0.016994805870459737,66.86,65.72999999999999,63.02,62.84,72.0,69.27000000000001,0,2,0,rolling_local_drop,normal,statistical_only_retained,1.0,12.877680119411979,0.0,54.43,60.52,57.17,Medium,High,0,0,0,0,0,0,0,0,0,0,2,0,True,Medium
LTE-TP-EP-001671,542020041221088+20250828134116+Fiji-Nadi-LTE-DL-D!20250828133502,Fiji-Nadi-LTE-DL-D,2025-08-28 03:34:43+02:00,2025-08-28 03:34:44+02:00,2,-17.6175881,177.4617786,-17.6175285,177.4617097,179.0,40988.0,41.0,0.782968,2.5816480000000004,,,,69.94,63.665,88.26,81.965,47.55,41.3,0,2,0,radio_limited_degradation,normal,statistical_only_retained,1.0,20.507293397318982,0.0,72.14,38.86,57.16,High,Low,0,0,0,0,0,0,0,2,0,0,2,0,False,Not handed off
LTE-TP-EP-000382,542020041221088+20250827123437+Fiji-Nadi-LTE-DL-D!20250827114425,Fiji-Nadi-LTE-DL-D,2025-08-27 01:43:24+02:00,2025-08-27 01:43:24+02:00,1,-17.79505953,177.39562875,-17.79505953,177.39562875,140.0,500.0,1.0,3.814488,3.814488,,,,70.05,70.05,86.65,86.65,49.76,49.76,0,1,0,radio_limited_degradation,normal,statistical_only_retained,0.0,14.169301580188762,0.0,69.32,42.3,57.16,High,Medium,0,0,0,0,0,0,0,1,0,0,1,0,True,Medium
LTE-TP-EP-001720,542020041221088+20250828135137+Fiji-Nadi-LTE-DL-D!20250828134837,Fiji-Nadi-LTE-DL-D,2025-08-28 03:47:30+02:00,2025-08-28 03:47:31+02:00,2,-17.61451766,177.45497166,-17.61456653,177.45497256,140.0,40790.0,41.0,5.676928,6.3515239999999995,49.4498,42.423680000000004,0.14208591339095406,67.74,63.73,64.14,60.095,72.15,68.18,0,2,0,ca_underperformance,ml_quantile_p75_resource_underperformance,statistical_only_retained,1.0,11.008377030709358,0.0,54.5,60.34,57.13,Medium,High,2,2,2,2,1,0,0,2,0,0,2,9,True,Medium
LTE-TP-EP-000965,542020041221088+20250827160414+Fiji-Nadi-LTE-DL-D!20250827155722,Fiji-Nadi-LTE-DL-D,2025-08-27 05:57:21+02:00,2025-08-27 05:57:21+02:00,1,-17.7997721,177.4511685,-17.7997721,177.4511685,214.0,40988.0,41.0,1.300872,1.300872,,,,69.99,69.99,86.45,86.45,49.87,49.87,0,1,0,radio_limited_degradation,normal,statistical_only_retained,0.0,4.9303808080679286,0.0,69.17,42.39,57.12,High,Medium,0,0,0,0,0,0,0,1,0,0,1,0,True,Medium
LTE-TP-EP-001447,542020041221088+20250828124303+Fiji-Nadi-LTE-DL-D!20250828124223,Fiji-Nadi-LTE-DL-D,2025-08-28 02:41:36+02:00,2025-08-28 02:41:36+02:00,1,-17.62179973,177.43640368,-17.62179973,177.43640368,169.0,356.0,1.0,6.078568,6.078568,,,,68.91,68.91,69.73,69.73,67.91,67.91,0,1,0,rb_efficiency_underperformance,normal,statistical_only_retained,0.0,13.829973668275837,0.0,56.63,57.72,57.12,High,Medium,1,1,1,0,0,0,0,0,0,0,1,3,True,Medium
LTE-TP-EP-001368,542020041221088+20250828122542+Fiji-Nadi-LTE-DL-D!20250828121826,Fiji-Nadi-LTE-DL-D,2025-08-28 02:18:22+02:00,2025-08-28 02:18:25+02:00,4,-17.6033936,177.4496521,-17.6031226,177.4495934,185.0,40790.0,41.0,2.648936,8.16104,83.886915,65.210308,0.1523437826457656,61.04,58.305,58.11,51.1325,75.1,67.07,0,4,0,sudden_drop,normal,statistical_only_retained,3.0,41.52303800906254,0.0,53.25,61.83,57.11,Medium,High,1,1,0,0,0,0,0,0,0,0,0,2,True,Medium
LTE-TP-EP-000470,542020041221088+20250827131624+Fiji-Nadi-LTE-DL-D!20250827121056,Fiji-Nadi-LTE-DL-D,2025-08-27 02:08:56+02:00,2025-08-27 02:08:57+02:00,2,-17.79142605,177.39519718,-17.79157416,177.39521731,138.0,1850.0,3.0,1.308672,3.6102679999999996,,,,69.02,65.00999999999999,95.42,87.36500000000001,38.62,37.685,0,2,0,radio_limited_degradation,normal,statistical_only_retained,1.0,30.055359608716916,0.0,77.16,32.59,57.1,High,Low,0,0,0,0,0,0,0,2,0,0,2,0,False,Not handed off
LTE-TP-EP-001484,542020041221088+20250828125203+Fiji-Nadi-LTE-DL-D!20250828125121,Fiji-Nadi-LTE-DL-D,2025-08-28 02:50:04+02:00,2025-08-28 02:50:04+02:00,1,-17.6308924,177.454617,-17.6308924,177.454617,165.0,500.0,1.0,13.48532,13.48532,105.955109,92.46978899999999,0.12727390049686044,69.26,69.26,75.72,75.72,61.37,61.37,0,1,0,ca_underperformance,normal,statistical_only_retained,0.0,6.353831661873666,0.0,61.13,52.16,57.09,High,Medium,1,1,0,1,0,0,0,1,0,0,1,3,True,Medium
LTE-TP-EP-001991,542020041221088+20250829102934+Nawaka-LTE-DL!20250829102857,Nawaka-LTE-DL,2025-08-29 00:28:30+02:00,2025-08-29 00:28:30+02:00,1,-17.8128905,177.4432642,-17.8128905,177.4432642,469.0,1850.0,3.0,1.76064,1.76064,,,,69.81,69.81,84.84,84.84,51.44,51.44,0,1,0,radio_limited_degradation,normal,statistical_only_retained,0.0,0.0,0.0,67.97,43.72,57.06,High,Medium,0,0,0,0,0,0,0,0,0,0,0,0,True,Medium
LTE-TP-EP-000106,542020041221088+20250827102926+Fiji-Nadi-LTE-DL-D!20250827102813,Fiji-Nadi-LTE-DL-D,2025-08-27 00:27:12+02:00,2025-08-27 00:27:12+02:00,1,-17.8123708,177.4345113,-17.8123708,177.4345113,395.0,1850.0,3.0,3.210248,3.210248,,,,70.03,70.03,88.76,88.76,47.14,47.14,0,1,0,radio_limited_degradation,normal,statistical_only_retained,0.0,14.635587655851536,0.0,70.91,40.07,57.03,High,Medium,0,0,0,0,0,0,0,1,0,0,1,0,True,Medium
LTE-TP-EP-000086,542020041221088+20250827102346+Fiji-Nadi-LTE-DL-D!20250827102142,Fiji-Nadi-LTE-DL-D,2025-08-27 00:19:45+02:00,2025-08-27 00:19:45+02:00,1,-17.8090323,177.4032189,-17.8090323,177.4032189,140.0,500.0,1.0,1.204376,1.204376,31.223034518588236,30.018658518588236,0.03857331673777544,69.24,69.24,77.0,77.0,59.75,59.75,0,1,0,sudden_drop,normal,statistical_only_retained,0.0,15.137425424440789,0.0,62.09,50.79,57.0,High,Medium,0,0,0,0,0,0,0,1,0,0,1,0,True,Medium
LTE-TP-EP-001378,542020041221088+20250828122942+Fiji-Nadi-LTE-DL-D!20250828122638,Fiji-Nadi-LTE-DL-D,2025-08-28 02:26:12+02:00,2025-08-28 02:26:12+02:00,1,-17.6235524,177.4325984,-17.6235524,177.4325984,347.0,1850.0,3.0,46.693817,46.693817,135.5693,88.875483,0.34442766171987316,67.8,67.8,54.91,54.91,83.55,83.55,0,1,0,rb_conditioned_underperformance,ml_hgb_strict_causal_temporal_underperformance,statistical_only_retained,0.0,20.525900796395845,0.0,45.52,71.02,56.99,Medium,High,0,1,0,0,0,0,1,1,0,0,1,2,True,Medium
LTE-TP-EP-000135,542020041221088+20250827103926+Fiji-Nadi-LTE-DL-D!20250827103843,Fiji-Nadi-LTE-DL-D,2025-08-27 00:36:59+02:00,2025-08-27 00:37:00+02:00,2,-17.81326291,177.43492408,-17.81326291,177.43492408,469.0,9310.0,28.0,2.6094,3.019204,,,,68.68,67.05000000000001,90.87,89.435,41.55,39.685,0,2,0,radio_limited_degradation,normal,statistical_only_retained,1.0,0.0023915107422763497,0.0,75.07,34.85,56.97,High,Low,0,0,0,0,0,0,0,2,0,0,2,0,False,Not handed off
LTE-TP-EP-000052,542020041221088+20250827095725+Fiji-Nadi-LTE-DL-D!20250827095641,Fiji-Nadi-LTE-DL-D,2025-08-26 23:56:20+02:00,2025-08-26 23:56:20+02:00,1,-17.81614814,177.39541892,-17.81614814,177.39541892,351.0,1850.0,3.0,5.035032,5.035032,27.900687529415734,22.865655529415733,0.18046264969963766,68.1,68.1,60.12,60.12,77.86,77.86,0,1,0,sudden_drop,normal,statistical_only_retained,0.0,0.013459641827556074,0.0,49.43,66.18,56.97,Medium,High,0,0,0,0,0,0,0,0,0,0,0,0,True,Medium
LTE-TP-EP-000576,542020041221088+20250827134107+Fiji-Nadi-LTE-DL-D!20250827130537,Fiji-Nadi-LTE-DL-D,2025-08-27 03:04:00+02:00,2025-08-27 03:04:01+02:00,2,-17.78075719,177.43109015,-17.78075827,177.43113948,394.0,500.0,1.0,0.453664,0.531012,12.29470665264462,11.780142753610848,0.03708281560570667,66.4,66.12,61.82,61.4,72.0,71.89500000000001,0,2,0,rolling_local_drop,normal,statistical_only_retained,1.0,9.704943429268182,0.0,53.49,61.17,56.95,Medium,High,0,0,0,0,0,0,0,2,0,0,2,0,True,Medium
LTE-TP-EP-000065,542020041221088+20250827100145+Fiji-Nadi-LTE-DL-D!20250827100105,Fiji-Nadi-LTE-DL-D,2025-08-26 23:59:03+02:00,2025-08-26 23:59:03+02:00,1,-17.8108518,177.4116205,-17.8108518,177.4116205,149.0,41186.0,41.0,5.641312,5.641312,41.037212749999995,35.395900749999996,0.13746820561052847,68.22,68.22,62.63,62.63,75.05,75.05,0,1,0,rb_efficiency_underperformance,normal,statistical_only_retained,0.0,13.002653703556046,0.0,51.31,63.79,56.93,Medium,High,1,1,1,0,0,0,0,1,0,0,1,3,True,Medium
LTE-TP-EP-000377,542020041221088+20250827123437+Fiji-Nadi-LTE-DL-D!20250827114425,Fiji-Nadi-LTE-DL-D,2025-08-27 01:42:56+02:00,2025-08-27 01:42:56+02:00,1,-17.79630003,177.39888915,-17.79630003,177.39888915,140.0,9310.0,28.0,1.519496,1.519496,,,,70.3,70.3,94.68,94.68,40.5,40.5,0,1,0,radio_limited_degradation,normal,statistical_only_retained,0.0,13.72564577070004,0.0,75.35,34.42,56.93,High,Low,0,0,0,0,0,0,0,1,0,0,1,0,False,Not handed off
LTE-TP-EP-001721,542020041221088+20250828135137+Fiji-Nadi-LTE-DL-D!20250828134837,Fiji-Nadi-LTE-DL-D,2025-08-28 03:48:08+02:00,2025-08-28 03:48:08+02:00,1,-17.61402509,177.45477296,-17.61402509,177.45477296,182.0,40988.0,41.0,4.268792,4.268792,32.41143,28.142638,0.13170637642337904,68.12,68.12,61.05,61.05,76.75,76.75,0,1,0,ca_underperformance,normal,statistical_only_retained,0.0,0.22680394621532862,0.0,50.12,65.24,56.92,Medium,High,1,1,1,1,0,0,0,1,0,0,1,4,True,Medium
LTE-TP-EP-000260,542020041221088+20250827114050+Fiji-Nadi-LTE-DL-D!20250827111354,Fiji-Nadi-LTE-DL-D,2025-08-27 01:12:33+02:00,2025-08-27 01:12:33+02:00,1,-17.7534753,177.4607174,-17.7534753,177.4607174,448.0,41186.0,41.0,1.573104,1.573104,,,,69.66,69.66,85.49,85.49,50.32,50.32,0,1,0,radio_limited_degradation,normal,statistical_only_retained,0.0,11.875497693189857,0.0,68.45,42.77,56.9,High,Medium,0,0,0,0,0,0,0,1,0,0,1,0,True,Medium
LTE-TP-EP-001748,542020041221088+20250828140057+Fiji-Nadi-LTE-DL-D!20250828135741,Fiji-Nadi-LTE-DL-D,2025-08-28 03:56:40+02:00,2025-08-28 03:56:40+02:00,1,-17.6065953,177.45644177,-17.6065953,177.45644177,139.0,41186.0,41.0,9.626304,9.626304,70.787155,61.160851,0.13598941785412905,68.68,68.68,70.61,70.61,66.32,66.32,0,1,0,ca_underperformance,normal,statistical_only_retained,0.0,6.926623224055818,0.0,57.29,56.37,56.88,High,Medium,1,1,1,1,0,0,0,0,0,0,1,4,True,Medium
LTE-TP-EP-001709,542020041221088+20250828134936+Fiji-Nadi-LTE-DL-D!20250828134405,Fiji-Nadi-LTE-DL-D,2025-08-28 03:44:03+02:00,2025-08-28 03:44:03+02:00,1,-17.61286521,177.4484595,-17.61286521,177.4484595,383.0,500.0,1.0,6.667768,6.667768,59.31967,52.651902,0.11240399685298316,68.72,68.72,71.43,71.43,65.41,65.41,0,1,0,ca_underperformance,normal,statistical_only_retained,0.0,0.04689478477052812,0.0,57.91,55.6,56.87,High,Medium,1,1,1,1,0,0,0,1,0,0,1,4,True,Medium
LTE-TP-EP-001005,542020041221088+20250827161234+Fiji-Nadi-LTE-DL-D!20250827161029,Fiji-Nadi-LTE-DL-D,2025-08-27 06:08:29+02:00,2025-08-27 06:08:31+02:00,3,-17.81383296,177.43778797,-17.81387332,177.43782653,148.0,40790.0,41.0,6.340096,6.65,49.4498,43.109704,0.12821277335803177,63.01,57.406666666666666,76.72,66.01,59.17,46.88999999999999,0,3,0,ca_underperformance,normal,statistical_only_retained,2.0,9.240255322889892,0.0,64.74,47.22,56.86,High,Medium,2,2,1,1,0,0,0,3,0,0,3,6,True,Medium
LTE-TP-EP-000222,542020041221088+20250827111708+Fiji-Nadi-LTE-DL-D!20250827110046,Fiji-Nadi-LTE-DL-D,2025-08-27 00:58:44+02:00,2025-08-27 00:58:44+02:00,1,-17.7788295,177.4829867,-17.7788295,177.4829867,81.0,41384.0,41.0,7.361144,7.361144,30.595760226939426,23.234616226939426,0.2405935968055648,67.4,67.4,51.74,51.74,86.55,86.55,0,1,0,rolling_local_drop,normal,statistical_only_retained,0.0,,0.0,43.14,73.57,56.83,Medium,High,0,0,0,0,0,0,0,0,0,0,0,0,True,Medium
LTE-TP-EP-001870,542020041221088+20250828142038+Fiji-Nadi-LTE-DL-D!20250828142010,Fiji-Nadi-LTE-DL-D,2025-08-28 04:18:23+02:00,2025-08-28 04:18:23+02:00,1,-17.6077933,177.4607221,-17.6077933,177.4607221,375.0,500.0,1.0,2.765128,2.765128,,,,69.25,69.25,81.32,81.32,54.49,54.49,0,1,0,radio_limited_degradation,normal,statistical_only_retained,0.0,21.20162522535881,0.0,65.33,46.32,56.77,High,Medium,0,0,0,0,0,0,0,1,0,0,1,0,True,Medium
LTE-TP-EP-000808,542020041221088+20250827145611+Fiji-Nadi-LTE-DL-D!20250827145542,Fiji-Nadi-LTE-DL-D,2025-08-27 04:53:40+02:00,2025-08-27 04:53:40+02:00,1,-17.7679548,177.4764853,-17.7679548,177.4764853,111.0,41384.0,41.0,40.88693,40.88693,129.10258992405716,88.21565992405715,0.3167010826355318,67.61,67.61,56.53,56.53,81.15,81.15,0,1,0,rb_conditioned_underperformance,normal,statistical_only_retained,0.0,6.735247849760138,0.0,46.73,68.98,56.74,Medium,High,1,1,0,0,0,0,0,0,0,0,1,2,True,Medium
LTE-TP-EP-001673,542020041221088+20250828134256+Fiji-Nadi-LTE-DL-D!20250828133718,Fiji-Nadi-LTE-DL-D,2025-08-28 03:35:20+02:00,2025-08-28 03:35:20+02:00,1,-17.6181426,177.4600542,-17.6181426,177.4600542,253.0,40988.0,41.0,5.215008,5.215008,,,,68.65,68.65,72.75,72.75,63.64,63.64,0,1,0,radio_limited_degradation,normal,statistical_only_retained,0.0,12.565582350399623,0.0,58.9,54.09,56.74,High,Medium,0,0,0,0,0,0,0,1,0,0,1,0,True,Medium
LTE-TP-EP-001976,542020041221088+20250829102513+Nawaka-LTE-DL!20250829102435,Nawaka-LTE-DL,2025-08-29 00:24:01+02:00,2025-08-29 00:24:01+02:00,1,-17.8128905,177.4432634,-17.8128905,177.4432634,469.0,9310.0,28.0,1.712552,1.712552,,,,70.02,70.02,94.01,94.01,40.69,40.69,0,1,0,radio_limited_degradation,normal,statistical_only_retained,0.0,0.011119507430728204,0.0,74.84,34.59,56.73,High,Low,0,0,0,0,0,0,0,1,0,0,1,0,False,Not handed off
LTE-TP-EP-000546,542020041221088+20250827133406+Fiji-Nadi-LTE-DL-D!20250827125219,Fiji-Nadi-LTE-DL-D,2025-08-27 02:50:17+02:00,2025-08-27 02:50:17+02:00,1,-17.7999311,177.4168029,-17.7999311,177.4168029,147.0,41384.0,41.0,5.79636,5.79636,,,,68.51,68.51,70.71,70.71,65.81,65.81,0,1,0,radio_limited_degradation,normal,statistical_only_retained,0.0,5.310545787308471,0.0,57.37,55.94,56.72,High,Medium,0,0,0,0,0,0,0,0,0,0,0,0,True,Medium
LTE-TP-EP-000540,542020041221088+20250827133206+Fiji-Nadi-LTE-DL-D!20250827125008,Fiji-Nadi-LTE-DL-D,2025-08-27 02:49:17+02:00,2025-08-27 02:49:17+02:00,1,-17.80158,177.4160702,-17.80158,177.4160702,147.0,41384.0,41.0,0.22112,0.22112,,,,68.95,68.95,78.23,78.23,57.6,57.6,0,1,0,radio_limited_degradation,normal,statistical_only_retained,0.0,0.15062913798136568,0.0,63.01,48.96,56.69,High,Medium,0,0,0,0,0,0,0,0,0,0,1,0,True,Medium
LTE-TP-EP-000663,542020041221088+20250827135208+Fiji-Nadi-LTE-DL-D!20250827132735,Fiji-Nadi-LTE-DL-D,2025-08-27 03:26:48+02:00,2025-08-27 03:26:48+02:00,1,-17.7767088,177.43327429,-17.7767088,177.43327429,338.0,41384.0,41.0,10.849432,10.849432,60.77238875,49.92295675,0.17852567955871243,67.83,67.83,60.99,60.99,76.2,76.2,0,1,0,rb_conditioned_underperformance,normal,statistical_only_retained,0.0,7.202158664589753,0.0,50.08,64.77,56.69,Medium,High,1,1,0,0,0,0,0,1,0,0,1,2,True,Medium
LTE-TP-EP-001436,542020041221088+20250828124043+Fiji-Nadi-LTE-DL-D!20250828124009,Fiji-Nadi-LTE-DL-D,2025-08-28 02:39:28+02:00,2025-08-28 02:39:28+02:00,1,-17.62484421,177.4436928,-17.62484421,177.4436928,385.0,1850.0,3.0,4.470144,4.470144,,,,68.77,68.77,75.35,75.35,60.72,60.72,0,1,0,radio_limited_degradation,normal,statistical_only_retained,0.0,0.10970799781820668,0.0,60.85,51.61,56.69,High,Medium,0,0,0,0,0,0,0,1,0,0,1,0,True,Medium
LTE-TP-EP-001287,542020041221088+20250828121041+Fiji-Nadi-LTE-DL-D!20250828114409,Fiji-Nadi-LTE-DL-D,2025-08-28 01:42:32+02:00,2025-08-28 01:42:32+02:00,1,-17.60382833,177.45143622,-17.60382833,177.45143622,185.0,41384.0,41.0,0.033152,0.033152,,,,68.37,68.37,69.88,69.88,66.53,66.53,0,1,0,radio_limited_degradation,normal,statistical_only_retained,0.0,0.02743456585700713,0.0,56.75,56.55,56.66,High,Medium,0,0,0,0,0,0,0,1,0,0,1,0,True,Medium
LTE-TP-EP-001872,542020041221088+20250828142038+Fiji-Nadi-LTE-DL-D!20250828142010,Fiji-Nadi-LTE-DL-D,2025-08-28 04:18:27+02:00,2025-08-28 04:18:27+02:00,1,-17.6075034,177.4605181,-17.6075034,177.4605181,196.0,500.0,1.0,2.680216,2.680216,,,,69.08,69.08,81.62,81.62,53.75,53.75,0,1,0,radio_limited_degradation,normal,statistical_only_retained,0.0,18.51802198867078,0.0,65.55,45.69,56.61,High,Medium,0,0,0,0,0,0,0,1,0,0,1,0,True,Medium
LTE-TP-EP-000389,542020041221088+20250827123437+Fiji-Nadi-LTE-DL-D!20250827114425,Fiji-Nadi-LTE-DL-D,2025-08-27 01:44:18+02:00,2025-08-27 01:44:22+02:00,5,-17.78862958,177.393831,-17.78819732,177.39355909,138.0,9310.0,28.0,2.1424,2.645448,,,,64.52,61.54,92.5,88.392,32.47,28.721999999999998,0,5,0,radio_limited_degradation,normal,statistical_only_retained,4.0,70.62514550799628,0.0,81.1,26.66,56.6,Critical,Low,0,0,0,0,0,0,0,0,0,0,0,0,False,Not handed off
LTE-TP-EP-001430,542020041221088+20250828124043+Fiji-Nadi-LTE-DL-D!20250828124009,Fiji-Nadi-LTE-DL-D,2025-08-28 02:38:50+02:00,2025-08-28 02:38:51+02:00,2,-17.6293385,177.4437872,-17.6292113,177.4437849,385.0,41384.0,41.0,9.548648,10.743208,60.77238875,51.22374075,0.15712148553647234,67.09,63.33,64.51,61.275000000000006,70.25,65.845,0,2,0,ca_underperformance,normal,statistical_only_retained,1.0,28.562329808765025,0.0,54.94,58.61,56.59,Medium,Medium,2,2,1,1,0,0,0,0,0,0,2,6,True,Medium
LTE-TP-EP-001363,542020041221088+20250828122542+Fiji-Nadi-LTE-DL-D!20250828121826,Fiji-Nadi-LTE-DL-D,2025-08-28 02:17:00+02:00,2025-08-28 02:17:02+02:00,3,-17.6044521,177.4522724,-17.6045529,177.4522566,183.0,40790.0,41.0,23.312113,25.686832,118.44779,95.135677,0.19681340614290904,62.84,60.89666666666667,63.52,61.169999999999995,69.2,60.56333333333333,0,3,0,rb_conditioned_underperformance,normal,statistical_only_retained,2.0,16.782016236166626,0.0,56.51,56.66,56.58,High,Medium,3,3,0,0,0,0,0,3,0,0,3,6,True,Medium
LTE-TP-EP-001765,542020041221088+20250828140337+Fiji-Nadi-LTE-DL-D!20250828140209,Fiji-Nadi-LTE-DL-D,2025-08-28 04:00:10+02:00,2025-08-28 04:00:11+02:00,2,-17.6077216,177.454771,-17.6077216,177.454771,183.0,40790.0,41.0,1.1968,1.21562,14.558229975288581,13.361429975288582,0.08220779600483516,66.29,64.94,61.98,61.485,71.56,69.16,0,2,0,rolling_local_drop,normal,statistical_only_retained,1.0,0.0,0.0,53.59,60.23,56.58,Medium,High,0,0,0,0,0,0,0,0,0,0,2,0,True,Medium
LTE-TP-EP-000938,542020041221088+20250827155633+Fiji-Nadi-LTE-DL-D!20250827154210,Fiji-Nadi-LTE-DL-D,2025-08-27 05:40:30+02:00,2025-08-27 05:40:30+02:00,1,-17.73908108,177.45831568,-17.73908108,177.45831568,487.0,41384.0,41.0,2.496072,2.496072,,,,69.59,69.59,91.26,91.26,43.11,43.11,0,1,0,radio_limited_degradation,normal,statistical_only_retained,0.0,0.03362860338860106,0.0,72.78,36.64,56.52,High,Low,0,0,0,0,0,0,0,0,0,0,1,0,False,Not handed off
LTE-TP-EP-001235,542020041221088+20250828114952+Fiji-Nadi-LTE-DL-D!20250828112430,Fiji-Nadi-LTE-DL-D,2025-08-28 01:22:28+02:00,2025-08-28 01:22:28+02:00,1,-17.60722854,177.46273071,-17.60722854,177.46273071,373.0,41384.0,41.0,3.25544,3.25544,,,,68.06,68.06,67.61,67.61,68.62,68.62,0,1,0,radio_limited_degradation,normal,statistical_only_retained,0.0,1.347149099654613,0.0,55.04,58.33,56.52,High,Medium,0,0,0,0,0,0,0,1,0,0,0,0,True,Medium
LTE-TP-EP-000781,542020041221088+20250827141150+Fiji-Nadi-LTE-DL-D!20250827140658,Fiji-Nadi-LTE-DL-D,2025-08-27 04:06:34+02:00,2025-08-27 04:06:34+02:00,1,-17.76467452,177.43984062,-17.76467452,177.43984062,136.0,40988.0,41.0,0.782576,0.782576,,,,69.97,69.97,97.26,97.26,36.62,36.62,0,1,0,radio_limited_degradation,normal,statistical_only_retained,0.0,0.1376438079913201,0.0,77.28,31.13,56.51,High,Low,0,0,0,0,0,0,0,1,1,1,1,0,False,Not handed off
LTE-TP-EP-001292,542020041221088+20250828121041+Fiji-Nadi-LTE-DL-D!20250828114409,Fiji-Nadi-LTE-DL-D,2025-08-28 01:43:27+02:00,2025-08-28 01:43:27+02:00,1,-17.60228039,177.45027282,-17.60228039,177.45027282,139.0,41186.0,41.0,17.055744,17.055744,105.7221075,88.6663635,0.16132618241648275,68.16,68.16,69.27,69.27,66.81,66.81,0,1,0,rb_conditioned_underperformance,normal,statistical_only_retained,0.0,8.727235831665867,0.0,56.29,56.79,56.51,High,Medium,1,1,0,0,0,0,0,1,0,0,1,2,True,Medium
LTE-TP-EP-000339,542020041221088+20250827122836+Fiji-Nadi-LTE-DL-D!20250827113757,Fiji-Nadi-LTE-DL-D,2025-08-27 01:36:49+02:00,2025-08-27 01:36:50+02:00,2,-17.77919885,177.42578082,-17.77920562,177.42579832,403.0,1850.0,3.0,1.15296,3.838736,28.458413120627824,21.933901120627823,0.07643733125561433,65.55,61.785,60.22,58.655,75.88,65.61,0,2,0,rolling_local_drop,normal,statistical_only_retained,1.0,3.125523284653009,0.0,52.06,61.93,56.5,Medium,High,0,0,0,0,0,0,0,2,0,0,2,0,True,Medium
LTE-TP-EP-001459,542020041221088+20250828124503+Fiji-Nadi-LTE-DL-D!20250828124436,Fiji-Nadi-LTE-DL-D,2025-08-28 02:44:13+02:00,2025-08-28 02:44:13+02:00,1,-17.63132452,177.4404842,-17.63132452,177.4404842,315.0,41384.0,41.0,5.685384,5.685384,41.62377388686387,35.938389886863874,0.1365898252151101,68.22,68.22,70.32,70.32,65.65,65.65,0,1,0,radio_limited_degradation,normal,statistical_only_retained,0.0,12.354049502271316,0.0,57.08,55.8,56.5,High,Medium,0,0,0,0,0,0,0,0,0,0,1,0,True,Medium
LTE-TP-EP-001003,542020041221088+20250827161154+Fiji-Nadi-LTE-DL-D!20250827160820,Fiji-Nadi-LTE-DL-D,2025-08-27 06:07:57+02:00,2025-08-27 06:07:57+02:00,1,-17.8133357,177.437331,-17.8133357,177.437331,148.0,41186.0,41.0,2.726656,2.726656,,,,69.49,69.49,90.46,90.46,43.87,43.87,0,1,0,radio_limited_degradation,normal,statistical_only_retained,0.0,3.5477399150519275,0.0,72.18,37.29,56.48,High,Low,0,0,0,0,0,0,0,0,0,0,1,0,False,Not handed off
LTE-TP-EP-001756,542020041221088+20250828140057+Fiji-Nadi-LTE-DL-D!20250828135741,Fiji-Nadi-LTE-DL-D,2025-08-28 03:57:38+02:00,2025-08-28 03:57:38+02:00,1,-17.6083465,177.4562407,-17.6083465,177.4562407,183.0,40790.0,41.0,2.596304,2.596304,,,,69.53,69.53,90.91,90.91,43.39,43.39,0,1,0,radio_limited_degradation,normal,statistical_only_retained,0.0,0.015361381924488476,0.0,72.52,36.88,56.48,High,Low,0,0,0,0,0,0,0,0,0,0,0,0,False,Not handed off
LTE-TP-EP-001681,542020041221088+20250828134436+Fiji-Nadi-LTE-DL-D!20250828133934,Fiji-Nadi-LTE-DL-D,2025-08-28 03:37:52+02:00,2025-08-28 03:37:54+02:00,3,-17.62166902,177.45539497,-17.62166902,177.45539497,231.0,41186.0,41.0,6.61968,6.946328,,,,65.75,64.32333333333334,76.83,76.02999999999999,52.21,50.01,0,3,0,radio_limited_degradation,normal,statistical_only_retained,2.0,0.00387992883520624,0.0,66.8,43.83,56.46,High,Medium,0,0,0,0,0,0,0,0,0,0,3,0,True,Medium
LTE-TP-EP-000705,542020041221088+20250827135949+Fiji-Nadi-LTE-DL-D!20250827134144,Fiji-Nadi-LTE-DL-D,2025-08-27 03:40:57+02:00,2025-08-27 03:40:57+02:00,1,-17.7743891,177.4078267,-17.7743891,177.4078267,135.0,40790.0,41.0,37.642494,37.642494,118.44779,80.805296,0.3177981961503883,67.24,67.24,56.46,56.46,80.41,80.41,0,1,0,rb_conditioned_underperformance,normal,statistical_only_retained,0.0,8.601306089603838,0.0,46.68,68.35,56.43,Medium,High,1,1,0,0,0,0,0,0,0,0,1,2,True,Medium
LTE-TP-EP-000145,542020041221088+20250827104126+Fiji-Nadi-LTE-DL-D!20250827104054,Fiji-Nadi-LTE-DL-D,2025-08-27 00:40:25+02:00,2025-08-27 00:40:26+02:00,2,-17.80575111,177.42819138,-17.8057521,177.4281295,395.0,41186.0,41.0,1.009376,1.27342,17.515739313676853,16.431481826505017,0.05787421754370608,66.31,65.39500000000001,67.51,66.325,64.85,64.25999999999999,0,2,0,rolling_local_drop,normal,statistical_only_retained,1.0,10.985389539996225,0.0,57.6,54.97,56.42,High,Medium,0,0,0,0,0,0,0,0,0,0,0,0,True,Medium
LTE-TP-EP-000830,542020041221088+20250827151132+Fiji-Nadi-LTE-DL-D!20250827151053,Fiji-Nadi-LTE-DL-D,2025-08-27 05:10:03+02:00,2025-08-27 05:10:03+02:00,1,-17.75388621,177.4528601,-17.75388621,177.4528601,115.0,9310.0,28.0,49.119793,49.119793,138.45918006626118,89.33938706626118,0.3547601031328741,67.68,67.68,63.44,63.44,72.86,72.86,0,1,0,radio_limited_degradation,normal,statistical_only_retained,0.0,2.9786425092782824,0.0,51.92,61.93,56.42,Medium,High,0,0,0,0,0,0,0,0,0,0,1,0,True,Medium
LTE-TP-EP-001324,542020041221088+20250828121902+Fiji-Nadi-LTE-DL-D!20250828120130,Fiji-Nadi-LTE-DL-D,2025-08-28 02:01:27+02:00,2025-08-28 02:01:28+02:00,2,-17.6046294,177.4530047,-17.6046294,177.4530047,183.0,41384.0,41.0,2.547392,5.115184,37.35406292738955,29.67108692738955,0.0890741885849638,67.21,63.769999999999996,71.72,67.155,61.7,59.635000000000005,0,2,0,rolling_local_drop,normal,statistical_only_retained,1.0,0.0,0.0,60.08,51.93,56.41,High,Medium,0,0,0,0,0,0,0,0,0,0,0,0,True,Medium
LTE-TP-EP-000519,542020041221088+20250827132825+Fiji-Nadi-LTE-DL-D!20250827122826,Fiji-Nadi-LTE-DL-D,2025-08-27 02:26:56+02:00,2025-08-27 02:26:56+02:00,1,-17.8070401,177.4181157,-17.8070401,177.4181157,149.0,41384.0,41.0,17.803633,17.803633,72.03923235135426,54.23559935135425,0.24713801659027967,67.45,67.45,60.36,60.36,76.12,76.12,0,1,0,sudden_drop,normal,statistical_only_retained,0.0,0.0,0.0,49.61,64.7,56.4,Medium,High,0,0,0,0,0,0,0,0,0,0,1,0,True,Medium
LTE-TP-EP-000346,542020041221088+20250827123136+Fiji-Nadi-LTE-DL-D!20250827114007,Fiji-Nadi-LTE-DL-D,2025-08-27 01:38:11+02:00,2025-08-27 01:38:13+02:00,3,-17.78254998,177.42190517,-17.7827113,177.4215784,133.0,41186.0,41.0,0.015528,0.168048,105.7221075,62.43094750000001,0.0015505846638804478,65.5,60.28,63.22,56.15333333333333,68.67,65.32666666666667,0,3,0,rb_conditioned_underperformance,normal,statistical_only_retained,2.0,52.20256016005596,0.0,55.34,57.53,56.33,High,Medium,0,1,0,0,0,0,0,3,0,0,3,1,True,Medium
LTE-TP-EP-000463,542020041221088+20250827131523+Fiji-Nadi-LTE-DL-D!20250827120845,Fiji-Nadi-LTE-DL-D,2025-08-27 02:07:31+02:00,2025-08-27 02:07:31+02:00,1,-17.78366831,177.38833223,-17.78366831,177.38833223,138.0,1850.0,3.0,0.651152,0.651152,,,,68.43,68.43,76.72,76.72,58.3,58.3,0,1,0,radio_limited_degradation,normal,statistical_only_retained,0.0,13.427547972367464,0.0,61.88,49.55,56.33,High,Medium,0,0,0,0,0,0,0,1,0,0,1,0,True,Medium
LTE-TP-EP-000950,542020041221088+20250827155853+Fiji-Nadi-LTE-DL-D!20250827154409,Fiji-Nadi-LTE-DL-D,2025-08-27 05:43:29+02:00,2025-08-27 05:43:31+02:00,3,-17.7477824,177.455605,-17.7479607,177.4555427,50.0,40790.0,41.0,11.536144,16.751753,83.886915,67.13516200000001,0.18545848403053744,65.1,61.27333333333333,60.98,56.26333333333333,70.14,67.39999999999999,0,3,0,rb_conditioned_underperformance,normal,statistical_only_retained,2.0,29.981540772110403,0.0,54.13,58.93,56.29,Medium,Medium,3,3,0,0,1,1,0,0,0,0,0,8,True,Medium
LTE-TP-EP-001013,542020041221088+20250827161234+Fiji-Nadi-LTE-DL-D!20250827161029,Fiji-Nadi-LTE-DL-D,2025-08-27 06:09:08+02:00,2025-08-27 06:09:08+02:00,1,-17.8150051,177.4388001,-17.8150051,177.4388001,332.0,1850.0,3.0,3.07332,3.07332,,,,69.17,69.17,89.24,89.24,44.63,44.63,0,1,0,radio_limited_degradation,normal,statistical_only_retained,0.0,1.2535667560372308,0.0,71.27,37.94,56.27,High,Low,0,0,0,0,0,0,0,1,0,0,1,0,False,Not handed off
LTE-TP-EP-001131,542020041221088+20250828105207+Fiji-Nadi-LTE-DL-D!20250828105141,Fiji-Nadi-LTE-DL-D,2025-08-28 00:49:53+02:00,2025-08-28 00:49:53+02:00,1,-17.6488646,177.4449649,-17.6488646,177.4449649,163.0,40790.0,41.0,9.968776,9.968776,62.78936377699708,52.82058777699708,0.15876536088827303,68.01,68.01,71.75,71.75,63.43,63.43,0,1,0,sudden_drop,normal,statistical_only_retained,0.0,4.025787108152726,0.0,58.15,53.92,56.24,High,Medium,0,0,0,0,0,0,0,0,0,0,1,0,True,Medium
LTE-TP-EP-001290,542020041221088+20250828121041+Fiji-Nadi-LTE-DL-D!20250828114409,Fiji-Nadi-LTE-DL-D,2025-08-28 01:42:59+02:00,2025-08-28 01:42:59+02:00,1,-17.60346942,177.45108363,-17.60346942,177.45108363,139.0,41186.0,41.0,16.477743,16.477743,103.734363,87.25662,0.1588455601737295,67.88,67.88,70.14,70.14,65.12,65.12,0,1,0,rb_conditioned_underperformance,normal,statistical_only_retained,0.0,0.667895593039325,0.0,56.94,55.35,56.23,High,Medium,1,1,0,0,0,0,0,1,0,0,1,2,True,Medium
LTE-TP-EP-001885,542020041221088+20250828143139+Fiji-Nadi-LTE-DL-D!20250828143127,Fiji-Nadi-LTE-DL-D,2025-08-28 04:29:54+02:00,2025-08-28 04:29:54+02:00,1,-17.60870176,177.44019792,-17.60870176,177.44019792,168.0,40988.0,41.0,1.313768,1.313768,,,,67.57,67.57,65.4,65.4,70.23,70.23,0,1,0,rb_efficiency_underperformance,normal,statistical_only_retained,0.0,0.08278786948753149,0.0,53.39,59.7,56.23,Medium,Medium,0,0,1,0,0,0,0,1,1,1,1,1,True,Medium
LTE-TP-EP-000521,542020041221088+20250827132825+Fiji-Nadi-LTE-DL-D!20250827122826,Fiji-Nadi-LTE-DL-D,2025-08-27 02:27:40+02:00,2025-08-27 02:27:41+02:00,2,-17.8070401,177.4181157,-17.8070401,177.4181157,149.0,41384.0,41.0,38.774494,39.242507,121.14346,82.368966,0.320070881251039,65.01,64.765,56.33,56.105000000000004,76.17,75.355,0,2,0,radio_p75_underperformance,normal,statistical_only_retained,1.0,0.0,0.0,49.41,64.54,56.22,Medium,High,2,0,0,0,0,0,0,0,0,0,0,2,True,Medium
LTE-TP-EP-001568,542020041221088+20250828131005+Fiji-Nadi-LTE-DL-D!20250828130912,Fiji-Nadi-LTE-DL-D,2025-08-28 03:08:42+02:00,2025-08-28 03:08:42+02:00,1,-17.6284322,177.4599187,-17.6284322,177.4599187,255.0,40988.0,41.0,13.4404955,13.4404955,50.86588554140148,37.425390041401485,0.2642339823035288,67.01,67.01,57.2,57.2,79.0,79.0,0,1,0,ca_underperformance,ml_hgb_strict_causal_temporal_underperformance,statistical_only_retained,0.0,7.0902772973986306,0.0,47.24,67.15,56.2,Medium,High,1,1,0,1,0,0,1,1,0,0,1,4,True,Medium
LTE-TP-EP-000112,542020041221088+20250827102926+Fiji-Nadi-LTE-DL-D!20250827102813,Fiji-Nadi-LTE-DL-D,2025-08-27 00:27:34+02:00,2025-08-27 00:27:35+02:00,2,-17.8134583,177.4351087,-17.81350285,177.43513655,469.0,1850.0,3.0,2.749328,3.684068,,,,68.27,64.555,90.38,87.10499999999999,41.24,36.985,0,2,0,radio_limited_degradation,normal,statistical_only_retained,1.0,10.629909355521304,0.0,74.34,33.99,56.18,High,Low,0,0,0,0,0,0,0,2,0,0,2,0,False,Not handed off
LTE-TP-EP-001444,542020041221088+20250828124303+Fiji-Nadi-LTE-DL-D!20250828124223,Fiji-Nadi-LTE-DL-D,2025-08-28 02:41:26+02:00,2025-08-28 02:41:26+02:00,1,-17.62107195,177.43743074,-17.62107195,177.43743074,169.0,356.0,1.0,4.713208,4.713208,,,,68.1,68.1,74.5,74.5,60.27,60.27,0,1,0,radio_limited_degradation,normal,statistical_only_retained,0.0,0.06839704943507792,0.0,60.21,51.23,56.17,High,Medium,0,0,0,0,0,0,0,0,0,0,1,0,True,Medium
LTE-TP-EP-000686,542020041221088+20250827135549+Fiji-Nadi-LTE-DL-D!20250827133724,Fiji-Nadi-LTE-DL-D,2025-08-27 03:36:19+02:00,2025-08-27 03:36:21+02:00,3,-17.7855794,177.4234451,-17.78552482,177.42338007,133.0,41186.0,41.0,22.700808,23.960615,105.7221075,83.02129950000001,0.21472148575925804,65.45,59.21333333333333,62.47,59.07666666666666,69.94,59.379999999999995,0,3,0,rb_conditioned_underperformance,normal,statistical_only_retained,2.0,28.81215880104112,0.0,55.51,56.81,56.1,High,Medium,3,2,0,0,0,0,0,0,0,0,1,5,True,Medium
LTE-TP-EP-000690,542020041221088+20250827135649+Fiji-Nadi-LTE-DL-D!20250827133934,Fiji-Nadi-LTE-DL-D,2025-08-27 03:38:04+02:00,2025-08-27 03:38:04+02:00,1,-17.78334198,177.41695203,-17.78334198,177.41695203,133.0,41384.0,41.0,10.8678,10.8678,40.18353793605673,29.315737936056728,0.2704540356126361,66.84,66.84,56.24,56.24,79.79,79.79,0,1,0,sudden_drop,normal,statistical_only_retained,0.0,0.1573455075948771,0.0,46.52,67.82,56.1,Medium,High,0,0,0,0,0,0,0,0,0,0,1,0,True,Medium
LTE-TP-EP-000471,542020041221088+20250827131624+Fiji-Nadi-LTE-DL-D!20250827121056,Fiji-Nadi-LTE-DL-D,2025-08-27 02:09:16+02:00,2025-08-27 02:09:17+02:00,2,-17.79407363,177.39503179,-17.79417737,177.39507208,140.0,356.0,1.0,4.12136,5.229056,18.13893575,14.017575750000002,0.22721068406673195,56.38,55.295,77.82,63.209999999999994,61.07,45.625,0,2,0,ca_underperformance,normal,statistical_only_retained,1.0,25.877826918287635,0.0,62.65,48.05,56.08,High,Medium,0,1,1,1,0,0,0,2,0,0,2,3,True,Medium
LTE-TP-EP-000438,542020041221088+20250827130936+Fiji-Nadi-LTE-DL-D!20250827120414,Fiji-Nadi-LTE-DL-D,2025-08-27 02:02:13+02:00,2025-08-27 02:02:13+02:00,1,-17.7728196,177.3803382,-17.7728196,177.3803382,155.0,500.0,1.0,74.57501,74.57501,227.81928,153.24426999999997,0.3273428394646845,66.79,66.79,55.91,55.91,80.08,80.08,0,1,0,rb_conditioned_underperformance,ml_quantile_p75_resource_underperformance,statistical_only_retained,0.0,,0.0,46.27,68.07,56.08,Medium,High,1,1,0,0,1,0,0,0,0,0,1,3,True,Medium
LTE-TP-EP-001236,542020041221088+20250828114952+Fiji-Nadi-LTE-DL-D!20250828112430,Fiji-Nadi-LTE-DL-D,2025-08-28 01:22:57+02:00,2025-08-28 01:22:57+02:00,1,-17.6071464,177.4613387,-17.6071464,177.4613387,375.0,500.0,1.0,10.049688,10.049688,59.31967,49.269982,0.16941577726241563,67.19,67.19,62.19,62.19,73.3,73.3,0,1,0,ca_underperformance,normal,statistical_only_retained,0.0,0.5697687808397941,0.0,50.98,62.3,56.08,Medium,High,1,1,0,1,0,0,0,1,0,0,1,3,True,Medium
LTE-TP-EP-001809,542020041221088+20250828140938+Fiji-Nadi-LTE-DL-D!20250828140855,Fiji-Nadi-LTE-DL-D,2025-08-28 04:08:02+02:00,2025-08-28 04:08:02+02:00,1,-17.6094743,177.4536902,-17.6094743,177.4536902,182.0,40988.0,41.0,8.363496,8.363496,65.36004299999999,56.99654699999999,0.12796038093181794,67.73,67.73,70.58,70.58,64.25,64.25,0,1,0,ca_underperformance,normal,statistical_only_retained,0.0,20.291710562813602,0.0,57.27,54.61,56.07,High,Medium,1,1,1,1,0,0,0,1,0,0,1,4,True,Medium
LTE-TP-EP-001463,542020041221088+20250828124723+Fiji-Nadi-LTE-DL-D!20250828124651,Fiji-Nadi-LTE-DL-D,2025-08-28 02:45:18+02:00,2025-08-28 02:45:19+02:00,2,-17.63169419,177.44523896,-17.6318041,177.4454593,314.0,41384.0,41.0,3.364392,4.07212,24.20749179827681,20.84309979827681,0.13898143715324904,63.49,61.325,64.11,60.94,70.47,61.785,0,2,0,rolling_local_drop,normal,statistical_only_retained,1.0,39.55730087022552,0.0,54.65,57.73,56.04,Medium,Medium,0,0,0,0,0,0,0,2,0,0,2,0,True,Medium
LTE-TP-EP-000535,542020041221088+20250827133105+Fiji-Nadi-LTE-DL-D!20250827124329,Fiji-Nadi-LTE-DL-D,2025-08-27 02:43:22+02:00,2025-08-27 02:43:22+02:00,1,-17.8056849,177.4149043,-17.8056849,177.4149043,144.0,41384.0,41.0,3.360608,3.360608,21.460382485934065,18.099774485934066,0.15659590420639835,67.3,67.3,64.57,64.57,70.63,70.63,0,1,0,sudden_drop,normal,statistical_only_retained,0.0,0.0,0.0,52.76,60.04,56.04,Medium,High,0,0,0,0,0,0,0,0,0,0,0,0,True,Medium
LTE-TP-EP-001333,542020041221088+20250828122241+Fiji-Nadi-LTE-DL-D!20250828121359,Fiji-Nadi-LTE-DL-D,2025-08-28 02:12:26+02:00,2025-08-28 02:12:26+02:00,1,-17.6033721,177.4529783,-17.6033721,177.4529783,184.0,40988.0,41.0,0.987024,0.987024,13.317592203594197,12.330568203594197,0.0741142982087722,67.2,67.2,63.27,63.27,72.0,72.0,0,1,0,sudden_drop,normal,statistical_only_retained,0.0,0.011119508138052268,0.0,51.79,61.2,56.02,Medium,High,0,0,0,0,0,0,0,0,0,0,1,0,True,Medium
LTE-TP-EP-001189,542020041221088+20250828113831+Fiji-Nadi-LTE-DL-D!20250828110657,Fiji-Nadi-LTE-DL-D,2025-08-28 01:04:56+02:00,2025-08-28 01:04:56+02:00,1,-17.63500381,177.47826345,-17.63500381,177.47826345,377.0,356.0,1.0,0.79144,0.79144,,,,68.8,68.8,88.23,88.23,45.05,45.05,0,1,0,radio_limited_degradation,normal,statistical_only_retained,0.0,7.87530717499388,0.0,70.51,38.29,56.01,High,Low,0,0,0,0,0,0,0,1,0,0,1,0,False,Not handed off
LTE-TP-EP-001668,542020041221088+20250828134116+Fiji-Nadi-LTE-DL-D!20250828133502,Fiji-Nadi-LTE-DL-D,2025-08-28 03:33:30+02:00,2025-08-28 03:33:30+02:00,1,-17.61493761,177.46398202,-17.61493761,177.46398202,179.0,40988.0,41.0,0.013168,0.013168,,,,67.62,67.62,69.95,69.95,64.77,64.77,0,1,0,radio_limited_degradation,normal,statistical_only_retained,0.0,0.05232085165566526,0.0,56.8,55.05,56.01,High,Medium,0,0,0,0,0,0,0,1,0,0,1,0,True,Medium
LTE-TP-EP-001019,542020041221088+20250827161234+Fiji-Nadi-LTE-DL-D!20250827161029,Fiji-Nadi-LTE-DL-D,2025-08-27 06:10:03+02:00,2025-08-27 06:10:03+02:00,1,-17.81437508,177.44222156,-17.81437508,177.44222156,148.0,41186.0,41.0,5.963584,5.963584,41.037212749999995,35.07362875,0.145321370540693,67.0,67.0,61.61,61.61,73.59,73.59,0,1,0,ca_underperformance,normal,statistical_only_retained,0.0,5.5284483397077375,0.0,50.54,62.55,55.95,Medium,High,1,1,1,1,0,0,0,1,0,0,1,4,True,Medium
LTE-TP-EP-000007,542020041221088+20250827094505+Fiji-Nadi-LTE-DL-D!20250827094151,Fiji-Nadi-LTE-DL-D,2025-08-26 23:41:14+02:00,2025-08-26 23:41:14+02:00,1,-17.8159711,177.3955937,-17.8159711,177.3955937,288.0,40790.0,41.0,0.025384,0.025384,,,,67.5,67.5,69.91,69.91,64.56,64.56,0,1,0,radio_limited_degradation,normal,statistical_only_retained,0.0,0.0,0.0,56.77,54.88,55.92,High,Medium,0,0,0,0,0,0,0,0,0,0,0,0,True,Medium
LTE-TP-EP-000516,542020041221088+20250827132825+Fiji-Nadi-LTE-DL-D!20250827122826,Fiji-Nadi-LTE-DL-D,2025-08-27 02:26:34+02:00,2025-08-27 02:26:34+02:00,1,-17.8070401,177.4181157,-17.8070401,177.4181157,149.0,41384.0,41.0,39.066513,39.066513,127.7335491906561,88.6670361906561,0.305843791607865,66.69,66.69,57.16,57.16,78.33,78.33,0,1,0,rb_conditioned_underperformance,ml_quantile_p75_resource_underperformance,statistical_only_retained,0.0,,0.0,47.21,66.58,55.92,Medium,High,1,1,0,0,1,0,0,0,0,0,1,3,True,Medium
LTE-TP-EP-001317,542020041221088+20250828121902+Fiji-Nadi-LTE-DL-D!20250828120130,Fiji-Nadi-LTE-DL-D,2025-08-28 01:59:40+02:00,2025-08-28 01:59:40+02:00,1,-17.604083,177.4523574,-17.604083,177.4523574,183.0,41384.0,41.0,4.868656,4.868656,30.92282517154082,26.05416917154082,0.15744538129979035,67.23,67.23,65.88,65.88,68.88,68.88,0,1,0,sudden_drop,normal,statistical_only_retained,0.0,0.035001787671964914,0.0,53.75,58.55,55.91,Medium,Medium,0,0,0,0,0,0,0,0,0,0,0,0,True,Medium
LTE-TP-EP-001955,542020041221088+20250828154002+Fiji-Nadi-LTE-DL-D!20250828153143,Fiji-Nadi-LTE-DL-D,2025-08-28 05:30:04+02:00,2025-08-28 05:30:05+02:00,2,-17.6873743,177.4105758,-17.6874345,177.4106138,157.0,1850.0,3.0,0.181616,0.465144,12.952727724223925,12.771111724223925,0.014021448135618994,65.29,64.84,67.38,66.25,63.5,63.114999999999995,0,2,0,radio_limited_degradation,normal,statistical_only_retained,1.0,16.586920976819982,0.0,57.51,53.88,55.88,High,Medium,0,0,0,0,0,0,0,2,0,2,2,0,True,Medium
LTE-TP-EP-001250,542020041221088+20250828115533+Fiji-Nadi-LTE-DL-D!20250828113110,Fiji-Nadi-LTE-DL-D,2025-08-28 01:29:29+02:00,2025-08-28 01:29:29+02:00,1,-17.60317044,177.45805008,-17.60317044,177.45805008,187.0,1850.0,3.0,40.254658,40.254658,135.5693,95.31464199999999,0.2969304849991849,66.66,66.66,57.68,57.68,77.64,77.64,0,1,0,rb_conditioned_underperformance,normal,statistical_only_retained,0.0,0.06337078168408647,0.0,47.6,65.99,55.88,Medium,High,1,1,0,0,0,0,0,0,0,0,0,2,True,Medium
LTE-TP-EP-001696,542020041221088+20250828134616+Fiji-Nadi-LTE-DL-D!20250828134149,Fiji-Nadi-LTE-DL-D,2025-08-28 03:41:38+02:00,2025-08-28 03:41:38+02:00,1,-17.61487487,177.44595748,-17.61487487,177.44595748,232.0,41384.0,41.0,0.669776,0.669776,,,,67.29,67.29,67.66,67.66,66.84,66.84,0,1,0,radio_limited_degradation,normal,statistical_only_retained,0.0,14.821524852943124,0.0,55.08,56.81,55.86,High,Medium,0,0,0,0,0,0,0,1,0,0,1,0,True,Medium
LTE-TP-EP-000677,542020041221088+20250827135348+Fiji-Nadi-LTE-DL-D!20250827133514,Fiji-Nadi-LTE-DL-D,2025-08-27 03:34:09+02:00,2025-08-27 03:34:10+02:00,2,-17.7926452,177.4222949,-17.7926387,177.42230097,132.0,9310.0,28.0,2.87268,3.08566,,,,67.08,66.27,89.95,89.2,39.13,38.25,0,2,0,radio_limited_degradation,normal,statistical_only_retained,1.0,8.073116989843612,0.0,74.52,33.04,55.85,High,Low,0,0,0,0,0,0,0,0,0,0,2,0,False,Not handed off
LTE-TP-EP-001322,542020041221088+20250828121902+Fiji-Nadi-LTE-DL-D!20250828120130,Fiji-Nadi-LTE-DL-D,2025-08-28 02:01:01+02:00,2025-08-28 02:01:01+02:00,1,-17.6046294,177.4530047,-17.6046294,177.4530047,183.0,41384.0,41.0,12.318048,12.318048,50.118664452982046,37.80061645298205,0.24577765857180736,66.73,66.73,59.33,59.33,75.78,75.78,0,1,0,sudden_drop,normal,statistical_only_retained,0.0,0.0,0.0,48.83,64.41,55.84,Medium,High,0,0,0,0,0,0,0,0,0,0,0,0,True,Medium
LTE-TP-EP-000967,542020041221088+20250827160614+Fiji-Nadi-LTE-DL-D!20250827155934,Fiji-Nadi-LTE-DL-D,2025-08-27 05:57:45+02:00,2025-08-27 05:57:46+02:00,2,-17.8002265,177.4522152,-17.80022782,177.45221511,470.0,40790.0,41.0,0.608832,4.988944,49.4498,40.080744,0.06669110004833348,66.52,61.519999999999996,64.48,60.88,69.01,62.300000000000004,0,2,0,ca_underperformance,normal,statistical_only_retained,1.0,5.613532626472296,0.0,54.85,56.98,55.81,Medium,Medium,1,1,1,1,0,0,0,2,0,0,2,4,True,Medium
LTE-TP-EP-001869,542020041221088+20250828142038+Fiji-Nadi-LTE-DL-D!20250828142010,Fiji-Nadi-LTE-DL-D,2025-08-28 04:18:15+02:00,2025-08-28 04:18:15+02:00,1,-17.6085041,177.4612125,-17.6085041,177.4612125,375.0,500.0,1.0,2.779424,2.779424,,,,68.12,68.12,81.27,81.27,52.04,52.04,0,1,0,radio_limited_degradation,normal,statistical_only_retained,0.0,25.41967782768829,0.0,65.29,44.23,55.81,High,Medium,0,0,0,0,0,0,0,0,0,0,1,0,True,Medium
LTE-TP-EP-000500,542020041221088+20250827131944+Fiji-Nadi-LTE-DL-D!20250827121729,Fiji-Nadi-LTE-DL-D,2025-08-27 02:16:04+02:00,2025-08-27 02:16:04+02:00,1,-17.7979367,177.4160185,-17.7979367,177.4160185,146.0,41186.0,41.0,0.64104,0.64104,17.83817523223547,17.19713523223547,0.035936411188604814,67.25,67.25,68.07,68.07,66.24,66.24,0,1,0,sudden_drop,normal,statistical_only_retained,0.0,14.798965144222077,0.0,55.39,56.3,55.8,High,Medium,0,0,0,0,0,0,0,1,0,0,1,0,True,Medium
LTE-TP-EP-001648,542020041221088+20250828133816+Fiji-Nadi-LTE-DL-D!20250828132818,Fiji-Nadi-LTE-DL-D,2025-08-28 03:27:13+02:00,2025-08-28 03:27:15+02:00,3,-17.6146891,177.465172,-17.6145372,177.4651428,179.0,40790.0,41.0,3.82112,4.147664,,,,65.3,64.72,86.63,85.66333333333334,39.36,39.11666666666667,0,3,0,radio_limited_degradation,normal,statistical_only_retained,2.0,34.7351171483168,0.0,74.12,33.4,55.79,High,Low,0,0,0,0,0,0,0,2,0,0,3,0,False,Not handed off
LTE-TP-EP-000342,542020041221088+20250827122836+Fiji-Nadi-LTE-DL-D!20250827113757,Fiji-Nadi-LTE-DL-D,2025-08-27 01:36:59+02:00,2025-08-27 01:36:59+02:00,1,-17.77939443,177.42645086,-17.77939443,177.42645086,394.0,41384.0,41.0,8.396064,8.396064,60.15991375,51.76384975,0.13956243412998579,67.18,67.18,67.25,67.25,67.1,67.1,0,1,0,ca_underperformance,normal,statistical_only_retained,0.0,9.583627532462316,0.0,54.77,57.03,55.79,Medium,Medium,1,1,1,1,0,0,0,1,0,0,1,4,True,Medium
LTE-TP-EP-000609,542020041221088+20250827134427+Fiji-Nadi-LTE-DL-D!20250827131213,Fiji-Nadi-LTE-DL-D,2025-08-27 03:10:54+02:00,2025-08-27 03:10:54+02:00,1,-17.77860553,177.43105841,-17.77860553,177.43105841,129.0,41186.0,41.0,10.52596,10.52596,70.787155,60.261195,0.1486987293104236,67.23,67.23,68.3,68.3,65.93,65.93,0,1,0,ca_underperformance,normal,statistical_only_retained,0.0,3.7612250324617045,0.0,55.56,56.04,55.78,High,Medium,1,1,0,1,0,0,0,1,0,0,1,3,True,Medium
LTE-TP-EP-000901,542020041221088+20250827152632+Fiji-Nadi-LTE-DL-D!20250827152422,Fiji-Nadi-LTE-DL-D,2025-08-27 05:23:27+02:00,2025-08-27 05:23:28+02:00,2,-17.7415263,177.4430388,-17.74152634,177.44303864,120.0,40790.0,41.0,6.852768,9.7794,83.886915,71.180883,0.13858029759473242,63.35,63.125,70.87,67.76,60.77,57.465,0,2,0,ca_underperformance,normal,statistical_only_retained,1.0,7.024537369156185,0.0,59.74,50.83,55.73,High,Medium,2,2,1,2,0,0,0,2,0,0,2,7,True,Medium
LTE-TP-EP-001206,542020041221088+20250828114132+Fiji-Nadi-LTE-DL-D!20250828111120,Fiji-Nadi-LTE-DL-D,2025-08-28 01:10:40+02:00,2025-08-28 01:10:40+02:00,1,-17.61104056,177.47231003,-17.61104056,177.47231003,179.0,500.0,1.0,53.297768,53.297768,176.8458,123.548032,0.3013798914082212,66.47,66.47,57.42,57.42,77.53,77.53,0,1,0,radio_p75_underperformance,normal,statistical_only_retained,0.0,13.757085087527917,0.0,47.4,65.9,55.73,Medium,High,1,0,0,0,0,0,0,0,0,0,0,1,True,Medium
LTE-TP-EP-001144,542020041221088+20250828105628+Fiji-Nadi-LTE-DL-D!20250828105605,Fiji-Nadi-LTE-DL-D,2025-08-28 00:55:24+02:00,2025-08-28 00:55:24+02:00,1,-17.6505907,177.4450875,-17.6505907,177.4450875,163.0,41384.0,41.0,6.929784,6.929784,41.528662145514886,34.59887814551489,0.16686749926396122,67.04,67.04,67.12,67.12,66.95,66.95,0,1,0,sudden_drop,normal,statistical_only_retained,0.0,11.681796768922894,0.0,54.68,56.91,55.68,Medium,Medium,0,0,0,0,0,0,0,0,0,0,1,0,True,Medium
LTE-TP-EP-001133,542020041221088+20250828105207+Fiji-Nadi-LTE-DL-D!20250828105141,Fiji-Nadi-LTE-DL-D,2025-08-28 00:50:09+02:00,2025-08-28 00:50:11+02:00,3,-17.64895083,177.44526633,-17.6489669,177.4453575,163.0,40790.0,41.0,0.612136,0.75292,9.712533967702592,9.096785957367281,0.06304881249308032,63.3,62.623333333333335,57.22,56.50666666666666,70.74,70.09666666666666,0,3,0,rolling_local_drop,normal,statistical_only_retained,2.0,9.878338854011272,0.0,52.11,59.97,55.65,Medium,Medium,0,0,0,0,0,0,0,0,0,0,3,0,True,Medium
LTE-TP-EP-000488,542020041221088+20250827131704+Fiji-Nadi-LTE-DL-D!20250827121308,Fiji-Nadi-LTE-DL-D,2025-08-27 02:12:07+02:00,2025-08-27 02:12:07+02:00,1,-17.7968343,177.4070941,-17.7968343,177.4070941,363.0,40790.0,41.0,6.428536,6.428536,49.4498,43.021264,0.13000125379677976,66.93,66.93,65.89,65.89,68.2,68.2,0,1,0,ca_underperformance,normal,statistical_only_retained,0.0,0.0,0.0,53.75,57.97,55.65,Medium,Medium,1,1,1,1,0,0,0,1,1,1,1,4,True,Medium
LTE-TP-EP-001521,542020041221088+20250828125844+Fiji-Nadi-LTE-DL-D!20250828125759,Fiji-Nadi-LTE-DL-D,2025-08-28 02:56:05+02:00,2025-08-28 02:56:06+02:00,2,-17.63197855,177.45602297,-17.6319095,177.4560004,275.0,40988.0,41.0,0.045584,1.9503599999999999,9.97080164985051,9.92521764985051,0.00457174875208589,65.62,62.480000000000004,61.59,59.05,70.55,66.68,0,2,0,rb_efficiency_underperformance,normal,statistical_only_retained,1.0,8.366384558596886,0.0,52.89,59.0,55.64,Medium,Medium,0,0,1,0,0,0,0,2,0,0,2,1,True,Medium
LTE-TP-EP-000436,542020041221088+20250827124038+Fiji-Nadi-LTE-DL-D!20250827115945,Fiji-Nadi-LTE-DL-D,2025-08-27 01:59:05+02:00,2025-08-27 01:59:05+02:00,1,-17.77313647,177.37702199,-17.77313647,177.37702199,155.0,500.0,1.0,22.374184,22.374184,68.20453325212202,45.83034925212202,0.32804540890694944,65.92,65.92,51.02,51.02,84.12,84.12,0,1,0,rb_conditioned_underperformance,ml_quantile_p75_resource_underperformance,statistical_only_retained,0.0,10.961460658893056,0.0,42.6,71.5,55.61,Medium,High,0,1,0,0,1,0,0,1,0,0,1,2,True,Medium
LTE-TP-EP-000532,542020041221088+20250827133105+Fiji-Nadi-LTE-DL-D!20250827124329,Fiji-Nadi-LTE-DL-D,2025-08-27 02:43:05+02:00,2025-08-27 02:43:05+02:00,1,-17.80568759,177.41490368,-17.80568759,177.41490368,144.0,41384.0,41.0,16.4888,16.4888,78.06344,61.57464,0.2112230770255577,66.36,66.36,57.85,57.85,76.77,76.77,0,1,0,rb_conditioned_underperformance,ml_hgb_strict_causal_temporal_underperformance,statistical_only_retained,0.0,0.0349981864991358,0.0,47.72,65.25,55.61,Medium,High,1,1,0,0,0,0,1,0,0,0,1,3,True,Medium
LTE-TP-EP-001726,542020041221088+20250828135237+Fiji-Nadi-LTE-DL-D!20250828135054,Fiji-Nadi-LTE-DL-D,2025-08-28 03:49:00+02:00,2025-08-28 03:49:00+02:00,1,-17.614282,177.4521009,-17.614282,177.4521009,232.0,41384.0,41.0,0.81876,0.81876,14.263107964798317,13.444347964798318,0.05740403858827394,66.71,66.71,64.6,64.6,69.29,69.29,0,1,0,sudden_drop,normal,statistical_only_retained,0.0,13.593657605561466,0.0,52.79,58.9,55.54,Medium,Medium,0,0,0,0,0,0,0,1,0,0,1,0,True,Medium
LTE-TP-EP-000273,542020041221088+20250827114430+Fiji-Nadi-LTE-DL-D!20250827111604,Fiji-Nadi-LTE-DL-D,2025-08-27 01:15:34+02:00,2025-08-27 01:15:34+02:00,1,-17.7594612,177.4588937,-17.7594612,177.4588937,116.0,40790.0,41.0,6.233856,6.233856,49.4498,43.215944,0.12606433190831914,66.81,66.81,66.46,66.46,67.23,67.23,0,1,0,ca_underperformance,normal,statistical_only_retained,0.0,10.108506536801006,0.0,54.18,57.15,55.52,Medium,Medium,1,1,1,1,0,0,0,1,0,0,1,4,True,Medium
LTE-TP-EP-001169,542020041221088+20250828113551+Fiji-Nadi-LTE-DL-D!20250828110238,Fiji-Nadi-LTE-DL-D,2025-08-28 01:02:12+02:00,2025-08-28 01:02:12+02:00,1,-17.6388243,177.4653523,-17.6388243,177.4653523,165.0,40790.0,41.0,1.611864,1.611864,,,,68.03,68.03,85.36,85.36,46.85,46.85,0,1,0,radio_limited_degradation,normal,statistical_only_retained,0.0,20.33420547628004,0.0,68.36,39.82,55.52,High,Low,0,0,0,0,0,0,0,0,0,0,1,0,False,Not handed off
LTE-TP-EP-001697,542020041221088+20250828134616+Fiji-Nadi-LTE-DL-D!20250828134149,Fiji-Nadi-LTE-DL-D,2025-08-28 03:41:47+02:00,2025-08-28 03:41:47+02:00,1,-17.61384655,177.44671507,-17.61384655,177.44671507,232.0,41384.0,41.0,2.490376,2.490376,,,,67.81,67.81,82.28,82.28,50.13,50.13,0,1,0,radio_limited_degradation,normal,statistical_only_retained,0.0,0.8029302308788088,0.0,66.05,42.61,55.5,High,Medium,0,0,0,0,0,0,0,1,0,0,1,0,True,Medium
LTE-TP-EP-000267,542020041221088+20250827114050+Fiji-Nadi-LTE-DL-D!20250827111354,Fiji-Nadi-LTE-DL-D,2025-08-27 01:13:43+02:00,2025-08-27 01:13:43+02:00,1,-17.75027078,177.45526801,-17.75027078,177.45526801,110.0,1850.0,3.0,0.202528,0.202528,,,,66.96,66.96,69.29,69.29,64.11,64.11,0,1,0,radio_limited_degradation,normal,statistical_only_retained,0.0,9.868984139358934,0.0,56.3,54.49,55.49,High,Medium,0,0,0,0,0,0,0,1,0,0,1,0,True,Medium
LTE-TP-EP-001902,542020041221088+20250828143419+Fiji-Nadi-LTE-DL-D!20250828143343,Fiji-Nadi-LTE-DL-D,2025-08-28 04:33:06+02:00,2025-08-28 04:33:07+02:00,2,-17.61878882,177.44728808,-17.61885485,177.44737034,168.0,40988.0,41.0,10.395136,13.142148,83.236885,72.841749,0.12488617275862739,67.61,59.14,76.14,63.185,57.19,54.195,0,2,0,ca_underperformance,normal,statistical_only_retained,1.0,11.518943527128405,0.0,61.72,47.86,55.48,High,Medium,2,2,0,1,0,0,0,2,0,0,2,5,True,Medium
LTE-TP-EP-001091,542020041221088+20250828104327+Fiji-Nadi-LTE-DL-D!20250828104254,Fiji-Nadi-LTE-DL-D,2025-08-28 00:42:44+02:00,2025-08-28 00:42:46+02:00,3,-17.6414791,177.4209484,-17.6413396,177.421129,356.0,41186.0,41.0,5.557088,10.548992,70.787155,53.641731,0.1947383967607055,64.6,58.1,57.26,50.39666666666667,73.62,67.52,0,3,0,ca_underperformance,normal,statistical_only_retained,2.0,49.18825798807548,0.0,50.91,61.05,55.47,Medium,High,2,2,0,1,1,0,0,0,0,0,3,6,True,Medium
LTE-TP-EP-000006,542020041221088+20250827094505+Fiji-Nadi-LTE-DL-D!20250827094151,Fiji-Nadi-LTE-DL-D,2025-08-26 23:40:15+02:00,2025-08-26 23:40:15+02:00,1,-17.8159711,177.3955937,-17.8159711,177.3955937,288.0,40790.0,41.0,0.021688,0.021688,,,,66.98,66.98,69.92,69.92,63.38,63.38,0,1,0,radio_limited_degradation,normal,statistical_only_retained,0.0,0.0,0.0,56.78,53.87,55.47,High,Medium,0,0,0,0,0,0,0,0,0,0,1,0,True,Medium
LTE-TP-EP-001807,542020041221088+20250828140938+Fiji-Nadi-LTE-DL-D!20250828140855,Fiji-Nadi-LTE-DL-D,2025-08-28 04:07:41+02:00,2025-08-28 04:07:41+02:00,1,-17.61020675,177.45191575,-17.61020675,177.45191575,140.0,500.0,1.0,44.34837,44.34837,176.8458,132.49743,0.25077423382404335,66.36,66.36,60.37,60.37,73.69,73.69,0,1,0,radio_p75_underperformance,normal,statistical_only_retained,0.0,0.12201540531564913,0.0,49.61,62.64,55.47,Medium,High,1,0,0,0,0,0,0,0,0,0,0,1,True,Medium
LTE-TP-EP-000930,542020041221088+20250827154913+Fiji-Nadi-LTE-DL-D!20250827153748,Fiji-Nadi-LTE-DL-D,2025-08-27 05:37:04+02:00,2025-08-27 05:37:04+02:00,1,-17.73844267,177.4565502,-17.73844267,177.4565502,487.0,41384.0,41.0,3.51784,3.51784,38.729599,35.211759,0.0908307881008528,66.82,66.82,67.91,67.91,65.49,65.49,0,1,0,ca_underperformance,normal,statistical_only_retained,0.0,9.342680093729706,0.0,55.27,55.67,55.45,High,Medium,1,1,1,1,0,0,0,1,0,0,1,4,True,Medium
LTE-TP-EP-001168,542020041221088+20250828113551+Fiji-Nadi-LTE-DL-D!20250828110238,Fiji-Nadi-LTE-DL-D,2025-08-28 01:02:09+02:00,2025-08-28 01:02:10+02:00,2,-17.63884647,177.46496179,-17.6388416,177.46506096,165.0,40790.0,41.0,2.235544,2.26186,,,,65.89,65.825,83.18,83.08500000000001,44.98,44.724999999999994,0,2,0,radio_limited_degradation,normal,statistical_only_retained,1.0,10.582698473874823,0.0,69.57,38.17,55.44,High,Low,0,0,0,0,0,0,0,0,0,0,2,0,False,Not handed off
LTE-TP-EP-001655,542020041221088+20250828133856+Fiji-Nadi-LTE-DL-D!20250828133030,Fiji-Nadi-LTE-DL-D,2025-08-28 03:30:21+02:00,2025-08-28 03:30:21+02:00,1,-17.61641329,177.46603585,-17.61641329,177.46603585,253.0,40988.0,41.0,0.745232,0.745232,8.807248062329114,8.062016062329114,0.08461576132816682,66.71,66.71,66.53,66.53,66.93,66.93,0,1,0,sudden_drop,normal,statistical_only_retained,0.0,0.02832212070084348,0.0,54.23,56.89,55.43,Medium,Medium,0,0,0,0,0,0,0,0,0,0,1,0,True,Medium
LTE-TP-EP-001550,542020041221088+20250828130244+Fiji-Nadi-LTE-DL-D!20250828130228,Fiji-Nadi-LTE-DL-D,2025-08-28 03:02:02+02:00,2025-08-28 03:02:02+02:00,1,-17.63034356,177.45314667,-17.63034356,177.45314667,167.0,40790.0,41.0,6.864952,6.864952,,,,67.25,67.25,75.97,75.97,56.59,56.59,0,1,0,radio_limited_degradation,normal,statistical_only_retained,0.0,0.16647870095756628,0.0,61.31,48.1,55.37,High,Medium,0,0,0,0,0,0,0,1,0,0,1,0,True,Medium
LTE-TP-EP-000736,542020041221088+20250827140609+Fiji-Nadi-LTE-DL-D!20250827135810,Fiji-Nadi-LTE-DL-D,2025-08-27 03:58:09+02:00,2025-08-27 03:58:09+02:00,1,-17.76653285,177.44773828,-17.76653285,177.44773828,124.0,41186.0,41.0,4.196432,4.196432,23.50676021064214,19.31032821064214,0.1785202198174533,66.41,66.41,63.2,63.2,70.34,70.34,0,1,0,radio_limited_degradation,normal,statistical_only_retained,0.0,0.005949462479980751,0.0,51.74,59.79,55.36,Medium,Medium,0,0,0,0,0,0,0,0,0,0,0,0,True,Medium
LTE-TP-EP-001182,542020041221088+20250828113631+Fiji-Nadi-LTE-DL-D!20250828110448,Fiji-Nadi-LTE-DL-D,2025-08-28 01:03:55+02:00,2025-08-28 01:03:55+02:00,1,-17.637824,177.4745312,-17.637824,177.4745312,231.0,41384.0,41.0,4.816544,4.816544,,,,67.67,67.67,83.14,83.14,48.76,48.76,0,1,0,radio_limited_degradation,normal,statistical_only_retained,0.0,10.26845408718502,0.0,66.69,41.45,55.33,High,Medium,0,0,0,0,0,0,0,1,0,0,1,0,True,Medium
LTE-TP-EP-000895,542020041221088+20250827152632+Fiji-Nadi-LTE-DL-D!20250827152422,Fiji-Nadi-LTE-DL-D,2025-08-27 05:22:24+02:00,2025-08-27 05:22:24+02:00,1,-17.7421092,177.4434894,-17.7421092,177.4434894,487.0,40790.0,41.0,1.638016,1.638016,,,,67.78,67.78,85.27,85.27,46.4,46.4,0,1,0,radio_limited_degradation,normal,statistical_only_retained,0.0,3.8281392479981036,0.0,68.29,39.44,55.31,High,Low,0,0,0,0,0,0,0,0,0,0,1,0,False,Not handed off
LTE-TP-EP-001776,542020041221088+20250828140337+Fiji-Nadi-LTE-DL-D!20250828140209,Fiji-Nadi-LTE-DL-D,2025-08-28 04:01:34+02:00,2025-08-28 04:01:34+02:00,1,-17.6077438,177.4511411,-17.6077438,177.4511411,183.0,40988.0,41.0,2.93128,2.93128,,,,67.49,67.49,80.74,80.74,51.3,51.3,0,1,0,radio_limited_degradation,normal,statistical_only_retained,0.0,7.26466030901025,0.0,64.89,43.6,55.31,High,Medium,0,0,0,0,0,0,0,1,0,0,1,0,True,Medium
LTE-TP-EP-000648,542020041221088+20250827135108+Fiji-Nadi-LTE-DL-D!20250827132314,Fiji-Nadi-LTE-DL-D,2025-08-27 03:22:28+02:00,2025-08-27 03:22:28+02:00,1,-17.7720365,177.4359201,-17.7720365,177.4359201,339.0,40790.0,41.0,3.832192,3.832192,,,,67.26,67.26,77.59,77.59,54.64,54.64,0,1,0,radio_limited_degradation,normal,statistical_only_retained,0.0,25.463402912378864,0.0,62.53,46.44,55.29,High,Medium,0,0,0,0,0,0,0,1,0,0,1,0,True,Medium
LTE-TP-EP-000678,542020041221088+20250827135348+Fiji-Nadi-LTE-DL-D!20250827133514,Fiji-Nadi-LTE-DL-D,2025-08-27 03:34:21+02:00,2025-08-27 03:34:21+02:00,1,-17.79216759,177.42265687,-17.79216759,177.42265687,132.0,9310.0,28.0,3.984264,3.984264,19.580678072804297,15.596414072804297,0.20347936803750247,65.51,65.51,50.51,50.51,83.84,83.84,0,1,0,rolling_local_drop,normal,statistical_only_retained,0.0,0.17955241021207707,0.0,42.22,71.26,55.29,Medium,High,0,0,0,0,0,0,0,0,0,0,1,0,True,Medium
LTE-TP-EP-001251,542020041221088+20250828115533+Fiji-Nadi-LTE-DL-D!20250828113110,Fiji-Nadi-LTE-DL-D,2025-08-28 01:30:23+02:00,2025-08-28 01:30:25+02:00,3,-17.60405774,177.45957269,-17.6042816,177.4595362,187.0,500.0,1.0,8.663224,11.354016,59.31967,47.965654,0.19140389688614248,62.93,59.47666666666667,58.63,52.093333333333334,70.28,68.50333333333333,0,3,0,ca_underperformance,normal,statistical_only_retained,2.0,34.04360705111077,0.0,52.0,59.29,55.28,Medium,Medium,3,3,1,1,0,1,0,3,0,0,3,9,True,Medium
LTE-TP-EP-000247,542020041221088+20250827112909+Fiji-Nadi-LTE-DL-D!20250827110725,Fiji-Nadi-LTE-DL-D,2025-08-27 01:07:22+02:00,2025-08-27 01:07:23+02:00,2,-17.7676449,177.4768981,-17.7676729,177.4768539,111.0,41186.0,41.0,28.570744,30.458592000000003,103.734363,75.163619,0.27542217615969744,64.45,62.72,56.52,54.510000000000005,74.14,72.755,0,2,0,rb_conditioned_underperformance,normal,statistical_only_retained,1.0,11.804298063256613,0.0,49.19,62.67,55.26,Medium,High,2,2,0,0,0,0,0,0,0,0,2,4,True,Medium
LTE-TP-EP-001703,542020041221088+20250828134936+Fiji-Nadi-LTE-DL-D!20250828134405,Fiji-Nadi-LTE-DL-D,2025-08-28 03:42:44+02:00,2025-08-28 03:42:47+02:00,4,-17.6142888,177.4501238,-17.6144209,177.4501295,182.0,40790.0,41.0,8.481904,9.839348000000001,60.15991375,50.27346575,0.1643361398602404,63.55,57.345,63.19,57.3025,63.99,57.3925,0,4,0,ca_underperformance,normal,statistical_only_retained,3.0,23.81896017808599,0.0,57.28,52.74,55.24,High,Medium,4,4,3,4,0,0,0,4,0,0,4,15,True,Medium
LTE-TP-EP-001442,542020041221088+20250828124303+Fiji-Nadi-LTE-DL-D!20250828124223,Fiji-Nadi-LTE-DL-D,2025-08-28 02:40:52+02:00,2025-08-28 02:40:53+02:00,2,-17.61963194,177.43930909,-17.61962749,177.43930394,180.0,9310.0,28.0,16.456408,24.334324000000002,103.01821000000001,70.80597,0.27650648348655915,64.77,60.69499999999999,52.16,48.495,80.19,75.61500000000001,0,2,0,rb_conditioned_underperformance,ml_hgb_strict_causal_temporal_underperformance,statistical_only_retained,1.0,0.9644787087815956,0.0,45.59,67.02,55.23,Medium,High,1,2,0,0,0,0,2,2,0,0,2,5,True,Medium
LTE-TP-EP-001024,542020041221088+20250827161314+Fiji-Nadi-LTE-DL-D!20250827161239,Fiji-Nadi-LTE-DL-D,2025-08-27 06:10:37+02:00,2025-08-27 06:10:37+02:00,1,-17.81389423,177.44371538,-17.81389423,177.44371538,469.0,1850.0,3.0,4.371696,4.371696,,,,65.68,65.68,54.7,54.7,79.11,79.11,0,1,0,radio_limited_degradation,normal,statistical_only_retained,0.0,5.001000141991972,0.0,45.36,67.24,55.21,Medium,High,0,0,0,0,0,0,0,0,0,0,1,0,True,Medium
LTE-TP-EP-001446,542020041221088+20250828124303+Fiji-Nadi-LTE-DL-D!20250828124223,Fiji-Nadi-LTE-DL-D,2025-08-28 02:41:32+02:00,2025-08-28 02:41:33+02:00,2,-17.62151932,177.43681687,-17.6216574,177.4366166,169.0,356.0,1.0,3.0903919,3.2333199500000003,,,,65.58,65.11500000000001,80.18,79.68,47.73,47.31,0,2,0,radio_limited_degradation,normal,statistical_only_retained,1.0,39.99181892931298,0.0,67.24,40.47,55.19,High,Medium,0,0,0,0,0,0,0,0,0,0,2,0,True,Medium
LTE-TP-EP-000191,542020041221088+20250827110227+Fiji-Nadi-LTE-DL-D!20250827105156,Fiji-Nadi-LTE-DL-D,2025-08-27 00:50:42+02:00,2025-08-27 00:50:42+02:00,1,-17.7637548,177.4618999,-17.7637548,177.4618999,212.0,41186.0,41.0,25.543217,25.543217,100.61148,75.068263,0.2538797461283742,65.86,65.86,57.72,57.72,75.8,75.8,0,1,0,rb_conditioned_underperformance,ml_hgb_strict_causal_temporal_underperformance,statistical_only_retained,0.0,23.23828239573504,0.0,47.63,64.43,55.19,Medium,High,1,1,0,0,0,0,1,0,0,0,1,3,True,Medium
LTE-TP-EP-001882,542020041221088+20250828142959+Fiji-Nadi-LTE-DL-D!20250828142912,Fiji-Nadi-LTE-DL-D,2025-08-28 04:28:09+02:00,2025-08-28 04:28:10+02:00,2,-17.6042736,177.4449489,-17.6042731,177.44494903,141.0,41384.0,41.0,39.115864,52.594339500000004,133.86990610609845,72.0690974359446,0.35180894515608807,64.86,62.004999999999995,60.41,56.25,70.29,69.035,0,2,0,rolling_local_drop,normal,statistical_only_retained,1.0,5.198986118276058,0.0,51.68,59.43,55.17,Medium,Medium,0,0,0,0,0,0,0,0,0,0,0,0,True,Medium
LTE-TP-EP-000194,542020041221088+20250827110227+Fiji-Nadi-LTE-DL-D!20250827105156,Fiji-Nadi-LTE-DL-D,2025-08-27 00:51:31+02:00,2025-08-27 00:51:31+02:00,1,-17.76277069,177.46446166,-17.76277069,177.46446166,348.0,41384.0,41.0,5.362912,5.362912,,,,66.77,66.77,72.23,72.23,60.1,60.1,0,1,0,radio_limited_degradation,normal,statistical_only_retained,0.0,6.839419216305958,0.0,58.51,51.08,55.17,High,Medium,0,0,0,0,0,0,0,1,0,0,1,0,True,Medium
LTE-TP-EP-001528,542020041221088+20250828125844+Fiji-Nadi-LTE-DL-D!20250828125759,Fiji-Nadi-LTE-DL-D,2025-08-28 02:57:03+02:00,2025-08-28 02:57:03+02:00,1,-17.6300762,177.455541,-17.6300762,177.455541,165.0,500.0,1.0,22.049215,22.049215,176.8458,154.796585,0.12468045608094735,66.44,66.44,67.73,67.73,64.87,64.87,0,1,0,rb_conditioned_underperformance,normal,statistical_only_retained,0.0,7.139229457973618,0.0,55.13,55.14,55.14,High,Medium,1,1,0,0,0,0,0,1,0,0,1,2,True,Medium
LTE-TP-EP-001539,542020041221088+20250828130044+Fiji-Nadi-LTE-DL-D!20250828130012,Fiji-Nadi-LTE-DL-D,2025-08-28 03:00:06+02:00,2025-08-28 03:00:06+02:00,1,-17.6272732,177.4571973,-17.6272732,177.4571973,231.0,500.0,1.0,27.783943,27.783943,173.72593999999998,145.941997,0.15992973185236473,66.32,66.32,65.67,65.67,67.11,67.11,0,1,0,rb_conditioned_underperformance,normal,statistical_only_retained,0.0,10.586259431830785,0.0,53.59,57.04,55.14,Medium,Medium,1,1,0,0,0,0,0,1,0,0,1,2,True,Medium
LTE-TP-EP-001704,542020041221088+20250828134936+Fiji-Nadi-LTE-DL-D!20250828134405,Fiji-Nadi-LTE-DL-D,2025-08-28 03:42:55+02:00,2025-08-28 03:42:58+02:00,4,-17.6145928,177.4502074,-17.61463243,177.45022747,232.0,41384.0,41.0,4.216376,5.200132,,,,63.46,60.1175,76.24,72.6075,47.83,44.8475,0,4,0,radio_limited_degradation,normal,statistical_only_retained,3.0,9.45397803090753,0.0,67.52,39.91,55.1,High,Low,0,0,0,0,0,0,0,0,0,0,4,0,False,Not handed off
LTE-TP-EP-001897,542020041221088+20250828143419+Fiji-Nadi-LTE-DL-D!20250828143343,Fiji-Nadi-LTE-DL-D,2025-08-28 04:32:44+02:00,2025-08-28 04:32:46+02:00,3,-17.61756395,177.44512172,-17.61766499,177.44530665,169.0,40988.0,41.0,1.12828,1.424248,13.006710157564138,11.582462157564137,0.1095010177628752,63.45,60.14666666666667,66.05,60.53666666666666,61.53,59.663333333333334,0,3,0,radio_limited_degradation,normal,statistical_only_retained,2.0,34.68150559956234,0.0,57.77,51.83,55.1,High,Medium,1,1,1,0,0,0,0,3,0,0,3,3,True,Medium
LTE-TP-EP-000689,542020041221088+20250827135549+Fiji-Nadi-LTE-DL-D!20250827133724,Fiji-Nadi-LTE-DL-D,2025-08-27 03:37:20+02:00,2025-08-27 03:37:20+02:00,1,-17.78396444,177.41979591,-17.78396444,177.41979591,133.0,41384.0,41.0,0.56936,0.56936,,,,66.39,66.39,68.01,68.01,64.41,64.41,0,1,0,radio_limited_degradation,normal,statistical_only_retained,0.0,10.303556967192709,0.0,55.34,54.75,55.08,High,Medium,0,0,0,0,0,0,0,0,0,0,1,0,True,Medium
LTE-TP-EP-001558,542020041221088+20250828130744+Fiji-Nadi-LTE-DL-D!20250828130656,Fiji-Nadi-LTE-DL-D,2025-08-28 03:04:56+02:00,2025-08-28 03:04:56+02:00,1,-17.6336082,177.45980579,-17.6336082,177.45980579,274.0,40988.0,41.0,35.83093,35.83093,111.79482125,75.96389124999999,0.32050617013710736,65.49,65.49,54.29,54.29,79.18,79.18,0,1,0,radio_p75_underperformance,ml_quantile_p75_resource_underperformance,statistical_only_retained,0.0,,0.0,45.05,67.3,55.07,Medium,High,1,0,0,0,1,0,0,0,0,0,1,2,True,Medium
LTE-TP-EP-001944,542020041221088+20250828153842+Fiji-Nadi-LTE-DL-D!20250828152712,Fiji-Nadi-LTE-DL-D,2025-08-28 05:26:34+02:00,2025-08-28 05:26:34+02:00,1,-17.6781637,177.3982963,-17.6781637,177.3982963,320.0,500.0,1.0,5.946216,5.946216,,,,66.53,66.53,70.19,70.19,62.05,62.05,0,1,0,radio_limited_degradation,normal,statistical_only_retained,0.0,13.679294548897303,0.0,56.98,52.74,55.07,High,Medium,0,0,0,0,0,0,0,1,1,1,1,0,True,Medium
LTE-TP-EP-001706,542020041221088+20250828134936+Fiji-Nadi-LTE-DL-D!20250828134405,Fiji-Nadi-LTE-DL-D,2025-08-28 03:43:39+02:00,2025-08-28 03:43:39+02:00,1,-17.61394851,177.44988393,-17.61394851,177.44988393,182.0,41186.0,41.0,3.297864,3.297864,,,,67.11,67.11,79.46,79.46,52.01,52.01,0,1,0,radio_limited_degradation,normal,statistical_only_retained,0.0,6.07626978697225,0.0,63.93,44.21,55.06,High,Medium,0,0,0,0,0,0,0,1,0,0,1,0,True,Medium
LTE-TP-EP-001282,542020041221088+20250828121001+Fiji-Nadi-LTE-DL-D!20250828114201,Fiji-Nadi-LTE-DL-D,2025-08-28 01:41:33+02:00,2025-08-28 01:41:33+02:00,1,-17.6035804,177.452794,-17.6035804,177.452794,184.0,41384.0,41.0,0.119264,0.119264,,,,66.47,66.47,69.58,69.58,62.66,62.66,0,1,0,radio_limited_degradation,normal,statistical_only_retained,0.0,2.9227332676590163,0.0,56.52,53.26,55.05,High,Medium,0,0,0,0,0,0,0,0,0,0,0,0,True,Medium
LTE-TP-EP-000793,542020041221088+20250827144511+Fiji-Nadi-LTE-DL-D!20250827144430,Fiji-Nadi-LTE-DL-D,2025-08-27 04:43:22+02:00,2025-08-27 04:43:22+02:00,1,-17.762955,177.4416742,-17.762955,177.4416742,136.0,40988.0,41.0,2.8966,2.8966,,,,67.18,67.18,80.86,80.86,50.46,50.46,0,1,0,radio_limited_degradation,normal,statistical_only_retained,0.0,7.208846540586417,0.0,64.98,42.89,55.04,High,Medium,0,0,0,0,0,0,0,0,1,1,1,0,True,Medium
LTE-TP-EP-001217,542020041221088+20250828114252+Fiji-Nadi-LTE-DL-D!20250828111332,Fiji-Nadi-LTE-DL-D,2025-08-28 01:13:01+02:00,2025-08-28 01:13:02+02:00,2,-17.60354468,177.48115166,-17.6034744,177.481362,177.0,41384.0,41.0,4.476992,4.85482,,,,65.93,62.44500000000001,75.33,74.00999999999999,54.45,48.31,0,2,0,radio_limited_degradation,normal,statistical_only_retained,1.0,23.6505015673879,0.0,63.44,44.75,55.03,High,Medium,0,0,0,0,0,0,0,2,0,0,2,0,True,Medium
LTE-TP-EP-001154,542020041221088+20250828113351+Fiji-Nadi-LTE-DL-D!20250828110026,Fiji-Nadi-LTE-DL-D,2025-08-28 01:00:16+02:00,2025-08-28 01:00:16+02:00,1,-17.63536965,177.458808,-17.63536965,177.458808,271.0,40790.0,41.0,2.920944,2.920944,,,,67.15,67.15,80.78,80.78,50.5,50.5,0,1,0,radio_limited_degradation,normal,statistical_only_retained,0.0,0.14199556517113882,0.0,64.92,42.92,55.02,High,Medium,0,0,0,0,0,0,0,1,0,0,1,0,True,Medium
LTE-TP-EP-001460,542020041221088+20250828124503+Fiji-Nadi-LTE-DL-D!20250828124436,Fiji-Nadi-LTE-DL-D,2025-08-28 02:44:23+02:00,2025-08-28 02:44:23+02:00,1,-17.6315218,177.4415653,-17.6315218,177.4415653,313.0,41384.0,41.0,5.69544,5.69544,28.981247218490893,23.285807218490895,0.19652156296317505,65.97,65.97,62.45,62.45,70.27,70.27,0,1,0,sudden_drop,normal,statistical_only_retained,0.0,16.191090263713612,0.0,51.17,59.73,55.02,Medium,Medium,0,0,0,0,0,0,0,1,0,0,1,0,True,Medium
LTE-TP-EP-001435,542020041221088+20250828124043+Fiji-Nadi-LTE-DL-D!20250828124009,Fiji-Nadi-LTE-DL-D,2025-08-28 02:39:25+02:00,2025-08-28 02:39:25+02:00,1,-17.62521634,177.44373462,-17.62521634,177.44373462,385.0,1850.0,3.0,6.895472,6.895472,,,,66.23,66.23,66.87,66.87,65.45,65.45,0,1,0,radio_limited_degradation,normal,statistical_only_retained,0.0,0.11181373742598351,0.0,54.49,55.63,55.0,Medium,Medium,0,0,0,0,0,0,0,0,0,0,1,0,True,Medium
LTE-TP-EP-000959,542020041221088+20250827160414+Fiji-Nadi-LTE-DL-D!20250827155722,Fiji-Nadi-LTE-DL-D,2025-08-27 05:56:05+02:00,2025-08-27 05:56:05+02:00,1,-17.7973515,177.4485027,-17.7973515,177.4485027,470.0,40988.0,41.0,12.805224,12.805224,64.715159,51.909935,0.19787054838264403,65.67,65.67,58.41,58.41,74.54,74.54,0,1,0,ca_underperformance,ml_quantile_p75_resource_underperformance,statistical_only_retained,0.0,11.971670213181447,0.0,48.14,63.36,54.99,Medium,High,1,1,0,1,1,0,0,1,0,0,1,4,False,Not handed off
LTE-TP-EP-001264,542020041221088+20250828120053+Fiji-Nadi-LTE-DL-D!20250828113532,Fiji-Nadi-LTE-DL-D,2025-08-28 01:33:35+02:00,2025-08-28 01:33:35+02:00,1,-17.60475663,177.46113268,-17.60475663,177.46113268,196.0,356.0,1.0,5.237312,5.237312,,,,66.59,66.59,72.67,72.67,59.15,59.15,0,1,0,rb_efficiency_underperformance,normal,statistical_only_retained,0.0,3.283882751502394,0.0,58.84,50.28,54.99,High,Medium,0,1,1,0,0,0,0,1,0,0,1,2,False,Not handed off
LTE-TP-EP-000251,542020041221088+20250827113229+Fiji-Nadi-LTE-DL-D!20250827110935,Fiji-Nadi-LTE-DL-D,2025-08-27 01:08:23+02:00,2025-08-27 01:08:25+02:00,3,-17.763921,177.4759337,-17.7638783,177.4757292,348.0,41186.0,41.0,5.921464,5.949688,41.037212749999995,35.115748749999995,0.14429498504378813,63.61,58.656666666666666,70.18,60.576666666666675,57.76,56.30666666666667,0,3,0,ca_underperformance,normal,statistical_only_retained,2.0,33.41199044090437,0.0,60.05,48.73,54.96,High,Medium,2,2,3,2,0,0,0,3,0,0,3,9,True,Medium
LTE-TP-EP-001136,542020041221088+20250828105428+Fiji-Nadi-LTE-DL-D!20250828105353,Fiji-Nadi-LTE-DL-D,2025-08-28 00:51:57+02:00,2025-08-28 00:51:58+02:00,2,-17.65217803,177.44273952,-17.65219754,177.44267861,164.0,1850.0,3.0,11.293856,13.850708000000001,135.5693,119.16174,0.1210271056942833,65.94,60.26,72.43,62.035000000000004,58.17,58.09,0,2,0,ca_underperformance,normal,statistical_only_retained,1.0,6.881795912755801,0.0,59.45,49.42,54.94,High,Medium,2,2,0,1,0,0,0,2,0,0,2,5,True,Medium
LTE-TP-EP-000974,542020041221088+20250827160834+Fiji-Nadi-LTE-DL-D!20250827160146,Fiji-Nadi-LTE-DL-D,2025-08-27 06:00:24+02:00,2025-08-27 06:00:24+02:00,1,-17.8074164,177.4523131,-17.8074164,177.4523131,470.0,41384.0,41.0,12.191104,12.191104,71.56434444572989,59.37324044572989,0.17035164779920542,66.44,66.44,71.61,71.61,60.13,60.13,0,1,0,sudden_drop,normal,statistical_only_retained,0.0,4.451057148927914,0.0,58.04,51.11,54.92,High,Medium,0,0,0,0,0,0,0,0,0,0,1,0,False,Not handed off
LTE-TP-EP-000864,542020041221088+20250827151552+Fiji-Nadi-LTE-DL-D!20250827151524,Fiji-Nadi-LTE-DL-D,2025-08-27 05:15:18+02:00,2025-08-27 05:15:18+02:00,1,-17.74683542,177.44829953,-17.74683542,177.44829953,487.0,41186.0,41.0,2.8325279,2.8325279,,,,67.03,67.03,81.09,81.09,49.85,49.85,0,1,0,radio_limited_degradation,normal,statistical_only_retained,0.0,12.865590559170046,0.0,65.15,42.37,54.9,High,Medium,0,0,0,0,0,0,0,1,0,0,1,0,False,Not handed off
LTE-TP-EP-000542,542020041221088+20250827133206+Fiji-Nadi-LTE-DL-D!20250827125008,Fiji-Nadi-LTE-DL-D,2025-08-27 02:49:36+02:00,2025-08-27 02:49:36+02:00,1,-17.8014734,177.4161111,-17.8014734,177.4161111,146.0,41384.0,41.0,3.109488,3.109488,,,,67.53,67.53,89.12,89.12,41.15,41.15,0,1,0,radio_limited_degradation,normal,statistical_only_retained,0.0,1.5152888319963775,0.0,71.18,34.98,54.89,High,Low,0,0,0,0,0,0,0,1,0,0,1,0,False,Not handed off
LTE-TP-EP-000416,542020041221088+20250827123738+Fiji-Nadi-LTE-DL-D!20250827115101,Fiji-Nadi-LTE-DL-D,2025-08-27 01:49:36+02:00,2025-08-27 01:49:36+02:00,1,-17.77270609,177.37426741,-17.77270609,177.37426741,157.0,500.0,1.0,102.16285,102.16285,185.31654659922697,83.15369659922696,0.5512883327193739,65.25,65.25,54.27,54.27,78.67,78.67,0,1,0,sudden_drop,normal,statistical_only_retained,0.0,9.070177840984439,0.0,45.04,66.87,54.86,Medium,High,0,0,0,0,0,0,0,0,0,0,1,0,False,Not handed off
LTE-TP-EP-001583,542020041221088+20250828131954+Fiji-Nadi-LTE-DL-D!20250828131344,Fiji-Nadi-LTE-DL-D,2025-08-28 03:12:20+02:00,2025-08-28 03:12:20+02:00,1,-17.6313646,177.4764449,-17.6313646,177.4764449,251.0,1850.0,3.0,3.001456,3.001456,,,,66.93,66.93,80.49,80.49,50.35,50.35,0,1,0,radio_limited_degradation,normal,statistical_only_retained,0.0,2.63859748350014,0.0,64.7,42.8,54.85,High,Medium,0,0,0,0,0,0,0,1,0,0,1,0,False,Not handed off
LTE-TP-EP-001903,542020041221088+20250828143419+Fiji-Nadi-LTE-DL-D!20250828143343,Fiji-Nadi-LTE-DL-D,2025-08-28 04:33:14+02:00,2025-08-28 04:33:14+02:00,1,-17.61941507,177.44782565,-17.61941507,177.44782565,168.0,40988.0,41.0,13.861416,13.861416,88.404305,74.54288899999999,0.15679571260698222,66.25,66.25,70.8,70.8,60.68,60.68,0,1,0,ca_underperformance,normal,statistical_only_retained,0.0,0.1171716398002153,0.0,57.44,51.58,54.8,High,Medium,1,1,0,1,0,0,0,0,0,0,1,3,False,Not handed off
LTE-TP-EP-001921,542020041221088+20250828143859+Fiji-Nadi-LTE-DL-D!20250828143815,Fiji-Nadi-LTE-DL-D,2025-08-28 04:36:39+02:00,2025-08-28 04:36:39+02:00,1,-17.61911502,177.44102975,-17.61911502,177.44102975,232.0,41384.0,41.0,7.303528,7.303528,47.0651145,39.7615865,0.15517922515624605,65.64,65.64,61.7,61.7,70.46,70.46,0,1,0,ca_underperformance,normal,statistical_only_retained,0.0,16.465702702714694,0.0,50.61,59.89,54.79,Medium,Medium,1,1,1,1,0,0,0,1,0,0,1,4,False,Not handed off
LTE-TP-EP-000929,542020041221088+20250827154913+Fiji-Nadi-LTE-DL-D!20250827153748,Fiji-Nadi-LTE-DL-D,2025-08-27 05:36:57+02:00,2025-08-27 05:36:57+02:00,1,-17.7383531,177.45612,-17.7383531,177.45612,215.0,41384.0,41.0,0.667648,0.667648,,,,66.02,66.02,67.66,67.66,64.02,64.02,0,1,0,radio_limited_degradation,normal,statistical_only_retained,0.0,6.854706848659858,0.0,55.08,54.42,54.78,High,Medium,0,0,0,0,0,0,0,1,0,0,1,0,False,Not handed off
LTE-TP-EP-000046,542020041221088+20250827095145+Fiji-Nadi-LTE-DL-D!20250827095034,Fiji-Nadi-LTE-DL-D,2025-08-26 23:49:39+02:00,2025-08-26 23:49:40+02:00,2,-17.8131091,177.3985136,-17.81320617,177.39841908,151.0,41186.0,41.0,5.053072,10.037832,44.79472913076933,29.772137130769334,0.18032513127043479,60.18,58.93,63.72,56.480000000000004,67.99,61.92,0,2,0,radio_limited_degradation,normal,statistical_only_retained,1.0,29.4153072787514,0.0,53.55,56.27,54.77,Medium,Medium,0,0,0,0,0,0,0,0,0,0,0,0,True,Medium
LTE-TP-EP-000534,542020041221088+20250827133105+Fiji-Nadi-LTE-DL-D!20250827124329,Fiji-Nadi-LTE-DL-D,2025-08-27 02:43:10+02:00,2025-08-27 02:43:12+02:00,3,-17.8056868,177.4149038,-17.8056867,177.41490415,144.0,41384.0,41.0,0.545488,0.601632,11.309787464491404,10.708155464491403,0.05319569460424472,62.07,61.73666666666667,58.72,57.98333333333333,66.74,66.32666666666667,0,3,0,rolling_local_drop,normal,statistical_only_retained,2.0,0.05404363755650716,0.0,53.23,56.63,54.76,Medium,Medium,0,0,0,0,0,0,0,0,0,0,3,0,True,Medium
LTE-TP-EP-001628,542020041221088+20250828133115+Fiji-Nadi-LTE-DL-D!20250828132346,Fiji-Nadi-LTE-DL-D,2025-08-28 03:23:11+02:00,2025-08-28 03:23:11+02:00,1,-17.62766708,177.46355384,-17.62766708,177.46355384,254.0,500.0,1.0,14.501168,14.501168,78.76266000000001,64.261492,0.18411221764221775,65.69,65.69,63.26,63.26,68.67,68.67,0,1,0,rb_conditioned_underperformance,normal,statistical_only_retained,0.0,0.024827466348930776,0.0,51.78,58.37,54.75,Medium,Medium,1,1,0,0,0,0,0,1,0,0,1,2,False,Not handed off
LTE-TP-EP-001427,542020041221088+20250828124043+Fiji-Nadi-LTE-DL-D!20250828124009,Fiji-Nadi-LTE-DL-D,2025-08-28 02:38:28+02:00,2025-08-28 02:38:28+02:00,1,-17.6309832,177.4440877,-17.6309832,177.4440877,313.0,41384.0,41.0,29.364168,29.364168,121.14346,91.779292,0.2423916899847503,65.48,65.48,60.86,60.86,71.13,71.13,0,1,0,rb_conditioned_underperformance,normal,statistical_only_retained,0.0,1.5575769591564628,0.0,49.98,60.46,54.7,Medium,High,1,1,0,0,0,0,0,0,0,0,1,2,False,Not handed off
LTE-TP-EP-000547,542020041221088+20250827133406+Fiji-Nadi-LTE-DL-D!20250827125219,Fiji-Nadi-LTE-DL-D,2025-08-27 02:50:22+02:00,2025-08-27 02:50:22+02:00,1,-17.799786,177.4168491,-17.799786,177.4168491,147.0,41384.0,41.0,1.86072,1.86072,,,,67.01,67.01,84.49,84.49,45.64,45.64,0,1,0,radio_limited_degradation,normal,statistical_only_retained,0.0,1.4986570269699584,0.0,67.7,38.79,54.69,High,Low,0,0,0,0,0,0,0,0,0,0,1,0,False,Not handed off
LTE-TP-EP-000067,542020041221088+20250827100145+Fiji-Nadi-LTE-DL-D!20250827100105,Fiji-Nadi-LTE-DL-D,2025-08-26 23:59:12+02:00,2025-08-26 23:59:12+02:00,1,-17.81009268,177.41232286,-17.81009268,177.41232286,145.0,41186.0,41.0,5.68724,5.68724,41.037212749999995,35.34997274999999,0.13858738493393416,65.55,65.55,62.48,62.48,69.31,69.31,0,1,0,ca_underperformance,normal,statistical_only_retained,0.0,0.20031384824377468,0.0,51.2,58.91,54.67,Medium,Medium,1,1,1,1,0,0,0,1,0,0,1,4,False,Not handed off
LTE-TP-EP-001070,542020041221088+20250828103707+Fiji-Nadi-LTE-DL-D!20250828103621,Fiji-Nadi-LTE-DL-D,2025-08-28 00:34:30+02:00,2025-08-28 00:34:30+02:00,1,-17.69220601,177.42159949,-17.69220601,177.42159949,453.0,9310.0,28.0,14.271768,14.271768,81.009805,66.738037,0.1761733409924885,65.72,65.72,65.25,65.25,66.3,66.3,0,1,0,rb_conditioned_underperformance,normal,statistical_only_retained,0.0,15.090535445413215,0.0,53.27,56.35,54.66,Medium,Medium,1,1,0,0,0,0,0,1,0,0,1,2,False,Not handed off
LTE-TP-EP-000295,542020041221088+20250827121333+Fiji-Nadi-LTE-DL-D!20250827112914,Fiji-Nadi-LTE-DL-D,2025-08-27 01:28:07+02:00,2025-08-27 01:28:08+02:00,2,-17.78029211,177.43023644,-17.7802921,177.4302364,134.0,40790.0,41.0,0.108872,0.377224,16.80393655148957,16.158360551489572,0.009502284704750452,64.3,62.705,66.32,64.845,61.83,60.085,0,2,0,rolling_local_drop,normal,statistical_only_retained,1.0,0.004378883306202924,0.0,56.65,52.12,54.61,High,Medium,0,0,0,0,0,0,0,0,0,0,2,0,True,Medium
LTE-TP-EP-000817,542020041221088+20250827150151+Fiji-Nadi-LTE-DL-D!20250827150045,Fiji-Nadi-LTE-DL-D,2025-08-27 05:00:24+02:00,2025-08-27 05:00:24+02:00,1,-17.7680778,177.474632,-17.7680778,177.474632,111.0,41384.0,41.0,29.970032,29.970032,121.14346,91.173428,0.24739290094570518,65.35,65.35,60.57,60.57,71.2,71.2,0,1,0,rb_conditioned_underperformance,normal,statistical_only_retained,0.0,,0.0,49.76,60.52,54.6,Medium,High,1,1,0,0,0,0,0,1,0,0,1,2,False,Not handed off
LTE-TP-EP-001327,542020041221088+20250828122022+Fiji-Nadi-LTE-DL-D!20250828120340,Fiji-Nadi-LTE-DL-D,2025-08-28 02:03:25+02:00,2025-08-28 02:03:25+02:00,1,-17.6041653,177.4550732,-17.6041653,177.4550732,184.0,41384.0,41.0,0.452936,0.452936,14.937306886815255,14.484370886815256,0.03032246732507009,65.71,65.71,66.17,66.17,65.14,65.14,0,1,0,rolling_local_drop,normal,statistical_only_retained,0.0,3.5282077085962413,0.0,53.96,55.37,54.6,Medium,Medium,0,0,0,0,0,0,0,0,0,0,0,0,False,Not handed off
LTE-TP-EP-000371,542020041221088+20250827123437+Fiji-Nadi-LTE-DL-D!20250827114425,Fiji-Nadi-LTE-DL-D,2025-08-27 01:42:29+02:00,2025-08-27 01:42:30+02:00,2,-17.7967082,177.40228506,-17.79669496,177.40216542,363.0,9310.0,28.0,2.107648,2.661104,,,,66.09,64.075,92.62,90.685,33.66,31.549999999999997,0,2,0,radio_limited_degradation,normal,statistical_only_retained,1.0,25.487496474198558,0.0,76.28,28.08,54.59,High,Low,0,0,0,0,0,0,0,2,2,2,2,0,False,Not handed off
LTE-TP-EP-000675,542020041221088+20250827135348+Fiji-Nadi-LTE-DL-D!20250827133514,Fiji-Nadi-LTE-DL-D,2025-08-27 03:34:03+02:00,2025-08-27 03:34:03+02:00,1,-17.79280136,177.42248658,-17.79280136,177.42248658,132.0,9310.0,28.0,1.977208,1.977208,,,,67.43,67.43,93.08,93.08,36.08,36.08,0,1,0,radio_limited_degradation,normal,statistical_only_retained,0.0,5.445391335663679,0.0,74.15,30.67,54.58,High,Low,0,0,0,0,0,0,0,0,0,0,1,0,False,Not handed off
LTE-TP-EP-000208,542020041221088+20250827110647+Fiji-Nadi-LTE-DL-D!20250827105407,Fiji-Nadi-LTE-DL-D,2025-08-27 00:53:08+02:00,2025-08-27 00:53:09+02:00,2,-17.7642811,177.4640119,-17.76427784,177.46402146,110.0,1850.0,3.0,4.12216,5.752976,27.996896250000002,20.613104250000003,0.26373609181767776,62.75,56.445,76.57,61.129999999999995,55.59,50.72,0,2,0,ca_underperformance,normal,statistical_only_retained,1.0,4.7839754461500235,0.0,61.55,46.03,54.57,High,Medium,1,1,1,1,0,0,0,2,0,0,2,4,True,Medium
LTE-TP-EP-001405,542020041221088+20250828123602+Fiji-Nadi-LTE-DL-D!20250828123538,Fiji-Nadi-LTE-DL-D,2025-08-28 02:35:06+02:00,2025-08-28 02:35:07+02:00,2,-17.630828,177.439489,-17.6309056,177.4394952,315.0,1850.0,3.0,1.387568,2.244668,,,,66.12,62.05500000000001,86.14,83.14,41.66,36.285,0,2,0,radio_limited_degradation,normal,statistical_only_retained,1.0,17.27644192793122,0.0,71.21,34.07,54.5,High,Low,0,0,0,0,0,0,0,2,0,0,2,0,False,Not handed off
LTE-TP-EP-001819,542020041221088+20250828141158+Fiji-Nadi-LTE-DL-D!20250828141111,Fiji-Nadi-LTE-DL-D,2025-08-28 04:09:30+02:00,2025-08-28 04:09:30+02:00,1,-17.61055428,177.4594616,-17.61055428,177.4594616,196.0,356.0,1.0,4.26932,4.26932,,,,66.81,66.81,85.06,85.06,44.5,44.5,0,1,0,radio_limited_degradation,normal,statistical_only_retained,0.0,8.839178510222533,0.0,68.13,37.83,54.49,High,Low,0,0,0,0,0,0,0,1,0,0,1,0,False,Not handed off
LTE-TP-EP-001724,542020041221088+20250828135137+Fiji-Nadi-LTE-DL-D!20250828134837,Fiji-Nadi-LTE-DL-D,2025-08-28 03:48:29+02:00,2025-08-28 03:48:30+02:00,2,-17.61316535,177.45373303,-17.6131183,177.4536935,140.0,41384.0,41.0,14.393008,15.480599999999999,70.7488185,56.3558105,0.20343813939451158,63.82,61.345,58.32,55.519999999999996,70.55,68.47,0,2,0,ca_underperformance,normal,statistical_only_retained,1.0,6.860094506383319,0.0,50.39,59.45,54.46,Medium,Medium,2,2,0,1,0,0,0,2,0,0,2,5,True,Medium
LTE-TP-EP-001306,542020041221088+20250828121442+Fiji-Nadi-LTE-DL-D!20250828115247,Fiji-Nadi-LTE-DL-D,2025-08-28 01:51:19+02:00,2025-08-28 01:51:19+02:00,1,-17.60367068,177.4525873,-17.60367068,177.4525873,184.0,41384.0,41.0,2.776504,2.776504,,,,66.52,66.52,81.28,81.28,48.48,48.48,0,1,0,radio_limited_degradation,normal,statistical_only_retained,0.0,0.022648162723861515,0.0,65.3,41.21,54.46,High,Medium,0,0,0,0,0,0,0,0,0,0,0,0,False,Not handed off
LTE-TP-EP-001095,542020041221088+20250828104547+Fiji-Nadi-LTE-DL-D!20250828104505,Fiji-Nadi-LTE-DL-D,2025-08-28 00:43:54+02:00,2025-08-28 00:43:54+02:00,1,-17.63671976,177.42706971,-17.63671976,177.42706971,356.0,1850.0,3.0,36.02512,36.02512,135.5693,99.54418,0.265732138470878,65.1,65.1,59.5,59.5,71.95,71.95,0,1,0,rb_conditioned_underperformance,normal,statistical_only_retained,0.0,12.818648431774228,0.0,48.96,61.16,54.45,Medium,High,1,1,0,0,0,0,0,0,0,0,0,2,False,Not handed off
LTE-TP-EP-000374,542020041221088+20250827123437+Fiji-Nadi-LTE-DL-D!20250827114425,Fiji-Nadi-LTE-DL-D,2025-08-27 01:42:44+02:00,2025-08-27 01:42:44+02:00,1,-17.7964704,177.4002838,-17.7964704,177.4002838,151.0,9310.0,28.0,2.163624,2.163624,,,,67.22,67.22,92.43,92.43,36.4,36.4,0,1,0,radio_limited_degradation,normal,statistical_only_retained,0.0,26.929001117306434,0.0,73.66,30.94,54.44,High,Low,0,0,0,0,0,0,0,1,1,1,1,0,False,Not handed off
LTE-TP-EP-001261,542020041221088+20250828115753+Fiji-Nadi-LTE-DL-D!20250828113321,Fiji-Nadi-LTE-DL-D,2025-08-28 01:32:49+02:00,2025-08-28 01:32:49+02:00,1,-17.6057534,177.4606525,-17.6057534,177.4606525,182.0,40790.0,41.0,5.87648,5.87648,49.4498,43.57332,0.11883728548952674,65.62,65.62,67.51,67.51,63.3,63.3,0,1,0,ca_underperformance,normal,statistical_only_retained,0.0,10.948497426575008,0.0,54.97,53.8,54.44,Medium,Medium,1,1,1,1,0,0,0,1,0,0,1,4,False,Not handed off
LTE-TP-EP-000090,542020041221088+20250827102346+Fiji-Nadi-LTE-DL-D!20250827102142,Fiji-Nadi-LTE-DL-D,2025-08-27 00:20:31+02:00,2025-08-27 00:20:31+02:00,1,-17.81049232,177.40889417,-17.81049232,177.40889417,145.0,41186.0,41.0,13.537688,13.537688,61.65412220324308,48.116434203243074,0.21957474238904826,65.34,65.34,63.46,63.46,67.64,67.64,0,1,0,sudden_drop,normal,statistical_only_retained,0.0,12.822746548961845,0.0,51.93,57.49,54.43,Medium,Medium,0,0,0,0,0,0,0,0,0,0,0,0,False,Not handed off
LTE-TP-EP-001249,542020041221088+20250828115313+Fiji-Nadi-LTE-DL-D!20250828112854,Fiji-Nadi-LTE-DL-D,2025-08-28 01:27:47+02:00,2025-08-28 01:27:47+02:00,1,-17.59872419,177.45935983,-17.59872419,177.45935983,188.0,1850.0,3.0,35.76583,35.76583,135.5693,99.80347,0.26381953731412644,65.05,65.05,59.61,59.61,71.7,71.7,0,1,0,rb_conditioned_underperformance,normal,statistical_only_retained,0.0,0.0,0.0,49.04,60.95,54.4,Medium,High,1,1,0,0,0,0,0,0,0,0,0,2,False,Not handed off
LTE-TP-EP-001627,542020041221088+20250828133115+Fiji-Nadi-LTE-DL-D!20250828132346,Fiji-Nadi-LTE-DL-D,2025-08-28 03:23:02+02:00,2025-08-28 03:23:02+02:00,1,-17.62798805,177.46290212,-17.62798805,177.46290212,251.0,500.0,1.0,16.607183,16.607183,73.10037750000001,56.49319450000001,0.22718327275396077,64.68,64.68,54.24,54.24,77.45,77.45,0,1,0,rb_conditioned_underperformance,normal,statistical_only_retained,0.0,0.23590697898041332,0.0,45.02,65.83,54.38,Medium,High,0,1,0,0,0,0,0,1,0,0,1,1,False,Not handed off
LTE-TP-EP-000604,542020041221088+20250827134347+Fiji-Nadi-LTE-DL-D!20250827131002,Fiji-Nadi-LTE-DL-D,2025-08-27 03:09:34+02:00,2025-08-27 03:09:35+02:00,2,-17.77641205,177.42988194,-17.77643414,177.42990727,129.0,41186.0,41.0,3.049952,3.650192,27.000010268632458,22.749578268632458,0.13185042413283088,63.78,61.59,63.68,63.36,64.69,59.425,0,2,0,radio_limited_degradation,normal,statistical_only_retained,1.0,3.830859960668483,0.0,54.9,53.67,54.35,Medium,Medium,0,0,0,0,0,0,0,0,0,0,2,0,True,Medium
LTE-TP-EP-001892,542020041221088+20250828143139+Fiji-Nadi-LTE-DL-D!20250828143127,Fiji-Nadi-LTE-DL-D,2025-08-28 04:30:42+02:00,2025-08-28 04:30:43+02:00,2,-17.611218,177.4413966,-17.61121843,177.44139631,406.0,356.0,1.0,2.8698559,4.958811949999999,,,,64.44,61.015,80.96,73.645,46.91,45.584999999999994,0,2,0,radio_limited_degradation,normal,statistical_only_retained,1.0,11.911770913594246,0.0,66.46,39.54,54.35,High,Low,0,0,0,0,0,0,0,2,0,0,2,0,False,Not handed off
LTE-TP-EP-000234,542020041221088+20250827112048+Fiji-Nadi-LTE-DL-D!20250827110300,Fiji-Nadi-LTE-DL-D,2025-08-27 01:02:47+02:00,2025-08-27 01:02:48+02:00,2,-17.7751154,177.4880571,-17.7750397,177.4880761,333.0,1850.0,3.0,26.102167,32.8112555,175.3047875,135.7844435,0.22543790482618736,58.08,56.62,61.85,52.385000000000005,70.12,61.795,0,2,0,radio_p75_underperformance,ml_hgb_strict_causal_temporal_underperformance,statistical_only_retained,1.0,25.7480690857423,0.0,51.7,57.52,54.32,Medium,Medium,1,1,0,0,0,0,1,2,0,0,2,3,True,Medium
LTE-TP-EP-000999,542020041221088+20250827161154+Fiji-Nadi-LTE-DL-D!20250827160820,Fiji-Nadi-LTE-DL-D,2025-08-27 06:07:27+02:00,2025-08-27 06:07:27+02:00,1,-17.81285664,177.43696108,-17.81285664,177.43696108,148.0,40790.0,41.0,5.1574,5.1574,49.4498,44.2924,0.10429566954770292,65.58,65.58,69.62,69.62,60.64,60.64,0,1,0,ca_underperformance,normal,statistical_only_retained,0.0,1.7006359853972424,0.0,56.55,51.54,54.3,High,Medium,1,1,1,1,0,0,0,1,0,0,1,4,False,Not handed off
LTE-TP-EP-001926,542020041221088+20250828144059+Fiji-Nadi-LTE-DL-D!20250828144029,Fiji-Nadi-LTE-DL-D,2025-08-28 04:40:16+02:00,2025-08-28 04:40:16+02:00,1,-17.6277231,177.4327816,-17.6277231,177.4327816,354.0,40790.0,41.0,14.580288,14.580288,83.886915,69.306627,0.17380884730353952,65.3,65.3,66.29,66.29,64.1,64.1,0,1,0,ca_underperformance,normal,statistical_only_retained,0.0,0.3350833757456943,0.0,54.05,54.48,54.25,Medium,Medium,1,1,0,1,0,0,0,1,0,0,1,3,False,Not handed off
LTE-TP-EP-001990,542020041221088+20250829102934+Nawaka-LTE-DL!20250829102857,Nawaka-LTE-DL,2025-08-29 00:28:16+02:00,2025-08-29 00:28:16+02:00,1,-17.8128905,177.4432642,-17.8128905,177.4432642,469.0,1850.0,3.0,3.574312,3.574312,,,,64.74,64.74,57.49,57.49,73.6,73.6,0,1,0,radio_limited_degradation,normal,statistical_only_retained,0.0,0.0,0.0,47.45,62.56,54.25,Medium,High,0,0,0,0,0,0,0,0,0,0,0,0,False,Not handed off
LTE-TP-EP-000599,542020041221088+20250827134247+Fiji-Nadi-LTE-DL-D!20250827130749,Fiji-Nadi-LTE-DL-D,2025-08-27 03:07:40+02:00,2025-08-27 03:07:40+02:00,1,-17.77883961,177.43113425,-17.77883961,177.43113425,131.0,356.0,1.0,5.45116,5.45116,24.25530493768791,18.80414493768791,0.22474093869378584,64.19,64.19,49.48,49.48,82.17,82.17,0,1,0,ca_underperformance,normal,statistical_only_retained,0.0,6.8265011650692875,0.0,41.45,69.84,54.23,Medium,High,0,1,1,1,0,0,0,1,1,1,1,3,False,Not handed off
LTE-TP-EP-000645,542020041221088+20250827135108+Fiji-Nadi-LTE-DL-D!20250827132314,Fiji-Nadi-LTE-DL-D,2025-08-27 03:22:16+02:00,2025-08-27 03:22:16+02:00,1,-17.7712606,177.4368713,-17.7712606,177.4368713,339.0,40790.0,41.0,5.448744,5.448744,,,,65.64,65.64,71.93,71.93,57.95,57.95,0,1,0,radio_limited_degradation,normal,statistical_only_retained,0.0,13.660657395707334,0.0,58.28,49.26,54.22,High,Medium,0,0,0,0,0,0,0,1,0,0,1,0,False,Not handed off
LTE-TP-EP-001548,542020041221088+20250828130244+Fiji-Nadi-LTE-DL-D!20250828130228,Fiji-Nadi-LTE-DL-D,2025-08-28 03:01:52+02:00,2025-08-28 03:01:52+02:00,1,-17.6298755,177.4530365,-17.6298755,177.4530365,272.0,40790.0,41.0,0.168752,0.168752,8.807807258261464,8.639055258261465,0.01915936566864762,64.79,64.79,58.89,58.89,72.0,72.0,0,1,0,rolling_local_drop,normal,statistical_only_retained,0.0,10.725107236144762,0.0,48.5,61.2,54.22,Medium,High,0,0,0,0,0,0,0,1,0,0,1,0,False,Not handed off
LTE-TP-EP-001470,542020041221088+20250828124723+Fiji-Nadi-LTE-DL-D!20250828124651,Fiji-Nadi-LTE-DL-D,2025-08-28 02:46:40+02:00,2025-08-28 02:46:42+02:00,3,-17.62936618,177.44973943,-17.6291273,177.4495408,376.0,500.0,1.0,15.58912,27.27784,105.955109,78.677269,0.18220790710074725,62.26,59.60666666666666,64.87,61.01666666666667,60.05,57.876666666666665,0,3,0,rb_conditioned_underperformance,normal,statistical_only_retained,2.0,33.896155676140076,0.0,57.22,50.5,54.2,High,Medium,3,3,0,0,0,0,0,3,0,0,3,6,True,Medium
LTE-TP-EP-000290,542020041221088+20250827115912+Fiji-Nadi-LTE-DL-D!20250827112451,Fiji-Nadi-LTE-DL-D,2025-08-27 01:24:23+02:00,2025-08-27 01:24:23+02:00,1,-17.7697628,177.4387126,-17.7697628,177.4387126,123.0,41384.0,41.0,4.78004,4.78004,12.670020620163562,7.889980620163563,0.3772716827621305,63.83,63.83,44.3,44.3,87.7,87.7,0,1,0,sudden_drop,normal,statistical_only_retained,0.0,19.57062651430511,0.0,37.56,74.54,54.2,Medium,High,0,0,0,0,0,0,0,0,0,0,1,0,False,Not handed off
LTE-TP-EP-000013,542020041221088+20250827094725+Fiji-Nadi-LTE-DL-D!20250827094401,Fiji-Nadi-LTE-DL-D,2025-08-26 23:43:04+02:00,2025-08-26 23:43:04+02:00,1,-17.8157187,177.3958836,-17.8157187,177.3958836,151.0,41186.0,41.0,1.741488,1.741488,,,,65.07,65.07,63.9,63.9,66.49,66.49,0,1,0,radio_limited_degradation,normal,statistical_only_retained,0.0,8.115526987859898,0.0,52.26,56.52,54.18,Medium,Medium,0,0,0,0,0,0,0,1,0,0,1,0,False,Not handed off
LTE-TP-EP-000231,542020041221088+20250827112048+Fiji-Nadi-LTE-DL-D!20250827110300,Fiji-Nadi-LTE-DL-D,2025-08-27 01:01:47+02:00,2025-08-27 01:01:48+02:00,2,-17.7798681,177.4891298,-17.7797854,177.4890947,333.0,1850.0,3.0,18.40588,23.4367525,174.2549025,145.7872775,0.16336771357121505,59.16,58.894999999999996,65.47,59.795,64.15,57.800000000000004,0,2,0,rb_conditioned_underperformance,normal,statistical_only_retained,1.0,28.75362848616207,0.0,55.17,52.94,54.17,High,Medium,2,2,0,0,0,0,0,2,0,0,2,4,True,Medium
LTE-TP-EP-000215,542020041221088+20250827111028+Fiji-Nadi-LTE-DL-D!20250827105621,Fiji-Nadi-LTE-DL-D,2025-08-27 00:55:16+02:00,2025-08-27 00:55:16+02:00,1,-17.7687301,177.4757376,-17.7687301,177.4757376,111.0,41186.0,41.0,23.467728,23.467728,105.7221075,82.2543795,0.2219755976771462,64.9,64.9,62.05,62.05,68.39,68.39,0,1,0,rb_conditioned_underperformance,normal,statistical_only_retained,0.0,7.554356324441699,0.0,50.87,58.13,54.14,Medium,Medium,1,1,0,0,0,0,0,0,0,0,0,2,False,Not handed off
LTE-TP-EP-001775,542020041221088+20250828140337+Fiji-Nadi-LTE-DL-D!20250828140209,Fiji-Nadi-LTE-DL-D,2025-08-28 04:01:25+02:00,2025-08-28 04:01:25+02:00,1,-17.60778231,177.45197301,-17.60778231,177.45197301,183.0,40988.0,41.0,3.689912,3.689912,32.41143,28.721518000000003,0.1138460104969142,64.96,64.96,63.11,63.11,67.21,67.21,0,1,0,ca_underperformance,normal,statistical_only_retained,0.0,0.14682196091109562,0.0,51.67,57.13,54.13,Medium,Medium,1,1,1,1,0,0,0,1,0,0,1,4,False,Not handed off
LTE-TP-EP-001297,542020041221088+20250828121201+Fiji-Nadi-LTE-DL-D!20250828114619,Fiji-Nadi-LTE-DL-D,2025-08-28 01:45:48+02:00,2025-08-28 01:45:48+02:00,1,-17.6032307,177.4537385,-17.6032307,177.4537385,184.0,41384.0,41.0,1.246504,1.246504,,,,65.06,65.06,65.64,65.64,64.36,64.36,0,1,0,radio_limited_degradation,normal,statistical_only_retained,0.0,5.264818003463246,0.0,53.57,54.71,54.08,Medium,Medium,0,0,0,0,0,0,0,0,0,0,0,0,False,Not handed off
LTE-TP-EP-000816,542020041221088+20250827150031+Fiji-Nadi-LTE-DL-D!20250827150011,Fiji-Nadi-LTE-DL-D,2025-08-27 05:00:10+02:00,2025-08-27 05:00:10+02:00,1,-17.7686127,177.475643,-17.7686127,177.475643,111.0,41384.0,41.0,13.495168,13.495168,70.7488185,57.2536505,0.19074760944594432,64.73,64.73,60.63,60.63,69.75,69.75,0,1,0,ca_underperformance,normal,statistical_only_retained,0.0,5.828767067152016,0.0,49.81,59.29,54.07,Medium,Medium,1,1,0,1,0,0,0,1,0,0,1,3,False,Not handed off
LTE-TP-EP-001841,542020041221088+20250828141358+Fiji-Nadi-LTE-DL-D!20250828141324,Fiji-Nadi-LTE-DL-D,2025-08-28 04:12:47+02:00,2025-08-28 04:12:47+02:00,1,-17.61455896,177.46295876,-17.61455896,177.46295876,179.0,41384.0,41.0,5.714088,5.714088,38.729599,33.015511000000004,0.14753801091511431,64.66,64.66,60.76,60.76,69.42,69.42,0,1,0,ca_underperformance,normal,statistical_only_retained,0.0,0.45986440705744114,0.0,49.91,59.01,54.0,Medium,Medium,1,1,1,1,0,0,0,0,0,0,1,4,False,Not handed off
LTE-TP-EP-001152,542020041221088+20250828113351+Fiji-Nadi-LTE-DL-D!20250828110026,Fiji-Nadi-LTE-DL-D,2025-08-28 00:59:57+02:00,2025-08-28 00:59:58+02:00,2,-17.6364176,177.4572076,-17.63641775,177.45720848,165.0,40790.0,41.0,6.547704,8.173924,62.203377,52.403233,0.15755003140745877,63.65,62.14,68.08,66.42,58.24,56.915000000000006,0,2,0,ca_underperformance,normal,statistical_only_retained,1.0,25.505447278631642,0.0,57.93,49.17,53.99,High,Medium,1,1,1,1,0,0,0,2,0,0,2,4,True,Medium
LTE-TP-EP-000528,542020041221088+20250827133105+Fiji-Nadi-LTE-DL-D!20250827124329,Fiji-Nadi-LTE-DL-D,2025-08-27 02:42:48+02:00,2025-08-27 02:42:48+02:00,1,-17.80569135,177.4148998,-17.80569135,177.4148998,144.0,41384.0,41.0,2.6974,2.6974,15.95345751484537,13.25605751484537,0.16907933577971765,64.76,64.76,62.71,62.71,67.27,67.27,0,1,0,sudden_drop,normal,statistical_only_retained,0.0,0.05664574555050465,0.0,51.37,57.18,53.98,Medium,Medium,0,0,0,0,0,0,0,0,0,0,1,0,False,Not handed off
LTE-TP-EP-001076,542020041221088+20250828103907+Fiji-Nadi-LTE-DL-D!20250828103834,Fiji-Nadi-LTE-DL-D,2025-08-28 00:38:14+02:00,2025-08-28 00:38:14+02:00,1,-17.6644802,177.4063227,-17.6644802,177.4063227,455.0,1850.0,3.0,18.870289,18.870289,117.84952050000001,98.97923150000001,0.16012189884132788,65.03,65.03,67.07,67.07,62.54,62.54,0,1,0,rb_conditioned_underperformance,normal,statistical_only_retained,0.0,25.284051169697886,0.0,54.64,53.16,53.97,Medium,Medium,1,1,0,0,0,0,0,0,0,0,1,2,False,Not handed off
LTE-TP-EP-001687,542020041221088+20250828134436+Fiji-Nadi-LTE-DL-D!20250828133934,Fiji-Nadi-LTE-DL-D,2025-08-28 03:38:38+02:00,2025-08-28 03:38:38+02:00,1,-17.62456613,177.45533281,-17.62456613,177.45533281,231.0,41186.0,41.0,1.791096,1.791096,15.272032123637173,13.480936123637173,0.11727948091648162,64.54,64.54,59.48,59.48,70.73,70.73,0,1,0,sudden_drop,normal,statistical_only_retained,0.0,0.13061947089918557,0.0,48.95,60.12,53.97,Medium,High,0,0,0,0,0,0,0,0,0,0,1,0,False,Not handed off
LTE-TP-EP-001875,542020041221088+20250828142258+Fiji-Nadi-LTE-DL-D!20250828142226,Fiji-Nadi-LTE-DL-D,2025-08-28 04:22:01+02:00,2025-08-28 04:22:01+02:00,1,-17.6050282,177.4535265,-17.6050282,177.4535265,183.0,41384.0,41.0,0.469448,0.469448,11.554730683084758,11.085282683084758,0.04062820786357539,64.89,64.89,65.0,65.0,64.75,64.75,0,1,0,sudden_drop,normal,statistical_only_retained,0.0,9.800555496618488,0.0,53.09,55.04,53.96,Medium,Medium,0,0,0,0,0,0,0,0,0,0,0,0,False,Not handed off
LTE-TP-EP-001951,542020041221088+20250828153922+Fiji-Nadi-LTE-DL-D!20250828152928,Fiji-Nadi-LTE-DL-D,2025-08-28 05:28:35+02:00,2025-08-28 05:28:35+02:00,1,-17.6794135,177.4090542,-17.6794135,177.4090542,454.0,1850.0,3.0,16.935465,16.935465,56.31303232959526,39.37756732959526,0.3007379339986205,64.04,64.04,52.78,52.78,77.8,77.8,0,1,0,rb_conditioned_underperformance,ml_hgb_strict_causal_temporal_underperformance,statistical_only_retained,0.0,15.4251818514694,0.0,43.92,66.13,53.92,Medium,High,1,1,0,0,0,0,1,1,0,1,1,3,False,Not handed off
LTE-TP-EP-001995,542020041221088+20250829103154+Nawaka-LTE-DL!20250829103112,Nawaka-LTE-DL,2025-08-29 00:30:57+02:00,2025-08-29 00:30:57+02:00,1,-17.8128906,177.4432646,-17.8128906,177.4432646,469.0,1850.0,3.0,0.430832,0.430832,,,,65.07,65.07,68.49,68.49,60.88,60.88,0,1,0,radio_limited_degradation,normal,statistical_only_retained,0.0,0.0,0.0,55.7,51.75,53.92,High,Medium,0,0,0,0,0,0,0,0,0,0,0,0,False,Not handed off
LTE-TP-EP-001708,542020041221088+20250828134936+Fiji-Nadi-LTE-DL-D!20250828134405,Fiji-Nadi-LTE-DL-D,2025-08-28 03:43:44+02:00,2025-08-28 03:43:44+02:00,1,-17.6138404,177.44955657,-17.6138404,177.44955657,182.0,41384.0,41.0,9.407216,9.407216,60.15991375,50.75269775,0.15637017099280665,64.77,64.77,64.5,64.5,65.11,65.11,0,1,0,ca_underperformance,normal,statistical_only_retained,0.0,0.0690081663857818,0.0,52.71,55.34,53.9,Medium,Medium,1,1,1,1,0,0,0,1,0,0,1,4,False,Not handed off
LTE-TP-EP-001792,542020041221088+20250828140718+Fiji-Nadi-LTE-DL-D!20250828140641,Fiji-Nadi-LTE-DL-D,2025-08-28 04:04:57+02:00,2025-08-28 04:04:58+02:00,2,-17.60561717,177.45243895,-17.6056234,177.45247726,183.0,41186.0,41.0,1.508616,1.809688,12.263519694686089,10.15275969468609,0.1721169821184871,63.96,59.69,64.72,58.489999999999995,63.04,61.165,0,2,0,radio_limited_degradation,normal,statistical_only_retained,1.0,4.1405136128108175,0.0,54.5,53.12,53.88,Medium,Medium,0,0,0,0,0,0,0,0,0,0,0,0,True,Medium
LTE-TP-EP-000941,542020041221088+20250827155633+Fiji-Nadi-LTE-DL-D!20250827154210,Fiji-Nadi-LTE-DL-D,2025-08-27 05:40:52+02:00,2025-08-27 05:40:52+02:00,1,-17.739114,177.45850067,-17.739114,177.45850067,487.0,41384.0,41.0,3.287344,3.287344,,,,66.27,66.27,88.49,88.49,39.11,39.11,0,1,0,radio_limited_degradation,normal,statistical_only_retained,0.0,0.003177245996068413,0.0,70.7,33.24,53.85,High,Low,0,0,0,0,0,0,0,0,0,0,0,0,False,Not handed off
LTE-TP-EP-000451,542020041221088+20250827131243+Fiji-Nadi-LTE-DL-D!20250827120629,Fiji-Nadi-LTE-DL-D,2025-08-27 02:05:08+02:00,2025-08-27 02:05:08+02:00,1,-17.7776843,177.3775432,-17.7776843,177.3775432,158.0,40790.0,41.0,2.324944,2.324944,,,,65.9,65.9,82.86,82.86,45.17,45.17,0,1,0,radio_limited_degradation,normal,statistical_only_retained,0.0,9.784470740234504,0.0,66.48,38.39,53.84,High,Low,0,0,0,0,0,0,0,1,0,0,1,0,False,Not handed off
LTE-TP-EP-000592,542020041221088+20250827134247+Fiji-Nadi-LTE-DL-D!20250827130749,Fiji-Nadi-LTE-DL-D,2025-08-27 03:06:24+02:00,2025-08-27 03:06:24+02:00,1,-17.7807159,177.430205,-17.7807159,177.430205,394.0,40790.0,41.0,26.46248,26.46248,119.0290425,92.5665625,0.22231952340539074,64.55,64.55,62.03,62.03,67.64,67.64,0,1,0,rb_conditioned_underperformance,normal,statistical_only_retained,0.0,1.656305711657659,0.0,50.86,57.49,53.84,Medium,Medium,1,1,0,0,0,0,0,0,0,0,1,2,False,Not handed off
LTE-TP-EP-001485,542020041221088+20250828125203+Fiji-Nadi-LTE-DL-D!20250828125121,Fiji-Nadi-LTE-DL-D,2025-08-28 02:50:10+02:00,2025-08-28 02:50:10+02:00,1,-17.6313048,177.45449737,-17.6313048,177.45449737,165.0,500.0,1.0,16.745647,16.745647,105.955109,89.20946199999999,0.15804473383157014,64.93,64.93,69.85,69.85,58.91,58.91,0,1,0,rb_conditioned_underperformance,normal,statistical_only_retained,0.0,0.20028856084592647,0.0,56.72,50.07,53.73,High,Medium,1,1,0,0,0,0,0,0,0,0,1,2,False,Not handed off
LTE-TP-EP-001563,542020041221088+20250828131005+Fiji-Nadi-LTE-DL-D!20250828130912,Fiji-Nadi-LTE-DL-D,2025-08-28 03:07:23+02:00,2025-08-28 03:07:23+02:00,1,-17.6288449,177.4629221,-17.6288449,177.4629221,254.0,40988.0,41.0,27.501225,27.501225,82.8002818238406,55.2990568238406,0.3321392680584041,63.94,63.94,54.62,54.62,75.32,75.32,0,1,0,sudden_drop,ml_hgb_strict_causal_temporal_underperformance,statistical_only_retained,0.0,3.8788547876673527,0.0,45.3,64.02,53.73,Medium,High,0,0,0,0,0,0,1,0,0,0,1,1,False,Not handed off
LTE-TP-EP-001954,542020041221088+20250828153922+Fiji-Nadi-LTE-DL-D!20250828152928,Fiji-Nadi-LTE-DL-D,2025-08-28 05:29:17+02:00,2025-08-28 05:29:17+02:00,1,-17.6845228,177.4093122,-17.6845228,177.4093122,454.0,9310.0,28.0,23.027088,23.027088,78.63960644981252,55.61251844981252,0.2928179455564264,64.06,64.06,56.58,56.58,73.21,73.21,0,1,0,sudden_drop,ml_hgb_strict_causal_temporal_underperformance,statistical_only_retained,0.0,13.00379830778497,0.0,46.77,62.23,53.73,Medium,High,0,0,0,0,0,0,1,0,0,0,1,1,False,Not handed off
LTE-TP-EP-000393,542020041221088+20250827123517+Fiji-Nadi-LTE-DL-D!20250827114634,Fiji-Nadi-LTE-DL-D,2025-08-27 01:44:48+02:00,2025-08-27 01:44:48+02:00,1,-17.7854355,177.3916431,-17.7854355,177.3916431,138.0,1850.0,3.0,4.01796,4.01796,,,,65.96,65.96,85.94,85.94,41.53,41.53,0,1,0,radio_limited_degradation,normal,statistical_only_retained,0.0,27.050628332055187,0.0,68.79,35.3,53.72,High,Low,0,0,0,0,0,0,0,1,0,1,1,0,False,Not handed off
LTE-TP-EP-001220,542020041221088+20250828114252+Fiji-Nadi-LTE-DL-D!20250828111332,Fiji-Nadi-LTE-DL-D,2025-08-28 01:13:24+02:00,2025-08-28 01:13:24+02:00,1,-17.6025331,177.4842351,-17.6025331,177.4842351,373.0,356.0,1.0,4.675312,4.675312,,,,63.85,63.85,53.64,53.64,76.33,76.33,0,1,0,radio_limited_degradation,normal,statistical_only_retained,0.0,17.761960672844108,0.0,44.57,64.88,53.71,Medium,High,0,0,0,0,0,0,0,1,0,0,1,0,False,Not handed off
LTE-TP-EP-000647,542020041221088+20250827135108+Fiji-Nadi-LTE-DL-D!20250827132314,Fiji-Nadi-LTE-DL-D,2025-08-27 03:22:22+02:00,2025-08-27 03:22:23+02:00,2,-17.7715334,177.436537,-17.77159896,177.43645341,123.0,40790.0,41.0,4.154576,4.528912,,,,62.84,61.335,76.46,75.15,49.4,44.45,0,2,0,radio_limited_degradation,normal,statistical_only_retained,1.0,22.276280361357763,0.0,64.29,40.75,53.7,High,Medium,0,0,0,0,0,0,0,2,0,0,2,0,True,Medium
LTE-TP-EP-001415,542020041221088+20250828123823+Fiji-Nadi-LTE-DL-D!20250828123754,Fiji-Nadi-LTE-DL-D,2025-08-28 02:36:35+02:00,2025-08-28 02:36:36+02:00,2,-17.6277276,177.442399,-17.6276726,177.4423935,385.0,41384.0,41.0,2.66284,5.164384,47.0651145,39.3991865,0.16287919580010796,62.74,61.59,60.68,60.65,65.34,62.745000000000005,0,2,0,ca_underperformance,normal,statistical_only_retained,1.0,12.781821143266793,0.0,52.71,54.89,53.69,Medium,Medium,1,1,1,1,0,0,0,2,0,0,2,4,True,Medium
LTE-TP-EP-001804,542020041221088+20250828140938+Fiji-Nadi-LTE-DL-D!20250828140855,Fiji-Nadi-LTE-DL-D,2025-08-28 04:07:05+02:00,2025-08-28 04:07:05+02:00,1,-17.60788926,177.45073109,-17.60788926,177.45073109,140.0,500.0,1.0,11.659696,11.659696,59.31967,47.659974000000005,0.1965569936582587,64.1,64.1,57.79,57.79,71.81,71.81,0,1,0,ca_underperformance,ml_hgb_strict_causal_temporal_underperformance,statistical_only_retained,0.0,3.3670547635481407,0.0,47.68,61.04,53.69,Medium,High,1,1,0,1,0,0,1,0,0,0,1,4,False,Not handed off
LTE-TP-EP-000643,542020041221088+20250827135108+Fiji-Nadi-LTE-DL-D!20250827132314,Fiji-Nadi-LTE-DL-D,2025-08-27 03:21:55+02:00,2025-08-27 03:21:55+02:00,1,-17.77235009,177.43856157,-17.77235009,177.43856157,339.0,41384.0,41.0,4.17916,4.17916,38.729599,34.550439,0.1079061004478771,64.61,64.61,65.76,65.76,63.2,63.2,0,1,0,ca_underperformance,normal,statistical_only_retained,0.0,6.633363722340177,0.0,53.66,53.72,53.68,Medium,Medium,1,1,1,1,0,0,0,1,0,0,1,4,False,Not handed off
LTE-TP-EP-001808,542020041221088+20250828140938+Fiji-Nadi-LTE-DL-D!20250828140855,Fiji-Nadi-LTE-DL-D,2025-08-28 04:07:59+02:00,2025-08-28 04:07:59+02:00,1,-17.6095813,177.4534374,-17.6095813,177.4534374,182.0,40988.0,41.0,15.087448,15.087448,65.36004299999999,50.27259499999999,0.23083595584537792,63.77,63.77,52.81,52.81,77.16,77.16,0,1,0,rb_conditioned_underperformance,ml_hgb_strict_causal_temporal_underperformance,statistical_only_retained,0.0,15.22116684640708,0.0,43.94,65.59,53.68,Medium,High,1,1,0,0,0,0,1,1,0,0,1,3,False,Not handed off
LTE-TP-EP-000104,542020041221088+20250827102926+Fiji-Nadi-LTE-DL-D!20250827102813,Fiji-Nadi-LTE-DL-D,2025-08-27 00:26:34+02:00,2025-08-27 00:26:34+02:00,1,-17.8097764,177.43301064,-17.8097764,177.43301064,395.0,500.0,1.0,4.639416,4.639416,,,,64.39,64.39,62.76,62.76,66.39,66.39,0,1,0,radio_limited_degradation,normal,statistical_only_retained,0.0,7.706819521233961,0.0,51.41,56.43,53.67,Medium,Medium,0,0,0,0,0,0,0,1,0,0,1,0,False,Not handed off
LTE-TP-EP-001973,542020041221088+20250829102513+Nawaka-LTE-DL!20250829102435,Nawaka-LTE-DL,2025-08-29 00:23:45+02:00,2025-08-29 00:23:45+02:00,1,-17.8128907,177.4432633,-17.8128907,177.4432633,469.0,9310.0,28.0,4.071448,4.071448,,,,65.86,65.86,85.75,85.75,41.56,41.56,0,1,0,radio_limited_degradation,normal,statistical_only_retained,0.0,0.0105864478547108,0.0,68.65,35.33,53.65,High,Low,0,0,0,0,0,0,0,0,0,0,0,0,False,Not handed off
LTE-TP-EP-001957,542020041221088+20250828154002+Fiji-Nadi-LTE-DL-D!20250828153143,Fiji-Nadi-LTE-DL-D,2025-08-28 05:30:13+02:00,2025-08-28 05:30:13+02:00,1,-17.6877815,177.4108275,-17.6877815,177.4108275,453.0,9310.0,28.0,3.977672,3.977672,17.25053832185752,13.272866321857519,0.23058248535699544,63.7,63.7,52.86,52.86,76.96,76.96,0,1,0,rb_efficiency_underperformance,normal,statistical_only_retained,0.0,8.566011213742987,0.0,43.98,65.42,53.63,Medium,High,0,0,1,0,0,0,0,1,0,0,1,1,False,Not handed off
LTE-TP-EP-000800,542020041221088+20250827145151+Fiji-Nadi-LTE-DL-D!20250827145113,Fiji-Nadi-LTE-DL-D,2025-08-27 04:49:51+02:00,2025-08-27 04:49:51+02:00,1,-17.7654435,177.4658906,-17.7654435,177.4658906,487.0,41384.0,41.0,0.001264,0.001264,,,,64.8,64.8,70.0,70.0,58.44,58.44,0,1,0,radio_limited_degradation,normal,statistical_only_retained,0.0,12.781642460955876,0.0,56.84,49.67,53.61,High,Medium,0,0,0,0,0,0,0,1,1,1,1,0,False,Not handed off
LTE-TP-EP-001505,542020041221088+20250828125404+Fiji-Nadi-LTE-DL-D!20250828125334,Fiji-Nadi-LTE-DL-D,2025-08-28 02:52:34+02:00,2025-08-28 02:52:34+02:00,1,-17.63309209,177.45443917,-17.63309209,177.45443917,167.0,40988.0,41.0,10.105568,10.105568,64.715159,54.609591,0.1561545726867487,64.5,64.5,65.56,65.56,63.21,63.21,0,1,0,rb_conditioned_underperformance,ml_hgb_resource_conditioned_underperformance,statistical_only_retained,0.0,8.775873056139238,0.0,53.51,53.73,53.61,Medium,Medium,1,1,0,0,0,1,0,0,0,0,1,3,False,Not handed off
LTE-TP-EP-000551,542020041221088+20250827133406+Fiji-Nadi-LTE-DL-D!20250827125219,Fiji-Nadi-LTE-DL-D,2025-08-27 02:50:50+02:00,2025-08-27 02:50:50+02:00,1,-17.8000812,177.4179247,-17.8000812,177.4179247,147.0,40988.0,41.0,2.12384,2.12384,,,,65.66,65.66,83.57,83.57,43.78,43.78,0,1,0,radio_limited_degradation,normal,statistical_only_retained,0.0,6.926505516458304,0.0,67.01,37.21,53.6,High,Low,0,0,0,0,0,0,0,1,0,0,1,0,False,Not handed off
LTE-TP-EP-001694,542020041221088+20250828134616+Fiji-Nadi-LTE-DL-D!20250828134149,Fiji-Nadi-LTE-DL-D,2025-08-28 03:40:32+02:00,2025-08-28 03:40:32+02:00,1,-17.61791516,177.44889691,-17.61791516,177.44889691,232.0,41384.0,41.0,16.36572,16.36572,105.95971,89.59399,0.15445229134734326,64.82,64.82,70.53,70.53,57.83,57.83,0,1,0,rb_conditioned_underperformance,normal,statistical_only_retained,0.0,9.962084145496481,0.0,57.23,49.16,53.6,High,Medium,1,1,0,0,0,0,0,1,0,0,1,2,False,Not handed off
LTE-TP-EP-001688,542020041221088+20250828134436+Fiji-Nadi-LTE-DL-D!20250828133934,Fiji-Nadi-LTE-DL-D,2025-08-28 03:39:26+02:00,2025-08-28 03:39:27+02:00,2,-17.62316597,177.45361297,-17.62310823,177.45349728,168.0,41186.0,41.0,2.968336,10.755399500000001,70.787155,52.244692,0.26194671900572924,64.32,57.77499999999999,68.61,58.135,59.08,57.335,0,2,0,radio_limited_degradation,normal,statistical_only_retained,1.0,27.768988612915898,0.0,56.57,49.78,53.51,High,Medium,1,1,0,0,0,0,0,2,0,0,2,2,True,Medium
LTE-TP-EP-000885,542020041221088+20250827152532+Fiji-Nadi-LTE-DL-D!20250827152209,Fiji-Nadi-LTE-DL-D,2025-08-27 05:20:21+02:00,2025-08-27 05:20:21+02:00,1,-17.7425036,177.44222108,-17.7425036,177.44222108,120.0,40790.0,41.0,4.672568,4.672568,,,,63.56,63.56,53.65,53.65,75.67,75.67,0,1,0,radio_limited_degradation,normal,statistical_only_retained,0.0,0.040535220359310155,0.0,44.57,64.32,53.46,Medium,High,0,0,0,0,0,0,0,0,0,0,1,0,False,Not handed off
LTE-TP-EP-001665,542020041221088+20250828134116+Fiji-Nadi-LTE-DL-D!20250828133502,Fiji-Nadi-LTE-DL-D,2025-08-28 03:33:05+02:00,2025-08-28 03:33:06+02:00,2,-17.6139417,177.46146045,-17.61398506,177.46157027,353.0,40988.0,41.0,10.429296,11.37856,64.715159,54.285863,0.16115692460865313,63.39,59.745000000000005,64.71,62.19,61.78,56.760000000000005,0,2,0,ca_underperformance,normal,statistical_only_retained,1.0,25.179673392402854,0.0,55.23,51.26,53.44,High,Medium,2,2,0,2,0,0,0,2,0,0,2,6,True,Medium
LTE-TP-EP-001089,542020041221088+20250828104327+Fiji-Nadi-LTE-DL-D!20250828104254,Fiji-Nadi-LTE-DL-D,2025-08-28 00:41:58+02:00,2025-08-28 00:41:59+02:00,2,-17.64471657,177.41663953,-17.6445902,177.4168763,356.0,41186.0,41.0,8.918272,10.547128,54.170067,45.251795,0.1646346865326934,59.13,58.75,61.87,57.269999999999996,65.33,60.56,0,2,0,ca_underperformance,normal,statistical_only_retained,1.0,43.227730203450015,0.0,52.69,54.34,53.43,Medium,Medium,2,2,1,2,0,0,0,2,0,0,2,7,True,Medium
LTE-TP-EP-001647,542020041221088+20250828133816+Fiji-Nadi-LTE-DL-D!20250828132818,Fiji-Nadi-LTE-DL-D,2025-08-28 03:27:11+02:00,2025-08-28 03:27:11+02:00,1,-17.61492292,177.46522133,-17.61492292,177.46522133,179.0,40790.0,41.0,5.678752,5.678752,,,,65.23,65.23,80.12,80.12,47.02,47.02,0,1,0,radio_limited_degradation,normal,statistical_only_retained,0.0,9.359853358502848,0.0,64.43,39.97,53.42,High,Low,0,0,0,0,0,0,0,0,0,0,1,0,False,Not handed off
LTE-TP-EP-000539,542020041221088+20250827133206+Fiji-Nadi-LTE-DL-D!20250827125008,Fiji-Nadi-LTE-DL-D,2025-08-27 02:49:15+02:00,2025-08-27 02:49:15+02:00,1,-17.8015836,177.4160705,-17.8015836,177.4160705,147.0,41384.0,41.0,8.972592,8.972592,,,,64.45,64.45,68.6,68.6,59.37,59.37,0,1,0,radio_limited_degradation,normal,statistical_only_retained,0.0,0.48971632999592335,0.0,55.79,50.46,53.39,High,Medium,0,0,0,0,0,0,0,0,0,0,1,0,False,Not handed off
LTE-TP-EP-001222,542020041221088+20250828114432+Fiji-Nadi-LTE-DL-D!20250828111543,Fiji-Nadi-LTE-DL-D,2025-08-28 01:14:44+02:00,2025-08-28 01:14:44+02:00,1,-17.5984571,177.4966954,-17.5984571,177.4966954,495.0,356.0,1.0,14.492184,14.492184,40.04547720717156,25.553293207171556,0.36189315275295714,63.02,63.02,46.84,46.84,82.8,82.8,0,1,0,radio_limited_degradation,normal,statistical_only_retained,0.0,33.711290660179316,0.0,39.47,70.38,53.38,Medium,High,0,0,0,0,0,0,0,0,0,0,1,0,False,Not handed off
LTE-TP-EP-000221,542020041221088+20250827111428+Fiji-Nadi-LTE-DL-D!20250827105835,Fiji-Nadi-LTE-DL-D,2025-08-27 00:57:42+02:00,2025-08-27 00:57:42+02:00,1,-17.77752513,177.47778335,-17.77752513,177.47778335,81.0,40790.0,41.0,10.326048,10.326048,60.347314999999995,50.021266999999995,0.17111031369001256,64.0,64.0,62.12,62.12,66.29,66.29,0,1,0,ca_underperformance,normal,statistical_only_retained,0.0,10.821229644036059,0.0,50.93,56.35,53.37,Medium,Medium,1,1,0,1,0,0,0,1,0,0,1,3,False,Not handed off
LTE-TP-EP-000278,542020041221088+20250827115331+Fiji-Nadi-LTE-DL-D!20250827112239,Fiji-Nadi-LTE-DL-D,2025-08-27 01:21:51+02:00,2025-08-27 01:21:51+02:00,1,-17.76502008,177.44565153,-17.76502008,177.44565153,124.0,41384.0,41.0,35.48208,35.48208,121.14346,85.66138000000001,0.29289307074438853,63.73,63.73,57.91,57.91,70.85,70.85,0,1,0,rb_conditioned_underperformance,normal,statistical_only_retained,0.0,9.05078582362767,0.0,47.77,60.22,53.37,Medium,High,1,1,0,0,0,0,0,1,0,0,1,2,False,Not handed off
LTE-TP-EP-000554,542020041221088+20250827133446+Fiji-Nadi-LTE-DL-D!20250827125432,Fiji-Nadi-LTE-DL-D,2025-08-27 02:53:58+02:00,2025-08-27 02:53:58+02:00,1,-17.80346673,177.41479302,-17.80346673,177.41479302,331.0,1850.0,3.0,11.38088,11.38088,50.62939882170112,39.248518821701126,0.2247879742771476,63.98,63.98,61.83,61.83,66.61,66.61,0,1,0,sudden_drop,normal,statistical_only_retained,0.0,3.4559355049917047,0.0,50.71,56.62,53.37,Medium,Medium,0,0,0,0,0,0,0,1,0,0,1,0,False,Not handed off
LTE-TP-EP-000634,542020041221088+20250827134908+Fiji-Nadi-LTE-DL-D!20250827131851,Fiji-Nadi-LTE-DL-D,2025-08-27 03:18:37+02:00,2025-08-27 03:18:38+02:00,2,-17.77081399,177.4393515,-17.77085872,177.43938583,123.0,41384.0,41.0,5.054024,7.391252,38.729599,29.001119000000003,0.25118979414168474,59.76,55.5,73.31,60.5,55.59,49.39,0,2,0,ca_underperformance,normal,statistical_only_retained,1.0,12.891725404876011,0.0,59.63,45.7,53.36,High,Medium,1,1,1,1,0,0,0,2,0,0,2,4,True,Medium
LTE-TP-EP-001972,542020041221088+20250829102513+Nawaka-LTE-DL!20250829102435,Nawaka-LTE-DL,2025-08-29 00:23:36+02:00,2025-08-29 00:23:36+02:00,1,-17.8128907,177.4432632,-17.8128907,177.4432632,469.0,9310.0,28.0,4.275,4.275,,,,65.47,65.47,85.04,85.04,41.56,41.56,0,1,0,radio_limited_degradation,normal,statistical_only_retained,0.0,0.0,0.0,68.12,35.33,53.36,High,Low,0,0,0,0,0,0,0,0,0,0,1,0,False,Not handed off
LTE-TP-EP-000140,542020041221088+20250827103926+Fiji-Nadi-LTE-DL-D!20250827103843,Fiji-Nadi-LTE-DL-D,2025-08-27 00:37:34+02:00,2025-08-27 00:37:34+02:00,1,-17.81228968,177.43440274,-17.81228968,177.43440274,395.0,9310.0,28.0,2.524224,2.524224,,,,65.84,65.84,91.17,91.17,34.87,34.87,0,1,0,radio_limited_degradation,normal,statistical_only_retained,0.0,9.828653210418057,0.0,72.71,29.64,53.33,High,Low,0,0,0,0,0,0,0,1,0,0,1,0,False,Not handed off
LTE-TP-EP-000544,542020041221088+20250827133206+Fiji-Nadi-LTE-DL-D!20250827125008,Fiji-Nadi-LTE-DL-D,2025-08-27 02:49:40+02:00,2025-08-27 02:49:40+02:00,1,-17.801391,177.4161423,-17.801391,177.4161423,146.0,41384.0,41.0,2.591552,2.591552,,,,65.82,65.82,90.93,90.93,35.14,35.14,0,1,0,radio_limited_degradation,normal,statistical_only_retained,0.0,3.1099973518129382,0.0,72.53,29.87,53.33,High,Low,0,0,0,0,0,0,0,1,0,0,1,0,False,Not handed off
LTE-TP-EP-001761,542020041221088+20250828140157+Fiji-Nadi-LTE-DL-D!20250828135953,Fiji-Nadi-LTE-DL-D,2025-08-28 03:58:42+02:00,2025-08-28 03:58:43+02:00,2,-17.60721997,177.45694394,-17.60717796,177.45693307,196.0,500.0,1.0,40.351593,42.071953,176.8458,136.494207,0.22817388368850153,62.25,60.04,61.69,61.12,64.33,58.724999999999994,0,2,0,radio_p75_underperformance,normal,statistical_only_retained,1.0,5.514712060509649,0.0,53.36,53.28,53.32,Medium,Medium,2,0,0,0,0,0,0,2,0,0,2,2,True,Medium
LTE-TP-EP-000625,542020041221088+20250827134808+Fiji-Nadi-LTE-DL-D!20250827131638,Fiji-Nadi-LTE-DL-D,2025-08-27 03:14:49+02:00,2025-08-27 03:14:51+02:00,3,-17.77009179,177.4357823,-17.77001618,177.43565756,339.0,1850.0,3.0,7.04532,7.12268,,,,61.19,58.723333333333336,66.34,65.83333333333333,56.43,50.03666666666667,0,3,0,radio_limited_degradation,normal,statistical_only_retained,2.0,15.730333367015959,0.0,58.99,46.37,53.31,High,Medium,0,0,0,0,0,0,0,3,0,0,3,0,True,Medium
LTE-TP-EP-000982,542020041221088+20250827161114+Fiji-Nadi-LTE-DL-D!20250827160608,Fiji-Nadi-LTE-DL-D,2025-08-27 06:05:43+02:00,2025-08-27 06:05:43+02:00,1,-17.81170385,177.43971302,-17.81170385,177.43971302,469.0,1850.0,3.0,3.21004,3.21004,,,,65.07,65.07,79.76,79.76,47.12,47.12,0,1,0,radio_limited_degradation,normal,statistical_only_retained,0.0,3.0554963741801515,0.0,64.16,40.05,53.31,High,Medium,0,0,0,0,0,0,0,0,0,0,0,0,False,Not handed off
LTE-TP-EP-001112,542020041221088+20250828104747+Fiji-Nadi-LTE-DL-D!20250828104718,Fiji-Nadi-LTE-DL-D,2025-08-28 00:47:07+02:00,2025-08-28 00:47:07+02:00,1,-17.64586937,177.43624855,-17.64586937,177.43624855,163.0,41384.0,41.0,21.702576,21.702576,105.95971,84.25713400000001,0.20481913361220033,63.96,63.96,63.05,63.05,65.08,65.08,0,1,0,rb_conditioned_underperformance,normal,statistical_only_retained,0.0,11.173758433237966,0.0,51.62,55.32,53.29,Medium,Medium,1,1,0,0,0,0,0,1,0,0,1,2,False,Not handed off
LTE-TP-EP-000199,542020041221088+20250827110647+Fiji-Nadi-LTE-DL-D!20250827105407,Fiji-Nadi-LTE-DL-D,2025-08-27 00:52:19+02:00,2025-08-27 00:52:19+02:00,1,-17.7619771,177.4650824,-17.7619771,177.4650824,112.0,9310.0,28.0,1.586352,1.586352,,,,65.41,65.41,85.45,85.45,40.92,40.92,0,1,0,radio_limited_degradation,normal,statistical_only_retained,0.0,5.724087450695604,0.0,68.42,34.78,53.28,High,Low,0,0,0,0,0,0,0,1,0,0,1,0,False,Not handed off
LTE-TP-EP-001179,542020041221088+20250828113631+Fiji-Nadi-LTE-DL-D!20250828110448,Fiji-Nadi-LTE-DL-D,2025-08-28 01:03:36+02:00,2025-08-28 01:03:36+02:00,1,-17.63820679,177.47289123,-17.63820679,177.47289123,377.0,356.0,1.0,2.661696,2.661696,,,,65.72,65.72,90.68,90.68,35.21,35.21,0,1,0,radio_limited_degradation,normal,statistical_only_retained,0.0,0.02711162446772976,0.0,72.35,29.93,53.26,High,Low,0,0,0,0,0,0,0,1,0,0,1,0,False,Not handed off
LTE-TP-EP-001847,542020041221088+20250828141358+Fiji-Nadi-LTE-DL-D!20250828141324,Fiji-Nadi-LTE-DL-D,2025-08-28 04:13:25+02:00,2025-08-28 04:13:25+02:00,1,-17.6138031,177.46012049,-17.6138031,177.46012049,179.0,41384.0,41.0,4.582264,4.582264,,,,65.26,65.26,83.96,83.96,42.41,42.41,0,1,0,radio_limited_degradation,normal,statistical_only_retained,0.0,0.15108038700797927,0.0,67.31,36.05,53.24,High,Low,0,0,0,0,0,0,0,0,0,0,1,0,False,Not handed off
LTE-TP-EP-000246,542020041221088+20250827112649+Fiji-Nadi-LTE-DL-D!20250827110516,Fiji-Nadi-LTE-DL-D,2025-08-27 01:05:11+02:00,2025-08-27 01:05:11+02:00,1,-17.7633849,177.487468,-17.7633849,177.487468,108.0,40790.0,41.0,7.264528,7.264528,49.4498,42.185272000000005,0.14690712601466538,63.91,63.91,63.44,63.44,64.49,64.49,0,1,0,rb_efficiency_underperformance,normal,statistical_only_retained,0.0,8.901721331585842,0.0,51.92,54.82,53.22,Medium,Medium,1,1,1,0,0,0,0,1,0,0,1,3,False,Not handed off
LTE-TP-EP-000524,542020041221088+20250827133005+Fiji-Nadi-LTE-DL-D!20250827124117,Fiji-Nadi-LTE-DL-D,2025-08-27 02:39:49+02:00,2025-08-27 02:39:49+02:00,1,-17.8070166,177.4180002,-17.8070166,177.4180002,149.0,41384.0,41.0,36.96901,36.96901,121.14346,84.17445000000001,0.3051671959840011,63.5,63.5,57.2,57.2,71.21,71.21,0,1,0,radio_p75_underperformance,normal,statistical_only_retained,0.0,0.0,0.0,47.24,60.53,53.22,Medium,High,1,0,0,0,0,0,0,0,0,0,0,1,False,Not handed off
LTE-TP-EP-001977,542020041221088+20250829102513+Nawaka-LTE-DL!20250829102435,Nawaka-LTE-DL,2025-08-29 00:24:05+02:00,2025-08-29 00:24:06+02:00,2,-17.8128905,177.4432635,-17.8128905,177.4432635,148.0,41384.0,41.0,5.693864,5.953504,,,,63.2,60.41,80.07,79.16,44.81,37.495000000000005,0,2,0,radio_limited_degradation,normal,statistical_only_retained,1.0,0.010586445172923021,0.0,67.08,36.26,53.21,High,Low,0,0,0,0,0,0,0,2,0,0,2,0,False,Not handed off
LTE-TP-EP-000555,542020041221088+20250827133446+Fiji-Nadi-LTE-DL-D!20250827125432,Fiji-Nadi-LTE-DL-D,2025-08-27 02:54:03+02:00,2025-08-27 02:54:05+02:00,3,-17.8033869,177.414697,-17.8033545,177.414708,331.0,1850.0,3.0,13.001216,15.745224,103.049195,78.460099,0.16328200802763704,61.77,58.379999999999995,67.54,62.85666666666666,54.71,52.903333333333336,0,3,0,rb_conditioned_underperformance,normal,statistical_only_retained,2.0,5.494846559498358,0.0,59.06,46.05,53.2,High,Medium,3,3,0,1,0,0,0,3,0,0,3,7,True,Medium
LTE-TP-EP-001810,542020041221088+20250828140938+Fiji-Nadi-LTE-DL-D!20250828140855,Fiji-Nadi-LTE-DL-D,2025-08-28 04:08:04+02:00,2025-08-28 04:08:05+02:00,2,-17.6093999,177.4538688,-17.6093648,177.4539528,140.0,40988.0,41.0,15.073016,20.579656,100.12010000000001,85.04708400000001,0.15054935023037333,63.7,58.995000000000005,72.38,64.6,53.1,52.150000000000006,0,2,0,rb_conditioned_underperformance,normal,statistical_only_retained,1.0,19.6614570015011,0.0,59.93,44.9,53.17,High,Medium,2,2,0,0,0,0,0,2,0,0,2,4,True,Medium
LTE-TP-EP-001310,542020041221088+20250828121442+Fiji-Nadi-LTE-DL-D!20250828115247,Fiji-Nadi-LTE-DL-D,2025-08-28 01:52:32+02:00,2025-08-28 01:52:32+02:00,1,-17.60435739,177.45228602,-17.60435739,177.45228602,183.0,41384.0,41.0,1.304424,1.304424,,,,63.98,63.98,65.43,65.43,62.2,62.2,0,1,0,radio_limited_degradation,normal,statistical_only_retained,0.0,0.0,0.0,53.41,52.87,53.17,Medium,Medium,0,0,0,0,0,0,0,0,0,0,0,0,False,Not handed off
LTE-TP-EP-001115,542020041221088+20250828105007+Fiji-Nadi-LTE-DL-D!20250828104930,Fiji-Nadi-LTE-DL-D,2025-08-28 00:47:28+02:00,2025-08-28 00:47:29+02:00,2,-17.64668492,177.43799447,-17.6467758,177.4381363,163.0,41384.0,41.0,28.545103,34.0505365,121.14346,92.59835700000001,0.23563057386671968,62.84,59.150000000000006,61.25,58.6,64.79,59.825,0,2,0,radio_p75_underperformance,normal,statistical_only_retained,1.0,18.110235067688908,0.0,52.61,53.83,53.16,Medium,Medium,2,1,0,0,0,0,0,0,0,0,2,3,True,Medium
LTE-TP-EP-000010,542020041221088+20250827094725+Fiji-Nadi-LTE-DL-D!20250827094401,Fiji-Nadi-LTE-DL-D,2025-08-26 23:42:12+02:00,2025-08-26 23:42:12+02:00,1,-17.815971,177.3955936,-17.815971,177.3955936,145.0,41186.0,41.0,6.203912,6.203912,41.037212749999995,34.83330074999999,0.15117771369596733,63.68,63.68,60.84,60.84,67.14,67.14,0,1,0,ca_underperformance,normal,statistical_only_retained,0.0,0.0,0.0,49.97,57.07,53.16,Medium,Medium,1,1,1,1,0,0,0,1,0,0,1,4,False,Not handed off
LTE-TP-EP-001094,542020041221088+20250828104547+Fiji-Nadi-LTE-DL-D!20250828104505,Fiji-Nadi-LTE-DL-D,2025-08-28 00:43:26+02:00,2025-08-28 00:43:26+02:00,1,-17.63868897,177.42452833,-17.63868897,177.42452833,356.0,41186.0,41.0,20.658705,20.658705,105.7221075,85.06340250000001,0.19540572438929105,63.84,63.84,63.6,63.6,64.13,64.13,0,1,0,rb_conditioned_underperformance,normal,statistical_only_retained,0.0,12.92591944375771,0.0,52.04,54.51,53.15,Medium,Medium,1,1,0,0,0,0,0,1,0,0,1,2,False,Not handed off
LTE-TP-EP-000641,542020041221088+20250827135108+Fiji-Nadi-LTE-DL-D!20250827132314,Fiji-Nadi-LTE-DL-D,2025-08-27 03:21:27+02:00,2025-08-27 03:21:28+02:00,2,-17.7735382,177.4377133,-17.7734947,177.4377569,339.0,41384.0,41.0,1.15976,1.169924,,,,62.13,62.025000000000006,65.94,65.905,57.56,57.28,0,2,0,radio_limited_degradation,normal,statistical_only_retained,1.0,20.41511911819787,0.0,56.65,48.86,53.14,High,Medium,0,0,0,0,0,0,0,0,0,0,0,0,True,Medium
LTE-TP-EP-002000,542020041221088+20250829103754+Nawaka-LTE-DL!20250829103644,Nawaka-LTE-DL,2025-08-29 00:36:37+02:00,2025-08-29 00:36:37+02:00,1,-17.8128905,177.4432647,-17.8128905,177.4432647,469.0,500.0,1.0,7.2345037,7.2345037,,,,63.17,63.17,53.68,53.68,74.77,74.77,0,1,0,radio_limited_degradation,normal,statistical_only_retained,0.0,0.0,0.0,44.6,63.55,53.13,Medium,High,0,0,0,0,0,0,0,0,0,0,1,0,False,Not handed off
LTE-TP-EP-001448,542020041221088+20250828124303+Fiji-Nadi-LTE-DL-D!20250828124223,Fiji-Nadi-LTE-DL-D,2025-08-28 02:41:38+02:00,2025-08-28 02:41:38+02:00,1,-17.62194629,177.43619435,-17.62194629,177.43619435,169.0,356.0,1.0,3.590208,3.590208,,,,64.72,64.72,78.43,78.43,47.97,47.97,0,1,0,radio_limited_degradation,normal,statistical_only_retained,0.0,13.517472747729027,0.0,63.16,40.77,53.09,High,Medium,0,0,0,0,0,0,0,1,0,0,1,0,False,Not handed off
LTE-TP-EP-001280,542020041221088+20250828121001+Fiji-Nadi-LTE-DL-D!20250828114201,Fiji-Nadi-LTE-DL-D,2025-08-28 01:40:25+02:00,2025-08-28 01:40:25+02:00,1,-17.6033705,177.4534133,-17.6033705,177.4534133,184.0,41384.0,41.0,1.391464,1.391464,,,,63.84,63.84,65.13,65.13,62.27,62.27,0,1,0,radio_limited_degradation,normal,statistical_only_retained,0.0,0.10953950895126169,0.0,53.18,52.93,53.07,Medium,Medium,0,0,0,0,0,0,0,0,0,0,0,0,False,Not handed off
LTE-TP-EP-000129,542020041221088+20250827103246+Fiji-Nadi-LTE-DL-D!20250827103001,Fiji-Nadi-LTE-DL-D,2025-08-27 00:29:37+02:00,2025-08-27 00:29:37+02:00,1,-17.8149826,177.4369324,-17.8149826,177.4369324,332.0,500.0,1.0,5.075784,5.075784,,,,64.92,64.92,82.23,82.23,43.77,43.77,0,1,0,radio_limited_degradation,normal,statistical_only_retained,0.0,11.7900207575456,0.0,66.01,37.2,53.05,High,Low,0,0,0,0,0,0,0,1,0,0,1,0,False,Not handed off
LTE-TP-EP-001682,542020041221088+20250828134436+Fiji-Nadi-LTE-DL-D!20250828133934,Fiji-Nadi-LTE-DL-D,2025-08-28 03:37:56+02:00,2025-08-28 03:37:57+02:00,2,-17.62166031,177.45535445,-17.6217047,177.4553303,231.0,41186.0,41.0,7.308632,8.430996,,,,63.68,59.370000000000005,74.42,70.49000000000001,50.55,45.78,0,2,0,radio_limited_degradation,normal,statistical_only_retained,1.0,6.0668519063106725,0.0,62.23,41.78,53.03,High,Medium,0,0,0,0,0,0,0,0,0,0,2,0,True,Medium
LTE-TP-EP-000695,542020041221088+20250827135649+Fiji-Nadi-LTE-DL-D!20250827133934,Fiji-Nadi-LTE-DL-D,2025-08-27 03:39:07+02:00,2025-08-27 03:39:07+02:00,1,-17.77949784,177.41203248,-17.77949784,177.41203248,137.0,40790.0,41.0,37.41976,37.41976,118.44779,81.02803,0.31591775583149334,63.23,63.23,56.57,56.57,71.38,71.38,0,1,0,radio_p75_underperformance,normal,statistical_only_retained,0.0,0.08369495951225467,0.0,46.76,60.67,53.02,Medium,High,1,0,0,0,0,0,0,0,0,0,1,1,False,Not handed off
LTE-TP-EP-001183,542020041221088+20250828113631+Fiji-Nadi-LTE-DL-D!20250828110448,Fiji-Nadi-LTE-DL-D,2025-08-28 01:04:00+02:00,2025-08-28 01:04:00+02:00,1,-17.63774053,177.47490861,-17.63774053,177.47490861,231.0,41384.0,41.0,6.867848,6.867848,,,,64.48,64.48,75.96,75.96,50.46,50.46,0,1,0,radio_limited_degradation,normal,statistical_only_retained,0.0,9.91130849813725,0.0,61.31,42.89,53.02,High,Medium,0,0,0,0,0,0,0,1,0,0,1,0,False,Not handed off
LTE-TP-EP-001829,542020041221088+20250828141158+Fiji-Nadi-LTE-DL-D!20250828141111,Fiji-Nadi-LTE-DL-D,2025-08-28 04:10:22+02:00,2025-08-28 04:10:23+02:00,2,-17.60860524,177.4624192,-17.60855152,177.46244234,375.0,356.0,1.0,4.211432,4.635496,,,,63.63,61.980000000000004,85.26,83.775,37.2,35.34,0,2,0,radio_limited_degradation,normal,statistical_only_retained,1.0,6.950088136433381,0.0,70.85,31.16,52.99,High,Low,0,0,0,0,0,0,0,0,0,0,0,0,False,Not handed off
LTE-TP-EP-001473,542020041221088+20250828124943+Fiji-Nadi-LTE-DL-D!20250828124907,Fiji-Nadi-LTE-DL-D,2025-08-28 02:48:12+02:00,2025-08-28 02:48:12+02:00,1,-17.6258716,177.4467959,-17.6258716,177.4467959,385.0,356.0,1.0,4.207,4.207,,,,63.1,63.1,55.28,55.28,72.65,72.65,0,1,0,radio_limited_degradation,normal,statistical_only_retained,0.0,12.108591748928207,0.0,45.8,61.75,52.98,Medium,High,0,0,0,0,0,0,0,0,0,0,1,0,False,Not handed off
LTE-TP-EP-001826,542020041221088+20250828141158+Fiji-Nadi-LTE-DL-D!20250828141111,Fiji-Nadi-LTE-DL-D,2025-08-28 04:09:56+02:00,2025-08-28 04:09:56+02:00,1,-17.60960381,177.46171472,-17.60960381,177.46171472,375.0,356.0,1.0,8.724536,8.724536,,,,63.97,63.97,69.46,69.46,57.25,57.25,0,1,0,radio_limited_degradation,normal,statistical_only_retained,0.0,0.12320827125985175,0.0,56.43,48.66,52.94,High,Medium,0,0,0,0,0,0,0,0,0,0,0,0,False,Not handed off
LTE-TP-EP-001806,542020041221088+20250828140938+Fiji-Nadi-LTE-DL-D!20250828140855,Fiji-Nadi-LTE-DL-D,2025-08-28 04:07:38+02:00,2025-08-28 04:07:39+02:00,2,-17.61030118,177.45166189,-17.6102464,177.4518192,140.0,500.0,1.0,42.265728,42.596164,176.8458,134.580072,0.2389976352279783,62.23,59.879999999999995,61.06,60.595,63.66,59.01,0,2,0,radio_p75_underperformance,normal,statistical_only_retained,1.0,24.485896226990995,0.0,52.91,52.95,52.93,Medium,Medium,2,0,0,0,0,0,0,0,0,0,0,2,True,Medium
LTE-TP-EP-000825,542020041221088+20250827151132+Fiji-Nadi-LTE-DL-D!20250827151053,Fiji-Nadi-LTE-DL-D,2025-08-27 05:08:57+02:00,2025-08-27 05:08:57+02:00,1,-17.7545011,177.454886,-17.7545011,177.454886,448.0,41384.0,41.0,2.485552,2.485552,,,,64.77,64.77,82.3,82.3,43.35,43.35,0,1,0,radio_limited_degradation,normal,statistical_only_retained,0.0,0.1164889732024786,0.0,66.06,36.85,52.91,High,Low,0,0,0,0,0,0,0,0,0,0,1,0,False,Not handed off
LTE-TP-EP-000892,542020041221088+20250827152532+Fiji-Nadi-LTE-DL-D!20250827152209,Fiji-Nadi-LTE-DL-D,2025-08-27 05:21:54+02:00,2025-08-27 05:21:54+02:00,1,-17.7416286,177.4433752,-17.7416286,177.4433752,120.0,40790.0,41.0,7.363848,7.363848,49.4498,42.085952000000006,0.14891562756573332,63.49,63.49,63.15,63.15,63.91,63.91,0,1,0,ca_underperformance,normal,statistical_only_retained,0.0,2.7532823635491024,0.0,51.7,54.32,52.88,Medium,Medium,1,1,1,1,0,0,0,1,0,0,1,4,False,Not handed off
LTE-TP-EP-001578,542020041221088+20250828131435+Fiji-Nadi-LTE-DL-D!20250828131128,Fiji-Nadi-LTE-DL-D,2025-08-28 03:11:00+02:00,2025-08-28 03:11:00+02:00,1,-17.62796566,177.47067209,-17.62796566,177.47067209,254.0,40988.0,41.0,6.546144,6.546144,24.098505819539636,17.552361819539634,0.2716410738914872,62.72,62.72,51.51,51.51,76.42,76.42,0,1,0,sudden_drop,normal,statistical_only_retained,0.0,10.189259519882777,0.0,42.97,64.96,52.86,Medium,High,0,0,0,0,0,0,0,1,0,0,1,0,False,Not handed off
LTE-TP-EP-000338,542020041221088+20250827122836+Fiji-Nadi-LTE-DL-D!20250827113757,Fiji-Nadi-LTE-DL-D,2025-08-27 01:36:25+02:00,2025-08-27 01:36:26+02:00,2,-17.7776825,177.4246,-17.77768369,177.4245976,338.0,40790.0,41.0,1.01588,1.4328599999999998,,,,62.19,60.739999999999995,66.44,64.985,57.0,55.55,0,2,0,radio_limited_degradation,normal,statistical_only_retained,1.0,13.249082234802675,0.0,56.74,48.09,52.85,High,Medium,0,0,0,0,0,0,0,2,0,0,2,0,True,Medium
LTE-TP-EP-000407,542020041221088+20250827123638+Fiji-Nadi-LTE-DL-D!20250827114845,Fiji-Nadi-LTE-DL-D,2025-08-27 01:48:07+02:00,2025-08-27 01:48:07+02:00,1,-17.77688546,177.3764893,-17.77688546,177.3764893,158.0,40988.0,41.0,4.548976,4.548976,,,,64.22,64.22,75.08,75.08,50.95,50.95,0,1,0,radio_limited_degradation,normal,statistical_only_retained,0.0,0.13627375465569466,0.0,60.65,43.31,52.84,High,Medium,0,0,0,0,0,0,0,0,0,0,1,0,False,Not handed off
LTE-TP-EP-001313,542020041221088+20250828121642+Fiji-Nadi-LTE-DL-D!20250828115710,Fiji-Nadi-LTE-DL-D,2025-08-28 01:55:51+02:00,2025-08-28 01:55:51+02:00,1,-17.60442834,177.45214253,-17.60442834,177.45214253,183.0,41384.0,41.0,1.73748,1.73748,,,,63.49,63.49,63.92,63.92,62.96,62.96,0,1,0,radio_limited_degradation,normal,statistical_only_retained,0.0,0.0,0.0,52.28,53.52,52.83,Medium,Medium,0,0,0,0,0,0,0,0,0,0,0,0,False,Not handed off
LTE-TP-EP-001598,542020041221088+20250828132455+Fiji-Nadi-LTE-DL-D!20250828131658,Fiji-Nadi-LTE-DL-D,2025-08-28 03:15:57+02:00,2025-08-28 03:15:58+02:00,2,-17.6263738,177.4635477,-17.6264552,177.4635334,231.0,41384.0,41.0,4.431576,5.380395999999999,26.53615851190709,20.20694251190709,0.18262789070714303,59.94,59.315,62.98,60.8,61.55,57.495,0,2,0,radio_limited_degradation,normal,statistical_only_retained,1.0,25.293811714970154,0.0,54.0,51.3,52.79,Medium,Medium,0,0,0,0,0,0,0,2,0,0,2,0,True,Medium
LTE-TP-EP-001257,542020041221088+20250828115533+Fiji-Nadi-LTE-DL-D!20250828113110,Fiji-Nadi-LTE-DL-D,2025-08-28 01:31:07+02:00,2025-08-28 01:31:07+02:00,1,-17.604311,177.4583415,-17.604311,177.4583415,184.0,40790.0,41.0,3.897744,3.897744,,,,64.89,64.89,86.36,86.36,38.64,38.64,0,1,0,radio_limited_degradation,normal,statistical_only_retained,0.0,5.463071984247923,0.0,69.11,32.84,52.79,High,Low,0,0,0,0,0,0,0,0,0,0,0,0,False,Not handed off
LTE-TP-EP-001305,542020041221088+20250828121341+Fiji-Nadi-LTE-DL-D!20250828115038,Fiji-Nadi-LTE-DL-D,2025-08-28 01:49:08+02:00,2025-08-28 01:49:08+02:00,1,-17.6033872,177.4533815,-17.6033872,177.4533815,184.0,41384.0,41.0,1.197536,1.197536,,,,63.54,63.54,65.81,65.81,60.76,60.76,0,1,0,radio_limited_degradation,normal,statistical_only_retained,0.0,0.603363048207495,0.0,53.69,51.65,52.77,Medium,Medium,0,0,0,0,0,0,0,0,0,0,0,0,False,Not handed off
LTE-TP-EP-001496,542020041221088+20250828125404+Fiji-Nadi-LTE-DL-D!20250828125334,Fiji-Nadi-LTE-DL-D,2025-08-28 02:51:41+02:00,2025-08-28 02:51:41+02:00,1,-17.6351858,177.45413,-17.6351858,177.45413,167.0,40988.0,41.0,9.42232,9.42232,,,,63.61,63.61,67.02,67.02,59.45,59.45,0,1,0,radio_limited_degradation,normal,statistical_only_retained,0.0,0.14663186974858983,0.0,54.6,50.53,52.77,Medium,Medium,0,0,0,0,0,0,0,0,0,0,1,0,False,Not handed off
LTE-TP-EP-001309,542020041221088+20250828121442+Fiji-Nadi-LTE-DL-D!20250828115247,Fiji-Nadi-LTE-DL-D,2025-08-28 01:52:30+02:00,2025-08-28 01:52:30+02:00,1,-17.6043574,177.452286,-17.6043574,177.452286,183.0,41384.0,41.0,7.928592,7.928592,27.71546317395694,19.78687117395694,0.2860710625774483,62.75,62.75,54.64,54.64,72.66,72.66,0,1,0,sudden_drop,normal,statistical_only_retained,0.0,0.0,0.0,45.32,61.76,52.72,Medium,High,0,0,0,0,0,0,0,0,0,0,0,0,False,Not handed off
LTE-TP-EP-001753,542020041221088+20250828140057+Fiji-Nadi-LTE-DL-D!20250828135741,Fiji-Nadi-LTE-DL-D,2025-08-28 03:57:20+02:00,2025-08-28 03:57:20+02:00,1,-17.6078299,177.45605945,-17.6078299,177.45605945,183.0,41186.0,41.0,4.297816,4.297816,,,,64.72,64.72,84.96,84.96,39.98,39.98,0,1,0,radio_limited_degradation,normal,statistical_only_retained,0.0,6.177791248513355,0.0,68.06,33.98,52.72,High,Low,0,0,0,0,0,0,0,1,0,0,1,0,False,Not handed off
LTE-TP-EP-001945,542020041221088+20250828153842+Fiji-Nadi-LTE-DL-D!20250828152712,Fiji-Nadi-LTE-DL-D,2025-08-28 05:26:37+02:00,2025-08-28 05:26:37+02:00,1,-17.6779652,177.3986403,-17.6779652,177.3986403,320.0,500.0,1.0,2.907144,2.907144,,,,64.44,64.44,80.82,80.82,44.43,44.43,0,1,0,radio_limited_degradation,normal,statistical_only_retained,0.0,14.346635549982743,0.0,64.95,37.77,52.72,High,Low,0,0,0,0,0,0,0,1,1,1,1,0,False,Not handed off
LTE-TP-EP-001093,542020041221088+20250828104547+Fiji-Nadi-LTE-DL-D!20250828104505,Fiji-Nadi-LTE-DL-D,2025-08-28 00:43:04+02:00,2025-08-28 00:43:04+02:00,1,-17.6401067,177.4227132,-17.6401067,177.4227132,160.0,41186.0,41.0,13.873784,13.873784,70.787155,56.913371,0.19599295945712186,63.07,63.07,59.68,59.68,67.21,67.21,0,1,0,ca_underperformance,normal,statistical_only_retained,0.0,25.25283394169774,0.0,49.1,57.13,52.71,Medium,Medium,1,1,0,1,0,0,0,1,0,0,1,3,False,Not handed off
LTE-TP-EP-000814,542020041221088+20250827150031+Fiji-Nadi-LTE-DL-D!20250827150011,Fiji-Nadi-LTE-DL-D,2025-08-27 04:58:09+02:00,2025-08-27 04:58:09+02:00,1,-17.7694363,177.4740918,-17.7694363,177.4740918,113.0,41384.0,41.0,41.834713,41.834713,118.29537290099327,76.46065990099328,0.3536462329343461,62.6,62.6,52.6,52.6,74.83,74.83,0,1,0,rb_conditioned_underperformance,normal,statistical_only_retained,0.0,3.6079574133763876,0.0,43.79,63.61,52.7,Medium,High,0,1,0,0,0,0,0,0,0,0,1,1,False,Not handed off
LTE-TP-EP-001424,542020041221088+20250828124043+Fiji-Nadi-LTE-DL-D!20250828124009,Fiji-Nadi-LTE-DL-D,2025-08-28 02:38:07+02:00,2025-08-28 02:38:07+02:00,1,-17.6314439,177.4435269,-17.6314439,177.4435269,313.0,41384.0,41.0,25.238913,25.238913,98.07729499999999,72.838382,0.25733696060846706,62.85,62.85,56.41,56.41,70.72,70.72,0,1,0,rb_conditioned_underperformance,normal,statistical_only_retained,0.0,,0.0,46.64,60.11,52.7,Medium,High,1,1,0,0,0,0,0,0,0,0,1,2,False,Not handed off
LTE-TP-EP-000396,542020041221088+20250827123517+Fiji-Nadi-LTE-DL-D!20250827114634,Fiji-Nadi-LTE-DL-D,2025-08-27 01:45:16+02:00,2025-08-27 01:45:17+02:00,2,-17.7838132,177.3884628,-17.78381332,177.38846256,138.0,9310.0,28.0,3.621864,4.616736,,,,63.85,60.480000000000004,87.32,83.84,35.16,31.93,0,2,0,radio_limited_degradation,normal,statistical_only_retained,1.0,27.21845190242386,0.0,72.0,29.08,52.69,High,Low,0,0,0,0,0,0,0,2,0,0,2,0,False,Not handed off
LTE-TP-EP-000644,542020041221088+20250827135108+Fiji-Nadi-LTE-DL-D!20250827132314,Fiji-Nadi-LTE-DL-D,2025-08-27 03:22:13+02:00,2025-08-27 03:22:14+02:00,2,-17.77130787,177.43714477,-17.77127579,177.4370691,339.0,40790.0,41.0,7.154304,7.7465,49.4498,42.295496,0.1446781180105885,61.92,60.05,63.77,62.035,59.67,57.63,0,2,0,ca_underperformance,normal,statistical_only_retained,1.0,18.339954559870286,0.0,54.69,50.21,52.67,Medium,Medium,2,2,2,2,0,0,0,2,0,0,2,8,True,Medium
LTE-TP-EP-000405,542020041221088+20250827123638+Fiji-Nadi-LTE-DL-D!20250827114845,Fiji-Nadi-LTE-DL-D,2025-08-27 01:47:47+02:00,2025-08-27 01:47:47+02:00,1,-17.77777924,177.37761624,-17.77777924,177.37761624,158.0,40988.0,41.0,3.258376,3.258376,,,,64.31,64.31,79.6,79.6,45.62,45.62,0,1,0,radio_limited_degradation,normal,statistical_only_retained,0.0,7.29903287773091,0.0,64.04,38.78,52.67,High,Low,0,0,0,0,0,0,0,1,0,1,1,0,False,Not handed off
LTE-TP-EP-000196,542020041221088+20250827110227+Fiji-Nadi-LTE-DL-D!20250827105156,Fiji-Nadi-LTE-DL-D,2025-08-27 00:51:51+02:00,2025-08-27 00:51:52+02:00,2,-17.7617178,177.4649244,-17.76171446,177.46493088,210.0,500.0,1.0,15.382952,17.336072,73.10037750000001,53.81118550000001,0.24572723870976157,62.13,56.5,50.05,48.724999999999994,76.9,66.01,0,1,1,not_flagged,ml_quantile_p75_resource_underperformance,ml_only_retained,1.0,10.864690423882763,0.0,44.48,62.64,52.65,Medium,High,0,1,0,0,1,1,1,2,0,2,2,4,True,Medium
LTE-TP-EP-000587,542020041221088+20250827134107+Fiji-Nadi-LTE-DL-D!20250827130537,Fiji-Nadi-LTE-DL-D,2025-08-27 03:05:31+02:00,2025-08-27 03:05:31+02:00,1,-17.7808684,177.4322792,-17.7808684,177.4322792,394.0,40790.0,41.0,49.76248,49.76248,109.81500660897949,60.05252660897949,0.453148267587783,62.42,62.42,50.87,50.87,76.54,76.54,0,1,0,sudden_drop,normal,statistical_only_retained,0.0,5.856980875175602,0.0,42.49,65.06,52.65,Medium,High,0,0,0,0,0,0,0,1,0,0,1,0,False,Not handed off
LTE-TP-EP-001686,542020041221088+20250828134436+Fiji-Nadi-LTE-DL-D!20250828133934,Fiji-Nadi-LTE-DL-D,2025-08-28 03:38:19+02:00,2025-08-28 03:38:19+02:00,1,-17.62303915,177.45488342,-17.62303915,177.45488342,231.0,41186.0,41.0,7.432704,7.432704,,,,63.9,63.9,73.99,73.99,51.57,51.57,0,1,0,radio_limited_degradation,normal,statistical_only_retained,0.0,9.202814521980633,0.0,59.83,43.83,52.63,High,Medium,0,0,0,0,0,0,0,0,0,0,1,0,False,Not handed off
LTE-TP-EP-000826,542020041221088+20250827151132+Fiji-Nadi-LTE-DL-D!20250827151053,Fiji-Nadi-LTE-DL-D,2025-08-27 05:09:07+02:00,2025-08-27 05:09:07+02:00,1,-17.7544688,177.4548683,-17.7544688,177.4548683,448.0,500.0,1.0,9.509288,9.509288,59.31967,49.810382000000004,0.16030581424340357,63.19,63.19,63.67,63.67,62.61,62.61,0,1,0,ca_underperformance,normal,statistical_only_retained,0.0,0.6593717326887397,0.0,52.09,53.22,52.6,Medium,Medium,1,1,1,1,0,0,0,1,0,0,1,4,False,Not handed off
LTE-TP-EP-001025,542020041221088+20250827161314+Fiji-Nadi-LTE-DL-D!20250827161239,Fiji-Nadi-LTE-DL-D,2025-08-27 06:12:04+02:00,2025-08-27 06:12:04+02:00,1,-17.8135828,177.4475744,-17.8135828,177.4475744,469.0,40988.0,41.0,30.497889,30.497889,111.79482125,81.29693225,0.27280234145908616,62.87,62.87,59.09,59.09,67.48,67.48,0,1,0,rb_conditioned_underperformance,normal,statistical_only_retained,0.0,5.487967750150844,0.0,48.65,57.36,52.57,Medium,Medium,1,1,0,0,0,0,0,0,0,0,1,2,False,Not handed off
LTE-TP-EP-001441,542020041221088+20250828124303+Fiji-Nadi-LTE-DL-D!20250828124223,Fiji-Nadi-LTE-DL-D,2025-08-28 02:40:21+02:00,2025-08-28 02:40:23+02:00,3,-17.6214313,177.4403948,-17.6213463,177.4402162,169.0,41384.0,41.0,7.429832,10.362136,47.0651145,39.6352825,0.15786282640404498,61.53,54.75666666666667,61.32,54.77666666666667,61.78,54.72666666666667,0,3,0,ca_underperformance,normal,statistical_only_retained,2.0,41.87675263954953,0.0,54.02,50.75,52.55,Medium,Medium,3,3,1,3,0,0,0,3,0,0,3,10,True,Medium
LTE-TP-EP-001863,542020041221088+20250828141838+Fiji-Nadi-LTE-DL-D!20250828141754,Fiji-Nadi-LTE-DL-D,2025-08-28 04:17:19+02:00,2025-08-28 04:17:19+02:00,1,-17.6110131,177.4587836,-17.6110131,177.4587836,196.0,500.0,1.0,4.66872,4.66872,,,,64.43,64.43,83.66,83.66,40.93,40.93,0,1,0,radio_limited_degradation,normal,statistical_only_retained,0.0,6.292176526481703,0.0,67.08,34.79,52.55,High,Low,0,0,0,0,0,0,0,1,0,0,1,0,False,Not handed off
LTE-TP-EP-001545,542020041221088+20250828130244+Fiji-Nadi-LTE-DL-D!20250828130228,Fiji-Nadi-LTE-DL-D,2025-08-28 03:01:32+02:00,2025-08-28 03:01:32+02:00,1,-17.628953,177.4518389,-17.628953,177.4518389,167.0,40790.0,41.0,16.702105,16.702105,93.96716500000001,77.26506,0.17774405559644157,63.37,63.37,67.39,67.39,58.46,58.46,0,1,0,rb_conditioned_underperformance,normal,statistical_only_retained,0.0,3.778380864377878,0.0,54.88,49.69,52.54,Medium,Medium,1,1,0,0,0,0,0,1,0,0,1,2,False,Not handed off
LTE-TP-EP-001886,542020041221088+20250828143139+Fiji-Nadi-LTE-DL-D!20250828143127,Fiji-Nadi-LTE-DL-D,2025-08-28 04:30:17+02:00,2025-08-28 04:30:17+02:00,1,-17.6101387,177.4405278,-17.6101387,177.4405278,383.0,356.0,1.0,2.293448,2.293448,,,,64.34,64.34,82.97,82.97,41.56,41.56,0,1,0,radio_limited_degradation,normal,statistical_only_retained,0.0,7.7927308011998635,0.0,66.56,35.33,52.51,High,Low,0,0,0,0,0,0,0,0,0,0,0,0,False,Not handed off
LTE-TP-EP-001813,542020041221088+20250828140938+Fiji-Nadi-LTE-DL-D!20250828140855,Fiji-Nadi-LTE-DL-D,2025-08-28 04:08:28+02:00,2025-08-28 04:08:28+02:00,1,-17.60880059,177.45528019,-17.60880059,177.45528019,182.0,40988.0,41.0,3.56516,3.56516,32.41143,28.846270000000004,0.10999699797262878,63.05,63.05,63.55,63.55,62.43,62.43,0,1,0,ca_underperformance,normal,statistical_only_retained,0.0,10.849634907908902,0.0,52.0,53.07,52.48,Medium,Medium,1,1,1,1,0,0,0,1,0,0,1,4,False,Not handed off
LTE-TP-EP-000560,542020041221088+20250827133707+Fiji-Nadi-LTE-DL-D!20250827125859,Fiji-Nadi-LTE-DL-D,2025-08-27 02:58:40+02:00,2025-08-27 02:58:41+02:00,2,-17.7977355,177.4158305,-17.7977095,177.41582,362.0,40790.0,41.0,10.522624,11.705268,54.170067,43.647443,0.19425163347130436,62.39,56.35,57.34,52.155,68.56,61.480000000000004,0,2,0,ca_underperformance,normal,statistical_only_retained,1.0,7.001095014703276,0.0,49.17,56.51,52.47,Medium,Medium,2,2,0,2,0,0,0,2,0,0,2,6,True,Medium
LTE-TP-EP-000047,542020041221088+20250827095145+Fiji-Nadi-LTE-DL-D!20250827095034,Fiji-Nadi-LTE-DL-D,2025-08-26 23:49:57+02:00,2025-08-26 23:49:57+02:00,1,-17.8149233,177.3967452,-17.8149233,177.3967452,151.0,41186.0,41.0,8.797104,8.797104,36.23728884855329,27.440184848553294,0.24276385677653167,62.73,62.73,58.85,58.85,67.48,67.48,0,1,0,sudden_drop,normal,statistical_only_retained,0.0,14.043034898825175,0.0,48.47,57.36,52.47,Medium,Medium,0,0,0,0,0,0,0,1,0,0,1,0,False,Not handed off
LTE-TP-EP-001058,542020041221088+20250828103207+Fiji-Nadi-LTE-DL-D!20250828102946,Fiji-Nadi-LTE-DL-D,2025-08-28 00:28:03+02:00,2025-08-28 00:28:03+02:00,1,-17.71608911,177.45357252,-17.71608911,177.45357252,487.0,41384.0,41.0,13.843024,13.843024,43.290973808542375,29.447949808542376,0.31976698101599255,62.02,62.02,47.8,47.8,79.39,79.39,0,1,0,sudden_drop,normal,statistical_only_retained,0.0,0.045598871005921,0.0,40.19,67.48,52.47,Medium,High,0,0,0,0,0,0,0,0,0,0,1,0,False,Not handed off
LTE-TP-EP-001565,542020041221088+20250828131005+Fiji-Nadi-LTE-DL-D!20250828130912,Fiji-Nadi-LTE-DL-D,2025-08-28 03:08:08+02:00,2025-08-28 03:08:08+02:00,1,-17.62709948,177.46193173,-17.62709948,177.46193173,255.0,40988.0,41.0,16.07572,16.07572,58.2378020581651,42.1620820581651,0.2760358295106046,62.54,62.54,55.91,55.91,70.64,70.64,0,1,0,sudden_drop,normal,statistical_only_retained,0.0,0.04020685928200364,0.0,46.27,60.04,52.47,Medium,High,0,0,0,0,0,0,0,0,0,0,1,0,False,Not handed off
LTE-TP-EP-000912,542020041221088+20250827152912+Fiji-Nadi-LTE-DL-D!20250827152850,Fiji-Nadi-LTE-DL-D,2025-08-27 05:27:45+02:00,2025-08-27 05:27:46+02:00,2,-17.7459643,177.4427204,-17.7460043,177.4427079,50.0,40790.0,41.0,3.810512,5.8976120000000005,49.4498,41.465088,0.16147106762818048,61.47,59.769999999999996,61.33,59.730000000000004,61.64,59.82,0,2,0,ca_underperformance,normal,statistical_only_retained,1.0,9.168821307606299,0.0,52.88,51.94,52.46,Medium,Medium,1,1,1,1,0,0,0,2,0,0,2,4,True,Medium
LTE-TP-EP-001700,542020041221088+20250828134936+Fiji-Nadi-LTE-DL-D!20250828134405,Fiji-Nadi-LTE-DL-D,2025-08-28 03:42:14+02:00,2025-08-28 03:42:14+02:00,1,-17.61273378,177.448371,-17.61273378,177.448371,182.0,41384.0,41.0,5.6636558,5.6636558,38.729599,33.0659432,0.14623584922735708,62.86,62.86,60.92,60.92,65.22,65.22,0,1,0,ca_underperformance,normal,statistical_only_retained,0.0,9.061274508284352,0.0,50.03,55.44,52.46,Medium,Medium,1,1,1,1,0,0,0,1,0,0,1,4,False,Not handed off
LTE-TP-EP-000504,542020041221088+20250827131944+Fiji-Nadi-LTE-DL-D!20250827121729,Fiji-Nadi-LTE-DL-D,2025-08-27 02:16:43+02:00,2025-08-27 02:16:44+02:00,2,-17.79970831,177.41769481,-17.7997165,177.4178572,143.0,1850.0,3.0,3.88128,4.7922519999999995,27.996896250000002,24.115616250000002,0.13863251002332086,61.71,58.375,59.12,55.625,64.88,61.739999999999995,0,2,0,ca_underperformance,normal,statistical_only_retained,1.0,25.63057346213872,0.0,50.85,54.36,52.43,Medium,Medium,2,2,2,2,0,0,0,2,0,0,2,8,True,Medium
LTE-TP-EP-000612,542020041221088+20250827134427+Fiji-Nadi-LTE-DL-D!20250827131213,Fiji-Nadi-LTE-DL-D,2025-08-27 03:11:32+02:00,2025-08-27 03:11:32+02:00,1,-17.7775008,177.4319431,-17.7775008,177.4319431,129.0,41186.0,41.0,10.261424,10.261424,54.170067,43.908643000000005,0.18942978231871116,62.6,62.6,58.08,58.08,68.13,68.13,0,1,0,ca_underperformance,normal,statistical_only_retained,0.0,4.26369413923058,0.0,47.9,57.91,52.4,Medium,Medium,1,1,0,1,0,0,0,0,0,0,1,3,False,Not handed off
LTE-TP-EP-001107,542020041221088+20250828104747+Fiji-Nadi-LTE-DL-D!20250828104718,Fiji-Nadi-LTE-DL-D,2025-08-28 00:46:16+02:00,2025-08-28 00:46:16+02:00,1,-17.64279645,177.43223974,-17.64279645,177.43223974,16.0,41384.0,41.0,9.519952,9.519952,47.0651145,37.5451625,0.20227193965500712,62.41,62.41,55.07,55.07,71.38,71.38,0,1,0,ca_underperformance,normal,statistical_only_retained,0.0,10.532940512080062,0.0,45.64,60.67,52.4,Medium,High,1,1,1,1,0,0,0,1,0,0,1,4,False,Not handed off
LTE-TP-EP-001284,542020041221088+20250828121001+Fiji-Nadi-LTE-DL-D!20250828114201,Fiji-Nadi-LTE-DL-D,2025-08-28 01:41:57+02:00,2025-08-28 01:41:57+02:00,1,-17.60373739,177.45234957,-17.60373739,177.45234957,139.0,41384.0,41.0,7.678856,7.678856,,,,62.9,62.9,64.12,64.12,61.41,61.41,0,1,0,rb_efficiency_underperformance,normal,statistical_only_retained,0.0,0.03637956484694877,0.0,52.43,52.2,52.32,Medium,Medium,0,0,1,0,0,0,0,1,0,0,1,1,False,Not handed off
LTE-TP-EP-000666,542020041221088+20250827135208+Fiji-Nadi-LTE-DL-D!20250827132735,Fiji-Nadi-LTE-DL-D,2025-08-27 03:27:13+02:00,2025-08-27 03:27:13+02:00,1,-17.77715516,177.4325442,-17.77715516,177.4325442,338.0,41384.0,41.0,8.5004,8.5004,31.246398818538623,22.745998818538624,0.27204414977116265,61.74,61.74,46.36,46.36,80.53,80.53,0,1,0,sudden_drop,normal,statistical_only_retained,0.0,0.18264588758856795,0.0,39.11,68.45,52.31,Medium,High,0,0,0,0,0,0,0,0,0,0,0,0,False,Not handed off
LTE-TP-EP-000250,542020041221088+20250827113229+Fiji-Nadi-LTE-DL-D!20250827110935,Fiji-Nadi-LTE-DL-D,2025-08-27 01:08:21+02:00,2025-08-27 01:08:21+02:00,1,-17.76394,177.476137,-17.76394,177.476137,111.0,41186.0,41.0,7.561184,7.561184,41.037212749999995,33.47602875,0.18425188976802526,62.35,62.35,56.54,56.54,69.45,69.45,0,1,0,ca_underperformance,ml_quantile_p75_resource_underperformance,statistical_only_retained,0.0,9.647268340551374,0.0,46.74,59.03,52.27,Medium,Medium,1,1,1,1,1,0,0,1,0,0,1,5,False,Not handed off
LTE-TP-EP-001445,542020041221088+20250828124303+Fiji-Nadi-LTE-DL-D!20250828124223,Fiji-Nadi-LTE-DL-D,2025-08-28 02:41:30+02:00,2025-08-28 02:41:30+02:00,1,-17.62137227,177.43702343,-17.62137227,177.43702343,169.0,356.0,1.0,3.759304,3.759304,,,,63.73,63.73,77.84,77.84,46.48,46.48,0,1,0,radio_limited_degradation,normal,statistical_only_retained,0.0,0.08562480672656896,0.0,62.72,39.51,52.27,High,Low,0,0,0,0,0,0,0,0,0,0,1,0,False,Not handed off
LTE-TP-EP-001479,542020041221088+20250828124943+Fiji-Nadi-LTE-DL-D!20250828124907,Fiji-Nadi-LTE-DL-D,2025-08-28 02:49:07+02:00,2025-08-28 02:49:07+02:00,1,-17.6290732,177.45197786,-17.6290732,177.45197786,167.0,40988.0,41.0,8.007936,8.007936,,,,62.76,62.76,62.97,62.97,62.5,62.5,0,1,0,radio_limited_degradation,normal,statistical_only_retained,0.0,0.02775802106436206,0.0,51.56,53.12,52.27,Medium,Medium,0,0,0,0,0,0,0,1,0,0,1,0,False,Not handed off
LTE-TP-EP-001360,542020041221088+20250828122402+Fiji-Nadi-LTE-DL-D!20250828121612,Fiji-Nadi-LTE-DL-D,2025-08-28 02:15:57+02:00,2025-08-28 02:15:57+02:00,1,-17.6036321,177.4526238,-17.6036321,177.4526238,184.0,40988.0,41.0,14.4392,14.4392,83.236885,68.797685,0.17347117206512472,62.96,62.96,66.23,66.23,58.97,58.97,0,1,0,ca_underperformance,normal,statistical_only_retained,0.0,0.5552261916013195,0.0,54.01,50.12,52.26,Medium,Medium,1,1,0,1,0,0,0,0,0,0,1,3,False,Not handed off
LTE-TP-EP-001854,542020041221088+20250828141618+Fiji-Nadi-LTE-DL-D!20250828141538,Fiji-Nadi-LTE-DL-D,2025-08-28 04:15:03+02:00,2025-08-28 04:15:03+02:00,1,-17.6169534,177.455427,-17.6169534,177.455427,233.0,1850.0,3.0,57.020687,57.020687,122.84298206194275,65.82229506194275,0.4641753728450495,62.07,62.07,52.67,52.67,73.55,73.55,0,1,0,radio_limited_degradation,normal,statistical_only_retained,0.0,15.271269088573415,0.0,43.84,62.52,52.24,Medium,High,0,0,0,0,0,0,0,0,0,0,0,0,False,Not handed off
LTE-TP-EP-001757,542020041221088+20250828140157+Fiji-Nadi-LTE-DL-D!20250828135953,Fiji-Nadi-LTE-DL-D,2025-08-28 03:57:57+02:00,2025-08-28 03:57:57+02:00,1,-17.6082602,177.45656405,-17.6082602,177.45656405,183.0,40790.0,41.0,3.080152,3.080152,,,,63.83,63.83,80.22,80.22,43.8,43.8,0,1,0,radio_limited_degradation,normal,statistical_only_retained,0.0,6.471144632709383,0.0,64.5,37.23,52.23,High,Low,0,0,0,0,0,0,0,1,0,0,1,0,False,Not handed off
LTE-TP-EP-001453,542020041221088+20250828124303+Fiji-Nadi-LTE-DL-D!20250828124223,Fiji-Nadi-LTE-DL-D,2025-08-28 02:42:13+02:00,2025-08-28 02:42:13+02:00,1,-17.6241768,177.4341951,-17.6241768,177.4341951,345.0,40790.0,41.0,27.9564,27.9564,118.44779,90.49139,0.23602297687445245,62.51,62.51,61.23,61.23,64.07,64.07,0,1,0,rb_conditioned_underperformance,normal,statistical_only_retained,0.0,11.776905620862689,0.0,50.26,54.46,52.15,Medium,Medium,1,1,0,0,0,0,0,0,0,0,0,2,False,Not handed off
LTE-TP-EP-001256,542020041221088+20250828115533+Fiji-Nadi-LTE-DL-D!20250828113110,Fiji-Nadi-LTE-DL-D,2025-08-28 01:30:53+02:00,2025-08-28 01:30:53+02:00,1,-17.6043421,177.4586621,-17.6043421,177.4586621,184.0,40790.0,41.0,5.27688,5.27688,,,,63.8,63.8,81.53,81.53,42.13,42.13,0,1,0,radio_limited_degradation,normal,statistical_only_retained,0.0,1.9256121435646614,0.0,65.48,35.81,52.13,High,Low,0,0,0,0,0,0,0,0,0,0,1,0,False,Not handed off
LTE-TP-EP-001961,542020041221088+20250828154002+Fiji-Nadi-LTE-DL-D!20250828153143,Fiji-Nadi-LTE-DL-D,2025-08-28 05:31:08+02:00,2025-08-28 05:31:08+02:00,1,-17.6915495,177.4140105,-17.6915495,177.4140105,157.0,40790.0,41.0,1.341688,1.341688,,,,62.74,62.74,65.3,65.3,59.62,59.62,0,1,0,radio_limited_degradation,normal,statistical_only_retained,0.0,13.184797800083265,0.0,53.31,50.68,52.13,Medium,Medium,0,0,0,0,0,0,0,1,1,1,1,0,False,Not handed off
LTE-TP-EP-001518,542020041221088+20250828125624+Fiji-Nadi-LTE-DL-D!20250828125546,Fiji-Nadi-LTE-DL-D,2025-08-28 02:55:05+02:00,2025-08-28 02:55:05+02:00,1,-17.63661769,177.45578018,-17.63661769,177.45578018,275.0,40988.0,41.0,6.167888,6.167888,,,,63.59,63.59,78.41,78.41,45.47,45.47,0,1,0,radio_limited_degradation,normal,statistical_only_retained,0.0,11.369412606054306,0.0,63.14,38.65,52.12,High,Low,0,0,0,0,0,0,0,1,0,0,1,0,False,Not handed off
LTE-TP-EP-001737,542020041221088+20250828135857+Fiji-Nadi-LTE-DL-D!20250828135526,Fiji-Nadi-LTE-DL-D,2025-08-28 03:54:27+02:00,2025-08-28 03:54:27+02:00,1,-17.61091812,177.45054562,-17.61091812,177.45054562,140.0,41384.0,41.0,39.346207,39.346207,121.14346,81.79725300000001,0.32479018677524973,62.14,62.14,56.05,56.05,69.58,69.58,0,1,0,radio_p75_underperformance,normal,statistical_only_retained,0.0,2.75204003818739,0.0,46.37,59.14,52.12,Medium,Medium,1,0,0,0,0,0,0,0,0,0,1,1,False,Not handed off
LTE-TP-EP-000586,542020041221088+20250827134107+Fiji-Nadi-LTE-DL-D!20250827130537,Fiji-Nadi-LTE-DL-D,2025-08-27 03:05:23+02:00,2025-08-27 03:05:23+02:00,1,-17.78090303,177.43282326,-17.78090303,177.43282326,395.0,40988.0,41.0,27.572231,27.572231,69.66310940074256,42.090878400742554,0.3957938604403739,61.5,61.5,46.37,46.37,79.99,79.99,0,1,0,rb_conditioned_underperformance,ml_hgb_strict_causal_temporal_underperformance,statistical_only_retained,0.0,7.069159596033879,0.0,39.11,67.99,52.11,Medium,High,0,1,0,0,0,0,1,1,0,0,1,2,False,Not handed off
LTE-TP-EP-001845,542020041221088+20250828141358+Fiji-Nadi-LTE-DL-D!20250828141324,Fiji-Nadi-LTE-DL-D,2025-08-28 04:13:14+02:00,2025-08-28 04:13:14+02:00,1,-17.6137678,177.4602347,-17.6137678,177.4602347,179.0,41384.0,41.0,8.422464,8.422464,60.15991375,51.73744975,0.1400012645463608,62.85,62.85,67.17,67.17,57.57,57.57,0,1,0,ca_underperformance,normal,statistical_only_retained,0.0,4.979998291359323,0.0,54.71,48.93,52.11,Medium,Medium,1,1,1,1,0,0,0,1,0,0,1,4,False,Not handed off
LTE-TP-EP-001348,542020041221088+20250828122402+Fiji-Nadi-LTE-DL-D!20250828121612,Fiji-Nadi-LTE-DL-D,2025-08-28 02:14:30+02:00,2025-08-28 02:14:30+02:00,1,-17.6033904,177.45302,-17.6033904,177.45302,184.0,40988.0,41.0,8.9054,8.9054,25.582823772431105,16.677423772431105,0.34810074443763134,61.34,61.34,44.24,44.24,82.25,82.25,0,1,0,radio_limited_degradation,normal,statistical_only_retained,0.0,0.0,0.0,37.52,69.91,52.09,Medium,High,0,0,0,0,0,0,0,0,0,0,0,0,False,Not handed off
LTE-TP-EP-000230,542020041221088+20250827112048+Fiji-Nadi-LTE-DL-D!20250827110300,Fiji-Nadi-LTE-DL-D,2025-08-27 01:01:22+02:00,2025-08-27 01:01:22+02:00,1,-17.7816329,177.4898964,-17.7816329,177.4898964,80.0,500.0,1.0,52.907536,52.907536,168.440535,115.53299900000002,0.31410216074177155,62.12,62.12,56.68,56.68,68.77,68.77,0,1,0,rb_conditioned_underperformance,normal,statistical_only_retained,0.0,7.836511096013862,0.0,46.85,58.45,52.07,Medium,Medium,1,1,0,0,0,0,0,1,0,0,1,2,False,Not handed off
LTE-TP-EP-001147,542020041221088+20250828105628+Fiji-Nadi-LTE-DL-D!20250828105605,Fiji-Nadi-LTE-DL-D,2025-08-28 00:55:59+02:00,2025-08-28 00:55:59+02:00,1,-17.649214,177.4461379,-17.649214,177.4461379,163.0,41384.0,41.0,21.309711,21.309711,78.06344,56.753729,0.2729793998317266,61.46,61.46,47.45,47.45,78.59,78.59,0,1,0,rb_conditioned_underperformance,ml_hgb_strict_causal_temporal_underperformance,statistical_only_retained,0.0,8.313570919685203,0.0,39.92,66.8,52.02,Medium,High,1,1,0,0,0,0,1,0,0,0,0,3,False,Not handed off
LTE-TP-EP-001312,542020041221088+20250828121542+Fiji-Nadi-LTE-DL-D!20250828115456,Fiji-Nadi-LTE-DL-D,2025-08-28 01:53:17+02:00,2025-08-28 01:53:17+02:00,1,-17.6052529,177.4516253,-17.6052529,177.4516253,139.0,41384.0,41.0,1.228984,1.228984,11.250013721828713,10.021029721828713,0.10924288897669239,61.94,61.94,54.84,54.84,70.61,70.61,0,1,0,rolling_local_drop,normal,statistical_only_retained,0.0,5.036954516106392,0.0,45.47,60.02,52.01,Medium,High,0,0,0,0,0,0,0,1,0,0,1,0,False,Not handed off
LTE-TP-EP-001486,542020041221088+20250828125203+Fiji-Nadi-LTE-DL-D!20250828125121,Fiji-Nadi-LTE-DL-D,2025-08-28 02:50:25+02:00,2025-08-28 02:50:25+02:00,1,-17.63290545,177.45445426,-17.63290545,177.45445426,165.0,500.0,1.0,4.284912,4.284912,15.0480697516955,10.7631577516955,0.28474828138786434,61.31,61.31,45.14,45.14,81.07,81.07,0,1,0,sudden_drop,normal,statistical_only_retained,0.0,12.077960113591152,0.0,38.19,68.91,52.01,Medium,High,0,0,0,0,0,0,0,0,0,0,1,0,False,Not handed off
LTE-TP-EP-000100,542020041221088+20250827102746+Fiji-Nadi-LTE-DL-D!20250827102604,Fiji-Nadi-LTE-DL-D,2025-08-27 00:24:39+02:00,2025-08-27 00:24:39+02:00,1,-17.80619877,177.42704507,-17.80619877,177.42704507,395.0,40790.0,41.0,2.837632,2.837632,17.5804940157021,14.742862015702102,0.16140797849398064,62.16,62.16,58.42,58.42,66.72,66.72,0,1,0,sudden_drop,normal,statistical_only_retained,0.0,0.0,0.0,48.15,56.71,52.0,Medium,Medium,0,0,0,0,0,0,0,0,0,0,0,0,False,Not handed off
LTE-TP-EP-000356,542020041221088+20250827123337+Fiji-Nadi-LTE-DL-D!20250827114216,Fiji-Nadi-LTE-DL-D,2025-08-27 01:40:16+02:00,2025-08-27 01:40:16+02:00,1,-17.79290888,177.4112232,-17.79290888,177.4112232,363.0,1850.0,3.0,6.715936,6.715936,23.659223358664246,16.943287358664247,0.28386121971077116,61.26,61.26,44.89,44.89,81.26,81.26,0,1,0,sudden_drop,normal,statistical_only_retained,0.0,13.681071172434043,0.0,38.0,69.07,51.98,Medium,High,0,0,0,0,0,0,0,1,0,0,1,0,False,Not handed off
LTE-TP-EP-000442,542020041221088+20250827130936+Fiji-Nadi-LTE-DL-D!20250827120414,Fiji-Nadi-LTE-DL-D,2025-08-27 02:03:50+02:00,2025-08-27 02:03:50+02:00,1,-17.77344533,177.37458275,-17.77344533,177.37458275,158.0,40988.0,41.0,33.459713,33.459713,111.79482125,78.33510824999999,0.2992957332538335,61.99,61.99,56.71,56.71,68.45,68.45,0,1,0,rb_conditioned_underperformance,normal,statistical_only_retained,0.0,0.27171912149610555,0.0,46.87,58.18,51.96,Medium,Medium,1,1,0,0,0,0,0,0,0,0,1,2,False,Not handed off
LTE-TP-EP-001263,542020041221088+20250828115753+Fiji-Nadi-LTE-DL-D!20250828113321,Fiji-Nadi-LTE-DL-D,2025-08-28 01:32:54+02:00,2025-08-28 01:32:54+02:00,1,-17.60579102,177.4608919,-17.60579102,177.4608919,373.0,40790.0,41.0,3.188904,3.188904,,,,63.47,63.47,79.84,79.84,43.46,43.46,0,1,0,radio_limited_degradation,normal,statistical_only_retained,0.0,0.02131367981909721,0.0,64.22,36.94,51.94,High,Low,0,0,0,0,0,0,0,1,0,0,1,0,False,Not handed off
LTE-TP-EP-001061,542020041221088+20250828103207+Fiji-Nadi-LTE-DL-D!20250828102946,Fiji-Nadi-LTE-DL-D,2025-08-28 00:28:44+02:00,2025-08-28 00:28:44+02:00,1,-17.7123145,177.4494213,-17.7123145,177.4494213,487.0,41384.0,41.0,2.960504,2.960504,,,,63.51,63.51,80.64,80.64,42.57,42.57,0,1,0,radio_limited_degradation,normal,statistical_only_retained,0.0,31.45711226091856,0.0,64.82,36.18,51.93,High,Low,0,0,0,0,0,0,0,1,0,0,1,0,False,Not handed off
LTE-TP-EP-001769,542020041221088+20250828140337+Fiji-Nadi-LTE-DL-D!20250828140209,Fiji-Nadi-LTE-DL-D,2025-08-28 04:00:49+02:00,2025-08-28 04:00:49+02:00,1,-17.607977,177.4547801,-17.607977,177.4547801,139.0,40790.0,41.0,9.51244,9.51244,62.203377,52.690937000000005,0.15292481628449206,62.51,62.51,65.53,65.53,58.81,58.81,0,1,0,ca_underperformance,normal,statistical_only_retained,0.0,3.7779904354234697,0.0,53.48,49.99,51.91,Medium,Medium,1,1,1,1,0,0,0,1,0,0,1,4,False,Not handed off
LTE-TP-EP-000331,542020041221088+20250827122555+Fiji-Nadi-LTE-DL-D!20250827113546,Fiji-Nadi-LTE-DL-D,2025-08-27 01:35:05+02:00,2025-08-27 01:35:05+02:00,1,-17.7702933,177.4262311,-17.7702933,177.4262311,394.0,40790.0,41.0,26.772247,26.772247,118.44779,91.675543,0.22602571985513617,62.25,62.25,61.82,61.82,62.78,62.78,0,1,0,rb_conditioned_underperformance,normal,statistical_only_retained,0.0,25.620017258604374,0.0,50.7,53.36,51.9,Medium,Medium,1,1,0,0,0,0,0,0,0,0,1,2,False,Not handed off
LTE-TP-EP-000210,542020041221088+20250827110647+Fiji-Nadi-LTE-DL-D!20250827105407,Fiji-Nadi-LTE-DL-D,2025-08-27 00:53:36+02:00,2025-08-27 00:53:37+02:00,2,-17.76549436,177.46601136,-17.76553929,177.46611031,110.0,356.0,1.0,0.577432,3.7840599999999998,,,,61.3,55.675,67.98,56.755,55.57,54.35,0,2,0,radio_limited_degradation,normal,statistical_only_retained,1.0,11.608180564170944,0.0,55.95,46.93,51.89,High,Medium,0,0,1,0,0,0,0,2,2,2,2,1,True,Medium
LTE-TP-EP-000541,542020041221088+20250827133206+Fiji-Nadi-LTE-DL-D!20250827125008,Fiji-Nadi-LTE-DL-D,2025-08-27 02:49:32+02:00,2025-08-27 02:49:32+02:00,1,-17.8015101,177.4160956,-17.8015101,177.4160956,147.0,41384.0,41.0,7.685136,7.685136,,,,62.96,62.96,73.1,73.1,50.57,50.57,0,1,0,radio_limited_degradation,normal,statistical_only_retained,0.0,1.0182022135957542,0.0,59.16,42.98,51.88,High,Medium,0,0,0,0,0,0,0,1,0,0,1,0,False,Not handed off
LTE-TP-EP-000630,542020041221088+20250827134908+Fiji-Nadi-LTE-DL-D!20250827131851,Fiji-Nadi-LTE-DL-D,2025-08-27 03:17:01+02:00,2025-08-27 03:17:04+02:00,4,-17.7706803,177.4367141,-17.77076686,177.43682361,123.0,1850.0,3.0,28.519903,29.1735875,117.84952050000001,89.32961750000001,0.2420027071726609,57.51,57.01,60.88,60.222500000000004,54.69,53.0775,0,4,0,rb_conditioned_underperformance,normal,statistical_only_retained,3.0,24.037001752482674,0.0,56.6,46.08,51.87,High,Medium,4,3,0,0,0,0,0,3,0,0,4,7,True,Medium
LTE-TP-EP-000552,542020041221088+20250827133446+Fiji-Nadi-LTE-DL-D!20250827125432,Fiji-Nadi-LTE-DL-D,2025-08-27 02:52:46+02:00,2025-08-27 02:52:46+02:00,1,-17.8033396,177.4163654,-17.8033396,177.4163654,141.0,40790.0,41.0,19.062696,19.062696,83.886915,64.824219,0.22724278273911966,61.8,61.8,55.33,55.33,69.71,69.71,0,1,0,rb_conditioned_underperformance,ml_hgb_strict_causal_temporal_underperformance,statistical_only_retained,0.0,2.0902432474535173,0.0,45.83,59.25,51.87,Medium,Medium,1,1,0,0,0,0,1,0,0,0,1,3,False,Not handed off
LTE-TP-EP-001805,542020041221088+20250828140938+Fiji-Nadi-LTE-DL-D!20250828140855,Fiji-Nadi-LTE-DL-D,2025-08-28 04:07:30+02:00,2025-08-28 04:07:30+02:00,1,-17.6101336,177.4513908,-17.6101336,177.4513908,140.0,500.0,1.0,43.657288,43.657288,168.440535,124.78324700000002,0.25918516585096335,62.03,62.03,59.88,59.88,64.65,64.65,0,1,0,radio_p75_underperformance,normal,statistical_only_retained,0.0,14.624535045335755,0.0,49.25,54.95,51.81,Medium,Medium,1,0,0,0,0,0,0,0,0,0,0,1,False,Not handed off
LTE-TP-EP-000362,542020041221088+20250827123337+Fiji-Nadi-LTE-DL-D!20250827114216,Fiji-Nadi-LTE-DL-D,2025-08-27 01:41:19+02:00,2025-08-27 01:41:19+02:00,1,-17.79672137,177.40751802,-17.79672137,177.40751802,140.0,356.0,1.0,2.1538079,2.1538079,18.13893575,15.985127850000001,0.11873948558420798,61.9,61.9,58.37,58.37,66.22,66.22,0,1,0,ca_underperformance,normal,statistical_only_retained,0.0,0.0,0.0,48.11,56.29,51.79,Medium,Medium,0,1,1,1,0,0,0,1,0,0,1,3,False,Not handed off
LTE-TP-EP-000673,542020041221088+20250827135348+Fiji-Nadi-LTE-DL-D!20250827133514,Fiji-Nadi-LTE-DL-D,2025-08-27 03:33:55+02:00,2025-08-27 03:33:55+02:00,1,-17.79294169,177.42266984,-17.79294169,177.42266984,132.0,9310.0,28.0,3.77752,3.77752,,,,63.72,63.72,86.78,86.78,35.53,35.53,0,1,0,radio_limited_degradation,normal,statistical_only_retained,0.0,1.7349417925707455,0.0,69.42,30.2,51.77,High,Low,0,0,0,0,0,0,0,0,0,0,1,0,False,Not handed off
LTE-TP-EP-001888,542020041221088+20250828143139+Fiji-Nadi-LTE-DL-D!20250828143127,Fiji-Nadi-LTE-DL-D,2025-08-28 04:30:31+02:00,2025-08-28 04:30:32+02:00,2,-17.61047075,177.4411579,-17.61049143,177.44119909,383.0,356.0,1.0,2.075,2.925356,,,,62.63,59.0,83.74,80.765,36.82,32.394999999999996,0,2,0,radio_limited_degradation,normal,statistical_only_retained,1.0,5.040212754255762,0.0,69.42,30.19,51.76,High,Low,0,0,0,0,0,0,0,0,0,0,2,0,False,Not handed off
LTE-TP-EP-000517,542020041221088+20250827132825+Fiji-Nadi-LTE-DL-D!20250827122826,Fiji-Nadi-LTE-DL-D,2025-08-27 02:26:40+02:00,2025-08-27 02:26:40+02:00,1,-17.8070401,177.4181157,-17.8070401,177.4181157,149.0,41384.0,41.0,40.62645,40.62645,121.14346,80.51701,0.3353581778166151,61.67,61.67,55.44,55.44,69.28,69.28,0,1,0,radio_p75_underperformance,normal,statistical_only_retained,0.0,0.0,0.0,45.92,58.89,51.75,Medium,Medium,1,0,0,0,0,0,0,0,0,0,1,1,False,Not handed off
LTE-TP-EP-001383,542020041221088+20250828123202+Fiji-Nadi-LTE-DL-D!20250828122853,Fiji-Nadi-LTE-DL-D,2025-08-28 02:28:24+02:00,2025-08-28 02:28:24+02:00,1,-17.62784743,177.43289759,-17.62784743,177.43289759,346.0,40790.0,41.0,9.526632,9.526632,49.4498,39.923168000000004,0.19265258909035018,61.75,61.75,56.82,56.82,67.77,67.77,0,1,0,ca_underperformance,normal,statistical_only_retained,0.0,4.649313283225712,0.0,46.95,57.6,51.75,Medium,Medium,1,1,1,1,0,0,0,1,0,0,1,4,False,Not handed off
LTE-TP-EP-000640,542020041221088+20250827135108+Fiji-Nadi-LTE-DL-D!20250827132314,Fiji-Nadi-LTE-DL-D,2025-08-27 03:21:12+02:00,2025-08-27 03:21:12+02:00,1,-17.7741572,177.437121,-17.7741572,177.437121,339.0,41384.0,41.0,3.543056,3.543056,,,,61.78,61.78,57.6,57.6,66.89,66.89,0,1,0,radio_limited_degradation,normal,statistical_only_retained,0.0,5.728167862480818,0.0,47.54,56.86,51.73,Medium,Medium,0,0,0,0,0,0,0,0,0,0,0,0,False,Not handed off
LTE-TP-EP-001772,542020041221088+20250828140337+Fiji-Nadi-LTE-DL-D!20250828140209,Fiji-Nadi-LTE-DL-D,2025-08-28 04:01:16+02:00,2025-08-28 04:01:16+02:00,1,-17.60795243,177.45289945,-17.60795243,177.45289945,139.0,41186.0,41.0,13.667424,13.667424,75.82043,62.153006000000005,0.18026043903997907,62.16,62.16,63.48,63.48,60.55,60.55,0,1,0,ca_underperformance,normal,statistical_only_retained,0.0,0.1425605477167812,0.0,51.95,51.47,51.73,Medium,Medium,1,1,0,1,0,0,0,1,0,0,1,3,False,Not handed off
LTE-TP-EP-001226,542020041221088+20250828114552+Fiji-Nadi-LTE-DL-D!20250828111754,Fiji-Nadi-LTE-DL-D,2025-08-28 01:16:08+02:00,2025-08-28 01:16:09+02:00,2,-17.5954187,177.5061049,-17.5954321,177.5060451,495.0,500.0,1.0,4.8854,7.59628,43.970293999999996,33.663134,0.23441189635893725,55.6,53.144999999999996,73.9,62.08500000000001,51.2,42.215,0,2,0,ca_underperformance,normal,statistical_only_retained,1.0,15.691012471980375,0.0,60.27,41.27,51.72,High,Medium,1,1,0,1,0,0,0,2,2,2,2,3,True,Medium
LTE-TP-EP-000854,542020041221088+20250827151552+Fiji-Nadi-LTE-DL-D!20250827151524,Fiji-Nadi-LTE-DL-D,2025-08-27 05:13:58+02:00,2025-08-27 05:13:58+02:00,1,-17.74817128,177.45533835,-17.74817128,177.45533835,122.0,356.0,1.0,4.74836,4.74836,,,,62.85,62.85,74.38,74.38,48.75,48.75,0,1,0,radio_limited_degradation,normal,statistical_only_retained,0.0,0.0,0.0,60.12,41.44,51.71,High,Medium,0,0,0,0,0,0,0,1,0,0,1,0,False,Not handed off
LTE-TP-EP-001008,542020041221088+20250827161234+Fiji-Nadi-LTE-DL-D!20250827161029,Fiji-Nadi-LTE-DL-D,2025-08-27 06:08:43+02:00,2025-08-27 06:08:43+02:00,1,-17.81419,177.4381157,-17.81419,177.4381157,395.0,1850.0,3.0,9.558536,9.558536,,,,62.34,62.34,66.55,66.55,57.19,57.19,0,1,0,radio_limited_degradation,normal,statistical_only_retained,0.0,8.91674781113987,0.0,54.25,48.61,51.71,Medium,Medium,0,0,0,0,0,0,0,0,0,0,1,0,False,Not handed off
LTE-TP-EP-001580,542020041221088+20250828131954+Fiji-Nadi-LTE-DL-D!20250828131344,Fiji-Nadi-LTE-DL-D,2025-08-28 03:12:01+02:00,2025-08-28 03:12:02+02:00,2,-17.6306174,177.475614,-17.63061649,177.47561356,352.0,1850.0,3.0,4.097064,4.271292,27.996896250000002,23.899832250000003,0.14633993580627708,59.6,59.455,58.29,57.625,62.19,61.695,0,2,0,ca_underperformance,normal,statistical_only_retained,1.0,21.888522255048397,0.0,50.79,52.74,51.67,Medium,Medium,2,2,2,2,0,0,0,2,0,0,2,8,True,Medium
LTE-TP-EP-000952,542020041221088+20250827155853+Fiji-Nadi-LTE-DL-D!20250827154409,Fiji-Nadi-LTE-DL-D,2025-08-27 05:44:04+02:00,2025-08-27 05:44:04+02:00,1,-17.75189698,177.45441863,-17.75189698,177.45441863,487.0,41186.0,41.0,1.947288,1.947288,,,,62.05,62.05,63.18,63.18,60.67,60.67,0,1,0,radio_limited_degradation,normal,statistical_only_retained,0.0,0.1866314448787148,0.0,51.72,51.57,51.65,Medium,Medium,0,0,0,0,0,0,0,1,0,0,1,0,False,Not handed off
LTE-TP-EP-001403,542020041221088+20250828123602+Fiji-Nadi-LTE-DL-D!20250828123538,Fiji-Nadi-LTE-DL-D,2025-08-28 02:34:39+02:00,2025-08-28 02:34:39+02:00,1,-17.6300746,177.4403946,-17.6300746,177.4403946,345.0,41384.0,41.0,0.13488,0.13488,10.580654483621625,10.445774483621625,0.012747793646299304,61.9,61.9,61.95,61.95,61.85,61.85,0,1,0,sudden_drop,normal,statistical_only_retained,0.0,7.089088481094299,0.0,50.8,52.57,51.6,Medium,Medium,0,0,0,0,0,0,0,1,0,0,1,0,False,Not handed off
LTE-TP-EP-000976,542020041221088+20250827160834+Fiji-Nadi-LTE-DL-D!20250827160146,Fiji-Nadi-LTE-DL-D,2025-08-27 06:00:45+02:00,2025-08-27 06:00:45+02:00,1,-17.80773823,177.45139222,-17.80773823,177.45139222,470.0,41384.0,41.0,24.99712,24.99712,105.95971,80.96259,0.23591155543932688,61.85,61.85,61.24,61.24,62.6,62.6,0,1,0,rb_conditioned_underperformance,normal,statistical_only_retained,0.0,5.621695293583203,0.0,50.27,53.21,51.59,Medium,Medium,1,1,0,0,0,0,0,0,0,0,1,2,False,Not handed off
LTE-TP-EP-001365,542020041221088+20250828122542+Fiji-Nadi-LTE-DL-D!20250828121826,Fiji-Nadi-LTE-DL-D,2025-08-28 02:17:22+02:00,2025-08-28 02:17:22+02:00,1,-17.6052532,177.4515733,-17.6052532,177.4515733,139.0,40790.0,41.0,17.46828,17.46828,93.96716500000001,76.498885,0.1858977016067261,62.13,62.13,65.57,65.57,57.92,57.92,0,1,0,rb_conditioned_underperformance,normal,statistical_only_retained,0.0,19.39405227797628,0.0,53.51,49.23,51.59,Medium,Medium,1,1,0,0,0,0,0,1,0,0,1,2,False,Not handed off
LTE-TP-EP-001074,542020041221088+20250828103907+Fiji-Nadi-LTE-DL-D!20250828103834,Fiji-Nadi-LTE-DL-D,2025-08-28 00:37:47+02:00,2025-08-28 00:37:48+02:00,2,-17.66749309,177.40713667,-17.66736054,177.40710017,455.0,1850.0,3.0,7.127368,7.70922,,,,60.64,59.16,66.05,64.015,54.02,53.22,0,2,0,radio_limited_degradation,normal,statistical_only_retained,1.0,15.282333341250826,0.0,56.34,45.72,51.56,High,Medium,0,0,0,0,0,0,0,0,0,0,2,0,True,Medium
LTE-TP-EP-001158,542020041221088+20250828113551+Fiji-Nadi-LTE-DL-D!20250828110238,Fiji-Nadi-LTE-DL-D,2025-08-28 01:01:07+02:00,2025-08-28 01:01:07+02:00,1,-17.63648374,177.46058386,-17.63648374,177.46058386,271.0,40790.0,41.0,19.480553,19.480553,119.0290425,99.5484895,0.16366218353810583,62.1,62.1,66.1,66.1,57.2,57.2,0,1,0,rb_conditioned_underperformance,normal,statistical_only_retained,0.0,9.072303985484893,0.0,53.91,48.62,51.53,Medium,Medium,1,1,0,0,0,0,0,1,0,0,1,2,False,Not handed off
LTE-TP-EP-001652,542020041221088+20250828133816+Fiji-Nadi-LTE-DL-D!20250828132818,Fiji-Nadi-LTE-DL-D,2025-08-28 03:28:11+02:00,2025-08-28 03:28:11+02:00,1,-17.615361,177.4662623,-17.615361,177.4662623,179.0,40988.0,41.0,5.275816,5.275816,,,,63.09,63.09,81.53,81.53,40.56,40.56,0,1,0,radio_limited_degradation,normal,statistical_only_retained,0.0,2.202363462835555,0.0,65.48,34.48,51.53,High,Low,0,0,0,0,0,0,0,0,0,0,0,0,False,Not handed off
LTE-TP-EP-001677,542020041221088+20250828134436+Fiji-Nadi-LTE-DL-D!20250828133934,Fiji-Nadi-LTE-DL-D,2025-08-28 03:37:43+02:00,2025-08-28 03:37:43+02:00,1,-17.6216501,177.4553452,-17.6216501,177.4553452,231.0,41186.0,41.0,6.860392,6.860392,,,,62.73,62.73,75.99,75.99,46.53,46.53,0,1,0,radio_limited_degradation,normal,statistical_only_retained,0.0,8.461044773334104,0.0,61.33,39.55,51.53,High,Low,0,0,0,0,0,0,0,0,0,0,1,0,False,Not handed off
LTE-TP-EP-001659,542020041221088+20250828134016+Fiji-Nadi-LTE-DL-D!20250828133246,Fiji-Nadi-LTE-DL-D,2025-08-28 03:31:38+02:00,2025-08-28 03:31:38+02:00,1,-17.6181292,177.46356062,-17.6181292,177.46356062,179.0,40988.0,41.0,2.703648,2.703648,,,,63.06,63.06,81.54,81.54,40.47,40.47,0,1,0,radio_limited_degradation,normal,statistical_only_retained,0.0,10.378650606069979,0.0,65.49,34.4,51.5,High,Low,0,0,0,0,0,0,0,0,0,0,1,0,False,Not handed off
LTE-TP-EP-000084,542020041221088+20250827102006+Fiji-Nadi-LTE-DL-D!20250827101931,Fiji-Nadi-LTE-DL-D,2025-08-27 00:19:31+02:00,2025-08-27 00:19:31+02:00,1,-17.8099643,177.40151499,-17.8099643,177.40151499,351.0,500.0,1.0,23.126312,23.126312,81.48199,58.355678,0.2838211486980129,60.85,60.85,47.62,47.62,77.02,77.02,0,1,0,rb_conditioned_underperformance,ml_hgb_strict_causal_temporal_underperformance,statistical_only_retained,0.0,13.414285802736488,0.0,40.05,65.47,51.49,Medium,High,1,1,0,0,0,0,1,0,0,0,0,3,False,Not handed off
LTE-TP-EP-001557,542020041221088+20250828130504+Fiji-Nadi-LTE-DL-D!20250828130441,Fiji-Nadi-LTE-DL-D,2025-08-28 03:04:16+02:00,2025-08-28 03:04:16+02:00,1,-17.6338325,177.4597375,-17.6338325,177.4597375,274.0,40988.0,41.0,18.458263,18.458263,71.2027896067199,52.7445266067199,0.2592351100561089,61.54,61.54,58.54,58.54,65.21,65.21,0,1,0,sudden_drop,normal,statistical_only_retained,0.0,3.662478270979743,0.0,48.24,55.43,51.48,Medium,Medium,0,0,0,0,0,0,0,0,0,0,1,0,False,Not handed off
LTE-TP-EP-000525,542020041221088+20250827133005+Fiji-Nadi-LTE-DL-D!20250827124117,Fiji-Nadi-LTE-DL-D,2025-08-27 02:39:51+02:00,2025-08-27 02:39:51+02:00,1,-17.8070166,177.4180002,-17.8070166,177.4180002,149.0,41384.0,41.0,14.810584,14.810584,45.72440652277523,30.913822522775234,0.32390981373640965,61.02,61.02,50.44,50.44,73.94,73.94,0,1,0,sudden_drop,normal,statistical_only_retained,0.0,0.0,0.0,42.17,62.85,51.47,Medium,High,0,0,0,0,0,0,0,0,0,0,0,0,False,Not handed off
LTE-TP-EP-000810,542020041221088+20250827145611+Fiji-Nadi-LTE-DL-D!20250827145542,Fiji-Nadi-LTE-DL-D,2025-08-27 04:54:04+02:00,2025-08-27 04:54:05+02:00,2,-17.7689377,177.4759004,-17.7689938,177.4759479,111.0,41384.0,41.0,14.006192,20.3384315,105.95971,79.289039,0.2517057757141842,57.44,54.465,59.96,50.81,63.5,58.925,0,2,0,ca_underperformance,normal,statistical_only_retained,1.0,15.563479900070178,0.0,50.35,52.83,51.46,Medium,Medium,2,1,0,1,0,0,0,0,0,0,2,4,True,Medium
LTE-TP-EP-001532,542020041221088+20250828130044+Fiji-Nadi-LTE-DL-D!20250828130012,Fiji-Nadi-LTE-DL-D,2025-08-28 02:58:34+02:00,2025-08-28 02:58:34+02:00,1,-17.629967,177.4549592,-17.629967,177.4549592,165.0,500.0,1.0,27.545055,27.545055,105.955109,78.41005399999999,0.25996910635050174,61.55,61.55,59.04,59.04,64.62,64.62,0,1,0,rb_conditioned_underperformance,ml_hgb_strict_causal_temporal_underperformance,statistical_only_retained,0.0,1.5615566154619738,0.0,48.62,54.93,51.46,Medium,Medium,1,1,0,0,0,0,1,0,0,0,0,3,False,Not handed off
LTE-TP-EP-001653,542020041221088+20250828133856+Fiji-Nadi-LTE-DL-D!20250828133030,Fiji-Nadi-LTE-DL-D,2025-08-28 03:29:21+02:00,2025-08-28 03:29:21+02:00,1,-17.6177596,177.4656364,-17.6177596,177.4656364,253.0,40988.0,41.0,0.559208,0.559208,12.707719716361872,12.148511716361872,0.04400537724167694,61.77,61.77,62.36,62.36,61.05,61.05,0,1,0,sudden_drop,normal,statistical_only_retained,0.0,7.924218624913798,0.0,51.11,51.89,51.46,Medium,Medium,0,0,0,0,0,0,0,0,0,0,1,0,False,Not handed off
LTE-TP-EP-001784,542020041221088+20250828140457+Fiji-Nadi-LTE-DL-D!20250828140425,Fiji-Nadi-LTE-DL-D,2025-08-28 04:03:16+02:00,2025-08-28 04:03:16+02:00,1,-17.6054736,177.4492939,-17.6054736,177.4492939,139.0,40988.0,41.0,27.646671,27.646671,111.79482125,84.14815025,0.24729831570798277,61.64,61.64,60.57,60.57,62.94,62.94,0,1,0,rb_conditioned_underperformance,normal,statistical_only_retained,0.0,0.0,0.0,49.76,53.5,51.44,Medium,Medium,1,1,0,0,0,0,0,0,0,0,1,2,False,Not handed off
LTE-TP-EP-001791,542020041221088+20250828140718+Fiji-Nadi-LTE-DL-D!20250828140641,Fiji-Nadi-LTE-DL-D,2025-08-28 04:04:43+02:00,2025-08-28 04:04:43+02:00,1,-17.60557169,177.45215827,-17.60557169,177.45215827,183.0,41186.0,41.0,1.914664,1.914664,,,,61.8,61.8,63.3,63.3,59.97,59.97,0,1,0,radio_limited_degradation,normal,statistical_only_retained,0.0,0.0,0.0,51.81,50.97,51.43,Medium,Medium,0,0,0,0,0,0,0,0,0,0,0,0,False,Not handed off
LTE-TP-EP-001564,542020041221088+20250828131005+Fiji-Nadi-LTE-DL-D!20250828130912,Fiji-Nadi-LTE-DL-D,2025-08-28 03:07:31+02:00,2025-08-28 03:07:31+02:00,1,-17.62863291,177.46280185,-17.62863291,177.46280185,254.0,40988.0,41.0,41.016407,41.016407,92.1556270140887,51.13922001408869,0.4450776184695639,60.77,60.77,47.69,47.69,76.76,76.76,0,1,0,sudden_drop,ml_hgb_strict_causal_temporal_underperformance,statistical_only_retained,0.0,3.403186967757168,0.0,40.1,65.25,51.42,Medium,High,0,0,0,0,0,0,1,0,0,0,1,1,False,Not handed off
LTE-TP-EP-000794,542020041221088+20250827144511+Fiji-Nadi-LTE-DL-D!20250827144430,Fiji-Nadi-LTE-DL-D,2025-08-27 04:43:31+02:00,2025-08-27 04:43:31+02:00,1,-17.7625477,177.4421033,-17.7625477,177.4421033,136.0,40988.0,41.0,6.770816,6.770816,,,,62.02,62.02,67.3,67.3,55.57,55.57,0,1,0,rb_efficiency_underperformance,normal,statistical_only_retained,0.0,7.354245862982985,0.0,54.81,47.23,51.4,Medium,Medium,0,0,1,0,0,0,0,1,0,0,1,1,False,Not handed off
LTE-TP-EP-001339,542020041221088+20250828122241+Fiji-Nadi-LTE-DL-D!20250828121359,Fiji-Nadi-LTE-DL-D,2025-08-28 02:13:14+02:00,2025-08-28 02:13:14+02:00,1,-17.603373,177.4529801,-17.603373,177.4529801,184.0,40988.0,41.0,33.207134,33.207134,111.79482125,78.58768724999999,0.2970364246635441,61.34,61.34,56.97,56.97,66.67,66.67,0,1,0,rb_conditioned_underperformance,normal,statistical_only_retained,0.0,0.0,0.0,47.06,56.67,51.39,Medium,Medium,1,1,0,0,0,0,0,0,0,0,0,2,False,Not handed off
LTE-TP-EP-000123,542020041221088+20250827103246+Fiji-Nadi-LTE-DL-D!20250827103001,Fiji-Nadi-LTE-DL-D,2025-08-27 00:28:45+02:00,2025-08-27 00:28:45+02:00,1,-17.814951,177.44100125,-17.814951,177.44100125,148.0,41186.0,41.0,2.920528,2.920528,,,,62.1,62.1,68.78,68.78,53.93,53.93,0,1,0,radio_limited_degradation,normal,statistical_only_retained,0.0,5.101165936821554,0.0,55.92,45.84,51.38,High,Medium,0,0,0,0,0,0,0,1,0,0,1,0,False,Not handed off
LTE-TP-EP-001367,542020041221088+20250828122542+Fiji-Nadi-LTE-DL-D!20250828121826,Fiji-Nadi-LTE-DL-D,2025-08-28 02:18:08+02:00,2025-08-28 02:18:08+02:00,1,-17.6046431,177.4494512,-17.6046431,177.4494512,185.0,40790.0,41.0,32.06316,32.06316,118.44779,86.38462999999999,0.270694455337664,61.48,61.48,59.21,59.21,64.25,64.25,0,1,0,rb_conditioned_underperformance,normal,statistical_only_retained,0.0,8.806879950414585,0.0,48.74,54.61,51.38,Medium,Medium,1,1,0,0,0,0,0,1,0,0,1,2,False,Not handed off
LTE-TP-EP-001170,542020041221088+20250828113551+Fiji-Nadi-LTE-DL-D!20250828110238,Fiji-Nadi-LTE-DL-D,2025-08-28 01:02:14+02:00,2025-08-28 01:02:14+02:00,1,-17.63881308,177.46544372,-17.63881308,177.46544372,165.0,40790.0,41.0,3.281256,3.281256,,,,62.77,62.77,79.52,79.52,42.29,42.29,0,1,0,radio_limited_degradation,normal,statistical_only_retained,0.0,9.837778379237115,0.0,63.98,35.95,51.36,High,Low,0,0,0,0,0,0,0,1,0,0,1,0,False,Not handed off
LTE-TP-EP-001981,542020041221088+20250829102713+Nawaka-LTE-DL!20250829102643,Nawaka-LTE-DL,2025-08-29 00:25:12+02:00,2025-08-29 00:25:12+02:00,1,-17.8128906,177.4432636,-17.8128906,177.4432636,469.0,1850.0,3.0,1.041328,1.041328,,,,61.91,61.91,66.36,66.36,56.47,56.47,0,1,0,radio_limited_degradation,normal,statistical_only_retained,0.0,0.0,0.0,54.11,48.0,51.36,Medium,Medium,0,0,0,0,0,0,0,0,0,0,1,0,False,Not handed off
LTE-TP-EP-000960,542020041221088+20250827160414+Fiji-Nadi-LTE-DL-D!20250827155722,Fiji-Nadi-LTE-DL-D,2025-08-27 05:56:11+02:00,2025-08-27 05:56:11+02:00,1,-17.79757177,177.44869262,-17.79757177,177.44869262,470.0,40988.0,41.0,12.959688,12.959688,65.36004299999999,52.40035499999999,0.1982815096985172,61.38,61.38,58.43,58.43,64.99,64.99,0,1,0,ca_underperformance,normal,statistical_only_retained,0.0,0.06058038468306264,0.0,48.16,55.24,51.35,Medium,Medium,1,1,0,1,0,0,0,1,0,0,1,3,False,Not handed off
LTE-TP-EP-001254,542020041221088+20250828115533+Fiji-Nadi-LTE-DL-D!20250828113110,Fiji-Nadi-LTE-DL-D,2025-08-28 01:30:44+02:00,2025-08-28 01:30:44+02:00,1,-17.6043907,177.4588843,-17.6043907,177.4588843,184.0,40790.0,41.0,6.596816,6.596816,49.4498,42.852984000000006,0.13340430092740516,61.84,61.84,65.4,65.4,57.49,57.49,0,1,0,ca_underperformance,normal,statistical_only_retained,0.0,4.099424875935544,0.0,53.39,48.87,51.35,Medium,Medium,1,1,1,1,0,0,0,1,0,0,1,4,False,Not handed off
LTE-TP-EP-001535,542020041221088+20250828130044+Fiji-Nadi-LTE-DL-D!20250828130012,Fiji-Nadi-LTE-DL-D,2025-08-28 02:59:08+02:00,2025-08-28 02:59:09+02:00,2,-17.6296126,177.4545215,-17.6295511,177.4545301,165.0,500.0,1.0,48.902138,50.952895999999996,176.8458,127.94366199999999,0.27652416964383664,59.41,58.04,58.87,58.195,61.71,57.84,0,2,0,radio_p75_underperformance,normal,statistical_only_retained,1.0,12.599781468077023,0.0,51.22,51.49,51.34,Medium,Medium,2,0,0,0,0,0,0,0,0,0,0,2,True,Medium
LTE-TP-EP-000925,542020041221088+20250827153332+Fiji-Nadi-LTE-DL-D!20250827153318,Fiji-Nadi-LTE-DL-D,2025-08-27 05:32:58+02:00,2025-08-27 05:32:58+02:00,1,-17.744629,177.4392415,-17.744629,177.4392415,120.0,500.0,1.0,36.944695,36.944695,176.8458,139.901105,0.20890908916129194,61.64,61.64,62.81,62.81,60.22,60.22,0,1,0,rb_conditioned_underperformance,normal,statistical_only_retained,0.0,23.072065023629584,0.0,51.44,51.19,51.33,Medium,Medium,1,1,0,0,0,0,0,1,0,0,1,2,False,Not handed off
LTE-TP-EP-001880,542020041221088+20250828142959+Fiji-Nadi-LTE-DL-D!20250828142912,Fiji-Nadi-LTE-DL-D,2025-08-28 04:27:10+02:00,2025-08-28 04:27:10+02:00,1,-17.60527507,177.44716848,-17.60527507,177.44716848,141.0,41384.0,41.0,23.203457,23.203457,87.46038579437075,64.25692879437075,0.2653024771072237,61.54,61.54,61.32,61.32,61.8,61.8,0,1,0,rolling_local_drop,normal,statistical_only_retained,0.0,0.03917601970233922,0.0,50.33,52.53,51.32,Medium,Medium,0,0,0,0,0,0,0,0,0,0,1,0,False,Not handed off
LTE-TP-EP-001983,542020041221088+20250829102713+Nawaka-LTE-DL!20250829102643,Nawaka-LTE-DL,2025-08-29 00:25:38+02:00,2025-08-29 00:25:38+02:00,1,-17.8128906,177.4432637,-17.8128906,177.4432637,469.0,1850.0,3.0,1.917656,1.917656,,,,61.67,61.67,63.29,63.29,59.68,59.68,0,1,0,radio_limited_degradation,normal,statistical_only_retained,0.0,0.0,0.0,51.8,50.73,51.32,Medium,Medium,0,0,0,0,0,0,0,0,0,0,0,0,False,Not handed off
LTE-TP-EP-001831,542020041221088+20250828141158+Fiji-Nadi-LTE-DL-D!20250828141111,Fiji-Nadi-LTE-DL-D,2025-08-28 04:10:37+02:00,2025-08-28 04:10:39+02:00,3,-17.6075424,177.4622646,-17.607424,177.4622869,375.0,1850.0,3.0,5.114552,5.129944,,,,60.0,58.663333333333334,82.1,81.2,33.0,31.12,0,3,0,radio_limited_degradation,normal,statistical_only_retained,2.0,29.547124163611482,0.0,70.73,27.58,51.31,High,Low,0,0,0,0,0,0,0,3,0,0,3,0,False,Not handed off
LTE-TP-EP-000512,542020041221088+20250827132625+Fiji-Nadi-LTE-DL-D!20250827122623,Fiji-Nadi-LTE-DL-D,2025-08-27 02:25:11+02:00,2025-08-27 02:25:11+02:00,1,-17.8070401,177.4181157,-17.8070401,177.4181157,149.0,41384.0,41.0,38.37365,38.37365,121.14346,82.76981,0.316762043943602,61.21,61.21,56.52,56.52,66.95,66.95,0,1,0,radio_p75_underperformance,normal,statistical_only_retained,0.0,0.0,0.0,46.73,56.91,51.31,Medium,Medium,1,0,0,0,0,0,0,0,0,0,0,1,False,Not handed off
LTE-TP-EP-001533,542020041221088+20250828130044+Fiji-Nadi-LTE-DL-D!20250828130012,Fiji-Nadi-LTE-DL-D,2025-08-28 02:58:55+02:00,2025-08-28 02:58:55+02:00,1,-17.6299178,177.4547136,-17.6299178,177.4547136,165.0,500.0,1.0,34.57968,34.57968,176.8458,142.26612,0.19553577184190976,61.66,61.66,63.59,63.59,59.3,59.3,0,1,0,rb_conditioned_underperformance,normal,statistical_only_retained,0.0,2.9521083009524616,0.0,52.03,50.4,51.3,Medium,Medium,1,1,0,0,0,0,0,0,0,0,0,2,False,Not handed off
LTE-TP-EP-000141,542020041221088+20250827103926+Fiji-Nadi-LTE-DL-D!20250827103843,Fiji-Nadi-LTE-DL-D,2025-08-27 00:37:42+02:00,2025-08-27 00:37:43+02:00,2,-17.81177826,177.43411266,-17.8116133,177.4340156,395.0,9310.0,28.0,3.3737519,4.41959995,,,,61.93,59.66,88.19,84.53,29.83,29.265,0,2,0,radio_limited_degradation,normal,statistical_only_retained,1.0,30.4948608324125,0.0,72.62,25.21,51.29,High,Low,0,0,0,0,0,0,0,2,0,0,2,0,False,Not handed off
LTE-TP-EP-001167,542020041221088+20250828113551+Fiji-Nadi-LTE-DL-D!20250828110238,Fiji-Nadi-LTE-DL-D,2025-08-28 01:01:56+02:00,2025-08-28 01:01:57+02:00,2,-17.6388173,177.4636334,-17.6388254,177.4637559,165.0,40790.0,41.0,10.049072,13.605040500000001,83.886915,66.72590600000001,0.2032176469874499,59.14,58.269999999999996,59.98,57.629999999999995,59.99,59.055,0,2,0,rb_conditioned_underperformance,normal,statistical_only_retained,1.0,37.86426141050732,0.0,51.72,50.76,51.29,Medium,Medium,2,2,0,0,0,0,0,2,0,0,2,4,True,Medium
LTE-TP-EP-000316,542020041221088+20250827122335+Fiji-Nadi-LTE-DL-D!20250827113336,Fiji-Nadi-LTE-DL-D,2025-08-27 01:31:48+02:00,2025-08-27 01:31:48+02:00,1,-17.7658258,177.4301452,-17.7658258,177.4301452,394.0,41384.0,41.0,45.532055,45.532055,104.48333529280912,58.951280292809116,0.4357829396659169,60.84,60.84,51.24,51.24,72.57,72.57,0,1,0,rb_conditioned_underperformance,normal,statistical_only_retained,0.0,19.185354204560003,0.0,42.77,61.68,51.28,Medium,High,0,1,0,0,0,0,0,0,0,0,1,1,False,Not handed off
LTE-TP-EP-001514,542020041221088+20250828125624+Fiji-Nadi-LTE-DL-D!20250828125546,Fiji-Nadi-LTE-DL-D,2025-08-28 02:54:45+02:00,2025-08-28 02:54:45+02:00,1,-17.63732215,177.45516547,-17.63732215,177.45516547,165.0,40988.0,41.0,13.904856,13.904856,83.236885,69.332029,0.1670516141972396,61.88,61.88,67.54,67.54,54.97,54.97,0,1,0,ca_underperformance,normal,statistical_only_retained,0.0,0.5304734727901271,0.0,54.99,46.72,51.27,Medium,Medium,1,1,0,1,0,0,0,0,0,0,0,3,False,Not handed off
LTE-TP-EP-001994,542020041221088+20250829103154+Nawaka-LTE-DL!20250829103112,Nawaka-LTE-DL,2025-08-29 00:30:21+02:00,2025-08-29 00:30:21+02:00,1,-17.8128905,177.4432645,-17.8128905,177.4432645,469.0,1850.0,3.0,5.869568,5.869568,27.996896250000002,22.12732825,0.20965066797359724,60.83,60.83,51.5,51.5,72.24,72.24,0,1,0,rb_efficiency_underperformance,ml_quantile_p75_resource_underperformance,statistical_only_retained,0.0,0.0,0.0,42.96,61.4,51.26,Medium,High,1,1,1,0,1,0,0,0,0,0,0,4,False,Not handed off
LTE-TP-EP-000444,542020041221088+20250827130936+Fiji-Nadi-LTE-DL-D!20250827120414,Fiji-Nadi-LTE-DL-D,2025-08-27 02:04:04+02:00,2025-08-27 02:04:04+02:00,1,-17.77428131,177.37490034,-17.77428131,177.37490034,158.0,40988.0,41.0,19.690128,19.690128,71.46350540178547,51.77337740178547,0.2755270384414708,61.11,61.11,56.16,56.16,67.16,67.16,0,1,0,sudden_drop,normal,statistical_only_retained,0.0,10.336810513095097,0.0,46.46,57.09,51.24,Medium,Medium,0,0,0,0,0,0,0,0,0,0,1,0,False,Not handed off
LTE-TP-EP-001026,542020041221088+20250827161454+Fiji-Nadi-LTE-DL-D!20250827161420,Fiji-Nadi-LTE-DL-D,2025-08-27 06:12:50+02:00,2025-08-27 06:12:50+02:00,1,-17.8147859,177.4494141,-17.8147859,177.4494141,469.0,40988.0,41.0,39.550247,39.550247,109.39058,69.840333,0.36155075692989286,60.63,60.63,48.83,48.83,75.06,75.06,0,1,0,rolling_local_drop,ml_quantile_p75_resource_underperformance,statistical_only_retained,0.0,,0.0,40.96,63.8,51.24,Medium,High,0,0,0,0,1,0,0,0,0,0,1,1,False,Not handed off
LTE-TP-EP-000415,542020041221088+20250827123738+Fiji-Nadi-LTE-DL-D!20250827115101,Fiji-Nadi-LTE-DL-D,2025-08-27 01:49:20+02:00,2025-08-27 01:49:20+02:00,1,-17.77354577,177.37455317,-17.77354577,177.37455317,158.0,40988.0,41.0,24.954016,24.954016,111.79482125,86.84080525,0.2232126293596091,61.47,61.47,61.98,61.98,60.84,60.84,0,1,0,rb_conditioned_underperformance,normal,statistical_only_retained,0.0,0.23373535742344614,0.0,50.82,51.71,51.22,Medium,Medium,1,1,0,0,0,0,0,0,1,0,1,2,False,Not handed off
LTE-TP-EP-001150,542020041221088+20250828113351+Fiji-Nadi-LTE-DL-D!20250828110026,Fiji-Nadi-LTE-DL-D,2025-08-28 00:59:42+02:00,2025-08-28 00:59:42+02:00,1,-17.63761842,177.45634819,-17.63761842,177.45634819,165.0,40790.0,41.0,34.22679,34.22679,118.44779,84.221,0.2889609844134703,61.22,61.22,58.14,58.14,64.98,64.98,0,1,0,rb_conditioned_underperformance,normal,statistical_only_retained,0.0,11.258938744293859,0.0,47.94,55.23,51.22,Medium,Medium,1,1,0,0,0,0,0,1,0,0,1,2,False,Not handed off
LTE-TP-EP-000909,542020041221088+20250827152912+Fiji-Nadi-LTE-DL-D!20250827152850,Fiji-Nadi-LTE-DL-D,2025-08-27 05:27:28+02:00,2025-08-27 05:27:29+02:00,2,-17.7453846,177.4427761,-17.74536583,177.44274909,487.0,41186.0,41.0,0.239168,9.3411685,54.170067,35.726898000000006,0.09410015828997648,59.69,54.935,53.39,44.17,68.8,68.09,0,2,0,rb_conditioned_underperformance,ml_hgb_strict_causal_temporal_underperformance,statistical_only_retained,1.0,11.950397736180612,0.0,45.4,58.3,51.21,Medium,Medium,0,1,0,0,0,0,1,2,0,0,2,2,True,Medium
LTE-TP-EP-000390,542020041221088+20250827123437+Fiji-Nadi-LTE-DL-D!20250827114425,Fiji-Nadi-LTE-DL-D,2025-08-27 01:44:25+02:00,2025-08-27 01:44:25+02:00,1,-17.78787405,177.39334844,-17.78787405,177.39334844,138.0,9310.0,28.0,2.163208,2.163208,,,,63.42,63.42,92.43,92.43,27.97,27.97,0,1,0,radio_limited_degradation,normal,statistical_only_retained,0.0,13.996070497474191,0.0,73.66,23.77,51.21,High,Low,0,0,0,0,0,0,0,0,0,0,0,0,False,Not handed off
LTE-TP-EP-001084,542020041221088+20250828104127+Fiji-Nadi-LTE-DL-D!20250828104043,Fiji-Nadi-LTE-DL-D,2025-08-28 00:39:32+02:00,2025-08-28 00:39:32+02:00,1,-17.6556901,177.405748,-17.6556901,177.405748,159.0,500.0,1.0,15.467712,15.467712,90.28093,74.81321799999999,0.1713286737298785,61.84,61.84,68.08,68.08,54.22,54.22,0,1,0,rb_conditioned_underperformance,normal,statistical_only_retained,0.0,28.728233666905837,0.0,55.4,46.09,51.21,High,Medium,1,1,0,0,0,0,0,1,0,0,1,2,False,Not handed off
LTE-TP-EP-001197,542020041221088+20250828113831+Fiji-Nadi-LTE-DL-D!20250828110657,Fiji-Nadi-LTE-DL-D,2025-08-28 01:06:50+02:00,2025-08-28 01:06:50+02:00,1,-17.6270381,177.4801934,-17.6270381,177.4801934,352.0,40988.0,41.0,14.800088,14.800088,65.36004299999999,50.55995499999999,0.22643938591044077,60.91,60.91,53.57,53.57,69.88,69.88,0,1,0,ca_underperformance,ml_hgb_strict_causal_temporal_underperformance,statistical_only_retained,0.0,13.168885492759207,0.0,44.51,59.4,51.21,Medium,Medium,1,1,0,1,0,0,1,0,0,0,1,4,False,Not handed off
LTE-TP-EP-001679,542020041221088+20250828134436+Fiji-Nadi-LTE-DL-D!20250828133934,Fiji-Nadi-LTE-DL-D,2025-08-28 03:37:48+02:00,2025-08-28 03:37:48+02:00,1,-17.62166889,177.45539479,-17.62166889,177.45539479,231.0,41186.0,41.0,7.9323997,7.9323997,,,,62.12,62.12,72.24,72.24,49.74,49.74,0,1,0,radio_limited_degradation,normal,statistical_only_retained,0.0,0.10948529527700537,0.0,58.52,42.28,51.21,High,Medium,0,0,0,0,0,0,0,0,0,0,1,0,False,Not handed off
LTE-TP-EP-000261,542020041221088+20250827114050+Fiji-Nadi-LTE-DL-D!20250827111354,Fiji-Nadi-LTE-DL-D,2025-08-27 01:12:50+02:00,2025-08-27 01:12:50+02:00,1,-17.7522093,177.4594024,-17.7522093,177.4594024,110.0,41186.0,41.0,0.391392,0.391392,,,,63.21,63.21,89.63,89.63,30.91,30.91,0,1,0,radio_limited_degradation,normal,statistical_only_retained,0.0,10.569879486372132,0.0,71.56,26.27,51.18,High,Low,0,0,0,0,0,0,0,1,0,0,1,0,False,Not handed off
LTE-TP-EP-001654,542020041221088+20250828133856+Fiji-Nadi-LTE-DL-D!20250828133030,Fiji-Nadi-LTE-DL-D,2025-08-28 03:30:04+02:00,2025-08-28 03:30:04+02:00,1,-17.61603827,177.46600834,-17.61603827,177.46600834,179.0,40988.0,41.0,2.823728,2.823728,,,,61.29,61.29,60.12,60.12,62.73,62.73,0,1,0,radio_limited_degradation,normal,statistical_only_retained,0.0,0.0928525095835361,0.0,49.43,53.32,51.18,Medium,Medium,0,0,0,0,0,0,0,0,0,0,1,0,False,Not handed off
LTE-TP-EP-001493,542020041221088+20250828125203+Fiji-Nadi-LTE-DL-D!20250828125121,Fiji-Nadi-LTE-DL-D,2025-08-28 02:51:01+02:00,2025-08-28 02:51:01+02:00,1,-17.6343163,177.4535127,-17.6343163,177.4535127,167.0,40988.0,41.0,5.535312,5.535312,43.68767,38.152358,0.12670192756903723,61.58,61.58,64.77,64.77,57.68,57.68,0,1,0,ca_underperformance,normal,statistical_only_retained,0.0,9.883281069058194,0.0,52.91,49.03,51.17,Medium,Medium,1,1,1,1,0,0,0,1,0,0,1,4,False,Not handed off
LTE-TP-EP-000727,542020041221088+20250827140349+Fiji-Nadi-LTE-DL-D!20250827135601,Fiji-Nadi-LTE-DL-D,2025-08-27 03:55:15+02:00,2025-08-27 03:55:15+02:00,1,-17.7699024,177.4417703,-17.7699024,177.4417703,123.0,41186.0,41.0,9.81672,9.81672,60.097231750000006,50.28051175,0.16334729095071837,61.46,61.46,63.34,63.34,59.16,59.16,0,1,0,ca_underperformance,normal,statistical_only_retained,0.0,6.678929012773295,0.0,51.84,50.29,51.14,Medium,Medium,1,1,1,1,0,0,0,1,0,0,1,4,False,Not handed off
LTE-TP-EP-001323,542020041221088+20250828121902+Fiji-Nadi-LTE-DL-D!20250828120130,Fiji-Nadi-LTE-DL-D,2025-08-28 02:01:11+02:00,2025-08-28 02:01:11+02:00,1,-17.6046294,177.4530047,-17.6046294,177.4530047,183.0,41384.0,41.0,2.699336,2.699336,18.648289409264247,15.948953409264247,0.14474979129501295,61.28,61.28,60.76,60.76,61.92,61.92,0,1,0,radio_limited_degradation,normal,statistical_only_retained,0.0,0.0,0.0,49.91,52.63,51.13,Medium,Medium,0,0,0,0,0,0,0,0,0,0,0,0,False,Not handed off
LTE-TP-EP-001221,542020041221088+20250828114252+Fiji-Nadi-LTE-DL-D!20250828111332,Fiji-Nadi-LTE-DL-D,2025-08-28 01:13:32+02:00,2025-08-28 01:13:32+02:00,1,-17.602146,177.4854304,-17.602146,177.4854304,373.0,356.0,1.0,1.142992,1.142992,7.652557466316928,6.5095654663169285,0.14936078625099258,61.09,61.09,58.08,58.08,64.76,64.76,0,1,0,sudden_drop,normal,statistical_only_retained,0.0,35.122515002644015,0.0,47.9,55.05,51.11,Medium,Medium,0,0,0,0,0,0,0,0,0,0,1,0,False,Not handed off
LTE-TP-EP-000802,542020041221088+20250827145151+Fiji-Nadi-LTE-DL-D!20250827145113,Fiji-Nadi-LTE-DL-D,2025-08-27 04:50:00+02:00,2025-08-27 04:50:02+02:00,3,-17.7658435,177.4668989,-17.7659222,177.4671135,112.0,41186.0,41.0,24.120264,31.155775,105.7221075,81.6018435,0.22814777883613413,59.03,55.13333333333333,61.69,56.21,55.78,53.82333333333333,0,3,0,rb_conditioned_underperformance,normal,statistical_only_retained,2.0,36.98817046544114,0.0,54.51,46.92,51.1,Medium,Medium,3,2,0,0,0,0,0,0,1,0,3,5,True,Medium
LTE-TP-EP-001929,542020041221088+20250828144319+Fiji-Nadi-LTE-DL-D!20250828144243,Fiji-Nadi-LTE-DL-D,2025-08-28 04:42:24+02:00,2025-08-28 04:42:24+02:00,1,-17.6337954,177.4291891,-17.6337954,177.4291891,356.0,41186.0,41.0,6.218696,6.218696,41.037212749999995,34.81851674999999,0.15153797208120573,61.21,61.21,60.8,60.8,61.71,61.71,0,1,0,ca_underperformance,normal,statistical_only_retained,0.0,8.460540690463343,0.0,49.94,52.45,51.07,Medium,Medium,1,1,1,1,0,0,0,1,0,0,1,4,False,Not handed off
LTE-TP-EP-001905,542020041221088+20250828143419+Fiji-Nadi-LTE-DL-D!20250828143343,Fiji-Nadi-LTE-DL-D,2025-08-28 04:33:20+02:00,2025-08-28 04:33:20+02:00,1,-17.62002803,177.44801688,-17.62002803,177.44801688,168.0,40988.0,41.0,15.03428,15.03428,83.236885,68.202605,0.1806204064460125,61.45,61.45,64.77,64.77,57.4,57.4,0,1,0,rb_conditioned_underperformance,normal,statistical_only_retained,0.0,11.898185693818672,0.0,52.91,48.79,51.06,Medium,Medium,1,1,0,0,0,0,0,1,0,0,1,2,False,Not handed off
LTE-TP-EP-001650,542020041221088+20250828133816+Fiji-Nadi-LTE-DL-D!20250828132818,Fiji-Nadi-LTE-DL-D,2025-08-28 03:27:49+02:00,2025-08-28 03:27:49+02:00,1,-17.61418274,177.46602003,-17.61418274,177.46602003,179.0,40988.0,41.0,6.382856,6.382856,17.94370146204197,11.560845462041971,0.35571568182307683,59.71,59.71,37.99,37.99,86.26,86.26,0,1,0,sudden_drop,normal,statistical_only_retained,0.0,0.00864988196003352,0.0,32.83,73.32,51.05,Medium,High,0,0,0,0,0,0,0,0,0,0,1,0,False,Not handed off
LTE-TP-EP-000388,542020041221088+20250827123437+Fiji-Nadi-LTE-DL-D!20250827114425,Fiji-Nadi-LTE-DL-D,2025-08-27 01:44:14+02:00,2025-08-27 01:44:16+02:00,3,-17.78908338,177.39410635,-17.7887421,177.3939024,138.0,9310.0,28.0,3.765088,5.828712,,,,60.34,57.27666666666667,86.82,81.65666666666665,27.97,27.47666666666667,0,3,0,radio_limited_degradation,normal,statistical_only_retained,2.0,58.39915514927671,0.0,73.42,23.65,51.02,High,Low,0,0,0,0,0,0,0,0,0,0,2,0,False,Not handed off
LTE-TP-EP-000737,542020041221088+20250827140810+Fiji-Nadi-LTE-DL-D!20250827140022,Fiji-Nadi-LTE-DL-D,2025-08-27 03:58:22+02:00,2025-08-27 03:58:22+02:00,1,-17.76653285,177.44773828,-17.76653285,177.44773828,124.0,41186.0,41.0,10.221984,10.221984,39.42423810755764,29.202254107557643,0.25928171324737515,60.92,60.92,57.36,57.36,65.28,65.28,0,1,0,sudden_drop,normal,statistical_only_retained,0.0,0.0,0.0,47.36,55.49,51.02,Medium,Medium,0,0,0,0,0,0,0,0,0,0,1,0,False,Not handed off
LTE-TP-EP-000978,542020041221088+20250827161034+Fiji-Nadi-LTE-DL-D!20250827160358,Fiji-Nadi-LTE-DL-D,2025-08-27 06:02:57+02:00,2025-08-27 06:02:57+02:00,1,-17.81013116,177.44475976,-17.81013116,177.44475976,469.0,41384.0,41.0,34.65599,34.65599,105.95971,71.30372,0.3270676184372343,60.55,60.55,51.57,51.57,71.53,71.53,0,1,0,radio_p75_underperformance,normal,statistical_only_retained,0.0,0.039216615312218345,0.0,43.01,60.8,51.02,Medium,High,1,0,0,0,0,0,0,0,0,0,1,1,False,Not handed off
LTE-TP-EP-001943,542020041221088+20250828153842+Fiji-Nadi-LTE-DL-D!20250828152712,Fiji-Nadi-LTE-DL-D,2025-08-28 05:26:32+02:00,2025-08-28 05:26:32+02:00,1,-17.6782681,177.3980686,-17.6782681,177.3980686,159.0,500.0,1.0,6.007656,6.007656,43.970293999999996,37.962638,0.13662988016409444,61.32,61.32,63.5,63.5,58.66,58.66,0,1,0,ca_underperformance,normal,statistical_only_retained,0.0,13.195516722378082,0.0,51.96,49.86,51.02,Medium,Medium,1,1,1,1,0,0,0,1,1,1,1,4,False,Not handed off
LTE-TP-EP-001064,542020041221088+20250828103427+Fiji-Nadi-LTE-DL-D!20250828103156,Fiji-Nadi-LTE-DL-D,2025-08-28 00:31:52+02:00,2025-08-28 00:31:52+02:00,1,-17.70310462,177.43316429,-17.70310462,177.43316429,316.0,40988.0,41.0,86.39794,86.39794,153.90785635301188,67.50991635301187,0.5613614668365775,60.34,60.34,48.81,48.81,74.43,74.43,0,1,0,sudden_drop,normal,statistical_only_retained,0.0,0.033243636028236406,0.0,40.94,63.27,50.99,Medium,High,0,0,0,0,0,0,0,0,0,0,1,0,False,Not handed off
LTE-TP-EP-001277,542020041221088+20250828120902+Fiji-Nadi-LTE-DL-D!20250828113953,Fiji-Nadi-LTE-DL-D,2025-08-28 01:38:43+02:00,2025-08-28 01:38:43+02:00,1,-17.6030901,177.45433388,-17.6030901,177.45433388,184.0,41384.0,41.0,5.22196,5.22196,,,,61.89,61.89,72.72,72.72,48.65,48.65,0,1,0,radio_limited_degradation,normal,statistical_only_retained,0.0,0.033425806356123106,0.0,58.88,41.35,50.99,High,Medium,0,0,0,0,0,0,0,0,0,0,0,0,False,Not handed off
LTE-TP-EP-001002,542020041221088+20250827161154+Fiji-Nadi-LTE-DL-D!20250827160820,Fiji-Nadi-LTE-DL-D,2025-08-27 06:07:54+02:00,2025-08-27 06:07:54+02:00,1,-17.81327933,177.43729418,-17.81327933,177.43729418,148.0,41186.0,41.0,4.770456,4.770456,,,,62.5,62.5,83.3,83.3,37.07,37.07,0,1,0,radio_limited_degradation,normal,statistical_only_retained,0.0,2.5132854747322004,0.0,66.81,31.51,50.93,High,Low,0,0,0,0,0,0,0,0,0,0,1,0,False,Not handed off
LTE-TP-EP-000043,542020041221088+20250827095145+Fiji-Nadi-LTE-DL-D!20250827095034,Fiji-Nadi-LTE-DL-D,2025-08-26 23:48:49+02:00,2025-08-26 23:48:49+02:00,1,-17.810757,177.4007305,-17.810757,177.4007305,151.0,41186.0,41.0,7.09764,7.09764,33.17437648039358,26.076736480393585,0.21394946199500636,61.07,61.07,61.35,61.35,60.73,60.73,0,1,0,radio_limited_degradation,normal,statistical_only_retained,0.0,12.274716119419834,0.0,50.35,51.62,50.92,Medium,Medium,0,0,0,0,0,0,0,0,0,0,1,0,False,Not handed off
LTE-TP-EP-001067,542020041221088+20250828103607+Fiji-Nadi-LTE-DL-D!20250828103408,Fiji-Nadi-LTE-DL-D,2025-08-28 00:33:35+02:00,2025-08-28 00:33:35+02:00,1,-17.6971847,177.4264994,-17.6971847,177.4264994,316.0,40988.0,41.0,8.07616,8.07616,31.243576094926826,23.16741609492683,0.25849025653985125,60.78,60.78,56.98,56.98,65.43,65.43,0,1,0,radio_limited_degradation,normal,statistical_only_retained,0.0,18.49712572671971,0.0,47.07,55.62,50.92,Medium,Medium,0,0,0,0,0,0,0,1,0,0,1,0,False,Not handed off
LTE-TP-EP-000330,542020041221088+20250827122555+Fiji-Nadi-LTE-DL-D!20250827113546,Fiji-Nadi-LTE-DL-D,2025-08-27 01:34:54+02:00,2025-08-27 01:34:54+02:00,1,-17.7694277,177.4270659,-17.7694277,177.4270659,394.0,40790.0,41.0,33.675552,33.675552,118.44779,84.77223799999999,0.28430713650292677,60.83,60.83,58.42,58.42,63.78,63.78,0,1,0,rb_conditioned_underperformance,normal,statistical_only_retained,0.0,22.0002092825215,0.0,48.15,54.21,50.88,Medium,Medium,1,1,0,0,0,0,0,0,0,0,1,2,False,Not handed off
LTE-TP-EP-000520,542020041221088+20250827132825+Fiji-Nadi-LTE-DL-D!20250827122826,Fiji-Nadi-LTE-DL-D,2025-08-27 02:27:16+02:00,2025-08-27 02:27:16+02:00,1,-17.8070401,177.4181157,-17.8070401,177.4181157,149.0,41384.0,41.0,40.716824,40.716824,121.14346,80.426636,0.33610418589662205,60.64,60.64,55.39,55.39,67.05,67.05,0,1,0,radio_p75_underperformance,normal,statistical_only_retained,0.0,0.0,0.0,45.88,56.99,50.88,Medium,Medium,1,0,0,0,0,0,0,0,0,0,0,1,False,Not handed off
LTE-TP-EP-001670,542020041221088+20250828134116+Fiji-Nadi-LTE-DL-D!20250828133502,Fiji-Nadi-LTE-DL-D,2025-08-28 03:34:40+02:00,2025-08-28 03:34:40+02:00,1,-17.6177308,177.4620349,-17.6177308,177.4620349,179.0,40988.0,41.0,3.8087919,3.8087919,,,,62.08,62.08,77.67,77.67,43.03,43.03,0,1,0,radio_limited_degradation,normal,statistical_only_retained,0.0,21.265754119632355,0.0,62.59,36.58,50.88,High,Low,0,0,0,0,0,0,0,1,0,0,1,0,False,Not handed off
LTE-TP-EP-000642,542020041221088+20250827135108+Fiji-Nadi-LTE-DL-D!20250827132314,Fiji-Nadi-LTE-DL-D,2025-08-27 03:21:52+02:00,2025-08-27 03:21:52+02:00,1,-17.7724144,177.4386594,-17.7724144,177.4386594,127.0,41384.0,41.0,5.557952,5.557952,38.729599,33.171647,0.14350657232469669,61.01,61.01,61.27,61.27,60.69,60.69,0,1,0,ca_underperformance,normal,statistical_only_retained,0.0,9.210193310169432,0.0,50.29,51.59,50.87,Medium,Medium,1,1,1,1,0,0,0,1,0,0,1,4,False,Not handed off
LTE-TP-EP-001559,542020041221088+20250828130744+Fiji-Nadi-LTE-DL-D!20250828130656,Fiji-Nadi-LTE-DL-D,2025-08-28 03:06:08+02:00,2025-08-28 03:06:08+02:00,1,-17.62911256,177.45960772,-17.62911256,177.45960772,273.0,40988.0,41.0,36.033512,36.033512,102.321748480482,66.288236480482,0.35215887663289336,60.78,60.78,58.08,58.08,64.09,64.09,0,1,0,sudden_drop,normal,statistical_only_retained,0.0,7.908881958105825,0.0,47.9,54.48,50.86,Medium,Medium,0,0,0,0,0,0,0,0,0,0,1,0,False,Not handed off
LTE-TP-EP-000607,542020041221088+20250827134427+Fiji-Nadi-LTE-DL-D!20250827131213,Fiji-Nadi-LTE-DL-D,2025-08-27 03:10:36+02:00,2025-08-27 03:10:36+02:00,1,-17.7780566,177.4310495,-17.7780566,177.4310495,394.0,41384.0,41.0,0.391192,0.391192,15.543253121676198,15.152061121676198,0.025167961747625037,61.08,61.08,62.75,62.75,59.04,59.04,0,1,0,sudden_drop,normal,statistical_only_retained,0.0,11.25942178780511,0.0,51.4,50.18,50.85,Medium,Medium,0,0,0,0,0,0,0,1,1,1,1,0,False,Not handed off
LTE-TP-EP-001997,542020041221088+20250829103754+Nawaka-LTE-DL!20250829103644,Nawaka-LTE-DL,2025-08-29 00:36:13+02:00,2025-08-29 00:36:13+02:00,1,-17.8128905,177.4432648,-17.8128905,177.4432648,469.0,500.0,1.0,5.816568,5.816568,,,,62.17,62.17,79.64,79.64,40.82,40.82,0,1,0,radio_limited_degradation,normal,statistical_only_retained,0.0,0.0,0.0,64.07,34.7,50.85,High,Low,0,0,0,0,0,0,0,0,0,0,0,0,False,Not handed off
LTE-TP-EP-000297,542020041221088+20250827121333+Fiji-Nadi-LTE-DL-D!20250827112914,Fiji-Nadi-LTE-DL-D,2025-08-27 01:28:49+02:00,2025-08-27 01:28:49+02:00,1,-17.78006125,177.42774265,-17.78006125,177.42774265,321.0,356.0,1.0,5.398912,5.398912,17.484665021865574,12.085753021865575,0.3087798361162969,59.77,59.77,42.9,42.9,80.38,80.38,0,1,0,sudden_drop,normal,statistical_only_retained,0.0,0.35062441185171184,0.0,36.51,68.32,50.83,Medium,High,0,0,0,0,0,0,0,1,0,0,1,0,False,Not handed off
LTE-TP-EP-000975,542020041221088+20250827160834+Fiji-Nadi-LTE-DL-D!20250827160146,Fiji-Nadi-LTE-DL-D,2025-08-27 06:00:30+02:00,2025-08-27 06:00:30+02:00,1,-17.8075174,177.4520362,-17.8075174,177.4520362,470.0,41384.0,41.0,18.294865,18.294865,75.72683463382214,57.431969633822135,0.24159025117668,60.95,60.95,61.4,61.4,60.4,60.4,0,1,0,sudden_drop,normal,statistical_only_retained,0.0,10.713727717528139,0.0,50.39,51.34,50.82,Medium,Medium,0,0,0,0,0,0,0,0,0,0,1,0,False,Not handed off
LTE-TP-EP-000066,542020041221088+20250827100145+Fiji-Nadi-LTE-DL-D!20250827100105,Fiji-Nadi-LTE-DL-D,2025-08-26 23:59:06+02:00,2025-08-26 23:59:06+02:00,1,-17.81059693,177.41186678,-17.81059693,177.41186678,149.0,41186.0,41.0,8.878072,8.878072,41.037212749999995,32.15914074999999,0.21634198341114189,60.34,60.34,52.36,52.36,70.1,70.1,0,1,0,ca_underperformance,normal,statistical_only_retained,0.0,12.580677022602268,0.0,43.61,59.58,50.8,Medium,Medium,1,1,1,1,0,0,0,1,0,0,1,4,False,Not handed off
LTE-TP-EP-001174,542020041221088+20250828113551+Fiji-Nadi-LTE-DL-D!20250828110238,Fiji-Nadi-LTE-DL-D,2025-08-28 01:02:34+02:00,2025-08-28 01:02:34+02:00,1,-17.6382162,177.467529,-17.6382162,177.467529,165.0,40790.0,41.0,3.263072,3.263072,,,,62.1,62.1,79.58,79.58,40.73,40.73,0,1,0,radio_limited_degradation,normal,statistical_only_retained,0.0,10.734754325355352,0.0,64.02,34.62,50.79,High,Low,0,0,0,0,0,0,0,0,0,0,1,0,False,Not handed off
LTE-TP-EP-001883,542020041221088+20250828143139+Fiji-Nadi-LTE-DL-D!20250828143127,Fiji-Nadi-LTE-DL-D,2025-08-28 04:29:42+02:00,2025-08-28 04:29:43+02:00,2,-17.60748684,177.44015614,-17.6076728,177.4400852,180.0,40790.0,41.0,9.823984,10.201652,49.4498,39.625816,0.19866579844610086,59.0,57.86,55.94,54.834999999999994,62.73,61.55,0,2,0,ca_underperformance,normal,statistical_only_retained,1.0,22.247621823466037,0.0,48.94,53.03,50.78,Medium,Medium,2,2,1,2,0,0,0,2,2,2,2,7,True,Medium
LTE-TP-EP-001268,542020041221088+20250828120254+Fiji-Nadi-LTE-DL-D!20250828113742,Fiji-Nadi-LTE-DL-D,2025-08-28 01:36:21+02:00,2025-08-28 01:36:22+02:00,2,-17.60418515,177.45758666,-17.6041918,177.4574425,184.0,500.0,1.0,4.3034,10.2968245,59.31967,43.029421,0.2746179977063257,60.43,55.245000000000005,63.94,54.535,56.13,56.105000000000004,0,2,0,radio_limited_degradation,normal,statistical_only_retained,1.0,15.406000100958787,0.0,53.28,47.7,50.77,Medium,Medium,1,1,0,0,0,0,0,2,0,2,2,2,True,Medium
LTE-TP-EP-000340,542020041221088+20250827122836+Fiji-Nadi-LTE-DL-D!20250827113757,Fiji-Nadi-LTE-DL-D,2025-08-27 01:36:55+02:00,2025-08-27 01:36:55+02:00,1,-17.77928918,177.42611689,-17.77928918,177.42611689,338.0,41384.0,41.0,3.88736,3.88736,,,,61.93,61.93,77.39,77.39,43.03,43.03,0,1,0,radio_limited_degradation,normal,statistical_only_retained,0.0,9.892172225892823,0.0,62.38,36.58,50.77,High,Low,0,0,0,0,0,0,0,1,0,0,1,0,False,Not handed off
LTE-TP-EP-000484,542020041221088+20250827131704+Fiji-Nadi-LTE-DL-D!20250827121308,Fiji-Nadi-LTE-DL-D,2025-08-27 02:11:45+02:00,2025-08-27 02:11:46+02:00,2,-17.7968343,177.4070941,-17.7968343,177.4070941,363.0,40988.0,41.0,4.708304,5.194608000000001,32.41143,27.703126000000005,0.14526677780030067,59.34,57.605000000000004,59.49,57.765,59.16,57.415,0,2,0,ca_underperformance,normal,statistical_only_retained,1.0,0.0,0.0,51.48,49.85,50.75,Medium,Medium,2,2,2,2,0,0,0,2,0,0,2,8,True,Medium
LTE-TP-EP-001999,542020041221088+20250829103754+Nawaka-LTE-DL!20250829103644,Nawaka-LTE-DL,2025-08-29 00:36:23+02:00,2025-08-29 00:36:23+02:00,1,-17.8128905,177.4432647,-17.8128905,177.4432647,469.0,500.0,1.0,4.907288,4.907288,,,,62.26,62.26,82.82,82.82,37.12,37.12,0,1,0,radio_limited_degradation,normal,statistical_only_retained,0.0,0.0,0.0,66.45,31.55,50.75,High,Low,0,0,0,0,0,0,0,0,0,0,0,0,False,Not handed off
LTE-TP-EP-000279,542020041221088+20250827115331+Fiji-Nadi-LTE-DL-D!20250827112239,Fiji-Nadi-LTE-DL-D,2025-08-27 01:21:53+02:00,2025-08-27 01:21:53+02:00,1,-17.76512197,177.44555963,-17.76512197,177.44555963,124.0,41384.0,41.0,28.799688,28.799688,121.14346,92.343772,0.23773209053134192,60.82,60.82,61.13,61.13,60.43,60.43,0,1,0,rb_conditioned_underperformance,normal,statistical_only_retained,0.0,6.863518432880061,0.0,50.18,51.37,50.72,Medium,Medium,1,1,0,0,0,0,0,1,0,0,1,2,False,Not handed off
LTE-TP-EP-000811,542020041221088+20250827145611+Fiji-Nadi-LTE-DL-D!20250827145542,Fiji-Nadi-LTE-DL-D,2025-08-27 04:55:06+02:00,2025-08-27 04:55:06+02:00,1,-17.771924,177.4745584,-17.771924,177.4745584,113.0,41384.0,41.0,27.100927,27.100927,121.14346,94.042533,0.2237093690406399,60.87,60.87,61.95,61.95,59.55,59.55,0,1,0,rb_conditioned_underperformance,normal,statistical_only_retained,0.0,8.443548993916744,0.0,50.8,50.62,50.72,Medium,Medium,1,1,0,0,0,0,0,1,0,0,1,2,False,Not handed off
LTE-TP-EP-000352,542020041221088+20250827123136+Fiji-Nadi-LTE-DL-D!20250827114007,Fiji-Nadi-LTE-DL-D,2025-08-27 01:39:25+02:00,2025-08-27 01:39:25+02:00,1,-17.78845914,177.41550284,-17.78845914,177.41550284,137.0,40988.0,41.0,3.938792,3.938792,,,,61.83,61.83,77.21,77.21,43.03,43.03,0,1,0,radio_limited_degradation,normal,statistical_only_retained,0.0,12.194070793369535,0.0,62.24,36.58,50.69,High,Low,0,0,0,0,0,0,0,1,0,0,1,0,False,Not handed off
LTE-TP-EP-001157,542020041221088+20250828113551+Fiji-Nadi-LTE-DL-D!20250828110238,Fiji-Nadi-LTE-DL-D,2025-08-28 01:00:50+02:00,2025-08-28 01:00:50+02:00,1,-17.63500351,177.46021262,-17.63500351,177.46021262,165.0,40790.0,41.0,16.528912,16.528912,83.886915,67.358003,0.1970380243450364,60.8,60.8,61.52,61.52,59.93,59.93,0,1,0,rb_conditioned_underperformance,normal,statistical_only_retained,0.0,11.974760907994822,0.0,50.48,50.94,50.69,Medium,Medium,1,1,0,0,0,0,0,1,0,0,1,2,False,Not handed off
LTE-TP-EP-001207,542020041221088+20250828114132+Fiji-Nadi-LTE-DL-D!20250828111120,Fiji-Nadi-LTE-DL-D,2025-08-28 01:11:00+02:00,2025-08-28 01:11:00+02:00,1,-17.60896911,177.47232149,-17.60896911,177.47232149,179.0,500.0,1.0,68.04395,68.04395,124.70278144769661,56.65883144769661,0.5456490160850124,59.76,59.76,45.2,45.2,77.55,77.55,0,1,0,radio_limited_degradation,normal,statistical_only_retained,0.0,9.607346357787481,0.0,38.24,65.92,50.69,Medium,High,0,0,0,0,0,0,0,0,0,0,0,0,False,Not handed off
LTE-TP-EP-001986,542020041221088+20250829102934+Nawaka-LTE-DL!20250829102857,Nawaka-LTE-DL,2025-08-29 00:27:19+02:00,2025-08-29 00:27:19+02:00,1,-17.8128906,177.443264,-17.8128906,177.443264,469.0,1850.0,3.0,5.800664,5.800664,27.996896250000002,22.19623225,0.2071895380188795,60.18,60.18,51.76,51.76,70.47,70.47,0,1,0,rb_efficiency_underperformance,normal,statistical_only_retained,0.0,0.010586445166986173,0.0,43.16,59.9,50.69,Medium,Medium,1,1,1,0,0,0,0,0,0,0,0,3,False,Not handed off
LTE-TP-EP-000119,542020041221088+20250827102926+Fiji-Nadi-LTE-DL-D!20250827102813,Fiji-Nadi-LTE-DL-D,2025-08-27 00:28:06+02:00,2025-08-27 00:28:06+02:00,1,-17.8149877,177.437254,-17.8149877,177.437254,469.0,1850.0,3.0,4.34328,4.34328,,,,62.29,62.29,84.8,84.8,34.77,34.77,0,1,0,radio_limited_degradation,normal,statistical_only_retained,0.0,21.943245818289473,0.0,67.94,29.55,50.66,High,Low,0,0,0,0,0,0,0,1,0,0,1,0,False,Not handed off
LTE-TP-EP-001530,542020041221088+20250828125844+Fiji-Nadi-LTE-DL-D!20250828125759,Fiji-Nadi-LTE-DL-D,2025-08-28 02:57:17+02:00,2025-08-28 02:57:17+02:00,1,-17.62999711,177.45520396,-17.62999711,177.45520396,165.0,500.0,1.0,42.235897,42.235897,176.8458,134.609903,0.23882895154988132,60.74,60.74,61.07,61.07,60.34,60.34,0,1,0,radio_p75_underperformance,normal,statistical_only_retained,0.0,0.006454848706799976,0.0,50.14,51.29,50.66,Medium,Medium,1,0,0,0,0,0,0,0,0,0,0,1,False,Not handed off
LTE-TP-EP-001316,542020041221088+20250828121902+Fiji-Nadi-LTE-DL-D!20250828120130,Fiji-Nadi-LTE-DL-D,2025-08-28 01:59:28+02:00,2025-08-28 01:59:28+02:00,1,-17.6040952,177.4523555,-17.6040952,177.4523555,183.0,41384.0,41.0,4.769896,4.769896,20.296119037783434,15.526223037783435,0.23501517660200552,59.75,59.75,46.79,46.79,75.59,75.59,0,1,0,rolling_local_drop,normal,statistical_only_retained,0.0,,0.0,39.43,64.25,50.6,Medium,High,0,0,0,0,0,0,0,0,0,0,0,0,False,Not handed off
LTE-TP-EP-001510,542020041221088+20250828125404+Fiji-Nadi-LTE-DL-D!20250828125334,Fiji-Nadi-LTE-DL-D,2025-08-28 02:53:26+02:00,2025-08-28 02:53:26+02:00,1,-17.63154994,177.45593521,-17.63154994,177.45593521,165.0,500.0,1.0,38.017967,38.017967,176.8458,138.827833,0.21497805998219918,60.77,60.77,62.46,62.46,58.7,58.7,0,1,0,rb_conditioned_underperformance,normal,statistical_only_retained,0.0,9.597429032834068,0.0,51.18,49.9,50.6,Medium,Medium,1,1,0,0,0,0,0,0,0,0,1,2,False,Not handed off
LTE-TP-EP-001846,542020041221088+20250828141358+Fiji-Nadi-LTE-DL-D!20250828141324,Fiji-Nadi-LTE-DL-D,2025-08-28 04:13:20+02:00,2025-08-28 04:13:20+02:00,1,-17.61378286,177.46018782,-17.61378286,177.46018782,179.0,41384.0,41.0,4.438008,4.438008,,,,62.19,62.19,84.47,84.47,34.96,34.96,0,1,0,radio_limited_degradation,normal,statistical_only_retained,0.0,0.020209764768856588,0.0,67.69,29.72,50.6,High,Low,0,0,0,0,0,0,0,0,0,0,1,0,False,Not handed off
LTE-TP-EP-001395,542020041221088+20250828123522+Fiji-Nadi-LTE-DL-D!20250828123323,Fiji-Nadi-LTE-DL-D,2025-08-28 02:33:08+02:00,2025-08-28 02:33:08+02:00,1,-17.6295349,177.4403095,-17.6295349,177.4403095,310.0,356.0,1.0,4.00804,4.00804,,,,61.7,61.7,76.97,76.97,43.03,43.03,0,1,0,radio_limited_degradation,normal,statistical_only_retained,0.0,7.158010455260379,0.0,62.06,36.58,50.59,High,Low,0,0,0,0,0,0,0,1,0,0,1,0,False,Not handed off
LTE-TP-EP-000189,542020041221088+20250827110227+Fiji-Nadi-LTE-DL-D!20250827105156,Fiji-Nadi-LTE-DL-D,2025-08-27 00:50:26+02:00,2025-08-27 00:50:26+02:00,1,-17.7633292,177.4602472,-17.7633292,177.4602472,212.0,41186.0,41.0,27.70104,27.70104,91.61077274036128,63.909732740361285,0.30237753892229374,60.55,60.55,59.45,59.45,61.89,61.89,0,1,0,sudden_drop,normal,statistical_only_retained,0.0,11.437482273967078,0.0,48.92,52.61,50.58,Medium,Medium,0,0,0,0,0,0,0,0,0,0,1,0,False,Not handed off
LTE-TP-EP-000562,542020041221088+20250827133827+Fiji-Nadi-LTE-DL-D!20250827130111,Fiji-Nadi-LTE-DL-D,2025-08-27 03:00:26+02:00,2025-08-27 03:00:26+02:00,1,-17.794823,177.4209113,-17.794823,177.4209113,147.0,41384.0,41.0,4.03576,4.03576,,,,61.64,61.64,76.87,76.87,43.03,43.03,0,1,0,radio_limited_degradation,normal,statistical_only_retained,0.0,8.633356672457124,0.0,61.99,36.58,50.55,High,Low,0,0,0,0,0,0,0,1,0,1,1,0,False,Not handed off
LTE-TP-EP-001712,542020041221088+20250828135037+Fiji-Nadi-LTE-DL-D!20250828134621,Fiji-Nadi-LTE-DL-D,2025-08-28 03:45:15+02:00,2025-08-28 03:45:15+02:00,1,-17.61191572,177.44867358,-17.61191572,177.44867358,182.0,41384.0,41.0,6.17304,6.17304,,,,61.16,61.16,69.39,69.39,51.09,51.09,0,1,0,radio_limited_degradation,normal,statistical_only_retained,0.0,0.28612682511587173,0.0,56.38,43.43,50.55,High,Medium,0,0,0,0,0,0,0,1,0,0,1,0,False,Not handed off
LTE-TP-EP-000021,542020041221088+20250827094925+Fiji-Nadi-LTE-DL-D!20250827094611,Fiji-Nadi-LTE-DL-D,2025-08-26 23:44:34+02:00,2025-08-26 23:44:34+02:00,1,-17.8116013,177.3998509,-17.8116013,177.3998509,151.0,41186.0,41.0,5.134328,5.134328,25.161787028743042,20.027459028743042,0.2040525974619731,60.54,60.54,60.4,60.4,60.72,60.72,0,1,0,sudden_drop,normal,statistical_only_retained,0.0,0.005408790696535652,0.0,49.64,51.61,50.53,Medium,Medium,0,0,0,0,0,0,0,0,0,0,0,0,False,Not handed off
LTE-TP-EP-000654,542020041221088+20250827135148+Fiji-Nadi-LTE-DL-D!20250827132524,Fiji-Nadi-LTE-DL-D,2025-08-27 03:25:02+02:00,2025-08-27 03:25:02+02:00,1,-17.7765064,177.4328884,-17.7765064,177.4328884,338.0,41384.0,41.0,23.518896,23.518896,105.95971,82.440814,0.221960743380668,60.65,60.65,62.05,62.05,58.94,58.94,0,1,0,rb_conditioned_underperformance,normal,statistical_only_retained,0.0,0.0,0.0,50.87,50.1,50.52,Medium,Medium,1,1,0,0,0,0,0,0,0,0,1,2,False,Not handed off
LTE-TP-EP-001985,542020041221088+20250829102713+Nawaka-LTE-DL!20250829102643,Nawaka-LTE-DL,2025-08-29 00:26:37+02:00,2025-08-29 00:26:37+02:00,1,-17.8128907,177.4432638,-17.8128907,177.4432638,469.0,1850.0,3.0,5.775904,5.775904,27.996896250000002,22.220992250000002,0.2063051542722347,59.98,59.98,51.86,51.86,69.91,69.91,0,1,0,rb_efficiency_underperformance,normal,statistical_only_retained,0.0,0.0,0.0,43.23,59.42,50.52,Medium,Medium,1,1,1,0,0,0,0,0,0,0,0,3,False,Not handed off
LTE-TP-EP-001877,542020041221088+20250828142518+Fiji-Nadi-LTE-DL-D!20250828142442,Fiji-Nadi-LTE-DL-D,2025-08-28 04:24:17+02:00,2025-08-28 04:24:17+02:00,1,-17.60584776,177.45544939,-17.60584776,177.45544939,139.0,41384.0,41.0,9.728184,9.728184,60.15991375,50.43172975,0.16170541800352897,60.74,60.74,63.62,63.62,57.22,57.22,0,1,0,ca_underperformance,normal,statistical_only_retained,0.0,4.453918506322148,0.0,52.05,48.64,50.51,Medium,Medium,1,1,1,1,0,0,0,1,0,0,1,4,False,Not handed off
LTE-TP-EP-001984,542020041221088+20250829102713+Nawaka-LTE-DL!20250829102643,Nawaka-LTE-DL,2025-08-29 00:26:29+02:00,2025-08-29 00:26:29+02:00,1,-17.8128907,177.4432638,-17.8128907,177.4432638,469.0,1850.0,3.0,1.430728,1.430728,,,,60.82,60.82,64.99,64.99,55.72,55.72,0,1,0,radio_limited_degradation,normal,statistical_only_retained,0.0,0.0,0.0,53.08,47.36,50.51,Medium,Medium,0,0,0,0,0,0,0,0,0,0,0,0,False,Not handed off
LTE-TP-EP-001138,542020041221088+20250828105428+Fiji-Nadi-LTE-DL-D!20250828105353,Fiji-Nadi-LTE-DL-D,2025-08-28 00:52:49+02:00,2025-08-28 00:52:50+02:00,2,-17.6549644,177.4387188,-17.654964,177.43871885,161.0,356.0,1.0,3.799376,5.11092,,,,59.2,56.015,56.7,52.11,62.26,60.785,0,2,0,rb_efficiency_underperformance,normal,statistical_only_retained,1.0,19.45115467402951,0.0,48.81,52.55,50.5,Medium,Medium,0,1,2,0,0,0,0,2,0,0,2,3,True,Medium
LTE-TP-EP-000011,542020041221088+20250827094725+Fiji-Nadi-LTE-DL-D!20250827094401,Fiji-Nadi-LTE-DL-D,2025-08-26 23:42:55+02:00,2025-08-26 23:42:55+02:00,1,-17.8159709,177.3955934,-17.8159709,177.3955934,145.0,41186.0,41.0,1.742888,1.742888,,,,60.66,60.66,63.9,63.9,56.71,56.71,0,1,0,radio_limited_degradation,normal,statistical_only_retained,0.0,0.011119508138052268,0.0,52.26,48.2,50.44,Medium,Medium,0,0,0,0,0,0,0,1,0,0,1,0,False,Not handed off
LTE-TP-EP-001007,542020041221088+20250827161234+Fiji-Nadi-LTE-DL-D!20250827161029,Fiji-Nadi-LTE-DL-D,2025-08-27 06:08:40+02:00,2025-08-27 06:08:40+02:00,1,-17.81407164,177.43801328,-17.81407164,177.43801328,395.0,1850.0,3.0,7.54868,7.54868,,,,61.29,61.29,73.58,73.58,46.26,46.26,0,1,0,radio_limited_degradation,normal,statistical_only_retained,0.0,3.926873795268749,0.0,59.52,39.32,50.43,High,Low,0,0,0,0,0,0,0,1,0,0,1,0,False,Not handed off
LTE-TP-EP-001933,542020041221088+20250828144339+Fiji-Nadi-LTE-DL-D!20250828144308,Fiji-Nadi-LTE-DL-D,2025-08-28 04:43:01+02:00,2025-08-28 04:43:02+02:00,2,-17.6367231,177.4270978,-17.6367601,177.4270479,356.0,1850.0,3.0,28.012167,29.694723500000002,103.049195,75.03702799999999,0.27183295318318595,59.42,55.465,56.66,54.864999999999995,62.8,56.205,0,2,0,rb_conditioned_underperformance,normal,statistical_only_retained,1.0,13.515668062426098,0.0,49.34,51.73,50.42,Medium,Medium,2,2,0,0,0,0,0,0,0,0,2,4,True,Medium
LTE-TP-EP-000734,542020041221088+20250827140609+Fiji-Nadi-LTE-DL-D!20250827135810,Fiji-Nadi-LTE-DL-D,2025-08-27 03:57:30+02:00,2025-08-27 03:57:30+02:00,1,-17.76654394,177.4477631,-17.76654394,177.4477631,124.0,41186.0,41.0,28.307297,28.307297,85.73319127241038,57.42589427241038,0.3301789724595206,60.11,60.11,55.56,55.56,65.67,65.67,0,1,0,sudden_drop,normal,statistical_only_retained,0.0,0.0,0.0,46.01,55.82,50.42,Medium,Medium,0,0,0,0,0,0,0,0,0,0,1,0,False,Not handed off
LTE-TP-EP-000509,542020041221088+20250827132444+Fiji-Nadi-LTE-DL-D!20250827122410,Fiji-Nadi-LTE-DL-D,2025-08-27 02:22:12+02:00,2025-08-27 02:22:12+02:00,1,-17.80622871,177.41920247,-17.80622871,177.41920247,149.0,41384.0,41.0,24.877825,24.877825,121.14346,96.265635,0.2053583825325775,60.58,60.58,63.02,63.02,57.59,57.59,0,1,0,rb_conditioned_underperformance,normal,statistical_only_retained,0.0,9.461105019882256,0.0,51.6,48.95,50.41,Medium,Medium,1,1,0,0,0,0,0,1,0,0,1,2,False,Not handed off
LTE-TP-EP-000971,542020041221088+20250827160614+Fiji-Nadi-LTE-DL-D!20250827155934,Fiji-Nadi-LTE-DL-D,2025-08-27 05:58:12+02:00,2025-08-27 05:58:12+02:00,1,-17.8015099,177.453137,-17.8015099,177.453137,470.0,41384.0,41.0,6.690984,6.690984,38.729599,32.038615,0.17276150987259126,60.19,60.19,57.58,57.58,63.37,63.37,0,1,0,ca_underperformance,normal,statistical_only_retained,0.0,5.9611692225045845,0.0,47.52,53.86,50.38,Medium,Medium,1,1,1,1,0,0,0,1,0,0,1,4,False,Not handed off
LTE-TP-EP-001377,542020041221088+20250828122802+Fiji-Nadi-LTE-DL-D!20250828122423,Fiji-Nadi-LTE-DL-D,2025-08-28 02:23:15+02:00,2025-08-28 02:23:15+02:00,1,-17.61777984,177.43685568,-17.61777984,177.43685568,169.0,500.0,1.0,1.17292,1.17292,,,,60.72,60.72,65.89,65.89,54.39,54.39,0,1,0,radio_limited_degradation,normal,statistical_only_retained,0.0,0.09573008894423944,0.0,53.75,46.23,50.37,Medium,Medium,0,0,0,0,0,0,0,0,0,0,1,0,False,Not handed off
LTE-TP-EP-001982,542020041221088+20250829102713+Nawaka-LTE-DL!20250829102643,Nawaka-LTE-DL,2025-08-29 00:25:31+02:00,2025-08-29 00:25:31+02:00,1,-17.8128906,177.4432636,-17.8128906,177.4432636,469.0,1850.0,3.0,9.483728,9.483728,32.0803415,22.596613500000004,0.2956242844235308,59.19,59.19,42.2,42.2,79.95,79.95,0,1,0,rb_efficiency_underperformance,ml_quantile_p75_resource_underperformance,statistical_only_retained,0.0,0.0,0.0,35.99,67.96,50.37,Medium,High,0,1,1,0,1,1,0,0,0,0,0,4,False,Not handed off
LTE-TP-EP-001579,542020041221088+20250828131435+Fiji-Nadi-LTE-DL-D!20250828131128,Fiji-Nadi-LTE-DL-D,2025-08-28 03:11:07+02:00,2025-08-28 03:11:07+02:00,1,-17.62802234,177.47132716,-17.62802234,177.47132716,254.0,40988.0,41.0,16.244,16.244,47.09909997501572,30.85509997501572,0.34488981761046017,59.54,59.54,48.0,48.0,73.64,73.64,0,1,0,sudden_drop,normal,statistical_only_retained,0.0,11.606300175179133,0.0,40.34,62.59,50.35,Medium,High,0,0,0,0,0,0,0,0,0,0,1,0,False,Not handed off
LTE-TP-EP-001370,542020041221088+20250828122702+Fiji-Nadi-LTE-DL-D!20250828122042,Fiji-Nadi-LTE-DL-D,2025-08-28 02:18:57+02:00,2025-08-28 02:18:57+02:00,1,-17.60344218,177.44754593,-17.60344218,177.44754593,141.0,40790.0,41.0,27.621016,27.621016,119.0290425,91.4080265,0.23205274460642664,60.4,60.4,61.46,61.46,59.1,59.1,0,1,0,rb_conditioned_underperformance,normal,statistical_only_retained,0.0,13.923199494192298,0.0,50.43,50.24,50.34,Medium,Medium,1,1,0,0,0,0,0,1,0,0,1,2,False,Not handed off
LTE-TP-EP-001315,542020041221088+20250828121742+Fiji-Nadi-LTE-DL-D!20250828115919,Fiji-Nadi-LTE-DL-D,2025-08-28 01:58:49+02:00,2025-08-28 01:58:49+02:00,1,-17.6037128,177.4527032,-17.6037128,177.4527032,184.0,41384.0,41.0,1.816568,1.816568,,,,60.51,60.51,63.64,63.64,56.69,56.69,0,1,0,radio_limited_degradation,normal,statistical_only_retained,0.0,0.0,0.0,52.07,48.19,50.32,Medium,Medium,0,0,0,0,0,0,0,0,0,0,0,0,False,Not handed off
LTE-TP-EP-001114,542020041221088+20250828104747+Fiji-Nadi-LTE-DL-D!20250828104718,Fiji-Nadi-LTE-DL-D,2025-08-28 00:47:14+02:00,2025-08-28 00:47:15+02:00,2,-17.64608275,177.43689792,-17.6461167,177.43697647,163.0,41384.0,41.0,29.714111,32.7875005,121.14346,91.429349,0.24528035603407727,59.14,56.605000000000004,60.69,59.209999999999994,57.25,53.425,0,2,0,radio_p75_underperformance,normal,statistical_only_retained,1.0,18.289274812123452,0.0,52.43,47.71,50.3,Medium,Medium,2,1,0,0,0,0,0,0,0,0,2,3,True,Medium
LTE-TP-EP-001856,542020041221088+20250828141618+Fiji-Nadi-LTE-DL-D!20250828141538,Fiji-Nadi-LTE-DL-D,2025-08-28 04:15:17+02:00,2025-08-28 04:15:17+02:00,1,-17.61733124,177.45617684,-17.61733124,177.45617684,233.0,1850.0,3.0,56.148487,56.148487,174.2549025,118.10641549999998,0.3222204150038189,60.01,60.01,56.2,56.2,64.66,64.66,0,1,0,radio_p75_underperformance,normal,statistical_only_retained,0.0,0.06185131803636912,0.0,46.49,54.96,50.3,Medium,Medium,1,0,0,0,0,0,0,1,0,0,1,1,False,Not handed off
LTE-TP-EP-001621,542020041221088+20250828133115+Fiji-Nadi-LTE-DL-D!20250828132346,Fiji-Nadi-LTE-DL-D,2025-08-28 03:21:57+02:00,2025-08-28 03:21:57+02:00,1,-17.6237385,177.4617179,-17.6237385,177.4617179,255.0,500.0,1.0,22.257248,22.257248,63.2567887354676,40.999540735467605,0.3518554837343574,59.46,59.46,47.98,47.98,73.5,73.5,0,1,0,rolling_local_drop,normal,statistical_only_retained,0.0,,0.0,40.32,62.48,50.29,Medium,High,0,0,0,0,0,0,0,0,0,0,1,0,False,Not handed off
LTE-TP-EP-001142,542020041221088+20250828105628+Fiji-Nadi-LTE-DL-D!20250828105605,Fiji-Nadi-LTE-DL-D,2025-08-28 00:55:03+02:00,2025-08-28 00:55:03+02:00,1,-17.6515162,177.44426575,-17.6515162,177.44426575,163.0,41384.0,41.0,35.52585,35.52585,105.95971,70.43386000000001,0.335276965178557,59.62,59.62,50.66,50.66,70.58,70.58,0,1,0,radio_p75_underperformance,normal,statistical_only_retained,0.0,0.027334819813042716,0.0,42.33,59.99,50.28,Medium,Medium,1,0,0,0,0,0,0,0,0,0,1,1,False,Not handed off
LTE-TP-EP-000704,542020041221088+20250827135949+Fiji-Nadi-LTE-DL-D!20250827134144,Fiji-Nadi-LTE-DL-D,2025-08-27 03:40:52+02:00,2025-08-27 03:40:52+02:00,1,-17.7747541,177.4079507,-17.7747541,177.4079507,135.0,40790.0,41.0,25.54164,25.54164,89.62187363342872,64.08023363342872,0.28499337231522726,60.24,60.24,60.33,60.33,60.14,60.14,0,1,0,sudden_drop,normal,statistical_only_retained,0.0,7.74142112185302,0.0,49.58,51.12,50.27,Medium,Medium,0,0,0,0,0,0,0,0,0,0,1,0,False,Not handed off
LTE-TP-EP-001072,542020041221088+20250828103907+Fiji-Nadi-LTE-DL-D!20250828103834,Fiji-Nadi-LTE-DL-D,2025-08-28 00:36:34+02:00,2025-08-28 00:36:34+02:00,1,-17.677758,177.4101635,-17.677758,177.4101635,453.0,1850.0,3.0,37.537712,37.537712,135.5693,98.031588,0.276889472764114,60.14,60.14,58.85,58.85,61.72,61.72,0,1,0,rb_conditioned_underperformance,normal,statistical_only_retained,0.0,17.813434465659135,0.0,48.47,52.46,50.27,Medium,Medium,1,1,0,0,0,0,0,1,0,0,1,2,False,Not handed off
LTE-TP-EP-001216,542020041221088+20250828114252+Fiji-Nadi-LTE-DL-D!20250828111332,Fiji-Nadi-LTE-DL-D,2025-08-28 01:12:53+02:00,2025-08-28 01:12:53+02:00,1,-17.6038271,177.4802981,-17.6038271,177.4802981,177.0,41384.0,41.0,3.364256,3.364256,,,,60.1,60.1,58.23,58.23,62.39,62.39,0,1,0,radio_limited_degradation,normal,statistical_only_retained,0.0,16.06755013072812,0.0,48.01,53.03,50.27,Medium,Medium,0,0,0,0,0,0,0,0,0,0,1,0,False,Not handed off
LTE-TP-EP-001680,542020041221088+20250828134436+Fiji-Nadi-LTE-DL-D!20250828133934,Fiji-Nadi-LTE-DL-D,2025-08-28 03:37:50+02:00,2025-08-28 03:37:50+02:00,1,-17.62166902,177.45539497,-17.62166902,177.45539497,231.0,41186.0,41.0,8.356312,8.356312,,,,60.9,60.9,70.75,70.75,48.86,48.86,0,1,0,radio_limited_degradation,normal,statistical_only_retained,0.0,0.0,0.0,57.4,41.53,50.26,High,Medium,0,0,0,0,0,0,0,0,0,0,1,0,False,Not handed off
LTE-TP-EP-001210,542020041221088+20250828114252+Fiji-Nadi-LTE-DL-D!20250828111332,Fiji-Nadi-LTE-DL-D,2025-08-28 01:11:30+02:00,2025-08-28 01:11:30+02:00,1,-17.60654081,177.47232771,-17.60654081,177.47232771,179.0,500.0,1.0,47.30745,47.30745,176.8458,129.53834999999998,0.2675067770905501,60.14,60.14,59.4,59.4,61.04,61.04,0,1,0,radio_p75_underperformance,normal,statistical_only_retained,0.0,,0.0,48.89,51.88,50.24,Medium,Medium,1,0,0,0,0,0,0,0,0,0,1,1,False,Not handed off
LTE-TP-EP-000613,542020041221088+20250827134427+Fiji-Nadi-LTE-DL-D!20250827131213,Fiji-Nadi-LTE-DL-D,2025-08-27 03:11:37+02:00,2025-08-27 03:11:37+02:00,1,-17.7773012,177.4320745,-17.7773012,177.4320745,129.0,41186.0,41.0,2.247264,2.247264,15.586333795196765,13.339069795196766,0.14418169336861877,60.02,60.02,57.63,57.63,62.94,62.94,0,1,0,sudden_drop,normal,statistical_only_retained,0.0,5.663468562339399,0.0,47.56,53.5,50.23,Medium,Medium,0,0,0,0,0,0,0,0,0,0,1,0,False,Not handed off
LTE-TP-EP-001695,542020041221088+20250828134616+Fiji-Nadi-LTE-DL-D!20250828134149,Fiji-Nadi-LTE-DL-D,2025-08-28 03:41:19+02:00,2025-08-28 03:41:19+02:00,1,-17.61568019,177.445481,-17.61568019,177.445481,232.0,41384.0,41.0,3.51816,3.51816,,,,59.97,59.97,57.69,57.69,62.76,62.76,0,1,0,radio_limited_degradation,normal,statistical_only_retained,0.0,0.0,0.0,47.6,53.35,50.19,Medium,Medium,0,0,0,0,0,0,0,0,0,0,1,0,False,Not handed off
LTE-TP-EP-001898,542020041221088+20250828143419+Fiji-Nadi-LTE-DL-D!20250828143343,Fiji-Nadi-LTE-DL-D,2025-08-28 04:32:48+02:00,2025-08-28 04:32:48+02:00,1,-17.6177748,177.44549862,-17.6177748,177.44549862,383.0,40988.0,41.0,8.040256,8.040256,,,,60.31,60.31,62.86,62.86,57.19,57.19,0,1,0,rb_efficiency_underperformance,normal,statistical_only_retained,0.0,12.10243175003542,0.0,51.48,48.61,50.19,Medium,Medium,0,0,1,0,0,0,0,1,0,0,1,1,False,Not handed off
LTE-TP-EP-001962,542020041221088+20250828154002+Fiji-Nadi-LTE-DL-D!20250828153143,Fiji-Nadi-LTE-DL-D,2025-08-28 05:31:25+02:00,2025-08-28 05:31:25+02:00,1,-17.6927975,177.4157117,-17.6927975,177.4157117,157.0,40790.0,41.0,0.089272,0.089272,9.963828654278815,9.874556654278816,0.008959608108240952,60.21,60.21,61.21,61.21,58.98,58.98,0,1,0,rolling_local_drop,normal,statistical_only_retained,0.0,12.47962088987276,0.0,50.24,50.13,50.19,Medium,Medium,0,0,0,0,0,0,0,1,0,0,1,0,False,Not handed off
LTE-TP-EP-001358,542020041221088+20250828122402+Fiji-Nadi-LTE-DL-D!20250828121612,Fiji-Nadi-LTE-DL-D,2025-08-28 02:15:49+02:00,2025-08-28 02:15:50+02:00,2,-17.6036194,177.452658,-17.6036192,177.4526573,184.0,40988.0,41.0,18.1268,24.268064,111.79482125,81.38549325,0.20504431317004304,58.72,57.165,60.52,59.825,56.53,53.915,0,2,0,rb_conditioned_underperformance,normal,statistical_only_retained,1.0,0.19614188560691173,0.0,52.46,47.4,50.18,Medium,Medium,2,2,0,0,0,0,0,0,0,0,2,4,True,Medium
LTE-TP-EP-000147,542020041221088+20250827104347+Fiji-Nadi-LTE-DL-D!20250827104305,Fiji-Nadi-LTE-DL-D,2025-08-27 00:42:00+02:00,2025-08-27 00:42:00+02:00,1,-17.80142083,177.43164611,-17.80142083,177.43164611,393.0,41186.0,41.0,3.896296,3.896296,18.561726328823223,14.665430328823224,0.20991021691499195,59.89,59.89,56.59,56.59,63.93,63.93,0,1,0,sudden_drop,normal,statistical_only_retained,0.0,15.368926071380262,0.0,46.78,54.34,50.18,Medium,Medium,0,0,0,0,0,0,0,1,0,0,1,0,False,Not handed off
LTE-TP-EP-000897,542020041221088+20250827152632+Fiji-Nadi-LTE-DL-D!20250827152422,Fiji-Nadi-LTE-DL-D,2025-08-27 05:22:35+02:00,2025-08-27 05:22:35+02:00,1,-17.7421027,177.4434449,-17.7421027,177.4434449,50.0,40790.0,41.0,8.48076,8.48076,,,,60.17,60.17,61.32,61.32,58.77,58.77,0,1,0,rb_efficiency_underperformance,normal,statistical_only_retained,0.0,0.0022239018398076734,0.0,50.33,49.95,50.16,Medium,Medium,0,0,1,0,0,0,0,1,0,0,1,1,False,Not handed off
LTE-TP-EP-000319,542020041221088+20250827122335+Fiji-Nadi-LTE-DL-D!20250827113336,Fiji-Nadi-LTE-DL-D,2025-08-27 01:32:40+02:00,2025-08-27 01:32:40+02:00,1,-17.76196,177.4311507,-17.76196,177.4311507,125.0,500.0,1.0,0.047416,0.047416,12.407676170341482,12.360260170341482,0.0038215052802022817,60.16,60.16,61.39,61.39,58.65,58.65,0,1,0,sudden_drop,normal,statistical_only_retained,0.0,14.415468179891462,0.0,50.38,49.85,50.14,Medium,Medium,0,0,0,0,0,0,0,1,0,0,1,0,False,Not handed off
LTE-TP-EP-001675,542020041221088+20250828134256+Fiji-Nadi-LTE-DL-D!20250828133718,Fiji-Nadi-LTE-DL-D,2025-08-28 03:37:10+02:00,2025-08-28 03:37:10+02:00,1,-17.6241006,177.4551778,-17.6241006,177.4551778,167.0,40988.0,41.0,1.087208,1.087208,,,,60.47,60.47,66.19,66.19,53.47,53.47,0,1,0,radio_limited_degradation,normal,statistical_only_retained,0.0,20.01303163935611,0.0,53.98,45.45,50.14,Medium,Medium,0,0,0,0,0,0,0,1,0,1,1,0,False,Not handed off
LTE-TP-EP-000379,542020041221088+20250827123437+Fiji-Nadi-LTE-DL-D!20250827114425,Fiji-Nadi-LTE-DL-D,2025-08-27 01:43:01+02:00,2025-08-27 01:43:01+02:00,1,-17.7962094,177.3981257,-17.7962094,177.3981257,140.0,9310.0,28.0,3.306872,3.306872,,,,61.88,61.88,88.43,88.43,29.44,29.44,0,1,0,radio_limited_degradation,normal,statistical_only_retained,0.0,27.162344456424197,0.0,70.66,25.02,50.12,High,Low,0,0,0,0,0,0,0,1,0,0,1,0,False,Not handed off
LTE-TP-EP-001433,542020041221088+20250828124043+Fiji-Nadi-LTE-DL-D!20250828124009,Fiji-Nadi-LTE-DL-D,2025-08-28 02:39:00+02:00,2025-08-28 02:39:00+02:00,1,-17.6281009,177.44377,-17.6281009,177.44377,385.0,41384.0,41.0,22.856873,22.856873,98.07729499999999,75.22042199999999,0.2330495860433345,59.97,59.97,59.02,59.02,61.14,61.14,0,1,0,rb_conditioned_underperformance,normal,statistical_only_retained,0.0,27.401204816764974,0.0,48.6,51.97,50.12,Medium,Medium,1,1,0,0,0,0,0,1,0,0,1,2,False,Not handed off
LTE-TP-EP-001834,542020041221088+20250828141358+Fiji-Nadi-LTE-DL-D!20250828141324,Fiji-Nadi-LTE-DL-D,2025-08-28 04:12:09+02:00,2025-08-28 04:12:09+02:00,1,-17.6117561,177.4630732,-17.6117561,177.4630732,375.0,356.0,1.0,3.529304,3.529304,,,,60.46,60.46,66.65,66.65,52.89,52.89,0,1,0,radio_limited_degradation,normal,statistical_only_retained,0.0,26.5164323913044,0.0,54.32,44.96,50.11,Medium,Medium,0,0,0,0,0,0,0,0,0,0,1,0,False,Not handed off
LTE-TP-EP-001404,542020041221088+20250828123602+Fiji-Nadi-LTE-DL-D!20250828123538,Fiji-Nadi-LTE-DL-D,2025-08-28 02:35:03+02:00,2025-08-28 02:35:03+02:00,1,-17.630596,177.4394933,-17.630596,177.4394933,345.0,1850.0,3.0,6.03912,6.03912,,,,60.65,60.65,69.86,69.86,49.4,49.4,0,1,0,radio_limited_degradation,normal,statistical_only_retained,0.0,7.72726598275845,0.0,56.73,41.99,50.1,High,Medium,0,0,0,0,0,0,0,1,0,0,1,0,False,Not handed off
LTE-TP-EP-001711,542020041221088+20250828135037+Fiji-Nadi-LTE-DL-D!20250828134621,Fiji-Nadi-LTE-DL-D,2025-08-28 03:45:11+02:00,2025-08-28 03:45:12+02:00,2,-17.61210076,177.44831803,-17.61205534,177.44840312,383.0,356.0,1.0,3.9858959,4.49056795,,,,57.96,57.875,77.05,75.285,38.56,36.595,0,2,0,radio_limited_degradation,normal,statistical_only_retained,1.0,19.169117959996086,0.0,64.64,32.28,50.08,High,Low,0,0,0,0,0,0,0,2,0,0,2,0,False,Not handed off
LTE-TP-EP-000779,542020041221088+20250827141150+Fiji-Nadi-LTE-DL-D!20250827140658,Fiji-Nadi-LTE-DL-D,2025-08-27 04:06:26+02:00,2025-08-27 04:06:26+02:00,1,-17.76510215,177.4393611,-17.76510215,177.4393611,487.0,41186.0,41.0,6.749448,6.749448,,,,61.04,61.04,76.38,76.38,42.29,42.29,0,1,0,radio_limited_degradation,normal,statistical_only_retained,0.0,8.562243839558016,0.0,61.62,35.95,50.07,High,Low,0,0,0,0,0,0,0,1,1,1,1,0,False,Not handed off
LTE-TP-EP-000493,542020041221088+20250827131704+Fiji-Nadi-LTE-DL-D!20250827121308,Fiji-Nadi-LTE-DL-D,2025-08-27 02:12:29+02:00,2025-08-27 02:12:29+02:00,1,-17.7968805,177.4073999,-17.7968805,177.4073999,363.0,9310.0,28.0,3.348448,3.348448,,,,61.8,61.8,88.28,88.28,29.44,29.44,0,1,0,radio_limited_degradation,normal,statistical_only_retained,0.0,9.719095265978002,0.0,70.55,25.02,50.06,High,Low,0,0,0,0,0,0,0,1,0,0,1,0,False,Not handed off
LTE-TP-EP-000894,542020041221088+20250827152632+Fiji-Nadi-LTE-DL-D!20250827152422,Fiji-Nadi-LTE-DL-D,2025-08-27 05:22:20+02:00,2025-08-27 05:22:20+02:00,1,-17.74203488,177.44354831,-17.74203488,177.44354831,487.0,40790.0,41.0,7.70964,7.70964,,,,60.23,60.23,64.02,64.02,55.59,55.59,0,1,0,rb_efficiency_underperformance,normal,statistical_only_retained,0.0,,0.0,52.35,47.25,50.06,Medium,Medium,1,1,1,0,0,0,0,0,0,0,1,3,False,Not handed off
LTE-TP-EP-001471,542020041221088+20250828124723+Fiji-Nadi-LTE-DL-D!20250828124651,Fiji-Nadi-LTE-DL-D,2025-08-28 02:46:47+02:00,2025-08-28 02:46:47+02:00,1,-17.62879305,177.44927271,-17.62879305,177.44927271,170.0,500.0,1.0,15.179624,15.179624,85.55677,70.377146,0.17742165815750174,60.34,60.34,65.86,65.86,53.59,53.59,0,1,0,rb_conditioned_underperformance,normal,statistical_only_retained,0.0,11.720665266356756,0.0,53.73,45.55,50.05,Medium,Medium,1,1,0,0,0,0,0,1,0,0,1,2,False,Not handed off
LTE-TP-EP-001879,542020041221088+20250828142739+Fiji-Nadi-LTE-DL-D!20250828142656,Fiji-Nadi-LTE-DL-D,2025-08-28 04:26:54+02:00,2025-08-28 04:26:54+02:00,1,-17.6049224,177.4482611,-17.6049224,177.4482611,141.0,41384.0,41.0,42.23519,42.23519,121.14346,78.90827,0.3486378051279037,59.55,59.55,54.12,54.12,66.18,66.18,0,1,0,rb_conditioned_underperformance,normal,statistical_only_retained,0.0,17.249537236427255,0.0,44.93,56.25,50.02,Medium,Medium,0,1,0,0,0,0,0,1,0,0,1,1,False,Not handed off
LTE-TP-EP-001431,542020041221088+20250828124043+Fiji-Nadi-LTE-DL-D!20250828124009,Fiji-Nadi-LTE-DL-D,2025-08-28 02:38:53+02:00,2025-08-28 02:38:53+02:00,1,-17.62908661,177.44378321,-17.62908661,177.44378321,385.0,41384.0,41.0,22.403025,22.403025,98.07729499999999,75.67426999999999,0.22842213378743778,59.88,59.88,59.51,59.51,60.34,60.34,0,1,0,rb_conditioned_underperformance,normal,statistical_only_retained,0.0,0.03859707867168257,0.0,48.97,51.29,50.01,Medium,Medium,1,1,0,0,0,0,0,0,0,0,1,2,False,Not handed off
LTE-TP-EP-001230,542020041221088+20250828114712+Fiji-Nadi-LTE-DL-D!20250828112007,Fiji-Nadi-LTE-DL-D,2025-08-28 01:19:45+02:00,2025-08-28 01:19:45+02:00,1,-17.6026364,177.4840572,-17.6026364,177.4840572,177.0,40988.0,41.0,2.475152,2.475152,,,,59.97,59.97,61.34,61.34,58.29,58.29,0,1,0,radio_limited_degradation,normal,statistical_only_retained,0.0,34.214191987594155,0.0,50.34,49.55,49.98,Medium,Medium,0,0,0,0,0,0,0,0,0,0,1,0,False,Not handed off
LTE-TP-EP-000091,542020041221088+20250827102346+Fiji-Nadi-LTE-DL-D!20250827102142,Fiji-Nadi-LTE-DL-D,2025-08-27 00:21:02+02:00,2025-08-27 00:21:02+02:00,1,-17.81050133,177.41194346,-17.81050133,177.41194346,149.0,41186.0,41.0,1.272536,1.272536,14.376785597218586,13.104249597218585,0.08851324876446595,60.02,60.02,62.45,62.45,57.06,57.06,0,1,0,sudden_drop,normal,statistical_only_retained,0.0,12.519004159060128,0.0,51.17,48.5,49.97,Medium,Medium,0,0,0,0,0,0,0,1,0,0,1,0,False,Not handed off
LTE-TP-EP-000202,542020041221088+20250827110647+Fiji-Nadi-LTE-DL-D!20250827105407,Fiji-Nadi-LTE-DL-D,2025-08-27 00:52:31+02:00,2025-08-27 00:52:32+02:00,2,-17.76225768,177.46466969,-17.7622996,177.46466104,112.0,41186.0,41.0,1.887088,2.096524,,,,59.67,59.265,84.4,83.665,29.44,29.44,0,2,0,radio_limited_degradation,normal,statistical_only_retained,1.0,10.613625939484791,0.0,70.36,25.02,49.96,High,Low,0,0,0,0,0,0,0,2,0,2,2,0,False,Not handed off
LTE-TP-EP-001537,542020041221088+20250828130044+Fiji-Nadi-LTE-DL-D!20250828130012,Fiji-Nadi-LTE-DL-D,2025-08-28 02:59:37+02:00,2025-08-28 02:59:37+02:00,1,-17.6285351,177.4564759,-17.6285351,177.4564759,165.0,500.0,1.0,51.115353,51.115353,176.8458,125.730447,0.2890391120399806,59.68,59.68,58.14,58.14,61.57,61.57,0,1,0,radio_p75_underperformance,normal,statistical_only_retained,0.0,21.250309398242745,0.0,47.94,52.33,49.92,Medium,Medium,1,0,0,0,0,0,0,1,0,0,1,1,False,Not handed off
LTE-TP-EP-001364,542020041221088+20250828122542+Fiji-Nadi-LTE-DL-D!20250828121826,Fiji-Nadi-LTE-DL-D,2025-08-28 02:17:17+02:00,2025-08-28 02:17:18+02:00,2,-17.6053292,177.451988,-17.60532243,177.45198124,183.0,40790.0,41.0,30.547192,34.6579075,118.44779,87.900598,0.2578958374824891,58.42,56.515,59.96,57.855000000000004,56.53,54.875,0,2,0,radio_p75_underperformance,normal,statistical_only_retained,1.0,10.322486479827027,0.0,51.75,47.64,49.9,Medium,Medium,2,1,0,0,0,0,0,2,0,0,2,3,True,Medium
LTE-TP-EP-001300,542020041221088+20250828121301+Fiji-Nadi-LTE-DL-D!20250828114829,Fiji-Nadi-LTE-DL-D,2025-08-28 01:46:38+02:00,2025-08-28 01:46:38+02:00,1,-17.60269445,177.4553231,-17.60269445,177.4553231,184.0,41384.0,41.0,5.000616,5.000616,27.336621917173364,22.336005917173363,0.18292735712376085,60.01,60.01,63.4,63.4,55.86,55.86,0,1,0,sudden_drop,normal,statistical_only_retained,0.0,3.618647483129332,0.0,51.89,47.48,49.9,Medium,Medium,0,0,0,0,0,0,0,0,0,0,0,0,False,Not handed off
LTE-TP-EP-000083,542020041221088+20250827102006+Fiji-Nadi-LTE-DL-D!20250827101931,Fiji-Nadi-LTE-DL-D,2025-08-27 00:19:23+02:00,2025-08-27 00:19:23+02:00,1,-17.8105695,177.4009146,-17.8105695,177.4009146,351.0,500.0,1.0,52.36728,52.36728,168.440535,116.07325500000002,0.31089476176266,59.56,59.56,56.86,56.86,62.86,62.86,0,1,0,radio_p75_underperformance,normal,statistical_only_retained,0.0,27.398400635800495,0.0,46.98,53.43,49.88,Medium,Medium,1,0,0,0,0,0,0,0,0,0,0,1,False,Not handed off
LTE-TP-EP-001725,542020041221088+20250828135137+Fiji-Nadi-LTE-DL-D!20250828134837,Fiji-Nadi-LTE-DL-D,2025-08-28 03:48:32+02:00,2025-08-28 03:48:32+02:00,1,-17.6129988,177.4534616,-17.6129988,177.4534616,140.0,41384.0,41.0,7.615664,7.615664,38.729599,31.113935,0.19663678934553389,59.41,59.41,54.57,54.57,65.33,65.33,0,1,0,ca_underperformance,normal,statistical_only_retained,0.0,20.57791802235152,0.0,45.26,55.53,49.88,Medium,Medium,1,1,1,1,0,0,0,1,0,0,1,4,False,Not handed off
LTE-TP-EP-001193,542020041221088+20250828113831+Fiji-Nadi-LTE-DL-D!20250828110657,Fiji-Nadi-LTE-DL-D,2025-08-28 01:05:27+02:00,2025-08-28 01:05:27+02:00,1,-17.63287,177.4784902,-17.63287,177.4784902,352.0,40790.0,41.0,27.362535,27.362535,119.0290425,91.6665075,0.2298811653466842,59.84,59.84,61.59,61.59,57.71,57.71,0,1,0,rb_conditioned_underperformance,normal,statistical_only_retained,0.0,16.421571271037035,0.0,50.53,49.05,49.86,Medium,Medium,1,1,0,0,0,0,0,0,0,0,0,2,False,Not handed off
LTE-TP-EP-000400,542020041221088+20250827123517+Fiji-Nadi-LTE-DL-D!20250827114634,Fiji-Nadi-LTE-DL-D,2025-08-27 01:45:40+02:00,2025-08-27 01:45:40+02:00,1,-17.7822276,177.3861425,-17.7822276,177.3861425,158.0,1850.0,3.0,9.80808,9.80808,,,,58.74,58.74,44.67,44.67,75.93,75.93,0,1,0,radio_limited_degradation,normal,statistical_only_retained,0.0,25.37225833178087,0.0,37.84,64.54,49.85,Medium,High,0,0,0,0,0,0,0,0,1,1,1,0,False,Not handed off
LTE-TP-EP-000768,542020041221088+20250827141150+Fiji-Nadi-LTE-DL-D!20250827140658,Fiji-Nadi-LTE-DL-D,2025-08-27 04:04:56+02:00,2025-08-27 04:04:56+02:00,1,-17.76533786,177.44453512,-17.76533786,177.44453512,125.0,41186.0,41.0,33.828743,33.828743,103.734363,69.90562,0.3261093240626542,59.12,59.12,50.93,50.93,69.14,69.14,0,1,0,rb_conditioned_underperformance,normal,statistical_only_retained,0.0,,0.0,42.53,58.77,49.84,Medium,Medium,1,1,0,0,0,0,0,0,0,0,1,2,False,Not handed off
LTE-TP-EP-001096,542020041221088+20250828104547+Fiji-Nadi-LTE-DL-D!20250828104505,Fiji-Nadi-LTE-DL-D,2025-08-28 00:44:23+02:00,2025-08-28 00:44:23+02:00,1,-17.6339763,177.429008,-17.6339763,177.429008,356.0,1850.0,3.0,26.895271,26.895271,103.049195,76.15392399999999,0.2609944793843368,59.55,59.55,57.85,57.85,61.63,61.63,0,1,0,rb_conditioned_underperformance,normal,statistical_only_retained,0.0,10.577322734165772,0.0,47.72,52.39,49.82,Medium,Medium,1,1,0,0,0,0,0,0,0,0,0,2,False,Not handed off
LTE-TP-EP-001308,542020041221088+20250828121442+Fiji-Nadi-LTE-DL-D!20250828115247,Fiji-Nadi-LTE-DL-D,2025-08-28 01:52:16+02:00,2025-08-28 01:52:16+02:00,1,-17.60435739,177.45228602,-17.60435739,177.45228602,183.0,41384.0,41.0,3.581616,3.581616,21.99187865974669,18.41026265974669,0.16286084765262407,59.87,59.87,62.87,62.87,56.2,56.2,0,1,0,sudden_drop,normal,statistical_only_retained,0.0,0.0,0.0,51.49,47.77,49.82,Medium,Medium,0,0,0,0,0,0,0,0,0,0,0,0,False,Not handed off
LTE-TP-EP-001465,542020041221088+20250828124723+Fiji-Nadi-LTE-DL-D!20250828124651,Fiji-Nadi-LTE-DL-D,2025-08-28 02:46:24+02:00,2025-08-28 02:46:24+02:00,1,-17.63041282,177.45091154,-17.63041282,177.45091154,384.0,41384.0,41.0,3.979128,3.979128,,,,59.36,59.36,56.07,56.07,63.38,63.38,0,1,0,rb_efficiency_underperformance,normal,statistical_only_retained,0.0,9.891293567556179,0.0,46.39,53.87,49.76,Medium,Medium,0,0,1,0,0,0,0,1,0,0,1,1,False,Not handed off
LTE-TP-EP-001090,542020041221088+20250828104327+Fiji-Nadi-LTE-DL-D!20250828104254,Fiji-Nadi-LTE-DL-D,2025-08-28 00:42:35+02:00,2025-08-28 00:42:35+02:00,1,-17.6421266,177.4201967,-17.6421266,177.4201967,356.0,41186.0,41.0,20.511024,20.511024,71.4002341812354,50.889210181235406,0.28726830150075994,58.55,58.55,43.69,43.69,76.72,76.72,0,1,0,rb_conditioned_underperformance,ml_quantile_p75_resource_underperformance,statistical_only_retained,0.0,23.21385940384409,0.0,37.1,65.21,49.75,Medium,High,1,1,0,0,1,0,0,1,0,0,1,3,False,Not handed off
LTE-TP-EP-001719,542020041221088+20250828135137+Fiji-Nadi-LTE-DL-D!20250828134837,Fiji-Nadi-LTE-DL-D,2025-08-28 03:47:21+02:00,2025-08-28 03:47:23+02:00,3,-17.61402385,177.45495261,-17.6141859,177.454963,140.0,40790.0,41.0,7.874752,12.032344,60.347314999999995,48.31497099999999,0.19938491049684648,57.0,53.173333333333325,57.49,50.98,56.75,55.85,0,3,0,ca_underperformance,normal,statistical_only_retained,2.0,24.492229235329415,0.0,51.15,48.01,49.74,Medium,Medium,3,3,1,2,0,0,0,3,0,0,3,9,True,Medium
LTE-TP-EP-001763,542020041221088+20250828140157+Fiji-Nadi-LTE-DL-D!20250828135953,Fiji-Nadi-LTE-DL-D,2025-08-28 03:58:54+02:00,2025-08-28 03:58:54+02:00,1,-17.60670707,177.45677229,-17.60670707,177.45677229,196.0,1850.0,3.0,22.356472,22.356472,135.5693,113.212828,0.16490807284540085,59.94,59.94,65.38,65.38,53.3,53.3,0,1,0,rb_conditioned_underperformance,normal,statistical_only_retained,0.0,0.6970009637671748,0.0,53.37,45.3,49.74,Medium,Medium,1,1,0,0,0,0,0,1,0,1,1,2,False,Not handed off
LTE-TP-EP-000993,542020041221088+20250827161154+Fiji-Nadi-LTE-DL-D!20250827160820,Fiji-Nadi-LTE-DL-D,2025-08-27 06:06:39+02:00,2025-08-27 06:06:39+02:00,1,-17.81236614,177.43788925,-17.81236614,177.43788925,469.0,1850.0,3.0,6.615208,6.615208,,,,60.67,60.67,76.85,76.85,40.89,40.89,0,1,0,radio_limited_degradation,normal,statistical_only_retained,0.0,0.0085164569520383,0.0,61.97,34.76,49.73,High,Low,0,0,0,0,0,0,0,0,0,0,0,0,False,Not handed off
LTE-TP-EP-001998,542020041221088+20250829103754+Nawaka-LTE-DL!20250829103644,Nawaka-LTE-DL,2025-08-29 00:36:19+02:00,2025-08-29 00:36:19+02:00,1,-17.8128905,177.4432648,-17.8128905,177.4432648,469.0,500.0,1.0,6.598592,6.598592,,,,60.66,60.66,76.9,76.9,40.82,40.82,0,1,0,radio_limited_degradation,normal,statistical_only_retained,0.0,0.0,0.0,62.01,34.7,49.72,High,Low,0,0,0,0,0,0,0,0,0,0,0,0,False,Not handed off
LTE-TP-EP-000454,542020041221088+20250827131243+Fiji-Nadi-LTE-DL-D!20250827120629,Fiji-Nadi-LTE-DL-D,2025-08-27 02:05:46+02:00,2025-08-27 02:05:46+02:00,1,-17.7789819,177.3799428,-17.7789819,177.3799428,153.0,9310.0,28.0,100.797424,100.797424,181.83663363350595,81.03920963350595,0.5543295758717053,59.18,59.18,54.13,54.13,65.36,65.36,0,1,0,radio_limited_degradation,normal,statistical_only_retained,0.0,8.26650414481746,0.0,44.93,55.56,49.71,Medium,Medium,0,0,0,0,0,0,0,0,0,0,1,0,False,Not handed off
LTE-TP-EP-001247,542020041221088+20250828115053+Fiji-Nadi-LTE-DL-D!20250828112640,Fiji-Nadi-LTE-DL-D,2025-08-28 01:25:27+02:00,2025-08-28 01:25:27+02:00,1,-17.60332323,177.45876441,-17.60332323,177.45876441,187.0,1850.0,3.0,50.781967,50.781967,135.5693,84.78733299999999,0.3745830877639702,59.1,59.1,53.15,53.15,66.37,66.37,0,1,0,rb_conditioned_underperformance,normal,statistical_only_retained,0.0,4.97036904486538,0.0,44.2,56.41,49.7,Medium,Medium,0,1,0,0,0,0,0,1,0,1,1,1,False,Not handed off
LTE-TP-EP-001635,542020041221088+20250828133556+Fiji-Nadi-LTE-DL-D!20250828132602,Fiji-Nadi-LTE-DL-D,2025-08-28 03:25:03+02:00,2025-08-28 03:25:03+02:00,1,-17.61971842,177.46607181,-17.61971842,177.46607181,234.0,500.0,1.0,40.354607,40.354607,173.72593999999998,133.371333,0.23228889709849898,59.63,59.63,61.45,61.45,57.4,57.4,0,1,0,radio_p75_underperformance,normal,statistical_only_retained,0.0,10.893243879257595,0.0,50.42,48.79,49.69,Medium,Medium,1,0,0,0,0,0,0,1,0,0,1,1,False,Not handed off
LTE-TP-EP-000146,542020041221088+20250827104347+Fiji-Nadi-LTE-DL-D!20250827104305,Fiji-Nadi-LTE-DL-D,2025-08-27 00:41:35+02:00,2025-08-27 00:41:35+02:00,1,-17.80326861,177.42873854,-17.80326861,177.42873854,393.0,41186.0,41.0,5.225712,5.225712,25.84249241860999,20.61678041860999,0.20221393182016764,59.59,59.59,61.27,61.27,57.54,57.54,0,1,0,sudden_drop,normal,statistical_only_retained,0.0,14.797363291551278,0.0,50.29,48.91,49.67,Medium,Medium,0,0,0,0,0,0,0,0,0,0,0,0,False,Not handed off
LTE-TP-EP-000513,542020041221088+20250827132625+Fiji-Nadi-LTE-DL-D!20250827122623,Fiji-Nadi-LTE-DL-D,2025-08-27 02:25:35+02:00,2025-08-27 02:25:35+02:00,1,-17.8070401,177.4181157,-17.8070401,177.4181157,149.0,41384.0,41.0,48.048687,48.048687,98.34529933946976,50.29661233946976,0.48857126189778355,58.57,58.57,45.32,45.32,74.76,74.76,0,1,0,rolling_local_drop,ml_hgb_strict_causal_temporal_underperformance,statistical_only_retained,0.0,0.0,0.0,38.33,63.55,49.67,Medium,High,0,0,0,0,0,0,1,0,0,0,0,1,False,Not handed off
LTE-TP-EP-001224,542020041221088+20250828114552+Fiji-Nadi-LTE-DL-D!20250828111754,Fiji-Nadi-LTE-DL-D,2025-08-28 01:16:02+02:00,2025-08-28 01:16:02+02:00,1,-17.5954694,177.5062919,-17.5954694,177.5062919,495.0,9310.0,28.0,7.975056,7.975056,,,,59.71,59.71,63.09,63.09,55.57,55.57,0,1,0,rb_efficiency_underperformance,normal,statistical_only_retained,0.0,5.703286152017546,0.0,51.65,47.23,49.66,Medium,Medium,0,0,1,0,0,0,0,1,1,1,1,1,False,Not handed off
LTE-TP-EP-000918,542020041221088+20250827153152+Fiji-Nadi-LTE-DL-D!20250827153105,Fiji-Nadi-LTE-DL-D,2025-08-27 05:30:25+02:00,2025-08-27 05:30:25+02:00,1,-17.74424615,177.43406836,-17.74424615,177.43406836,487.0,40790.0,41.0,2.731312,2.731312,,,,60.88,60.88,81.44,81.44,35.74,35.74,0,1,0,radio_limited_degradation,normal,statistical_only_retained,0.0,0.0304012076375845,0.0,65.42,30.38,49.65,High,Low,0,0,0,0,0,0,0,1,0,0,1,0,False,Not handed off
LTE-TP-EP-001917,542020041221088+20250828143639+Fiji-Nadi-LTE-DL-D!20250828143559,Fiji-Nadi-LTE-DL-D,2025-08-28 04:35:24+02:00,2025-08-28 04:35:24+02:00,1,-17.6184633,177.4451247,-17.6184633,177.4451247,383.0,41384.0,41.0,3.31812,3.31812,,,,59.39,59.39,58.39,58.39,60.61,60.61,0,1,0,radio_limited_degradation,normal,statistical_only_retained,0.0,4.6654222663911415,0.0,48.13,51.52,49.65,Medium,Medium,0,0,0,0,0,0,0,1,0,0,1,0,False,Not handed off
LTE-TP-EP-000064,542020041221088+20250827100005+Fiji-Nadi-LTE-DL-D!20250827095853,Fiji-Nadi-LTE-DL-D,2025-08-26 23:58:20+02:00,2025-08-26 23:58:20+02:00,1,-17.80976923,177.4068937,-17.80976923,177.4068937,145.0,41186.0,41.0,10.332664,10.332664,34.8868698114809,24.554205811480898,0.29617629944546153,58.84,58.84,50.59,50.59,68.93,68.93,0,1,0,sudden_drop,normal,statistical_only_retained,0.0,28.681931699181398,0.0,42.28,58.59,49.62,Medium,Medium,0,0,0,0,0,0,0,0,0,0,1,0,False,Not handed off
LTE-TP-EP-000143,542020041221088+20250827104126+Fiji-Nadi-LTE-DL-D!20250827104054,Fiji-Nadi-LTE-DL-D,2025-08-27 00:39:24+02:00,2025-08-27 00:39:24+02:00,1,-17.80655626,177.43114401,-17.80655626,177.43114401,395.0,500.0,1.0,2.839408,2.839408,16.2384570570979,13.3990490570979,0.1748570070429741,58.96,58.96,52.41,52.41,66.96,66.96,0,1,0,sudden_drop,normal,statistical_only_retained,0.0,3.7153971620452295,0.0,43.64,56.92,49.62,Medium,Medium,0,0,0,0,0,0,0,0,0,0,0,0,False,Not handed off
LTE-TP-EP-001887,542020041221088+20250828143139+Fiji-Nadi-LTE-DL-D!20250828143127,Fiji-Nadi-LTE-DL-D,2025-08-28 04:30:27+02:00,2025-08-28 04:30:27+02:00,1,-17.61037035,177.44095391,-17.61037035,177.44095391,383.0,356.0,1.0,2.44488,2.44488,,,,60.9,60.9,82.44,82.44,34.58,34.58,0,1,0,radio_limited_degradation,normal,statistical_only_retained,0.0,0.10507138671019269,0.0,66.17,29.39,49.62,High,Low,0,0,0,0,0,0,0,0,0,0,0,0,False,Not handed off
LTE-TP-EP-001353,542020041221088+20250828122402+Fiji-Nadi-LTE-DL-D!20250828121612,Fiji-Nadi-LTE-DL-D,2025-08-28 02:15:14+02:00,2025-08-28 02:15:14+02:00,1,-17.6035053,177.4529645,-17.6035053,177.4529645,184.0,40988.0,41.0,12.126632,12.126632,31.519749008763654,19.393117008763653,0.3847312361728626,58.12,58.12,39.73,39.73,80.59,80.59,0,1,0,rolling_local_drop,normal,statistical_only_retained,0.0,0.5668184546542527,0.0,34.13,68.5,49.6,Medium,High,0,0,0,0,0,0,0,0,0,0,1,0,False,Not handed off
LTE-TP-EP-000856,542020041221088+20250827151552+Fiji-Nadi-LTE-DL-D!20250827151524,Fiji-Nadi-LTE-DL-D,2025-08-27 05:14:17+02:00,2025-08-27 05:14:18+02:00,2,-17.74777535,177.45477039,-17.74778268,177.45467359,50.0,41384.0,41.0,31.956543,36.6995715,121.14346,89.18691700000001,0.26379090542733385,57.91,56.29,59.61,57.25,55.83,55.114999999999995,0,2,0,rb_conditioned_underperformance,normal,statistical_only_retained,1.0,10.333813863827158,0.0,51.44,47.28,49.57,Medium,Medium,2,2,0,0,0,0,0,2,0,0,2,4,True,Medium
LTE-TP-EP-000397,542020041221088+20250827123517+Fiji-Nadi-LTE-DL-D!20250827114634,Fiji-Nadi-LTE-DL-D,2025-08-27 01:45:19+02:00,2025-08-27 01:45:20+02:00,2,-17.7837015,177.3881093,-17.78370193,177.38810897,138.0,9310.0,28.0,5.41992,5.493384000000001,,,,58.88,58.18,81.03,80.775,32.44,30.57,0,2,0,radio_limited_degradation,normal,statistical_only_retained,1.0,13.049809385677811,0.0,67.93,27.11,49.56,High,Low,0,0,0,0,0,0,0,2,0,0,2,0,False,Not handed off
LTE-TP-EP-000639,542020041221088+20250827134948+Fiji-Nadi-LTE-DL-D!20250827132103,Fiji-Nadi-LTE-DL-D,2025-08-27 03:19:25+02:00,2025-08-27 03:19:25+02:00,1,-17.7720217,177.4382302,-17.7720217,177.4382302,130.0,356.0,1.0,4.343304,4.343304,,,,60.39,60.39,75.8,75.8,41.56,41.56,0,1,0,radio_limited_degradation,normal,statistical_only_retained,0.0,4.169828953694245,0.0,61.19,35.33,49.55,High,Low,0,0,0,0,0,0,0,0,0,0,0,0,False,Not handed off
LTE-TP-EP-001047,542020041221088+20250828103047+Fiji-Nadi-LTE-DL-D!20250828102736,Fiji-Nadi-LTE-DL-D,2025-08-28 00:25:58+02:00,2025-08-28 00:25:58+02:00,1,-17.73085925,177.45506976,-17.73085925,177.45506976,487.0,41384.0,41.0,35.242393,35.242393,105.95971,70.71731700000001,0.3326018257316861,58.75,58.75,50.96,50.96,68.27,68.27,0,1,0,radio_p75_underperformance,normal,statistical_only_retained,0.0,16.133822120455992,0.0,42.56,58.03,49.52,Medium,Medium,1,0,0,0,0,0,0,0,0,0,0,1,False,Not handed off
LTE-TP-EP-000629,542020041221088+20250827134808+Fiji-Nadi-LTE-DL-D!20250827131638,Fiji-Nadi-LTE-DL-D,2025-08-27 03:16:08+02:00,2025-08-27 03:16:08+02:00,1,-17.76910585,177.43605685,-17.76910585,177.43605685,395.0,500.0,1.0,4.475528,4.475528,28.524926395180042,24.04939839518004,0.15689884482072652,59.7,59.7,65.82,65.82,52.22,52.22,0,1,0,radio_limited_degradation,normal,statistical_only_retained,0.0,3.151303039970997,0.0,53.7,44.39,49.51,Medium,Medium,0,0,0,0,0,0,0,1,0,0,1,0,False,Not handed off
LTE-TP-EP-001839,542020041221088+20250828141358+Fiji-Nadi-LTE-DL-D!20250828141324,Fiji-Nadi-LTE-DL-D,2025-08-28 04:12:40+02:00,2025-08-28 04:12:40+02:00,1,-17.61449124,177.46303889,-17.61449124,177.46303889,179.0,41384.0,41.0,4.624712,4.624712,,,,59.49,59.49,62.81,62.81,55.43,55.43,0,1,0,radio_limited_degradation,normal,statistical_only_retained,0.0,0.1567721168526573,0.0,51.44,47.12,49.5,Medium,Medium,0,0,0,0,0,0,0,0,0,0,1,0,False,Not handed off
LTE-TP-EP-001244,542020041221088+20250828114952+Fiji-Nadi-LTE-DL-D!20250828112430,Fiji-Nadi-LTE-DL-D,2025-08-28 01:24:13+02:00,2025-08-28 01:24:13+02:00,1,-17.60503068,177.46161309,-17.60503068,177.46161309,373.0,41384.0,41.0,4.911472,4.911472,,,,60.72,60.72,82.81,82.81,33.73,33.73,0,1,0,radio_limited_degradation,normal,statistical_only_retained,0.0,0.2653433198736848,0.0,66.44,28.67,49.45,High,Low,0,0,0,0,0,0,0,0,0,0,0,0,False,Not handed off
LTE-TP-EP-000685,542020041221088+20250827135549+Fiji-Nadi-LTE-DL-D!20250827133724,Fiji-Nadi-LTE-DL-D,2025-08-27 03:36:05+02:00,2025-08-27 03:36:05+02:00,1,-17.78647523,177.42455777,-17.78647523,177.42455777,133.0,41186.0,41.0,28.952248,28.952248,103.734363,74.782115,0.27909987744369724,58.97,58.97,56.11,56.11,62.47,62.47,0,1,0,rb_conditioned_underperformance,normal,statistical_only_retained,0.0,11.559682870231144,0.0,46.42,53.1,49.42,Medium,Medium,1,1,0,0,0,0,0,0,0,0,1,2,False,Not handed off
LTE-TP-EP-000233,542020041221088+20250827112048+Fiji-Nadi-LTE-DL-D!20250827110300,Fiji-Nadi-LTE-DL-D,2025-08-27 01:02:07+02:00,2025-08-27 01:02:07+02:00,1,-17.7781152,177.4887832,-17.7781152,177.4887832,333.0,1850.0,3.0,26.289791,26.289791,175.3047875,149.0149965,0.1499661895999275,59.61,59.61,66.25,66.25,51.49,51.49,0,1,0,rb_conditioned_underperformance,normal,statistical_only_retained,0.0,21.10599744902467,0.0,54.02,43.77,49.41,Medium,Medium,1,1,0,0,0,0,0,1,0,0,1,2,False,Not handed off
LTE-TP-EP-000204,542020041221088+20250827110647+Fiji-Nadi-LTE-DL-D!20250827105407,Fiji-Nadi-LTE-DL-D,2025-08-27 00:52:40+02:00,2025-08-27 00:52:40+02:00,1,-17.7627932,177.464472,-17.7627932,177.464472,210.0,9310.0,28.0,43.75832,43.75832,153.565445,109.80712500000001,0.2849490000826683,59.09,59.09,58.38,58.38,59.95,59.95,0,1,0,rb_conditioned_underperformance,normal,statistical_only_retained,0.0,13.277163304595106,0.0,48.12,50.96,49.4,Medium,Medium,1,1,0,0,0,0,0,1,0,1,1,2,False,Not handed off
LTE-TP-EP-001165,542020041221088+20250828113551+Fiji-Nadi-LTE-DL-D!20250828110238,Fiji-Nadi-LTE-DL-D,2025-08-28 01:01:48+02:00,2025-08-28 01:01:49+02:00,2,-17.63860222,177.4627172,-17.63863378,177.46280878,165.0,40790.0,41.0,16.50876,17.662467499999998,83.886915,67.378155,0.19679779617595902,57.21,56.0,61.57,58.75,53.4,52.644999999999996,0,2,0,rb_conditioned_underperformance,normal,statistical_only_retained,1.0,21.22216467579203,0.0,52.82,45.2,49.39,Medium,Medium,2,2,0,0,0,0,0,0,0,0,2,4,True,Medium
LTE-TP-EP-000213,542020041221088+20250827111028+Fiji-Nadi-LTE-DL-D!20250827105621,Fiji-Nadi-LTE-DL-D,2025-08-27 00:54:39+02:00,2025-08-27 00:54:39+02:00,1,-17.76744186,177.47215615,-17.76744186,177.47215615,365.0,500.0,1.0,24.597143,24.597143,85.55677,60.959627,0.2874949930905526,58.44,58.44,48.71,48.71,70.34,70.34,0,1,0,radio_p75_underperformance,normal,statistical_only_retained,0.0,10.754117062676954,0.0,40.87,59.79,49.38,Medium,Medium,1,0,0,0,0,0,0,1,0,0,1,1,False,Not handed off
LTE-TP-EP-001920,542020041221088+20250828143639+Fiji-Nadi-LTE-DL-D!20250828143559,Fiji-Nadi-LTE-DL-D,2025-08-28 04:35:34+02:00,2025-08-28 04:35:34+02:00,1,-17.61800532,177.44513062,-17.61800532,177.44513062,232.0,41384.0,41.0,10.96344,10.96344,60.15991375,49.19647375,0.18223829318571788,59.18,59.18,60.26,60.26,57.87,57.87,0,1,0,ca_underperformance,normal,statistical_only_retained,0.0,7.821233165039587,0.0,49.53,49.19,49.38,Medium,Medium,1,1,0,1,0,0,0,1,0,0,1,3,False,Not handed off
LTE-TP-EP-001778,542020041221088+20250828140337+Fiji-Nadi-LTE-DL-D!20250828140209,Fiji-Nadi-LTE-DL-D,2025-08-28 04:01:39+02:00,2025-08-28 04:01:39+02:00,1,-17.60778844,177.45093837,-17.60778844,177.45093837,139.0,500.0,1.0,6.7678,6.7678,,,,59.64,59.64,67.31,67.31,50.26,50.26,0,1,0,radio_limited_degradation,normal,statistical_only_retained,0.0,0.07670278318503185,0.0,54.82,42.72,49.37,Medium,Medium,0,0,0,0,0,0,0,1,0,0,1,0,False,Not handed off
LTE-TP-EP-001196,542020041221088+20250828113831+Fiji-Nadi-LTE-DL-D!20250828110657,Fiji-Nadi-LTE-DL-D,2025-08-28 01:06:41+02:00,2025-08-28 01:06:41+02:00,1,-17.62762865,177.48046345,-17.62762865,177.48046345,377.0,1850.0,3.0,2.494464,2.494464,,,,60.57,60.57,82.27,82.27,34.05,34.05,0,1,0,radio_limited_degradation,normal,statistical_only_retained,0.0,0.09024921808335064,0.0,66.04,28.94,49.35,High,Low,0,0,0,0,0,0,0,1,0,0,1,0,False,Not handed off
LTE-TP-EP-001734,542020041221088+20250828135857+Fiji-Nadi-LTE-DL-D!20250828135526,Fiji-Nadi-LTE-DL-D,2025-08-28 03:54:10+02:00,2025-08-28 03:54:10+02:00,1,-17.6113851,177.4496393,-17.6113851,177.4496393,140.0,41384.0,41.0,15.63552,15.63552,70.7488185,55.1132985,0.2210004397458595,58.78,58.78,55.12,55.12,63.25,63.25,0,1,0,rb_conditioned_underperformance,normal,statistical_only_retained,0.0,10.341876676604649,0.0,45.68,53.76,49.31,Medium,Medium,1,1,0,0,0,0,0,1,0,0,1,2,False,Not handed off
LTE-TP-EP-001202,542020041221088+20250828114132+Fiji-Nadi-LTE-DL-D!20250828111120,Fiji-Nadi-LTE-DL-D,2025-08-28 01:09:40+02:00,2025-08-28 01:09:41+02:00,2,-17.616196,177.4727311,-17.6161341,177.4726887,179.0,41384.0,41.0,32.08419,33.63597,121.14346,89.05927,0.26484459004225236,55.79,54.59,59.55,55.28,56.29,53.745000000000005,0,2,0,rb_conditioned_underperformance,normal,statistical_only_retained,1.0,25.9922476642734,0.0,51.01,47.21,49.3,Medium,Medium,2,2,0,0,0,0,0,2,0,0,2,4,True,Medium
LTE-TP-EP-000557,542020041221088+20250827133707+Fiji-Nadi-LTE-DL-D!20250827125859,Fiji-Nadi-LTE-DL-D,2025-08-27 02:58:11+02:00,2025-08-27 02:58:11+02:00,1,-17.7995335,177.4167661,-17.7995335,177.4167661,362.0,41384.0,41.0,8.15892,8.15892,38.729599,30.570679,0.21066368386618203,58.61,58.61,52.8,52.8,65.72,65.72,0,1,0,ca_underperformance,normal,statistical_only_retained,0.0,6.883401142240338,0.0,43.94,55.86,49.3,Medium,Medium,1,1,1,1,0,0,0,1,0,0,1,4,False,Not handed off
LTE-TP-EP-000545,542020041221088+20250827133206+Fiji-Nadi-LTE-DL-D!20250827125008,Fiji-Nadi-LTE-DL-D,2025-08-27 02:49:42+02:00,2025-08-27 02:49:42+02:00,1,-17.801335,177.4161638,-17.801335,177.4161638,147.0,41384.0,41.0,7.082408,7.082408,,,,60.04,60.04,75.21,75.21,41.49,41.49,0,1,0,radio_limited_degradation,normal,statistical_only_retained,0.0,3.400796381598544,0.0,60.74,35.27,49.28,High,Low,0,0,0,0,0,0,0,1,0,0,1,0,False,Not handed off
LTE-TP-EP-001231,542020041221088+20250828114852+Fiji-Nadi-LTE-DL-D!20250828112219,Fiji-Nadi-LTE-DL-D,2025-08-28 01:20:20+02:00,2025-08-28 01:20:20+02:00,1,-17.60429798,177.47900661,-17.60429798,177.47900661,177.0,40988.0,41.0,1.30168,1.30168,,,,59.41,59.41,65.44,65.44,52.04,52.04,0,1,0,radio_limited_degradation,normal,statistical_only_retained,0.0,0.047019521295934445,0.0,53.42,44.23,49.28,Medium,Medium,0,0,0,0,0,0,0,0,0,0,0,0,False,Not handed off
LTE-TP-EP-000863,542020041221088+20250827151552+Fiji-Nadi-LTE-DL-D!20250827151524,Fiji-Nadi-LTE-DL-D,2025-08-27 05:15:15+02:00,2025-08-27 05:15:16+02:00,2,-17.7469222,177.4485231,-17.74692314,177.44852342,487.0,41186.0,41.0,6.890832,7.349928,41.037212749999995,34.14638074999999,0.16791666729363827,57.28,56.480000000000004,58.66,57.205,55.59,55.59,0,2,0,ca_underperformance,normal,statistical_only_retained,1.0,12.813549369131715,0.0,50.91,47.25,49.26,Medium,Medium,2,2,2,2,0,0,0,2,0,0,2,8,True,Medium
LTE-TP-EP-000186,542020041221088+20250827110227+Fiji-Nadi-LTE-DL-D!20250827105156,Fiji-Nadi-LTE-DL-D,2025-08-27 00:49:57+02:00,2025-08-27 00:49:57+02:00,1,-17.762014,177.4580073,-17.762014,177.4580073,212.0,41186.0,41.0,4.910336,4.910336,,,,58.48,58.48,52.81,52.81,65.42,65.42,0,1,0,radio_limited_degradation,normal,statistical_only_retained,0.0,5.96174613127082,0.0,43.94,55.61,49.19,Medium,Medium,0,0,0,0,0,0,0,1,0,0,1,0,False,Not handed off
LTE-TP-EP-001344,542020041221088+20250828122241+Fiji-Nadi-LTE-DL-D!20250828121359,Fiji-Nadi-LTE-DL-D,2025-08-28 02:13:56+02:00,2025-08-28 02:13:56+02:00,1,-17.6033946,177.453007,-17.6033946,177.453007,184.0,40988.0,41.0,36.84501,36.84501,111.79482125,74.94981125,0.32957707332082703,58.52,58.52,53.25,53.25,64.95,64.95,0,1,0,radio_p75_underperformance,normal,statistical_only_retained,0.0,0.015361586203961488,0.0,44.27,55.21,49.19,Medium,Medium,1,0,0,0,0,0,0,0,0,0,1,1,False,Not handed off
LTE-TP-EP-001685,542020041221088+20250828134436+Fiji-Nadi-LTE-DL-D!20250828133934,Fiji-Nadi-LTE-DL-D,2025-08-28 03:38:14+02:00,2025-08-28 03:38:14+02:00,1,-17.62267586,177.45480506,-17.62267586,177.45480506,231.0,41186.0,41.0,7.053576,7.053576,,,,59.94,59.94,75.31,75.31,41.16,41.16,0,1,0,radio_limited_degradation,normal,statistical_only_retained,0.0,0.1557456308215171,0.0,60.82,34.99,49.19,High,Low,0,0,0,0,0,0,0,0,0,0,1,0,False,Not handed off
LTE-TP-EP-001068,542020041221088+20250828103607+Fiji-Nadi-LTE-DL-D!20250828103408,Fiji-Nadi-LTE-DL-D,2025-08-28 00:33:46+02:00,2025-08-28 00:33:46+02:00,1,-17.6963524,177.4256109,-17.6963524,177.4256109,316.0,40988.0,41.0,3.42504,3.42504,20.01350872353235,16.58846872353235,0.17113640827871218,58.81,58.81,58.45,58.45,59.25,59.25,0,1,0,radio_limited_degradation,normal,statistical_only_retained,0.0,13.730212041970262,0.0,48.17,50.36,49.16,Medium,Medium,0,0,0,0,0,0,0,1,0,0,1,0,False,Not handed off
LTE-TP-EP-001536,542020041221088+20250828130044+Fiji-Nadi-LTE-DL-D!20250828130012,Fiji-Nadi-LTE-DL-D,2025-08-28 02:59:16+02:00,2025-08-28 02:59:16+02:00,1,-17.6289569,177.4546442,-17.6289569,177.4546442,165.0,500.0,1.0,50.032993,50.032993,176.8458,126.81280699999999,0.2829187518165543,58.81,58.81,58.5,58.5,59.18,59.18,0,1,0,radio_p75_underperformance,normal,statistical_only_retained,0.0,20.410577470464293,0.0,48.21,50.3,49.15,Medium,Medium,1,0,0,0,0,0,0,0,0,0,0,1,False,Not handed off
LTE-TP-EP-001881,542020041221088+20250828142959+Fiji-Nadi-LTE-DL-D!20250828142912,Fiji-Nadi-LTE-DL-D,2025-08-28 04:27:37+02:00,2025-08-28 04:27:37+02:00,1,-17.60420535,177.44595998,-17.60420535,177.44595998,141.0,41384.0,41.0,79.25736,79.25736,154.7250892176429,75.4677292176429,0.512246335747871,58.52,58.52,54.28,54.28,63.7,63.7,0,1,0,sudden_drop,normal,statistical_only_retained,0.0,0.06406384440419952,0.0,45.05,54.14,49.14,Medium,Medium,0,0,0,0,0,0,0,0,0,0,0,0,False,Not handed off
LTE-TP-EP-000431,542020041221088+20250827123938+Fiji-Nadi-LTE-DL-D!20250827115735,Fiji-Nadi-LTE-DL-D,2025-08-27 01:57:05+02:00,2025-08-27 01:57:05+02:00,1,-17.7718521,177.3701983,-17.7718521,177.3701983,156.0,40790.0,41.0,35.751625,35.751625,119.0290425,83.27741750000001,0.3003605191564907,58.69,58.69,57.48,57.48,60.17,60.17,0,1,0,rb_conditioned_underperformance,normal,statistical_only_retained,0.0,17.790077127550596,0.0,47.45,51.14,49.11,Medium,Medium,1,1,0,0,0,0,0,0,0,0,1,2,False,Not handed off
LTE-TP-EP-001625,542020041221088+20250828133115+Fiji-Nadi-LTE-DL-D!20250828132346,Fiji-Nadi-LTE-DL-D,2025-08-28 03:22:51+02:00,2025-08-28 03:22:51+02:00,1,-17.62760043,177.46260475,-17.62760043,177.46260475,255.0,500.0,1.0,15.98472,15.98472,78.76266000000001,62.777940000000015,0.20294794513034473,58.8,58.8,59.57,59.57,57.85,57.85,0,1,0,rb_conditioned_underperformance,normal,statistical_only_retained,0.0,0.06408600704780607,0.0,49.01,49.17,49.09,Medium,Medium,1,1,0,0,0,0,0,1,0,0,1,2,False,Not handed off
LTE-TP-EP-000170,542020041221088+20250827105427+Fiji-Nadi-LTE-DL-D!20250827104733,Fiji-Nadi-LTE-DL-D,2025-08-27 00:46:18+02:00,2025-08-27 00:46:18+02:00,1,-17.77944008,177.45365244,-17.77944008,177.45365244,126.0,40988.0,41.0,11.236448,11.236448,39.18753724787881,27.95108924787881,0.28673524260849587,58.45,58.45,54.56,54.56,63.21,63.21,0,1,0,sudden_drop,normal,statistical_only_retained,0.0,11.204507141076494,0.0,45.26,53.73,49.07,Medium,Medium,0,0,0,0,0,0,0,0,0,0,1,0,False,Not handed off
LTE-TP-EP-000624,542020041221088+20250827134808+Fiji-Nadi-LTE-DL-D!20250827131638,Fiji-Nadi-LTE-DL-D,2025-08-27 03:14:43+02:00,2025-08-27 03:14:44+02:00,2,-17.77033897,177.43616212,-17.7702472,177.4360412,123.0,41186.0,41.0,6.979968,10.120164,60.097231750000006,46.83687175000001,0.17008874463580623,57.33,55.385,58.38,56.175,56.05,54.425,0,2,0,ca_underperformance,normal,statistical_only_retained,1.0,23.68825220918914,0.0,50.55,47.24,49.06,Medium,Medium,2,2,1,1,0,0,0,2,0,0,2,6,True,Medium
LTE-TP-EP-000452,542020041221088+20250827131243+Fiji-Nadi-LTE-DL-D!20250827120629,Fiji-Nadi-LTE-DL-D,2025-08-27 02:05:10+02:00,2025-08-27 02:05:10+02:00,1,-17.77773961,177.37761172,-17.77773961,177.37761172,158.0,40790.0,41.0,1.47072,1.47072,,,,60.47,60.47,85.85,85.85,29.44,29.44,0,1,0,radio_limited_degradation,normal,statistical_only_retained,0.0,9.197376566142717,0.0,68.72,25.02,49.06,High,Low,0,0,0,0,0,0,0,1,0,0,1,0,False,Not handed off
LTE-TP-EP-000321,542020041221088+20250827122335+Fiji-Nadi-LTE-DL-D!20250827113336,Fiji-Nadi-LTE-DL-D,2025-08-27 01:33:11+02:00,2025-08-27 01:33:11+02:00,1,-17.76269166,177.43165467,-17.76269166,177.43165467,125.0,500.0,1.0,5.551168,5.551168,,,,58.18,58.18,50.57,50.57,67.47,67.47,0,1,0,radio_limited_degradation,normal,statistical_only_retained,0.0,0.28007562680665005,0.0,42.26,57.35,49.05,Medium,Medium,0,0,0,0,0,0,0,1,0,0,1,0,False,Not handed off
LTE-TP-EP-001571,542020041221088+20250828131435+Fiji-Nadi-LTE-DL-D!20250828131128,Fiji-Nadi-LTE-DL-D,2025-08-28 03:09:47+02:00,2025-08-28 03:09:47+02:00,1,-17.62656619,177.46514856,-17.62656619,177.46514856,254.0,40988.0,41.0,18.783815,18.783815,77.9124238161693,59.12860881616929,0.24108882871260084,58.86,58.86,61.62,61.62,55.49,55.49,0,1,0,sudden_drop,normal,statistical_only_retained,0.0,7.64894476580705,0.0,50.55,47.17,49.03,Medium,Medium,0,0,0,0,0,0,0,0,0,0,1,0,False,Not handed off
LTE-TP-EP-001904,542020041221088+20250828143419+Fiji-Nadi-LTE-DL-D!20250828143343,Fiji-Nadi-LTE-DL-D,2025-08-28 04:33:16+02:00,2025-08-28 04:33:16+02:00,1,-17.6197128,177.4479376,-17.6197128,177.4479376,168.0,40988.0,41.0,11.082832,11.082832,43.68767,32.604838,0.2536832932495599,57.94,57.94,47.65,47.65,70.52,70.52,0,1,0,rb_conditioned_underperformance,normal,statistical_only_retained,0.0,24.01948822178311,0.0,40.07,59.94,49.01,Medium,Medium,1,1,0,0,0,0,0,0,0,0,1,2,False,Not handed off
LTE-TP-EP-001450,542020041221088+20250828124303+Fiji-Nadi-LTE-DL-D!20250828124223,Fiji-Nadi-LTE-DL-D,2025-08-28 02:42:02+02:00,2025-08-28 02:42:02+02:00,1,-17.62323497,177.43469917,-17.62323497,177.43469917,345.0,40790.0,41.0,31.527224,31.527224,118.44779,86.920566,0.26616979514771866,58.68,58.68,59.47,59.47,57.72,57.72,0,1,0,rb_conditioned_underperformance,normal,statistical_only_retained,0.0,6.440707553104801,0.0,48.94,49.06,48.99,Medium,Medium,1,1,0,0,0,0,0,1,0,0,1,2,False,Not handed off
LTE-TP-EP-001828,542020041221088+20250828141158+Fiji-Nadi-LTE-DL-D!20250828141111,Fiji-Nadi-LTE-DL-D,2025-08-28 04:10:19+02:00,2025-08-28 04:10:19+02:00,1,-17.60875089,177.46226999,-17.60875089,177.46226999,375.0,356.0,1.0,5.236704,5.236704,,,,60.11,60.11,81.67,81.67,33.76,33.76,0,1,0,radio_limited_degradation,normal,statistical_only_retained,0.0,8.334590772153936,0.0,65.59,28.7,48.99,High,Low,0,0,0,0,0,0,0,0,0,0,0,0,False,Not handed off
LTE-TP-EP-001161,542020041221088+20250828113551+Fiji-Nadi-LTE-DL-D!20250828110238,Fiji-Nadi-LTE-DL-D,2025-08-28 01:01:20+02:00,2025-08-28 01:01:20+02:00,1,-17.63721307,177.46078876,-17.63721307,177.46078876,165.0,40790.0,41.0,27.200407,27.200407,119.0290425,91.8286355,0.2285190776024263,58.81,58.81,61.67,61.67,55.31,55.31,0,1,0,rb_conditioned_underperformance,normal,statistical_only_retained,0.0,6.465047271802115,0.0,50.59,47.01,48.98,Medium,Medium,1,1,0,0,0,0,0,0,0,0,1,2,False,Not handed off
LTE-TP-EP-001975,542020041221088+20250829102513+Nawaka-LTE-DL!20250829102435,Nawaka-LTE-DL,2025-08-29 00:23:52+02:00,2025-08-29 00:23:53+02:00,2,-17.8128907,177.4432633,-17.8128907,177.4432633,469.0,9310.0,28.0,4.641856,5.1409,,,,58.65,57.525,83.75,82.005,27.97,27.6,0,2,0,radio_limited_degradation,normal,statistical_only_retained,1.0,0.0,0.0,69.67,23.68,48.97,High,Low,0,0,0,0,0,0,0,0,0,0,0,0,False,Not handed off
LTE-TP-EP-000713,542020041221088+20250827140149+Fiji-Nadi-LTE-DL-D!20250827134245,Fiji-Nadi-LTE-DL-D,2025-08-27 03:41:55+02:00,2025-08-27 03:41:55+02:00,1,-17.7713634,177.4045512,-17.7713634,177.4045512,135.0,40790.0,41.0,55.61485,55.61485,117.78351551209865,62.16866551209865,0.4721785536643052,58.09,58.09,50.83,50.83,66.97,66.97,0,1,0,sudden_drop,normal,statistical_only_retained,0.0,8.951663406686352,0.0,42.46,56.92,48.97,Medium,Medium,0,0,0,0,0,0,0,0,0,0,1,0,False,Not handed off
LTE-TP-EP-000099,542020041221088+20250827102746+Fiji-Nadi-LTE-DL-D!20250827102604,Fiji-Nadi-LTE-DL-D,2025-08-27 00:24:02+02:00,2025-08-27 00:24:02+02:00,1,-17.8068173,177.426643,-17.8068173,177.426643,395.0,40790.0,41.0,1.496592,1.496592,15.978337974466434,14.481745974466435,0.09366380923920692,58.64,58.64,59.53,59.53,57.56,57.56,0,1,0,rolling_local_drop,normal,statistical_only_retained,0.0,,0.0,48.98,48.93,48.96,Medium,Medium,0,0,0,0,0,0,0,0,0,0,0,0,False,Not handed off
LTE-TP-EP-001336,542020041221088+20250828122241+Fiji-Nadi-LTE-DL-D!20250828121359,Fiji-Nadi-LTE-DL-D,2025-08-28 02:13:01+02:00,2025-08-28 02:13:01+02:00,1,-17.60337266,177.45297901,-17.60337266,177.45297901,184.0,40988.0,41.0,10.787104,10.787104,28.248318667485023,17.461214667485024,0.38186711665839423,57.26,57.26,38.0,38.0,80.79,80.79,0,1,0,sudden_drop,normal,statistical_only_retained,0.0,0.0021197642419450045,0.0,32.84,68.67,48.96,Medium,High,0,0,0,0,0,0,0,0,0,0,1,0,False,Not handed off
LTE-TP-EP-001334,542020041221088+20250828122241+Fiji-Nadi-LTE-DL-D!20250828121359,Fiji-Nadi-LTE-DL-D,2025-08-28 02:12:39+02:00,2025-08-28 02:12:39+02:00,1,-17.6033723,177.4529785,-17.6033723,177.4529785,184.0,40988.0,41.0,12.664672,12.664672,32.90037968861921,20.23570768861921,0.38493999521777317,57.13,57.13,36.41,36.41,82.45,82.45,0,1,0,rolling_local_drop,normal,statistical_only_retained,0.0,0.0,0.0,31.64,70.08,48.94,Medium,High,0,0,0,0,0,0,0,0,0,0,0,0,False,Not handed off
LTE-TP-EP-001802,542020041221088+20250828140938+Fiji-Nadi-LTE-DL-D!20250828140855,Fiji-Nadi-LTE-DL-D,2025-08-28 04:06:57+02:00,2025-08-28 04:06:57+02:00,1,-17.6077687,177.4510676,-17.6077687,177.4510676,140.0,41186.0,41.0,8.063008,8.063008,41.037212749999995,32.97420475,0.19648040058471078,58.32,58.32,54.95,54.95,62.43,62.43,0,1,0,ca_underperformance,normal,statistical_only_retained,0.0,19.402612732230935,0.0,45.55,53.07,48.93,Medium,Medium,1,1,1,1,0,0,0,1,0,0,1,4,False,Not handed off
LTE-TP-EP-000693,542020041221088+20250827135649+Fiji-Nadi-LTE-DL-D!20250827133934,Fiji-Nadi-LTE-DL-D,2025-08-27 03:38:53+02:00,2025-08-27 03:38:53+02:00,1,-17.7798871,177.412986,-17.7798871,177.412986,135.0,356.0,1.0,29.212408,29.212408,85.93252381600797,56.720115816007976,0.33994588664179504,57.55,57.55,43.53,43.53,74.69,74.69,0,1,0,rb_conditioned_underperformance,ml_hgb_resource_conditioned_underperformance,statistical_only_retained,0.0,10.174094679082161,0.0,36.98,63.49,48.91,Medium,High,0,1,0,0,0,1,0,1,0,0,1,2,False,Not handed off
LTE-TP-EP-001678,542020041221088+20250828134436+Fiji-Nadi-LTE-DL-D!20250828133934,Fiji-Nadi-LTE-DL-D,2025-08-28 03:37:46+02:00,2025-08-28 03:37:46+02:00,1,-17.62166748,177.45539522,-17.62166748,177.45539522,231.0,41186.0,41.0,8.97392,8.97392,,,,59.15,59.15,68.59,68.59,47.62,47.62,0,1,0,radio_limited_degradation,normal,statistical_only_retained,0.0,0.2500873313804014,0.0,55.78,40.48,48.89,High,Medium,0,0,0,0,0,0,0,0,0,0,1,0,False,Not handed off
LTE-TP-EP-001203,542020041221088+20250828114132+Fiji-Nadi-LTE-DL-D!20250828111120,Fiji-Nadi-LTE-DL-D,2025-08-28 01:09:43+02:00,2025-08-28 01:09:43+02:00,1,-17.6160167,177.4726131,-17.6160167,177.4726131,179.0,41384.0,41.0,35.683697,35.683697,121.14346,85.45976300000001,0.29455735373581043,58.42,58.42,57.82,57.82,59.15,59.15,0,1,0,radio_p75_underperformance,normal,statistical_only_retained,0.0,7.663515727409883,0.0,47.7,50.28,48.86,Medium,Medium,1,0,0,0,0,0,0,1,0,0,1,1,False,Not handed off
LTE-TP-EP-001592,542020041221088+20250828131954+Fiji-Nadi-LTE-DL-D!20250828131344,Fiji-Nadi-LTE-DL-D,2025-08-28 03:13:44+02:00,2025-08-28 03:13:44+02:00,1,-17.62794445,177.47076274,-17.62794445,177.47076274,178.0,41384.0,41.0,13.338768,13.338768,39.371196482817396,26.032428482817394,0.33879508858262364,57.66,57.66,46.27,46.27,71.58,71.58,0,1,0,ca_underperformance,ml_hgb_strict_causal_temporal_underperformance,statistical_only_retained,0.0,8.67066354710201,0.0,39.04,60.84,48.85,Medium,High,1,0,0,1,0,0,1,1,0,0,1,3,False,Not handed off
LTE-TP-EP-000249,542020041221088+20250827113229+Fiji-Nadi-LTE-DL-D!20250827110935,Fiji-Nadi-LTE-DL-D,2025-08-27 01:08:15+02:00,2025-08-27 01:08:15+02:00,1,-17.7642539,177.4763884,-17.7642539,177.4763884,111.0,41186.0,41.0,29.293207,29.293207,103.734363,74.441156,0.2823867246381992,58.26,58.26,55.75,55.75,61.33,61.33,0,1,0,rb_conditioned_underperformance,normal,statistical_only_retained,0.0,8.288607430359757,0.0,46.15,52.13,48.84,Medium,Medium,1,1,0,0,0,0,0,0,0,0,1,2,False,Not handed off
LTE-TP-EP-000905,542020041221088+20250827152712+Fiji-Nadi-LTE-DL-D!20250827152634,Fiji-Nadi-LTE-DL-D,2025-08-27 05:25:47+02:00,2025-08-27 05:25:47+02:00,1,-17.7434673,177.4416599,-17.7434673,177.4416599,401.0,500.0,1.0,52.968807,52.968807,119.8576726823832,66.8888656823832,0.44193088197502944,58.14,58.14,54.13,54.13,63.04,63.04,0,1,0,sudden_drop,normal,statistical_only_retained,0.0,1.9897551664392101,0.0,44.93,53.58,48.83,Medium,Medium,0,0,0,0,0,0,0,1,0,0,1,0,False,Not handed off
LTE-TP-EP-001476,542020041221088+20250828124943+Fiji-Nadi-LTE-DL-D!20250828124907,Fiji-Nadi-LTE-DL-D,2025-08-28 02:48:56+02:00,2025-08-28 02:48:56+02:00,1,-17.62869648,177.45079667,-17.62869648,177.45079667,376.0,1850.0,3.0,32.151054,32.151054,103.049195,70.898141,0.3119971388422782,57.97,57.97,52.25,52.25,64.96,64.96,0,1,0,rb_conditioned_underperformance,normal,statistical_only_retained,0.0,0.1614820577371727,0.0,43.52,55.22,48.79,Medium,Medium,1,1,0,0,0,0,0,1,0,0,1,2,False,Not handed off
LTE-TP-EP-000198,542020041221088+20250827110647+Fiji-Nadi-LTE-DL-D!20250827105407,Fiji-Nadi-LTE-DL-D,2025-08-27 00:52:17+02:00,2025-08-27 00:52:17+02:00,1,-17.76198353,177.46518908,-17.76198353,177.46518908,110.0,1850.0,3.0,8.896216,8.896216,27.996896250000002,19.100680250000003,0.31775722282072605,57.12,57.12,39.89,39.89,78.18,78.18,0,1,0,ca_underperformance,normal,statistical_only_retained,0.0,0.9625512543225225,0.0,34.25,66.45,48.74,Medium,High,1,1,1,1,0,0,0,1,0,0,1,4,False,Not handed off
LTE-TP-EP-001561,542020041221088+20250828131005+Fiji-Nadi-LTE-DL-D!20250828130912,Fiji-Nadi-LTE-DL-D,2025-08-28 03:07:12+02:00,2025-08-28 03:07:12+02:00,1,-17.6289431,177.4630152,-17.6289431,177.4630152,254.0,40988.0,41.0,15.886696,15.886696,40.76524934161223,24.878553341612232,0.38971173380713814,57.37,57.37,43.88,43.88,73.86,73.86,0,1,0,rolling_local_drop,normal,statistical_only_retained,0.0,,0.0,37.25,62.78,48.74,Medium,High,0,0,0,0,0,0,0,0,0,0,1,0,False,Not handed off
LTE-TP-EP-001346,542020041221088+20250828122402+Fiji-Nadi-LTE-DL-D!20250828121612,Fiji-Nadi-LTE-DL-D,2025-08-28 02:14:10+02:00,2025-08-28 02:14:10+02:00,1,-17.6033973,177.4530084,-17.6033973,177.4530084,184.0,40988.0,41.0,30.973808,30.973808,111.79482125,80.82101325,0.27705941700765496,58.33,58.33,58.84,58.84,57.71,57.71,0,1,0,rb_conditioned_underperformance,normal,statistical_only_retained,0.0,0.3158467841746508,0.0,48.47,49.05,48.73,Medium,Medium,1,1,0,0,0,0,0,0,0,0,1,2,False,Not handed off
LTE-TP-EP-000056,542020041221088+20250827100005+Fiji-Nadi-LTE-DL-D!20250827095853,Fiji-Nadi-LTE-DL-D,2025-08-26 23:57:01+02:00,2025-08-26 23:57:01+02:00,1,-17.81324006,177.39829355,-17.81324006,177.39829355,151.0,41186.0,41.0,23.033112,23.033112,100.61148,77.578368,0.2289312511852524,58.42,58.42,60.43,60.43,55.96,55.96,0,1,0,rb_conditioned_underperformance,normal,statistical_only_retained,0.0,12.973879192166017,0.0,49.66,47.57,48.72,Medium,Medium,1,1,0,0,0,0,0,1,0,0,1,2,False,Not handed off
LTE-TP-EP-001451,542020041221088+20250828124303+Fiji-Nadi-LTE-DL-D!20250828124223,Fiji-Nadi-LTE-DL-D,2025-08-28 02:42:05+02:00,2025-08-28 02:42:05+02:00,1,-17.62341243,177.43460643,-17.62341243,177.43460643,345.0,40790.0,41.0,23.744663,23.744663,118.44779,94.703127,0.20046522607133488,58.57,58.57,63.31,63.31,52.78,52.78,0,1,0,rb_conditioned_underperformance,normal,statistical_only_retained,0.0,0.12544127778777575,0.0,51.82,44.86,48.69,Medium,Medium,1,1,0,0,0,0,0,1,0,0,1,2,False,Not handed off
LTE-TP-EP-000733,542020041221088+20250827140609+Fiji-Nadi-LTE-DL-D!20250827135810,Fiji-Nadi-LTE-DL-D,2025-08-27 03:57:24+02:00,2025-08-27 03:57:24+02:00,1,-17.76654394,177.4477631,-17.76654394,177.4477631,124.0,41186.0,41.0,12.337376,12.337376,46.18297998288688,33.84560398288688,0.2671411850116996,58.12,58.12,56.73,56.73,59.81,59.81,0,1,0,sudden_drop,normal,statistical_only_retained,0.0,0.019136020616454454,0.0,46.88,50.84,48.66,Medium,Medium,0,0,0,0,0,0,0,0,0,0,1,0,False,Not handed off
LTE-TP-EP-000928,542020041221088+20250827154913+Fiji-Nadi-LTE-DL-D!20250827153748,Fiji-Nadi-LTE-DL-D,2025-08-27 05:36:55+02:00,2025-08-27 05:36:55+02:00,1,-17.73850327,177.45598982,-17.73850327,177.45598982,487.0,41384.0,41.0,7.169664,7.169664,38.729599,31.559935,0.1851210491489984,58.07,58.07,56.02,56.02,60.58,60.58,0,1,0,ca_underperformance,normal,statistical_only_retained,0.0,0.23096191022193052,0.0,46.35,51.49,48.66,Medium,Medium,1,1,1,1,0,0,0,1,0,0,1,4,False,Not handed off
LTE-TP-EP-000426,542020041221088+20250827123938+Fiji-Nadi-LTE-DL-D!20250827115735,Fiji-Nadi-LTE-DL-D,2025-08-27 01:56:20+02:00,2025-08-27 01:56:20+02:00,1,-17.77395695,177.36741313,-17.77395695,177.36741313,156.0,40790.0,41.0,37.293064,37.293064,119.0290425,81.7359785,0.3133106275302517,58.1,58.1,56.72,56.72,59.79,59.79,0,1,0,radio_p75_underperformance,normal,statistical_only_retained,0.0,0.9885895659747278,0.0,46.88,50.82,48.65,Medium,Medium,1,0,0,0,0,0,0,0,0,0,1,1,False,Not handed off
LTE-TP-EP-000919,542020041221088+20250827153152+Fiji-Nadi-LTE-DL-D!20250827153105,Fiji-Nadi-LTE-DL-D,2025-08-27 05:30:49+02:00,2025-08-27 05:30:49+02:00,1,-17.74523417,177.43257903,-17.74523417,177.43257903,120.0,500.0,1.0,2.396448,2.396448,,,,59.74,59.74,82.61,82.61,31.78,31.78,0,1,0,radio_limited_degradation,normal,statistical_only_retained,0.0,0.19052289127967448,0.0,66.29,27.01,48.62,High,Low,0,0,0,0,0,0,0,0,1,1,1,0,False,Not handed off
LTE-TP-EP-001375,542020041221088+20250828122802+Fiji-Nadi-LTE-DL-D!20250828122423,Fiji-Nadi-LTE-DL-D,2025-08-28 02:23:02+02:00,2025-08-28 02:23:02+02:00,1,-17.61686914,177.43822613,-17.61686914,177.43822613,394.0,40790.0,41.0,20.11484,20.11484,83.886915,63.772075,0.239785191766797,57.81,57.81,52.9,52.9,63.8,63.8,0,1,0,rb_conditioned_underperformance,normal,statistical_only_retained,0.0,13.983058377414215,0.0,44.01,54.23,48.61,Medium,Medium,1,1,0,0,0,0,0,1,0,0,1,2,False,Not handed off
LTE-TP-EP-001840,542020041221088+20250828141358+Fiji-Nadi-LTE-DL-D!20250828141324,Fiji-Nadi-LTE-DL-D,2025-08-28 04:12:42+02:00,2025-08-28 04:12:42+02:00,1,-17.6144988,177.4630365,-17.6144988,177.4630365,179.0,41384.0,41.0,12.97992,12.97992,70.7488185,57.7688985,0.18346483058229446,58.37,58.37,61.96,61.96,53.99,53.99,0,1,0,ca_underperformance,normal,statistical_only_retained,0.0,0.35336943050631403,0.0,50.81,45.89,48.59,Medium,Medium,1,1,0,1,0,0,0,0,0,0,1,3,False,Not handed off
LTE-TP-EP-000543,542020041221088+20250827133206+Fiji-Nadi-LTE-DL-D!20250827125008,Fiji-Nadi-LTE-DL-D,2025-08-27 02:49:38+02:00,2025-08-27 02:49:38+02:00,1,-17.8014408,177.4161236,-17.8014408,177.4161236,146.0,41384.0,41.0,5.219656,5.219656,,,,59.64,59.64,81.73,81.73,32.63,32.63,0,1,0,radio_limited_degradation,normal,statistical_only_retained,0.0,2.2424451944328525,0.0,65.63,27.74,48.58,High,Low,0,0,0,0,0,0,0,1,0,0,1,0,False,Not handed off
LTE-TP-EP-001790,542020041221088+20250828140457+Fiji-Nadi-LTE-DL-D!20250828140425,Fiji-Nadi-LTE-DL-D,2025-08-28 04:04:20+02:00,2025-08-28 04:04:20+02:00,1,-17.60555472,177.45200222,-17.60555472,177.45200222,183.0,41186.0,41.0,0.69291997,0.69291997,9.022121709300398,8.329201739300398,0.07680233013102758,57.92,57.92,55.41,55.41,60.99,60.99,0,1,0,sudden_drop,normal,statistical_only_retained,0.0,2.399256786028071,0.0,45.89,51.84,48.57,Medium,Medium,0,0,0,0,0,0,0,0,0,0,1,0,False,Not handed off
LTE-TP-EP-001796,542020041221088+20250828140718+Fiji-Nadi-LTE-DL-D!20250828140641,Fiji-Nadi-LTE-DL-D,2025-08-28 04:05:44+02:00,2025-08-28 04:05:44+02:00,1,-17.6071039,177.4547043,-17.6071039,177.4547043,183.0,40790.0,41.0,10.414456,10.414456,62.203377,51.788921,0.16742589393498683,58.39,58.39,63.11,63.11,52.63,52.63,0,1,0,ca_underperformance,normal,statistical_only_retained,0.0,10.224303798948046,0.0,51.67,44.74,48.55,Medium,Medium,1,1,0,1,0,0,0,1,0,0,1,3,False,Not handed off
LTE-TP-EP-000354,542020041221088+20250827123136+Fiji-Nadi-LTE-DL-D!20250827114007,Fiji-Nadi-LTE-DL-D,2025-08-27 01:39:55+02:00,2025-08-27 01:39:56+02:00,2,-17.79101108,177.41304664,-17.79109792,177.41296491,133.0,41384.0,41.0,2.922872,2.9572279999999997,,,,57.67,57.605000000000004,80.77,80.65,29.44,29.44,0,2,0,radio_limited_degradation,normal,statistical_only_retained,1.0,12.972935921941326,0.0,67.76,25.02,48.53,High,Low,0,0,0,0,0,0,0,2,0,0,2,0,False,Not handed off
LTE-TP-EP-001718,542020041221088+20250828135137+Fiji-Nadi-LTE-DL-D!20250828134837,Fiji-Nadi-LTE-DL-D,2025-08-28 03:47:01+02:00,2025-08-28 03:47:01+02:00,1,-17.6136275,177.4539472,-17.6136275,177.4539472,182.0,40790.0,41.0,9.387704,9.387704,49.4498,40.062096000000004,0.18984311362229978,57.98,57.98,57.22,57.22,58.91,58.91,0,1,0,ca_underperformance,normal,statistical_only_retained,0.0,15.907634027768264,0.0,47.25,50.07,48.52,Medium,Medium,1,1,1,1,0,0,0,1,0,0,1,4,False,Not handed off
LTE-TP-EP-001134,542020041221088+20250828105207+Fiji-Nadi-LTE-DL-D!20250828105141,Fiji-Nadi-LTE-DL-D,2025-08-28 00:51:12+02:00,2025-08-28 00:51:12+02:00,1,-17.65025555,177.44534625,-17.65025555,177.44534625,162.0,40790.0,41.0,18.668137,18.668137,61.658551155883416,42.990414155883414,0.30276639087421536,57.66,57.66,52.4,52.4,64.08,64.08,0,1,0,sudden_drop,normal,statistical_only_retained,0.0,0.04707823591426427,0.0,43.64,54.47,48.51,Medium,Medium,0,0,0,0,0,0,0,0,0,0,1,0,False,Not handed off
LTE-TP-EP-000040,542020041221088+20250827095105+Fiji-Nadi-LTE-DL-D!20250827094821,Fiji-Nadi-LTE-DL-D,2025-08-26 23:47:43+02:00,2025-08-26 23:47:43+02:00,1,-17.81160131,177.39985085,-17.81160131,177.39985085,151.0,41186.0,41.0,38.980385,38.980385,85.54579776578157,46.56541276578157,0.45566685936725465,57.19,57.19,45.36,45.36,71.65,71.65,0,1,0,sudden_drop,normal,statistical_only_retained,0.0,0.005408790696535652,0.0,38.36,60.9,48.5,Medium,High,0,0,0,0,0,0,0,0,0,0,1,0,False,Not handed off
LTE-TP-EP-000766,542020041221088+20250827141110+Fiji-Nadi-LTE-DL-D!20250827140445,Fiji-Nadi-LTE-DL-D,2025-08-27 04:04:08+02:00,2025-08-27 04:04:08+02:00,1,-17.76549034,177.44514673,-17.76549034,177.44514673,125.0,41186.0,41.0,8.74736,8.74736,30.41832001386107,21.67096001386107,0.2875688070877678,57.76,57.76,54.5,54.5,61.75,61.75,0,1,0,sudden_drop,normal,statistical_only_retained,0.0,3.0662009869051614,0.0,45.21,52.49,48.49,Medium,Medium,0,0,0,0,0,0,0,1,0,0,1,0,False,Not handed off
LTE-TP-EP-001716,542020041221088+20250828135137+Fiji-Nadi-LTE-DL-D!20250828134837,Fiji-Nadi-LTE-DL-D,2025-08-28 03:46:46+02:00,2025-08-28 03:46:46+02:00,1,-17.61302649,177.4527883,-17.61302649,177.4527883,140.0,40790.0,41.0,21.840536,21.840536,119.0290425,97.1885065,0.1834891345950296,58.4,58.4,64.3,64.3,51.2,51.2,0,1,0,rb_conditioned_underperformance,normal,statistical_only_retained,0.0,12.643474590998645,0.0,52.56,43.52,48.49,Medium,Medium,1,1,0,0,0,0,0,1,0,0,1,2,False,Not handed off
LTE-TP-EP-001101,542020041221088+20250828104547+Fiji-Nadi-LTE-DL-D!20250828104505,Fiji-Nadi-LTE-DL-D,2025-08-28 00:44:56+02:00,2025-08-28 00:44:56+02:00,1,-17.6355411,177.4311772,-17.6355411,177.4311772,312.0,356.0,1.0,35.503574,35.503574,123.63355,88.129976,0.2871677954729926,57.98,57.98,58.25,58.25,57.66,57.66,0,1,0,rb_conditioned_underperformance,normal,statistical_only_retained,0.0,24.970680069231605,0.0,48.02,49.01,48.47,Medium,Medium,1,1,0,0,0,0,0,1,0,0,1,2,False,Not handed off
LTE-TP-EP-000439,542020041221088+20250827130936+Fiji-Nadi-LTE-DL-D!20250827120414,Fiji-Nadi-LTE-DL-D,2025-08-27 02:02:18+02:00,2025-08-27 02:02:18+02:00,1,-17.77288535,177.38022785,-17.77288535,177.38022785,155.0,500.0,1.0,74.87507,74.87507,137.0830772412877,62.2080072412877,0.546202138927828,57.26,57.26,47.39,47.39,69.32,69.32,0,1,0,sudden_drop,normal,statistical_only_retained,0.0,3.1932296289378197,0.0,39.88,58.92,48.45,Medium,Medium,0,0,0,0,0,0,0,0,0,0,1,0,False,Not handed off
LTE-TP-EP-000807,542020041221088+20250827145411+Fiji-Nadi-LTE-DL-D!20250827145328,Fiji-Nadi-LTE-DL-D,2025-08-27 04:52:40+02:00,2025-08-27 04:52:40+02:00,1,-17.7663671,177.4749128,-17.7663671,177.4749128,111.0,41384.0,41.0,39.98783,39.98783,121.14346,81.15563,0.33008657669179997,57.81,57.81,55.74,55.74,60.33,60.33,0,1,0,radio_p75_underperformance,normal,statistical_only_retained,0.0,8.923165681080734,0.0,46.14,51.28,48.45,Medium,Medium,1,0,0,0,0,0,0,1,0,0,1,1,False,Not handed off
LTE-TP-EP-000651,542020041221088+20250827135148+Fiji-Nadi-LTE-DL-D!20250827132524,Fiji-Nadi-LTE-DL-D,2025-08-27 03:24:26+02:00,2025-08-27 03:24:26+02:00,1,-17.7765064,177.4328884,-17.7765064,177.4328884,338.0,41384.0,41.0,17.83808,17.83808,70.7488185,52.910738499999994,0.25213254974710286,57.38,57.38,49.45,49.45,67.08,67.08,0,1,0,rb_conditioned_underperformance,ml_hgb_strict_causal_temporal_underperformance,statistical_only_retained,0.0,0.0,0.0,41.42,57.02,48.44,Medium,Medium,1,1,0,0,0,0,1,0,0,0,1,3,False,Not handed off
LTE-TP-EP-000467,542020041221088+20250827131523+Fiji-Nadi-LTE-DL-D!20250827120845,Fiji-Nadi-LTE-DL-D,2025-08-27 02:08:21+02:00,2025-08-27 02:08:21+02:00,1,-17.787419,177.3932046,-17.787419,177.3932046,138.0,9310.0,28.0,7.886696,7.886696,,,,58.85,58.85,72.4,72.4,42.29,42.29,0,1,0,radio_limited_degradation,normal,statistical_only_retained,0.0,24.98102671121885,0.0,58.64,35.95,48.43,High,Low,0,0,0,0,0,0,0,1,0,0,1,0,False,Not handed off
LTE-TP-EP-001194,542020041221088+20250828113831+Fiji-Nadi-LTE-DL-D!20250828110657,Fiji-Nadi-LTE-DL-D,2025-08-28 01:06:15+02:00,2025-08-28 01:06:15+02:00,1,-17.62978895,177.48002389,-17.62978895,177.48002389,352.0,40790.0,41.0,20.232033,20.232033,89.466875,69.234842,0.2261399316786241,57.82,57.82,56.43,56.43,59.52,59.52,0,1,0,rb_conditioned_underperformance,normal,statistical_only_retained,0.0,0.05137767367022189,0.0,46.66,50.59,48.43,Medium,Medium,1,1,0,0,0,0,0,1,0,0,1,2,False,Not handed off
LTE-TP-EP-000009,542020041221088+20250827094725+Fiji-Nadi-LTE-DL-D!20250827094401,Fiji-Nadi-LTE-DL-D,2025-08-26 23:42:09+02:00,2025-08-26 23:42:09+02:00,1,-17.8159711,177.3955937,-17.8159711,177.3955937,299.0,40790.0,41.0,2.02584,2.02584,13.669612726050195,11.643772726050194,0.1482002482878944,58.28,58.28,63.72,63.72,51.62,51.62,0,1,0,radio_limited_degradation,normal,statistical_only_retained,0.0,0.010586259573476175,0.0,52.13,43.88,48.41,Medium,Medium,0,0,0,0,0,0,0,1,0,0,1,0,False,Not handed off
LTE-TP-EP-000435,542020041221088+20250827124038+Fiji-Nadi-LTE-DL-D!20250827115945,Fiji-Nadi-LTE-DL-D,2025-08-27 01:57:43+02:00,2025-08-27 01:57:43+02:00,1,-17.77100305,177.37279545,-17.77100305,177.37279545,157.0,500.0,1.0,93.007065,93.007065,162.98647353766702,69.97940853766703,0.5706428452696449,57.32,57.32,49.36,49.36,67.04,67.04,0,1,0,radio_limited_degradation,normal,statistical_only_retained,0.0,1.772142358961312,0.0,41.36,56.98,48.39,Medium,Medium,0,0,0,0,0,0,0,0,0,0,1,0,False,Not handed off
LTE-TP-EP-001472,542020041221088+20250828124723+Fiji-Nadi-LTE-DL-D!20250828124651,Fiji-Nadi-LTE-DL-D,2025-08-28 02:46:49+02:00,2025-08-28 02:46:51+02:00,3,-17.62863037,177.4491379,-17.62848225,177.44899604,170.0,500.0,1.0,20.733871,29.908417,121.14346,80.63361,0.24234050677696226,54.87,53.59,56.56,55.10666666666666,52.8,51.73333333333333,0,3,0,radio_p75_underperformance,normal,statistical_only_retained,2.0,33.960500767778505,0.0,51.47,44.61,48.38,Medium,Medium,3,0,0,0,0,0,0,3,0,0,3,3,True,Medium
LTE-TP-EP-001701,542020041221088+20250828134936+Fiji-Nadi-LTE-DL-D!20250828134405,Fiji-Nadi-LTE-DL-D,2025-08-28 03:42:24+02:00,2025-08-28 03:42:24+02:00,1,-17.6135147,177.4489549,-17.6135147,177.4489549,383.0,356.0,1.0,4.5623918,4.5623918,,,,57.59,57.59,54.03,54.03,61.94,61.94,0,1,0,radio_limited_degradation,normal,statistical_only_retained,0.0,19.524730711632778,0.0,44.86,52.65,48.36,Medium,Medium,0,0,0,0,0,0,0,1,0,0,1,0,False,Not handed off
LTE-TP-EP-000387,542020041221088+20250827123437+Fiji-Nadi-LTE-DL-D!20250827114425,Fiji-Nadi-LTE-DL-D,2025-08-27 01:44:12+02:00,2025-08-27 01:44:12+02:00,1,-17.7892014,177.3941693,-17.7892014,177.3941693,138.0,9310.0,28.0,4.142496,4.142496,,,,59.61,59.61,85.5,85.5,27.97,27.97,0,1,0,radio_limited_degradation,normal,statistical_only_retained,0.0,14.752270078585932,0.0,68.46,23.77,48.35,High,Low,0,0,0,0,0,0,0,0,0,0,1,0,False,Not handed off
LTE-TP-EP-000553,542020041221088+20250827133446+Fiji-Nadi-LTE-DL-D!20250827125432,Fiji-Nadi-LTE-DL-D,2025-08-27 02:53:50+02:00,2025-08-27 02:53:50+02:00,1,-17.8035727,177.4150484,-17.8035727,177.4150484,144.0,40790.0,41.0,39.017586,39.017586,119.0290425,80.01145650000001,0.3277988731195582,57.67,57.67,55.88,55.88,59.85,59.85,0,1,0,radio_p75_underperformance,normal,statistical_only_retained,0.0,3.390929400581131,0.0,46.25,50.87,48.33,Medium,Medium,1,0,0,0,0,0,0,0,0,0,1,1,False,Not handed off
LTE-TP-EP-000658,542020041221088+20250827135208+Fiji-Nadi-LTE-DL-D!20250827132735,Fiji-Nadi-LTE-DL-D,2025-08-27 03:25:37+02:00,2025-08-27 03:25:37+02:00,1,-17.77655784,177.43355492,-17.77655784,177.43355492,338.0,41384.0,41.0,32.519104,32.519104,121.14346,88.624356,0.2684346641576854,57.87,57.87,59.34,59.34,56.07,56.07,0,1,0,rb_conditioned_underperformance,normal,statistical_only_retained,0.0,0.3182602338654772,0.0,48.84,47.66,48.31,Medium,Medium,1,1,0,0,0,0,0,1,0,0,1,2,False,Not handed off
LTE-TP-EP-000060,542020041221088+20250827100005+Fiji-Nadi-LTE-DL-D!20250827095853,Fiji-Nadi-LTE-DL-D,2025-08-26 23:57:42+02:00,2025-08-26 23:57:42+02:00,1,-17.8095706,177.4019967,-17.8095706,177.4019967,151.0,41186.0,41.0,11.780368,11.780368,60.097231750000006,48.31686375000001,0.1960218076101317,57.77,57.77,58.0,58.0,57.49,57.49,0,1,0,ca_underperformance,normal,statistical_only_retained,0.0,14.26679448143934,0.0,47.84,48.87,48.3,Medium,Medium,1,1,0,1,0,0,0,0,0,0,1,3,False,Not handed off
LTE-TP-EP-001454,542020041221088+20250828124303+Fiji-Nadi-LTE-DL-D!20250828124223,Fiji-Nadi-LTE-DL-D,2025-08-28 02:42:21+02:00,2025-08-28 02:42:21+02:00,1,-17.6249087,177.4338302,-17.6249087,177.4338302,345.0,40790.0,41.0,33.44292,33.44292,118.44779,85.00487,0.28234313194024135,57.79,57.79,58.53,58.53,56.89,56.89,0,1,0,rb_conditioned_underperformance,normal,statistical_only_retained,0.0,10.264213400995603,0.0,48.23,48.36,48.29,Medium,Medium,1,1,0,0,0,0,0,0,0,0,0,2,False,Not handed off
LTE-TP-EP-001849,542020041221088+20250828141618+Fiji-Nadi-LTE-DL-D!20250828141538,Fiji-Nadi-LTE-DL-D,2025-08-28 04:13:49+02:00,2025-08-28 04:13:49+02:00,1,-17.61172055,177.45933136,-17.61172055,177.45933136,179.0,41384.0,41.0,8.951704,8.951704,,,,57.83,57.83,59.67,59.67,55.59,55.59,0,1,0,rb_efficiency_underperformance,normal,statistical_only_retained,0.0,0.09567338108782054,0.0,49.09,47.25,48.26,Medium,Medium,1,1,1,0,0,0,0,0,0,0,1,3,False,Not handed off
LTE-TP-EP-000420,542020041221088+20250827123858+Fiji-Nadi-LTE-DL-D!20250827115524,Fiji-Nadi-LTE-DL-D,2025-08-27 01:53:52+02:00,2025-08-27 01:53:52+02:00,1,-17.7737449,177.36748771,-17.7737449,177.36748771,156.0,40790.0,41.0,31.615671,31.615671,93.85571137910098,62.24004037910098,0.3368539914667347,57.66,57.66,57.18,57.18,58.24,58.24,0,1,0,sudden_drop,normal,statistical_only_retained,0.0,8.820699741271964,0.0,47.22,49.5,48.25,Medium,Medium,0,0,0,0,0,0,0,0,0,0,1,0,False,Not handed off
LTE-TP-EP-001934,542020041221088+20250828144339+Fiji-Nadi-LTE-DL-D!20250828144308,Fiji-Nadi-LTE-DL-D,2025-08-28 04:43:05+02:00,2025-08-28 04:43:05+02:00,1,-17.6368953,177.4268715,-17.6368953,177.4268715,356.0,1850.0,3.0,42.952488,42.952488,135.5693,92.616812,0.31683049185914514,57.6,57.6,56.52,56.52,58.92,58.92,0,1,0,rb_conditioned_underperformance,normal,statistical_only_retained,0.0,7.868093273977063,0.0,46.73,50.08,48.24,Medium,Medium,1,1,0,0,0,0,0,0,0,0,0,2,False,Not handed off
LTE-TP-EP-001171,542020041221088+20250828113551+Fiji-Nadi-LTE-DL-D!20250828110238,Fiji-Nadi-LTE-DL-D,2025-08-28 01:02:17+02:00,2025-08-28 01:02:17+02:00,1,-17.63875679,177.46571697,-17.63875679,177.46571697,165.0,40790.0,41.0,4.432584,4.432584,,,,58.8,58.8,75.49,75.49,38.4,38.4,0,1,0,radio_limited_degradation,normal,statistical_only_retained,0.0,10.256055825742294,0.0,60.95,32.64,48.21,High,Low,0,0,0,0,0,0,0,1,0,0,1,0,False,Not handed off
LTE-TP-EP-001303,542020041221088+20250828121301+Fiji-Nadi-LTE-DL-D!20250828114829,Fiji-Nadi-LTE-DL-D,2025-08-28 01:47:12+02:00,2025-08-28 01:47:12+02:00,1,-17.60255511,177.45579055,-17.60255511,177.45579055,184.0,41384.0,41.0,0.83284,0.83284,9.790868890708271,8.95802889070827,0.08506293050153921,57.51,57.51,55.94,55.94,59.43,59.43,0,1,0,sudden_drop,normal,statistical_only_retained,0.0,0.11173710213154915,0.0,46.29,50.52,48.19,Medium,Medium,0,0,0,0,0,0,0,0,0,0,0,0,False,Not handed off
LTE-TP-EP-001656,542020041221088+20250828134016+Fiji-Nadi-LTE-DL-D!20250828133246,Fiji-Nadi-LTE-DL-D,2025-08-28 03:31:02+02:00,2025-08-28 03:31:02+02:00,1,-17.61806443,177.46531399,-17.61806443,177.46531399,253.0,40988.0,41.0,12.172872,12.172872,39.02747328687698,26.854601286876985,0.31190520356061935,57.08,57.08,49.34,49.34,66.54,66.54,0,1,0,sudden_drop,normal,statistical_only_retained,0.0,0.05415239347728698,0.0,41.34,56.56,48.19,Medium,Medium,0,0,0,0,0,0,0,0,0,0,1,0,False,Not handed off
LTE-TP-EP-001304,542020041221088+20250828121301+Fiji-Nadi-LTE-DL-D!20250828114829,Fiji-Nadi-LTE-DL-D,2025-08-28 01:47:20+02:00,2025-08-28 01:47:20+02:00,1,-17.60257962,177.45578923,-17.60257962,177.45578923,184.0,41384.0,41.0,5.881432,5.881432,,,,58.42,58.42,70.41,70.41,43.77,43.77,0,1,0,radio_limited_degradation,normal,statistical_only_retained,0.0,0.020094335272199365,0.0,57.14,37.2,48.17,High,Low,0,0,0,0,0,0,0,0,0,0,0,0,False,Not handed off
LTE-TP-EP-001562,542020041221088+20250828131005+Fiji-Nadi-LTE-DL-D!20250828130912,Fiji-Nadi-LTE-DL-D,2025-08-28 03:07:16+02:00,2025-08-28 03:07:16+02:00,1,-17.6289422,177.4630167,-17.6289422,177.4630167,254.0,40988.0,41.0,45.145737,45.145737,93.0327055590235,47.8869685590235,0.485267376980215,56.75,56.75,44.51,44.51,71.7,71.7,0,1,0,sudden_drop,ml_hgb_strict_causal_temporal_underperformance,statistical_only_retained,0.0,0.0024634881851812555,0.0,37.72,60.95,48.17,Medium,High,0,0,0,0,0,0,1,0,0,0,1,1,False,Not handed off
LTE-TP-EP-001529,542020041221088+20250828125844+Fiji-Nadi-LTE-DL-D!20250828125759,Fiji-Nadi-LTE-DL-D,2025-08-28 02:57:14+02:00,2025-08-28 02:57:14+02:00,1,-17.63000055,177.4552288,-17.63000055,177.4552288,165.0,500.0,1.0,53.242153,53.242153,176.8458,123.603647,0.3010654083953365,57.56,57.56,57.44,57.44,57.7,57.7,0,1,0,radio_p75_underperformance,normal,statistical_only_retained,0.0,0.08921927876062127,0.0,47.42,49.04,48.15,Medium,Medium,1,0,0,0,0,0,0,0,0,0,0,1,False,Not handed off
LTE-TP-EP-000911,542020041221088+20250827152912+Fiji-Nadi-LTE-DL-D!20250827152850,Fiji-Nadi-LTE-DL-D,2025-08-27 05:27:40+02:00,2025-08-27 05:27:40+02:00,1,-17.7457748,177.4427937,-17.7457748,177.4427937,120.0,40790.0,41.0,12.64752,12.64752,62.203377,49.555857,0.20332529534529933,57.51,57.51,57.11,57.11,57.99,57.99,0,1,0,ca_underperformance,normal,statistical_only_retained,0.0,4.578731793202308,0.0,47.17,49.29,48.12,Medium,Medium,1,1,0,1,0,0,0,1,0,0,1,3,False,Not handed off
LTE-TP-EP-001205,542020041221088+20250828114132+Fiji-Nadi-LTE-DL-D!20250828111120,Fiji-Nadi-LTE-DL-D,2025-08-28 01:10:38+02:00,2025-08-28 01:10:38+02:00,1,-17.611164,177.4723096,-17.611164,177.4723096,179.0,500.0,1.0,48.86757,48.86757,176.8458,127.97823,0.27632869991823383,57.61,57.61,58.88,58.88,56.06,56.06,0,1,0,radio_p75_underperformance,normal,statistical_only_retained,0.0,14.222419411276045,0.0,48.5,47.65,48.12,Medium,Medium,1,0,0,0,0,0,0,0,0,0,0,1,False,Not handed off
LTE-TP-EP-001258,542020041221088+20250828115753+Fiji-Nadi-LTE-DL-D!20250828113321,Fiji-Nadi-LTE-DL-D,2025-08-28 01:31:38+02:00,2025-08-28 01:31:38+02:00,1,-17.6046909,177.4574458,-17.6046909,177.4574458,184.0,40988.0,41.0,6.920928,6.920928,,,,58.13,58.13,66.78,66.78,47.56,47.56,0,1,0,radio_limited_degradation,normal,statistical_only_retained,0.0,6.65096459955515,0.0,54.42,40.43,48.12,Medium,Medium,0,0,0,0,0,0,0,1,0,0,1,0,False,Not handed off
LTE-TP-EP-001541,542020041221088+20250828130244+Fiji-Nadi-LTE-DL-D!20250828130228,Fiji-Nadi-LTE-DL-D,2025-08-28 03:00:56+02:00,2025-08-28 03:00:56+02:00,1,-17.6263765,177.45355746,-17.6263765,177.45355746,167.0,41186.0,41.0,4.10496,4.10496,,,,57.99,57.99,64.63,64.63,49.87,49.87,0,1,0,radio_limited_degradation,normal,statistical_only_retained,0.0,0.07966199463870538,0.0,52.81,42.39,48.12,Medium,Medium,0,0,0,0,0,0,0,1,0,0,1,0,False,Not handed off
LTE-TP-EP-001919,542020041221088+20250828143639+Fiji-Nadi-LTE-DL-D!20250828143559,Fiji-Nadi-LTE-DL-D,2025-08-28 04:35:31+02:00,2025-08-28 04:35:31+02:00,1,-17.61821499,177.44515218,-17.61821499,177.44515218,383.0,41384.0,41.0,9.243184,9.243184,47.0651145,37.8219305,0.19639140578315176,57.41,57.41,55.9,55.9,59.26,59.26,0,1,0,rb_efficiency_underperformance,normal,statistical_only_retained,0.0,0.22415072868816135,0.0,46.26,50.37,48.11,Medium,Medium,1,1,1,0,0,0,0,1,0,0,1,3,False,Not handed off
LTE-TP-EP-001723,542020041221088+20250828135137+Fiji-Nadi-LTE-DL-D!20250828134837,Fiji-Nadi-LTE-DL-D,2025-08-28 03:48:13+02:00,2025-08-28 03:48:13+02:00,1,-17.61388445,177.45451977,-17.61388445,177.45451977,182.0,41384.0,41.0,6.205136,6.205136,38.729599,32.524463,0.16021689251159044,57.6,57.6,59.16,59.16,55.7,55.7,0,1,0,ca_underperformance,normal,statistical_only_retained,0.0,7.485255751662785,0.0,48.71,47.35,48.09,Medium,Medium,1,1,1,1,0,0,0,1,0,0,1,4,False,Not handed off
LTE-TP-EP-000252,542020041221088+20250827113229+Fiji-Nadi-LTE-DL-D!20250827110935,Fiji-Nadi-LTE-DL-D,2025-08-27 01:08:28+02:00,2025-08-27 01:08:28+02:00,1,-17.7637757,177.475449,-17.7637757,177.475449,111.0,41186.0,41.0,10.005088,10.005088,41.037212749999995,31.032124749999994,0.24380525210011983,56.92,56.92,48.79,48.79,66.85,66.85,0,1,0,ca_underperformance,normal,statistical_only_retained,0.0,10.68432562786741,0.0,40.93,56.82,48.08,Medium,Medium,1,1,0,1,0,0,0,1,0,0,1,3,False,Not handed off
LTE-TP-EP-001314,542020041221088+20250828121642+Fiji-Nadi-LTE-DL-D!20250828115710,Fiji-Nadi-LTE-DL-D,2025-08-28 01:55:57+02:00,2025-08-28 01:55:57+02:00,1,-17.6044283,177.4521425,-17.6044283,177.4521425,183.0,41384.0,41.0,5.548008,5.548008,23.188698450639947,17.640690450639948,0.2392548254404891,57.16,57.16,52.74,52.74,62.57,62.57,0,1,0,sudden_drop,normal,statistical_only_retained,0.0,0.0,0.0,43.89,53.18,48.07,Medium,Medium,0,0,0,0,0,0,0,0,0,0,0,0,False,Not handed off
LTE-TP-EP-001918,542020041221088+20250828143639+Fiji-Nadi-LTE-DL-D!20250828143559,Fiji-Nadi-LTE-DL-D,2025-08-28 04:35:27+02:00,2025-08-28 04:35:27+02:00,1,-17.6183792,177.4451893,-17.6183792,177.4451893,383.0,41384.0,41.0,8.493136,8.493136,47.0651145,38.5719785,0.18045501620951118,57.51,57.51,58.14,58.14,56.75,56.75,0,1,0,ca_underperformance,normal,statistical_only_retained,0.0,8.06476167107246,0.0,47.94,48.24,48.07,Medium,Medium,1,1,1,1,0,0,0,1,0,0,1,4,False,Not handed off
LTE-TP-EP-001651,542020041221088+20250828133816+Fiji-Nadi-LTE-DL-D!20250828132818,Fiji-Nadi-LTE-DL-D,2025-08-28 03:28:08+02:00,2025-08-28 03:28:08+02:00,1,-17.61527463,177.46626579,-17.61527463,177.46626579,179.0,40988.0,41.0,6.779496,6.779496,,,,58.65,58.65,76.27,76.27,37.11,37.11,0,1,0,radio_limited_degradation,normal,statistical_only_retained,0.0,4.375877392011177,0.0,61.54,31.54,48.04,High,Low,0,0,0,0,0,0,0,0,0,0,1,0,False,Not handed off
LTE-TP-EP-001690,542020041221088+20250828134616+Fiji-Nadi-LTE-DL-D!20250828134149,Fiji-Nadi-LTE-DL-D,2025-08-28 03:39:52+02:00,2025-08-28 03:39:52+02:00,1,-17.62121823,177.45100871,-17.62121823,177.45100871,383.0,41186.0,41.0,36.80847,36.80847,79.37778398615151,42.56931398615151,0.46371249172717793,56.52,56.52,43.39,43.39,72.56,72.56,0,1,0,radio_limited_degradation,normal,statistical_only_retained,0.0,,0.0,36.88,61.68,48.04,Medium,High,0,0,0,0,0,0,0,1,0,0,1,0,False,Not handed off
LTE-TP-EP-001328,542020041221088+20250828122203+Fiji-Nadi-LTE-DL-D!20250828120550,Fiji-Nadi-LTE-DL-D,2025-08-28 02:05:03+02:00,2025-08-28 02:05:03+02:00,1,-17.6033562,177.4530181,-17.6033562,177.4530181,184.0,41384.0,41.0,5.179944,5.179944,17.300304911145517,12.120360911145518,0.2994134511850645,56.78,56.78,47.77,47.77,67.79,67.79,0,1,0,sudden_drop,normal,statistical_only_retained,0.0,0.015361587758976936,0.0,40.16,57.62,48.02,Medium,Medium,0,0,0,0,0,0,0,0,0,0,0,0,False,Not handed off
LTE-TP-EP-000125,542020041221088+20250827103246+Fiji-Nadi-LTE-DL-D!20250827103001,Fiji-Nadi-LTE-DL-D,2025-08-27 00:29:20+02:00,2025-08-27 00:29:20+02:00,1,-17.81515271,177.43874061,-17.81515271,177.43874061,332.0,500.0,1.0,8.267896,8.267896,43.970293999999996,35.702397999999995,0.18803367564474327,57.33,57.33,56.55,56.55,58.29,58.29,0,1,0,ca_underperformance,normal,statistical_only_retained,0.0,0.21913765187193546,0.0,46.75,49.55,48.01,Medium,Medium,1,1,1,1,0,0,0,1,0,0,1,4,False,Not handed off
LTE-TP-EP-000266,542020041221088+20250827114050+Fiji-Nadi-LTE-DL-D!20250827111354,Fiji-Nadi-LTE-DL-D,2025-08-27 01:13:30+02:00,2025-08-27 01:13:30+02:00,1,-17.750692,177.4563502,-17.750692,177.4563502,50.0,41384.0,41.0,39.978336,39.978336,105.95971,65.981374,0.3772975218599598,56.65,56.65,45.98,45.98,69.7,69.7,0,1,0,rb_conditioned_underperformance,normal,statistical_only_retained,0.0,12.157090455168902,0.0,38.82,59.24,48.01,Medium,Medium,0,1,0,0,0,0,0,0,0,0,1,1,False,Not handed off
LTE-TP-EP-001155,542020041221088+20250828113351+Fiji-Nadi-LTE-DL-D!20250828110026,Fiji-Nadi-LTE-DL-D,2025-08-28 01:00:20+02:00,2025-08-28 01:00:20+02:00,1,-17.6354519,177.4592425,-17.6354519,177.4592425,271.0,40790.0,41.0,2.879312,2.879312,14.484764868417466,11.605452868417466,0.1987821014808492,56.85,56.85,49.01,49.01,66.43,66.43,0,1,0,rolling_local_drop,normal,statistical_only_retained,0.0,6.697295979473867,0.0,41.09,56.47,48.01,Medium,Medium,0,0,0,0,0,0,0,0,0,0,1,0,False,Not handed off
LTE-TP-EP-001555,542020041221088+20250828130504+Fiji-Nadi-LTE-DL-D!20250828130441,Fiji-Nadi-LTE-DL-D,2025-08-28 03:02:46+02:00,2025-08-28 03:02:46+02:00,1,-17.63084307,177.45703361,-17.63084307,177.45703361,275.0,500.0,1.0,15.47068,15.47068,82.33302499999999,66.86234499999999,0.18790369963936102,57.76,57.76,63.13,63.13,51.2,51.2,0,1,0,rb_conditioned_underperformance,normal,statistical_only_retained,0.0,0.012310517056569846,0.0,51.68,43.52,48.01,Medium,Medium,1,1,0,0,0,0,0,1,0,0,1,2,False,Not handed off
LTE-TP-EP-001850,542020041221088+20250828141618+Fiji-Nadi-LTE-DL-D!20250828141538,Fiji-Nadi-LTE-DL-D,2025-08-28 04:14:02+02:00,2025-08-28 04:14:02+02:00,1,-17.6111512,177.45865976,-17.6111512,177.45865976,140.0,41384.0,41.0,11.864336,11.864336,60.15991375,48.29557775,0.19721331465505965,57.41,57.41,57.81,57.81,56.93,56.93,0,1,0,rb_conditioned_underperformance,normal,statistical_only_retained,0.0,9.965361422969298,0.0,47.69,48.39,48.01,Medium,Medium,1,1,0,0,0,0,0,1,0,0,1,2,False,Not handed off
LTE-TP-EP-000947,542020041221088+20250827155853+Fiji-Nadi-LTE-DL-D!20250827154409,Fiji-Nadi-LTE-DL-D,2025-08-27 05:42:48+02:00,2025-08-27 05:42:48+02:00,1,-17.7443459,177.4569501,-17.7443459,177.4569501,50.0,41384.0,41.0,6.243832,6.243832,38.729599,32.485767,0.16121602498388896,57.48,57.48,59.03,59.03,55.59,55.59,0,1,0,ca_underperformance,normal,statistical_only_retained,0.0,30.222290222044293,0.0,48.61,47.25,48.0,Medium,Medium,1,1,1,1,0,0,0,1,0,0,1,4,False,Not handed off
LTE-TP-EP-000598,542020041221088+20250827134247+Fiji-Nadi-LTE-DL-D!20250827130749,Fiji-Nadi-LTE-DL-D,2025-08-27 03:07:23+02:00,2025-08-27 03:07:23+02:00,1,-17.78027376,177.43016789,-17.78027376,177.43016789,134.0,40790.0,41.0,32.160496,32.160496,119.0290425,86.86854650000001,0.27019032770930673,57.49,57.49,59.24,59.24,55.35,55.35,0,1,0,rb_conditioned_underperformance,normal,statistical_only_retained,0.0,10.080510669954753,0.0,48.77,47.05,47.99,Medium,Medium,1,1,0,0,0,0,0,1,0,1,1,2,False,Not handed off
LTE-TP-EP-000223,542020041221088+20250827111708+Fiji-Nadi-LTE-DL-D!20250827110046,Fiji-Nadi-LTE-DL-D,2025-08-27 00:59:14+02:00,2025-08-27 00:59:14+02:00,1,-17.7796738,177.4842627,-17.7796738,177.4842627,81.0,40790.0,41.0,11.5778,11.5778,49.4498,37.872,0.23413239285093163,56.91,56.91,50.81,50.81,64.37,64.37,0,1,0,ca_underperformance,normal,statistical_only_retained,0.0,5.623006190384015,0.0,42.44,54.71,47.97,Medium,Medium,1,1,0,1,0,0,0,1,0,0,1,3,False,Not handed off
LTE-TP-EP-001079,542020041221088+20250828104127+Fiji-Nadi-LTE-DL-D!20250828104043,Fiji-Nadi-LTE-DL-D,2025-08-28 00:38:46+02:00,2025-08-28 00:38:46+02:00,1,-17.66113333,177.40520136,-17.66113333,177.40520136,159.0,9310.0,28.0,4.019728,4.019728,,,,58.61,58.61,76.93,76.93,36.21,36.21,0,1,0,radio_limited_degradation,normal,statistical_only_retained,0.0,10.78783287389559,0.0,62.03,30.78,47.97,High,Low,0,0,0,0,0,0,0,1,1,1,1,0,False,Not handed off
LTE-TP-EP-000961,542020041221088+20250827160414+Fiji-Nadi-LTE-DL-D!20250827155722,Fiji-Nadi-LTE-DL-D,2025-08-27 05:56:26+02:00,2025-08-27 05:56:26+02:00,1,-17.79813479,177.449262,-17.79813479,177.449262,470.0,40988.0,41.0,30.391617,30.391617,100.12010000000001,69.72848300000001,0.30355160452296787,56.99,56.99,52.16,52.16,62.89,62.89,0,1,0,rb_conditioned_underperformance,normal,statistical_only_retained,0.0,5.712511717947095,0.0,43.46,53.46,47.96,Medium,Medium,1,1,0,0,0,0,0,0,0,0,0,2,False,Not handed off
LTE-TP-EP-000268,542020041221088+20250827114430+Fiji-Nadi-LTE-DL-D!20250827111604,Fiji-Nadi-LTE-DL-D,2025-08-27 01:14:02+02:00,2025-08-27 01:14:02+02:00,1,-17.75137597,177.45456301,-17.75137597,177.45456301,50.0,500.0,1.0,13.2106,13.2106,48.34202150907609,35.13142150907609,0.2732736362197792,56.52,56.52,45.11,45.11,70.47,70.47,0,1,0,ca_underperformance,ml_quantile_p75_resource_underperformance,statistical_only_retained,0.0,13.373160322300233,0.0,38.17,59.9,47.95,Medium,Medium,1,1,0,1,1,0,0,1,0,0,1,4,False,Not handed off
LTE-TP-EP-001293,542020041221088+20250828121041+Fiji-Nadi-LTE-DL-D!20250828114409,Fiji-Nadi-LTE-DL-D,2025-08-28 01:43:40+02:00,2025-08-28 01:43:40+02:00,1,-17.6026178,177.449498,-17.6026178,177.449498,139.0,41186.0,41.0,6.839696,6.839696,41.037212749999995,34.19751674999999,0.1666705787663418,57.37,57.37,58.83,58.83,55.59,55.59,0,1,0,ca_underperformance,normal,statistical_only_retained,0.0,6.315142934096663,0.0,48.46,47.25,47.92,Medium,Medium,1,1,1,1,0,0,0,1,0,0,1,4,False,Not handed off
LTE-TP-EP-001710,542020041221088+20250828134936+Fiji-Nadi-LTE-DL-D!20250828134405,Fiji-Nadi-LTE-DL-D,2025-08-28 03:44:05+02:00,2025-08-28 03:44:05+02:00,1,-17.61271141,177.44834937,-17.61271141,177.44834937,383.0,500.0,1.0,6.239936,6.239936,,,,56.69,56.69,48.16,48.16,67.12,67.12,0,1,0,rb_efficiency_underperformance,normal,statistical_only_retained,0.0,0.07988044299898783,0.0,40.46,57.05,47.92,Medium,Medium,0,0,1,0,0,0,0,1,0,0,1,1,False,Not handed off
LTE-TP-EP-000236,542020041221088+20250827112649+Fiji-Nadi-LTE-DL-D!20250827110516,Fiji-Nadi-LTE-DL-D,2025-08-27 01:03:32+02:00,2025-08-27 01:03:33+02:00,2,-17.770745,177.4874512,-17.7706447,177.4874327,80.0,40790.0,41.0,31.834671,35.101303,119.0290425,87.1943715,0.2674529705638857,55.74,54.845,59.4,57.8,51.27,51.235,0,2,0,radio_p75_underperformance,normal,statistical_only_retained,1.0,22.49137798777612,0.0,51.44,43.57,47.9,Medium,Medium,2,1,0,0,0,0,0,2,0,0,2,3,True,Medium
LTE-TP-EP-000363,542020041221088+20250827123337+Fiji-Nadi-LTE-DL-D!20250827114216,Fiji-Nadi-LTE-DL-D,2025-08-27 01:41:21+02:00,2025-08-27 01:41:21+02:00,1,-17.7967214,177.407518,-17.7967214,177.407518,363.0,9310.0,28.0,4.842472,4.842472,,,,58.93,58.93,83.05,83.05,29.44,29.44,0,1,0,radio_limited_degradation,normal,statistical_only_retained,0.0,0.003951155809613619,0.0,66.62,25.02,47.9,High,Low,0,0,0,0,0,0,0,1,0,0,1,0,False,Not handed off
LTE-TP-EP-000244,542020041221088+20250827112649+Fiji-Nadi-LTE-DL-D!20250827110516,Fiji-Nadi-LTE-DL-D,2025-08-27 01:04:27+02:00,2025-08-27 01:04:27+02:00,1,-17.7666185,177.4903952,-17.7666185,177.4903952,108.0,40790.0,41.0,6.775648,6.775648,22.022983826859523,15.247335826859523,0.30766257893430093,56.53,56.53,46.38,46.38,68.94,68.94,0,1,0,radio_limited_degradation,normal,statistical_only_retained,0.0,6.134782691988886,0.0,39.12,58.6,47.89,Medium,Medium,0,0,0,0,0,0,0,1,0,0,1,0,False,Not handed off
LTE-TP-EP-001770,542020041221088+20250828140337+Fiji-Nadi-LTE-DL-D!20250828140209,Fiji-Nadi-LTE-DL-D,2025-08-28 04:01:01+02:00,2025-08-28 04:01:01+02:00,1,-17.60808861,177.45419673,-17.60808861,177.45419673,185.0,1850.0,3.0,21.489,21.489,103.049195,81.560195,0.20853146887755894,57.6,57.6,62.84,62.84,51.2,51.2,0,1,0,rb_conditioned_underperformance,normal,statistical_only_retained,0.0,0.037052276022202166,0.0,51.47,43.52,47.89,Medium,Medium,1,1,0,0,0,0,0,1,0,0,1,2,False,Not handed off
LTE-TP-EP-000160,542020041221088+20250827104707+Fiji-Nadi-LTE-DL-D!20250827104518,Fiji-Nadi-LTE-DL-D,2025-08-27 00:44:29+02:00,2025-08-27 00:44:29+02:00,1,-17.785938,177.44401795,-17.785938,177.44401795,127.0,40988.0,41.0,6.476888,6.476888,24.848756142504868,18.37186814250487,0.2606524029957783,57.04,57.04,54.58,54.58,60.04,60.04,0,1,0,sudden_drop,normal,statistical_only_retained,0.0,14.034690301379475,0.0,45.27,51.03,47.86,Medium,Medium,0,0,0,0,0,0,0,0,0,0,1,0,False,Not handed off
LTE-TP-EP-001085,542020041221088+20250828104127+Fiji-Nadi-LTE-DL-D!20250828104043,Fiji-Nadi-LTE-DL-D,2025-08-28 00:40:09+02:00,2025-08-28 00:40:09+02:00,1,-17.65139412,177.40761098,-17.65139412,177.40761098,437.0,500.0,1.0,9.058784,9.058784,43.970293999999996,34.91150999999999,0.20602054650805837,56.99,56.99,54.11,54.11,60.51,60.51,0,1,0,ca_underperformance,normal,statistical_only_retained,0.0,15.266692092749755,0.0,44.92,51.43,47.85,Medium,Medium,1,1,1,1,0,0,0,1,0,0,1,4,False,Not handed off
LTE-TP-EP-000623,542020041221088+20250827134607+Fiji-Nadi-LTE-DL-D!20250827131425,Fiji-Nadi-LTE-DL-D,2025-08-27 03:14:02+02:00,2025-08-27 03:14:02+02:00,1,-17.7722205,177.4348814,-17.7722205,177.4348814,339.0,41186.0,41.0,10.818736,10.818736,32.80098660774184,21.98225060774184,0.3298295910845106,56.74,56.74,50.58,50.58,64.28,64.28,0,1,0,radio_limited_degradation,normal,statistical_only_retained,0.0,6.45029240208662,0.0,42.27,54.64,47.84,Medium,Medium,0,0,0,0,0,0,0,0,0,0,1,0,False,Not handed off
LTE-TP-EP-000265,542020041221088+20250827114050+Fiji-Nadi-LTE-DL-D!20250827111354,Fiji-Nadi-LTE-DL-D,2025-08-27 01:13:28+02:00,2025-08-27 01:13:28+02:00,1,-17.7508106,177.45663235,-17.7508106,177.45663235,50.0,41384.0,41.0,33.218136,33.218136,105.95971,72.741574,0.3134978002487927,56.89,56.89,53.08,53.08,61.55,61.55,0,1,0,radio_p75_underperformance,normal,statistical_only_retained,0.0,0.23454139483788883,0.0,44.15,52.32,47.82,Medium,Medium,1,0,0,0,0,0,0,0,0,0,1,1,False,Not handed off
LTE-TP-EP-001215,542020041221088+20250828114252+Fiji-Nadi-LTE-DL-D!20250828111332,Fiji-Nadi-LTE-DL-D,2025-08-28 01:12:39+02:00,2025-08-28 01:12:39+02:00,1,-17.60450206,177.47824149,-17.60450206,177.47824149,177.0,41384.0,41.0,21.146313,21.146313,105.95971,84.81339700000001,0.19956937405736574,57.56,57.56,63.36,63.36,50.46,50.46,0,1,0,rb_conditioned_underperformance,normal,statistical_only_retained,0.0,0.10917246801373572,0.0,51.86,42.89,47.82,Medium,Medium,1,1,0,0,0,0,0,0,0,0,1,2,False,Not handed off
LTE-TP-EP-001760,542020041221088+20250828140157+Fiji-Nadi-LTE-DL-D!20250828135953,Fiji-Nadi-LTE-DL-D,2025-08-28 03:58:39+02:00,2025-08-28 03:58:39+02:00,1,-17.6072943,177.456957,-17.6072943,177.456957,196.0,500.0,1.0,46.797073,46.797073,176.8458,130.04872699999999,0.2646207769706716,57.3,57.3,59.56,59.56,54.54,54.54,0,1,0,radio_p75_underperformance,normal,statistical_only_retained,0.0,2.812911685418577,0.0,49.01,46.36,47.81,Medium,Medium,1,0,0,0,0,0,0,1,0,0,1,1,False,Not handed off
LTE-TP-EP-000398,542020041221088+20250827123517+Fiji-Nadi-LTE-DL-D!20250827114634,Fiji-Nadi-LTE-DL-D,2025-08-27 01:45:23+02:00,2025-08-27 01:45:23+02:00,1,-17.7835613,177.3876591,-17.7835613,177.3876591,138.0,9310.0,28.0,4.912224,4.912224,,,,58.79,58.79,82.81,82.81,29.44,29.44,0,1,0,radio_limited_degradation,normal,statistical_only_retained,0.0,12.574242196814293,0.0,66.44,25.02,47.8,High,Low,0,0,0,0,0,0,0,1,0,0,1,0,False,Not handed off
LTE-TP-EP-001713,542020041221088+20250828135037+Fiji-Nadi-LTE-DL-D!20250828134621,Fiji-Nadi-LTE-DL-D,2025-08-28 03:45:24+02:00,2025-08-28 03:45:24+02:00,1,-17.61149387,177.44948458,-17.61149387,177.44948458,140.0,41384.0,41.0,22.32728,22.32728,98.07729499999999,75.75001499999999,0.22764983475533251,57.26,57.26,59.6,59.6,54.4,54.4,0,1,0,rb_conditioned_underperformance,normal,statistical_only_retained,0.0,10.610444687369954,0.0,49.04,46.24,47.78,Medium,Medium,1,1,0,0,0,0,0,1,0,0,1,2,False,Not handed off
LTE-TP-EP-001853,542020041221088+20250828141618+Fiji-Nadi-LTE-DL-D!20250828141538,Fiji-Nadi-LTE-DL-D,2025-08-28 04:14:14+02:00,2025-08-28 04:14:14+02:00,1,-17.6121209,177.4576357,-17.6121209,177.4576357,140.0,41186.0,41.0,6.943776,6.943776,41.037212749999995,34.093436749999995,0.16920681339402127,57.19,57.19,58.5,58.5,55.59,55.59,0,1,0,ca_underperformance,normal,statistical_only_retained,0.0,27.38880253310209,0.0,48.21,47.25,47.78,Medium,Medium,1,1,1,1,0,0,0,1,0,0,1,4,False,Not handed off
LTE-TP-EP-001190,542020041221088+20250828113831+Fiji-Nadi-LTE-DL-D!20250828110657,Fiji-Nadi-LTE-DL-D,2025-08-28 01:04:59+02:00,2025-08-28 01:04:59+02:00,1,-17.6346945,177.4782249,-17.6346945,177.4782249,374.0,500.0,1.0,0.975352,0.975352,12.181732483481124,11.206380483481123,0.08006677222001166,57.15,57.15,58.53,58.53,55.47,55.47,0,1,0,rolling_local_drop,normal,statistical_only_retained,0.0,17.952021259116794,0.0,48.23,47.15,47.75,Medium,Medium,0,0,0,0,0,0,0,1,0,0,1,0,False,Not handed off
LTE-TP-EP-001199,542020041221088+20250828114011+Fiji-Nadi-LTE-DL-D!20250828110908,Fiji-Nadi-LTE-DL-D,2025-08-28 01:08:05+02:00,2025-08-28 01:08:05+02:00,1,-17.62147032,177.47776815,-17.62147032,177.47776815,351.0,40988.0,41.0,38.411182,38.411182,111.79482125,73.38363925,0.3435864163520007,56.71,56.71,51.65,51.65,62.9,62.9,0,1,0,rb_conditioned_underperformance,normal,statistical_only_retained,0.0,0.13300193229721202,0.0,43.07,53.46,47.75,Medium,Medium,0,1,0,0,0,0,0,1,0,0,1,1,False,Not handed off
LTE-TP-EP-001965,542020041221088+20250828154042+Fiji-Nadi-LTE-DL-D!20250828153246,Fiji-Nadi-LTE-DL-D,2025-08-28 05:32:05+02:00,2025-08-28 05:32:05+02:00,1,-17.6908043,177.4191012,-17.6908043,177.4191012,453.0,9310.0,28.0,43.3046,43.3046,138.475525,95.17092500000001,0.3127238549917034,57.05,57.05,56.76,56.76,57.4,57.4,0,1,0,rb_conditioned_underperformance,normal,statistical_only_retained,0.0,3.7499311926726593,0.0,46.91,48.79,47.75,Medium,Medium,1,1,0,0,0,0,0,1,0,0,1,2,False,Not handed off
LTE-TP-EP-001947,542020041221088+20250828153842+Fiji-Nadi-LTE-DL-D!20250828152712,Fiji-Nadi-LTE-DL-D,2025-08-28 05:27:11+02:00,2025-08-28 05:27:11+02:00,1,-17.6766223,177.402533,-17.6766223,177.402533,159.0,1850.0,3.0,25.425632,25.425632,117.84952050000001,92.4238885,0.21574658846405742,57.37,57.37,62.41,62.41,51.2,51.2,0,1,0,rb_conditioned_underperformance,normal,statistical_only_retained,0.0,16.163233603347788,0.0,51.14,43.52,47.71,Medium,Medium,1,1,0,0,0,0,0,1,0,0,1,2,False,Not handed off
LTE-TP-EP-000117,542020041221088+20250827102926+Fiji-Nadi-LTE-DL-D!20250827102813,Fiji-Nadi-LTE-DL-D,2025-08-27 00:28:02+02:00,2025-08-27 00:28:02+02:00,1,-17.8149223,177.4368725,-17.8149223,177.4368725,148.0,40790.0,41.0,8.51796,8.51796,,,,57.85,57.85,70.19,70.19,42.76,42.76,0,1,0,radio_limited_degradation,normal,statistical_only_retained,0.0,21.119706876054384,0.0,56.98,36.35,47.69,High,Low,0,0,0,0,0,0,0,1,0,0,1,0,False,Not handed off
LTE-TP-EP-001088,542020041221088+20250828104327+Fiji-Nadi-LTE-DL-D!20250828104254,Fiji-Nadi-LTE-DL-D,2025-08-28 00:41:48+02:00,2025-08-28 00:41:49+02:00,2,-17.64513371,177.41537253,-17.64509944,177.41548616,159.0,41186.0,41.0,10.517112,11.886592,54.170067,43.652955000000006,0.19414987985892648,55.83,53.08,57.35,53.480000000000004,53.97,52.585,0,2,0,ca_underperformance,normal,statistical_only_retained,1.0,12.720422470588836,0.0,49.44,45.53,47.68,Medium,Medium,2,2,0,2,0,0,0,2,0,0,2,6,True,Medium
LTE-TP-EP-001889,542020041221088+20250828143139+Fiji-Nadi-LTE-DL-D!20250828143127,Fiji-Nadi-LTE-DL-D,2025-08-28 04:30:35+02:00,2025-08-28 04:30:36+02:00,2,-17.61057821,177.44133519,-17.6106741,177.4413984,383.0,356.0,1.0,3.47412,3.527216,,,,56.41,56.315,78.84,78.655,29.44,29.009999999999998,0,2,0,radio_limited_degradation,normal,statistical_only_retained,1.0,12.740440296386383,0.0,66.3,24.92,47.68,High,Low,0,0,0,0,0,0,0,1,0,0,2,0,False,Not handed off
LTE-TP-EP-001139,542020041221088+20250828105428+Fiji-Nadi-LTE-DL-D!20250828105353,Fiji-Nadi-LTE-DL-D,2025-08-28 00:53:20+02:00,2025-08-28 00:53:20+02:00,1,-17.65520558,177.43819673,-17.65520558,177.43819673,160.0,41384.0,41.0,7.404336,7.404336,38.729599,31.325263,0.19118029081581764,56.85,56.85,55.26,55.26,58.79,58.79,0,1,0,ca_underperformance,normal,statistical_only_retained,0.0,0.1599899484912457,0.0,45.78,49.97,47.67,Medium,Medium,1,1,1,1,0,0,0,1,0,0,1,4,False,Not handed off
LTE-TP-EP-001350,542020041221088+20250828122402+Fiji-Nadi-LTE-DL-D!20250828121612,Fiji-Nadi-LTE-DL-D,2025-08-28 02:14:40+02:00,2025-08-28 02:14:40+02:00,1,-17.6033894,177.4530202,-17.6033894,177.4530202,184.0,40988.0,41.0,31.614113,31.614113,111.79482125,80.18070825,0.2827869184503929,57.06,57.06,58.5,58.5,55.3,55.3,0,1,0,rb_conditioned_underperformance,normal,statistical_only_retained,0.0,0.022239015922442505,0.0,48.21,47.0,47.67,Medium,Medium,1,1,0,0,0,0,0,0,0,0,1,2,False,Not handed off
LTE-TP-EP-001798,542020041221088+20250828140718+Fiji-Nadi-LTE-DL-D!20250828140641,Fiji-Nadi-LTE-DL-D,2025-08-28 04:05:54+02:00,2025-08-28 04:05:54+02:00,1,-17.6079128,177.4547851,-17.6079128,177.4547851,183.0,40790.0,41.0,16.348488,16.348488,83.886915,67.538427,0.19488722406825904,57.28,57.28,61.97,61.97,51.55,51.55,0,1,0,rb_conditioned_underperformance,normal,statistical_only_retained,0.0,5.051698695968795,0.0,50.81,43.82,47.67,Medium,Medium,1,1,0,0,0,0,0,1,0,0,1,2,False,Not handed off
LTE-TP-EP-001335,542020041221088+20250828122241+Fiji-Nadi-LTE-DL-D!20250828121359,Fiji-Nadi-LTE-DL-D,2025-08-28 02:12:54+02:00,2025-08-28 02:12:54+02:00,1,-17.6033727,177.4529789,-17.6033727,177.4529789,184.0,40988.0,41.0,33.009377,33.009377,111.79482125,78.78544425,0.2952674965701956,56.95,56.95,57.17,57.17,56.68,56.68,0,1,0,rb_conditioned_underperformance,normal,statistical_only_retained,0.0,0.0,0.0,47.21,48.18,47.65,Medium,Medium,1,1,0,0,0,0,0,0,0,0,1,2,False,Not handed off
LTE-TP-EP-000453,542020041221088+20250827131243+Fiji-Nadi-LTE-DL-D!20250827120629,Fiji-Nadi-LTE-DL-D,2025-08-27 02:05:17+02:00,2025-08-27 02:05:17+02:00,1,-17.77810159,177.37813207,-17.77810159,177.37813207,153.0,9310.0,28.0,37.47588,37.47588,153.565445,116.08956500000002,0.2440384944672937,57.18,57.18,60.76,60.76,52.8,52.8,0,1,0,radio_p75_underperformance,normal,statistical_only_retained,0.0,8.356176431568993,0.0,49.91,44.88,47.64,Medium,Medium,1,0,0,0,0,0,0,1,0,0,1,1,False,Not handed off
LTE-TP-EP-001156,542020041221088+20250828113551+Fiji-Nadi-LTE-DL-D!20250828110238,Fiji-Nadi-LTE-DL-D,2025-08-28 01:00:42+02:00,2025-08-28 01:00:42+02:00,1,-17.63436511,177.45982179,-17.63436511,177.45982179,271.0,40790.0,41.0,46.922905,46.922905,105.80487878792133,58.881973787921325,0.44348526776401087,56.52,56.52,50.86,50.86,63.44,63.44,0,1,0,sudden_drop,normal,statistical_only_retained,0.0,0.7789835159275798,0.0,42.48,53.92,47.63,Medium,Medium,0,0,0,0,0,0,0,0,0,0,1,0,False,Not handed off
LTE-TP-EP-001186,542020041221088+20250828113631+Fiji-Nadi-LTE-DL-D!20250828110448,Fiji-Nadi-LTE-DL-D,2025-08-28 01:04:19+02:00,2025-08-28 01:04:19+02:00,1,-17.63736107,177.47678782,-17.63736107,177.47678782,231.0,41384.0,41.0,7.922296,7.922296,,,,57.91,57.91,72.27,72.27,40.35,40.35,0,1,0,radio_limited_degradation,normal,statistical_only_retained,0.0,0.06341662014988952,0.0,58.54,34.3,47.63,High,Low,0,0,0,0,0,0,0,1,0,0,1,0,False,Not handed off
LTE-TP-EP-001320,542020041221088+20250828121902+Fiji-Nadi-LTE-DL-D!20250828120130,Fiji-Nadi-LTE-DL-D,2025-08-28 02:00:47+02:00,2025-08-28 02:00:47+02:00,1,-17.60462942,177.45300473,-17.60462942,177.45300473,183.0,41384.0,41.0,2.956672,2.956672,17.97569516146211,15.019023161462108,0.16448164999697903,56.86,56.86,56.59,56.59,57.18,57.18,0,1,0,sudden_drop,normal,statistical_only_retained,0.0,0.1278540857335566,0.0,46.78,48.6,47.6,Medium,Medium,0,0,0,0,0,0,0,0,0,0,0,0,False,Not handed off
LTE-TP-EP-001817,542020041221088+20250828141158+Fiji-Nadi-LTE-DL-D!20250828141111,Fiji-Nadi-LTE-DL-D,2025-08-28 04:09:18+02:00,2025-08-28 04:09:18+02:00,1,-17.61060324,177.4587392,-17.61060324,177.4587392,196.0,500.0,1.0,24.620304,24.620304,81.48199,56.86168599999999,0.3021563906330712,56.14,56.14,45.81,45.81,68.77,68.77,0,1,0,rb_conditioned_underperformance,normal,statistical_only_retained,0.0,0.1785695538021941,0.0,38.69,58.45,47.59,Medium,Medium,1,1,0,0,0,0,0,0,0,0,1,2,False,Not handed off
LTE-TP-EP-001211,542020041221088+20250828114252+Fiji-Nadi-LTE-DL-D!20250828111332,Fiji-Nadi-LTE-DL-D,2025-08-28 01:12:14+02:00,2025-08-28 01:12:15+02:00,2,-17.60557404,177.47495433,-17.60552702,177.47509295,179.0,500.0,1.0,12.156472,18.1568395,85.55677,61.399563,0.20493155137241997,55.45,53.395,56.43,52.83,54.25,54.09,0,2,0,ca_underperformance,normal,statistical_only_retained,1.0,31.12645981460805,0.0,48.81,46.07,47.58,Medium,Medium,2,1,0,1,0,0,0,0,0,0,2,4,True,Medium
LTE-TP-EP-001896,542020041221088+20250828143419+Fiji-Nadi-LTE-DL-D!20250828143343,Fiji-Nadi-LTE-DL-D,2025-08-28 04:32:14+02:00,2025-08-28 04:32:15+02:00,2,-17.6177937,177.4436933,-17.61779366,177.4436935,385.0,41186.0,41.0,11.166296,12.847000000000001,54.170067,43.003771,0.2061340629318402,54.3,52.405,55.52,50.77,56.0,54.4,0,2,0,rb_conditioned_underperformance,normal,statistical_only_retained,1.0,0.4162968089081534,0.0,47.9,47.2,47.58,Medium,Medium,2,2,0,0,0,0,0,2,0,0,2,4,True,Medium
LTE-TP-EP-001029,542020041221088+20250828102346+Fiji-Nadi-LTE-DL-D!20250828102312,Fiji-Nadi-LTE-DL-D,2025-08-28 00:21:52+02:00,2025-08-28 00:21:52+02:00,1,-17.7371849,177.4599081,-17.7371849,177.4599081,338.0,1850.0,3.0,29.962072,29.962072,103.049195,73.08712299999999,0.29075503209898923,56.7,56.7,54.58,54.58,59.3,59.3,0,1,0,rb_conditioned_underperformance,normal,statistical_only_retained,0.0,0.0,0.0,45.27,50.4,47.58,Medium,Medium,1,1,0,0,0,0,0,0,0,0,1,2,False,Not handed off
LTE-TP-EP-001265,542020041221088+20250828120053+Fiji-Nadi-LTE-DL-D!20250828113532,Fiji-Nadi-LTE-DL-D,2025-08-28 01:34:41+02:00,2025-08-28 01:34:41+02:00,1,-17.6036871,177.4608284,-17.6036871,177.4608284,373.0,40790.0,41.0,5.896224,5.896224,,,,57.73,57.73,70.36,70.36,42.29,42.29,0,1,0,radio_limited_degradation,normal,statistical_only_retained,0.0,8.733397963289715,0.0,57.11,35.95,47.58,High,Low,0,0,0,0,0,0,0,1,0,0,1,0,False,Not handed off
LTE-TP-EP-001702,542020041221088+20250828134936+Fiji-Nadi-LTE-DL-D!20250828134405,Fiji-Nadi-LTE-DL-D,2025-08-28 03:42:42+02:00,2025-08-28 03:42:42+02:00,1,-17.61417189,177.45009138,-17.61417189,177.45009138,182.0,40790.0,41.0,9.481896,9.481896,49.4498,39.967904000000004,0.19174791404616398,56.86,56.86,56.95,56.95,56.75,56.75,0,1,0,ca_underperformance,normal,statistical_only_retained,0.0,0.27183111309615604,0.0,47.05,48.24,47.58,Medium,Medium,1,1,1,1,0,0,0,1,0,0,1,4,False,Not handed off
LTE-TP-EP-001400,542020041221088+20250828123602+Fiji-Nadi-LTE-DL-D!20250828123538,Fiji-Nadi-LTE-DL-D,2025-08-28 02:33:54+02:00,2025-08-28 02:33:54+02:00,1,-17.6297624,177.440092,-17.6297624,177.440092,345.0,356.0,1.0,3.823688,3.823688,18.13893575,14.315247750000001,0.21080001895921593,56.4,56.4,50.08,50.08,64.13,64.13,0,1,0,ca_underperformance,normal,statistical_only_retained,0.0,4.789397499708207,0.0,41.9,54.51,47.57,Medium,Medium,0,1,1,1,0,0,0,1,0,0,1,3,False,Not handed off
LTE-TP-EP-001242,542020041221088+20250828114952+Fiji-Nadi-LTE-DL-D!20250828112430,Fiji-Nadi-LTE-DL-D,2025-08-28 01:24:08+02:00,2025-08-28 01:24:08+02:00,1,-17.60518351,177.4616367,-17.60518351,177.4616367,373.0,41384.0,41.0,5.558016,5.558016,,,,58.36,58.36,80.55,80.55,31.24,31.24,0,1,0,radio_limited_degradation,normal,statistical_only_retained,0.0,2.684503913432557,0.0,64.75,26.55,47.56,High,Low,0,0,0,0,0,0,0,0,0,0,0,0,False,Not handed off
LTE-TP-EP-001228,542020041221088+20250828114552+Fiji-Nadi-LTE-DL-D!20250828111754,Fiji-Nadi-LTE-DL-D,2025-08-28 01:16:25+02:00,2025-08-28 01:16:25+02:00,1,-17.5961094,177.5040125,-17.5961094,177.5040125,495.0,9310.0,28.0,6.289024,6.289024,,,,57.59,57.59,68.99,68.99,43.66,43.66,0,1,0,radio_limited_degradation,normal,statistical_only_retained,0.0,35.98669062162194,0.0,56.08,37.11,47.54,High,Low,0,0,0,0,0,0,0,0,1,1,1,0,False,Not handed off
LTE-TP-EP-000888,542020041221088+20250827152532+Fiji-Nadi-LTE-DL-D!20250827152209,Fiji-Nadi-LTE-DL-D,2025-08-27 05:21:24+02:00,2025-08-27 05:21:25+02:00,2,-17.741516,177.4426341,-17.74151578,177.44263389,487.0,40790.0,41.0,14.352496,16.1490635,60.347314999999995,45.99481899999999,0.23783155886885773,52.44,51.36,51.18,46.3,61.1,57.535,0,2,0,ca_underperformance,normal,statistical_only_retained,1.0,2.2471192004843896,0.0,44.61,51.04,47.51,Medium,Medium,2,1,0,1,0,0,0,2,0,0,2,4,True,Medium
LTE-TP-EP-000550,542020041221088+20250827133406+Fiji-Nadi-LTE-DL-D!20250827125219,Fiji-Nadi-LTE-DL-D,2025-08-27 02:50:47+02:00,2025-08-27 02:50:47+02:00,1,-17.7999262,177.4180046,-17.7999262,177.4180046,147.0,40988.0,41.0,5.330928,5.330928,32.41143,27.080502000000003,0.16447679105796936,56.79,56.79,57.28,57.28,56.2,56.2,0,1,0,ca_underperformance,normal,statistical_only_retained,0.0,5.052591654924826,0.0,47.3,47.77,47.51,Medium,Medium,1,1,1,1,0,0,0,1,0,0,1,4,False,Not handed off
LTE-TP-EP-001868,542020041221088+20250828141838+Fiji-Nadi-LTE-DL-D!20250828141754,Fiji-Nadi-LTE-DL-D,2025-08-28 04:17:50+02:00,2025-08-28 04:17:50+02:00,1,-17.60995766,177.4608739,-17.60995766,177.4608739,375.0,500.0,1.0,7.986592,7.986592,,,,57.73,57.73,72.05,72.05,40.23,40.23,0,1,0,radio_limited_degradation,normal,statistical_only_retained,0.0,0.030792148991953382,0.0,58.37,34.2,47.49,High,Low,0,0,0,0,0,0,0,0,0,0,1,0,False,Not handed off
LTE-TP-EP-001245,542020041221088+20250828115053+Fiji-Nadi-LTE-DL-D!20250828112640,Fiji-Nadi-LTE-DL-D,2025-08-28 01:24:47+02:00,2025-08-28 01:24:47+02:00,1,-17.60370847,177.46090528,-17.60370847,177.46090528,373.0,40988.0,41.0,4.129024,4.129024,,,,57.96,57.96,76.55,76.55,35.24,35.24,0,1,0,radio_limited_degradation,normal,statistical_only_retained,0.0,0.2063820915929594,0.0,61.75,29.95,47.44,High,Low,0,0,0,0,0,0,0,1,0,0,1,0,False,Not handed off
LTE-TP-EP-001248,542020041221088+20250828115313+Fiji-Nadi-LTE-DL-D!20250828112854,Fiji-Nadi-LTE-DL-D,2025-08-28 01:27:14+02:00,2025-08-28 01:27:14+02:00,1,-17.5987242,177.4593598,-17.5987242,177.4593598,188.0,1850.0,3.0,42.00772,42.00772,100.94349229480761,58.93577229480761,0.416150848806732,56.38,56.38,52.15,52.15,61.56,61.56,0,1,0,sudden_drop,normal,statistical_only_retained,0.0,0.0,0.0,43.45,52.33,47.44,Medium,Medium,0,0,0,0,0,0,0,0,0,0,0,0,False,Not handed off
LTE-TP-EP-000311,542020041221088+20250827122034+Fiji-Nadi-LTE-DL-D!20250827113125,Fiji-Nadi-LTE-DL-D,2025-08-27 01:31:07+02:00,2025-08-27 01:31:07+02:00,1,-17.76918578,177.42721322,-17.76918578,177.42721322,394.0,41384.0,41.0,40.178745,40.178745,105.95971,65.78096500000001,0.3791888917023272,55.96,55.96,45.77,45.77,68.41,68.41,0,1,0,rb_conditioned_underperformance,normal,statistical_only_retained,0.0,13.980509259733575,0.0,38.66,58.15,47.43,Medium,Medium,0,1,0,0,0,0,0,0,0,0,1,1,False,Not handed off
LTE-TP-EP-001200,542020041221088+20250828114011+Fiji-Nadi-LTE-DL-D!20250828110908,Fiji-Nadi-LTE-DL-D,2025-08-28 01:08:57+02:00,2025-08-28 01:08:57+02:00,1,-17.6188989,177.4743052,-17.6188989,177.4743052,178.0,41384.0,41.0,41.965847,41.965847,121.14346,79.17761300000001,0.34641446595631326,56.5,56.5,54.38,54.38,59.09,59.09,0,1,0,rb_conditioned_underperformance,normal,statistical_only_retained,0.0,16.30626473988379,0.0,45.12,50.23,47.42,Medium,Medium,0,1,0,0,0,0,0,1,0,0,1,1,False,Not handed off
LTE-TP-EP-001443,542020041221088+20250828124303+Fiji-Nadi-LTE-DL-D!20250828124223,Fiji-Nadi-LTE-DL-D,2025-08-28 02:41:24+02:00,2025-08-28 02:41:24+02:00,1,-17.6209947,177.4375289,-17.6209947,177.4375289,169.0,356.0,1.0,7.737128,7.737128,,,,57.08,57.08,63.92,63.92,48.73,48.73,0,1,0,radio_limited_degradation,normal,statistical_only_retained,0.0,13.358639024362503,0.0,52.28,41.42,47.39,Medium,Medium,0,0,0,0,0,0,0,1,0,0,1,0,False,Not handed off
LTE-TP-EP-001357,542020041221088+20250828122402+Fiji-Nadi-LTE-DL-D!20250828121612,Fiji-Nadi-LTE-DL-D,2025-08-28 02:15:42+02:00,2025-08-28 02:15:43+02:00,2,-17.6036064,177.4527131,-17.6036085,177.4527041,184.0,40988.0,41.0,34.21177,35.21772,111.79482125,77.58305125,0.30602285166228127,53.9,53.72,55.94,54.91,53.92,52.265,0,2,0,radio_p75_underperformance,normal,statistical_only_retained,1.0,2.083638771198446,0.0,48.95,45.42,47.36,Medium,Medium,2,1,0,0,0,0,0,0,0,0,2,3,True,Medium
LTE-TP-EP-001208,542020041221088+20250828114132+Fiji-Nadi-LTE-DL-D!20250828111120,Fiji-Nadi-LTE-DL-D,2025-08-28 01:11:04+02:00,2025-08-28 01:11:04+02:00,1,-17.60851628,177.47233026,-17.60851628,177.47233026,179.0,500.0,1.0,37.37788,37.37788,87.62350602594425,50.245626025944254,0.4265736637944259,56.03,56.03,48.19,48.19,65.62,65.62,0,1,0,sudden_drop,normal,statistical_only_retained,0.0,13.798996368916857,0.0,40.48,55.78,47.36,Medium,Medium,0,0,0,0,0,0,0,0,0,0,0,0,False,Not handed off
LTE-TP-EP-001691,542020041221088+20250828134616+Fiji-Nadi-LTE-DL-D!20250828134149,Fiji-Nadi-LTE-DL-D,2025-08-28 03:40:10+02:00,2025-08-28 03:40:10+02:00,1,-17.6192853,177.4502723,-17.6192853,177.4502723,168.0,9310.0,28.0,23.39516,23.39516,103.01821000000001,79.62305,0.22709732580288475,56.9,56.9,61.56,61.56,51.2,51.2,0,1,0,rb_conditioned_underperformance,normal,statistical_only_retained,0.0,11.600313518472674,0.0,50.51,43.52,47.36,Medium,Medium,1,1,0,0,0,0,0,1,0,0,1,2,False,Not handed off
LTE-TP-EP-000917,542020041221088+20250827153152+Fiji-Nadi-LTE-DL-D!20250827153105,Fiji-Nadi-LTE-DL-D,2025-08-27 05:30:23+02:00,2025-08-27 05:30:23+02:00,1,-17.74419223,177.43421201,-17.74419223,177.43421201,487.0,40790.0,41.0,9.31348,9.31348,49.4498,40.136320000000005,0.18834211665163458,56.61,56.61,57.44,57.44,55.59,55.59,0,1,0,ca_underperformance,normal,statistical_only_retained,0.0,7.438366720295024,0.0,47.42,47.25,47.34,Medium,Medium,1,1,1,1,0,0,0,1,0,0,1,4,False,Not handed off
LTE-TP-EP-001426,542020041221088+20250828124043+Fiji-Nadi-LTE-DL-D!20250828124009,Fiji-Nadi-LTE-DL-D,2025-08-28 02:38:22+02:00,2025-08-28 02:38:22+02:00,1,-17.6310125,177.4440674,-17.6310125,177.4440674,313.0,41384.0,41.0,35.217026,35.217026,121.14346,85.926434,0.2907051358777436,56.65,56.65,58.04,58.04,54.95,54.95,0,1,0,radio_p75_underperformance,normal,statistical_only_retained,0.0,0.06671704812098955,0.0,47.87,46.71,47.34,Medium,Medium,1,0,0,0,0,0,0,0,0,0,0,1,False,Not handed off
LTE-TP-EP-000118,542020041221088+20250827102926+Fiji-Nadi-LTE-DL-D!20250827102813,Fiji-Nadi-LTE-DL-D,2025-08-27 00:28:04+02:00,2025-08-27 00:28:04+02:00,1,-17.8149731,177.4370464,-17.8149731,177.4370464,148.0,40790.0,41.0,6.809208,6.809208,,,,57.81,57.81,76.17,76.17,35.36,35.36,0,1,0,radio_limited_degradation,normal,statistical_only_retained,0.0,9.797701569917207,0.0,61.46,30.06,47.33,High,Low,0,0,0,0,0,0,0,1,0,0,1,0,False,Not handed off
LTE-TP-EP-001366,542020041221088+20250828122542+Fiji-Nadi-LTE-DL-D!20250828121826,Fiji-Nadi-LTE-DL-D,2025-08-28 02:17:40+02:00,2025-08-28 02:17:40+02:00,1,-17.6050641,177.4505369,-17.6050641,177.4505369,139.0,40790.0,41.0,29.554209,29.554209,93.96716500000001,64.41295600000001,0.3145163419583851,56.02,56.02,48.86,48.86,64.77,64.77,0,1,0,radio_p75_underperformance,normal,statistical_only_retained,0.0,0.3212353473920675,0.0,40.98,55.05,47.31,Medium,Medium,1,0,0,0,0,0,0,0,0,0,1,1,False,Not handed off
LTE-TP-EP-000870,542020041221088+20250827151812+Fiji-Nadi-LTE-DL-D!20250827151738,Fiji-Nadi-LTE-DL-D,2025-08-27 05:16:20+02:00,2025-08-27 05:16:20+02:00,1,-17.74686771,177.44405761,-17.74686771,177.44405761,122.0,1850.0,3.0,55.795166,55.795166,99.32182546746196,43.52665946746196,0.5617613826306346,55.37,55.37,39.2,39.2,75.14,75.14,0,1,0,radio_limited_degradation,normal,statistical_only_retained,0.0,0.024125945557793207,0.0,33.74,63.87,47.3,Medium,High,0,0,0,0,0,0,0,0,0,0,1,0,False,Not handed off
LTE-TP-EP-000318,542020041221088+20250827122335+Fiji-Nadi-LTE-DL-D!20250827113336,Fiji-Nadi-LTE-DL-D,2025-08-27 01:32:05+02:00,2025-08-27 01:32:06+02:00,2,-17.76466392,177.43077613,-17.7645795,177.4308124,394.0,41186.0,41.0,15.506592,26.105819999999998,100.61148,63.906432,0.2580250628599045,53.62,52.114999999999995,47.86,46.765,63.34,58.655,0,2,0,rb_conditioned_underperformance,normal,statistical_only_retained,1.0,25.31408582298119,0.0,42.88,52.67,47.29,Medium,Medium,1,2,0,0,0,0,0,2,0,0,2,3,True,Medium
LTE-TP-EP-000245,542020041221088+20250827112649+Fiji-Nadi-LTE-DL-D!20250827110516,Fiji-Nadi-LTE-DL-D,2025-08-27 01:04:52+02:00,2025-08-27 01:04:53+02:00,2,-17.7647268,177.4885395,-17.7646314,177.4884724,108.0,40790.0,41.0,6.3978558,8.419039900000001,49.4498,39.009576,0.19739504859859622,54.44,53.629999999999995,54.14,53.815,55.59,53.395,0,2,0,ca_underperformance,normal,statistical_only_retained,1.0,24.870797441896688,0.0,47.75,46.7,47.28,Medium,Medium,2,2,1,2,0,0,0,2,2,2,2,7,True,Medium
LTE-TP-EP-001389,542020041221088+20250828123522+Fiji-Nadi-LTE-DL-D!20250828123323,Fiji-Nadi-LTE-DL-D,2025-08-28 02:32:21+02:00,2025-08-28 02:32:21+02:00,1,-17.6308751,177.4377221,-17.6308751,177.4377221,354.0,40988.0,41.0,8.234952,8.234952,43.68767,35.452718,0.1884960218752797,56.46,56.46,56.44,56.44,56.49,56.49,0,1,0,ca_underperformance,normal,statistical_only_retained,0.0,12.77655235977854,0.0,46.67,48.02,47.27,Medium,Medium,1,1,1,1,0,0,0,0,0,0,1,4,False,Not handed off
LTE-TP-EP-000212,542020041221088+20250827110647+Fiji-Nadi-LTE-DL-D!20250827105407,Fiji-Nadi-LTE-DL-D,2025-08-27 00:53:55+02:00,2025-08-27 00:53:55+02:00,1,-17.7662651,177.4680266,-17.7662651,177.4680266,112.0,40988.0,41.0,32.161545,32.161545,100.12010000000001,67.95855500000002,0.3212296531865229,55.99,55.99,50.24,50.24,63.01,63.01,0,1,0,rb_conditioned_underperformance,normal,statistical_only_retained,0.0,11.041759298074103,0.0,42.02,53.56,47.21,Medium,Medium,1,1,0,0,0,0,0,0,0,0,0,2,False,Not handed off
LTE-TP-EP-000320,542020041221088+20250827122335+Fiji-Nadi-LTE-DL-D!20250827113336,Fiji-Nadi-LTE-DL-D,2025-08-27 01:32:48+02:00,2025-08-27 01:32:48+02:00,1,-17.7616459,177.4310824,-17.7616459,177.4310824,326.0,1850.0,3.0,9.382968,9.382968,31.95975140940135,22.57678340940135,0.2935870144859727,55.48,55.48,42.43,42.43,71.43,71.43,0,1,0,rb_efficiency_underperformance,ml_quantile_p75_resource_underperformance,statistical_only_retained,0.0,3.1000713540508382,0.0,36.16,60.72,47.21,Medium,High,0,1,1,0,1,0,0,1,0,0,1,3,False,Not handed off
LTE-TP-EP-000457,542020041221088+20250827131523+Fiji-Nadi-LTE-DL-D!20250827120845,Fiji-Nadi-LTE-DL-D,2025-08-27 02:06:53+02:00,2025-08-27 02:06:53+02:00,1,-17.78069655,177.38486993,-17.78069655,177.38486993,138.0,9310.0,28.0,6.672952,6.672952,,,,56.34,56.34,55.64,55.64,57.19,57.19,0,1,0,rb_efficiency_underperformance,normal,statistical_only_retained,0.0,14.261119941077894,0.0,46.07,48.61,47.21,Medium,Medium,0,0,1,0,0,0,0,1,1,1,1,1,False,Not handed off
LTE-TP-EP-001343,542020041221088+20250828122241+Fiji-Nadi-LTE-DL-D!20250828121359,Fiji-Nadi-LTE-DL-D,2025-08-28 02:13:52+02:00,2025-08-28 02:13:52+02:00,1,-17.6033931,177.4530044,-17.6033931,177.4530044,184.0,40988.0,41.0,32.592945,32.592945,111.79482125,79.20187625,0.2915425297484431,56.46,56.46,57.59,57.59,55.08,55.08,0,1,0,rb_conditioned_underperformance,normal,statistical_only_retained,0.0,0.30017163870491886,0.0,47.53,46.82,47.21,Medium,Medium,1,1,0,0,0,0,0,0,0,0,1,2,False,Not handed off
LTE-TP-EP-000806,542020041221088+20250827145411+Fiji-Nadi-LTE-DL-D!20250827145328,Fiji-Nadi-LTE-DL-D,2025-08-27 04:52:38+02:00,2025-08-27 04:52:38+02:00,1,-17.7663444,177.4747452,-17.7663444,177.4747452,111.0,41384.0,41.0,40.989346,40.989346,121.14346,80.154114,0.33835376668290634,56.26,56.26,55.26,55.26,57.49,57.49,0,1,0,radio_p75_underperformance,normal,statistical_only_retained,0.0,9.015220045205197,0.0,45.78,48.87,47.17,Medium,Medium,1,0,0,0,0,0,0,1,0,0,1,1,False,Not handed off
LTE-TP-EP-000891,542020041221088+20250827152532+Fiji-Nadi-LTE-DL-D!20250827152209,Fiji-Nadi-LTE-DL-D,2025-08-27 05:21:50+02:00,2025-08-27 05:21:50+02:00,1,-17.741593,177.4432788,-17.741593,177.4432788,487.0,40790.0,41.0,10.959904,10.959904,49.4498,38.489896,0.2216369732536835,56.09,56.09,52.62,52.62,60.34,60.34,0,1,0,ca_underperformance,normal,statistical_only_retained,0.0,5.58557467048417,0.0,43.8,51.29,47.17,Medium,Medium,1,1,0,1,0,0,0,1,0,0,1,3,False,Not handed off
LTE-TP-EP-001438,542020041221088+20250828124043+Fiji-Nadi-LTE-DL-D!20250828124009,Fiji-Nadi-LTE-DL-D,2025-08-28 02:39:39+02:00,2025-08-28 02:39:39+02:00,1,-17.62409983,177.44333781,-17.62409983,177.44333781,169.0,500.0,1.0,10.460048,10.460048,59.31967,48.859622,0.1763335500686366,56.63,56.63,61.07,61.07,51.2,51.2,0,1,0,ca_underperformance,normal,statistical_only_retained,0.0,6.996157553805931,0.0,50.14,43.52,47.16,Medium,Medium,1,1,0,1,0,0,0,1,0,0,1,3,False,Not handed off
LTE-TP-EP-001477,542020041221088+20250828124943+Fiji-Nadi-LTE-DL-D!20250828124907,Fiji-Nadi-LTE-DL-D,2025-08-28 02:49:02+02:00,2025-08-28 02:49:02+02:00,1,-17.62895312,177.45143825,-17.62895312,177.45143825,167.0,41384.0,41.0,3.603872,3.603872,11.004676459882852,7.400804459882852,0.327485502471407,55.69,55.69,46.56,46.56,66.84,66.84,0,1,0,sudden_drop,normal,statistical_only_retained,0.0,0.12504543082191014,0.0,39.26,56.81,47.16,Medium,Medium,0,0,0,0,0,0,0,1,0,0,1,0,False,Not handed off
LTE-TP-EP-000482,542020041221088+20250827131704+Fiji-Nadi-LTE-DL-D!20250827121308,Fiji-Nadi-LTE-DL-D,2025-08-27 02:11:37+02:00,2025-08-27 02:11:37+02:00,1,-17.7968345,177.4070941,-17.7968345,177.4070941,363.0,9310.0,28.0,5.172912,5.172912,,,,57.95,57.95,81.89,81.89,28.7,28.7,0,1,0,radio_limited_degradation,normal,statistical_only_retained,0.0,0.010587397977505564,0.0,65.75,24.4,47.14,High,Low,0,0,0,0,0,0,0,1,0,0,1,0,False,Not handed off
LTE-TP-EP-001049,542020041221088+20250828103047+Fiji-Nadi-LTE-DL-D!20250828102736,Fiji-Nadi-LTE-DL-D,2025-08-28 00:26:29+02:00,2025-08-28 00:26:29+02:00,1,-17.72708639,177.4536053,-17.72708639,177.4536053,487.0,41384.0,41.0,30.917255,30.917255,105.95971,75.042455,0.2917831220942375,56.23,56.23,55.5,55.5,57.13,57.13,0,1,0,rb_conditioned_underperformance,normal,statistical_only_retained,0.0,0.03447047498039861,0.0,45.96,48.56,47.13,Medium,Medium,1,1,0,0,0,0,0,0,0,0,1,2,False,Not handed off
LTE-TP-EP-000726,542020041221088+20250827140349+Fiji-Nadi-LTE-DL-D!20250827135601,Fiji-Nadi-LTE-DL-D,2025-08-27 03:55:05+02:00,2025-08-27 03:55:05+02:00,1,-17.769961,177.4411794,-17.769961,177.4411794,130.0,40988.0,41.0,5.743872,5.743872,32.41143,26.667558000000003,0.17721748161065398,56.19,56.19,55.82,55.82,56.65,56.65,0,1,0,ca_underperformance,normal,statistical_only_retained,0.0,6.174369999468166,0.0,46.2,48.15,47.08,Medium,Medium,1,1,1,1,0,0,0,1,0,0,1,4,False,Not handed off
LTE-TP-EP-001393,542020041221088+20250828123522+Fiji-Nadi-LTE-DL-D!20250828123323,Fiji-Nadi-LTE-DL-D,2025-08-28 02:33:01+02:00,2025-08-28 02:33:01+02:00,1,-17.6298331,177.4399605,-17.6298331,177.4399605,345.0,356.0,1.0,3.641808,3.641808,18.13893575,14.49712775,0.20077296982542098,55.83,55.83,50.98,50.98,61.76,61.76,0,1,0,ca_underperformance,normal,statistical_only_retained,0.0,7.747961519164425,0.0,42.57,52.5,47.04,Medium,Medium,0,1,1,1,0,0,0,1,0,0,1,3,False,Not handed off
LTE-TP-EP-001467,542020041221088+20250828124723+Fiji-Nadi-LTE-DL-D!20250828124651,Fiji-Nadi-LTE-DL-D,2025-08-28 02:46:29+02:00,2025-08-28 02:46:29+02:00,1,-17.6300643,177.4504178,-17.6300643,177.4504178,384.0,40988.0,41.0,8.513264,8.513264,43.68767,35.174406,0.19486651496863988,56.11,56.11,55.58,55.58,56.75,56.75,0,1,0,ca_underperformance,normal,statistical_only_retained,0.0,11.153161100967623,0.0,46.02,48.24,47.02,Medium,Medium,1,1,1,1,0,0,0,1,0,0,1,4,False,Not handed off
LTE-TP-EP-001632,542020041221088+20250828133556+Fiji-Nadi-LTE-DL-D!20250828132602,Fiji-Nadi-LTE-DL-D,2025-08-28 03:24:09+02:00,2025-08-28 03:24:09+02:00,1,-17.6239063,177.4662661,-17.6239063,177.4662661,253.0,500.0,1.0,14.895712,14.895712,73.10037750000001,58.204665500000004,0.20377065768230812,56.26,56.26,58.6,58.6,53.39,53.39,0,1,0,ca_underperformance,normal,statistical_only_retained,0.0,,0.0,48.29,45.38,46.98,Medium,Medium,1,1,0,1,0,0,0,0,0,0,1,3,False,Not handed off
LTE-TP-EP-000549,542020041221088+20250827133406+Fiji-Nadi-LTE-DL-D!20250827125219,Fiji-Nadi-LTE-DL-D,2025-08-27 02:50:45+02:00,2025-08-27 02:50:45+02:00,1,-17.7998352,177.4180209,-17.7998352,177.4180209,362.0,9310.0,28.0,9.851392,9.851392,,,,56.09,56.09,56.52,56.52,55.57,55.57,0,1,0,rb_efficiency_underperformance,normal,statistical_only_retained,0.0,4.624643243772767,0.0,46.73,47.23,46.95,Medium,Medium,0,0,1,0,0,0,0,1,0,0,1,1,False,Not handed off
LTE-TP-EP-001693,542020041221088+20250828134616+Fiji-Nadi-LTE-DL-D!20250828134149,Fiji-Nadi-LTE-DL-D,2025-08-28 03:40:29+02:00,2025-08-28 03:40:29+02:00,1,-17.6180004,177.4490572,-17.6180004,177.4490572,168.0,41384.0,41.0,9.053856,9.053856,47.0651145,38.0112585,0.19236872354788384,56.07,56.07,56.47,56.47,55.59,55.59,0,1,0,ca_underperformance,normal,statistical_only_retained,0.0,17.16120658288828,0.0,46.69,47.25,46.94,Medium,Medium,1,1,1,1,0,0,0,1,0,1,1,4,False,Not handed off
LTE-TP-EP-000264,542020041221088+20250827114050+Fiji-Nadi-LTE-DL-D!20250827111354,Fiji-Nadi-LTE-DL-D,2025-08-27 01:13:08+02:00,2025-08-27 01:13:08+02:00,1,-17.7512367,177.4583557,-17.7512367,177.4583557,50.0,41384.0,41.0,10.873144,10.873144,60.15991375,49.286769750000005,0.18073736018280112,56.32,56.32,60.51,60.51,51.2,51.2,0,1,0,ca_underperformance,normal,statistical_only_retained,0.0,8.27093632901449,0.0,49.72,43.52,46.93,Medium,Medium,1,1,0,1,0,0,0,1,0,0,1,3,False,Not handed off
LTE-TP-EP-001384,542020041221088+20250828123202+Fiji-Nadi-LTE-DL-D!20250828122853,Fiji-Nadi-LTE-DL-D,2025-08-28 02:28:34+02:00,2025-08-28 02:28:34+02:00,1,-17.62768057,177.43282815,-17.62768057,177.43282815,354.0,40790.0,41.0,15.463248,15.463248,60.347314999999995,44.884066999999995,0.25623754760257356,55.51,55.51,48.17,48.17,64.47,64.47,0,1,0,rb_conditioned_underperformance,normal,statistical_only_retained,0.0,0.11405851160206741,0.0,40.46,54.8,46.91,Medium,Medium,1,1,0,0,0,0,0,1,0,0,1,2,False,Not handed off
LTE-TP-EP-001172,542020041221088+20250828113551+Fiji-Nadi-LTE-DL-D!20250828110238,Fiji-Nadi-LTE-DL-D,2025-08-28 01:02:21+02:00,2025-08-28 01:02:21+02:00,1,-17.6386253,177.4661812,-17.6386253,177.4661812,271.0,40790.0,41.0,7.850216,7.850216,,,,56.46,56.46,63.52,63.52,47.84,47.84,0,1,0,radio_limited_degradation,normal,statistical_only_retained,0.0,10.821241033891603,0.0,51.98,40.66,46.89,Medium,Medium,0,0,0,0,0,0,0,1,0,0,1,0,False,Not handed off
LTE-TP-EP-001319,542020041221088+20250828121902+Fiji-Nadi-LTE-DL-D!20250828120130,Fiji-Nadi-LTE-DL-D,2025-08-28 02:00:30+02:00,2025-08-28 02:00:30+02:00,1,-17.60453869,177.45268478,-17.60453869,177.45268478,183.0,41384.0,41.0,6.981224,6.981224,30.73299865017015,23.751774650170148,0.2271572676479244,56.23,56.23,59.92,59.92,51.72,51.72,0,1,0,sudden_drop,normal,statistical_only_retained,0.0,0.050886126028755044,0.0,49.28,43.96,46.88,Medium,Medium,0,0,0,0,0,0,0,0,0,0,0,0,False,Not handed off
LTE-TP-EP-001689,542020041221088+20250828134436+Fiji-Nadi-LTE-DL-D!20250828133934,Fiji-Nadi-LTE-DL-D,2025-08-28 03:39:33+02:00,2025-08-28 03:39:33+02:00,1,-17.6227329,177.4526876,-17.6227329,177.4526876,168.0,41186.0,41.0,27.339447,27.339447,103.734363,76.394916,0.26355246428803925,56.08,56.08,57.82,57.82,53.96,53.96,0,1,0,rb_conditioned_underperformance,normal,statistical_only_retained,0.0,13.719466736437482,0.0,47.7,45.87,46.88,Medium,Medium,1,1,0,0,0,0,0,0,0,0,1,2,False,Not handed off
LTE-TP-EP-001891,542020041221088+20250828143139+Fiji-Nadi-LTE-DL-D!20250828143127,Fiji-Nadi-LTE-DL-D,2025-08-28 04:30:40+02:00,2025-08-28 04:30:40+02:00,1,-17.6109057,177.44140342,-17.6109057,177.44140342,383.0,356.0,1.0,3.24788,3.24788,,,,57.5,57.5,79.63,79.63,30.45,30.45,0,1,0,radio_limited_degradation,normal,statistical_only_retained,0.0,0.29556996938716684,0.0,64.06,25.88,46.88,High,Low,0,0,0,0,0,0,0,1,0,0,1,0,False,Not handed off
LTE-TP-EP-000962,542020041221088+20250827160414+Fiji-Nadi-LTE-DL-D!20250827155722,Fiji-Nadi-LTE-DL-D,2025-08-27 05:56:34+02:00,2025-08-27 05:56:34+02:00,1,-17.7983484,177.4497327,-17.7983484,177.4497327,470.0,40988.0,41.0,16.294497,16.294497,65.36004299999999,49.06554599999999,0.24930364565396632,55.52,55.52,49.62,49.62,62.74,62.74,0,1,0,rb_conditioned_underperformance,normal,statistical_only_retained,0.0,13.643326637564034,0.0,41.55,53.33,46.85,Medium,Medium,1,1,0,0,0,0,0,0,0,0,1,2,False,Not handed off
LTE-TP-EP-000491,542020041221088+20250827131704+Fiji-Nadi-LTE-DL-D!20250827121308,Fiji-Nadi-LTE-DL-D,2025-08-27 02:12:22+02:00,2025-08-27 02:12:22+02:00,1,-17.7968369,177.4071029,-17.7968369,177.4071029,363.0,40790.0,41.0,9.753712,9.753712,49.4498,39.696088,0.19724472090888132,55.9,55.9,56.15,56.15,55.59,55.59,0,1,0,ca_underperformance,normal,statistical_only_retained,0.0,0.9654091844508246,0.0,46.45,47.25,46.81,Medium,Medium,1,1,1,1,0,0,0,1,0,0,1,4,False,Not handed off
LTE-TP-EP-001338,542020041221088+20250828122241+Fiji-Nadi-LTE-DL-D!20250828121359,Fiji-Nadi-LTE-DL-D,2025-08-28 02:13:09+02:00,2025-08-28 02:13:09+02:00,1,-17.6033728,177.4529797,-17.6033728,177.4529797,184.0,40988.0,41.0,30.084064,30.084064,111.79482125,81.71075725,0.2691006941432898,56.09,56.09,59.3,59.3,52.17,52.17,0,1,0,rb_conditioned_underperformance,normal,statistical_only_retained,0.0,0.0,0.0,48.81,44.34,46.8,Medium,Medium,1,1,0,0,0,0,0,0,0,0,1,2,False,Not handed off
LTE-TP-EP-001213,542020041221088+20250828114252+Fiji-Nadi-LTE-DL-D!20250828111332,Fiji-Nadi-LTE-DL-D,2025-08-28 01:12:20+02:00,2025-08-28 01:12:21+02:00,2,-17.6052733,177.4758714,-17.6052274,177.4760086,179.0,500.0,1.0,21.765568,24.4461955,85.55677,63.791202,0.25439913171102646,51.23,51.09,52.06,48.89,57.96,53.78,0,2,0,radio_p75_underperformance,normal,statistical_only_retained,1.0,44.21932618503538,0.0,45.62,48.22,46.79,Medium,Medium,2,1,0,0,0,0,0,0,0,0,2,3,True,Medium
LTE-TP-EP-000142,542020041221088+20250827103926+Fiji-Nadi-LTE-DL-D!20250827103843,Fiji-Nadi-LTE-DL-D,2025-08-27 00:37:47+02:00,2025-08-27 00:37:47+02:00,1,-17.81135263,177.43387743,-17.81135263,177.43387743,395.0,500.0,1.0,8.555192,8.555192,,,,56.76,56.76,70.06,70.06,40.5,40.5,0,1,0,radio_limited_degradation,normal,statistical_only_retained,0.0,11.0109021017876,0.0,56.88,34.42,46.78,High,Low,0,0,0,0,0,0,0,1,0,0,1,0,False,Not handed off
LTE-TP-EP-000248,542020041221088+20250827113229+Fiji-Nadi-LTE-DL-D!20250827110935,Fiji-Nadi-LTE-DL-D,2025-08-27 01:08:01+02:00,2025-08-27 01:08:01+02:00,1,-17.7654554,177.4761933,-17.7654554,177.4761933,111.0,41186.0,41.0,28.77648,28.77648,105.7221075,76.9456275,0.2721898066589336,55.96,55.96,57.6,57.6,53.96,53.96,0,1,0,rb_conditioned_underperformance,normal,statistical_only_retained,0.0,10.313726065018898,0.0,47.54,45.87,46.78,Medium,Medium,1,1,0,0,0,0,0,0,0,0,0,2,False,Not handed off
LTE-TP-EP-001341,542020041221088+20250828122241+Fiji-Nadi-LTE-DL-D!20250828121359,Fiji-Nadi-LTE-DL-D,2025-08-28 02:13:29+02:00,2025-08-28 02:13:29+02:00,1,-17.6033735,177.4529811,-17.6033735,177.4529811,184.0,40988.0,41.0,35.81335,35.81335,111.79482125,75.98147125,0.32034891777243213,55.74,55.74,54.3,54.3,57.49,57.49,0,1,0,radio_p75_underperformance,normal,statistical_only_retained,0.0,0.0,0.0,45.06,48.87,46.77,Medium,Medium,1,0,0,0,0,0,0,0,0,0,1,1,False,Not handed off
LTE-TP-EP-000294,542020041221088+20250827121333+Fiji-Nadi-LTE-DL-D!20250827112914,Fiji-Nadi-LTE-DL-D,2025-08-27 01:27:41+02:00,2025-08-27 01:27:42+02:00,2,-17.7796019,177.43071873,-17.7797531,177.4306194,393.0,40790.0,41.0,11.44384,14.909028,83.886915,65.512699,0.2190355432667896,54.4,52.8,57.01,54.105000000000004,51.2,51.2,0,2,0,ca_underperformance,normal,statistical_only_retained,1.0,29.49198480079148,0.0,49.38,43.52,46.74,Medium,Medium,2,2,0,1,0,0,0,2,2,2,2,5,True,Medium
LTE-TP-EP-001299,542020041221088+20250828121301+Fiji-Nadi-LTE-DL-D!20250828114829,Fiji-Nadi-LTE-DL-D,2025-08-28 01:46:32+02:00,2025-08-28 01:46:32+02:00,1,-17.60275654,177.45513166,-17.60275654,177.45513166,184.0,41384.0,41.0,9.403104,9.403104,33.01821120067955,23.615107200679553,0.28478538533930253,55.67,55.67,53.84,53.84,57.9,57.9,0,1,0,sudden_drop,normal,statistical_only_retained,0.0,0.05514336192622251,0.0,44.72,49.22,46.74,Medium,Medium,0,0,0,0,0,0,0,0,0,0,0,0,False,Not handed off
LTE-TP-EP-001099,542020041221088+20250828104547+Fiji-Nadi-LTE-DL-D!20250828104505,Fiji-Nadi-LTE-DL-D,2025-08-28 00:44:46+02:00,2025-08-28 00:44:46+02:00,1,-17.6347627,177.4301975,-17.6347627,177.4301975,312.0,356.0,1.0,31.82628,31.82628,123.63355,91.80727,0.2574242994721093,56.03,56.03,59.98,59.98,51.2,51.2,0,1,0,radio_p75_underperformance,normal,statistical_only_retained,0.0,29.61545453907926,0.0,49.32,43.52,46.71,Medium,Medium,1,0,0,0,0,0,0,0,0,0,1,1,False,Not handed off
LTE-TP-EP-001684,542020041221088+20250828134436+Fiji-Nadi-LTE-DL-D!20250828133934,Fiji-Nadi-LTE-DL-D,2025-08-28 03:38:12+02:00,2025-08-28 03:38:12+02:00,1,-17.6226125,177.4548025,-17.6226125,177.4548025,231.0,41186.0,41.0,8.127208,8.127208,,,,56.76,56.76,71.55,71.55,38.69,38.69,0,1,0,radio_limited_degradation,normal,statistical_only_retained,0.0,7.035442003386964,0.0,58.0,32.89,46.7,High,Low,0,0,0,0,0,0,0,0,0,0,1,0,False,Not handed off
LTE-TP-EP-001075,542020041221088+20250828103907+Fiji-Nadi-LTE-DL-D!20250828103834,Fiji-Nadi-LTE-DL-D,2025-08-28 00:37:51+02:00,2025-08-28 00:37:51+02:00,1,-17.6668812,177.4069694,-17.6668812,177.4069694,455.0,1850.0,3.0,6.527128,6.527128,,,,56.52,56.52,68.16,68.16,42.29,42.29,0,1,0,radio_limited_degradation,normal,statistical_only_retained,0.0,13.350741844233255,0.0,55.46,35.95,46.68,High,Low,0,0,0,0,0,0,0,0,0,0,1,0,False,Not handed off
LTE-TP-EP-001191,542020041221088+20250828113831+Fiji-Nadi-LTE-DL-D!20250828110657,Fiji-Nadi-LTE-DL-D,2025-08-28 01:05:11+02:00,2025-08-28 01:05:11+02:00,1,-17.6339185,177.4780741,-17.6339185,177.4780741,374.0,500.0,1.0,6.567976,6.567976,,,,55.14,55.14,47.01,47.01,65.07,65.07,0,1,0,rb_efficiency_underperformance,normal,statistical_only_retained,0.0,14.225687720432726,0.0,39.59,55.31,46.67,Medium,Medium,0,0,1,0,0,0,0,1,0,0,1,1,False,Not handed off
LTE-TP-EP-000942,542020041221088+20250827155633+Fiji-Nadi-LTE-DL-D!20250827154210,Fiji-Nadi-LTE-DL-D,2025-08-27 05:41:00+02:00,2025-08-27 05:41:00+02:00,1,-17.739114,177.45850067,-17.739114,177.45850067,487.0,41384.0,41.0,5.757464,5.757464,,,,57.25,57.25,79.85,79.85,29.62,29.62,0,1,0,radio_limited_degradation,normal,statistical_only_retained,0.0,0.0,0.0,64.22,25.18,46.65,High,Low,0,0,0,0,0,0,0,0,0,0,0,0,False,Not handed off
LTE-TP-EP-001296,542020041221088+20250828121201+Fiji-Nadi-LTE-DL-D!20250828114619,Fiji-Nadi-LTE-DL-D,2025-08-28 01:45:15+02:00,2025-08-28 01:45:15+02:00,1,-17.60432481,177.45226879,-17.60432481,177.45226879,183.0,41384.0,41.0,4.41932,4.41932,20.690555509163108,16.27123550916311,0.21359117197422955,55.69,55.69,55.86,55.86,55.49,55.49,0,1,0,sudden_drop,normal,statistical_only_retained,0.0,0.6380335272058714,0.0,46.23,47.17,46.65,Medium,Medium,0,0,0,0,0,0,0,0,0,0,0,0,False,Not handed off
LTE-TP-EP-000096,542020041221088+20250827102526+Fiji-Nadi-LTE-DL-D!20250827102354,Fiji-Nadi-LTE-DL-D,2025-08-27 00:22:12+02:00,2025-08-27 00:22:12+02:00,1,-17.80677801,177.41696849,-17.80677801,177.41696849,149.0,41186.0,41.0,32.095184,32.095184,105.7221075,73.6269235,0.30358063000210245,55.56,55.56,54.1,54.1,57.34,57.34,0,1,0,radio_p75_underperformance,normal,statistical_only_retained,0.0,0.07751627780553612,0.0,44.91,48.74,46.63,Medium,Medium,1,0,0,0,0,0,0,0,0,0,1,1,False,Not handed off
LTE-TP-EP-000227,542020041221088+20250827111708+Fiji-Nadi-LTE-DL-D!20250827110046,Fiji-Nadi-LTE-DL-D,2025-08-27 01:00:21+02:00,2025-08-27 01:00:21+02:00,1,-17.7810817,177.4875264,-17.7810817,177.4875264,80.0,40790.0,41.0,17.839184,17.839184,60.347314999999995,42.50813099999999,0.295608578442968,54.75,54.75,41.71,41.71,70.68,70.68,0,1,0,rb_conditioned_underperformance,normal,statistical_only_retained,0.0,6.632621599124638,0.0,35.62,60.08,46.63,Medium,High,1,1,0,0,0,0,0,1,0,0,1,2,False,Not handed off
LTE-TP-EP-000559,542020041221088+20250827133707+Fiji-Nadi-LTE-DL-D!20250827125859,Fiji-Nadi-LTE-DL-D,2025-08-27 02:58:26+02:00,2025-08-27 02:58:26+02:00,1,-17.798513,177.4162462,-17.798513,177.4162462,147.0,40988.0,41.0,7.339184,7.339184,32.41143,25.072246000000003,0.22643814234669682,55.29,55.29,50.15,50.15,61.58,61.58,0,1,0,ca_underperformance,normal,statistical_only_retained,0.0,9.197478347085642,0.0,41.95,52.34,46.63,Medium,Medium,1,1,1,1,0,0,0,1,0,0,1,4,False,Not handed off
LTE-TP-EP-001225,542020041221088+20250828114552+Fiji-Nadi-LTE-DL-D!20250828111754,Fiji-Nadi-LTE-DL-D,2025-08-28 01:16:04+02:00,2025-08-28 01:16:04+02:00,1,-17.5954423,177.5062479,-17.5954423,177.5062479,405.0,500.0,1.0,3.154936,3.154936,,,,57.23,57.23,79.96,79.96,29.44,29.44,0,1,0,radio_limited_degradation,normal,statistical_only_retained,0.0,5.518509547541892,0.0,64.31,25.02,46.63,High,Low,0,0,0,0,0,0,0,1,1,1,1,0,False,Not handed off
LTE-TP-EP-001349,542020041221088+20250828122402+Fiji-Nadi-LTE-DL-D!20250828121612,Fiji-Nadi-LTE-DL-D,2025-08-28 02:14:34+02:00,2025-08-28 02:14:34+02:00,1,-17.60339,177.4530201,-17.60339,177.4530201,184.0,40988.0,41.0,33.17395,33.17395,111.79482125,78.62087125,0.29673959517154286,55.74,55.74,57.0,57.0,54.21,54.21,0,1,0,rb_conditioned_underperformance,normal,statistical_only_retained,0.0,0.011119507784390236,0.0,47.09,46.08,46.63,Medium,Medium,1,1,0,0,0,0,0,0,0,0,0,2,False,Not handed off
LTE-TP-EP-001825,542020041221088+20250828141158+Fiji-Nadi-LTE-DL-D!20250828141111,Fiji-Nadi-LTE-DL-D,2025-08-28 04:09:52+02:00,2025-08-28 04:09:52+02:00,1,-17.6096913,177.4615098,-17.6096913,177.4615098,375.0,356.0,1.0,8.07284,8.07284,,,,56.68,56.68,71.75,71.75,38.25,38.25,0,1,0,radio_limited_degradation,normal,statistical_only_retained,0.0,18.326883607036944,0.0,58.15,32.51,46.61,High,Low,0,0,0,0,0,0,0,0,0,0,0,0,False,Not handed off
LTE-TP-EP-000986,542020041221088+20250827161114+Fiji-Nadi-LTE-DL-D!20250827160608,Fiji-Nadi-LTE-DL-D,2025-08-27 06:05:56+02:00,2025-08-27 06:05:56+02:00,1,-17.8118388,177.439367,-17.8118388,177.439367,469.0,1850.0,3.0,4.91256,4.91256,,,,56.78,56.78,73.81,73.81,35.97,35.97,0,1,0,radio_limited_degradation,normal,statistical_only_retained,0.0,5.287644546581044,0.0,59.69,30.57,46.59,High,Low,0,0,0,0,0,0,0,0,0,0,0,0,False,Not handed off
LTE-TP-EP-001117,542020041221088+20250828105007+Fiji-Nadi-LTE-DL-D!20250828104930,Fiji-Nadi-LTE-DL-D,2025-08-28 00:47:36+02:00,2025-08-28 00:47:36+02:00,1,-17.64695982,177.43867024,-17.64695982,177.43867024,163.0,41384.0,41.0,26.162537,26.162537,105.95971,79.797173,0.24691023597554201,55.91,55.91,60.5,60.5,50.29,50.29,0,1,0,rb_conditioned_underperformance,normal,statistical_only_retained,0.0,9.95266758127625,0.0,49.71,42.75,46.58,Medium,Medium,1,1,0,0,0,0,0,0,0,0,1,2,False,Not handed off
LTE-TP-EP-001262,542020041221088+20250828115753+Fiji-Nadi-LTE-DL-D!20250828113321,Fiji-Nadi-LTE-DL-D,2025-08-28 01:32:52+02:00,2025-08-28 01:32:52+02:00,1,-17.6057816,177.4608321,-17.6057816,177.4608321,373.0,40790.0,41.0,5.002712,5.002712,,,,56.75,56.75,73.49,73.49,36.3,36.3,0,1,0,radio_limited_degradation,normal,statistical_only_retained,0.0,13.20836935506438,0.0,59.45,30.86,46.58,High,Low,0,0,0,0,0,0,0,1,0,0,1,0,False,Not handed off
LTE-TP-EP-001083,542020041221088+20250828104127+Fiji-Nadi-LTE-DL-D!20250828104043,Fiji-Nadi-LTE-DL-D,2025-08-28 00:39:25+02:00,2025-08-28 00:39:25+02:00,1,-17.6565447,177.4055114,-17.6565447,177.4055114,161.0,40988.0,41.0,24.41748,24.41748,91.69322,67.27574,0.26629537058465175,55.4,55.4,53.1,53.1,58.22,58.22,0,1,0,rb_conditioned_underperformance,normal,statistical_only_retained,0.0,13.66356784349231,0.0,44.16,49.49,46.56,Medium,Medium,1,1,0,0,0,0,0,1,0,0,1,2,False,Not handed off
LTE-TP-EP-000341,542020041221088+20250827122836+Fiji-Nadi-LTE-DL-D!20250827113757,Fiji-Nadi-LTE-DL-D,2025-08-27 01:36:57+02:00,2025-08-27 01:36:57+02:00,1,-17.77934509,177.42627629,-17.77934509,177.42627629,394.0,41384.0,41.0,10.967344,10.967344,38.729599,27.762255,0.28317731872204516,54.78,54.78,43.65,43.65,68.39,68.39,0,1,0,ca_underperformance,normal,statistical_only_retained,0.0,9.186732431014084,0.0,37.07,58.13,46.55,Medium,Medium,1,1,0,1,0,0,0,1,0,0,1,3,False,Not handed off
LTE-TP-EP-000533,542020041221088+20250827133105+Fiji-Nadi-LTE-DL-D!20250827124329,Fiji-Nadi-LTE-DL-D,2025-08-27 02:43:08+02:00,2025-08-27 02:43:08+02:00,1,-17.8056872,177.4149039,-17.8056872,177.4149039,144.0,41384.0,41.0,18.707184,18.707184,78.06344,59.356256,0.239640784469657,55.34,55.34,52.32,52.32,59.04,59.04,0,1,0,rb_conditioned_underperformance,normal,statistical_only_retained,0.0,0.034998186506137,0.0,43.58,50.18,46.55,Medium,Medium,1,1,0,0,0,0,0,0,0,0,1,2,False,Not handed off
LTE-TP-EP-001288,542020041221088+20250828121041+Fiji-Nadi-LTE-DL-D!20250828114409,Fiji-Nadi-LTE-DL-D,2025-08-28 01:42:39+02:00,2025-08-28 01:42:39+02:00,1,-17.60367536,177.451356,-17.60367536,177.451356,139.0,41384.0,41.0,5.040112,5.040112,,,,55.34,55.34,52.36,52.36,58.98,58.98,0,1,0,radio_limited_degradation,normal,statistical_only_retained,0.0,2.667190059153719,0.0,43.61,50.13,46.54,Medium,Medium,0,0,0,0,0,0,0,1,0,0,1,0,False,Not handed off
LTE-TP-EP-001971,542020041221088+20250829102513+Nawaka-LTE-DL!20250829102435,Nawaka-LTE-DL,2025-08-29 00:23:30+02:00,2025-08-29 00:23:30+02:00,1,-17.8128907,177.4432632,-17.8128907,177.4432632,469.0,9310.0,28.0,3.389344,3.389344,,,,56.29,56.29,67.14,67.14,43.03,43.03,0,1,0,radio_limited_degradation,normal,statistical_only_retained,0.0,0.0,0.0,54.69,36.58,46.54,Medium,Low,0,0,0,0,0,0,0,1,0,0,1,0,False,Not handed off
LTE-TP-EP-000126,542020041221088+20250827103246+Fiji-Nadi-LTE-DL-D!20250827103001,Fiji-Nadi-LTE-DL-D,2025-08-27 00:29:29+02:00,2025-08-27 00:29:29+02:00,1,-17.81511243,177.43790844,-17.81511243,177.43790844,469.0,500.0,1.0,9.222008,9.222008,43.970293999999996,34.74828599999999,0.20973268907412812,55.4,55.4,53.61,53.61,57.59,57.59,0,1,0,ca_underperformance,normal,statistical_only_retained,0.0,10.883079682304471,0.0,44.54,48.95,46.53,Medium,Medium,1,1,1,1,0,0,0,1,0,0,1,4,False,Not handed off
LTE-TP-EP-001177,542020041221088+20250828113631+Fiji-Nadi-LTE-DL-D!20250828110448,Fiji-Nadi-LTE-DL-D,2025-08-28 01:03:23+02:00,2025-08-28 01:03:23+02:00,1,-17.63835255,177.47152976,-17.63835255,177.47152976,231.0,356.0,1.0,35.926434,35.926434,123.63355,87.707116,0.2905880644857322,55.69,55.69,58.05,58.05,52.8,52.8,0,1,0,radio_p75_underperformance,normal,statistical_only_retained,0.0,10.962361551231032,0.0,47.87,44.88,46.53,Medium,Medium,1,0,0,0,0,0,0,1,0,0,1,1,False,Not handed off
LTE-TP-EP-001890,542020041221088+20250828143139+Fiji-Nadi-LTE-DL-D!20250828143127,Fiji-Nadi-LTE-DL-D,2025-08-28 04:30:38+02:00,2025-08-28 04:30:38+02:00,1,-17.61073893,177.44140784,-17.61073893,177.44140784,383.0,356.0,1.0,3.300288,3.300288,,,,57.08,57.08,79.45,79.45,29.73,29.73,0,1,0,radio_limited_degradation,normal,statistical_only_retained,0.0,0.3053831337636448,0.0,63.92,25.27,46.53,High,Low,0,0,0,0,0,0,0,1,0,0,1,0,False,Not handed off
LTE-TP-EP-001923,542020041221088+20250828143859+Fiji-Nadi-LTE-DL-D!20250828143815,Fiji-Nadi-LTE-DL-D,2025-08-28 04:37:19+02:00,2025-08-28 04:37:19+02:00,1,-17.62200898,177.43609042,-17.62200898,177.43609042,169.0,500.0,1.0,5.59908,5.59908,,,,55.2,55.2,50.4,50.4,61.06,61.06,0,1,0,radio_limited_degradation,normal,statistical_only_retained,0.0,0.10017251759338319,0.0,42.14,51.9,46.53,Medium,Medium,0,0,0,0,0,0,0,1,0,0,1,0,False,Not handed off
LTE-TP-EP-001833,542020041221088+20250828141358+Fiji-Nadi-LTE-DL-D!20250828141324,Fiji-Nadi-LTE-DL-D,2025-08-28 04:11:57+02:00,2025-08-28 04:11:57+02:00,1,-17.61069797,177.4627664,-17.61069797,177.4627664,375.0,356.0,1.0,7.537304,7.537304,,,,56.69,56.69,73.62,73.62,36.0,36.0,0,1,0,radio_limited_degradation,normal,statistical_only_retained,0.0,0.19331204046549333,0.0,59.55,30.6,46.52,High,Low,0,0,0,0,0,0,0,0,0,0,0,0,False,Not handed off
LTE-TP-EP-001534,542020041221088+20250828130044+Fiji-Nadi-LTE-DL-D!20250828130012,Fiji-Nadi-LTE-DL-D,2025-08-28 02:58:59+02:00,2025-08-28 02:58:59+02:00,1,-17.629907,177.4545666,-17.629907,177.4545666,165.0,500.0,1.0,55.385098,55.385098,176.8458,121.460702,0.3131829989742476,55.58,55.58,56.73,56.73,54.18,54.18,0,1,0,radio_p75_underperformance,normal,statistical_only_retained,0.0,6.899629124520339,0.0,46.88,46.05,46.51,Medium,Medium,1,0,0,0,0,0,0,0,0,0,0,1,False,Not handed off
LTE-TP-EP-001581,542020041221088+20250828131954+Fiji-Nadi-LTE-DL-D!20250828131344,Fiji-Nadi-LTE-DL-D,2025-08-28 03:12:12+02:00,2025-08-28 03:12:12+02:00,1,-17.6311648,177.4762382,-17.6311648,177.4762382,352.0,9310.0,28.0,5.11996,5.11996,,,,55.24,55.24,52.08,52.08,59.1,59.1,0,1,0,rb_efficiency_underperformance,normal,statistical_only_retained,0.0,14.371054506443198,0.0,43.4,50.24,46.47,Medium,Medium,0,0,1,0,0,0,0,1,0,0,1,1,False,Not handed off
LTE-TP-EP-001901,542020041221088+20250828143419+Fiji-Nadi-LTE-DL-D!20250828143343,Fiji-Nadi-LTE-DL-D,2025-08-28 04:33:04+02:00,2025-08-28 04:33:04+02:00,1,-17.6187272,177.4472042,-17.6187272,177.4472042,383.0,40988.0,41.0,8.62132,8.62132,43.68767,35.06635,0.1973398901795404,55.4,55.4,55.25,55.25,55.59,55.59,0,1,0,ca_underperformance,normal,statistical_only_retained,0.0,24.062495994565225,0.0,45.77,47.25,46.44,Medium,Medium,1,1,1,1,0,0,0,1,0,0,1,4,False,Not handed off
LTE-TP-EP-000564,542020041221088+20250827133827+Fiji-Nadi-LTE-DL-D!20250827130111,Fiji-Nadi-LTE-DL-D,2025-08-27 03:00:32+02:00,2025-08-27 03:00:32+02:00,1,-17.79467712,177.42132511,-17.79467712,177.42132511,362.0,41384.0,41.0,8.327136,8.327136,38.729599,30.402463,0.2150070286036269,55.19,55.19,52.25,52.25,58.79,58.79,0,1,0,ca_underperformance,normal,statistical_only_retained,0.0,9.907327988080123,0.0,43.52,49.97,46.43,Medium,Medium,1,1,1,1,0,0,0,1,0,1,1,4,False,Not handed off
LTE-TP-EP-000216,542020041221088+20250827111028+Fiji-Nadi-LTE-DL-D!20250827105621,Fiji-Nadi-LTE-DL-D,2025-08-27 00:55:18+02:00,2025-08-27 00:55:18+02:00,1,-17.76878376,177.47576939,-17.76878376,177.47576939,111.0,41186.0,41.0,17.98964,17.98964,70.787155,52.797515,0.25413706766432415,54.98,54.98,49.09,49.09,62.19,62.19,0,1,0,rb_conditioned_underperformance,normal,statistical_only_retained,0.0,0.16721270811067815,0.0,41.15,52.86,46.42,Medium,Medium,1,1,0,0,0,0,0,0,0,0,0,2,False,Not handed off
LTE-TP-EP-001714,542020041221088+20250828135037+Fiji-Nadi-LTE-DL-D!20250828134621,Fiji-Nadi-LTE-DL-D,2025-08-28 03:45:28+02:00,2025-08-28 03:45:28+02:00,1,-17.61132482,177.44980867,-17.61132482,177.44980867,140.0,41384.0,41.0,26.922304,26.922304,105.95971,79.037406,0.25408057458820904,55.65,55.65,59.7,59.7,50.71,50.71,0,1,0,rb_conditioned_underperformance,normal,statistical_only_retained,0.0,0.059630634868264115,0.0,49.11,43.1,46.41,Medium,Medium,1,1,0,0,0,0,0,0,0,0,1,2,False,Not handed off
LTE-TP-EP-000981,542020041221088+20250827161114+Fiji-Nadi-LTE-DL-D!20250827160608,Fiji-Nadi-LTE-DL-D,2025-08-27 06:05:36+02:00,2025-08-27 06:05:36+02:00,1,-17.8116532,177.4398937,-17.8116532,177.4398937,469.0,1850.0,3.0,1.708632,1.708632,12.94927917831814,11.24064717831814,0.13194803946005573,55.27,55.27,53.88,53.88,56.97,56.97,0,1,0,sudden_drop,normal,statistical_only_retained,0.0,6.40725105231616,0.0,44.75,48.42,46.4,Medium,Medium,0,0,0,0,0,0,0,0,0,0,0,0,False,Not handed off
LTE-TP-EP-000809,542020041221088+20250827145611+Fiji-Nadi-LTE-DL-D!20250827145542,Fiji-Nadi-LTE-DL-D,2025-08-27 04:53:52+02:00,2025-08-27 04:53:52+02:00,1,-17.768436,177.4758632,-17.768436,177.4758632,111.0,41384.0,41.0,39.794422,39.794422,121.14346,81.34903800000001,0.3284900563348611,55.38,55.38,55.84,55.84,54.82,54.82,0,1,0,radio_p75_underperformance,normal,statistical_only_retained,0.0,5.888328171192095,0.0,46.22,46.6,46.39,Medium,Medium,1,0,0,0,0,0,0,0,0,0,0,1,False,Not handed off
LTE-TP-EP-001229,542020041221088+20250828114712+Fiji-Nadi-LTE-DL-D!20250828112007,Fiji-Nadi-LTE-DL-D,2025-08-28 01:19:35+02:00,2025-08-28 01:19:35+02:00,1,-17.60210995,177.4856846,-17.60210995,177.4856846,177.0,40988.0,41.0,4.347824,4.347824,,,,55.32,55.32,54.78,54.78,55.97,55.97,0,1,0,radio_limited_degradation,normal,statistical_only_retained,0.0,0.05928581533668918,0.0,45.42,47.57,46.39,Medium,Medium,0,0,0,0,0,0,0,0,0,0,1,0,False,Not handed off
LTE-TP-EP-001843,542020041221088+20250828141358+Fiji-Nadi-LTE-DL-D!20250828141324,Fiji-Nadi-LTE-DL-D,2025-08-28 04:13:03+02:00,2025-08-28 04:13:04+02:00,2,-17.6139141,177.4612734,-17.6138674,177.4611535,353.0,41384.0,41.0,33.446144,33.716295,105.95971,72.513566,0.31564963701769283,53.54,52.665,52.84,52.56,54.4,52.8,0,2,0,radio_p75_underperformance,normal,statistical_only_retained,1.0,41.86137689827606,0.0,46.78,45.84,46.36,Medium,Medium,2,1,0,0,0,0,0,2,0,0,2,3,True,Medium
LTE-TP-EP-000429,542020041221088+20250827123938+Fiji-Nadi-LTE-DL-D!20250827115735,Fiji-Nadi-LTE-DL-D,2025-08-27 01:56:56+02:00,2025-08-27 01:56:56+02:00,1,-17.7720827,177.3694888,-17.7720827,177.3694888,156.0,40790.0,41.0,40.31872,40.31872,119.0290425,78.7103225,0.3387301044616905,55.26,55.26,54.6,54.6,56.07,56.07,0,1,0,radio_p75_underperformance,normal,statistical_only_retained,0.0,8.825511974795996,0.0,45.29,47.66,46.35,Medium,Medium,1,0,0,0,0,0,0,0,0,0,1,1,False,Not handed off
LTE-TP-EP-001266,542020041221088+20250828120053+Fiji-Nadi-LTE-DL-D!20250828113532,Fiji-Nadi-LTE-DL-D,2025-08-28 01:34:44+02:00,2025-08-28 01:34:44+02:00,1,-17.6036196,177.4605712,-17.6036196,177.4605712,187.0,500.0,1.0,8.775696,8.775696,43.970293999999996,35.194598,0.19958238168705447,55.26,55.26,54.99,54.99,55.59,55.59,0,1,0,ca_underperformance,normal,statistical_only_retained,0.0,18.928249537857916,0.0,45.58,47.25,46.33,Medium,Medium,1,1,1,1,0,0,0,1,0,0,1,4,False,Not handed off
LTE-TP-EP-000650,542020041221088+20250827135148+Fiji-Nadi-LTE-DL-D!20250827132524,Fiji-Nadi-LTE-DL-D,2025-08-27 03:24:04+02:00,2025-08-27 03:24:04+02:00,1,-17.7764988,177.4328923,-17.7764988,177.4328923,338.0,41384.0,41.0,4.04468,4.04468,,,,55.29,55.29,55.84,55.84,54.61,54.61,0,1,0,radio_limited_degradation,normal,statistical_only_retained,0.0,2.5414307361165798,0.0,46.22,46.42,46.31,Medium,Medium,0,0,0,0,0,0,0,0,0,0,1,0,False,Not handed off
LTE-TP-EP-000303,542020041221088+20250827122034+Fiji-Nadi-LTE-DL-D!20250827113125,Fiji-Nadi-LTE-DL-D,2025-08-27 01:29:53+02:00,2025-08-27 01:29:53+02:00,1,-17.77636118,177.42394082,-17.77636118,177.42394082,341.0,356.0,1.0,11.269816,11.269816,38.405551998160846,27.135735998160847,0.2934423648054762,55.09,55.09,53.89,53.89,56.55,56.55,0,1,0,ca_underperformance,normal,statistical_only_retained,0.0,0.5463086265298871,0.0,44.75,48.07,46.24,Medium,Medium,0,1,0,1,0,0,0,1,0,0,1,2,False,Not handed off
LTE-TP-EP-000255,542020041221088+20250827113629+Fiji-Nadi-LTE-DL-D!20250827111145,Fiji-Nadi-LTE-DL-D,2025-08-27 01:11:31+02:00,2025-08-27 01:11:31+02:00,1,-17.7583466,177.4644392,-17.7583466,177.4644392,448.0,40790.0,41.0,40.779846,40.779846,118.44779,77.667944,0.34428541047494426,55.02,55.02,53.75,53.75,56.57,56.57,0,1,0,rb_conditioned_underperformance,normal,statistical_only_retained,0.0,12.4280851313611,0.0,44.65,48.08,46.19,Medium,Medium,0,1,0,0,0,0,0,0,0,0,1,1,False,Not handed off
LTE-TP-EP-001166,542020041221088+20250828113551+Fiji-Nadi-LTE-DL-D!20250828110238,Fiji-Nadi-LTE-DL-D,2025-08-28 01:01:51+02:00,2025-08-28 01:01:51+02:00,1,-17.6387214,177.4630791,-17.6387214,177.4630791,165.0,40790.0,41.0,30.23976,30.23976,119.0290425,88.7892825,0.25405362729016323,55.42,55.42,60.18,60.18,49.6,49.6,0,1,0,rb_conditioned_underperformance,normal,statistical_only_retained,0.0,20.206543417178914,0.0,49.47,42.16,46.18,Medium,Medium,1,1,0,0,0,0,0,0,0,0,1,2,False,Not handed off
LTE-TP-EP-000780,542020041221088+20250827141150+Fiji-Nadi-LTE-DL-D!20250827140658,Fiji-Nadi-LTE-DL-D,2025-08-27 04:06:30+02:00,2025-08-27 04:06:30+02:00,1,-17.76485583,177.43956172,-17.76485583,177.43956172,130.0,40988.0,41.0,7.26524,7.26524,,,,56.33,56.33,74.57,74.57,34.04,34.04,0,1,0,radio_limited_degradation,normal,statistical_only_retained,0.0,8.889431588323246,0.0,60.26,28.93,46.17,High,Low,0,0,0,0,0,0,0,1,1,1,1,0,False,Not handed off
LTE-TP-EP-001214,542020041221088+20250828114252+Fiji-Nadi-LTE-DL-D!20250828111332,Fiji-Nadi-LTE-DL-D,2025-08-28 01:12:25+02:00,2025-08-28 01:12:25+02:00,1,-17.6050565,177.4765391,-17.6050565,177.4765391,179.0,500.0,1.0,18.155912,18.155912,85.55677,67.400858,0.21220894617690686,55.29,55.29,58.63,58.63,51.2,51.2,0,1,0,rb_conditioned_underperformance,normal,statistical_only_retained,0.0,29.889427923465355,0.0,48.31,43.52,46.15,Medium,Medium,1,1,0,0,0,0,0,1,0,0,1,2,False,Not handed off
LTE-TP-EP-001915,542020041221088+20250828143639+Fiji-Nadi-LTE-DL-D!20250828143559,Fiji-Nadi-LTE-DL-D,2025-08-28 04:34:56+02:00,2025-08-28 04:34:56+02:00,1,-17.62036881,177.44381833,-17.62036881,177.44381833,169.0,41384.0,41.0,7.624872,7.624872,38.729599,31.104727,0.19687454032250631,55.01,55.01,54.54,54.54,55.59,55.59,0,1,0,ca_underperformance,normal,statistical_only_retained,0.0,10.893962918888452,0.0,45.24,47.25,46.15,Medium,Medium,1,1,1,1,0,0,0,1,0,0,1,4,False,Not handed off
LTE-TP-EP-001260,542020041221088+20250828115753+Fiji-Nadi-LTE-DL-D!20250828113321,Fiji-Nadi-LTE-DL-D,2025-08-28 01:31:45+02:00,2025-08-28 01:31:45+02:00,1,-17.6050005,177.45753099,-17.6050005,177.45753099,195.0,1850.0,3.0,26.194752,26.194752,103.049195,76.854443,0.2541965708708351,55.27,55.27,58.6,58.6,51.2,51.2,0,1,0,rb_conditioned_underperformance,normal,statistical_only_retained,0.0,0.056495000193822004,0.0,48.29,43.52,46.14,Medium,Medium,1,1,0,0,0,0,0,1,0,0,1,2,False,Not handed off
LTE-TP-EP-001452,542020041221088+20250828124303+Fiji-Nadi-LTE-DL-D!20250828124223,Fiji-Nadi-LTE-DL-D,2025-08-28 02:42:10+02:00,2025-08-28 02:42:10+02:00,1,-17.62381411,177.43439446,-17.62381411,177.43439446,345.0,40790.0,41.0,38.389023,38.389023,118.44779,80.05876699999999,0.32410079580209983,55.09,55.09,56.09,56.09,53.87,53.87,0,1,0,radio_p75_underperformance,normal,statistical_only_retained,0.0,0.038051352497062464,0.0,46.4,45.79,46.13,Medium,Medium,1,0,0,0,0,0,0,0,0,0,1,1,False,Not handed off
LTE-TP-EP-000473,542020041221088+20250827131624+Fiji-Nadi-LTE-DL-D!20250827121056,Fiji-Nadi-LTE-DL-D,2025-08-27 02:10:01+02:00,2025-08-27 02:10:01+02:00,1,-17.7963221,177.3998553,-17.7963221,177.3998553,140.0,356.0,1.0,4.557064,4.557064,,,,55.5,55.5,63.05,63.05,46.27,46.27,0,1,0,radio_limited_degradation,normal,statistical_only_retained,0.0,24.480163078442903,0.0,51.62,39.33,46.09,Medium,Low,0,0,0,0,0,0,0,0,0,0,0,0,False,Not handed off
LTE-TP-EP-001666,542020041221088+20250828134116+Fiji-Nadi-LTE-DL-D!20250828133502,Fiji-Nadi-LTE-DL-D,2025-08-28 03:33:08+02:00,2025-08-28 03:33:08+02:00,1,-17.6141124,177.4618933,-17.6141124,177.4618933,353.0,40988.0,41.0,24.812817,24.812817,100.12010000000001,75.30728300000001,0.24783052553882784,55.18,55.18,58.2,58.2,51.48,51.48,0,1,0,rb_conditioned_underperformance,normal,statistical_only_retained,0.0,24.730838157379424,0.0,47.99,43.76,46.08,Medium,Medium,1,1,0,0,0,0,0,1,0,0,1,2,False,Not handed off
LTE-TP-EP-001385,542020041221088+20250828123202+Fiji-Nadi-LTE-DL-D!20250828122853,Fiji-Nadi-LTE-DL-D,2025-08-28 02:28:48+02:00,2025-08-28 02:28:48+02:00,1,-17.62767818,177.43282587,-17.62767818,177.43282587,354.0,40988.0,41.0,30.808,30.808,100.12010000000001,69.31210000000002,0.307710439761846,54.71,54.71,51.71,51.71,58.38,58.38,0,1,0,rb_conditioned_underperformance,normal,statistical_only_retained,0.0,0.11350664597339125,0.0,43.12,49.62,46.05,Medium,Medium,1,1,0,0,0,0,0,1,0,0,1,2,False,Not handed off
LTE-TP-EP-001874,542020041221088+20250828142258+Fiji-Nadi-LTE-DL-D!20250828142226,Fiji-Nadi-LTE-DL-D,2025-08-28 04:21:36+02:00,2025-08-28 04:21:36+02:00,1,-17.60557728,177.45370918,-17.60557728,177.45370918,139.0,9310.0,28.0,32.19705,32.19705,103.01821000000001,70.82116000000002,0.3125374630368747,54.71,54.71,52.18,52.18,57.81,57.81,0,1,0,rb_conditioned_underperformance,normal,statistical_only_retained,0.0,1.785762493066267,0.0,43.47,49.14,46.02,Medium,Medium,0,1,0,0,0,0,0,1,0,0,1,1,False,Not handed off
LTE-TP-EP-001391,542020041221088+20250828123522+Fiji-Nadi-LTE-DL-D!20250828123323,Fiji-Nadi-LTE-DL-D,2025-08-28 02:32:50+02:00,2025-08-28 02:32:50+02:00,1,-17.630566,177.439516,-17.630566,177.439516,354.0,41384.0,41.0,8.392008,8.392008,38.729599,30.337591,0.21668202658127186,54.7,54.7,52.04,52.04,57.94,57.94,0,1,0,ca_underperformance,normal,statistical_only_retained,0.0,9.102154276423136,0.0,43.37,49.25,46.01,Medium,Medium,1,1,1,1,0,0,0,1,0,0,1,4,False,Not handed off
LTE-TP-EP-001899,542020041221088+20250828143419+Fiji-Nadi-LTE-DL-D!20250828143343,Fiji-Nadi-LTE-DL-D,2025-08-28 04:32:50+02:00,2025-08-28 04:32:50+02:00,1,-17.61788794,177.44570284,-17.61788794,177.44570284,383.0,40988.0,41.0,9.797288,9.797288,43.68767,33.890381999999995,0.22425750789639276,54.65,54.65,51.62,51.62,58.35,58.35,0,1,0,rb_efficiency_underperformance,normal,statistical_only_retained,0.0,0.039938593910022156,0.0,43.05,49.6,46.0,Medium,Medium,1,1,1,0,0,0,0,1,0,0,1,3,False,Not handed off
LTE-TP-EP-000349,542020041221088+20250827123136+Fiji-Nadi-LTE-DL-D!20250827114007,Fiji-Nadi-LTE-DL-D,2025-08-27 01:38:33+02:00,2025-08-27 01:38:33+02:00,1,-17.78405374,177.41975169,-17.78405374,177.41975169,137.0,40790.0,41.0,11.807296,11.807296,60.347314999999995,48.540018999999994,0.1956556973578692,55.0,55.0,58.1,58.1,51.2,51.2,0,1,0,ca_underperformance,normal,statistical_only_retained,0.0,12.983149235560795,0.0,47.91,43.52,45.94,Medium,Medium,1,1,0,1,0,0,0,1,0,0,1,3,False,Not handed off
LTE-TP-EP-000240,542020041221088+20250827112649+Fiji-Nadi-LTE-DL-D!20250827110516,Fiji-Nadi-LTE-DL-D,2025-08-27 01:04:07+02:00,2025-08-27 01:04:07+02:00,1,-17.7677107,177.489457,-17.7677107,177.489457,80.0,9310.0,28.0,13.229296,13.229296,59.51545075,46.28615475,0.22228338747816676,54.7,54.7,53.64,53.64,56.0,56.0,0,1,0,rb_conditioned_underperformance,normal,statistical_only_retained,0.0,9.84288043200351,0.0,44.57,47.6,45.93,Medium,Medium,1,1,0,0,0,0,0,1,1,1,1,2,False,Not handed off
LTE-TP-EP-000951,542020041221088+20250827155853+Fiji-Nadi-LTE-DL-D!20250827154409,Fiji-Nadi-LTE-DL-D,2025-08-27 05:43:35+02:00,2025-08-27 05:43:35+02:00,1,-17.74829243,177.45543594,-17.74829243,177.45543594,50.0,40790.0,41.0,21.15216,21.15216,83.886915,62.73475500000001,0.252150886702652,54.57,54.57,51.66,51.66,58.12,58.12,0,1,0,rb_conditioned_underperformance,normal,statistical_only_retained,0.0,0.06104181752843692,0.0,43.08,49.4,45.93,Medium,Medium,1,1,0,0,0,0,0,0,0,0,0,2,False,Not handed off
LTE-TP-EP-001474,542020041221088+20250828124943+Fiji-Nadi-LTE-DL-D!20250828124907,Fiji-Nadi-LTE-DL-D,2025-08-28 02:48:28+02:00,2025-08-28 02:48:28+02:00,1,-17.6265774,177.4485415,-17.6265774,177.4485415,376.0,356.0,1.0,6.925024,6.925024,31.748123749999998,24.823099749999997,0.2181238820451555,54.54,54.54,51.03,51.03,58.82,58.82,0,1,0,rb_efficiency_underperformance,normal,statistical_only_retained,0.0,26.0955938254555,0.0,42.61,50.0,45.93,Medium,Medium,1,1,1,0,0,0,0,1,0,0,1,3,False,Not handed off
LTE-TP-EP-001698,542020041221088+20250828134936+Fiji-Nadi-LTE-DL-D!20250828134405,Fiji-Nadi-LTE-DL-D,2025-08-28 03:42:07+02:00,2025-08-28 03:42:07+02:00,1,-17.61232501,177.44808475,-17.61232501,177.44808475,182.0,41384.0,41.0,9.703576,9.703576,38.729599,29.026023000000002,0.2505467717339392,54.32,54.32,47.77,47.77,62.33,62.33,0,1,0,ca_underperformance,normal,statistical_only_retained,0.0,4.491098777633198,0.0,40.16,52.98,45.93,Medium,Medium,1,1,1,1,0,0,0,0,0,0,1,4,False,Not handed off
LTE-TP-EP-000276,542020041221088+20250827114910+Fiji-Nadi-LTE-DL-D!20250827112027,Fiji-Nadi-LTE-DL-D,2025-08-27 01:19:05+02:00,2025-08-27 01:19:05+02:00,1,-17.76174545,177.45517097,-17.76174545,177.45517097,348.0,40790.0,41.0,35.911552,35.911552,119.0290425,83.1174905,0.30170411561531296,54.91,54.91,57.4,57.4,51.87,51.87,0,1,0,rb_conditioned_underperformance,normal,statistical_only_retained,0.0,0.1424089048154452,0.0,47.39,44.09,45.9,Medium,Medium,1,1,0,0,0,0,0,0,0,0,1,2,False,Not handed off
LTE-TP-EP-001707,542020041221088+20250828134936+Fiji-Nadi-LTE-DL-D!20250828134405,Fiji-Nadi-LTE-DL-D,2025-08-28 03:43:41+02:00,2025-08-28 03:43:41+02:00,1,-17.6138807,177.4496913,-17.6138807,177.4496913,140.0,41186.0,41.0,10.815432,10.815432,54.170067,43.354635,0.19965698030242418,54.84,54.84,56.51,56.51,52.8,52.8,0,1,0,rb_conditioned_underperformance,normal,statistical_only_retained,0.0,14.8139886934363,0.0,46.72,44.88,45.89,Medium,Medium,1,1,0,0,0,0,0,1,0,0,1,2,False,Not handed off
LTE-TP-EP-000828,542020041221088+20250827151132+Fiji-Nadi-LTE-DL-D!20250827151053,Fiji-Nadi-LTE-DL-D,2025-08-27 05:09:19+02:00,2025-08-27 05:09:20+02:00,2,-17.7543848,177.4548009,-17.7543548,177.4547811,448.0,500.0,1.0,19.100399,19.451247000000002,81.48199,62.381591,0.2344125247800158,52.54,52.25,53.64,52.775,52.03,51.615,0,2,0,rb_conditioned_underperformance,normal,statistical_only_retained,1.0,6.436366485359312,0.0,47.26,44.12,45.85,Medium,Medium,2,2,0,0,0,0,0,2,0,0,2,4,True,Medium
LTE-TP-EP-001148,542020041221088+20250828105848+Fiji-Nadi-LTE-DL-D!20250828105816,Fiji-Nadi-LTE-DL-D,2025-08-28 00:56:23+02:00,2025-08-28 00:56:23+02:00,1,-17.6487854,177.4466778,-17.6487854,177.4466778,163.0,41384.0,41.0,35.495487,35.495487,105.95971,70.464223,0.33499041286541836,54.42,54.42,50.69,50.69,58.98,58.98,0,1,0,radio_p75_underperformance,normal,statistical_only_retained,0.0,5.968456387635362,0.0,42.35,50.13,45.85,Medium,Medium,1,0,0,0,0,0,0,0,0,0,1,1,False,Not handed off
LTE-TP-EP-000127,542020041221088+20250827103246+Fiji-Nadi-LTE-DL-D!20250827103001,Fiji-Nadi-LTE-DL-D,2025-08-27 00:29:31+02:00,2025-08-27 00:29:31+02:00,1,-17.81506996,177.43770322,-17.81506996,177.43770322,332.0,500.0,1.0,10.761296,10.761296,43.970293999999996,33.208997999999994,0.24474014206045566,54.26,54.26,48.88,48.88,60.83,60.83,0,1,0,ca_underperformance,normal,statistical_only_retained,0.0,0.15751747889668796,0.0,41.0,51.71,45.82,Medium,Medium,1,1,0,1,0,0,0,1,0,0,1,3,False,Not handed off
LTE-TP-EP-000935,542020041221088+20250827155633+Fiji-Nadi-LTE-DL-D!20250827154210,Fiji-Nadi-LTE-DL-D,2025-08-27 05:40:08+02:00,2025-08-27 05:40:08+02:00,1,-17.7395252,177.4579483,-17.7395252,177.4579483,487.0,41384.0,41.0,32.9292,32.9292,105.95971,73.03050999999999,0.31077095246863173,54.54,54.54,53.39,53.39,55.95,55.95,0,1,0,radio_p75_underperformance,normal,statistical_only_retained,0.0,,0.0,44.38,47.56,45.81,Medium,Medium,1,0,0,0,0,0,0,0,0,0,1,1,False,Not handed off
LTE-TP-EP-000861,542020041221088+20250827151552+Fiji-Nadi-LTE-DL-D!20250827151524,Fiji-Nadi-LTE-DL-D,2025-08-27 05:15:05+02:00,2025-08-27 05:15:05+02:00,1,-17.7474632,177.449651,-17.7474632,177.449651,114.0,41186.0,41.0,10.367448,10.367448,54.170067,43.80261900000001,0.1913870256058572,54.82,54.82,57.78,57.78,51.2,51.2,0,1,0,ca_underperformance,normal,statistical_only_retained,0.0,14.02711820983654,0.0,47.67,43.52,45.8,Medium,Medium,1,1,0,1,0,0,0,1,0,0,1,3,False,Not handed off
LTE-TP-EP-001015,542020041221088+20250827161234+Fiji-Nadi-LTE-DL-D!20250827161029,Fiji-Nadi-LTE-DL-D,2025-08-27 06:09:15+02:00,2025-08-27 06:09:15+02:00,1,-17.814953,177.43896515,-17.814953,177.43896515,148.0,41186.0,41.0,6.846328,6.846328,,,,56.0,56.0,76.04,76.04,31.5,31.5,0,1,0,radio_limited_degradation,normal,statistical_only_retained,0.0,4.8099009126077785,0.0,61.37,26.78,45.8,High,Low,0,0,0,0,0,0,0,1,0,0,1,0,False,Not handed off
LTE-TP-EP-000602,542020041221088+20250827134347+Fiji-Nadi-LTE-DL-D!20250827131002,Fiji-Nadi-LTE-DL-D,2025-08-27 03:08:35+02:00,2025-08-27 03:08:35+02:00,1,-17.7769027,177.43056262,-17.7769027,177.43056262,129.0,41186.0,41.0,12.822064,12.822064,60.097231750000006,47.27516775000001,0.2133553181507399,54.62,54.62,55.16,55.16,53.97,53.97,0,1,0,ca_underperformance,normal,statistical_only_retained,0.0,0.1478050416852336,0.0,45.71,45.87,45.78,Medium,Medium,1,1,0,1,0,0,0,1,0,0,1,3,False,Not handed off
LTE-TP-EP-001735,542020041221088+20250828135857+Fiji-Nadi-LTE-DL-D!20250828135526,Fiji-Nadi-LTE-DL-D,2025-08-28 03:54:12+02:00,2025-08-28 03:54:13+02:00,2,-17.611307,177.4497929,-17.6112726,177.4498616,140.0,41384.0,41.0,32.205288,33.197879,105.95971,73.754422,0.30393899719053596,52.82,52.245000000000005,54.15,53.105000000000004,51.2,51.2,0,2,0,radio_p75_underperformance,normal,statistical_only_retained,1.0,26.941314558352406,0.0,47.61,43.52,45.77,Medium,Medium,2,0,0,0,0,0,0,2,0,0,2,2,True,Medium
LTE-TP-EP-001914,542020041221088+20250828143639+Fiji-Nadi-LTE-DL-D!20250828143559,Fiji-Nadi-LTE-DL-D,2025-08-28 04:34:54+02:00,2025-08-28 04:34:54+02:00,1,-17.6204659,177.4438262,-17.6204659,177.4438262,232.0,41384.0,41.0,7.202952,7.202952,,,,55.28,55.28,65.79,65.79,42.44,42.44,0,1,0,radio_limited_degradation,normal,statistical_only_retained,0.0,11.01273332144376,0.0,53.68,36.07,45.76,Medium,Low,0,0,0,0,0,0,0,1,0,0,1,0,False,Not handed off
LTE-TP-EP-000122,542020041221088+20250827103246+Fiji-Nadi-LTE-DL-D!20250827103001,Fiji-Nadi-LTE-DL-D,2025-08-27 00:28:26+02:00,2025-08-27 00:28:26+02:00,1,-17.8149212,177.4392512,-17.8149212,177.4392512,469.0,500.0,1.0,9.720768,9.720768,43.970293999999996,34.249525999999996,0.22107580176743874,54.38,54.38,52.08,52.08,57.19,57.19,0,1,0,rb_efficiency_underperformance,normal,statistical_only_retained,0.0,19.48786506732071,0.0,43.4,48.61,45.74,Medium,Medium,1,1,1,0,0,0,0,1,0,0,1,3,False,Not handed off
LTE-TP-EP-000258,542020041221088+20250827114050+Fiji-Nadi-LTE-DL-D!20250827111354,Fiji-Nadi-LTE-DL-D,2025-08-27 01:12:04+02:00,2025-08-27 01:12:04+02:00,1,-17.75551635,177.46311146,-17.75551635,177.46311146,448.0,40790.0,41.0,44.262703,44.262703,119.0290425,74.7663395,0.37186473208838927,54.29,54.29,50.69,50.69,58.69,58.69,0,1,0,rb_conditioned_underperformance,normal,statistical_only_retained,0.0,11.444822522327193,0.0,42.35,49.89,45.74,Medium,Medium,0,1,0,0,0,0,0,0,0,0,1,1,False,Not handed off
LTE-TP-EP-000219,542020041221088+20250827111428+Fiji-Nadi-LTE-DL-D!20250827105835,Fiji-Nadi-LTE-DL-D,2025-08-27 00:57:05+02:00,2025-08-27 00:57:05+02:00,1,-17.77564429,177.47504744,-17.77564429,177.47504744,82.0,41186.0,41.0,14.016648,14.016648,60.097231750000006,46.08058375,0.23323283938115832,54.32,54.32,51.91,51.91,57.27,57.27,0,1,0,ca_underperformance,normal,statistical_only_retained,0.0,8.8058455052245,0.0,43.27,48.68,45.7,Medium,Medium,1,1,0,1,0,0,0,1,0,0,1,3,False,Not handed off
LTE-TP-EP-001812,542020041221088+20250828140938+Fiji-Nadi-LTE-DL-D!20250828140855,Fiji-Nadi-LTE-DL-D,2025-08-28 04:08:09+02:00,2025-08-28 04:08:09+02:00,1,-17.6092323,177.4542651,-17.6092323,177.4542651,185.0,1850.0,3.0,10.391872,10.391872,53.8361855,43.4443135,0.1930276430896093,54.65,54.65,57.47,57.47,51.2,51.2,0,1,0,ca_underperformance,normal,statistical_only_retained,0.0,17.68448414541065,0.0,47.44,43.52,45.68,Medium,Medium,1,1,0,1,0,0,0,1,0,0,1,3,False,Not handed off
LTE-TP-EP-001738,542020041221088+20250828135857+Fiji-Nadi-LTE-DL-D!20250828135526,Fiji-Nadi-LTE-DL-D,2025-08-28 03:55:01+02:00,2025-08-28 03:55:01+02:00,1,-17.61028518,177.45167779,-17.61028518,177.45167779,140.0,41384.0,41.0,38.39673,38.39673,105.95971,67.56298000000001,0.3623710370668247,54.0,54.0,47.64,47.64,61.77,61.77,0,1,0,rb_conditioned_underperformance,normal,statistical_only_retained,0.0,9.365590679054796,0.0,40.07,52.5,45.66,Medium,Medium,0,1,0,0,0,0,0,0,0,0,1,1,False,Not handed off
LTE-TP-EP-001859,542020041221088+20250828141838+Fiji-Nadi-LTE-DL-D!20250828141754,Fiji-Nadi-LTE-DL-D,2025-08-28 04:17:01+02:00,2025-08-28 04:17:01+02:00,1,-17.61219918,177.45753496,-17.61219918,177.45753496,140.0,500.0,1.0,9.793032,9.793032,43.970293999999996,34.177262,0.22271927497232566,54.26,54.26,51.86,51.86,57.19,57.19,0,1,0,rb_efficiency_underperformance,normal,statistical_only_retained,0.0,0.02100098538487779,0.0,43.23,48.61,45.65,Medium,Medium,1,1,1,0,0,0,0,1,0,0,1,3,False,Not handed off
LTE-TP-EP-000855,542020041221088+20250827151552+Fiji-Nadi-LTE-DL-D!20250827151524,Fiji-Nadi-LTE-DL-D,2025-08-27 05:14:01+02:00,2025-08-27 05:14:01+02:00,1,-17.74813738,177.45535071,-17.74813738,177.45535071,122.0,356.0,1.0,6.632808,6.632808,,,,55.27,55.27,67.79,67.79,39.97,39.97,0,1,0,radio_limited_degradation,normal,statistical_only_retained,0.0,2.3763705675404645,0.0,55.18,33.97,45.64,High,Low,0,0,0,0,0,0,0,1,0,0,1,0,False,Not handed off
LTE-TP-EP-000386,542020041221088+20250827123437+Fiji-Nadi-LTE-DL-D!20250827114425,Fiji-Nadi-LTE-DL-D,2025-08-27 01:44:09+02:00,2025-08-27 01:44:09+02:00,1,-17.7895648,177.3943518,-17.7895648,177.3943518,138.0,9310.0,28.0,6.218976,6.218976,,,,55.94,55.94,78.23,78.23,28.7,28.7,0,1,0,radio_limited_degradation,normal,statistical_only_retained,0.0,29.740806950179966,0.0,63.01,24.4,45.63,High,Low,0,0,0,0,0,0,0,1,0,0,1,0,False,Not handed off
LTE-TP-EP-001827,542020041221088+20250828141158+Fiji-Nadi-LTE-DL-D!20250828141111,Fiji-Nadi-LTE-DL-D,2025-08-28 04:10:17+02:00,2025-08-28 04:10:17+02:00,1,-17.60883611,177.46213555,-17.60883611,177.46213555,375.0,356.0,1.0,6.317392,6.317392,,,,55.92,55.92,77.89,77.89,29.06,29.06,0,1,0,radio_limited_degradation,normal,statistical_only_retained,0.0,9.184064560376369,0.0,62.75,24.7,45.63,High,Low,0,0,0,0,0,0,0,0,0,0,0,0,False,Not handed off
LTE-TP-EP-001355,542020041221088+20250828122402+Fiji-Nadi-LTE-DL-D!20250828121612,Fiji-Nadi-LTE-DL-D,2025-08-28 02:15:29+02:00,2025-08-28 02:15:29+02:00,1,-17.6035673,177.4528173,-17.6035673,177.4528173,184.0,40988.0,41.0,35.446194,35.446194,111.79482125,76.34862724999999,0.31706472270959507,54.39,54.39,54.68,54.68,54.04,54.04,0,1,0,radio_p75_underperformance,normal,statistical_only_retained,0.0,0.19400935878096978,0.0,45.35,45.93,45.61,Medium,Medium,1,0,0,0,0,0,0,0,0,0,1,1,False,Not handed off
LTE-TP-EP-000402,542020041221088+20250827123517+Fiji-Nadi-LTE-DL-D!20250827114634,Fiji-Nadi-LTE-DL-D,2025-08-27 01:46:04+02:00,2025-08-27 01:46:04+02:00,1,-17.7801642,177.3840184,-17.7801642,177.3840184,153.0,9310.0,28.0,46.83512,46.83512,153.565445,106.73032500000001,0.30498475747587617,54.51,54.51,57.21,57.21,51.2,51.2,0,1,0,radio_p75_underperformance,normal,statistical_only_retained,0.0,26.11186026770558,0.0,47.24,43.52,45.57,Medium,Medium,1,0,0,0,0,0,0,1,0,0,1,1,False,Not handed off
LTE-TP-EP-000805,542020041221088+20250827145411+Fiji-Nadi-LTE-DL-D!20250827145328,Fiji-Nadi-LTE-DL-D,2025-08-27 04:52:35+02:00,2025-08-27 04:52:35+02:00,1,-17.766311,177.4744883,-17.766311,177.4744883,112.0,41384.0,41.0,27.204752,27.204752,98.07729499999999,70.872543,0.27738073322678813,54.31,54.31,54.26,54.26,54.38,54.38,0,1,0,rb_conditioned_underperformance,normal,statistical_only_retained,0.0,9.059450404227288,0.0,45.03,46.22,45.57,Medium,Medium,1,1,0,0,0,0,0,1,0,0,1,2,False,Not handed off
LTE-TP-EP-001016,542020041221088+20250827161234+Fiji-Nadi-LTE-DL-D!20250827161029,Fiji-Nadi-LTE-DL-D,2025-08-27 06:09:19+02:00,2025-08-27 06:09:19+02:00,1,-17.81490546,177.43918226,-17.81490546,177.43918226,469.0,41186.0,41.0,12.071224,12.071224,60.097231750000006,48.026007750000005,0.20086156464270086,54.51,54.51,57.21,57.21,51.2,51.2,0,1,0,ca_underperformance,normal,statistical_only_retained,0.0,0.7636379213561045,0.0,47.24,43.52,45.57,Medium,Medium,1,1,0,1,0,0,0,1,0,0,1,3,False,Not handed off
LTE-TP-EP-000992,542020041221088+20250827161154+Fiji-Nadi-LTE-DL-D!20250827160820,Fiji-Nadi-LTE-DL-D,2025-08-27 06:06:35+02:00,2025-08-27 06:06:35+02:00,1,-17.81232625,177.43802688,-17.81232625,177.43802688,469.0,1850.0,3.0,7.927208,7.927208,,,,55.47,55.47,72.25,72.25,34.97,34.97,0,1,0,radio_limited_degradation,normal,statistical_only_retained,0.0,3.705923780903476,0.0,58.52,29.72,45.56,High,Low,0,0,0,0,0,0,0,0,0,0,0,0,False,Not handed off
LTE-TP-EP-001922,542020041221088+20250828143859+Fiji-Nadi-LTE-DL-D!20250828143815,Fiji-Nadi-LTE-DL-D,2025-08-28 04:37:03+02:00,2025-08-28 04:37:03+02:00,1,-17.62070676,177.437914,-17.62070676,177.437914,169.0,500.0,1.0,13.473832,13.473832,43.970293999999996,30.496461999999994,0.3064303368087555,53.41,53.41,40.53,40.53,69.16,69.16,0,1,0,ca_underperformance,normal,statistical_only_retained,0.0,0.05932974135900136,0.0,34.73,58.79,45.56,Medium,Medium,1,1,0,1,0,0,0,1,0,0,1,3,False,Not handed off
LTE-TP-EP-000462,542020041221088+20250827131523+Fiji-Nadi-LTE-DL-D!20250827120845,Fiji-Nadi-LTE-DL-D,2025-08-27 02:07:28+02:00,2025-08-27 02:07:28+02:00,1,-17.7835808,177.3880862,-17.7835808,177.3880862,158.0,9310.0,28.0,8.25032,8.25032,,,,54.01,54.01,50.12,50.12,58.77,58.77,0,1,0,rb_efficiency_underperformance,normal,statistical_only_retained,0.0,25.35759458739736,0.0,41.93,49.95,45.54,Medium,Medium,0,0,1,0,0,0,0,1,0,0,1,1,False,Not handed off
LTE-TP-EP-001858,542020041221088+20250828141838+Fiji-Nadi-LTE-DL-D!20250828141754,Fiji-Nadi-LTE-DL-D,2025-08-28 04:16:56+02:00,2025-08-28 04:16:56+02:00,1,-17.61263986,177.45726315,-17.61263986,177.45726315,233.0,1850.0,3.0,53.310352,53.310352,174.2549025,120.94455049999999,0.30593315444883973,54.47,54.47,57.15,57.15,51.2,51.2,0,1,0,radio_p75_underperformance,normal,statistical_only_retained,0.0,0.06410902163802111,0.0,47.2,43.52,45.54,Medium,Medium,1,0,0,0,0,0,0,1,0,0,1,1,False,Not handed off
LTE-TP-EP-000417,542020041221088+20250827123818+Fiji-Nadi-LTE-DL-D!20250827115313,Fiji-Nadi-LTE-DL-D,2025-08-27 01:51:17+02:00,2025-08-27 01:51:17+02:00,1,-17.7686903,177.3766705,-17.7686903,177.3766705,154.0,40790.0,41.0,12.968984,12.968984,49.4498,36.480816000000004,0.2622656512260919,53.76,53.76,46.73,46.73,62.35,62.35,0,1,0,ca_underperformance,normal,statistical_only_retained,0.0,12.772319568181437,0.0,39.38,53.0,45.51,Medium,Medium,1,1,0,1,0,0,0,0,1,0,1,3,False,Not handed off
LTE-TP-EP-001243,542020041221088+20250828114952+Fiji-Nadi-LTE-DL-D!20250828112430,Fiji-Nadi-LTE-DL-D,2025-08-28 01:24:10+02:00,2025-08-28 01:24:10+02:00,1,-17.60512899,177.4616393,-17.60512899,177.4616393,373.0,41384.0,41.0,7.021832,7.021832,,,,55.6,55.6,75.42,75.42,31.37,31.37,0,1,0,radio_limited_degradation,normal,statistical_only_retained,0.0,3.1260739110553164,0.0,60.9,26.66,45.49,High,Low,0,0,0,0,0,0,0,0,0,0,0,0,False,Not handed off
LTE-TP-EP-000934,542020041221088+20250827155333+Fiji-Nadi-LTE-DL-D!20250827154000,Fiji-Nadi-LTE-DL-D,2025-08-27 05:38:29+02:00,2025-08-27 05:38:29+02:00,1,-17.74066661,177.45668877,-17.74066661,177.45668877,487.0,41384.0,41.0,6.4833198,6.4833198,,,,55.09,55.09,68.31,68.31,38.94,38.94,0,1,0,radio_limited_degradation,normal,statistical_only_retained,0.0,0.0,0.0,55.57,33.1,45.46,High,Low,0,0,0,0,0,0,0,0,0,0,0,0,False,Not handed off
LTE-TP-EP-001987,542020041221088+20250829102934+Nawaka-LTE-DL!20250829102857,Nawaka-LTE-DL,2025-08-29 00:27:21+02:00,2025-08-29 00:27:21+02:00,1,-17.8128906,177.443264,-17.8128906,177.443264,469.0,1850.0,3.0,5.438448,5.438448,27.996896250000002,22.55844825,0.19425181818145287,54.09,54.09,53.15,53.15,55.24,55.24,0,1,0,ca_underperformance,normal,statistical_only_retained,0.0,0.0,0.0,44.2,46.95,45.44,Medium,Medium,1,1,1,1,0,0,0,0,0,0,0,4,False,Not handed off
LTE-TP-EP-000502,542020041221088+20250827131944+Fiji-Nadi-LTE-DL-D!20250827121729,Fiji-Nadi-LTE-DL-D,2025-08-27 02:16:13+02:00,2025-08-27 02:16:13+02:00,1,-17.7985057,177.41629768,-17.7985057,177.41629768,147.0,41186.0,41.0,15.599048,15.599048,60.097231750000006,44.49818375000001,0.25956350310594795,53.72,53.72,47.61,47.61,61.18,61.18,0,1,0,rb_conditioned_underperformance,normal,statistical_only_retained,0.0,8.368056934830802,0.0,40.04,52.0,45.43,Medium,Medium,1,1,0,0,0,0,0,0,0,0,1,2,False,Not handed off
LTE-TP-EP-000211,542020041221088+20250827110647+Fiji-Nadi-LTE-DL-D!20250827105407,Fiji-Nadi-LTE-DL-D,2025-08-27 00:53:39+02:00,2025-08-27 00:53:39+02:00,1,-17.76566515,177.46641246,-17.76566515,177.46641246,112.0,40988.0,41.0,15.171432,15.171432,65.36004299999999,50.188610999999995,0.23212089992046062,54.03,54.03,52.59,52.59,55.79,55.79,0,1,0,rb_conditioned_underperformance,normal,statistical_only_retained,0.0,0.09216131900570566,0.0,43.78,47.42,45.42,Medium,Medium,1,1,0,0,0,0,0,1,1,1,1,2,False,Not handed off
LTE-TP-EP-001749,542020041221088+20250828140057+Fiji-Nadi-LTE-DL-D!20250828135741,Fiji-Nadi-LTE-DL-D,2025-08-28 03:56:44+02:00,2025-08-28 03:56:44+02:00,1,-17.6065322,177.456089,-17.6065322,177.456089,139.0,41186.0,41.0,16.658089,16.658089,70.787155,54.129065999999995,0.23532643740237902,53.98,53.98,52.51,52.51,55.77,55.77,0,1,0,rb_conditioned_underperformance,normal,statistical_only_retained,0.0,15.202618096866404,0.0,43.72,47.4,45.38,Medium,Medium,1,1,0,0,0,0,0,1,0,0,1,2,False,Not handed off
LTE-TP-EP-001111,542020041221088+20250828104747+Fiji-Nadi-LTE-DL-D!20250828104718,Fiji-Nadi-LTE-DL-D,2025-08-28 00:46:58+02:00,2025-08-28 00:46:58+02:00,1,-17.64555665,177.43548043,-17.64555665,177.43548043,0.0,40988.0,41.0,27.68316,27.68316,88.404305,60.72114499999999,0.31314266878745334,53.6,53.6,47.09,47.09,61.55,61.55,0,1,0,rb_conditioned_underperformance,normal,statistical_only_retained,0.0,9.925376738070575,0.0,39.65,52.32,45.35,Medium,Medium,1,1,0,0,0,0,0,1,0,0,1,2,False,Not handed off
LTE-TP-EP-000195,542020041221088+20250827110227+Fiji-Nadi-LTE-DL-D!20250827105156,Fiji-Nadi-LTE-DL-D,2025-08-27 00:51:33+02:00,2025-08-27 00:51:33+02:00,1,-17.7625953,177.4645191,-17.7625953,177.4645191,348.0,41384.0,41.0,5.709536,5.709536,,,,55.12,55.12,71.02,71.02,35.68,35.68,0,1,0,radio_limited_degradation,normal,statistical_only_retained,0.0,13.838385039257522,0.0,57.6,30.33,45.33,High,Low,0,0,0,0,0,0,0,1,0,0,1,0,False,Not handed off
LTE-TP-EP-000682,542020041221088+20250827135549+Fiji-Nadi-LTE-DL-D!20250827133724,Fiji-Nadi-LTE-DL-D,2025-08-27 03:35:43+02:00,2025-08-27 03:35:43+02:00,1,-17.78800074,177.42639036,-17.78800074,177.42639036,133.0,9310.0,28.0,17.291704,17.291704,79.1365,61.844796,0.21850478603425727,54.15,54.15,56.56,56.56,51.2,51.2,0,1,0,rb_conditioned_underperformance,normal,statistical_only_retained,0.0,9.452199691074233,0.0,46.76,43.52,45.3,Medium,Medium,1,1,0,0,0,0,0,1,0,0,1,2,False,Not handed off
LTE-TP-EP-000498,542020041221088+20250827131704+Fiji-Nadi-LTE-DL-D!20250827121308,Fiji-Nadi-LTE-DL-D,2025-08-27 02:12:53+02:00,2025-08-27 02:12:53+02:00,1,-17.7975956,177.4099936,-17.7975956,177.4099936,146.0,41384.0,41.0,8.00536,8.00536,,,,55.14,55.14,71.98,71.98,34.55,34.55,0,1,0,radio_limited_degradation,normal,statistical_only_retained,0.0,13.118111271936609,0.0,58.32,29.37,45.29,High,Low,0,0,0,0,0,0,0,1,0,0,1,0,False,Not handed off
LTE-TP-EP-000218,542020041221088+20250827111428+Fiji-Nadi-LTE-DL-D!20250827105835,Fiji-Nadi-LTE-DL-D,2025-08-27 00:56:50+02:00,2025-08-27 00:56:50+02:00,1,-17.77500285,177.47429856,-17.77500285,177.47429856,113.0,41186.0,41.0,12.841768,12.841768,41.037212749999995,28.195444749999993,0.3129298297677393,53.04,53.04,39.79,39.79,69.23,69.23,0,1,0,ca_underperformance,normal,statistical_only_retained,0.0,8.203150392584957,0.0,34.18,58.85,45.28,Medium,Medium,1,1,0,1,0,0,0,0,0,0,1,3,False,Not handed off
LTE-TP-EP-000795,542020041221088+20250827144511+Fiji-Nadi-LTE-DL-D!20250827144430,Fiji-Nadi-LTE-DL-D,2025-08-27 04:43:33+02:00,2025-08-27 04:43:33+02:00,1,-17.76251113,177.4421663,-17.76251113,177.4421663,122.0,40988.0,41.0,4.095304,4.095304,,,,55.42,55.42,76.67,76.67,29.44,29.44,0,1,0,radio_limited_degradation,normal,statistical_only_retained,0.0,0.1633578865443605,0.0,61.84,25.02,45.27,High,Low,0,0,0,0,0,0,0,1,0,0,1,0,False,Not handed off
LTE-TP-EP-001912,542020041221088+20250828143639+Fiji-Nadi-LTE-DL-D!20250828143559,Fiji-Nadi-LTE-DL-D,2025-08-28 04:34:46+02:00,2025-08-28 04:34:46+02:00,1,-17.6213111,177.4438974,-17.6213111,177.4438974,385.0,41186.0,41.0,5.687536,5.687536,,,,55.06,55.06,71.09,71.09,35.46,35.46,0,1,0,radio_limited_degradation,normal,statistical_only_retained,0.0,11.479194235962733,0.0,57.65,30.14,45.27,High,Low,0,0,0,0,0,0,0,1,0,0,1,0,False,Not handed off
LTE-TP-EP-001246,542020041221088+20250828115053+Fiji-Nadi-LTE-DL-D!20250828112640,Fiji-Nadi-LTE-DL-D,2025-08-28 01:25:08+02:00,2025-08-28 01:25:08+02:00,1,-17.6034745,177.4597291,-17.6034745,177.4597291,187.0,1850.0,3.0,32.96527,32.96527,103.049195,70.083925,0.3198983747519813,53.77,53.77,51.38,51.38,56.69,56.69,0,1,0,rb_conditioned_underperformance,normal,statistical_only_retained,0.0,4.7479029177201255,0.0,42.87,48.19,45.26,Medium,Medium,1,1,0,0,0,0,0,1,0,0,1,2,False,Not handed off
LTE-TP-EP-000358,542020041221088+20250827123337+Fiji-Nadi-LTE-DL-D!20250827114216,Fiji-Nadi-LTE-DL-D,2025-08-27 01:40:44+02:00,2025-08-27 01:40:44+02:00,1,-17.79542517,177.40882538,-17.79542517,177.40882538,363.0,9310.0,28.0,7.79576,7.79576,,,,55.08,55.08,72.71,72.71,33.54,33.54,0,1,0,radio_limited_degradation,normal,statistical_only_retained,0.0,13.866345915945331,0.0,58.87,28.51,45.21,High,Low,0,0,0,0,0,0,0,1,1,1,1,0,False,Not handed off
LTE-TP-EP-001750,542020041221088+20250828140057+Fiji-Nadi-LTE-DL-D!20250828135741,Fiji-Nadi-LTE-DL-D,2025-08-28 03:57:05+02:00,2025-08-28 03:57:05+02:00,1,-17.607069,177.4558665,-17.607069,177.4558665,139.0,41384.0,41.0,13.81368,13.81368,60.15991375,46.34623375,0.22961602068453763,53.77,53.77,52.51,52.51,55.31,55.31,0,1,0,ca_underperformance,normal,statistical_only_retained,0.0,10.992168110552557,0.0,43.72,47.01,45.2,Medium,Medium,1,1,0,1,0,0,0,1,0,0,1,3,False,Not handed off
LTE-TP-EP-001376,542020041221088+20250828122802+Fiji-Nadi-LTE-DL-D!20250828122423,Fiji-Nadi-LTE-DL-D,2025-08-28 02:23:10+02:00,2025-08-28 02:23:10+02:00,1,-17.617487,177.437299,-17.617487,177.437299,169.0,500.0,1.0,18.039688,18.039688,81.48199,63.442302,0.2213947892043383,53.98,53.98,56.26,56.26,51.2,51.2,0,1,0,rb_conditioned_underperformance,normal,statistical_only_retained,0.0,26.68809962918992,0.0,46.53,43.52,45.18,Medium,Medium,1,1,0,0,0,0,0,1,0,0,1,2,False,Not handed off
LTE-TP-EP-001219,542020041221088+20250828114252+Fiji-Nadi-LTE-DL-D!20250828111332,Fiji-Nadi-LTE-DL-D,2025-08-28 01:13:06+02:00,2025-08-28 01:13:06+02:00,1,-17.6033518,177.4817334,-17.6033518,177.4817334,177.0,41186.0,41.0,15.216056,15.216056,70.787155,55.571099,0.21495504375052227,53.97,53.97,56.23,56.23,51.2,51.2,0,1,0,rb_conditioned_underperformance,normal,statistical_only_retained,0.0,20.23305569813546,0.0,46.51,43.52,45.16,Medium,Medium,1,1,0,0,0,0,0,1,0,0,1,2,False,Not handed off
LTE-TP-EP-001766,542020041221088+20250828140337+Fiji-Nadi-LTE-DL-D!20250828140209,Fiji-Nadi-LTE-DL-D,2025-08-28 04:00:41+02:00,2025-08-28 04:00:41+02:00,1,-17.6078957,177.45479047,-17.6078957,177.45479047,183.0,40790.0,41.0,13.127368,13.127368,62.203377,49.076009,0.21103947459315592,53.93,53.93,55.82,55.82,51.63,51.63,0,1,0,ca_underperformance,normal,statistical_only_retained,0.0,0.011565166664705712,0.0,46.2,43.89,45.16,Medium,Medium,1,0,0,1,0,0,0,0,0,0,1,2,False,Not handed off
LTE-TP-EP-001774,542020041221088+20250828140337+Fiji-Nadi-LTE-DL-D!20250828140209,Fiji-Nadi-LTE-DL-D,2025-08-28 04:01:22+02:00,2025-08-28 04:01:22+02:00,1,-17.60783275,177.45226,-17.60783275,177.45226,139.0,41186.0,41.0,18.939455,18.939455,70.787155,51.8477,0.26755496812945795,53.31,53.31,46.64,46.64,61.46,61.46,0,1,0,rb_conditioned_underperformance,normal,statistical_only_retained,0.0,0.16966794039213248,0.0,39.32,52.24,45.13,Medium,Medium,1,1,0,0,0,0,0,1,0,0,1,2,False,Not handed off
LTE-TP-EP-000637,542020041221088+20250827134948+Fiji-Nadi-LTE-DL-D!20250827132103,Fiji-Nadi-LTE-DL-D,2025-08-27 03:19:12+02:00,2025-08-27 03:19:12+02:00,1,-17.7717049,177.438784,-17.7717049,177.438784,130.0,356.0,1.0,4.20448,4.20448,,,,55.2,55.2,76.28,76.28,29.44,29.44,0,1,0,radio_limited_degradation,normal,statistical_only_retained,0.0,7.615335039425697,0.0,61.55,25.02,45.11,High,Low,0,0,0,0,0,0,0,0,1,1,1,0,False,Not handed off
LTE-TP-EP-001087,542020041221088+20250828104127+Fiji-Nadi-LTE-DL-D!20250828104043,Fiji-Nadi-LTE-DL-D,2025-08-28 00:40:43+02:00,2025-08-28 00:40:43+02:00,1,-17.64739958,177.40909458,-17.64739958,177.40909458,159.0,40790.0,41.0,39.725674,39.725674,118.44779,78.722116,0.3353855230224219,53.81,53.81,54.8,54.8,52.59,52.59,0,1,0,radio_p75_underperformance,normal,statistical_only_retained,0.0,13.758486676784777,0.0,45.44,44.7,45.11,Medium,Medium,1,0,0,0,0,0,0,0,0,0,1,1,False,Not handed off
LTE-TP-EP-000664,542020041221088+20250827135208+Fiji-Nadi-LTE-DL-D!20250827132735,Fiji-Nadi-LTE-DL-D,2025-08-27 03:26:51+02:00,2025-08-27 03:26:51+02:00,1,-17.77673977,177.433102,-17.77673977,177.433102,338.0,41384.0,41.0,27.677088,27.677088,98.07729499999999,70.400207,0.2821966898658859,53.73,53.73,53.74,53.74,53.71,53.71,0,1,0,radio_p75_underperformance,normal,statistical_only_retained,0.0,0.310347855614581,0.0,44.64,45.65,45.1,Medium,Medium,1,0,0,0,0,0,0,0,0,0,1,1,False,Not handed off
LTE-TP-EP-001924,542020041221088+20250828144059+Fiji-Nadi-LTE-DL-D!20250828144029,Fiji-Nadi-LTE-DL-D,2025-08-28 04:39:22+02:00,2025-08-28 04:39:22+02:00,1,-17.62785889,177.43280281,-17.62785889,177.43280281,346.0,40790.0,41.0,16.471687,16.471687,49.4498,32.97811300000001,0.33309916319176214,52.62,52.62,36.47,36.47,72.35,72.35,0,1,0,radio_p75_underperformance,ml_hgb_strict_causal_temporal_underperformance,statistical_only_retained,0.0,0.015363575777944937,0.0,31.69,61.5,45.1,Medium,High,1,0,0,0,0,0,1,0,0,0,0,2,False,Not handed off
LTE-TP-EP-001609,542020041221088+20250828132555+Fiji-Nadi-LTE-DL-D!20250828131914,Fiji-Nadi-LTE-DL-D,2025-08-28 03:18:33+02:00,2025-08-28 03:18:33+02:00,1,-17.62234565,177.46881425,-17.62234565,177.46881425,178.0,41384.0,41.0,11.21824,11.21824,47.0651145,35.8468745,0.2383557358603685,53.46,53.46,50.0,50.0,57.7,57.7,0,1,0,ca_underperformance,normal,statistical_only_retained,0.0,0.16201462078299816,0.0,41.84,49.04,45.08,Medium,Medium,1,1,0,1,0,0,0,1,0,0,1,3,False,Not handed off
LTE-TP-EP-000094,542020041221088+20250827102526+Fiji-Nadi-LTE-DL-D!20250827102354,Fiji-Nadi-LTE-DL-D,2025-08-27 00:22:00+02:00,2025-08-27 00:22:00+02:00,1,-17.80683193,177.41587321,-17.80683193,177.41587321,149.0,41186.0,41.0,42.411343,42.411343,103.734363,61.32302,0.4088456493437956,52.88,52.88,41.81,41.81,66.42,66.42,0,1,0,rb_conditioned_underperformance,normal,statistical_only_retained,0.0,0.19240931343799159,0.0,35.69,56.46,45.04,Medium,Medium,0,1,0,0,0,0,0,0,0,0,1,1,False,Not handed off
LTE-TP-EP-001092,542020041221088+20250828104327+Fiji-Nadi-LTE-DL-D!20250828104254,Fiji-Nadi-LTE-DL-D,2025-08-28 00:42:53+02:00,2025-08-28 00:42:53+02:00,1,-17.6408736,177.4217304,-17.6408736,177.4217304,356.0,41186.0,41.0,34.139553,34.139553,105.7221075,71.58255450000001,0.32291782492133914,53.54,53.54,51.95,51.95,55.48,55.48,0,1,0,radio_p75_underperformance,normal,statistical_only_retained,0.0,12.575980069880742,0.0,43.3,47.16,45.04,Medium,Medium,1,0,0,0,0,0,0,0,0,0,1,1,False,Not handed off
LTE-TP-EP-001414,542020041221088+20250828123823+Fiji-Nadi-LTE-DL-D!20250828123754,Fiji-Nadi-LTE-DL-D,2025-08-28 02:36:33+02:00,2025-08-28 02:36:33+02:00,1,-17.6278542,177.4423977,-17.6278542,177.4423977,385.0,41384.0,41.0,11.118616,11.118616,47.0651145,35.946498500000004,0.23623900883105256,53.42,53.42,50.29,50.29,57.25,57.25,0,1,0,rb_conditioned_underperformance,normal,statistical_only_retained,0.0,7.712921755601061,0.0,42.05,48.66,45.03,Medium,Medium,1,1,0,0,0,0,0,1,0,0,1,2,False,Not handed off
LTE-TP-EP-000937,542020041221088+20250827155633+Fiji-Nadi-LTE-DL-D!20250827154210,Fiji-Nadi-LTE-DL-D,2025-08-27 05:40:28+02:00,2025-08-27 05:40:28+02:00,1,-17.73906437,177.45825109,-17.73906437,177.45825109,487.0,41384.0,41.0,8.032968,8.032968,38.729599,30.696631,0.20741159752260796,53.56,53.56,53.21,53.21,53.99,53.99,0,1,0,ca_underperformance,normal,statistical_only_retained,0.0,0.2753880087214294,0.0,44.24,45.89,44.99,Medium,Medium,1,1,1,1,0,0,0,0,0,0,1,4,False,Not handed off
LTE-TP-EP-001178,542020041221088+20250828113631+Fiji-Nadi-LTE-DL-D!20250828110448,Fiji-Nadi-LTE-DL-D,2025-08-28 01:03:31+02:00,2025-08-28 01:03:31+02:00,1,-17.6382941,177.4724782,-17.6382941,177.4724782,166.0,9310.0,28.0,7.054352,7.054352,,,,55.0,55.0,75.31,75.31,30.18,30.18,0,1,0,radio_limited_degradation,normal,statistical_only_retained,0.0,11.238846230578835,0.0,60.82,25.65,44.99,High,Low,0,0,0,0,0,0,0,1,0,0,1,0,False,Not handed off
LTE-TP-EP-000139,542020041221088+20250827103926+Fiji-Nadi-LTE-DL-D!20250827103843,Fiji-Nadi-LTE-DL-D,2025-08-27 00:37:31+02:00,2025-08-27 00:37:31+02:00,1,-17.81252002,177.43454447,-17.81252002,177.43454447,395.0,9310.0,28.0,6.685088,6.685088,,,,55.04,55.04,76.6,76.6,28.7,28.7,0,1,0,radio_limited_degradation,normal,statistical_only_retained,0.0,9.574788034875288,0.0,61.79,24.4,44.96,High,Low,0,0,0,0,0,0,0,1,0,0,1,0,False,Not handed off
LTE-TP-EP-000904,542020041221088+20250827152712+Fiji-Nadi-LTE-DL-D!20250827152634,Fiji-Nadi-LTE-DL-D,2025-08-27 05:25:07+02:00,2025-08-27 05:25:07+02:00,1,-17.7428595,177.4419841,-17.7428595,177.4419841,120.0,40790.0,41.0,37.48845,37.48845,119.0290425,81.5405925,0.31495212607460904,53.75,53.75,56.63,56.63,50.22,50.22,0,1,0,radio_p75_underperformance,normal,statistical_only_retained,0.0,3.5750809061003497,0.0,46.81,42.69,44.95,Medium,Medium,1,0,0,0,0,0,0,0,0,0,0,1,False,Not handed off
LTE-TP-EP-001895,542020041221088+20250828143419+Fiji-Nadi-LTE-DL-D!20250828143343,Fiji-Nadi-LTE-DL-D,2025-08-28 04:32:12+02:00,2025-08-28 04:32:12+02:00,1,-17.6177942,177.4436848,-17.6177942,177.4436848,385.0,41186.0,41.0,9.105072,9.105072,41.037212749999995,31.932140749999995,0.22187354817366345,53.42,53.42,51.64,51.64,55.59,55.59,0,1,0,ca_underperformance,normal,statistical_only_retained,0.0,1.1802669292218226,0.0,43.07,47.25,44.95,Medium,Medium,1,1,1,1,0,0,0,1,0,0,1,4,False,Not handed off
LTE-TP-EP-000392,542020041221088+20250827123517+Fiji-Nadi-LTE-DL-D!20250827114634,Fiji-Nadi-LTE-DL-D,2025-08-27 01:44:37+02:00,2025-08-27 01:44:37+02:00,1,-17.78658928,177.39251676,-17.78658928,177.39251676,138.0,9310.0,28.0,6.700056,6.700056,,,,55.02,55.02,76.55,76.55,28.7,28.7,0,1,0,radio_limited_degradation,normal,statistical_only_retained,0.0,0.3597384935810767,0.0,61.75,24.4,44.94,High,Low,0,0,0,0,0,0,0,1,0,0,1,0,False,Not handed off
LTE-TP-EP-001672,542020041221088+20250828134116+Fiji-Nadi-LTE-DL-D!20250828133502,Fiji-Nadi-LTE-DL-D,2025-08-28 03:35:00+02:00,2025-08-28 03:35:01+02:00,2,-17.6165681,177.4606117,-17.61656928,177.46061213,353.0,40988.0,41.0,7.967192,9.497148,43.68767,32.660565999999996,0.24581426984245988,51.37,51.075,47.92,47.870000000000005,55.59,54.995000000000005,0,2,0,ca_underperformance,normal,statistical_only_retained,1.0,4.908652751053019,0.0,43.14,47.1,44.92,Medium,Medium,2,2,1,2,0,0,0,2,0,0,2,7,True,Medium
LTE-TP-EP-000335,542020041221088+20250827122555+Fiji-Nadi-LTE-DL-D!20250827113546,Fiji-Nadi-LTE-DL-D,2025-08-27 01:35:46+02:00,2025-08-27 01:35:46+02:00,1,-17.77362209,177.42303408,-17.77362209,177.42303408,394.0,40790.0,41.0,41.964024,41.964024,119.0290425,77.06501850000001,0.3525528149989109,53.46,53.46,52.97,52.97,54.07,54.07,0,1,0,rb_conditioned_underperformance,normal,statistical_only_retained,0.0,0.09303181457988115,0.0,44.06,45.96,44.92,Medium,Medium,0,1,0,0,0,0,0,0,0,0,1,1,False,Not handed off
LTE-TP-EP-000653,542020041221088+20250827135148+Fiji-Nadi-LTE-DL-D!20250827132524,Fiji-Nadi-LTE-DL-D,2025-08-27 03:24:59+02:00,2025-08-27 03:24:59+02:00,1,-17.7765064,177.4328884,-17.7765064,177.4328884,338.0,41384.0,41.0,29.450815,29.450815,105.95971,76.508895,0.2779435221179824,53.69,53.69,57.04,57.04,49.6,49.6,0,1,0,rb_conditioned_underperformance,normal,statistical_only_retained,0.0,0.0,0.0,47.12,42.16,44.89,Medium,Medium,1,1,0,0,0,0,0,0,0,0,1,2,False,Not handed off
LTE-TP-EP-001361,542020041221088+20250828122402+Fiji-Nadi-LTE-DL-D!20250828121612,Fiji-Nadi-LTE-DL-D,2025-08-28 02:16:04+02:00,2025-08-28 02:16:04+02:00,1,-17.6036458,177.4526018,-17.6036458,177.4526018,184.0,40988.0,41.0,35.581768,35.581768,111.79482125,76.21305325,0.3182774264688938,53.46,53.46,54.54,54.54,52.13,52.13,0,1,0,radio_p75_underperformance,normal,statistical_only_retained,0.0,1.2925763508736345,0.0,45.24,44.31,44.82,Medium,Medium,1,0,0,0,0,0,0,0,0,0,1,1,False,Not handed off
LTE-TP-EP-001860,542020041221088+20250828141838+Fiji-Nadi-LTE-DL-D!20250828141754,Fiji-Nadi-LTE-DL-D,2025-08-28 04:17:03+02:00,2025-08-28 04:17:03+02:00,1,-17.61201036,177.45765539,-17.61201036,177.45765539,140.0,41384.0,41.0,9.855376,9.855376,38.729599,28.874223,0.25446625460800665,52.98,52.98,47.27,47.27,59.95,59.95,0,1,0,ca_underperformance,normal,statistical_only_retained,0.0,12.375021724497017,0.0,39.79,50.96,44.81,Medium,Medium,1,1,1,1,0,0,0,1,0,0,1,4,False,Not handed off
LTE-TP-EP-000015,542020041221088+20250827094725+Fiji-Nadi-LTE-DL-D!20250827094401,Fiji-Nadi-LTE-DL-D,2025-08-26 23:43:21+02:00,2025-08-26 23:43:21+02:00,1,-17.81453451,177.39704089,-17.81453451,177.39704089,151.0,41186.0,41.0,13.72844,13.72844,60.097231750000006,46.36879175000001,0.22843714427828032,53.27,53.27,52.7,52.7,53.97,53.97,0,1,0,ca_underperformance,normal,statistical_only_retained,0.0,10.59746613416784,0.0,43.86,45.87,44.77,Medium,Medium,1,1,0,1,0,0,0,1,0,0,1,3,False,Not handed off
LTE-TP-EP-000565,542020041221088+20250827133827+Fiji-Nadi-LTE-DL-D!20250827130111,Fiji-Nadi-LTE-DL-D,2025-08-27 03:00:36+02:00,2025-08-27 03:00:36+02:00,1,-17.7944154,177.4216858,-17.7944154,177.4216858,132.0,1850.0,3.0,8.3254795,8.3254795,27.996896250000002,19.671416750000002,0.2973715166730312,52.54,52.54,42.08,42.08,65.32,65.32,0,1,0,ca_underperformance,normal,statistical_only_retained,0.0,9.882700976785339,0.0,35.9,55.52,44.73,Medium,Medium,1,1,1,1,0,0,0,1,0,1,1,4,False,Not handed off
LTE-TP-EP-000269,542020041221088+20250827114430+Fiji-Nadi-LTE-DL-D!20250827111604,Fiji-Nadi-LTE-DL-D,2025-08-27 01:14:10+02:00,2025-08-27 01:14:10+02:00,1,-17.7524277,177.4543974,-17.7524277,177.4543974,115.0,41186.0,41.0,9.644,9.644,41.037212749999995,31.393212749999996,0.23500621396369084,53.0,53.0,49.93,49.93,56.75,56.75,0,1,0,ca_underperformance,normal,statistical_only_retained,0.0,12.071452818973603,0.0,41.78,48.24,44.69,Medium,Medium,1,1,1,1,0,0,0,1,0,0,1,4,False,Not handed off
LTE-TP-EP-001232,542020041221088+20250828114852+Fiji-Nadi-LTE-DL-D!20250828112219,Fiji-Nadi-LTE-DL-D,2025-08-28 01:21:01+02:00,2025-08-28 01:21:01+02:00,1,-17.60604562,177.47365522,-17.60604562,177.47365522,179.0,500.0,1.0,28.88956,28.88956,81.48199,52.59242999999999,0.3545514781855475,52.4,52.4,40.61,40.61,66.8,66.8,0,1,0,rb_conditioned_underperformance,normal,statistical_only_retained,0.0,0.09867475299226194,0.0,34.79,56.78,44.69,Medium,Medium,0,1,0,0,0,0,0,1,0,0,1,1,False,Not handed off
LTE-TP-EP-000232,542020041221088+20250827112048+Fiji-Nadi-LTE-DL-D!20250827110300,Fiji-Nadi-LTE-DL-D,2025-08-27 01:02:01+02:00,2025-08-27 01:02:01+02:00,1,-17.7786607,177.4888476,-17.7786607,177.4888476,333.0,9310.0,28.0,21.651728,21.651728,81.009805,59.358077,0.267272930727336,52.82,52.82,49.09,49.09,57.37,57.37,0,1,0,rb_conditioned_underperformance,normal,statistical_only_retained,0.0,18.339089057983905,0.0,41.15,48.76,44.58,Medium,Medium,1,1,0,0,0,0,0,1,0,0,1,2,False,Not handed off
LTE-TP-EP-000259,542020041221088+20250827114050+Fiji-Nadi-LTE-DL-D!20250827111354,Fiji-Nadi-LTE-DL-D,2025-08-27 01:12:07+02:00,2025-08-27 01:12:07+02:00,1,-17.75533921,177.46287116,-17.75533921,177.46287116,448.0,40790.0,41.0,46.02183,46.02183,118.44779,72.42596,0.388541061002489,52.78,52.78,48.55,48.55,57.95,57.95,0,1,0,rb_conditioned_underperformance,normal,statistical_only_retained,0.0,10.403128800197038,0.0,40.75,49.26,44.58,Medium,Medium,0,1,0,0,0,0,0,0,0,0,1,1,False,Not handed off
LTE-TP-EP-000433,542020041221088+20250827123938+Fiji-Nadi-LTE-DL-D!20250827115735,Fiji-Nadi-LTE-DL-D,2025-08-27 01:57:26+02:00,2025-08-27 01:57:26+02:00,1,-17.77151561,177.37153649,-17.77151561,177.37153649,156.0,40790.0,41.0,19.335032,19.335032,53.145247188830034,33.81021518883003,0.36381488510723875,52.57,52.57,45.21,45.21,61.57,61.57,0,1,0,radio_p75_underperformance,normal,statistical_only_retained,0.0,0.593621266159731,0.0,38.24,52.33,44.58,Medium,Medium,1,0,0,0,0,0,0,1,0,0,1,1,False,Not handed off
LTE-TP-EP-001762,542020041221088+20250828140157+Fiji-Nadi-LTE-DL-D!20250828135953,Fiji-Nadi-LTE-DL-D,2025-08-28 03:58:51+02:00,2025-08-28 03:58:51+02:00,1,-17.60684099,177.45683953,-17.60684099,177.45683953,196.0,9310.0,28.0,30.566103,30.566103,103.01821000000001,72.45210700000001,0.29670582511577315,53.11,53.11,53.92,53.92,52.11,52.11,0,1,0,rb_conditioned_underperformance,normal,statistical_only_retained,0.0,6.096396521698854,0.0,44.78,44.29,44.56,Medium,Medium,1,1,0,0,0,0,0,1,0,1,1,2,False,Not handed off
LTE-TP-EP-001764,542020041221088+20250828140157+Fiji-Nadi-LTE-DL-D!20250828135953,Fiji-Nadi-LTE-DL-D,2025-08-28 03:59:41+02:00,2025-08-28 03:59:41+02:00,1,-17.6071326,177.4547151,-17.6071326,177.4547151,139.0,500.0,1.0,25.581335,25.581335,85.55677,59.975435000000004,0.2989983726594634,52.68,52.68,47.55,47.55,58.95,58.95,0,1,0,radio_p75_underperformance,normal,statistical_only_retained,0.0,9.310742075895277,0.0,40.0,50.11,44.55,Medium,Medium,1,0,0,0,0,0,0,1,0,0,1,1,False,Not handed off
LTE-TP-EP-000097,542020041221088+20250827102526+Fiji-Nadi-LTE-DL-D!20250827102354,Fiji-Nadi-LTE-DL-D,2025-08-27 00:23:20+02:00,2025-08-27 00:23:20+02:00,1,-17.8071242,177.4241827,-17.8071242,177.4241827,147.0,500.0,1.0,23.352505,23.352505,85.55677,62.204265,0.2729474827065117,52.81,52.81,50.18,50.18,56.03,56.03,0,1,0,rb_conditioned_underperformance,normal,statistical_only_retained,0.0,12.684921320658496,0.0,41.97,47.63,44.52,Medium,Medium,1,1,0,0,0,0,0,1,0,0,1,2,False,Not handed off
LTE-TP-EP-000220,542020041221088+20250827111428+Fiji-Nadi-LTE-DL-D!20250827105835,Fiji-Nadi-LTE-DL-D,2025-08-27 00:57:36+02:00,2025-08-27 00:57:36+02:00,1,-17.7772567,177.4773729,-17.7772567,177.4773729,81.0,41384.0,41.0,15.6927595,15.6927595,60.15991375,44.46715425,0.26085076460070555,52.6,52.6,47.4,47.4,58.95,58.95,0,1,0,rb_conditioned_underperformance,normal,statistical_only_retained,0.0,19.684033995259284,0.0,39.89,50.11,44.49,Medium,Medium,1,1,0,0,0,0,0,1,0,0,1,2,False,Not handed off
LTE-TP-EP-001018,542020041221088+20250827161234+Fiji-Nadi-LTE-DL-D!20250827161029,Fiji-Nadi-LTE-DL-D,2025-08-27 06:10:00+02:00,2025-08-27 06:10:00+02:00,1,-17.8144266,177.4421303,-17.8144266,177.4421303,469.0,41186.0,41.0,9.7952,9.7952,41.037212749999995,31.242012749999994,0.23869067472181088,52.74,52.74,49.45,49.45,56.75,56.75,0,1,0,ca_underperformance,normal,statistical_only_retained,0.0,12.31289615980094,0.0,41.42,48.24,44.49,Medium,Medium,1,1,1,1,0,0,0,1,0,0,1,4,False,Not handed off
LTE-TP-EP-001116,542020041221088+20250828105007+Fiji-Nadi-LTE-DL-D!20250828104930,Fiji-Nadi-LTE-DL-D,2025-08-28 00:47:34+02:00,2025-08-28 00:47:34+02:00,1,-17.6469216,177.43848243,-17.6469216,177.43848243,163.0,41384.0,41.0,35.546448,35.546448,105.95971,70.413262,0.33547135982157744,52.81,52.81,50.64,50.64,55.47,55.47,0,1,0,radio_p75_underperformance,normal,statistical_only_retained,0.0,10.521729523632942,0.0,42.32,47.15,44.49,Medium,Medium,1,0,0,0,0,0,0,0,0,0,1,1,False,Not handed off
LTE-TP-EP-001531,542020041221088+20250828125844+Fiji-Nadi-LTE-DL-D!20250828125759,Fiji-Nadi-LTE-DL-D,2025-08-28 02:57:26+02:00,2025-08-28 02:57:26+02:00,1,-17.6299921,177.4551687,-17.6299921,177.4551687,165.0,500.0,1.0,33.95648,33.95648,105.955109,71.998629,0.32047987417010726,52.93,52.93,52.3,52.3,53.69,53.69,0,1,0,radio_p75_underperformance,normal,statistical_only_retained,0.0,0.0,0.0,43.56,45.64,44.49,Medium,Medium,1,0,0,0,0,0,0,0,0,0,0,1,False,Not handed off
LTE-TP-EP-000017,542020041221088+20250827094725+Fiji-Nadi-LTE-DL-D!20250827094401,Fiji-Nadi-LTE-DL-D,2025-08-26 23:43:45+02:00,2025-08-26 23:43:45+02:00,1,-17.8128552,177.3986836,-17.8128552,177.3986836,151.0,41186.0,41.0,16.26304,16.26304,60.097231750000006,43.83419175,0.2706121318142079,52.41,52.41,45.8,45.8,60.49,60.49,0,1,0,rb_conditioned_underperformance,normal,statistical_only_retained,0.0,10.922459966283215,0.0,38.69,51.42,44.41,Medium,Medium,1,1,0,0,0,0,0,1,0,0,1,2,False,Not handed off
LTE-TP-EP-000337,542020041221088+20250827122836+Fiji-Nadi-LTE-DL-D!20250827113757,Fiji-Nadi-LTE-DL-D,2025-08-27 01:36:07+02:00,2025-08-27 01:36:07+02:00,1,-17.77567269,177.42361814,-17.77567269,177.42361814,123.0,40790.0,41.0,18.346632,18.346632,46.28323951227743,27.936607512277433,0.3963990462494147,52.09,52.09,40.89,40.89,65.77,65.77,0,1,0,rb_conditioned_underperformance,ml_hgb_strict_causal_temporal_underperformance,statistical_only_retained,0.0,13.209294998062926,0.0,35.0,55.9,44.41,Medium,Medium,0,1,0,0,0,0,1,1,0,0,1,2,False,Not handed off
LTE-TP-EP-000922,542020041221088+20250827153332+Fiji-Nadi-LTE-DL-D!20250827153318,Fiji-Nadi-LTE-DL-D,2025-08-27 05:31:46+02:00,2025-08-27 05:31:46+02:00,1,-17.74429854,177.43385629,-17.74429854,177.43385629,125.0,41384.0,41.0,10.503944,10.503944,38.729599,28.225655,0.2712123097375731,52.36,52.36,45.16,45.16,61.16,61.16,0,1,0,ca_underperformance,normal,statistical_only_retained,0.0,8.088087340951148,0.0,38.21,51.99,44.41,Medium,Medium,1,1,0,1,0,0,0,1,0,0,1,3,False,Not handed off
LTE-TP-EP-001137,542020041221088+20250828105428+Fiji-Nadi-LTE-DL-D!20250828105353,Fiji-Nadi-LTE-DL-D,2025-08-28 00:52:46+02:00,2025-08-28 00:52:46+02:00,1,-17.6548863,177.4389834,-17.6548863,177.4389834,8.0,1850.0,3.0,41.76428,41.76428,115.36553,73.60125000000001,0.3620169733541726,52.69,52.69,50.68,50.68,55.15,55.15,0,1,0,rb_conditioned_underperformance,normal,statistical_only_retained,0.0,18.169964234935343,0.0,42.35,46.88,44.39,Medium,Medium,0,1,0,0,0,0,0,1,0,0,1,1,False,Not handed off
LTE-TP-EP-001584,542020041221088+20250828131954+Fiji-Nadi-LTE-DL-D!20250828131344,Fiji-Nadi-LTE-DL-D,2025-08-28 03:12:24+02:00,2025-08-28 03:12:24+02:00,1,-17.6313578,177.4764403,-17.6313578,177.4764403,352.0,1850.0,3.0,6.091992,6.091992,,,,52.51,52.51,48.68,48.68,57.19,57.19,0,1,0,rb_efficiency_underperformance,normal,statistical_only_retained,0.0,0.10868265788311447,0.0,40.85,48.61,44.34,Medium,Medium,0,0,1,0,0,0,0,1,0,0,1,1,False,Not handed off
LTE-TP-EP-000656,542020041221088+20250827135148+Fiji-Nadi-LTE-DL-D!20250827132524,Fiji-Nadi-LTE-DL-D,2025-08-27 03:25:24+02:00,2025-08-27 03:25:24+02:00,1,-17.77673054,177.43297944,-17.77673054,177.43297944,338.0,41384.0,41.0,19.67548,19.67548,70.7488185,51.0733385,0.27810330147068113,52.22,52.22,44.72,44.72,61.38,61.38,0,1,0,radio_p75_underperformance,normal,statistical_only_retained,0.0,5.8808631646679626,0.0,37.88,52.17,44.31,Medium,Medium,1,0,0,0,0,0,0,0,0,0,1,1,False,Not handed off
LTE-TP-EP-001104,542020041221088+20250828104747+Fiji-Nadi-LTE-DL-D!20250828104718,Fiji-Nadi-LTE-DL-D,2025-08-28 00:45:51+02:00,2025-08-28 00:45:51+02:00,1,-17.6407443,177.4313222,-17.6407443,177.4313222,355.0,1850.0,3.0,33.2092,33.2092,103.049195,69.83999499999999,0.3222654965912155,52.63,52.63,51.12,51.12,54.47,54.47,0,1,0,rb_conditioned_underperformance,normal,statistical_only_retained,0.0,25.590307155426476,0.0,42.68,46.3,44.31,Medium,Medium,1,1,0,0,0,0,0,1,0,0,1,2,False,Not handed off
LTE-TP-EP-000254,542020041221088+20250827113629+Fiji-Nadi-LTE-DL-D!20250827111145,Fiji-Nadi-LTE-DL-D,2025-08-27 01:11:28+02:00,2025-08-27 01:11:28+02:00,1,-17.7586499,177.4645671,-17.7586499,177.4645671,448.0,40790.0,41.0,44.907913,44.907913,119.0290425,74.1211295,0.3772853419366118,52.55,52.55,50.05,50.05,55.6,55.6,0,1,0,rb_conditioned_underperformance,normal,statistical_only_retained,0.0,11.295503168990724,0.0,41.87,47.26,44.3,Medium,Medium,0,1,0,0,0,0,0,0,0,0,1,1,False,Not handed off
LTE-TP-EP-000256,542020041221088+20250827113629+Fiji-Nadi-LTE-DL-D!20250827111145,Fiji-Nadi-LTE-DL-D,2025-08-27 01:11:43+02:00,2025-08-27 01:11:43+02:00,1,-17.7570455,177.4641454,-17.7570455,177.4641454,448.0,40790.0,41.0,45.03372,45.03372,119.0290425,73.9953225,0.37834228566528205,52.54,52.54,49.93,49.93,55.73,55.73,0,1,0,rb_conditioned_underperformance,normal,statistical_only_retained,0.0,12.299032423500378,0.0,41.78,47.37,44.3,Medium,Medium,0,1,0,0,0,0,0,0,0,0,0,1,False,Not handed off
LTE-TP-EP-000662,542020041221088+20250827135208+Fiji-Nadi-LTE-DL-D!20250827132735,Fiji-Nadi-LTE-DL-D,2025-08-27 03:26:46+02:00,2025-08-27 03:26:46+02:00,1,-17.77666622,177.43340226,-17.77666622,177.43340226,131.0,41384.0,41.0,30.038168,30.038168,98.07729499999999,68.039127,0.3062703554375149,52.61,52.61,51.15,51.15,54.4,54.4,0,1,0,rb_conditioned_underperformance,normal,statistical_only_retained,0.0,7.518772021875911,0.0,42.7,46.24,44.29,Medium,Medium,1,1,0,0,0,0,0,1,0,0,1,2,False,Not handed off
LTE-TP-EP-000224,542020041221088+20250827111708+Fiji-Nadi-LTE-DL-D!20250827110046,Fiji-Nadi-LTE-DL-D,2025-08-27 00:59:22+02:00,2025-08-27 00:59:22+02:00,1,-17.77997,177.484594,-17.77997,177.484594,81.0,40790.0,41.0,11.491168,11.491168,49.4498,37.958632,0.23238047474408388,52.56,52.56,51.06,51.06,54.4,54.4,0,1,0,ca_underperformance,normal,statistical_only_retained,0.0,5.405305313877603,0.0,42.63,46.24,44.26,Medium,Medium,1,1,0,1,0,0,0,1,0,0,1,3,False,Not handed off
LTE-TP-EP-000348,542020041221088+20250827123136+Fiji-Nadi-LTE-DL-D!20250827114007,Fiji-Nadi-LTE-DL-D,2025-08-27 01:38:24+02:00,2025-08-27 01:38:24+02:00,1,-17.78331313,177.42052939,-17.78331313,177.42052939,129.0,40790.0,41.0,10.48588,10.48588,49.4498,38.96392,0.2120510093064077,52.74,52.74,54.0,54.0,51.2,51.2,0,1,0,ca_underperformance,normal,statistical_only_retained,0.0,13.183032181246766,0.0,44.84,43.52,44.24,Medium,Medium,1,1,0,1,0,0,0,1,0,0,1,3,False,Not handed off
LTE-TP-EP-000632,542020041221088+20250827134908+Fiji-Nadi-LTE-DL-D!20250827131851,Fiji-Nadi-LTE-DL-D,2025-08-27 03:17:35+02:00,2025-08-27 03:17:35+02:00,1,-17.7712476,177.4372656,-17.7712476,177.4372656,130.0,40988.0,41.0,8.135416,8.135416,32.41143,24.276014000000004,0.2510045375967675,52.28,52.28,47.33,47.33,58.33,58.33,0,1,0,ca_underperformance,normal,statistical_only_retained,0.0,16.6432546813768,0.0,39.83,49.58,44.22,Medium,Medium,1,1,1,1,0,0,0,1,0,0,1,4,False,Not handed off
LTE-TP-EP-001212,542020041221088+20250828114252+Fiji-Nadi-LTE-DL-D!20250828111332,Fiji-Nadi-LTE-DL-D,2025-08-28 01:12:17+02:00,2025-08-28 01:12:17+02:00,1,-17.605398,177.475493,-17.605398,177.475493,179.0,500.0,1.0,20.526512,20.526512,85.55677,65.030258,0.2399168645567148,52.67,52.67,53.52,53.52,51.63,51.63,0,1,0,radio_p75_underperformance,normal,statistical_only_retained,0.0,29.8073414517603,0.0,44.48,43.89,44.21,Medium,Medium,1,0,0,0,0,0,0,0,0,0,1,1,False,Not handed off
LTE-TP-EP-001729,542020041221088+20250828135437+Fiji-Nadi-LTE-DL-D!20250828135310,Fiji-Nadi-LTE-DL-D,2025-08-28 03:52:38+02:00,2025-08-28 03:52:38+02:00,1,-17.6168447,177.447123,-17.6168447,177.447123,232.0,41384.0,41.0,18.255505,18.255505,70.7488185,52.4933135,0.25803264827666345,52.34,52.34,48.38,48.38,57.17,57.17,0,1,0,rb_conditioned_underperformance,normal,statistical_only_retained,0.0,11.24342241695975,0.0,40.62,48.59,44.21,Medium,Medium,1,1,0,0,0,0,0,1,0,0,1,2,False,Not handed off
LTE-TP-EP-001066,542020041221088+20250828103607+Fiji-Nadi-LTE-DL-D!20250828103408,Fiji-Nadi-LTE-DL-D,2025-08-28 00:33:04+02:00,2025-08-28 00:33:04+02:00,1,-17.69858945,177.42797532,-17.69858945,177.42797532,488.0,40988.0,41.0,26.923304,26.923304,91.69322,64.769916,0.29362371612644866,52.45,52.45,50.26,50.26,55.13,55.13,0,1,0,rb_conditioned_underperformance,normal,statistical_only_retained,0.0,0.044837514781577506,0.0,42.03,46.86,44.2,Medium,Medium,1,1,0,0,0,0,0,1,0,0,1,2,False,Not handed off
LTE-TP-EP-001731,542020041221088+20250828135437+Fiji-Nadi-LTE-DL-D!20250828135310,Fiji-Nadi-LTE-DL-D,2025-08-28 03:52:46+02:00,2025-08-28 03:52:46+02:00,1,-17.6163311,177.44647361,-17.6163311,177.44647361,168.0,41384.0,41.0,9.06924,9.06924,38.729599,29.660359,0.2341681874888506,52.42,52.42,49.83,49.83,55.59,55.59,0,1,0,ca_underperformance,normal,statistical_only_retained,0.0,0.0621801645108361,0.0,41.71,47.25,44.2,Medium,Medium,1,1,1,1,0,0,0,1,0,0,1,4,False,Not handed off
LTE-TP-EP-001699,542020041221088+20250828134936+Fiji-Nadi-LTE-DL-D!20250828134405,Fiji-Nadi-LTE-DL-D,2025-08-28 03:42:11+02:00,2025-08-28 03:42:11+02:00,1,-17.61252341,177.44822808,-17.61252341,177.44822808,182.0,41384.0,41.0,11.003408,11.003408,38.729599,27.726191,0.28410849283515693,51.96,51.96,43.54,43.54,62.25,62.25,0,1,0,ca_underperformance,normal,statistical_only_retained,0.0,0.1844010540007115,0.0,36.99,52.91,44.16,Medium,Medium,1,1,0,1,0,0,0,1,0,0,1,3,False,Not handed off
LTE-TP-EP-000181,542020041221088+20250827105947+Fiji-Nadi-LTE-DL-D!20250827104944,Fiji-Nadi-LTE-DL-D,2025-08-27 00:48:18+02:00,2025-08-27 00:48:18+02:00,1,-17.76588573,177.45452758,-17.76588573,177.45452758,348.0,41186.0,41.0,15.568192,15.568192,54.170067,38.60187500000001,0.2873947340696477,51.92,51.92,43.08,43.08,62.72,62.72,0,1,0,rb_conditioned_underperformance,ml_hgb_strict_causal_temporal_underperformance,statistical_only_retained,0.0,0.4442865873884112,0.0,36.65,53.31,44.15,Medium,Medium,1,1,0,0,0,0,1,1,0,0,1,3,False,Not handed off
LTE-TP-EP-001789,542020041221088+20250828140457+Fiji-Nadi-LTE-DL-D!20250828140425,Fiji-Nadi-LTE-DL-D,2025-08-28 04:04:00+02:00,2025-08-28 04:04:00+02:00,1,-17.60534997,177.45086757,-17.60534997,177.45086757,139.0,41384.0,41.0,10.876008,10.876008,47.0651145,36.1891065,0.23108427793158776,52.42,52.42,51.02,51.02,54.12,54.12,0,1,0,ca_underperformance,normal,statistical_only_retained,0.0,7.9318683753609145,0.0,42.6,46.0,44.13,Medium,Medium,1,1,0,1,0,0,0,1,0,0,1,3,False,Not handed off
LTE-TP-EP-000537,542020041221088+20250827133145+Fiji-Nadi-LTE-DL-D!20250827124755,Fiji-Nadi-LTE-DL-D,2025-08-27 02:47:21+02:00,2025-08-27 02:47:21+02:00,1,-17.8029859,177.4154475,-17.8029859,177.4154475,147.0,41384.0,41.0,10.0358715,10.0358715,47.0651145,37.029243,0.2132337636191239,52.48,52.48,53.53,53.53,51.2,51.2,0,1,0,ca_underperformance,normal,statistical_only_retained,0.0,1.8289072913383093,0.0,44.48,43.52,44.05,Medium,Medium,1,1,0,1,0,0,0,1,0,0,1,3,False,Not handed off
LTE-TP-EP-001956,542020041221088+20250828154002+Fiji-Nadi-LTE-DL-D!20250828153143,Fiji-Nadi-LTE-DL-D,2025-08-28 05:30:10+02:00,2025-08-28 05:30:10+02:00,1,-17.6876195,177.4107373,-17.6876195,177.4107373,453.0,1850.0,3.0,9.16716,9.16716,27.996896250000002,18.829736250000003,0.32743486699887314,51.42,51.42,38.86,38.86,66.76,66.76,0,1,0,ca_underperformance,normal,statistical_only_retained,0.0,3.764380055858322,0.0,33.48,56.75,43.95,Medium,Medium,1,1,1,1,0,0,0,1,0,1,1,4,False,Not handed off
LTE-TP-EP-000920,542020041221088+20250827153332+Fiji-Nadi-LTE-DL-D!20250827153318,Fiji-Nadi-LTE-DL-D,2025-08-27 05:31:17+02:00,2025-08-27 05:31:17+02:00,1,-17.7451928,177.4323177,-17.7451928,177.4323177,125.0,356.0,1.0,8.730848,8.730848,31.748123749999998,23.017275749999996,0.2750035897790653,51.75,51.75,44.55,44.55,60.55,60.55,0,1,0,ca_underperformance,normal,statistical_only_retained,0.0,10.660538933553157,0.0,37.75,51.47,43.92,Medium,Medium,1,1,1,1,0,0,0,1,0,1,1,4,False,Not handed off
LTE-TP-EP-001218,542020041221088+20250828114252+Fiji-Nadi-LTE-DL-D!20250828111332,Fiji-Nadi-LTE-DL-D,2025-08-28 01:13:04+02:00,2025-08-28 01:13:04+02:00,1,-17.6034117,177.4815529,-17.6034117,177.4815529,177.0,41186.0,41.0,16.49484,16.49484,70.787155,54.292315,0.2330202421611661,52.15,52.15,52.93,52.93,51.2,51.2,0,1,0,rb_conditioned_underperformance,normal,statistical_only_retained,0.0,10.585229186321806,0.0,44.03,43.52,43.8,Medium,Medium,1,1,0,0,0,0,0,1,0,0,1,2,False,Not handed off
LTE-TP-EP-000980,542020041221088+20250827161114+Fiji-Nadi-LTE-DL-D!20250827160608,Fiji-Nadi-LTE-DL-D,2025-08-27 06:04:17+02:00,2025-08-27 06:04:17+02:00,1,-17.81123257,177.44251069,-17.81123257,177.44251069,469.0,41384.0,41.0,39.378864,39.378864,105.95971,66.58084600000001,0.3716399752320953,51.71,51.71,46.61,46.61,57.95,57.95,0,1,0,rb_conditioned_underperformance,normal,statistical_only_retained,0.0,0.010094978694807638,0.0,39.29,49.26,43.78,Medium,Medium,0,1,0,0,0,0,0,0,0,0,1,1,False,Not handed off
LTE-TP-EP-001777,542020041221088+20250828140337+Fiji-Nadi-LTE-DL-D!20250828140209,Fiji-Nadi-LTE-DL-D,2025-08-28 04:01:36+02:00,2025-08-28 04:01:36+02:00,1,-17.60776011,177.45108709,-17.60776011,177.45108709,140.0,41384.0,41.0,9.396592,9.396592,38.729599,29.333007000000002,0.24262043095256422,51.84,51.84,48.77,48.77,55.59,55.59,0,1,0,ca_underperformance,normal,statistical_only_retained,0.0,0.11822893920807695,0.0,40.91,47.25,43.77,Medium,Medium,1,1,1,1,0,0,0,1,0,0,1,4,False,Not handed off
LTE-TP-EP-000657,542020041221088+20250827135208+Fiji-Nadi-LTE-DL-D!20250827132735,Fiji-Nadi-LTE-DL-D,2025-08-27 03:25:33+02:00,2025-08-27 03:25:33+02:00,1,-17.7766067,177.4333926,-17.7766067,177.4333926,338.0,41384.0,41.0,14.551296,14.551296,47.0651145,32.5138185,0.30917370869245414,51.27,51.27,40.03,40.03,65.01,65.01,0,1,0,ca_underperformance,normal,statistical_only_retained,0.0,,0.0,34.36,55.26,43.76,Medium,Medium,1,0,0,1,0,0,0,0,0,0,1,2,False,Not handed off
LTE-TP-EP-000977,542020041221088+20250827161034+Fiji-Nadi-LTE-DL-D!20250827160358,Fiji-Nadi-LTE-DL-D,2025-08-27 06:01:56+02:00,2025-08-27 06:01:56+02:00,1,-17.8089936,177.4474913,-17.8089936,177.4474913,469.0,41384.0,41.0,8.952744,8.952744,38.729599,29.776855,0.23116025549347927,51.91,51.91,50.21,50.21,53.99,53.99,0,1,0,ca_underperformance,normal,statistical_only_retained,0.0,,0.0,41.99,45.89,43.75,Medium,Medium,1,1,1,1,0,0,0,0,0,0,1,4,False,Not handed off
LTE-TP-EP-000536,542020041221088+20250827133145+Fiji-Nadi-LTE-DL-D!20250827124755,Fiji-Nadi-LTE-DL-D,2025-08-27 02:47:17+02:00,2025-08-27 02:47:17+02:00,1,-17.8030488,177.4154215,-17.8030488,177.4154215,147.0,41384.0,41.0,17.746944,17.746944,70.7488185,53.0018745,0.2508443868924822,51.8,51.8,49.68,49.68,54.4,54.4,0,1,0,rb_conditioned_underperformance,normal,statistical_only_retained,0.0,1.8019921058038608,0.0,41.6,46.24,43.69,Medium,Medium,1,1,0,0,0,0,0,1,0,0,1,2,False,Not handed off
LTE-TP-EP-001759,542020041221088+20250828140157+Fiji-Nadi-LTE-DL-D!20250828135953,Fiji-Nadi-LTE-DL-D,2025-08-28 03:58:36+02:00,2025-08-28 03:58:36+02:00,1,-17.6073198,177.4569648,-17.6073198,177.4569648,139.0,40790.0,41.0,10.943264,10.943264,49.4498,38.506536000000004,0.22130047037601766,52.0,52.0,52.66,52.66,51.2,51.2,0,1,0,ca_underperformance,normal,statistical_only_retained,0.0,5.094646943237604,0.0,43.83,43.52,43.69,Medium,Medium,1,1,0,1,0,0,0,1,0,0,1,3,False,Not handed off
LTE-TP-EP-000503,542020041221088+20250827131944+Fiji-Nadi-LTE-DL-D!20250827121729,Fiji-Nadi-LTE-DL-D,2025-08-27 02:16:23+02:00,2025-08-27 02:16:23+02:00,1,-17.7991694,177.4166546,-17.7991694,177.4166546,147.0,41186.0,41.0,20.490488,20.490488,60.097231750000006,39.60674375000001,0.3409556048311659,50.84,50.84,34.91,34.91,70.32,70.32,0,1,0,rb_conditioned_underperformance,ml_hgb_strict_causal_temporal_underperformance,statistical_only_retained,0.0,13.888368527000173,0.0,30.52,59.77,43.68,Medium,Medium,0,1,0,0,0,0,1,1,0,0,1,2,False,Not handed off
LTE-TP-EP-001063,542020041221088+20250828103427+Fiji-Nadi-LTE-DL-D!20250828103156,Fiji-Nadi-LTE-DL-D,2025-08-28 00:31:03+02:00,2025-08-28 00:31:03+02:00,1,-17.70481786,177.43617291,-17.70481786,177.43617291,315.0,40988.0,41.0,24.705105,24.705105,54.92905194285174,30.223946942851743,0.44976390682481143,51.11,51.11,39.1,39.1,65.78,65.78,0,1,0,rb_conditioned_underperformance,normal,statistical_only_retained,0.0,0.02544431353010586,0.0,33.66,55.91,43.67,Medium,Medium,0,1,0,0,0,0,0,1,0,0,1,1,False,Not handed off
LTE-TP-EP-001108,542020041221088+20250828104747+Fiji-Nadi-LTE-DL-D!20250828104718,Fiji-Nadi-LTE-DL-D,2025-08-28 00:46:19+02:00,2025-08-28 00:46:19+02:00,1,-17.6431849,177.4323985,-17.6431849,177.4323985,355.0,41384.0,41.0,16.60924,16.60924,70.7488185,54.1395785,0.2347634964391667,51.98,51.98,52.61,52.61,51.2,51.2,0,1,0,rb_conditioned_underperformance,normal,statistical_only_retained,0.0,23.664726461280253,0.0,43.79,43.52,43.67,Medium,Medium,1,1,0,0,0,0,0,1,0,0,1,2,False,Not handed off
LTE-TP-EP-001964,542020041221088+20250828154042+Fiji-Nadi-LTE-DL-D!20250828153246,Fiji-Nadi-LTE-DL-D,2025-08-28 05:31:59+02:00,2025-08-28 05:31:59+02:00,1,-17.690936,177.4189467,-17.690936,177.4189467,488.0,9310.0,28.0,14.695288,14.695288,59.51545075,44.82016275,0.24691551210338433,51.78,51.78,49.64,49.64,54.4,54.4,0,1,0,ca_underperformance,normal,statistical_only_retained,0.0,7.3229113253715825,0.0,41.57,46.24,43.67,Medium,Medium,1,1,0,1,0,0,0,1,0,0,1,3,False,Not handed off
LTE-TP-EP-000949,542020041221088+20250827155853+Fiji-Nadi-LTE-DL-D!20250827154409,Fiji-Nadi-LTE-DL-D,2025-08-27 05:43:15+02:00,2025-08-27 05:43:15+02:00,1,-17.747371,177.4557531,-17.747371,177.4557531,212.0,40790.0,41.0,15.843544,15.843544,62.203377,46.359833,0.25470552828667165,51.69,51.69,48.52,48.52,55.57,55.57,0,1,0,radio_p75_underperformance,normal,statistical_only_retained,0.0,2.862435190151349,0.0,40.73,47.23,43.65,Medium,Medium,1,0,0,0,0,0,0,1,0,0,1,1,False,Not handed off
LTE-TP-EP-000461,542020041221088+20250827131523+Fiji-Nadi-LTE-DL-D!20250827120845,Fiji-Nadi-LTE-DL-D,2025-08-27 02:07:19+02:00,2025-08-27 02:07:19+02:00,1,-17.7831223,177.3871425,-17.7831223,177.3871425,158.0,1850.0,3.0,18.985865,18.985865,58.105742750000005,39.11987775,0.3267467913057526,50.88,50.88,36.77,36.77,68.13,68.13,0,1,0,rb_conditioned_underperformance,normal,statistical_only_retained,0.0,12.429990201877569,0.0,31.91,57.91,43.61,Medium,Medium,0,1,0,0,0,0,0,1,0,0,1,1,False,Not handed off
LTE-TP-EP-001119,542020041221088+20250828105007+Fiji-Nadi-LTE-DL-D!20250828104930,Fiji-Nadi-LTE-DL-D,2025-08-28 00:47:56+02:00,2025-08-28 00:47:56+02:00,1,-17.6479793,177.4403232,-17.6479793,177.4403232,163.0,41384.0,41.0,11.277216,11.277216,47.0651145,35.7878985,0.2396088083457228,51.69,51.69,49.82,49.82,53.97,53.97,0,1,0,ca_underperformance,normal,statistical_only_retained,0.0,16.960554202635432,0.0,41.7,45.87,43.58,Medium,Medium,1,1,0,1,0,0,0,1,0,0,1,3,False,Not handed off
LTE-TP-EP-000815,542020041221088+20250827150031+Fiji-Nadi-LTE-DL-D!20250827150011,Fiji-Nadi-LTE-DL-D,2025-08-27 05:00:08+02:00,2025-08-27 05:00:08+02:00,1,-17.7686998,177.4757009,-17.7686998,177.4757009,111.0,41384.0,41.0,31.67244,31.67244,98.07729499999999,66.404855,0.32293345773861326,51.63,51.63,49.36,49.36,54.4,54.4,0,1,0,rb_conditioned_underperformance,normal,statistical_only_retained,0.0,5.259007748809095,0.0,41.36,46.24,43.55,Medium,Medium,0,1,0,0,0,0,0,1,0,0,1,1,False,Not handed off
LTE-TP-EP-000921,542020041221088+20250827153332+Fiji-Nadi-LTE-DL-D!20250827153318,Fiji-Nadi-LTE-DL-D,2025-08-27 05:31:36+02:00,2025-08-27 05:31:36+02:00,1,-17.7445641,177.4332294,-17.7445641,177.4332294,125.0,1850.0,3.0,7.418984,7.418984,27.996896250000002,20.577912250000004,0.26499308829635,51.32,51.32,45.56,45.56,58.35,58.35,0,1,0,rb_efficiency_underperformance,normal,statistical_only_retained,0.0,15.517683991135526,0.0,38.51,49.6,43.5,Medium,Medium,1,1,1,0,0,0,0,1,0,0,1,3,False,Not handed off
LTE-TP-EP-000660,542020041221088+20250827135208+Fiji-Nadi-LTE-DL-D!20250827132735,Fiji-Nadi-LTE-DL-D,2025-08-27 03:26:18+02:00,2025-08-27 03:26:18+02:00,1,-17.7763904,177.4352504,-17.7763904,177.4352504,131.0,41384.0,41.0,12.86276,12.86276,47.0651145,34.2023545,0.2732971147876417,51.25,51.25,45.08,45.08,58.79,58.79,0,1,0,ca_underperformance,normal,statistical_only_retained,0.0,1.9994582917558812,0.0,38.15,49.97,43.47,Medium,Medium,1,1,0,1,0,0,0,1,0,0,1,3,False,Not handed off
LTE-TP-EP-001055,542020041221088+20250828103047+Fiji-Nadi-LTE-DL-D!20250828102736,Fiji-Nadi-LTE-DL-D,2025-08-28 00:27:36+02:00,2025-08-28 00:27:36+02:00,1,-17.71928503,177.45381265,-17.71928503,177.45381265,487.0,41384.0,41.0,32.98076,32.98076,105.95971,72.97895,0.3112575525168953,51.78,51.78,53.33,53.33,49.89,49.89,0,1,0,radio_p75_underperformance,normal,statistical_only_retained,0.0,15.333908946443357,0.0,44.33,42.41,43.47,Medium,Medium,1,0,0,0,0,0,0,0,0,0,1,1,False,Not handed off
LTE-TP-EP-001109,542020041221088+20250828104747+Fiji-Nadi-LTE-DL-D!20250828104718,Fiji-Nadi-LTE-DL-D,2025-08-28 00:46:27+02:00,2025-08-28 00:46:27+02:00,1,-17.64359434,177.43257497,-17.64359434,177.43257497,16.0,41384.0,41.0,17.95064,17.95064,70.7488185,52.7981785,0.25372353037952144,51.52,51.52,49.16,49.16,54.4,54.4,0,1,0,rb_conditioned_underperformance,normal,statistical_only_retained,0.0,0.1388854036576855,0.0,41.21,46.24,43.47,Medium,Medium,1,1,0,0,0,0,0,1,0,0,1,2,False,Not handed off
LTE-TP-EP-001844,542020041221088+20250828141358+Fiji-Nadi-LTE-DL-D!20250828141324,Fiji-Nadi-LTE-DL-D,2025-08-28 04:13:09+02:00,2025-08-28 04:13:09+02:00,1,-17.61372748,177.46070349,-17.61372748,177.46070349,179.0,41384.0,41.0,13.986896,13.986896,60.15991375,46.17301775,0.23249528013161422,51.66,51.66,52.04,52.04,51.2,51.2,0,1,0,ca_underperformance,normal,statistical_only_retained,0.0,11.121225008360414,0.0,43.37,43.52,43.44,Medium,Medium,1,1,0,1,0,0,0,1,0,0,1,3,False,Not handed off
LTE-TP-EP-000963,542020041221088+20250827160414+Fiji-Nadi-LTE-DL-D!20250827155722,Fiji-Nadi-LTE-DL-D,2025-08-27 05:57:12+02:00,2025-08-27 05:57:12+02:00,1,-17.7995332,177.4508964,-17.7995332,177.4508964,470.0,40988.0,41.0,8.2706,8.2706,32.41143,24.14083,0.25517541188401743,51.31,51.31,46.85,46.85,56.75,56.75,0,1,0,ca_underperformance,normal,statistical_only_retained,0.0,4.5688832160717885,0.0,39.47,48.24,43.42,Medium,Medium,1,1,1,1,0,0,0,1,0,0,1,4,False,Not handed off
LTE-TP-EP-000114,542020041221088+20250827102926+Fiji-Nadi-LTE-DL-D!20250827102813,Fiji-Nadi-LTE-DL-D,2025-08-27 00:27:51+02:00,2025-08-27 00:27:51+02:00,1,-17.81427427,177.43574233,-17.81427427,177.43574233,332.0,500.0,1.0,10.24012,10.24012,43.970293999999996,33.730174,0.2328872306380303,51.52,51.52,50.48,50.48,52.8,52.8,0,1,0,rb_conditioned_underperformance,normal,statistical_only_retained,0.0,10.50866725118404,0.0,42.2,44.88,43.4,Medium,Medium,1,1,0,0,0,0,0,1,0,0,1,2,False,Not handed off
LTE-TP-EP-001513,542020041221088+20250828125624+Fiji-Nadi-LTE-DL-D!20250828125546,Fiji-Nadi-LTE-DL-D,2025-08-28 02:54:18+02:00,2025-08-28 02:54:18+02:00,1,-17.6357425,177.4563359,-17.6357425,177.4563359,275.0,41384.0,41.0,9.684976,9.684976,38.729599,29.044623,0.2500665188916622,51.32,51.32,47.83,47.83,55.59,55.59,0,1,0,ca_underperformance,normal,statistical_only_retained,0.0,25.43152297153684,0.0,40.21,47.25,43.38,Medium,Medium,1,1,1,1,0,0,0,1,0,0,1,4,False,Not handed off
LTE-TP-EP-000633,542020041221088+20250827134908+Fiji-Nadi-LTE-DL-D!20250827131851,Fiji-Nadi-LTE-DL-D,2025-08-27 03:17:37+02:00,2025-08-27 03:17:37+02:00,1,-17.771357,177.4373796,-17.771357,177.4373796,395.0,40988.0,41.0,8.84404,8.84404,32.41143,23.567390000000003,0.2728679357868505,51.1,51.1,44.81,44.81,58.79,58.79,0,1,0,ca_underperformance,normal,statistical_only_retained,0.0,16.972871278034177,0.0,37.94,49.97,43.36,Medium,Medium,1,1,1,1,0,0,0,1,0,0,1,4,False,Not handed off
LTE-TP-EP-001803,542020041221088+20250828140938+Fiji-Nadi-LTE-DL-D!20250828140855,Fiji-Nadi-LTE-DL-D,2025-08-28 04:06:59+02:00,2025-08-28 04:06:59+02:00,1,-17.6078148,177.4509212,-17.6078148,177.4509212,140.0,40790.0,41.0,14.60228,14.60228,62.203377,47.601097,0.23475059883002813,51.56,51.56,51.85,51.85,51.2,51.2,0,1,0,ca_underperformance,normal,statistical_only_retained,0.0,16.383892783104354,0.0,43.22,43.52,43.36,Medium,Medium,1,0,0,1,0,0,0,1,0,0,1,2,False,Not handed off
LTE-TP-EP-001469,542020041221088+20250828124723+Fiji-Nadi-LTE-DL-D!20250828124651,Fiji-Nadi-LTE-DL-D,2025-08-28 02:46:34+02:00,2025-08-28 02:46:34+02:00,1,-17.6297374,177.4500481,-17.6297374,177.4500481,384.0,40988.0,41.0,23.768543,23.768543,83.236885,59.468342,0.2855530093419522,51.25,51.25,48.08,48.08,55.13,55.13,0,1,0,rb_conditioned_underperformance,normal,statistical_only_retained,0.0,10.46250834041176,0.0,40.4,46.86,43.31,Medium,Medium,1,1,0,0,0,0,0,1,0,0,1,2,False,Not handed off
LTE-TP-EP-000012,542020041221088+20250827094725+Fiji-Nadi-LTE-DL-D!20250827094401,Fiji-Nadi-LTE-DL-D,2025-08-26 23:43:01+02:00,2025-08-26 23:43:01+02:00,1,-17.8158602,177.3957239,-17.8158602,177.3957239,151.0,41186.0,41.0,34.29229,34.29229,100.61148,66.31918999999999,0.3408387392770686,51.25,51.25,48.28,48.28,54.89,54.89,0,1,0,rb_conditioned_underperformance,normal,statistical_only_retained,0.0,5.470574861140584,0.0,40.55,46.66,43.3,Medium,Medium,0,1,0,0,0,0,0,1,0,0,1,1,False,Not handed off
LTE-TP-EP-000243,542020041221088+20250827112649+Fiji-Nadi-LTE-DL-D!20250827110516,Fiji-Nadi-LTE-DL-D,2025-08-27 01:04:25+02:00,2025-08-27 01:04:25+02:00,1,-17.7666734,177.4904052,-17.7666734,177.4904052,80.0,40790.0,41.0,13.224936,13.224936,49.4498,36.224864000000004,0.2674416478934192,51.11,51.11,45.98,45.98,57.38,57.38,0,1,0,ca_underperformance,normal,statistical_only_retained,0.0,5.017759323814902,0.0,38.82,48.77,43.3,Medium,Medium,1,1,0,1,0,0,0,1,0,0,1,3,False,Not handed off
LTE-TP-EP-000214,542020041221088+20250827111028+Fiji-Nadi-LTE-DL-D!20250827105621,Fiji-Nadi-LTE-DL-D,2025-08-27 00:54:52+02:00,2025-08-27 00:54:52+02:00,1,-17.76779669,177.47351605,-17.76779669,177.47351605,112.0,41186.0,41.0,40.56876,40.56876,103.734363,63.165603000000004,0.3910831360674572,50.92,50.92,43.77,43.77,59.67,59.67,0,1,0,rb_conditioned_underperformance,normal,statistical_only_retained,0.0,12.337316689346606,0.0,37.16,50.72,43.26,Medium,Medium,0,1,0,0,0,0,0,1,0,0,1,1,False,Not handed off
LTE-TP-EP-001233,542020041221088+20250828114852+Fiji-Nadi-LTE-DL-D!20250828112219,Fiji-Nadi-LTE-DL-D,2025-08-28 01:21:19+02:00,2025-08-28 01:21:19+02:00,1,-17.60678966,177.47118038,-17.60678966,177.47118038,177.0,41384.0,41.0,13.380296,13.380296,47.0651145,33.6848185,0.2842932847852734,50.88,50.88,43.53,43.53,59.87,59.87,0,1,0,ca_underperformance,normal,statistical_only_retained,0.0,16.018899930508113,0.0,36.98,50.89,43.24,Medium,Medium,1,0,0,1,0,0,0,1,0,0,1,2,False,Not handed off
LTE-TP-EP-001800,542020041221088+20250828140718+Fiji-Nadi-LTE-DL-D!20250828140641,Fiji-Nadi-LTE-DL-D,2025-08-28 04:06:18+02:00,2025-08-28 04:06:18+02:00,1,-17.6080411,177.4547332,-17.6080411,177.4547332,139.0,40988.0,41.0,18.22176,18.22176,64.715159,46.493399,0.28156865070825216,50.87,50.87,44.04,44.04,59.21,59.21,0,1,0,rb_conditioned_underperformance,normal,statistical_only_retained,0.0,3.8233025982063467,0.0,37.37,50.33,43.2,Medium,Medium,1,1,0,0,0,0,0,1,0,0,1,2,False,Not handed off
LTE-TP-EP-001204,542020041221088+20250828114132+Fiji-Nadi-LTE-DL-D!20250828111120,Fiji-Nadi-LTE-DL-D,2025-08-28 01:10:12+02:00,2025-08-28 01:10:12+02:00,1,-17.6139775,177.4721841,-17.6139775,177.4721841,178.0,41384.0,41.0,10.289168,10.289168,38.729599,28.440431,0.2656667836917186,50.95,50.95,45.86,45.86,57.17,57.17,0,1,0,ca_underperformance,normal,statistical_only_retained,0.0,10.082840425392352,0.0,38.73,48.59,43.17,Medium,Medium,1,1,0,1,0,0,0,1,0,0,1,3,False,Not handed off
LTE-TP-EP-001582,542020041221088+20250828131954+Fiji-Nadi-LTE-DL-D!20250828131344,Fiji-Nadi-LTE-DL-D,2025-08-28 03:12:17+02:00,2025-08-28 03:12:17+02:00,1,-17.6313034,177.4764388,-17.6313034,177.4764388,352.0,9310.0,28.0,6.928136,6.928136,,,,50.9,50.9,45.75,45.75,57.19,57.19,0,1,0,rb_efficiency_underperformance,normal,statistical_only_retained,0.0,4.711609518347762,0.0,38.65,48.61,43.13,Medium,Medium,0,0,1,0,0,0,0,1,0,0,1,1,False,Not handed off
LTE-TP-EP-001160,542020041221088+20250828113551+Fiji-Nadi-LTE-DL-D!20250828110238,Fiji-Nadi-LTE-DL-D,2025-08-28 01:01:15+02:00,2025-08-28 01:01:15+02:00,1,-17.63694094,177.46068921,-17.63694094,177.46068921,165.0,40790.0,41.0,21.4772,21.4772,83.886915,62.409715000000006,0.2560256268811411,51.24,51.24,51.27,51.27,51.2,51.2,0,1,0,rb_conditioned_underperformance,normal,statistical_only_retained,0.0,0.02121059983850998,0.0,42.79,43.52,43.12,Medium,Medium,1,1,0,0,0,0,0,1,0,0,1,2,False,Not handed off
LTE-TP-EP-001692,542020041221088+20250828134616+Fiji-Nadi-LTE-DL-D!20250828134149,Fiji-Nadi-LTE-DL-D,2025-08-28 03:40:18+02:00,2025-08-28 03:40:18+02:00,1,-17.6186459,177.4496779,-17.6186459,177.4496779,383.0,41384.0,41.0,43.81756,43.81756,105.95971,62.14215,0.4135303881069512,50.64,50.64,41.95,41.95,61.26,61.26,0,1,0,rb_conditioned_underperformance,normal,statistical_only_retained,0.0,11.557575674782477,0.0,35.8,52.07,43.12,Medium,Medium,0,1,0,0,0,0,0,1,0,1,1,1,False,Not handed off
LTE-TP-EP-001771,542020041221088+20250828140337+Fiji-Nadi-LTE-DL-D!20250828140209,Fiji-Nadi-LTE-DL-D,2025-08-28 04:01:05+02:00,2025-08-28 04:01:05+02:00,1,-17.6080957,177.4538362,-17.6080957,177.4538362,139.0,40790.0,41.0,13.44288,13.44288,57.088192,43.645312,0.2354756654405871,51.24,51.24,51.28,51.28,51.2,51.2,0,1,0,ca_underperformance,normal,statistical_only_retained,0.0,15.888604229577153,0.0,42.8,43.52,43.12,Medium,Medium,1,1,0,1,0,0,0,1,0,0,1,3,False,Not handed off
LTE-TP-EP-001795,542020041221088+20250828140718+Fiji-Nadi-LTE-DL-D!20250828140641,Fiji-Nadi-LTE-DL-D,2025-08-28 04:05:42+02:00,2025-08-28 04:05:42+02:00,1,-17.6069202,177.4546861,-17.6069202,177.4546861,139.0,41186.0,41.0,12.692536,12.692536,54.170067,41.477531,0.234309032698815,51.21,51.21,51.21,51.21,51.2,51.2,0,1,0,ca_underperformance,normal,statistical_only_retained,0.0,21.151331760140508,0.0,42.74,43.52,43.09,Medium,Medium,1,1,0,1,0,0,0,1,0,0,1,3,False,Not handed off
LTE-TP-EP-000272,542020041221088+20250827114430+Fiji-Nadi-LTE-DL-D!20250827111604,Fiji-Nadi-LTE-DL-D,2025-08-27 01:15:25+02:00,2025-08-27 01:15:25+02:00,1,-17.7589661,177.4587172,-17.7589661,177.4587172,448.0,9310.0,28.0,21.48552,21.48552,79.1365,57.65098,0.2714994977033354,50.87,50.87,47.99,47.99,54.4,54.4,0,1,0,radio_p75_underperformance,normal,statistical_only_retained,0.0,6.101325155478937,0.0,40.33,46.24,42.99,Medium,Medium,1,0,0,0,0,0,0,1,0,0,1,1,False,Not handed off
LTE-TP-EP-001960,542020041221088+20250828154002+Fiji-Nadi-LTE-DL-D!20250828153143,Fiji-Nadi-LTE-DL-D,2025-08-28 05:30:55+02:00,2025-08-28 05:30:55+02:00,1,-17.6905135,177.4127594,-17.6905135,177.4127594,157.0,40790.0,41.0,12.0357275,12.0357275,49.4498,37.4140725,0.24339284486489327,50.96,50.96,49.46,49.46,52.8,52.8,0,1,0,rb_conditioned_underperformance,normal,statistical_only_retained,0.0,12.318967398440206,0.0,41.43,44.88,42.98,Medium,Medium,1,1,0,0,0,0,0,0,1,1,1,2,False,Not handed off
LTE-TP-EP-000128,542020041221088+20250827103246+Fiji-Nadi-LTE-DL-D!20250827103001,Fiji-Nadi-LTE-DL-D,2025-08-27 00:29:34+02:00,2025-08-27 00:29:34+02:00,1,-17.81503832,177.43738073,-17.81503832,177.43738073,332.0,500.0,1.0,11.050672,11.050672,43.970293999999996,32.919622,0.2513213125206759,50.68,50.68,47.99,47.99,53.97,53.97,0,1,0,ca_underperformance,normal,statistical_only_retained,0.0,0.1960963287967781,0.0,40.33,45.87,42.82,Medium,Medium,1,1,0,1,0,0,0,1,0,0,1,3,False,Not handed off
LTE-TP-EP-000241,542020041221088+20250827112649+Fiji-Nadi-LTE-DL-D!20250827110516,Fiji-Nadi-LTE-DL-D,2025-08-27 01:04:15+02:00,2025-08-27 01:04:15+02:00,1,-17.76723441,177.48985517,-17.76723441,177.48985517,108.0,40790.0,41.0,14.59196,14.59196,60.347314999999995,45.755354999999994,0.2417996558753277,50.83,50.83,50.53,50.53,51.2,51.2,0,1,0,ca_underperformance,normal,statistical_only_retained,0.0,10.26098194189196,0.0,42.23,43.52,42.81,Medium,Medium,1,1,0,1,0,0,0,1,0,0,1,3,False,Not handed off
LTE-TP-EP-001042,542020041221088+20250828102746+Fiji-Nadi-LTE-DL-D!20250828102524,Fiji-Nadi-LTE-DL-D,2025-08-28 00:24:43+02:00,2025-08-28 00:24:43+02:00,1,-17.7364154,177.460216,-17.7364154,177.460216,487.0,41384.0,41.0,14.5584955,14.5584955,60.15991375,45.60141825,0.24199661522952232,50.81,50.81,50.49,50.49,51.2,51.2,0,1,0,ca_underperformance,normal,statistical_only_retained,0.0,10.99294729639086,0.0,42.2,43.52,42.8,Medium,Medium,1,1,0,1,0,0,0,0,0,1,1,3,False,Not handed off
LTE-TP-EP-001953,542020041221088+20250828153922+Fiji-Nadi-LTE-DL-D!20250828152928,Fiji-Nadi-LTE-DL-D,2025-08-28 05:29:00+02:00,2025-08-28 05:29:00+02:00,1,-17.682445,177.4088416,-17.682445,177.4088416,454.0,9310.0,28.0,15.915744,15.915744,45.476834118764856,29.561090118764856,0.349974757663106,50.63,50.63,47.58,47.58,54.35,54.35,0,1,0,radio_p75_underperformance,normal,statistical_only_retained,0.0,13.879550997230917,0.0,40.02,46.2,42.8,Medium,Medium,1,0,0,0,0,0,0,0,0,0,1,1,False,Not handed off
LTE-TP-EP-001017,542020041221088+20250827161234+Fiji-Nadi-LTE-DL-D!20250827161029,Fiji-Nadi-LTE-DL-D,2025-08-27 06:09:54+02:00,2025-08-27 06:09:54+02:00,1,-17.81464785,177.44177162,-17.81464785,177.44177162,469.0,41186.0,41.0,21.169096,21.169096,70.787155,49.618059,0.2990527871899923,50.19,50.19,42.36,42.36,59.77,59.77,0,1,0,rb_conditioned_underperformance,normal,statistical_only_retained,0.0,7.089860913015902,0.0,36.11,50.8,42.72,Medium,Medium,1,1,0,0,0,0,0,1,0,0,1,2,False,Not handed off
LTE-TP-EP-001785,542020041221088+20250828140457+Fiji-Nadi-LTE-DL-D!20250828140425,Fiji-Nadi-LTE-DL-D,2025-08-28 04:03:21+02:00,2025-08-28 04:03:21+02:00,1,-17.6054299,177.4492626,-17.6054299,177.4492626,139.0,40988.0,41.0,27.99468,27.99468,88.404305,60.40962499999999,0.31666647908153345,50.46,50.46,46.73,46.73,55.01,55.01,0,1,0,rb_conditioned_underperformance,normal,statistical_only_retained,0.0,3.4693223058577676,0.0,39.38,46.76,42.7,Medium,Medium,1,1,0,0,0,0,0,0,0,0,1,2,False,Not handed off
LTE-TP-EP-001662,542020041221088+20250828134016+Fiji-Nadi-LTE-DL-D!20250828133246,Fiji-Nadi-LTE-DL-D,2025-08-28 03:32:18+02:00,2025-08-28 03:32:18+02:00,1,-17.61651576,177.46053949,-17.61651576,177.46053949,179.0,40988.0,41.0,16.442137,16.442137,64.715159,48.273022,0.2540693286406049,50.54,50.54,48.76,48.76,52.71,52.71,0,1,0,rb_conditioned_underperformance,normal,statistical_only_retained,0.0,2.732651604011852,0.0,40.91,44.8,42.66,Medium,Medium,1,1,0,0,0,0,0,1,1,1,1,2,False,Not handed off
LTE-TP-EP-000217,542020041221088+20250827111028+Fiji-Nadi-LTE-DL-D!20250827105621,Fiji-Nadi-LTE-DL-D,2025-08-27 00:55:31+02:00,2025-08-27 00:55:31+02:00,1,-17.7694984,177.4763305,-17.7694984,177.4763305,113.0,41186.0,41.0,19.963047,19.963047,70.787155,50.824107999999995,0.282015105706678,50.22,50.22,44.01,44.01,57.81,57.81,0,1,0,rb_conditioned_underperformance,normal,statistical_only_retained,0.0,7.23704645075728,0.0,37.34,49.14,42.65,Medium,Medium,1,1,0,0,0,0,0,1,0,0,1,2,False,Not handed off
LTE-TP-EP-001630,542020041221088+20250828133115+Fiji-Nadi-LTE-DL-D!20250828132346,Fiji-Nadi-LTE-DL-D,2025-08-28 03:23:35+02:00,2025-08-28 03:23:35+02:00,1,-17.62617312,177.46534149,-17.62617312,177.46534149,273.0,500.0,1.0,20.765495,20.765495,78.76266000000001,57.99716500000001,0.26364644109277163,50.5,50.5,48.62,48.62,52.8,52.8,0,1,0,rb_conditioned_underperformance,normal,statistical_only_retained,0.0,11.38569986686655,0.0,40.8,44.88,42.64,Medium,Medium,1,1,0,0,0,0,0,1,0,0,1,2,False,Not handed off
LTE-TP-EP-001884,542020041221088+20250828143139+Fiji-Nadi-LTE-DL-D!20250828143127,Fiji-Nadi-LTE-DL-D,2025-08-28 04:29:47+02:00,2025-08-28 04:29:47+02:00,1,-17.60796897,177.44009005,-17.60796897,177.44009005,347.0,40790.0,41.0,12.830832,12.830832,49.4498,36.618968,0.2594718684403172,50.41,50.41,47.14,47.14,54.4,54.4,0,1,0,ca_underperformance,normal,statistical_only_retained,0.0,11.104807515150545,0.0,39.69,46.24,42.64,Medium,Medium,1,1,0,1,0,0,0,1,1,1,1,3,False,Not handed off
LTE-TP-EP-000659,542020041221088+20250827135208+Fiji-Nadi-LTE-DL-D!20250827132735,Fiji-Nadi-LTE-DL-D,2025-08-27 03:26:00+02:00,2025-08-27 03:26:00+02:00,1,-17.7763614,177.4351125,-17.7763614,177.4351125,131.0,41384.0,41.0,18.59252,18.59252,70.7488185,52.1562985,0.2627961907236656,50.42,50.42,47.51,47.51,53.97,53.97,0,1,0,rb_conditioned_underperformance,normal,statistical_only_retained,0.0,9.25832851565821,0.0,39.97,45.87,42.63,Medium,Medium,1,1,0,0,0,0,0,1,0,0,1,2,False,Not handed off
LTE-TP-EP-001362,542020041221088+20250828122402+Fiji-Nadi-LTE-DL-D!20250828121612,Fiji-Nadi-LTE-DL-D,2025-08-28 02:16:12+02:00,2025-08-28 02:16:12+02:00,1,-17.60371672,177.45244832,-17.60371672,177.45244832,184.0,40988.0,41.0,30.939552,30.939552,100.12010000000001,69.18054800000002,0.3090243817175572,50.68,50.68,51.56,51.56,49.6,49.6,0,1,0,rb_conditioned_underperformance,normal,statistical_only_retained,0.0,0.13821137395260333,0.0,43.01,42.16,42.63,Medium,Medium,1,1,0,0,0,0,0,0,0,0,1,2,False,Not handed off
LTE-TP-EP-000062,542020041221088+20250827100005+Fiji-Nadi-LTE-DL-D!20250827095853,Fiji-Nadi-LTE-DL-D,2025-08-26 23:57:54+02:00,2025-08-26 23:57:54+02:00,1,-17.8089808,177.4036176,-17.8089808,177.4036176,145.0,41186.0,41.0,37.00684,37.00684,100.61148,63.60464,0.3678192587963123,50.27,50.27,45.35,45.35,56.29,56.29,0,1,0,rb_conditioned_underperformance,normal,statistical_only_retained,0.0,16.027183625914887,0.0,38.35,47.85,42.62,Medium,Medium,0,1,0,0,0,0,0,1,0,0,1,1,False,Not handed off
LTE-TP-EP-000228,542020041221088+20250827111708+Fiji-Nadi-LTE-DL-D!20250827110046,Fiji-Nadi-LTE-DL-D,2025-08-27 01:00:25+02:00,2025-08-27 01:00:25+02:00,1,-17.7812087,177.4877423,-17.7812087,177.4877423,333.0,500.0,1.0,28.302368,28.302368,90.28093,61.978562,0.31349220704749053,50.41,50.41,47.7,47.7,53.72,53.72,0,1,0,radio_p75_underperformance,normal,statistical_only_retained,0.0,6.76523495748122,0.0,40.11,45.66,42.61,Medium,Medium,1,0,0,0,0,0,0,1,0,0,1,1,False,Not handed off
LTE-TP-EP-000649,542020041221088+20250827135108+Fiji-Nadi-LTE-DL-D!20250827132314,Fiji-Nadi-LTE-DL-D,2025-08-27 03:22:34+02:00,2025-08-27 03:22:34+02:00,1,-17.7726126,177.4354892,-17.7726126,177.4354892,339.0,40790.0,41.0,29.418848,29.418848,93.96716500000001,64.54831700000001,0.31307582813634954,50.5,50.5,49.01,49.01,52.32,52.32,0,1,0,radio_p75_underperformance,normal,statistical_only_retained,0.0,27.047540654956432,0.0,41.09,44.47,42.61,Medium,Medium,1,0,0,0,0,0,0,1,0,0,1,1,False,Not handed off
LTE-TP-EP-001969,542020041221088+20250829102513+Nawaka-LTE-DL!20250829102435,Nawaka-LTE-DL,2025-08-29 00:22:49+02:00,2025-08-29 00:22:49+02:00,1,-17.8128907,177.4432631,-17.8128907,177.4432631,469.0,41384.0,41.0,10.018616,10.018616,38.729599,28.710983,0.2586811188001198,50.32,50.32,46.74,46.74,54.69,54.69,0,1,0,ca_underperformance,normal,statistical_only_retained,0.0,0.010586445161049327,0.0,39.39,46.49,42.58,Medium,Medium,1,1,0,1,0,0,0,1,0,0,1,3,False,Not handed off
LTE-TP-EP-000501,542020041221088+20250827131944+Fiji-Nadi-LTE-DL-D!20250827121729,Fiji-Nadi-LTE-DL-D,2025-08-27 02:16:08+02:00,2025-08-27 02:16:08+02:00,1,-17.7982241,177.4161488,-17.7982241,177.4161488,147.0,41186.0,41.0,14.7652235,14.7652235,60.097231750000006,45.33200825000001,0.24568891228504877,50.49,50.49,49.88,49.88,51.24,51.24,0,1,0,ca_underperformance,normal,statistical_only_retained,0.0,9.00295277594379,0.0,41.75,43.55,42.56,Medium,Medium,1,1,0,1,0,0,0,1,0,0,1,3,False,Not handed off
LTE-TP-EP-001082,542020041221088+20250828104127+Fiji-Nadi-LTE-DL-D!20250828104043,Fiji-Nadi-LTE-DL-D,2025-08-28 00:38:56+02:00,2025-08-28 00:38:56+02:00,1,-17.66012671,177.40515711,-17.66012671,177.40515711,159.0,1850.0,3.0,13.059432,13.059432,53.8361855,40.7767535,0.24257721602508409,50.49,50.49,49.91,49.91,51.2,51.2,0,1,0,ca_underperformance,normal,statistical_only_retained,0.0,11.712302456602005,0.0,41.77,43.52,42.56,Medium,Medium,1,1,0,1,0,0,0,1,1,1,1,3,False,Not handed off
LTE-TP-EP-001767,542020041221088+20250828140337+Fiji-Nadi-LTE-DL-D!20250828140209,Fiji-Nadi-LTE-DL-D,2025-08-28 04:00:44+02:00,2025-08-28 04:00:44+02:00,1,-17.60791227,177.4547915,-17.60791227,177.4547915,183.0,40790.0,41.0,15.321,15.321,62.203377,46.882377000000005,0.2463049554367442,50.5,50.5,49.92,49.92,51.2,51.2,0,1,0,radio_p75_underperformance,normal,statistical_only_retained,0.0,0.06426122595782828,0.0,41.78,43.52,42.56,Medium,Medium,1,0,0,0,0,0,0,1,0,0,1,1,False,Not handed off
LTE-TP-EP-000652,542020041221088+20250827135148+Fiji-Nadi-LTE-DL-D!20250827132524,Fiji-Nadi-LTE-DL-D,2025-08-27 03:24:55+02:00,2025-08-27 03:24:55+02:00,1,-17.7765064,177.4328884,-17.7765064,177.4328884,338.0,41384.0,41.0,15.719536,15.719536,60.15991375,44.44037775,0.2612958533372232,50.32,50.32,47.33,47.33,53.97,53.97,0,1,0,rb_conditioned_underperformance,normal,statistical_only_retained,0.0,0.0,0.0,39.83,45.87,42.55,Medium,Medium,1,1,0,0,0,0,0,0,0,0,1,2,False,Not handed off
LTE-TP-EP-000801,542020041221088+20250827145151+Fiji-Nadi-LTE-DL-D!20250827145113,Fiji-Nadi-LTE-DL-D,2025-08-27 04:49:55+02:00,2025-08-27 04:49:55+02:00,1,-17.7656343,177.4663349,-17.7656343,177.4663349,112.0,41186.0,41.0,10.494544,10.494544,41.037212749999995,30.542668749999997,0.25573237792569137,50.27,50.27,47.24,47.24,53.97,53.97,0,1,0,ca_underperformance,normal,statistical_only_retained,0.0,12.979763398898447,0.0,39.77,45.87,42.51,Medium,Medium,1,1,0,1,0,0,0,1,1,1,1,3,False,Not handed off
LTE-TP-EP-001768,542020041221088+20250828140337+Fiji-Nadi-LTE-DL-D!20250828140209,Fiji-Nadi-LTE-DL-D,2025-08-28 04:00:46+02:00,2025-08-28 04:00:46+02:00,1,-17.60792711,177.45479298,-17.60792711,177.45479298,183.0,40790.0,41.0,15.367928,15.367928,62.203377,46.835449000000004,0.24705938393023258,50.43,50.43,49.8,49.8,51.2,51.2,0,1,0,radio_p75_underperformance,normal,statistical_only_retained,0.0,0.9454735903209839,0.0,41.69,43.52,42.51,Medium,Medium,1,0,0,0,0,0,0,1,0,0,1,1,False,Not handed off
LTE-TP-EP-001811,542020041221088+20250828140938+Fiji-Nadi-LTE-DL-D!20250828140855,Fiji-Nadi-LTE-DL-D,2025-08-28 04:08:07+02:00,2025-08-28 04:08:07+02:00,1,-17.60933078,177.45403312,-17.60933078,177.45403312,140.0,40988.0,41.0,8.889824,8.889824,32.41143,23.521606000000002,0.27428052387691626,50.1,50.1,44.65,44.65,56.75,56.75,0,1,0,ca_underperformance,normal,statistical_only_retained,0.0,9.407110541999591,0.0,37.82,48.24,42.51,Medium,Medium,1,1,1,1,0,0,0,1,0,0,1,4,False,Not handed off
LTE-TP-EP-001577,542020041221088+20250828131435+Fiji-Nadi-LTE-DL-D!20250828131128,Fiji-Nadi-LTE-DL-D,2025-08-28 03:10:54+02:00,2025-08-28 03:10:54+02:00,1,-17.6281601,177.4702969,-17.6281601,177.4702969,352.0,40988.0,41.0,12.224928,12.224928,43.68767,31.462742,0.27982558923375866,50.0,50.0,44.13,44.13,57.17,57.17,0,1,0,ca_underperformance,normal,statistical_only_retained,0.0,8.737167029963388,0.0,37.43,48.59,42.46,Medium,Medium,1,1,0,1,0,0,0,1,0,0,1,3,False,Not handed off
LTE-TP-EP-000253,542020041221088+20250827113629+Fiji-Nadi-LTE-DL-D!20250827111145,Fiji-Nadi-LTE-DL-D,2025-08-27 01:09:45+02:00,2025-08-27 01:09:45+02:00,1,-17.7624302,177.4703776,-17.7624302,177.4703776,112.0,41186.0,41.0,16.031464,16.031464,60.097231750000006,44.065767750000006,0.2667587762892256,50.14,50.14,46.43,46.43,54.67,54.67,0,1,0,rb_conditioned_underperformance,normal,statistical_only_retained,0.0,10.655973709555894,0.0,39.16,46.47,42.45,Medium,Medium,1,1,0,0,0,0,0,1,0,0,1,2,False,Not handed off
LTE-TP-EP-001816,542020041221088+20250828140938+Fiji-Nadi-LTE-DL-D!20250828140855,Fiji-Nadi-LTE-DL-D,2025-08-28 04:08:46+02:00,2025-08-28 04:08:46+02:00,1,-17.60806082,177.45702286,-17.60806082,177.45702286,182.0,40988.0,41.0,16.289448,16.289448,65.36004299999999,49.07059499999999,0.24922639662278073,50.34,50.34,49.64,49.64,51.2,51.2,0,1,0,rb_conditioned_underperformance,normal,statistical_only_retained,0.0,0.17980852605423675,0.0,41.57,43.52,42.45,Medium,Medium,1,1,0,0,0,0,0,1,0,0,1,2,False,Not handed off
LTE-TP-EP-000153,542020041221088+20250827104347+Fiji-Nadi-LTE-DL-D!20250827104305,Fiji-Nadi-LTE-DL-D,2025-08-27 00:43:05+02:00,2025-08-27 00:43:05+02:00,1,-17.79511989,177.43697507,-17.79511989,177.43697507,431.0,40790.0,41.0,13.002,13.002,49.4498,36.4478,0.26293331823384525,50.13,50.13,46.63,46.63,54.4,54.4,0,1,0,ca_underperformance,normal,statistical_only_retained,0.0,0.0,0.0,39.31,46.24,42.43,Medium,Medium,1,1,0,1,0,0,0,1,0,0,1,3,False,Not handed off
LTE-TP-EP-001234,542020041221088+20250828114852+Fiji-Nadi-LTE-DL-D!20250828112219,Fiji-Nadi-LTE-DL-D,2025-08-28 01:21:28+02:00,2025-08-28 01:21:28+02:00,1,-17.60681166,177.46983752,-17.60681166,177.46983752,373.0,41384.0,41.0,10.003232,10.003232,38.729599,28.726367,0.25828390322347516,50.03,50.03,46.79,46.79,53.99,53.99,0,1,0,ca_underperformance,normal,statistical_only_retained,0.0,14.809186495643925,0.0,39.43,45.89,42.34,Medium,Medium,1,1,0,1,0,0,0,0,0,0,1,3,False,Not handed off
LTE-TP-EP-001439,542020041221088+20250828124043+Fiji-Nadi-LTE-DL-D!20250828124009,Fiji-Nadi-LTE-DL-D,2025-08-28 02:39:52+02:00,2025-08-28 02:39:52+02:00,1,-17.62382704,177.44220828,-17.62382704,177.44220828,169.0,500.0,1.0,20.852585,20.852585,81.48199,60.62940499999999,0.25591649148480544,50.03,50.03,50.39,50.39,49.6,49.6,0,1,0,rb_conditioned_underperformance,normal,statistical_only_retained,0.0,0.1313026174903288,0.0,42.13,42.16,42.14,Medium,Medium,1,1,0,0,0,0,0,0,0,0,1,2,False,Not handed off
