{
  "type": "FeatureCollection",
  "features": [
    {
      "type": "Feature",
      "geometry": {
        "type": "Point",
        "coordinates": [
          177.43368277,
          -17.7809412
        ]
      },
      "properties": {
        "serving_cell_key": "ECI:1072704.0",
        "serving_eci": 1072704.0,
        "serving_pci": 395.0,
        "serving_earfcn": 40988.0,
        "p90_observation_spread_m": 38.64190191871323,
        "anomaly_gps_rows": 11,
        "sessions": 1,
        "max_priority": 98.96,
        "dominant_case": "ca_underperformance",
        "coverage_or_planning_review": true,
        "location_method": "median anomaly-observation GPS coordinate; approximate dashboard marker, not tower coordinate"
      }
    },
    {
      "type": "Feature",
      "geometry": {
        "type": "Point",
        "coordinates": [
          177.4424698,
          -17.6304788
        ]
      },
      "properties": {
        "serving_cell_key": "ECI:3642943.0",
        "serving_eci": 3642943.0,
        "serving_pci": 313.0,
        "serving_earfcn": 41384.0,
        "p90_observation_spread_m": 181.88150716418286,
        "anomaly_gps_rows": 31,
        "sessions": 5,
        "max_priority": 97.83,
        "dominant_case": "ca_underperformance",
        "coverage_or_planning_review": true,
        "location_method": "median anomaly-observation GPS coordinate; approximate dashboard marker, not tower coordinate"
      }
    },
    {
      "type": "Feature",
      "geometry": {
        "type": "Point",
        "coordinates": [
          177.4276977,
          -17.7687544
        ]
      },
      "properties": {
        "serving_cell_key": "ECI:1072446.0",
        "serving_eci": 1072446.0,
        "serving_pci": 394.0,
        "serving_earfcn": 40790.0,
        "p90_observation_spread_m": 687.9597318327599,
        "anomaly_gps_rows": 17,
        "sessions": 1,
        "max_priority": 97.79,
        "dominant_case": "ca_underperformance",
        "coverage_or_planning_review": false,
        "location_method": "median anomaly-observation GPS coordinate; approximate dashboard marker, not tower coordinate"
      }
    },
    {
      "type": "Feature",
      "geometry": {
        "type": "Point",
        "coordinates": [
          177.42557419,
          -17.77165117
        ]
      },
      "properties": {
        "serving_cell_key": "ECI:1072439.0",
        "serving_eci": 1072439.0,
        "serving_pci": 394.0,
        "serving_earfcn": 41384.0,
        "p90_observation_spread_m": 780.1854465610951,
        "anomaly_gps_rows": 17,
        "sessions": 3,
        "max_priority": 97.65,
        "dominant_case": "ca_underperformance",
        "coverage_or_planning_review": true,
        "location_method": "median anomaly-observation GPS coordinate; approximate dashboard marker, not tower coordinate"
      }
    },
    {
      "type": "Feature",
      "geometry": {
        "type": "Point",
        "coordinates": [
          177.43141131,
          -17.63582129
        ]
      },
      "properties": {
        "serving_cell_key": "ECI:1081630.0",
        "serving_eci": 1081630.0,
        "serving_pci": 354.0,
        "serving_earfcn": 1850.0,
        "p90_observation_spread_m": 24.249601755492243,
        "anomaly_gps_rows": 3,
        "sessions": 1,
        "max_priority": 97.52,
        "dominant_case": "ca_underperformance",
        "coverage_or_planning_review": false,
        "location_method": "median anomaly-observation GPS coordinate; approximate dashboard marker, not tower coordinate"
      }
    },
    {
      "type": "Feature",
      "geometry": {
        "type": "Point",
        "coordinates": [
          177.4523499,
          -17.6039857
        ]
      },
      "properties": {
        "serving_cell_key": "ECI:1082165.0",
        "serving_eci": 1082165.0,
        "serving_pci": 139.0,
        "serving_earfcn": 41384.0,
        "p90_observation_spread_m": 457.430407037937,
        "anomaly_gps_rows": 15,
        "sessions": 5,
        "max_priority": 96.97,
        "dominant_case": "ca_underperformance",
        "coverage_or_planning_review": true,
        "location_method": "median anomaly-observation GPS coordinate; approximate dashboard marker, not tower coordinate"
      }
    },
    {
      "type": "Feature",
      "geometry": {
        "type": "Point",
        "coordinates": [
          177.4439907,
          -17.6489313
        ]
      },
      "properties": {
        "serving_cell_key": "ECI:1078590.0",
        "serving_eci": 1078590.0,
        "serving_pci": 163.0,
        "serving_earfcn": 40790.0,
        "p90_observation_spread_m": 289.6404499263118,
        "anomaly_gps_rows": 23,
        "sessions": 2,
        "max_priority": 96.95,
        "dominant_case": "ca_underperformance",
        "coverage_or_planning_review": true,
        "location_method": "median anomaly-observation GPS coordinate; approximate dashboard marker, not tower coordinate"
      }
    },
    {
      "type": "Feature",
      "geometry": {
        "type": "Point",
        "coordinates": [
          177.435181345,
          -17.768251614999997
        ]
      },
      "properties": {
        "serving_cell_key": "ECI:1072445.0",
        "serving_eci": 1072445.0,
        "serving_pci": 395.0,
        "serving_earfcn": 40790.0,
        "p90_observation_spread_m": 417.62785079742434,
        "anomaly_gps_rows": 4,
        "sessions": 2,
        "max_priority": 96.58,
        "dominant_case": "ca_underperformance",
        "coverage_or_planning_review": false,
        "location_method": "median anomaly-observation GPS coordinate; approximate dashboard marker, not tower coordinate"
      }
    },
    {
      "type": "Feature",
      "geometry": {
        "type": "Point",
        "coordinates": [
          177.459908,
          -17.7371849
        ]
      },
      "properties": {
        "serving_cell_key": "ECI:1071136.0",
        "serving_eci": 1071136.0,
        "serving_pci": 338.0,
        "serving_earfcn": 1850.0,
        "p90_observation_spread_m": 0.02135301401686321,
        "anomaly_gps_rows": 34,
        "sessions": 2,
        "max_priority": 95.92,
        "dominant_case": "ca_underperformance",
        "coverage_or_planning_review": true,
        "location_method": "median anomaly-observation GPS coordinate; approximate dashboard marker, not tower coordinate"
      }
    },
    {
      "type": "Feature",
      "geometry": {
        "type": "Point",
        "coordinates": [
          177.43060671,
          -17.780715305
        ]
      },
      "properties": {
        "serving_cell_key": "ECI:1072702.0",
        "serving_eci": 1072702.0,
        "serving_pci": 394.0,
        "serving_earfcn": 40790.0,
        "p90_observation_spread_m": 102.75930039119169,
        "anomaly_gps_rows": 18,
        "sessions": 2,
        "max_priority": 95.84,
        "dominant_case": "ca_underperformance",
        "coverage_or_planning_review": true,
        "location_method": "median anomaly-observation GPS coordinate; approximate dashboard marker, not tower coordinate"
      }
    },
    {
      "type": "Feature",
      "geometry": {
        "type": "Point",
        "coordinates": [
          177.4228236,
          -17.7850793
        ]
      },
      "properties": {
        "serving_cell_key": "ECI:1065524.0",
        "serving_eci": 1065524.0,
        "serving_pci": 133.0,
        "serving_earfcn": 41186.0,
        "p90_observation_spread_m": 297.58524947424803,
        "anomaly_gps_rows": 11,
        "sessions": 2,
        "max_priority": 95.66,
        "dominant_case": "ca_underperformance",
        "coverage_or_planning_review": true,
        "location_method": "median anomaly-observation GPS coordinate; approximate dashboard marker, not tower coordinate"
      }
    },
    {
      "type": "Feature",
      "geometry": {
        "type": "Point",
        "coordinates": [
          177.454297655,
          -17.63293669
        ]
      },
      "properties": {
        "serving_cell_key": "ECI:1077825.0",
        "serving_eci": 1077825.0,
        "serving_pci": 167.0,
        "serving_earfcn": 40988.0,
        "p90_observation_spread_m": 452.95336460230726,
        "anomaly_gps_rows": 46,
        "sessions": 7,
        "max_priority": 95.43,
        "dominant_case": "ca_underperformance",
        "coverage_or_planning_review": true,
        "location_method": "median anomaly-observation GPS coordinate; approximate dashboard marker, not tower coordinate"
      }
    },
    {
      "type": "Feature",
      "geometry": {
        "type": "Point",
        "coordinates": [
          177.411681025,
          -17.77934466
        ]
      },
      "properties": {
        "serving_cell_key": "ECI:1069374.0",
        "serving_eci": 1069374.0,
        "serving_pci": 137.0,
        "serving_earfcn": 40790.0,
        "p90_observation_spread_m": 983.2999743068123,
        "anomaly_gps_rows": 10,
        "sessions": 3,
        "max_priority": 95.28,
        "dominant_case": "ca_underperformance",
        "coverage_or_planning_review": true,
        "location_method": "median anomaly-observation GPS coordinate; approximate dashboard marker, not tower coordinate"
      }
    },
    {
      "type": "Feature",
      "geometry": {
        "type": "Point",
        "coordinates": [
          177.41386215,
          -17.78062541
        ]
      },
      "properties": {
        "serving_cell_key": "ECI:1069336.0",
        "serving_eci": 1069336.0,
        "serving_pci": 135.0,
        "serving_earfcn": 356.0,
        "p90_observation_spread_m": 168.9434830306747,
        "anomaly_gps_rows": 5,
        "sessions": 1,
        "max_priority": 95.1,
        "dominant_case": "ca_underperformance",
        "coverage_or_planning_review": false,
        "location_method": "median anomaly-observation GPS coordinate; approximate dashboard marker, not tower coordinate"
      }
    },
    {
      "type": "Feature",
      "geometry": {
        "type": "Point",
        "coordinates": [
          177.432161,
          -17.77737498
        ]
      },
      "properties": {
        "serving_cell_key": "ECI:1067153.0",
        "serving_eci": 1067153.0,
        "serving_pci": 338.0,
        "serving_earfcn": 41384.0,
        "p90_observation_spread_m": 528.227726880188,
        "anomaly_gps_rows": 14,
        "sessions": 6,
        "max_priority": 95.08,
        "dominant_case": "ca_underperformance",
        "coverage_or_planning_review": true,
        "location_method": "median anomaly-observation GPS coordinate; approximate dashboard marker, not tower coordinate"
      }
    },
    {
      "type": "Feature",
      "geometry": {
        "type": "Point",
        "coordinates": [
          177.4651164,
          -17.626646100000002
        ]
      },
      "properties": {
        "serving_cell_key": "ECI:3638848.0",
        "serving_eci": 3638848.0,
        "serving_pci": 254.0,
        "serving_earfcn": 41384.0,
        "p90_observation_spread_m": 599.062987376693,
        "anomaly_gps_rows": 22,
        "sessions": 3,
        "max_priority": 94.68,
        "dominant_case": "ca_underperformance",
        "coverage_or_planning_review": true,
        "location_method": "median anomaly-observation GPS coordinate; approximate dashboard marker, not tower coordinate"
      }
    },
    {
      "type": "Feature",
      "geometry": {
        "type": "Point",
        "coordinates": [
          177.47975582,
          -17.6259577
        ]
      },
      "properties": {
        "serving_cell_key": "EARFCN:40988.0|PCI:351.0",
        "serving_eci": null,
        "serving_pci": 351.0,
        "serving_earfcn": 40988.0,
        "p90_observation_spread_m": 0.0,
        "anomaly_gps_rows": 1,
        "sessions": 1,
        "max_priority": 94.47,
        "dominant_case": "ca_underperformance",
        "coverage_or_planning_review": false,
        "location_method": "median anomaly-observation GPS coordinate; approximate dashboard marker, not tower coordinate"
      }
    },
    {
      "type": "Feature",
      "geometry": {
        "type": "Point",
        "coordinates": [
          177.4449258,
          -17.74679135
        ]
      },
      "properties": {
        "serving_cell_key": "ECI:1068575.0",
        "serving_eci": 1068575.0,
        "serving_pci": 122.0,
        "serving_earfcn": 1850.0,
        "p90_observation_spread_m": 254.40973305702062,
        "anomaly_gps_rows": 19,
        "sessions": 1,
        "max_priority": 94.43,
        "dominant_case": "radio_limited_degradation",
        "coverage_or_planning_review": true,
        "location_method": "median anomaly-observation GPS coordinate; approximate dashboard marker, not tower coordinate"
      }
    },
    {
      "type": "Feature",
      "geometry": {
        "type": "Point",
        "coordinates": [
          177.4273345,
          -17.6365434
        ]
      },
      "properties": {
        "serving_cell_key": "ECI:1081632.0",
        "serving_eci": 1081632.0,
        "serving_pci": 356.0,
        "serving_earfcn": 1850.0,
        "p90_observation_spread_m": 79.9174621708147,
        "anomaly_gps_rows": 7,
        "sessions": 3,
        "max_priority": 94.36,
        "dominant_case": "ca_underperformance",
        "coverage_or_planning_review": true,
        "location_method": "median anomaly-observation GPS coordinate; approximate dashboard marker, not tower coordinate"
      }
    },
    {
      "type": "Feature",
      "geometry": {
        "type": "Point",
        "coordinates": [
          177.4070924,
          -17.7726621
        ]
      },
      "properties": {
        "serving_cell_key": "ECI:1069373.0",
        "serving_eci": 1069373.0,
        "serving_pci": 135.0,
        "serving_earfcn": 40790.0,
        "p90_observation_spread_m": 469.495064764212,
        "anomaly_gps_rows": 29,
        "sessions": 2,
        "max_priority": 94.1,
        "dominant_case": "ca_underperformance",
        "coverage_or_planning_review": true,
        "location_method": "median anomaly-observation GPS coordinate; approximate dashboard marker, not tower coordinate"
      }
    },
    {
      "type": "Feature",
      "geometry": {
        "type": "Point",
        "coordinates": [
          177.4181157,
          -17.8070401
        ]
      },
      "properties": {
        "serving_cell_key": "ECI:1064759.0",
        "serving_eci": 1064759.0,
        "serving_pci": 149.0,
        "serving_earfcn": 41384.0,
        "p90_observation_spread_m": 12.524545877540708,
        "anomaly_gps_rows": 22,
        "sessions": 4,
        "max_priority": 93.68,
        "dominant_case": "ca_underperformance",
        "coverage_or_planning_review": true,
        "location_method": "median anomaly-observation GPS coordinate; approximate dashboard marker, not tower coordinate"
      }
    },
    {
      "type": "Feature",
      "geometry": {
        "type": "Point",
        "coordinates": [
          177.4576468,
          -17.6158366
        ]
      },
      "properties": {
        "serving_cell_key": "EARFCN:1850.0|PCI:230.0",
        "serving_eci": null,
        "serving_pci": 230.0,
        "serving_earfcn": 1850.0,
        "p90_observation_spread_m": 0.0,
        "anomaly_gps_rows": 1,
        "sessions": 1,
        "max_priority": 93.43,
        "dominant_case": "ca_underperformance",
        "coverage_or_planning_review": false,
        "location_method": "median anomaly-observation GPS coordinate; approximate dashboard marker, not tower coordinate"
      }
    },
    {
      "type": "Feature",
      "geometry": {
        "type": "Point",
        "coordinates": [
          177.4569019,
          -17.74446573
        ]
      },
      "properties": {
        "serving_cell_key": "ECI:1068338.0",
        "serving_eci": 1068338.0,
        "serving_pci": 49.0,
        "serving_earfcn": 41186.0,
        "p90_observation_spread_m": 0.0,
        "anomaly_gps_rows": 1,
        "sessions": 1,
        "max_priority": 92.93,
        "dominant_case": "ca_underperformance",
        "coverage_or_planning_review": false,
        "location_method": "median anomaly-observation GPS coordinate; approximate dashboard marker, not tower coordinate"
      }
    },
    {
      "type": "Feature",
      "geometry": {
        "type": "Point",
        "coordinates": [
          177.443056985,
          -17.812025815
        ]
      },
      "properties": {
        "serving_cell_key": "ECI:1065015.0",
        "serving_eci": 1065015.0,
        "serving_pci": 469.0,
        "serving_earfcn": 41384.0,
        "p90_observation_spread_m": 98.62278718545731,
        "anomaly_gps_rows": 2,
        "sessions": 2,
        "max_priority": 92.1,
        "dominant_case": "ca_underperformance",
        "coverage_or_planning_review": true,
        "location_method": "median anomaly-observation GPS coordinate; approximate dashboard marker, not tower coordinate"
      }
    },
    {
      "type": "Feature",
      "geometry": {
        "type": "Point",
        "coordinates": [
          177.432206335,
          -17.78080689
        ]
      },
      "properties": {
        "serving_cell_key": "ECI:1065535.0",
        "serving_eci": 1065535.0,
        "serving_pci": 394.0,
        "serving_earfcn": 40988.0,
        "p90_observation_spread_m": 54.91647752123505,
        "anomaly_gps_rows": 6,
        "sessions": 1,
        "max_priority": 92.04,
        "dominant_case": "radio_limited_degradation",
        "coverage_or_planning_review": true,
        "location_method": "median anomaly-observation GPS coordinate; approximate dashboard marker, not tower coordinate"
      }
    },
    {
      "type": "Feature",
      "geometry": {
        "type": "Point",
        "coordinates": [
          177.42703991,
          -17.78942887
        ]
      },
      "properties": {
        "serving_cell_key": "ECI:1065506.0",
        "serving_eci": 1065506.0,
        "serving_pci": 322.0,
        "serving_earfcn": 1850.0,
        "p90_observation_spread_m": 137.9324470656559,
        "anomaly_gps_rows": 5,
        "sessions": 1,
        "max_priority": 91.57,
        "dominant_case": "radio_limited_degradation",
        "coverage_or_planning_review": true,
        "location_method": "median anomaly-observation GPS coordinate; approximate dashboard marker, not tower coordinate"
      }
    },
    {
      "type": "Feature",
      "geometry": {
        "type": "Point",
        "coordinates": [
          177.36828265,
          -17.776903400000002
        ]
      },
      "properties": {
        "serving_cell_key": "ECI:1066814.0",
        "serving_eci": 1066814.0,
        "serving_pci": 156.0,
        "serving_earfcn": 40790.0,
        "p90_observation_spread_m": 539.410658271217,
        "anomaly_gps_rows": 16,
        "sessions": 2,
        "max_priority": 91.51,
        "dominant_case": "radio_limited_degradation",
        "coverage_or_planning_review": true,
        "location_method": "median anomaly-observation GPS coordinate; approximate dashboard marker, not tower coordinate"
      }
    },
    {
      "type": "Feature",
      "geometry": {
        "type": "Point",
        "coordinates": [
          177.44771125,
          -17.7665226
        ]
      },
      "properties": {
        "serving_cell_key": "ECI:1066034.0",
        "serving_eci": 1066034.0,
        "serving_pci": 124.0,
        "serving_earfcn": 41186.0,
        "p90_observation_spread_m": 299.691875868205,
        "anomaly_gps_rows": 52,
        "sessions": 5,
        "max_priority": 91.4,
        "dominant_case": "radio_limited_degradation",
        "coverage_or_planning_review": true,
        "location_method": "median anomaly-observation GPS coordinate; approximate dashboard marker, not tower coordinate"
      }
    },
    {
      "type": "Feature",
      "geometry": {
        "type": "Point",
        "coordinates": [
          177.461520215,
          -17.61078999
        ]
      },
      "properties": {
        "serving_cell_key": "ECI:1076426.0",
        "serving_eci": 1076426.0,
        "serving_pci": 375.0,
        "serving_earfcn": 500.0,
        "p90_observation_spread_m": 752.0734661877468,
        "anomaly_gps_rows": 30,
        "sessions": 4,
        "max_priority": 91.39,
        "dominant_case": "ca_underperformance",
        "coverage_or_planning_review": true,
        "location_method": "median anomaly-observation GPS coordinate; approximate dashboard marker, not tower coordinate"
      }
    },
    {
      "type": "Feature",
      "geometry": {
        "type": "Point",
        "coordinates": [
          177.46458487,
          -17.76251478
        ]
      },
      "properties": {
        "serving_cell_key": "ECI:1067286.0",
        "serving_eci": 1067286.0,
        "serving_pci": 212.0,
        "serving_earfcn": 500.0,
        "p90_observation_spread_m": 0.0,
        "anomaly_gps_rows": 1,
        "sessions": 1,
        "max_priority": 91.26,
        "dominant_case": "ca_underperformance",
        "coverage_or_planning_review": false,
        "location_method": "median anomaly-observation GPS coordinate; approximate dashboard marker, not tower coordinate"
      }
    },
    {
      "type": "Feature",
      "geometry": {
        "type": "Point",
        "coordinates": [
          177.45405188,
          -17.73841919
        ]
      },
      "properties": {
        "serving_cell_key": "ECI:1066294.0",
        "serving_eci": 1066294.0,
        "serving_pci": 487.0,
        "serving_earfcn": 41384.0,
        "p90_observation_spread_m": 2902.3011418243036,
        "anomaly_gps_rows": 57,
        "sessions": 9,
        "max_priority": 91.25,
        "dominant_case": "ca_underperformance",
        "coverage_or_planning_review": true,
        "location_method": "median anomaly-observation GPS coordinate; approximate dashboard marker, not tower coordinate"
      }
    },
    {
      "type": "Feature",
      "geometry": {
        "type": "Point",
        "coordinates": [
          177.40758456,
          -17.669092165000002
        ]
      },
      "properties": {
        "serving_cell_key": "ECI:1081376.0",
        "serving_eci": 1081376.0,
        "serving_pci": 455.0,
        "serving_earfcn": 1850.0,
        "p90_observation_spread_m": 528.2028221624878,
        "anomaly_gps_rows": 16,
        "sessions": 2,
        "max_priority": 91.14,
        "dominant_case": "ca_underperformance",
        "coverage_or_planning_review": true,
        "location_method": "median anomaly-observation GPS coordinate; approximate dashboard marker, not tower coordinate"
      }
    },
    {
      "type": "Feature",
      "geometry": {
        "type": "Point",
        "coordinates": [
          177.4485231,
          -17.7469222
        ]
      },
      "properties": {
        "serving_cell_key": "ECI:1066291.0",
        "serving_eci": 1066291.0,
        "serving_pci": 487.0,
        "serving_earfcn": 41186.0,
        "p90_observation_spread_m": 714.9659190953989,
        "anomaly_gps_rows": 7,
        "sessions": 3,
        "max_priority": 90.73,
        "dominant_case": "ca_underperformance",
        "coverage_or_planning_review": true,
        "location_method": "median anomaly-observation GPS coordinate; approximate dashboard marker, not tower coordinate"
      }
    },
    {
      "type": "Feature",
      "geometry": {
        "type": "Point",
        "coordinates": [
          177.4061108,
          -17.6767834
        ]
      },
      "properties": {
        "serving_cell_key": "ECI:1081375.0",
        "serving_eci": 1081375.0,
        "serving_pci": 454.0,
        "serving_earfcn": 1850.0,
        "p90_observation_spread_m": 723.8116595886263,
        "anomaly_gps_rows": 17,
        "sessions": 3,
        "max_priority": 90.69,
        "dominant_case": "ca_underperformance",
        "coverage_or_planning_review": true,
        "location_method": "median anomaly-observation GPS coordinate; approximate dashboard marker, not tower coordinate"
      }
    },
    {
      "type": "Feature",
      "geometry": {
        "type": "Point",
        "coordinates": [
          177.3998509,
          -17.81160131
        ]
      },
      "properties": {
        "serving_cell_key": "ECI:1067570.0",
        "serving_eci": 1067570.0,
        "serving_pci": 151.0,
        "serving_earfcn": 41186.0,
        "p90_observation_spread_m": 254.73849991514913,
        "anomaly_gps_rows": 47,
        "sessions": 5,
        "max_priority": 90.58,
        "dominant_case": "ca_underperformance",
        "coverage_or_planning_review": true,
        "location_method": "median anomaly-observation GPS coordinate; approximate dashboard marker, not tower coordinate"
      }
    },
    {
      "type": "Feature",
      "geometry": {
        "type": "Point",
        "coordinates": [
          177.45097588,
          -17.7536669
        ]
      },
      "properties": {
        "serving_cell_key": "ECI:3625800.0",
        "serving_eci": 3625800.0,
        "serving_pci": 114.0,
        "serving_earfcn": 9310.0,
        "p90_observation_spread_m": 70.34479518855201,
        "anomaly_gps_rows": 13,
        "sessions": 2,
        "max_priority": 90.55,
        "dominant_case": "radio_limited_degradation",
        "coverage_or_planning_review": true,
        "location_method": "median anomaly-observation GPS coordinate; approximate dashboard marker, not tower coordinate"
      }
    },
    {
      "type": "Feature",
      "geometry": {
        "type": "Point",
        "coordinates": [
          177.45953441,
          -17.6075034
        ]
      },
      "properties": {
        "serving_cell_key": "ECI:1080085.0",
        "serving_eci": 1080085.0,
        "serving_pci": 196.0,
        "serving_earfcn": 500.0,
        "p90_observation_spread_m": 367.18880391416945,
        "anomaly_gps_rows": 9,
        "sessions": 5,
        "max_priority": 90.49,
        "dominant_case": "ca_underperformance",
        "coverage_or_planning_review": true,
        "location_method": "median anomaly-observation GPS coordinate; approximate dashboard marker, not tower coordinate"
      }
    },
    {
      "type": "Feature",
      "geometry": {
        "type": "Point",
        "coordinates": [
          177.455057835,
          -17.6319132
        ]
      },
      "properties": {
        "serving_cell_key": "ECI:3640375.0",
        "serving_eci": 3640375.0,
        "serving_pci": 275.0,
        "serving_earfcn": 40988.0,
        "p90_observation_spread_m": 452.33123047590317,
        "anomaly_gps_rows": 18,
        "sessions": 4,
        "max_priority": 90.41,
        "dominant_case": "ca_underperformance",
        "coverage_or_planning_review": true,
        "location_method": "median anomaly-observation GPS coordinate; approximate dashboard marker, not tower coordinate"
      }
    },
    {
      "type": "Feature",
      "geometry": {
        "type": "Point",
        "coordinates": [
          177.40561003,
          -17.796751360000002
        ]
      },
      "properties": {
        "serving_cell_key": "ECI:1073736.0",
        "serving_eci": 1073736.0,
        "serving_pci": 363.0,
        "serving_earfcn": 9310.0,
        "p90_observation_spread_m": 480.233224666141,
        "anomaly_gps_rows": 34,
        "sessions": 4,
        "max_priority": 90.32,
        "dominant_case": "ca_underperformance",
        "coverage_or_planning_review": true,
        "location_method": "median anomaly-observation GPS coordinate; approximate dashboard marker, not tower coordinate"
      }
    },
    {
      "type": "Feature",
      "geometry": {
        "type": "Point",
        "coordinates": [
          177.435091395,
          -17.622855585
        ]
      },
      "properties": {
        "serving_cell_key": "ECI:1079613.0",
        "serving_eci": 1079613.0,
        "serving_pci": 345.0,
        "serving_earfcn": 40790.0,
        "p90_observation_spread_m": 171.86919071046626,
        "anomaly_gps_rows": 8,
        "sessions": 2,
        "max_priority": 89.96,
        "dominant_case": "ca_underperformance",
        "coverage_or_planning_review": true,
        "location_method": "median anomaly-observation GPS coordinate; approximate dashboard marker, not tower coordinate"
      }
    },
    {
      "type": "Feature",
      "geometry": {
        "type": "Point",
        "coordinates": [
          177.4399178,
          -17.6313312
        ]
      },
      "properties": {
        "serving_cell_key": "ECI:1081653.0",
        "serving_eci": 1081653.0,
        "serving_pci": 315.0,
        "serving_earfcn": 41384.0,
        "p90_observation_spread_m": 145.46821043300676,
        "anomaly_gps_rows": 7,
        "sessions": 2,
        "max_priority": 89.93,
        "dominant_case": "ca_underperformance",
        "coverage_or_planning_review": true,
        "location_method": "median anomaly-observation GPS coordinate; approximate dashboard marker, not tower coordinate"
      }
    },
    {
      "type": "Feature",
      "geometry": {
        "type": "Point",
        "coordinates": [
          177.42865783000002,
          -17.783592634999998
        ]
      },
      "properties": {
        "serving_cell_key": "ECI:1065505.0",
        "serving_eci": 1065505.0,
        "serving_pci": 321.0,
        "serving_earfcn": 1850.0,
        "p90_observation_spread_m": 6.447491840387758,
        "anomaly_gps_rows": 2,
        "sessions": 1,
        "max_priority": 89.75,
        "dominant_case": "ca_underperformance",
        "coverage_or_planning_review": true,
        "location_method": "median anomaly-observation GPS coordinate; approximate dashboard marker, not tower coordinate"
      }
    },
    {
      "type": "Feature",
      "geometry": {
        "type": "Point",
        "coordinates": [
          177.46657483,
          -17.627069730000002
        ]
      },
      "properties": {
        "serving_cell_key": "ECI:3638838.0",
        "serving_eci": 3638838.0,
        "serving_pci": 254.0,
        "serving_earfcn": 40988.0,
        "p90_observation_spread_m": 382.7872501597308,
        "anomaly_gps_rows": 12,
        "sessions": 1,
        "max_priority": 89.2,
        "dominant_case": "ca_underperformance",
        "coverage_or_planning_review": true,
        "location_method": "median anomaly-observation GPS coordinate; approximate dashboard marker, not tower coordinate"
      }
    },
    {
      "type": "Feature",
      "geometry": {
        "type": "Point",
        "coordinates": [
          177.46724925,
          -17.6218325
        ]
      },
      "properties": {
        "serving_cell_key": "ECI:3638807.0",
        "serving_eci": 3638807.0,
        "serving_pci": 253.0,
        "serving_earfcn": 500.0,
        "p90_observation_spread_m": 59.08610637423625,
        "anomaly_gps_rows": 4,
        "sessions": 1,
        "max_priority": 89.13,
        "dominant_case": "radio_limited_degradation",
        "coverage_or_planning_review": true,
        "location_method": "median anomaly-observation GPS coordinate; approximate dashboard marker, not tower coordinate"
      }
    },
    {
      "type": "Feature",
      "geometry": {
        "type": "Point",
        "coordinates": [
          177.4438619,
          -17.76525337
        ]
      },
      "properties": {
        "serving_cell_key": "ECI:1066036.0",
        "serving_eci": 1066036.0,
        "serving_pci": 125.0,
        "serving_earfcn": 41186.0,
        "p90_observation_spread_m": 194.4910611778427,
        "anomaly_gps_rows": 13,
        "sessions": 2,
        "max_priority": 89.03,
        "dominant_case": "ca_underperformance",
        "coverage_or_planning_review": true,
        "location_method": "median anomaly-observation GPS coordinate; approximate dashboard marker, not tower coordinate"
      }
    },
    {
      "type": "Feature",
      "geometry": {
        "type": "Point",
        "coordinates": [
          177.43574818,
          -17.81433288
        ]
      },
      "properties": {
        "serving_cell_key": "ECI:1065012.0",
        "serving_eci": 1065012.0,
        "serving_pci": 469.0,
        "serving_earfcn": 41186.0,
        "p90_observation_spread_m": 10.786979697413512,
        "anomaly_gps_rows": 3,
        "sessions": 1,
        "max_priority": 89.03,
        "dominant_case": "radio_limited_degradation",
        "coverage_or_planning_review": true,
        "location_method": "median anomaly-observation GPS coordinate; approximate dashboard marker, not tower coordinate"
      }
    },
    {
      "type": "Feature",
      "geometry": {
        "type": "Point",
        "coordinates": [
          177.44067784499998,
          -17.789787325
        ]
      },
      "properties": {
        "serving_cell_key": "ECI:1073174.0",
        "serving_eci": 1073174.0,
        "serving_pci": 431.0,
        "serving_earfcn": 500.0,
        "p90_observation_spread_m": 430.93537890239344,
        "anomaly_gps_rows": 10,
        "sessions": 2,
        "max_priority": 89.01,
        "dominant_case": "radio_limited_degradation",
        "coverage_or_planning_review": true,
        "location_method": "median anomaly-observation GPS coordinate; approximate dashboard marker, not tower coordinate"
      }
    },
    {
      "type": "Feature",
      "geometry": {
        "type": "Point",
        "coordinates": [
          177.449653165,
          -17.782193030000002
        ]
      },
      "properties": {
        "serving_cell_key": "ECI:1067841.0",
        "serving_eci": 1067841.0,
        "serving_pci": 127.0,
        "serving_earfcn": 40988.0,
        "p90_observation_spread_m": 455.5481510532053,
        "anomaly_gps_rows": 14,
        "sessions": 2,
        "max_priority": 88.98,
        "dominant_case": "radio_limited_degradation",
        "coverage_or_planning_review": true,
        "location_method": "median anomaly-observation GPS coordinate; approximate dashboard marker, not tower coordinate"
      }
    },
    {
      "type": "Feature",
      "geometry": {
        "type": "Point",
        "coordinates": [
          177.46680211,
          -17.6229909
        ]
      },
      "properties": {
        "serving_cell_key": "ECI:3638847.0",
        "serving_eci": 3638847.0,
        "serving_pci": 253.0,
        "serving_earfcn": 41384.0,
        "p90_observation_spread_m": 99.85909766495966,
        "anomaly_gps_rows": 5,
        "sessions": 1,
        "max_priority": 88.87,
        "dominant_case": "ca_underperformance",
        "coverage_or_planning_review": true,
        "location_method": "median anomaly-observation GPS coordinate; approximate dashboard marker, not tower coordinate"
      }
    },
    {
      "type": "Feature",
      "geometry": {
        "type": "Point",
        "coordinates": [
          177.4888325,
          -17.7682644
        ]
      },
      "properties": {
        "serving_cell_key": "ECI:1067335.0",
        "serving_eci": 1067335.0,
        "serving_pci": 108.0,
        "serving_earfcn": 9310.0,
        "p90_observation_spread_m": 0.0,
        "anomaly_gps_rows": 1,
        "sessions": 1,
        "max_priority": 88.82,
        "dominant_case": "ca_underperformance",
        "coverage_or_planning_review": false,
        "location_method": "median anomaly-observation GPS coordinate; approximate dashboard marker, not tower coordinate"
      }
    },
    {
      "type": "Feature",
      "geometry": {
        "type": "Point",
        "coordinates": [
          177.443609735,
          -17.606169715
        ]
      },
      "properties": {
        "serving_cell_key": "ECI:1076540.0",
        "serving_eci": 1076540.0,
        "serving_pci": 141.0,
        "serving_earfcn": 40790.0,
        "p90_observation_spread_m": 20.618376295591638,
        "anomaly_gps_rows": 2,
        "sessions": 1,
        "max_priority": 88.63,
        "dominant_case": "ca_underperformance",
        "coverage_or_planning_review": false,
        "location_method": "median anomaly-observation GPS coordinate; approximate dashboard marker, not tower coordinate"
      }
    },
    {
      "type": "Feature",
      "geometry": {
        "type": "Point",
        "coordinates": [
          177.4595338,
          -17.7635759
        ]
      },
      "properties": {
        "serving_cell_key": "ECI:1070898.0",
        "serving_eci": 1070898.0,
        "serving_pci": 212.0,
        "serving_earfcn": 41186.0,
        "p90_observation_spread_m": 1072.1688663104565,
        "anomaly_gps_rows": 7,
        "sessions": 3,
        "max_priority": 88.61,
        "dominant_case": "ca_underperformance",
        "coverage_or_planning_review": true,
        "location_method": "median anomaly-observation GPS coordinate; approximate dashboard marker, not tower coordinate"
      }
    },
    {
      "type": "Feature",
      "geometry": {
        "type": "Point",
        "coordinates": [
          177.4557547,
          -17.77381651
        ]
      },
      "properties": {
        "serving_cell_key": "ECI:1067839.0",
        "serving_eci": 1067839.0,
        "serving_pci": 128.0,
        "serving_earfcn": 40988.0,
        "p90_observation_spread_m": 433.3890170786966,
        "anomaly_gps_rows": 17,
        "sessions": 2,
        "max_priority": 88.54,
        "dominant_case": "radio_limited_degradation",
        "coverage_or_planning_review": true,
        "location_method": "median anomaly-observation GPS coordinate; approximate dashboard marker, not tower coordinate"
      }
    },
    {
      "type": "Feature",
      "geometry": {
        "type": "Point",
        "coordinates": [
          177.44018496,
          -17.76906107
        ]
      },
      "properties": {
        "serving_cell_key": "ECI:1066048.0",
        "serving_eci": 1066048.0,
        "serving_pci": 123.0,
        "serving_earfcn": 40988.0,
        "p90_observation_spread_m": 183.02931048672198,
        "anomaly_gps_rows": 23,
        "sessions": 2,
        "max_priority": 88.54,
        "dominant_case": "radio_limited_degradation",
        "coverage_or_planning_review": true,
        "location_method": "median anomaly-observation GPS coordinate; approximate dashboard marker, not tower coordinate"
      }
    },
    {
      "type": "Feature",
      "geometry": {
        "type": "Point",
        "coordinates": [
          177.42532592999999,
          -17.779044755
        ]
      },
      "properties": {
        "serving_cell_key": "ECI:1069516.0",
        "serving_eci": 1069516.0,
        "serving_pci": 403.0,
        "serving_earfcn": 356.0,
        "p90_observation_spread_m": 20.113972179154395,
        "anomaly_gps_rows": 4,
        "sessions": 1,
        "max_priority": 88.29,
        "dominant_case": "ca_underperformance",
        "coverage_or_planning_review": true,
        "location_method": "median anomaly-observation GPS coordinate; approximate dashboard marker, not tower coordinate"
      }
    },
    {
      "type": "Feature",
      "geometry": {
        "type": "Point",
        "coordinates": [
          177.46507949,
          -17.76173269
        ]
      },
      "properties": {
        "serving_cell_key": "ECI:1072199.0",
        "serving_eci": 1072199.0,
        "serving_pci": 210.0,
        "serving_earfcn": 9310.0,
        "p90_observation_spread_m": 0.0,
        "anomaly_gps_rows": 1,
        "sessions": 1,
        "max_priority": 88.21,
        "dominant_case": "radio_limited_degradation",
        "coverage_or_planning_review": true,
        "location_method": "median anomaly-observation GPS coordinate; approximate dashboard marker, not tower coordinate"
      }
    },
    {
      "type": "Feature",
      "geometry": {
        "type": "Point",
        "coordinates": [
          177.4584585,
          -17.7513454
        ]
      },
      "properties": {
        "serving_cell_key": "ECI:1068343.0",
        "serving_eci": 1068343.0,
        "serving_pci": 50.0,
        "serving_earfcn": 41384.0,
        "p90_observation_spread_m": 0.0,
        "anomaly_gps_rows": 1,
        "sessions": 1,
        "max_priority": 88.21,
        "dominant_case": "ca_underperformance",
        "coverage_or_planning_review": false,
        "location_method": "median anomaly-observation GPS coordinate; approximate dashboard marker, not tower coordinate"
      }
    },
    {
      "type": "Feature",
      "geometry": {
        "type": "Point",
        "coordinates": [
          177.4578741,
          -17.7620919
        ]
      },
      "properties": {
        "serving_cell_key": "EARFCN:41186.0|PCI:348.0",
        "serving_eci": null,
        "serving_pci": 348.0,
        "serving_earfcn": 41186.0,
        "p90_observation_spread_m": 0.0,
        "anomaly_gps_rows": 1,
        "sessions": 1,
        "max_priority": 88.13,
        "dominant_case": "ca_underperformance",
        "coverage_or_planning_review": false,
        "location_method": "median anomaly-observation GPS coordinate; approximate dashboard marker, not tower coordinate"
      }
    },
    {
      "type": "Feature",
      "geometry": {
        "type": "Point",
        "coordinates": [
          177.3794864,
          -17.77317708
        ]
      },
      "properties": {
        "serving_cell_key": "ECI:3623958.0",
        "serving_eci": 3623958.0,
        "serving_pci": 155.0,
        "serving_earfcn": 500.0,
        "p90_observation_spread_m": 264.7930446882654,
        "anomaly_gps_rows": 5,
        "sessions": 3,
        "max_priority": 87.93,
        "dominant_case": "radio_limited_degradation",
        "coverage_or_planning_review": true,
        "location_method": "median anomaly-observation GPS coordinate; approximate dashboard marker, not tower coordinate"
      }
    },
    {
      "type": "Feature",
      "geometry": {
        "type": "Point",
        "coordinates": [
          177.4496421,
          -17.60330416
        ]
      },
      "properties": {
        "serving_cell_key": "ECI:1076797.0",
        "serving_eci": 1076797.0,
        "serving_pci": 185.0,
        "serving_earfcn": 40790.0,
        "p90_observation_spread_m": 67.56738760266329,
        "anomaly_gps_rows": 5,
        "sessions": 2,
        "max_priority": 87.78,
        "dominant_case": "ca_underperformance",
        "coverage_or_planning_review": false,
        "location_method": "median anomaly-observation GPS coordinate; approximate dashboard marker, not tower coordinate"
      }
    },
    {
      "type": "Feature",
      "geometry": {
        "type": "Point",
        "coordinates": [
          177.395537,
          -17.81603875
        ]
      },
      "properties": {
        "serving_cell_key": "ECI:1067720.0",
        "serving_eci": 1067720.0,
        "serving_pci": 351.0,
        "serving_earfcn": 500.0,
        "p90_observation_spread_m": 1058.9260638635237,
        "anomaly_gps_rows": 11,
        "sessions": 4,
        "max_priority": 87.73,
        "dominant_case": "ca_underperformance",
        "coverage_or_planning_review": true,
        "location_method": "median anomaly-observation GPS coordinate; approximate dashboard marker, not tower coordinate"
      }
    },
    {
      "type": "Feature",
      "geometry": {
        "type": "Point",
        "coordinates": [
          177.46327916,
          -17.61279514
        ]
      },
      "properties": {
        "serving_cell_key": "ECI:3638984.0",
        "serving_eci": 3638984.0,
        "serving_pci": 250.0,
        "serving_earfcn": 356.0,
        "p90_observation_spread_m": 0.0,
        "anomaly_gps_rows": 1,
        "sessions": 1,
        "max_priority": 87.61,
        "dominant_case": "radio_limited_degradation",
        "coverage_or_planning_review": true,
        "location_method": "median anomaly-observation GPS coordinate; approximate dashboard marker, not tower coordinate"
      }
    },
    {
      "type": "Feature",
      "geometry": {
        "type": "Point",
        "coordinates": [
          177.453664915,
          -17.75350881
        ]
      },
      "properties": {
        "serving_cell_key": "ECI:3625798.0",
        "serving_eci": 3625798.0,
        "serving_pci": 115.0,
        "serving_earfcn": 9310.0,
        "p90_observation_spread_m": 168.34678500380335,
        "anomaly_gps_rows": 28,
        "sessions": 2,
        "max_priority": 87.46,
        "dominant_case": "radio_limited_degradation",
        "coverage_or_planning_review": true,
        "location_method": "median anomaly-observation GPS coordinate; approximate dashboard marker, not tower coordinate"
      }
    },
    {
      "type": "Feature",
      "geometry": {
        "type": "Point",
        "coordinates": [
          177.4545215,
          -17.63154994
        ]
      },
      "properties": {
        "serving_cell_key": "ECI:1077780.0",
        "serving_eci": 1077780.0,
        "serving_pci": 165.0,
        "serving_earfcn": 500.0,
        "p90_observation_spread_m": 323.4808185089963,
        "anomaly_gps_rows": 13,
        "sessions": 5,
        "max_priority": 87.37,
        "dominant_case": "ca_underperformance",
        "coverage_or_planning_review": true,
        "location_method": "median anomaly-observation GPS coordinate; approximate dashboard marker, not tower coordinate"
      }
    },
    {
      "type": "Feature",
      "geometry": {
        "type": "Point",
        "coordinates": [
          177.4400852,
          -17.6076728
        ]
      },
      "properties": {
        "serving_cell_key": "ECI:1079612.0",
        "serving_eci": 1079612.0,
        "serving_pci": 347.0,
        "serving_earfcn": 40790.0,
        "p90_observation_spread_m": 1309.991581290411,
        "anomaly_gps_rows": 3,
        "sessions": 2,
        "max_priority": 87.29,
        "dominant_case": "ca_underperformance",
        "coverage_or_planning_review": false,
        "location_method": "median anomaly-observation GPS coordinate; approximate dashboard marker, not tower coordinate"
      }
    },
    {
      "type": "Feature",
      "geometry": {
        "type": "Point",
        "coordinates": [
          177.4643918,
          -17.619352980000002
        ]
      },
      "properties": {
        "serving_cell_key": "ECI:3638804.0",
        "serving_eci": 3638804.0,
        "serving_pci": 250.0,
        "serving_earfcn": 500.0,
        "p90_observation_spread_m": 483.4740855237834,
        "anomaly_gps_rows": 10,
        "sessions": 2,
        "max_priority": 87.27,
        "dominant_case": "radio_limited_degradation",
        "coverage_or_planning_review": true,
        "location_method": "median anomaly-observation GPS coordinate; approximate dashboard marker, not tower coordinate"
      }
    },
    {
      "type": "Feature",
      "geometry": {
        "type": "Point",
        "coordinates": [
          177.4340401,
          -17.77346155
        ]
      },
      "properties": {
        "serving_cell_key": "ECI:1067148.0",
        "serving_eci": 1067148.0,
        "serving_pci": 339.0,
        "serving_earfcn": 41186.0,
        "p90_observation_spread_m": 112.59838472391377,
        "anomaly_gps_rows": 16,
        "sessions": 1,
        "max_priority": 87.1,
        "dominant_case": "ca_underperformance",
        "coverage_or_planning_review": true,
        "location_method": "median anomaly-observation GPS coordinate; approximate dashboard marker, not tower coordinate"
      }
    },
    {
      "type": "Feature",
      "geometry": {
        "type": "Point",
        "coordinates": [
          177.414903125,
          -17.805688645
        ]
      },
      "properties": {
        "serving_cell_key": "ECI:1065269.0",
        "serving_eci": 1065269.0,
        "serving_pci": 144.0,
        "serving_earfcn": 41384.0,
        "p90_observation_spread_m": 225.7344444232573,
        "anomaly_gps_rows": 16,
        "sessions": 3,
        "max_priority": 87.08,
        "dominant_case": "ca_underperformance",
        "coverage_or_planning_review": true,
        "location_method": "median anomaly-observation GPS coordinate; approximate dashboard marker, not tower coordinate"
      }
    },
    {
      "type": "Feature",
      "geometry": {
        "type": "Point",
        "coordinates": [
          177.453781375,
          -17.607280449999998
        ]
      },
      "properties": {
        "serving_cell_key": "ECI:1082162.0",
        "serving_eci": 1082162.0,
        "serving_pci": 139.0,
        "serving_earfcn": 41186.0,
        "p90_observation_spread_m": 364.54305748774664,
        "anomaly_gps_rows": 10,
        "sessions": 5,
        "max_priority": 87.02,
        "dominant_case": "ca_underperformance",
        "coverage_or_planning_review": true,
        "location_method": "median anomaly-observation GPS coordinate; approximate dashboard marker, not tower coordinate"
      }
    },
    {
      "type": "Feature",
      "geometry": {
        "type": "Point",
        "coordinates": [
          177.44957717,
          -17.6054744
        ]
      },
      "properties": {
        "serving_cell_key": "ECI:1082175.0",
        "serving_eci": 1082175.0,
        "serving_pci": 139.0,
        "serving_earfcn": 40988.0,
        "p90_observation_spread_m": 156.6496441657981,
        "anomaly_gps_rows": 11,
        "sessions": 1,
        "max_priority": 86.91,
        "dominant_case": "ca_underperformance",
        "coverage_or_planning_review": true,
        "location_method": "median anomaly-observation GPS coordinate; approximate dashboard marker, not tower coordinate"
      }
    },
    {
      "type": "Feature",
      "geometry": {
        "type": "Point",
        "coordinates": [
          177.42636144,
          -17.7799223
        ]
      },
      "properties": {
        "serving_cell_key": "ECI:1065675.0",
        "serving_eci": 1065675.0,
        "serving_pci": 321.0,
        "serving_earfcn": 356.0,
        "p90_observation_spread_m": 295.3154286580656,
        "anomaly_gps_rows": 7,
        "sessions": 2,
        "max_priority": 86.84,
        "dominant_case": "radio_limited_degradation",
        "coverage_or_planning_review": true,
        "location_method": "median anomaly-observation GPS coordinate; approximate dashboard marker, not tower coordinate"
      }
    },
    {
      "type": "Feature",
      "geometry": {
        "type": "Point",
        "coordinates": [
          177.4396337,
          -17.8128905
        ]
      },
      "properties": {
        "serving_cell_key": "ECI:1064992.0",
        "serving_eci": 1064992.0,
        "serving_pci": 469.0,
        "serving_earfcn": 1850.0,
        "p90_observation_spread_m": 420.2694846332804,
        "anomaly_gps_rows": 61,
        "sessions": 11,
        "max_priority": 86.83,
        "dominant_case": "ca_underperformance",
        "coverage_or_planning_review": true,
        "location_method": "median anomaly-observation GPS coordinate; approximate dashboard marker, not tower coordinate"
      }
    },
    {
      "type": "Feature",
      "geometry": {
        "type": "Point",
        "coordinates": [
          177.45865162,
          -17.76145146
        ]
      },
      "properties": {
        "serving_cell_key": "ECI:3631412.0",
        "serving_eci": 3631412.0,
        "serving_pci": 212.0,
        "serving_earfcn": 40790.0,
        "p90_observation_spread_m": 3.0787307854358197,
        "anomaly_gps_rows": 3,
        "sessions": 1,
        "max_priority": 86.83,
        "dominant_case": "temporal_local_drop",
        "coverage_or_planning_review": false,
        "location_method": "median anomaly-observation GPS coordinate; approximate dashboard marker, not tower coordinate"
      }
    },
    {
      "type": "Feature",
      "geometry": {
        "type": "Point",
        "coordinates": [
          177.37535961,
          -17.77540021
        ]
      },
      "properties": {
        "serving_cell_key": "ECI:1066816.0",
        "serving_eci": 1066816.0,
        "serving_pci": 158.0,
        "serving_earfcn": 40988.0,
        "p90_observation_spread_m": 346.930854949122,
        "anomaly_gps_rows": 17,
        "sessions": 5,
        "max_priority": 86.81,
        "dominant_case": "radio_limited_degradation",
        "coverage_or_planning_review": true,
        "location_method": "median anomaly-observation GPS coordinate; approximate dashboard marker, not tower coordinate"
      }
    },
    {
      "type": "Feature",
      "geometry": {
        "type": "Point",
        "coordinates": [
          177.43932655999998,
          -17.647099349999998
        ]
      },
      "properties": {
        "serving_cell_key": "ECI:1078583.0",
        "serving_eci": 1078583.0,
        "serving_pci": 163.0,
        "serving_earfcn": 41384.0,
        "p90_observation_spread_m": 745.4146859300695,
        "anomaly_gps_rows": 20,
        "sessions": 4,
        "max_priority": 86.61,
        "dominant_case": "ca_underperformance",
        "coverage_or_planning_review": true,
        "location_method": "median anomaly-observation GPS coordinate; approximate dashboard marker, not tower coordinate"
      }
    },
    {
      "type": "Feature",
      "geometry": {
        "type": "Point",
        "coordinates": [
          177.5064251,
          -17.5953338
        ]
      },
      "properties": {
        "serving_cell_key": "ECI:1080863.0",
        "serving_eci": 1080863.0,
        "serving_pci": 349.0,
        "serving_earfcn": 1850.0,
        "p90_observation_spread_m": 0.0,
        "anomaly_gps_rows": 1,
        "sessions": 1,
        "max_priority": 86.46,
        "dominant_case": "radio_limited_degradation",
        "coverage_or_planning_review": true,
        "location_method": "median anomaly-observation GPS coordinate; approximate dashboard marker, not tower coordinate"
      }
    },
    {
      "type": "Feature",
      "geometry": {
        "type": "Point",
        "coordinates": [
          177.434884995,
          -17.813149335
        ]
      },
      "properties": {
        "serving_cell_key": "ECI:1064755.0",
        "serving_eci": 1064755.0,
        "serving_pci": 148.0,
        "serving_earfcn": 41186.0,
        "p90_observation_spread_m": 1469.3501281529093,
        "anomaly_gps_rows": 38,
        "sessions": 8,
        "max_priority": 86.29,
        "dominant_case": "ca_underperformance",
        "coverage_or_planning_review": true,
        "location_method": "median anomaly-observation GPS coordinate; approximate dashboard marker, not tower coordinate"
      }
    },
    {
      "type": "Feature",
      "geometry": {
        "type": "Point",
        "coordinates": [
          177.44083012,
          -17.76386648
        ]
      },
      "properties": {
        "serving_cell_key": "ECI:1068615.0",
        "serving_eci": 1068615.0,
        "serving_pci": 122.0,
        "serving_earfcn": 9310.0,
        "p90_observation_spread_m": 391.9002404955508,
        "anomaly_gps_rows": 7,
        "sessions": 3,
        "max_priority": 86.14,
        "dominant_case": "ca_underperformance",
        "coverage_or_planning_review": true,
        "location_method": "median anomaly-observation GPS coordinate; approximate dashboard marker, not tower coordinate"
      }
    },
    {
      "type": "Feature",
      "geometry": {
        "type": "Point",
        "coordinates": [
          177.43705127,
          -17.8143623
        ]
      },
      "properties": {
        "serving_cell_key": "ECI:1071647.0",
        "serving_eci": 1071647.0,
        "serving_pci": 395.0,
        "serving_earfcn": 1850.0,
        "p90_observation_spread_m": 300.05236556332227,
        "anomaly_gps_rows": 19,
        "sessions": 5,
        "max_priority": 86.11,
        "dominant_case": "ca_underperformance",
        "coverage_or_planning_review": true,
        "location_method": "median anomaly-observation GPS coordinate; approximate dashboard marker, not tower coordinate"
      }
    },
    {
      "type": "Feature",
      "geometry": {
        "type": "Point",
        "coordinates": [
          177.452741745,
          -17.80064025
        ]
      },
      "properties": {
        "serving_cell_key": "ECI:1065020.0",
        "serving_eci": 1065020.0,
        "serving_pci": 148.0,
        "serving_earfcn": 40790.0,
        "p90_observation_spread_m": 46.77865081735762,
        "anomaly_gps_rows": 6,
        "sessions": 1,
        "max_priority": 86.1,
        "dominant_case": "ca_underperformance",
        "coverage_or_planning_review": true,
        "location_method": "median anomaly-observation GPS coordinate; approximate dashboard marker, not tower coordinate"
      }
    },
    {
      "type": "Feature",
      "geometry": {
        "type": "Point",
        "coordinates": [
          177.442976,
          -17.746401849999998
        ]
      },
      "properties": {
        "serving_cell_key": "ECI:1068608.0",
        "serving_eci": 1068608.0,
        "serving_pci": 122.0,
        "serving_earfcn": 40988.0,
        "p90_observation_spread_m": 404.42029445254576,
        "anomaly_gps_rows": 4,
        "sessions": 3,
        "max_priority": 86.04,
        "dominant_case": "ca_underperformance",
        "coverage_or_planning_review": true,
        "location_method": "median anomaly-observation GPS coordinate; approximate dashboard marker, not tower coordinate"
      }
    },
    {
      "type": "Feature",
      "geometry": {
        "type": "Point",
        "coordinates": [
          177.3998509,
          -17.8116013
        ]
      },
      "properties": {
        "serving_cell_key": "EARFCN:41186.0|PCI:151.0",
        "serving_eci": null,
        "serving_pci": 151.0,
        "serving_earfcn": 41186.0,
        "p90_observation_spread_m": 0.0,
        "anomaly_gps_rows": 1,
        "sessions": 1,
        "max_priority": 85.99,
        "dominant_case": "ca_underperformance",
        "coverage_or_planning_review": false,
        "location_method": "median anomaly-observation GPS coordinate; approximate dashboard marker, not tower coordinate"
      }
    },
    {
      "type": "Feature",
      "geometry": {
        "type": "Point",
        "coordinates": [
          177.393797705,
          -17.788574625
        ]
      },
      "properties": {
        "serving_cell_key": "ECI:1069126.0",
        "serving_eci": 1069126.0,
        "serving_pci": 138.0,
        "serving_earfcn": 9310.0,
        "p90_observation_spread_m": 784.7519243494861,
        "anomaly_gps_rows": 46,
        "sessions": 4,
        "max_priority": 85.85,
        "dominant_case": "ca_underperformance",
        "coverage_or_planning_review": true,
        "location_method": "median anomaly-observation GPS coordinate; approximate dashboard marker, not tower coordinate"
      }
    },
    {
      "type": "Feature",
      "geometry": {
        "type": "Point",
        "coordinates": [
          177.4743242,
          -17.62975515
        ]
      },
      "properties": {
        "serving_cell_key": "ECI:1080630.0",
        "serving_eci": 1080630.0,
        "serving_pci": 352.0,
        "serving_earfcn": 41384.0,
        "p90_observation_spread_m": 554.2177494707114,
        "anomaly_gps_rows": 6,
        "sessions": 2,
        "max_priority": 85.83,
        "dominant_case": "ca_underperformance",
        "coverage_or_planning_review": true,
        "location_method": "median anomaly-observation GPS coordinate; approximate dashboard marker, not tower coordinate"
      }
    },
    {
      "type": "Feature",
      "geometry": {
        "type": "Point",
        "coordinates": [
          177.4070941,
          -17.7968343
        ]
      },
      "properties": {
        "serving_cell_key": "ECI:1073729.0",
        "serving_eci": 1073729.0,
        "serving_pci": 363.0,
        "serving_earfcn": 40988.0,
        "p90_observation_spread_m": 0.0,
        "anomaly_gps_rows": 5,
        "sessions": 1,
        "max_priority": 85.79,
        "dominant_case": "ca_underperformance",
        "coverage_or_planning_review": true,
        "location_method": "median anomaly-observation GPS coordinate; approximate dashboard marker, not tower coordinate"
      }
    },
    {
      "type": "Feature",
      "geometry": {
        "type": "Point",
        "coordinates": [
          177.43203571499998,
          -17.776505385
        ]
      },
      "properties": {
        "serving_cell_key": "ECI:1067060.0",
        "serving_eci": 1067060.0,
        "serving_pci": 129.0,
        "serving_earfcn": 41186.0,
        "p90_observation_spread_m": 238.26426862085808,
        "anomaly_gps_rows": 20,
        "sessions": 3,
        "max_priority": 85.55,
        "dominant_case": "ca_underperformance",
        "coverage_or_planning_review": true,
        "location_method": "median anomaly-observation GPS coordinate; approximate dashboard marker, not tower coordinate"
      }
    },
    {
      "type": "Feature",
      "geometry": {
        "type": "Point",
        "coordinates": [
          177.4329251,
          -17.6274955
        ]
      },
      "properties": {
        "serving_cell_key": "ECI:1079617.0",
        "serving_eci": 1079617.0,
        "serving_pci": 354.0,
        "serving_earfcn": 40988.0,
        "p90_observation_spread_m": 0.0,
        "anomaly_gps_rows": 1,
        "sessions": 1,
        "max_priority": 85.54,
        "dominant_case": "ca_underperformance",
        "coverage_or_planning_review": false,
        "location_method": "median anomaly-observation GPS coordinate; approximate dashboard marker, not tower coordinate"
      }
    },
    {
      "type": "Feature",
      "geometry": {
        "type": "Point",
        "coordinates": [
          177.451975755,
          -17.628349030000003
        ]
      },
      "properties": {
        "serving_cell_key": "ECI:1077812.0",
        "serving_eci": 1077812.0,
        "serving_pci": 167.0,
        "serving_earfcn": 41186.0,
        "p90_observation_spread_m": 573.7935832927972,
        "anomaly_gps_rows": 6,
        "sessions": 2,
        "max_priority": 85.31,
        "dominant_case": "radio_limited_degradation",
        "coverage_or_planning_review": true,
        "location_method": "median anomaly-observation GPS coordinate; approximate dashboard marker, not tower coordinate"
      }
    },
    {
      "type": "Feature",
      "geometry": {
        "type": "Point",
        "coordinates": [
          177.4057059,
          -17.6625847
        ]
      },
      "properties": {
        "serving_cell_key": "ECI:1079366.0",
        "serving_eci": 1079366.0,
        "serving_pci": 320.0,
        "serving_earfcn": 9310.0,
        "p90_observation_spread_m": 23.996841928600055,
        "anomaly_gps_rows": 5,
        "sessions": 1,
        "max_priority": 85.26,
        "dominant_case": "ca_underperformance",
        "coverage_or_planning_review": true,
        "location_method": "median anomaly-observation GPS coordinate; approximate dashboard marker, not tower coordinate"
      }
    },
    {
      "type": "Feature",
      "geometry": {
        "type": "Point",
        "coordinates": [
          177.46443291,
          -17.76291537
        ]
      },
      "properties": {
        "serving_cell_key": "ECI:3631430.0",
        "serving_eci": 3631430.0,
        "serving_pci": 210.0,
        "serving_earfcn": 9310.0,
        "p90_observation_spread_m": 146.32351145465586,
        "anomaly_gps_rows": 9,
        "sessions": 2,
        "max_priority": 85.1,
        "dominant_case": "radio_limited_degradation",
        "coverage_or_planning_review": true,
        "location_method": "median anomaly-observation GPS coordinate; approximate dashboard marker, not tower coordinate"
      }
    },
    {
      "type": "Feature",
      "geometry": {
        "type": "Point",
        "coordinates": [
          177.42265347,
          -17.7926452
        ]
      },
      "properties": {
        "serving_cell_key": "ECI:1065543.0",
        "serving_eci": 1065543.0,
        "serving_pci": 132.0,
        "serving_earfcn": 9310.0,
        "p90_observation_spread_m": 370.19604137864656,
        "anomaly_gps_rows": 19,
        "sessions": 3,
        "max_priority": 85.06,
        "dominant_case": "ca_underperformance",
        "coverage_or_planning_review": true,
        "location_method": "median anomaly-observation GPS coordinate; approximate dashboard marker, not tower coordinate"
      }
    },
    {
      "type": "Feature",
      "geometry": {
        "type": "Point",
        "coordinates": [
          177.4568415,
          -17.60818551
        ]
      },
      "properties": {
        "serving_cell_key": "ECI:1076541.0",
        "serving_eci": 1076541.0,
        "serving_pci": 182.0,
        "serving_earfcn": 40790.0,
        "p90_observation_spread_m": 685.0933483243,
        "anomaly_gps_rows": 7,
        "sessions": 5,
        "max_priority": 85.03,
        "dominant_case": "ca_underperformance",
        "coverage_or_planning_review": true,
        "location_method": "median anomaly-observation GPS coordinate; approximate dashboard marker, not tower coordinate"
      }
    },
    {
      "type": "Feature",
      "geometry": {
        "type": "Point",
        "coordinates": [
          177.4529783,
          -17.6034013
        ]
      },
      "properties": {
        "serving_cell_key": "ECI:1076799.0",
        "serving_eci": 1076799.0,
        "serving_pci": 184.0,
        "serving_earfcn": 40988.0,
        "p90_observation_spread_m": 42.60919204983117,
        "anomaly_gps_rows": 31,
        "sessions": 3,
        "max_priority": 84.94,
        "dominant_case": "ca_underperformance",
        "coverage_or_planning_review": true,
        "location_method": "median anomaly-observation GPS coordinate; approximate dashboard marker, not tower coordinate"
      }
    },
    {
      "type": "Feature",
      "geometry": {
        "type": "Point",
        "coordinates": [
          177.47259465000002,
          -17.7713547
        ]
      },
      "properties": {
        "serving_cell_key": "ECI:1068854.0",
        "serving_eci": 1068854.0,
        "serving_pci": 113.0,
        "serving_earfcn": 41384.0,
        "p90_observation_spread_m": 217.6592985608791,
        "anomaly_gps_rows": 2,
        "sessions": 1,
        "max_priority": 84.93,
        "dominant_case": "ca_underperformance",
        "coverage_or_planning_review": false,
        "location_method": "median anomaly-observation GPS coordinate; approximate dashboard marker, not tower coordinate"
      }
    },
    {
      "type": "Feature",
      "geometry": {
        "type": "Point",
        "coordinates": [
          177.4553386,
          -17.7481703
        ]
      },
      "properties": {
        "serving_cell_key": "ECI:1068313.0",
        "serving_eci": 1068313.0,
        "serving_pci": 50.0,
        "serving_earfcn": 356.0,
        "p90_observation_spread_m": 0.0,
        "anomaly_gps_rows": 1,
        "sessions": 1,
        "max_priority": 84.83,
        "dominant_case": "ca_underperformance",
        "coverage_or_planning_review": false,
        "location_method": "median anomaly-observation GPS coordinate; approximate dashboard marker, not tower coordinate"
      }
    },
    {
      "type": "Feature",
      "geometry": {
        "type": "Point",
        "coordinates": [
          177.43363434,
          -17.79763094
        ]
      },
      "properties": {
        "serving_cell_key": "ECI:1071636.0",
        "serving_eci": 1071636.0,
        "serving_pci": 393.0,
        "serving_earfcn": 500.0,
        "p90_observation_spread_m": 161.52196365386646,
        "anomaly_gps_rows": 4,
        "sessions": 1,
        "max_priority": 84.7,
        "dominant_case": "radio_limited_degradation",
        "coverage_or_planning_review": true,
        "location_method": "median anomaly-observation GPS coordinate; approximate dashboard marker, not tower coordinate"
      }
    },
    {
      "type": "Feature",
      "geometry": {
        "type": "Point",
        "coordinates": [
          177.4399962,
          -17.6156906
        ]
      },
      "properties": {
        "serving_cell_key": "ECI:1081918.0",
        "serving_eci": 1081918.0,
        "serving_pci": 180.0,
        "serving_earfcn": 40790.0,
        "p90_observation_spread_m": 0.0,
        "anomaly_gps_rows": 1,
        "sessions": 1,
        "max_priority": 84.69,
        "dominant_case": "radio_limited_degradation",
        "coverage_or_planning_review": true,
        "location_method": "median anomaly-observation GPS coordinate; approximate dashboard marker, not tower coordinate"
      }
    },
    {
      "type": "Feature",
      "geometry": {
        "type": "Point",
        "coordinates": [
          177.44253641,
          -17.74526455
        ]
      },
      "properties": {
        "serving_cell_key": "ECI:1068746.0",
        "serving_eci": 1068746.0,
        "serving_pci": 120.0,
        "serving_earfcn": 500.0,
        "p90_observation_spread_m": 147.0400811743183,
        "anomaly_gps_rows": 3,
        "sessions": 2,
        "max_priority": 84.64,
        "dominant_case": "ca_underperformance",
        "coverage_or_planning_review": false,
        "location_method": "median anomaly-observation GPS coordinate; approximate dashboard marker, not tower coordinate"
      }
    },
    {
      "type": "Feature",
      "geometry": {
        "type": "Point",
        "coordinates": [
          177.4146479,
          -17.6874345
        ]
      },
      "properties": {
        "serving_cell_key": "ECI:1081374.0",
        "serving_eci": 1081374.0,
        "serving_pci": 453.0,
        "serving_earfcn": 1850.0,
        "p90_observation_spread_m": 588.343028492276,
        "anomaly_gps_rows": 5,
        "sessions": 3,
        "max_priority": 84.37,
        "dominant_case": "radio_limited_degradation",
        "coverage_or_planning_review": true,
        "location_method": "median anomaly-observation GPS coordinate; approximate dashboard marker, not tower coordinate"
      }
    },
    {
      "type": "Feature",
      "geometry": {
        "type": "Point",
        "coordinates": [
          177.443445345,
          -17.74190727
        ]
      },
      "properties": {
        "serving_cell_key": "ECI:1066301.0",
        "serving_eci": 1066301.0,
        "serving_pci": 487.0,
        "serving_earfcn": 40790.0,
        "p90_observation_spread_m": 527.074625730334,
        "anomaly_gps_rows": 16,
        "sessions": 3,
        "max_priority": 84.36,
        "dominant_case": "ca_underperformance",
        "coverage_or_planning_review": true,
        "location_method": "median anomaly-observation GPS coordinate; approximate dashboard marker, not tower coordinate"
      }
    },
    {
      "type": "Feature",
      "geometry": {
        "type": "Point",
        "coordinates": [
          177.391288755,
          -17.785101245
        ]
      },
      "properties": {
        "serving_cell_key": "ECI:1067079.0",
        "serving_eci": 1067079.0,
        "serving_pci": 137.0,
        "serving_earfcn": 9310.0,
        "p90_observation_spread_m": 6.906545205048651,
        "anomaly_gps_rows": 2,
        "sessions": 1,
        "max_priority": 84.29,
        "dominant_case": "radio_limited_degradation",
        "coverage_or_planning_review": true,
        "location_method": "median anomaly-observation GPS coordinate; approximate dashboard marker, not tower coordinate"
      }
    },
    {
      "type": "Feature",
      "geometry": {
        "type": "Point",
        "coordinates": [
          177.45235495,
          -17.8072331
        ]
      },
      "properties": {
        "serving_cell_key": "ECI:1070391.0",
        "serving_eci": 1070391.0,
        "serving_pci": 470.0,
        "serving_earfcn": 41384.0,
        "p90_observation_spread_m": 54.72178283844607,
        "anomaly_gps_rows": 3,
        "sessions": 1,
        "max_priority": 84.28,
        "dominant_case": "temporal_local_drop",
        "coverage_or_planning_review": false,
        "location_method": "median anomaly-observation GPS coordinate; approximate dashboard marker, not tower coordinate"
      }
    },
    {
      "type": "Feature",
      "geometry": {
        "type": "Point",
        "coordinates": [
          177.41296711500001,
          -17.80916209
        ]
      },
      "properties": {
        "serving_cell_key": "ECI:1064756.0",
        "serving_eci": 1064756.0,
        "serving_pci": 149.0,
        "serving_earfcn": 41186.0,
        "p90_observation_spread_m": 985.7913758105565,
        "anomaly_gps_rows": 6,
        "sessions": 4,
        "max_priority": 84.27,
        "dominant_case": "ca_underperformance",
        "coverage_or_planning_review": true,
        "location_method": "median anomaly-observation GPS coordinate; approximate dashboard marker, not tower coordinate"
      }
    },
    {
      "type": "Feature",
      "geometry": {
        "type": "Point",
        "coordinates": [
          177.4624192,
          -17.61024952
        ]
      },
      "properties": {
        "serving_cell_key": "ECI:1076429.0",
        "serving_eci": 1076429.0,
        "serving_pci": 375.0,
        "serving_earfcn": 356.0,
        "p90_observation_spread_m": 276.21317678659346,
        "anomaly_gps_rows": 15,
        "sessions": 2,
        "max_priority": 84.24,
        "dominant_case": "radio_limited_degradation",
        "coverage_or_planning_review": true,
        "location_method": "median anomaly-observation GPS coordinate; approximate dashboard marker, not tower coordinate"
      }
    },
    {
      "type": "Feature",
      "geometry": {
        "type": "Point",
        "coordinates": [
          177.4039345,
          -17.679276350000002
        ]
      },
      "properties": {
        "serving_cell_key": "ECI:1081415.0",
        "serving_eci": 1081415.0,
        "serving_pci": 454.0,
        "serving_earfcn": 500.0,
        "p90_observation_spread_m": 550.4492630055964,
        "anomaly_gps_rows": 4,
        "sessions": 2,
        "max_priority": 84.09,
        "dominant_case": "ca_underperformance",
        "coverage_or_planning_review": true,
        "location_method": "median anomaly-observation GPS coordinate; approximate dashboard marker, not tower coordinate"
      }
    },
    {
      "type": "Feature",
      "geometry": {
        "type": "Point",
        "coordinates": [
          177.44299984999998,
          -17.631473
        ]
      },
      "properties": {
        "serving_cell_key": "EARFCN:41384.0|PCI:313.0",
        "serving_eci": null,
        "serving_pci": 313.0,
        "serving_earfcn": 41384.0,
        "p90_observation_spread_m": 55.94600312528627,
        "anomaly_gps_rows": 2,
        "sessions": 2,
        "max_priority": 83.97,
        "dominant_case": "temporal_local_drop",
        "coverage_or_planning_review": false,
        "location_method": "median anomaly-observation GPS coordinate; approximate dashboard marker, not tower coordinate"
      }
    },
    {
      "type": "Feature",
      "geometry": {
        "type": "Point",
        "coordinates": [
          177.443938555,
          -17.621652465
        ]
      },
      "properties": {
        "serving_cell_key": "ECI:1079182.0",
        "serving_eci": 1079182.0,
        "serving_pci": 385.0,
        "serving_earfcn": 41186.0,
        "p90_observation_spread_m": 431.33709742194765,
        "anomaly_gps_rows": 16,
        "sessions": 2,
        "max_priority": 83.9,
        "dominant_case": "ca_underperformance",
        "coverage_or_planning_review": true,
        "location_method": "median anomaly-observation GPS coordinate; approximate dashboard marker, not tower coordinate"
      }
    },
    {
      "type": "Feature",
      "geometry": {
        "type": "Point",
        "coordinates": [
          177.44224072,
          -17.743252665
        ]
      },
      "properties": {
        "serving_cell_key": "ECI:1068606.0",
        "serving_eci": 1068606.0,
        "serving_pci": 120.0,
        "serving_earfcn": 40790.0,
        "p90_observation_spread_m": 288.33867867025185,
        "anomaly_gps_rows": 36,
        "sessions": 6,
        "max_priority": 83.86,
        "dominant_case": "ca_underperformance",
        "coverage_or_planning_review": true,
        "location_method": "median anomaly-observation GPS coordinate; approximate dashboard marker, not tower coordinate"
      }
    },
    {
      "type": "Feature",
      "geometry": {
        "type": "Point",
        "coordinates": [
          177.433009855,
          -17.644064885
        ]
      },
      "properties": {
        "serving_cell_key": "ECI:1082689.0",
        "serving_eci": 1082689.0,
        "serving_pci": 16.0,
        "serving_earfcn": 40988.0,
        "p90_observation_spread_m": 38.47002472740843,
        "anomaly_gps_rows": 6,
        "sessions": 1,
        "max_priority": 83.85,
        "dominant_case": "ca_underperformance",
        "coverage_or_planning_review": false,
        "location_method": "median anomaly-observation GPS coordinate; approximate dashboard marker, not tower coordinate"
      }
    },
    {
      "type": "Feature",
      "geometry": {
        "type": "Point",
        "coordinates": [
          177.440515,
          -17.6293583
        ]
      },
      "properties": {
        "serving_cell_key": "ECI:3643080.0",
        "serving_eci": 3643080.0,
        "serving_pci": 310.0,
        "serving_earfcn": 356.0,
        "p90_observation_spread_m": 16.757453365183984,
        "anomaly_gps_rows": 6,
        "sessions": 2,
        "max_priority": 83.77,
        "dominant_case": "radio_limited_degradation",
        "coverage_or_planning_review": true,
        "location_method": "median anomaly-observation GPS coordinate; approximate dashboard marker, not tower coordinate"
      }
    },
    {
      "type": "Feature",
      "geometry": {
        "type": "Point",
        "coordinates": [
          177.45992895,
          -17.7370502
        ]
      },
      "properties": {
        "serving_cell_key": "ECI:1068318.0",
        "serving_eci": 1068318.0,
        "serving_pci": 49.0,
        "serving_earfcn": 1850.0,
        "p90_observation_spread_m": 1.2789012338982857,
        "anomaly_gps_rows": 2,
        "sessions": 1,
        "max_priority": 83.66,
        "dominant_case": "radio_limited_degradation",
        "coverage_or_planning_review": true,
        "location_method": "median anomaly-observation GPS coordinate; approximate dashboard marker, not tower coordinate"
      }
    },
    {
      "type": "Feature",
      "geometry": {
        "type": "Point",
        "coordinates": [
          177.408481155,
          -17.795779449999998
        ]
      },
      "properties": {
        "serving_cell_key": "ECI:1066271.0",
        "serving_eci": 1066271.0,
        "serving_pci": 487.0,
        "serving_earfcn": 1850.0,
        "p90_observation_spread_m": 335.7588247573267,
        "anomaly_gps_rows": 4,
        "sessions": 2,
        "max_priority": 83.62,
        "dominant_case": "radio_limited_degradation",
        "coverage_or_planning_review": true,
        "location_method": "median anomaly-observation GPS coordinate; approximate dashboard marker, not tower coordinate"
      }
    },
    {
      "type": "Feature",
      "geometry": {
        "type": "Point",
        "coordinates": [
          177.46542706,
          -17.6192569
        ]
      },
      "properties": {
        "serving_cell_key": "ECI:3635992.0",
        "serving_eci": 3635992.0,
        "serving_pci": 234.0,
        "serving_earfcn": 500.0,
        "p90_observation_spread_m": 362.6333807489608,
        "anomaly_gps_rows": 19,
        "sessions": 2,
        "max_priority": 83.59,
        "dominant_case": "radio_limited_degradation",
        "coverage_or_planning_review": true,
        "location_method": "median anomaly-observation GPS coordinate; approximate dashboard marker, not tower coordinate"
      }
    },
    {
      "type": "Feature",
      "geometry": {
        "type": "Point",
        "coordinates": [
          177.46544908,
          -17.6154999
        ]
      },
      "properties": {
        "serving_cell_key": "ECI:3635988.0",
        "serving_eci": 3635988.0,
        "serving_pci": 230.0,
        "serving_earfcn": 500.0,
        "p90_observation_spread_m": 9.548993301445465,
        "anomaly_gps_rows": 5,
        "sessions": 1,
        "max_priority": 83.53,
        "dominant_case": "radio_limited_degradation",
        "coverage_or_planning_review": true,
        "location_method": "median anomaly-observation GPS coordinate; approximate dashboard marker, not tower coordinate"
      }
    },
    {
      "type": "Feature",
      "geometry": {
        "type": "Point",
        "coordinates": [
          177.43975535,
          -17.74493263
        ]
      },
      "properties": {
        "serving_cell_key": "EARFCN:40790.0|PCI:120.0",
        "serving_eci": null,
        "serving_pci": 120.0,
        "serving_earfcn": 40790.0,
        "p90_observation_spread_m": 0.0,
        "anomaly_gps_rows": 1,
        "sessions": 1,
        "max_priority": 83.48,
        "dominant_case": "temporal_local_drop",
        "coverage_or_planning_review": false,
        "location_method": "median anomaly-observation GPS coordinate; approximate dashboard marker, not tower coordinate"
      }
    },
    {
      "type": "Feature",
      "geometry": {
        "type": "Point",
        "coordinates": [
          177.4550741,
          -17.62203
        ]
      },
      "properties": {
        "serving_cell_key": "EARFCN:41186.0|PCI:231.0",
        "serving_eci": null,
        "serving_pci": 231.0,
        "serving_earfcn": 41186.0,
        "p90_observation_spread_m": 0.0,
        "anomaly_gps_rows": 1,
        "sessions": 1,
        "max_priority": 83.43,
        "dominant_case": "radio_limited_degradation",
        "coverage_or_planning_review": true,
        "location_method": "median anomaly-observation GPS coordinate; approximate dashboard marker, not tower coordinate"
      }
    },
    {
      "type": "Feature",
      "geometry": {
        "type": "Point",
        "coordinates": [
          177.39965539,
          -17.79639779
        ]
      },
      "properties": {
        "serving_cell_key": "ECI:1069087.0",
        "serving_eci": 1069087.0,
        "serving_pci": 140.0,
        "serving_earfcn": 9310.0,
        "p90_observation_spread_m": 371.07458463985887,
        "anomaly_gps_rows": 3,
        "sessions": 2,
        "max_priority": 83.43,
        "dominant_case": "radio_limited_degradation",
        "coverage_or_planning_review": true,
        "location_method": "median anomaly-observation GPS coordinate; approximate dashboard marker, not tower coordinate"
      }
    },
    {
      "type": "Feature",
      "geometry": {
        "type": "Point",
        "coordinates": [
          177.45530437,
          -17.769182605
        ]
      },
      "properties": {
        "serving_cell_key": "ECI:3631414.0",
        "serving_eci": 3631414.0,
        "serving_pci": 214.0,
        "serving_earfcn": 40988.0,
        "p90_observation_spread_m": 2420.957464834197,
        "anomaly_gps_rows": 4,
        "sessions": 2,
        "max_priority": 83.36,
        "dominant_case": "radio_limited_degradation",
        "coverage_or_planning_review": true,
        "location_method": "median anomaly-observation GPS coordinate; approximate dashboard marker, not tower coordinate"
      }
    },
    {
      "type": "Feature",
      "geometry": {
        "type": "Point",
        "coordinates": [
          177.429721875,
          -17.634398644999997
        ]
      },
      "properties": {
        "serving_cell_key": "ECI:3643082.0",
        "serving_eci": 3643082.0,
        "serving_pci": 312.0,
        "serving_earfcn": 356.0,
        "p90_observation_spread_m": 98.28266035565774,
        "anomaly_gps_rows": 6,
        "sessions": 1,
        "max_priority": 83.24,
        "dominant_case": "radio_limited_degradation",
        "coverage_or_planning_review": true,
        "location_method": "median anomaly-observation GPS coordinate; approximate dashboard marker, not tower coordinate"
      }
    },
    {
      "type": "Feature",
      "geometry": {
        "type": "Point",
        "coordinates": [
          177.45002257,
          -17.61400588
        ]
      },
      "properties": {
        "serving_cell_key": "ECI:3636030.0",
        "serving_eci": 3636030.0,
        "serving_pci": 232.0,
        "serving_earfcn": 41186.0,
        "p90_observation_spread_m": 946.0297780700114,
        "anomaly_gps_rows": 6,
        "sessions": 3,
        "max_priority": 83.17,
        "dominant_case": "ca_underperformance",
        "coverage_or_planning_review": true,
        "location_method": "median anomaly-observation GPS coordinate; approximate dashboard marker, not tower coordinate"
      }
    },
    {
      "type": "Feature",
      "geometry": {
        "type": "Point",
        "coordinates": [
          177.4521174,
          -17.60509834
        ]
      },
      "properties": {
        "serving_cell_key": "EARFCN:41384.0|PCI:183.0",
        "serving_eci": null,
        "serving_pci": 183.0,
        "serving_earfcn": 41384.0,
        "p90_observation_spread_m": 0.0,
        "anomaly_gps_rows": 1,
        "sessions": 1,
        "max_priority": 83.16,
        "dominant_case": "temporal_local_drop",
        "coverage_or_planning_review": false,
        "location_method": "median anomaly-observation GPS coordinate; approximate dashboard marker, not tower coordinate"
      }
    },
    {
      "type": "Feature",
      "geometry": {
        "type": "Point",
        "coordinates": [
          177.3958751,
          -17.7951947
        ]
      },
      "properties": {
        "serving_cell_key": "ECI:1069080.0",
        "serving_eci": 1069080.0,
        "serving_pci": 140.0,
        "serving_earfcn": 356.0,
        "p90_observation_spread_m": 1203.0272006094444,
        "anomaly_gps_rows": 17,
        "sessions": 4,
        "max_priority": 83.13,
        "dominant_case": "ca_underperformance",
        "coverage_or_planning_review": true,
        "location_method": "median anomaly-observation GPS coordinate; approximate dashboard marker, not tower coordinate"
      }
    },
    {
      "type": "Feature",
      "geometry": {
        "type": "Point",
        "coordinates": [
          177.46153712,
          -17.60561942
        ]
      },
      "properties": {
        "serving_cell_key": "ECI:1076369.0",
        "serving_eci": 1076369.0,
        "serving_pci": 373.0,
        "serving_earfcn": 41384.0,
        "p90_observation_spread_m": 224.03339686046425,
        "anomaly_gps_rows": 5,
        "sessions": 3,
        "max_priority": 83.08,
        "dominant_case": "radio_limited_degradation",
        "coverage_or_planning_review": true,
        "location_method": "median anomaly-observation GPS coordinate; approximate dashboard marker, not tower coordinate"
      }
    },
    {
      "type": "Feature",
      "geometry": {
        "type": "Point",
        "coordinates": [
          177.4696028,
          -17.6214089
        ]
      },
      "properties": {
        "serving_cell_key": "ECI:1080631.0",
        "serving_eci": 1080631.0,
        "serving_pci": 353.0,
        "serving_earfcn": 41384.0,
        "p90_observation_spread_m": 1221.6796607662643,
        "anomaly_gps_rows": 5,
        "sessions": 2,
        "max_priority": 82.99,
        "dominant_case": "radio_limited_degradation",
        "coverage_or_planning_review": true,
        "location_method": "median anomaly-observation GPS coordinate; approximate dashboard marker, not tower coordinate"
      }
    },
    {
      "type": "Feature",
      "geometry": {
        "type": "Point",
        "coordinates": [
          177.4548554,
          -17.7544496
        ]
      },
      "properties": {
        "serving_cell_key": "ECI:1072150.0",
        "serving_eci": 1072150.0,
        "serving_pci": 448.0,
        "serving_earfcn": 500.0,
        "p90_observation_spread_m": 11.58520516730277,
        "anomaly_gps_rows": 5,
        "sessions": 1,
        "max_priority": 82.98,
        "dominant_case": "ca_underperformance",
        "coverage_or_planning_review": true,
        "location_method": "median anomaly-observation GPS coordinate; approximate dashboard marker, not tower coordinate"
      }
    },
    {
      "type": "Feature",
      "geometry": {
        "type": "Point",
        "coordinates": [
          177.453914505,
          -17.63046971
        ]
      },
      "properties": {
        "serving_cell_key": "ECI:3640372.0",
        "serving_eci": 3640372.0,
        "serving_pci": 272.0,
        "serving_earfcn": 40790.0,
        "p90_observation_spread_m": 533.696848878737,
        "anomaly_gps_rows": 4,
        "sessions": 2,
        "max_priority": 82.95,
        "dominant_case": "radio_limited_degradation",
        "coverage_or_planning_review": true,
        "location_method": "median anomaly-observation GPS coordinate; approximate dashboard marker, not tower coordinate"
      }
    },
    {
      "type": "Feature",
      "geometry": {
        "type": "Point",
        "coordinates": [
          177.4530047,
          -17.6046294
        ]
      },
      "properties": {
        "serving_cell_key": "ECI:1076791.0",
        "serving_eci": 1076791.0,
        "serving_pci": 183.0,
        "serving_earfcn": 41384.0,
        "p90_observation_spread_m": 121.18455311612266,
        "anomaly_gps_rows": 20,
        "sessions": 7,
        "max_priority": 82.85,
        "dominant_case": "radio_limited_degradation",
        "coverage_or_planning_review": true,
        "location_method": "median anomaly-observation GPS coordinate; approximate dashboard marker, not tower coordinate"
      }
    },
    {
      "type": "Feature",
      "geometry": {
        "type": "Point",
        "coordinates": [
          177.4396293,
          -17.6159418
        ]
      },
      "properties": {
        "serving_cell_key": "ECI:1076542.0",
        "serving_eci": 1076542.0,
        "serving_pci": 180.0,
        "serving_earfcn": 40790.0,
        "p90_observation_spread_m": 9.34514699061012,
        "anomaly_gps_rows": 3,
        "sessions": 1,
        "max_priority": 82.82,
        "dominant_case": "radio_limited_degradation",
        "coverage_or_planning_review": true,
        "location_method": "median anomaly-observation GPS coordinate; approximate dashboard marker, not tower coordinate"
      }
    },
    {
      "type": "Feature",
      "geometry": {
        "type": "Point",
        "coordinates": [
          177.37635845,
          -17.768686549999998
        ]
      },
      "properties": {
        "serving_cell_key": "ECI:1066815.0",
        "serving_eci": 1066815.0,
        "serving_pci": 157.0,
        "serving_earfcn": 40988.0,
        "p90_observation_spread_m": 3.8823303017673174,
        "anomaly_gps_rows": 2,
        "sessions": 1,
        "max_priority": 82.78,
        "dominant_case": "radio_limited_degradation",
        "coverage_or_planning_review": true,
        "location_method": "median anomaly-observation GPS coordinate; approximate dashboard marker, not tower coordinate"
      }
    },
    {
      "type": "Feature",
      "geometry": {
        "type": "Point",
        "coordinates": [
          177.39278933,
          -17.78683401
        ]
      },
      "properties": {
        "serving_cell_key": "ECI:1069086.0",
        "serving_eci": 1069086.0,
        "serving_pci": 138.0,
        "serving_earfcn": 1850.0,
        "p90_observation_spread_m": 461.5410892137765,
        "anomaly_gps_rows": 33,
        "sessions": 4,
        "max_priority": 82.76,
        "dominant_case": "ca_underperformance",
        "coverage_or_planning_review": true,
        "location_method": "median anomaly-observation GPS coordinate; approximate dashboard marker, not tower coordinate"
      }
    },
    {
      "type": "Feature",
      "geometry": {
        "type": "Point",
        "coordinates": [
          177.4391596,
          -17.76949527
        ]
      },
      "properties": {
        "serving_cell_key": "ECI:1066038.0",
        "serving_eci": 1066038.0,
        "serving_pci": 123.0,
        "serving_earfcn": 41384.0,
        "p90_observation_spread_m": 426.9724677000455,
        "anomaly_gps_rows": 24,
        "sessions": 3,
        "max_priority": 82.66,
        "dominant_case": "ca_underperformance",
        "coverage_or_planning_review": true,
        "location_method": "median anomaly-observation GPS coordinate; approximate dashboard marker, not tower coordinate"
      }
    },
    {
      "type": "Feature",
      "geometry": {
        "type": "Point",
        "coordinates": [
          177.39081785000002,
          -17.786071049999997
        ]
      },
      "properties": {
        "serving_cell_key": "ECI:3623997.0",
        "serving_eci": 3623997.0,
        "serving_pci": 153.0,
        "serving_earfcn": 41186.0,
        "p90_observation_spread_m": 459.971187686021,
        "anomaly_gps_rows": 6,
        "sessions": 2,
        "max_priority": 82.63,
        "dominant_case": "radio_limited_degradation",
        "coverage_or_planning_review": true,
        "location_method": "median anomaly-observation GPS coordinate; approximate dashboard marker, not tower coordinate"
      }
    },
    {
      "type": "Feature",
      "geometry": {
        "type": "Point",
        "coordinates": [
          177.435030325,
          -17.813263955
        ]
      },
      "properties": {
        "serving_cell_key": "ECI:1071637.0",
        "serving_eci": 1071637.0,
        "serving_pci": 395.0,
        "serving_earfcn": 500.0,
        "p90_observation_spread_m": 425.2178495921776,
        "anomaly_gps_rows": 12,
        "sessions": 4,
        "max_priority": 82.55,
        "dominant_case": "ca_underperformance",
        "coverage_or_planning_review": true,
        "location_method": "median anomaly-observation GPS coordinate; approximate dashboard marker, not tower coordinate"
      }
    },
    {
      "type": "Feature",
      "geometry": {
        "type": "Point",
        "coordinates": [
          177.43055343,
          -17.807130309999998
        ]
      },
      "properties": {
        "serving_cell_key": "ECI:1064765.0",
        "serving_eci": 1064765.0,
        "serving_pci": 148.0,
        "serving_earfcn": 40790.0,
        "p90_observation_spread_m": 1141.5076535722894,
        "anomaly_gps_rows": 10,
        "sessions": 6,
        "max_priority": 82.55,
        "dominant_case": "ca_underperformance",
        "coverage_or_planning_review": true,
        "location_method": "median anomaly-observation GPS coordinate; approximate dashboard marker, not tower coordinate"
      }
    },
    {
      "type": "Feature",
      "geometry": {
        "type": "Point",
        "coordinates": [
          177.443263,
          -17.8128907
        ]
      },
      "properties": {
        "serving_cell_key": "ECI:1064982.0",
        "serving_eci": 1064982.0,
        "serving_pci": 469.0,
        "serving_earfcn": 500.0,
        "p90_observation_spread_m": 705.4139866848568,
        "anomaly_gps_rows": 5,
        "sessions": 3,
        "max_priority": 82.53,
        "dominant_case": "ca_underperformance",
        "coverage_or_planning_review": true,
        "location_method": "median anomaly-observation GPS coordinate; approximate dashboard marker, not tower coordinate"
      }
    },
    {
      "type": "Feature",
      "geometry": {
        "type": "Point",
        "coordinates": [
          177.40751801,
          -17.79672195
        ]
      },
      "properties": {
        "serving_cell_key": "ECI:1065271.0",
        "serving_eci": 1065271.0,
        "serving_pci": 146.0,
        "serving_earfcn": 41384.0,
        "p90_observation_spread_m": 238.86946657432122,
        "anomaly_gps_rows": 12,
        "sessions": 3,
        "max_priority": 82.52,
        "dominant_case": "radio_limited_degradation",
        "coverage_or_planning_review": true,
        "location_method": "median anomaly-observation GPS coordinate; approximate dashboard marker, not tower coordinate"
      }
    },
    {
      "type": "Feature",
      "geometry": {
        "type": "Point",
        "coordinates": [
          177.4310824,
          -17.7616569
        ]
      },
      "properties": {
        "serving_cell_key": "ECI:1066019.0",
        "serving_eci": 1066019.0,
        "serving_pci": 120.0,
        "serving_earfcn": 1850.0,
        "p90_observation_spread_m": 851.6306802257784,
        "anomaly_gps_rows": 3,
        "sessions": 2,
        "max_priority": 82.33,
        "dominant_case": "radio_limited_degradation",
        "coverage_or_planning_review": true,
        "location_method": "median anomaly-observation GPS coordinate; approximate dashboard marker, not tower coordinate"
      }
    },
    {
      "type": "Feature",
      "geometry": {
        "type": "Point",
        "coordinates": [
          177.419568,
          -17.6910236
        ]
      },
      "properties": {
        "serving_cell_key": "ECI:1066312.0",
        "serving_eci": 1066312.0,
        "serving_pci": 488.0,
        "serving_earfcn": 9310.0,
        "p90_observation_spread_m": 802.043584260596,
        "anomaly_gps_rows": 7,
        "sessions": 2,
        "max_priority": 82.32,
        "dominant_case": "radio_limited_degradation",
        "coverage_or_planning_review": true,
        "location_method": "median anomaly-observation GPS coordinate; approximate dashboard marker, not tower coordinate"
      }
    },
    {
      "type": "Feature",
      "geometry": {
        "type": "Point",
        "coordinates": [
          177.44230073,
          -17.74510213
        ]
      },
      "properties": {
        "serving_cell_key": "ECI:1068609.0",
        "serving_eci": 1068609.0,
        "serving_pci": 120.0,
        "serving_earfcn": 500.0,
        "p90_observation_spread_m": 0.0,
        "anomaly_gps_rows": 1,
        "sessions": 1,
        "max_priority": 82.3,
        "dominant_case": "ca_underperformance",
        "coverage_or_planning_review": false,
        "location_method": "median anomaly-observation GPS coordinate; approximate dashboard marker, not tower coordinate"
      }
    },
    {
      "type": "Feature",
      "geometry": {
        "type": "Point",
        "coordinates": [
          177.41228952,
          -17.79180858
        ]
      },
      "properties": {
        "serving_cell_key": "ECI:1073696.0",
        "serving_eci": 1073696.0,
        "serving_pci": 363.0,
        "serving_earfcn": 1850.0,
        "p90_observation_spread_m": 692.5085148590376,
        "anomaly_gps_rows": 5,
        "sessions": 2,
        "max_priority": 82.29,
        "dominant_case": "radio_limited_degradation",
        "coverage_or_planning_review": true,
        "location_method": "median anomaly-observation GPS coordinate; approximate dashboard marker, not tower coordinate"
      }
    },
    {
      "type": "Feature",
      "geometry": {
        "type": "Point",
        "coordinates": [
          177.45685807,
          -17.60812849
        ]
      },
      "properties": {
        "serving_cell_key": "ECI:1076531.0",
        "serving_eci": 1076531.0,
        "serving_pci": 182.0,
        "serving_earfcn": 41186.0,
        "p90_observation_spread_m": 210.06043841000064,
        "anomaly_gps_rows": 10,
        "sessions": 2,
        "max_priority": 82.18,
        "dominant_case": "ca_underperformance",
        "coverage_or_planning_review": true,
        "location_method": "median anomaly-observation GPS coordinate; approximate dashboard marker, not tower coordinate"
      }
    },
    {
      "type": "Feature",
      "geometry": {
        "type": "Point",
        "coordinates": [
          177.4428555,
          -17.7454537
        ]
      },
      "properties": {
        "serving_cell_key": "ECI:1068340.0",
        "serving_eci": 1068340.0,
        "serving_pci": 50.0,
        "serving_earfcn": 41186.0,
        "p90_observation_spread_m": 19.091924804748974,
        "anomaly_gps_rows": 3,
        "sessions": 1,
        "max_priority": 82.17,
        "dominant_case": "ca_underperformance",
        "coverage_or_planning_review": true,
        "location_method": "median anomaly-observation GPS coordinate; approximate dashboard marker, not tower coordinate"
      }
    },
    {
      "type": "Feature",
      "geometry": {
        "type": "Point",
        "coordinates": [
          177.43547645,
          -17.796133949999998
        ]
      },
      "properties": {
        "serving_cell_key": "ECI:1071646.0",
        "serving_eci": 1071646.0,
        "serving_pci": 147.0,
        "serving_earfcn": 1850.0,
        "p90_observation_spread_m": 7.442623923950247,
        "anomaly_gps_rows": 2,
        "sessions": 1,
        "max_priority": 82.15,
        "dominant_case": "radio_limited_degradation",
        "coverage_or_planning_review": true,
        "location_method": "median anomaly-observation GPS coordinate; approximate dashboard marker, not tower coordinate"
      }
    },
    {
      "type": "Feature",
      "geometry": {
        "type": "Point",
        "coordinates": [
          177.40303326,
          -17.81049232
        ]
      },
      "properties": {
        "serving_cell_key": "ECI:1065267.0",
        "serving_eci": 1065267.0,
        "serving_pci": 145.0,
        "serving_earfcn": 41186.0,
        "p90_observation_spread_m": 995.7166075371907,
        "anomaly_gps_rows": 11,
        "sessions": 5,
        "max_priority": 82.12,
        "dominant_case": "ca_underperformance",
        "coverage_or_planning_review": true,
        "location_method": "median anomaly-observation GPS coordinate; approximate dashboard marker, not tower coordinate"
      }
    },
    {
      "type": "Feature",
      "geometry": {
        "type": "Point",
        "coordinates": [
          177.43085271,
          -17.76451405
        ]
      },
      "properties": {
        "serving_cell_key": "ECI:1072404.0",
        "serving_eci": 1072404.0,
        "serving_pci": 393.0,
        "serving_earfcn": 500.0,
        "p90_observation_spread_m": 78.38339612808923,
        "anomaly_gps_rows": 2,
        "sessions": 2,
        "max_priority": 82.12,
        "dominant_case": "radio_limited_degradation",
        "coverage_or_planning_review": true,
        "location_method": "median anomaly-observation GPS coordinate; approximate dashboard marker, not tower coordinate"
      }
    },
    {
      "type": "Feature",
      "geometry": {
        "type": "Point",
        "coordinates": [
          177.37426741,
          -17.77270609
        ]
      },
      "properties": {
        "serving_cell_key": "ECI:1066772.0",
        "serving_eci": 1066772.0,
        "serving_pci": 157.0,
        "serving_earfcn": 500.0,
        "p90_observation_spread_m": 264.42839131524136,
        "anomaly_gps_rows": 3,
        "sessions": 2,
        "max_priority": 82.09,
        "dominant_case": "temporal_local_drop",
        "coverage_or_planning_review": false,
        "location_method": "median anomaly-observation GPS coordinate; approximate dashboard marker, not tower coordinate"
      }
    },
    {
      "type": "Feature",
      "geometry": {
        "type": "Point",
        "coordinates": [
          177.441197195,
          -17.621367149999998
        ]
      },
      "properties": {
        "serving_cell_key": "ECI:1079095.0",
        "serving_eci": 1079095.0,
        "serving_pci": 169.0,
        "serving_earfcn": 41384.0,
        "p90_observation_spread_m": 286.5352936727733,
        "anomaly_gps_rows": 8,
        "sessions": 3,
        "max_priority": 82.05,
        "dominant_case": "ca_underperformance",
        "coverage_or_planning_review": true,
        "location_method": "median anomaly-observation GPS coordinate; approximate dashboard marker, not tower coordinate"
      }
    },
    {
      "type": "Feature",
      "geometry": {
        "type": "Point",
        "coordinates": [
          177.43856157,
          -17.7655791
        ]
      },
      "properties": {
        "serving_cell_key": "ECI:1067151.0",
        "serving_eci": 1067151.0,
        "serving_pci": 339.0,
        "serving_earfcn": 41384.0,
        "p90_observation_spread_m": 1197.684532805044,
        "anomaly_gps_rows": 9,
        "sessions": 4,
        "max_priority": 82.0,
        "dominant_case": "ca_underperformance",
        "coverage_or_planning_review": true,
        "location_method": "median anomaly-observation GPS coordinate; approximate dashboard marker, not tower coordinate"
      }
    },
    {
      "type": "Feature",
      "geometry": {
        "type": "Point",
        "coordinates": [
          177.45433388,
          -17.6033872
        ]
      },
      "properties": {
        "serving_cell_key": "ECI:1076789.0",
        "serving_eci": 1076789.0,
        "serving_pci": 184.0,
        "serving_earfcn": 41384.0,
        "p90_observation_spread_m": 242.74335674788964,
        "anomaly_gps_rows": 27,
        "sessions": 9,
        "max_priority": 81.97,
        "dominant_case": "radio_limited_degradation",
        "coverage_or_planning_review": true,
        "location_method": "median anomaly-observation GPS coordinate; approximate dashboard marker, not tower coordinate"
      }
    },
    {
      "type": "Feature",
      "geometry": {
        "type": "Point",
        "coordinates": [
          177.40838848,
          -17.79586392
        ]
      },
      "properties": {
        "serving_cell_key": "ECI:1065278.0",
        "serving_eci": 1065278.0,
        "serving_pci": 487.0,
        "serving_earfcn": 1850.0,
        "p90_observation_spread_m": 0.0,
        "anomaly_gps_rows": 1,
        "sessions": 1,
        "max_priority": 81.88,
        "dominant_case": "radio_limited_degradation",
        "coverage_or_planning_review": true,
        "location_method": "median anomaly-observation GPS coordinate; approximate dashboard marker, not tower coordinate"
      }
    },
    {
      "type": "Feature",
      "geometry": {
        "type": "Point",
        "coordinates": [
          177.4501244,
          -17.61463243
        ]
      },
      "properties": {
        "serving_cell_key": "ECI:3636033.0",
        "serving_eci": 3636033.0,
        "serving_pci": 232.0,
        "serving_earfcn": 41384.0,
        "p90_observation_spread_m": 564.2388460542616,
        "anomaly_gps_rows": 19,
        "sessions": 6,
        "max_priority": 81.84,
        "dominant_case": "ca_underperformance",
        "coverage_or_planning_review": true,
        "location_method": "median anomaly-observation GPS coordinate; approximate dashboard marker, not tower coordinate"
      }
    },
    {
      "type": "Feature",
      "geometry": {
        "type": "Point",
        "coordinates": [
          177.4547914,
          -17.6079117
        ]
      },
      "properties": {
        "serving_cell_key": "ECI:1076798.0",
        "serving_eci": 1076798.0,
        "serving_pci": 183.0,
        "serving_earfcn": 40790.0,
        "p90_observation_spread_m": 460.92694838107417,
        "anomaly_gps_rows": 19,
        "sessions": 5,
        "max_priority": 81.84,
        "dominant_case": "ca_underperformance",
        "coverage_or_planning_review": true,
        "location_method": "median anomaly-observation GPS coordinate; approximate dashboard marker, not tower coordinate"
      }
    },
    {
      "type": "Feature",
      "geometry": {
        "type": "Point",
        "coordinates": [
          177.40799984,
          -17.79700274
        ]
      },
      "properties": {
        "serving_cell_key": "ECI:1069383.0",
        "serving_eci": 1069383.0,
        "serving_pci": 363.0,
        "serving_earfcn": 9310.0,
        "p90_observation_spread_m": 380.7902640094887,
        "anomaly_gps_rows": 7,
        "sessions": 2,
        "max_priority": 81.84,
        "dominant_case": "radio_limited_degradation",
        "coverage_or_planning_review": true,
        "location_method": "median anomaly-observation GPS coordinate; approximate dashboard marker, not tower coordinate"
      }
    },
    {
      "type": "Feature",
      "geometry": {
        "type": "Point",
        "coordinates": [
          177.4454503,
          -17.76525169
        ]
      },
      "properties": {
        "serving_cell_key": "ECI:1066037.0",
        "serving_eci": 1066037.0,
        "serving_pci": 124.0,
        "serving_earfcn": 41384.0,
        "p90_observation_spread_m": 26.74158901114603,
        "anomaly_gps_rows": 3,
        "sessions": 1,
        "max_priority": 81.83,
        "dominant_case": "temporal_local_drop",
        "coverage_or_planning_review": false,
        "location_method": "median anomaly-observation GPS coordinate; approximate dashboard marker, not tower coordinate"
      }
    },
    {
      "type": "Feature",
      "geometry": {
        "type": "Point",
        "coordinates": [
          177.4272944,
          -17.78029211
        ]
      },
      "properties": {
        "serving_cell_key": "ECI:1065532.0",
        "serving_eci": 1065532.0,
        "serving_pci": 134.0,
        "serving_earfcn": 40790.0,
        "p90_observation_spread_m": 311.5143456365674,
        "anomaly_gps_rows": 11,
        "sessions": 4,
        "max_priority": 81.78,
        "dominant_case": "ca_underperformance",
        "coverage_or_planning_review": true,
        "location_method": "median anomaly-observation GPS coordinate; approximate dashboard marker, not tower coordinate"
      }
    },
    {
      "type": "Feature",
      "geometry": {
        "type": "Point",
        "coordinates": [
          177.464961545,
          -17.6383466
        ]
      },
      "properties": {
        "serving_cell_key": "ECI:1077820.0",
        "serving_eci": 1077820.0,
        "serving_pci": 165.0,
        "serving_earfcn": 40790.0,
        "p90_observation_spread_m": 852.5448436678297,
        "anomaly_gps_rows": 26,
        "sessions": 4,
        "max_priority": 81.75,
        "dominant_case": "ca_underperformance",
        "coverage_or_planning_review": true,
        "location_method": "median anomaly-observation GPS coordinate; approximate dashboard marker, not tower coordinate"
      }
    },
    {
      "type": "Feature",
      "geometry": {
        "type": "Point",
        "coordinates": [
          177.459507185,
          -17.604403565
        ]
      },
      "properties": {
        "serving_cell_key": "ECI:1076796.0",
        "serving_eci": 1076796.0,
        "serving_pci": 184.0,
        "serving_earfcn": 40790.0,
        "p90_observation_spread_m": 93.24359156348794,
        "anomaly_gps_rows": 10,
        "sessions": 2,
        "max_priority": 81.73,
        "dominant_case": "ca_underperformance",
        "coverage_or_planning_review": true,
        "location_method": "median anomaly-observation GPS coordinate; approximate dashboard marker, not tower coordinate"
      }
    },
    {
      "type": "Feature",
      "geometry": {
        "type": "Point",
        "coordinates": [
          177.460044,
          -17.6287388
        ]
      },
      "properties": {
        "serving_cell_key": "ECI:3640373.0",
        "serving_eci": 3640373.0,
        "serving_pci": 273.0,
        "serving_earfcn": 40988.0,
        "p90_observation_spread_m": 29.40947858869298,
        "anomaly_gps_rows": 3,
        "sessions": 1,
        "max_priority": 81.72,
        "dominant_case": "ca_underperformance",
        "coverage_or_planning_review": true,
        "location_method": "median anomaly-observation GPS coordinate; approximate dashboard marker, not tower coordinate"
      }
    },
    {
      "type": "Feature",
      "geometry": {
        "type": "Point",
        "coordinates": [
          177.4239498,
          -17.776414600000003
        ]
      },
      "properties": {
        "serving_cell_key": "ECI:1067050.0",
        "serving_eci": 1067050.0,
        "serving_pci": 338.0,
        "serving_earfcn": 40790.0,
        "p90_observation_spread_m": 166.1990420661926,
        "anomaly_gps_rows": 4,
        "sessions": 1,
        "max_priority": 81.71,
        "dominant_case": "radio_limited_degradation",
        "coverage_or_planning_review": true,
        "location_method": "median anomaly-observation GPS coordinate; approximate dashboard marker, not tower coordinate"
      }
    },
    {
      "type": "Feature",
      "geometry": {
        "type": "Point",
        "coordinates": [
          177.443263,
          -17.8128907
        ]
      },
      "properties": {
        "serving_cell_key": "EARFCN:500.0|PCI:469.0",
        "serving_eci": null,
        "serving_pci": 469.0,
        "serving_earfcn": 500.0,
        "p90_observation_spread_m": 0.0,
        "anomaly_gps_rows": 1,
        "sessions": 1,
        "max_priority": 81.7,
        "dominant_case": "radio_limited_degradation",
        "coverage_or_planning_review": true,
        "location_method": "median anomaly-observation GPS coordinate; approximate dashboard marker, not tower coordinate"
      }
    },
    {
      "type": "Feature",
      "geometry": {
        "type": "Point",
        "coordinates": [
          177.4035887,
          -17.79669085
        ]
      },
      "properties": {
        "serving_cell_key": "ECI:1067573.0",
        "serving_eci": 1067573.0,
        "serving_pci": 151.0,
        "serving_earfcn": 41384.0,
        "p90_observation_spread_m": 18.505206335967614,
        "anomaly_gps_rows": 4,
        "sessions": 1,
        "max_priority": 81.64,
        "dominant_case": "radio_limited_degradation",
        "coverage_or_planning_review": true,
        "location_method": "median anomaly-observation GPS coordinate; approximate dashboard marker, not tower coordinate"
      }
    },
    {
      "type": "Feature",
      "geometry": {
        "type": "Point",
        "coordinates": [
          177.4432632,
          -17.8128907
        ]
      },
      "properties": {
        "serving_cell_key": "ECI:1065032.0",
        "serving_eci": 1065032.0,
        "serving_pci": 469.0,
        "serving_earfcn": 9310.0,
        "p90_observation_spread_m": 875.4680068718606,
        "anomaly_gps_rows": 13,
        "sessions": 3,
        "max_priority": 81.62,
        "dominant_case": "radio_limited_degradation",
        "coverage_or_planning_review": true,
        "location_method": "median anomaly-observation GPS coordinate; approximate dashboard marker, not tower coordinate"
      }
    },
    {
      "type": "Feature",
      "geometry": {
        "type": "Point",
        "coordinates": [
          177.38577444999999,
          -17.781748455
        ]
      },
      "properties": {
        "serving_cell_key": "ECI:3623987.0",
        "serving_eci": 3623987.0,
        "serving_pci": 153.0,
        "serving_earfcn": 40790.0,
        "p90_observation_spread_m": 50.71018746841842,
        "anomaly_gps_rows": 4,
        "sessions": 2,
        "max_priority": 81.52,
        "dominant_case": "ca_underperformance",
        "coverage_or_planning_review": false,
        "location_method": "median anomaly-observation GPS coordinate; approximate dashboard marker, not tower coordinate"
      }
    },
    {
      "type": "Feature",
      "geometry": {
        "type": "Point",
        "coordinates": [
          177.4070941,
          -17.7968343
        ]
      },
      "properties": {
        "serving_cell_key": "ECI:1073726.0",
        "serving_eci": 1073726.0,
        "serving_pci": 363.0,
        "serving_earfcn": 40790.0,
        "p90_observation_spread_m": 458.28664492464713,
        "anomaly_gps_rows": 13,
        "sessions": 2,
        "max_priority": 81.46,
        "dominant_case": "ca_underperformance",
        "coverage_or_planning_review": true,
        "location_method": "median anomaly-observation GPS coordinate; approximate dashboard marker, not tower coordinate"
      }
    },
    {
      "type": "Feature",
      "geometry": {
        "type": "Point",
        "coordinates": [
          177.43296392000002,
          -17.6270625
        ]
      },
      "properties": {
        "serving_cell_key": "ECI:1079614.0",
        "serving_eci": 1079614.0,
        "serving_pci": 346.0,
        "serving_earfcn": 40790.0,
        "p90_observation_spread_m": 107.5129830065768,
        "anomaly_gps_rows": 4,
        "sessions": 2,
        "max_priority": 81.29,
        "dominant_case": "ca_underperformance",
        "coverage_or_planning_review": false,
        "location_method": "median anomaly-observation GPS coordinate; approximate dashboard marker, not tower coordinate"
      }
    },
    {
      "type": "Feature",
      "geometry": {
        "type": "Point",
        "coordinates": [
          177.461996905,
          -17.614192005
        ]
      },
      "properties": {
        "serving_cell_key": "ECI:1076279.0",
        "serving_eci": 1076279.0,
        "serving_pci": 179.0,
        "serving_earfcn": 41384.0,
        "p90_observation_spread_m": 1066.1147150878921,
        "anomaly_gps_rows": 12,
        "sessions": 3,
        "max_priority": 81.29,
        "dominant_case": "ca_underperformance",
        "coverage_or_planning_review": true,
        "location_method": "median anomaly-observation GPS coordinate; approximate dashboard marker, not tower coordinate"
      }
    },
    {
      "type": "Feature",
      "geometry": {
        "type": "Point",
        "coordinates": [
          177.40515662500002,
          -17.660338355
        ]
      },
      "properties": {
        "serving_cell_key": "ECI:1075783.0",
        "serving_eci": 1075783.0,
        "serving_pci": 159.0,
        "serving_earfcn": 9310.0,
        "p90_observation_spread_m": 0.024611745641798296,
        "anomaly_gps_rows": 2,
        "sessions": 1,
        "max_priority": 81.25,
        "dominant_case": "ca_underperformance",
        "coverage_or_planning_review": true,
        "location_method": "median anomaly-observation GPS coordinate; approximate dashboard marker, not tower coordinate"
      }
    },
    {
      "type": "Feature",
      "geometry": {
        "type": "Point",
        "coordinates": [
          177.4507267,
          -17.6078656
        ]
      },
      "properties": {
        "serving_cell_key": "ECI:1082142.0",
        "serving_eci": 1082142.0,
        "serving_pci": 139.0,
        "serving_earfcn": 1850.0,
        "p90_observation_spread_m": 0.0,
        "anomaly_gps_rows": 2,
        "sessions": 1,
        "max_priority": 81.23,
        "dominant_case": "temporal_local_drop",
        "coverage_or_planning_review": false,
        "location_method": "median anomaly-observation GPS coordinate; approximate dashboard marker, not tower coordinate"
      }
    },
    {
      "type": "Feature",
      "geometry": {
        "type": "Point",
        "coordinates": [
          177.4345824,
          -17.7441569
        ]
      },
      "properties": {
        "serving_cell_key": "ECI:1066039.0",
        "serving_eci": 1066039.0,
        "serving_pci": 125.0,
        "serving_earfcn": 41384.0,
        "p90_observation_spread_m": 2452.4717064651563,
        "anomaly_gps_rows": 11,
        "sessions": 3,
        "max_priority": 81.23,
        "dominant_case": "ca_underperformance",
        "coverage_or_planning_review": true,
        "location_method": "median anomaly-observation GPS coordinate; approximate dashboard marker, not tower coordinate"
      }
    },
    {
      "type": "Feature",
      "geometry": {
        "type": "Point",
        "coordinates": [
          177.40583270000002,
          -17.79671504
        ]
      },
      "properties": {
        "serving_cell_key": "ECI:1069077.0",
        "serving_eci": 1069077.0,
        "serving_pci": 140.0,
        "serving_earfcn": 500.0,
        "p90_observation_spread_m": 1102.4515467796966,
        "anomaly_gps_rows": 18,
        "sessions": 5,
        "max_priority": 81.18,
        "dominant_case": "radio_limited_degradation",
        "coverage_or_planning_review": true,
        "location_method": "median anomaly-observation GPS coordinate; approximate dashboard marker, not tower coordinate"
      }
    },
    {
      "type": "Feature",
      "geometry": {
        "type": "Point",
        "coordinates": [
          177.43393214999998,
          -17.809468525
        ]
      },
      "properties": {
        "serving_cell_key": "ECI:1071676.0",
        "serving_eci": 1071676.0,
        "serving_pci": 393.0,
        "serving_earfcn": 40790.0,
        "p90_observation_spread_m": 487.54158757724724,
        "anomaly_gps_rows": 4,
        "sessions": 2,
        "max_priority": 81.17,
        "dominant_case": "radio_limited_degradation",
        "coverage_or_planning_review": true,
        "location_method": "median anomaly-observation GPS coordinate; approximate dashboard marker, not tower coordinate"
      }
    },
    {
      "type": "Feature",
      "geometry": {
        "type": "Point",
        "coordinates": [
          177.4441128,
          -17.7672191
        ]
      },
      "properties": {
        "serving_cell_key": "ECI:1066035.0",
        "serving_eci": 1066035.0,
        "serving_pci": 123.0,
        "serving_earfcn": 41186.0,
        "p90_observation_spread_m": 910.5762166714663,
        "anomaly_gps_rows": 11,
        "sessions": 3,
        "max_priority": 81.09,
        "dominant_case": "ca_underperformance",
        "coverage_or_planning_review": true,
        "location_method": "median anomaly-observation GPS coordinate; approximate dashboard marker, not tower coordinate"
      }
    },
    {
      "type": "Feature",
      "geometry": {
        "type": "Point",
        "coordinates": [
          177.3991435,
          -17.79633376
        ]
      },
      "properties": {
        "serving_cell_key": "ECI:1069127.0",
        "serving_eci": 1069127.0,
        "serving_pci": 140.0,
        "serving_earfcn": 9310.0,
        "p90_observation_spread_m": 76.04223594553605,
        "anomaly_gps_rows": 3,
        "sessions": 1,
        "max_priority": 81.05,
        "dominant_case": "radio_limited_degradation",
        "coverage_or_planning_review": true,
        "location_method": "median anomaly-observation GPS coordinate; approximate dashboard marker, not tower coordinate"
      }
    },
    {
      "type": "Feature",
      "geometry": {
        "type": "Point",
        "coordinates": [
          177.4513521,
          -17.7611943
        ]
      },
      "properties": {
        "serving_cell_key": "ECI:1070868.0",
        "serving_eci": 1070868.0,
        "serving_pci": 348.0,
        "serving_earfcn": 500.0,
        "p90_observation_spread_m": 0.0,
        "anomaly_gps_rows": 1,
        "sessions": 1,
        "max_priority": 80.98,
        "dominant_case": "temporal_local_drop",
        "coverage_or_planning_review": false,
        "location_method": "median anomaly-observation GPS coordinate; approximate dashboard marker, not tower coordinate"
      }
    },
    {
      "type": "Feature",
      "geometry": {
        "type": "Point",
        "coordinates": [
          177.41785714,
          -17.7996838
        ]
      },
      "properties": {
        "serving_cell_key": "ECI:1064767.0",
        "serving_eci": 1064767.0,
        "serving_pci": 147.0,
        "serving_earfcn": 40988.0,
        "p90_observation_spread_m": 548.6546327777022,
        "anomaly_gps_rows": 7,
        "sessions": 4,
        "max_priority": 80.97,
        "dominant_case": "ca_underperformance",
        "coverage_or_planning_review": true,
        "location_method": "median anomaly-observation GPS coordinate; approximate dashboard marker, not tower coordinate"
      }
    },
    {
      "type": "Feature",
      "geometry": {
        "type": "Point",
        "coordinates": [
          177.42265347,
          -17.79294239
        ]
      },
      "properties": {
        "serving_cell_key": "ECI:1065503.0",
        "serving_eci": 1065503.0,
        "serving_pci": 147.0,
        "serving_earfcn": 40790.0,
        "p90_observation_spread_m": 0.0,
        "anomaly_gps_rows": 1,
        "sessions": 1,
        "max_priority": 80.9,
        "dominant_case": "radio_limited_degradation",
        "coverage_or_planning_review": true,
        "location_method": "median anomaly-observation GPS coordinate; approximate dashboard marker, not tower coordinate"
      }
    },
    {
      "type": "Feature",
      "geometry": {
        "type": "Point",
        "coordinates": [
          177.4531034,
          -17.63019589
        ]
      },
      "properties": {
        "serving_cell_key": "ECI:1079101.0",
        "serving_eci": 1079101.0,
        "serving_pci": 170.0,
        "serving_earfcn": 40790.0,
        "p90_observation_spread_m": 267.7392804044259,
        "anomaly_gps_rows": 3,
        "sessions": 2,
        "max_priority": 80.89,
        "dominant_case": "ca_underperformance",
        "coverage_or_planning_review": true,
        "location_method": "median anomaly-observation GPS coordinate; approximate dashboard marker, not tower coordinate"
      }
    },
    {
      "type": "Feature",
      "geometry": {
        "type": "Point",
        "coordinates": [
          177.4317315,
          -17.6418683
        ]
      },
      "properties": {
        "serving_cell_key": "ECI:1082679.0",
        "serving_eci": 1082679.0,
        "serving_pci": 16.0,
        "serving_earfcn": 40790.0,
        "p90_observation_spread_m": 0.0,
        "anomaly_gps_rows": 1,
        "sessions": 1,
        "max_priority": 80.88,
        "dominant_case": "ca_underperformance",
        "coverage_or_planning_review": false,
        "location_method": "median anomaly-observation GPS coordinate; approximate dashboard marker, not tower coordinate"
      }
    },
    {
      "type": "Feature",
      "geometry": {
        "type": "Point",
        "coordinates": [
          177.4570066,
          -17.63402194
        ]
      },
      "properties": {
        "serving_cell_key": "ECI:1077815.0",
        "serving_eci": 1077815.0,
        "serving_pci": 167.0,
        "serving_earfcn": 41384.0,
        "p90_observation_spread_m": 624.5804066972407,
        "anomaly_gps_rows": 3,
        "sessions": 2,
        "max_priority": 80.85,
        "dominant_case": "ca_underperformance",
        "coverage_or_planning_review": true,
        "location_method": "median anomaly-observation GPS coordinate; approximate dashboard marker, not tower coordinate"
      }
    },
    {
      "type": "Feature",
      "geometry": {
        "type": "Point",
        "coordinates": [
          177.42824837,
          -17.78486397
        ]
      },
      "properties": {
        "serving_cell_key": "ECI:1067828.0",
        "serving_eci": 1067828.0,
        "serving_pci": 127.0,
        "serving_earfcn": 41186.0,
        "p90_observation_spread_m": 21.83283970776513,
        "anomaly_gps_rows": 5,
        "sessions": 1,
        "max_priority": 80.84,
        "dominant_case": "radio_limited_degradation",
        "coverage_or_planning_review": true,
        "location_method": "median anomaly-observation GPS coordinate; approximate dashboard marker, not tower coordinate"
      }
    },
    {
      "type": "Feature",
      "geometry": {
        "type": "Point",
        "coordinates": [
          177.4528822,
          -17.8008812
        ]
      },
      "properties": {
        "serving_cell_key": "ECI:1073212.0",
        "serving_eci": 1073212.0,
        "serving_pci": 470.0,
        "serving_earfcn": 40790.0,
        "p90_observation_spread_m": 0.0,
        "anomaly_gps_rows": 1,
        "sessions": 1,
        "max_priority": 80.81,
        "dominant_case": "radio_limited_degradation",
        "coverage_or_planning_review": true,
        "location_method": "median anomaly-observation GPS coordinate; approximate dashboard marker, not tower coordinate"
      }
    },
    {
      "type": "Feature",
      "geometry": {
        "type": "Point",
        "coordinates": [
          177.3955936,
          -17.8159711
        ]
      },
      "properties": {
        "serving_cell_key": "EARFCN:40790.0|PCI:288.0",
        "serving_eci": null,
        "serving_pci": 288.0,
        "serving_earfcn": 40790.0,
        "p90_observation_spread_m": 0.0,
        "anomaly_gps_rows": 1,
        "sessions": 1,
        "max_priority": 80.75,
        "dominant_case": "ca_underperformance",
        "coverage_or_planning_review": false,
        "location_method": "median anomaly-observation GPS coordinate; approximate dashboard marker, not tower coordinate"
      }
    },
    {
      "type": "Feature",
      "geometry": {
        "type": "Point",
        "coordinates": [
          177.465556975,
          -17.625531195
        ]
      },
      "properties": {
        "serving_cell_key": "ECI:3638805.0",
        "serving_eci": 3638805.0,
        "serving_pci": 251.0,
        "serving_earfcn": 500.0,
        "p90_observation_spread_m": 3.7240835465357005,
        "anomaly_gps_rows": 2,
        "sessions": 1,
        "max_priority": 80.74,
        "dominant_case": "radio_limited_degradation",
        "coverage_or_planning_review": true,
        "location_method": "median anomaly-observation GPS coordinate; approximate dashboard marker, not tower coordinate"
      }
    },
    {
      "type": "Feature",
      "geometry": {
        "type": "Point",
        "coordinates": [
          177.40739706,
          -17.796832
        ]
      },
      "properties": {
        "serving_cell_key": "ECI:1065268.0",
        "serving_eci": 1065268.0,
        "serving_pci": 146.0,
        "serving_earfcn": 41186.0,
        "p90_observation_spread_m": 32.07660141054618,
        "anomaly_gps_rows": 41,
        "sessions": 3,
        "max_priority": 80.73,
        "dominant_case": "radio_limited_degradation",
        "coverage_or_planning_review": true,
        "location_method": "median anomaly-observation GPS coordinate; approximate dashboard marker, not tower coordinate"
      }
    },
    {
      "type": "Feature",
      "geometry": {
        "type": "Point",
        "coordinates": [
          177.46335923,
          -17.7556717
        ]
      },
      "properties": {
        "serving_cell_key": "ECI:1072190.0",
        "serving_eci": 1072190.0,
        "serving_pci": 448.0,
        "serving_earfcn": 40790.0,
        "p90_observation_spread_m": 0.0,
        "anomaly_gps_rows": 1,
        "sessions": 1,
        "max_priority": 80.67,
        "dominant_case": "temporal_local_drop",
        "coverage_or_planning_review": false,
        "location_method": "median anomaly-observation GPS coordinate; approximate dashboard marker, not tower coordinate"
      }
    },
    {
      "type": "Feature",
      "geometry": {
        "type": "Point",
        "coordinates": [
          177.3973336,
          -17.678627
        ]
      },
      "properties": {
        "serving_cell_key": "ECI:1079367.0",
        "serving_eci": 1079367.0,
        "serving_pci": 318.0,
        "serving_earfcn": 9310.0,
        "p90_observation_spread_m": 41.716109697968434,
        "anomaly_gps_rows": 8,
        "sessions": 2,
        "max_priority": 80.59,
        "dominant_case": "ca_underperformance",
        "coverage_or_planning_review": true,
        "location_method": "median anomaly-observation GPS coordinate; approximate dashboard marker, not tower coordinate"
      }
    },
    {
      "type": "Feature",
      "geometry": {
        "type": "Point",
        "coordinates": [
          177.44729012,
          -17.76493678
        ]
      },
      "properties": {
        "serving_cell_key": "EARFCN:41186.0|PCI:124.0",
        "serving_eci": null,
        "serving_pci": 124.0,
        "serving_earfcn": 41186.0,
        "p90_observation_spread_m": 0.0,
        "anomaly_gps_rows": 1,
        "sessions": 1,
        "max_priority": 80.59,
        "dominant_case": "temporal_local_drop",
        "coverage_or_planning_review": false,
        "location_method": "median anomaly-observation GPS coordinate; approximate dashboard marker, not tower coordinate"
      }
    },
    {
      "type": "Feature",
      "geometry": {
        "type": "Point",
        "coordinates": [
          177.4164726,
          -17.80145055
        ]
      },
      "properties": {
        "serving_cell_key": "ECI:1064757.0",
        "serving_eci": 1064757.0,
        "serving_pci": 147.0,
        "serving_earfcn": 41384.0,
        "p90_observation_spread_m": 656.7894586969043,
        "anomaly_gps_rows": 8,
        "sessions": 4,
        "max_priority": 80.51,
        "dominant_case": "ca_underperformance",
        "coverage_or_planning_review": true,
        "location_method": "median anomaly-observation GPS coordinate; approximate dashboard marker, not tower coordinate"
      }
    },
    {
      "type": "Feature",
      "geometry": {
        "type": "Point",
        "coordinates": [
          177.45730559,
          -17.757116605
        ]
      },
      "properties": {
        "serving_cell_key": "ECI:1072183.0",
        "serving_eci": 1072183.0,
        "serving_pci": 448.0,
        "serving_earfcn": 41384.0,
        "p90_observation_spread_m": 462.42822311755714,
        "anomaly_gps_rows": 8,
        "sessions": 3,
        "max_priority": 80.44,
        "dominant_case": "ca_underperformance",
        "coverage_or_planning_review": true,
        "location_method": "median anomaly-observation GPS coordinate; approximate dashboard marker, not tower coordinate"
      }
    },
    {
      "type": "Feature",
      "geometry": {
        "type": "Point",
        "coordinates": [
          177.4757767,
          -17.63079455
        ]
      },
      "properties": {
        "serving_cell_key": "ECI:1080627.0",
        "serving_eci": 1080627.0,
        "serving_pci": 352.0,
        "serving_earfcn": 41186.0,
        "p90_observation_spread_m": 82.69078425366244,
        "anomaly_gps_rows": 5,
        "sessions": 1,
        "max_priority": 80.4,
        "dominant_case": "ca_underperformance",
        "coverage_or_planning_review": true,
        "location_method": "median anomaly-observation GPS coordinate; approximate dashboard marker, not tower coordinate"
      }
    },
    {
      "type": "Feature",
      "geometry": {
        "type": "Point",
        "coordinates": [
          177.45159717,
          -17.79999334
        ]
      },
      "properties": {
        "serving_cell_key": "ECI:1073215.0",
        "serving_eci": 1073215.0,
        "serving_pci": 429.0,
        "serving_earfcn": 40988.0,
        "p90_observation_spread_m": 0.0,
        "anomaly_gps_rows": 1,
        "sessions": 1,
        "max_priority": 80.37,
        "dominant_case": "ca_underperformance",
        "coverage_or_planning_review": false,
        "location_method": "median anomaly-observation GPS coordinate; approximate dashboard marker, not tower coordinate"
      }
    },
    {
      "type": "Feature",
      "geometry": {
        "type": "Point",
        "coordinates": [
          177.46377827,
          -17.62752269
        ]
      },
      "properties": {
        "serving_cell_key": "ECI:3638808.0",
        "serving_eci": 3638808.0,
        "serving_pci": 254.0,
        "serving_earfcn": 500.0,
        "p90_observation_spread_m": 28.695715083836316,
        "anomaly_gps_rows": 2,
        "sessions": 1,
        "max_priority": 80.28,
        "dominant_case": "radio_limited_degradation",
        "coverage_or_planning_review": true,
        "location_method": "median anomaly-observation GPS coordinate; approximate dashboard marker, not tower coordinate"
      }
    },
    {
      "type": "Feature",
      "geometry": {
        "type": "Point",
        "coordinates": [
          177.46434756000002,
          -17.617239984999998
        ]
      },
      "properties": {
        "serving_cell_key": "ECI:3638837.0",
        "serving_eci": 3638837.0,
        "serving_pci": 253.0,
        "serving_earfcn": 40988.0,
        "p90_observation_spread_m": 373.0491256348804,
        "anomaly_gps_rows": 16,
        "sessions": 4,
        "max_priority": 80.24,
        "dominant_case": "radio_limited_degradation",
        "coverage_or_planning_review": true,
        "location_method": "median anomaly-observation GPS coordinate; approximate dashboard marker, not tower coordinate"
      }
    },
    {
      "type": "Feature",
      "geometry": {
        "type": "Point",
        "coordinates": [
          177.46493477,
          -17.761993955
        ]
      },
      "properties": {
        "serving_cell_key": "ECI:3631420.0",
        "serving_eci": 3631420.0,
        "serving_pci": 210.0,
        "serving_earfcn": 41186.0,
        "p90_observation_spread_m": 196.86650327777596,
        "anomaly_gps_rows": 4,
        "sessions": 1,
        "max_priority": 80.17,
        "dominant_case": "radio_limited_degradation",
        "coverage_or_planning_review": true,
        "location_method": "median anomaly-observation GPS coordinate; approximate dashboard marker, not tower coordinate"
      }
    },
    {
      "type": "Feature",
      "geometry": {
        "type": "Point",
        "coordinates": [
          177.40515626500002,
          -17.66054737
        ]
      },
      "properties": {
        "serving_cell_key": "ECI:1081416.0",
        "serving_eci": 1081416.0,
        "serving_pci": 320.0,
        "serving_earfcn": 9310.0,
        "p90_observation_spread_m": 11.583346202451462,
        "anomaly_gps_rows": 2,
        "sessions": 1,
        "max_priority": 80.16,
        "dominant_case": "ca_underperformance",
        "coverage_or_planning_review": true,
        "location_method": "median anomaly-observation GPS coordinate; approximate dashboard marker, not tower coordinate"
      }
    },
    {
      "type": "Feature",
      "geometry": {
        "type": "Point",
        "coordinates": [
          177.3955937,
          -17.8159711
        ]
      },
      "properties": {
        "serving_cell_key": "ECI:1064509.0",
        "serving_eci": 1064509.0,
        "serving_pci": 288.0,
        "serving_earfcn": 40790.0,
        "p90_observation_spread_m": 0.015352927855225991,
        "anomaly_gps_rows": 7,
        "sessions": 2,
        "max_priority": 80.15,
        "dominant_case": "ca_underperformance",
        "coverage_or_planning_review": true,
        "location_method": "median anomaly-observation GPS coordinate; approximate dashboard marker, not tower coordinate"
      }
    },
    {
      "type": "Feature",
      "geometry": {
        "type": "Point",
        "coordinates": [
          177.42265347,
          -17.7929424
        ]
      },
      "properties": {
        "serving_cell_key": "ECI:1064764.0",
        "serving_eci": 1064764.0,
        "serving_pci": 147.0,
        "serving_earfcn": 40790.0,
        "p90_observation_spread_m": 0.16003908619078766,
        "anomaly_gps_rows": 3,
        "sessions": 1,
        "max_priority": 80.15,
        "dominant_case": "ca_underperformance",
        "coverage_or_planning_review": true,
        "location_method": "median anomaly-observation GPS coordinate; approximate dashboard marker, not tower coordinate"
      }
    },
    {
      "type": "Feature",
      "geometry": {
        "type": "Point",
        "coordinates": [
          177.435689225,
          -17.77007313
        ]
      },
      "properties": {
        "serving_cell_key": "ECI:1067041.0",
        "serving_eci": 1067041.0,
        "serving_pci": 339.0,
        "serving_earfcn": 1850.0,
        "p90_observation_spread_m": 271.50748268930334,
        "anomaly_gps_rows": 4,
        "sessions": 2,
        "max_priority": 80.14,
        "dominant_case": "radio_limited_degradation",
        "coverage_or_planning_review": true,
        "location_method": "median anomaly-observation GPS coordinate; approximate dashboard marker, not tower coordinate"
      }
    },
    {
      "type": "Feature",
      "geometry": {
        "type": "Point",
        "coordinates": [
          177.46271489,
          -17.62795746
        ]
      },
      "properties": {
        "serving_cell_key": "ECI:3640343.0",
        "serving_eci": 3640343.0,
        "serving_pci": 273.0,
        "serving_earfcn": 500.0,
        "p90_observation_spread_m": 0.0,
        "anomaly_gps_rows": 1,
        "sessions": 1,
        "max_priority": 80.12,
        "dominant_case": "radio_limited_degradation",
        "coverage_or_planning_review": true,
        "location_method": "median anomaly-observation GPS coordinate; approximate dashboard marker, not tower coordinate"
      }
    },
    {
      "type": "Feature",
      "geometry": {
        "type": "Point",
        "coordinates": [
          177.43176749,
          -17.8057622
        ]
      },
      "properties": {
        "serving_cell_key": "ECI:1071666.0",
        "serving_eci": 1071666.0,
        "serving_pci": 393.0,
        "serving_earfcn": 41186.0,
        "p90_observation_spread_m": 892.7741130379741,
        "anomaly_gps_rows": 7,
        "sessions": 3,
        "max_priority": 80.09,
        "dominant_case": "radio_limited_degradation",
        "coverage_or_planning_review": true,
        "location_method": "median anomaly-observation GPS coordinate; approximate dashboard marker, not tower coordinate"
      }
    },
    {
      "type": "Feature",
      "geometry": {
        "type": "Point",
        "coordinates": [
          177.423989385,
          -17.776643125
        ]
      },
      "properties": {
        "serving_cell_key": "ECI:1067213.0",
        "serving_eci": 1067213.0,
        "serving_pci": 341.0,
        "serving_earfcn": 356.0,
        "p90_observation_spread_m": 173.23022823605012,
        "anomaly_gps_rows": 4,
        "sessions": 1,
        "max_priority": 80.06,
        "dominant_case": "temporal_local_drop",
        "coverage_or_planning_review": false,
        "location_method": "median anomaly-observation GPS coordinate; approximate dashboard marker, not tower coordinate"
      }
    },
    {
      "type": "Feature",
      "geometry": {
        "type": "Point",
        "coordinates": [
          177.44092195000002,
          -17.7637151
        ]
      },
      "properties": {
        "serving_cell_key": "ECI:1068749.0",
        "serving_eci": 1068749.0,
        "serving_pci": 402.0,
        "serving_earfcn": 356.0,
        "p90_observation_spread_m": 98.88328924879266,
        "anomaly_gps_rows": 10,
        "sessions": 2,
        "max_priority": 79.85,
        "dominant_case": "radio_limited_degradation",
        "coverage_or_planning_review": true,
        "location_method": "median anomaly-observation GPS coordinate; approximate dashboard marker, not tower coordinate"
      }
    },
    {
      "type": "Feature",
      "geometry": {
        "type": "Point",
        "coordinates": [
          177.453455295,
          -17.612150595
        ]
      },
      "properties": {
        "serving_cell_key": "ECI:1082166.0",
        "serving_eci": 1082166.0,
        "serving_pci": 140.0,
        "serving_earfcn": 41384.0,
        "p90_observation_spread_m": 550.6980967732347,
        "anomaly_gps_rows": 12,
        "sessions": 5,
        "max_priority": 79.8,
        "dominant_case": "ca_underperformance",
        "coverage_or_planning_review": true,
        "location_method": "median anomaly-observation GPS coordinate; approximate dashboard marker, not tower coordinate"
      }
    },
    {
      "type": "Feature",
      "geometry": {
        "type": "Point",
        "coordinates": [
          177.475201515,
          -17.637671695
        ]
      },
      "properties": {
        "serving_cell_key": "ECI:3636032.0",
        "serving_eci": 3636032.0,
        "serving_pci": 231.0,
        "serving_earfcn": 41384.0,
        "p90_observation_spread_m": 140.10874901083824,
        "anomaly_gps_rows": 8,
        "sessions": 1,
        "max_priority": 79.8,
        "dominant_case": "radio_limited_degradation",
        "coverage_or_planning_review": true,
        "location_method": "median anomaly-observation GPS coordinate; approximate dashboard marker, not tower coordinate"
      }
    },
    {
      "type": "Feature",
      "geometry": {
        "type": "Point",
        "coordinates": [
          177.46088456,
          -17.62510636
        ]
      },
      "properties": {
        "serving_cell_key": "ECI:3635989.0",
        "serving_eci": 3635989.0,
        "serving_pci": 231.0,
        "serving_earfcn": 500.0,
        "p90_observation_spread_m": 459.6402801098671,
        "anomaly_gps_rows": 7,
        "sessions": 2,
        "max_priority": 79.68,
        "dominant_case": "radio_limited_degradation",
        "coverage_or_planning_review": true,
        "location_method": "median anomaly-observation GPS coordinate; approximate dashboard marker, not tower coordinate"
      }
    },
    {
      "type": "Feature",
      "geometry": {
        "type": "Point",
        "coordinates": [
          177.43488444000002,
          -17.8130697
        ]
      },
      "properties": {
        "serving_cell_key": "ECI:1071687.0",
        "serving_eci": 1071687.0,
        "serving_pci": 395.0,
        "serving_earfcn": 9310.0,
        "p90_observation_spread_m": 97.3832159237672,
        "anomaly_gps_rows": 12,
        "sessions": 2,
        "max_priority": 79.6,
        "dominant_case": "ca_underperformance",
        "coverage_or_planning_review": true,
        "location_method": "median anomaly-observation GPS coordinate; approximate dashboard marker, not tower coordinate"
      }
    },
    {
      "type": "Feature",
      "geometry": {
        "type": "Point",
        "coordinates": [
          177.40784535,
          -17.79706099
        ]
      },
      "properties": {
        "serving_cell_key": "ECI:1065286.0",
        "serving_eci": 1065286.0,
        "serving_pci": 140.0,
        "serving_earfcn": 500.0,
        "p90_observation_spread_m": 110.55287428020638,
        "anomaly_gps_rows": 2,
        "sessions": 2,
        "max_priority": 79.49,
        "dominant_case": "ca_underperformance",
        "coverage_or_planning_review": true,
        "location_method": "median anomaly-observation GPS coordinate; approximate dashboard marker, not tower coordinate"
      }
    },
    {
      "type": "Feature",
      "geometry": {
        "type": "Point",
        "coordinates": [
          177.39541892,
          -17.81614814
        ]
      },
      "properties": {
        "serving_cell_key": "ECI:1067553.0",
        "serving_eci": 1067553.0,
        "serving_pci": 351.0,
        "serving_earfcn": 1850.0,
        "p90_observation_spread_m": 221.7398590949055,
        "anomaly_gps_rows": 9,
        "sessions": 3,
        "max_priority": 79.42,
        "dominant_case": "radio_limited_degradation",
        "coverage_or_planning_review": true,
        "location_method": "median anomaly-observation GPS coordinate; approximate dashboard marker, not tower coordinate"
      }
    },
    {
      "type": "Feature",
      "geometry": {
        "type": "Point",
        "coordinates": [
          177.437867515,
          -17.813936155
        ]
      },
      "properties": {
        "serving_cell_key": "ECI:1070110.0",
        "serving_eci": 1070110.0,
        "serving_pci": 332.0,
        "serving_earfcn": 1850.0,
        "p90_observation_spread_m": 282.4670164160835,
        "anomaly_gps_rows": 10,
        "sessions": 3,
        "max_priority": 79.41,
        "dominant_case": "ca_underperformance",
        "coverage_or_planning_review": true,
        "location_method": "median anomaly-observation GPS coordinate; approximate dashboard marker, not tower coordinate"
      }
    },
    {
      "type": "Feature",
      "geometry": {
        "type": "Point",
        "coordinates": [
          177.43949785,
          -17.631057149999997
        ]
      },
      "properties": {
        "serving_cell_key": "ECI:3642885.0",
        "serving_eci": 3642885.0,
        "serving_pci": 315.0,
        "serving_earfcn": 1850.0,
        "p90_observation_spread_m": 24.239469432603045,
        "anomaly_gps_rows": 4,
        "sessions": 1,
        "max_priority": 79.37,
        "dominant_case": "radio_limited_degradation",
        "coverage_or_planning_review": true,
        "location_method": "median anomaly-observation GPS coordinate; approximate dashboard marker, not tower coordinate"
      }
    },
    {
      "type": "Feature",
      "geometry": {
        "type": "Point",
        "coordinates": [
          177.436788305,
          -17.79541948
        ]
      },
      "properties": {
        "serving_cell_key": "ECI:1073214.0",
        "serving_eci": 1073214.0,
        "serving_pci": 148.0,
        "serving_earfcn": 40790.0,
        "p90_observation_spread_m": 7.669319336043104,
        "anomaly_gps_rows": 2,
        "sessions": 1,
        "max_priority": 79.35,
        "dominant_case": "ca_underperformance",
        "coverage_or_planning_review": true,
        "location_method": "median anomaly-observation GPS coordinate; approximate dashboard marker, not tower coordinate"
      }
    },
    {
      "type": "Feature",
      "geometry": {
        "type": "Point",
        "coordinates": [
          177.41614007,
          -17.78778973
        ]
      },
      "properties": {
        "serving_cell_key": "ECI:1073724.0",
        "serving_eci": 1073724.0,
        "serving_pci": 361.0,
        "serving_earfcn": 40790.0,
        "p90_observation_spread_m": 0.0,
        "anomaly_gps_rows": 1,
        "sessions": 1,
        "max_priority": 79.28,
        "dominant_case": "radio_limited_degradation",
        "coverage_or_planning_review": true,
        "location_method": "median anomaly-observation GPS coordinate; approximate dashboard marker, not tower coordinate"
      }
    },
    {
      "type": "Feature",
      "geometry": {
        "type": "Point",
        "coordinates": [
          177.447838525,
          -17.796731010000002
        ]
      },
      "properties": {
        "serving_cell_key": "ECI:1073216.0",
        "serving_eci": 1073216.0,
        "serving_pci": 430.0,
        "serving_earfcn": 40988.0,
        "p90_observation_spread_m": 521.8466924467868,
        "anomaly_gps_rows": 4,
        "sessions": 2,
        "max_priority": 79.28,
        "dominant_case": "ca_underperformance",
        "coverage_or_planning_review": true,
        "location_method": "median anomaly-observation GPS coordinate; approximate dashboard marker, not tower coordinate"
      }
    },
    {
      "type": "Feature",
      "geometry": {
        "type": "Point",
        "coordinates": [
          177.40686048999999,
          -17.80976815
        ]
      },
      "properties": {
        "serving_cell_key": "ECI:1064906.0",
        "serving_eci": 1064906.0,
        "serving_pci": 311.0,
        "serving_earfcn": 500.0,
        "p90_observation_spread_m": 6.792232608425536,
        "anomaly_gps_rows": 2,
        "sessions": 1,
        "max_priority": 79.27,
        "dominant_case": "radio_limited_degradation",
        "coverage_or_planning_review": true,
        "location_method": "median anomaly-observation GPS coordinate; approximate dashboard marker, not tower coordinate"
      }
    },
    {
      "type": "Feature",
      "geometry": {
        "type": "Point",
        "coordinates": [
          177.42177494999999,
          -17.6408387
        ]
      },
      "properties": {
        "serving_cell_key": "ECI:1081652.0",
        "serving_eci": 1081652.0,
        "serving_pci": 356.0,
        "serving_earfcn": 41186.0,
        "p90_observation_spread_m": 1095.2509517186825,
        "anomaly_gps_rows": 12,
        "sessions": 3,
        "max_priority": 79.22,
        "dominant_case": "ca_underperformance",
        "coverage_or_planning_review": false,
        "location_method": "median anomaly-observation GPS coordinate; approximate dashboard marker, not tower coordinate"
      }
    },
    {
      "type": "Feature",
      "geometry": {
        "type": "Point",
        "coordinates": [
          177.450778065,
          -17.641285664999998
        ]
      },
      "properties": {
        "serving_cell_key": "ECI:1077814.0",
        "serving_eci": 1077814.0,
        "serving_pci": 378.0,
        "serving_earfcn": 500.0,
        "p90_observation_spread_m": 5.060011619222544,
        "anomaly_gps_rows": 2,
        "sessions": 1,
        "max_priority": 79.12,
        "dominant_case": "temporal_local_drop",
        "coverage_or_planning_review": false,
        "location_method": "median anomaly-observation GPS coordinate; approximate dashboard marker, not tower coordinate"
      }
    },
    {
      "type": "Feature",
      "geometry": {
        "type": "Point",
        "coordinates": [
          177.442454,
          -17.6280651
        ]
      },
      "properties": {
        "serving_cell_key": "ECI:1079185.0",
        "serving_eci": 1079185.0,
        "serving_pci": 385.0,
        "serving_earfcn": 41384.0,
        "p90_observation_spread_m": 270.18374393418054,
        "anomaly_gps_rows": 21,
        "sessions": 3,
        "max_priority": 79.08,
        "dominant_case": "ca_underperformance",
        "coverage_or_planning_review": true,
        "location_method": "median anomaly-observation GPS coordinate; approximate dashboard marker, not tower coordinate"
      }
    },
    {
      "type": "Feature",
      "geometry": {
        "type": "Point",
        "coordinates": [
          177.40066415,
          -17.79651594
        ]
      },
      "properties": {
        "serving_cell_key": "ECI:1067590.0",
        "serving_eci": 1067590.0,
        "serving_pci": 140.0,
        "serving_earfcn": 356.0,
        "p90_observation_spread_m": 422.27917455261945,
        "anomaly_gps_rows": 3,
        "sessions": 2,
        "max_priority": 79.07,
        "dominant_case": "radio_limited_degradation",
        "coverage_or_planning_review": true,
        "location_method": "median anomaly-observation GPS coordinate; approximate dashboard marker, not tower coordinate"
      }
    },
    {
      "type": "Feature",
      "geometry": {
        "type": "Point",
        "coordinates": [
          177.45241501499999,
          -17.62933808
        ]
      },
      "properties": {
        "serving_cell_key": "ECI:1077822.0",
        "serving_eci": 1077822.0,
        "serving_pci": 167.0,
        "serving_earfcn": 40790.0,
        "p90_observation_spread_m": 199.85304833941143,
        "anomaly_gps_rows": 10,
        "sessions": 2,
        "max_priority": 79.05,
        "dominant_case": "ca_underperformance",
        "coverage_or_planning_review": true,
        "location_method": "median anomaly-observation GPS coordinate; approximate dashboard marker, not tower coordinate"
      }
    },
    {
      "type": "Feature",
      "geometry": {
        "type": "Point",
        "coordinates": [
          177.45295056,
          -17.6057022
        ]
      },
      "properties": {
        "serving_cell_key": "ECI:1076788.0",
        "serving_eci": 1076788.0,
        "serving_pci": 183.0,
        "serving_earfcn": 41186.0,
        "p90_observation_spread_m": 423.9526860145542,
        "anomaly_gps_rows": 7,
        "sessions": 2,
        "max_priority": 79.04,
        "dominant_case": "radio_limited_degradation",
        "coverage_or_planning_review": true,
        "location_method": "median anomaly-observation GPS coordinate; approximate dashboard marker, not tower coordinate"
      }
    },
    {
      "type": "Feature",
      "geometry": {
        "type": "Point",
        "coordinates": [
          177.4309774,
          -17.7771136
        ]
      },
      "properties": {
        "serving_cell_key": "ECI:1067032.0",
        "serving_eci": 1067032.0,
        "serving_pci": 131.0,
        "serving_earfcn": 356.0,
        "p90_observation_spread_m": 155.19136746864604,
        "anomaly_gps_rows": 3,
        "sessions": 2,
        "max_priority": 79.01,
        "dominant_case": "ca_underperformance",
        "coverage_or_planning_review": true,
        "location_method": "median anomaly-observation GPS coordinate; approximate dashboard marker, not tower coordinate"
      }
    },
    {
      "type": "Feature",
      "geometry": {
        "type": "Point",
        "coordinates": [
          177.3751776,
          -17.77489575
        ]
      },
      "properties": {
        "serving_cell_key": "EARFCN:40988.0|PCI:158.0",
        "serving_eci": null,
        "serving_pci": 158.0,
        "serving_earfcn": 40988.0,
        "p90_observation_spread_m": 82.65367095507985,
        "anomaly_gps_rows": 2,
        "sessions": 2,
        "max_priority": 78.87,
        "dominant_case": "temporal_local_drop",
        "coverage_or_planning_review": false,
        "location_method": "median anomaly-observation GPS coordinate; approximate dashboard marker, not tower coordinate"
      }
    },
    {
      "type": "Feature",
      "geometry": {
        "type": "Point",
        "coordinates": [
          177.4569063,
          -17.6285503
        ]
      },
      "properties": {
        "serving_cell_key": "ECI:3640345.0",
        "serving_eci": 3640345.0,
        "serving_pci": 275.0,
        "serving_earfcn": 500.0,
        "p90_observation_spread_m": 0.0,
        "anomaly_gps_rows": 1,
        "sessions": 1,
        "max_priority": 78.84,
        "dominant_case": "radio_limited_degradation",
        "coverage_or_planning_review": true,
        "location_method": "median anomaly-observation GPS coordinate; approximate dashboard marker, not tower coordinate"
      }
    },
    {
      "type": "Feature",
      "geometry": {
        "type": "Point",
        "coordinates": [
          177.45411454,
          -17.778821835000002
        ]
      },
      "properties": {
        "serving_cell_key": "ECI:1067840.0",
        "serving_eci": 1067840.0,
        "serving_pci": 126.0,
        "serving_earfcn": 40988.0,
        "p90_observation_spread_m": 12.189513065782192,
        "anomaly_gps_rows": 2,
        "sessions": 1,
        "max_priority": 78.83,
        "dominant_case": "temporal_local_drop",
        "coverage_or_planning_review": false,
        "location_method": "median anomaly-observation GPS coordinate; approximate dashboard marker, not tower coordinate"
      }
    },
    {
      "type": "Feature",
      "geometry": {
        "type": "Point",
        "coordinates": [
          177.4591665,
          -17.6044417
        ]
      },
      "properties": {
        "serving_cell_key": "ECI:1076806.0",
        "serving_eci": 1076806.0,
        "serving_pci": 184.0,
        "serving_earfcn": 356.0,
        "p90_observation_spread_m": 0.0,
        "anomaly_gps_rows": 1,
        "sessions": 1,
        "max_priority": 78.82,
        "dominant_case": "radio_limited_degradation",
        "coverage_or_planning_review": true,
        "location_method": "median anomaly-observation GPS coordinate; approximate dashboard marker, not tower coordinate"
      }
    },
    {
      "type": "Feature",
      "geometry": {
        "type": "Point",
        "coordinates": [
          177.4423812,
          -17.6276262
        ]
      },
      "properties": {
        "serving_cell_key": "ECI:1079606.0",
        "serving_eci": 1079606.0,
        "serving_pci": 385.0,
        "serving_earfcn": 41384.0,
        "p90_observation_spread_m": 277.37747238585274,
        "anomaly_gps_rows": 3,
        "sessions": 2,
        "max_priority": 78.77,
        "dominant_case": "radio_limited_degradation",
        "coverage_or_planning_review": true,
        "location_method": "median anomaly-observation GPS coordinate; approximate dashboard marker, not tower coordinate"
      }
    },
    {
      "type": "Feature",
      "geometry": {
        "type": "Point",
        "coordinates": [
          177.44373462,
          -17.62521634
        ]
      },
      "properties": {
        "serving_cell_key": "ECI:1079075.0",
        "serving_eci": 1079075.0,
        "serving_pci": 385.0,
        "serving_earfcn": 1850.0,
        "p90_observation_spread_m": 283.1546801093259,
        "anomaly_gps_rows": 5,
        "sessions": 1,
        "max_priority": 78.77,
        "dominant_case": "ca_underperformance",
        "coverage_or_planning_review": true,
        "location_method": "median anomaly-observation GPS coordinate; approximate dashboard marker, not tower coordinate"
      }
    },
    {
      "type": "Feature",
      "geometry": {
        "type": "Point",
        "coordinates": [
          177.4352746,
          -17.7961834
        ]
      },
      "properties": {
        "serving_cell_key": "ECI:1064774.0",
        "serving_eci": 1064774.0,
        "serving_pci": 147.0,
        "serving_earfcn": 9310.0,
        "p90_observation_spread_m": 0.0,
        "anomaly_gps_rows": 1,
        "sessions": 1,
        "max_priority": 78.71,
        "dominant_case": "radio_limited_degradation",
        "coverage_or_planning_review": true,
        "location_method": "median anomaly-observation GPS coordinate; approximate dashboard marker, not tower coordinate"
      }
    },
    {
      "type": "Feature",
      "geometry": {
        "type": "Point",
        "coordinates": [
          177.44687145,
          -17.61852485
        ]
      },
      "properties": {
        "serving_cell_key": "ECI:1079083.0",
        "serving_eci": 1079083.0,
        "serving_pci": 383.0,
        "serving_earfcn": 40988.0,
        "p90_observation_spread_m": 263.0508028469632,
        "anomaly_gps_rows": 6,
        "sessions": 1,
        "max_priority": 78.65,
        "dominant_case": "ca_underperformance",
        "coverage_or_planning_review": true,
        "location_method": "median anomaly-observation GPS coordinate; approximate dashboard marker, not tower coordinate"
      }
    },
    {
      "type": "Feature",
      "geometry": {
        "type": "Point",
        "coordinates": [
          177.44671507,
          -17.6163984
        ]
      },
      "properties": {
        "serving_cell_key": "ECI:1079093.0",
        "serving_eci": 1079093.0,
        "serving_pci": 232.0,
        "serving_earfcn": 41384.0,
        "p90_observation_spread_m": 254.49926280119954,
        "anomaly_gps_rows": 5,
        "sessions": 2,
        "max_priority": 78.53,
        "dominant_case": "radio_limited_degradation",
        "coverage_or_planning_review": true,
        "location_method": "median anomaly-observation GPS coordinate; approximate dashboard marker, not tower coordinate"
      }
    },
    {
      "type": "Feature",
      "geometry": {
        "type": "Point",
        "coordinates": [
          177.42586384,
          -17.78755693
        ]
      },
      "properties": {
        "serving_cell_key": "ECI:1065523.0",
        "serving_eci": 1065523.0,
        "serving_pci": 133.0,
        "serving_earfcn": 41186.0,
        "p90_observation_spread_m": 19.1171516095606,
        "anomaly_gps_rows": 4,
        "sessions": 1,
        "max_priority": 78.51,
        "dominant_case": "ca_underperformance",
        "coverage_or_planning_review": false,
        "location_method": "median anomaly-observation GPS coordinate; approximate dashboard marker, not tower coordinate"
      }
    },
    {
      "type": "Feature",
      "geometry": {
        "type": "Point",
        "coordinates": [
          177.4608863,
          -17.627794845
        ]
      },
      "properties": {
        "serving_cell_key": "ECI:3638839.0",
        "serving_eci": 3638839.0,
        "serving_pci": 255.0,
        "serving_earfcn": 40988.0,
        "p90_observation_spread_m": 68.10016370295683,
        "anomaly_gps_rows": 4,
        "sessions": 2,
        "max_priority": 78.5,
        "dominant_case": "temporal_local_drop",
        "coverage_or_planning_review": false,
        "location_method": "median anomaly-observation GPS coordinate; approximate dashboard marker, not tower coordinate"
      }
    },
    {
      "type": "Feature",
      "geometry": {
        "type": "Point",
        "coordinates": [
          177.43879985,
          -17.631298700000002
        ]
      },
      "properties": {
        "serving_cell_key": "ECI:1079242.0",
        "serving_eci": 1079242.0,
        "serving_pci": 385.0,
        "serving_earfcn": 500.0,
        "p90_observation_spread_m": 35.56069581007458,
        "anomaly_gps_rows": 8,
        "sessions": 1,
        "max_priority": 78.44,
        "dominant_case": "ca_underperformance",
        "coverage_or_planning_review": true,
        "location_method": "median anomaly-observation GPS coordinate; approximate dashboard marker, not tower coordinate"
      }
    },
    {
      "type": "Feature",
      "geometry": {
        "type": "Point",
        "coordinates": [
          177.4003228,
          -17.73764685
        ]
      },
      "properties": {
        "serving_cell_key": "ECI:1066812.0",
        "serving_eci": 1066812.0,
        "serving_pci": 157.0,
        "serving_earfcn": 40790.0,
        "p90_observation_spread_m": 5302.674877156048,
        "anomaly_gps_rows": 4,
        "sessions": 2,
        "max_priority": 78.4,
        "dominant_case": "radio_limited_degradation",
        "coverage_or_planning_review": true,
        "location_method": "median anomaly-observation GPS coordinate; approximate dashboard marker, not tower coordinate"
      }
    },
    {
      "type": "Feature",
      "geometry": {
        "type": "Point",
        "coordinates": [
          177.4880761,
          -17.7797854
        ]
      },
      "properties": {
        "serving_cell_key": "ECI:1070366.0",
        "serving_eci": 1070366.0,
        "serving_pci": 333.0,
        "serving_earfcn": 1850.0,
        "p90_observation_spread_m": 856.8534102513037,
        "anomaly_gps_rows": 7,
        "sessions": 3,
        "max_priority": 78.37,
        "dominant_case": "radio_limited_degradation",
        "coverage_or_planning_review": true,
        "location_method": "median anomaly-observation GPS coordinate; approximate dashboard marker, not tower coordinate"
      }
    },
    {
      "type": "Feature",
      "geometry": {
        "type": "Point",
        "coordinates": [
          177.4406962,
          -17.76403305
        ]
      },
      "properties": {
        "serving_cell_key": "ECI:1069342.0",
        "serving_eci": 1069342.0,
        "serving_pci": 136.0,
        "serving_earfcn": 1850.0,
        "p90_observation_spread_m": 31.46079884017785,
        "anomaly_gps_rows": 3,
        "sessions": 2,
        "max_priority": 78.32,
        "dominant_case": "radio_limited_degradation",
        "coverage_or_planning_review": true,
        "location_method": "median anomaly-observation GPS coordinate; approximate dashboard marker, not tower coordinate"
      }
    },
    {
      "type": "Feature",
      "geometry": {
        "type": "Point",
        "coordinates": [
          177.4579555,
          -17.6115308
        ]
      },
      "properties": {
        "serving_cell_key": "ECI:1082163.0",
        "serving_eci": 1082163.0,
        "serving_pci": 140.0,
        "serving_earfcn": 41186.0,
        "p90_observation_spread_m": 870.428341023016,
        "anomaly_gps_rows": 7,
        "sessions": 5,
        "max_priority": 78.29,
        "dominant_case": "ca_underperformance",
        "coverage_or_planning_review": true,
        "location_method": "median anomaly-observation GPS coordinate; approximate dashboard marker, not tower coordinate"
      }
    },
    {
      "type": "Feature",
      "geometry": {
        "type": "Point",
        "coordinates": [
          177.45928142,
          -17.6044668
        ]
      },
      "properties": {
        "serving_cell_key": "ECI:1076759.0",
        "serving_eci": 1076759.0,
        "serving_pci": 184.0,
        "serving_earfcn": 356.0,
        "p90_observation_spread_m": 17.495750706087485,
        "anomaly_gps_rows": 3,
        "sessions": 1,
        "max_priority": 78.26,
        "dominant_case": "radio_limited_degradation",
        "coverage_or_planning_review": true,
        "location_method": "median anomaly-observation GPS coordinate; approximate dashboard marker, not tower coordinate"
      }
    },
    {
      "type": "Feature",
      "geometry": {
        "type": "Point",
        "coordinates": [
          177.45245448499998,
          -17.80039362
        ]
      },
      "properties": {
        "serving_cell_key": "ECI:3631411.0",
        "serving_eci": 3631411.0,
        "serving_pci": 211.0,
        "serving_earfcn": 40790.0,
        "p90_observation_spread_m": 0.035617846688947206,
        "anomaly_gps_rows": 2,
        "sessions": 1,
        "max_priority": 78.2,
        "dominant_case": "radio_limited_degradation",
        "coverage_or_planning_review": true,
        "location_method": "median anomaly-observation GPS coordinate; approximate dashboard marker, not tower coordinate"
      }
    },
    {
      "type": "Feature",
      "geometry": {
        "type": "Point",
        "coordinates": [
          177.449771825,
          -17.798512045000003
        ]
      },
      "properties": {
        "serving_cell_key": "ECI:1065023.0",
        "serving_eci": 1065023.0,
        "serving_pci": 470.0,
        "serving_earfcn": 40988.0,
        "p90_observation_spread_m": 186.29930618610442,
        "anomaly_gps_rows": 2,
        "sessions": 1,
        "max_priority": 78.18,
        "dominant_case": "ca_underperformance",
        "coverage_or_planning_review": true,
        "location_method": "median anomaly-observation GPS coordinate; approximate dashboard marker, not tower coordinate"
      }
    },
    {
      "type": "Feature",
      "geometry": {
        "type": "Point",
        "coordinates": [
          177.4875485,
          -17.769947
        ]
      },
      "properties": {
        "serving_cell_key": "ECI:1073460.0",
        "serving_eci": 1073460.0,
        "serving_pci": 82.0,
        "serving_earfcn": 41186.0,
        "p90_observation_spread_m": 34.57954461854886,
        "anomaly_gps_rows": 7,
        "sessions": 1,
        "max_priority": 78.12,
        "dominant_case": "ca_underperformance",
        "coverage_or_planning_review": true,
        "location_method": "median anomaly-observation GPS coordinate; approximate dashboard marker, not tower coordinate"
      }
    },
    {
      "type": "Feature",
      "geometry": {
        "type": "Point",
        "coordinates": [
          177.45378178,
          -17.61333
        ]
      },
      "properties": {
        "serving_cell_key": "ECI:1079183.0",
        "serving_eci": 1079183.0,
        "serving_pci": 140.0,
        "serving_earfcn": 41384.0,
        "p90_observation_spread_m": 608.9433936262446,
        "anomaly_gps_rows": 3,
        "sessions": 2,
        "max_priority": 77.67,
        "dominant_case": "ca_underperformance",
        "coverage_or_planning_review": false,
        "location_method": "median anomaly-observation GPS coordinate; approximate dashboard marker, not tower coordinate"
      }
    },
    {
      "type": "Feature",
      "geometry": {
        "type": "Point",
        "coordinates": [
          177.44550514999997,
          -17.7574964
        ]
      },
      "properties": {
        "serving_cell_key": "ECI:1066311.0",
        "serving_eci": 1066311.0,
        "serving_pci": 487.0,
        "serving_earfcn": 9310.0,
        "p90_observation_spread_m": 1615.4941690024418,
        "anomaly_gps_rows": 6,
        "sessions": 3,
        "max_priority": 77.64,
        "dominant_case": "ca_underperformance",
        "coverage_or_planning_review": true,
        "location_method": "median anomaly-observation GPS coordinate; approximate dashboard marker, not tower coordinate"
      }
    },
    {
      "type": "Feature",
      "geometry": {
        "type": "Point",
        "coordinates": [
          177.45666655000002,
          -17.75890175
        ]
      },
      "properties": {
        "serving_cell_key": "ECI:3631422.0",
        "serving_eci": 3631422.0,
        "serving_pci": 212.0,
        "serving_earfcn": 41186.0,
        "p90_observation_spread_m": 435.2504956942981,
        "anomaly_gps_rows": 4,
        "sessions": 2,
        "max_priority": 77.62,
        "dominant_case": "ca_underperformance",
        "coverage_or_planning_review": true,
        "location_method": "median anomaly-observation GPS coordinate; approximate dashboard marker, not tower coordinate"
      }
    },
    {
      "type": "Feature",
      "geometry": {
        "type": "Point",
        "coordinates": [
          177.4408895,
          -17.7637315
        ]
      },
      "properties": {
        "serving_cell_key": "ECI:1069372.0",
        "serving_eci": 1069372.0,
        "serving_pci": 136.0,
        "serving_earfcn": 40790.0,
        "p90_observation_spread_m": 0.0,
        "anomaly_gps_rows": 1,
        "sessions": 1,
        "max_priority": 77.6,
        "dominant_case": "radio_limited_degradation",
        "coverage_or_planning_review": true,
        "location_method": "median anomaly-observation GPS coordinate; approximate dashboard marker, not tower coordinate"
      }
    },
    {
      "type": "Feature",
      "geometry": {
        "type": "Point",
        "coordinates": [
          177.4623641,
          -17.6266592
        ]
      },
      "properties": {
        "serving_cell_key": "ECI:3638806.0",
        "serving_eci": 3638806.0,
        "serving_pci": 252.0,
        "serving_earfcn": 500.0,
        "p90_observation_spread_m": 0.0,
        "anomaly_gps_rows": 1,
        "sessions": 1,
        "max_priority": 77.42,
        "dominant_case": "radio_limited_degradation",
        "coverage_or_planning_review": true,
        "location_method": "median anomaly-observation GPS coordinate; approximate dashboard marker, not tower coordinate"
      }
    },
    {
      "type": "Feature",
      "geometry": {
        "type": "Point",
        "coordinates": [
          177.37721433,
          -17.77742094
        ]
      },
      "properties": {
        "serving_cell_key": "ECI:1066813.0",
        "serving_eci": 1066813.0,
        "serving_pci": 158.0,
        "serving_earfcn": 40790.0,
        "p90_observation_spread_m": 45.454147801716076,
        "anomaly_gps_rows": 5,
        "sessions": 1,
        "max_priority": 77.34,
        "dominant_case": "radio_limited_degradation",
        "coverage_or_planning_review": true,
        "location_method": "median anomaly-observation GPS coordinate; approximate dashboard marker, not tower coordinate"
      }
    },
    {
      "type": "Feature",
      "geometry": {
        "type": "Point",
        "coordinates": [
          177.41498325,
          -17.7890066
        ]
      },
      "properties": {
        "serving_cell_key": "ECI:1069377.0",
        "serving_eci": 1069377.0,
        "serving_pci": 137.0,
        "serving_earfcn": 40988.0,
        "p90_observation_spread_m": 6.313097276637886,
        "anomaly_gps_rows": 2,
        "sessions": 1,
        "max_priority": 77.3,
        "dominant_case": "radio_limited_degradation",
        "coverage_or_planning_review": true,
        "location_method": "median anomaly-observation GPS coordinate; approximate dashboard marker, not tower coordinate"
      }
    },
    {
      "type": "Feature",
      "geometry": {
        "type": "Point",
        "coordinates": [
          177.47820704,
          -17.63559176
        ]
      },
      "properties": {
        "serving_cell_key": "ECI:1077964.0",
        "serving_eci": 1077964.0,
        "serving_pci": 377.0,
        "serving_earfcn": 356.0,
        "p90_observation_spread_m": 406.6183566049484,
        "anomaly_gps_rows": 5,
        "sessions": 2,
        "max_priority": 77.29,
        "dominant_case": "radio_limited_degradation",
        "coverage_or_planning_review": true,
        "location_method": "median anomaly-observation GPS coordinate; approximate dashboard marker, not tower coordinate"
      }
    },
    {
      "type": "Feature",
      "geometry": {
        "type": "Point",
        "coordinates": [
          177.45542658,
          -17.63702856
        ]
      },
      "properties": {
        "serving_cell_key": "ECI:1077823.0",
        "serving_eci": 1077823.0,
        "serving_pci": 165.0,
        "serving_earfcn": 40988.0,
        "p90_observation_spread_m": 23.287857010667018,
        "anomaly_gps_rows": 3,
        "sessions": 1,
        "max_priority": 77.26,
        "dominant_case": "ca_underperformance",
        "coverage_or_planning_review": true,
        "location_method": "median anomaly-observation GPS coordinate; approximate dashboard marker, not tower coordinate"
      }
    },
    {
      "type": "Feature",
      "geometry": {
        "type": "Point",
        "coordinates": [
          177.45102521500002,
          -17.603209055
        ]
      },
      "properties": {
        "serving_cell_key": "ECI:1076787.0",
        "serving_eci": 1076787.0,
        "serving_pci": 185.0,
        "serving_earfcn": 41186.0,
        "p90_observation_spread_m": 46.39919339087331,
        "anomaly_gps_rows": 4,
        "sessions": 1,
        "max_priority": 77.24,
        "dominant_case": "temporal_local_drop",
        "coverage_or_planning_review": false,
        "location_method": "median anomaly-observation GPS coordinate; approximate dashboard marker, not tower coordinate"
      }
    },
    {
      "type": "Feature",
      "geometry": {
        "type": "Point",
        "coordinates": [
          177.42981733,
          -17.70032345
        ]
      },
      "properties": {
        "serving_cell_key": "ECI:1075521.0",
        "serving_eci": 1075521.0,
        "serving_pci": 316.0,
        "serving_earfcn": 40988.0,
        "p90_observation_spread_m": 0.0,
        "anomaly_gps_rows": 1,
        "sessions": 1,
        "max_priority": 77.11,
        "dominant_case": "temporal_local_drop",
        "coverage_or_planning_review": false,
        "location_method": "median anomaly-observation GPS coordinate; approximate dashboard marker, not tower coordinate"
      }
    },
    {
      "type": "Feature",
      "geometry": {
        "type": "Point",
        "coordinates": [
          177.461329125,
          -17.76145075
        ]
      },
      "properties": {
        "serving_cell_key": "ECI:3631432.0",
        "serving_eci": 3631432.0,
        "serving_pci": 212.0,
        "serving_earfcn": 9310.0,
        "p90_observation_spread_m": 409.27497306744976,
        "anomaly_gps_rows": 4,
        "sessions": 2,
        "max_priority": 76.95,
        "dominant_case": "radio_limited_degradation",
        "coverage_or_planning_review": true,
        "location_method": "median anomaly-observation GPS coordinate; approximate dashboard marker, not tower coordinate"
      }
    },
    {
      "type": "Feature",
      "geometry": {
        "type": "Point",
        "coordinates": [
          177.4892468,
          -17.7820418
        ]
      },
      "properties": {
        "serving_cell_key": "ECI:1070356.0",
        "serving_eci": 1070356.0,
        "serving_pci": 333.0,
        "serving_earfcn": 500.0,
        "p90_observation_spread_m": 0.0,
        "anomaly_gps_rows": 1,
        "sessions": 1,
        "max_priority": 76.91,
        "dominant_case": "temporal_local_drop",
        "coverage_or_planning_review": false,
        "location_method": "median anomaly-observation GPS coordinate; approximate dashboard marker, not tower coordinate"
      }
    },
    {
      "type": "Feature",
      "geometry": {
        "type": "Point",
        "coordinates": [
          177.43933176,
          -17.76525243
        ]
      },
      "properties": {
        "serving_cell_key": "ECI:1067208.0",
        "serving_eci": 1067208.0,
        "serving_pci": 339.0,
        "serving_earfcn": 500.0,
        "p90_observation_spread_m": 0.0,
        "anomaly_gps_rows": 1,
        "sessions": 1,
        "max_priority": 76.82,
        "dominant_case": "ca_underperformance",
        "coverage_or_planning_review": false,
        "location_method": "median anomaly-observation GPS coordinate; approximate dashboard marker, not tower coordinate"
      }
    },
    {
      "type": "Feature",
      "geometry": {
        "type": "Point",
        "coordinates": [
          177.46469915,
          -17.7644477
        ]
      },
      "properties": {
        "serving_cell_key": "ECI:1068852.0",
        "serving_eci": 1068852.0,
        "serving_pci": 112.0,
        "serving_earfcn": 41186.0,
        "p90_observation_spread_m": 294.32338001119484,
        "anomaly_gps_rows": 9,
        "sessions": 2,
        "max_priority": 76.8,
        "dominant_case": "radio_limited_degradation",
        "coverage_or_planning_review": true,
        "location_method": "median anomaly-observation GPS coordinate; approximate dashboard marker, not tower coordinate"
      }
    },
    {
      "type": "Feature",
      "geometry": {
        "type": "Point",
        "coordinates": [
          177.3955371,
          -17.8160388
        ]
      },
      "properties": {
        "serving_cell_key": "EARFCN:500.0|PCI:351.0",
        "serving_eci": null,
        "serving_pci": 351.0,
        "serving_earfcn": 500.0,
        "p90_observation_spread_m": 0.0,
        "anomaly_gps_rows": 1,
        "sessions": 1,
        "max_priority": 76.76,
        "dominant_case": "radio_limited_degradation",
        "coverage_or_planning_review": true,
        "location_method": "median anomaly-observation GPS coordinate; approximate dashboard marker, not tower coordinate"
      }
    },
    {
      "type": "Feature",
      "geometry": {
        "type": "Point",
        "coordinates": [
          177.473228205,
          -17.63812407
        ]
      },
      "properties": {
        "serving_cell_key": "ECI:1080647.0",
        "serving_eci": 1080647.0,
        "serving_pci": 352.0,
        "serving_earfcn": 356.0,
        "p90_observation_spread_m": 0.021416645704515447,
        "anomaly_gps_rows": 2,
        "sessions": 1,
        "max_priority": 76.76,
        "dominant_case": "radio_limited_degradation",
        "coverage_or_planning_review": true,
        "location_method": "median anomaly-observation GPS coordinate; approximate dashboard marker, not tower coordinate"
      }
    },
    {
      "type": "Feature",
      "geometry": {
        "type": "Point",
        "coordinates": [
          177.4742335,
          -17.76791935
        ]
      },
      "properties": {
        "serving_cell_key": "ECI:1068855.0",
        "serving_eci": 1068855.0,
        "serving_pci": 111.0,
        "serving_earfcn": 41384.0,
        "p90_observation_spread_m": 4.681436695932349,
        "anomaly_gps_rows": 2,
        "sessions": 1,
        "max_priority": 76.74,
        "dominant_case": "ca_underperformance",
        "coverage_or_planning_review": false,
        "location_method": "median anomaly-observation GPS coordinate; approximate dashboard marker, not tower coordinate"
      }
    },
    {
      "type": "Feature",
      "geometry": {
        "type": "Point",
        "coordinates": [
          177.3955936,
          -17.8159712
        ]
      },
      "properties": {
        "serving_cell_key": "ECI:1065280.0",
        "serving_eci": 1065280.0,
        "serving_pci": 145.0,
        "serving_earfcn": 40988.0,
        "p90_observation_spread_m": 0.0,
        "anomaly_gps_rows": 2,
        "sessions": 1,
        "max_priority": 76.7,
        "dominant_case": "ca_underperformance",
        "coverage_or_planning_review": false,
        "location_method": "median anomaly-observation GPS coordinate; approximate dashboard marker, not tower coordinate"
      }
    },
    {
      "type": "Feature",
      "geometry": {
        "type": "Point",
        "coordinates": [
          177.4558251,
          -17.6059858
        ]
      },
      "properties": {
        "serving_cell_key": "EARFCN:500.0|PCI:197.0",
        "serving_eci": null,
        "serving_pci": 197.0,
        "serving_earfcn": 500.0,
        "p90_observation_spread_m": 0.0,
        "anomaly_gps_rows": 1,
        "sessions": 1,
        "max_priority": 76.64,
        "dominant_case": "temporal_local_drop",
        "coverage_or_planning_review": false,
        "location_method": "median anomaly-observation GPS coordinate; approximate dashboard marker, not tower coordinate"
      }
    },
    {
      "type": "Feature",
      "geometry": {
        "type": "Point",
        "coordinates": [
          177.40302152,
          -17.7967524
        ]
      },
      "properties": {
        "serving_cell_key": "EARFCN:9310.0|PCI:363.0",
        "serving_eci": null,
        "serving_pci": 363.0,
        "serving_earfcn": 9310.0,
        "p90_observation_spread_m": 0.0,
        "anomaly_gps_rows": 1,
        "sessions": 1,
        "max_priority": 76.61,
        "dominant_case": "radio_limited_degradation",
        "coverage_or_planning_review": true,
        "location_method": "median anomaly-observation GPS coordinate; approximate dashboard marker, not tower coordinate"
      }
    },
    {
      "type": "Feature",
      "geometry": {
        "type": "Point",
        "coordinates": [
          177.4415781,
          -17.7630481
        ]
      },
      "properties": {
        "serving_cell_key": "ECI:1069375.0",
        "serving_eci": 1069375.0,
        "serving_pci": 136.0,
        "serving_earfcn": 40988.0,
        "p90_observation_spread_m": 105.31675732139486,
        "anomaly_gps_rows": 5,
        "sessions": 2,
        "max_priority": 76.6,
        "dominant_case": "ca_underperformance",
        "coverage_or_planning_review": true,
        "location_method": "median anomaly-observation GPS coordinate; approximate dashboard marker, not tower coordinate"
      }
    },
    {
      "type": "Feature",
      "geometry": {
        "type": "Point",
        "coordinates": [
          177.42272083,
          -17.793079155
        ]
      },
      "properties": {
        "serving_cell_key": "ECI:1064737.0",
        "serving_eci": 1064737.0,
        "serving_pci": 309.0,
        "serving_earfcn": 1850.0,
        "p90_observation_spread_m": 254.79138801671783,
        "anomaly_gps_rows": 2,
        "sessions": 2,
        "max_priority": 76.58,
        "dominant_case": "radio_limited_degradation",
        "coverage_or_planning_review": true,
        "location_method": "median anomaly-observation GPS coordinate; approximate dashboard marker, not tower coordinate"
      }
    },
    {
      "type": "Feature",
      "geometry": {
        "type": "Point",
        "coordinates": [
          177.45288185,
          -17.80088095
        ]
      },
      "properties": {
        "serving_cell_key": "ECI:1073205.0",
        "serving_eci": 1073205.0,
        "serving_pci": 429.0,
        "serving_earfcn": 40790.0,
        "p90_observation_spread_m": 0.0,
        "anomaly_gps_rows": 1,
        "sessions": 1,
        "max_priority": 76.54,
        "dominant_case": "radio_limited_degradation",
        "coverage_or_planning_review": true,
        "location_method": "median anomaly-observation GPS coordinate; approximate dashboard marker, not tower coordinate"
      }
    },
    {
      "type": "Feature",
      "geometry": {
        "type": "Point",
        "coordinates": [
          177.4279408,
          -17.78625504
        ]
      },
      "properties": {
        "serving_cell_key": "ECI:1065502.0",
        "serving_eci": 1065502.0,
        "serving_pci": 134.0,
        "serving_earfcn": 1850.0,
        "p90_observation_spread_m": 82.04013115310318,
        "anomaly_gps_rows": 3,
        "sessions": 1,
        "max_priority": 76.5,
        "dominant_case": "ca_underperformance",
        "coverage_or_planning_review": true,
        "location_method": "median anomaly-observation GPS coordinate; approximate dashboard marker, not tower coordinate"
      }
    },
    {
      "type": "Feature",
      "geometry": {
        "type": "Point",
        "coordinates": [
          177.43303849,
          -17.77431971
        ]
      },
      "properties": {
        "serving_cell_key": "ECI:1067150.0",
        "serving_eci": 1067150.0,
        "serving_pci": 338.0,
        "serving_earfcn": 41186.0,
        "p90_observation_spread_m": 13.098757134937799,
        "anomaly_gps_rows": 3,
        "sessions": 1,
        "max_priority": 76.5,
        "dominant_case": "ca_underperformance",
        "coverage_or_planning_review": true,
        "location_method": "median anomaly-observation GPS coordinate; approximate dashboard marker, not tower coordinate"
      }
    },
    {
      "type": "Feature",
      "geometry": {
        "type": "Point",
        "coordinates": [
          177.4122346,
          -17.6902467
        ]
      },
      "properties": {
        "serving_cell_key": "ECI:1067080.0",
        "serving_eci": 1067080.0,
        "serving_pci": 488.0,
        "serving_earfcn": 9310.0,
        "p90_observation_spread_m": 7.648408193181912,
        "anomaly_gps_rows": 3,
        "sessions": 1,
        "max_priority": 76.49,
        "dominant_case": "radio_limited_degradation",
        "coverage_or_planning_review": true,
        "location_method": "median anomaly-observation GPS coordinate; approximate dashboard marker, not tower coordinate"
      }
    },
    {
      "type": "Feature",
      "geometry": {
        "type": "Point",
        "coordinates": [
          177.37738636,
          -17.77769017
        ]
      },
      "properties": {
        "serving_cell_key": "ECI:3623990.0",
        "serving_eci": 3623990.0,
        "serving_pci": 158.0,
        "serving_earfcn": 40988.0,
        "p90_observation_spread_m": 23.153153003208626,
        "anomaly_gps_rows": 5,
        "sessions": 1,
        "max_priority": 76.46,
        "dominant_case": "radio_limited_degradation",
        "coverage_or_planning_review": true,
        "location_method": "median anomaly-observation GPS coordinate; approximate dashboard marker, not tower coordinate"
      }
    },
    {
      "type": "Feature",
      "geometry": {
        "type": "Point",
        "coordinates": [
          177.45495261,
          -17.6115524
        ]
      },
      "properties": {
        "serving_cell_key": "ECI:1082173.0",
        "serving_eci": 1082173.0,
        "serving_pci": 140.0,
        "serving_earfcn": 40790.0,
        "p90_observation_spread_m": 592.7787659983143,
        "anomaly_gps_rows": 5,
        "sessions": 4,
        "max_priority": 76.43,
        "dominant_case": "ca_underperformance",
        "coverage_or_planning_review": false,
        "location_method": "median anomaly-observation GPS coordinate; approximate dashboard marker, not tower coordinate"
      }
    },
    {
      "type": "Feature",
      "geometry": {
        "type": "Point",
        "coordinates": [
          177.4588937,
          -17.7594612
        ]
      },
      "properties": {
        "serving_cell_key": "ECI:3625779.0",
        "serving_eci": 3625779.0,
        "serving_pci": 116.0,
        "serving_earfcn": 40790.0,
        "p90_observation_spread_m": 788.7930449707899,
        "anomaly_gps_rows": 3,
        "sessions": 3,
        "max_priority": 76.37,
        "dominant_case": "ca_underperformance",
        "coverage_or_planning_review": false,
        "location_method": "median anomaly-observation GPS coordinate; approximate dashboard marker, not tower coordinate"
      }
    },
    {
      "type": "Feature",
      "geometry": {
        "type": "Point",
        "coordinates": [
          177.455331555,
          -17.62192735
        ]
      },
      "properties": {
        "serving_cell_key": "ECI:3636029.0",
        "serving_eci": 3636029.0,
        "serving_pci": 231.0,
        "serving_earfcn": 41186.0,
        "p90_observation_spread_m": 676.0428610714371,
        "anomaly_gps_rows": 20,
        "sessions": 3,
        "max_priority": 76.35,
        "dominant_case": "ca_underperformance",
        "coverage_or_planning_review": true,
        "location_method": "median anomaly-observation GPS coordinate; approximate dashboard marker, not tower coordinate"
      }
    },
    {
      "type": "Feature",
      "geometry": {
        "type": "Point",
        "coordinates": [
          177.48806969999998,
          -17.7687467
        ]
      },
      "properties": {
        "serving_cell_key": "ECI:1073463.0",
        "serving_eci": 1073463.0,
        "serving_pci": 82.0,
        "serving_earfcn": 41384.0,
        "p90_observation_spread_m": 6.725064199821201,
        "anomaly_gps_rows": 2,
        "sessions": 1,
        "max_priority": 76.33,
        "dominant_case": "radio_limited_degradation",
        "coverage_or_planning_review": true,
        "location_method": "median anomaly-observation GPS coordinate; approximate dashboard marker, not tower coordinate"
      }
    },
    {
      "type": "Feature",
      "geometry": {
        "type": "Point",
        "coordinates": [
          177.44170807,
          -17.78877476
        ]
      },
      "properties": {
        "serving_cell_key": "ECI:1067152.0",
        "serving_eci": 1067152.0,
        "serving_pci": 340.0,
        "serving_earfcn": 41384.0,
        "p90_observation_spread_m": 1605.075612363176,
        "anomaly_gps_rows": 11,
        "sessions": 2,
        "max_priority": 76.27,
        "dominant_case": "radio_limited_degradation",
        "coverage_or_planning_review": true,
        "location_method": "median anomaly-observation GPS coordinate; approximate dashboard marker, not tower coordinate"
      }
    },
    {
      "type": "Feature",
      "geometry": {
        "type": "Point",
        "coordinates": [
          177.4876701,
          -17.7703756
        ]
      },
      "properties": {
        "serving_cell_key": "ECI:1073430.0",
        "serving_eci": 1073430.0,
        "serving_pci": 82.0,
        "serving_earfcn": 500.0,
        "p90_observation_spread_m": 93.61249976486617,
        "anomaly_gps_rows": 2,
        "sessions": 1,
        "max_priority": 76.26,
        "dominant_case": "radio_limited_degradation",
        "coverage_or_planning_review": true,
        "location_method": "median anomaly-observation GPS coordinate; approximate dashboard marker, not tower coordinate"
      }
    },
    {
      "type": "Feature",
      "geometry": {
        "type": "Point",
        "coordinates": [
          177.44097552,
          -17.76989182
        ]
      },
      "properties": {
        "serving_cell_key": "ECI:1067071.0",
        "serving_eci": 1067071.0,
        "serving_pci": 130.0,
        "serving_earfcn": 40988.0,
        "p90_observation_spread_m": 0.0,
        "anomaly_gps_rows": 1,
        "sessions": 1,
        "max_priority": 76.06,
        "dominant_case": "radio_limited_degradation",
        "coverage_or_planning_review": true,
        "location_method": "median anomaly-observation GPS coordinate; approximate dashboard marker, not tower coordinate"
      }
    },
    {
      "type": "Feature",
      "geometry": {
        "type": "Point",
        "coordinates": [
          177.440776085,
          -17.64830432
        ]
      },
      "properties": {
        "serving_cell_key": "ECI:1082684.0",
        "serving_eci": 1082684.0,
        "serving_pci": 355.0,
        "serving_earfcn": 40790.0,
        "p90_observation_spread_m": 25.02279900155529,
        "anomaly_gps_rows": 2,
        "sessions": 1,
        "max_priority": 76.05,
        "dominant_case": "ca_underperformance",
        "coverage_or_planning_review": false,
        "location_method": "median anomaly-observation GPS coordinate; approximate dashboard marker, not tower coordinate"
      }
    },
    {
      "type": "Feature",
      "geometry": {
        "type": "Point",
        "coordinates": [
          177.4489969,
          -17.62848225
        ]
      },
      "properties": {
        "serving_cell_key": "ECI:1079094.0",
        "serving_eci": 1079094.0,
        "serving_pci": 170.0,
        "serving_earfcn": 41384.0,
        "p90_observation_spread_m": 255.7016685328211,
        "anomaly_gps_rows": 3,
        "sessions": 1,
        "max_priority": 76.05,
        "dominant_case": "ca_underperformance",
        "coverage_or_planning_review": true,
        "location_method": "median anomaly-observation GPS coordinate; approximate dashboard marker, not tower coordinate"
      }
    },
    {
      "type": "Feature",
      "geometry": {
        "type": "Point",
        "coordinates": [
          177.4346003,
          -17.76844015
        ]
      },
      "properties": {
        "serving_cell_key": "ECI:1072408.0",
        "serving_eci": 1072408.0,
        "serving_pci": 395.0,
        "serving_earfcn": 356.0,
        "p90_observation_spread_m": 3.403752752439944,
        "anomaly_gps_rows": 2,
        "sessions": 1,
        "max_priority": 76.03,
        "dominant_case": "radio_limited_degradation",
        "coverage_or_planning_review": true,
        "location_method": "median anomaly-observation GPS coordinate; approximate dashboard marker, not tower coordinate"
      }
    },
    {
      "type": "Feature",
      "geometry": {
        "type": "Point",
        "coordinates": [
          177.4550022,
          -17.6027985
        ]
      },
      "properties": {
        "serving_cell_key": "EARFCN:41384.0|PCI:184.0",
        "serving_eci": null,
        "serving_pci": 184.0,
        "serving_earfcn": 41384.0,
        "p90_observation_spread_m": 0.0,
        "anomaly_gps_rows": 1,
        "sessions": 1,
        "max_priority": 75.86,
        "dominant_case": "temporal_local_drop",
        "coverage_or_planning_review": false,
        "location_method": "median anomaly-observation GPS coordinate; approximate dashboard marker, not tower coordinate"
      }
    },
    {
      "type": "Feature",
      "geometry": {
        "type": "Point",
        "coordinates": [
          177.43748755000001,
          -17.6305122
        ]
      },
      "properties": {
        "serving_cell_key": "ECI:1081663.0",
        "serving_eci": 1081663.0,
        "serving_pci": 354.0,
        "serving_earfcn": 40988.0,
        "p90_observation_spread_m": 7.07727550673313,
        "anomaly_gps_rows": 2,
        "sessions": 1,
        "max_priority": 75.84,
        "dominant_case": "ca_underperformance",
        "coverage_or_planning_review": false,
        "location_method": "median anomaly-observation GPS coordinate; approximate dashboard marker, not tower coordinate"
      }
    },
    {
      "type": "Feature",
      "geometry": {
        "type": "Point",
        "coordinates": [
          177.408700515,
          -17.797177095000002
        ]
      },
      "properties": {
        "serving_cell_key": "ECI:1065236.0",
        "serving_eci": 1065236.0,
        "serving_pci": 140.0,
        "serving_earfcn": 500.0,
        "p90_observation_spread_m": 6.823090395612683,
        "anomaly_gps_rows": 2,
        "sessions": 1,
        "max_priority": 75.74,
        "dominant_case": "ca_underperformance",
        "coverage_or_planning_review": true,
        "location_method": "median anomaly-observation GPS coordinate; approximate dashboard marker, not tower coordinate"
      }
    },
    {
      "type": "Feature",
      "geometry": {
        "type": "Point",
        "coordinates": [
          177.45074288,
          -17.60786333
        ]
      },
      "properties": {
        "serving_cell_key": "ECI:1082132.0",
        "serving_eci": 1082132.0,
        "serving_pci": 139.0,
        "serving_earfcn": 500.0,
        "p90_observation_spread_m": 0.12114193624661264,
        "anomaly_gps_rows": 3,
        "sessions": 1,
        "max_priority": 75.63,
        "dominant_case": "radio_limited_degradation",
        "coverage_or_planning_review": true,
        "location_method": "median anomaly-observation GPS coordinate; approximate dashboard marker, not tower coordinate"
      }
    },
    {
      "type": "Feature",
      "geometry": {
        "type": "Point",
        "coordinates": [
          177.390539365,
          -17.784740825
        ]
      },
      "properties": {
        "serving_cell_key": "ECI:3624000.0",
        "serving_eci": 3624000.0,
        "serving_pci": 138.0,
        "serving_earfcn": 1850.0,
        "p90_observation_spread_m": 38.720278725760934,
        "anomaly_gps_rows": 2,
        "sessions": 2,
        "max_priority": 75.23,
        "dominant_case": "radio_limited_degradation",
        "coverage_or_planning_review": true,
        "location_method": "median anomaly-observation GPS coordinate; approximate dashboard marker, not tower coordinate"
      }
    },
    {
      "type": "Feature",
      "geometry": {
        "type": "Point",
        "coordinates": [
          177.45008024999998,
          -17.6297731
        ]
      },
      "properties": {
        "serving_cell_key": "ECI:1079084.0",
        "serving_eci": 1079084.0,
        "serving_pci": 384.0,
        "serving_earfcn": 40988.0,
        "p90_observation_spread_m": 54.00693731391567,
        "anomaly_gps_rows": 4,
        "sessions": 1,
        "max_priority": 75.06,
        "dominant_case": "ca_underperformance",
        "coverage_or_planning_review": true,
        "location_method": "median anomaly-observation GPS coordinate; approximate dashboard marker, not tower coordinate"
      }
    },
    {
      "type": "Feature",
      "geometry": {
        "type": "Point",
        "coordinates": [
          177.4407711,
          -17.64830092
        ]
      },
      "properties": {
        "serving_cell_key": "ECI:1081661.0",
        "serving_eci": 1081661.0,
        "serving_pci": 355.0,
        "serving_earfcn": 40790.0,
        "p90_observation_spread_m": 14.350163768260842,
        "anomaly_gps_rows": 4,
        "sessions": 1,
        "max_priority": 74.94,
        "dominant_case": "ca_underperformance",
        "coverage_or_planning_review": false,
        "location_method": "median anomaly-observation GPS coordinate; approximate dashboard marker, not tower coordinate"
      }
    },
    {
      "type": "Feature",
      "geometry": {
        "type": "Point",
        "coordinates": [
          177.4677851,
          -17.7653865
        ]
      },
      "properties": {
        "serving_cell_key": "ECI:1067336.0",
        "serving_eci": 1067336.0,
        "serving_pci": 110.0,
        "serving_earfcn": 9310.0,
        "p90_observation_spread_m": 0.0,
        "anomaly_gps_rows": 1,
        "sessions": 1,
        "max_priority": 74.91,
        "dominant_case": "radio_limited_degradation",
        "coverage_or_planning_review": true,
        "location_method": "median anomaly-observation GPS coordinate; approximate dashboard marker, not tower coordinate"
      }
    },
    {
      "type": "Feature",
      "geometry": {
        "type": "Point",
        "coordinates": [
          177.439437,
          -17.654745855
        ]
      },
      "properties": {
        "serving_cell_key": "ECI:1078599.0",
        "serving_eci": 1078599.0,
        "serving_pci": 164.0,
        "serving_earfcn": 9310.0,
        "p90_observation_spread_m": 18.112669837815442,
        "anomaly_gps_rows": 4,
        "sessions": 1,
        "max_priority": 74.79,
        "dominant_case": "ca_underperformance",
        "coverage_or_planning_review": true,
        "location_method": "median anomaly-observation GPS coordinate; approximate dashboard marker, not tower coordinate"
      }
    },
    {
      "type": "Feature",
      "geometry": {
        "type": "Point",
        "coordinates": [
          177.4069989,
          -17.7968201
        ]
      },
      "properties": {
        "serving_cell_key": "EARFCN:40988.0|PCI:363.0",
        "serving_eci": null,
        "serving_pci": 363.0,
        "serving_earfcn": 40988.0,
        "p90_observation_spread_m": 0.0,
        "anomaly_gps_rows": 1,
        "sessions": 1,
        "max_priority": 74.7,
        "dominant_case": "ca_underperformance",
        "coverage_or_planning_review": false,
        "location_method": "median anomaly-observation GPS coordinate; approximate dashboard marker, not tower coordinate"
      }
    },
    {
      "type": "Feature",
      "geometry": {
        "type": "Point",
        "coordinates": [
          177.4586051,
          -17.7586794
        ]
      },
      "properties": {
        "serving_cell_key": "ECI:3625799.0",
        "serving_eci": 3625799.0,
        "serving_pci": 116.0,
        "serving_earfcn": 9310.0,
        "p90_observation_spread_m": 11.150869839821189,
        "anomaly_gps_rows": 5,
        "sessions": 1,
        "max_priority": 74.6,
        "dominant_case": "radio_limited_degradation",
        "coverage_or_planning_review": true,
        "location_method": "median anomaly-observation GPS coordinate; approximate dashboard marker, not tower coordinate"
      }
    },
    {
      "type": "Feature",
      "geometry": {
        "type": "Point",
        "coordinates": [
          177.436873545,
          -17.770818939999998
        ]
      },
      "properties": {
        "serving_cell_key": "ECI:1066015.0",
        "serving_eci": 1066015.0,
        "serving_pci": 123.0,
        "serving_earfcn": 1850.0,
        "p90_observation_spread_m": 17.30043209811347,
        "anomaly_gps_rows": 8,
        "sessions": 1,
        "max_priority": 74.47,
        "dominant_case": "radio_limited_degradation",
        "coverage_or_planning_review": true,
        "location_method": "median anomaly-observation GPS coordinate; approximate dashboard marker, not tower coordinate"
      }
    },
    {
      "type": "Feature",
      "geometry": {
        "type": "Point",
        "coordinates": [
          177.43232329,
          -17.64298451
        ]
      },
      "properties": {
        "serving_cell_key": "ECI:1081654.0",
        "serving_eci": 1081654.0,
        "serving_pci": 355.0,
        "serving_earfcn": 41384.0,
        "p90_observation_spread_m": 1025.9661583966717,
        "anomaly_gps_rows": 7,
        "sessions": 2,
        "max_priority": 74.44,
        "dominant_case": "ca_underperformance",
        "coverage_or_planning_review": true,
        "location_method": "median anomaly-observation GPS coordinate; approximate dashboard marker, not tower coordinate"
      }
    },
    {
      "type": "Feature",
      "geometry": {
        "type": "Point",
        "coordinates": [
          177.4632084,
          -17.61603827
        ]
      },
      "properties": {
        "serving_cell_key": "ECI:1076289.0",
        "serving_eci": 1076289.0,
        "serving_pci": 179.0,
        "serving_earfcn": 40988.0,
        "p90_observation_spread_m": 333.35584329640074,
        "anomaly_gps_rows": 11,
        "sessions": 4,
        "max_priority": 74.33,
        "dominant_case": "radio_limited_degradation",
        "coverage_or_planning_review": true,
        "location_method": "median anomaly-observation GPS coordinate; approximate dashboard marker, not tower coordinate"
      }
    },
    {
      "type": "Feature",
      "geometry": {
        "type": "Point",
        "coordinates": [
          177.46402146,
          -17.76427784
        ]
      },
      "properties": {
        "serving_cell_key": "ECI:1067296.0",
        "serving_eci": 1067296.0,
        "serving_pci": 110.0,
        "serving_earfcn": 1850.0,
        "p90_observation_spread_m": 1254.8353753415458,
        "anomaly_gps_rows": 5,
        "sessions": 3,
        "max_priority": 74.29,
        "dominant_case": "ca_underperformance",
        "coverage_or_planning_review": true,
        "location_method": "median anomaly-observation GPS coordinate; approximate dashboard marker, not tower coordinate"
      }
    },
    {
      "type": "Feature",
      "geometry": {
        "type": "Point",
        "coordinates": [
          177.46061282,
          -17.63662421
        ]
      },
      "properties": {
        "serving_cell_key": "ECI:3640371.0",
        "serving_eci": 3640371.0,
        "serving_pci": 271.0,
        "serving_earfcn": 40790.0,
        "p90_observation_spread_m": 360.348042566064,
        "anomaly_gps_rows": 4,
        "sessions": 2,
        "max_priority": 74.11,
        "dominant_case": "radio_limited_degradation",
        "coverage_or_planning_review": true,
        "location_method": "median anomaly-observation GPS coordinate; approximate dashboard marker, not tower coordinate"
      }
    },
    {
      "type": "Feature",
      "geometry": {
        "type": "Point",
        "coordinates": [
          177.43152093,
          -17.63786908
        ]
      },
      "properties": {
        "serving_cell_key": "ECI:1081631.0",
        "serving_eci": 1081631.0,
        "serving_pci": 355.0,
        "serving_earfcn": 1850.0,
        "p90_observation_spread_m": 208.10796157971663,
        "anomaly_gps_rows": 5,
        "sessions": 1,
        "max_priority": 74.01,
        "dominant_case": "radio_limited_degradation",
        "coverage_or_planning_review": true,
        "location_method": "median anomaly-observation GPS coordinate; approximate dashboard marker, not tower coordinate"
      }
    },
    {
      "type": "Feature",
      "geometry": {
        "type": "Point",
        "coordinates": [
          177.3867214,
          -17.7827109
        ]
      },
      "properties": {
        "serving_cell_key": "ECI:1066783.0",
        "serving_eci": 1066783.0,
        "serving_pci": 157.0,
        "serving_earfcn": 40790.0,
        "p90_observation_spread_m": 0.0,
        "anomaly_gps_rows": 1,
        "sessions": 1,
        "max_priority": 74.0,
        "dominant_case": "radio_limited_degradation",
        "coverage_or_planning_review": true,
        "location_method": "median anomaly-observation GPS coordinate; approximate dashboard marker, not tower coordinate"
      }
    },
    {
      "type": "Feature",
      "geometry": {
        "type": "Point",
        "coordinates": [
          177.4171899,
          -17.7996823
        ]
      },
      "properties": {
        "serving_cell_key": "ECI:1073728.0",
        "serving_eci": 1073728.0,
        "serving_pci": 147.0,
        "serving_earfcn": 40988.0,
        "p90_observation_spread_m": 218.15055409970478,
        "anomaly_gps_rows": 3,
        "sessions": 2,
        "max_priority": 73.83,
        "dominant_case": "ca_underperformance",
        "coverage_or_planning_review": false,
        "location_method": "median anomaly-observation GPS coordinate; approximate dashboard marker, not tower coordinate"
      }
    },
    {
      "type": "Feature",
      "geometry": {
        "type": "Point",
        "coordinates": [
          177.4164459,
          -17.7988778
        ]
      },
      "properties": {
        "serving_cell_key": "ECI:1065281.0",
        "serving_eci": 1065281.0,
        "serving_pci": 146.0,
        "serving_earfcn": 40988.0,
        "p90_observation_spread_m": 0.0,
        "anomaly_gps_rows": 1,
        "sessions": 1,
        "max_priority": 73.83,
        "dominant_case": "radio_limited_degradation",
        "coverage_or_planning_review": true,
        "location_method": "median anomaly-observation GPS coordinate; approximate dashboard marker, not tower coordinate"
      }
    },
    {
      "type": "Feature",
      "geometry": {
        "type": "Point",
        "coordinates": [
          177.4519317,
          -17.60382833
        ]
      },
      "properties": {
        "serving_cell_key": "ECI:1076790.0",
        "serving_eci": 1076790.0,
        "serving_pci": 185.0,
        "serving_earfcn": 41384.0,
        "p90_observation_spread_m": 51.09767203215163,
        "anomaly_gps_rows": 3,
        "sessions": 2,
        "max_priority": 73.71,
        "dominant_case": "radio_limited_degradation",
        "coverage_or_planning_review": true,
        "location_method": "median anomaly-observation GPS coordinate; approximate dashboard marker, not tower coordinate"
      }
    },
    {
      "type": "Feature",
      "geometry": {
        "type": "Point",
        "coordinates": [
          177.4369324,
          -17.8149826
        ]
      },
      "properties": {
        "serving_cell_key": "ECI:1070100.0",
        "serving_eci": 1070100.0,
        "serving_pci": 332.0,
        "serving_earfcn": 500.0,
        "p90_observation_spread_m": 327.63774210965164,
        "anomaly_gps_rows": 7,
        "sessions": 2,
        "max_priority": 73.7,
        "dominant_case": "ca_underperformance",
        "coverage_or_planning_review": true,
        "location_method": "median anomaly-observation GPS coordinate; approximate dashboard marker, not tower coordinate"
      }
    },
    {
      "type": "Feature",
      "geometry": {
        "type": "Point",
        "coordinates": [
          177.43293295,
          -17.62746415
        ]
      },
      "properties": {
        "serving_cell_key": "ECI:1079624.0",
        "serving_eci": 1079624.0,
        "serving_pci": 346.0,
        "serving_earfcn": 9310.0,
        "p90_observation_spread_m": 0.5183857667432386,
        "anomaly_gps_rows": 2,
        "sessions": 1,
        "max_priority": 73.66,
        "dominant_case": "ca_underperformance",
        "coverage_or_planning_review": false,
        "location_method": "median anomaly-observation GPS coordinate; approximate dashboard marker, not tower coordinate"
      }
    },
    {
      "type": "Feature",
      "geometry": {
        "type": "Point",
        "coordinates": [
          177.43206251,
          -17.80810749
        ]
      },
      "properties": {
        "serving_cell_key": "EARFCN:40988.0|PCI:393.0",
        "serving_eci": null,
        "serving_pci": 393.0,
        "serving_earfcn": 40988.0,
        "p90_observation_spread_m": 0.0,
        "anomaly_gps_rows": 1,
        "sessions": 1,
        "max_priority": 73.6,
        "dominant_case": "radio_limited_degradation",
        "coverage_or_planning_review": true,
        "location_method": "median anomaly-observation GPS coordinate; approximate dashboard marker, not tower coordinate"
      }
    },
    {
      "type": "Feature",
      "geometry": {
        "type": "Point",
        "coordinates": [
          177.407518,
          -17.7967214
        ]
      },
      "properties": {
        "serving_cell_key": "ECI:1065246.0",
        "serving_eci": 1065246.0,
        "serving_pci": 144.0,
        "serving_earfcn": 1850.0,
        "p90_observation_spread_m": 0.0,
        "anomaly_gps_rows": 1,
        "sessions": 1,
        "max_priority": 73.57,
        "dominant_case": "radio_limited_degradation",
        "coverage_or_planning_review": true,
        "location_method": "median anomaly-observation GPS coordinate; approximate dashboard marker, not tower coordinate"
      }
    },
    {
      "type": "Feature",
      "geometry": {
        "type": "Point",
        "coordinates": [
          177.43866889,
          -17.77167987
        ]
      },
      "properties": {
        "serving_cell_key": "ECI:1067031.0",
        "serving_eci": 1067031.0,
        "serving_pci": 130.0,
        "serving_earfcn": 356.0,
        "p90_observation_spread_m": 36.37432517925133,
        "anomaly_gps_rows": 8,
        "sessions": 1,
        "max_priority": 73.27,
        "dominant_case": "radio_limited_degradation",
        "coverage_or_planning_review": true,
        "location_method": "median anomaly-observation GPS coordinate; approximate dashboard marker, not tower coordinate"
      }
    },
    {
      "type": "Feature",
      "geometry": {
        "type": "Point",
        "coordinates": [
          177.47502364000002,
          -17.605550530000002
        ]
      },
      "properties": {
        "serving_cell_key": "ECI:1076246.0",
        "serving_eci": 1076246.0,
        "serving_pci": 179.0,
        "serving_earfcn": 500.0,
        "p90_observation_spread_m": 503.0495088123456,
        "anomaly_gps_rows": 6,
        "sessions": 2,
        "max_priority": 73.23,
        "dominant_case": "ca_underperformance",
        "coverage_or_planning_review": true,
        "location_method": "median anomaly-observation GPS coordinate; approximate dashboard marker, not tower coordinate"
      }
    },
    {
      "type": "Feature",
      "geometry": {
        "type": "Point",
        "coordinates": [
          177.432920905,
          -17.62760885
        ]
      },
      "properties": {
        "serving_cell_key": "ECI:1081660.0",
        "serving_eci": 1081660.0,
        "serving_pci": 354.0,
        "serving_earfcn": 40790.0,
        "p90_observation_spread_m": 26.082739777729252,
        "anomaly_gps_rows": 4,
        "sessions": 3,
        "max_priority": 73.2,
        "dominant_case": "ca_underperformance",
        "coverage_or_planning_review": true,
        "location_method": "median anomaly-observation GPS coordinate; approximate dashboard marker, not tower coordinate"
      }
    },
    {
      "type": "Feature",
      "geometry": {
        "type": "Point",
        "coordinates": [
          177.4218188,
          -17.7842556
        ]
      },
      "properties": {
        "serving_cell_key": "ECI:1064754.0",
        "serving_eci": 1064754.0,
        "serving_pci": 146.0,
        "serving_earfcn": 41186.0,
        "p90_observation_spread_m": 1312.4692099062,
        "anomaly_gps_rows": 3,
        "sessions": 2,
        "max_priority": 73.18,
        "dominant_case": "temporal_local_drop",
        "coverage_or_planning_review": false,
        "location_method": "median anomaly-observation GPS coordinate; approximate dashboard marker, not tower coordinate"
      }
    },
    {
      "type": "Feature",
      "geometry": {
        "type": "Point",
        "coordinates": [
          177.4359416,
          -17.7688392
        ]
      },
      "properties": {
        "serving_cell_key": "ECI:1072405.0",
        "serving_eci": 1072405.0,
        "serving_pci": 395.0,
        "serving_earfcn": 500.0,
        "p90_observation_spread_m": 0.0,
        "anomaly_gps_rows": 1,
        "sessions": 1,
        "max_priority": 73.04,
        "dominant_case": "temporal_local_drop",
        "coverage_or_planning_review": false,
        "location_method": "median anomaly-observation GPS coordinate; approximate dashboard marker, not tower coordinate"
      }
    },
    {
      "type": "Feature",
      "geometry": {
        "type": "Point",
        "coordinates": [
          177.41582,
          -17.7977095
        ]
      },
      "properties": {
        "serving_cell_key": "ECI:1073715.0",
        "serving_eci": 1073715.0,
        "serving_pci": 362.0,
        "serving_earfcn": 41186.0,
        "p90_observation_spread_m": 7.927706502211381,
        "anomaly_gps_rows": 3,
        "sessions": 2,
        "max_priority": 73.03,
        "dominant_case": "ca_underperformance",
        "coverage_or_planning_review": false,
        "location_method": "median anomaly-observation GPS coordinate; approximate dashboard marker, not tower coordinate"
      }
    },
    {
      "type": "Feature",
      "geometry": {
        "type": "Point",
        "coordinates": [
          177.43674992,
          -17.77135919
        ]
      },
      "properties": {
        "serving_cell_key": "ECI:1066045.0",
        "serving_eci": 1066045.0,
        "serving_pci": 123.0,
        "serving_earfcn": 40790.0,
        "p90_observation_spread_m": 36.60382887989453,
        "anomaly_gps_rows": 5,
        "sessions": 1,
        "max_priority": 73.03,
        "dominant_case": "radio_limited_degradation",
        "coverage_or_planning_review": true,
        "location_method": "median anomaly-observation GPS coordinate; approximate dashboard marker, not tower coordinate"
      }
    },
    {
      "type": "Feature",
      "geometry": {
        "type": "Point",
        "coordinates": [
          177.43041929999998,
          -17.779370049999997
        ]
      },
      "properties": {
        "serving_cell_key": "ECI:1072692.0",
        "serving_eci": 1072692.0,
        "serving_pci": 394.0,
        "serving_earfcn": 41186.0,
        "p90_observation_spread_m": 160.5710304465886,
        "anomaly_gps_rows": 2,
        "sessions": 2,
        "max_priority": 73.0,
        "dominant_case": "temporal_local_drop",
        "coverage_or_planning_review": false,
        "location_method": "median anomaly-observation GPS coordinate; approximate dashboard marker, not tower coordinate"
      }
    },
    {
      "type": "Feature",
      "geometry": {
        "type": "Point",
        "coordinates": [
          177.43937118000002,
          -17.772127085
        ]
      },
      "properties": {
        "serving_cell_key": "ECI:1067831.0",
        "serving_eci": 1067831.0,
        "serving_pci": 127.0,
        "serving_earfcn": 41384.0,
        "p90_observation_spread_m": 3.304160120715912,
        "anomaly_gps_rows": 2,
        "sessions": 1,
        "max_priority": 72.94,
        "dominant_case": "radio_limited_degradation",
        "coverage_or_planning_review": true,
        "location_method": "median anomaly-observation GPS coordinate; approximate dashboard marker, not tower coordinate"
      }
    },
    {
      "type": "Feature",
      "geometry": {
        "type": "Point",
        "coordinates": [
          177.45750724,
          -17.60490083
        ]
      },
      "properties": {
        "serving_cell_key": "ECI:1080094.0",
        "serving_eci": 1080094.0,
        "serving_pci": 184.0,
        "serving_earfcn": 40988.0,
        "p90_observation_spread_m": 0.0,
        "anomaly_gps_rows": 1,
        "sessions": 1,
        "max_priority": 72.83,
        "dominant_case": "radio_limited_degradation",
        "coverage_or_planning_review": true,
        "location_method": "median anomaly-observation GPS coordinate; approximate dashboard marker, not tower coordinate"
      }
    },
    {
      "type": "Feature",
      "geometry": {
        "type": "Point",
        "coordinates": [
          177.4387513,
          -17.8149557
        ]
      },
      "properties": {
        "serving_cell_key": "ECI:1070150.0",
        "serving_eci": 1070150.0,
        "serving_pci": 330.0,
        "serving_earfcn": 9310.0,
        "p90_observation_spread_m": 0.0,
        "anomaly_gps_rows": 1,
        "sessions": 1,
        "max_priority": 72.69,
        "dominant_case": "radio_limited_degradation",
        "coverage_or_planning_review": true,
        "location_method": "median anomaly-observation GPS coordinate; approximate dashboard marker, not tower coordinate"
      }
    },
    {
      "type": "Feature",
      "geometry": {
        "type": "Point",
        "coordinates": [
          177.46392982,
          -17.76378484
        ]
      },
      "properties": {
        "serving_cell_key": "ECI:3631423.0",
        "serving_eci": 3631423.0,
        "serving_pci": 213.0,
        "serving_earfcn": 41384.0,
        "p90_observation_spread_m": 64.93639013883097,
        "anomaly_gps_rows": 4,
        "sessions": 1,
        "max_priority": 72.59,
        "dominant_case": "radio_limited_degradation",
        "coverage_or_planning_review": true,
        "location_method": "median anomaly-observation GPS coordinate; approximate dashboard marker, not tower coordinate"
      }
    },
    {
      "type": "Feature",
      "geometry": {
        "type": "Point",
        "coordinates": [
          177.4607174,
          -17.7534753
        ]
      },
      "properties": {
        "serving_cell_key": "ECI:1072180.0",
        "serving_eci": 1072180.0,
        "serving_pci": 448.0,
        "serving_earfcn": 41186.0,
        "p90_observation_spread_m": 0.0,
        "anomaly_gps_rows": 1,
        "sessions": 1,
        "max_priority": 72.49,
        "dominant_case": "radio_limited_degradation",
        "coverage_or_planning_review": true,
        "location_method": "median anomaly-observation GPS coordinate; approximate dashboard marker, not tower coordinate"
      }
    },
    {
      "type": "Feature",
      "geometry": {
        "type": "Point",
        "coordinates": [
          177.4115995,
          -17.6897531
        ]
      },
      "properties": {
        "serving_cell_key": "ECI:1081414.0",
        "serving_eci": 1081414.0,
        "serving_pci": 453.0,
        "serving_earfcn": 9310.0,
        "p90_observation_spread_m": 921.9290287350418,
        "anomaly_gps_rows": 3,
        "sessions": 2,
        "max_priority": 72.49,
        "dominant_case": "radio_limited_degradation",
        "coverage_or_planning_review": true,
        "location_method": "median anomaly-observation GPS coordinate; approximate dashboard marker, not tower coordinate"
      }
    },
    {
      "type": "Feature",
      "geometry": {
        "type": "Point",
        "coordinates": [
          177.4401571,
          -17.6296178
        ]
      },
      "properties": {
        "serving_cell_key": "ECI:1079576.0",
        "serving_eci": 1079576.0,
        "serving_pci": 345.0,
        "serving_earfcn": 356.0,
        "p90_observation_spread_m": 752.8090884328346,
        "anomaly_gps_rows": 3,
        "sessions": 2,
        "max_priority": 72.44,
        "dominant_case": "radio_limited_degradation",
        "coverage_or_planning_review": true,
        "location_method": "median anomaly-observation GPS coordinate; approximate dashboard marker, not tower coordinate"
      }
    },
    {
      "type": "Feature",
      "geometry": {
        "type": "Point",
        "coordinates": [
          177.43730926,
          -17.814991475
        ]
      },
      "properties": {
        "serving_cell_key": "ECI:1064768.0",
        "serving_eci": 1064768.0,
        "serving_pci": 148.0,
        "serving_earfcn": 1850.0,
        "p90_observation_spread_m": 5.865041310830419,
        "anomaly_gps_rows": 2,
        "sessions": 1,
        "max_priority": 72.38,
        "dominant_case": "ca_underperformance",
        "coverage_or_planning_review": true,
        "location_method": "median anomaly-observation GPS coordinate; approximate dashboard marker, not tower coordinate"
      }
    },
    {
      "type": "Feature",
      "geometry": {
        "type": "Point",
        "coordinates": [
          177.46512763,
          -17.61446594
        ]
      },
      "properties": {
        "serving_cell_key": "ECI:1076286.0",
        "serving_eci": 1076286.0,
        "serving_pci": 179.0,
        "serving_earfcn": 40790.0,
        "p90_observation_spread_m": 775.0991874970688,
        "anomaly_gps_rows": 9,
        "sessions": 2,
        "max_priority": 72.37,
        "dominant_case": "radio_limited_degradation",
        "coverage_or_planning_review": true,
        "location_method": "median anomaly-observation GPS coordinate; approximate dashboard marker, not tower coordinate"
      }
    },
    {
      "type": "Feature",
      "geometry": {
        "type": "Point",
        "coordinates": [
          177.4591219,
          -17.6044316
        ]
      },
      "properties": {
        "serving_cell_key": "ECI:1077575.0",
        "serving_eci": 1077575.0,
        "serving_pci": 184.0,
        "serving_earfcn": 9310.0,
        "p90_observation_spread_m": 0.0,
        "anomaly_gps_rows": 1,
        "sessions": 1,
        "max_priority": 72.29,
        "dominant_case": "radio_limited_degradation",
        "coverage_or_planning_review": true,
        "location_method": "median anomaly-observation GPS coordinate; approximate dashboard marker, not tower coordinate"
      }
    },
    {
      "type": "Feature",
      "geometry": {
        "type": "Point",
        "coordinates": [
          177.43958516,
          -17.7711259
        ]
      },
      "properties": {
        "serving_cell_key": "ECI:1067028.0",
        "serving_eci": 1067028.0,
        "serving_pci": 123.0,
        "serving_earfcn": 40988.0,
        "p90_observation_spread_m": 0.0,
        "anomaly_gps_rows": 1,
        "sessions": 1,
        "max_priority": 72.13,
        "dominant_case": "radio_limited_degradation",
        "coverage_or_planning_review": true,
        "location_method": "median anomaly-observation GPS coordinate; approximate dashboard marker, not tower coordinate"
      }
    },
    {
      "type": "Feature",
      "geometry": {
        "type": "Point",
        "coordinates": [
          177.45512159499998,
          -17.61141284
        ]
      },
      "properties": {
        "serving_cell_key": "ECI:1076544.0",
        "serving_eci": 1076544.0,
        "serving_pci": 182.0,
        "serving_earfcn": 40988.0,
        "p90_observation_spread_m": 376.70918760359086,
        "anomaly_gps_rows": 6,
        "sessions": 2,
        "max_priority": 71.76,
        "dominant_case": "ca_underperformance",
        "coverage_or_planning_review": true,
        "location_method": "median anomaly-observation GPS coordinate; approximate dashboard marker, not tower coordinate"
      }
    },
    {
      "type": "Feature",
      "geometry": {
        "type": "Point",
        "coordinates": [
          177.5046389,
          -17.595906
        ]
      },
      "properties": {
        "serving_cell_key": "ECI:1079878.0",
        "serving_eci": 1079878.0,
        "serving_pci": 495.0,
        "serving_earfcn": 9310.0,
        "p90_observation_spread_m": 16.762863194945226,
        "anomaly_gps_rows": 3,
        "sessions": 1,
        "max_priority": 71.75,
        "dominant_case": "ca_underperformance",
        "coverage_or_planning_review": true,
        "location_method": "median anomaly-observation GPS coordinate; approximate dashboard marker, not tower coordinate"
      }
    },
    {
      "type": "Feature",
      "geometry": {
        "type": "Point",
        "coordinates": [
          177.4484595,
          -17.61286521
        ]
      },
      "properties": {
        "serving_cell_key": "ECI:1079240.0",
        "serving_eci": 1079240.0,
        "serving_pci": 383.0,
        "serving_earfcn": 500.0,
        "p90_observation_spread_m": 0.0,
        "anomaly_gps_rows": 1,
        "sessions": 1,
        "max_priority": 71.72,
        "dominant_case": "ca_underperformance",
        "coverage_or_planning_review": false,
        "location_method": "median anomaly-observation GPS coordinate; approximate dashboard marker, not tower coordinate"
      }
    },
    {
      "type": "Feature",
      "geometry": {
        "type": "Point",
        "coordinates": [
          177.38230833,
          -17.77973707
        ]
      },
      "properties": {
        "serving_cell_key": "ECI:3624137.0",
        "serving_eci": 3624137.0,
        "serving_pci": 153.0,
        "serving_earfcn": 356.0,
        "p90_observation_spread_m": 137.1741182479516,
        "anomaly_gps_rows": 2,
        "sessions": 2,
        "max_priority": 71.66,
        "dominant_case": "radio_limited_degradation",
        "coverage_or_planning_review": true,
        "location_method": "median anomaly-observation GPS coordinate; approximate dashboard marker, not tower coordinate"
      }
    },
    {
      "type": "Feature",
      "geometry": {
        "type": "Point",
        "coordinates": [
          177.45674388,
          -17.63279271
        ]
      },
      "properties": {
        "serving_cell_key": "ECI:3640385.0",
        "serving_eci": 3640385.0,
        "serving_pci": 167.0,
        "serving_earfcn": 41384.0,
        "p90_observation_spread_m": 572.338068509299,
        "anomaly_gps_rows": 3,
        "sessions": 2,
        "max_priority": 71.6,
        "dominant_case": "ca_underperformance",
        "coverage_or_planning_review": false,
        "location_method": "median anomaly-observation GPS coordinate; approximate dashboard marker, not tower coordinate"
      }
    },
    {
      "type": "Feature",
      "geometry": {
        "type": "Point",
        "coordinates": [
          177.48889730000002,
          -17.76510725
        ]
      },
      "properties": {
        "serving_cell_key": "ECI:1067325.0",
        "serving_eci": 1067325.0,
        "serving_pci": 108.0,
        "serving_earfcn": 40790.0,
        "p90_observation_spread_m": 244.10341214459862,
        "anomaly_gps_rows": 2,
        "sessions": 1,
        "max_priority": 71.1,
        "dominant_case": "radio_limited_degradation",
        "coverage_or_planning_review": true,
        "location_method": "median anomaly-observation GPS coordinate; approximate dashboard marker, not tower coordinate"
      }
    },
    {
      "type": "Feature",
      "geometry": {
        "type": "Point",
        "coordinates": [
          177.4561668,
          -17.63117434
        ]
      },
      "properties": {
        "serving_cell_key": "EARFCN:500.0|PCI:165.0",
        "serving_eci": null,
        "serving_pci": 165.0,
        "serving_earfcn": 500.0,
        "p90_observation_spread_m": 0.0,
        "anomaly_gps_rows": 1,
        "sessions": 1,
        "max_priority": 71.08,
        "dominant_case": "temporal_local_drop",
        "coverage_or_planning_review": false,
        "location_method": "median anomaly-observation GPS coordinate; approximate dashboard marker, not tower coordinate"
      }
    },
    {
      "type": "Feature",
      "geometry": {
        "type": "Point",
        "coordinates": [
          177.45027299999998,
          -17.619297
        ]
      },
      "properties": {
        "serving_cell_key": "ECI:1079110.0",
        "serving_eci": 1079110.0,
        "serving_pci": 168.0,
        "serving_earfcn": 500.0,
        "p90_observation_spread_m": 4.3711854528111,
        "anomaly_gps_rows": 2,
        "sessions": 1,
        "max_priority": 70.93,
        "dominant_case": "radio_limited_degradation",
        "coverage_or_planning_review": true,
        "location_method": "median anomaly-observation GPS coordinate; approximate dashboard marker, not tower coordinate"
      }
    },
    {
      "type": "Feature",
      "geometry": {
        "type": "Point",
        "coordinates": [
          177.4086611,
          -17.6487331
        ]
      },
      "properties": {
        "serving_cell_key": "ECI:1075914.0",
        "serving_eci": 1075914.0,
        "serving_pci": 437.0,
        "serving_earfcn": 500.0,
        "p90_observation_spread_m": 0.0,
        "anomaly_gps_rows": 1,
        "sessions": 1,
        "max_priority": 70.89,
        "dominant_case": "temporal_sudden_drop",
        "coverage_or_planning_review": false,
        "location_method": "median anomaly-observation GPS coordinate; approximate dashboard marker, not tower coordinate"
      }
    },
    {
      "type": "Feature",
      "geometry": {
        "type": "Point",
        "coordinates": [
          177.44737034,
          -17.61885485
        ]
      },
      "properties": {
        "serving_cell_key": "ECI:1079103.0",
        "serving_eci": 1079103.0,
        "serving_pci": 168.0,
        "serving_earfcn": 40988.0,
        "p90_observation_spread_m": 848.1372914168825,
        "anomaly_gps_rows": 5,
        "sessions": 2,
        "max_priority": 70.85,
        "dominant_case": "ca_underperformance",
        "coverage_or_planning_review": true,
        "location_method": "median anomaly-observation GPS coordinate; approximate dashboard marker, not tower coordinate"
      }
    },
    {
      "type": "Feature",
      "geometry": {
        "type": "Point",
        "coordinates": [
          177.4560876,
          -17.6173036
        ]
      },
      "properties": {
        "serving_cell_key": "ECI:3635971.0",
        "serving_eci": 3635971.0,
        "serving_pci": 233.0,
        "serving_earfcn": 1850.0,
        "p90_observation_spread_m": 0.0,
        "anomaly_gps_rows": 1,
        "sessions": 1,
        "max_priority": 70.73,
        "dominant_case": "radio_limited_degradation",
        "coverage_or_planning_review": true,
        "location_method": "median anomaly-observation GPS coordinate; approximate dashboard marker, not tower coordinate"
      }
    },
    {
      "type": "Feature",
      "geometry": {
        "type": "Point",
        "coordinates": [
          177.45391080000002,
          -17.6095278
        ]
      },
      "properties": {
        "serving_cell_key": "ECI:1082176.0",
        "serving_eci": 1082176.0,
        "serving_pci": 140.0,
        "serving_earfcn": 40988.0,
        "p90_observation_spread_m": 567.728587406008,
        "anomaly_gps_rows": 8,
        "sessions": 4,
        "max_priority": 70.67,
        "dominant_case": "ca_underperformance",
        "coverage_or_planning_review": true,
        "location_method": "median anomaly-observation GPS coordinate; approximate dashboard marker, not tower coordinate"
      }
    },
    {
      "type": "Feature",
      "geometry": {
        "type": "Point",
        "coordinates": [
          177.43651014,
          -17.621728564999998
        ]
      },
      "properties": {
        "serving_cell_key": "ECI:1079065.0",
        "serving_eci": 1079065.0,
        "serving_pci": 169.0,
        "serving_earfcn": 356.0,
        "p90_observation_spread_m": 101.20368171909632,
        "anomaly_gps_rows": 8,
        "sessions": 1,
        "max_priority": 70.64,
        "dominant_case": "radio_limited_degradation",
        "coverage_or_planning_review": true,
        "location_method": "median anomaly-observation GPS coordinate; approximate dashboard marker, not tower coordinate"
      }
    },
    {
      "type": "Feature",
      "geometry": {
        "type": "Point",
        "coordinates": [
          177.4594616,
          -17.61055428
        ]
      },
      "properties": {
        "serving_cell_key": "ECI:1080088.0",
        "serving_eci": 1080088.0,
        "serving_pci": 196.0,
        "serving_earfcn": 356.0,
        "p90_observation_spread_m": 584.7933891082895,
        "anomaly_gps_rows": 5,
        "sessions": 2,
        "max_priority": 70.62,
        "dominant_case": "ca_underperformance",
        "coverage_or_planning_review": true,
        "location_method": "median anomaly-observation GPS coordinate; approximate dashboard marker, not tower coordinate"
      }
    },
    {
      "type": "Feature",
      "geometry": {
        "type": "Point",
        "coordinates": [
          177.44734665,
          -17.75792465
        ]
      },
      "properties": {
        "serving_cell_key": "ECI:1070870.0",
        "serving_eci": 1070870.0,
        "serving_pci": 350.0,
        "serving_earfcn": 500.0,
        "p90_observation_spread_m": 3.6945341412697337,
        "anomaly_gps_rows": 2,
        "sessions": 1,
        "max_priority": 70.62,
        "dominant_case": "temporal_local_drop",
        "coverage_or_planning_review": false,
        "location_method": "median anomaly-observation GPS coordinate; approximate dashboard marker, not tower coordinate"
      }
    },
    {
      "type": "Feature",
      "geometry": {
        "type": "Point",
        "coordinates": [
          177.4404842,
          -17.63132452
        ]
      },
      "properties": {
        "serving_cell_key": "ECI:3642945.0",
        "serving_eci": 3642945.0,
        "serving_pci": 315.0,
        "serving_earfcn": 41384.0,
        "p90_observation_spread_m": 0.0,
        "anomaly_gps_rows": 1,
        "sessions": 1,
        "max_priority": 70.57,
        "dominant_case": "radio_limited_degradation",
        "coverage_or_planning_review": true,
        "location_method": "median anomaly-observation GPS coordinate; approximate dashboard marker, not tower coordinate"
      }
    },
    {
      "type": "Feature",
      "geometry": {
        "type": "Point",
        "coordinates": [
          177.4734518,
          -17.6175843
        ]
      },
      "properties": {
        "serving_cell_key": "EARFCN:41384.0|PCI:178.0",
        "serving_eci": null,
        "serving_pci": 178.0,
        "serving_earfcn": 41384.0,
        "p90_observation_spread_m": 0.0,
        "anomaly_gps_rows": 1,
        "sessions": 1,
        "max_priority": 70.51,
        "dominant_case": "temporal_local_drop",
        "coverage_or_planning_review": false,
        "location_method": "median anomaly-observation GPS coordinate; approximate dashboard marker, not tower coordinate"
      }
    },
    {
      "type": "Feature",
      "geometry": {
        "type": "Point",
        "coordinates": [
          177.47084845,
          -17.6381461
        ]
      },
      "properties": {
        "serving_cell_key": "ECI:1080637.0",
        "serving_eci": 1080637.0,
        "serving_pci": 352.0,
        "serving_earfcn": 40790.0,
        "p90_observation_spread_m": 945.9242161706934,
        "anomaly_gps_rows": 6,
        "sessions": 2,
        "max_priority": 70.45,
        "dominant_case": "radio_limited_degradation",
        "coverage_or_planning_review": true,
        "location_method": "median anomaly-observation GPS coordinate; approximate dashboard marker, not tower coordinate"
      }
    },
    {
      "type": "Feature",
      "geometry": {
        "type": "Point",
        "coordinates": [
          177.431114815,
          -17.780757729999998
        ]
      },
      "properties": {
        "serving_cell_key": "ECI:1072662.0",
        "serving_eci": 1072662.0,
        "serving_pci": 394.0,
        "serving_earfcn": 500.0,
        "p90_observation_spread_m": 2.612307058640564,
        "anomaly_gps_rows": 2,
        "sessions": 1,
        "max_priority": 70.45,
        "dominant_case": "temporal_local_drop",
        "coverage_or_planning_review": false,
        "location_method": "median anomaly-observation GPS coordinate; approximate dashboard marker, not tower coordinate"
      }
    },
    {
      "type": "Feature",
      "geometry": {
        "type": "Point",
        "coordinates": [
          177.44063707,
          -17.70734302
        ]
      },
      "properties": {
        "serving_cell_key": "ECI:1075519.0",
        "serving_eci": 1075519.0,
        "serving_pci": 315.0,
        "serving_earfcn": 40988.0,
        "p90_observation_spread_m": 0.0,
        "anomaly_gps_rows": 1,
        "sessions": 1,
        "max_priority": 70.35,
        "dominant_case": "temporal_local_drop",
        "coverage_or_planning_review": false,
        "location_method": "median anomaly-observation GPS coordinate; approximate dashboard marker, not tower coordinate"
      }
    },
    {
      "type": "Feature",
      "geometry": {
        "type": "Point",
        "coordinates": [
          177.4370691,
          -17.77130787
        ]
      },
      "properties": {
        "serving_cell_key": "ECI:1067048.0",
        "serving_eci": 1067048.0,
        "serving_pci": 339.0,
        "serving_earfcn": 40790.0,
        "p90_observation_spread_m": 118.5420342249382,
        "anomaly_gps_rows": 3,
        "sessions": 1,
        "max_priority": 70.34,
        "dominant_case": "ca_underperformance",
        "coverage_or_planning_review": true,
        "location_method": "median anomaly-observation GPS coordinate; approximate dashboard marker, not tower coordinate"
      }
    },
    {
      "type": "Feature",
      "geometry": {
        "type": "Point",
        "coordinates": [
          177.4754008,
          -17.6376209
        ]
      },
      "properties": {
        "serving_cell_key": "ECI:1077813.0",
        "serving_eci": 1077813.0,
        "serving_pci": 231.0,
        "serving_earfcn": 41384.0,
        "p90_observation_spread_m": 0.0,
        "anomaly_gps_rows": 1,
        "sessions": 1,
        "max_priority": 70.12,
        "dominant_case": "radio_limited_degradation",
        "coverage_or_planning_review": true,
        "location_method": "median anomaly-observation GPS coordinate; approximate dashboard marker, not tower coordinate"
      }
    },
    {
      "type": "Feature",
      "geometry": {
        "type": "Point",
        "coordinates": [
          177.41695203,
          -17.78396444
        ]
      },
      "properties": {
        "serving_cell_key": "ECI:1065527.0",
        "serving_eci": 1065527.0,
        "serving_pci": 133.0,
        "serving_earfcn": 41384.0,
        "p90_observation_spread_m": 768.9959264454575,
        "anomaly_gps_rows": 3,
        "sessions": 3,
        "max_priority": 70.02,
        "dominant_case": "radio_limited_degradation",
        "coverage_or_planning_review": true,
        "location_method": "median anomaly-observation GPS coordinate; approximate dashboard marker, not tower coordinate"
      }
    },
    {
      "type": "Feature",
      "geometry": {
        "type": "Point",
        "coordinates": [
          177.3984683,
          -17.67806445
        ]
      },
      "properties": {
        "serving_cell_key": "ECI:1079316.0",
        "serving_eci": 1079316.0,
        "serving_pci": 320.0,
        "serving_earfcn": 500.0,
        "p90_observation_spread_m": 21.303799873466907,
        "anomaly_gps_rows": 2,
        "sessions": 1,
        "max_priority": 70.02,
        "dominant_case": "radio_limited_degradation",
        "coverage_or_planning_review": true,
        "location_method": "median anomaly-observation GPS coordinate; approximate dashboard marker, not tower coordinate"
      }
    },
    {
      "type": "Feature",
      "geometry": {
        "type": "Point",
        "coordinates": [
          177.42819138,
          -17.8057521
        ]
      },
      "properties": {
        "serving_cell_key": "ECI:1071667.0",
        "serving_eci": 1071667.0,
        "serving_pci": 395.0,
        "serving_earfcn": 41186.0,
        "p90_observation_spread_m": 1152.966070816761,
        "anomaly_gps_rows": 3,
        "sessions": 2,
        "max_priority": 69.96,
        "dominant_case": "radio_limited_degradation",
        "coverage_or_planning_review": true,
        "location_method": "median anomaly-observation GPS coordinate; approximate dashboard marker, not tower coordinate"
      }
    },
    {
      "type": "Feature",
      "geometry": {
        "type": "Point",
        "coordinates": [
          177.441275,
          -17.61646686
        ]
      },
      "properties": {
        "serving_cell_key": "ECI:1081921.0",
        "serving_eci": 1081921.0,
        "serving_pci": 394.0,
        "serving_earfcn": 40988.0,
        "p90_observation_spread_m": 0.0,
        "anomaly_gps_rows": 1,
        "sessions": 1,
        "max_priority": 69.9,
        "dominant_case": "temporal_local_drop",
        "coverage_or_planning_review": false,
        "location_method": "median anomaly-observation GPS coordinate; approximate dashboard marker, not tower coordinate"
      }
    },
    {
      "type": "Feature",
      "geometry": {
        "type": "Point",
        "coordinates": [
          177.4764449,
          -17.6313646
        ]
      },
      "properties": {
        "serving_cell_key": "ECI:3638785.0",
        "serving_eci": 3638785.0,
        "serving_pci": 251.0,
        "serving_earfcn": 1850.0,
        "p90_observation_spread_m": 0.0,
        "anomaly_gps_rows": 1,
        "sessions": 1,
        "max_priority": 69.76,
        "dominant_case": "radio_limited_degradation",
        "coverage_or_planning_review": true,
        "location_method": "median anomaly-observation GPS coordinate; approximate dashboard marker, not tower coordinate"
      }
    },
    {
      "type": "Feature",
      "geometry": {
        "type": "Point",
        "coordinates": [
          177.45612,
          -17.7383531
        ]
      },
      "properties": {
        "serving_cell_key": "ECI:3631425.0",
        "serving_eci": 3631425.0,
        "serving_pci": 215.0,
        "serving_earfcn": 41384.0,
        "p90_observation_spread_m": 0.0,
        "anomaly_gps_rows": 1,
        "sessions": 1,
        "max_priority": 69.62,
        "dominant_case": "radio_limited_degradation",
        "coverage_or_planning_review": true,
        "location_method": "median anomaly-observation GPS coordinate; approximate dashboard marker, not tower coordinate"
      }
    },
    {
      "type": "Feature",
      "geometry": {
        "type": "Point",
        "coordinates": [
          177.38882795,
          -17.681711649999997
        ]
      },
      "properties": {
        "serving_cell_key": "ECI:1079368.0",
        "serving_eci": 1079368.0,
        "serving_pci": 319.0,
        "serving_earfcn": 500.0,
        "p90_observation_spread_m": 3.2118806103372943,
        "anomaly_gps_rows": 2,
        "sessions": 1,
        "max_priority": 69.36,
        "dominant_case": "radio_limited_degradation",
        "coverage_or_planning_review": true,
        "location_method": "median anomaly-observation GPS coordinate; approximate dashboard marker, not tower coordinate"
      }
    },
    {
      "type": "Feature",
      "geometry": {
        "type": "Point",
        "coordinates": [
          177.38066407999997,
          -17.779192525
        ]
      },
      "properties": {
        "serving_cell_key": "ECI:3624007.0",
        "serving_eci": 3624007.0,
        "serving_pci": 153.0,
        "serving_earfcn": 9310.0,
        "p90_observation_spread_m": 43.28170050753207,
        "anomaly_gps_rows": 2,
        "sessions": 1,
        "max_priority": 69.19,
        "dominant_case": "temporal_local_drop",
        "coverage_or_planning_review": false,
        "location_method": "median anomaly-observation GPS coordinate; approximate dashboard marker, not tower coordinate"
      }
    },
    {
      "type": "Feature",
      "geometry": {
        "type": "Point",
        "coordinates": [
          177.4117465,
          -17.6899095
        ]
      },
      "properties": {
        "serving_cell_key": "ECI:1066822.0",
        "serving_eci": 1066822.0,
        "serving_pci": 157.0,
        "serving_earfcn": 9310.0,
        "p90_observation_spread_m": 12.022688429167511,
        "anomaly_gps_rows": 3,
        "sessions": 1,
        "max_priority": 69.11,
        "dominant_case": "radio_limited_degradation",
        "coverage_or_planning_review": true,
        "location_method": "median anomaly-observation GPS coordinate; approximate dashboard marker, not tower coordinate"
      }
    },
    {
      "type": "Feature",
      "geometry": {
        "type": "Point",
        "coordinates": [
          177.48092300000002,
          -17.603619805
        ]
      },
      "properties": {
        "serving_cell_key": "ECI:1076277.0",
        "serving_eci": 1076277.0,
        "serving_pci": 177.0,
        "serving_earfcn": 41384.0,
        "p90_observation_spread_m": 46.57643053168562,
        "anomaly_gps_rows": 4,
        "sessions": 1,
        "max_priority": 69.0,
        "dominant_case": "radio_limited_degradation",
        "coverage_or_planning_review": true,
        "location_method": "median anomaly-observation GPS coordinate; approximate dashboard marker, not tower coordinate"
      }
    },
    {
      "type": "Feature",
      "geometry": {
        "type": "Point",
        "coordinates": [
          177.48811255,
          -17.76869953
        ]
      },
      "properties": {
        "serving_cell_key": "ECI:1067318.0",
        "serving_eci": 1067318.0,
        "serving_pci": 82.0,
        "serving_earfcn": 41384.0,
        "p90_observation_spread_m": 0.0,
        "anomaly_gps_rows": 1,
        "sessions": 1,
        "max_priority": 68.86,
        "dominant_case": "radio_limited_degradation",
        "coverage_or_planning_review": true,
        "location_method": "median anomaly-observation GPS coordinate; approximate dashboard marker, not tower coordinate"
      }
    },
    {
      "type": "Feature",
      "geometry": {
        "type": "Point",
        "coordinates": [
          177.4325984,
          -17.6235524
        ]
      },
      "properties": {
        "serving_cell_key": "ECI:1079582.0",
        "serving_eci": 1079582.0,
        "serving_pci": 347.0,
        "serving_earfcn": 1850.0,
        "p90_observation_spread_m": 0.0,
        "anomaly_gps_rows": 1,
        "sessions": 1,
        "max_priority": 68.51,
        "dominant_case": "radio_limited_degradation",
        "coverage_or_planning_review": true,
        "location_method": "median anomaly-observation GPS coordinate; approximate dashboard marker, not tower coordinate"
      }
    },
    {
      "type": "Feature",
      "geometry": {
        "type": "Point",
        "coordinates": [
          177.4547849,
          -17.6074471
        ]
      },
      "properties": {
        "serving_cell_key": "ECI:1082172.0",
        "serving_eci": 1082172.0,
        "serving_pci": 139.0,
        "serving_earfcn": 40790.0,
        "p90_observation_spread_m": 243.19117185036367,
        "anomaly_gps_rows": 7,
        "sessions": 4,
        "max_priority": 68.49,
        "dominant_case": "ca_underperformance",
        "coverage_or_planning_review": true,
        "location_method": "median anomaly-observation GPS coordinate; approximate dashboard marker, not tower coordinate"
      }
    },
    {
      "type": "Feature",
      "geometry": {
        "type": "Point",
        "coordinates": [
          177.46446166,
          -17.76277069
        ]
      },
      "properties": {
        "serving_cell_key": "ECI:1070901.0",
        "serving_eci": 1070901.0,
        "serving_pci": 348.0,
        "serving_earfcn": 41384.0,
        "p90_observation_spread_m": 0.0,
        "anomaly_gps_rows": 1,
        "sessions": 1,
        "max_priority": 68.48,
        "dominant_case": "radio_limited_degradation",
        "coverage_or_planning_review": true,
        "location_method": "median anomaly-observation GPS coordinate; approximate dashboard marker, not tower coordinate"
      }
    },
    {
      "type": "Feature",
      "geometry": {
        "type": "Point",
        "coordinates": [
          177.4363396,
          -17.79587352
        ]
      },
      "properties": {
        "serving_cell_key": "ECI:1073184.0",
        "serving_eci": 1073184.0,
        "serving_pci": 469.0,
        "serving_earfcn": 1850.0,
        "p90_observation_spread_m": 0.0,
        "anomaly_gps_rows": 1,
        "sessions": 1,
        "max_priority": 68.42,
        "dominant_case": "radio_limited_degradation",
        "coverage_or_planning_review": true,
        "location_method": "median anomaly-observation GPS coordinate; approximate dashboard marker, not tower coordinate"
      }
    },
    {
      "type": "Feature",
      "geometry": {
        "type": "Point",
        "coordinates": [
          177.442709065,
          -17.652187785000002
        ]
      },
      "properties": {
        "serving_cell_key": "ECI:1078559.0",
        "serving_eci": 1078559.0,
        "serving_pci": 164.0,
        "serving_earfcn": 1850.0,
        "p90_observation_spread_m": 3.404421805567919,
        "anomaly_gps_rows": 2,
        "sessions": 1,
        "max_priority": 68.32,
        "dominant_case": "ca_underperformance",
        "coverage_or_planning_review": false,
        "location_method": "median anomaly-observation GPS coordinate; approximate dashboard marker, not tower coordinate"
      }
    },
    {
      "type": "Feature",
      "geometry": {
        "type": "Point",
        "coordinates": [
          177.4757717,
          -17.76834525
        ]
      },
      "properties": {
        "serving_cell_key": "ECI:1068853.0",
        "serving_eci": 1068853.0,
        "serving_pci": 111.0,
        "serving_earfcn": 41384.0,
        "p90_observation_spread_m": 139.5781260704013,
        "anomaly_gps_rows": 6,
        "sessions": 3,
        "max_priority": 68.15,
        "dominant_case": "ca_underperformance",
        "coverage_or_planning_review": false,
        "location_method": "median anomaly-observation GPS coordinate; approximate dashboard marker, not tower coordinate"
      }
    },
    {
      "type": "Feature",
      "geometry": {
        "type": "Point",
        "coordinates": [
          177.456404965,
          -17.608250775000002
        ]
      },
      "properties": {
        "serving_cell_key": "ECI:1076801.0",
        "serving_eci": 1076801.0,
        "serving_pci": 183.0,
        "serving_earfcn": 40988.0,
        "p90_observation_spread_m": 256.82681618140185,
        "anomaly_gps_rows": 6,
        "sessions": 2,
        "max_priority": 68.06,
        "dominant_case": "ca_underperformance",
        "coverage_or_planning_review": true,
        "location_method": "median anomaly-observation GPS coordinate; approximate dashboard marker, not tower coordinate"
      }
    },
    {
      "type": "Feature",
      "geometry": {
        "type": "Point",
        "coordinates": [
          177.43089578500002,
          -17.778278105
        ]
      },
      "properties": {
        "serving_cell_key": "ECI:1072700.0",
        "serving_eci": 1072700.0,
        "serving_pci": 393.0,
        "serving_earfcn": 40790.0,
        "p90_observation_spread_m": 0.05577255507523337,
        "anomaly_gps_rows": 2,
        "sessions": 1,
        "max_priority": 67.89,
        "dominant_case": "temporal_local_drop",
        "coverage_or_planning_review": false,
        "location_method": "median anomaly-observation GPS coordinate; approximate dashboard marker, not tower coordinate"
      }
    },
    {
      "type": "Feature",
      "geometry": {
        "type": "Point",
        "coordinates": [
          177.4486743,
          -17.6119182
        ]
      },
      "properties": {
        "serving_cell_key": "ECI:1076534.0",
        "serving_eci": 1076534.0,
        "serving_pci": 182.0,
        "serving_earfcn": 41384.0,
        "p90_observation_spread_m": 186.6951264552264,
        "anomaly_gps_rows": 3,
        "sessions": 2,
        "max_priority": 67.76,
        "dominant_case": "ca_underperformance",
        "coverage_or_planning_review": true,
        "location_method": "median anomaly-observation GPS coordinate; approximate dashboard marker, not tower coordinate"
      }
    },
    {
      "type": "Feature",
      "geometry": {
        "type": "Point",
        "coordinates": [
          177.4877031,
          -17.7713145
        ]
      },
      "properties": {
        "serving_cell_key": "ECI:1073471.0",
        "serving_eci": 1073471.0,
        "serving_pci": 80.0,
        "serving_earfcn": 40988.0,
        "p90_observation_spread_m": 0.0,
        "anomaly_gps_rows": 1,
        "sessions": 1,
        "max_priority": 67.74,
        "dominant_case": "radio_limited_degradation",
        "coverage_or_planning_review": true,
        "location_method": "median anomaly-observation GPS coordinate; approximate dashboard marker, not tower coordinate"
      }
    },
    {
      "type": "Feature",
      "geometry": {
        "type": "Point",
        "coordinates": [
          177.45355512499998,
          -17.6231371
        ]
      },
      "properties": {
        "serving_cell_key": "ECI:1079090.0",
        "serving_eci": 1079090.0,
        "serving_pci": 168.0,
        "serving_earfcn": 41186.0,
        "p90_observation_spread_m": 6.919891840792442,
        "anomaly_gps_rows": 2,
        "sessions": 1,
        "max_priority": 67.65,
        "dominant_case": "radio_limited_degradation",
        "coverage_or_planning_review": true,
        "location_method": "median anomaly-observation GPS coordinate; approximate dashboard marker, not tower coordinate"
      }
    },
    {
      "type": "Feature",
      "geometry": {
        "type": "Point",
        "coordinates": [
          177.4829867,
          -17.7788295
        ]
      },
      "properties": {
        "serving_cell_key": "EARFCN:41384.0|PCI:81.0",
        "serving_eci": null,
        "serving_pci": 81.0,
        "serving_earfcn": 41384.0,
        "p90_observation_spread_m": 0.0,
        "anomaly_gps_rows": 1,
        "sessions": 1,
        "max_priority": 67.49,
        "dominant_case": "temporal_local_drop",
        "coverage_or_planning_review": false,
        "location_method": "median anomaly-observation GPS coordinate; approximate dashboard marker, not tower coordinate"
      }
    },
    {
      "type": "Feature",
      "geometry": {
        "type": "Point",
        "coordinates": [
          177.44442311,
          -17.65136851
        ]
      },
      "properties": {
        "serving_cell_key": "ECI:1078588.0",
        "serving_eci": 1078588.0,
        "serving_pci": 162.0,
        "serving_earfcn": 40790.0,
        "p90_observation_spread_m": 0.0,
        "anomaly_gps_rows": 1,
        "sessions": 1,
        "max_priority": 67.48,
        "dominant_case": "temporal_sudden_drop",
        "coverage_or_planning_review": false,
        "location_method": "median anomaly-observation GPS coordinate; approximate dashboard marker, not tower coordinate"
      }
    },
    {
      "type": "Feature",
      "geometry": {
        "type": "Point",
        "coordinates": [
          177.44534913,
          -17.631749145
        ]
      },
      "properties": {
        "serving_cell_key": "ECI:3642944.0",
        "serving_eci": 3642944.0,
        "serving_pci": 314.0,
        "serving_earfcn": 41384.0,
        "p90_observation_spread_m": 13.177395008939264,
        "anomaly_gps_rows": 2,
        "sessions": 1,
        "max_priority": 67.45,
        "dominant_case": "temporal_local_drop",
        "coverage_or_planning_review": false,
        "location_method": "median anomaly-observation GPS coordinate; approximate dashboard marker, not tower coordinate"
      }
    },
    {
      "type": "Feature",
      "geometry": {
        "type": "Point",
        "coordinates": [
          177.4045836,
          -17.796696
        ]
      },
      "properties": {
        "serving_cell_key": "ECI:1064776.0",
        "serving_eci": 1064776.0,
        "serving_pci": 135.0,
        "serving_earfcn": 9310.0,
        "p90_observation_spread_m": 0.0,
        "anomaly_gps_rows": 1,
        "sessions": 1,
        "max_priority": 67.15,
        "dominant_case": "radio_limited_degradation",
        "coverage_or_planning_review": true,
        "location_method": "median anomaly-observation GPS coordinate; approximate dashboard marker, not tower coordinate"
      }
    },
    {
      "type": "Feature",
      "geometry": {
        "type": "Point",
        "coordinates": [
          177.47778335,
          -17.77752513
        ]
      },
      "properties": {
        "serving_cell_key": "ECI:1073469.0",
        "serving_eci": 1073469.0,
        "serving_pci": 81.0,
        "serving_earfcn": 40790.0,
        "p90_observation_spread_m": 0.0,
        "anomaly_gps_rows": 1,
        "sessions": 1,
        "max_priority": 67.05,
        "dominant_case": "ca_underperformance",
        "coverage_or_planning_review": false,
        "location_method": "median anomaly-observation GPS coordinate; approximate dashboard marker, not tower coordinate"
      }
    },
    {
      "type": "Feature",
      "geometry": {
        "type": "Point",
        "coordinates": [
          177.4413966,
          -17.611218
        ]
      },
      "properties": {
        "serving_cell_key": "ECI:1076685.0",
        "serving_eci": 1076685.0,
        "serving_pci": 406.0,
        "serving_earfcn": 356.0,
        "p90_observation_spread_m": 9.495312541669888,
        "anomaly_gps_rows": 3,
        "sessions": 1,
        "max_priority": 66.94,
        "dominant_case": "radio_limited_degradation",
        "coverage_or_planning_review": true,
        "location_method": "median anomaly-observation GPS coordinate; approximate dashboard marker, not tower coordinate"
      }
    },
    {
      "type": "Feature",
      "geometry": {
        "type": "Point",
        "coordinates": [
          177.451740545,
          -17.610226575
        ]
      },
      "properties": {
        "serving_cell_key": "ECI:1082133.0",
        "serving_eci": 1082133.0,
        "serving_pci": 140.0,
        "serving_earfcn": 500.0,
        "p90_observation_spread_m": 481.81158361242393,
        "anomaly_gps_rows": 6,
        "sessions": 2,
        "max_priority": 66.94,
        "dominant_case": "ca_underperformance",
        "coverage_or_planning_review": true,
        "location_method": "median anomaly-observation GPS coordinate; approximate dashboard marker, not tower coordinate"
      }
    },
    {
      "type": "Feature",
      "geometry": {
        "type": "Point",
        "coordinates": [
          177.435442035,
          -17.814093059999998
        ]
      },
      "properties": {
        "serving_cell_key": "ECI:1071640.0",
        "serving_eci": 1071640.0,
        "serving_pci": 395.0,
        "serving_earfcn": 356.0,
        "p90_observation_spread_m": 0.2822523649559013,
        "anomaly_gps_rows": 2,
        "sessions": 1,
        "max_priority": 66.88,
        "dominant_case": "ca_underperformance",
        "coverage_or_planning_review": true,
        "location_method": "median anomaly-observation GPS coordinate; approximate dashboard marker, not tower coordinate"
      }
    },
    {
      "type": "Feature",
      "geometry": {
        "type": "Point",
        "coordinates": [
          177.4254231,
          -17.6961766
        ]
      },
      "properties": {
        "serving_cell_key": "ECI:1066305.0",
        "serving_eci": 1066305.0,
        "serving_pci": 488.0,
        "serving_earfcn": 40988.0,
        "p90_observation_spread_m": 0.0,
        "anomaly_gps_rows": 1,
        "sessions": 1,
        "max_priority": 66.86,
        "dominant_case": "rb_conditioned_expected_underperformance",
        "coverage_or_planning_review": false,
        "location_method": "median anomaly-observation GPS coordinate; approximate dashboard marker, not tower coordinate"
      }
    },
    {
      "type": "Feature",
      "geometry": {
        "type": "Point",
        "coordinates": [
          177.445306825,
          -17.617664945
        ]
      },
      "properties": {
        "serving_cell_key": "ECI:1081920.0",
        "serving_eci": 1081920.0,
        "serving_pci": 169.0,
        "serving_earfcn": 40988.0,
        "p90_observation_spread_m": 0.019209603716728002,
        "anomaly_gps_rows": 2,
        "sessions": 1,
        "max_priority": 66.84,
        "dominant_case": "radio_limited_degradation",
        "coverage_or_planning_review": true,
        "location_method": "median anomaly-observation GPS coordinate; approximate dashboard marker, not tower coordinate"
      }
    },
    {
      "type": "Feature",
      "geometry": {
        "type": "Point",
        "coordinates": [
          177.45805008,
          -17.60317044
        ]
      },
      "properties": {
        "serving_cell_key": "ECI:1077535.0",
        "serving_eci": 1077535.0,
        "serving_pci": 187.0,
        "serving_earfcn": 1850.0,
        "p90_observation_spread_m": 0.0,
        "anomaly_gps_rows": 1,
        "sessions": 1,
        "max_priority": 66.83,
        "dominant_case": "rb_conditioned_expected_underperformance",
        "coverage_or_planning_review": false,
        "location_method": "median anomaly-observation GPS coordinate; approximate dashboard marker, not tower coordinate"
      }
    },
    {
      "type": "Feature",
      "geometry": {
        "type": "Point",
        "coordinates": [
          177.44140784,
          -17.6109031
        ]
      },
      "properties": {
        "serving_cell_key": "ECI:1079243.0",
        "serving_eci": 1079243.0,
        "serving_pci": 383.0,
        "serving_earfcn": 356.0,
        "p90_observation_spread_m": 745.9745071241454,
        "anomaly_gps_rows": 19,
        "sessions": 2,
        "max_priority": 66.67,
        "dominant_case": "radio_limited_degradation",
        "coverage_or_planning_review": true,
        "location_method": "median anomaly-observation GPS coordinate; approximate dashboard marker, not tower coordinate"
      }
    },
    {
      "type": "Feature",
      "geometry": {
        "type": "Point",
        "coordinates": [
          177.4407582,
          -17.7639633
        ]
      },
      "properties": {
        "serving_cell_key": "ECI:1066056.0",
        "serving_eci": 1066056.0,
        "serving_pci": 487.0,
        "serving_earfcn": 40988.0,
        "p90_observation_spread_m": 0.0,
        "anomaly_gps_rows": 1,
        "sessions": 1,
        "max_priority": 66.47,
        "dominant_case": "radio_limited_degradation",
        "coverage_or_planning_review": true,
        "location_method": "median anomaly-observation GPS coordinate; approximate dashboard marker, not tower coordinate"
      }
    },
    {
      "type": "Feature",
      "geometry": {
        "type": "Point",
        "coordinates": [
          177.4757709,
          -17.7676729
        ]
      },
      "properties": {
        "serving_cell_key": "ECI:1068850.0",
        "serving_eci": 1068850.0,
        "serving_pci": 111.0,
        "serving_earfcn": 41186.0,
        "p90_observation_spread_m": 420.15444250360565,
        "anomaly_gps_rows": 7,
        "sessions": 3,
        "max_priority": 66.38,
        "dominant_case": "ca_underperformance",
        "coverage_or_planning_review": true,
        "location_method": "median anomaly-observation GPS coordinate; approximate dashboard marker, not tower coordinate"
      }
    },
    {
      "type": "Feature",
      "geometry": {
        "type": "Point",
        "coordinates": [
          177.45935983,
          -17.59872419
        ]
      },
      "properties": {
        "serving_cell_key": "ECI:1077534.0",
        "serving_eci": 1077534.0,
        "serving_pci": 188.0,
        "serving_earfcn": 1850.0,
        "p90_observation_spread_m": 0.0,
        "anomaly_gps_rows": 1,
        "sessions": 1,
        "max_priority": 66.24,
        "dominant_case": "temporal_local_drop",
        "coverage_or_planning_review": false,
        "location_method": "median anomaly-observation GPS coordinate; approximate dashboard marker, not tower coordinate"
      }
    },
    {
      "type": "Feature",
      "geometry": {
        "type": "Point",
        "coordinates": [
          177.40600631,
          -17.79678763
        ]
      },
      "properties": {
        "serving_cell_key": "ECI:1064725.0",
        "serving_eci": 1064725.0,
        "serving_pci": 363.0,
        "serving_earfcn": 40790.0,
        "p90_observation_spread_m": 0.0,
        "anomaly_gps_rows": 1,
        "sessions": 1,
        "max_priority": 66.19,
        "dominant_case": "ca_underperformance",
        "coverage_or_planning_review": false,
        "location_method": "median anomaly-observation GPS coordinate; approximate dashboard marker, not tower coordinate"
      }
    },
    {
      "type": "Feature",
      "geometry": {
        "type": "Point",
        "coordinates": [
          177.41470414999998,
          -17.8033791
        ]
      },
      "properties": {
        "serving_cell_key": "ECI:1065250.0",
        "serving_eci": 1065250.0,
        "serving_pci": 331.0,
        "serving_earfcn": 1850.0,
        "p90_observation_spread_m": 10.311235175192998,
        "anomaly_gps_rows": 4,
        "sessions": 1,
        "max_priority": 66.15,
        "dominant_case": "ca_underperformance",
        "coverage_or_planning_review": true,
        "location_method": "median anomaly-observation GPS coordinate; approximate dashboard marker, not tower coordinate"
      }
    },
    {
      "type": "Feature",
      "geometry": {
        "type": "Point",
        "coordinates": [
          177.42578957,
          -17.779202235
        ]
      },
      "properties": {
        "serving_cell_key": "ECI:1069346.0",
        "serving_eci": 1069346.0,
        "serving_pci": 403.0,
        "serving_earfcn": 1850.0,
        "p90_observation_spread_m": 1.0000274966169829,
        "anomaly_gps_rows": 2,
        "sessions": 1,
        "max_priority": 66.13,
        "dominant_case": "temporal_local_drop",
        "coverage_or_planning_review": false,
        "location_method": "median anomaly-observation GPS coordinate; approximate dashboard marker, not tower coordinate"
      }
    },
    {
      "type": "Feature",
      "geometry": {
        "type": "Point",
        "coordinates": [
          177.4227132,
          -17.6401067
        ]
      },
      "properties": {
        "serving_cell_key": "ECI:1075764.0",
        "serving_eci": 1075764.0,
        "serving_pci": 356.0,
        "serving_earfcn": 41186.0,
        "p90_observation_spread_m": 790.2860622287321,
        "anomaly_gps_rows": 3,
        "sessions": 2,
        "max_priority": 66.12,
        "dominant_case": "ca_underperformance",
        "coverage_or_planning_review": false,
        "location_method": "median anomaly-observation GPS coordinate; approximate dashboard marker, not tower coordinate"
      }
    },
    {
      "type": "Feature",
      "geometry": {
        "type": "Point",
        "coordinates": [
          177.43851541,
          -17.81461707
        ]
      },
      "properties": {
        "serving_cell_key": "ECI:1064758.0",
        "serving_eci": 1064758.0,
        "serving_pci": 148.0,
        "serving_earfcn": 41384.0,
        "p90_observation_spread_m": 538.0680356870076,
        "anomaly_gps_rows": 5,
        "sessions": 3,
        "max_priority": 65.99,
        "dominant_case": "ca_underperformance",
        "coverage_or_planning_review": true,
        "location_method": "median anomaly-observation GPS coordinate; approximate dashboard marker, not tower coordinate"
      }
    },
    {
      "type": "Feature",
      "geometry": {
        "type": "Point",
        "coordinates": [
          177.4601856,
          -17.60512681
        ]
      },
      "properties": {
        "serving_cell_key": "ECI:1076266.0",
        "serving_eci": 1076266.0,
        "serving_pci": 184.0,
        "serving_earfcn": 40790.0,
        "p90_observation_spread_m": 105.16025640924454,
        "anomaly_gps_rows": 2,
        "sessions": 2,
        "max_priority": 65.91,
        "dominant_case": "radio_limited_degradation",
        "coverage_or_planning_review": true,
        "location_method": "median anomaly-observation GPS coordinate; approximate dashboard marker, not tower coordinate"
      }
    },
    {
      "type": "Feature",
      "geometry": {
        "type": "Point",
        "coordinates": [
          177.42704507,
          -17.80619877
        ]
      },
      "properties": {
        "serving_cell_key": "ECI:1071677.0",
        "serving_eci": 1071677.0,
        "serving_pci": 395.0,
        "serving_earfcn": 40790.0,
        "p90_observation_spread_m": 0.0,
        "anomaly_gps_rows": 1,
        "sessions": 1,
        "max_priority": 65.91,
        "dominant_case": "temporal_local_drop",
        "coverage_or_planning_review": false,
        "location_method": "median anomaly-observation GPS coordinate; approximate dashboard marker, not tower coordinate"
      }
    },
    {
      "type": "Feature",
      "geometry": {
        "type": "Point",
        "coordinates": [
          177.45980579,
          -17.6336082
        ]
      },
      "properties": {
        "serving_cell_key": "ECI:3640374.0",
        "serving_eci": 3640374.0,
        "serving_pci": 274.0,
        "serving_earfcn": 40988.0,
        "p90_observation_spread_m": 0.0,
        "anomaly_gps_rows": 1,
        "sessions": 1,
        "max_priority": 65.89,
        "dominant_case": "radio_limited_degradation",
        "coverage_or_planning_review": true,
        "location_method": "median anomaly-observation GPS coordinate; approximate dashboard marker, not tower coordinate"
      }
    },
    {
      "type": "Feature",
      "geometry": {
        "type": "Point",
        "coordinates": [
          177.43930909,
          -17.61963194
        ]
      },
      "properties": {
        "serving_cell_key": "ECI:1076552.0",
        "serving_eci": 1076552.0,
        "serving_pci": 180.0,
        "serving_earfcn": 9310.0,
        "p90_observation_spread_m": 0.0,
        "anomaly_gps_rows": 1,
        "sessions": 1,
        "max_priority": 65.88,
        "dominant_case": "radio_limited_degradation",
        "coverage_or_planning_review": true,
        "location_method": "median anomaly-observation GPS coordinate; approximate dashboard marker, not tower coordinate"
      }
    },
    {
      "type": "Feature",
      "geometry": {
        "type": "Point",
        "coordinates": [
          177.448371,
          -17.61273378
        ]
      },
      "properties": {
        "serving_cell_key": "ECI:1081876.0",
        "serving_eci": 1081876.0,
        "serving_pci": 182.0,
        "serving_earfcn": 41384.0,
        "p90_observation_spread_m": 0.0,
        "anomaly_gps_rows": 1,
        "sessions": 1,
        "max_priority": 65.85,
        "dominant_case": "ca_underperformance",
        "coverage_or_planning_review": false,
        "location_method": "median anomaly-observation GPS coordinate; approximate dashboard marker, not tower coordinate"
      }
    },
    {
      "type": "Feature",
      "geometry": {
        "type": "Point",
        "coordinates": [
          177.4555589,
          -17.7478246
        ]
      },
      "properties": {
        "serving_cell_key": "ECI:1068350.0",
        "serving_eci": 1068350.0,
        "serving_pci": 50.0,
        "serving_earfcn": 40790.0,
        "p90_observation_spread_m": 966.9766066137738,
        "anomaly_gps_rows": 4,
        "sessions": 2,
        "max_priority": 65.79,
        "dominant_case": "radio_limited_degradation",
        "coverage_or_planning_review": true,
        "location_method": "median anomaly-observation GPS coordinate; approximate dashboard marker, not tower coordinate"
      }
    },
    {
      "type": "Feature",
      "geometry": {
        "type": "Point",
        "coordinates": [
          177.45533835,
          -17.74817128
        ]
      },
      "properties": {
        "serving_cell_key": "ECI:1068568.0",
        "serving_eci": 1068568.0,
        "serving_pci": 122.0,
        "serving_earfcn": 356.0,
        "p90_observation_spread_m": 0.0,
        "anomaly_gps_rows": 1,
        "sessions": 1,
        "max_priority": 65.59,
        "dominant_case": "radio_limited_degradation",
        "coverage_or_planning_review": true,
        "location_method": "median anomaly-observation GPS coordinate; approximate dashboard marker, not tower coordinate"
      }
    },
    {
      "type": "Feature",
      "geometry": {
        "type": "Point",
        "coordinates": [
          177.46061213,
          -17.6165681
        ]
      },
      "properties": {
        "serving_cell_key": "ECI:1080641.0",
        "serving_eci": 1080641.0,
        "serving_pci": 353.0,
        "serving_earfcn": 40988.0,
        "p90_observation_spread_m": 305.19829669600773,
        "anomaly_gps_rows": 5,
        "sessions": 2,
        "max_priority": 65.15,
        "dominant_case": "ca_underperformance",
        "coverage_or_planning_review": true,
        "location_method": "median anomaly-observation GPS coordinate; approximate dashboard marker, not tower coordinate"
      }
    },
    {
      "type": "Feature",
      "geometry": {
        "type": "Point",
        "coordinates": [
          177.48483275,
          -17.60233955
        ]
      },
      "properties": {
        "serving_cell_key": "ECI:1076427.0",
        "serving_eci": 1076427.0,
        "serving_pci": 373.0,
        "serving_earfcn": 356.0,
        "p90_observation_spread_m": 66.9004900389279,
        "anomaly_gps_rows": 2,
        "sessions": 1,
        "max_priority": 65.01,
        "dominant_case": "radio_limited_degradation",
        "coverage_or_planning_review": true,
        "location_method": "median anomaly-observation GPS coordinate; approximate dashboard marker, not tower coordinate"
      }
    },
    {
      "type": "Feature",
      "geometry": {
        "type": "Point",
        "coordinates": [
          177.4594024,
          -17.7522093
        ]
      },
      "properties": {
        "serving_cell_key": "ECI:1067316.0",
        "serving_eci": 1067316.0,
        "serving_pci": 110.0,
        "serving_earfcn": 41186.0,
        "p90_observation_spread_m": 0.0,
        "anomaly_gps_rows": 1,
        "sessions": 1,
        "max_priority": 64.95,
        "dominant_case": "radio_limited_degradation",
        "coverage_or_planning_review": true,
        "location_method": "median anomaly-observation GPS coordinate; approximate dashboard marker, not tower coordinate"
      }
    },
    {
      "type": "Feature",
      "geometry": {
        "type": "Point",
        "coordinates": [
          177.4496084,
          -17.6292102
        ]
      },
      "properties": {
        "serving_cell_key": "ECI:1077960.0",
        "serving_eci": 1077960.0,
        "serving_pci": 376.0,
        "serving_earfcn": 500.0,
        "p90_observation_spread_m": 20.10915779128817,
        "anomaly_gps_rows": 3,
        "sessions": 1,
        "max_priority": 64.9,
        "dominant_case": "temporal_sudden_drop",
        "coverage_or_planning_review": false,
        "location_method": "median anomaly-observation GPS coordinate; approximate dashboard marker, not tower coordinate"
      }
    },
    {
      "type": "Feature",
      "geometry": {
        "type": "Point",
        "coordinates": [
          177.444948965,
          -17.60427335
        ]
      },
      "properties": {
        "serving_cell_key": "ECI:1082167.0",
        "serving_eci": 1082167.0,
        "serving_pci": 141.0,
        "serving_earfcn": 41384.0,
        "p90_observation_spread_m": 0.028639703410259534,
        "anomaly_gps_rows": 2,
        "sessions": 1,
        "max_priority": 64.87,
        "dominant_case": "temporal_local_drop",
        "coverage_or_planning_review": false,
        "location_method": "median anomaly-observation GPS coordinate; approximate dashboard marker, not tower coordinate"
      }
    },
    {
      "type": "Feature",
      "geometry": {
        "type": "Point",
        "coordinates": [
          177.417776005,
          -17.799712405
        ]
      },
      "properties": {
        "serving_cell_key": "ECI:1068064.0",
        "serving_eci": 1068064.0,
        "serving_pci": 143.0,
        "serving_earfcn": 1850.0,
        "p90_observation_spread_m": 8.608350713044837,
        "anomaly_gps_rows": 2,
        "sessions": 1,
        "max_priority": 64.69,
        "dominant_case": "ca_underperformance",
        "coverage_or_planning_review": false,
        "location_method": "median anomaly-observation GPS coordinate; approximate dashboard marker, not tower coordinate"
      }
    },
    {
      "type": "Feature",
      "geometry": {
        "type": "Point",
        "coordinates": [
          177.43689504,
          -17.79524114
        ]
      },
      "properties": {
        "serving_cell_key": "ECI:1064738.0",
        "serving_eci": 1064738.0,
        "serving_pci": 431.0,
        "serving_earfcn": 40790.0,
        "p90_observation_spread_m": 0.0,
        "anomaly_gps_rows": 1,
        "sessions": 1,
        "max_priority": 64.61,
        "dominant_case": "ca_underperformance",
        "coverage_or_planning_review": false,
        "location_method": "median anomaly-observation GPS coordinate; approximate dashboard marker, not tower coordinate"
      }
    },
    {
      "type": "Feature",
      "geometry": {
        "type": "Point",
        "coordinates": [
          177.44087501500002,
          -17.74493215
        ]
      },
      "properties": {
        "serving_cell_key": "ECI:1068566.0",
        "serving_eci": 1068566.0,
        "serving_pci": 120.0,
        "serving_earfcn": 500.0,
        "p90_observation_spread_m": 176.25058937189354,
        "anomaly_gps_rows": 2,
        "sessions": 2,
        "max_priority": 64.36,
        "dominant_case": "temporal_local_drop",
        "coverage_or_planning_review": false,
        "location_method": "median anomaly-observation GPS coordinate; approximate dashboard marker, not tower coordinate"
      }
    },
    {
      "type": "Feature",
      "geometry": {
        "type": "Point",
        "coordinates": [
          177.4475744,
          -17.8135828
        ]
      },
      "properties": {
        "serving_cell_key": "ECI:1065025.0",
        "serving_eci": 1065025.0,
        "serving_pci": 469.0,
        "serving_earfcn": 40988.0,
        "p90_observation_spread_m": 0.0,
        "anomaly_gps_rows": 1,
        "sessions": 1,
        "max_priority": 64.35,
        "dominant_case": "temporal_sudden_drop",
        "coverage_or_planning_review": false,
        "location_method": "median anomaly-observation GPS coordinate; approximate dashboard marker, not tower coordinate"
      }
    },
    {
      "type": "Feature",
      "geometry": {
        "type": "Point",
        "coordinates": [
          177.45957269,
          -17.60405774
        ]
      },
      "properties": {
        "serving_cell_key": "ECI:1077525.0",
        "serving_eci": 1077525.0,
        "serving_pci": 187.0,
        "serving_earfcn": 500.0,
        "p90_observation_spread_m": 125.63946616839955,
        "anomaly_gps_rows": 5,
        "sessions": 2,
        "max_priority": 64.35,
        "dominant_case": "ca_underperformance",
        "coverage_or_planning_review": true,
        "location_method": "median anomaly-observation GPS coordinate; approximate dashboard marker, not tower coordinate"
      }
    },
    {
      "type": "Feature",
      "geometry": {
        "type": "Point",
        "coordinates": [
          177.46611031,
          -17.76553929
        ]
      },
      "properties": {
        "serving_cell_key": "ECI:1072192.0",
        "serving_eci": 1072192.0,
        "serving_pci": 487.0,
        "serving_earfcn": 40790.0,
        "p90_observation_spread_m": 0.0,
        "anomaly_gps_rows": 1,
        "sessions": 1,
        "max_priority": 64.29,
        "dominant_case": "radio_limited_degradation",
        "coverage_or_planning_review": true,
        "location_method": "median anomaly-observation GPS coordinate; approximate dashboard marker, not tower coordinate"
      }
    },
    {
      "type": "Feature",
      "geometry": {
        "type": "Point",
        "coordinates": [
          177.41550284,
          -17.78845914
        ]
      },
      "properties": {
        "serving_cell_key": "ECI:1065537.0",
        "serving_eci": 1065537.0,
        "serving_pci": 137.0,
        "serving_earfcn": 40988.0,
        "p90_observation_spread_m": 0.0,
        "anomaly_gps_rows": 1,
        "sessions": 1,
        "max_priority": 64.25,
        "dominant_case": "radio_limited_degradation",
        "coverage_or_planning_review": true,
        "location_method": "median anomaly-observation GPS coordinate; approximate dashboard marker, not tower coordinate"
      }
    },
    {
      "type": "Feature",
      "geometry": {
        "type": "Point",
        "coordinates": [
          177.4467959,
          -17.6258716
        ]
      },
      "properties": {
        "serving_cell_key": "ECI:1079245.0",
        "serving_eci": 1079245.0,
        "serving_pci": 385.0,
        "serving_earfcn": 356.0,
        "p90_observation_spread_m": 0.0,
        "anomaly_gps_rows": 1,
        "sessions": 1,
        "max_priority": 64.22,
        "dominant_case": "radio_limited_degradation",
        "coverage_or_planning_review": true,
        "location_method": "median anomaly-observation GPS coordinate; approximate dashboard marker, not tower coordinate"
      }
    },
    {
      "type": "Feature",
      "geometry": {
        "type": "Point",
        "coordinates": [
          177.4023065,
          -17.6667553
        ]
      },
      "properties": {
        "serving_cell_key": "ECI:1075733.0",
        "serving_eci": 1075733.0,
        "serving_pci": 159.0,
        "serving_earfcn": 500.0,
        "p90_observation_spread_m": 1283.290825314678,
        "anomaly_gps_rows": 2,
        "sessions": 2,
        "max_priority": 64.21,
        "dominant_case": "ca_underperformance",
        "coverage_or_planning_review": false,
        "location_method": "median anomaly-observation GPS coordinate; approximate dashboard marker, not tower coordinate"
      }
    },
    {
      "type": "Feature",
      "geometry": {
        "type": "Point",
        "coordinates": [
          177.4328325,
          -17.6276777
        ]
      },
      "properties": {
        "serving_cell_key": "EARFCN:40988.0|PCI:346.0",
        "serving_eci": null,
        "serving_pci": 346.0,
        "serving_earfcn": 40988.0,
        "p90_observation_spread_m": 0.0,
        "anomaly_gps_rows": 1,
        "sessions": 1,
        "max_priority": 64.18,
        "dominant_case": "temporal_local_drop",
        "coverage_or_planning_review": false,
        "location_method": "median anomaly-observation GPS coordinate; approximate dashboard marker, not tower coordinate"
      }
    },
    {
      "type": "Feature",
      "geometry": {
        "type": "Point",
        "coordinates": [
          177.45751458,
          -17.604188475
        ]
      },
      "properties": {
        "serving_cell_key": "ECI:1080086.0",
        "serving_eci": 1080086.0,
        "serving_pci": 184.0,
        "serving_earfcn": 500.0,
        "p90_observation_spread_m": 7.648531494842315,
        "anomaly_gps_rows": 2,
        "sessions": 1,
        "max_priority": 63.58,
        "dominant_case": "radio_limited_degradation",
        "coverage_or_planning_review": true,
        "location_method": "median anomaly-observation GPS coordinate; approximate dashboard marker, not tower coordinate"
      }
    },
    {
      "type": "Feature",
      "geometry": {
        "type": "Point",
        "coordinates": [
          177.4157117,
          -17.6927975
        ]
      },
      "properties": {
        "serving_cell_key": "ECI:1066302.0",
        "serving_eci": 1066302.0,
        "serving_pci": 157.0,
        "serving_earfcn": 40790.0,
        "p90_observation_spread_m": 0.0,
        "anomaly_gps_rows": 1,
        "sessions": 1,
        "max_priority": 63.52,
        "dominant_case": "temporal_local_drop",
        "coverage_or_planning_review": false,
        "location_method": "median anomaly-observation GPS coordinate; approximate dashboard marker, not tower coordinate"
      }
    },
    {
      "type": "Feature",
      "geometry": {
        "type": "Point",
        "coordinates": [
          177.46354055,
          -17.6264145
        ]
      },
      "properties": {
        "serving_cell_key": "ECI:3640383.0",
        "serving_eci": 3640383.0,
        "serving_pci": 231.0,
        "serving_earfcn": 41384.0,
        "p90_observation_spread_m": 4.588632972852573,
        "anomaly_gps_rows": 2,
        "sessions": 1,
        "max_priority": 63.4,
        "dominant_case": "radio_limited_degradation",
        "coverage_or_planning_review": true,
        "location_method": "median anomaly-observation GPS coordinate; approximate dashboard marker, not tower coordinate"
      }
    },
    {
      "type": "Feature",
      "geometry": {
        "type": "Point",
        "coordinates": [
          177.40520294499998,
          -17.79678224
        ]
      },
      "properties": {
        "serving_cell_key": "ECI:1067723.0",
        "serving_eci": 1067723.0,
        "serving_pci": 140.0,
        "serving_earfcn": 356.0,
        "p90_observation_spread_m": 0.11812596274893986,
        "anomaly_gps_rows": 2,
        "sessions": 1,
        "max_priority": 63.17,
        "dominant_case": "ca_underperformance",
        "coverage_or_planning_review": true,
        "location_method": "median anomaly-observation GPS coordinate; approximate dashboard marker, not tower coordinate"
      }
    },
    {
      "type": "Feature",
      "geometry": {
        "type": "Point",
        "coordinates": [
          177.44603494,
          -17.6228606
        ]
      },
      "properties": {
        "serving_cell_key": "ECI:1079603.0",
        "serving_eci": 1079603.0,
        "serving_pci": 385.0,
        "serving_earfcn": 41186.0,
        "p90_observation_spread_m": 0.0,
        "anomaly_gps_rows": 1,
        "sessions": 1,
        "max_priority": 62.77,
        "dominant_case": "ca_underperformance",
        "coverage_or_planning_review": false,
        "location_method": "median anomaly-observation GPS coordinate; approximate dashboard marker, not tower coordinate"
      }
    },
    {
      "type": "Feature",
      "geometry": {
        "type": "Point",
        "coordinates": [
          177.44927271,
          -17.62879305
        ]
      },
      "properties": {
        "serving_cell_key": "ECI:1079061.0",
        "serving_eci": 1079061.0,
        "serving_pci": 170.0,
        "serving_earfcn": 500.0,
        "p90_observation_spread_m": 20.784380779345447,
        "anomaly_gps_rows": 3,
        "sessions": 1,
        "max_priority": 62.37,
        "dominant_case": "rb_conditioned_expected_underperformance",
        "coverage_or_planning_review": false,
        "location_method": "median anomaly-observation GPS coordinate; approximate dashboard marker, not tower coordinate"
      }
    },
    {
      "type": "Feature",
      "geometry": {
        "type": "Point",
        "coordinates": [
          177.47561356,
          -17.63061649
        ]
      },
      "properties": {
        "serving_cell_key": "ECI:1080640.0",
        "serving_eci": 1080640.0,
        "serving_pci": 352.0,
        "serving_earfcn": 1850.0,
        "p90_observation_spread_m": 0.0,
        "anomaly_gps_rows": 1,
        "sessions": 1,
        "max_priority": 62.37,
        "dominant_case": "ca_underperformance",
        "coverage_or_planning_review": false,
        "location_method": "median anomaly-observation GPS coordinate; approximate dashboard marker, not tower coordinate"
      }
    },
    {
      "type": "Feature",
      "geometry": {
        "type": "Point",
        "coordinates": [
          177.43938583,
          -17.77085872
        ]
      },
      "properties": {
        "serving_cell_key": "ECI:1067061.0",
        "serving_eci": 1067061.0,
        "serving_pci": 123.0,
        "serving_earfcn": 41384.0,
        "p90_observation_spread_m": 7.180301908400336,
        "anomaly_gps_rows": 3,
        "sessions": 1,
        "max_priority": 62.19,
        "dominant_case": "ca_underperformance",
        "coverage_or_planning_review": true,
        "location_method": "median anomaly-observation GPS coordinate; approximate dashboard marker, not tower coordinate"
      }
    },
    {
      "type": "Feature",
      "geometry": {
        "type": "Point",
        "coordinates": [
          177.475614,
          -17.6306174
        ]
      },
      "properties": {
        "serving_cell_key": "ECI:1080607.0",
        "serving_eci": 1080607.0,
        "serving_pci": 352.0,
        "serving_earfcn": 1850.0,
        "p90_observation_spread_m": 0.0,
        "anomaly_gps_rows": 1,
        "sessions": 1,
        "max_priority": 62.14,
        "dominant_case": "ca_underperformance",
        "coverage_or_planning_review": false,
        "location_method": "median anomaly-observation GPS coordinate; approximate dashboard marker, not tower coordinate"
      }
    },
    {
      "type": "Feature",
      "geometry": {
        "type": "Point",
        "coordinates": [
          177.438718825,
          -17.654964200000002
        ]
      },
      "properties": {
        "serving_cell_key": "ECI:1075735.0",
        "serving_eci": 1075735.0,
        "serving_pci": 161.0,
        "serving_earfcn": 356.0,
        "p90_observation_spread_m": 0.022396221768452164,
        "anomaly_gps_rows": 2,
        "sessions": 1,
        "max_priority": 62.03,
        "dominant_case": "radio_limited_degradation",
        "coverage_or_planning_review": true,
        "location_method": "median anomaly-observation GPS coordinate; approximate dashboard marker, not tower coordinate"
      }
    },
    {
      "type": "Feature",
      "geometry": {
        "type": "Point",
        "coordinates": [
          177.44512172,
          -17.61756395
        ]
      },
      "properties": {
        "serving_cell_key": "ECI:1079105.0",
        "serving_eci": 1079105.0,
        "serving_pci": 169.0,
        "serving_earfcn": 40988.0,
        "p90_observation_spread_m": 0.0,
        "anomaly_gps_rows": 1,
        "sessions": 1,
        "max_priority": 61.98,
        "dominant_case": "temporal_local_drop",
        "coverage_or_planning_review": false,
        "location_method": "median anomaly-observation GPS coordinate; approximate dashboard marker, not tower coordinate"
      }
    },
    {
      "type": "Feature",
      "geometry": {
        "type": "Point",
        "coordinates": [
          177.431653585,
          -17.76269238
        ]
      },
      "properties": {
        "serving_cell_key": "ECI:1066006.0",
        "serving_eci": 1066006.0,
        "serving_pci": 125.0,
        "serving_earfcn": 500.0,
        "p90_observation_spread_m": 0.14003781418495898,
        "anomaly_gps_rows": 2,
        "sessions": 1,
        "max_priority": 61.97,
        "dominant_case": "radio_limited_degradation",
        "coverage_or_planning_review": true,
        "location_method": "median anomaly-observation GPS coordinate; approximate dashboard marker, not tower coordinate"
      }
    },
    {
      "type": "Feature",
      "geometry": {
        "type": "Point",
        "coordinates": [
          177.42125108,
          -17.78286546
        ]
      },
      "properties": {
        "serving_cell_key": "ECI:1065534.0",
        "serving_eci": 1065534.0,
        "serving_pci": 133.0,
        "serving_earfcn": 41186.0,
        "p90_observation_spread_m": 0.0,
        "anomaly_gps_rows": 1,
        "sessions": 1,
        "max_priority": 61.71,
        "dominant_case": "rb_conditioned_expected_underperformance",
        "coverage_or_planning_review": false,
        "location_method": "median anomaly-observation GPS coordinate; approximate dashboard marker, not tower coordinate"
      }
    },
    {
      "type": "Feature",
      "geometry": {
        "type": "Point",
        "coordinates": [
          177.4046919,
          -17.7966975
        ]
      },
      "properties": {
        "serving_cell_key": "ECI:1064736.0",
        "serving_eci": 1064736.0,
        "serving_pci": 149.0,
        "serving_earfcn": 9310.0,
        "p90_observation_spread_m": 0.0,
        "anomaly_gps_rows": 1,
        "sessions": 1,
        "max_priority": 60.75,
        "dominant_case": "radio_limited_degradation",
        "coverage_or_planning_review": true,
        "location_method": "median anomaly-observation GPS coordinate; approximate dashboard marker, not tower coordinate"
      }
    },
    {
      "type": "Feature",
      "geometry": {
        "type": "Point",
        "coordinates": [
          177.40709408,
          -17.7968343
        ]
      },
      "properties": {
        "serving_cell_key": "ECI:1064728.0",
        "serving_eci": 1064728.0,
        "serving_pci": 363.0,
        "serving_earfcn": 40988.0,
        "p90_observation_spread_m": 0.0,
        "anomaly_gps_rows": 1,
        "sessions": 1,
        "max_priority": 60.59,
        "dominant_case": "radio_limited_degradation",
        "coverage_or_planning_review": true,
        "location_method": "median anomaly-observation GPS coordinate; approximate dashboard marker, not tower coordinate"
      }
    },
    {
      "type": "Feature",
      "geometry": {
        "type": "Point",
        "coordinates": [
          177.46466104,
          -17.7622996
        ]
      },
      "properties": {
        "serving_cell_key": "ECI:3631382.0",
        "serving_eci": 3631382.0,
        "serving_pci": 112.0,
        "serving_earfcn": 41186.0,
        "p90_observation_spread_m": 0.0,
        "anomaly_gps_rows": 1,
        "sessions": 1,
        "max_priority": 60.52,
        "dominant_case": "radio_limited_degradation",
        "coverage_or_planning_review": true,
        "location_method": "median anomaly-observation GPS coordinate; approximate dashboard marker, not tower coordinate"
      }
    },
    {
      "type": "Feature",
      "geometry": {
        "type": "Point",
        "coordinates": [
          177.4397427,
          -17.6313205
        ]
      },
      "properties": {
        "serving_cell_key": "ECI:1079583.0",
        "serving_eci": 1079583.0,
        "serving_pci": 345.0,
        "serving_earfcn": 1850.0,
        "p90_observation_spread_m": 0.0,
        "anomaly_gps_rows": 1,
        "sessions": 1,
        "max_priority": 59.72,
        "dominant_case": "temporal_local_drop",
        "coverage_or_planning_review": false,
        "location_method": "median anomaly-observation GPS coordinate; approximate dashboard marker, not tower coordinate"
      }
    },
    {
      "type": "Feature",
      "geometry": {
        "type": "Point",
        "coordinates": [
          177.438196925,
          -17.655206274999998
        ]
      },
      "properties": {
        "serving_cell_key": "ECI:1075767.0",
        "serving_eci": 1075767.0,
        "serving_pci": 160.0,
        "serving_earfcn": 9310.0,
        "p90_observation_spread_m": 0.07999497441525157,
        "anomaly_gps_rows": 2,
        "sessions": 1,
        "max_priority": 59.48,
        "dominant_case": "ca_underperformance",
        "coverage_or_planning_review": true,
        "location_method": "median anomaly-observation GPS coordinate; approximate dashboard marker, not tower coordinate"
      }
    },
    {
      "type": "Feature",
      "geometry": {
        "type": "Point",
        "coordinates": [
          177.4622648,
          -17.60754375
        ]
      },
      "properties": {
        "serving_cell_key": "ECI:1076259.0",
        "serving_eci": 1076259.0,
        "serving_pci": 375.0,
        "serving_earfcn": 1850.0,
        "p90_observation_spread_m": 0.0,
        "anomaly_gps_rows": 1,
        "sessions": 1,
        "max_priority": 58.98,
        "dominant_case": "radio_limited_degradation",
        "coverage_or_planning_review": true,
        "location_method": "median anomaly-observation GPS coordinate; approximate dashboard marker, not tower coordinate"
      }
    },
    {
      "type": "Feature",
      "geometry": {
        "type": "Point",
        "coordinates": [
          177.45221511,
          -17.80022782
        ]
      },
      "properties": {
        "serving_cell_key": "ECI:1070398.0",
        "serving_eci": 1070398.0,
        "serving_pci": 470.0,
        "serving_earfcn": 40790.0,
        "p90_observation_spread_m": 0.0,
        "anomaly_gps_rows": 1,
        "sessions": 1,
        "max_priority": 58.97,
        "dominant_case": "ca_underperformance",
        "coverage_or_planning_review": false,
        "location_method": "median anomaly-observation GPS coordinate; approximate dashboard marker, not tower coordinate"
      }
    },
    {
      "type": "Feature",
      "geometry": {
        "type": "Point",
        "coordinates": [
          177.474361665,
          -17.6189487
        ]
      },
      "properties": {
        "serving_cell_key": "ECI:1076278.0",
        "serving_eci": 1076278.0,
        "serving_pci": 178.0,
        "serving_earfcn": 500.0,
        "p90_observation_spread_m": 8.153132854786568,
        "anomaly_gps_rows": 2,
        "sessions": 1,
        "max_priority": 58.52,
        "dominant_case": "temporal_local_drop",
        "coverage_or_planning_review": false,
        "location_method": "median anomaly-observation GPS coordinate; approximate dashboard marker, not tower coordinate"
      }
    },
    {
      "type": "Feature",
      "geometry": {
        "type": "Point",
        "coordinates": [
          177.415429345,
          -17.645116575
        ]
      },
      "properties": {
        "serving_cell_key": "ECI:1075763.0",
        "serving_eci": 1075763.0,
        "serving_pci": 159.0,
        "serving_earfcn": 41186.0,
        "p90_observation_spread_m": 6.314630304701589,
        "anomaly_gps_rows": 2,
        "sessions": 1,
        "max_priority": 58.19,
        "dominant_case": "ca_underperformance",
        "coverage_or_planning_review": false,
        "location_method": "median anomaly-observation GPS coordinate; approximate dashboard marker, not tower coordinate"
      }
    },
    {
      "type": "Feature",
      "geometry": {
        "type": "Point",
        "coordinates": [
          177.4355073,
          -17.8141693
        ]
      },
      "properties": {
        "serving_cell_key": "ECI:1064985.0",
        "serving_eci": 1064985.0,
        "serving_pci": 469.0,
        "serving_earfcn": 41186.0,
        "p90_observation_spread_m": 0.0,
        "anomaly_gps_rows": 1,
        "sessions": 1,
        "max_priority": 58.14,
        "dominant_case": "radio_limited_degradation",
        "coverage_or_planning_review": true,
        "location_method": "median anomaly-observation GPS coordinate; approximate dashboard marker, not tower coordinate"
      }
    },
    {
      "type": "Feature",
      "geometry": {
        "type": "Point",
        "coordinates": [
          177.4874512,
          -17.770745
        ]
      },
      "properties": {
        "serving_cell_key": "ECI:1073468.0",
        "serving_eci": 1073468.0,
        "serving_pci": 80.0,
        "serving_earfcn": 40790.0,
        "p90_observation_spread_m": 11.292436158861687,
        "anomaly_gps_rows": 3,
        "sessions": 1,
        "max_priority": 57.94,
        "dominant_case": "rb_conditioned_expected_underperformance",
        "coverage_or_planning_review": false,
        "location_method": "median anomaly-observation GPS coordinate; approximate dashboard marker, not tower coordinate"
      }
    },
    {
      "type": "Feature",
      "geometry": {
        "type": "Point",
        "coordinates": [
          177.43930394,
          -17.61962749
        ]
      },
      "properties": {
        "serving_cell_key": "ECI:1076515.0",
        "serving_eci": 1076515.0,
        "serving_pci": 180.0,
        "serving_earfcn": 9310.0,
        "p90_observation_spread_m": 0.0,
        "anomaly_gps_rows": 1,
        "sessions": 1,
        "max_priority": 57.86,
        "dominant_case": "radio_limited_degradation",
        "coverage_or_planning_review": true,
        "location_method": "median anomaly-observation GPS coordinate; approximate dashboard marker, not tower coordinate"
      }
    },
    {
      "type": "Feature",
      "geometry": {
        "type": "Point",
        "coordinates": [
          177.469257515,
          -17.63794601
        ]
      },
      "properties": {
        "serving_cell_key": "ECI:1077794.0",
        "serving_eci": 1077794.0,
        "serving_pci": 165.0,
        "serving_earfcn": 1850.0,
        "p90_observation_spread_m": 32.85538232559728,
        "anomaly_gps_rows": 2,
        "sessions": 1,
        "max_priority": 57.7,
        "dominant_case": "radio_limited_degradation",
        "coverage_or_planning_review": true,
        "location_method": "median anomaly-observation GPS coordinate; approximate dashboard marker, not tower coordinate"
      }
    },
    {
      "type": "Feature",
      "geometry": {
        "type": "Point",
        "coordinates": [
          177.506075,
          -17.5954254
        ]
      },
      "properties": {
        "serving_cell_key": "ECI:1079829.0",
        "serving_eci": 1079829.0,
        "serving_pci": 495.0,
        "serving_earfcn": 500.0,
        "p90_observation_spread_m": 3.255574753829648,
        "anomaly_gps_rows": 2,
        "sessions": 1,
        "max_priority": 57.47,
        "dominant_case": "ca_underperformance",
        "coverage_or_planning_review": true,
        "location_method": "median anomaly-observation GPS coordinate; approximate dashboard marker, not tower coordinate"
      }
    },
    {
      "type": "Feature",
      "geometry": {
        "type": "Point",
        "coordinates": [
          177.4884724,
          -17.7646314
        ]
      },
      "properties": {
        "serving_cell_key": "ECI:1067315.0",
        "serving_eci": 1067315.0,
        "serving_pci": 108.0,
        "serving_earfcn": 40988.0,
        "p90_observation_spread_m": 0.0,
        "anomaly_gps_rows": 1,
        "sessions": 1,
        "max_priority": 56.89,
        "dominant_case": "ca_underperformance",
        "coverage_or_planning_review": false,
        "location_method": "median anomaly-observation GPS coordinate; approximate dashboard marker, not tower coordinate"
      }
    },
    {
      "type": "Feature",
      "geometry": {
        "type": "Point",
        "coordinates": [
          177.4724782,
          -17.6382941
        ]
      },
      "properties": {
        "serving_cell_key": "ECI:1077961.0",
        "serving_eci": 1077961.0,
        "serving_pci": 166.0,
        "serving_earfcn": 9310.0,
        "p90_observation_spread_m": 0.0,
        "anomaly_gps_rows": 1,
        "sessions": 1,
        "max_priority": 56.7,
        "dominant_case": "radio_limited_degradation",
        "coverage_or_planning_review": true,
        "location_method": "median anomaly-observation GPS coordinate; approximate dashboard marker, not tower coordinate"
      }
    },
    {
      "type": "Feature",
      "geometry": {
        "type": "Point",
        "coordinates": [
          177.4723745,
          -17.6383153
        ]
      },
      "properties": {
        "serving_cell_key": "ECI:1077831.0",
        "serving_eci": 1077831.0,
        "serving_pci": 166.0,
        "serving_earfcn": 9310.0,
        "p90_observation_spread_m": 0.0,
        "anomaly_gps_rows": 1,
        "sessions": 1,
        "max_priority": 56.59,
        "dominant_case": "radio_limited_degradation",
        "coverage_or_planning_review": true,
        "location_method": "median anomaly-observation GPS coordinate; approximate dashboard marker, not tower coordinate"
      }
    },
    {
      "type": "Feature",
      "geometry": {
        "type": "Point",
        "coordinates": [
          177.4405539,
          -17.7641733
        ]
      },
      "properties": {
        "serving_cell_key": "ECI:1068616.0",
        "serving_eci": 1068616.0,
        "serving_pci": 487.0,
        "serving_earfcn": 41186.0,
        "p90_observation_spread_m": 0.0,
        "anomaly_gps_rows": 1,
        "sessions": 1,
        "max_priority": 56.2,
        "dominant_case": "radio_limited_degradation",
        "coverage_or_planning_review": true,
        "location_method": "median anomaly-observation GPS coordinate; approximate dashboard marker, not tower coordinate"
      }
    },
    {
      "type": "Feature",
      "geometry": {
        "type": "Point",
        "coordinates": [
          177.4250736,
          -17.7868981
        ]
      },
      "properties": {
        "serving_cell_key": "ECI:1073714.0",
        "serving_eci": 1073714.0,
        "serving_pci": 361.0,
        "serving_earfcn": 41186.0,
        "p90_observation_spread_m": 0.0,
        "anomaly_gps_rows": 1,
        "sessions": 1,
        "max_priority": 56.18,
        "dominant_case": "temporal_sudden_drop",
        "coverage_or_planning_review": false,
        "location_method": "median anomaly-observation GPS coordinate; approximate dashboard marker, not tower coordinate"
      }
    },
    {
      "type": "Feature",
      "geometry": {
        "type": "Point",
        "coordinates": [
          177.43077613,
          -17.76466392
        ]
      },
      "properties": {
        "serving_cell_key": "ECI:1072436.0",
        "serving_eci": 1072436.0,
        "serving_pci": 394.0,
        "serving_earfcn": 41186.0,
        "p90_observation_spread_m": 0.0,
        "anomaly_gps_rows": 1,
        "sessions": 1,
        "max_priority": 55.83,
        "dominant_case": "temporal_local_drop",
        "coverage_or_planning_review": false,
        "location_method": "median anomaly-observation GPS coordinate; approximate dashboard marker, not tower coordinate"
      }
    },
    {
      "type": "Feature",
      "geometry": {
        "type": "Point",
        "coordinates": [
          177.40709414,
          -17.7968343
        ]
      },
      "properties": {
        "serving_cell_key": "ECI:1069333.0",
        "serving_eci": 1069333.0,
        "serving_pci": 135.0,
        "serving_earfcn": 500.0,
        "p90_observation_spread_m": 0.0,
        "anomaly_gps_rows": 1,
        "sessions": 1,
        "max_priority": 55.66,
        "dominant_case": "ca_underperformance",
        "coverage_or_planning_review": false,
        "location_method": "median anomaly-observation GPS coordinate; approximate dashboard marker, not tower coordinate"
      }
    },
    {
      "type": "Feature",
      "geometry": {
        "type": "Point",
        "coordinates": [
          177.376730785,
          -17.76868868
        ]
      },
      "properties": {
        "serving_cell_key": "ECI:3623986.0",
        "serving_eci": 3623986.0,
        "serving_pci": 154.0,
        "serving_earfcn": 40790.0,
        "p90_observation_spread_m": 6.386159805358089,
        "anomaly_gps_rows": 2,
        "sessions": 1,
        "max_priority": 55.33,
        "dominant_case": "ca_underperformance",
        "coverage_or_planning_review": false,
        "location_method": "median anomaly-observation GPS coordinate; approximate dashboard marker, not tower coordinate"
      }
    },
    {
      "type": "Feature",
      "geometry": {
        "type": "Point",
        "coordinates": [
          177.45684766,
          -17.606867285
        ]
      },
      "properties": {
        "serving_cell_key": "ECI:1080135.0",
        "serving_eci": 1080135.0,
        "serving_pci": 195.0,
        "serving_earfcn": 500.0,
        "p90_observation_spread_m": 3.048198274944083,
        "anomaly_gps_rows": 2,
        "sessions": 1,
        "max_priority": 55.24,
        "dominant_case": "rb_conditioned_expected_underperformance",
        "coverage_or_planning_review": false,
        "location_method": "median anomaly-observation GPS coordinate; approximate dashboard marker, not tower coordinate"
      }
    },
    {
      "type": "Feature",
      "geometry": {
        "type": "Point",
        "coordinates": [
          177.4885395,
          -17.7647268
        ]
      },
      "properties": {
        "serving_cell_key": "ECI:1067328.0",
        "serving_eci": 1067328.0,
        "serving_pci": 108.0,
        "serving_earfcn": 40790.0,
        "p90_observation_spread_m": 0.0,
        "anomaly_gps_rows": 1,
        "sessions": 1,
        "max_priority": 55.02,
        "dominant_case": "ca_underperformance",
        "coverage_or_planning_review": false,
        "location_method": "median anomaly-observation GPS coordinate; approximate dashboard marker, not tower coordinate"
      }
    },
    {
      "type": "Feature",
      "geometry": {
        "type": "Point",
        "coordinates": [
          177.48150565,
          -17.603427099999998
        ]
      },
      "properties": {
        "serving_cell_key": "ECI:1076274.0",
        "serving_eci": 1076274.0,
        "serving_pci": 177.0,
        "serving_earfcn": 41186.0,
        "p90_observation_spread_m": 5.292614755234652,
        "anomaly_gps_rows": 2,
        "sessions": 1,
        "max_priority": 54.36,
        "dominant_case": "radio_limited_degradation",
        "coverage_or_planning_review": true,
        "location_method": "median anomaly-observation GPS coordinate; approximate dashboard marker, not tower coordinate"
      }
    },
    {
      "type": "Feature",
      "geometry": {
        "type": "Point",
        "coordinates": [
          177.4543021,
          -17.6259391
        ]
      },
      "properties": {
        "serving_cell_key": "ECI:1079181.0",
        "serving_eci": 1079181.0,
        "serving_pci": 384.0,
        "serving_earfcn": 41186.0,
        "p90_observation_spread_m": 0.0,
        "anomaly_gps_rows": 1,
        "sessions": 1,
        "max_priority": 54.12,
        "dominant_case": "ca_underperformance",
        "coverage_or_planning_review": false,
        "location_method": "median anomaly-observation GPS coordinate; approximate dashboard marker, not tower coordinate"
      }
    },
    {
      "type": "Feature",
      "geometry": {
        "type": "Point",
        "coordinates": [
          177.4308124,
          -17.7645795
        ]
      },
      "properties": {
        "serving_cell_key": "ECI:1072444.0",
        "serving_eci": 1072444.0,
        "serving_pci": 394.0,
        "serving_earfcn": 41186.0,
        "p90_observation_spread_m": 0.0,
        "anomaly_gps_rows": 1,
        "sessions": 1,
        "max_priority": 52.97,
        "dominant_case": "temporal_local_drop",
        "coverage_or_planning_review": false,
        "location_method": "median anomaly-observation GPS coordinate; approximate dashboard marker, not tower coordinate"
      }
    },
    {
      "type": "Feature",
      "geometry": {
        "type": "Point",
        "coordinates": [
          177.46601136,
          -17.76549436
        ]
      },
      "properties": {
        "serving_cell_key": "ECI:1067289.0",
        "serving_eci": 1067289.0,
        "serving_pci": 110.0,
        "serving_earfcn": 356.0,
        "p90_observation_spread_m": 0.0,
        "anomaly_gps_rows": 1,
        "sessions": 1,
        "max_priority": 52.5,
        "dominant_case": "radio_limited_degradation",
        "coverage_or_planning_review": true,
        "location_method": "median anomaly-observation GPS coordinate; approximate dashboard marker, not tower coordinate"
      }
    },
    {
      "type": "Feature",
      "geometry": {
        "type": "Point",
        "coordinates": [
          177.4651363,
          -17.76198099
        ]
      },
      "properties": {
        "serving_cell_key": "ECI:1068872.0",
        "serving_eci": 1068872.0,
        "serving_pci": 112.0,
        "serving_earfcn": 9310.0,
        "p90_observation_spread_m": 0.0,
        "anomaly_gps_rows": 1,
        "sessions": 1,
        "max_priority": 52.37,
        "dominant_case": "radio_limited_degradation",
        "coverage_or_planning_review": true,
        "location_method": "median anomaly-observation GPS coordinate; approximate dashboard marker, not tower coordinate"
      }
    },
    {
      "type": "Feature",
      "geometry": {
        "type": "Point",
        "coordinates": [
          177.45372575,
          -17.60558019
        ]
      },
      "properties": {
        "serving_cell_key": "ECI:1082182.0",
        "serving_eci": 1082182.0,
        "serving_pci": 185.0,
        "serving_earfcn": 9310.0,
        "p90_observation_spread_m": 0.0,
        "anomaly_gps_rows": 1,
        "sessions": 1,
        "max_priority": 52.05,
        "dominant_case": "radio_limited_degradation",
        "coverage_or_planning_review": true,
        "location_method": "median anomaly-observation GPS coordinate; approximate dashboard marker, not tower coordinate"
      }
    },
    {
      "type": "Feature",
      "geometry": {
        "type": "Point",
        "coordinates": [
          177.4173496,
          -17.7996777
        ]
      },
      "properties": {
        "serving_cell_key": "ECI:1073725.0",
        "serving_eci": 1073725.0,
        "serving_pci": 362.0,
        "serving_earfcn": 40988.0,
        "p90_observation_spread_m": 0.0,
        "anomaly_gps_rows": 1,
        "sessions": 1,
        "max_priority": 51.56,
        "dominant_case": "ca_underperformance",
        "coverage_or_planning_review": false,
        "location_method": "median anomaly-observation GPS coordinate; approximate dashboard marker, not tower coordinate"
      }
    },
    {
      "type": "Feature",
      "geometry": {
        "type": "Point",
        "coordinates": [
          177.41476502,
          -17.80345297
        ]
      },
      "properties": {
        "serving_cell_key": "ECI:1065276.0",
        "serving_eci": 1065276.0,
        "serving_pci": 331.0,
        "serving_earfcn": 1850.0,
        "p90_observation_spread_m": 0.0,
        "anomaly_gps_rows": 1,
        "sessions": 1,
        "max_priority": 51.34,
        "dominant_case": "radio_limited_degradation",
        "coverage_or_planning_review": true,
        "location_method": "median anomaly-observation GPS coordinate; approximate dashboard marker, not tower coordinate"
      }
    },
    {
      "type": "Feature",
      "geometry": {
        "type": "Point",
        "coordinates": [
          177.4894068,
          -17.7677852
        ]
      },
      "properties": {
        "serving_cell_key": "ECI:1073478.0",
        "serving_eci": 1073478.0,
        "serving_pci": 80.0,
        "serving_earfcn": 9310.0,
        "p90_observation_spread_m": 0.0,
        "anomaly_gps_rows": 1,
        "sessions": 1,
        "max_priority": 51.15,
        "dominant_case": "radio_limited_degradation",
        "coverage_or_planning_review": true,
        "location_method": "median anomaly-observation GPS coordinate; approximate dashboard marker, not tower coordinate"
      }
    },
    {
      "type": "Feature",
      "geometry": {
        "type": "Point",
        "coordinates": [
          177.50642371,
          -17.59533608
        ]
      },
      "properties": {
        "serving_cell_key": "ECI:1079839.0",
        "serving_eci": 1079839.0,
        "serving_pci": 349.0,
        "serving_earfcn": 1850.0,
        "p90_observation_spread_m": 0.0,
        "anomaly_gps_rows": 1,
        "sessions": 1,
        "max_priority": 50.57,
        "dominant_case": "ca_underperformance",
        "coverage_or_planning_review": false,
        "location_method": "median anomaly-observation GPS coordinate; approximate dashboard marker, not tower coordinate"
      }
    },
    {
      "type": "Feature",
      "geometry": {
        "type": "Point",
        "coordinates": [
          177.4779567,
          -17.7776314
        ]
      },
      "properties": {
        "serving_cell_key": "ECI:1073462.0",
        "serving_eci": 1073462.0,
        "serving_pci": 81.0,
        "serving_earfcn": 40790.0,
        "p90_observation_spread_m": 0.0,
        "anomaly_gps_rows": 1,
        "sessions": 1,
        "max_priority": 50.2,
        "dominant_case": "ca_underperformance",
        "coverage_or_planning_review": false,
        "location_method": "median anomaly-observation GPS coordinate; approximate dashboard marker, not tower coordinate"
      }
    }
  ]
}