final_episode_id,id,route_label,start_time,end_time,rows,latitude_start,longitude_start,latitude_end,longitude_end,primary_serving_cell_key,primary_serving_eci,primary_serving_pci,primary_earfcn,primary_band,min_actual_tp,median_actual_tp,max_expected_tp,max_expected_gap,min_actual_expected_ratio,max_row_priority,mean_row_priority,max_row_impact,mean_row_impact,max_row_confidence,mean_row_confidence,consensus_rows,statistical_only_rows,ml_only_rows,high_quality_direct_evidence_rows,dominant_statistical_type,dominant_ml_type,dominant_impact_family,fusion_source_mode,duration_seconds,span_seconds_inclusive,observed_anomalous_seconds,episode_density_0_1,internal_gap_seconds,longest_consecutive_run_seconds,distance_affected_m,agreement_pct,direct_evidence_coverage_0_1,strong_direct_evidence_rows,radio_limited_degradation_flag_rows,coverage_planning_review_flag,episode_persistence_score_0_100,episode_impact_score_0_100,episode_detection_confidence_0_100,episode_final_priority_0_100,episode_impact_severity,episode_detection_confidence,episode_confidence_gate_pass,episode_critical_override_flag,episode_critical_override_reason,final_episode_handoff_flag,episode_keep_path,episode_priority_severity,operational_incident_id,incident_bridge_decision
LTE-TP-EP-000001,542020041221088+20250827094025+Fiji-Nadi-LTE-DL-D!20250827093942,Fiji-Nadi-LTE-DL-D,2025-08-26 23:37:42+02:00,2025-08-26 23:37:42+02:00,1,-17.8159714,177.3955939,-17.8159714,177.3955939,ECI:1067720.0,1067720.0,351.0,500.0,1.0,0.031944,0.031944,,,,76.65,76.65,90.89,90.89,59.24,59.24,0,1,0,0,radio_limited_degradation,normal,radio,statistical_only_retained,0.0,1.0,1.0,1.0,0.0,1.0,0.0,0.0,0.0,0,1,True,22.25,73.73,44.43,60.54,High,Medium,True,False,,True,priority_and_confidence_gate,Medium,INC-000001,new_session_or_first_episode
LTE-TP-EP-000002,542020041221088+20250827094025+Fiji-Nadi-LTE-DL-D!20250827093942,Fiji-Nadi-LTE-DL-D,2025-08-26 23:38:05+02:00,2025-08-26 23:38:06+02:00,2,-17.81597138,177.39559379,-17.8159714,177.3955938,ECI:1065267.0,1065267.0,145.0,41186.0,41.0,3.2676,4.082736,,,,57.63,56.43,58.56,55.71,58.13,57.315,0,2,0,2,radio_limited_degradation,normal,radio,statistical_only_retained,1.0,2.0,2.0,1.0,0.0,2.0,0.00492602320891773,0.0,1.0,2,2,True,29.5,50.58,53.39,51.85,Medium,Medium,True,False,,True,priority_and_confidence_gate,Medium,INC-000002,"new:gap=23.0s,dist=0.011855343780824396m,cell=False,family=True"
LTE-TP-EP-000003,542020041221088+20250827094025+Fiji-Nadi-LTE-DL-D!20250827093942,Fiji-Nadi-LTE-DL-D,2025-08-26 23:39:20+02:00,2025-08-26 23:39:21+02:00,2,-17.8159712,177.3955936,-17.8159712,177.3955936,ECI:1065280.0,1065280.0,145.0,40988.0,41.0,1.880664,4.747592,32.41143,25.533956163937656,0.06860076808483032,76.7,68.595,66.39,57.785,89.29,81.80000000000001,0,2,0,2,ca_underperformance,ml_quantile_p75_resource_underperformance,capability,statistical_only_retained,1.0,2.0,2.0,1.0,0.0,2.0,0.0,0.0,1.0,2,0,False,29.5,55.02,75.1,64.05,High,High,True,False,,True,priority_and_confidence_gate,Medium,INC-000003,"new:gap=74.0s,dist=0.030705855946123645m,cell=False,family=False"
LTE-TP-EP-000004,542020041221088+20250827094025+Fiji-Nadi-LTE-DL-D!20250827093942,Fiji-Nadi-LTE-DL-D,2025-08-26 23:39:27+02:00,2025-08-26 23:39:27+02:00,1,-17.8159712,177.3955937,-17.8159712,177.3955937,ECI:1064509.0,1064509.0,288.0,40988.0,41.0,0.744216,0.744216,25.09617452067155,24.35195852067155,0.029654559478258104,73.55,73.55,75.19,75.19,71.55,71.55,0,1,0,1,sudden_drop,normal,temporal,statistical_only_retained,0.0,1.0,1.0,1.0,0.0,1.0,0.0,0.0,1.0,1,0,False,22.25,61.96,63.66,62.72,High,High,True,False,,True,priority_and_confidence_gate,Medium,INC-000004,"new:gap=6.0s,dist=0.010586261860169551m,cell=False,family=False"
LTE-TP-EP-000005,542020041221088+20250827094505+Fiji-Nadi-LTE-DL-D!20250827094151,Fiji-Nadi-LTE-DL-D,2025-08-26 23:39:49+02:00,2025-08-26 23:39:49+02:00,1,-17.8159711,177.3955936,-17.8159711,177.3955936,EARFCN:40790.0|PCI:288.0,,288.0,40790.0,41.0,5.243832,5.243832,49.4498,44.205968000000006,0.1060435431488095,80.75,80.75,69.36,69.36,94.68,94.68,0,1,0,1,ca_underperformance,ml_quantile_p75_resource_underperformance,capability,statistical_only_retained,0.0,1.0,1.0,1.0,0.0,1.0,,0.0,1.0,1,0,False,22.25,57.58,81.01,68.12,High,Very High,True,False,,True,priority_and_confidence_gate,High,INC-000005,new_session_or_first_episode
LTE-TP-EP-000006,542020041221088+20250827094505+Fiji-Nadi-LTE-DL-D!20250827094151,Fiji-Nadi-LTE-DL-D,2025-08-26 23:39:50+02:00,2025-08-26 23:39:50+02:00,1,-17.81597115,177.39559364,-17.81597115,177.39559364,ECI:1064509.0,1064509.0,288.0,40790.0,41.0,10.927048,10.927048,41.78372959526875,30.856681595268753,0.26151442453421603,72.49,72.49,57.21,57.21,91.17,91.17,1,0,0,1,ca_underperformance,ml_quantile_p75_resource_underperformance,temporal,statistical_and_ml_consensus,0.0,1.0,1.0,1.0,0.0,1.0,0.006988694733692624,100.0,1.0,1,0,False,22.25,48.47,93.38,68.68,Medium,Very High,True,False,,True,priority_and_confidence_gate,High,INC-000006,"new:gap=1.0s,dist=0.006988696115813095m,cell=False,family=True"
LTE-TP-EP-000007,542020041221088+20250827094505+Fiji-Nadi-LTE-DL-D!20250827094151,Fiji-Nadi-LTE-DL-D,2025-08-26 23:40:01+02:00,2025-08-26 23:40:01+02:00,1,-17.8159711,177.3955937,-17.8159711,177.3955937,ECI:1064509.0,1064509.0,288.0,40790.0,41.0,14.059544,14.059544,53.47080336184639,39.41125936184639,0.2629387089035595,75.07,75.07,57.43,57.43,96.63,96.63,1,0,0,1,ca_underperformance,ml_quantile_p75_resource_underperformance,temporal,statistical_and_ml_consensus,0.0,1.0,1.0,1.0,0.0,1.0,0.011119508138052268,100.0,1.0,1,0,False,22.25,48.64,97.47,70.61,Medium,Very High,True,False,,True,priority_and_confidence_gate,High,INC-000007,"new:gap=11.0s,dist=0.008441309875576878m,cell=True,family=True"
LTE-TP-EP-000008,542020041221088+20250827094505+Fiji-Nadi-LTE-DL-D!20250827094151,Fiji-Nadi-LTE-DL-D,2025-08-26 23:40:15+02:00,2025-08-26 23:40:15+02:00,1,-17.8159711,177.3955937,-17.8159711,177.3955937,ECI:1064509.0,1064509.0,288.0,40790.0,41.0,0.021688,0.021688,,,,70.55,70.55,69.92,69.92,71.31,71.31,0,1,0,1,radio_limited_degradation,normal,radio,statistical_only_retained,0.0,1.0,1.0,1.0,0.0,1.0,0.0,0.0,1.0,1,1,True,22.25,58.0,63.48,60.47,High,High,True,False,,True,priority_and_confidence_gate,Medium,INC-000008,"new:gap=14.0s,dist=0.0m,cell=True,family=False"
LTE-TP-EP-000009,542020041221088+20250827094505+Fiji-Nadi-LTE-DL-D!20250827094151,Fiji-Nadi-LTE-DL-D,2025-08-26 23:41:14+02:00,2025-08-26 23:41:14+02:00,1,-17.8159711,177.3955937,-17.8159711,177.3955937,ECI:1064509.0,1064509.0,288.0,40790.0,41.0,0.025384,0.025384,,,,71.13,71.13,69.91,69.91,72.62,72.62,0,1,0,1,radio_limited_degradation,normal,radio,statistical_only_retained,0.0,1.0,1.0,1.0,0.0,1.0,0.0,0.0,1.0,1,1,True,22.25,58.0,64.46,60.91,High,High,True,False,,True,priority_and_confidence_gate,Medium,INC-000009,"new:gap=59.0s,dist=0.0m,cell=True,family=True"
LTE-TP-EP-000010,542020041221088+20250827094505+Fiji-Nadi-LTE-DL-D!20250827094151,Fiji-Nadi-LTE-DL-D,2025-08-26 23:41:35+02:00,2025-08-26 23:41:36+02:00,2,-17.815971,177.3955936,-17.815971,177.3955936,ECI:1064509.0,1064509.0,288.0,40790.0,41.0,0.031312,0.03888,25.206385,25.175073,0.0012422249362611893,80.15,80.135,77.98,77.95500000000001,82.8,82.8,0,2,0,2,radio_limited_degradation,normal,temporal,statistical_only_retained,1.0,2.0,2.0,1.0,0.0,2.0,0.0,0.0,1.0,2,2,True,29.5,65.85,72.1,68.66,High,High,True,False,,True,priority_and_confidence_gate,High,INC-000010,"new:gap=21.0s,dist=0.015352927855225991m,cell=True,family=True"
LTE-TP-EP-000012,542020041221088+20250827094725+Fiji-Nadi-LTE-DL-D!20250827094401,Fiji-Nadi-LTE-DL-D,2025-08-26 23:42:12+02:00,2025-08-26 23:42:12+02:00,1,-17.815971,177.3955936,-17.815971,177.3955936,ECI:1065267.0,1065267.0,145.0,41186.0,41.0,6.203912,6.203912,41.037212749999995,34.83330074999999,0.15117771369596733,66.78,66.78,60.84,60.84,74.03,74.03,0,1,0,1,ca_underperformance,normal,capability,statistical_only_retained,0.0,1.0,1.0,1.0,0.0,1.0,0.0,0.0,1.0,1,0,False,22.25,51.19,65.52,57.64,Medium,High,True,False,,True,priority_and_confidence_gate,Medium,INC-000011,new_session_or_first_episode
LTE-TP-EP-000013,542020041221088+20250827094725+Fiji-Nadi-LTE-DL-D!20250827094401,Fiji-Nadi-LTE-DL-D,2025-08-26 23:42:55+02:00,2025-08-26 23:42:55+02:00,1,-17.8159709,177.3955934,-17.8159709,177.3955934,ECI:1065267.0,1065267.0,145.0,41186.0,41.0,1.742888,1.742888,,,,63.86,63.86,63.9,63.9,63.8,63.8,0,1,0,1,radio_limited_degradation,normal,radio,statistical_only_retained,0.0,1.0,1.0,1.0,0.0,1.0,0.011119508138052268,0.0,1.0,1,1,True,22.25,53.49,57.85,55.45,Medium,Medium,True,False,,True,priority_and_confidence_gate,Medium,INC-000012,"new:gap=43.0s,dist=0.023914835366052066m,cell=True,family=False"
LTE-TP-EP-000015,542020041221088+20250827094725+Fiji-Nadi-LTE-DL-D!20250827094401,Fiji-Nadi-LTE-DL-D,2025-08-26 23:43:04+02:00,2025-08-26 23:43:04+02:00,1,-17.8157187,177.3958836,-17.8157187,177.3958836,ECI:1065267.0,1065267.0,151.0,41186.0,41.0,1.741488,1.741488,,,,68.81,68.81,63.9,63.9,74.8,74.8,0,1,0,1,radio_limited_degradation,normal,radio,statistical_only_retained,0.0,1.0,1.0,1.0,0.0,1.0,8.115526987859898,0.0,1.0,1,1,True,22.25,53.49,66.1,59.16,Medium,High,True,False,,True,priority_and_confidence_gate,Medium,INC-000013,"new:gap=9.0s,dist=41.596080653921014m,cell=True,family=True"
LTE-TP-EP-000017,542020041221088+20250827094725+Fiji-Nadi-LTE-DL-D!20250827094401,Fiji-Nadi-LTE-DL-D,2025-08-26 23:43:18+02:00,2025-08-26 23:43:21+02:00,2,-17.81474082,177.39682594,-17.81453451,177.39704089,ECI:1065267.0,1065267.0,145.0,41186.0,41.0,0.103264,6.915852,60.097231750000006,46.36879175000001,0.007410954561218834,76.64,66.135,73.08,62.89,81.0,70.11,0,2,0,2,ca_underperformance,normal,capability,statistical_only_retained,3.0,4.0,2.0,0.5,2.0,1.0,10.640513066512048,0.0,1.0,2,0,False,16.0,56.26,68.03,61.56,High,High,True,False,,True,priority_and_confidence_gate,Medium,INC-000014,"new:gap=14.0s,dist=147.5644105208569m,cell=True,family=False"
LTE-TP-EP-000018,542020041221088+20250827094725+Fiji-Nadi-LTE-DL-D!20250827094401,Fiji-Nadi-LTE-DL-D,2025-08-26 23:43:37+02:00,2025-08-26 23:43:37+02:00,1,-17.81350226,177.39803618,-17.81350226,177.39803618,ECI:1067570.0,1067570.0,151.0,41186.0,41.0,0.013496,0.013496,19.75472707269558,19.74123107269558,0.0006831782565426473,77.87,77.87,75.3,75.3,81.0,81.0,0,1,0,1,sudden_drop,normal,temporal,statistical_only_retained,0.0,1.0,1.0,1.0,0.0,1.0,10.791606665475335,0.0,1.0,1,0,False,22.25,62.04,70.75,65.96,High,High,True,False,,True,priority_and_confidence_gate,High,INC-000015,"new:gap=16.0s,dist=155.80925538765823m,cell=False,family=False"
LTE-TP-EP-000020,542020041221088+20250827094725+Fiji-Nadi-LTE-DL-D!20250827094401,Fiji-Nadi-LTE-DL-D,2025-08-26 23:43:52+02:00,2025-08-26 23:43:52+02:00,1,-17.81249118,177.39902101,-17.81249118,177.39902101,ECI:1064756.0,1064756.0,151.0,41186.0,41.0,7.18808,7.18808,50.5500302077184,43.3619502077184,0.14219734331439557,74.67,74.67,71.52,71.52,78.52,78.52,0,1,0,1,sudden_drop,normal,temporal,statistical_only_retained,0.0,1.0,1.0,1.0,0.0,1.0,11.122840908836713,0.0,1.0,1,0,False,22.25,59.2,68.89,63.56,High,High,True,False,,True,priority_and_confidence_gate,Medium,INC-000016,"new:gap=15.0s,dist=153.32865855916495m,cell=False,family=True"
LTE-TP-EP-000021,542020041221088+20250827094925+Fiji-Nadi-LTE-DL-D!20250827094611,Fiji-Nadi-LTE-DL-D,2025-08-26 23:44:17+02:00,2025-08-26 23:44:18+02:00,2,-17.81160131,177.39985085,-17.81160131,177.39985085,ECI:1067570.0,1067570.0,151.0,41186.0,41.0,0.95784,1.224376,14.578292782459277,13.620452782459278,0.06570316663913356,73.35,69.36,69.42,64.375,78.16,75.455,0,2,0,2,rolling_local_drop,normal,temporal,statistical_only_retained,1.0,2.0,2.0,1.0,0.0,2.0,0.0,0.0,1.0,2,0,False,29.5,58.18,67.94,62.57,High,High,True,False,,True,priority_and_confidence_gate,Medium,INC-000017,new_session_or_first_episode
LTE-TP-EP-000022,542020041221088+20250827094925+Fiji-Nadi-LTE-DL-D!20250827094611,Fiji-Nadi-LTE-DL-D,2025-08-26 23:44:32+02:00,2025-08-26 23:44:34+02:00,2,-17.8116013,177.3998509,-17.8116013,177.3998509,ECI:1067570.0,1067570.0,151.0,41186.0,41.0,0.053712,2.59402,25.161787028743042,21.675420487120903,0.0024718888354993323,79.34,71.65,76.5,68.45,82.8,75.555,0,2,0,2,radio_limited_degradation,normal,temporal,statistical_only_retained,2.0,3.0,2.0,0.6666666666666666,1.0,1.0,0.005408790696535652,0.0,1.0,2,1,True,18.5,59.99,70.29,64.62,High,High,True,False,,True,priority_and_confidence_gate,Medium,INC-000018,"new:gap=14.0s,dist=0.005408791664164767m,cell=True,family=True"
LTE-TP-EP-000023,542020041221088+20250827094925+Fiji-Nadi-LTE-DL-D!20250827094611,Fiji-Nadi-LTE-DL-D,2025-08-26 23:44:44+02:00,2025-08-26 23:44:48+02:00,3,-17.81160131,177.39985085,-17.81160131,177.39985085,ECI:1067570.0,1067570.0,151.0,41186.0,41.0,0.114824,1.12228,34.54131666915785,34.42649266915785,0.003324250812434346,88.13,79.58666666666666,81.5,73.72,96.23,86.75666666666666,0,3,0,3,radio_limited_degradation,normal,temporal,statistical_only_retained,4.0,5.0,3.0,0.6,2.0,2.0,0.010817581393071304,0.0,1.0,3,1,True,24.75,65.37,79.8,71.86,High,High,True,False,,True,priority_and_confidence_gate,High,INC-000019,"new:gap=10.0s,dist=0.005408791664164767m,cell=True,family=True"
LTE-TP-EP-000024,542020041221088+20250827094925+Fiji-Nadi-LTE-DL-D!20250827094611,Fiji-Nadi-LTE-DL-D,2025-08-26 23:44:56+02:00,2025-08-26 23:44:56+02:00,1,-17.8116013,177.3998509,-17.8116013,177.3998509,ECI:1067570.0,1067570.0,151.0,41186.0,41.0,20.30072,20.30072,100.61148,80.31076,0.2017733960379074,75.36,75.36,63.23,63.23,90.19,90.19,1,0,0,1,rb_conditioned_underperformance,ml_hgb_strict_causal_temporal_underperformance,capability,statistical_and_ml_consensus,0.0,1.0,1.0,1.0,0.0,1.0,0.0,100.0,1.0,1,0,False,22.25,52.99,92.64,70.83,Medium,Very High,True,False,,True,priority_and_confidence_gate,High,INC-000020,"new:gap=8.0s,dist=0.005408791664164767m,cell=True,family=False"
LTE-TP-EP-000025,542020041221088+20250827094925+Fiji-Nadi-LTE-DL-D!20250827094611,Fiji-Nadi-LTE-DL-D,2025-08-26 23:45:09+02:00,2025-08-26 23:45:10+02:00,2,-17.8116013,177.3998509,-17.81160131,177.39985085,ECI:1067570.0,1067570.0,151.0,41186.0,41.0,0.027328,0.031316000000000004,40.497877908946855,40.47054990894686,0.0006748007898449084,83.11,82.91499999999999,84.13,83.745,82.8,81.9,0,2,0,2,radio_limited_degradation,normal,temporal,statistical_only_retained,1.0,2.0,2.0,1.0,0.0,2.0,0.010817581393071304,0.0,1.0,2,1,True,29.5,70.38,71.88,71.05,High,High,True,False,,True,priority_and_confidence_gate,High,INC-000021,"new:gap=13.0s,dist=0.0m,cell=True,family=False"
LTE-TP-EP-000026,542020041221088+20250827094925+Fiji-Nadi-LTE-DL-D!20250827094611,Fiji-Nadi-LTE-DL-D,2025-08-26 23:45:18+02:00,2025-08-26 23:45:19+02:00,2,-17.81160131,177.39985085,-17.81160131,177.39985085,ECI:1067570.0,1067570.0,151.0,41186.0,41.0,2.183592,3.506424,58.33712475317452,56.153532753174524,0.037430572885427914,88.02,86.225,86.53,83.485,89.83,89.57,0,2,0,2,rolling_local_drop,normal,temporal,statistical_only_retained,1.0,2.0,2.0,1.0,0.0,2.0,0.005408790696535652,0.0,1.0,2,0,False,29.5,71.51,77.31,74.12,High,High,True,False,,True,priority_and_confidence_gate,High,INC-000022,"new:gap=8.0s,dist=0.0m,cell=True,family=True"
LTE-TP-EP-000027,542020041221088+20250827094925+Fiji-Nadi-LTE-DL-D!20250827094611,Fiji-Nadi-LTE-DL-D,2025-08-26 23:45:27+02:00,2025-08-26 23:45:27+02:00,1,-17.81160131,177.39985085,-17.81160131,177.39985085,ECI:1067570.0,1067570.0,151.0,41186.0,41.0,0.065448,0.065448,52.55935,52.493902,0.0012452208788731216,85.33,85.33,88.87,88.87,81.0,81.0,0,1,0,1,sudden_drop,normal,temporal,statistical_only_retained,0.0,1.0,1.0,1.0,0.0,1.0,0.0,0.0,1.0,1,0,False,22.25,72.22,70.75,71.56,High,High,True,False,,True,priority_and_confidence_gate,High,INC-000023,"new:gap=8.0s,dist=0.0m,cell=True,family=True"
LTE-TP-EP-000028,542020041221088+20250827094925+Fiji-Nadi-LTE-DL-D!20250827094611,Fiji-Nadi-LTE-DL-D,2025-08-26 23:45:35+02:00,2025-08-26 23:45:35+02:00,1,-17.81160131,177.39985085,-17.81160131,177.39985085,ECI:1067570.0,1067570.0,151.0,41186.0,41.0,0.04256,0.04256,53.23226481013683,53.18970481013683,0.0007995151089625525,86.32,86.32,89.2,89.2,82.8,82.8,0,1,0,1,radio_limited_degradation,normal,temporal,statistical_only_retained,0.0,1.0,1.0,1.0,0.0,1.0,0.005408790696535652,0.0,1.0,1,1,True,22.25,72.46,72.1,72.3,High,High,True,False,,True,priority_and_confidence_gate,High,INC-000024,"new:gap=8.0s,dist=0.0m,cell=True,family=True"
LTE-TP-EP-000029,542020041221088+20250827094925+Fiji-Nadi-LTE-DL-D!20250827094611,Fiji-Nadi-LTE-DL-D,2025-08-26 23:45:42+02:00,2025-08-26 23:45:43+02:00,2,-17.8116013,177.3998509,-17.81160131,177.39985085,ECI:1067570.0,1067570.0,151.0,41186.0,41.0,0.780336,2.086024,55.043853543592924,51.652141543592926,0.01525551969346134,87.97,87.6,86.66,84.525,93.14,91.36,0,2,0,2,rolling_local_drop,normal,temporal,statistical_only_retained,1.0,2.0,2.0,1.0,0.0,2.0,0.005408790696535652,0.0,1.0,2,0,False,29.5,71.84,79.41,75.24,High,High,True,False,,True,priority_and_confidence_gate,High,INC-000025,"new:gap=7.0s,dist=0.005408791664164767m,cell=True,family=True"
LTE-TP-EP-000030,542020041221088+20250827094925+Fiji-Nadi-LTE-DL-D!20250827094611,Fiji-Nadi-LTE-DL-D,2025-08-26 23:45:51+02:00,2025-08-26 23:45:52+02:00,2,-17.81160131,177.39985085,-17.81160131,177.39985085,ECI:1067570.0,1067570.0,151.0,41186.0,41.0,10.947976,12.369648000000002,100.61148,86.82016,0.1370750137061894,86.12,81.38,74.76,72.21000000000001,100.0,92.58,1,1,0,2,ca_underperformance,ml_quantile_p75_resource_underperformance,capability,statistical_and_ml_consensus,1.0,2.0,2.0,1.0,0.0,2.0,0.0,50.0,1.0,2,0,False,29.5,62.81,90.64,75.33,High,Very High,True,False,,True,priority_and_confidence_gate,High,INC-000026,"new:gap=8.0s,dist=0.0m,cell=True,family=False"
LTE-TP-EP-000031,542020041221088+20250827094925+Fiji-Nadi-LTE-DL-D!20250827094611,Fiji-Nadi-LTE-DL-D,2025-08-26 23:46:06+02:00,2025-08-26 23:46:07+02:00,2,-17.81160131,177.39985085,-17.8116013,177.3998509,ECI:1067570.0,1067570.0,151.0,41186.0,41.0,7.133544,12.812660000000001,64.68593352732148,57.55238952732148,0.11027967922866871,85.51,72.165,78.74,66.255,93.79,79.39,0,2,0,2,ca_underperformance,ml_quantile_p75_resource_underperformance,temporal,statistical_only_retained,1.0,2.0,2.0,1.0,0.0,2.0,0.010817581393071304,0.0,1.0,2,0,False,29.5,63.31,76.74,69.35,High,High,True,False,,True,priority_and_confidence_gate,High,INC-000027,"new:gap=14.0s,dist=0.0m,cell=True,family=True"
LTE-TP-EP-000032,542020041221088+20250827095105+Fiji-Nadi-LTE-DL-D!20250827094821,Fiji-Nadi-LTE-DL-D,2025-08-26 23:46:19+02:00,2025-08-26 23:46:19+02:00,1,-17.8116013,177.3998509,-17.8116013,177.3998509,EARFCN:41186.0|PCI:151.0,,151.0,41186.0,41.0,14.979072,14.979072,129.4520453257592,114.4729733257592,0.11571135830496893,85.99,85.99,74.53,74.53,100.0,100.0,1,0,0,1,ca_underperformance,ml_quantile_p75_resource_underperformance,resource,statistical_and_ml_consensus,0.0,1.0,1.0,1.0,0.0,1.0,,100.0,1.0,1,0,False,22.25,61.46,100.0,78.8,High,Very High,True,False,,True,priority_and_confidence_gate,High,INC-000028,new_session_or_first_episode
LTE-TP-EP-000033,542020041221088+20250827095105+Fiji-Nadi-LTE-DL-D!20250827094821,Fiji-Nadi-LTE-DL-D,2025-08-26 23:46:28+02:00,2025-08-26 23:46:28+02:00,1,-17.8116013,177.3998509,-17.8116013,177.3998509,ECI:1067570.0,1067570.0,151.0,41186.0,41.0,1.10688,1.10688,37.32092929988688,36.21404929988688,0.02965842546700345,80.44,80.44,79.99,79.99,81.0,81.0,0,1,0,1,sudden_drop,normal,temporal,statistical_only_retained,0.0,1.0,1.0,1.0,0.0,1.0,0.005408790696535652,0.0,1.0,1,0,False,22.25,65.55,70.75,67.89,High,High,True,False,,True,priority_and_confidence_gate,High,INC-000029,"new:gap=9.0s,dist=0.0m,cell=False,family=False"
LTE-TP-EP-000034,542020041221088+20250827095105+Fiji-Nadi-LTE-DL-D!20250827094821,Fiji-Nadi-LTE-DL-D,2025-08-26 23:46:38+02:00,2025-08-26 23:46:39+02:00,2,-17.81160131,177.39985085,-17.81160131,177.39985085,ECI:1067570.0,1067570.0,151.0,41186.0,41.0,0.99912,3.445848,52.72070927546523,49.66801248417341,0.019719292389639164,90.34,86.62,85.95,80.785,95.71,93.755,0,2,0,2,radio_limited_degradation,normal,temporal,statistical_only_retained,1.0,2.0,2.0,1.0,0.0,2.0,0.005408790696535652,0.0,1.0,2,1,True,29.5,70.55,81.29,75.38,High,Very High,True,False,,True,priority_and_confidence_gate,High,INC-000030,"new:gap=10.0s,dist=0.005408791664164767m,cell=True,family=True"
LTE-TP-EP-000035,542020041221088+20250827095105+Fiji-Nadi-LTE-DL-D!20250827094821,Fiji-Nadi-LTE-DL-D,2025-08-26 23:46:47+02:00,2025-08-26 23:46:48+02:00,2,-17.8116013,177.3998509,-17.8116013,177.3998509,ECI:1067570.0,1067570.0,151.0,41186.0,41.0,1.5938799,7.829947949999999,67.19401000219453,53.127994002194534,0.037723254388429196,80.95,77.49000000000001,80.91,73.16499999999999,84.56,82.78,0,2,0,2,rolling_local_drop,normal,temporal,statistical_only_retained,1.0,2.0,2.0,1.0,0.0,2.0,0.005408790696535652,0.0,1.0,2,0,False,29.5,66.12,72.97,69.21,High,High,True,False,,True,priority_and_confidence_gate,High,INC-000031,"new:gap=8.0s,dist=0.005408791664164767m,cell=True,family=True"
LTE-TP-EP-000036,542020041221088+20250827095105+Fiji-Nadi-LTE-DL-D!20250827094821,Fiji-Nadi-LTE-DL-D,2025-08-26 23:46:56+02:00,2025-08-26 23:46:56+02:00,1,-17.8116013,177.3998509,-17.8116013,177.3998509,ECI:1067570.0,1067570.0,151.0,41186.0,41.0,9.805608,9.805608,64.91136153576026,55.105753535760265,0.15106150553625347,77.15,77.15,73.19,73.19,81.98,81.98,0,1,0,1,sudden_drop,normal,temporal,statistical_only_retained,0.0,1.0,1.0,1.0,0.0,1.0,0.0,0.0,1.0,1,0,False,22.25,60.46,71.49,65.42,High,High,True,False,,True,priority_and_confidence_gate,High,INC-000032,"new:gap=8.0s,dist=0.0m,cell=True,family=True"
LTE-TP-EP-000037,542020041221088+20250827095105+Fiji-Nadi-LTE-DL-D!20250827094821,Fiji-Nadi-LTE-DL-D,2025-08-26 23:47:03+02:00,2025-08-26 23:47:03+02:00,1,-17.8116013,177.3998509,-17.8116013,177.3998509,ECI:1067570.0,1067570.0,151.0,41186.0,41.0,0.036536,0.036536,64.866225,64.829689,0.0005632515226529676,88.08,88.08,93.87,93.87,81.0,81.0,0,1,0,1,sudden_drop,normal,temporal,statistical_only_retained,0.0,1.0,1.0,1.0,0.0,1.0,0.005408790696535652,0.0,1.0,1,0,False,22.25,75.97,70.75,73.62,High,High,True,False,,True,priority_and_confidence_gate,High,INC-000033,"new:gap=7.0s,dist=0.0m,cell=True,family=True"
LTE-TP-EP-000038,542020041221088+20250827095105+Fiji-Nadi-LTE-DL-D!20250827094821,Fiji-Nadi-LTE-DL-D,2025-08-26 23:47:09+02:00,2025-08-26 23:47:10+02:00,2,-17.8116013,177.3998509,-17.8116013,177.3998509,ECI:1067570.0,1067570.0,151.0,41186.0,41.0,10.607456,18.6327125,105.7221075,79.06413850000001,0.12007217786593151,90.58,77.84,82.88,71.35,100.0,85.78,1,1,0,2,ca_underperformance,ml_quantile_p75_resource_underperformance,capability,statistical_and_ml_consensus,1.0,2.0,2.0,1.0,0.0,2.0,0.0,50.0,1.0,2,0,False,29.5,66.65,88.94,76.68,High,Very High,True,False,,True,priority_and_confidence_gate,High,INC-000034,"new:gap=6.0s,dist=0.0m,cell=True,family=False"
LTE-TP-EP-000039,542020041221088+20250827095105+Fiji-Nadi-LTE-DL-D!20250827094821,Fiji-Nadi-LTE-DL-D,2025-08-26 23:47:36+02:00,2025-08-26 23:47:36+02:00,1,-17.8116013,177.3998509,-17.8116013,177.3998509,ECI:1067570.0,1067570.0,151.0,41186.0,41.0,0.357584,0.357584,49.73495511787558,49.377371117875576,0.0071897923533357794,85.14,85.14,87.06,87.06,82.8,82.8,0,1,0,1,radio_limited_degradation,normal,temporal,statistical_only_retained,0.0,1.0,1.0,1.0,0.0,1.0,0.005408790696535652,0.0,1.0,1,1,True,22.25,70.86,72.1,71.42,High,High,True,False,,True,priority_and_confidence_gate,High,INC-000035,"new:gap=26.0s,dist=0.0m,cell=True,family=False"
LTE-TP-EP-000041,542020041221088+20250827095105+Fiji-Nadi-LTE-DL-D!20250827094821,Fiji-Nadi-LTE-DL-D,2025-08-26 23:48:21+02:00,2025-08-26 23:48:22+02:00,2,-17.81160836,177.39985997,-17.81160836,177.39985997,ECI:1067570.0,1067570.0,151.0,41186.0,41.0,0.064312,0.719764,26.16615937722511,26.10184737722511,0.0024578310891118713,80.3,77.78999999999999,78.26,75.84,82.8,80.18,0,2,0,2,radio_limited_degradation,normal,temporal,statistical_only_retained,1.0,2.0,2.0,1.0,0.0,2.0,0.436389244458858,0.0,1.0,2,1,True,29.5,65.46,71.44,68.16,High,High,True,False,,True,priority_and_confidence_gate,High,INC-000036,"new:gap=45.0s,dist=1.240267225022523m,cell=True,family=True"
LTE-TP-EP-000042,542020041221088+20250827095145+Fiji-Nadi-LTE-DL-D!20250827095034,Fiji-Nadi-LTE-DL-D,2025-08-26 23:48:36+02:00,2025-08-26 23:48:36+02:00,1,-17.8115561,177.3999228,-17.8115561,177.3999228,ECI:1067570.0,1067570.0,151.0,41186.0,41.0,0.070792,0.070792,28.849110120964987,28.778318120964986,0.002453871183657572,80.08,80.08,79.33,79.33,81.0,81.0,0,1,0,1,sudden_drop,normal,temporal,statistical_only_retained,0.0,1.0,1.0,1.0,0.0,1.0,3.7029856903830156,0.0,1.0,1,0,False,22.25,65.06,70.75,67.62,High,High,True,False,,True,priority_and_confidence_gate,High,INC-000037,new_session_or_first_episode
LTE-TP-EP-000043,542020041221088+20250827095145+Fiji-Nadi-LTE-DL-D!20250827095034,Fiji-Nadi-LTE-DL-D,2025-08-26 23:48:49+02:00,2025-08-26 23:48:49+02:00,1,-17.810757,177.4007305,-17.810757,177.4007305,ECI:1067570.0,1067570.0,151.0,41186.0,41.0,7.09764,7.09764,33.17437648039358,26.076736480393585,0.21394946199500636,64.49,64.49,61.35,61.35,68.32,68.32,0,1,0,1,radio_limited_degradation,normal,temporal,statistical_only_retained,0.0,1.0,1.0,1.0,0.0,1.0,12.274716119419834,0.0,1.0,1,1,True,22.25,51.58,61.24,55.92,Medium,High,True,False,,True,priority_and_confidence_gate,Medium,INC-000038,"new:gap=13.0s,dist=123.31637351637147m,cell=True,family=True"
LTE-TP-EP-000044,542020041221088+20250827095145+Fiji-Nadi-LTE-DL-D!20250827095034,Fiji-Nadi-LTE-DL-D,2025-08-26 23:48:59+02:00,2025-08-26 23:49:00+02:00,2,-17.810433,177.4012242,-17.81043825,177.4012211,ECI:1067570.0,1067570.0,151.0,41186.0,41.0,0.051336,0.053744,29.718492044587396,29.667156044587397,0.001727409315485433,81.11,80.705,79.73,79.725,82.8,81.9,0,2,0,2,radio_limited_degradation,normal,temporal,statistical_only_retained,1.0,2.0,2.0,1.0,0.0,2.0,6.665488388725278,0.0,1.0,2,1,True,29.5,67.17,71.88,69.29,High,High,True,False,,True,priority_and_confidence_gate,High,INC-000039,"new:gap=10.0s,dist=63.47983529911436m,cell=True,family=True"
LTE-TP-EP-000045,542020041221088+20250827095145+Fiji-Nadi-LTE-DL-D!20250827095034,Fiji-Nadi-LTE-DL-D,2025-08-26 23:49:27+02:00,2025-08-26 23:49:27+02:00,1,-17.8119525,177.39964802,-17.8119525,177.39964802,ECI:1067570.0,1067570.0,151.0,41186.0,41.0,0.576768,0.576768,30.25810696056525,29.68133896056525,0.019061602259245414,77.42,77.42,78.41,78.41,76.21,76.21,0,1,0,1,radio_limited_degradation,normal,temporal,statistical_only_retained,0.0,1.0,1.0,1.0,0.0,1.0,14.368056751837399,0.0,1.0,1,1,True,22.25,64.37,67.16,65.62,High,High,True,False,,True,priority_and_confidence_gate,High,INC-000040,"new:gap=27.0s,dist=236.82212122136926m,cell=True,family=True"
LTE-TP-EP-000046,542020041221088+20250827095145+Fiji-Nadi-LTE-DL-D!20250827095034,Fiji-Nadi-LTE-DL-D,2025-08-26 23:49:39+02:00,2025-08-26 23:49:40+02:00,2,-17.8131091,177.3985136,-17.81320617,177.39841908,ECI:1067570.0,1067570.0,151.0,41186.0,41.0,5.053072,10.037832,44.79472913076933,29.772137130769334,0.18032513127043479,63.32,60.629999999999995,63.72,56.480000000000004,68.58,65.71000000000001,0,2,0,2,radio_limited_degradation,normal,temporal,statistical_only_retained,1.0,2.0,2.0,1.0,0.0,2.0,29.4153072787514,0.0,1.0,2,1,True,29.5,53.36,60.72,56.67,Medium,High,True,False,,True,priority_and_confidence_gate,Medium,INC-000041,"new:gap=12.0s,dist=175.96273717595227m,cell=True,family=True"
LTE-TP-EP-000047,542020041221088+20250827095145+Fiji-Nadi-LTE-DL-D!20250827095034,Fiji-Nadi-LTE-DL-D,2025-08-26 23:49:57+02:00,2025-08-26 23:49:57+02:00,1,-17.8149233,177.3967452,-17.8149233,177.3967452,ECI:1067570.0,1067570.0,151.0,41186.0,41.0,8.797104,8.797104,36.23728884855329,27.440184848553294,0.24276385677653167,64.92,64.92,58.85,58.85,72.34,72.34,0,1,0,1,sudden_drop,normal,temporal,statistical_only_retained,0.0,1.0,1.0,1.0,0.0,1.0,14.043034898825175,0.0,1.0,1,0,False,22.25,49.7,64.26,56.25,Medium,High,True,False,,True,priority_and_confidence_gate,Medium,INC-000042,"new:gap=17.0s,dist=260.49509594095804m,cell=True,family=True"
LTE-TP-EP-000049,542020041221088+20250827095225+Fiji-Nadi-LTE-DL-D!20250827095140,Fiji-Nadi-LTE-DL-D,2025-08-26 23:51:33+02:00,2025-08-26 23:51:33+02:00,1,-17.816197,177.3954095,-17.816197,177.3954095,ECI:1067553.0,1067553.0,351.0,1850.0,3.0,8.153976,8.153976,32.12177939182537,23.96780339182537,0.2538457132320352,70.24,70.24,57.59,57.59,85.7,85.7,0,1,0,1,sudden_drop,normal,temporal,statistical_only_retained,0.0,1.0,1.0,1.0,0.0,1.0,0.0,0.0,1.0,1,0,False,22.25,48.76,74.27,60.24,Medium,High,True,False,,True,priority_and_confidence_gate,Medium,INC-000043,new_session_or_first_episode
LTE-TP-EP-000050,542020041221088+20250827095725+Fiji-Nadi-LTE-DL-D!20250827095641,Fiji-Nadi-LTE-DL-D,2025-08-26 23:54:41+02:00,2025-08-26 23:54:44+02:00,2,-17.816197,177.3954095,-17.816197,177.3954095,ECI:1067553.0,1067553.0,351.0,1850.0,3.0,0.01332,0.0382,,,,79.0,78.93,90.95,90.86500000000001,64.4,64.34,0,2,0,0,radio_limited_degradation,normal,radio,statistical_only_retained,3.0,4.0,2.0,0.5,2.0,1.0,0.0,0.0,0.0,0,2,True,16.0,72.19,48.28,61.43,High,Medium,True,False,,True,priority_and_confidence_gate,Medium,INC-000044,new_session_or_first_episode
LTE-TP-EP-000051,542020041221088+20250827095725+Fiji-Nadi-LTE-DL-D!20250827095641,Fiji-Nadi-LTE-DL-D,2025-08-26 23:55:08+02:00,2025-08-26 23:55:08+02:00,1,-17.816197,177.3954095,-17.816197,177.3954095,ECI:1067553.0,1067553.0,351.0,1850.0,3.0,1.224536,1.224536,18.169227911847972,16.944691911847972,0.06739614946441903,73.06,73.06,66.57,66.57,81.0,81.0,0,1,0,1,sudden_drop,normal,temporal,statistical_only_retained,0.0,1.0,1.0,1.0,0.0,1.0,0.003951031929095129,0.0,1.0,1,0,False,22.25,55.49,70.75,62.36,High,High,True,False,,True,priority_and_confidence_gate,Medium,INC-000045,"new:gap=24.0s,dist=0.0m,cell=True,family=False"
LTE-TP-EP-000052,542020041221088+20250827095725+Fiji-Nadi-LTE-DL-D!20250827095641,Fiji-Nadi-LTE-DL-D,2025-08-26 23:56:20+02:00,2025-08-26 23:56:23+02:00,3,-17.81614814,177.39541892,-17.81609752,177.39547156,ECI:1067553.0,1067553.0,351.0,1850.0,3.0,2.85468,5.035032,27.900687529415734,22.865655529415733,0.1140131051772615,76.94,69.00333333333333,66.22,58.31999999999999,90.05,82.06333333333333,0,3,0,3,radio_limited_degradation,normal,temporal,statistical_only_retained,3.0,4.0,3.0,0.75,1.0,2.0,6.512923223528177,0.0,1.0,3,2,True,27.0,54.44,75.54,63.94,Medium,High,True,False,,True,priority_and_confidence_gate,Medium,INC-000046,"new:gap=72.0s,dist=5.523753728009815m,cell=True,family=True"
LTE-TP-EP-000053,542020041221088+20250827095725+Fiji-Nadi-LTE-DL-D!20250827095641,Fiji-Nadi-LTE-DL-D,2025-08-26 23:56:40+02:00,2025-08-26 23:56:40+02:00,1,-17.81500324,177.39656325,-17.81500324,177.39656325,ECI:1067553.0,1067553.0,351.0,1850.0,3.0,5.124312,5.124312,23.802779232063585,18.678467232063586,0.21528208744201116,72.53,72.53,57.81,57.81,90.52,90.52,0,1,0,1,sudden_drop,normal,temporal,statistical_only_retained,0.0,1.0,1.0,1.0,0.0,1.0,12.630326687090726,0.0,1.0,1,0,False,22.25,48.92,77.89,61.96,Medium,High,True,False,,True,priority_and_confidence_gate,Medium,INC-000047,"new:gap=17.0s,dist=167.81527337794543m,cell=True,family=True"
LTE-TP-EP-000054,542020041221088+20250827100005+Fiji-Nadi-LTE-DL-D!20250827095853,Fiji-Nadi-LTE-DL-D,2025-08-26 23:56:57+02:00,2025-08-26 23:56:57+02:00,1,-17.8134954,177.3980509,-17.8134954,177.3980509,ECI:1067553.0,1067553.0,351.0,1850.0,3.0,0.893032,0.893032,28.44586206499858,27.552830064998577,0.03139409162427311,79.42,79.42,76.66,76.66,82.8,82.8,0,1,0,1,radio_limited_degradation,normal,temporal,statistical_only_retained,0.0,1.0,1.0,1.0,0.0,1.0,13.524545072129941,0.0,1.0,1,1,True,22.25,63.06,72.1,67.13,High,High,True,False,,True,priority_and_confidence_gate,High,INC-000048,new_session_or_first_episode
LTE-TP-EP-000056,542020041221088+20250827100005+Fiji-Nadi-LTE-DL-D!20250827095853,Fiji-Nadi-LTE-DL-D,2025-08-26 23:57:13+02:00,2025-08-26 23:57:14+02:00,2,-17.81219426,177.39931836,-17.8120191,177.3995024,ECI:1067570.0,1067570.0,151.0,41186.0,41.0,0.047376,9.575976,105.7221075,86.61753150000001,0.0015053910251356872,81.51,77.18,80.45,73.015,82.8,82.265,0,2,0,2,radio_limited_degradation,ml_hgb_strict_causal_temporal_underperformance,capability,statistical_only_retained,1.0,2.0,2.0,1.0,0.0,2.0,41.00641031437843,0.0,1.0,2,1,True,29.5,65.85,71.97,68.6,High,High,True,False,,True,priority_and_confidence_gate,High,INC-000049,"new:gap=16.0s,dist=197.32311387455974m,cell=False,family=True"
LTE-TP-EP-000057,542020041221088+20250827100005+Fiji-Nadi-LTE-DL-D!20250827095853,Fiji-Nadi-LTE-DL-D,2025-08-26 23:57:26+02:00,2025-08-26 23:57:26+02:00,1,-17.81101512,177.40048821,-17.81101512,177.40048821,ECI:1067570.0,1067570.0,151.0,41186.0,41.0,0.159792,0.159792,34.87265710051973,34.71286510051973,0.004582157291295664,81.28,81.28,81.51,81.51,81.0,81.0,0,1,0,1,sudden_drop,normal,temporal,statistical_only_retained,0.0,1.0,1.0,1.0,0.0,1.0,13.587904964875083,0.0,1.0,1,0,False,22.25,66.7,70.75,68.52,High,High,True,False,,True,priority_and_confidence_gate,High,INC-000050,"new:gap=12.0s,dist=152.82213935754575m,cell=True,family=False"
LTE-TP-EP-000058,542020041221088+20250827100005+Fiji-Nadi-LTE-DL-D!20250827095853,Fiji-Nadi-LTE-DL-D,2025-08-26 23:57:35+02:00,2025-08-26 23:57:35+02:00,1,-17.8101501,177.4013366,-17.8101501,177.4013366,ECI:1067570.0,1067570.0,151.0,41186.0,41.0,0.201568,0.201568,41.966279201326714,41.76471120132671,0.004803094385208867,82.8,82.8,84.28,84.28,81.0,81.0,0,1,0,1,sudden_drop,normal,temporal,statistical_only_retained,0.0,1.0,1.0,1.0,0.0,1.0,25.639856621292836,0.0,1.0,1,0,False,22.25,68.77,70.75,69.66,High,High,True,False,,True,priority_and_confidence_gate,High,INC-000051,"new:gap=9.0s,dist=131.60002167362939m,cell=True,family=True"
LTE-TP-EP-000060,542020041221088+20250827100005+Fiji-Nadi-LTE-DL-D!20250827095853,Fiji-Nadi-LTE-DL-D,2025-08-26 23:57:48+02:00,2025-08-26 23:57:50+02:00,3,-17.80924058,177.40261978,-17.8090995,177.4030326,ECI:1067570.0,1067570.0,151.0,41186.0,41.0,0.321856,0.341712,,,,79.28,72.55666666666667,89.87,82.86,66.34,59.96333333333333,0,3,0,2,radio_limited_degradation,normal,radio,statistical_only_retained,2.0,3.0,3.0,1.0,0.0,3.0,61.804242745473836,0.0,0.6666666666666666,2,3,True,36.75,74.84,54.83,65.83,High,Medium,True,False,,True,priority_and_confidence_gate,High,INC-000052,"new:gap=13.0s,dist=169.35801974487555m,cell=True,family=False"
LTE-TP-EP-000061,542020041221088+20250827100005+Fiji-Nadi-LTE-DL-D!20250827095853,Fiji-Nadi-LTE-DL-D,2025-08-26 23:57:51+02:00,2025-08-26 23:57:56+02:00,3,-17.80910012,177.40303326,-17.8089618,177.403915,ECI:1065267.0,1065267.0,145.0,41186.0,41.0,0.411072,0.97012,100.61148,63.60464,0.019500429778173917,77.54,68.11,87.6,68.73,82.8,67.36,0,3,0,1,radio_limited_degradation,normal,capability,statistical_only_retained,5.0,6.0,3.0,0.5,3.0,1.0,31.753102751951666,0.0,0.3333333333333333,1,2,True,17.25,65.29,61.57,63.62,High,High,True,False,,True,priority_and_confidence_gate,Medium,INC-000053,"new:gap=1.0s,dist=0.09815780462500787m,cell=False,family=True"
LTE-TP-EP-000063,542020041221088+20250827100145+Fiji-Nadi-LTE-DL-D!20250827100105,Fiji-Nadi-LTE-DL-D,2025-08-26 23:59:03+02:00,2025-08-26 23:59:06+02:00,2,-17.8108518,177.4116205,-17.81059693,177.41186678,ECI:1064756.0,1064756.0,149.0,41186.0,41.0,5.641312,7.259691999999999,41.037212749999995,35.395900749999996,0.13746820561052847,69.92,66.13,62.63,57.495000000000005,78.83,76.685,0,2,0,2,ca_underperformance,normal,capability,statistical_only_retained,3.0,4.0,2.0,0.5,2.0,1.0,25.583330726158316,0.0,1.0,2,1,True,16.0,49.69,68.59,58.19,Medium,High,True,False,,True,priority_and_confidence_gate,Medium,INC-000054,new_session_or_first_episode
LTE-TP-EP-000064,542020041221088+20250827100145+Fiji-Nadi-LTE-DL-D!20250827100105,Fiji-Nadi-LTE-DL-D,2025-08-26 23:59:12+02:00,2025-08-26 23:59:12+02:00,1,-17.81009268,177.41232286,-17.81009268,177.41232286,ECI:1065267.0,1065267.0,145.0,41186.0,41.0,5.68724,5.68724,41.037212749999995,35.34997274999999,0.13858738493393416,68.78,68.78,62.48,62.48,76.48,76.48,0,1,0,1,ca_underperformance,normal,capability,statistical_only_retained,0.0,1.0,1.0,1.0,0.0,1.0,0.20031384824377468,0.0,1.0,1,0,False,22.25,52.42,67.36,59.14,Medium,High,True,False,,True,priority_and_confidence_gate,Medium,INC-000055,"new:gap=6.0s,dist=73.99418963467551m,cell=False,family=True"
LTE-TP-EP-000065,542020041221088+20250827100145+Fiji-Nadi-LTE-DL-D!20250827100105,Fiji-Nadi-LTE-DL-D,2025-08-26 23:59:22+02:00,2025-08-26 23:59:22+02:00,1,-17.80922389,177.41292875,-17.80922389,177.41292875,ECI:1064756.0,1064756.0,149.0,41186.0,41.0,1.541712,1.541712,39.89555803989617,38.353846039896176,0.03864370059589752,80.41,80.41,80.0,80.0,80.92,80.92,0,1,0,1,sudden_drop,normal,temporal,statistical_only_retained,0.0,1.0,1.0,1.0,0.0,1.0,12.351512955847761,0.0,1.0,1,0,False,22.25,65.56,70.69,67.87,High,High,True,False,,True,priority_and_confidence_gate,High,INC-000056,"new:gap=10.0s,dist=115.96090874284597m,cell=False,family=False"
LTE-TP-EP-000066,542020041221088+20250827100145+Fiji-Nadi-LTE-DL-D!20250827100105,Fiji-Nadi-LTE-DL-D,2025-08-27 00:00:56+02:00,2025-08-27 00:00:56+02:00,1,-17.80709114,177.42027637,-17.80709114,177.42027637,ECI:1064755.0,1064755.0,148.0,41186.0,41.0,10.390496,10.390496,54.170067,43.779571000000004,0.1918125004349727,73.4,73.4,57.71,57.71,92.57,92.57,1,0,0,1,ca_underperformance,ml_hgb_strict_causal_temporal_underperformance,capability,statistical_and_ml_consensus,0.0,1.0,1.0,1.0,0.0,1.0,8.601850494803042,100.0,1.0,1,0,False,22.25,48.84,94.43,69.36,Medium,Very High,True,False,,True,priority_and_confidence_gate,High,INC-000057,"new:gap=94.0s,dist=813.2196805457147m,cell=False,family=False"
LTE-TP-EP-000067,542020041221088+20250827100345+Fiji-Nadi-LTE-DL-D!20250827100319,Fiji-Nadi-LTE-DL-D,2025-08-27 00:01:57+02:00,2025-08-27 00:01:57+02:00,1,-17.807038,177.4225792,-17.807038,177.4225792,ECI:1064755.0,1064755.0,148.0,41186.0,41.0,1.528496,1.528496,31.518399860972973,29.989903860972973,0.048495355308079253,81.54,81.54,76.2,76.2,88.07,88.07,0,1,0,1,sudden_drop,normal,temporal,statistical_only_retained,0.0,1.0,1.0,1.0,0.0,1.0,0.0,0.0,1.0,1,0,False,22.25,62.71,76.05,68.72,High,High,True,False,,True,priority_and_confidence_gate,High,INC-000058,new_session_or_first_episode
LTE-TP-EP-000068,542020041221088+20250827100345+Fiji-Nadi-LTE-DL-D!20250827100319,Fiji-Nadi-LTE-DL-D,2025-08-27 00:02:10+02:00,2025-08-27 00:02:11+02:00,2,-17.80703805,177.42257921,-17.807038,177.4225792,ECI:1064755.0,1064755.0,148.0,41186.0,41.0,0.221928,3.222672,54.170067,47.946651,0.007103005742612163,81.18,78.95500000000001,79.86,74.675,85.58,84.19,0,2,0,2,ca_underperformance,ml_quantile_p75_resource_underperformance,capability,statistical_only_retained,1.0,2.0,2.0,1.0,0.0,2.0,0.011319306269641753,0.0,1.0,2,1,True,29.5,65.97,73.84,69.51,High,High,True,False,,True,priority_and_confidence_gate,High,INC-000059,"new:gap=13.0s,dist=0.005659652893064714m,cell=True,family=False"
LTE-TP-EP-000069,542020041221088+20250827100345+Fiji-Nadi-LTE-DL-D!20250827100319,Fiji-Nadi-LTE-DL-D,2025-08-27 00:02:23+02:00,2025-08-27 00:02:25+02:00,3,-17.80703805,177.42257921,-17.80703805,177.42257921,ECI:1064755.0,1064755.0,148.0,41186.0,41.0,0.020248,0.341856,70.787155,62.895603,0.024264769675113564,86.29,76.64333333333333,75.08,69.66333333333334,100.0,85.18,1,2,0,3,ca_underperformance,normal,capability,statistical_only_retained,2.0,3.0,3.0,1.0,0.0,3.0,0.01697895940446263,33.33333333333333,1.0,3,1,True,36.75,64.14,86.3,74.11,High,Very High,True,False,,True,priority_and_confidence_gate,High,INC-000060,"new:gap=12.0s,dist=0.005659652893064714m,cell=True,family=True"
LTE-TP-EP-000070,542020041221088+20250827100345+Fiji-Nadi-LTE-DL-D!20250827100319,Fiji-Nadi-LTE-DL-D,2025-08-27 00:03:18+02:00,2025-08-27 00:03:18+02:00,1,-17.80703805,177.42257921,-17.80703805,177.42257921,ECI:1064755.0,1064755.0,148.0,41186.0,41.0,0.672216,0.672216,27.331852154193882,26.659636154193883,0.02459460106134275,77.48,77.48,76.84,76.84,78.26,78.26,0,1,0,1,sudden_drop,normal,temporal,statistical_only_retained,0.0,1.0,1.0,1.0,0.0,1.0,0.005659653134820876,0.0,1.0,1,0,False,22.25,63.19,68.7,65.67,High,High,True,False,,True,priority_and_confidence_gate,High,INC-000061,"new:gap=53.0s,dist=0.0m,cell=True,family=False"
LTE-TP-EP-000071,542020041221088+20250827100525+Fiji-Nadi-LTE-DL-D!20250827100437,Fiji-Nadi-LTE-DL-D,2025-08-27 00:03:31+02:00,2025-08-27 00:03:32+02:00,2,-17.807038,177.4225792,-17.807038,177.4225792,ECI:1064755.0,1064755.0,148.0,41186.0,41.0,0.025936,7.894832,50.44166570426046,34.67793770426046,0.0009352684668733543,80.72,76.57,79.01,65.265,97.96,90.38,1,1,0,2,radio_limited_degradation,ml_quantile_p75_resource_underperformance,temporal,statistical_and_ml_consensus,1.0,2.0,2.0,1.0,0.0,2.0,0.005659653134820876,50.0,1.0,2,1,True,29.5,63.2,89.07,74.84,High,Very High,True,False,,True,priority_and_confidence_gate,High,INC-000062,new_session_or_first_episode
LTE-TP-EP-000072,542020041221088+20250827100525+Fiji-Nadi-LTE-DL-D!20250827100437,Fiji-Nadi-LTE-DL-D,2025-08-27 00:03:43+02:00,2025-08-27 00:03:43+02:00,1,-17.80703805,177.42257921,-17.80703805,177.42257921,ECI:1064755.0,1064755.0,148.0,41186.0,41.0,0.020376,0.020376,31.80342,31.783044,0.0006406858130352019,81.62,81.62,80.66,80.66,82.8,82.8,0,1,0,1,radio_limited_degradation,normal,temporal,statistical_only_retained,0.0,1.0,1.0,1.0,0.0,1.0,0.005659653134820876,0.0,1.0,1,1,True,22.25,66.06,72.1,68.78,High,High,True,False,,True,priority_and_confidence_gate,High,INC-000063,"new:gap=11.0s,dist=0.005659652893064714m,cell=True,family=True"
LTE-TP-EP-000073,542020041221088+20250827100525+Fiji-Nadi-LTE-DL-D!20250827100437,Fiji-Nadi-LTE-DL-D,2025-08-27 00:03:56+02:00,2025-08-27 00:03:56+02:00,1,-17.807038,177.4225792,-17.807038,177.4225792,ECI:1064755.0,1064755.0,148.0,41186.0,41.0,0.028632,0.028632,23.670199612294798,23.641567612294796,0.0012096222452271986,79.81,79.81,77.37,77.37,82.8,82.8,0,1,0,1,radio_limited_degradation,normal,temporal,statistical_only_retained,0.0,1.0,1.0,1.0,0.0,1.0,0.005659653134820876,0.0,1.0,1,1,True,22.25,63.59,72.1,67.42,High,High,True,False,,True,priority_and_confidence_gate,High,INC-000064,"new:gap=13.0s,dist=0.005659652893064714m,cell=True,family=True"
LTE-TP-EP-000074,542020041221088+20250827100525+Fiji-Nadi-LTE-DL-D!20250827100437,Fiji-Nadi-LTE-DL-D,2025-08-27 00:04:11+02:00,2025-08-27 00:04:11+02:00,1,-17.807038,177.4225792,-17.807038,177.4225792,ECI:1064755.0,1064755.0,148.0,41186.0,41.0,0.741792,0.741792,29.987597692395273,29.245805692395273,0.02473662637498019,79.24,79.24,77.8,77.8,81.0,81.0,0,1,0,1,sudden_drop,normal,temporal,statistical_only_retained,0.0,1.0,1.0,1.0,0.0,1.0,0.0,0.0,1.0,1,0,False,22.25,63.91,70.75,66.99,High,High,True,False,,True,priority_and_confidence_gate,High,INC-000065,"new:gap=15.0s,dist=0.0m,cell=True,family=True"
LTE-TP-EP-000075,542020041221088+20250827100525+Fiji-Nadi-LTE-DL-D!20250827100437,Fiji-Nadi-LTE-DL-D,2025-08-27 00:04:23+02:00,2025-08-27 00:04:24+02:00,2,-17.807038,177.4225792,-17.80703805,177.42257921,ECI:1064755.0,1064755.0,148.0,41186.0,41.0,0.167392,5.805656,47.76258858735957,36.318668587359575,0.004751886943621376,81.35,74.655,81.63,70.765,81.0,79.4,0,2,0,2,sudden_drop,normal,temporal,statistical_only_retained,1.0,2.0,2.0,1.0,0.0,2.0,0.005659653134820876,0.0,1.0,2,0,False,29.5,65.88,70.35,67.89,High,High,True,False,,True,priority_and_confidence_gate,High,INC-000066,"new:gap=12.0s,dist=0.0m,cell=True,family=True"
LTE-TP-EP-000077,542020041221088+20250827102006+Fiji-Nadi-LTE-DL-D!20250827101931,Fiji-Nadi-LTE-DL-D,2025-08-27 00:17:29+02:00,2025-08-27 00:17:29+02:00,1,-17.8160388,177.3955371,-17.8160388,177.3955371,EARFCN:500.0|PCI:351.0,,351.0,500.0,1.0,0.000512,0.000512,,,,76.76,76.76,91.0,91.0,59.36,59.36,0,1,0,0,radio_limited_degradation,normal,radio,statistical_only_retained,0.0,1.0,1.0,1.0,0.0,1.0,,0.0,0.0,0,1,True,22.25,73.81,44.52,60.63,High,Medium,True,False,,True,priority_and_confidence_gate,Medium,INC-000067,new_session_or_first_episode
LTE-TP-EP-000078,542020041221088+20250827102006+Fiji-Nadi-LTE-DL-D!20250827101931,Fiji-Nadi-LTE-DL-D,2025-08-27 00:17:32+02:00,2025-08-27 00:17:41+02:00,8,-17.8160388,177.395537,-17.8160387,177.395537,ECI:1067720.0,1067720.0,351.0,500.0,1.0,0.002648,0.011864,,,,84.33,82.1075,90.99,90.94,76.18,71.31,0,8,0,0,radio_limited_degradation,normal,radio,statistical_only_retained,9.0,10.0,8.0,0.8,2.0,5.0,0.011319284577899259,0.0,0.0,0,8,True,52.0,81.23,55.92,69.84,Critical,Medium,True,False,,True,priority_and_confidence_gate,High,INC-000068,"new:gap=3.0s,dist=0.010586260854977337m,cell=False,family=True"
LTE-TP-EP-000082,542020041221088+20250827102346+Fiji-Nadi-LTE-DL-D!20250827102142,Fiji-Nadi-LTE-DL-D,2025-08-27 00:19:40+02:00,2025-08-27 00:19:40+02:00,1,-17.8092496,177.4025514,-17.8092496,177.4025514,ECI:1067720.0,1067720.0,351.0,500.0,1.0,7.961176,7.961176,43.970293999999996,36.009117999999994,0.1810580570600688,73.88,73.88,57.49,57.49,93.92,93.92,0,1,0,1,ca_underperformance,ml_quantile_p75_resource_underperformance,capability,statistical_only_retained,0.0,1.0,1.0,1.0,0.0,1.0,,0.0,1.0,1,0,False,22.25,48.68,80.44,62.97,Medium,Very High,True,False,,True,priority_and_confidence_gate,Medium,INC-000069,new_session_or_first_episode
LTE-TP-EP-000083,542020041221088+20250827102346+Fiji-Nadi-LTE-DL-D!20250827102142,Fiji-Nadi-LTE-DL-D,2025-08-27 00:19:45+02:00,2025-08-27 00:19:45+02:00,1,-17.8090323,177.4032189,-17.8090323,177.4032189,ECI:1069077.0,1069077.0,140.0,500.0,1.0,1.204376,1.204376,31.223034518588236,30.018658518588236,0.03857331673777544,72.6,72.6,77.0,77.0,67.22,67.22,0,1,0,1,sudden_drop,normal,temporal,statistical_only_retained,0.0,1.0,1.0,1.0,0.0,1.0,15.137425424440789,0.0,1.0,1,0,False,22.25,63.31,60.42,62.01,High,High,True,False,,True,priority_and_confidence_gate,Medium,INC-000070,"new:gap=5.0s,dist=74.68279876365334m,cell=False,family=False"
LTE-TP-EP-000084,542020041221088+20250827102346+Fiji-Nadi-LTE-DL-D!20250827102142,Fiji-Nadi-LTE-DL-D,2025-08-27 00:20:12+02:00,2025-08-27 00:20:14+02:00,2,-17.809747,177.4068003,-17.8097893,177.40692068,ECI:1064906.0,1064906.0,311.0,500.0,1.0,0.660632,2.671,,,,79.27,78.84,88.69,81.655,83.04,75.39500000000001,0,2,0,2,radio_limited_degradation,normal,radio,statistical_only_retained,2.0,3.0,2.0,0.6666666666666666,1.0,1.0,42.58326445661132,0.0,1.0,2,2,True,18.5,69.38,70.37,69.83,High,High,True,False,,True,priority_and_confidence_gate,High,INC-000071,"new:gap=27.0s,dist=387.3895767321009m,cell=False,family=False"
LTE-TP-EP-000085,542020041221088+20250827102346+Fiji-Nadi-LTE-DL-D!20250827102142,Fiji-Nadi-LTE-DL-D,2025-08-27 00:20:24+02:00,2025-08-27 00:20:25+02:00,2,-17.8102354,177.4082182,-17.8102753,177.408332,ECI:1065267.0,1065267.0,145.0,41186.0,41.0,20.973495,27.54496,105.7221075,74.39446153402956,0.21992182450209213,82.12,69.06,67.49,59.735,100.0,80.455,1,1,0,2,radio_p75_underperformance,ml_quantile_p75_resource_underperformance,capability,statistical_and_ml_consensus,1.0,2.0,2.0,1.0,0.0,2.0,38.91395688901065,50.0,1.0,2,0,False,29.5,56.05,87.61,70.26,High,Very High,True,False,,True,priority_and_confidence_gate,High,INC-000072,"new:gap=10.0s,dist=146.04550759484184m,cell=False,family=False"
LTE-TP-EP-000086,542020041221088+20250827102346+Fiji-Nadi-LTE-DL-D!20250827102142,Fiji-Nadi-LTE-DL-D,2025-08-27 00:20:31+02:00,2025-08-27 00:20:31+02:00,1,-17.81049232,177.40889417,-17.81049232,177.40889417,ECI:1065267.0,1065267.0,145.0,41186.0,41.0,13.537688,13.537688,61.65412220324308,48.116434203243074,0.21957474238904826,67.4,67.4,63.46,63.46,72.21,72.21,0,1,0,1,sudden_drop,normal,temporal,statistical_only_retained,0.0,1.0,1.0,1.0,0.0,1.0,12.822746548961845,0.0,1.0,1,0,False,22.25,53.16,64.16,58.11,Medium,High,True,False,,True,priority_and_confidence_gate,Medium,INC-000073,"new:gap=6.0s,dist=64.22091845877118m,cell=True,family=False"
LTE-TP-EP-000088,542020041221088+20250827102346+Fiji-Nadi-LTE-DL-D!20250827102142,Fiji-Nadi-LTE-DL-D,2025-08-27 00:21:17+02:00,2025-08-27 00:21:17+02:00,1,-17.80910029,177.41300548,-17.80910029,177.41300548,ECI:1064756.0,1064756.0,149.0,41186.0,41.0,11.037504,11.037504,70.787155,59.749651,0.15592523813112705,81.65,81.65,66.98,66.98,99.57,99.57,1,0,0,1,ca_underperformance,ml_quantile_p75_resource_underperformance,capability,statistical_and_ml_consensus,0.0,1.0,1.0,1.0,0.0,1.0,0.16440363811223221,100.0,1.0,1,0,False,22.25,55.8,99.68,75.54,High,Very High,True,False,,True,priority_and_confidence_gate,High,INC-000074,"new:gap=46.0s,dist=461.9532384619452m,cell=False,family=False"
LTE-TP-EP-000089,542020041221088+20250827102526+Fiji-Nadi-LTE-DL-D!20250827102354,Fiji-Nadi-LTE-DL-D,2025-08-27 00:21:53+02:00,2025-08-27 00:21:53+02:00,1,-17.80686405,177.41527523,-17.80686405,177.41527523,ECI:1064756.0,1064756.0,149.0,41186.0,41.0,23.695856,23.695856,128.52300206730845,104.82714606730846,0.1843705454965198,84.27,84.27,71.4,71.4,100.0,100.0,1,0,0,1,rb_conditioned_underperformance,ml_quantile_p75_resource_underperformance,temporal,statistical_and_ml_consensus,0.0,1.0,1.0,1.0,0.0,1.0,7.904156297959876,100.0,1.0,1,1,True,22.25,59.11,100.0,77.51,High,Very High,True,False,,True,priority_and_confidence_gate,High,INC-000075,new_session_or_first_episode
LTE-TP-EP-000091,542020041221088+20250827102526+Fiji-Nadi-LTE-DL-D!20250827102354,Fiji-Nadi-LTE-DL-D,2025-08-27 00:22:06+02:00,2025-08-27 00:22:06+02:00,1,-17.8068136,177.41642262,-17.8068136,177.41642262,ECI:1064756.0,1064756.0,149.0,41186.0,41.0,18.834808,18.834808,88.77324522582228,69.93843722582228,0.2121676182062267,74.42,74.42,67.24,67.24,83.2,83.2,0,1,0,1,rb_conditioned_underperformance,ml_hgb_strict_causal_temporal_underperformance,temporal,statistical_only_retained,0.0,1.0,1.0,1.0,0.0,1.0,0.10323665439736103,0.0,1.0,1,0,False,22.25,55.99,72.4,63.38,High,High,True,False,,True,priority_and_confidence_gate,Medium,INC-000076,"new:gap=13.0s,dist=121.60140365733182m,cell=True,family=True"
LTE-TP-EP-000096,542020041221088+20250827102526+Fiji-Nadi-LTE-DL-D!20250827102354,Fiji-Nadi-LTE-DL-D,2025-08-27 00:23:23+02:00,2025-08-27 00:23:24+02:00,2,-17.80712956,177.42442255,-17.80713106,177.42454171,ECI:1064765.0,1064765.0,148.0,40790.0,41.0,3.660328,16.2782,93.96716500000001,65.071093,0.13893718105144895,73.26,64.14,66.93,58.265,81.0,71.325,0,2,0,1,rb_conditioned_underperformance,normal,capability,statistical_only_retained,1.0,2.0,2.0,1.0,0.0,2.0,25.61525826698842,0.0,0.5,1,0,False,29.5,55.41,63.33,58.97,High,High,True,False,,True,priority_and_confidence_gate,Medium,INC-000077,"new:gap=77.0s,dist=847.6647250302408m,cell=False,family=True"
LTE-TP-EP-000098,542020041221088+20250827102746+Fiji-Nadi-LTE-DL-D!20250827102604,Fiji-Nadi-LTE-DL-D,2025-08-27 00:24:39+02:00,2025-08-27 00:24:39+02:00,1,-17.80619877,177.42704507,-17.80619877,177.42704507,ECI:1071677.0,1071677.0,395.0,40790.0,41.0,2.837632,2.837632,17.5804940157021,14.742862015702102,0.16140797849398064,65.91,65.91,58.42,58.42,75.06,75.06,0,1,0,1,sudden_drop,normal,temporal,statistical_only_retained,0.0,1.0,1.0,1.0,0.0,1.0,0.0,0.0,1.0,1,0,False,22.25,49.38,66.3,56.99,Medium,High,True,False,,True,priority_and_confidence_gate,Medium,INC-000078,new_session_or_first_episode
LTE-TP-EP-000099,542020041221088+20250827102746+Fiji-Nadi-LTE-DL-D!20250827102604,Fiji-Nadi-LTE-DL-D,2025-08-27 00:25:37+02:00,2025-08-27 00:25:38+02:00,2,-17.80611379,177.4309458,-17.80617511,177.43098478,ECI:1071676.0,1071676.0,393.0,40790.0,41.0,0.10228,0.121168,10.914244370010964,10.774188370010965,0.012832404631220413,72.48,69.02000000000001,69.64,65.99000000000001,75.94,72.72,0,2,0,2,radio_limited_degradation,normal,radio,statistical_only_retained,1.0,2.0,2.0,1.0,0.0,2.0,8.102313421785789,0.0,1.0,2,1,True,29.5,58.69,66.15,62.05,High,High,True,False,,True,priority_and_confidence_gate,Medium,INC-000079,"new:gap=58.0s,dist=413.0723388701872m,cell=False,family=False"
LTE-TP-EP-000100,542020041221088+20250827102926+Fiji-Nadi-LTE-DL-D!20250827102813,Fiji-Nadi-LTE-DL-D,2025-08-27 00:26:11+02:00,2025-08-27 00:26:11+02:00,1,-17.80810749,177.43206251,-17.80810749,177.43206251,EARFCN:40988.0|PCI:393.0,,393.0,40988.0,41.0,2.721168,2.721168,,,,73.6,73.6,69.48,69.48,78.64,78.64,0,1,0,1,radio_limited_degradation,normal,radio,statistical_only_retained,0.0,1.0,1.0,1.0,0.0,1.0,,0.0,1.0,1,1,True,22.25,57.67,68.98,62.76,High,High,True,False,,True,priority_and_confidence_gate,Medium,INC-000080,new_session_or_first_episode
LTE-TP-EP-000101,542020041221088+20250827102926+Fiji-Nadi-LTE-DL-D!20250827102813,Fiji-Nadi-LTE-DL-D,2025-08-27 00:26:22+02:00,2025-08-27 00:26:22+02:00,1,-17.80895321,177.43252511,-17.80895321,177.43252511,ECI:1071637.0,1071637.0,395.0,500.0,1.0,9.349688,9.349688,90.28093,80.931242,0.10356215869730186,82.55,82.55,82.27,82.27,82.89,82.89,0,1,0,1,ca_underperformance,normal,capability,statistical_only_retained,0.0,1.0,1.0,1.0,0.0,1.0,0.1265690441537645,0.0,1.0,1,0,False,22.25,67.26,72.17,69.47,High,High,True,False,,True,priority_and_confidence_gate,High,INC-000081,"new:gap=11.0s,dist=106.02813429598444m,cell=False,family=False"
LTE-TP-EP-000103,542020041221088+20250827102926+Fiji-Nadi-LTE-DL-D!20250827102813,Fiji-Nadi-LTE-DL-D,2025-08-27 00:26:41+02:00,2025-08-27 00:26:41+02:00,1,-17.8103516,177.4333475,-17.8103516,177.4333475,ECI:1071647.0,1071647.0,395.0,1850.0,3.0,4.231368,4.231368,,,,71.05,71.05,64.19,64.19,79.43,79.43,0,1,0,0,radio_limited_degradation,normal,radio,statistical_only_retained,0.0,1.0,1.0,1.0,0.0,1.0,9.471907253789277,0.0,0.0,0,1,True,22.25,53.71,59.57,56.35,Medium,Medium,True,False,,True,priority_and_confidence_gate,Medium,INC-000082,"new:gap=19.0s,dist=178.20902238323467m,cell=False,family=False"
LTE-TP-EP-000105,542020041221088+20250827102926+Fiji-Nadi-LTE-DL-D!20250827102813,Fiji-Nadi-LTE-DL-D,2025-08-27 00:27:12+02:00,2025-08-27 00:27:12+02:00,1,-17.8123708,177.4345113,-17.8123708,177.4345113,ECI:1071647.0,1071647.0,395.0,1850.0,3.0,3.210248,3.210248,,,,72.68,72.68,88.76,88.76,53.03,53.03,0,1,0,1,radio_limited_degradation,normal,radio,statistical_only_retained,0.0,1.0,1.0,1.0,0.0,1.0,14.635587655851536,0.0,1.0,1,1,True,22.25,72.13,49.77,62.07,High,Medium,True,False,,True,priority_and_confidence_gate,Medium,INC-000083,"new:gap=31.0s,dist=256.10792317885614m,cell=True,family=True"
LTE-TP-EP-000106,542020041221088+20250827102926+Fiji-Nadi-LTE-DL-D!20250827102813,Fiji-Nadi-LTE-DL-D,2025-08-27 00:27:14+02:00,2025-08-27 00:27:14+02:00,1,-17.8124737,177.4345608,-17.8124737,177.4345608,ECI:1070100.0,1070100.0,332.0,500.0,1.0,4.351672,4.351672,43.970293999999996,39.618621999999995,0.09896845356549129,73.7,73.7,68.6,68.6,79.94,79.94,0,1,0,1,ca_underperformance,normal,capability,statistical_only_retained,0.0,1.0,1.0,1.0,0.0,1.0,12.736994347689924,0.0,1.0,1,0,False,22.25,57.01,69.96,62.84,High,High,True,False,,True,priority_and_confidence_gate,Medium,INC-000084,"new:gap=2.0s,dist=12.584893798524394m,cell=False,family=False"
LTE-TP-EP-000107,542020041221088+20250827102926+Fiji-Nadi-LTE-DL-D!20250827102813,Fiji-Nadi-LTE-DL-D,2025-08-27 00:27:15+02:00,2025-08-27 00:27:16+02:00,2,-17.8125245,177.4345873,-17.81252471,177.43458832,ECI:1071687.0,1071687.0,332.0,500.0,1.0,1.249344,1.7855720000000002,43.970293999999996,41.64849399999999,0.05280383160503772,77.14,68.98,74.84,62.625,79.94,76.745,0,2,0,2,ca_underperformance,normal,capability,statistical_only_retained,1.0,2.0,2.0,1.0,0.0,2.0,6.417479930865762,0.0,1.0,2,0,False,29.5,60.45,69.16,64.37,High,High,True,False,,True,priority_and_confidence_gate,Medium,INC-000085,"new:gap=1.0s,dist=6.307002004514981m,cell=False,family=True"
LTE-TP-EP-000109,542020041221088+20250827102926+Fiji-Nadi-LTE-DL-D!20250827102813,Fiji-Nadi-LTE-DL-D,2025-08-27 00:27:28+02:00,2025-08-27 00:27:28+02:00,1,-17.81326579,177.43499974,-17.81326579,177.43499974,ECI:1070110.0,1070110.0,332.0,1850.0,3.0,1.479072,1.479072,,,,71.6,71.6,94.82,94.82,43.22,43.22,0,1,0,1,radio_limited_degradation,normal,radio,statistical_only_retained,0.0,1.0,1.0,1.0,0.0,1.0,5.974318622105865,0.0,1.0,1,1,True,22.25,76.68,42.42,61.26,High,Medium,True,False,,True,priority_and_confidence_gate,Medium,INC-000086,"new:gap=12.0s,dist=93.20681228020324m,cell=False,family=False"
LTE-TP-EP-000110,542020041221088+20250827102926+Fiji-Nadi-LTE-DL-D!20250827102813,Fiji-Nadi-LTE-DL-D,2025-08-27 00:27:29+02:00,2025-08-27 00:27:32+02:00,3,-17.81329882,177.43501766,-17.8134191,177.4350863,ECI:1071687.0,1071687.0,395.0,9310.0,28.0,1.40104,2.648208,27.996896250000002,22.949776250000003,0.18027426879506328,73.3,67.58333333333333,95.1,80.16000000000001,61.04,52.21,0,3,0,2,radio_limited_degradation,normal,radio,statistical_only_retained,3.0,4.0,3.0,0.75,1.0,2.0,15.656344619680468,0.0,0.6666666666666666,2,2,True,27.0,74.34,50.24,63.49,High,Medium,True,False,,True,priority_and_confidence_gate,Medium,INC-000087,"new:gap=1.0s,dist=4.133788055955546m,cell=False,family=True"
LTE-TP-EP-000112,542020041221088+20250827102926+Fiji-Nadi-LTE-DL-D!20250827102813,Fiji-Nadi-LTE-DL-D,2025-08-27 00:27:35+02:00,2025-08-27 00:27:35+02:00,1,-17.81350285,177.43513655,-17.81350285,177.43513655,ECI:1071637.0,1071637.0,469.0,1850.0,3.0,2.749328,2.749328,,,,70.58,70.58,90.38,90.38,46.39,46.39,0,1,0,1,radio_limited_degradation,normal,radio,statistical_only_retained,0.0,1.0,1.0,1.0,0.0,1.0,5.76472993242981,0.0,1.0,1,1,True,22.25,73.35,44.79,60.5,High,Medium,True,False,,True,priority_and_confidence_gate,Medium,INC-000088,"new:gap=3.0s,dist=10.72488707190254m,cell=False,family=True"
LTE-TP-EP-000113,542020041221088+20250827102926+Fiji-Nadi-LTE-DL-D!20250827102813,Fiji-Nadi-LTE-DL-D,2025-08-27 00:27:44+02:00,2025-08-27 00:27:46+02:00,3,-17.8139633,177.4353879,-17.81402487,177.43542589,ECI:1065032.0,1065032.0,395.0,9310.0,28.0,1.878768,1.981936,,,,71.03,70.49666666666667,93.42,93.10000000000001,43.67,42.873333333333335,0,3,0,3,radio_limited_degradation,normal,radio,statistical_only_retained,2.0,3.0,3.0,1.0,0.0,3.0,15.077935237515483,0.0,1.0,3,3,True,36.75,79.17,42.55,62.69,High,Medium,True,False,,True,priority_and_confidence_gate,Medium,INC-000089,"new:gap=9.0s,dist=57.70139289644211m,cell=False,family=True"
LTE-TP-EP-000114,542020041221088+20250827102926+Fiji-Nadi-LTE-DL-D!20250827102813,Fiji-Nadi-LTE-DL-D,2025-08-27 00:27:47+02:00,2025-08-27 00:27:48+02:00,2,-17.8141323,177.4355196,-17.81413199,177.43552294,ECI:1070100.0,1070100.0,332.0,500.0,1.0,1.605776,3.342472,43.970293999999996,38.89112599999999,0.11551362381156698,72.38,69.38,94.38,80.37,66.41,55.95,0,2,0,2,ca_underperformance,normal,capability,statistical_only_retained,1.0,2.0,2.0,1.0,0.0,2.0,15.883158822124635,0.0,1.0,2,1,True,29.5,74.66,57.19,66.8,High,Medium,True,False,,True,priority_and_confidence_gate,High,INC-000090,"new:gap=1.0s,dist=15.527897743230907m,cell=False,family=False"
LTE-TP-EP-000116,542020041221088+20250827102926+Fiji-Nadi-LTE-DL-D!20250827102813,Fiji-Nadi-LTE-DL-D,2025-08-27 00:27:54+02:00,2025-08-27 00:27:55+02:00,2,-17.8144373,177.43601148,-17.81449737,177.43610374,ECI:1064992.0,1064992.0,395.0,1850.0,3.0,1.156064,1.796764,,,,73.5,72.55,95.95,93.71000000000001,47.31,46.68,0,2,0,2,radio_limited_degradation,normal,radio,statistical_only_retained,1.0,2.0,2.0,1.0,0.0,2.0,23.044468047010596,0.0,1.0,2,2,True,29.5,78.78,45.32,63.72,High,Medium,True,False,,True,priority_and_confidence_gate,Medium,INC-000091,"new:gap=6.0s,dist=61.865562310674925m,cell=False,family=False"
LTE-TP-EP-000117,542020041221088+20250827102926+Fiji-Nadi-LTE-DL-D!20250827102813,Fiji-Nadi-LTE-DL-D,2025-08-27 00:27:57+02:00,2025-08-27 00:27:58+02:00,2,-17.81461928,177.43629013,-17.81467789,177.43639012,ECI:1071647.0,1071647.0,395.0,1850.0,3.0,0.076416,0.585732,,,,81.28,77.875,99.73,97.95,58.72,53.335,0,2,0,2,radio_limited_degradation,normal,radio,statistical_only_retained,1.0,2.0,2.0,1.0,0.0,2.0,12.603724670888377,0.0,1.0,2,2,True,29.5,81.73,52.69,68.66,Critical,Medium,True,True,critical_impact_with_verified_direct_evidence,True,critical_verified_direct_evidence_override,High,INC-000092,"new:gap=2.0s,dist=23.93965384378117m,cell=False,family=True"
LTE-TP-EP-000118,542020041221088+20250827102926+Fiji-Nadi-LTE-DL-D!20250827102813,Fiji-Nadi-LTE-DL-D,2025-08-27 00:28:02+02:00,2025-08-27 00:28:04+02:00,2,-17.8149223,177.4368725,-17.8149731,177.4370464,ECI:1064765.0,1064765.0,148.0,40790.0,41.0,6.809208,7.663584,,,,60.25,60.019999999999996,76.17,73.18,48.1,43.94,0,2,0,1,radio_limited_degradation,normal,radio,statistical_only_retained,2.0,3.0,2.0,0.6666666666666666,1.0,1.0,30.91740844597159,0.0,0.5,1,2,True,18.5,61.01,40.03,51.57,High,Medium,True,False,,True,priority_and_confidence_gate,Medium,INC-000093,"new:gap=4.0s,dist=57.84783118994757m,cell=False,family=True"
LTE-TP-EP-000120,542020041221088+20250827102926+Fiji-Nadi-LTE-DL-D!20250827102813,Fiji-Nadi-LTE-DL-D,2025-08-27 00:28:06+02:00,2025-08-27 00:28:08+02:00,2,-17.8149877,177.437254,-17.81499525,177.43736452,ECI:1064768.0,1064768.0,148.0,1850.0,3.0,1.503784,2.923532,32.41143,30.907646000000003,0.046396718688438,72.38,68.31,84.8,77.83500000000001,74.22,56.67,0,2,0,2,ca_underperformance,normal,capability,statistical_only_retained,2.0,3.0,2.0,0.6666666666666666,1.0,1.0,33.51905948744293,0.0,1.0,2,1,True,18.5,66.48,61.28,64.14,High,High,True,False,,True,priority_and_confidence_gate,Medium,INC-000094,"new:gap=2.0s,dist=22.037083249868363m,cell=False,family=False"
LTE-TP-EP-000121,542020041221088+20250827102926+Fiji-Nadi-LTE-DL-D!20250827102813,Fiji-Nadi-LTE-DL-D,2025-08-27 00:28:10+02:00,2025-08-27 00:28:10+02:00,1,-17.81501422,177.43757334,-17.81501422,177.43757334,ECI:1064992.0,1064992.0,469.0,1850.0,3.0,3.688688,3.688688,27.996896250000002,24.308208250000003,0.13175346177882127,63.29,63.29,59.86,59.86,67.48,67.48,0,1,0,1,ca_underperformance,normal,capability,statistical_only_retained,0.0,1.0,1.0,1.0,0.0,1.0,0.13801672526697875,0.0,1.0,1,0,False,22.25,50.46,60.61,55.03,Medium,High,True,False,,True,priority_and_confidence_gate,Medium,INC-000095,"new:gap=2.0s,dist=22.206762366186457m,cell=False,family=True"
LTE-TP-EP-000122,542020041221088+20250827102926+Fiji-Nadi-LTE-DL-D!20250827102813,Fiji-Nadi-LTE-DL-D,2025-08-27 00:28:11+02:00,2025-08-27 00:28:11+02:00,1,-17.81502338,177.43768235,-17.81502338,177.43768235,ECI:1071667.0,1071667.0,469.0,1850.0,3.0,8.752224,8.752224,,,,65.61,65.61,69.37,69.37,61.02,61.02,0,1,0,1,rb_efficiency_underperformance,normal,radio,statistical_only_retained,0.0,1.0,1.0,1.0,0.0,1.0,11.585008261578288,0.0,1.0,1,1,True,22.25,57.59,55.77,56.77,High,Medium,True,False,,True,priority_and_confidence_gate,Medium,INC-000096,"new:gap=1.0s,dist=11.585008261093469m,cell=False,family=False"
LTE-TP-EP-000123,542020041221088+20250827102926+Fiji-Nadi-LTE-DL-D!20250827102813,Fiji-Nadi-LTE-DL-D,2025-08-27 00:28:12+02:00,2025-08-27 00:28:14+02:00,3,-17.81504324,177.43779089,-17.81506898,177.43789953,ECI:1064755.0,1064755.0,148.0,41186.0,41.0,0.167936,0.206016,,,,81.49,72.71666666666667,99.41,92.43333333333334,59.58,48.60999999999999,0,3,0,3,radio_limited_degradation,normal,radio,statistical_only_retained,2.0,3.0,3.0,1.0,0.0,3.0,23.552442208103933,0.0,1.0,3,3,True,36.75,82.0,51.94,68.47,Critical,Medium,True,True,critical_impact_with_verified_direct_evidence,True,critical_verified_direct_evidence_override,High,INC-000097,"new:gap=1.0s,dist=11.700675065743614m,cell=False,family=True"
LTE-TP-EP-000125,542020041221088+20250827103246+Fiji-Nadi-LTE-DL-D!20250827103001,Fiji-Nadi-LTE-DL-D,2025-08-27 00:28:44+02:00,2025-08-27 00:28:45+02:00,2,-17.814942,177.440954,-17.814951,177.44100125,ECI:1064755.0,1064755.0,148.0,41186.0,41.0,2.920528,9.451348,60.097231750000006,44.115063750000004,0.2659385055618639,65.13,57.995,68.78,57.675,60.67,58.385000000000005,0,2,0,1,radio_limited_degradation,normal,capability,statistical_only_retained,1.0,2.0,2.0,1.0,0.0,2.0,5.567096876599033,0.0,0.5,1,1,True,29.5,56.18,49.93,53.37,High,Medium,True,False,,True,priority_and_confidence_gate,Medium,INC-000098,new_session_or_first_episode
LTE-TP-EP-000126,542020041221088+20250827103246+Fiji-Nadi-LTE-DL-D!20250827103001,Fiji-Nadi-LTE-DL-D,2025-08-27 00:29:08+02:00,2025-08-27 00:29:10+02:00,3,-17.8150252,177.4397267,-17.8150158,177.4396352,ECI:1070100.0,1070100.0,332.0,500.0,1.0,7.83212,8.461856,43.970293999999996,36.13817399999999,0.17812298457681452,68.73,65.23666666666666,70.17,61.336666666666666,84.36,70.00666666666667,0,3,0,3,rb_efficiency_underperformance,normal,capability,statistical_only_retained,2.0,3.0,3.0,1.0,0.0,3.0,19.814907764662262,0.0,1.0,3,2,True,36.75,59.61,69.68,64.14,High,High,True,False,,True,priority_and_confidence_gate,Medium,INC-000099,"new:gap=23.0s,dist=135.1799763860512m,cell=False,family=True"
LTE-TP-EP-000130,542020041221088+20250827103246+Fiji-Nadi-LTE-DL-D!20250827103001,Fiji-Nadi-LTE-DL-D,2025-08-27 00:29:31+02:00,2025-08-27 00:29:37+02:00,3,-17.81506996,177.43770322,-17.8149826,177.4369324,ECI:1070100.0,1070100.0,332.0,500.0,1.0,5.075784,10.761296,43.970293999999996,33.208997999999994,0.24474014206045566,67.38,58.833333333333336,82.23,59.70000000000001,64.89,57.78333333333333,0,3,0,3,ca_underperformance,normal,capability,statistical_only_retained,6.0,7.0,3.0,0.42857142857142855,4.0,1.0,12.143634565239065,0.0,1.0,3,1,True,16.18,60.08,56.89,58.65,High,Medium,True,False,,True,priority_and_confidence_gate,Medium,INC-000100,"new:gap=21.0s,dist=204.6141844728085m,cell=True,family=True"
LTE-TP-EP-000131,542020041221088+20250827103246+Fiji-Nadi-LTE-DL-D!20250827103001,Fiji-Nadi-LTE-DL-D,2025-08-27 00:29:39+02:00,2025-08-27 00:29:39+02:00,1,-17.81494529,177.43682625,-17.81494529,177.43682625,ECI:1071637.0,1071637.0,395.0,500.0,1.0,3.64788,3.64788,,,,69.27,69.27,87.23,87.23,47.31,47.31,0,1,0,1,radio_limited_degradation,normal,radio,statistical_only_retained,0.0,1.0,1.0,1.0,0.0,1.0,0.47033553038199094,0.0,1.0,1,1,True,22.25,70.99,45.48,59.51,High,Medium,True,False,,True,priority_and_confidence_gate,Medium,INC-000101,"new:gap=2.0s,dist=11.978745767622579m,cell=False,family=False"
LTE-TP-EP-000132,542020041221088+20250827103246+Fiji-Nadi-LTE-DL-D!20250827103001,Fiji-Nadi-LTE-DL-D,2025-08-27 00:29:40+02:00,2025-08-27 00:29:40+02:00,1,-17.81490111,177.4367199,-17.81490111,177.4367199,ECI:1071647.0,1071647.0,395.0,500.0,1.0,1.832904,1.832904,,,,79.85,79.85,93.58,93.58,63.06,63.06,0,1,0,1,radio_limited_degradation,normal,radio,statistical_only_retained,0.0,1.0,1.0,1.0,0.0,1.0,12.283676816776461,0.0,1.0,1,1,True,22.25,75.75,57.3,67.44,High,Medium,True,False,,True,priority_and_confidence_gate,High,INC-000102,"new:gap=1.0s,dist=12.28367681702445m,cell=False,family=True"
LTE-TP-EP-000134,542020041221088+20250827103246+Fiji-Nadi-LTE-DL-D!20250827103001,Fiji-Nadi-LTE-DL-D,2025-08-27 00:29:44+02:00,2025-08-27 00:29:46+02:00,3,-17.81468761,177.43632198,-17.8145033,177.4360274,ECI:1071637.0,1071637.0,395.0,500.0,1.0,1.015912,3.683336,43.970293999999996,42.954381999999995,0.023104507784278177,79.35,69.39666666666666,87.11,82.16333333333334,79.94,53.78333333333333,0,3,0,3,radio_limited_degradation,normal,radio,statistical_only_retained,2.0,3.0,3.0,1.0,0.0,3.0,37.43546810289106,0.0,1.0,3,2,True,36.75,73.28,63.42,68.84,High,High,True,False,,True,priority_and_confidence_gate,High,INC-000103,"new:gap=4.0s,dist=48.35412699913276m,cell=False,family=True"
LTE-TP-EP-000135,542020041221088+20250827103246+Fiji-Nadi-LTE-DL-D!20250827103001,Fiji-Nadi-LTE-DL-D,2025-08-27 00:29:47+02:00,2025-08-27 00:29:48+02:00,2,-17.8144405,177.435931,-17.81444052,177.43593167,ECI:1064755.0,1064755.0,148.0,500.0,1.0,3.812,5.52288,,,,73.64,71.495,86.66,80.67,62.84,60.285,0,2,0,2,radio_limited_degradation,normal,radio,statistical_only_retained,1.0,2.0,2.0,1.0,0.0,2.0,12.436641062755054,0.0,1.0,2,2,True,29.5,70.87,56.49,64.4,High,Medium,True,False,,True,priority_and_confidence_gate,Medium,INC-000104,"new:gap=1.0s,dist=12.365677642111942m,cell=False,family=True"
LTE-TP-EP-000136,542020041221088+20250827103246+Fiji-Nadi-LTE-DL-D!20250827103001,Fiji-Nadi-LTE-DL-D,2025-08-27 00:29:49+02:00,2025-08-27 00:29:51+02:00,3,-17.814384,177.43583593,-17.81428422,177.43566459,ECI:1065012.0,1065012.0,469.0,41186.0,41.0,0.405176,0.951,,,,89.03,83.31,98.58,96.75,81.74,66.88333333333333,0,3,0,3,radio_limited_degradation,normal,radio,statistical_only_retained,2.0,3.0,3.0,1.0,0.0,3.0,33.18867555868309,0.0,1.0,3,3,True,36.75,82.66,67.59,75.88,Critical,High,True,True,critical_impact_with_verified_direct_evidence,True,critical_verified_direct_evidence_override,High,INC-000105,"new:gap=1.0s,dist=11.925765584230152m,cell=False,family=True"
LTE-TP-EP-000138,542020041221088+20250827103246+Fiji-Nadi-LTE-DL-D!20250827103001,Fiji-Nadi-LTE-DL-D,2025-08-27 00:29:53+02:00,2025-08-27 00:29:54+02:00,2,-17.8140947,177.43544,-17.81409142,177.43544407,ECI:1071640.0,1071640.0,395.0,356.0,1.0,3.89376,5.992128,18.13893575,14.245175750000001,0.2146630901429815,66.88,62.51,71.68,60.705,68.41,64.715,0,2,0,2,ca_underperformance,normal,capability,statistical_only_retained,1.0,2.0,2.0,1.0,0.0,2.0,11.499306478661438,0.0,1.0,2,1,True,29.5,58.39,60.38,59.29,High,High,True,False,,True,priority_and_confidence_gate,Medium,INC-000106,"new:gap=2.0s,dist=31.770978340056562m,cell=False,family=False"
LTE-TP-EP-000139,542020041221088+20250827103246+Fiji-Nadi-LTE-DL-D!20250827103001,Fiji-Nadi-LTE-DL-D,2025-08-27 00:29:56+02:00,2025-08-27 00:29:57+02:00,2,-17.81391781,177.43533454,-17.8137413,177.4352389,ECI:1070110.0,1070110.0,332.0,356.0,1.0,1.460832,3.37658,27.996896250000002,22.70456825,0.18903266821942807,76.27,66.64,94.89,74.3,61.04,57.275,0,2,0,2,ca_underperformance,normal,capability,statistical_only_retained,1.0,2.0,2.0,1.0,0.0,2.0,22.40051411100295,0.0,1.0,2,1,True,29.5,73.4,54.84,65.04,High,Medium,True,False,,True,priority_and_confidence_gate,High,INC-000107,"new:gap=2.0s,dist=22.51925419047057m,cell=False,family=True"
LTE-TP-EP-000140,542020041221088+20250827103246+Fiji-Nadi-LTE-DL-D!20250827103001,Fiji-Nadi-LTE-DL-D,2025-08-27 00:29:58+02:00,2025-08-27 00:29:58+02:00,1,-17.81374056,177.43523871,-17.81374056,177.43523871,ECI:1064992.0,1064992.0,332.0,1850.0,3.0,1.242496,1.242496,,,,86.83,86.83,95.65,95.65,76.05,76.05,0,1,0,1,rb_efficiency_underperformance,normal,radio,statistical_only_retained,0.0,1.0,1.0,1.0,0.0,1.0,0.08470711297438238,0.0,1.0,1,1,True,22.25,77.3,67.04,72.68,High,High,True,False,,True,priority_and_confidence_gate,High,INC-000108,"new:gap=1.0s,dist=0.0847071125260495m,cell=False,family=False"
LTE-TP-EP-000141,542020041221088+20250827103246+Fiji-Nadi-LTE-DL-D!20250827103001,Fiji-Nadi-LTE-DL-D,2025-08-27 00:29:59+02:00,2025-08-27 00:30:01+02:00,3,-17.8135888,177.4351553,-17.81352404,177.43512036,ECI:1064755.0,1064755.0,148.0,41186.0,41.0,2.183416,2.244464,,,,83.1,72.29333333333334,92.36,89.39999999999999,72.06,51.39000000000001,0,3,0,3,radio_limited_degradation,normal,radio,statistical_only_retained,2.0,3.0,3.0,1.0,0.0,3.0,27.330747635759074,0.0,1.0,3,3,True,36.75,77.72,58.88,69.24,High,Medium,True,False,,True,priority_and_confidence_gate,High,INC-000109,"new:gap=1.0s,dist=19.045613693658613m,cell=False,family=True"
LTE-TP-EP-000142,542020041221088+20250827103246+Fiji-Nadi-LTE-DL-D!20250827103001,Fiji-Nadi-LTE-DL-D,2025-08-27 00:30:02+02:00,2025-08-27 00:30:02+02:00,1,-17.81352404,177.43512036,-17.81352404,177.43512036,ECI:1064982.0,1064982.0,148.0,41186.0,41.0,0.006904,0.006904,,,,82.53,82.53,99.98,99.98,61.21,61.21,0,1,0,1,radio_limited_degradation,normal,radio,statistical_only_retained,0.0,1.0,1.0,1.0,0.0,1.0,0.0,0.0,1.0,1,1,True,22.25,80.55,55.91,69.46,Critical,Medium,True,True,critical_impact_with_verified_direct_evidence,True,critical_verified_direct_evidence_override,High,INC-000110,"new:gap=1.0s,dist=0.0m,cell=False,family=True"
LTE-TP-EP-000143,542020041221088+20250827103926+Fiji-Nadi-LTE-DL-D!20250827103843,Fiji-Nadi-LTE-DL-D,2025-08-27 00:36:49+02:00,2025-08-27 00:36:49+02:00,1,-17.8132629,177.4349241,-17.8132629,177.4349241,ECI:1071637.0,1071637.0,395.0,500.0,1.0,0.0087439995,0.0087439995,,,,80.69,80.69,99.97,99.97,57.13,57.13,0,1,0,1,radio_limited_degradation,normal,radio,statistical_only_retained,0.0,1.0,1.0,1.0,0.0,1.0,0.0,0.0,1.0,1,1,True,22.25,80.54,52.85,68.08,Critical,Medium,True,True,critical_impact_with_verified_direct_evidence,True,critical_verified_direct_evidence_override,High,INC-000111,new_session_or_first_episode
LTE-TP-EP-000144,542020041221088+20250827103926+Fiji-Nadi-LTE-DL-D!20250827103843,Fiji-Nadi-LTE-DL-D,2025-08-27 00:36:55+02:00,2025-08-27 00:36:55+02:00,1,-17.81326291,177.43492408,-17.81326291,177.43492408,ECI:1065032.0,1065032.0,469.0,9310.0,28.0,1.255096,1.255096,,,,73.69,73.69,95.61,95.61,46.89,46.89,0,1,0,1,radio_limited_degradation,normal,radio,statistical_only_retained,0.0,1.0,1.0,1.0,0.0,1.0,0.0,0.0,1.0,1,1,True,22.25,77.27,45.17,62.82,High,Medium,True,False,,True,priority_and_confidence_gate,Medium,INC-000112,"new:gap=6.0s,dist=0.0023915105596563914m,cell=False,family=True"
LTE-TP-EP-000145,542020041221088+20250827103926+Fiji-Nadi-LTE-DL-D!20250827103843,Fiji-Nadi-LTE-DL-D,2025-08-27 00:36:56+02:00,2025-08-27 00:36:57+02:00,2,-17.8132629,177.4349241,-17.8132629,177.4349241,ECI:1071647.0,1071647.0,395.0,1850.0,3.0,0.216888,1.636996,,,,83.65,74.21000000000001,99.24,94.27,64.6,49.69,0,2,0,2,radio_limited_degradation,normal,radio,statistical_only_retained,1.0,2.0,2.0,1.0,0.0,2.0,0.0023915107422763497,0.0,1.0,2,2,True,29.5,80.56,54.72,68.93,Critical,Medium,True,True,critical_impact_with_verified_direct_evidence,True,critical_verified_direct_evidence_override,High,INC-000113,"new:gap=1.0s,dist=0.0023915105596563914m,cell=False,family=True"
LTE-TP-EP-000146,542020041221088+20250827103926+Fiji-Nadi-LTE-DL-D!20250827103843,Fiji-Nadi-LTE-DL-D,2025-08-27 00:36:59+02:00,2025-08-27 00:36:59+02:00,1,-17.81326291,177.43492408,-17.81326291,177.43492408,ECI:1065032.0,1065032.0,469.0,9310.0,28.0,3.429008,3.429008,,,,67.54,67.54,88.0,88.0,42.54,42.54,0,1,0,1,radio_limited_degradation,normal,radio,statistical_only_retained,0.0,1.0,1.0,1.0,0.0,1.0,0.0023915107422763497,0.0,1.0,1,1,True,22.25,71.56,41.9,58.22,High,Medium,True,False,,True,priority_and_confidence_gate,Medium,INC-000114,"new:gap=2.0s,dist=0.0023915105596563914m,cell=False,family=True"
LTE-TP-EP-000147,542020041221088+20250827103926+Fiji-Nadi-LTE-DL-D!20250827103843,Fiji-Nadi-LTE-DL-D,2025-08-27 00:37:00+02:00,2025-08-27 00:37:00+02:00,1,-17.81326291,177.43492408,-17.81326291,177.43492408,ECI:1071637.0,1071637.0,469.0,9310.0,28.0,2.6094,2.6094,,,,71.01,71.01,90.87,90.87,46.74,46.74,0,1,0,1,radio_limited_degradation,normal,radio,statistical_only_retained,0.0,1.0,1.0,1.0,0.0,1.0,0.0,0.0,1.0,1,1,True,22.25,73.72,45.06,60.82,High,Medium,True,False,,True,priority_and_confidence_gate,Medium,INC-000115,"new:gap=1.0s,dist=0.0m,cell=False,family=True"
LTE-TP-EP-000148,542020041221088+20250827103926+Fiji-Nadi-LTE-DL-D!20250827103843,Fiji-Nadi-LTE-DL-D,2025-08-27 00:37:03+02:00,2025-08-27 00:37:03+02:00,1,-17.81326291,177.43492408,-17.81326291,177.43492408,ECI:1071687.0,1071687.0,395.0,500.0,1.0,0.867416,0.867416,43.970293999999996,43.102878,0.019727318630164265,79.6,79.6,79.32,79.32,79.94,79.94,0,1,0,1,ca_underperformance,normal,capability,statistical_only_retained,0.0,1.0,1.0,1.0,0.0,1.0,0.0,0.0,1.0,1,0,False,22.25,65.05,69.96,67.26,High,High,True,False,,True,priority_and_confidence_gate,High,INC-000116,"new:gap=3.0s,dist=0.0m,cell=False,family=False"
LTE-TP-EP-000149,542020041221088+20250827103926+Fiji-Nadi-LTE-DL-D!20250827103843,Fiji-Nadi-LTE-DL-D,2025-08-27 00:37:14+02:00,2025-08-27 00:37:14+02:00,1,-17.813265,177.4349066,-17.813265,177.4349066,ECI:1071637.0,1071637.0,395.0,500.0,1.0,2.218904,2.218904,,,,76.62,76.62,92.23,92.23,57.54,57.54,0,1,0,1,radio_limited_degradation,normal,radio,statistical_only_retained,0.0,1.0,1.0,1.0,0.0,1.0,1.867282165068408,0.0,1.0,1,1,True,22.25,74.74,53.15,65.02,High,Medium,True,False,,True,priority_and_confidence_gate,High,INC-000117,"new:gap=11.0s,dist=1.8650426381888134m,cell=False,family=False"
LTE-TP-EP-000150,542020041221088+20250827103926+Fiji-Nadi-LTE-DL-D!20250827103843,Fiji-Nadi-LTE-DL-D,2025-08-27 00:37:17+02:00,2025-08-27 00:37:19+02:00,3,-17.8132208,177.4348914,-17.81319437,177.43489032,ECI:1071666.0,1071666.0,393.0,41186.0,41.0,0.003136,0.327568,,,,80.09,76.68,99.99,98.87,58.47,49.55666666666667,0,3,0,3,radio_limited_degradation,normal,radio,statistical_only_retained,2.0,3.0,3.0,1.0,0.0,3.0,5.414323107098696,0.0,1.0,3,3,True,36.75,83.9,51.62,69.38,Critical,Medium,True,True,critical_impact_with_verified_direct_evidence,True,critical_verified_direct_evidence_override,High,INC-000118,"new:gap=3.0s,dist=5.17153758643948m,cell=False,family=True"
LTE-TP-EP-000151,542020041221088+20250827103926+Fiji-Nadi-LTE-DL-D!20250827103843,Fiji-Nadi-LTE-DL-D,2025-08-27 00:37:20+02:00,2025-08-27 00:37:24+02:00,5,-17.81316654,177.43488767,-17.8129285,177.4347864,ECI:1064755.0,1064755.0,148.0,41186.0,41.0,0.009944,0.020184,,,,82.17,79.402,99.97,99.902,60.46,54.348,0,5,0,5,radio_limited_degradation,normal,radio,statistical_only_retained,4.0,5.0,5.0,1.0,0.0,5.0,31.800542554159183,0.0,1.0,5,5,True,51.25,87.77,53.82,72.49,Critical,Medium,True,True,critical_impact_with_verified_direct_evidence,True,critical_verified_direct_evidence_override,High,INC-000119,"new:gap=1.0s,dist=3.107249395220176m,cell=False,family=True"
LTE-TP-EP-000152,542020041221088+20250827103926+Fiji-Nadi-LTE-DL-D!20250827103843,Fiji-Nadi-LTE-DL-D,2025-08-27 00:37:25+02:00,2025-08-27 00:37:25+02:00,1,-17.81292808,177.43478619,-17.81292808,177.43478619,ECI:1071647.0,1071647.0,148.0,41186.0,41.0,0.016504,0.016504,,,,79.3,79.3,99.94,99.94,54.08,54.08,0,1,0,1,radio_limited_degradation,normal,radio,statistical_only_retained,0.0,1.0,1.0,1.0,0.0,1.0,0.05172341396172113,0.0,1.0,1,1,True,22.25,80.52,50.56,67.04,Critical,Medium,True,True,critical_impact_with_verified_direct_evidence,True,critical_verified_direct_evidence_override,High,INC-000120,"new:gap=1.0s,dist=0.05172341421931238m,cell=False,family=True"
LTE-TP-EP-000159,542020041221088+20250827104126+Fiji-Nadi-LTE-DL-D!20250827104054,Fiji-Nadi-LTE-DL-D,2025-08-27 00:39:47+02:00,2025-08-27 00:39:48+02:00,2,-17.8057523,177.4303762,-17.8057622,177.430314,ECI:1071666.0,1071666.0,393.0,41186.0,41.0,0.069072,0.534152,17.548122091358803,16.548890091358803,0.004330611043455949,71.78,71.07,69.81,68.015,75.43,74.81,0,2,0,2,rolling_local_drop,normal,temporal,statistical_only_retained,1.0,2.0,2.0,1.0,0.0,2.0,18.995825621709148,0.0,1.0,2,0,False,29.5,59.28,66.42,62.49,High,High,True,False,,True,priority_and_confidence_gate,Medium,INC-000121,new_session_or_first_episode
LTE-TP-EP-000160,542020041221088+20250827104126+Fiji-Nadi-LTE-DL-D!20250827104054,Fiji-Nadi-LTE-DL-D,2025-08-27 00:40:25+02:00,2025-08-27 00:40:26+02:00,2,-17.80575111,177.42819138,-17.8057521,177.4281295,ECI:1071667.0,1071667.0,395.0,41186.0,41.0,1.009376,1.27342,17.515739313676853,16.431481826505017,0.05787421754370608,69.96,69.00999999999999,67.51,66.325,72.95,72.28999999999999,0,2,0,2,rolling_local_drop,normal,temporal,statistical_only_retained,1.0,2.0,2.0,1.0,0.0,2.0,10.985389539996225,0.0,1.0,2,0,False,29.5,57.71,64.55,60.79,High,High,True,False,,True,priority_and_confidence_gate,Medium,INC-000122,"new:gap=37.0s,dist=224.72237891654453m,cell=False,family=True"
LTE-TP-EP-000163,542020041221088+20250827104347+Fiji-Nadi-LTE-DL-D!20250827104305,Fiji-Nadi-LTE-DL-D,2025-08-27 00:42:00+02:00,2025-08-27 00:42:01+02:00,2,-17.80142083,177.43164611,-17.80135147,177.43176749,ECI:1071666.0,1071666.0,393.0,41186.0,41.0,3.896296,4.963588,20.29194170432226,14.665430328823224,0.20991021691499195,63.49,59.875,56.59,52.620000000000005,71.92,68.74000000000001,0,2,0,2,rolling_local_drop,normal,temporal,statistical_only_retained,1.0,2.0,2.0,1.0,0.0,2.0,30.356316713675426,0.0,1.0,2,0,False,29.5,48.82,63.15,55.27,Medium,High,True,False,,True,priority_and_confidence_gate,Medium,INC-000123,new_session_or_first_episode
LTE-TP-EP-000165,542020041221088+20250827104347+Fiji-Nadi-LTE-DL-D!20250827104305,Fiji-Nadi-LTE-DL-D,2025-08-27 00:42:17+02:00,2025-08-27 00:42:17+02:00,1,-17.79943666,177.43284277,-17.79943666,177.43284277,ECI:1071636.0,1071636.0,393.0,500.0,1.0,1.356128,1.356128,26.304978935168805,24.948850935168807,0.0515540424245277,81.25,81.25,74.22,74.22,89.85,89.85,0,1,0,1,sudden_drop,normal,temporal,statistical_only_retained,0.0,1.0,1.0,1.0,0.0,1.0,0.15921689459418104,0.0,1.0,1,0,False,22.25,61.23,77.39,68.5,High,High,True,False,,True,priority_and_confidence_gate,High,INC-000124,"new:gap=16.0s,dist=241.4411325421841m,cell=False,family=True"
LTE-TP-EP-000166,542020041221088+20250827104347+Fiji-Nadi-LTE-DL-D!20250827104305,Fiji-Nadi-LTE-DL-D,2025-08-27 00:42:31+02:00,2025-08-27 00:42:33+02:00,3,-17.79763094,177.43363434,-17.79737583,177.43374599,ECI:1071636.0,1071636.0,393.0,500.0,1.0,1.87596,4.532944,33.737990419589394,31.862030419589395,0.05560378601894307,84.7,75.47333333333334,76.27,67.11333333333333,95.0,85.69333333333333,0,3,0,3,radio_limited_degradation,normal,temporal,statistical_only_retained,2.0,3.0,3.0,1.0,0.0,3.0,46.09074793352168,0.0,1.0,3,3,True,36.75,64.1,78.92,70.77,High,High,True,False,,True,priority_and_confidence_gate,High,INC-000125,"new:gap=14.0s,dist=217.5750804194908m,cell=True,family=True"
LTE-TP-EP-000167,542020041221088+20250827104347+Fiji-Nadi-LTE-DL-D!20250827104305,Fiji-Nadi-LTE-DL-D,2025-08-27 00:42:48+02:00,2025-08-27 00:42:48+02:00,1,-17.7961834,177.4352746,-17.7961834,177.4352746,ECI:1064774.0,1064774.0,147.0,9310.0,28.0,2.512448,2.512448,,,,78.71,78.71,82.21,82.21,74.43,74.43,0,1,0,1,rb_efficiency_underperformance,normal,radio,statistical_only_retained,0.0,1.0,1.0,1.0,0.0,1.0,15.085033900909846,0.0,1.0,1,1,True,22.25,67.22,65.82,66.59,High,High,True,False,,True,priority_and_confidence_gate,High,INC-000126,"new:gap=15.0s,dist=209.21984089832898m,cell=False,family=False"
LTE-TP-EP-000168,542020041221088+20250827104347+Fiji-Nadi-LTE-DL-D!20250827104305,Fiji-Nadi-LTE-DL-D,2025-08-27 00:42:49+02:00,2025-08-27 00:42:50+02:00,2,-17.7961511,177.4354085,-17.7961168,177.4355444,ECI:1071646.0,1071646.0,147.0,1850.0,3.0,1.426712,3.1844399,,,,82.15,79.44,86.01,79.855,80.44,78.94,0,2,0,2,rb_efficiency_underperformance,normal,radio,statistical_only_retained,1.0,2.0,2.0,1.0,0.0,2.0,29.5097129807804,0.0,1.0,2,2,True,29.5,70.34,69.96,70.17,High,High,True,False,,True,priority_and_confidence_gate,High,INC-000127,"new:gap=1.0s,dist=14.624465662938645m,cell=False,family=True"
LTE-TP-EP-000169,542020041221088+20250827104347+Fiji-Nadi-LTE-DL-D!20250827104305,Fiji-Nadi-LTE-DL-D,2025-08-27 00:42:51+02:00,2025-08-27 00:42:55+02:00,3,-17.79611741,177.43554307,-17.7958728,177.4363416,ECI:1064992.0,1064992.0,469.0,1850.0,3.0,0.006872,2.660296,,,,80.95,72.05666666666667,90.98,80.84666666666668,71.58,61.31,0,3,0,3,radio_limited_degradation,normal,radio,statistical_only_retained,4.0,5.0,3.0,0.6,2.0,2.0,74.68438581910178,0.0,1.0,3,3,True,24.75,71.89,61.12,67.04,High,High,True,False,,True,priority_and_confidence_gate,High,INC-000128,"new:gap=1.0s,dist=0.1562979958386908m,cell=False,family=True"
LTE-TP-EP-000170,542020041221088+20250827104347+Fiji-Nadi-LTE-DL-D!20250827104305,Fiji-Nadi-LTE-DL-D,2025-08-27 00:42:56+02:00,2025-08-27 00:42:56+02:00,1,-17.79587352,177.4363396,-17.79587352,177.4363396,ECI:1073184.0,1073184.0,469.0,1850.0,3.0,0.760288,0.760288,,,,68.42,68.42,88.34,88.34,44.08,44.08,0,1,0,1,radio_limited_degradation,normal,radio,statistical_only_retained,0.0,1.0,1.0,1.0,0.0,1.0,0.22637879874874933,0.0,1.0,1,1,True,22.25,71.82,43.06,58.88,High,Medium,True,False,,True,priority_and_confidence_gate,Medium,INC-000129,"new:gap=1.0s,dist=0.22637879746553458m,cell=False,family=True"
LTE-TP-EP-000173,542020041221088+20250827104347+Fiji-Nadi-LTE-DL-D!20250827104305,Fiji-Nadi-LTE-DL-D,2025-08-27 00:43:00+02:00,2025-08-27 00:43:01+02:00,2,-17.79547736,177.43674891,-17.7953616,177.4368277,ECI:1073214.0,1073214.0,148.0,40790.0,41.0,3.005664,3.8545119999999997,49.4498,46.444136,0.06078212652022859,79.35,76.03,75.92,75.23,83.54,77.005,0,2,0,2,ca_underperformance,normal,capability,statistical_only_retained,1.0,2.0,2.0,1.0,0.0,2.0,46.903027801758554,0.0,1.0,2,1,True,29.5,64.14,71.02,67.24,High,High,True,False,,True,priority_and_confidence_gate,High,INC-000130,"new:gap=4.0s,dist=61.79373135378674m,cell=False,family=False"
LTE-TP-EP-000174,542020041221088+20250827104347+Fiji-Nadi-LTE-DL-D!20250827104305,Fiji-Nadi-LTE-DL-D,2025-08-27 00:43:02+02:00,2025-08-27 00:43:02+02:00,1,-17.79524114,177.43689504,-17.79524114,177.43689504,ECI:1064738.0,1064738.0,431.0,40790.0,41.0,7.847472,7.847472,49.4498,41.602328,0.1586957277885856,64.61,64.61,61.73,61.73,68.13,68.13,0,1,0,1,ca_underperformance,normal,capability,statistical_only_retained,0.0,1.0,1.0,1.0,0.0,1.0,15.17384701638282,0.0,1.0,1,0,False,22.25,51.86,61.1,56.02,Medium,High,True,False,,True,priority_and_confidence_gate,Medium,INC-000131,"new:gap=1.0s,dist=15.173847016584748m,cell=False,family=True"
LTE-TP-EP-000176,542020041221088+20250827104707+Fiji-Nadi-LTE-DL-D!20250827104518,Fiji-Nadi-LTE-DL-D,2025-08-27 00:43:24+02:00,2025-08-27 00:43:25+02:00,2,-17.79270283,177.43863815,-17.79259589,177.43872082,ECI:1073174.0,1073174.0,431.0,500.0,1.0,9.274792,11.996364,59.24701590412161,49.97222390412161,0.15654445812105086,72.98,65.265,71.41,60.16,74.89,71.5,0,2,0,2,radio_limited_degradation,normal,temporal,statistical_only_retained,1.0,2.0,2.0,1.0,0.0,2.0,14.887127646494273,0.0,1.0,2,1,True,29.5,58.12,65.32,61.36,High,High,True,False,,True,priority_and_confidence_gate,Medium,INC-000132,new_session_or_first_episode
LTE-TP-EP-000177,542020041221088+20250827104707+Fiji-Nadi-LTE-DL-D!20250827104518,Fiji-Nadi-LTE-DL-D,2025-08-27 00:43:37+02:00,2025-08-27 00:43:37+02:00,1,-17.7910956,177.4397878,-17.7910956,177.4397878,ECI:1073174.0,1073174.0,431.0,500.0,1.0,0.017872,0.017872,53.946233092519115,53.92836109251912,0.00033129282575391464,84.66,84.66,89.54,89.54,78.7,78.7,0,1,0,1,sudden_drop,normal,temporal,statistical_only_retained,0.0,1.0,1.0,1.0,0.0,1.0,15.716341938219871,0.0,1.0,1,0,False,22.25,72.72,69.03,71.06,High,High,True,False,,True,priority_and_confidence_gate,High,INC-000133,"new:gap=12.0s,dist=201.4756459449901m,cell=True,family=True"
LTE-TP-EP-000178,542020041221088+20250827104707+Fiji-Nadi-LTE-DL-D!20250827104518,Fiji-Nadi-LTE-DL-D,2025-08-27 00:43:45+02:00,2025-08-27 00:43:45+02:00,1,-17.79030335,177.44033869,-17.79030335,177.44033869,ECI:1073174.0,1073174.0,431.0,500.0,1.0,0.001328,0.001328,45.469963,45.468635,2.9206093701901626e-05,82.83,82.83,86.18,86.18,78.73,78.73,0,1,0,1,sudden_drop,normal,temporal,statistical_only_retained,0.0,1.0,1.0,1.0,0.0,1.0,14.581389188701499,0.0,1.0,1,0,False,22.25,70.2,69.05,69.68,High,High,True,False,,True,priority_and_confidence_gate,High,INC-000134,"new:gap=8.0s,dist=105.65337654032831m,cell=True,family=True"
LTE-TP-EP-000179,542020041221088+20250827104707+Fiji-Nadi-LTE-DL-D!20250827104518,Fiji-Nadi-LTE-DL-D,2025-08-27 00:43:53+02:00,2025-08-27 00:43:53+02:00,1,-17.7892713,177.441017,-17.7892713,177.441017,ECI:1073174.0,1073174.0,431.0,500.0,1.0,3.142328,3.142328,61.10863416302878,57.96630616302878,0.05142199695736505,89.01,89.01,85.64,85.64,93.12,93.12,0,1,0,1,sudden_drop,normal,temporal,statistical_only_retained,0.0,1.0,1.0,1.0,0.0,1.0,30.1495013676972,0.0,1.0,1,0,False,22.25,69.79,79.84,74.31,High,High,True,False,,True,priority_and_confidence_gate,High,INC-000135,"new:gap=8.0s,dist=135.37893937161763m,cell=True,family=True"
LTE-TP-EP-000180,542020041221088+20250827104707+Fiji-Nadi-LTE-DL-D!20250827104518,Fiji-Nadi-LTE-DL-D,2025-08-27 00:44:06+02:00,2025-08-27 00:44:07+02:00,2,-17.78793437,177.44195638,-17.7878284,177.44202907,ECI:1073174.0,1073174.0,431.0,500.0,1.0,0.00664,1.617872,68.02444518121551,64.7953411812155,0.00010889445055112357,88.97,88.52,92.38,90.425,89.59,86.195,0,2,0,2,radio_limited_degradation,normal,temporal,statistical_only_retained,1.0,2.0,2.0,1.0,0.0,2.0,14.288034737335584,0.0,1.0,2,1,True,29.5,76.17,76.34,76.25,High,High,True,False,,True,priority_and_confidence_gate,High,INC-000136,"new:gap=13.0s,dist=178.86362277880886m,cell=True,family=True"
LTE-TP-EP-000181,542020041221088+20250827104707+Fiji-Nadi-LTE-DL-D!20250827104518,Fiji-Nadi-LTE-DL-D,2025-08-27 00:44:13+02:00,2025-08-27 00:44:14+02:00,2,-17.7871332,177.4425271,-17.78713252,177.44252999,ECI:1073174.0,1073174.0,431.0,500.0,1.0,12.969856,13.675267999999999,59.84632701464423,45.46564701464423,0.24029344351376963,70.76,65.16,60.59,57.485,83.2,74.53999999999999,0,2,0,2,radio_limited_degradation,normal,temporal,statistical_only_retained,1.0,2.0,2.0,1.0,0.0,2.0,14.116736591143729,0.0,1.0,2,1,True,29.5,52.04,70.24,60.23,Medium,High,True,False,,True,priority_and_confidence_gate,Medium,INC-000137,"new:gap=6.0s,dist=93.57512212072714m,cell=True,family=True"
LTE-TP-EP-000184,542020041221088+20250827104707+Fiji-Nadi-LTE-DL-D!20250827104518,Fiji-Nadi-LTE-DL-D,2025-08-27 00:44:41+02:00,2025-08-27 00:44:41+02:00,1,-17.7850217,177.4453903,-17.7850217,177.4453903,ECI:1067841.0,1067841.0,127.0,40988.0,41.0,0.01776,0.01776,37.204814813574835,37.18705481357483,0.0004773575702228721,82.01,82.01,82.83,82.83,81.0,81.0,0,1,0,1,sudden_drop,normal,temporal,statistical_only_retained,0.0,1.0,1.0,1.0,0.0,1.0,25.07154282455734,0.0,1.0,1,0,False,22.25,67.68,70.75,69.06,High,High,True,False,,True,priority_and_confidence_gate,High,INC-000138,"new:gap=27.0s,dist=383.15612715447116m,cell=False,family=True"
LTE-TP-EP-000185,542020041221088+20250827104707+Fiji-Nadi-LTE-DL-D!20250827104518,Fiji-Nadi-LTE-DL-D,2025-08-27 00:44:49+02:00,2025-08-27 00:44:50+02:00,2,-17.78456666,177.44606059,-17.7844377,177.4462517,ECI:1067841.0,1067841.0,127.0,40988.0,41.0,0.058984,14.108827999999999,100.12010000000001,71.96142800000001,0.0011263334141871817,86.11,73.105,88.81,71.69,82.8,74.83500000000001,0,2,0,2,radio_limited_degradation,normal,capability,statistical_only_retained,1.0,2.0,2.0,1.0,0.0,2.0,36.79994385983269,0.0,1.0,2,1,True,29.5,69.7,70.11,69.89,High,High,True,False,,True,priority_and_confidence_gate,High,INC-000139,"new:gap=8.0s,dist=87.16117093966683m,cell=True,family=False"
LTE-TP-EP-000186,542020041221088+20250827104707+Fiji-Nadi-LTE-DL-D!20250827104518,Fiji-Nadi-LTE-DL-D,2025-08-27 00:44:58+02:00,2025-08-27 00:44:58+02:00,1,-17.78396004,177.44696711,-17.78396004,177.44696711,ECI:1067841.0,1067841.0,127.0,40988.0,41.0,0.111824,0.111824,50.100535,49.988711,0.002231992133417338,84.73,84.73,87.78,87.78,81.0,81.0,0,1,0,1,sudden_drop,normal,temporal,statistical_only_retained,0.0,1.0,1.0,1.0,0.0,1.0,0.1492029816894108,0.0,1.0,1,0,False,22.25,71.4,70.75,71.11,High,High,True,False,,True,priority_and_confidence_gate,High,INC-000140,"new:gap=8.0s,dist=92.51431281819777m,cell=True,family=False"
LTE-TP-EP-000187,542020041221088+20250827104707+Fiji-Nadi-LTE-DL-D!20250827104518,Fiji-Nadi-LTE-DL-D,2025-08-27 00:45:06+02:00,2025-08-27 00:45:07+02:00,2,-17.7833653,177.4479034,-17.78336488,177.44790233,ECI:1067841.0,1067841.0,127.0,40988.0,41.0,1.929608,7.946272,56.075377122132224,54.14576912213222,0.03441096786201387,88.98,74.755,86.12,72.33500000000001,92.48,77.71000000000001,0,2,0,2,rolling_local_drop,normal,temporal,statistical_only_retained,1.0,2.0,2.0,1.0,0.0,2.0,26.846549164963523,0.0,1.0,2,0,False,29.5,68.52,75.67,71.74,High,High,True,False,,True,priority_and_confidence_gate,High,INC-000141,"new:gap=8.0s,dist=119.16971893456058m,cell=True,family=True"
LTE-TP-EP-000188,542020041221088+20250827104707+Fiji-Nadi-LTE-DL-D!20250827104518,Fiji-Nadi-LTE-DL-D,2025-08-27 00:45:15+02:00,2025-08-27 00:45:15+02:00,1,-17.78286388,177.44865373,-17.78286388,177.44865373,ECI:1067841.0,1067841.0,127.0,40988.0,41.0,0.228472,0.228472,37.95240578952166,37.723933789521666,0.006019960928618633,82.68,82.68,82.58,82.58,82.8,82.8,0,1,0,1,radio_limited_degradation,normal,temporal,statistical_only_retained,0.0,1.0,1.0,1.0,0.0,1.0,0.0,0.0,1.0,1,1,True,22.25,67.5,72.1,69.57,High,High,True,False,,True,priority_and_confidence_gate,High,INC-000142,"new:gap=8.0s,dist=97.12480943330425m,cell=True,family=True"
LTE-TP-EP-000189,542020041221088+20250827105427+Fiji-Nadi-LTE-DL-D!20250827104733,Fiji-Nadi-LTE-DL-D,2025-08-27 00:45:33+02:00,2025-08-27 00:45:34+02:00,2,-17.78152218,177.4506526,-17.78145675,177.45075491,ECI:1067841.0,1067841.0,127.0,40988.0,41.0,0.034816,0.29198399999999997,36.177398974964774,35.628246974964775,0.0013625591158931468,85.65,82.935,80.99,79.55,91.35,87.07499999999999,0,2,0,2,radio_limited_degradation,normal,temporal,statistical_only_retained,1.0,2.0,2.0,1.0,0.0,2.0,26.226354125208587,0.0,1.0,2,1,True,29.5,67.76,77.44,72.12,High,High,True,False,,True,priority_and_confidence_gate,High,INC-000143,new_session_or_first_episode
LTE-TP-EP-000190,542020041221088+20250827105427+Fiji-Nadi-LTE-DL-D!20250827104733,Fiji-Nadi-LTE-DL-D,2025-08-27 00:45:44+02:00,2025-08-27 00:45:45+02:00,2,-17.7809259,177.4515087,-17.78092581,177.45150816,ECI:1067841.0,1067841.0,127.0,40988.0,41.0,4.0748,9.855328,111.79482125,96.15896525,0.12232378564657058,84.76,81.21000000000001,72.3,71.10499999999999,100.0,93.565,1,1,0,2,rb_conditioned_underperformance,ml_quantile_p75_resource_underperformance,capability,statistical_and_ml_consensus,1.0,2.0,2.0,1.0,0.0,2.0,13.770660383882793,50.0,1.0,2,0,False,29.5,61.3,90.89,74.62,High,Very High,True,False,,True,priority_and_confidence_gate,High,INC-000144,"new:gap=10.0s,dist=99.26997087383661m,cell=True,family=False"
LTE-TP-EP-000191,542020041221088+20250827105427+Fiji-Nadi-LTE-DL-D!20250827104733,Fiji-Nadi-LTE-DL-D,2025-08-27 00:45:55+02:00,2025-08-27 00:45:56+02:00,2,-17.7805947,177.4520025,-17.7805602,177.4520543,ECI:1067841.0,1067841.0,127.0,40988.0,41.0,0.766048,1.700644,30.46831064419017,27.83307064419017,0.03311152292756356,81.91,79.705,74.64,73.55,93.46,87.22999999999999,0,2,0,2,rolling_local_drop,normal,temporal,statistical_only_retained,1.0,2.0,2.0,1.0,0.0,2.0,19.212065205668527,0.0,1.0,2,0,False,29.5,63.08,78.54,70.04,High,High,True,False,,True,priority_and_confidence_gate,High,INC-000145,"new:gap=10.0s,dist=63.994400369998544m,cell=True,family=False"
LTE-TP-EP-000192,542020041221088+20250827105427+Fiji-Nadi-LTE-DL-D!20250827104733,Fiji-Nadi-LTE-DL-D,2025-08-27 00:46:10+02:00,2025-08-27 00:46:10+02:00,1,-17.77995724,177.45296557,-17.77995724,177.45296557,ECI:1067841.0,1067841.0,127.0,40988.0,41.0,5.513544,5.513544,35.69227661853178,30.17873261853178,0.1544744275891136,71.01,71.01,67.35,67.35,75.49,75.49,0,1,0,1,sudden_drop,normal,temporal,statistical_only_retained,0.0,1.0,1.0,1.0,0.0,1.0,10.835892616935608,0.0,1.0,1,0,False,22.25,56.08,66.62,60.82,High,High,True,False,,True,priority_and_confidence_gate,Medium,INC-000146,"new:gap=14.0s,dist=117.49582046903723m,cell=True,family=True"
LTE-TP-EP-000194,542020041221088+20250827105427+Fiji-Nadi-LTE-DL-D!20250827104733,Fiji-Nadi-LTE-DL-D,2025-08-27 00:46:24+02:00,2025-08-27 00:46:25+02:00,2,-17.77891907,177.45406138,-17.7787246,177.4541677,ECI:1067840.0,1067840.0,126.0,40988.0,41.0,0.43732,0.834256,26.103069484705465,25.665749484705465,0.016753585253881282,78.83,77.75999999999999,77.05,75.10499999999999,81.0,81.0,0,2,0,2,rolling_local_drop,normal,temporal,statistical_only_retained,1.0,2.0,2.0,1.0,0.0,2.0,36.9683136559086,0.0,1.0,2,0,False,29.5,64.68,70.75,67.41,High,High,True,False,,True,priority_and_confidence_gate,High,INC-000147,"new:gap=14.0s,dist=163.67345373250194m,cell=False,family=True"
LTE-TP-EP-000195,542020041221088+20250827105427+Fiji-Nadi-LTE-DL-D!20250827104733,Fiji-Nadi-LTE-DL-D,2025-08-27 00:46:37+02:00,2025-08-27 00:46:39+02:00,3,-17.77760494,177.45460297,-17.7772927,177.4547122,ECI:1067839.0,1067839.0,128.0,40988.0,41.0,0.51792,0.83332,37.60421449450399,34.921638494503995,0.014967026408329104,80.68,79.25666666666667,80.42,77.83,81.0,81.0,0,3,0,3,rolling_local_drop,normal,temporal,statistical_only_retained,2.0,3.0,3.0,1.0,0.0,3.0,48.4723587169665,0.0,1.0,3,0,False,36.75,68.86,70.75,69.71,High,High,True,False,,True,priority_and_confidence_gate,High,INC-000148,"new:gap=12.0s,dist=132.75759097474776m,cell=False,family=True"
LTE-TP-EP-000196,542020041221088+20250827105427+Fiji-Nadi-LTE-DL-D!20250827104733,Fiji-Nadi-LTE-DL-D,2025-08-27 00:46:49+02:00,2025-08-27 00:46:51+02:00,3,-17.77630111,177.4550587,-17.77607015,177.45514036,ECI:1067839.0,1067839.0,128.0,40988.0,41.0,0.009496,1.67832,49.982875397073755,46.19002197752208,0.0002541787691983585,88.54,84.32333333333334,83.16,81.15666666666667,95.12,88.19,0,3,0,3,radio_limited_degradation,normal,temporal,statistical_only_retained,2.0,3.0,3.0,1.0,0.0,3.0,27.22406129315802,0.0,1.0,3,1,True,36.75,71.06,79.61,74.9,High,High,True,False,,True,priority_and_confidence_gate,High,INC-000149,"new:gap=10.0s,dist=116.20399255422325m,cell=True,family=True"
LTE-TP-EP-000197,542020041221088+20250827105427+Fiji-Nadi-LTE-DL-D!20250827104733,Fiji-Nadi-LTE-DL-D,2025-08-27 00:47:00+02:00,2025-08-27 00:47:01+02:00,2,-17.77499289,177.4555212,-17.77487433,177.45556189,ECI:1067839.0,1067839.0,128.0,40988.0,41.0,0.011568,6.254588,56.100847977087355,43.603239977087355,0.00027765312378924827,83.0,77.58,84.64,73.595,83.91,82.455,0,2,0,2,rolling_local_drop,normal,temporal,statistical_only_retained,1.0,2.0,2.0,1.0,0.0,2.0,13.933027224012806,0.0,1.0,2,0,False,29.5,68.09,72.57,70.11,High,High,True,False,,True,priority_and_confidence_gate,High,INC-000150,"new:gap=9.0s,dist=126.39170636739084m,cell=True,family=True"
LTE-TP-EP-000198,542020041221088+20250827105427+Fiji-Nadi-LTE-DL-D!20250827104733,Fiji-Nadi-LTE-DL-D,2025-08-27 00:47:09+02:00,2025-08-27 00:47:10+02:00,2,-17.7738139,177.4559269,-17.77381651,177.45592636,ECI:1067839.0,1067839.0,128.0,40988.0,41.0,0.069088,1.73494,50.06532860254876,48.269782,0.0014292431742818977,84.39,82.445,87.17,83.63499999999999,81.0,81.0,0,2,0,2,rolling_local_drop,normal,temporal,statistical_only_retained,1.0,2.0,2.0,1.0,0.0,2.0,26.253544012585184,0.0,1.0,2,0,False,29.5,71.87,70.75,71.37,High,High,True,False,,True,priority_and_confidence_gate,High,INC-000151,"new:gap=8.0s,dist=124.0873467582721m,cell=True,family=True"
LTE-TP-EP-000199,542020041221088+20250827105427+Fiji-Nadi-LTE-DL-D!20250827104733,Fiji-Nadi-LTE-DL-D,2025-08-27 00:47:17+02:00,2025-08-27 00:47:19+02:00,3,-17.77303182,177.4561704,-17.7727849,177.4562233,ECI:1067839.0,1067839.0,128.0,40988.0,41.0,0.032608,14.597,91.43616951370453,69.34400051370453,0.0005712974837943139,87.18,80.59333333333335,90.76,74.42,100.0,88.13666666666666,1,2,0,3,radio_limited_degradation,normal,temporal,statistical_only_retained,2.0,3.0,3.0,1.0,0.0,3.0,28.11961840893106,33.33333333333333,1.0,3,1,True,36.75,73.17,87.03,79.41,High,Very High,True,False,,True,priority_and_confidence_gate,High,INC-000152,"new:gap=7.0s,dist=90.999742979831m,cell=True,family=True"
LTE-TP-EP-000200,542020041221088+20250827105427+Fiji-Nadi-LTE-DL-D!20250827104733,Fiji-Nadi-LTE-DL-D,2025-08-27 00:47:26+02:00,2025-08-27 00:47:27+02:00,2,-17.77188623,177.45628095,-17.7717616,177.45627762,ECI:1067839.0,1067839.0,128.0,40988.0,41.0,0.01588,0.135132,41.80797810415976,41.792098104159756,0.00037983181010181377,83.83,82.735,84.68,83.42,82.8,81.9,0,2,0,2,radio_limited_degradation,normal,temporal,statistical_only_retained,1.0,2.0,2.0,1.0,0.0,2.0,27.81651853221736,0.0,1.0,2,1,True,29.5,70.57,71.88,71.16,High,High,True,False,,True,priority_and_confidence_gate,High,INC-000153,"new:gap=7.0s,dist=100.11396686915313m,cell=True,family=True"
LTE-TP-EP-000201,542020041221088+20250827105947+Fiji-Nadi-LTE-DL-D!20250827104944,Fiji-Nadi-LTE-DL-D,2025-08-27 00:47:42+02:00,2025-08-27 00:47:43+02:00,2,-17.76995012,177.45579701,-17.76983621,177.4557547,ECI:1067839.0,1067839.0,128.0,40988.0,41.0,0.00616,0.20385999999999999,20.35171796753905,19.95015796753905,0.0005440820454484158,77.51,74.51,74.66,69.205,81.0,81.0,0,2,0,2,rolling_local_drop,normal,temporal,statistical_only_retained,1.0,2.0,2.0,1.0,0.0,2.0,13.435239075891568,0.0,1.0,2,0,False,29.5,62.01,70.75,65.94,High,High,True,False,,True,priority_and_confidence_gate,High,INC-000154,new_session_or_first_episode
LTE-TP-EP-000202,542020041221088+20250827105947+Fiji-Nadi-LTE-DL-D!20250827104944,Fiji-Nadi-LTE-DL-D,2025-08-27 00:47:44+02:00,2025-08-27 00:47:44+02:00,1,-17.7696229,177.4556738,-17.7696229,177.4556738,ECI:3631414.0,3631414.0,128.0,40988.0,41.0,4.626584,4.626584,31.406825837855653,26.78024183785565,0.14731141643812443,73.05,73.05,67.21,67.21,80.19,80.19,0,1,0,1,rolling_local_drop,normal,temporal,statistical_only_retained,0.0,1.0,1.0,1.0,0.0,1.0,25.21858515593486,0.0,1.0,1,0,False,22.25,55.97,70.14,62.35,High,High,True,False,,True,priority_and_confidence_gate,Medium,INC-000155,"new:gap=1.0s,dist=25.218585156249155m,cell=False,family=True"
LTE-TP-EP-000203,542020041221088+20250827105947+Fiji-Nadi-LTE-DL-D!20250827104944,Fiji-Nadi-LTE-DL-D,2025-08-27 00:47:53+02:00,2025-08-27 00:47:54+02:00,2,-17.76874231,177.45534664,-17.7685231,177.4552621,ECI:3631414.0,3631414.0,214.0,40988.0,41.0,0.628464,1.126324,47.00385715524395,46.37539315524395,0.013370477191357175,83.36,82.14500000000001,85.3,83.08500000000001,81.0,81.0,0,2,0,2,rolling_local_drop,normal,temporal,statistical_only_retained,1.0,2.0,2.0,1.0,0.0,2.0,26.015120919843216,0.0,1.0,2,0,False,29.5,70.8,70.75,70.78,High,High,True,False,,True,priority_and_confidence_gate,High,INC-000156,"new:gap=9.0s,dist=103.86499337220839m,cell=True,family=True"
LTE-TP-EP-000204,542020041221088+20250827105947+Fiji-Nadi-LTE-DL-D!20250827104944,Fiji-Nadi-LTE-DL-D,2025-08-27 00:48:10+02:00,2025-08-27 00:48:10+02:00,1,-17.7667109,177.4545906,-17.7667109,177.4545906,ECI:1070898.0,1070898.0,348.0,41186.0,41.0,8.723,8.723,70.787155,62.064155,0.12322857162432932,74.79,74.79,72.94,72.94,77.05,77.05,0,1,0,1,rb_efficiency_underperformance,normal,capability,statistical_only_retained,0.0,1.0,1.0,1.0,0.0,1.0,27.18911893313173,0.0,1.0,1,1,True,22.25,60.27,67.79,63.65,High,High,True,False,,True,priority_and_confidence_gate,Medium,INC-000157,"new:gap=16.0s,dist=213.68534642439045m,cell=False,family=False"
LTE-TP-EP-000205,542020041221088+20250827105947+Fiji-Nadi-LTE-DL-D!20250827104944,Fiji-Nadi-LTE-DL-D,2025-08-27 00:48:11+02:00,2025-08-27 00:48:12+02:00,2,-17.76671022,177.45459215,-17.76658671,177.45455866,ECI:1066034.0,1066034.0,124.0,41186.0,41.0,0.014912,3.0947239,13.969319363253996,13.954407363253996,0.00106748221672315,71.15,63.44,67.33,57.86,75.82,70.25999999999999,0,2,0,2,radio_limited_degradation,normal,radio,statistical_only_retained,1.0,2.0,2.0,1.0,0.0,2.0,14.364893422312193,0.0,1.0,2,1,True,29.5,55.5,65.47,59.99,High,High,True,False,,True,priority_and_confidence_gate,Medium,INC-000158,"new:gap=1.0s,dist=0.18071165078584556m,cell=False,family=False"
LTE-TP-EP-000207,542020041221088+20250827105947+Fiji-Nadi-LTE-DL-D!20250827104944,Fiji-Nadi-LTE-DL-D,2025-08-27 00:48:33+02:00,2025-08-27 00:48:34+02:00,2,-17.76426335,177.4556346,-17.7640931,177.4558472,ECI:1066034.0,1066034.0,124.0,41186.0,41.0,1.175176,1.3606479999999999,,,,74.39,69.24000000000001,85.59,75.74000000000001,61.88,61.285,0,2,0,2,radio_limited_degradation,normal,radio,statistical_only_retained,1.0,2.0,2.0,1.0,0.0,2.0,29.648389243037677,0.0,1.0,2,2,True,29.5,69.1,56.26,63.33,High,Medium,True,False,,True,priority_and_confidence_gate,Medium,INC-000159,"new:gap=21.0s,dist=282.3539174603912m,cell=True,family=True"
LTE-TP-EP-000208,542020041221088+20250827105947+Fiji-Nadi-LTE-DL-D!20250827104944,Fiji-Nadi-LTE-DL-D,2025-08-27 00:49:01+02:00,2025-08-27 00:49:02+02:00,2,-17.7626139,177.4577384,-17.7625904,177.4577678,ECI:3631422.0,3631422.0,212.0,41186.0,41.0,1.546008,1.7339,28.79493970950277,27.24893170950277,0.05369026695651645,77.62,76.825,74.85,73.405,81.0,81.0,0,2,0,2,rolling_local_drop,normal,temporal,statistical_only_retained,1.0,2.0,2.0,1.0,0.0,2.0,13.659668390777721,0.0,1.0,2,0,False,29.5,63.15,70.75,66.57,High,High,True,False,,True,priority_and_confidence_gate,High,INC-000160,"new:gap=27.0s,dist=259.15289526360624m,cell=False,family=False"
LTE-TP-EP-000210,542020041221088+20250827110227+Fiji-Nadi-LTE-DL-D!20250827105156,Fiji-Nadi-LTE-DL-D,2025-08-27 00:49:53+02:00,2025-08-27 00:49:53+02:00,1,-17.7620919,177.4578741,-17.7620919,177.4578741,EARFCN:41186.0|PCI:348.0,,348.0,41186.0,41.0,7.585568,7.585568,105.7221075,98.13653950000001,0.0717500641954191,88.13,88.13,86.33,86.33,90.33,90.33,0,1,0,1,ca_underperformance,ml_quantile_p75_resource_underperformance,capability,statistical_only_retained,0.0,1.0,1.0,1.0,0.0,1.0,,0.0,1.0,1,0,False,22.25,70.31,77.75,73.66,High,High,True,False,,True,priority_and_confidence_gate,High,INC-000161,new_session_or_first_episode
LTE-TP-EP-000211,542020041221088+20250827110227+Fiji-Nadi-LTE-DL-D!20250827105156,Fiji-Nadi-LTE-DL-D,2025-08-27 00:49:55+02:00,2025-08-27 00:49:57+02:00,2,-17.7620408,177.4579112,-17.762014,177.4580073,ECI:1070898.0,1070898.0,212.0,41186.0,41.0,4.910336,7.438727999999999,70.787155,60.820035,0.1408040766718199,74.47,68.32,69.74,61.275,80.25,76.925,0,2,0,2,radio_limited_degradation,normal,capability,statistical_only_retained,2.0,3.0,2.0,0.6666666666666666,1.0,1.0,13.129616126822526,0.0,1.0,2,2,True,18.5,54.81,69.36,61.36,Medium,High,True,False,,True,priority_and_confidence_gate,Medium,INC-000162,"new:gap=2.0s,dist=6.908002744074219m,cell=False,family=True"
LTE-TP-EP-000212,542020041221088+20250827110227+Fiji-Nadi-LTE-DL-D!20250827105156,Fiji-Nadi-LTE-DL-D,2025-08-27 00:50:10+02:00,2025-08-27 00:50:10+02:00,1,-17.7626664,177.4589538,-17.7626664,177.4589538,ECI:1070898.0,1070898.0,212.0,41186.0,41.0,3.87448,3.87448,53.93427629145207,50.05979629145207,0.07183706292938723,80.7,80.7,80.8,80.8,80.58,80.58,0,1,0,1,sudden_drop,normal,temporal,statistical_only_retained,0.0,1.0,1.0,1.0,0.0,1.0,9.667193064776052,0.0,1.0,1,0,False,22.25,66.16,70.43,68.09,High,High,True,False,,True,priority_and_confidence_gate,High,INC-000163,"new:gap=13.0s,dist=123.72732517581835m,cell=True,family=False"
LTE-TP-EP-000213,542020041221088+20250827110227+Fiji-Nadi-LTE-DL-D!20250827105156,Fiji-Nadi-LTE-DL-D,2025-08-27 00:50:18+02:00,2025-08-27 00:50:18+02:00,1,-17.7629862,177.4595338,-17.7629862,177.4595338,ECI:1070898.0,1070898.0,212.0,41186.0,41.0,0.564152,0.564152,69.98013464468326,69.41598264468325,0.008061602094143175,88.61,88.61,94.83,94.83,81.0,81.0,0,1,0,1,sudden_drop,normal,temporal,statistical_only_retained,0.0,1.0,1.0,1.0,0.0,1.0,9.175843170460587,0.0,1.0,1,0,False,22.25,76.68,70.75,74.01,High,High,True,False,,True,priority_and_confidence_gate,High,INC-000164,"new:gap=8.0s,dist=70.97021318484924m,cell=True,family=True"
LTE-TP-EP-000215,542020041221088+20250827110227+Fiji-Nadi-LTE-DL-D!20250827105156,Fiji-Nadi-LTE-DL-D,2025-08-27 00:50:34+02:00,2025-08-27 00:50:34+02:00,1,-17.7635759,177.4610403,-17.7635759,177.4610403,ECI:1070898.0,1070898.0,212.0,41186.0,41.0,0.036976,0.036976,66.33635829558344,66.29938229558344,0.0005574017167967118,88.4,88.4,94.46,94.46,81.0,81.0,0,1,0,1,sudden_drop,normal,temporal,statistical_only_retained,0.0,1.0,1.0,1.0,0.0,1.0,18.272919336248236,0.0,1.0,1,0,False,22.25,76.41,70.75,73.86,High,High,True,False,,True,priority_and_confidence_gate,High,INC-000165,"new:gap=16.0s,dist=172.47953479605442m,cell=True,family=True"
LTE-TP-EP-000216,542020041221088+20250827110227+Fiji-Nadi-LTE-DL-D!20250827105156,Fiji-Nadi-LTE-DL-D,2025-08-27 00:50:42+02:00,2025-08-27 00:50:42+02:00,1,-17.7637548,177.4618999,-17.7637548,177.4618999,ECI:1070898.0,1070898.0,212.0,41186.0,41.0,25.543217,25.543217,100.61148,75.068263,0.2538797461283742,66.63,66.63,57.72,57.72,77.53,77.53,0,1,0,1,rb_conditioned_underperformance,ml_hgb_strict_causal_temporal_underperformance,capability,statistical_only_retained,0.0,1.0,1.0,1.0,0.0,1.0,23.23828239573504,0.0,1.0,1,0,False,22.25,48.85,68.15,57.54,Medium,High,True,False,,True,priority_and_confidence_gate,Medium,INC-000166,"new:gap=8.0s,dist=93.1745003416993m,cell=True,family=False"
LTE-TP-EP-000217,542020041221088+20250827110227+Fiji-Nadi-LTE-DL-D!20250827105156,Fiji-Nadi-LTE-DL-D,2025-08-27 00:50:59+02:00,2025-08-27 00:51:00+02:00,2,-17.7641817,177.4636041,-17.7642063,177.4636652,ECI:3631423.0,3631423.0,213.0,41186.0,41.0,0.23608,1.9374959999999999,38.729599,35.090687,0.015714258417751283,72.59,70.275,67.52,67.31,78.79,73.9,0,2,0,2,rb_efficiency_underperformance,normal,capability,statistical_only_retained,1.0,2.0,2.0,1.0,0.0,2.0,24.268188660377614,0.0,1.0,2,1,True,29.5,57.96,67.87,62.42,High,High,True,False,,True,priority_and_confidence_gate,Medium,INC-000167,"new:gap=17.0s,dist=186.60237483660194m,cell=False,family=True"
LTE-TP-EP-000218,542020041221088+20250827110227+Fiji-Nadi-LTE-DL-D!20250827105156,Fiji-Nadi-LTE-DL-D,2025-08-27 00:51:19+02:00,2025-08-27 00:51:20+02:00,2,-17.76338798,177.46419444,-17.7632469,177.4642501,ECI:3631423.0,3631423.0,213.0,41384.0,41.0,1.566448,2.8112239000000003,25.251883228149516,23.509701429270482,0.06246764497947767,72.46,68.87,72.92,68.92500000000001,71.9,68.805,0,2,0,2,rolling_local_drop,normal,temporal,statistical_only_retained,1.0,2.0,2.0,1.0,0.0,2.0,16.826229687857357,0.0,1.0,2,0,False,29.5,61.07,63.15,62.0,High,High,True,False,,True,priority_and_confidence_gate,Medium,INC-000168,"new:gap=19.0s,dist=106.86713619917305m,cell=True,family=False"
LTE-TP-EP-000219,542020041221088+20250827110227+Fiji-Nadi-LTE-DL-D!20250827105156,Fiji-Nadi-LTE-DL-D,2025-08-27 00:51:31+02:00,2025-08-27 00:51:33+02:00,2,-17.76277069,177.46446166,-17.7625953,177.4645191,ECI:1070901.0,1070901.0,348.0,41384.0,41.0,5.362912,5.536224,,,,68.48,62.8,72.23,71.625,63.9,52.019999999999996,0,2,0,1,radio_limited_degradation,normal,radio,statistical_only_retained,2.0,3.0,2.0,0.6666666666666666,1.0,1.0,20.67780425556348,0.0,0.5,1,2,True,18.5,58.65,49.96,54.74,High,Medium,True,False,,True,priority_and_confidence_gate,Medium,INC-000169,"new:gap=11.0s,dist=57.49633205411557m,cell=False,family=False"
LTE-TP-EP-000220,542020041221088+20250827110227+Fiji-Nadi-LTE-DL-D!20250827105156,Fiji-Nadi-LTE-DL-D,2025-08-27 00:51:51+02:00,2025-08-27 00:51:55+02:00,4,-17.7617178,177.4649244,-17.76172265,177.46504349,ECI:3631430.0,3631430.0,210.0,9310.0,28.0,15.382952,34.1675795,153.565445,104.51947800000002,0.24572723870976157,59.84,56.7525,56.37,52.457499999999996,64.09,62.0025,0,3,1,1,rb_conditioned_underperformance,normal,capability,statistical_only_retained,4.0,5.0,4.0,0.8,1.0,2.0,19.588016171412626,0.0,0.25,1,1,True,29.0,48.55,50.05,49.22,Medium,Medium,True,False,,True,priority_and_confidence_gate,Medium,INC-000170,"new:gap=18.0s,dist=106.59581977236175m,cell=False,family=False"
LTE-TP-EP-000221,542020041221088+20250827110227+Fiji-Nadi-LTE-DL-D!20250827105156,Fiji-Nadi-LTE-DL-D,2025-08-27 00:51:56+02:00,2025-08-27 00:51:56+02:00,1,-17.76173269,177.46507949,-17.76173269,177.46507949,ECI:1072199.0,1072199.0,210.0,9310.0,28.0,8.636336,8.636336,79.96871294288417,71.33237694288417,0.10799643613332012,88.21,88.21,78.57,78.57,100.0,100.0,1,0,0,1,rb_efficiency_underperformance,ml_quantile_p75_resource_underperformance,resource,statistical_and_ml_consensus,0.0,1.0,1.0,1.0,0.0,1.0,3.9723177811516184,100.0,1.0,1,1,True,22.25,64.49,100.0,80.47,High,Very High,True,False,,True,priority_and_confidence_gate,High,INC-000171,"new:gap=1.0s,dist=3.972317779043062m,cell=False,family=False"
LTE-TP-EP-000224,542020041221088+20250827110647+Fiji-Nadi-LTE-DL-D!20250827105407,Fiji-Nadi-LTE-DL-D,2025-08-27 00:52:19+02:00,2025-08-27 00:52:22+02:00,3,-17.7619771,177.4650824,-17.7619968,177.4648866,ECI:3631420.0,3631420.0,210.0,41186.0,41.0,0.45072,1.586352,,,,80.17,74.28666666666668,89.42,86.46333333333332,68.86,59.403333333333336,0,3,0,3,radio_limited_degradation,normal,radio,statistical_only_retained,3.0,4.0,3.0,0.75,1.0,2.0,17.08773234067462,0.0,1.0,3,3,True,27.0,73.08,59.28,66.87,High,Medium,True,False,,True,priority_and_confidence_gate,High,INC-000172,new_session_or_first_episode
LTE-TP-EP-000225,542020041221088+20250827110647+Fiji-Nadi-LTE-DL-D!20250827105407,Fiji-Nadi-LTE-DL-D,2025-08-27 00:52:29+02:00,2025-08-27 00:52:31+02:00,3,-17.76216041,177.46469915,-17.76225768,177.46466969,ECI:1068852.0,1068852.0,112.0,41186.0,41.0,1.845024,1.887088,,,,76.8,64.64,84.54,81.10000000000001,67.35,44.529999999999994,0,3,0,3,radio_limited_degradation,normal,radio,statistical_only_retained,2.0,3.0,3.0,1.0,0.0,3.0,15.448301565490304,0.0,1.0,3,3,True,36.75,71.73,54.81,64.12,High,Medium,True,False,,True,priority_and_confidence_gate,Medium,INC-000173,"new:gap=7.0s,dist=26.92567081462677m,cell=False,family=True"
LTE-TP-EP-000227,542020041221088+20250827110647+Fiji-Nadi-LTE-DL-D!20250827105407,Fiji-Nadi-LTE-DL-D,2025-08-27 00:52:36+02:00,2025-08-27 00:52:36+02:00,1,-17.76251478,177.46458487,-17.76251478,177.46458487,ECI:1067286.0,1067286.0,212.0,500.0,1.0,2.528608,2.528608,73.10037750000001,70.5717695,0.03459090207844686,91.26,91.26,90.11,90.11,92.67,92.67,0,1,0,1,ca_underperformance,normal,capability,statistical_only_retained,0.0,1.0,1.0,1.0,0.0,1.0,5.400470107472097,0.0,1.0,1,0,False,22.25,73.15,79.5,76.01,High,High,True,False,,True,priority_and_confidence_gate,High,INC-000174,"new:gap=5.0s,dist=29.966047209456402m,cell=False,family=False"
LTE-TP-EP-000229,542020041221088+20250827110647+Fiji-Nadi-LTE-DL-D!20250827105407,Fiji-Nadi-LTE-DL-D,2025-08-27 00:52:44+02:00,2025-08-27 00:52:46+02:00,3,-17.76291537,177.46443291,-17.763049,177.4643877,ECI:3631430.0,3631430.0,210.0,9310.0,28.0,0.01808,2.9878,153.565445,115.22758100000001,0.0005121818834922193,81.59,77.15666666666667,82.07,72.52666666666666,84.64,82.81333333333333,0,3,0,3,radio_limited_degradation,normal,temporal,statistical_only_retained,2.0,3.0,3.0,1.0,0.0,3.0,16.355438363549027,0.0,1.0,3,1,True,36.75,68.35,73.02,70.46,High,High,True,False,,True,priority_and_confidence_gate,High,INC-000175,"new:gap=8.0s,dist=47.361143070491394m,cell=False,family=False"
LTE-TP-EP-000230,542020041221088+20250827110647+Fiji-Nadi-LTE-DL-D!20250827105407,Fiji-Nadi-LTE-DL-D,2025-08-27 00:52:53+02:00,2025-08-27 00:52:54+02:00,2,-17.76345513,177.46424906,-17.76352738,177.46422525,ECI:3631430.0,3631430.0,210.0,9310.0,28.0,0.005224,0.05402800000000001,51.5392,51.436368,0.00010204815981758192,85.1,85.08,88.46,88.41999999999999,81.0,81.0,0,2,0,2,rolling_local_drop,normal,temporal,statistical_only_retained,1.0,2.0,2.0,1.0,0.0,2.0,17.863747231088432,0.0,1.0,2,0,False,29.5,73.71,70.75,72.38,High,High,True,False,,True,priority_and_confidence_gate,High,INC-000176,"new:gap=7.0s,dist=47.48610560918478m,cell=True,family=True"
LTE-TP-EP-000231,542020041221088+20250827110647+Fiji-Nadi-LTE-DL-D!20250827105407,Fiji-Nadi-LTE-DL-D,2025-08-27 00:53:02+02:00,2025-08-27 00:53:03+02:00,2,-17.7640684,177.4640114,-17.7641122,177.46399165,ECI:3631432.0,3631432.0,210.0,9310.0,28.0,0.0082,23.2121915,153.565445,107.14926200000002,0.00022013416909149824,76.95,71.845,82.88,70.125,78.2,73.955,0,2,0,2,rb_conditioned_underperformance,normal,capability,statistical_only_retained,1.0,2.0,2.0,1.0,0.0,2.0,11.869999064206334,0.0,1.0,2,0,False,29.5,66.35,67.59,66.91,High,High,True,False,,True,priority_and_confidence_gate,High,INC-000177,"new:gap=8.0s,dist=64.27976363751823m,cell=False,family=False"
LTE-TP-EP-000232,542020041221088+20250827110647+Fiji-Nadi-LTE-DL-D!20250827105407,Fiji-Nadi-LTE-DL-D,2025-08-27 00:53:08+02:00,2025-08-27 00:53:09+02:00,2,-17.7642811,177.4640119,-17.76427784,177.46402146,ECI:1067296.0,1067296.0,110.0,1850.0,3.0,4.12216,5.752976,27.996896250000002,20.613104250000003,0.26373609181767776,65.32,58.959999999999994,76.57,61.129999999999995,61.04,56.31,0,2,0,2,ca_underperformance,normal,capability,statistical_only_retained,1.0,2.0,2.0,1.0,0.0,2.0,4.7839754461500235,0.0,1.0,2,1,True,29.5,60.94,54.6,58.09,High,Medium,True,False,,True,priority_and_confidence_gate,Medium,INC-000178,"new:gap=5.0s,dist=18.902869739281645m,cell=False,family=True"
LTE-TP-EP-000233,542020041221088+20250827110647+Fiji-Nadi-LTE-DL-D!20250827105407,Fiji-Nadi-LTE-DL-D,2025-08-27 00:53:11+02:00,2025-08-27 00:53:11+02:00,1,-17.76433034,177.464098,-17.76433034,177.464098,ECI:3631420.0,3631420.0,210.0,41186.0,41.0,0.706416,0.706416,,,,73.76,73.76,88.53,88.53,55.7,55.7,0,1,0,1,radio_limited_degradation,normal,radio,statistical_only_retained,0.0,1.0,1.0,1.0,0.0,1.0,5.416561645189595,0.0,1.0,1,1,True,22.25,71.96,51.78,62.88,High,Medium,True,False,,True,priority_and_confidence_gate,Medium,INC-000179,"new:gap=2.0s,dist=9.988563017323797m,cell=False,family=False"
LTE-TP-EP-000234,542020041221088+20250827110647+Fiji-Nadi-LTE-DL-D!20250827105407,Fiji-Nadi-LTE-DL-D,2025-08-27 00:53:12+02:00,2025-08-27 00:53:13+02:00,2,-17.76438507,177.46420017,-17.7644477,177.4643292,ECI:1068852.0,1068852.0,112.0,41186.0,41.0,2.7772639,2.84447995,,,,75.84,73.52000000000001,81.28,81.045,69.19,64.32,0,2,0,1,radio_limited_degradation,normal,radio,statistical_only_retained,1.0,2.0,2.0,1.0,0.0,2.0,27.74909346859549,0.0,0.5,1,2,True,29.5,68.28,55.68,62.61,High,Medium,True,False,,True,priority_and_confidence_gate,Medium,INC-000180,"new:gap=1.0s,dist=12.413258809782327m,cell=False,family=True"
LTE-TP-EP-000237,542020041221088+20250827110647+Fiji-Nadi-LTE-DL-D!20250827105407,Fiji-Nadi-LTE-DL-D,2025-08-27 00:53:37+02:00,2025-08-27 00:53:37+02:00,1,-17.76553929,177.46611031,-17.76553929,177.46611031,ECI:1072192.0,1072192.0,487.0,40790.0,41.0,0.577432,0.577432,,,,64.29,64.29,67.98,67.98,59.77,59.77,0,1,0,1,radio_limited_degradation,normal,radio,statistical_only_retained,0.0,1.0,1.0,1.0,0.0,1.0,11.608180564170944,0.0,1.0,1,1,True,22.25,56.55,54.83,55.77,High,Medium,True,False,,True,priority_and_confidence_gate,Medium,INC-000181,"new:gap=24.0s,dist=224.288876286064m,cell=False,family=True"
LTE-TP-EP-000242,542020041221088+20250827111028+Fiji-Nadi-LTE-DL-D!20250827105621,Fiji-Nadi-LTE-DL-D,2025-08-27 00:55:16+02:00,2025-08-27 00:55:18+02:00,3,-17.7687301,177.4757376,-17.76878376,177.47576939,ECI:1068850.0,1068850.0,111.0,41186.0,41.0,17.98964,23.467728,105.7221075,82.2543795,0.2219755976771462,66.38,57.65,62.05,49.39333333333334,71.67,67.74,0,2,1,3,rb_conditioned_underperformance,normal,capability,statistical_only_retained,2.0,3.0,3.0,1.0,0.0,3.0,14.694508139172076,0.0,1.0,3,0,False,36.75,52.56,62.77,57.15,Medium,High,True,False,,True,priority_and_confidence_gate,Medium,INC-000182,new_session_or_first_episode
LTE-TP-EP-000248,542020041221088+20250827111428+Fiji-Nadi-LTE-DL-D!20250827105835,Fiji-Nadi-LTE-DL-D,2025-08-27 00:57:42+02:00,2025-08-27 00:57:42+02:00,1,-17.77752513,177.47778335,-17.77752513,177.47778335,ECI:1073469.0,1073469.0,81.0,40790.0,41.0,10.326048,10.326048,60.347314999999995,50.021266999999995,0.17111031369001256,67.05,67.05,62.12,62.12,73.08,73.08,0,1,0,1,ca_underperformance,normal,capability,statistical_only_retained,0.0,1.0,1.0,1.0,0.0,1.0,10.821229644036059,0.0,1.0,1,0,False,22.25,52.15,64.81,57.85,Medium,High,True,False,,True,priority_and_confidence_gate,Medium,INC-000183,new_session_or_first_episode
LTE-TP-EP-000250,542020041221088+20250827111708+Fiji-Nadi-LTE-DL-D!20250827110046,Fiji-Nadi-LTE-DL-D,2025-08-27 00:58:44+02:00,2025-08-27 00:58:44+02:00,1,-17.7788295,177.4829867,-17.7788295,177.4829867,EARFCN:41384.0|PCI:81.0,,81.0,41384.0,41.0,7.361144,7.361144,30.595760226939426,23.234616226939426,0.2405935968055648,67.49,67.49,51.74,51.74,86.75,86.75,0,1,0,1,rolling_local_drop,normal,temporal,statistical_only_retained,0.0,1.0,1.0,1.0,0.0,1.0,,0.0,1.0,1,0,False,22.25,44.37,75.06,58.18,Medium,High,True,False,,True,priority_and_confidence_gate,Medium,INC-000184,new_session_or_first_episode
LTE-TP-EP-000253,542020041221088+20250827111708+Fiji-Nadi-LTE-DL-D!20250827110046,Fiji-Nadi-LTE-DL-D,2025-08-27 00:59:34+02:00,2025-08-27 00:59:36+02:00,2,-17.7803162,177.4853279,-17.7803483,177.4854561,ECI:1070366.0,1070366.0,333.0,1850.0,3.0,0.444488,0.46232,,,,78.37,78.325,89.44,89.38,64.84,64.81,0,2,0,0,radio_limited_degradation,normal,radio,statistical_only_retained,2.0,3.0,2.0,0.6666666666666666,1.0,1.0,13.132846436419813,0.0,0.0,0,2,True,18.5,71.69,48.62,61.31,High,Medium,True,False,,True,priority_and_confidence_gate,Medium,INC-000185,"new:gap=50.0s,dist=297.9616045600963m,cell=False,family=False"
LTE-TP-EP-000256,542020041221088+20250827112048+Fiji-Nadi-LTE-DL-D!20250827110300,Fiji-Nadi-LTE-DL-D,2025-08-27 01:00:57+02:00,2025-08-27 01:00:57+02:00,1,-17.7820418,177.4892468,-17.7820418,177.4892468,ECI:1070356.0,1070356.0,333.0,500.0,1.0,19.770752,19.770752,76.7192453020017,56.948493302001694,0.2577026393074302,76.91,76.91,58.98,58.98,98.82,98.82,1,0,0,1,rb_conditioned_underperformance,ml_quantile_p75_resource_underperformance,temporal,statistical_and_ml_consensus,0.0,1.0,1.0,1.0,0.0,1.0,,100.0,1.0,1,0,False,22.25,49.8,99.12,71.99,Medium,Very High,True,False,,True,priority_and_confidence_gate,High,INC-000186,new_session_or_first_episode
LTE-TP-EP-000258,542020041221088+20250827112048+Fiji-Nadi-LTE-DL-D!20250827110300,Fiji-Nadi-LTE-DL-D,2025-08-27 01:01:47+02:00,2025-08-27 01:01:48+02:00,2,-17.7798681,177.4891298,-17.7797854,177.4890947,ECI:1070366.0,1070366.0,333.0,1850.0,3.0,18.40588,23.4367525,174.2549025,145.7872775,0.16336771357121505,61.35,61.025000000000006,65.47,59.795,68.75,62.53,0,2,0,2,rb_conditioned_underperformance,normal,capability,statistical_only_retained,1.0,2.0,2.0,1.0,0.0,2.0,28.75362848616207,0.0,1.0,2,1,True,29.5,55.06,60.01,57.29,High,High,True,False,,True,priority_and_confidence_gate,Medium,INC-000187,"new:gap=50.0s,dist=242.02201468658276m,cell=False,family=True"
LTE-TP-EP-000261,542020041221088+20250827112048+Fiji-Nadi-LTE-DL-D!20250827110300,Fiji-Nadi-LTE-DL-D,2025-08-27 01:02:47+02:00,2025-08-27 01:02:48+02:00,2,-17.7751154,177.4880571,-17.7750397,177.4880761,ECI:1070366.0,1070366.0,333.0,1850.0,3.0,26.102167,32.8112555,175.3047875,135.7844435,0.22543790482618736,60.37,58.485,61.85,52.385000000000005,73.31,65.94,0,2,0,2,radio_p75_underperformance,ml_hgb_strict_causal_temporal_underperformance,capability,statistical_only_retained,1.0,2.0,2.0,1.0,0.0,2.0,25.7480690857423,0.0,1.0,2,0,False,29.5,51.4,63.14,56.68,Medium,High,True,False,,True,priority_and_confidence_gate,Medium,INC-000188,"new:gap=59.0s,dist=530.7763081249777m,cell=True,family=True"
LTE-TP-EP-000262,542020041221088+20250827112649+Fiji-Nadi-LTE-DL-D!20250827110516,Fiji-Nadi-LTE-DL-D,2025-08-27 01:03:26+02:00,2025-08-27 01:03:26+02:00,1,-17.7713145,177.4877031,-17.7713145,177.4877031,ECI:1073471.0,1073471.0,80.0,40988.0,41.0,5.084168,5.084168,32.41143,27.327262000000005,0.15686342750073043,67.74,67.74,58.16,58.16,79.46,79.46,0,1,0,1,rb_efficiency_underperformance,normal,capability,statistical_only_retained,0.0,1.0,1.0,1.0,0.0,1.0,11.513012712921222,0.0,1.0,1,1,True,22.25,49.18,69.6,58.37,Medium,High,True,False,,True,priority_and_confidence_gate,Medium,INC-000189,new_session_or_first_episode
LTE-TP-EP-000263,542020041221088+20250827112649+Fiji-Nadi-LTE-DL-D!20250827110516,Fiji-Nadi-LTE-DL-D,2025-08-27 01:03:27+02:00,2025-08-27 01:03:27+02:00,1,-17.7712174,177.4876582,-17.7712174,177.4876582,ECI:1073430.0,1073430.0,82.0,500.0,1.0,0.003016,0.003016,,,,68.3,68.3,69.99,69.99,66.24,66.24,0,1,0,1,radio_limited_degradation,normal,radio,statistical_only_retained,0.0,1.0,1.0,1.0,0.0,1.0,11.79748505232908,0.0,1.0,1,1,True,22.25,58.06,59.68,58.79,High,Medium,True,False,,True,priority_and_confidence_gate,Medium,INC-000190,"new:gap=1.0s,dist=11.797485052501543m,cell=False,family=False"
LTE-TP-EP-000264,542020041221088+20250827112649+Fiji-Nadi-LTE-DL-D!20250827110516,Fiji-Nadi-LTE-DL-D,2025-08-27 01:03:31+02:00,2025-08-27 01:03:33+02:00,3,-17.7708412,177.4874815,-17.7706447,177.4874327,ECI:1073468.0,1073468.0,80.0,40790.0,41.0,31.834671,31.950089,119.0290425,87.1943715,0.2674529705638857,57.94,55.03,59.4,52.843333333333334,60.85,57.70333333333334,0,3,0,0,rb_conditioned_underperformance,normal,capability,statistical_only_retained,2.0,3.0,3.0,1.0,0.0,3.0,33.86876738622787,0.0,0.0,0,0,False,36.75,52.1,44.85,48.84,Medium,Medium,True,False,,True,priority_and_confidence_gate,Medium,INC-000191,"new:gap=4.0s,dist=45.825426700397905m,cell=False,family=False"
LTE-TP-EP-000265,542020041221088+20250827112649+Fiji-Nadi-LTE-DL-D!20250827110516,Fiji-Nadi-LTE-DL-D,2025-08-27 01:03:37+02:00,2025-08-27 01:03:43+02:00,7,-17.7702401,177.4874639,-17.7696383,177.4876428,ECI:1073460.0,1073460.0,82.0,41186.0,41.0,0.055176,4.691224,60.097231750000006,45.30547225000001,0.09584354629445443,78.12,66.69142857142857,90.81,66.92714285714285,81.24,66.40285714285714,0,7,0,6,ca_underperformance,normal,capability,statistical_only_retained,6.0,7.0,7.0,1.0,0.0,7.0,80.74354505514661,0.0,0.8571428571428571,6,3,True,65.75,78.57,65.79,72.82,High,High,True,False,,True,priority_and_confidence_gate,High,INC-000192,"new:gap=4.0s,dist=45.11067021303431m,cell=False,family=True"
LTE-TP-EP-000266,542020041221088+20250827112649+Fiji-Nadi-LTE-DL-D!20250827110516,Fiji-Nadi-LTE-DL-D,2025-08-27 01:03:44+02:00,2025-08-27 01:03:44+02:00,1,-17.7695338,177.487682,-17.7695338,177.487682,ECI:1073430.0,1073430.0,82.0,41186.0,41.0,1.32004,1.32004,,,,76.26,76.26,86.38,86.38,63.88,63.88,0,1,0,0,radio_limited_degradation,normal,radio,statistical_only_retained,0.0,1.0,1.0,1.0,0.0,1.0,12.339030043742556,0.0,0.0,0,1,True,22.25,70.35,47.91,60.25,High,Medium,True,False,,True,priority_and_confidence_gate,Medium,INC-000193,"new:gap=1.0s,dist=12.339030043960074m,cell=False,family=False"
LTE-TP-EP-000267,542020041221088+20250827112649+Fiji-Nadi-LTE-DL-D!20250827110516,Fiji-Nadi-LTE-DL-D,2025-08-27 01:03:51+02:00,2025-08-27 01:03:52+02:00,2,-17.7687948,177.4880312,-17.7686986,177.4881082,ECI:1073463.0,1073463.0,82.0,41384.0,41.0,0.000632,3.539076,,,,76.33,63.644999999999996,91.0,78.61500000000001,58.4,45.345,0,2,0,2,radio_limited_degradation,normal,radio,statistical_only_retained,1.0,2.0,2.0,1.0,0.0,2.0,26.56378633998696,0.0,1.0,2,2,True,29.5,72.53,50.54,62.63,High,Medium,True,False,,True,priority_and_confidence_gate,Medium,INC-000194,"new:gap=7.0s,dist=90.10949819533921m,cell=False,family=True"
LTE-TP-EP-000268,542020041221088+20250827112649+Fiji-Nadi-LTE-DL-D!20250827110516,Fiji-Nadi-LTE-DL-D,2025-08-27 01:03:53+02:00,2025-08-27 01:03:53+02:00,1,-17.76869953,177.48811255,-17.76869953,177.48811255,ECI:1067318.0,1067318.0,82.0,41384.0,41.0,7.252672,7.252672,,,,68.86,68.86,65.62,65.62,72.83,72.83,0,1,0,1,rb_efficiency_underperformance,normal,radio,statistical_only_retained,0.0,1.0,1.0,1.0,0.0,1.0,0.4720897455714943,0.0,1.0,1,1,True,22.25,54.78,64.62,59.21,Medium,High,True,False,,True,priority_and_confidence_gate,Medium,INC-000195,"new:gap=1.0s,dist=0.4720897459290101m,cell=False,family=True"
LTE-TP-EP-000269,542020041221088+20250827112649+Fiji-Nadi-LTE-DL-D!20250827110516,Fiji-Nadi-LTE-DL-D,2025-08-27 01:03:59+02:00,2025-08-27 01:03:59+02:00,1,-17.7682644,177.4888325,-17.7682644,177.4888325,ECI:1067335.0,1067335.0,108.0,9310.0,28.0,3.144672,3.144672,59.51545075,56.37077875,0.05283790949025115,88.82,88.82,81.17,81.17,98.16,98.16,0,1,0,1,ca_underperformance,ml_severe_quantile_p75_resource_underperformance,capability,statistical_only_retained,0.0,1.0,1.0,1.0,0.0,1.0,12.6777839130235,0.0,1.0,1,0,False,22.25,66.44,83.62,74.17,High,Very High,True,False,,True,priority_and_confidence_gate,High,INC-000196,"new:gap=6.0s,dist=90.29385714837905m,cell=False,family=False"
LTE-TP-EP-000274,542020041221088+20250827112649+Fiji-Nadi-LTE-DL-D!20250827110516,Fiji-Nadi-LTE-DL-D,2025-08-27 01:04:21+02:00,2025-08-27 01:04:21+02:00,1,-17.7668296,177.4903266,-17.7668296,177.4903266,ECI:1067325.0,1067325.0,108.0,40790.0,41.0,17.121384,17.121384,119.0290425,101.9076585,0.1438420711483082,71.1,71.1,70.21,70.21,72.19,72.19,0,1,0,1,rb_conditioned_underperformance,normal,capability,statistical_only_retained,0.0,1.0,1.0,1.0,0.0,1.0,7.62521589219665,0.0,1.0,1,0,False,22.25,58.22,64.14,60.89,High,High,True,False,,True,priority_and_confidence_gate,Medium,INC-000197,"new:gap=22.0s,dist=224.68865159687232m,cell=False,family=True"
LTE-TP-EP-000279,542020041221088+20250827112649+Fiji-Nadi-LTE-DL-D!20250827110516,Fiji-Nadi-LTE-DL-D,2025-08-27 01:05:11+02:00,2025-08-27 01:05:11+02:00,1,-17.7633849,177.487468,-17.7633849,177.487468,ECI:1067325.0,1067325.0,108.0,40790.0,41.0,7.264528,7.264528,49.4498,42.185272000000005,0.14690712601466538,66.86,66.86,63.44,63.44,71.05,71.05,0,1,0,1,rb_efficiency_underperformance,normal,capability,statistical_only_retained,0.0,1.0,1.0,1.0,0.0,1.0,8.901721331585842,0.0,1.0,1,1,True,22.25,53.14,63.29,57.71,Medium,High,True,False,,True,priority_and_confidence_gate,Medium,INC-000198,"new:gap=50.0s,dist=488.20610121166465m,cell=True,family=True"
LTE-TP-EP-000280,542020041221088+20250827112909+Fiji-Nadi-LTE-DL-D!20250827110725,Fiji-Nadi-LTE-DL-D,2025-08-27 01:07:22+02:00,2025-08-27 01:07:23+02:00,2,-17.7676449,177.4768981,-17.7676729,177.4768539,ECI:1068850.0,1068850.0,111.0,41186.0,41.0,28.570744,30.458592000000003,103.734363,75.163619,0.27542217615969744,64.85,63.22,56.52,54.510000000000005,75.04,73.87,0,2,0,0,rb_conditioned_underperformance,normal,capability,statistical_only_retained,1.0,2.0,2.0,1.0,0.0,2.0,11.804298063256613,0.0,0.0,0,0,False,29.5,49.26,55.99,52.29,Medium,Medium,True,False,,True,priority_and_confidence_gate,Medium,INC-000199,new_session_or_first_episode
LTE-TP-EP-000283,542020041221088+20250827113229+Fiji-Nadi-LTE-DL-D!20250827110935,Fiji-Nadi-LTE-DL-D,2025-08-27 01:08:21+02:00,2025-08-27 01:08:21+02:00,1,-17.76394,177.476137,-17.76394,177.476137,ECI:1068850.0,1068850.0,111.0,41186.0,41.0,7.561184,7.561184,41.037212749999995,33.47602875,0.18425188976802526,63.98,63.98,56.54,56.54,73.08,73.08,0,1,0,1,ca_underperformance,ml_quantile_p75_resource_underperformance,capability,statistical_only_retained,0.0,1.0,1.0,1.0,0.0,1.0,9.647268340551374,0.0,1.0,1,0,False,22.25,47.97,64.81,55.55,Medium,High,True,False,,True,priority_and_confidence_gate,Medium,INC-000200,new_session_or_first_episode
LTE-TP-EP-000285,542020041221088+20250827113229+Fiji-Nadi-LTE-DL-D!20250827110935,Fiji-Nadi-LTE-DL-D,2025-08-27 01:08:24+02:00,2025-08-27 01:08:25+02:00,2,-17.7639056,177.4758275,-17.7638783,177.4757292,ECI:1068850.0,1068850.0,111.0,41186.0,41.0,5.921464,5.935576,41.037212749999995,35.115748749999995,0.14429498504378813,66.06,64.29,70.18,65.96000000000001,63.48,62.25,0,2,0,2,ca_underperformance,normal,capability,statistical_only_retained,1.0,2.0,2.0,1.0,0.0,2.0,22.218448641016174,0.0,1.0,2,1,True,29.5,58.96,57.3,58.21,High,Medium,True,False,,True,priority_and_confidence_gate,Medium,INC-000200,"bridged:gap=3.0s,dist=32.99649657088596m,cell=True,family=True"
LTE-TP-EP-000288,542020041221088+20250827113629+Fiji-Nadi-LTE-DL-D!20250827111145,Fiji-Nadi-LTE-DL-D,2025-08-27 01:11:28+02:00,2025-08-27 01:11:31+02:00,2,-17.7586499,177.4645671,-17.7583466,177.4644392,ECI:1072190.0,1072190.0,448.0,40790.0,41.0,40.779846,42.8438795,119.0290425,77.667944,0.34428541047494426,57.03,55.83,53.75,51.9,61.04,60.635,0,2,0,0,rb_conditioned_underperformance,normal,capability,statistical_only_retained,3.0,4.0,2.0,0.5,2.0,1.0,23.72358830035182,0.0,0.0,0,0,False,16.0,43.85,45.68,44.67,Medium,Medium,True,False,,True,priority_and_confidence_gate,Medium,INC-000201,new_session_or_first_episode
LTE-TP-EP-000290,542020041221088+20250827114050+Fiji-Nadi-LTE-DL-D!20250827111354,Fiji-Nadi-LTE-DL-D,2025-08-27 01:12:01+02:00,2025-08-27 01:12:07+02:00,3,-17.7556717,177.46335923,-17.75533921,177.46287116,ECI:1072190.0,1072190.0,448.0,40790.0,41.0,20.589111,44.262703,119.0290425,97.858679,0.17382435755027595,80.67,63.89666666666667,64.86,54.699999999999996,100.0,75.14,1,2,0,1,rb_conditioned_underperformance,normal,capability,statistical_only_retained,6.0,7.0,3.0,0.42857142857142855,4.0,1.0,21.96690742812622,33.33333333333333,0.3333333333333333,1,1,True,16.18,50.15,77.12,62.29,Medium,High,True,False,,True,priority_and_confidence_gate,Medium,INC-000202,new_session_or_first_episode
LTE-TP-EP-000291,542020041221088+20250827114050+Fiji-Nadi-LTE-DL-D!20250827111354,Fiji-Nadi-LTE-DL-D,2025-08-27 01:12:33+02:00,2025-08-27 01:12:33+02:00,1,-17.7534753,177.4607174,-17.7534753,177.4607174,ECI:1072180.0,1072180.0,448.0,41186.0,41.0,1.573104,1.573104,,,,72.49,72.49,85.49,85.49,56.61,56.61,0,1,0,1,radio_limited_degradation,normal,radio,statistical_only_retained,0.0,1.0,1.0,1.0,0.0,1.0,11.875497693189857,0.0,1.0,1,1,True,22.25,69.68,52.46,61.93,High,Medium,True,False,,True,priority_and_confidence_gate,Medium,INC-000203,"new:gap=26.0s,dist=308.18305532893135m,cell=False,family=False"
LTE-TP-EP-000293,542020041221088+20250827114050+Fiji-Nadi-LTE-DL-D!20250827111354,Fiji-Nadi-LTE-DL-D,2025-08-27 01:13:03+02:00,2025-08-27 01:13:03+02:00,1,-17.7515366,177.4586678,-17.7515366,177.4586678,ECI:1072183.0,1072183.0,215.0,41384.0,41.0,2.076824,2.076824,38.729599,36.652775,0.05362368972629951,73.17,73.17,72.6,72.6,73.86,73.86,0,1,0,1,ca_underperformance,normal,capability,statistical_only_retained,0.0,1.0,1.0,1.0,0.0,1.0,8.10750831726587,0.0,1.0,1,0,False,22.25,60.01,65.4,62.43,High,High,True,False,,True,priority_and_confidence_gate,Medium,INC-000204,"new:gap=30.0s,dist=305.9153042817708m,cell=False,family=False"
LTE-TP-EP-000294,542020041221088+20250827114050+Fiji-Nadi-LTE-DL-D!20250827111354,Fiji-Nadi-LTE-DL-D,2025-08-27 01:13:06+02:00,2025-08-27 01:13:08+02:00,2,-17.7513454,177.4584585,-17.7512367,177.4583557,ECI:1068343.0,1068343.0,50.0,41384.0,41.0,1.26844,6.070792,60.15991375,58.89147375,0.021084471717680946,88.21,73.37,86.63,73.57,90.14,73.12,0,2,0,2,ca_underperformance,normal,capability,statistical_only_retained,2.0,3.0,2.0,0.6666666666666666,1.0,1.0,15.695610578425713,0.0,1.0,2,0,False,18.5,66.33,73.35,69.49,High,High,True,False,,True,priority_and_confidence_gate,High,INC-000205,"new:gap=3.0s,dist=30.713163471265457m,cell=False,family=True"
LTE-TP-EP-000295,542020041221088+20250827114050+Fiji-Nadi-LTE-DL-D!20250827111354,Fiji-Nadi-LTE-DL-D,2025-08-27 01:13:28+02:00,2025-08-27 01:13:30+02:00,2,-17.7508106,177.45663235,-17.750692,177.4563502,ECI:1068343.0,1068343.0,50.0,41384.0,41.0,33.218136,36.598236,105.95971,72.741574,0.3134978002487927,58.18,57.925,53.08,49.53,71.96,68.185,0,2,0,0,radio_p75_underperformance,normal,capability,statistical_only_retained,2.0,3.0,2.0,0.6666666666666666,1.0,1.0,12.39163185000679,0.0,0.0,0,0,False,18.5,43.55,53.03,47.81,Medium,Medium,True,False,,True,priority_and_confidence_gate,Medium,INC-000206,"new:gap=20.0s,dist=188.55463508274724m,cell=True,family=True"
LTE-TP-EP-000296,542020041221088+20250827114050+Fiji-Nadi-LTE-DL-D!20250827111354,Fiji-Nadi-LTE-DL-D,2025-08-27 01:13:43+02:00,2025-08-27 01:13:43+02:00,1,-17.75027078,177.45526801,-17.75027078,177.45526801,ECI:1067296.0,1067296.0,110.0,1850.0,3.0,0.202528,0.202528,,,,70.57,70.57,69.29,69.29,72.13,72.13,0,1,0,1,radio_limited_degradation,normal,radio,statistical_only_retained,0.0,1.0,1.0,1.0,0.0,1.0,9.868984139358934,0.0,1.0,1,1,True,22.25,57.53,64.1,60.49,High,High,True,False,,True,priority_and_confidence_gate,Medium,INC-000207,"new:gap=13.0s,dist=123.80701321964516m,cell=False,family=False"
LTE-TP-EP-000299,542020041221088+20250827114430+Fiji-Nadi-LTE-DL-D!20250827111604,Fiji-Nadi-LTE-DL-D,2025-08-27 01:14:35+02:00,2025-08-27 01:14:36+02:00,2,-17.7551195,177.4555006,-17.7552131,177.4555947,ECI:3631422.0,3631422.0,212.0,41186.0,41.0,1.51064,2.163148,41.037212749999995,38.22155675,0.06861226217172853,75.93,71.375,71.59,68.15,81.24,75.32499999999999,0,2,0,2,ca_underperformance,normal,capability,statistical_only_retained,1.0,2.0,2.0,1.0,0.0,2.0,29.23625210946299,0.0,1.0,2,1,True,29.5,60.21,69.45,64.37,High,High,True,False,,True,priority_and_confidence_gate,Medium,INC-000208,new_session_or_first_episode
LTE-TP-EP-000300,542020041221088+20250827114430+Fiji-Nadi-LTE-DL-D!20250827111604,Fiji-Nadi-LTE-DL-D,2025-08-27 01:15:16+02:00,2025-08-27 01:15:20+02:00,5,-17.7585746,177.4585564,-17.7587528,177.4586352,ECI:3625799.0,3625799.0,116.0,9310.0,28.0,0.975608,25.259487,174.2549025,135.2239275,0.06714547861257994,74.6,66.326,70.98,63.922000000000004,79.03,69.262,0,5,0,5,rb_conditioned_underperformance,normal,capability,statistical_only_retained,4.0,5.0,5.0,1.0,0.0,5.0,26.083895827158113,0.0,1.0,5,3,True,51.25,64.28,66.83,65.43,High,High,True,False,,True,priority_and_confidence_gate,High,INC-000209,"new:gap=40.0s,dist=487.93584321238177m,cell=False,family=True"
LTE-TP-EP-000301,542020041221088+20250827114430+Fiji-Nadi-LTE-DL-D!20250827111604,Fiji-Nadi-LTE-DL-D,2025-08-27 01:15:21+02:00,2025-08-27 01:15:22+02:00,2,-17.7587937,177.4586515,-17.7588331,177.4586666,ECI:3631432.0,3631432.0,116.0,9310.0,28.0,42.08768,45.134460000000004,150.5427125,108.45503249999999,0.27957301486779046,61.7,61.095,58.69,57.51,65.57,65.47999999999999,0,2,0,0,radio_p75_underperformance,normal,capability,statistical_only_retained,1.0,2.0,2.0,1.0,0.0,2.0,9.528208169854285,0.0,0.0,0,1,True,29.5,51.1,49.15,50.22,Medium,Medium,True,False,,True,priority_and_confidence_gate,Medium,INC-000210,"new:gap=1.0s,dist=4.864428981519495m,cell=False,family=True"
LTE-TP-EP-000303,542020041221088+20250827114430+Fiji-Nadi-LTE-DL-D!20250827111604,Fiji-Nadi-LTE-DL-D,2025-08-27 01:15:34+02:00,2025-08-27 01:15:34+02:00,1,-17.7594612,177.4588937,-17.7594612,177.4588937,ECI:3625779.0,3625779.0,116.0,40790.0,41.0,6.233856,6.233856,49.4498,43.215944,0.12606433190831914,69.92,69.92,66.46,66.46,74.14,74.14,0,1,0,1,ca_underperformance,normal,capability,statistical_only_retained,0.0,1.0,1.0,1.0,0.0,1.0,10.108506536801006,0.0,1.0,1,0,False,22.25,55.41,65.6,60.0,High,High,True,False,,True,priority_and_confidence_gate,Medium,INC-000211,"new:gap=12.0s,dist=73.86616419356764m,cell=False,family=True"
LTE-TP-EP-000304,542020041221088+20250827114630+Fiji-Nadi-LTE-DL-D!20250827111815,Fiji-Nadi-LTE-DL-D,2025-08-27 01:16:13+02:00,2025-08-27 01:16:13+02:00,1,-17.7595278,177.4588996,-17.7595278,177.4588996,ECI:3625779.0,3625779.0,116.0,40790.0,41.0,14.0788,14.0788,60.041045999999994,45.96224599999999,0.2344862546198812,72.28,72.28,51.7,51.7,97.44,97.44,1,0,0,1,ca_underperformance,ml_quantile_p75_resource_underperformance,resource,statistical_and_ml_consensus,0.0,1.0,1.0,1.0,0.0,1.0,0.011119507784390236,100.0,1.0,1,0,False,22.25,44.34,98.08,68.52,Medium,Very High,True,False,,True,priority_and_confidence_gate,High,INC-000212,new_session_or_first_episode
LTE-TP-EP-000305,542020041221088+20250827114630+Fiji-Nadi-LTE-DL-D!20250827111815,Fiji-Nadi-LTE-DL-D,2025-08-27 01:18:07+02:00,2025-08-27 01:18:09+02:00,3,-17.7614198,177.4586657,-17.76145146,177.45865162,ECI:3631412.0,3631412.0,212.0,40790.0,41.0,0.001744,0.017984,81.80363246981932,63.18839246981932,2.9554047387813666e-05,86.83,79.77333333333333,91.6,82.30333333333333,81.0,76.68333333333334,0,3,0,3,sudden_drop,normal,temporal,statistical_only_retained,2.0,3.0,3.0,1.0,0.0,3.0,7.901696325575135,0.0,1.0,3,0,False,36.75,75.56,69.67,72.91,High,High,True,False,,True,priority_and_confidence_gate,High,INC-000213,"new:gap=114.0s,dist=211.8341459092489m,cell=False,family=False"
LTE-TP-EP-000307,542020041221088+20250827115331+Fiji-Nadi-LTE-DL-D!20250827112239,Fiji-Nadi-LTE-DL-D,2025-08-27 01:20:42+02:00,2025-08-27 01:20:42+02:00,1,-17.7611943,177.4513521,-17.7611943,177.4513521,ECI:1070868.0,1070868.0,348.0,500.0,1.0,12.175328,12.175328,80.45752920899598,68.28220120899599,0.1513261483381306,80.98,80.98,76.08,76.08,86.96,86.96,0,1,0,1,sudden_drop,normal,temporal,statistical_only_retained,0.0,1.0,1.0,1.0,0.0,1.0,21.718861689053394,0.0,1.0,1,0,False,22.25,62.62,75.22,68.29,High,High,True,False,,True,priority_and_confidence_gate,High,INC-000214,new_session_or_first_episode
LTE-TP-EP-000308,542020041221088+20250827115331+Fiji-Nadi-LTE-DL-D!20250827112239,Fiji-Nadi-LTE-DL-D,2025-08-27 01:21:51+02:00,2025-08-27 01:21:53+02:00,2,-17.76502008,177.44565153,-17.76512197,177.44555963,ECI:1066037.0,1066037.0,124.0,41384.0,41.0,28.799688,32.140884,121.14346,92.343772,0.23773209053134192,65.57,64.44,61.13,59.519999999999996,74.94,70.46000000000001,0,2,0,2,rb_conditioned_underperformance,normal,capability,statistical_only_retained,2.0,3.0,2.0,0.6666666666666666,1.0,1.0,15.91430425650773,0.0,1.0,2,0,False,18.5,50.07,65.09,56.83,Medium,High,True,False,,True,priority_and_confidence_gate,Medium,INC-000215,"new:gap=69.0s,dist=738.493360252845m,cell=False,family=False"
LTE-TP-EP-000309,542020041221088+20250827115331+Fiji-Nadi-LTE-DL-D!20250827112239,Fiji-Nadi-LTE-DL-D,2025-08-27 01:22:05+02:00,2025-08-27 01:22:06+02:00,2,-17.7652517,177.4454503,-17.76525169,177.44545028,ECI:1066037.0,1066037.0,124.0,41384.0,41.0,0.089751996,16.890264497999997,74.70111996548593,41.01034296548593,0.0024359539775678815,81.83,68.94,82.5,62.9,81.0,76.315,0,2,0,2,sudden_drop,ml_hgb_strict_causal_temporal_underperformance,temporal,statistical_only_retained,1.0,2.0,2.0,1.0,0.0,2.0,0.0023920173609254325,0.0,1.0,2,0,False,29.5,64.35,69.58,66.7,High,High,True,False,,True,priority_and_confidence_gate,High,INC-000216,"new:gap=12.0s,dist=18.49657152353132m,cell=True,family=False"
LTE-TP-EP-000310,542020041221088+20250827115331+Fiji-Nadi-LTE-DL-D!20250827112239,Fiji-Nadi-LTE-DL-D,2025-08-27 01:22:36+02:00,2025-08-27 01:22:37+02:00,2,-17.76652458,177.44417432,-17.76660388,177.44407193,ECI:1066038.0,1066038.0,125.0,41384.0,41.0,2.223064,18.079292,121.14346,87.20794000000001,0.07423608640111405,76.82,68.41,73.4,66.03,81.0,71.32,0,2,0,1,rb_conditioned_underperformance,normal,capability,statistical_only_retained,1.0,2.0,2.0,1.0,0.0,2.0,41.523349014441415,0.0,0.5,1,0,False,29.5,60.58,63.33,61.82,High,High,True,False,,True,priority_and_confidence_gate,Medium,INC-000217,"new:gap=30.0s,dist=195.67629132553216m,cell=False,family=False"
LTE-TP-EP-000311,542020041221088+20250827115912+Fiji-Nadi-LTE-DL-D!20250827112451,Fiji-Nadi-LTE-DL-D,2025-08-27 01:22:50+02:00,2025-08-27 01:22:51+02:00,2,-17.7675704,177.44248,-17.7676483,177.4423688,ECI:1066038.0,1066038.0,123.0,41384.0,41.0,0.41384,1.936976,,,,74.85,70.365,68.55,63.22,82.56,79.1,0,2,0,0,radio_limited_degradation,normal,radio,statistical_only_retained,1.0,2.0,2.0,1.0,0.0,2.0,29.002138574435563,0.0,0.0,0,2,True,29.5,57.46,61.05,59.08,High,High,True,False,,True,priority_and_confidence_gate,Medium,INC-000218,new_session_or_first_episode
LTE-TP-EP-000312,542020041221088+20250827115912+Fiji-Nadi-LTE-DL-D!20250827112451,Fiji-Nadi-LTE-DL-D,2025-08-27 01:23:06+02:00,2025-08-27 01:23:08+02:00,3,-17.7688331,177.4407888,-17.76889444,177.4406833,ECI:1066038.0,1066038.0,123.0,41384.0,41.0,0.042528,4.60896,60.15991375,45.65093775,0.0037642287017133065,69.69,67.08666666666666,63.41,53.65333333333333,91.89,83.50666666666666,1,2,0,3,ca_underperformance,normal,temporal,statistical_only_retained,2.0,3.0,3.0,1.0,0.0,3.0,26.7010714457173,33.33333333333333,1.0,3,0,False,36.75,54.31,81.82,66.69,Medium,Very High,True,False,,True,priority_and_confidence_gate,High,INC-000219,"new:gap=15.0s,dist=212.95144865534502m,cell=True,family=False"
LTE-TP-EP-000313,542020041221088+20250827115912+Fiji-Nadi-LTE-DL-D!20250827112451,Fiji-Nadi-LTE-DL-D,2025-08-27 01:23:19+02:00,2025-08-27 01:23:21+02:00,3,-17.7694291,177.439385,-17.7694666,177.4392479,ECI:1066038.0,1066038.0,123.0,41384.0,41.0,0.068032,10.597968,84.7178423513057,52.536705351305706,0.0020259763657853994,81.94,69.11,81.24,62.419999999999995,82.8,77.29,0,3,0,3,radio_limited_degradation,normal,temporal,statistical_only_retained,2.0,3.0,3.0,1.0,0.0,3.0,38.574375084505604,0.0,1.0,3,1,True,36.75,65.41,70.72,67.8,High,High,True,False,,True,priority_and_confidence_gate,High,INC-000220,"new:gap=11.0s,dist=149.78166542711054m,cell=True,family=True"
LTE-TP-EP-000314,542020041221088+20250827115912+Fiji-Nadi-LTE-DL-D!20250827112451,Fiji-Nadi-LTE-DL-D,2025-08-27 01:23:32+02:00,2025-08-27 01:23:33+02:00,2,-17.76949527,177.4391596,-17.76949527,177.4391596,ECI:1066038.0,1066038.0,123.0,41384.0,41.0,0.466112,4.844508,37.103261212834205,30.689562896489527,0.014960741551855112,79.96,72.215,79.11,68.72,81.0,76.49000000000001,0,2,0,2,rolling_local_drop,normal,temporal,statistical_only_retained,1.0,2.0,2.0,1.0,0.0,2.0,0.0,0.0,1.0,2,0,False,29.5,64.11,69.62,66.59,High,High,True,False,,True,priority_and_confidence_gate,High,INC-000221,"new:gap=11.0s,dist=9.878641455231172m,cell=True,family=True"
LTE-TP-EP-000315,542020041221088+20250827115912+Fiji-Nadi-LTE-DL-D!20250827112451,Fiji-Nadi-LTE-DL-D,2025-08-27 01:23:41+02:00,2025-08-27 01:23:42+02:00,2,-17.7694953,177.4391596,-17.76949527,177.4391596,ECI:1066038.0,1066038.0,123.0,41384.0,41.0,0.767888,3.26282,39.4205660720764,38.6526780720764,0.019479375273201222,81.43,77.73500000000001,81.78,74.45,82.49,81.745,0,2,0,2,rolling_local_drop,normal,temporal,statistical_only_retained,1.0,2.0,2.0,1.0,0.0,2.0,0.006671704104774889,0.0,1.0,2,0,False,29.5,66.88,71.68,69.04,High,High,True,False,,True,priority_and_confidence_gate,High,INC-000222,"new:gap=8.0s,dist=0.0033358520523874445m,cell=True,family=True"
LTE-TP-EP-000316,542020041221088+20250827115912+Fiji-Nadi-LTE-DL-D!20250827112451,Fiji-Nadi-LTE-DL-D,2025-08-27 01:23:52+02:00,2025-08-27 01:23:53+02:00,2,-17.7694953,177.4391596,-17.7694953,177.4391596,ECI:1066038.0,1066038.0,123.0,41384.0,41.0,0.121248,0.125264,39.76947507000005,39.64822707000005,0.0030487704398055523,82.66,82.545,83.6,83.07,82.8,81.9,0,2,0,2,radio_limited_degradation,normal,temporal,statistical_only_retained,1.0,2.0,2.0,1.0,0.0,2.0,0.0033358520523874445,0.0,1.0,2,1,True,29.5,69.94,71.88,70.81,High,High,True,False,,True,priority_and_confidence_gate,High,INC-000223,"new:gap=10.0s,dist=0.0033358520523874445m,cell=True,family=True"
LTE-TP-EP-000317,542020041221088+20250827115912+Fiji-Nadi-LTE-DL-D!20250827112451,Fiji-Nadi-LTE-DL-D,2025-08-27 01:24:04+02:00,2025-08-27 01:24:05+02:00,2,-17.7694953,177.4391596,-17.7694953,177.4391596,ECI:1066038.0,1066038.0,123.0,41384.0,41.0,4.236888,12.008716,105.95971,86.17916600000001,0.1579873477367984,80.41,75.22999999999999,65.42,64.9,100.0,87.85,1,1,0,2,rb_conditioned_underperformance,ml_quantile_p75_resource_underperformance,capability,statistical_and_ml_consensus,1.0,2.0,2.0,1.0,0.0,2.0,0.0,50.0,1.0,2,0,False,29.5,56.31,89.46,71.23,High,Very High,True,False,,True,priority_and_confidence_gate,High,INC-000224,"new:gap=11.0s,dist=0.0m,cell=True,family=False"
LTE-TP-EP-000318,542020041221088+20250827115912+Fiji-Nadi-LTE-DL-D!20250827112451,Fiji-Nadi-LTE-DL-D,2025-08-27 01:24:21+02:00,2025-08-27 01:24:23+02:00,2,-17.7696522,177.4388635,-17.7697628,177.4387126,ECI:1066038.0,1066038.0,123.0,41384.0,41.0,0.924128,2.8520839999999996,17.37375596150002,16.44962796150002,0.05319103146422993,73.54,69.14500000000001,67.43,55.865,89.75,85.375,0,2,0,2,sudden_drop,normal,temporal,statistical_only_retained,2.0,3.0,2.0,0.6666666666666666,1.0,1.0,35.208956369600045,0.0,1.0,2,0,False,18.5,52.31,76.22,63.07,Medium,High,True,False,,True,priority_and_confidence_gate,Medium,INC-000225,"new:gap=16.0s,dist=35.881170314277114m,cell=True,family=False"
LTE-TP-EP-000319,542020041221088+20250827115912+Fiji-Nadi-LTE-DL-D!20250827112451,Fiji-Nadi-LTE-DL-D,2025-08-27 01:24:37+02:00,2025-08-27 01:24:39+02:00,3,-17.7706965,177.4376038,-17.7708088,177.4374678,ECI:1066038.0,1066038.0,123.0,41384.0,41.0,0.129184,7.197552,70.7488185,53.4616585,0.005301528916245572,78.98,68.33999999999999,77.32,62.10999999999999,81.0,75.95333333333333,0,3,0,3,rb_conditioned_underperformance,normal,temporal,statistical_only_retained,2.0,3.0,3.0,1.0,0.0,3.0,40.90094791328302,0.0,1.0,3,0,False,36.75,63.37,69.49,66.13,High,High,True,False,,True,priority_and_confidence_gate,High,INC-000226,"new:gap=14.0s,dist=156.73041272280614m,cell=True,family=True"
LTE-TP-EP-000320,542020041221088+20250827120512+Fiji-Nadi-LTE-DL-D!20250827112702,Fiji-Nadi-LTE-DL-D,2025-08-27 01:25:00+02:00,2025-08-27 01:25:00+02:00,1,-17.7722527,177.4357514,-17.7722527,177.4357514,ECI:1067151.0,1067151.0,339.0,41384.0,41.0,6.422256,6.422256,35.941179136152954,29.518923136152953,0.17868796056109085,75.11,75.11,65.05,65.05,87.41,87.41,0,1,0,1,rolling_local_drop,normal,temporal,statistical_only_retained,0.0,1.0,1.0,1.0,0.0,1.0,,0.0,1.0,1,0,False,22.25,54.35,75.56,63.89,Medium,High,True,False,,True,priority_and_confidence_gate,Medium,INC-000227,new_session_or_first_episode
LTE-TP-EP-000321,542020041221088+20250827120512+Fiji-Nadi-LTE-DL-D!20250827112702,Fiji-Nadi-LTE-DL-D,2025-08-27 01:25:12+02:00,2025-08-27 01:25:12+02:00,1,-17.77344903,177.43494568,-17.77344903,177.43494568,ECI:1067041.0,1067041.0,339.0,1850.0,3.0,0.01276,0.01276,28.705737781363762,28.692977781363762,0.0004445104354114181,80.14,80.14,79.44,79.44,81.0,81.0,0,1,0,1,sudden_drop,normal,temporal,statistical_only_retained,0.0,1.0,1.0,1.0,0.0,1.0,0.19361391077481407,0.0,1.0,1,0,False,22.25,65.14,70.75,67.67,High,High,True,False,,True,priority_and_confidence_gate,High,INC-000228,"new:gap=12.0s,dist=158.0341108488608m,cell=False,family=True"
LTE-TP-EP-000323,542020041221088+20250827121333+Fiji-Nadi-LTE-DL-D!20250827112914,Fiji-Nadi-LTE-DL-D,2025-08-27 01:27:41+02:00,2025-08-27 01:27:42+02:00,2,-17.7796019,177.43071873,-17.7797531,177.4306194,ECI:1072702.0,1072702.0,393.0,40790.0,41.0,11.44384,14.909028,83.886915,65.512699,0.2190355432667896,56.6,55.0,57.01,54.105000000000004,56.1,56.1,0,2,0,2,ca_underperformance,normal,capability,statistical_only_retained,1.0,2.0,2.0,1.0,0.0,2.0,29.49198480079148,0.0,1.0,2,0,False,29.5,49.41,52.08,50.61,Medium,Medium,True,False,,True,priority_and_confidence_gate,Medium,INC-000229,new_session_or_first_episode
LTE-TP-EP-000324,542020041221088+20250827121333+Fiji-Nadi-LTE-DL-D!20250827112914,Fiji-Nadi-LTE-DL-D,2025-08-27 01:28:07+02:00,2025-08-27 01:28:08+02:00,2,-17.78029211,177.43023644,-17.7802921,177.4302364,ECI:1065532.0,1065532.0,134.0,40790.0,41.0,0.108872,0.377224,16.80393655148957,16.158360551489572,0.009502284704750452,67.78,66.08500000000001,66.32,64.845,69.56,67.6,0,2,0,2,rolling_local_drop,normal,temporal,statistical_only_retained,1.0,2.0,2.0,1.0,0.0,2.0,0.004378883306202924,0.0,1.0,2,0,False,29.5,56.75,61.68,58.97,High,High,True,False,,True,priority_and_confidence_gate,Medium,INC-000230,"new:gap=25.0s,dist=72.36354438849457m,cell=False,family=False"
LTE-TP-EP-000325,542020041221088+20250827121333+Fiji-Nadi-LTE-DL-D!20250827112914,Fiji-Nadi-LTE-DL-D,2025-08-27 01:28:30+02:00,2025-08-27 01:28:30+02:00,1,-17.7806835,177.4297891,-17.7806835,177.4297891,ECI:1072692.0,1072692.0,394.0,41186.0,41.0,6.35664,6.35664,40.147140148473724,33.790500148473726,0.1583335693773361,73.0,73.0,67.77,67.77,79.4,79.4,0,1,0,1,sudden_drop,normal,temporal,statistical_only_retained,0.0,1.0,1.0,1.0,0.0,1.0,15.746591425827384,0.0,1.0,1,0,False,22.25,56.39,69.55,62.31,High,High,True,False,,True,priority_and_confidence_gate,Medium,INC-000231,"new:gap=22.0s,dist=64.3216924419257m,cell=False,family=True"
LTE-TP-EP-000327,542020041221088+20250827121333+Fiji-Nadi-LTE-DL-D!20250827112914,Fiji-Nadi-LTE-DL-D,2025-08-27 01:28:58+02:00,2025-08-27 01:29:00+02:00,3,-17.78003006,177.42707257,-17.77991762,177.42703995,ECI:1065675.0,1065675.0,321.0,356.0,1.0,0.005648,0.113344,49.79821342040304,48.10877342040304,0.00013655228369800467,86.84,84.46666666666667,84.53,84.26333333333334,90.35,84.71666666666665,0,3,0,3,radio_limited_degradation,normal,temporal,statistical_only_retained,2.0,3.0,3.0,1.0,0.0,3.0,18.65668950583761,0.0,1.0,3,1,True,36.75,72.52,76.35,74.24,High,High,True,False,,True,priority_and_confidence_gate,High,INC-000232,"new:gap=28.0s,dist=296.6716493328425m,cell=False,family=True"
LTE-TP-EP-000328,542020041221088+20250827121333+Fiji-Nadi-LTE-DL-D!20250827112914,Fiji-Nadi-LTE-DL-D,2025-08-27 01:29:11+02:00,2025-08-27 01:29:12+02:00,2,-17.7794351,177.42636144,-17.7793767,177.4261636,ECI:1065675.0,1065675.0,321.0,356.0,1.0,0.43556,2.5316199999999998,23.049003623126012,19.892076195647782,0.021426987171939596,75.39,72.805,73.26,65.105,86.43,82.21000000000001,0,2,0,2,rb_efficiency_underperformance,ml_quantile_p75_resource_underperformance,temporal,statistical_only_retained,1.0,2.0,2.0,1.0,0.0,2.0,32.85222396339756,0.0,1.0,2,1,True,29.5,60.28,73.77,66.35,High,High,True,False,,True,priority_and_confidence_gate,High,INC-000233,"new:gap=11.0s,dist=89.66726317532662m,cell=True,family=True"
LTE-TP-EP-000329,542020041221088+20250827122034+Fiji-Nadi-LTE-DL-D!20250827113125,Fiji-Nadi-LTE-DL-D,2025-08-27 01:29:22+02:00,2025-08-27 01:29:27+02:00,4,-17.7791513,177.4255024,-17.77895195,177.42521769,ECI:1069516.0,1069516.0,403.0,356.0,1.0,0.002616,2.081196,98.69071315790822,85.74875315790823,7.705321060649277e-05,88.29,82.7225,81.57,79.0625,100.0,87.2,2,2,0,4,rolling_local_drop,normal,resource,statistical_and_ml_consensus,5.0,6.0,4.0,0.6666666666666666,2.0,3.0,35.9830265024174,50.0,1.0,4,1,True,33.0,68.8,89.3,78.03,High,Very High,True,False,,True,priority_and_confidence_gate,High,INC-000234,new_session_or_first_episode
LTE-TP-EP-000330,542020041221088+20250827122034+Fiji-Nadi-LTE-DL-D!20250827113125,Fiji-Nadi-LTE-DL-D,2025-08-27 01:29:38+02:00,2025-08-27 01:29:39+02:00,2,-17.7778952,177.424624,-17.77789424,177.42462238,ECI:1067213.0,1067213.0,341.0,356.0,1.0,2.04068,3.0882680000000002,35.07164666887176,30.935790668871757,0.07209921285087566,73.35,72.16499999999999,73.1,71.91999999999999,76.53,72.465,0,2,0,2,rolling_local_drop,normal,temporal,statistical_only_retained,1.0,2.0,2.0,1.0,0.0,2.0,24.622795484067822,0.0,1.0,2,0,False,29.5,61.9,66.38,63.92,High,High,True,False,,True,priority_and_confidence_gate,Medium,INC-000235,"new:gap=11.0s,dist=133.26384163611894m,cell=False,family=True"
LTE-TP-EP-000332,542020041221088+20250827122034+Fiji-Nadi-LTE-DL-D!20250827113125,Fiji-Nadi-LTE-DL-D,2025-08-27 01:30:02+02:00,2025-08-27 01:30:03+02:00,2,-17.77539201,177.42335639,-17.7751866,177.4232216,ECI:1067213.0,1067213.0,341.0,356.0,1.0,0.006392,0.008423999750000001,36.00932833475201,35.99887233525201,0.00019929165187129142,80.06,79.63499999999999,82.38,81.595,77.25,77.24000000000001,0,2,0,2,rolling_local_drop,normal,temporal,statistical_only_retained,1.0,2.0,2.0,1.0,0.0,2.0,27.113749157677788,0.0,1.0,2,0,False,29.5,68.96,67.94,68.5,High,High,True,False,,True,priority_and_confidence_gate,High,INC-000236,"new:gap=23.0s,dist=308.8440340869894m,cell=True,family=True"
LTE-TP-EP-000333,542020041221088+20250827122034+Fiji-Nadi-LTE-DL-D!20250827113125,Fiji-Nadi-LTE-DL-D,2025-08-27 01:30:04+02:00,2025-08-27 01:30:04+02:00,1,-17.7750829,177.4231608,-17.7750829,177.4231608,ECI:1067153.0,1067153.0,341.0,356.0,1.0,18.366688,18.366688,76.201385,57.834697000000006,0.24102827002422594,70.93,70.93,51.9,51.9,94.18,94.18,1,0,0,1,rb_conditioned_underperformance,ml_quantile_p75_resource_underperformance,resource,statistical_and_ml_consensus,0.0,1.0,1.0,1.0,0.0,1.0,13.206406002757237,100.0,1.0,1,1,True,22.25,44.49,95.64,67.5,Medium,Very High,True,False,,True,priority_and_confidence_gate,High,INC-000237,"new:gap=1.0s,dist=13.206406003217882m,cell=False,family=False"
LTE-TP-EP-000334,542020041221088+20250827122034+Fiji-Nadi-LTE-DL-D!20250827113125,Fiji-Nadi-LTE-DL-D,2025-08-27 01:30:19+02:00,2025-08-27 01:30:24+02:00,5,-17.77368427,177.42290372,-17.7731588,177.4233983,ECI:1072439.0,1072439.0,394.0,41384.0,41.0,0.04092,0.49244,105.95971,63.43586,0.0021318027821870355,78.39,72.228,74.78,65.47999999999999,97.25,80.47200000000001,1,4,0,4,sudden_drop,normal,temporal,statistical_only_retained,5.0,6.0,5.0,0.8333333333333334,1.0,3.0,78.02524854668513,20.0,0.8,4,1,True,36.75,62.95,79.74,70.51,High,High,True,False,,True,priority_and_confidence_gate,High,INC-000238,"new:gap=15.0s,dist=157.885153831207m,cell=False,family=False"
LTE-TP-EP-000335,542020041221088+20250827122034+Fiji-Nadi-LTE-DL-D!20250827113125,Fiji-Nadi-LTE-DL-D,2025-08-27 01:30:31+02:00,2025-08-27 01:30:31+02:00,1,-17.77260188,177.42392483,-17.77260188,177.42392483,ECI:1072439.0,1072439.0,394.0,41384.0,41.0,5.597328,5.597328,105.95971,100.362382,0.052825059638234195,94.46,94.46,89.92,89.92,100.0,100.0,1,0,0,1,ca_underperformance,ml_quantile_p75_resource_underperformance,capability,statistical_and_ml_consensus,0.0,1.0,1.0,1.0,0.0,1.0,14.05838502117432,100.0,1.0,1,0,False,22.25,73.0,100.0,85.15,High,Very High,True,False,,True,priority_and_confidence_gate,High,INC-000239,"new:gap=7.0s,dist=83.3267966883104m,cell=True,family=False"
LTE-TP-EP-000336,542020041221088+20250827122034+Fiji-Nadi-LTE-DL-D!20250827113125,Fiji-Nadi-LTE-DL-D,2025-08-27 01:30:40+02:00,2025-08-27 01:30:41+02:00,2,-17.77174732,177.42474428,-17.77165117,177.4248377,ECI:1072439.0,1072439.0,394.0,41384.0,41.0,3.655664,15.625636,121.14346,117.487796,0.03017632152821126,96.52,83.82,93.67,77.69,100.0,91.31,1,1,0,2,ca_underperformance,ml_severe_quantile_p75_resource_underperformance,capability,statistical_and_ml_consensus,1.0,2.0,2.0,1.0,0.0,2.0,29.209701741515474,50.0,1.0,2,0,False,29.5,73.63,90.33,81.15,High,Very High,True,False,,True,priority_and_confidence_gate,High,INC-000240,"new:gap=9.0s,dist=128.67964085957186m,cell=True,family=True"
LTE-TP-EP-000337,542020041221088+20250827122034+Fiji-Nadi-LTE-DL-D!20250827113125,Fiji-Nadi-LTE-DL-D,2025-08-27 01:30:49+02:00,2025-08-27 01:30:49+02:00,1,-17.77088008,177.42557419,-17.77088008,177.42557419,ECI:1072439.0,1072439.0,394.0,41384.0,41.0,6.348176,6.348176,121.14346,114.79528400000001,0.05240213545163725,93.77,93.77,89.01,89.01,99.58,99.58,0,1,0,1,ca_underperformance,ml_quantile_p75_resource_underperformance,capability,statistical_only_retained,0.0,1.0,1.0,1.0,0.0,1.0,0.10764693217057957,0.0,1.0,1,0,False,22.25,72.32,84.68,77.88,High,Very High,True,False,,True,priority_and_confidence_gate,High,INC-000241,"new:gap=8.0s,dist=115.90276865462266m,cell=True,family=True"
LTE-TP-EP-000338,542020041221088+20250827122034+Fiji-Nadi-LTE-DL-D!20250827113125,Fiji-Nadi-LTE-DL-D,2025-08-27 01:30:59+02:00,2025-08-27 01:30:59+02:00,1,-17.7698283,177.42659,-17.7698283,177.42659,ECI:1072439.0,1072439.0,394.0,41384.0,41.0,2.466552,2.466552,121.14346,118.676908,0.020360587356511032,97.65,97.65,95.73,95.73,100.0,100.0,0,1,0,1,ca_underperformance,ml_severe_quantile_p75_resource_underperformance,capability,statistical_only_retained,0.0,1.0,1.0,1.0,0.0,1.0,28.13090175736444,0.0,1.0,1,0,False,22.25,77.36,85.0,80.8,High,Very High,True,False,,True,priority_and_confidence_gate,High,INC-000242,"new:gap=10.0s,dist=158.89593498725802m,cell=True,family=True"
LTE-TP-EP-000340,542020041221088+20250827122034+Fiji-Nadi-LTE-DL-D!20250827113125,Fiji-Nadi-LTE-DL-D,2025-08-27 01:31:14+02:00,2025-08-27 01:31:14+02:00,1,-17.76853832,177.42783299,-17.76853832,177.42783299,ECI:1072439.0,1072439.0,394.0,41384.0,41.0,0.09504,0.09504,40.73926360043641,40.64422360043641,0.002332884583583438,82.68,82.68,84.05,84.05,81.0,81.0,0,1,0,1,sudden_drop,normal,temporal,statistical_only_retained,0.0,1.0,1.0,1.0,0.0,1.0,13.807167839154305,0.0,1.0,1,0,False,22.25,68.6,70.75,69.57,High,High,True,False,,True,priority_and_confidence_gate,High,INC-000243,"new:gap=15.0s,dist=194.67632492895413m,cell=True,family=False"
LTE-TP-EP-000341,542020041221088+20250827122034+Fiji-Nadi-LTE-DL-D!20250827113125,Fiji-Nadi-LTE-DL-D,2025-08-27 01:31:18+02:00,2025-08-27 01:31:18+02:00,1,-17.76816618,177.42818487,-17.76816618,177.42818487,ECI:1072439.0,1072439.0,394.0,41384.0,41.0,0.883896,0.883896,32.515146625839094,31.631250625839094,0.027184130835122444,79.62,79.62,78.5,78.5,81.0,81.0,0,1,0,1,sudden_drop,normal,temporal,statistical_only_retained,0.0,1.0,1.0,1.0,0.0,1.0,13.594591741010252,0.0,1.0,1,0,False,22.25,64.44,70.75,67.28,High,High,True,False,,True,priority_and_confidence_gate,High,INC-000244,"new:gap=4.0s,dist=55.68382812536806m,cell=True,family=True"
LTE-TP-EP-000342,542020041221088+20250827122034+Fiji-Nadi-LTE-DL-D!20250827113125,Fiji-Nadi-LTE-DL-D,2025-08-27 01:31:23+02:00,2025-08-27 01:31:23+02:00,1,-17.7676484,177.4286876,-17.7676484,177.4286876,ECI:1072439.0,1072439.0,394.0,41384.0,41.0,1.03748,1.03748,42.44721701673143,41.40973701673143,0.024441649486491804,81.76,81.76,82.39,82.39,81.0,81.0,0,1,0,1,sudden_drop,normal,temporal,statistical_only_retained,0.0,1.0,1.0,1.0,0.0,1.0,25.263714016644254,0.0,1.0,1,0,False,22.25,67.36,70.75,68.88,High,High,True,False,,True,priority_and_confidence_gate,High,INC-000245,"new:gap=5.0s,dist=78.41403467148342m,cell=True,family=True"
LTE-TP-EP-000343,542020041221088+20250827122335+Fiji-Nadi-LTE-DL-D!20250827113336,Fiji-Nadi-LTE-DL-D,2025-08-27 01:31:38+02:00,2025-08-27 01:31:39+02:00,2,-17.76663329,177.42962987,-17.7664963,177.4297352,ECI:1072439.0,1072439.0,394.0,41384.0,41.0,8.011104,38.892067000000004,126.02330004394918,57.233647912595345,0.12278541591716091,75.82,65.44999999999999,77.15,60.905,74.19,71.0,0,2,0,2,sudden_drop,normal,temporal,statistical_only_retained,1.0,2.0,2.0,1.0,0.0,2.0,28.302102872944946,0.0,1.0,2,0,False,29.5,61.18,64.84,62.83,High,High,True,False,,True,priority_and_confidence_gate,Medium,INC-000246,new_session_or_first_episode
LTE-TP-EP-000346,542020041221088+20250827122335+Fiji-Nadi-LTE-DL-D!20250827113336,Fiji-Nadi-LTE-DL-D,2025-08-27 01:31:59+02:00,2025-08-27 01:31:59+02:00,1,-17.76512541,177.43056646,-17.76512541,177.43056646,ECI:1072439.0,1072439.0,394.0,41384.0,41.0,4.203752,4.203752,70.31293188796188,66.10917988796189,0.05978632787917801,90.19,90.19,87.45,87.45,93.54,93.54,0,1,0,1,sudden_drop,normal,temporal,statistical_only_retained,0.0,1.0,1.0,1.0,0.0,1.0,0.43502544334168974,0.0,1.0,1,0,False,22.25,71.15,80.16,75.2,High,Very High,True,False,,True,priority_and_confidence_gate,High,INC-000247,"new:gap=20.0s,dist=176.02568773648747m,cell=True,family=True"
LTE-TP-EP-000350,542020041221088+20250827122335+Fiji-Nadi-LTE-DL-D!20250827113336,Fiji-Nadi-LTE-DL-D,2025-08-27 01:32:40+02:00,2025-08-27 01:32:40+02:00,1,-17.76196,177.4311507,-17.76196,177.4311507,ECI:1066006.0,1066006.0,125.0,500.0,1.0,0.047416,0.047416,12.407676170341482,12.360260170341482,0.0038215052802022817,63.46,63.46,61.39,61.39,65.98,65.98,0,1,0,1,sudden_drop,normal,temporal,statistical_only_retained,0.0,1.0,1.0,1.0,0.0,1.0,14.415468179891462,0.0,1.0,1,0,False,22.25,51.6,59.48,55.15,Medium,Medium,True,False,,True,priority_and_confidence_gate,Medium,INC-000248,"new:gap=41.0s,dist=357.37388520919995m,cell=False,family=True"
LTE-TP-EP-000351,542020041221088+20250827122335+Fiji-Nadi-LTE-DL-D!20250827113336,Fiji-Nadi-LTE-DL-D,2025-08-27 01:32:47+02:00,2025-08-27 01:32:48+02:00,2,-17.7616569,177.4310555,-17.7616459,177.4310824,ECI:1066019.0,1066019.0,120.0,1850.0,3.0,5.309224,7.346096,31.95975140940135,22.57678340940135,0.2935870144859727,57.31,53.875,51.42,46.925,75.49,62.364999999999995,0,2,0,2,radio_limited_degradation,ml_quantile_p75_resource_underperformance,radio,statistical_only_retained,1.0,2.0,2.0,1.0,0.0,2.0,9.9816836629873,0.0,1.0,2,2,True,29.5,44.82,63.34,53.15,Medium,High,True,False,,True,priority_and_confidence_gate,Medium,INC-000249,"new:gap=7.0s,dist=35.17865553186722m,cell=False,family=False"
LTE-TP-EP-000353,542020041221088+20250827122335+Fiji-Nadi-LTE-DL-D!20250827113336,Fiji-Nadi-LTE-DL-D,2025-08-27 01:33:10+02:00,2025-08-27 01:33:11+02:00,2,-17.7626931,177.4316525,-17.76269166,177.43165467,ECI:1066006.0,1066006.0,125.0,500.0,1.0,5.551168,5.628848,,,,61.97,58.405,50.57,50.3,75.9,68.305,0,2,0,2,radio_limited_degradation,normal,radio,statistical_only_retained,1.0,2.0,2.0,1.0,0.0,2.0,7.352090657904245,0.0,1.0,2,2,True,29.5,45.24,65.03,54.14,Medium,High,True,False,,True,priority_and_confidence_gate,Medium,INC-000250,"new:gap=22.0s,dist=131.162797241431m,cell=False,family=True"
LTE-TP-EP-000354,542020041221088+20250827122335+Fiji-Nadi-LTE-DL-D!20250827113336,Fiji-Nadi-LTE-DL-D,2025-08-27 01:33:30+02:00,2025-08-27 01:33:30+02:00,1,-17.7638695,177.43115242,-17.7638695,177.43115242,ECI:1072404.0,1072404.0,393.0,500.0,1.0,9.7209835,9.7209835,56.39900992936596,46.67802642936596,0.17236088917473102,78.25,78.25,68.91,68.91,89.67,89.67,0,1,0,1,sudden_drop,normal,temporal,statistical_only_retained,0.0,1.0,1.0,1.0,0.0,1.0,6.101263106549858,0.0,1.0,1,0,False,22.25,57.24,77.25,66.25,High,High,True,False,,True,priority_and_confidence_gate,High,INC-000251,"new:gap=19.0s,dist=141.35702783395192m,cell=False,family=False"
LTE-TP-EP-000355,542020041221088+20250827122555+Fiji-Nadi-LTE-DL-D!20250827113546,Fiji-Nadi-LTE-DL-D,2025-08-27 01:33:52+02:00,2025-08-27 01:33:52+02:00,1,-17.7651586,177.430553,-17.7651586,177.430553,ECI:1072404.0,1072404.0,393.0,500.0,1.0,0.350688,0.350688,36.24899209561563,35.89830409561563,0.009674420714235977,82.12,82.12,81.56,81.56,82.8,82.8,0,1,0,1,radio_limited_degradation,normal,temporal,statistical_only_retained,0.0,1.0,1.0,1.0,0.0,1.0,6.756948538063592,0.0,1.0,1,1,True,22.25,66.73,72.1,69.15,High,High,True,False,,True,priority_and_confidence_gate,High,INC-000252,new_session_or_first_episode
LTE-TP-EP-000356,542020041221088+20250827122555+Fiji-Nadi-LTE-DL-D!20250827113546,Fiji-Nadi-LTE-DL-D,2025-08-27 01:34:02+02:00,2025-08-27 01:34:02+02:00,1,-17.76572543,177.43024794,-17.76572543,177.43024794,ECI:1072445.0,1072445.0,393.0,40790.0,41.0,0.011352,0.011352,32.5171174420612,32.5057654420612,0.00034910843558710034,80.98,80.98,80.97,80.97,81.0,81.0,0,1,0,1,sudden_drop,normal,temporal,statistical_only_retained,0.0,1.0,1.0,1.0,0.0,1.0,10.093132280205097,0.0,1.0,1,0,False,22.25,66.29,70.75,68.3,High,High,True,False,,True,priority_and_confidence_gate,High,INC-000253,"new:gap=10.0s,dist=70.82471351661805m,cell=False,family=True"
LTE-TP-EP-000357,542020041221088+20250827122555+Fiji-Nadi-LTE-DL-D!20250827113546,Fiji-Nadi-LTE-DL-D,2025-08-27 01:34:11+02:00,2025-08-27 01:34:12+02:00,2,-17.76634916,177.42989571,-17.76641346,177.42985314,ECI:1072446.0,1072446.0,394.0,40790.0,41.0,4.236208,10.2163765,118.44779,114.21158199999999,0.03576434815710788,95.94,91.255,92.62,84.1,100.0,100.0,1,1,0,2,ca_underperformance,ml_quantile_p75_resource_underperformance,capability,statistical_and_ml_consensus,1.0,2.0,2.0,1.0,0.0,2.0,8.718738284224072,50.0,1.0,2,0,False,29.5,74.71,92.5,82.72,High,Very High,True,False,,True,priority_and_confidence_gate,High,INC-000254,"new:gap=9.0s,dist=78.74888200618103m,cell=False,family=False"
LTE-TP-EP-000358,542020041221088+20250827122555+Fiji-Nadi-LTE-DL-D!20250827113546,Fiji-Nadi-LTE-DL-D,2025-08-27 01:34:20+02:00,2025-08-27 01:34:20+02:00,1,-17.7669857,177.42941113,-17.7669857,177.42941113,ECI:1072446.0,1072446.0,394.0,40790.0,41.0,1.630344,1.630344,55.71888950465962,54.08854550465962,0.029260166785335138,84.1,84.1,86.64,86.64,81.0,81.0,0,1,0,1,sudden_drop,normal,temporal,statistical_only_retained,0.0,1.0,1.0,1.0,0.0,1.0,0.20479626838110956,0.0,1.0,1,0,False,22.25,70.54,70.75,70.64,High,High,True,False,,True,priority_and_confidence_gate,High,INC-000255,"new:gap=8.0s,dist=78.9907800950594m,cell=True,family=False"
LTE-TP-EP-000359,542020041221088+20250827122555+Fiji-Nadi-LTE-DL-D!20250827113546,Fiji-Nadi-LTE-DL-D,2025-08-27 01:34:28+02:00,2025-08-27 01:34:29+02:00,2,-17.7674645,177.42892082,-17.767532,177.42885754,ECI:1072446.0,1072446.0,394.0,40790.0,41.0,0.0588,0.080468,53.54113,53.482330000000005,0.001098221124582167,85.55,84.97999999999999,89.28,88.24000000000001,81.0,81.0,0,2,0,2,rolling_local_drop,normal,temporal,statistical_only_retained,1.0,2.0,2.0,1.0,0.0,2.0,19.792608451968153,0.0,1.0,2,0,False,29.5,74.08,70.75,72.58,High,High,True,False,,True,priority_and_confidence_gate,High,INC-000256,"new:gap=8.0s,dist=74.36512753002653m,cell=True,family=True"
LTE-TP-EP-000360,542020041221088+20250827122555+Fiji-Nadi-LTE-DL-D!20250827113546,Fiji-Nadi-LTE-DL-D,2025-08-27 01:34:37+02:00,2025-08-27 01:34:38+02:00,2,-17.76809704,177.42833129,-17.7682457,177.4281939,ECI:1072446.0,1072446.0,394.0,40790.0,41.0,30.351088,31.917417,123.55473072493395,93.20364272493394,0.24564893486409423,78.37,77.775,60.67,59.59,100.0,100.0,2,0,0,2,rb_conditioned_underperformance,ml_quantile_p75_resource_underperformance,capability,statistical_and_ml_consensus,1.0,2.0,2.0,1.0,0.0,2.0,22.126910031569547,100.0,1.0,2,0,False,29.5,52.61,100.0,73.93,Medium,Very High,True,False,,True,priority_and_confidence_gate,High,INC-000257,"new:gap=8.0s,dist=83.98136085307291m,cell=True,family=False"
LTE-TP-EP-000361,542020041221088+20250827122555+Fiji-Nadi-LTE-DL-D!20250827113546,Fiji-Nadi-LTE-DL-D,2025-08-27 01:34:45+02:00,2025-08-27 01:34:46+02:00,2,-17.7687544,177.4276981,-17.76875384,177.4276977,ECI:1072446.0,1072446.0,394.0,40790.0,41.0,0.006096,6.7902119999999995,118.44779,104.873462,0.00010983397869837968,86.99,86.52,90.19,83.27,100.0,90.5,1,1,0,2,ca_underperformance,ml_quantile_p75_resource_underperformance,capability,statistical_and_ml_consensus,1.0,2.0,2.0,1.0,0.0,2.0,11.163868497580907,50.0,1.0,2,0,False,29.5,73.29,90.12,80.86,High,Very High,True,False,,True,priority_and_confidence_gate,High,INC-000258,"new:gap=7.0s,dist=77.17454275981885m,cell=True,family=True"
LTE-TP-EP-000363,542020041221088+20250827122555+Fiji-Nadi-LTE-DL-D!20250827113546,Fiji-Nadi-LTE-DL-D,2025-08-27 01:35:05+02:00,2025-08-27 01:35:05+02:00,1,-17.7702933,177.4262311,-17.7702933,177.4262311,ECI:1072446.0,1072446.0,394.0,40790.0,41.0,26.772247,26.772247,118.44779,91.675543,0.22602571985513617,64.33,64.33,61.82,61.82,67.39,67.39,0,1,0,1,rb_conditioned_underperformance,normal,capability,statistical_only_retained,0.0,1.0,1.0,1.0,0.0,1.0,25.620017258604374,0.0,1.0,1,0,False,22.25,51.93,60.54,55.8,Medium,High,True,False,,True,priority_and_confidence_gate,Medium,INC-000259,"new:gap=19.0s,dist=231.12843445628044m,cell=True,family=True"
LTE-TP-EP-000364,542020041221088+20250827122555+Fiji-Nadi-LTE-DL-D!20250827113546,Fiji-Nadi-LTE-DL-D,2025-08-27 01:35:17+02:00,2025-08-27 01:35:18+02:00,2,-17.77119239,177.42536349,-17.77127485,177.42528442,ECI:1072446.0,1072446.0,394.0,40790.0,41.0,1.190224,9.878664,119.0290425,100.4619385,0.014188434513296858,97.79,90.01,97.68,82.685,100.0,98.965,1,1,0,2,ca_underperformance,ml_quantile_p75_resource_underperformance,capability,statistical_and_ml_consensus,1.0,2.0,2.0,1.0,0.0,2.0,12.48130873305672,50.0,1.0,2,0,False,29.5,76.89,92.24,83.8,High,Very High,True,False,,True,priority_and_confidence_gate,High,INC-000260,"new:gap=12.0s,dist=135.77595942453624m,cell=True,family=True"
LTE-TP-EP-000365,542020041221088+20250827122555+Fiji-Nadi-LTE-DL-D!20250827113546,Fiji-Nadi-LTE-DL-D,2025-08-27 01:35:29+02:00,2025-08-27 01:35:30+02:00,2,-17.77219751,177.42439854,-17.7722805,177.42432039,ECI:1072446.0,1072446.0,394.0,40790.0,41.0,2.915104,8.164188,83.886915,70.47364300000001,0.046864079421282866,90.8,83.39,83.27,76.205,100.0,92.175,1,1,0,2,ca_underperformance,ml_hgb_resource_conditioned_underperformance,capability,statistical_and_ml_consensus,1.0,2.0,2.0,1.0,0.0,2.0,12.42805702654248,50.0,1.0,2,0,False,29.5,68.06,90.54,78.18,High,Very High,True,False,,True,priority_and_confidence_gate,High,INC-000261,"new:gap=11.0s,dist=139.01485767323246m,cell=True,family=True"
LTE-TP-EP-000366,542020041221088+20250827122555+Fiji-Nadi-LTE-DL-D!20250827113546,Fiji-Nadi-LTE-DL-D,2025-08-27 01:35:41+02:00,2025-08-27 01:35:46+02:00,4,-17.773293,177.4233524,-17.77362209,177.42303408,ECI:1072446.0,1072446.0,394.0,40790.0,41.0,0.004808,1.773144,119.0290425,115.4897385,0.00022910449067192247,96.61,75.985,93.84,72.5025,100.0,80.24,1,3,0,3,rolling_local_drop,normal,capability,statistical_only_retained,5.0,6.0,4.0,0.6666666666666666,2.0,3.0,38.63135741286538,25.0,0.75,3,0,False,33.0,73.3,81.31,76.9,High,Very High,True,False,,True,priority_and_confidence_gate,High,INC-000262,"new:gap=11.0s,dist=152.2543304319459m,cell=True,family=True"
LTE-TP-EP-000367,542020041221088+20250827122836+Fiji-Nadi-LTE-DL-D!20250827113757,Fiji-Nadi-LTE-DL-D,2025-08-27 01:36:00+02:00,2025-08-27 01:36:01+02:00,2,-17.7750415,177.4232399,-17.7751467,177.423302,ECI:1067050.0,1067050.0,338.0,40790.0,41.0,0.089744,9.357128,54.303583736777654,35.67907173677766,0.0027463492418112823,81.71,68.765,80.82,64.22999999999999,82.8,74.31,0,2,0,2,radio_limited_degradation,ml_hgb_strict_causal_temporal_underperformance,temporal,statistical_only_retained,1.0,2.0,2.0,1.0,0.0,2.0,39.78109119431627,0.0,1.0,2,1,True,29.5,63.84,69.98,66.6,High,High,True,False,,True,priority_and_confidence_gate,High,INC-000263,new_session_or_first_episode
LTE-TP-EP-000369,542020041221088+20250827122836+Fiji-Nadi-LTE-DL-D!20250827113757,Fiji-Nadi-LTE-DL-D,2025-08-27 01:36:25+02:00,2025-08-27 01:36:26+02:00,2,-17.7776825,177.4246,-17.77768369,177.4245976,ECI:1067050.0,1067050.0,338.0,40790.0,41.0,1.01588,1.4328599999999998,,,,65.4,63.865,66.44,64.985,64.13,62.495,0,2,0,2,radio_limited_degradation,normal,radio,statistical_only_retained,1.0,2.0,2.0,1.0,0.0,2.0,13.249082234802675,0.0,1.0,2,2,True,29.5,56.84,57.69,57.22,High,Medium,True,False,,True,priority_and_confidence_gate,Medium,INC-000264,"new:gap=24.0s,dist=313.68139699823155m,cell=True,family=True"
LTE-TP-EP-000370,542020041221088+20250827122836+Fiji-Nadi-LTE-DL-D!20250827113757,Fiji-Nadi-LTE-DL-D,2025-08-27 01:36:49+02:00,2025-08-27 01:36:50+02:00,2,-17.77919885,177.42578082,-17.77920562,177.42579832,ECI:1069346.0,1069346.0,403.0,1850.0,3.0,1.15296,3.838736,28.458413120627824,21.933901120627823,0.07643733125561433,66.13,63.635,60.22,58.655,77.18,69.72,0,2,0,2,rolling_local_drop,normal,temporal,statistical_only_retained,1.0,2.0,2.0,1.0,0.0,2.0,3.125523284653009,0.0,1.0,2,0,False,29.5,52.15,66.02,58.39,Medium,High,True,False,,True,priority_and_confidence_gate,Medium,INC-000265,"new:gap=23.0s,dist=209.95549657394082m,cell=False,family=False"
LTE-TP-EP-000371,542020041221088+20250827122836+Fiji-Nadi-LTE-DL-D!20250827113757,Fiji-Nadi-LTE-DL-D,2025-08-27 01:36:55+02:00,2025-08-27 01:36:55+02:00,1,-17.77928918,177.42611689,-17.77928918,177.42611689,ECI:1067153.0,1067153.0,338.0,41384.0,41.0,3.88736,3.88736,,,,64.35,64.35,77.39,77.39,48.41,48.41,0,1,0,1,radio_limited_degradation,normal,radio,statistical_only_retained,0.0,1.0,1.0,1.0,0.0,1.0,9.892172225892823,0.0,1.0,1,1,True,22.25,63.6,46.31,55.82,High,Medium,True,False,,True,priority_and_confidence_gate,Medium,INC-000266,"new:gap=5.0s,dist=34.98788117915925m,cell=False,family=False"
LTE-TP-EP-000372,542020041221088+20250827122836+Fiji-Nadi-LTE-DL-D!20250827113757,Fiji-Nadi-LTE-DL-D,2025-08-27 01:36:57+02:00,2025-08-27 01:36:59+02:00,2,-17.77934509,177.42627629,-17.77939443,177.42645086,ECI:1072439.0,1072439.0,394.0,41384.0,41.0,8.396064,9.681704,60.15991375,51.76384975,0.13956243412998579,69.04,62.550000000000004,67.25,55.45,71.23,71.23,0,2,0,2,ca_underperformance,normal,capability,statistical_only_retained,2.0,3.0,2.0,0.6666666666666666,1.0,1.0,18.770359963476402,0.0,1.0,2,0,False,18.5,52.11,63.42,57.2,Medium,High,True,False,,True,priority_and_confidence_gate,Medium,INC-000267,"new:gap=2.0s,dist=17.98654685601936m,cell=False,family=False"
LTE-TP-EP-000373,542020041221088+20250827122836+Fiji-Nadi-LTE-DL-D!20250827113757,Fiji-Nadi-LTE-DL-D,2025-08-27 01:37:12+02:00,2025-08-27 01:37:14+02:00,3,-17.7799152,177.4272813,-17.77996674,177.42728672,ECI:1065532.0,1065532.0,134.0,40790.0,41.0,0.013376,0.031712,118.44779,83.892168,0.0006505407839123443,79.16,73.96,77.19,70.45,82.8,78.25,0,3,0,2,radio_limited_degradation,normal,temporal,statistical_only_retained,2.0,3.0,3.0,1.0,0.0,3.0,18.109737817317214,0.0,0.6666666666666666,2,1,True,36.75,65.4,67.63,66.4,High,High,True,False,,True,priority_and_confidence_gate,High,INC-000268,"new:gap=13.0s,dist=105.28528647834378m,cell=False,family=False"
LTE-TP-EP-000374,542020041221088+20250827122836+Fiji-Nadi-LTE-DL-D!20250827113757,Fiji-Nadi-LTE-DL-D,2025-08-27 01:37:26+02:00,2025-08-27 01:37:28+02:00,3,-17.78029299,177.42650514,-17.78038248,177.42632175,ECI:1065532.0,1065532.0,134.0,40790.0,41.0,4.205584,8.507936,60.041045999999994,51.53310999999999,0.14170199499855485,81.78,64.94666666666667,66.87,52.45666666666667,100.0,80.21333333333332,1,2,0,3,ca_underperformance,normal,capability,statistical_only_retained,2.0,3.0,3.0,1.0,0.0,3.0,21.93577646567212,33.33333333333333,1.0,3,0,False,36.75,55.74,85.05,68.93,High,Very High,True,False,,True,priority_and_confidence_gate,High,INC-000269,"new:gap=12.0s,dist=90.3588699228603m,cell=True,family=False"
LTE-TP-EP-000375,542020041221088+20250827122836+Fiji-Nadi-LTE-DL-D!20250827113757,Fiji-Nadi-LTE-DL-D,2025-08-27 01:37:50+02:00,2025-08-27 01:37:51+02:00,2,-17.78143441,177.42418197,-17.7815357,177.4239738,ECI:1065675.0,1065675.0,321.0,356.0,1.0,0.018728,4.384276,41.52534496801785,32.775520968017844,0.0009294414081024272,78.25,74.72999999999999,75.99,64.57499999999999,93.28,87.14500000000001,0,2,0,2,radio_limited_degradation,ml_quantile_p75_resource_underperformance,resource,statistical_only_retained,1.0,2.0,2.0,1.0,0.0,2.0,37.206024204076485,0.0,1.0,2,2,True,29.5,61.51,78.43,69.12,High,High,True,False,,True,priority_and_confidence_gate,High,INC-000270,"new:gap=22.0s,dist=254.97953228762762m,cell=False,family=False"
LTE-TP-EP-000376,542020041221088+20250827123136+Fiji-Nadi-LTE-DL-D!20250827114007,Fiji-Nadi-LTE-DL-D,2025-08-27 01:38:11+02:00,2025-08-27 01:38:16+02:00,4,-17.78254998,177.42190517,-17.78281581,177.42136009,ECI:1065524.0,1065524.0,133.0,41186.0,41.0,0.015528,2.2742839999999998,105.7221075,101.3415875,0.0015505846638804478,95.66,71.4825,92.11,65.1425,100.0,79.23,1,3,0,3,ca_underperformance,normal,capability,statistical_only_retained,5.0,6.0,4.0,0.6666666666666666,2.0,3.0,65.42075071130598,25.0,0.75,3,0,False,33.0,70.59,81.06,75.3,High,Very High,True,False,,True,priority_and_confidence_gate,High,INC-000271,new_session_or_first_episode
LTE-TP-EP-000377,542020041221088+20250827123136+Fiji-Nadi-LTE-DL-D!20250827114007,Fiji-Nadi-LTE-DL-D,2025-08-27 01:38:17+02:00,2025-08-27 01:38:19+02:00,2,-17.78286546,177.42125108,-17.78292069,177.42114226,ECI:1065534.0,1065534.0,133.0,40790.0,41.0,16.879272,22.3693885,105.7221075,77.86260250000001,0.26351636056819994,61.71,56.055,58.56,52.144999999999996,65.55,60.825,0,2,0,1,radio_p75_underperformance,normal,capability,statistical_only_retained,2.0,3.0,2.0,0.6666666666666666,1.0,1.0,12.794633181480974,0.0,0.5,1,0,False,18.5,46.94,52.98,49.66,Medium,Medium,True,False,,True,priority_and_confidence_gate,Medium,INC-000272,"new:gap=1.0s,dist=12.794633181326217m,cell=False,family=True"
LTE-TP-EP-000380,542020041221088+20250827123136+Fiji-Nadi-LTE-DL-D!20250827114007,Fiji-Nadi-LTE-DL-D,2025-08-27 01:38:42+02:00,2025-08-27 01:38:43+02:00,2,-17.78479636,177.41901242,-17.7849616,177.4188515,ECI:1069374.0,1069374.0,137.0,40790.0,41.0,0.036128,1.128304,29.26664451044963,27.046164510449632,0.0017014126878483863,80.93,79.69,76.36,74.71000000000001,90.54,85.77000000000001,0,2,0,2,rolling_local_drop,normal,temporal,statistical_only_retained,1.0,2.0,2.0,1.0,0.0,2.0,37.283869694505704,0.0,1.0,2,0,False,29.5,64.23,76.71,69.85,High,High,True,False,,True,priority_and_confidence_gate,High,INC-000273,"new:gap=23.0s,dist=307.1720995904356m,cell=False,family=False"
LTE-TP-EP-000381,542020041221088+20250827123136+Fiji-Nadi-LTE-DL-D!20250827114007,Fiji-Nadi-LTE-DL-D,2025-08-27 01:39:17+02:00,2025-08-27 01:39:17+02:00,1,-17.78778973,177.41614007,-17.78778973,177.41614007,ECI:1073724.0,1073724.0,361.0,40790.0,41.0,12.607184,12.607184,119.0290425,106.4218585,0.10591687318664267,79.28,79.28,78.06,78.06,80.78,80.78,0,1,0,1,rb_conditioned_underperformance,normal,capability,statistical_only_retained,0.0,1.0,1.0,1.0,0.0,1.0,0.02556593924268018,0.0,1.0,1,1,True,22.25,64.11,70.58,67.02,High,High,True,False,,True,priority_and_confidence_gate,High,INC-000274,"new:gap=34.0s,dist=425.80836514327757m,cell=False,family=False"
LTE-TP-EP-000382,542020041221088+20250827123136+Fiji-Nadi-LTE-DL-D!20250827114007,Fiji-Nadi-LTE-DL-D,2025-08-27 01:39:25+02:00,2025-08-27 01:39:25+02:00,1,-17.78845914,177.41550284,-17.78845914,177.41550284,ECI:1065537.0,1065537.0,137.0,40988.0,41.0,3.938792,3.938792,,,,64.25,64.25,77.21,77.21,48.41,48.41,0,1,0,1,radio_limited_degradation,normal,radio,statistical_only_retained,0.0,1.0,1.0,1.0,0.0,1.0,12.194070793369535,0.0,1.0,1,1,True,22.25,63.47,46.31,55.75,High,Medium,True,False,,True,priority_and_confidence_gate,Medium,INC-000275,"new:gap=8.0s,dist=100.46242917037746m,cell=False,family=False"
LTE-TP-EP-000383,542020041221088+20250827123136+Fiji-Nadi-LTE-DL-D!20250827114007,Fiji-Nadi-LTE-DL-D,2025-08-27 01:39:30+02:00,2025-08-27 01:39:31+02:00,2,-17.7889648,177.4150236,-17.7890484,177.4149429,ECI:1069377.0,1069377.0,137.0,40988.0,41.0,0.013408,0.58558,,,,77.3,76.41499999999999,90.95,88.95,61.57,61.09,0,2,0,2,radio_limited_degradation,normal,radio,statistical_only_retained,1.0,2.0,2.0,1.0,0.0,2.0,25.20841826303278,0.0,1.0,2,2,True,29.5,75.09,56.06,66.52,High,Medium,True,False,,True,priority_and_confidence_gate,High,INC-000276,"new:gap=5.0s,dist=75.73737475772532m,cell=False,family=True"
LTE-TP-EP-000386,542020041221088+20250827123136+Fiji-Nadi-LTE-DL-D!20250827114007,Fiji-Nadi-LTE-DL-D,2025-08-27 01:40:03+02:00,2025-08-27 01:40:04+02:00,2,-17.79171773,177.41237519,-17.79180858,177.41228952,ECI:1073696.0,1073696.0,363.0,1850.0,3.0,0.092943996,3.461535998,33.72610919758423,26.895981197584227,0.003968148445568999,76.64,71.85499999999999,77.05,69.765,76.14,74.405,0,2,0,2,radio_limited_degradation,normal,temporal,statistical_only_retained,1.0,2.0,2.0,1.0,0.0,2.0,27.092659737350832,0.0,1.0,2,1,True,29.5,63.34,66.67,64.84,High,High,True,False,,True,priority_and_confidence_gate,Medium,INC-000277,"new:gap=32.0s,dist=402.50431047990634m,cell=False,family=True"
LTE-TP-EP-000389,542020041221088+20250827123337+Fiji-Nadi-LTE-DL-D!20250827114216,Fiji-Nadi-LTE-DL-D,2025-08-27 01:40:31+02:00,2025-08-27 01:40:32+02:00,2,-17.79426463,177.40991585,-17.7944413,177.4097487,ECI:1073736.0,1073736.0,363.0,9310.0,28.0,18.31904,21.52758,81.009805,56.273685,0.2725687405524048,66.07,59.084999999999994,45.65,45.485,91.02,75.7,1,1,0,0,rb_conditioned_underperformance,ml_quantile_p75_resource_underperformance,capability,statistical_and_ml_consensus,1.0,2.0,2.0,1.0,0.0,2.0,26.52346704516997,50.0,0.0,0,1,True,29.5,41.57,71.93,55.23,Medium,High,True,False,,True,priority_and_confidence_gate,Medium,INC-000278,new_session_or_first_episode
LTE-TP-EP-000392,542020041221088+20250827123337+Fiji-Nadi-LTE-DL-D!20250827114216,Fiji-Nadi-LTE-DL-D,2025-08-27 01:40:46+02:00,2025-08-27 01:40:48+02:00,3,-17.7956929,177.4085719,-17.795866,177.408391,ECI:1066271.0,1066271.0,487.0,1850.0,3.0,0.001064,0.739016,,,,83.62,72.97333333333334,100.0,89.61333333333334,63.61,52.63333333333333,0,3,0,3,radio_limited_degradation,normal,radio,statistical_only_retained,2.0,3.0,3.0,1.0,0.0,3.0,53.86303456700355,0.0,1.0,3,3,True,36.75,81.59,54.96,69.61,Critical,Medium,True,True,critical_impact_with_verified_direct_evidence,True,critical_verified_direct_evidence_override,High,INC-000279,"new:gap=14.0s,dist=186.7950171652298m,cell=False,family=False"
LTE-TP-EP-000393,542020041221088+20250827123337+Fiji-Nadi-LTE-DL-D!20250827114216,Fiji-Nadi-LTE-DL-D,2025-08-27 01:40:49+02:00,2025-08-27 01:40:49+02:00,1,-17.79586392,177.40838848,-17.79586392,177.40838848,ECI:1065278.0,1065278.0,487.0,1850.0,3.0,0.00036,0.00036,,,,81.88,81.88,100.0,100.0,59.73,59.73,0,1,0,1,radio_limited_degradation,normal,radio,statistical_only_retained,0.0,1.0,1.0,1.0,0.0,1.0,0.3530968959050398,0.0,1.0,1,1,True,22.25,80.56,54.8,68.97,Critical,Medium,True,True,critical_impact_with_verified_direct_evidence,True,critical_verified_direct_evidence_override,High,INC-000280,"new:gap=1.0s,dist=0.35309689547118817m,cell=False,family=True"
LTE-TP-EP-000395,542020041221088+20250827123337+Fiji-Nadi-LTE-DL-D!20250827114216,Fiji-Nadi-LTE-DL-D,2025-08-27 01:41:04+02:00,2025-08-27 01:41:12+02:00,8,-17.7967194,177.4075212,-17.7967214,177.407518,ECI:1065271.0,1065271.0,146.0,41384.0,41.0,0.006136,0.032104,,,,82.52,80.71625,99.98,99.8625,61.6,57.315,0,8,0,8,radio_limited_degradation,normal,radio,statistical_only_retained,8.0,9.0,8.0,0.8888888888888888,1.0,7.0,1.0639955090096174,0.0,1.0,8,8,True,65.33,91.29,55.13,75.02,Critical,Medium,True,True,critical_impact_with_verified_direct_evidence,True,critical_verified_direct_evidence_override,High,INC-000281,"new:gap=15.0s,dist=132.21270554930533m,cell=False,family=True"
LTE-TP-EP-000396,542020041221088+20250827123337+Fiji-Nadi-LTE-DL-D!20250827114216,Fiji-Nadi-LTE-DL-D,2025-08-27 01:41:13+02:00,2025-08-27 01:41:13+02:00,1,-17.7967214,177.407518,-17.7967214,177.407518,ECI:1069077.0,1069077.0,146.0,41384.0,41.0,0.022672,0.022672,,,,80.09,80.09,99.92,99.92,55.86,55.86,0,1,0,1,radio_limited_degradation,normal,radio,statistical_only_retained,0.0,1.0,1.0,1.0,0.0,1.0,0.0,0.0,1.0,1,1,True,22.25,80.5,51.9,67.63,Critical,Medium,True,True,critical_impact_with_verified_direct_evidence,True,critical_verified_direct_evidence_override,High,INC-000282,"new:gap=1.0s,dist=0.0m,cell=False,family=True"
LTE-TP-EP-000397,542020041221088+20250827123337+Fiji-Nadi-LTE-DL-D!20250827114216,Fiji-Nadi-LTE-DL-D,2025-08-27 01:41:19+02:00,2025-08-27 01:41:21+02:00,2,-17.79672137,177.40751802,-17.7967214,177.407518,ECI:1073736.0,1073736.0,140.0,356.0,1.0,2.1538079,3.4981399499999997,18.13893575,15.985127850000001,0.11873948558420798,64.95,62.765,83.05,70.71,72.99,53.05499999999999,0,2,0,2,ca_underperformance,normal,capability,statistical_only_retained,2.0,3.0,2.0,0.6666666666666666,1.0,1.0,0.003951155809613619,0.0,1.0,2,1,True,18.5,63.83,59.76,62.0,High,Medium,True,False,,True,priority_and_confidence_gate,Medium,INC-000283,"new:gap=6.0s,dist=0.003951155699058987m,cell=False,family=False"
LTE-TP-EP-000398,542020041221088+20250827123337+Fiji-Nadi-LTE-DL-D!20250827114216,Fiji-Nadi-LTE-DL-D,2025-08-27 01:41:23+02:00,2025-08-27 01:41:23+02:00,1,-17.7967214,177.407518,-17.7967214,177.407518,ECI:1065246.0,1065246.0,144.0,1850.0,3.0,5.927272,5.927272,,,,73.57,73.57,79.25,79.25,66.63,66.63,0,1,0,1,rb_efficiency_underperformance,normal,radio,statistical_only_retained,0.0,1.0,1.0,1.0,0.0,1.0,0.0,0.0,1.0,1,1,True,22.25,65.0,59.97,62.74,High,Medium,True,False,,True,priority_and_confidence_gate,Medium,INC-000284,"new:gap=2.0s,dist=0.0m,cell=False,family=False"
LTE-TP-EP-000399,542020041221088+20250827123337+Fiji-Nadi-LTE-DL-D!20250827114216,Fiji-Nadi-LTE-DL-D,2025-08-27 01:41:24+02:00,2025-08-27 01:41:47+02:00,24,-17.7967214,177.407518,-17.7969186,177.4070033,ECI:1065268.0,1065268.0,146.0,41186.0,41.0,0.00052,0.50812,,,,80.01,73.72791666666667,100.0,97.51208333333334,55.57,44.65625,0,24,0,20,radio_limited_degradation,normal,radio,statistical_only_retained,23.0,24.0,24.0,1.0,0.0,24.0,63.31942888580758,0.0,0.8333333333333334,20,24,True,100.0,99.38,47.28,75.93,Critical,Medium,True,True,critical_impact_with_verified_direct_evidence,True,critical_verified_direct_evidence_override,High,INC-000285,"new:gap=1.0s,dist=0.0m,cell=False,family=True"
LTE-TP-EP-000400,542020041221088+20250827123337+Fiji-Nadi-LTE-DL-D!20250827114216,Fiji-Nadi-LTE-DL-D,2025-08-27 01:41:48+02:00,2025-08-27 01:41:49+02:00,2,-17.7969072,177.4069149,-17.79690372,177.40690916,ECI:1069077.0,1069077.0,140.0,500.0,1.0,0.000416,0.0015320000000000002,,,,80.47,80.24000000000001,100.0,99.995,56.62,56.099999999999994,0,2,0,2,radio_limited_degradation,normal,radio,statistical_only_retained,1.0,2.0,2.0,1.0,0.0,2.0,10.165165407987516,0.0,1.0,2,2,True,29.5,82.37,52.34,68.86,Critical,Medium,True,True,critical_impact_with_verified_direct_evidence,True,critical_verified_direct_evidence_override,High,INC-000286,"new:gap=1.0s,dist=9.444709707162533m,cell=False,family=True"
LTE-TP-EP-000401,542020041221088+20250827123337+Fiji-Nadi-LTE-DL-D!20250827114216,Fiji-Nadi-LTE-DL-D,2025-08-27 01:41:50+02:00,2025-08-27 01:41:50+02:00,1,-17.79689112,177.40681651,-17.79689112,177.40681651,ECI:1065286.0,1065286.0,140.0,500.0,1.0,0.136104,0.136104,,,,79.49,79.49,99.52,99.52,55.0,55.0,0,1,0,1,radio_limited_degradation,normal,radio,statistical_only_retained,0.0,1.0,1.0,1.0,0.0,1.0,9.908772868107626,0.0,1.0,1,1,True,22.25,80.2,51.25,67.17,Critical,Medium,True,True,critical_impact_with_verified_direct_evidence,True,critical_verified_direct_evidence_override,High,INC-000287,"new:gap=1.0s,dist=9.908772868690566m,cell=False,family=True"
LTE-TP-EP-000403,542020041221088+20250827123337+Fiji-Nadi-LTE-DL-D!20250827114216,Fiji-Nadi-LTE-DL-D,2025-08-27 01:41:58+02:00,2025-08-27 01:41:58+02:00,1,-17.79678763,177.40600631,-17.79678763,177.40600631,ECI:1064725.0,1064725.0,363.0,40790.0,41.0,6.248664,6.248664,49.4498,43.201136000000005,0.1263637871133958,66.19,66.19,66.42,66.42,65.9,65.9,0,1,0,1,ca_underperformance,normal,capability,statistical_only_retained,0.0,1.0,1.0,1.0,0.0,1.0,11.274985740793705,0.0,1.0,1,0,False,22.25,55.38,59.42,57.2,High,Medium,True,False,,True,priority_and_confidence_gate,Medium,INC-000288,"new:gap=8.0s,dist=86.54754768253157m,cell=False,family=False"
LTE-TP-EP-000404,542020041221088+20250827123337+Fiji-Nadi-LTE-DL-D!20250827114216,Fiji-Nadi-LTE-DL-D,2025-08-27 01:41:59+02:00,2025-08-27 01:41:59+02:00,1,-17.796782,177.4057904,-17.796782,177.4057904,ECI:1069077.0,1069077.0,148.0,500.0,1.0,3.724192,3.724192,,,,74.26,74.26,86.97,86.97,58.73,58.73,0,1,0,1,radio_limited_degradation,normal,radio,statistical_only_retained,0.0,1.0,1.0,1.0,0.0,1.0,22.867828491592988,0.0,1.0,1,1,True,22.25,70.79,54.05,63.26,High,Medium,True,False,,True,priority_and_confidence_gate,Medium,INC-000289,"new:gap=1.0s,dist=22.867828491306284m,cell=False,family=False"
LTE-TP-EP-000405,542020041221088+20250827123337+Fiji-Nadi-LTE-DL-D!20250827114216,Fiji-Nadi-LTE-DL-D,2025-08-27 01:42:02+02:00,2025-08-27 01:42:03+02:00,2,-17.79678404,177.40556276,-17.79678491,177.40544427,ECI:1073736.0,1073736.0,144.0,9310.0,28.0,0.425632,1.2349800000000002,,,,90.32,82.26499999999999,98.51,95.67500000000001,80.3,65.87,0,2,0,2,radio_limited_degradation,normal,radio,statistical_only_retained,1.0,2.0,2.0,1.0,0.0,2.0,12.67941676023283,0.0,1.0,2,2,True,29.5,80.55,66.62,74.28,Critical,High,True,True,critical_impact_with_verified_direct_evidence,True,critical_verified_direct_evidence_override,High,INC-000290,"new:gap=3.0s,dist=24.102227689956777m,cell=False,family=True"
LTE-TP-EP-000406,542020041221088+20250827123337+Fiji-Nadi-LTE-DL-D!20250827114216,Fiji-Nadi-LTE-DL-D,2025-08-27 01:42:04+02:00,2025-08-27 01:42:05+02:00,2,-17.7967831,177.4052036,-17.79678138,177.40520229,ECI:1067723.0,1067723.0,140.0,356.0,1.0,2.757736,3.1276599999999997,18.13893575,15.381199750000002,0.1520340574556586,63.17,62.64,87.76,71.565,70.34,51.730000000000004,0,2,0,2,ca_underperformance,normal,capability,statistical_only_retained,1.0,2.0,2.0,1.0,0.0,2.0,25.717745235763957,0.0,1.0,2,1,True,29.5,69.15,58.1,64.18,High,Medium,True,False,,True,priority_and_confidence_gate,Medium,INC-000291,"new:gap=1.0s,dist=25.481493310611004m,cell=False,family=False"
LTE-TP-EP-000407,542020041221088+20250827123337+Fiji-Nadi-LTE-DL-D!20250827114216,Fiji-Nadi-LTE-DL-D,2025-08-27 01:42:06+02:00,2025-08-27 01:42:07+02:00,2,-17.7967773,177.404968,-17.79677514,177.40496856,ECI:1073736.0,1073736.0,140.0,356.0,1.0,0.871176,3.29832,,,,79.26,69.875,96.95,88.455,57.64,47.165,0,2,0,1,radio_limited_degradation,normal,radio,statistical_only_retained,1.0,2.0,2.0,1.0,0.0,2.0,25.05676238256398,0.0,0.5,1,2,True,29.5,77.96,45.61,63.41,High,Medium,True,False,,True,priority_and_confidence_gate,Medium,INC-000292,"new:gap=1.0s,dist=24.809371334626533m,cell=False,family=False"
LTE-TP-EP-000408,542020041221088+20250827123337+Fiji-Nadi-LTE-DL-D!20250827114216,Fiji-Nadi-LTE-DL-D,2025-08-27 01:42:10+02:00,2025-08-27 01:42:10+02:00,1,-17.79676873,177.40460806,-17.79676873,177.40460806,ECI:1069080.0,1069080.0,148.0,356.0,1.0,0.76948,0.76948,,,,76.35,76.35,97.31,97.31,50.74,50.74,0,1,0,1,radio_limited_degradation,normal,radio,statistical_only_retained,0.0,1.0,1.0,1.0,0.0,1.0,0.08210833897843271,0.0,1.0,1,1,True,22.25,78.55,48.06,64.82,High,Medium,True,False,,True,priority_and_confidence_gate,Medium,INC-000293,"new:gap=3.0s,dist=38.17423854949423m,cell=False,family=True"
LTE-TP-EP-000410,542020041221088+20250827123337+Fiji-Nadi-LTE-DL-D!20250827114216,Fiji-Nadi-LTE-DL-D,2025-08-27 01:42:13+02:00,2025-08-27 01:42:13+02:00,1,-17.79676796,177.40424578,-17.79676796,177.40424578,ECI:1069077.0,1069077.0,363.0,9310.0,28.0,0.836128,0.836128,,,,76.58,76.58,97.07,97.07,51.54,51.54,0,1,0,1,radio_limited_degradation,normal,radio,statistical_only_retained,0.0,1.0,1.0,1.0,0.0,1.0,12.731100409396863,0.0,1.0,1,1,True,22.25,78.36,48.65,65.0,High,Medium,True,False,,True,priority_and_confidence_gate,High,INC-000294,"new:gap=3.0s,dist=38.356135995022726m,cell=False,family=True"
LTE-TP-EP-000411,542020041221088+20250827123437+Fiji-Nadi-LTE-DL-D!20250827114425,Fiji-Nadi-LTE-DL-D,2025-08-27 01:42:23+02:00,2025-08-27 01:42:23+02:00,1,-17.7967524,177.40302152,-17.7967524,177.40302152,EARFCN:9310.0|PCI:363.0,,363.0,9310.0,28.0,1.394888,1.394888,,,,76.61,76.61,95.12,95.12,53.99,53.99,0,1,0,1,radio_limited_degradation,normal,radio,statistical_only_retained,0.0,1.0,1.0,1.0,0.0,1.0,,0.0,1.0,1,1,True,22.25,76.9,50.49,65.02,High,Medium,True,False,,True,priority_and_confidence_gate,High,INC-000295,new_session_or_first_episode
LTE-TP-EP-000412,542020041221088+20250827123437+Fiji-Nadi-LTE-DL-D!20250827114425,Fiji-Nadi-LTE-DL-D,2025-08-27 01:42:27+02:00,2025-08-27 01:42:30+02:00,3,-17.79673347,177.40252806,-17.79669496,177.40216542,ECI:1073736.0,1073736.0,363.0,9310.0,28.0,0.889528,2.107648,,,,78.7,70.13333333333334,96.89,92.75333333333333,56.46,42.48,0,3,0,3,radio_limited_degradation,normal,radio,statistical_only_retained,3.0,4.0,3.0,0.75,1.0,2.0,25.568917070363945,0.0,1.0,3,3,True,27.0,78.38,48.85,65.09,High,Medium,True,False,,True,priority_and_confidence_gate,High,INC-000296,"new:gap=4.0s,dist=52.28698821653825m,cell=False,family=True"
LTE-TP-EP-000413,542020041221088+20250827123437+Fiji-Nadi-LTE-DL-D!20250827114425,Fiji-Nadi-LTE-DL-D,2025-08-27 01:42:37+02:00,2025-08-27 01:42:39+02:00,3,-17.79659206,177.40129185,-17.79656123,177.4010403,ECI:1073736.0,1073736.0,335.0,356.0,1.0,0.021464,1.854528,,,,80.69,72.05333333333333,99.92,93.24000000000001,57.19,46.16,0,3,0,3,radio_limited_degradation,normal,radio,statistical_only_retained,2.0,3.0,3.0,1.0,0.0,3.0,26.898660454732077,0.0,1.0,3,3,True,36.75,82.46,50.14,67.91,Critical,Medium,True,True,critical_impact_with_verified_direct_evidence,True,critical_verified_direct_evidence_override,High,INC-000297,"new:gap=7.0s,dist=93.19350346392389m,cell=True,family=True"
LTE-TP-EP-000415,542020041221088+20250827123437+Fiji-Nadi-LTE-DL-D!20250827114425,Fiji-Nadi-LTE-DL-D,2025-08-27 01:42:42+02:00,2025-08-27 01:42:44+02:00,2,-17.79651594,177.40066415,-17.7964704,177.4002838,ECI:1067590.0,1067590.0,140.0,500.0,1.0,0.850424,1.507024,,,,79.07,74.16499999999999,97.02,94.725,57.14,49.045,0,2,0,1,radio_limited_degradation,normal,radio,statistical_only_retained,2.0,3.0,2.0,0.6666666666666666,1.0,1.0,40.277919091896784,0.0,0.5,1,2,True,18.5,76.82,45.83,62.87,High,Medium,True,False,,True,priority_and_confidence_gate,Medium,INC-000298,"new:gap=3.0s,dist=40.1417174150851m,cell=False,family=True"
LTE-TP-EP-000416,542020041221088+20250827123437+Fiji-Nadi-LTE-DL-D!20250827114425,Fiji-Nadi-LTE-DL-D,2025-08-27 01:42:49+02:00,2025-08-27 01:42:49+02:00,1,-17.7963985,177.3996545,-17.7963985,177.3996545,ECI:1069127.0,1069127.0,140.0,9310.0,28.0,2.951936,2.951936,,,,70.65,70.65,89.67,89.67,47.41,47.41,0,1,0,1,radio_limited_degradation,normal,radio,statistical_only_retained,0.0,1.0,1.0,1.0,0.0,1.0,13.344324405394104,0.0,1.0,1,1,True,22.25,72.82,45.56,60.55,High,Medium,True,False,,True,priority_and_confidence_gate,Medium,INC-000299,"new:gap=5.0s,dist=67.10461112723581m,cell=False,family=True"
LTE-TP-EP-000417,542020041221088+20250827123437+Fiji-Nadi-LTE-DL-D!20250827114425,Fiji-Nadi-LTE-DL-D,2025-08-27 01:42:50+02:00,2025-08-27 01:42:51+02:00,2,-17.79639779,177.39965539,-17.79638223,177.39952756,ECI:1069087.0,1069087.0,140.0,1850.0,3.0,1.3237439,1.40953995,,,,74.48,73.53,95.37,95.07,49.68,47.205,0,2,0,2,radio_limited_degradation,normal,radio,statistical_only_retained,1.0,2.0,2.0,1.0,0.0,2.0,13.766982089954515,0.0,1.0,2,2,True,29.5,78.83,46.64,64.34,High,Medium,True,False,,True,priority_and_confidence_gate,Medium,INC-000300,"new:gap=1.0s,dist=0.12293004775675696m,cell=False,family=True"
LTE-TP-EP-000418,542020041221088+20250827123437+Fiji-Nadi-LTE-DL-D!20250827114425,Fiji-Nadi-LTE-DL-D,2025-08-27 01:42:52+02:00,2025-08-27 01:42:52+02:00,1,-17.79636789,177.39939733,-17.79636789,177.39939733,ECI:1073736.0,1073736.0,140.0,1850.0,3.0,2.296624,2.296624,,,,73.68,73.68,91.96,91.96,51.34,51.34,0,1,0,1,radio_limited_degradation,normal,radio,statistical_only_retained,0.0,1.0,1.0,1.0,0.0,1.0,13.879899451429953,0.0,1.0,1,1,True,22.25,74.53,48.51,62.82,High,Medium,True,False,,True,priority_and_confidence_gate,Medium,INC-000301,"new:gap=1.0s,dist=13.879899449955271m,cell=False,family=True"
LTE-TP-EP-000419,542020041221088+20250827123437+Fiji-Nadi-LTE-DL-D!20250827114425,Fiji-Nadi-LTE-DL-D,2025-08-27 01:42:54+02:00,2025-08-27 01:42:54+02:00,1,-17.79633376,177.3991435,-17.79633376,177.3991435,ECI:1069127.0,1069127.0,140.0,9310.0,28.0,0.473656,0.473656,,,,81.05,81.05,98.34,98.34,59.91,59.91,0,1,0,1,radio_limited_degradation,normal,radio,statistical_only_retained,0.0,1.0,1.0,1.0,0.0,1.0,0.17254465203195168,0.0,1.0,1,1,True,22.25,79.32,54.93,68.34,High,Medium,True,False,,True,priority_and_confidence_gate,High,INC-000302,"new:gap=2.0s,dist=27.140709277417887m,cell=False,family=True"
LTE-TP-EP-000420,542020041221088+20250827123437+Fiji-Nadi-LTE-DL-D!20250827114425,Fiji-Nadi-LTE-DL-D,2025-08-27 01:42:56+02:00,2025-08-27 01:42:56+02:00,1,-17.79630003,177.39888915,-17.79630003,177.39888915,ECI:1069077.0,1069077.0,140.0,9310.0,28.0,1.519496,1.519496,,,,72.58,72.58,94.68,94.68,45.56,45.56,0,1,0,1,radio_limited_degradation,normal,radio,statistical_only_retained,0.0,1.0,1.0,1.0,0.0,1.0,13.72564577070004,0.0,1.0,1,1,True,22.25,76.57,44.17,61.99,High,Medium,True,False,,True,priority_and_confidence_gate,Medium,INC-000303,"new:gap=2.0s,dist=27.18905794637607m,cell=False,family=True"
LTE-TP-EP-000421,542020041221088+20250827123437+Fiji-Nadi-LTE-DL-D!20250827114425,Fiji-Nadi-LTE-DL-D,2025-08-27 01:42:59+02:00,2025-08-27 01:42:59+02:00,1,-17.7962394,177.398381,-17.7962394,177.398381,ECI:1069127.0,1069127.0,140.0,500.0,1.0,1.690184,1.690184,,,,75.92,75.92,94.08,94.08,53.73,53.73,0,1,0,1,radio_limited_degradation,normal,radio,statistical_only_retained,0.0,1.0,1.0,1.0,0.0,1.0,13.773847469749482,0.0,1.0,1,1,True,22.25,76.12,50.3,64.5,High,Medium,True,False,,True,priority_and_confidence_gate,Medium,INC-000304,"new:gap=3.0s,dist=54.22079839291242m,cell=False,family=True"
LTE-TP-EP-000422,542020041221088+20250827123437+Fiji-Nadi-LTE-DL-D!20250827114425,Fiji-Nadi-LTE-DL-D,2025-08-27 01:43:01+02:00,2025-08-27 01:43:04+02:00,2,-17.7962094,177.3981257,-17.7961777,177.39786515,ECI:1069077.0,1069077.0,140.0,500.0,1.0,1.785864,2.5463679999999997,,,,75.5,69.52,93.75,91.09,53.19,43.155,0,2,0,1,radio_limited_degradation,normal,radio,statistical_only_retained,3.0,4.0,2.0,0.5,2.0,1.0,27.30589147529856,0.0,0.5,1,2,True,16.0,73.65,42.38,59.58,High,Medium,True,False,,True,priority_and_confidence_gate,Medium,INC-000305,"new:gap=2.0s,dist=27.234787953670306m,cell=False,family=True"
LTE-TP-EP-000423,542020041221088+20250827123437+Fiji-Nadi-LTE-DL-D!20250827114425,Fiji-Nadi-LTE-DL-D,2025-08-27 01:43:13+02:00,2025-08-27 01:43:14+02:00,2,-17.79595911,177.39671456,-17.7958421,177.3964848,ECI:1069080.0,1069080.0,140.0,356.0,1.0,2.389616,4.8051759999999994,,,,73.72,71.195,91.64,83.185,61.26,56.535,0,2,0,0,radio_limited_degradation,normal,radio,statistical_only_retained,1.0,2.0,2.0,1.0,0.0,2.0,41.0850772405403,0.0,0.0,0,2,True,29.5,73.99,44.76,60.84,High,Medium,True,False,,True,priority_and_confidence_gate,Medium,INC-000306,"new:gap=9.0s,dist=124.219280855672m,cell=False,family=True"
LTE-TP-EP-000424,542020041221088+20250827123437+Fiji-Nadi-LTE-DL-D!20250827114425,Fiji-Nadi-LTE-DL-D,2025-08-27 01:43:24+02:00,2025-08-27 01:43:26+02:00,2,-17.79505953,177.39562875,-17.79487485,177.39545414,ECI:1069077.0,1069077.0,140.0,500.0,1.0,0.021112,1.9178,,,,81.18,77.015,99.93,93.29,58.26,57.12,0,2,0,2,radio_limited_degradation,normal,radio,statistical_only_retained,2.0,3.0,2.0,0.6666666666666666,1.0,1.0,28.0318891060655,0.0,1.0,2,2,True,18.5,77.91,53.41,66.89,High,Medium,True,False,,True,priority_and_confidence_gate,High,INC-000307,"new:gap=10.0s,dist=125.64499761748458m,cell=False,family=True"
LTE-TP-EP-000425,542020041221088+20250827123437+Fiji-Nadi-LTE-DL-D!20250827114425,Fiji-Nadi-LTE-DL-D,2025-08-27 01:43:27+02:00,2025-08-27 01:43:30+02:00,4,-17.79477516,177.39536154,-17.79447074,177.39514009,ECI:1069126.0,1069126.0,138.0,9310.0,28.0,0.278984,2.053028,,,,85.85,75.99,99.02,93.55,75.3,54.525,0,4,0,4,radio_limited_degradation,normal,radio,statistical_only_retained,3.0,4.0,4.0,1.0,0.0,4.0,55.985545516974376,0.0,1.0,4,4,True,44.0,83.9,61.28,73.72,Critical,High,True,True,critical_impact_with_verified_direct_evidence,True,critical_verified_direct_evidence_override,High,INC-000308,"new:gap=1.0s,dist=14.798556668254488m,cell=False,family=True"
LTE-TP-EP-000426,542020041221088+20250827123437+Fiji-Nadi-LTE-DL-D!20250827114425,Fiji-Nadi-LTE-DL-D,2025-08-27 01:43:36+02:00,2025-08-27 01:43:40+02:00,5,-17.7936536,177.3949411,-17.7931593,177.3950093,ECI:1069080.0,1069080.0,140.0,356.0,1.0,2.875384,3.438664,,,,83.13,68.524,89.94,85.704,81.74,47.529999999999994,0,5,0,5,radio_limited_degradation,normal,radio,statistical_only_retained,4.0,5.0,5.0,1.0,0.0,5.0,83.057323066505,0.0,1.0,5,5,True,51.25,79.21,62.75,71.8,High,High,True,False,,True,priority_and_confidence_gate,High,INC-000309,"new:gap=6.0s,dist=93.27251597813121m,cell=False,family=True"
LTE-TP-EP-000427,542020041221088+20250827123437+Fiji-Nadi-LTE-DL-D!20250827114425,Fiji-Nadi-LTE-DL-D,2025-08-27 01:43:41+02:00,2025-08-27 01:43:43+02:00,3,-17.79315894,177.39500944,-17.79291307,177.39505489,ECI:1069126.0,1069126.0,138.0,9310.0,28.0,0.76024,3.71156,16.71823685603798,13.006676856037979,0.2220066644563376,80.63,70.66666666666667,97.34,76.65666666666667,76.85,63.339999999999996,0,3,0,3,rb_efficiency_underperformance,normal,radio,statistical_only_retained,2.0,3.0,3.0,1.0,0.0,3.0,27.8050494192673,0.0,1.0,3,2,True,36.75,77.02,64.26,71.28,High,High,True,False,,True,priority_and_confidence_gate,High,INC-000310,"new:gap=1.0s,dist=0.04268642107332779m,cell=False,family=True"
LTE-TP-EP-000429,542020041221088+20250827123437+Fiji-Nadi-LTE-DL-D!20250827114425,Fiji-Nadi-LTE-DL-D,2025-08-27 01:44:02+02:00,2025-08-27 01:44:05+02:00,4,-17.79055121,177.3947907,-17.79018061,177.39463171,ECI:1069086.0,1069086.0,138.0,1850.0,3.0,1.61664,3.027304,,,,74.54,65.815,94.34,87.185,50.34,39.6975,0,4,0,4,radio_limited_degradation,normal,radio,statistical_only_retained,3.0,4.0,4.0,1.0,0.0,4.0,58.771256600909176,0.0,1.0,4,4,True,44.0,79.97,45.09,64.27,High,Medium,True,False,,True,priority_and_confidence_gate,Medium,INC-000311,"new:gap=19.0s,dist=264.11260025320405m,cell=False,family=True"
LTE-TP-EP-000430,542020041221088+20250827123437+Fiji-Nadi-LTE-DL-D!20250827114425,Fiji-Nadi-LTE-DL-D,2025-08-27 01:44:06+02:00,2025-08-27 01:44:25+02:00,16,-17.79006007,177.394578,-17.78787405,177.39334844,ECI:1069126.0,1069126.0,138.0,9310.0,28.0,2.1424,4.812248,,,,66.34,60.244375,92.5,82.9475,39.6,32.4975,0,16,0,11,radio_limited_degradation,normal,radio,statistical_only_retained,19.0,20.0,16.0,0.8,4.0,8.0,260.32914257807755,0.0,0.6875,11,16,True,80.0,86.99,34.8,63.5,Critical,Low,False,True,critical_impact_with_verified_direct_evidence,True,critical_verified_direct_evidence_override,Medium,INC-000312,"new:gap=1.0s,dist=14.559918405429348m,cell=False,family=True"
LTE-TP-EP-000431,542020041221088+20250827123517+Fiji-Nadi-LTE-DL-D!20250827114634,Fiji-Nadi-LTE-DL-D,2025-08-27 01:44:33+02:00,2025-08-27 01:44:38+02:00,5,-17.78701758,177.39278933,-17.78648658,177.39245008,ECI:1069086.0,1069086.0,138.0,9310.0,28.0,6.700056,8.9016,63.2571065,54.7067385,0.13516849683916543,71.0,58.372,76.55,68.196,73.71,46.37,0,5,0,4,radio_limited_degradation,normal,radio,statistical_only_retained,5.0,6.0,5.0,0.8333333333333334,1.0,3.0,42.28220251900533,0.0,0.8,4,3,True,36.75,64.51,56.45,60.88,High,Medium,True,False,,True,priority_and_confidence_gate,Medium,INC-000313,new_session_or_first_episode
LTE-TP-EP-000434,542020041221088+20250827123517+Fiji-Nadi-LTE-DL-D!20250827114634,Fiji-Nadi-LTE-DL-D,2025-08-27 01:44:53+02:00,2025-08-27 01:44:56+02:00,4,-17.7851375,177.39123329,-17.7849005,177.3907639,ECI:1069086.0,1069086.0,138.0,1850.0,3.0,3.87928,5.63938,,,,65.69,61.1225,86.42,80.25750000000001,46.21,37.7275,0,4,0,4,radio_limited_degradation,normal,radio,statistical_only_retained,3.0,4.0,4.0,1.0,0.0,4.0,69.66678769777025,0.0,1.0,4,4,True,44.0,74.27,42.54,59.99,High,Medium,True,False,,True,priority_and_confidence_gate,Medium,INC-000314,"new:gap=15.0s,dist=197.7412678440633m,cell=True,family=True"
LTE-TP-EP-000435,542020041221088+20250827123517+Fiji-Nadi-LTE-DL-D!20250827114634,Fiji-Nadi-LTE-DL-D,2025-08-27 01:44:57+02:00,2025-08-27 01:45:00+02:00,4,-17.784845,177.3906459,-17.7846709,177.3903094,ECI:1069126.0,1069126.0,138.0,9310.0,28.0,0.495824,3.8712039999999996,,,,79.52,74.4675,98.26,88.83,71.27,56.915,0,4,0,4,radio_limited_degradation,normal,radio,statistical_only_retained,3.0,4.0,4.0,1.0,0.0,4.0,54.74665240725895,0.0,1.0,4,4,True,44.0,82.34,59.86,72.22,Critical,Medium,True,True,critical_impact_with_verified_direct_evidence,True,critical_verified_direct_evidence_override,High,INC-000315,"new:gap=1.0s,dist=13.935009298167328m,cell=False,family=True"
LTE-TP-EP-000436,542020041221088+20250827123517+Fiji-Nadi-LTE-DL-D!20250827114634,Fiji-Nadi-LTE-DL-D,2025-08-27 01:45:01+02:00,2025-08-27 01:45:01+02:00,1,-17.7846147,177.3901985,-17.7846147,177.3901985,ECI:3624000.0,3624000.0,138.0,9310.0,28.0,0.895584,0.895584,,,,75.23,75.23,96.87,96.87,48.79,48.79,0,1,0,1,radio_limited_degradation,normal,radio,statistical_only_retained,0.0,1.0,1.0,1.0,0.0,1.0,13.301575997631385,0.0,1.0,1,1,True,22.25,78.22,46.59,63.98,High,Medium,True,False,,True,priority_and_confidence_gate,Medium,INC-000316,"new:gap=1.0s,dist=13.301575997763912m,cell=False,family=True"
LTE-TP-EP-000438,542020041221088+20250827123517+Fiji-Nadi-LTE-DL-D!20250827114634,Fiji-Nadi-LTE-DL-D,2025-08-27 01:45:05+02:00,2025-08-27 01:45:06+02:00,2,-17.78444069,177.38985531,-17.78438351,177.38973891,ECI:1069086.0,1069086.0,138.0,1850.0,3.0,0.039544,0.32685600000000004,,,,82.76,82.305,99.86,98.85499999999999,62.3,62.075,0,2,0,1,radio_limited_degradation,normal,radio,statistical_only_retained,1.0,2.0,2.0,1.0,0.0,2.0,14.053667232173154,0.0,0.5,1,2,True,29.5,82.02,51.67,68.36,Critical,Medium,True,True,critical_impact_with_verified_direct_evidence,True,critical_verified_direct_evidence_override,High,INC-000317,"new:gap=4.0s,dist=41.16785563738039m,cell=False,family=True"
LTE-TP-EP-000443,542020041221088+20250827123517+Fiji-Nadi-LTE-DL-D!20250827114634,Fiji-Nadi-LTE-DL-D,2025-08-27 01:45:23+02:00,2025-08-27 01:45:26+02:00,3,-17.7835613,177.3876591,-17.7834063,177.3873432,ECI:3623997.0,3623997.0,153.0,41186.0,41.0,0.004312,0.040032,,,,82.63,75.18333333333334,99.98,94.21666666666665,61.43,51.923333333333325,0,3,0,3,radio_limited_degradation,normal,radio,statistical_only_retained,3.0,4.0,3.0,0.75,1.0,2.0,50.026428313128754,0.0,1.0,3,3,True,27.0,80.29,53.7,68.32,Critical,Medium,True,True,critical_impact_with_verified_direct_evidence,True,critical_verified_direct_evidence_override,High,INC-000318,"new:gap=17.0s,dist=238.43804677329825m,cell=False,family=True"
LTE-TP-EP-000444,542020041221088+20250827123517+Fiji-Nadi-LTE-DL-D!20250827114634,Fiji-Nadi-LTE-DL-D,2025-08-27 01:45:27+02:00,2025-08-27 01:45:27+02:00,1,-17.7833374,177.3872403,-17.7833374,177.3872403,ECI:1069126.0,1069126.0,153.0,41186.0,41.0,0.204552,0.204552,,,,81.98,81.98,99.28,99.28,60.84,60.84,0,1,0,1,radio_limited_degradation,normal,radio,statistical_only_retained,0.0,1.0,1.0,1.0,0.0,1.0,13.319260857459632,0.0,1.0,1,1,True,22.25,80.02,55.63,69.05,Critical,Medium,True,True,critical_impact_with_verified_direct_evidence,True,critical_verified_direct_evidence_override,High,INC-000319,"new:gap=1.0s,dist=13.319260857406093m,cell=False,family=True"
LTE-TP-EP-000447,542020041221088+20250827123517+Fiji-Nadi-LTE-DL-D!20250827114634,Fiji-Nadi-LTE-DL-D,2025-08-27 01:45:49+02:00,2025-08-27 01:45:49+02:00,1,-17.78150941,177.38549635,-17.78150941,177.38549635,ECI:3623987.0,3623987.0,153.0,40790.0,41.0,3.191824,3.191824,60.347314999999995,57.155491,0.05289090326553883,81.52,81.52,81.5,81.5,81.54,81.54,0,1,0,1,ca_underperformance,normal,capability,statistical_only_retained,0.0,1.0,1.0,1.0,0.0,1.0,13.506181440627229,0.0,1.0,1,0,False,22.25,66.69,71.16,68.7,High,High,True,False,,True,priority_and_confidence_gate,High,INC-000320,"new:gap=22.0s,dist=274.6144319484586m,cell=False,family=False"
LTE-TP-EP-000449,542020041221088+20250827123517+Fiji-Nadi-LTE-DL-D!20250827114634,Fiji-Nadi-LTE-DL-D,2025-08-27 01:46:07+02:00,2025-08-27 01:46:09+02:00,2,-17.7800245,177.3836861,-17.77998904,177.38357653,ECI:3624137.0,3624137.0,138.0,356.0,1.0,6.856496,7.033176,33.200264164355,25.990408164354996,0.21716260943913698,71.66,61.66,60.86,57.93,84.85,66.215,0,2,0,2,radio_limited_degradation,normal,radio,statistical_only_retained,2.0,3.0,2.0,0.6666666666666666,1.0,1.0,24.978667375574602,0.0,1.0,2,2,True,18.5,49.54,68.98,58.29,Medium,High,True,False,,True,priority_and_confidence_gate,Medium,INC-000321,"new:gap=18.0s,dist=252.98696329544896m,cell=False,family=False"
LTE-TP-EP-000450,542020041221088+20250827123638+Fiji-Nadi-LTE-DL-D!20250827114845,Fiji-Nadi-LTE-DL-D,2025-08-27 01:46:43+02:00,2025-08-27 01:46:43+02:00,1,-17.7794851,177.38104013,-17.7794851,177.38104013,ECI:3624137.0,3624137.0,153.0,356.0,1.0,42.72388,42.72388,134.8689,92.14501999999999,0.3167808145539854,68.76,68.76,56.52,56.52,83.73,83.73,0,1,0,1,rb_conditioned_underperformance,ml_quantile_p75_resource_underperformance,resource,statistical_only_retained,0.0,1.0,1.0,1.0,0.0,1.0,,0.0,1.0,1,0,False,22.25,47.95,72.8,59.13,Medium,High,True,False,,True,priority_and_confidence_gate,Medium,INC-000322,new_session_or_first_episode
LTE-TP-EP-000451,542020041221088+20250827123638+Fiji-Nadi-LTE-DL-D!20250827114845,Fiji-Nadi-LTE-DL-D,2025-08-27 01:47:47+02:00,2025-08-27 01:47:52+02:00,5,-17.77777924,177.37761624,-17.77759225,177.37724552,ECI:3623990.0,3623990.0,158.0,40988.0,41.0,0.022184,0.08628,,,,76.46,73.574,90.92,88.564,59.06,55.258,0,5,0,4,radio_limited_degradation,normal,radio,statistical_only_retained,5.0,6.0,5.0,0.8333333333333334,1.0,4.0,44.22395924231952,0.0,0.8,4,5,True,42.75,78.29,51.34,66.16,High,Medium,True,False,,True,priority_and_confidence_gate,High,INC-000323,"new:gap=64.0s,dist=409.16182712823945m,cell=False,family=False"
LTE-TP-EP-000453,542020041221088+20250827123638+Fiji-Nadi-LTE-DL-D!20250827114845,Fiji-Nadi-LTE-DL-D,2025-08-27 01:48:07+02:00,2025-08-27 01:48:07+02:00,1,-17.77688546,177.3764893,-17.77688546,177.3764893,ECI:1066816.0,1066816.0,158.0,40988.0,41.0,4.548976,4.548976,,,,67.09,67.09,75.08,75.08,57.32,57.32,0,1,0,1,radio_limited_degradation,normal,radio,statistical_only_retained,0.0,1.0,1.0,1.0,0.0,1.0,0.13627375465569466,0.0,1.0,1,1,True,22.25,61.87,52.99,57.88,High,Medium,True,False,,True,priority_and_confidence_gate,Medium,INC-000324,"new:gap=15.0s,dist=112.19754705593972m,cell=False,family=True"
LTE-TP-EP-000455,542020041221088+20250827123638+Fiji-Nadi-LTE-DL-D!20250827114845,Fiji-Nadi-LTE-DL-D,2025-08-27 01:48:28+02:00,2025-08-27 01:48:30+02:00,3,-17.77583656,177.37567579,-17.7756629,177.3755572,ECI:1066816.0,1066816.0,158.0,40988.0,41.0,0.051184,0.0564,12.651765880505653,12.595365880505653,0.004457875725230055,72.01,70.08666666666666,69.82,66.66333333333334,77.37,74.27,0,3,0,3,radio_limited_degradation,normal,temporal,statistical_only_retained,2.0,3.0,3.0,1.0,0.0,3.0,31.480951469840928,0.0,1.0,3,1,True,36.75,60.76,67.25,63.68,High,High,True,False,,True,priority_and_confidence_gate,Medium,INC-000325,"new:gap=21.0s,dist=144.99359921637398m,cell=True,family=True"
LTE-TP-EP-000456,542020041221088+20250827123638+Fiji-Nadi-LTE-DL-D!20250827114845,Fiji-Nadi-LTE-DL-D,2025-08-27 01:48:35+02:00,2025-08-27 01:48:37+02:00,3,-17.7754088,177.3753685,-17.77534328,177.37533143,ECI:1066816.0,1066816.0,158.0,40988.0,41.0,0.116424,0.131448,,,,86.81,84.95,90.59,90.51333333333334,82.41,78.15333333333332,0,3,0,2,radio_limited_degradation,normal,radio,statistical_only_retained,2.0,3.0,3.0,1.0,0.0,3.0,21.54272073370486,0.0,0.6666666666666666,2,3,True,36.75,77.11,67.41,72.75,High,High,True,False,,True,priority_and_confidence_gate,High,INC-000325,"bridged:gap=5.0s,dist=34.60576337957918m,cell=True,family=True"
LTE-TP-EP-000457,542020041221088+20250827123638+Fiji-Nadi-LTE-DL-D!20250827114845,Fiji-Nadi-LTE-DL-D,2025-08-27 01:48:41+02:00,2025-08-27 01:48:45+02:00,3,-17.77520749,177.37524685,-17.77506832,177.37518586,ECI:1066816.0,1066816.0,158.0,40988.0,41.0,0.067048,0.086544,0.27724539717123803,0.21019739717123803,0.24183629623466182,81.47,75.08333333333333,90.7,76.74666666666667,78.82,73.04666666666667,0,3,0,1,radio_limited_degradation,normal,radio,statistical_only_retained,4.0,5.0,3.0,0.6,2.0,2.0,11.631114942279721,0.0,0.3333333333333333,1,2,True,24.75,70.72,61.0,66.35,High,High,True,False,,True,priority_and_confidence_gate,High,INC-000325,"bridged:gap=4.0s,dist=17.55543854805827m,cell=True,family=True"
LTE-TP-EP-000458,542020041221088+20250827123738+Fiji-Nadi-LTE-DL-D!20250827115101,Fiji-Nadi-LTE-DL-D,2025-08-27 01:48:59+02:00,2025-08-27 01:48:59+02:00,1,-17.7742432,177.3748038,-17.7742432,177.3748038,EARFCN:40988.0|PCI:158.0,,158.0,40988.0,41.0,12.979688,12.979688,74.31100440549699,61.33131640549699,0.17466710487686338,78.55,78.55,71.4,71.4,87.28,87.28,0,1,0,1,rolling_local_drop,normal,temporal,statistical_only_retained,0.0,1.0,1.0,1.0,0.0,1.0,,0.0,1.0,1,0,False,22.25,59.11,75.46,66.47,High,High,True,False,,True,priority_and_confidence_gate,High,INC-000326,new_session_or_first_episode
LTE-TP-EP-000459,542020041221088+20250827123738+Fiji-Nadi-LTE-DL-D!20250827115101,Fiji-Nadi-LTE-DL-D,2025-08-27 01:49:05+02:00,2025-08-27 01:49:05+02:00,1,-17.7739675,177.3746823,-17.7739675,177.3746823,ECI:1066772.0,1066772.0,157.0,500.0,1.0,69.44632,69.44632,210.8213366303975,141.3750166303975,0.3294084038645015,75.4,75.4,55.78,55.78,99.39,99.39,1,0,0,1,rb_conditioned_underperformance,ml_hgb_strict_causal_temporal_underperformance,resource,statistical_and_ml_consensus,0.0,1.0,1.0,1.0,0.0,1.0,4.972971063954742,100.0,1.0,1,0,False,22.25,47.4,99.54,70.86,Medium,Very High,True,False,,True,priority_and_confidence_gate,High,INC-000327,"new:gap=6.0s,dist=33.24660280794781m,cell=False,family=False"
LTE-TP-EP-000460,542020041221088+20250827123738+Fiji-Nadi-LTE-DL-D!20250827115101,Fiji-Nadi-LTE-DL-D,2025-08-27 01:49:12+02:00,2025-08-27 01:49:12+02:00,1,-17.7736596,177.3745738,-17.7736596,177.3745738,ECI:1066816.0,1066816.0,157.0,500.0,1.0,81.76271,81.76271,182.86230474498095,101.09959474498095,0.4471271983256798,76.25,76.25,59.13,59.13,97.18,97.18,1,0,0,1,sudden_drop,ml_hgb_strict_causal_temporal_underperformance,temporal,statistical_and_ml_consensus,0.0,1.0,1.0,1.0,0.0,1.0,8.471977155956333,100.0,1.0,1,0,False,22.25,49.91,97.88,71.5,Medium,Very High,True,False,,True,priority_and_confidence_gate,High,INC-000328,"new:gap=7.0s,dist=36.11318996202427m,cell=False,family=True"
LTE-TP-EP-000461,542020041221088+20250827123738+Fiji-Nadi-LTE-DL-D!20250827115101,Fiji-Nadi-LTE-DL-D,2025-08-27 01:49:20+02:00,2025-08-27 01:49:20+02:00,1,-17.77354577,177.37455317,-17.77354577,177.37455317,ECI:1066816.0,1066816.0,158.0,40988.0,41.0,24.954016,24.954016,111.79482125,86.84080525,0.2232126293596091,63.8,63.8,61.98,61.98,66.03,66.03,0,1,0,1,rb_conditioned_underperformance,normal,capability,statistical_only_retained,0.0,1.0,1.0,1.0,0.0,1.0,0.23373535742344614,0.0,1.0,1,0,False,22.25,52.05,59.52,55.41,Medium,Medium,True,False,,True,priority_and_confidence_gate,Medium,INC-000329,"new:gap=8.0s,dist=12.84445556333676m,cell=True,family=False"
LTE-TP-EP-000462,542020041221088+20250827123738+Fiji-Nadi-LTE-DL-D!20250827115101,Fiji-Nadi-LTE-DL-D,2025-08-27 01:49:36+02:00,2025-08-27 01:49:36+02:00,1,-17.77270609,177.37426741,-17.77270609,177.37426741,ECI:1066772.0,1066772.0,157.0,500.0,1.0,102.16285,102.16285,185.31654659922697,83.15369659922696,0.5512883327193739,64.98,64.98,54.27,54.27,78.07,78.07,0,1,0,1,sudden_drop,normal,temporal,statistical_only_retained,0.0,1.0,1.0,1.0,0.0,1.0,9.070177840984439,0.0,1.0,1,0,False,22.25,46.27,68.55,56.29,Medium,High,True,False,,True,priority_and_confidence_gate,Medium,INC-000330,"new:gap=16.0s,dist=98.14895519852398m,cell=False,family=False"
LTE-TP-EP-000463,542020041221088+20250827123818+Fiji-Nadi-LTE-DL-D!20250827115313,Fiji-Nadi-LTE-DL-D,2025-08-27 01:51:16+02:00,2025-08-27 01:51:17+02:00,2,-17.76868706,177.37679107,-17.7686903,177.3766705,ECI:3623986.0,3623986.0,154.0,40790.0,41.0,12.968984,15.8578565,60.347314999999995,41.60058599999999,0.2622656512260919,55.33,53.385,46.73,42.989999999999995,66.35,66.095,0,2,0,2,ca_underperformance,normal,capability,statistical_only_retained,1.0,2.0,2.0,1.0,0.0,2.0,18.60475840344458,0.0,1.0,2,0,False,29.5,41.49,59.7,49.68,Medium,Medium,True,False,,True,priority_and_confidence_gate,Medium,INC-000331,new_session_or_first_episode
LTE-TP-EP-000464,542020041221088+20250827123818+Fiji-Nadi-LTE-DL-D!20250827115313,Fiji-Nadi-LTE-DL-D,2025-08-27 01:51:21+02:00,2025-08-27 01:51:22+02:00,2,-17.7686856,177.3763951,-17.7686875,177.3763218,ECI:1066815.0,1066815.0,157.0,40988.0,41.0,0.943112,1.17726,,,,82.78,82.475,87.7,86.88,78.77,77.095,0,2,0,0,radio_limited_degradation,normal,radio,statistical_only_retained,1.0,2.0,2.0,1.0,0.0,2.0,22.484530731610704,0.0,0.0,0,2,True,29.5,72.94,58.66,66.52,High,Medium,True,False,,True,priority_and_confidence_gate,High,INC-000332,"new:gap=4.0s,dist=29.166971634850903m,cell=False,family=False"
LTE-TP-EP-000466,542020041221088+20250827123818+Fiji-Nadi-LTE-DL-D!20250827115313,Fiji-Nadi-LTE-DL-D,2025-08-27 01:52:09+02:00,2025-08-27 01:52:10+02:00,2,-17.771014,177.3738915,-17.77100715,177.37388146,ECI:1066816.0,1066816.0,158.0,40988.0,41.0,0.124712,10.97386,64.20087330153778,42.37786530153778,0.003216440606031179,83.01,72.19500000000001,83.18,66.135,82.8,79.60499999999999,0,2,0,2,radio_limited_degradation,normal,temporal,statistical_only_retained,1.0,2.0,2.0,1.0,0.0,2.0,5.959022976267776,0.0,1.0,2,2,True,29.5,65.5,71.3,68.11,High,High,True,False,,True,priority_and_confidence_gate,High,INC-000333,"new:gap=47.0s,dist=364.8964663433687m,cell=False,family=True"
LTE-TP-EP-000469,542020041221088+20250827123858+Fiji-Nadi-LTE-DL-D!20250827115524,Fiji-Nadi-LTE-DL-D,2025-08-27 01:54:21+02:00,2025-08-27 01:54:21+02:00,1,-17.77603561,177.36804676,-17.77603561,177.36804676,ECI:1066814.0,1066814.0,156.0,40790.0,41.0,2.790208,2.790208,72.48923773811869,69.6990297381187,0.03849134143305745,91.51,91.51,91.29,91.29,91.77,91.77,0,1,0,1,radio_limited_degradation,normal,temporal,statistical_only_retained,0.0,1.0,1.0,1.0,0.0,1.0,8.52971105106321,0.0,1.0,1,1,True,22.25,74.03,78.83,76.19,High,High,True,False,,True,priority_and_confidence_gate,High,INC-000334,new_session_or_first_episode
LTE-TP-EP-000470,542020041221088+20250827123858+Fiji-Nadi-LTE-DL-D!20250827115524,Fiji-Nadi-LTE-DL-D,2025-08-27 01:54:27+02:00,2025-08-27 01:54:28+02:00,2,-17.7765906,177.3681897,-17.7766778,177.3682071,ECI:1066814.0,1066814.0,156.0,40790.0,41.0,7.682456,23.772323,130.09425429461572,90.23206429461572,0.08968023367435451,89.3,79.19999999999999,87.33,72.23,91.7,87.715,0,2,0,2,rb_conditioned_underperformance,ml_quantile_p75_resource_underperformance,resource,statistical_only_retained,1.0,2.0,2.0,1.0,0.0,2.0,28.766978218576003,0.0,1.0,2,0,False,29.5,69.1,77.78,73.0,High,High,True,False,,True,priority_and_confidence_gate,High,INC-000335,"new:gap=6.0s,dist=63.54108667811808m,cell=True,family=False"
LTE-TP-EP-000471,542020041221088+20250827123858+Fiji-Nadi-LTE-DL-D!20250827115524,Fiji-Nadi-LTE-DL-D,2025-08-27 01:54:34+02:00,2025-08-27 01:54:36+02:00,3,-17.777129,177.36826133,-17.77731042,177.3682741,ECI:1066814.0,1066814.0,156.0,40790.0,41.0,0.009152,3.67612,119.0290425,76.9034285,0.00014428482252785526,90.34,80.87,93.35,78.37666666666667,92.02,83.92333333333333,0,3,0,3,radio_limited_degradation,normal,temporal,statistical_only_retained,2.0,3.0,3.0,1.0,0.0,3.0,20.48846745469364,0.0,1.0,3,2,True,36.75,75.46,76.99,76.15,High,High,True,False,,True,priority_and_confidence_gate,High,INC-000336,"new:gap=6.0s,dist=50.49875291596722m,cell=True,family=False"
LTE-TP-EP-000472,542020041221088+20250827123858+Fiji-Nadi-LTE-DL-D!20250827115524,Fiji-Nadi-LTE-DL-D,2025-08-27 01:54:43+02:00,2025-08-27 01:54:45+02:00,3,-17.77795914,177.3682912,-17.7782358,177.3683033,ECI:1066814.0,1066814.0,156.0,40790.0,41.0,0.012352,1.822016,119.0290425,92.33481950000001,0.0002848577124995353,87.55,78.66000000000001,85.31,76.89666666666666,92.55,80.81333333333333,0,3,0,3,radio_limited_degradation,normal,temporal,statistical_only_retained,2.0,3.0,3.0,1.0,0.0,3.0,30.985890680869094,0.0,1.0,3,2,True,36.75,71.07,76.48,73.5,High,High,True,False,,True,priority_and_confidence_gate,High,INC-000337,"new:gap=7.0s,dist=72.157193208895m,cell=True,family=True"
LTE-TP-EP-000473,542020041221088+20250827123858+Fiji-Nadi-LTE-DL-D!20250827115524,Fiji-Nadi-LTE-DL-D,2025-08-27 01:54:53+02:00,2025-08-27 01:54:54+02:00,2,-17.7788813,177.3685221,-17.77888065,177.36852729,ECI:1066814.0,1066814.0,156.0,40790.0,41.0,1.05068,7.1178,49.79234980903473,48.74166980903473,0.02110123350333139,88.47,76.63,85.46,69.72,92.14,85.07,0,2,0,2,radio_limited_degradation,normal,temporal,statistical_only_retained,1.0,2.0,2.0,1.0,0.0,2.0,9.778793731239674,0.0,1.0,2,2,True,29.5,67.54,77.34,71.95,High,High,True,False,,True,priority_and_confidence_gate,High,INC-000338,"new:gap=8.0s,dist=75.4227597127241m,cell=True,family=True"
LTE-TP-EP-000475,542020041221088+20250827123938+Fiji-Nadi-LTE-DL-D!20250827115735,Fiji-Nadi-LTE-DL-D,2025-08-27 01:56:31+02:00,2025-08-27 01:56:32+02:00,2,-17.77298,177.3675524,-17.77298395,177.36755289,ECI:1066814.0,1066814.0,156.0,40790.0,41.0,0.070656,4.852164,75.2544643873245,65.6207923873245,0.0011917540147002095,87.62,81.6,91.56,85.1,82.8,77.315,0,2,0,2,radio_limited_degradation,normal,temporal,statistical_only_retained,1.0,2.0,2.0,1.0,0.0,2.0,18.46460886032066,0.0,1.0,2,1,True,29.5,74.43,70.73,72.76,High,High,True,False,,True,priority_and_confidence_gate,High,INC-000339,new_session_or_first_episode
LTE-TP-EP-000476,542020041221088+20250827123938+Fiji-Nadi-LTE-DL-D!20250827115735,Fiji-Nadi-LTE-DL-D,2025-08-27 01:56:48+02:00,2025-08-27 01:56:48+02:00,1,-17.77230661,177.36877039,-17.77230661,177.36877039,ECI:1066814.0,1066814.0,156.0,40790.0,41.0,7.565872,7.565872,44.1015566245362,36.5356846245362,0.17155566785120405,78.3,78.3,67.04,67.04,92.07,92.07,0,1,0,1,sudden_drop,normal,temporal,statistical_only_retained,0.0,1.0,1.0,1.0,0.0,1.0,8.776191262610862,0.0,1.0,1,0,False,22.25,55.84,79.05,66.29,High,High,True,False,,True,priority_and_confidence_gate,High,INC-000340,"new:gap=16.0s,dist=149.3075625006998m,cell=True,family=True"
LTE-TP-EP-000478,542020041221088+20250827123938+Fiji-Nadi-LTE-DL-D!20250827115735,Fiji-Nadi-LTE-DL-D,2025-08-27 01:57:00+02:00,2025-08-27 01:57:00+02:00,1,-17.77200703,177.36971133,-17.77200703,177.36971133,ECI:1066814.0,1066814.0,156.0,40790.0,41.0,4.437736,4.437736,42.22351238804796,37.78577638804796,0.10510106215740055,82.53,82.53,73.77,73.77,93.24,93.24,0,1,0,1,sudden_drop,normal,temporal,statistical_only_retained,0.0,1.0,1.0,1.0,0.0,1.0,8.613667785378777,0.0,1.0,1,0,False,22.25,60.89,79.93,69.46,High,High,True,False,,True,priority_and_confidence_gate,High,INC-000341,"new:gap=12.0s,dist=105.05606418878253m,cell=True,family=True"
LTE-TP-EP-000480,542020041221088+20250827123938+Fiji-Nadi-LTE-DL-D!20250827115735,Fiji-Nadi-LTE-DL-D,2025-08-27 01:57:13+02:00,2025-08-27 01:57:13+02:00,1,-17.77164701,177.37073744,-17.77164701,177.37073744,ECI:1066814.0,1066814.0,156.0,40790.0,41.0,2.504008,2.504008,48.513146420791585,46.00913842079159,0.051615040143569026,82.08,82.08,81.49,81.49,82.8,82.8,0,1,0,1,radio_limited_degradation,normal,temporal,statistical_only_retained,0.0,1.0,1.0,1.0,0.0,1.0,8.695269926011328,0.0,1.0,1,1,True,22.25,66.68,72.1,69.12,High,High,True,False,,True,priority_and_confidence_gate,High,INC-000342,"new:gap=13.0s,dist=115.79375576578795m,cell=True,family=True"
LTE-TP-EP-000482,542020041221088+20250827123938+Fiji-Nadi-LTE-DL-D!20250827115735,Fiji-Nadi-LTE-DL-D,2025-08-27 01:57:32+02:00,2025-08-27 01:57:32+02:00,1,-17.7713502,177.3718861,-17.7713502,177.3718861,ECI:1066772.0,1066772.0,157.0,500.0,1.0,22.92524,22.92524,176.8458,153.92056,0.1296340653835149,82.09,82.09,67.44,67.44,100.0,100.0,1,0,0,1,rb_conditioned_underperformance,ml_quantile_p75_resource_underperformance,capability,statistical_and_ml_consensus,0.0,1.0,1.0,1.0,0.0,1.0,9.772772446762453,100.0,1.0,1,0,False,22.25,56.14,100.0,75.88,High,Very High,True,False,,True,priority_and_confidence_gate,High,INC-000343,"new:gap=19.0s,dist=126.0286479997438m,cell=False,family=False"
LTE-TP-EP-000484,542020041221088+20250827124038+Fiji-Nadi-LTE-DL-D!20250827115945,Fiji-Nadi-LTE-DL-D,2025-08-27 01:59:05+02:00,2025-08-27 01:59:05+02:00,1,-17.77313647,177.37702199,-17.77313647,177.37702199,ECI:3623958.0,3623958.0,155.0,500.0,1.0,22.374184,22.374184,68.20453325212202,45.83034925212202,0.32804540890694944,66.82,66.82,51.02,51.02,86.14,86.14,0,1,0,1,rb_conditioned_underperformance,ml_quantile_p75_resource_underperformance,temporal,statistical_only_retained,0.0,1.0,1.0,1.0,0.0,1.0,10.961460658893056,0.0,1.0,1,0,False,22.25,43.83,74.6,57.68,Medium,High,True,False,,True,priority_and_confidence_gate,Medium,INC-000344,new_session_or_first_episode
LTE-TP-EP-000485,542020041221088+20250827124539+Fiji-Nadi-LTE-DL-D!20250827120159,Fiji-Nadi-LTE-DL-D,2025-08-27 02:00:44+02:00,2025-08-27 02:00:44+02:00,1,-17.77345692,177.38093898,-17.77345692,177.38093898,ECI:3623958.0,3623958.0,155.0,500.0,1.0,17.004375,17.004375,160.90634151419255,143.90196651419254,0.10567871247324426,87.93,87.93,78.06,78.06,100.0,100.0,1,0,0,1,rb_conditioned_underperformance,ml_quantile_p75_resource_underperformance,temporal,statistical_and_ml_consensus,0.0,1.0,1.0,1.0,0.0,1.0,2.6280730918859825,100.0,1.0,1,0,False,22.25,64.11,100.0,80.26,High,Very High,True,False,,True,priority_and_confidence_gate,High,INC-000345,new_session_or_first_episode
LTE-TP-EP-000486,542020041221088+20250827130936+Fiji-Nadi-LTE-DL-D!20250827120414,Fiji-Nadi-LTE-DL-D,2025-08-27 02:02:13+02:00,2025-08-27 02:02:13+02:00,1,-17.7728196,177.3803382,-17.7728196,177.3803382,ECI:3623958.0,3623958.0,155.0,500.0,1.0,74.57501,74.57501,227.81928,153.24426999999997,0.3273428394646845,67.3,67.3,55.91,55.91,81.22,81.22,0,1,0,1,rb_conditioned_underperformance,ml_quantile_p75_resource_underperformance,resource,statistical_only_retained,0.0,1.0,1.0,1.0,0.0,1.0,,0.0,1.0,1,0,False,22.25,47.49,70.92,58.03,Medium,High,True,False,,True,priority_and_confidence_gate,Medium,INC-000346,new_session_or_first_episode
LTE-TP-EP-000488,542020041221088+20250827130936+Fiji-Nadi-LTE-DL-D!20250827120414,Fiji-Nadi-LTE-DL-D,2025-08-27 02:02:35+02:00,2025-08-27 02:02:35+02:00,1,-17.7733388,177.3794864,-17.7733388,177.3794864,ECI:3623958.0,3623958.0,155.0,500.0,1.0,64.29984,64.29984,159.23947009241485,94.93963009241484,0.40379335577218073,73.56,73.56,61.16,61.16,88.72,88.72,0,1,0,1,rb_conditioned_underperformance,ml_hgb_strict_causal_temporal_underperformance,temporal,statistical_only_retained,0.0,1.0,1.0,1.0,0.0,1.0,12.667149127270042,0.0,1.0,1,1,True,22.25,51.43,76.54,62.73,Medium,High,True,False,,True,priority_and_confidence_gate,Medium,INC-000347,"new:gap=22.0s,dist=107.08996030368786m,cell=True,family=True"
LTE-TP-EP-000490,542020041221088+20250827130936+Fiji-Nadi-LTE-DL-D!20250827120414,Fiji-Nadi-LTE-DL-D,2025-08-27 02:03:09+02:00,2025-08-27 02:03:09+02:00,1,-17.77317708,177.37696177,-17.77317708,177.37696177,ECI:3623958.0,3623958.0,155.0,500.0,1.0,0.0274,0.0274,52.851555,52.824155,0.0005184331851730759,85.44,85.44,89.08,89.08,81.0,81.0,0,1,0,1,sudden_drop,normal,temporal,statistical_only_retained,0.0,1.0,1.0,1.0,0.0,1.0,7.176582968442849,0.0,1.0,1,0,False,22.25,72.37,70.75,71.64,High,High,True,False,,True,priority_and_confidence_gate,High,INC-000348,"new:gap=34.0s,dist=267.9320500023815m,cell=True,family=True"
LTE-TP-EP-000492,542020041221088+20250827130936+Fiji-Nadi-LTE-DL-D!20250827120414,Fiji-Nadi-LTE-DL-D,2025-08-27 02:03:57+02:00,2025-08-27 02:03:57+02:00,1,-17.77388147,177.37472957,-17.77388147,177.37472957,ECI:1066816.0,1066816.0,158.0,40988.0,41.0,11.332328,11.332328,61.897229231937615,50.56490123193761,0.18308296091148402,72.9,72.9,68.35,68.35,78.47,78.47,0,1,0,1,radio_limited_degradation,normal,temporal,statistical_only_retained,0.0,1.0,1.0,1.0,0.0,1.0,3.4803041887341837,0.0,1.0,1,1,True,22.25,56.82,68.85,62.24,High,High,True,False,,True,priority_and_confidence_gate,Medium,INC-000349,"new:gap=48.0s,dist=249.0022174638218m,cell=False,family=True"
LTE-TP-EP-000494,542020041221088+20250827131243+Fiji-Nadi-LTE-DL-D!20250827120629,Fiji-Nadi-LTE-DL-D,2025-08-27 02:04:27+02:00,2025-08-27 02:04:27+02:00,1,-17.7755483,177.3755514,-17.7755483,177.3755514,EARFCN:40988.0|PCI:158.0,,158.0,40988.0,41.0,24.360704,24.360704,106.511576113655,82.150872113655,0.2287141444044119,78.87,78.87,61.66,61.66,99.9,99.9,1,0,0,1,rb_conditioned_underperformance,ml_quantile_p75_resource_underperformance,resource,statistical_and_ml_consensus,0.0,1.0,1.0,1.0,0.0,1.0,8.573592693966281,100.0,1.0,1,0,False,22.25,51.81,99.93,73.46,Medium,Very High,True,False,,True,priority_and_confidence_gate,High,INC-000350,new_session_or_first_episode
LTE-TP-EP-000495,542020041221088+20250827131243+Fiji-Nadi-LTE-DL-D!20250827120629,Fiji-Nadi-LTE-DL-D,2025-08-27 02:04:53+02:00,2025-08-27 02:04:57+02:00,3,-17.77684831,177.3766007,-17.77702995,177.37680136,ECI:1066816.0,1066816.0,158.0,40988.0,41.0,0.510272,1.171088,,,,76.79,72.93333333333334,89.21,85.78333333333335,61.6,57.223333333333336,0,3,0,2,radio_limited_degradation,normal,radio,statistical_only_retained,4.0,5.0,3.0,0.6,2.0,2.0,14.883879673976669,0.0,0.6666666666666666,2,3,True,24.75,72.24,51.77,63.03,High,Medium,True,False,,True,priority_and_confidence_gate,Medium,INC-000351,"new:gap=26.0s,dist=182.32032119193727m,cell=False,family=False"
LTE-TP-EP-000496,542020041221088+20250827131243+Fiji-Nadi-LTE-DL-D!20250827120629,Fiji-Nadi-LTE-DL-D,2025-08-27 02:04:58+02:00,2025-08-27 02:04:58+02:00,1,-17.7771371,177.3769063,-17.7771371,177.3769063,ECI:1066813.0,1066813.0,158.0,40988.0,41.0,0.494304,0.494304,,,,76.36,76.36,89.27,89.27,60.57,60.57,0,1,0,1,radio_limited_degradation,normal,radio,statistical_only_retained,0.0,1.0,1.0,1.0,0.0,1.0,16.291875645580955,0.0,1.0,1,1,True,22.25,72.52,55.43,64.83,High,Medium,True,False,,True,priority_and_confidence_gate,Medium,INC-000352,"new:gap=1.0s,dist=16.29187564453413m,cell=False,family=True"
LTE-TP-EP-000497,542020041221088+20250827131243+Fiji-Nadi-LTE-DL-D!20250827120629,Fiji-Nadi-LTE-DL-D,2025-08-27 02:05:02+02:00,2025-08-27 02:05:10+02:00,5,-17.777368,177.377154,-17.77773961,177.37761172,ECI:1066813.0,1066813.0,158.0,40790.0,41.0,0.054543998,0.968232,,,,77.34,71.60600000000001,90.81,87.466,60.87,52.217999999999996,0,5,0,5,radio_limited_degradation,normal,radio,statistical_only_retained,8.0,9.0,5.0,0.5555555555555556,4.0,1.0,54.51991410150418,0.0,1.0,5,5,True,20.58,72.42,53.49,63.9,High,Medium,True,False,,True,priority_and_confidence_gate,Medium,INC-000352,"bridged:gap=4.0s,dist=36.70290779481702m,cell=True,family=True"
LTE-TP-EP-000500,542020041221088+20250827131243+Fiji-Nadi-LTE-DL-D!20250827120629,Fiji-Nadi-LTE-DL-D,2025-08-27 02:05:51+02:00,2025-08-27 02:05:51+02:00,1,-17.7790601,177.3802797,-17.7790601,177.3802797,ECI:3624007.0,3624007.0,153.0,9310.0,28.0,100.16065,100.16065,211.67728606824673,111.51663606824673,0.47317618182097854,69.19,69.19,57.92,57.92,82.97,82.97,0,1,0,1,sudden_drop,ml_hgb_strict_causal_temporal_underperformance,temporal,statistical_only_retained,0.0,1.0,1.0,1.0,0.0,1.0,4.326081289038991,0.0,1.0,1,0,False,22.25,49.0,72.23,59.45,Medium,High,True,False,,True,priority_and_confidence_gate,Medium,INC-000353,"new:gap=41.0s,dist=318.3790513740622m,cell=False,family=False"
LTE-TP-EP-000501,542020041221088+20250827131243+Fiji-Nadi-LTE-DL-D!20250827120629,Fiji-Nadi-LTE-DL-D,2025-08-27 02:06:10+02:00,2025-08-27 02:06:10+02:00,1,-17.77932495,177.38104846,-17.77932495,177.38104846,ECI:3624007.0,3624007.0,153.0,9310.0,28.0,60.30379,60.30379,145.3303002918025,85.02651029180251,0.4149429945367112,68.29,68.29,60.64,60.64,77.64,77.64,0,1,0,1,sudden_drop,ml_hgb_strict_causal_temporal_underperformance,temporal,statistical_only_retained,0.0,1.0,1.0,1.0,0.0,1.0,0.5584143030949554,0.0,1.0,1,0,False,22.25,51.04,68.23,58.78,Medium,High,True,False,,True,priority_and_confidence_gate,Medium,INC-000354,"new:gap=19.0s,dist=86.5633783253385m,cell=True,family=True"
LTE-TP-EP-000503,542020041221088+20250827131523+Fiji-Nadi-LTE-DL-D!20250827120845,Fiji-Nadi-LTE-DL-D,2025-08-27 02:07:01+02:00,2025-08-27 02:07:01+02:00,1,-17.78142541,177.3855024,-17.78142541,177.3855024,ECI:3623987.0,3623987.0,153.0,40790.0,41.0,2.510336,2.510336,49.4498,46.939464,0.050765341821402715,79.31,79.31,77.37,77.37,81.69,81.69,0,1,0,1,ca_underperformance,normal,capability,statistical_only_retained,0.0,1.0,1.0,1.0,0.0,1.0,13.610181753451398,0.0,1.0,1,0,False,22.25,63.59,71.27,67.04,High,High,True,False,,True,priority_and_confidence_gate,High,INC-000355,new_session_or_first_episode
LTE-TP-EP-000504,542020041221088+20250827131523+Fiji-Nadi-LTE-DL-D!20250827120845,Fiji-Nadi-LTE-DL-D,2025-08-27 02:07:06+02:00,2025-08-27 02:07:07+02:00,2,-17.7819875,177.3860465,-17.782077,177.3861333,ECI:3623987.0,3623987.0,153.0,40790.0,41.0,0.004032,0.016476,20.457876,20.453844,0.00019708790883276448,78.34,78.315,76.17,76.125,81.0,81.0,0,2,0,2,rolling_local_drop,normal,temporal,statistical_only_retained,1.0,2.0,2.0,1.0,0.0,2.0,27.45846947692354,0.0,1.0,2,0,False,29.5,64.49,70.75,67.31,High,High,True,False,,True,priority_and_confidence_gate,High,INC-000356,"new:gap=5.0s,dist=85.00278086653705m,cell=True,family=False"
LTE-TP-EP-000505,542020041221088+20250827131523+Fiji-Nadi-LTE-DL-D!20250827120845,Fiji-Nadi-LTE-DL-D,2025-08-27 02:07:12+02:00,2025-08-27 02:07:13+02:00,2,-17.7825266,177.3865496,-17.782619,177.3866351,ECI:1066812.0,1066812.0,153.0,40790.0,41.0,0.550064,3.321568,,,,78.4,74.975,78.67,77.87,80.02,71.43,0,2,0,2,radio_limited_degradation,normal,radio,statistical_only_retained,1.0,2.0,2.0,1.0,0.0,2.0,27.154329587781703,0.0,1.0,2,2,True,29.5,66.18,67.87,66.94,High,High,True,False,,True,priority_and_confidence_gate,High,INC-000357,"new:gap=5.0s,dist=66.65045059599977m,cell=False,family=False"
LTE-TP-EP-000506,542020041221088+20250827131523+Fiji-Nadi-LTE-DL-D!20250827120845,Fiji-Nadi-LTE-DL-D,2025-08-27 02:07:14+02:00,2025-08-27 02:07:14+02:00,1,-17.7827109,177.3867214,-17.7827109,177.3867214,ECI:1066783.0,1066783.0,157.0,40790.0,41.0,1.685544,1.685544,,,,74.0,74.0,73.1,73.1,75.09,75.09,0,1,0,1,radio_limited_degradation,normal,radio,statistical_only_retained,0.0,1.0,1.0,1.0,0.0,1.0,13.708431180511585,0.0,1.0,1,1,True,22.25,60.39,66.32,63.06,High,High,True,False,,True,priority_and_confidence_gate,Medium,INC-000358,"new:gap=1.0s,dist=13.708431179778607m,cell=False,family=True"
LTE-TP-EP-000509,542020041221088+20250827131523+Fiji-Nadi-LTE-DL-D!20250827120845,Fiji-Nadi-LTE-DL-D,2025-08-27 02:07:31+02:00,2025-08-27 02:07:31+02:00,1,-17.78366831,177.38833223,-17.78366831,177.38833223,ECI:1069126.0,1069126.0,138.0,1850.0,3.0,0.651152,0.651152,,,,71.71,71.71,76.72,76.72,65.58,65.58,0,1,0,0,radio_limited_degradation,normal,radio,statistical_only_retained,0.0,1.0,1.0,1.0,0.0,1.0,13.427547972367464,0.0,0.0,0,1,True,22.25,63.1,49.18,56.84,High,Medium,True,False,,True,priority_and_confidence_gate,Medium,INC-000359,"new:gap=17.0s,dist=201.05625233388278m,cell=False,family=True"
LTE-TP-EP-000511,542020041221088+20250827131523+Fiji-Nadi-LTE-DL-D!20250827120845,Fiji-Nadi-LTE-DL-D,2025-08-27 02:07:53+02:00,2025-08-27 02:07:54+02:00,2,-17.7849366,177.39099202,-17.78501106,177.39111244,ECI:1069126.0,1069126.0,138.0,9310.0,28.0,0.4584,2.163308,,,,80.8,79.33500000000001,98.4,92.43,67.38,63.334999999999994,0,2,0,2,radio_limited_degradation,normal,radio,statistical_only_retained,1.0,2.0,2.0,1.0,0.0,2.0,29.347643032889625,0.0,1.0,2,2,True,29.5,79.68,59.52,70.61,High,Medium,True,False,,True,priority_and_confidence_gate,High,INC-000360,"new:gap=22.0s,dist=314.9601872510285m,cell=True,family=True"
LTE-TP-EP-000512,542020041221088+20250827131523+Fiji-Nadi-LTE-DL-D!20250827120845,Fiji-Nadi-LTE-DL-D,2025-08-27 02:07:55+02:00,2025-08-27 02:07:56+02:00,2,-17.78506953,177.39123267,-17.78513296,177.39134484,ECI:1067079.0,1067079.0,137.0,9310.0,28.0,2.000736,2.9719759999999997,,,,84.29,81.185,93.0,89.6,73.64,70.9,0,2,0,2,rb_efficiency_underperformance,normal,radio,statistical_only_retained,1.0,2.0,2.0,1.0,0.0,2.0,28.107325228040118,0.0,1.0,2,2,True,29.5,76.28,64.54,71.0,High,High,True,False,,True,priority_and_confidence_gate,High,INC-000361,"new:gap=1.0s,dist=14.294235544792928m,cell=False,family=True"
LTE-TP-EP-000514,542020041221088+20250827131523+Fiji-Nadi-LTE-DL-D!20250827120845,Fiji-Nadi-LTE-DL-D,2025-08-27 02:08:11+02:00,2025-08-27 02:08:17+02:00,6,-17.78637219,177.39254185,-17.78694,177.39289522,ECI:1069086.0,1069086.0,138.0,1850.0,3.0,0.013576,1.138568,,,,80.64,70.77,99.95,91.435,57.03,45.51333333333333,0,6,0,6,radio_limited_degradation,normal,radio,statistical_only_retained,6.0,7.0,6.0,0.8571428571428571,1.0,3.0,63.59970375174709,0.0,1.0,6,6,True,38.36,82.42,49.89,67.79,Critical,Medium,True,True,critical_impact_with_verified_direct_evidence,True,critical_verified_direct_evidence_override,High,INC-000362,"new:gap=15.0s,dist=187.21875654410204m,cell=False,family=True"
LTE-TP-EP-000516,542020041221088+20250827131523+Fiji-Nadi-LTE-DL-D!20250827120845,Fiji-Nadi-LTE-DL-D,2025-08-27 02:08:25+02:00,2025-08-27 02:08:31+02:00,7,-17.78774048,177.3934048,-17.7884619,177.3939044,ECI:1069086.0,1069086.0,138.0,1850.0,3.0,1.438352,4.258464,,,,69.12,64.67428571428572,94.97,85.07714285714285,49.58,39.73428571428571,0,7,0,7,radio_limited_degradation,normal,radio,statistical_only_retained,6.0,7.0,7.0,1.0,0.0,7.0,111.23846071278221,0.0,1.0,7,7,True,65.75,85.19,44.72,66.98,Critical,Medium,True,True,critical_impact_with_verified_direct_evidence,True,critical_verified_direct_evidence_override,High,INC-000363,"new:gap=8.0s,dist=104.08519813475887m,cell=True,family=True"
LTE-TP-EP-000517,542020041221088+20250827131523+Fiji-Nadi-LTE-DL-D!20250827120845,Fiji-Nadi-LTE-DL-D,2025-08-27 02:08:32+02:00,2025-08-27 02:08:34+02:00,3,-17.7885808,177.3939766,-17.78869387,177.39402399,ECI:3623997.0,3623997.0,153.0,41186.0,41.0,0.00536,0.25764,,,,80.4,72.92666666666666,99.98,98.21999999999998,56.48,42.01333333333333,0,3,0,3,radio_limited_degradation,normal,radio,statistical_only_retained,2.0,3.0,3.0,1.0,0.0,3.0,28.841693023462764,0.0,1.0,3,3,True,36.75,83.73,48.74,67.99,Critical,Medium,True,True,critical_impact_with_verified_direct_evidence,True,critical_verified_direct_evidence_override,High,INC-000364,"new:gap=1.0s,dist=15.272036004418352m,cell=False,family=True"
LTE-TP-EP-000518,542020041221088+20250827131523+Fiji-Nadi-LTE-DL-D!20250827120845,Fiji-Nadi-LTE-DL-D,2025-08-27 02:08:35+02:00,2025-08-27 02:08:35+02:00,1,-17.78880753,177.39409976,-17.78880753,177.39409976,ECI:1069126.0,1069126.0,153.0,41186.0,41.0,0.0782,0.0782,,,,82.54,82.54,99.73,99.73,61.53,61.53,0,1,0,1,radio_limited_degradation,normal,radio,statistical_only_retained,0.0,1.0,1.0,1.0,0.0,1.0,14.969617403203229,0.0,1.0,1,1,True,22.25,80.36,56.15,69.46,Critical,Medium,True,True,critical_impact_with_verified_direct_evidence,True,critical_verified_direct_evidence_override,High,INC-000365,"new:gap=1.0s,dist=14.969617403498825m,cell=False,family=True"
LTE-TP-EP-000520,542020041221088+20250827131523+Fiji-Nadi-LTE-DL-D!20250827120845,Fiji-Nadi-LTE-DL-D,2025-08-27 02:08:40+02:00,2025-08-27 02:08:41+02:00,2,-17.7895446,177.3944604,-17.7896648,177.3945128,ECI:1069126.0,1069126.0,138.0,1850.0,3.0,4.47484,5.703612,,,,69.12,65.205,84.34,80.03999999999999,61.02,47.07,0,2,0,2,radio_limited_degradation,normal,radio,statistical_only_retained,1.0,2.0,2.0,1.0,0.0,2.0,29.917072702530156,0.0,1.0,2,2,True,29.5,69.56,52.28,61.78,High,Medium,True,False,,True,priority_and_confidence_gate,Medium,INC-000366,"new:gap=5.0s,dist=90.41695308809624m,cell=True,family=True"
LTE-TP-EP-000521,542020041221088+20250827131624+Fiji-Nadi-LTE-DL-D!20250827121056,Fiji-Nadi-LTE-DL-D,2025-08-27 02:08:56+02:00,2025-08-27 02:08:57+02:00,2,-17.79142605,177.39519718,-17.79157416,177.39521731,ECI:1069086.0,1069086.0,138.0,1850.0,3.0,1.308672,3.6102679999999996,,,,71.08,67.125,95.42,87.36500000000001,43.45,42.395,0,2,0,2,radio_limited_degradation,normal,radio,statistical_only_retained,1.0,2.0,2.0,1.0,0.0,2.0,30.055359608716916,0.0,1.0,2,2,True,29.5,76.93,42.32,61.36,High,Medium,True,False,,True,priority_and_confidence_gate,Medium,INC-000367,new_session_or_first_episode
LTE-TP-EP-000525,542020041221088+20250827131624+Fiji-Nadi-LTE-DL-D!20250827121056,Fiji-Nadi-LTE-DL-D,2025-08-27 02:09:21+02:00,2025-08-27 02:09:24+02:00,4,-17.79462156,177.39535647,-17.79491051,177.39560974,ECI:1069126.0,1069126.0,138.0,9310.0,28.0,1.891296,2.661868,,,,73.14,68.93,93.38,90.0925,48.41,43.065,0,4,0,4,radio_limited_degradation,normal,radio,statistical_only_retained,3.0,4.0,4.0,1.0,0.0,4.0,56.228899500715244,0.0,1.0,4,4,True,44.0,80.21,44.97,64.35,Critical,Medium,True,True,critical_impact_with_verified_direct_evidence,True,critical_verified_direct_evidence_override,Medium,INC-000368,"new:gap=24.0s,dist=339.17605361707285m,cell=False,family=True"
LTE-TP-EP-000530,542020041221088+20250827131624+Fiji-Nadi-LTE-DL-D!20250827121056,Fiji-Nadi-LTE-DL-D,2025-08-27 02:10:16+02:00,2025-08-27 02:10:16+02:00,1,-17.7965673,177.4015977,-17.7965673,177.4015977,ECI:1067720.0,1067720.0,363.0,9310.0,28.0,0.962048,0.962048,,,,87.73,87.73,96.63,96.63,76.86,76.86,0,1,0,1,rb_efficiency_underperformance,normal,radio,statistical_only_retained,0.0,1.0,1.0,1.0,0.0,1.0,11.334949414660572,0.0,1.0,1,1,True,22.25,78.04,67.64,73.36,High,High,True,False,,True,priority_and_confidence_gate,High,INC-000369,"new:gap=52.0s,dist=660.1979940698602m,cell=False,family=True"
LTE-TP-EP-000531,542020041221088+20250827131624+Fiji-Nadi-LTE-DL-D!20250827121056,Fiji-Nadi-LTE-DL-D,2025-08-27 02:10:19+02:00,2025-08-27 02:10:20+02:00,2,-17.7965933,177.401934,-17.79658941,177.40193515,ECI:1073736.0,1073736.0,363.0,9310.0,28.0,3.997808,5.28826,15.125920396036761,11.128112396036762,0.26430180083768595,69.79,63.68000000000001,76.97,61.06,72.76,66.89,0,2,0,2,rb_efficiency_underperformance,normal,radio,statistical_only_retained,1.0,2.0,2.0,1.0,0.0,2.0,25.04949420794959,0.0,1.0,2,1,True,29.5,61.12,63.1,62.01,High,High,True,False,,True,priority_and_confidence_gate,Medium,INC-000370,"new:gap=3.0s,dist=35.72265183188613m,cell=False,family=True"
LTE-TP-EP-000533,542020041221088+20250827131624+Fiji-Nadi-LTE-DL-D!20250827121056,Fiji-Nadi-LTE-DL-D,2025-08-27 02:10:25+02:00,2025-08-27 02:10:27+02:00,3,-17.7966666,177.4026268,-17.7966813,177.4028619,ECI:1073726.0,1073726.0,363.0,40790.0,41.0,1.014904,5.451696,49.4498,43.454536000000004,0.12123939833932593,81.46,76.67666666666666,96.45,81.51,82.12,70.76333333333334,0,3,0,3,ca_underperformance,normal,radio,statistical_only_retained,2.0,3.0,3.0,1.0,0.0,3.0,37.0214460339495,0.0,1.0,3,2,True,36.75,77.79,68.75,73.72,High,High,True,False,,True,priority_and_confidence_gate,High,INC-000371,"new:gap=5.0s,dist=73.72913060866506m,cell=False,family=True"
LTE-TP-EP-000534,542020041221088+20250827131624+Fiji-Nadi-LTE-DL-D!20250827121056,Fiji-Nadi-LTE-DL-D,2025-08-27 02:10:32+02:00,2025-08-27 02:10:35+02:00,4,-17.7966905,177.4034138,-17.7966886,177.4037632,ECI:1067573.0,1067573.0,151.0,41384.0,41.0,0.0158,0.32463600000000004,,,,81.64,78.41499999999999,99.94,96.7875,60.23,55.9625,0,4,0,4,radio_limited_degradation,normal,radio,statistical_only_retained,3.0,4.0,4.0,1.0,0.0,4.0,60.60922280309293,0.0,1.0,4,4,True,44.0,85.17,54.11,71.19,Critical,Medium,True,True,critical_impact_with_verified_direct_evidence,True,critical_verified_direct_evidence_override,High,INC-000372,"new:gap=5.0s,dist=58.44085367976321m,cell=False,family=True"
LTE-TP-EP-000535,542020041221088+20250827131624+Fiji-Nadi-LTE-DL-D!20250827121056,Fiji-Nadi-LTE-DL-D,2025-08-27 02:10:36+02:00,2025-08-27 02:10:36+02:00,1,-17.7966871,177.4038782,-17.7966871,177.4038782,ECI:1073736.0,1073736.0,151.0,41384.0,41.0,0.001608,0.001608,,,,80.33,80.33,99.99,99.99,56.3,56.3,0,1,0,1,radio_limited_degradation,normal,radio,statistical_only_retained,0.0,1.0,1.0,1.0,0.0,1.0,12.176660335540651,0.0,1.0,1,1,True,22.25,80.55,52.22,67.81,Critical,Medium,True,True,critical_impact_with_verified_direct_evidence,True,critical_verified_direct_evidence_override,High,INC-000373,"new:gap=1.0s,dist=12.17666033555513m,cell=False,family=True"
LTE-TP-EP-000536,542020041221088+20250827131624+Fiji-Nadi-LTE-DL-D!20250827121056,Fiji-Nadi-LTE-DL-D,2025-08-27 02:10:37+02:00,2025-08-27 02:10:37+02:00,1,-17.7966888,177.4039935,-17.7966888,177.4039935,ECI:1069087.0,1069087.0,363.0,9310.0,28.0,2.288296,2.288296,,,,83.43,83.43,91.99,91.99,72.97,72.97,0,1,0,1,rb_efficiency_underperformance,normal,radio,statistical_only_retained,0.0,1.0,1.0,1.0,0.0,1.0,12.208743656657909,0.0,1.0,1,1,True,22.25,74.55,64.73,70.13,High,High,True,False,,True,priority_and_confidence_gate,High,INC-000374,"new:gap=1.0s,dist=12.208743658163035m,cell=False,family=True"
LTE-TP-EP-000537,542020041221088+20250827131624+Fiji-Nadi-LTE-DL-D!20250827121056,Fiji-Nadi-LTE-DL-D,2025-08-27 02:10:38+02:00,2025-08-27 02:10:38+02:00,1,-17.7966899,177.4041092,-17.7966899,177.4041092,ECI:1066271.0,1066271.0,487.0,1850.0,3.0,4.759032,4.759032,,,,67.53,67.53,83.34,83.34,48.21,48.21,0,1,0,1,radio_limited_degradation,normal,radio,statistical_only_retained,0.0,1.0,1.0,1.0,0.0,1.0,12.250240333330927,0.0,1.0,1,1,True,22.25,68.07,46.16,58.21,High,Medium,True,False,,True,priority_and_confidence_gate,Medium,INC-000375,"new:gap=1.0s,dist=12.25024033323213m,cell=False,family=True"
LTE-TP-EP-000538,542020041221088+20250827131624+Fiji-Nadi-LTE-DL-D!20250827121056,Fiji-Nadi-LTE-DL-D,2025-08-27 02:10:40+02:00,2025-08-27 02:10:41+02:00,2,-17.7966916,177.4043424,-17.7966951,177.4044682,ECI:1069383.0,1069383.0,135.0,1850.0,3.0,0.000288,0.001188,,,,81.84,81.45,100.0,99.995,59.66,58.785,0,2,0,2,radio_limited_degradation,normal,radio,statistical_only_retained,1.0,2.0,2.0,1.0,0.0,2.0,25.637841432520922,0.0,1.0,2,2,True,29.5,82.37,54.53,69.84,Critical,Medium,True,True,critical_impact_with_verified_direct_evidence,True,critical_verified_direct_evidence_override,High,INC-000376,"new:gap=2.0s,dist=24.690556124685255m,cell=False,family=True"
LTE-TP-EP-000542,542020041221088+20250827131624+Fiji-Nadi-LTE-DL-D!20250827121056,Fiji-Nadi-LTE-DL-D,2025-08-27 02:10:52+02:00,2025-08-27 02:10:53+02:00,2,-17.7967057,177.4056573,-17.7967053,177.4057636,ECI:1073736.0,1073736.0,151.0,9310.0,28.0,1.402016,2.438124,,,,87.67,75.445,95.09,91.465,78.61,55.864999999999995,0,2,0,2,radio_limited_degradation,normal,radio,statistical_only_retained,1.0,2.0,2.0,1.0,0.0,2.0,22.62551012781763,0.0,1.0,2,2,True,29.5,77.79,63.27,71.25,High,High,True,False,,True,priority_and_confidence_gate,High,INC-000377,"new:gap=11.0s,dist=125.90036405334838m,cell=False,family=True"
LTE-TP-EP-000543,542020041221088+20250827131624+Fiji-Nadi-LTE-DL-D!20250827121056,Fiji-Nadi-LTE-DL-D,2025-08-27 02:10:54+02:00,2025-08-27 02:10:56+02:00,3,-17.7967066,177.405875,-17.79670868,177.40599489,ECI:1069077.0,1069077.0,140.0,500.0,1.0,1.028504,5.916944,10.611833298732046,9.583329298732046,0.09692048216804261,69.0,65.98666666666666,79.29,70.89,74.76,59.99333333333334,0,3,0,2,rb_efficiency_underperformance,normal,radio,statistical_only_retained,2.0,3.0,3.0,1.0,0.0,3.0,24.49060682570668,0.0,0.6666666666666666,2,2,True,36.75,66.56,59.04,63.18,High,Medium,True,False,,True,priority_and_confidence_gate,Medium,INC-000378,"new:gap=1.0s,dist=11.795255898004495m,cell=False,family=True"
LTE-TP-EP-000544,542020041221088+20250827131704+Fiji-Nadi-LTE-DL-D!20250827121308,Fiji-Nadi-LTE-DL-D,2025-08-27 02:11:05+02:00,2025-08-27 02:11:05+02:00,1,-17.7968201,177.4069989,-17.7968201,177.4069989,EARFCN:40988.0|PCI:363.0,,363.0,40988.0,41.0,2.93192,2.93192,32.41143,29.479510000000005,0.09045944594237279,74.7,74.7,65.8,65.8,85.58,85.58,0,1,0,1,ca_underperformance,normal,capability,statistical_only_retained,0.0,1.0,1.0,1.0,0.0,1.0,,0.0,1.0,1,0,False,22.25,54.91,74.18,63.59,Medium,High,True,False,,True,priority_and_confidence_gate,Medium,INC-000379,new_session_or_first_episode
LTE-TP-EP-000545,542020041221088+20250827131704+Fiji-Nadi-LTE-DL-D!20250827121308,Fiji-Nadi-LTE-DL-D,2025-08-27 02:11:11+02:00,2025-08-27 02:11:11+02:00,1,-17.796831,177.4070945,-17.796831,177.4070945,ECI:1069080.0,1069080.0,140.0,356.0,1.0,6.260104,6.260104,,,,71.23,71.23,78.09,78.09,62.84,62.84,0,1,0,1,rb_efficiency_underperformance,normal,radio,statistical_only_retained,0.0,1.0,1.0,1.0,0.0,1.0,0.23398202856850278,0.0,1.0,1,1,True,22.25,64.13,57.13,60.98,High,Medium,True,False,,True,priority_and_confidence_gate,Medium,INC-000380,"new:gap=6.0s,dist=10.193863200960378m,cell=False,family=False"
LTE-TP-EP-000546,542020041221088+20250827131704+Fiji-Nadi-LTE-DL-D!20250827121308,Fiji-Nadi-LTE-DL-D,2025-08-27 02:11:12+02:00,2025-08-27 02:11:24+02:00,13,-17.7968314,177.4070947,-17.7968348,177.4070945,ECI:1065268.0,1065268.0,146.0,41186.0,41.0,0.059912,0.205632,,,,78.59,72.59461538461538,99.79,97.87384615384616,53.12,41.69923076923077,0,13,0,13,radio_limited_degradation,normal,radio,statistical_only_retained,12.0,13.0,13.0,1.0,0.0,13.0,0.8291695464047296,0.0,1.0,13,13,True,91.25,97.18,46.98,74.59,Critical,Medium,True,True,critical_impact_with_verified_direct_evidence,True,critical_verified_direct_evidence_override,High,INC-000381,"new:gap=1.0s,dist=0.04926121479565614m,cell=False,family=True"
LTE-TP-EP-000547,542020041221088+20250827131704+Fiji-Nadi-LTE-DL-D!20250827121308,Fiji-Nadi-LTE-DL-D,2025-08-27 02:11:25+02:00,2025-08-27 02:11:25+02:00,1,-17.7968347,177.4070942,-17.7968347,177.4070942,ECI:1069080.0,1069080.0,140.0,356.0,1.0,0.180552,0.180552,,,,78.72,78.72,99.37,99.37,53.48,53.48,0,1,0,1,radio_limited_degradation,normal,radio,statistical_only_retained,0.0,1.0,1.0,1.0,0.0,1.0,0.0336523488790378,0.0,1.0,1,1,True,22.25,80.09,50.11,66.6,Critical,Medium,True,True,critical_impact_with_verified_direct_evidence,True,critical_verified_direct_evidence_override,High,INC-000382,"new:gap=1.0s,dist=0.03365234804104194m,cell=False,family=True"
LTE-TP-EP-000548,542020041221088+20250827131704+Fiji-Nadi-LTE-DL-D!20250827121308,Fiji-Nadi-LTE-DL-D,2025-08-27 02:11:26+02:00,2025-08-27 02:11:37+02:00,7,-17.7968346,177.4070939,-17.7968345,177.4070941,ECI:1073736.0,1073736.0,363.0,9310.0,28.0,2.134176,7.097488,17.030565456649448,11.673429456649448,0.31456007809231895,87.67,59.23142857142857,92.53,71.96571428571428,81.74,43.667142857142856,0,7,0,2,radio_limited_degradation,normal,radio,statistical_only_retained,11.0,12.0,7.0,0.5833333333333334,5.0,3.0,0.12455330849781451,0.0,0.2857142857142857,2,6,True,35.5,73.13,54.64,64.81,High,Medium,True,False,,True,priority_and_confidence_gate,Medium,INC-000383,"new:gap=1.0s,dist=0.03365234533458927m,cell=False,family=True"
LTE-TP-EP-000549,542020041221088+20250827131704+Fiji-Nadi-LTE-DL-D!20250827121308,Fiji-Nadi-LTE-DL-D,2025-08-27 02:11:41+02:00,2025-08-27 02:11:43+02:00,3,-17.7968344,177.407094,-17.7968343,177.407094,ECI:1073726.0,1073726.0,363.0,40790.0,41.0,0.346288,2.864464,49.4498,46.585336000000005,0.057926705466958404,79.57,71.13666666666666,98.79,83.83333333333333,83.54,55.623333333333335,0,3,0,3,radio_limited_degradation,normal,radio,statistical_only_retained,2.0,3.0,3.0,1.0,0.0,3.0,0.011119508138052268,0.0,1.0,3,2,True,36.75,79.54,65.68,73.3,High,High,True,False,,True,priority_and_confidence_gate,High,INC-000384,"new:gap=4.0s,dist=0.015353710980487607m,cell=False,family=True"
LTE-TP-EP-000550,542020041221088+20250827131704+Fiji-Nadi-LTE-DL-D!20250827121308,Fiji-Nadi-LTE-DL-D,2025-08-27 02:11:45+02:00,2025-08-27 02:11:46+02:00,2,-17.7968343,177.4070941,-17.7968343,177.4070941,ECI:1073729.0,1073729.0,363.0,40988.0,41.0,4.708304,5.194608000000001,32.41143,27.703126000000005,0.14526677780030067,61.99,60.16,59.49,57.765,65.05,63.09,0,2,0,2,ca_underperformance,normal,capability,statistical_only_retained,1.0,2.0,2.0,1.0,0.0,2.0,0.0,0.0,1.0,2,0,False,29.5,51.56,58.3,54.59,Medium,Medium,True,False,,True,priority_and_confidence_gate,Medium,INC-000385,"new:gap=2.0s,dist=0.010587397588342163m,cell=False,family=False"
LTE-TP-EP-000551,542020041221088+20250827131704+Fiji-Nadi-LTE-DL-D!20250827121308,Fiji-Nadi-LTE-DL-D,2025-08-27 02:11:53+02:00,2025-08-27 02:11:53+02:00,1,-17.7968343,177.4070941,-17.7968343,177.4070941,ECI:1073729.0,1073729.0,363.0,40790.0,41.0,4.048632,4.048632,,,,85.79,85.79,85.83,85.83,85.74,85.74,0,1,0,1,rb_efficiency_underperformance,normal,radio,statistical_only_retained,0.0,1.0,1.0,1.0,0.0,1.0,0.0,0.0,1.0,1,1,True,22.25,69.94,74.3,71.9,High,High,True,False,,True,priority_and_confidence_gate,High,INC-000386,"new:gap=7.0s,dist=0.0m,cell=True,family=False"
LTE-TP-EP-000553,542020041221088+20250827131704+Fiji-Nadi-LTE-DL-D!20250827121308,Fiji-Nadi-LTE-DL-D,2025-08-27 02:11:57+02:00,2025-08-27 02:11:59+02:00,3,-17.7968343,177.4070941,-17.7968343,177.4070941,ECI:1073726.0,1073726.0,363.0,40790.0,41.0,3.559904,4.3462,49.4498,45.889896,0.07199026083017525,76.84,68.26666666666667,84.79,75.28666666666668,79.94,59.68333333333334,0,3,0,3,ca_underperformance,normal,capability,statistical_only_retained,2.0,3.0,3.0,1.0,0.0,3.0,0.0021174785203122138,0.0,1.0,3,1,True,36.75,70.4,64.89,67.92,High,High,True,False,,True,priority_and_confidence_gate,High,INC-000387,"new:gap=4.0s,dist=0.0m,cell=False,family=False"
LTE-TP-EP-000554,542020041221088+20250827131704+Fiji-Nadi-LTE-DL-D!20250827121308,Fiji-Nadi-LTE-DL-D,2025-08-27 02:12:03+02:00,2025-08-27 02:12:04+02:00,2,-17.7968343,177.4070941,-17.7968343,177.4070941,ECI:1073736.0,1073736.0,146.0,9310.0,28.0,0.722872,3.56418,20.061670087079676,13.656182087079676,0.3192898683009112,75.39,64.295,97.47,68.83500000000001,69.08,58.745,0,2,0,2,radio_limited_degradation,normal,radio,statistical_only_retained,1.0,2.0,2.0,1.0,0.0,2.0,0.0,0.0,1.0,2,1,True,29.5,73.32,59.23,66.98,High,Medium,True,False,,True,priority_and_confidence_gate,High,INC-000388,"new:gap=4.0s,dist=0.0m,cell=False,family=False"
LTE-TP-EP-000555,542020041221088+20250827131704+Fiji-Nadi-LTE-DL-D!20250827121308,Fiji-Nadi-LTE-DL-D,2025-08-27 02:12:06+02:00,2025-08-27 02:12:07+02:00,2,-17.7968343,177.4070941,-17.7968343,177.4070941,ECI:1073726.0,1073726.0,363.0,40790.0,41.0,6.428536,10.217748,49.4498,43.021264,0.13000125379677976,70.09,60.49,65.89,54.79,75.22,67.46000000000001,0,2,0,2,ca_underperformance,normal,capability,statistical_only_retained,1.0,2.0,2.0,1.0,0.0,2.0,0.0,0.0,1.0,2,0,False,29.5,54.02,64.48,58.72,Medium,High,True,False,,True,priority_and_confidence_gate,Medium,INC-000389,"new:gap=2.0s,dist=0.0m,cell=False,family=False"
LTE-TP-EP-000556,542020041221088+20250827131704+Fiji-Nadi-LTE-DL-D!20250827121308,Fiji-Nadi-LTE-DL-D,2025-08-27 02:12:09+02:00,2025-08-27 02:12:10+02:00,2,-17.7968343,177.4070941,-17.7968343,177.4070941,ECI:1065268.0,1065268.0,146.0,41186.0,41.0,0.591432,0.743784,,,,80.73,74.45500000000001,97.93,97.39500000000001,59.71,46.415,0,2,0,2,radio_limited_degradation,normal,radio,statistical_only_retained,1.0,2.0,2.0,1.0,0.0,2.0,0.0,0.0,1.0,2,2,True,29.5,80.69,51.46,67.54,Critical,Medium,True,True,critical_impact_with_verified_direct_evidence,True,critical_verified_direct_evidence_override,High,INC-000390,"new:gap=2.0s,dist=0.0m,cell=False,family=False"
LTE-TP-EP-000557,542020041221088+20250827131704+Fiji-Nadi-LTE-DL-D!20250827121308,Fiji-Nadi-LTE-DL-D,2025-08-27 02:12:11+02:00,2025-08-27 02:12:12+02:00,2,-17.7968343,177.4070941,-17.7968343,177.4070941,ECI:1073729.0,1073729.0,146.0,40988.0,41.0,0.653016,2.019032,32.41143,29.026382,0.1044399460313846,69.02,67.83500000000001,97.71,80.94999999999999,69.66,51.805,0,2,0,2,ca_underperformance,normal,capability,statistical_only_retained,1.0,2.0,2.0,1.0,0.0,2.0,0.0,0.0,1.0,2,1,True,29.5,76.47,57.78,68.06,High,Medium,True,False,,True,priority_and_confidence_gate,High,INC-000391,"new:gap=1.0s,dist=0.0m,cell=False,family=False"
LTE-TP-EP-000559,542020041221088+20250827131704+Fiji-Nadi-LTE-DL-D!20250827121308,Fiji-Nadi-LTE-DL-D,2025-08-27 02:12:18+02:00,2025-08-27 02:12:18+02:00,1,-17.7968343,177.4070942,-17.7968343,177.4070942,ECI:1073736.0,1073736.0,135.0,500.0,1.0,5.786424,5.786424,43.970293999999996,38.18387,0.13159848328510154,65.08,65.08,64.18,64.18,66.19,66.19,0,1,0,1,ca_underperformance,normal,capability,statistical_only_retained,0.0,1.0,1.0,1.0,0.0,1.0,0.0063524382548405586,0.0,1.0,1,0,False,22.25,53.7,59.64,56.37,Medium,Medium,True,False,,True,priority_and_confidence_gate,Medium,INC-000392,"new:gap=6.0s,dist=0.010587397588342163m,cell=False,family=True"
LTE-TP-EP-000560,542020041221088+20250827131704+Fiji-Nadi-LTE-DL-D!20250827121308,Fiji-Nadi-LTE-DL-D,2025-08-27 02:12:19+02:00,2025-08-27 02:12:20+02:00,2,-17.79683431,177.40709416,-17.7968343,177.4070942,ECI:1073726.0,1073726.0,363.0,9310.0,28.0,6.013592,7.269088,49.4498,43.436208,0.1216100368454473,69.83,67.94,70.16,68.63499999999999,73.16,67.09,0,2,0,2,ca_underperformance,normal,capability,statistical_only_retained,1.0,2.0,2.0,1.0,0.0,2.0,0.008757007704279946,0.0,1.0,2,1,True,29.5,59.61,63.35,61.3,High,High,True,False,,True,priority_and_confidence_gate,Medium,INC-000393,"new:gap=1.0s,dist=0.004378503453083078m,cell=False,family=True"
LTE-TP-EP-000561,542020041221088+20250827131704+Fiji-Nadi-LTE-DL-D!20250827121308,Fiji-Nadi-LTE-DL-D,2025-08-27 02:12:22+02:00,2025-08-27 02:12:23+02:00,2,-17.7968369,177.4071029,-17.796838,177.407111,ECI:1069080.0,1069080.0,140.0,356.0,1.0,7.3006,8.527156,49.4498,39.696088,0.19724472090888132,58.35,57.29,74.45,65.3,61.04,47.495000000000005,0,2,0,2,ca_underperformance,normal,capability,statistical_only_retained,1.0,2.0,2.0,1.0,0.0,2.0,1.8316672339290114,0.0,1.0,2,1,True,29.5,60.92,52.39,57.09,High,Medium,True,False,,True,priority_and_confidence_gate,Medium,INC-000394,"new:gap=2.0s,dist=0.9654091851499121m,cell=False,family=True"
LTE-TP-EP-000562,542020041221088+20250827131704+Fiji-Nadi-LTE-DL-D!20250827121308,Fiji-Nadi-LTE-DL-D,2025-08-27 02:12:24+02:00,2025-08-27 02:12:25+02:00,2,-17.79683783,177.40710985,-17.7968445,177.4071549,ECI:1073736.0,1073736.0,140.0,356.0,1.0,0.498352,0.57152,6.566799869845296,5.9221118698452955,0.09817384613172138,76.73,71.14500000000001,98.26,77.345,76.73,63.575,0,2,0,2,radio_limited_degradation,normal,radio,statistical_only_retained,1.0,2.0,2.0,1.0,0.0,2.0,4.950156566588935,0.0,1.0,2,1,True,29.5,75.84,64.26,70.63,High,High,True,False,,True,priority_and_confidence_gate,High,INC-000395,"new:gap=1.0s,dist=0.12321374806430875m,cell=False,family=False"
LTE-TP-EP-000563,542020041221088+20250827131704+Fiji-Nadi-LTE-DL-D!20250827121308,Fiji-Nadi-LTE-DL-D,2025-08-27 02:12:29+02:00,2025-08-27 02:12:31+02:00,2,-17.7968805,177.4073999,-17.79690235,177.40750943,ECI:1073736.0,1073736.0,363.0,9310.0,28.0,1.53148,2.439964,,,,72.71,68.085,94.64,91.46000000000001,45.9,39.51,0,2,0,2,radio_limited_degradation,normal,radio,statistical_only_retained,2.0,3.0,2.0,0.6666666666666666,1.0,1.0,18.142696437830057,0.0,1.0,2,2,True,18.5,74.81,42.83,60.42,High,Medium,True,False,,True,priority_and_confidence_gate,Medium,INC-000395,"bridged:gap=4.0s,dist=26.246184831236697m,cell=True,family=True"
LTE-TP-EP-000564,542020041221088+20250827131704+Fiji-Nadi-LTE-DL-D!20250827121308,Fiji-Nadi-LTE-DL-D,2025-08-27 02:12:32+02:00,2025-08-27 02:12:33+02:00,2,-17.79692301,177.40759308,-17.79693897,177.40769222,ECI:1069077.0,1069077.0,140.0,500.0,1.0,1.931568,4.169264,,,,72.68,66.89500000000001,93.24,85.41,47.54,44.265,0,2,0,2,radio_limited_degradation,normal,radio,statistical_only_retained,1.0,2.0,2.0,1.0,0.0,2.0,19.794767546626026,0.0,1.0,2,2,True,29.5,75.35,44.84,61.62,High,Medium,True,False,,True,priority_and_confidence_gate,Medium,INC-000396,"new:gap=1.0s,dist=9.149456917723986m,cell=False,family=True"
LTE-TP-EP-000565,542020041221088+20250827131704+Fiji-Nadi-LTE-DL-D!20250827121308,Fiji-Nadi-LTE-DL-D,2025-08-27 02:12:35+02:00,2025-08-27 02:12:39+02:00,5,-17.7969991,177.4079898,-17.7970884,177.4084231,ECI:1069383.0,1069383.0,363.0,9310.0,28.0,1.79932,3.0592,,,,71.29,68.95,93.7,87.612,61.02,46.14,0,5,0,2,radio_limited_degradation,normal,radio,statistical_only_retained,4.0,5.0,5.0,1.0,0.0,5.0,58.05936205160212,0.0,0.4,2,5,True,51.25,81.57,46.04,65.58,Critical,Medium,True,True,critical_impact_with_verified_direct_evidence,True,critical_verified_direct_evidence_override,High,INC-000397,"new:gap=2.0s,dist=32.20760765213409m,cell=False,family=True"
LTE-TP-EP-000567,542020041221088+20250827131704+Fiji-Nadi-LTE-DL-D!20250827121308,Fiji-Nadi-LTE-DL-D,2025-08-27 02:12:42+02:00,2025-08-27 02:12:43+02:00,2,-17.79715794,177.40863929,-17.79719625,177.40876174,ECI:1065236.0,1065236.0,140.0,500.0,1.0,3.084,3.1137639999999998,43.970293999999996,40.82676599999999,0.0714920850881734,75.74,71.745,89.21,80.75999999999999,79.94,60.735,0,2,0,2,ca_underperformance,normal,capability,statistical_only_retained,1.0,2.0,2.0,1.0,0.0,2.0,26.057264299908972,0.0,1.0,2,1,True,29.5,72.17,65.15,69.01,High,High,True,False,,True,priority_and_confidence_gate,High,INC-000398,"new:gap=3.0s,dist=24.159708625939363m,cell=False,family=False"
LTE-TP-EP-000569,542020041221088+20250827131704+Fiji-Nadi-LTE-DL-D!20250827121308,Fiji-Nadi-LTE-DL-D,2025-08-27 02:12:45+02:00,2025-08-27 02:12:45+02:00,1,-17.79726905,177.40898352,-17.79726905,177.40898352,ECI:1073736.0,1073736.0,135.0,9310.0,28.0,5.427552,5.427552,,,,72.01,72.01,81.0,81.0,61.02,61.02,0,1,0,1,rb_efficiency_underperformance,normal,radio,statistical_only_retained,0.0,1.0,1.0,1.0,0.0,1.0,12.329549508308641,0.0,1.0,1,1,True,22.25,66.31,55.77,61.57,High,Medium,True,False,,True,priority_and_confidence_gate,Medium,INC-000399,"new:gap=2.0s,dist=24.836895097433867m,cell=False,family=False"
LTE-TP-EP-000570,542020041221088+20250827131704+Fiji-Nadi-LTE-DL-D!20250827121308,Fiji-Nadi-LTE-DL-D,2025-08-27 02:12:47+02:00,2025-08-27 02:12:48+02:00,2,-17.79730229,177.40908892,-17.7974078,177.409419,ECI:1065271.0,1065271.0,146.0,41384.0,41.0,3.839408,4.736052,,,,78.52,74.24,86.56,83.42500000000001,76.36,63.01,0,2,0,2,radio_limited_degradation,normal,radio,statistical_only_retained,1.0,2.0,2.0,1.0,0.0,2.0,48.61883855371069,0.0,1.0,2,2,True,29.5,71.51,63.93,68.1,High,High,True,False,,True,priority_and_confidence_gate,High,INC-000400,"new:gap=2.0s,dist=11.755280283727696m,cell=False,family=True"
LTE-TP-EP-000571,542020041221088+20250827131704+Fiji-Nadi-LTE-DL-D!20250827121308,Fiji-Nadi-LTE-DL-D,2025-08-27 02:12:49+02:00,2025-08-27 02:12:50+02:00,2,-17.79740797,177.4094138,-17.7974483,177.40953401,ECI:1073696.0,1073696.0,146.0,1850.0,3.0,0.001976,0.050628,,,,82.29,82.26,99.99,99.82,61.08,60.8,0,2,0,1,radio_limited_degradation,normal,radio,statistical_only_retained,1.0,2.0,2.0,1.0,0.0,2.0,14.044903281806283,0.0,0.5,1,2,True,29.5,82.32,50.74,68.11,Critical,Medium,True,True,critical_impact_with_verified_direct_evidence,True,critical_verified_direct_evidence_override,High,INC-000401,"new:gap=1.0s,dist=0.5508673675950155m,cell=False,family=True"
LTE-TP-EP-000575,542020041221088+20250827131944+Fiji-Nadi-LTE-DL-D!20250827121729,Fiji-Nadi-LTE-DL-D,2025-08-27 02:15:53+02:00,2025-08-27 02:15:53+02:00,1,-17.7976654,177.4157472,-17.7976654,177.4157472,ECI:1073715.0,1073715.0,362.0,41186.0,41.0,18.424185,18.424185,100.61148,82.187295,0.183122095013412,73.03,73.03,66.29,66.29,81.27,81.27,0,1,0,1,rb_conditioned_underperformance,ml_hgb_strict_causal_temporal_underperformance,capability,statistical_only_retained,0.0,1.0,1.0,1.0,0.0,1.0,0.7001791635031764,0.0,1.0,1,0,False,22.25,55.28,70.95,62.33,High,High,True,False,,True,priority_and_confidence_gate,Medium,INC-000402,new_session_or_first_episode
LTE-TP-EP-000577,542020041221088+20250827131944+Fiji-Nadi-LTE-DL-D!20250827121729,Fiji-Nadi-LTE-DL-D,2025-08-27 02:16:04+02:00,2025-08-27 02:16:04+02:00,1,-17.7979367,177.4160185,-17.7979367,177.4160185,ECI:1064754.0,1064754.0,146.0,41186.0,41.0,0.64104,0.64104,17.83817523223547,17.19713523223547,0.035936411188604814,70.97,70.97,68.07,68.07,74.52,74.52,0,1,0,1,sudden_drop,normal,temporal,statistical_only_retained,0.0,1.0,1.0,1.0,0.0,1.0,14.798965144222077,0.0,1.0,1,0,False,22.25,56.62,65.89,60.79,High,High,True,False,,True,priority_and_confidence_gate,Medium,INC-000403,"new:gap=11.0s,dist=41.65451227050244m,cell=False,family=False"
LTE-TP-EP-000581,542020041221088+20250827131944+Fiji-Nadi-LTE-DL-D!20250827121729,Fiji-Nadi-LTE-DL-D,2025-08-27 02:16:43+02:00,2025-08-27 02:16:44+02:00,2,-17.79970831,177.41769481,-17.7997165,177.4178572,ECI:1068064.0,1068064.0,143.0,1850.0,3.0,3.88128,4.7922519999999995,27.996896250000002,24.115616250000002,0.13863251002332086,64.69,61.18,59.12,55.625,71.49,67.96000000000001,0,2,0,2,ca_underperformance,normal,capability,statistical_only_retained,1.0,2.0,2.0,1.0,0.0,2.0,25.63057346213872,0.0,1.0,2,0,False,29.5,50.84,62.74,56.19,Medium,High,True,False,,True,priority_and_confidence_gate,Medium,INC-000404,"new:gap=39.0s,dist=265.14969857644286m,cell=False,family=False"
LTE-TP-EP-000585,542020041221088+20250827132124+Fiji-Nadi-LTE-DL-D!20250827121942,Fiji-Nadi-LTE-DL-D,2025-08-27 02:19:16+02:00,2025-08-27 02:19:17+02:00,2,-17.80428155,177.42360718,-17.8043178,177.4237208,ECI:1064765.0,1064765.0,148.0,40790.0,41.0,4.562416,23.6949445,74.61497601018664,41.23807285863898,0.09961500660138539,82.55,66.97,75.28,54.605000000000004,91.44,82.08,0,2,0,2,radio_limited_degradation,ml_hgb_strict_causal_temporal_underperformance,temporal,statistical_only_retained,1.0,2.0,2.0,1.0,0.0,2.0,19.181596336258036,0.0,1.0,2,2,True,29.5,58.67,76.24,66.57,High,High,True,False,,True,priority_and_confidence_gate,High,INC-000405,new_session_or_first_episode
LTE-TP-EP-000586,542020041221088+20250827132124+Fiji-Nadi-LTE-DL-D!20250827121942,Fiji-Nadi-LTE-DL-D,2025-08-27 02:19:27+02:00,2025-08-27 02:19:27+02:00,1,-17.80443042,177.42408604,-17.80443042,177.42408604,ECI:1064765.0,1064765.0,148.0,40790.0,41.0,27.59324,27.59324,89.466875,61.873635,0.30841850684960215,66.7,66.7,47.95,47.95,89.62,89.62,1,0,0,1,radio_p75_underperformance,ml_hgb_strict_causal_temporal_underperformance,capability,statistical_and_ml_consensus,0.0,1.0,1.0,1.0,0.0,1.0,0.1327951683889162,100.0,1.0,1,0,False,22.25,41.52,92.22,64.34,Medium,Very High,True,False,,True,priority_and_confidence_gate,Medium,INC-000406,"new:gap=10.0s,dist=40.64501732448182m,cell=True,family=True"
LTE-TP-EP-000587,542020041221088+20250827132304+Fiji-Nadi-LTE-DL-D!20250827122156,Fiji-Nadi-LTE-DL-D,2025-08-27 02:21:20+02:00,2025-08-27 02:21:20+02:00,1,-17.80476123,177.42038465,-17.80476123,177.42038465,ECI:1064757.0,1064757.0,147.0,41384.0,41.0,12.830504,12.830504,98.07729499999999,85.24679099999999,0.1308203290068308,80.51,80.51,76.33,76.33,85.61,85.61,0,1,0,1,ca_underperformance,normal,capability,statistical_only_retained,0.0,1.0,1.0,1.0,0.0,1.0,0.3409490992720339,0.0,1.0,1,0,False,22.25,62.81,74.21,67.94,High,High,True,False,,True,priority_and_confidence_gate,High,INC-000407,new_session_or_first_episode
LTE-TP-EP-000588,542020041221088+20250827132304+Fiji-Nadi-LTE-DL-D!20250827122156,Fiji-Nadi-LTE-DL-D,2025-08-27 02:21:33+02:00,2025-08-27 02:21:33+02:00,1,-17.80387452,177.41972233,-17.80387452,177.41972233,ECI:1065269.0,1065269.0,144.0,41384.0,41.0,13.062232,13.062232,60.15991375,47.09768175,0.21712517830862083,75.01,75.01,54.56,54.56,100.0,100.0,1,0,0,1,ca_underperformance,ml_quantile_p75_resource_underperformance,capability,statistical_and_ml_consensus,0.0,1.0,1.0,1.0,0.0,1.0,5.930989445201607,100.0,1.0,1,0,False,22.25,46.48,100.0,70.57,Medium,Very High,True,False,,True,priority_and_confidence_gate,High,INC-000408,"new:gap=13.0s,dist=120.98872066436263m,cell=False,family=True"
LTE-TP-EP-000591,542020041221088+20250827132444+Fiji-Nadi-LTE-DL-D!20250827122410,Fiji-Nadi-LTE-DL-D,2025-08-27 02:22:29+02:00,2025-08-27 02:22:29+02:00,1,-17.806679,177.4188663,-17.806679,177.4188663,ECI:1064759.0,1064759.0,149.0,41384.0,41.0,2.20008,2.20008,40.17137418247882,37.97129418247882,0.054767357223233566,82.43,82.43,78.43,78.43,87.31,87.31,0,1,0,1,radio_limited_degradation,normal,temporal,statistical_only_retained,0.0,1.0,1.0,1.0,0.0,1.0,1.14812612735855,0.0,1.0,1,1,True,22.25,64.39,75.48,69.38,High,High,True,False,,True,priority_and_confidence_gate,High,INC-000409,new_session_or_first_episode
LTE-TP-EP-000592,542020041221088+20250827132625+Fiji-Nadi-LTE-DL-D!20250827122623,Fiji-Nadi-LTE-DL-D,2025-08-27 02:25:09+02:00,2025-08-27 02:25:11+02:00,2,-17.80704012,177.41811573,-17.8070401,177.4181157,ECI:1064759.0,1064759.0,149.0,41384.0,41.0,35.92429,37.14897,121.14346,85.21917,0.2965433709752057,69.12,65.82000000000001,57.7,57.11,83.07,76.465,0,2,0,2,radio_p75_underperformance,ml_hgb_strict_causal_temporal_underperformance,capability,statistical_only_retained,2.0,3.0,2.0,0.6666666666666666,1.0,1.0,0.003877236377227331,0.0,1.0,2,0,False,18.5,47.75,70.65,58.06,Medium,High,True,False,,True,priority_and_confidence_gate,Medium,INC-000410,new_session_or_first_episode
LTE-TP-EP-000594,542020041221088+20250827132625+Fiji-Nadi-LTE-DL-D!20250827122623,Fiji-Nadi-LTE-DL-D,2025-08-27 02:26:00+02:00,2025-08-27 02:26:03+02:00,4,-17.8070401,177.4181157,-17.8070401,177.4181157,ECI:1064759.0,1064759.0,149.0,41384.0,41.0,0.029416,0.225072,17.821780668531595,17.561748668531596,0.01308510052627109,87.26,78.495,90.9,76.28,82.8,81.2025,0,4,0,4,radio_limited_degradation,normal,radio,statistical_only_retained,3.0,4.0,4.0,1.0,0.0,4.0,0.0,0.0,1.0,4,2,True,44.0,75.52,71.7,73.8,High,High,True,False,,True,priority_and_confidence_gate,High,INC-000411,"new:gap=49.0s,dist=0.0m,cell=True,family=False"
LTE-TP-EP-000595,542020041221088+20250827132625+Fiji-Nadi-LTE-DL-D!20250827122623,Fiji-Nadi-LTE-DL-D,2025-08-27 02:26:21+02:00,2025-08-27 02:26:23+02:00,3,-17.8070401,177.4181157,-17.80704012,177.41811573,ECI:1064759.0,1064759.0,149.0,41384.0,41.0,25.1104,35.936592,121.14346,96.03306,0.20727821378058706,77.63,67.63666666666667,62.91,58.85666666666666,95.63,78.36666666666666,1,2,0,1,radio_p75_underperformance,normal,capability,statistical_only_retained,2.0,3.0,3.0,1.0,0.0,3.0,0.003877236377227331,33.33333333333333,0.3333333333333333,1,0,False,36.75,55.36,75.74,64.53,High,High,True,False,,True,priority_and_confidence_gate,Medium,INC-000412,"new:gap=18.0s,dist=0.0m,cell=True,family=False"
LTE-TP-EP-000598,542020041221088+20250827132825+Fiji-Nadi-LTE-DL-D!20250827122826,Fiji-Nadi-LTE-DL-D,2025-08-27 02:26:47+02:00,2025-08-27 02:26:49+02:00,3,-17.8070401,177.4181157,-17.8070401,177.4181157,ECI:1064759.0,1064759.0,149.0,41384.0,41.0,6.638424,17.795609,121.14346,114.505036,0.05479803862296817,93.68,80.34666666666668,88.51,71.40666666666668,100.0,91.27333333333333,2,1,0,3,ca_underperformance,ml_quantile_p75_resource_underperformance,capability,statistical_and_ml_consensus,2.0,3.0,3.0,1.0,0.0,3.0,0.0,66.66666666666666,1.0,3,0,False,36.75,71.29,92.82,80.98,High,Very High,True,False,,True,priority_and_confidence_gate,High,INC-000413,new_session_or_first_episode
LTE-TP-EP-000599,542020041221088+20250827132825+Fiji-Nadi-LTE-DL-D!20250827122826,Fiji-Nadi-LTE-DL-D,2025-08-27 02:26:56+02:00,2025-08-27 02:26:56+02:00,1,-17.8070401,177.4181157,-17.8070401,177.4181157,ECI:1064759.0,1064759.0,149.0,41384.0,41.0,17.803633,17.803633,72.03923235135426,54.23559935135425,0.24713801659027967,68.32,68.32,60.36,60.36,78.06,78.06,0,1,0,1,sudden_drop,normal,temporal,statistical_only_retained,0.0,1.0,1.0,1.0,0.0,1.0,0.0,0.0,1.0,1,0,False,22.25,50.83,68.54,58.8,Medium,High,True,False,,True,priority_and_confidence_gate,Medium,INC-000414,"new:gap=7.0s,dist=0.0m,cell=True,family=False"
LTE-TP-EP-000601,542020041221088+20250827132825+Fiji-Nadi-LTE-DL-D!20250827122826,Fiji-Nadi-LTE-DL-D,2025-08-27 02:27:40+02:00,2025-08-27 02:27:41+02:00,2,-17.8070401,177.4181157,-17.8070401,177.4181157,ECI:1064759.0,1064759.0,149.0,41384.0,41.0,38.774494,39.242507,121.14346,82.368966,0.320070881251039,65.28,65.09,56.33,56.105000000000004,76.76,76.07,0,2,0,0,radio_p75_underperformance,normal,capability,statistical_only_retained,1.0,2.0,2.0,1.0,0.0,2.0,0.0,0.0,0.0,0,0,False,29.5,49.57,57.4,53.09,Medium,Medium,True,False,,True,priority_and_confidence_gate,Medium,INC-000415,"new:gap=44.0s,dist=0.0m,cell=True,family=False"
LTE-TP-EP-000602,542020041221088+20250827133005+Fiji-Nadi-LTE-DL-D!20250827124117,Fiji-Nadi-LTE-DL-D,2025-08-27 02:39:22+02:00,2025-08-27 02:39:27+02:00,5,-17.8070166,177.418,-17.8070166,177.418,ECI:1064759.0,1064759.0,149.0,41384.0,41.0,0.014048,0.247792,,,,84.36,83.83200000000001,90.95,90.27000000000001,76.31,75.962,0,5,0,0,radio_limited_degradation,normal,radio,statistical_only_retained,5.0,6.0,5.0,0.8333333333333334,1.0,4.0,0.0,0.0,0.0,0,5,True,42.75,78.73,57.15,69.02,High,Medium,True,False,,True,priority_and_confidence_gate,High,INC-000416,new_session_or_first_episode
LTE-TP-EP-000603,542020041221088+20250827133005+Fiji-Nadi-LTE-DL-D!20250827124117,Fiji-Nadi-LTE-DL-D,2025-08-27 02:39:49+02:00,2025-08-27 02:39:51+02:00,2,-17.8070166,177.4180002,-17.8070166,177.4180002,ECI:1064759.0,1064759.0,149.0,41384.0,41.0,14.810584,25.889796999999998,121.14346,84.17445000000001,0.3051671959840011,64.12,63.265,57.2,53.82,77.03,74.8,0,2,0,1,radio_p75_underperformance,normal,capability,statistical_only_retained,2.0,3.0,2.0,0.6666666666666666,1.0,1.0,0.0,0.0,0.5,1,0,False,18.5,46.68,62.22,53.67,Medium,High,True,False,,True,priority_and_confidence_gate,Medium,INC-000417,"new:gap=22.0s,dist=0.021173586881565773m,cell=True,family=False"
LTE-TP-EP-000605,542020041221088+20250827133105+Fiji-Nadi-LTE-DL-D!20250827124329,Fiji-Nadi-LTE-DL-D,2025-08-27 02:42:42+02:00,2025-08-27 02:42:43+02:00,2,-17.8056947,177.4149003,-17.8056943,177.4149005,ECI:1065269.0,1065269.0,144.0,41384.0,41.0,0.06104,2.773844,18.91712185638832,13.430473856388321,0.29003608697203354,84.62,71.66,90.79,67.595,77.09,76.63,0,2,0,1,radio_limited_degradation,normal,radio,statistical_only_retained,1.0,2.0,2.0,1.0,0.0,2.0,0.05984763182435923,0.0,0.5,1,1,True,29.5,69.67,62.7,66.53,High,High,True,False,,True,priority_and_confidence_gate,High,INC-000418,new_session_or_first_episode
LTE-TP-EP-000606,542020041221088+20250827133105+Fiji-Nadi-LTE-DL-D!20250827124329,Fiji-Nadi-LTE-DL-D,2025-08-27 02:42:48+02:00,2025-08-27 02:42:48+02:00,1,-17.80569135,177.4148998,-17.80569135,177.4148998,ECI:1065269.0,1065269.0,144.0,41384.0,41.0,2.6974,2.6974,15.95345751484537,13.25605751484537,0.16907933577971765,68.55,68.55,62.71,62.71,75.68,75.68,0,1,0,1,sudden_drop,normal,temporal,statistical_only_retained,0.0,1.0,1.0,1.0,0.0,1.0,0.05664574555050465,0.0,1.0,1,0,False,22.25,52.6,66.76,58.97,Medium,High,True,False,,True,priority_and_confidence_gate,Medium,INC-000419,"new:gap=5.0s,dist=0.33629262737842175m,cell=True,family=False"
LTE-TP-EP-000607,542020041221088+20250827133105+Fiji-Nadi-LTE-DL-D!20250827124329,Fiji-Nadi-LTE-DL-D,2025-08-27 02:42:53+02:00,2025-08-27 02:42:58+02:00,5,-17.8056896,177.4149006,-17.80568946,177.41490265,ECI:1065269.0,1065269.0,144.0,41384.0,41.0,0.089712,0.478808,78.06344,48.219217,0.03337904155764448,87.08,74.72999999999999,90.69,71.362,82.8,78.848,0,5,0,4,radio_limited_degradation,normal,radio,statistical_only_retained,5.0,6.0,5.0,0.8333333333333334,1.0,4.0,0.33865156573605265,0.0,0.8,4,2,True,42.75,73.87,69.11,71.73,High,High,True,False,,True,priority_and_confidence_gate,High,INC-000420,"new:gap=5.0s,dist=0.21222405475803413m,cell=True,family=False"
LTE-TP-EP-000608,542020041221088+20250827133105+Fiji-Nadi-LTE-DL-D!20250827124329,Fiji-Nadi-LTE-DL-D,2025-08-27 02:43:03+02:00,2025-08-27 02:43:12+02:00,6,-17.805688,177.4149036,-17.8056867,177.41490415,ECI:1065269.0,1065269.0,144.0,41384.0,41.0,0.545488,1.5388199999999999,78.06344,61.57464,0.05319569460424472,79.07,66.59166666666667,68.04,58.693333333333335,92.56,76.24166666666667,0,6,0,6,rolling_local_drop,normal,temporal,statistical_only_retained,9.0,10.0,6.0,0.6,4.0,3.0,0.17963755054471725,0.0,1.0,6,1,True,34.5,57.32,75.34,65.43,High,High,True,False,,True,priority_and_confidence_gate,High,INC-000421,"new:gap=5.0s,dist=0.1909744206296221m,cell=True,family=False"
LTE-TP-EP-000609,542020041221088+20250827133105+Fiji-Nadi-LTE-DL-D!20250827124329,Fiji-Nadi-LTE-DL-D,2025-08-27 02:43:22+02:00,2025-08-27 02:43:22+02:00,1,-17.8056849,177.4149043,-17.8056849,177.4149043,ECI:1065269.0,1065269.0,144.0,41384.0,41.0,3.360608,3.360608,21.460382485934065,18.099774485934066,0.15659590420639835,71.27,71.27,64.57,64.57,79.46,79.46,0,1,0,1,sudden_drop,normal,temporal,statistical_only_retained,0.0,1.0,1.0,1.0,0.0,1.0,0.0,0.0,1.0,1,0,False,22.25,53.99,69.6,61.01,Medium,High,True,False,,True,priority_and_confidence_gate,Medium,INC-000422,"new:gap=10.0s,dist=0.20078014031327934m,cell=True,family=True"
LTE-TP-EP-000612,542020041221088+20250827133206+Fiji-Nadi-LTE-DL-D!20250827125008,Fiji-Nadi-LTE-DL-D,2025-08-27 02:49:04+02:00,2025-08-27 02:49:04+02:00,1,-17.8017712,177.415997,-17.8017712,177.415997,ECI:1065269.0,1065269.0,144.0,41384.0,41.0,0.622352,0.622352,,,,80.44,80.44,97.82,97.82,59.19,59.19,0,1,0,1,radio_limited_degradation,normal,radio,statistical_only_retained,0.0,1.0,1.0,1.0,0.0,1.0,4.284550824266355,0.0,1.0,1,1,True,22.25,78.93,54.39,67.89,High,Medium,True,False,,True,priority_and_confidence_gate,High,INC-000423,new_session_or_first_episode
LTE-TP-EP-000613,542020041221088+20250827133206+Fiji-Nadi-LTE-DL-D!20250827125008,Fiji-Nadi-LTE-DL-D,2025-08-27 02:49:15+02:00,2025-08-27 02:49:17+02:00,2,-17.8015836,177.4160705,-17.80158,177.4160702,ECI:1064757.0,1064757.0,147.0,41384.0,41.0,0.22112,4.596856000000001,,,,72.19,68.36500000000001,78.23,73.41499999999999,64.8,62.185,0,2,0,2,radio_limited_degradation,normal,radio,statistical_only_retained,2.0,3.0,2.0,0.6666666666666666,1.0,1.0,0.6403454679772891,0.0,1.0,2,2,True,18.5,62.09,57.95,60.23,High,Medium,True,False,,True,priority_and_confidence_gate,Medium,INC-000424,"new:gap=11.0s,dist=22.264320692159558m,cell=False,family=True"
LTE-TP-EP-000614,542020041221088+20250827133206+Fiji-Nadi-LTE-DL-D!20250827125008,Fiji-Nadi-LTE-DL-D,2025-08-27 02:49:32+02:00,2025-08-27 02:49:32+02:00,1,-17.8015101,177.4160956,-17.8015101,177.4160956,ECI:1064757.0,1064757.0,147.0,41384.0,41.0,7.685136,7.685136,,,,64.81,64.81,73.1,73.1,54.68,54.68,0,1,0,1,radio_limited_degradation,normal,radio,statistical_only_retained,0.0,1.0,1.0,1.0,0.0,1.0,1.0182022135957542,0.0,1.0,1,1,True,22.25,60.39,51.01,56.17,High,Medium,True,False,,True,priority_and_confidence_gate,Medium,INC-000425,"new:gap=15.0s,dist=8.224580708691533m,cell=True,family=True"
LTE-TP-EP-000615,542020041221088+20250827133206+Fiji-Nadi-LTE-DL-D!20250827125008,Fiji-Nadi-LTE-DL-D,2025-08-27 02:49:36+02:00,2025-08-27 02:49:38+02:00,2,-17.8014734,177.4161111,-17.8014408,177.4161236,ECI:1065271.0,1065271.0,146.0,41384.0,41.0,3.109488,4.164572,,,,69.85,65.66,89.12,85.42500000000001,46.3,41.5,0,2,0,2,radio_limited_degradation,normal,radio,statistical_only_retained,2.0,3.0,2.0,0.6666666666666666,1.0,1.0,3.75773402642923,0.0,1.0,2,2,True,18.5,70.54,43.53,58.38,High,Medium,True,False,,True,priority_and_confidence_gate,Medium,INC-000426,"new:gap=4.0s,dist=4.398443769809365m,cell=False,family=True"
LTE-TP-EP-000621,542020041221088+20250827133406+Fiji-Nadi-LTE-DL-D!20250827125219,Fiji-Nadi-LTE-DL-D,2025-08-27 02:50:31+02:00,2025-08-27 02:50:31+02:00,1,-17.7996838,177.417108,-17.7996838,177.417108,ECI:1064767.0,1064767.0,147.0,40988.0,41.0,4.739872,4.739872,32.41143,27.671558000000005,0.14624075519037574,63.53,63.53,59.38,59.38,68.6,68.6,0,1,0,1,ca_underperformance,normal,capability,statistical_only_retained,0.0,1.0,1.0,1.0,0.0,1.0,7.464129106150322,0.0,1.0,1,0,False,22.25,50.1,61.45,55.21,Medium,High,True,False,,True,priority_and_confidence_gate,Medium,INC-000427,new_session_or_first_episode
LTE-TP-EP-000622,542020041221088+20250827133406+Fiji-Nadi-LTE-DL-D!20250827125219,Fiji-Nadi-LTE-DL-D,2025-08-27 02:50:32+02:00,2025-08-27 02:50:33+02:00,2,-17.7996823,177.4171899,-17.7996829,177.4172689,ECI:1073728.0,1073728.0,147.0,40988.0,41.0,1.26916,1.91778,32.41143,31.142270000000003,0.03915779093980117,73.83,71.66,71.7,69.4,76.44,74.425,0,2,0,2,ca_underperformance,normal,capability,statistical_only_retained,1.0,2.0,2.0,1.0,0.0,2.0,17.036721981945895,0.0,1.0,2,0,False,29.5,60.58,66.83,63.39,High,High,True,False,,True,priority_and_confidence_gate,Medium,INC-000428,"new:gap=1.0s,dist=8.672544783057177m,cell=False,family=True"
LTE-TP-EP-000624,542020041221088+20250827133406+Fiji-Nadi-LTE-DL-D!20250827125219,Fiji-Nadi-LTE-DL-D,2025-08-27 02:50:45+02:00,2025-08-27 02:50:51+02:00,4,-17.7998352,177.4180209,-17.8001419,177.4178911,ECI:1064767.0,1064767.0,147.0,40988.0,41.0,2.12384,5.60136,32.41143,27.080502000000003,0.16447679105796936,68.13,59.81,83.57,66.955,61.73,51.0725,0,4,0,4,radio_limited_degradation,normal,radio,statistical_only_retained,6.0,7.0,4.0,0.5714285714285714,3.0,2.0,24.233333811361526,0.0,1.0,4,3,True,25.57,64.92,53.63,59.84,High,Medium,True,False,,True,priority_and_confidence_gate,Medium,INC-000429,"new:gap=12.0s,dist=81.39711835527136m,cell=False,family=False"
LTE-TP-EP-000627,542020041221088+20250827133446+Fiji-Nadi-LTE-DL-D!20250827125432,Fiji-Nadi-LTE-DL-D,2025-08-27 02:53:58+02:00,2025-08-27 02:53:58+02:00,1,-17.80346673,177.41479302,-17.80346673,177.41479302,ECI:1065250.0,1065250.0,331.0,1850.0,3.0,11.38088,11.38088,50.62939882170112,39.248518821701126,0.2247879742771476,66.15,66.15,61.83,61.83,71.42,71.42,0,1,0,1,sudden_drop,normal,temporal,statistical_only_retained,0.0,1.0,1.0,1.0,0.0,1.0,3.4559355049917047,0.0,1.0,1,0,False,22.25,51.93,63.57,57.17,Medium,High,True,False,,True,priority_and_confidence_gate,Medium,INC-000430,new_session_or_first_episode
LTE-TP-EP-000629,542020041221088+20250827133446+Fiji-Nadi-LTE-DL-D!20250827125432,Fiji-Nadi-LTE-DL-D,2025-08-27 02:54:03+02:00,2025-08-27 02:54:05+02:00,3,-17.8033869,177.414697,-17.8033545,177.414708,ECI:1065250.0,1065250.0,331.0,1850.0,3.0,13.001216,15.745224,103.049195,78.460099,0.16328200802763704,64.17,60.68,67.54,62.85666666666666,60.05,58.01666666666667,0,3,0,3,rb_conditioned_underperformance,normal,capability,statistical_only_retained,2.0,3.0,3.0,1.0,0.0,3.0,5.494846559498358,0.0,1.0,3,1,True,36.75,58.67,54.53,56.81,High,Medium,True,False,,True,priority_and_confidence_gate,Medium,INC-000431,"new:gap=5.0s,dist=13.495783898887497m,cell=True,family=False"
LTE-TP-EP-000630,542020041221088+20250827133546+Fiji-Nadi-LTE-DL-D!20250827125646,Fiji-Nadi-LTE-DL-D,2025-08-27 02:56:07+02:00,2025-08-27 02:56:08+02:00,2,-17.8017324,177.4144948,-17.8017019,177.414543,ECI:1065268.0,1065268.0,146.0,41186.0,41.0,6.811856,18.4107955,80.0366475,50.0269125,0.22427550311890235,66.4,60.895,60.15,49.144999999999996,76.47,75.25,0,1,1,2,not_flagged,ml_quantile_p75_resource_underperformance,resource,ml_only_retained,1.0,2.0,2.0,1.0,0.0,2.0,11.879070039280046,0.0,1.0,2,0,False,29.5,49.74,67.05,57.53,Medium,High,True,False,,True,priority_and_confidence_gate,Medium,INC-000432,new_session_or_first_episode
LTE-TP-EP-000632,542020041221088+20250827133707+Fiji-Nadi-LTE-DL-D!20250827125859,Fiji-Nadi-LTE-DL-D,2025-08-27 02:58:21+02:00,2025-08-27 02:58:21+02:00,1,-17.7988778,177.4164459,-17.7988778,177.4164459,ECI:1065281.0,1065281.0,146.0,40988.0,41.0,0.017112,0.017112,,,,73.83,73.83,69.94,69.94,78.59,78.59,0,1,0,1,radio_limited_degradation,normal,radio,statistical_only_retained,0.0,1.0,1.0,1.0,0.0,1.0,8.331990068380762,0.0,1.0,1,1,True,22.25,58.02,68.94,62.93,High,High,True,False,,True,priority_and_confidence_gate,Medium,INC-000433,new_session_or_first_episode
LTE-TP-EP-000634,542020041221088+20250827133707+Fiji-Nadi-LTE-DL-D!20250827125859,Fiji-Nadi-LTE-DL-D,2025-08-27 02:58:40+02:00,2025-08-27 02:58:41+02:00,2,-17.7977355,177.4158305,-17.7977095,177.41582,ECI:1073715.0,1073715.0,362.0,40790.0,41.0,10.522624,11.705268,54.170067,43.647443,0.19425163347130436,63.61,58.155,57.34,52.155,71.28,65.49000000000001,0,2,0,2,ca_underperformance,normal,capability,statistical_only_retained,1.0,2.0,2.0,1.0,0.0,2.0,7.001095014703276,0.0,1.0,2,0,False,29.5,49.08,62.01,54.9,Medium,High,True,False,,True,priority_and_confidence_gate,Medium,INC-000434,"new:gap=19.0s,dist=142.7539568217581m,cell=False,family=False"
LTE-TP-EP-000635,542020041221088+20250827133707+Fiji-Nadi-LTE-DL-D!20250827125859,Fiji-Nadi-LTE-DL-D,2025-08-27 02:58:44+02:00,2025-08-27 02:58:45+02:00,2,-17.7976537,177.4158407,-17.7976303,177.415852,ECI:1064767.0,1064767.0,147.0,40988.0,41.0,0.01596,0.016916,,,,75.73,73.69,69.94,69.94,82.8,78.265,0,2,0,2,radio_limited_degradation,normal,radio,statistical_only_retained,1.0,2.0,2.0,1.0,0.0,2.0,5.184638606007608,0.0,1.0,2,2,True,29.5,59.83,70.97,64.84,High,High,True,False,,True,priority_and_confidence_gate,Medium,INC-000435,"new:gap=3.0s,dist=6.580360876400762m,cell=False,family=False"
LTE-TP-EP-000638,542020041221088+20250827133827+Fiji-Nadi-LTE-DL-D!20250827130111,Fiji-Nadi-LTE-DL-D,2025-08-27 03:00:26+02:00,2025-08-27 03:00:26+02:00,1,-17.794823,177.4209113,-17.794823,177.4209113,ECI:1073718.0,1073718.0,147.0,41384.0,41.0,4.03576,4.03576,,,,64.06,64.06,76.87,76.87,48.41,48.41,0,1,0,1,radio_limited_degradation,normal,radio,statistical_only_retained,0.0,1.0,1.0,1.0,0.0,1.0,8.633356672457124,0.0,1.0,1,1,True,22.25,63.22,46.31,55.61,High,Medium,True,False,,True,priority_and_confidence_gate,Medium,INC-000436,new_session_or_first_episode
LTE-TP-EP-000639,542020041221088+20250827133827+Fiji-Nadi-LTE-DL-D!20250827130111,Fiji-Nadi-LTE-DL-D,2025-08-27 03:00:29+02:00,2025-08-27 03:00:29+02:00,1,-17.79476341,177.42108916,-17.79476341,177.42108916,ECI:1064737.0,1064737.0,309.0,1850.0,3.0,0.089544,0.089544,,,,76.58,76.58,90.69,90.69,59.33,59.33,0,1,0,1,radio_limited_degradation,normal,radio,statistical_only_retained,0.0,1.0,1.0,1.0,0.0,1.0,10.021139759669309,0.0,1.0,1,1,True,22.25,73.58,54.5,64.99,High,Medium,True,False,,True,priority_and_confidence_gate,Medium,INC-000437,"new:gap=3.0s,dist=19.962728266732267m,cell=False,family=True"
LTE-TP-EP-000640,542020041221088+20250827133827+Fiji-Nadi-LTE-DL-D!20250827130111,Fiji-Nadi-LTE-DL-D,2025-08-27 03:00:30+02:00,2025-08-27 03:00:30+02:00,1,-17.79473457,177.42115471,-17.79473457,177.42115471,ECI:1064757.0,1064757.0,309.0,1850.0,3.0,3.188632,3.188632,,,,74.78,74.78,79.84,79.84,68.59,68.59,0,1,0,1,rb_efficiency_underperformance,normal,radio,statistical_only_retained,0.0,1.0,1.0,1.0,0.0,1.0,7.645211855246174,0.0,1.0,1,1,True,22.25,65.44,61.44,63.64,High,High,True,False,,True,priority_and_confidence_gate,Medium,INC-000438,"new:gap=1.0s,dist=7.645211854980264m,cell=False,family=True"
LTE-TP-EP-000644,542020041221088+20250827133827+Fiji-Nadi-LTE-DL-D!20250827130111,Fiji-Nadi-LTE-DL-D,2025-08-27 03:01:10+02:00,2025-08-27 03:01:10+02:00,1,-17.792373,177.4232739,-17.792373,177.4232739,ECI:1065543.0,1065543.0,132.0,9310.0,28.0,7.603512,7.603512,81.009805,73.406293,0.09385915692551045,79.48,79.48,81.72,81.72,76.75,76.75,0,1,0,1,ca_underperformance,normal,capability,statistical_only_retained,0.0,1.0,1.0,1.0,0.0,1.0,10.65960241979921,0.0,1.0,1,0,False,22.25,66.85,67.56,67.17,High,High,True,False,,True,priority_and_confidence_gate,High,INC-000439,"new:gap=40.0s,dist=345.3962286603573m,cell=False,family=False"
LTE-TP-EP-000645,542020041221088+20250827133907+Fiji-Nadi-LTE-DL-D!20250827130324,Fiji-Nadi-LTE-DL-D,2025-08-27 03:01:25+02:00,2025-08-27 03:01:25+02:00,1,-17.7913949,177.4243525,-17.7913949,177.4243525,ECI:1064737.0,1064737.0,394.0,1850.0,3.0,5.161984,5.161984,,,,75.05,75.05,72.93,72.93,77.63,77.63,0,1,0,1,rb_efficiency_underperformance,normal,radio,statistical_only_retained,0.0,1.0,1.0,1.0,0.0,1.0,10.708091254867952,0.0,1.0,1,1,True,22.25,60.26,68.22,63.84,High,High,True,False,,True,priority_and_confidence_gate,Medium,INC-000440,new_session_or_first_episode
LTE-TP-EP-000646,542020041221088+20250827133907+Fiji-Nadi-LTE-DL-D!20250827130324,Fiji-Nadi-LTE-DL-D,2025-08-27 03:01:49+02:00,2025-08-27 03:01:50+02:00,2,-17.78997009,177.42655471,-17.7898214,177.4267212,ECI:1065506.0,1065506.0,132.0,1850.0,3.0,22.815008,26.7055795,135.5693,104.973149,0.22568642753189697,72.78,65.86,61.83,55.81,86.17,78.14500000000001,0,2,0,2,rb_conditioned_underperformance,ml_hgb_strict_causal_temporal_underperformance,capability,statistical_only_retained,1.0,2.0,2.0,1.0,0.0,2.0,35.15454104107922,0.0,1.0,2,0,False,29.5,52.24,72.62,61.41,Medium,High,True,False,,True,priority_and_confidence_gate,Medium,INC-000441,"new:gap=24.0s,dist=281.89797474114584m,cell=False,family=False"
LTE-TP-EP-000647,542020041221088+20250827133907+Fiji-Nadi-LTE-DL-D!20250827130324,Fiji-Nadi-LTE-DL-D,2025-08-27 03:01:56+02:00,2025-08-27 03:01:56+02:00,1,-17.78942887,177.42703991,-17.78942887,177.42703991,ECI:1065506.0,1065506.0,322.0,1850.0,3.0,9.11788,9.11788,135.5693,126.45142,0.06725622983964659,91.57,91.57,84.68,84.68,100.0,100.0,1,0,0,1,rb_efficiency_underperformance,ml_quantile_p75_resource_underperformance,capability,statistical_and_ml_consensus,0.0,1.0,1.0,1.0,0.0,1.0,8.79760275393807,100.0,1.0,1,1,True,22.25,69.07,100.0,82.99,High,Very High,True,False,,True,priority_and_confidence_gate,High,INC-000442,"new:gap=6.0s,dist=55.17050384469833m,cell=True,family=True"
LTE-TP-EP-000648,542020041221088+20250827133907+Fiji-Nadi-LTE-DL-D!20250827130324,Fiji-Nadi-LTE-DL-D,2025-08-27 03:02:02+02:00,2025-08-27 03:02:02+02:00,1,-17.78911716,177.42723715,-17.78911716,177.42723715,ECI:1065506.0,1065506.0,322.0,1850.0,3.0,0.01188,0.01188,67.51561391806639,67.50373391806639,0.00017595929756955155,89.5,89.5,94.98,94.98,82.8,82.8,0,1,0,1,radio_limited_degradation,normal,temporal,statistical_only_retained,0.0,1.0,1.0,1.0,0.0,1.0,9.361885460171894,0.0,1.0,1,1,True,22.25,76.8,72.1,74.68,High,High,True,False,,True,priority_and_confidence_gate,High,INC-000443,"new:gap=6.0s,dist=40.465760058444886m,cell=True,family=False"
LTE-TP-EP-000650,542020041221088+20250827133907+Fiji-Nadi-LTE-DL-D!20250827130324,Fiji-Nadi-LTE-DL-D,2025-08-27 03:02:14+02:00,2025-08-27 03:02:14+02:00,1,-17.78792,177.4275765,-17.78792,177.4275765,ECI:1065506.0,1065506.0,322.0,1850.0,3.0,25.762512,25.762512,135.5693,109.806788,0.19003205002902576,71.71,71.71,63.91,63.91,81.25,81.25,0,1,0,1,rb_conditioned_underperformance,ml_quantile_p75_resource_underperformance,capability,statistical_only_retained,0.0,1.0,1.0,1.0,0.0,1.0,23.481701212950387,0.0,1.0,1,0,False,22.25,53.5,70.94,61.34,Medium,High,True,False,,True,priority_and_confidence_gate,Medium,INC-000444,"new:gap=12.0s,dist=137.88200740632143m,cell=True,family=False"
LTE-TP-EP-000651,542020041221088+20250827133907+Fiji-Nadi-LTE-DL-D!20250827130324,Fiji-Nadi-LTE-DL-D,2025-08-27 03:02:22+02:00,2025-08-27 03:02:22+02:00,1,-17.78715075,177.42771448,-17.78715075,177.42771448,ECI:1065502.0,1065502.0,322.0,1850.0,3.0,8.48256,8.48256,61.49213848701709,53.00957848701709,0.137945438371621,76.5,76.5,74.28,74.28,79.22,79.22,0,1,0,1,ca_underperformance,ml_quantile_p75_resource_underperformance,temporal,statistical_only_retained,0.0,1.0,1.0,1.0,0.0,1.0,13.588934261089255,0.0,1.0,1,0,False,22.25,61.27,69.41,64.94,High,High,True,False,,True,priority_and_confidence_gate,Medium,INC-000445,"new:gap=8.0s,dist=86.77544048962396m,cell=False,family=True"
LTE-TP-EP-000652,542020041221088+20250827133907+Fiji-Nadi-LTE-DL-D!20250827130324,Fiji-Nadi-LTE-DL-D,2025-08-27 03:02:29+02:00,2025-08-27 03:02:30+02:00,2,-17.7862511,177.4279408,-17.78625504,177.42794207,ECI:1065502.0,1065502.0,134.0,1850.0,3.0,23.44012,30.11578,100.10031275322376,63.62437509977804,0.26922708244201093,70.31,68.405,60.89,58.53,81.82,80.475,0,2,0,2,radio_limited_degradation,ml_hgb_resource_conditioned_underperformance,temporal,statistical_only_retained,1.0,2.0,2.0,1.0,0.0,2.0,12.110034396741698,0.0,1.0,2,1,True,29.5,52.45,71.03,60.81,Medium,High,True,False,,True,priority_and_confidence_gate,Medium,INC-000446,"new:gap=7.0s,dist=102.86664172089533m,cell=True,family=True"
LTE-TP-EP-000653,542020041221088+20250827133907+Fiji-Nadi-LTE-DL-D!20250827130324,Fiji-Nadi-LTE-DL-D,2025-08-27 03:02:40+02:00,2025-08-27 03:02:44+02:00,5,-17.78510628,177.4281874,-17.78475432,177.42827706,ECI:1067828.0,1067828.0,127.0,41186.0,41.0,0.010032,0.05456,,,,80.84,78.506,90.96,86.834,93.15,68.33,0,5,0,5,radio_limited_degradation,normal,radio,statistical_only_retained,4.0,5.0,5.0,1.0,0.0,5.0,41.04102205416867,0.0,1.0,5,5,True,51.25,80.0,73.66,77.15,Critical,High,True,True,critical_impact_with_verified_direct_evidence,True,critical_verified_direct_evidence_override,High,INC-000447,"new:gap=10.0s,dist=130.35083277299066m,cell=False,family=True"
LTE-TP-EP-000654,542020041221088+20250827133907+Fiji-Nadi-LTE-DL-D!20250827130324,Fiji-Nadi-LTE-DL-D,2025-08-27 03:02:45+02:00,2025-08-27 03:02:45+02:00,1,-17.78454077,177.42834025,-17.78454077,177.42834025,ECI:1065532.0,1065532.0,127.0,41186.0,41.0,0.012944,0.012944,,,,78.05,78.05,90.95,90.95,62.28,62.28,0,1,0,1,radio_limited_degradation,normal,radio,statistical_only_retained,0.0,1.0,1.0,1.0,0.0,1.0,24.670291682248646,0.0,1.0,1,1,True,22.25,73.78,56.71,66.1,High,Medium,True,False,,True,priority_and_confidence_gate,High,INC-000448,"new:gap=1.0s,dist=24.670291682133808m,cell=False,family=True"
LTE-TP-EP-000655,542020041221088+20250827133907+Fiji-Nadi-LTE-DL-D!20250827130324,Fiji-Nadi-LTE-DL-D,2025-08-27 03:02:53+02:00,2025-08-27 03:02:54+02:00,2,-17.78364902,177.42864363,-17.78353625,177.42867203,ECI:1065505.0,1065505.0,321.0,1850.0,3.0,7.426568,10.46106,79.6243025,72.1977345,0.09327011687166742,89.75,78.205,81.37,65.025,100.0,94.32,2,0,0,2,ca_underperformance,ml_quantile_p75_resource_underperformance,capability,statistical_and_ml_consensus,1.0,2.0,2.0,1.0,0.0,2.0,24.907245678019564,100.0,1.0,2,1,True,29.5,64.32,98.58,79.73,High,Very High,True,False,,True,priority_and_confidence_gate,High,INC-000449,"new:gap=8.0s,dist=104.23145360485213m,cell=False,family=False"
LTE-TP-EP-000657,542020041221088+20250827134107+Fiji-Nadi-LTE-DL-D!20250827130537,Fiji-Nadi-LTE-DL-D,2025-08-27 03:04:00+02:00,2025-08-27 03:04:01+02:00,2,-17.78075719,177.43109015,-17.78075827,177.43113948,ECI:1072662.0,1072662.0,394.0,500.0,1.0,0.453664,0.531012,12.29470665264462,11.780142753610848,0.03708281560570667,70.45,70.17,61.82,61.4,81.0,80.88499999999999,0,2,0,2,rolling_local_drop,normal,temporal,statistical_only_retained,1.0,2.0,2.0,1.0,0.0,2.0,9.704943429268182,0.0,1.0,2,0,False,29.5,53.64,70.72,61.32,Medium,High,True,False,,True,priority_and_confidence_gate,Medium,INC-000450,new_session_or_first_episode
LTE-TP-EP-000658,542020041221088+20250827134107+Fiji-Nadi-LTE-DL-D!20250827130537,Fiji-Nadi-LTE-DL-D,2025-08-27 03:04:10+02:00,2025-08-27 03:04:10+02:00,1,-17.78078133,177.43160185,-17.78078133,177.43160185,ECI:1065535.0,1065535.0,394.0,40988.0,41.0,0.753904,0.753904,64.02154028134424,63.267636281344245,0.01177578666003583,92.04,92.04,92.0,92.0,92.08,92.08,0,1,0,1,sudden_drop,normal,temporal,statistical_only_retained,0.0,1.0,1.0,1.0,0.0,1.0,3.521345992920787,0.0,1.0,1,0,False,22.25,74.56,79.06,76.59,High,High,True,False,,True,priority_and_confidence_gate,High,INC-000451,"new:gap=9.0s,dist=49.024460459798m,cell=False,family=True"
LTE-TP-EP-000659,542020041221088+20250827134107+Fiji-Nadi-LTE-DL-D!20250827130537,Fiji-Nadi-LTE-DL-D,2025-08-27 03:04:22+02:00,2025-08-27 03:04:24+02:00,3,-17.7808043,177.4321824,-17.78080948,177.43222762,ECI:1065535.0,1065535.0,394.0,40988.0,41.0,0.004448,0.006352,104.02913616106697,74.09292716106697,6.416661762108087e-05,89.9,86.44,95.72,85.21,100.0,87.93333333333334,1,2,0,3,radio_limited_degradation,normal,temporal,statistical_only_retained,2.0,3.0,3.0,1.0,0.0,3.0,11.413192712090598,33.33333333333333,1.0,3,1,True,36.75,78.35,86.98,82.24,High,Very High,True,False,,True,priority_and_confidence_gate,High,INC-000452,"new:gap=12.0s,dist=61.52370257205677m,cell=True,family=True"
LTE-TP-EP-000660,542020041221088+20250827134107+Fiji-Nadi-LTE-DL-D!20250827130537,Fiji-Nadi-LTE-DL-D,2025-08-27 03:04:30+02:00,2025-08-27 03:04:31+02:00,2,-17.78084762,177.43257236,-17.78085269,177.43263587,ECI:1065535.0,1065535.0,394.0,40988.0,41.0,0.000648,9.614392,119.40694024092763,100.17880424092763,2.1062268353646016e-05,81.61,81.11500000000001,80.3,73.435,100.0,90.5,1,1,0,2,rb_conditioned_underperformance,ml_quantile_p75_resource_underperformance,resource,statistical_and_ml_consensus,1.0,2.0,2.0,1.0,0.0,2.0,13.105383258588411,50.0,1.0,2,0,False,29.5,65.88,90.12,76.79,High,Very High,True,False,,True,priority_and_confidence_gate,High,INC-000453,"new:gap=6.0s,dist=36.74780941257406m,cell=True,family=False"
LTE-TP-EP-000661,542020041221088+20250827134107+Fiji-Nadi-LTE-DL-D!20250827130537,Fiji-Nadi-LTE-DL-D,2025-08-27 03:04:41+02:00,2025-08-27 03:04:42+02:00,2,-17.78090498,177.43331981,-17.78091083,177.43338079,ECI:1072704.0,1072704.0,395.0,40988.0,41.0,0.001584,0.003632,50.69191954189138,50.69033554189138,3.1247583723693785e-05,85.0,84.78999999999999,88.27,87.155,82.8,81.9,0,2,0,2,radio_limited_degradation,normal,temporal,statistical_only_retained,1.0,2.0,2.0,1.0,0.0,2.0,13.366646750750785,0.0,1.0,2,1,True,29.5,73.3,71.88,72.66,High,High,True,False,,True,priority_and_confidence_gate,High,INC-000454,"new:gap=10.0s,dist=72.65096351476608m,cell=False,family=False"
LTE-TP-EP-000662,542020041221088+20250827134107+Fiji-Nadi-LTE-DL-D!20250827130537,Fiji-Nadi-LTE-DL-D,2025-08-27 03:04:49+02:00,2025-08-27 03:04:50+02:00,2,-17.7809412,177.4338105,-17.78094472,177.43380546,ECI:1072704.0,1072704.0,395.0,40988.0,41.0,0.009312,9.429148000000001,69.68757601250742,62.209755490278006,0.00014966473101601916,87.53,72.235,92.87,74.86500000000001,81.0,69.015,0,2,0,2,rolling_local_drop,normal,temporal,statistical_only_retained,1.0,2.0,2.0,1.0,0.0,2.0,3.965650287392668,0.0,1.0,2,0,False,29.5,72.53,67.75,70.38,High,High,True,False,,True,priority_and_confidence_gate,High,INC-000455,"new:gap=7.0s,dist=45.62431186937533m,cell=True,family=True"
LTE-TP-EP-000663,542020041221088+20250827134107+Fiji-Nadi-LTE-DL-D!20250827130537,Fiji-Nadi-LTE-DL-D,2025-08-27 03:04:56+02:00,2025-08-27 03:04:57+02:00,2,-17.7809643,177.4338239,-17.78096425,177.43382376,ECI:1072704.0,1072704.0,395.0,40988.0,41.0,0.003144,0.00386,75.19448,75.19133599999999,4.18115797861758e-05,90.39,90.19,98.07,96.97,82.8,81.9,0,2,0,2,radio_limited_degradation,normal,temporal,statistical_only_retained,1.0,2.0,2.0,1.0,0.0,2.0,0.03166399907993721,0.0,1.0,2,1,True,29.5,80.65,71.88,76.7,Critical,High,True,True,critical_impact_with_verified_direct_evidence,True,critical_verified_direct_evidence_override,High,INC-000456,"new:gap=6.0s,dist=2.924451233165214m,cell=True,family=True"
LTE-TP-EP-000664,542020041221088+20250827134107+Fiji-Nadi-LTE-DL-D!20250827130537,Fiji-Nadi-LTE-DL-D,2025-08-27 03:05:03+02:00,2025-08-27 03:05:03+02:00,1,-17.78094487,177.43379258,-17.78094487,177.43379258,ECI:1072704.0,1072704.0,395.0,40988.0,41.0,44.76209,44.76209,116.88325075002737,72.12116075002737,0.38296410916676626,70.45,70.45,58.98,58.98,84.47,84.47,0,1,0,1,rb_conditioned_underperformance,normal,temporal,statistical_only_retained,0.0,1.0,1.0,1.0,0.0,1.0,2.4624885303128257,0.0,1.0,1,0,False,22.25,49.8,73.35,60.4,Medium,High,True,False,,True,priority_and_confidence_gate,Medium,INC-000457,"new:gap=6.0s,dist=3.9425106351776438m,cell=True,family=True"
LTE-TP-EP-000665,542020041221088+20250827134107+Fiji-Nadi-LTE-DL-D!20250827130537,Fiji-Nadi-LTE-DL-D,2025-08-27 03:05:08+02:00,2025-08-27 03:05:08+02:00,1,-17.78094586,177.43368277,-17.78094586,177.43368277,ECI:1072704.0,1072704.0,395.0,40988.0,41.0,1.223552,1.223552,85.9294657539735,84.7059137539735,0.014239027198227647,98.96,98.96,98.11,98.11,100.0,100.0,0,1,0,1,ca_underperformance,ml_severe_quantile_p75_resource_underperformance,temporal,statistical_only_retained,0.0,1.0,1.0,1.0,0.0,1.0,3.4982241871382422,0.0,1.0,1,0,False,22.25,79.14,85.0,81.78,High,Very High,True,False,,True,priority_and_confidence_gate,High,INC-000457,"bridged:gap=5.0s,dist=11.627577584195043m,cell=True,family=True"
LTE-TP-EP-000666,542020041221088+20250827134107+Fiji-Nadi-LTE-DL-D!20250827130537,Fiji-Nadi-LTE-DL-D,2025-08-27 03:05:14+02:00,2025-08-27 03:05:16+02:00,3,-17.7809343,177.43339573,-17.7809278,177.4332135,ECI:1072704.0,1072704.0,395.0,40988.0,41.0,0.00336,0.029088,96.71249163425117,74.72529163425116,5.7614606125718675e-05,86.74,85.14,91.44,83.34666666666666,100.0,87.33333333333333,1,2,0,3,rb_conditioned_underperformance,normal,temporal,statistical_only_retained,2.0,3.0,3.0,1.0,0.0,3.0,19.524554073359326,33.33333333333333,1.0,3,0,False,36.75,75.74,86.83,80.73,High,Very High,True,False,,True,priority_and_confidence_gate,High,INC-000458,"new:gap=6.0s,dist=30.41994303691385m,cell=True,family=True"
LTE-TP-EP-000669,542020041221088+20250827134247+Fiji-Nadi-LTE-DL-D!20250827130749,Fiji-Nadi-LTE-DL-D,2025-08-27 03:05:53+02:00,2025-08-27 03:05:54+02:00,2,-17.78081721,177.43155401,-17.78081721,177.43155401,ECI:1072702.0,1072702.0,394.0,40790.0,41.0,20.906624,27.494392,119.0290425,98.12241850000001,0.1756430494683682,80.13,74.655,64.75,61.525,98.93,90.7,1,1,0,2,rb_conditioned_underperformance,ml_hgb_strict_causal_temporal_underperformance,capability,statistical_and_ml_consensus,1.0,2.0,2.0,1.0,0.0,2.0,0.30900448505712186,50.0,1.0,2,0,False,29.5,55.13,89.64,70.66,High,Very High,True,False,,True,priority_and_confidence_gate,High,INC-000459,new_session_or_first_episode
LTE-TP-EP-000670,542020041221088+20250827134247+Fiji-Nadi-LTE-DL-D!20250827130749,Fiji-Nadi-LTE-DL-D,2025-08-27 03:06:01+02:00,2025-08-27 03:06:01+02:00,1,-17.7807976,177.4313552,-17.7807976,177.4313552,ECI:1072702.0,1072702.0,394.0,40790.0,41.0,0.196592,0.196592,64.86678427778222,64.67019227778222,0.003030703651935703,92.49,92.49,93.53,93.53,91.21,91.21,0,1,0,1,sudden_drop,normal,temporal,statistical_only_retained,0.0,1.0,1.0,1.0,0.0,1.0,8.14724980264673,0.0,1.0,1,0,False,22.25,75.71,78.41,76.92,High,High,True,False,,True,priority_and_confidence_gate,High,INC-000460,"new:gap=7.0s,dist=21.163329599196345m,cell=True,family=False"
LTE-TP-EP-000671,542020041221088+20250827134247+Fiji-Nadi-LTE-DL-D!20250827130749,Fiji-Nadi-LTE-DL-D,2025-08-27 03:06:08+02:00,2025-08-27 03:06:10+02:00,3,-17.7807834,177.4310874,-17.78077724,177.43100443,ECI:1072702.0,1072702.0,394.0,40790.0,41.0,0.018344,0.09856,99.13186109141114,67.70062067301124,0.00028556990980283003,93.71,80.72,94.91,80.38333333333333,92.25,81.13333333333334,0,3,0,3,rolling_local_drop,normal,temporal,statistical_only_retained,2.0,3.0,3.0,1.0,0.0,3.0,13.411299389629527,0.0,1.0,3,1,True,36.75,76.74,76.41,76.59,High,High,True,False,,True,priority_and_confidence_gate,High,INC-000461,"new:gap=7.0s,dist=28.39952800571935m,cell=True,family=True"
LTE-TP-EP-000672,542020041221088+20250827134247+Fiji-Nadi-LTE-DL-D!20250827130749,Fiji-Nadi-LTE-DL-D,2025-08-27 03:06:16+02:00,2025-08-27 03:06:17+02:00,2,-17.78074862,177.43065911,-17.7807437,177.43059402,ECI:1072702.0,1072702.0,394.0,40790.0,41.0,2.11232,3.23268,119.0290425,114.67600250000001,0.03404278214515574,95.84,90.42,92.43,90.35,100.0,90.5,1,1,0,2,ca_underperformance,ml_severe_quantile_p75_resource_underperformance,capability,statistical_and_ml_consensus,1.0,2.0,2.0,1.0,0.0,2.0,6.965568290301859,50.0,1.0,2,0,False,29.5,76.18,90.12,82.45,High,Very High,True,False,,True,priority_and_confidence_gate,High,INC-000462,"new:gap=6.0s,dist=36.701926525600044m,cell=True,family=False"
LTE-TP-EP-000673,542020041221088+20250827134247+Fiji-Nadi-LTE-DL-D!20250827130749,Fiji-Nadi-LTE-DL-D,2025-08-27 03:06:24+02:00,2025-08-27 03:06:24+02:00,1,-17.7807159,177.430205,-17.7807159,177.430205,ECI:1072702.0,1072702.0,394.0,40790.0,41.0,26.46248,26.46248,119.0290425,92.5665625,0.22231952340539074,66.3,66.3,62.03,62.03,71.51,71.51,0,1,0,1,rb_conditioned_underperformance,normal,capability,statistical_only_retained,0.0,1.0,1.0,1.0,0.0,1.0,1.656305711657659,0.0,1.0,1,0,False,22.25,52.08,63.63,57.28,Medium,High,True,False,,True,priority_and_confidence_gate,Medium,INC-000463,"new:gap=7.0s,dist=41.306640863297886m,cell=True,family=True"
LTE-TP-EP-000674,542020041221088+20250827134247+Fiji-Nadi-LTE-DL-D!20250827130749,Fiji-Nadi-LTE-DL-D,2025-08-27 03:06:42+02:00,2025-08-27 03:06:42+02:00,1,-17.78071471,177.4301838,-17.78071471,177.4301838,ECI:1072702.0,1072702.0,394.0,40790.0,41.0,12.556176,12.556176,119.0290425,106.47286650000001,0.10548833911690082,87.98,87.98,78.15,78.15,100.0,100.0,1,0,0,1,ca_underperformance,ml_quantile_p75_resource_underperformance,capability,statistical_and_ml_consensus,0.0,1.0,1.0,1.0,0.0,1.0,0.0011119509199038367,100.0,1.0,1,0,False,22.25,64.18,100.0,80.3,High,Very High,True,False,,True,priority_and_confidence_gate,High,INC-000464,"new:gap=18.0s,dist=2.2486277040280562m,cell=True,family=True"
LTE-TP-EP-000675,542020041221088+20250827134247+Fiji-Nadi-LTE-DL-D!20250827130749,Fiji-Nadi-LTE-DL-D,2025-08-27 03:06:50+02:00,2025-08-27 03:06:50+02:00,1,-17.78071471,177.4301838,-17.78071471,177.4301838,ECI:1072702.0,1072702.0,394.0,40790.0,41.0,0.019552,0.019552,58.09172,58.072168000000005,0.0003365712015412868,87.41,87.41,91.19,91.19,82.8,82.8,0,1,0,1,radio_limited_degradation,normal,temporal,statistical_only_retained,0.0,1.0,1.0,1.0,0.0,1.0,0.0011119509199038367,0.0,1.0,1,1,True,22.25,73.96,72.1,73.12,High,High,True,False,,True,priority_and_confidence_gate,High,INC-000465,"new:gap=8.0s,dist=0.0m,cell=True,family=False"
LTE-TP-EP-000676,542020041221088+20250827134247+Fiji-Nadi-LTE-DL-D!20250827130749,Fiji-Nadi-LTE-DL-D,2025-08-27 03:06:58+02:00,2025-08-27 03:06:59+02:00,2,-17.78071471,177.4301838,-17.7807147,177.4301838,ECI:1072702.0,1072702.0,394.0,40790.0,41.0,5.86572,23.0537725,122.72866854908222,113.1633225,0.04927973775811899,94.38,81.83,89.79,72.83,100.0,92.83,1,1,0,2,rb_conditioned_underperformance,ml_hgb_strict_causal_temporal_underperformance,capability,statistical_and_ml_consensus,1.0,2.0,2.0,1.0,0.0,2.0,0.0022239018398076734,50.0,1.0,2,1,True,29.5,70.48,90.71,79.58,High,Very High,True,False,,True,priority_and_confidence_gate,High,INC-000466,"new:gap=8.0s,dist=0.0m,cell=True,family=False"
LTE-TP-EP-000677,542020041221088+20250827134247+Fiji-Nadi-LTE-DL-D!20250827130749,Fiji-Nadi-LTE-DL-D,2025-08-27 03:07:07+02:00,2025-08-27 03:07:08+02:00,2,-17.7807147,177.4301838,-17.7807147,177.4301838,ECI:1072702.0,1072702.0,394.0,40790.0,41.0,0.016104,11.8458045,121.63410802941317,97.95860302941317,0.0003172865927992848,84.99,82.5,88.26,75.955,100.0,90.5,1,1,0,2,rb_conditioned_underperformance,ml_quantile_p75_resource_underperformance,resource,statistical_and_ml_consensus,1.0,2.0,2.0,1.0,0.0,2.0,0.0011119509199038367,50.0,1.0,2,0,False,29.5,70.49,90.12,79.33,High,Very High,True,False,,True,priority_and_confidence_gate,High,INC-000467,"new:gap=8.0s,dist=0.0m,cell=True,family=True"
LTE-TP-EP-000678,542020041221088+20250827134247+Fiji-Nadi-LTE-DL-D!20250827130749,Fiji-Nadi-LTE-DL-D,2025-08-27 03:07:17+02:00,2025-08-27 03:07:17+02:00,1,-17.7806022,177.4300396,-17.7806022,177.4300396,ECI:1072702.0,1072702.0,394.0,40790.0,41.0,0.018872,0.018872,41.01213,40.993258,0.00046015654392980807,82.85,82.85,84.36,84.36,81.0,81.0,0,1,0,1,sudden_drop,normal,temporal,statistical_only_retained,0.0,1.0,1.0,1.0,0.0,1.0,9.315510603938625,0.0,1.0,1,0,False,22.25,68.83,70.75,69.7,High,High,True,False,,True,priority_and_confidence_gate,High,INC-000468,"new:gap=9.0s,dist=19.738557027782907m,cell=True,family=False"
LTE-TP-EP-000679,542020041221088+20250827134247+Fiji-Nadi-LTE-DL-D!20250827130749,Fiji-Nadi-LTE-DL-D,2025-08-27 03:07:22+02:00,2025-08-27 03:07:23+02:00,2,-17.78035168,177.43011923,-17.78027376,177.43016789,ECI:1065532.0,1065532.0,134.0,40790.0,41.0,13.539752,22.850124,119.0290425,86.86854650000001,0.27019032770930673,59.8,57.879999999999995,59.24,53.760000000000005,65.34,62.91,0,2,0,2,rb_conditioned_underperformance,normal,capability,statistical_only_retained,1.0,2.0,2.0,1.0,0.0,2.0,11.109367867662586,0.0,1.0,2,0,False,29.5,50.44,58.4,54.02,Medium,Medium,True,False,,True,priority_and_confidence_gate,Medium,INC-000469,"new:gap=5.0s,dist=29.10464184660844m,cell=False,family=False"
LTE-TP-EP-000680,542020041221088+20250827134247+Fiji-Nadi-LTE-DL-D!20250827130749,Fiji-Nadi-LTE-DL-D,2025-08-27 03:07:40+02:00,2025-08-27 03:07:40+02:00,1,-17.77883961,177.43113425,-17.77883961,177.43113425,ECI:1067032.0,1067032.0,131.0,356.0,1.0,5.45116,5.45116,24.25530493768791,18.80414493768791,0.22474093869378584,66.21,66.21,49.48,49.48,86.66,86.66,0,1,0,1,ca_underperformance,normal,resource,statistical_only_retained,0.0,1.0,1.0,1.0,0.0,1.0,6.8265011650692875,0.0,1.0,1,0,False,22.25,42.67,74.99,57.22,Medium,High,True,False,,True,priority_and_confidence_gate,Medium,INC-000470,"new:gap=17.0s,dist=189.4747089180574m,cell=False,family=False"
LTE-TP-EP-000681,542020041221088+20250827134247+Fiji-Nadi-LTE-DL-D!20250827130749,Fiji-Nadi-LTE-DL-D,2025-08-27 03:07:45+02:00,2025-08-27 03:07:47+02:00,3,-17.77865376,177.43104265,-17.77858937,177.43093862,ECI:1067153.0,1067153.0,338.0,41384.0,41.0,0.033064,0.098144,8.139667714233983,7.327451714233983,0.09978490873523785,87.24,78.32,90.88,78.71,82.8,77.84666666666668,0,3,0,3,radio_limited_degradation,normal,radio,statistical_only_retained,2.0,3.0,3.0,1.0,0.0,3.0,18.58515934880352,0.0,1.0,3,2,True,36.75,74.3,70.86,72.76,High,High,True,False,,True,priority_and_confidence_gate,High,INC-000471,"new:gap=5.0s,dist=22.82846065815731m,cell=False,family=False"
LTE-TP-EP-000682,542020041221088+20250827134347+Fiji-Nadi-LTE-DL-D!20250827131002,Fiji-Nadi-LTE-DL-D,2025-08-27 03:08:23+02:00,2025-08-27 03:08:24+02:00,2,-17.7771136,177.4309774,-17.7770934,177.4309311,ECI:1067032.0,1067032.0,131.0,356.0,1.0,0.43603998,6.3485759900000005,32.53422829656641,30.80008982576282,0.013959475220248126,79.01,66.36500000000001,79.23,61.825,78.75,71.92,0,2,0,2,radio_limited_degradation,normal,temporal,statistical_only_retained,1.0,2.0,2.0,1.0,0.0,2.0,16.936876737650813,0.0,1.0,2,1,True,29.5,62.45,67.36,64.66,High,High,True,False,,True,priority_and_confidence_gate,Medium,INC-000472,new_session_or_first_episode
LTE-TP-EP-000684,542020041221088+20250827134347+Fiji-Nadi-LTE-DL-D!20250827131002,Fiji-Nadi-LTE-DL-D,2025-08-27 03:08:46+02:00,2025-08-27 03:08:46+02:00,1,-17.77657663,177.43005868,-17.77657663,177.43005868,ECI:1067060.0,1067060.0,129.0,41186.0,41.0,0.027744,0.027744,30.379352273465436,30.351608273465438,0.0009132518610093192,81.3,81.3,80.07,80.07,82.8,82.8,0,1,0,1,radio_limited_degradation,normal,temporal,statistical_only_retained,0.0,1.0,1.0,1.0,0.0,1.0,6.0943497165826575,0.0,1.0,1,1,True,22.25,65.61,72.1,68.53,High,High,True,False,,True,priority_and_confidence_gate,High,INC-000473,"new:gap=22.0s,dist=108.79066951779656m,cell=False,family=True"
LTE-TP-EP-000687,542020041221088+20250827134347+Fiji-Nadi-LTE-DL-D!20250827131002,Fiji-Nadi-LTE-DL-D,2025-08-27 03:09:34+02:00,2025-08-27 03:09:35+02:00,2,-17.77641205,177.42988194,-17.77643414,177.42990727,ECI:1067060.0,1067060.0,129.0,41186.0,41.0,3.049952,3.650192,27.000010268632458,22.749578268632458,0.13185042413283088,65.28,63.86,63.68,63.36,68.02,64.475,0,2,0,2,radio_limited_degradation,normal,temporal,statistical_only_retained,1.0,2.0,2.0,1.0,0.0,2.0,3.830859960668483,0.0,1.0,2,1,True,29.5,55.06,60.13,57.34,High,High,True,False,,True,priority_and_confidence_gate,Medium,INC-000474,"new:gap=48.0s,dist=26.175041135220617m,cell=True,family=True"
LTE-TP-EP-000688,542020041221088+20250827134347+Fiji-Nadi-LTE-DL-D!20250827131002,Fiji-Nadi-LTE-DL-D,2025-08-27 03:09:48+02:00,2025-08-27 03:09:48+02:00,1,-17.77675237,177.43031,-17.77675237,177.43031,ECI:1067060.0,1067060.0,129.0,41186.0,41.0,0.038456,0.038456,18.473267883939883,18.434811883939883,0.0020817107315069315,75.38,75.38,73.67,73.67,77.47,77.47,0,1,0,1,radio_limited_degradation,normal,temporal,statistical_only_retained,0.0,1.0,1.0,1.0,0.0,1.0,5.174044741550993,0.0,1.0,1,1,True,22.25,60.82,68.1,64.09,High,High,True,False,,True,priority_and_confidence_gate,Medium,INC-000475,"new:gap=13.0s,dist=55.41305107422199m,cell=True,family=True"
LTE-TP-EP-000689,542020041221088+20250827134427+Fiji-Nadi-LTE-DL-D!20250827131213,Fiji-Nadi-LTE-DL-D,2025-08-27 03:10:11+02:00,2025-08-27 03:10:11+02:00,1,-17.77721003,177.43119349,-17.77721003,177.43119349,ECI:1067153.0,1067153.0,131.0,1850.0,3.0,5.327192,5.327192,135.5693,130.242108,0.03929497312444632,95.08,95.08,91.05,91.05,100.0,100.0,1,0,0,1,ca_underperformance,ml_quantile_p75_resource_underperformance,capability,statistical_and_ml_consensus,0.0,1.0,1.0,1.0,0.0,1.0,,100.0,1.0,1,0,False,22.25,73.85,100.0,85.62,High,Very High,True,False,,True,priority_and_confidence_gate,High,INC-000476,new_session_or_first_episode
LTE-TP-EP-000690,542020041221088+20250827134427+Fiji-Nadi-LTE-DL-D!20250827131213,Fiji-Nadi-LTE-DL-D,2025-08-27 03:10:36+02:00,2025-08-27 03:10:36+02:00,1,-17.7780566,177.4310495,-17.7780566,177.4310495,ECI:1072692.0,1072692.0,394.0,41384.0,41.0,0.391192,0.391192,15.543253121676198,15.152061121676198,0.025167961747625037,64.41,64.41,62.75,62.75,66.43,66.43,0,1,0,1,sudden_drop,normal,temporal,statistical_only_retained,0.0,1.0,1.0,1.0,0.0,1.0,11.25942178780511,0.0,1.0,1,0,False,22.25,52.62,59.82,55.86,Medium,Medium,True,False,,True,priority_and_confidence_gate,Medium,INC-000477,"new:gap=25.0s,dist=95.36111680182816m,cell=False,family=False"
LTE-TP-EP-000691,542020041221088+20250827134427+Fiji-Nadi-LTE-DL-D!20250827131213,Fiji-Nadi-LTE-DL-D,2025-08-27 03:10:39+02:00,2025-08-27 03:10:42+02:00,3,-17.77814404,177.43099012,-17.77827761,177.43089587,ECI:1072700.0,1072700.0,393.0,40790.0,41.0,1.302648,3.86616,60.15991375,43.93070575,0.09823903308543742,67.89,60.98333333333333,57.77,50.56666666666666,84.8,73.72,0,3,0,2,rb_conditioned_underperformance,normal,temporal,statistical_only_retained,3.0,4.0,3.0,0.75,1.0,2.0,17.900455384136638,0.0,0.6666666666666666,2,0,False,27.0,48.28,67.5,56.93,Medium,High,True,False,,True,priority_and_confidence_gate,Medium,INC-000478,"new:gap=3.0s,dist=11.578724116855305m,cell=False,family=True"
LTE-TP-EP-000692,542020041221088+20250827134427+Fiji-Nadi-LTE-DL-D!20250827131213,Fiji-Nadi-LTE-DL-D,2025-08-27 03:10:54+02:00,2025-08-27 03:10:54+02:00,1,-17.77860553,177.43105841,-17.77860553,177.43105841,ECI:1067060.0,1067060.0,129.0,41186.0,41.0,10.52596,10.52596,70.787155,60.261195,0.1486987293104236,70.06,70.06,68.3,68.3,72.21,72.21,0,1,0,1,ca_underperformance,normal,capability,statistical_only_retained,0.0,1.0,1.0,1.0,0.0,1.0,3.7612250324617045,0.0,1.0,1,0,False,22.25,56.79,64.16,60.1,High,High,True,False,,True,priority_and_confidence_gate,Medium,INC-000479,"new:gap=12.0s,dist=40.320705711351785m,cell=False,family=False"
LTE-TP-EP-000693,542020041221088+20250827134427+Fiji-Nadi-LTE-DL-D!20250827131213,Fiji-Nadi-LTE-DL-D,2025-08-27 03:10:59+02:00,2025-08-27 03:11:00+02:00,2,-17.7785423,177.4312233,-17.7785081,177.4312475,ECI:1067060.0,1067060.0,129.0,41186.0,41.0,4.9104,6.383916,39.21862350761994,31.36119150761994,0.17170932297230007,71.05,68.845,64.55,63.945,80.48,74.84,0,2,0,2,rolling_local_drop,normal,temporal,statistical_only_retained,1.0,2.0,2.0,1.0,0.0,2.0,12.612029272711393,0.0,1.0,2,0,False,29.5,55.64,68.95,61.63,High,High,True,False,,True,priority_and_confidence_gate,Medium,INC-000480,"new:gap=5.0s,dist=18.821844369343466m,cell=True,family=False"
LTE-TP-EP-000694,542020041221088+20250827134427+Fiji-Nadi-LTE-DL-D!20250827131213,Fiji-Nadi-LTE-DL-D,2025-08-27 03:11:16+02:00,2025-08-27 03:11:18+02:00,3,-17.7779439,177.431643,-17.77790675,177.43166789,ECI:1067060.0,1067060.0,129.0,41186.0,41.0,0.15056,18.298351,70.787155,52.488804,0.25849818374534195,75.47,60.873333333333335,69.47,54.66333333333333,82.8,68.46,0,3,0,3,rb_conditioned_underperformance,normal,capability,statistical_only_retained,2.0,3.0,3.0,1.0,0.0,3.0,9.793622179469558,0.0,1.0,3,1,True,36.75,57.59,68.51,62.51,High,High,True,False,,True,priority_and_confidence_gate,Medium,INC-000481,"new:gap=16.0s,dist=75.42921054632892m,cell=True,family=False"
LTE-TP-EP-000695,542020041221088+20250827134427+Fiji-Nadi-LTE-DL-D!20250827131213,Fiji-Nadi-LTE-DL-D,2025-08-27 03:11:32+02:00,2025-08-27 03:11:32+02:00,1,-17.7775008,177.4319431,-17.7775008,177.4319431,ECI:1067060.0,1067060.0,129.0,41186.0,41.0,10.261424,10.261424,54.170067,43.908643000000005,0.18942978231871116,63.99,63.99,58.08,58.08,71.22,71.22,0,1,0,1,ca_underperformance,normal,capability,statistical_only_retained,0.0,1.0,1.0,1.0,0.0,1.0,4.26369413923058,0.0,1.0,1,0,False,22.25,49.12,63.41,55.55,Medium,High,True,False,,True,priority_and_confidence_gate,Medium,INC-000482,"new:gap=14.0s,dist=53.72864924232189m,cell=True,family=True"
LTE-TP-EP-000696,542020041221088+20250827134427+Fiji-Nadi-LTE-DL-D!20250827131213,Fiji-Nadi-LTE-DL-D,2025-08-27 03:11:37+02:00,2025-08-27 03:11:37+02:00,1,-17.7773012,177.4320745,-17.7773012,177.4320745,ECI:1067060.0,1067060.0,129.0,41186.0,41.0,2.247264,2.247264,15.586333795196765,13.339069795196766,0.14418169336861877,63.56,63.56,57.63,57.63,70.81,70.81,0,1,0,1,sudden_drop,normal,temporal,statistical_only_retained,0.0,1.0,1.0,1.0,0.0,1.0,5.663468562339399,0.0,1.0,1,0,False,22.25,48.78,63.11,55.23,Medium,High,True,False,,True,priority_and_confidence_gate,Medium,INC-000483,"new:gap=5.0s,dist=26.19501801104435m,cell=True,family=False"
LTE-TP-EP-000697,542020041221088+20250827134427+Fiji-Nadi-LTE-DL-D!20250827131213,Fiji-Nadi-LTE-DL-D,2025-08-27 03:11:55+02:00,2025-08-27 03:11:56+02:00,2,-17.77683173,177.43240343,-17.77680505,177.43242336,ECI:1067060.0,1067060.0,129.0,41186.0,41.0,0.012176,0.096868,20.80360031561693,20.62204031561693,0.0006934981470751908,76.61,76.16,73.02,72.72,81.0,80.37,0,2,0,2,rolling_local_drop,normal,temporal,statistical_only_retained,1.0,2.0,2.0,1.0,0.0,2.0,6.988279772601201,0.0,1.0,2,0,False,29.5,62.06,70.59,65.9,High,High,True,False,,True,priority_and_confidence_gate,High,INC-000484,"new:gap=18.0s,dist=62.75496530368708m,cell=True,family=True"
LTE-TP-EP-000698,542020041221088+20250827134427+Fiji-Nadi-LTE-DL-D!20250827131213,Fiji-Nadi-LTE-DL-D,2025-08-27 03:12:10+02:00,2025-08-27 03:12:11+02:00,2,-17.77626692,177.43275717,-17.77621723,177.43278523,ECI:1067060.0,1067060.0,129.0,41186.0,41.0,4.866832,15.723635999999999,60.236057391266925,33.65561739126693,0.15513835703148324,74.66,65.18,66.5,53.685,84.64,79.235,0,2,0,2,sudden_drop,ml_hgb_strict_causal_temporal_underperformance,temporal,statistical_only_retained,1.0,2.0,2.0,1.0,0.0,2.0,6.451996972004372,0.0,1.0,2,0,False,29.5,54.05,72.13,62.18,Medium,High,True,False,,True,priority_and_confidence_gate,Medium,INC-000485,"new:gap=14.0s,dist=69.49706331938228m,cell=True,family=True"
LTE-TP-EP-000699,542020041221088+20250827134607+Fiji-Nadi-LTE-DL-D!20250827131425,Fiji-Nadi-LTE-DL-D,2025-08-27 03:12:34+02:00,2025-08-27 03:12:36+02:00,3,-17.7754463,177.4326012,-17.77541211,177.43255691,ECI:1067060.0,1067060.0,129.0,41186.0,41.0,0.013592,5.107624,70.787155,62.370515,0.0004114522096322307,85.55,78.81,81.18,74.86333333333334,100.0,83.63666666666667,1,2,0,3,rolling_local_drop,normal,temporal,statistical_only_retained,2.0,3.0,3.0,1.0,0.0,3.0,14.158844721108792,33.33333333333333,1.0,3,0,False,36.75,68.49,85.91,76.33,High,Very High,True,False,,True,priority_and_confidence_gate,High,INC-000486,new_session_or_first_episode
LTE-TP-EP-000700,542020041221088+20250827134607+Fiji-Nadi-LTE-DL-D!20250827131425,Fiji-Nadi-LTE-DL-D,2025-08-27 03:12:45+02:00,2025-08-27 03:12:47+02:00,3,-17.7750392,177.4325465,-17.7749278,177.4326335,ECI:1067060.0,1067060.0,129.0,41186.0,41.0,0.025344,19.653336,92.02218995975792,72.36885395975793,0.0005275144108750298,85.2,80.67666666666666,87.16,70.32666666666667,100.0,93.32666666666667,2,1,0,3,radio_limited_degradation,ml_quantile_p75_resource_underperformance,temporal,statistical_and_ml_consensus,2.0,3.0,3.0,1.0,0.0,3.0,28.917833352229053,66.66666666666666,1.0,3,1,True,36.75,70.35,93.33,80.69,High,Very High,True,False,,True,priority_and_confidence_gate,High,INC-000487,"new:gap=9.0s,dist=41.48040572120709m,cell=True,family=True"
LTE-TP-EP-000701,542020041221088+20250827134607+Fiji-Nadi-LTE-DL-D!20250827131425,Fiji-Nadi-LTE-DL-D,2025-08-27 03:12:59+02:00,2025-08-27 03:13:01+02:00,3,-17.77432,177.4330367,-17.7741945,177.433119,ECI:1067150.0,1067150.0,338.0,41186.0,41.0,0.191752,9.958744,54.170067,44.21132300000001,0.011025519078340918,76.5,63.28666666666667,71.45,58.63999999999999,82.67,68.96666666666667,0,3,0,3,ca_underperformance,normal,capability,statistical_only_retained,2.0,3.0,3.0,1.0,0.0,3.0,32.95256608013675,0.0,1.0,3,2,True,36.75,59.57,68.58,63.62,High,High,True,False,,True,priority_and_confidence_gate,Medium,INC-000488,"new:gap=12.0s,dist=79.9399707001129m,cell=False,family=False"
LTE-TP-EP-000702,542020041221088+20250827134607+Fiji-Nadi-LTE-DL-D!20250827131425,Fiji-Nadi-LTE-DL-D,2025-08-27 03:13:19+02:00,2025-08-27 03:13:21+02:00,3,-17.77397939,177.43325537,-17.77396512,177.43329961,ECI:1067148.0,1067148.0,339.0,41186.0,41.0,0.186728,1.305968,70.787155,60.819002999999995,0.0590825483259108,83.34,78.46666666666667,71.63,70.23666666666666,99.98,88.52666666666666,1,2,0,3,radio_limited_degradation,normal,capability,statistical_only_retained,2.0,3.0,3.0,1.0,0.0,3.0,5.603360492760604,33.33333333333333,1.0,3,2,True,36.75,62.56,87.12,73.61,High,Very High,True,False,,True,priority_and_confidence_gate,High,INC-000489,"new:gap=18.0s,dist=27.939878805972075m,cell=False,family=True"
LTE-TP-EP-000703,542020041221088+20250827134607+Fiji-Nadi-LTE-DL-D!20250827131425,Fiji-Nadi-LTE-DL-D,2025-08-27 03:13:34+02:00,2025-08-27 03:13:44+02:00,10,-17.77381905,177.43379696,-17.7732165,177.4342317,ECI:1067148.0,1067148.0,339.0,41186.0,41.0,0.112184,0.71616,,,,87.1,80.901,90.61,88.865,82.8,71.166,0,10,0,1,radio_limited_degradation,normal,radio,statistical_only_retained,10.0,11.0,10.0,0.9090909090909091,1.0,8.0,67.13839837707405,0.0,0.1,1,10,True,74.14,86.06,60.19,74.42,Critical,High,True,True,critical_impact_with_verified_direct_evidence,True,critical_verified_direct_evidence_override,High,INC-000490,"new:gap=13.0s,dist=55.111003102757216m,cell=True,family=True"
LTE-TP-EP-000704,542020041221088+20250827134607+Fiji-Nadi-LTE-DL-D!20250827131425,Fiji-Nadi-LTE-DL-D,2025-08-27 03:13:55+02:00,2025-08-27 03:13:57+02:00,3,-17.7726264,177.4346382,-17.77256579,177.43467508,ECI:1067148.0,1067148.0,339.0,41186.0,41.0,0.009792,0.122992,44.64335083217026,30.987839284587597,0.00031589510534208793,81.46,73.17666666666666,80.37,69.09333333333333,82.8,78.17,0,3,0,3,radio_limited_degradation,normal,temporal,statistical_only_retained,2.0,3.0,3.0,1.0,0.0,3.0,22.94058609546476,0.0,1.0,3,2,True,36.75,66.65,70.94,68.58,High,High,True,False,,True,priority_and_confidence_gate,High,INC-000491,"new:gap=11.0s,dist=78.47441556420229m,cell=True,family=True"
LTE-TP-EP-000706,542020041221088+20250827134808+Fiji-Nadi-LTE-DL-D!20250827131638,Fiji-Nadi-LTE-DL-D,2025-08-27 03:14:43+02:00,2025-08-27 03:14:44+02:00,2,-17.77033897,177.43616212,-17.7702472,177.4360412,ECI:1066035.0,1066035.0,123.0,41186.0,41.0,6.979968,10.120164,60.097231750000006,46.83687175000001,0.17008874463580623,59.81,57.775000000000006,58.38,56.175,61.55,59.724999999999994,0,2,0,2,ca_underperformance,normal,capability,statistical_only_retained,1.0,2.0,2.0,1.0,0.0,2.0,23.68825220918914,0.0,1.0,2,1,True,29.5,50.61,55.71,52.9,Medium,Medium,True,False,,True,priority_and_confidence_gate,Medium,INC-000492,new_session_or_first_episode
LTE-TP-EP-000707,542020041221088+20250827134808+Fiji-Nadi-LTE-DL-D!20250827131638,Fiji-Nadi-LTE-DL-D,2025-08-27 03:14:49+02:00,2025-08-27 03:14:51+02:00,3,-17.77009179,177.4357823,-17.77001618,177.43565756,ECI:1067041.0,1067041.0,339.0,1850.0,3.0,7.04532,7.12268,,,,62.08,60.0,66.34,65.83333333333333,58.4,52.870000000000005,0,3,0,0,radio_limited_degradation,normal,radio,statistical_only_retained,2.0,3.0,3.0,1.0,0.0,3.0,15.730333367015959,0.0,0.0,0,3,True,36.75,58.82,42.42,51.44,High,Medium,True,False,,True,priority_and_confidence_gate,Medium,INC-000493,"new:gap=5.0s,dist=32.406818288675616m,cell=False,family=False"
LTE-TP-EP-000709,542020041221088+20250827134808+Fiji-Nadi-LTE-DL-D!20250827131638,Fiji-Nadi-LTE-DL-D,2025-08-27 03:15:24+02:00,2025-08-27 03:15:25+02:00,2,-17.7684647,177.4345811,-17.7684156,177.4346195,ECI:1072408.0,1072408.0,395.0,356.0,1.0,0.092952,4.02524,18.39684346095883,18.30389146095883,0.005052605910207349,76.03,67.18,71.96,57.545,81.0,78.955,0,2,0,2,radio_limited_degradation,normal,temporal,statistical_only_retained,1.0,2.0,2.0,1.0,0.0,2.0,20.93516469006594,0.0,1.0,2,1,True,29.5,57.74,70.24,63.37,High,High,True,False,,True,priority_and_confidence_gate,Medium,INC-000494,"new:gap=33.0s,dist=206.77298266618345m,cell=False,family=True"
LTE-TP-EP-000710,542020041221088+20250827134808+Fiji-Nadi-LTE-DL-D!20250827131638,Fiji-Nadi-LTE-DL-D,2025-08-27 03:15:38+02:00,2025-08-27 03:15:40+02:00,3,-17.7682506,177.4351813,-17.76829874,177.43523972,ECI:1072445.0,1072445.0,395.0,40790.0,41.0,0.796032,2.456904,119.0290425,116.57213850000001,0.020641214517036884,96.58,80.10666666666667,95.72,79.23333333333333,97.63,81.17,0,3,0,3,ca_underperformance,normal,capability,statistical_only_retained,2.0,3.0,3.0,1.0,0.0,3.0,23.156199923996148,0.0,1.0,3,0,False,36.75,76.86,79.11,77.87,High,High,True,False,,True,priority_and_confidence_gate,High,INC-000495,"new:gap=13.0s,dist=62.254471043490774m,cell=False,family=False"
LTE-TP-EP-000711,542020041221088+20250827134808+Fiji-Nadi-LTE-DL-D!20250827131638,Fiji-Nadi-LTE-DL-D,2025-08-27 03:15:55+02:00,2025-08-27 03:15:55+02:00,1,-17.7688392,177.4359416,-17.7688392,177.4359416,ECI:1072405.0,1072405.0,395.0,500.0,1.0,0.620328,0.620328,23.89996124404382,23.27963324404382,0.02595518853214014,73.04,73.04,75.48,75.48,70.05,70.05,0,1,0,1,sudden_drop,normal,temporal,statistical_only_retained,0.0,1.0,1.0,1.0,0.0,1.0,2.9861550248243702,0.0,1.0,1,0,False,22.25,62.17,62.54,62.34,High,High,True,False,,True,priority_and_confidence_gate,Medium,INC-000496,"new:gap=15.0s,dist=95.57947354108386m,cell=False,family=False"
LTE-TP-EP-000713,542020041221088+20250827134908+Fiji-Nadi-LTE-DL-D!20250827131851,Fiji-Nadi-LTE-DL-D,2025-08-27 03:17:01+02:00,2025-08-27 03:17:10+02:00,8,-17.7706803,177.4367141,-17.7709019,177.4369511,ECI:1066015.0,1066015.0,123.0,1850.0,3.0,10.731592,29.1735875,135.5693,101.50347,0.13477784624863745,74.47,61.635,73.17,61.61,76.05,61.6675,0,8,0,6,rb_conditioned_underperformance,normal,capability,statistical_only_retained,9.0,10.0,8.0,0.8,2.0,4.0,32.3423213790946,0.0,0.75,6,5,True,46.0,63.49,60.94,62.34,High,High,True,False,,True,priority_and_confidence_gate,Medium,INC-000497,new_session_or_first_episode
LTE-TP-EP-000718,542020041221088+20250827134908+Fiji-Nadi-LTE-DL-D!20250827131851,Fiji-Nadi-LTE-DL-D,2025-08-27 03:18:37+02:00,2025-08-27 03:18:39+02:00,3,-17.77081399,177.4393515,-17.77091207,177.43942816,ECI:1067061.0,1067061.0,123.0,41384.0,41.0,5.054024,5.39484,38.729599,29.001119000000003,0.25118979414168474,62.19,57.25333333333333,73.31,64.37333333333333,61.04,48.54333333333333,0,3,0,1,radio_limited_degradation,normal,radio,statistical_only_retained,2.0,3.0,3.0,1.0,0.0,3.0,20.326956644299987,0.0,0.3333333333333333,1,2,True,36.75,61.94,45.99,54.76,High,Medium,True,False,,True,priority_and_confidence_gate,Medium,INC-000498,"new:gap=87.0s,dist=254.36476438092407m,cell=False,family=False"
LTE-TP-EP-000719,542020041221088+20250827134908+Fiji-Nadi-LTE-DL-D!20250827131851,Fiji-Nadi-LTE-DL-D,2025-08-27 03:18:41+02:00,2025-08-27 03:18:42+02:00,2,-17.77101559,177.43950994,-17.77106827,177.43954665,ECI:1066048.0,1066048.0,123.0,356.0,1.0,1.80516,5.518768000000001,,,,70.25,65.405,84.68,71.685,62.84,57.725,0,2,0,2,radio_limited_degradation,normal,radio,statistical_only_retained,1.0,2.0,2.0,1.0,0.0,2.0,14.201023896204703,0.0,1.0,2,2,True,29.5,67.64,55.85,62.33,High,Medium,True,False,,True,priority_and_confidence_gate,Medium,INC-000499,"new:gap=2.0s,dist=14.404524297635025m,cell=False,family=True"
LTE-TP-EP-000720,542020041221088+20250827134908+Fiji-Nadi-LTE-DL-D!20250827131851,Fiji-Nadi-LTE-DL-D,2025-08-27 03:18:43+02:00,2025-08-27 03:18:43+02:00,1,-17.7711259,177.43958516,-17.7711259,177.43958516,ECI:1067028.0,1067028.0,123.0,40988.0,41.0,4.49012,4.49012,,,,72.13,72.13,75.28,75.28,68.28,68.28,0,1,0,1,rb_efficiency_underperformance,normal,radio,statistical_only_retained,0.0,1.0,1.0,1.0,0.0,1.0,7.595596282416724,0.0,1.0,1,1,True,22.25,62.02,61.21,61.66,High,High,True,False,,True,priority_and_confidence_gate,Medium,INC-000500,"new:gap=1.0s,dist=7.595596281792185m,cell=False,family=True"
LTE-TP-EP-000721,542020041221088+20250827134948+Fiji-Nadi-LTE-DL-D!20250827132103,Fiji-Nadi-LTE-DL-D,2025-08-27 03:19:02+02:00,2025-08-27 03:19:03+02:00,2,-17.77212151,177.43940183,-17.77213266,177.43934053,ECI:1067831.0,1067831.0,127.0,41384.0,41.0,0.298448,0.790004,,,,72.94,71.715,89.96,88.235,52.13,51.519999999999996,0,2,0,2,radio_limited_degradation,normal,radio,statistical_only_retained,1.0,2.0,2.0,1.0,0.0,2.0,7.300862331139694,0.0,1.0,2,2,True,29.5,74.41,48.94,62.95,High,Medium,True,False,,True,priority_and_confidence_gate,Medium,INC-000501,new_session_or_first_episode
LTE-TP-EP-000722,542020041221088+20250827134948+Fiji-Nadi-LTE-DL-D!20250827132103,Fiji-Nadi-LTE-DL-D,2025-08-27 03:19:04+02:00,2025-08-27 03:19:04+02:00,1,-17.7721071,177.4392267,-17.7721071,177.4392267,ECI:1067031.0,1067031.0,127.0,41384.0,41.0,0.298448,0.298448,,,,73.27,73.27,89.96,89.96,52.87,52.87,0,1,0,1,radio_limited_degradation,normal,radio,statistical_only_retained,0.0,1.0,1.0,1.0,0.0,1.0,12.383856763290263,0.0,1.0,1,1,True,22.25,73.03,49.65,62.51,High,Medium,True,False,,True,priority_and_confidence_gate,Medium,INC-000502,"new:gap=1.0s,dist=12.383856762987005m,cell=False,family=True"
LTE-TP-EP-000726,542020041221088+20250827135108+Fiji-Nadi-LTE-DL-D!20250827132314,Fiji-Nadi-LTE-DL-D,2025-08-27 03:21:27+02:00,2025-08-27 03:21:28+02:00,2,-17.7735382,177.4377133,-17.7734947,177.4377569,ECI:1067151.0,1067151.0,339.0,41384.0,41.0,1.15976,1.169924,,,,65.37,65.245,65.94,65.905,64.76,64.44,0,2,0,1,radio_limited_degradation,normal,radio,statistical_only_retained,1.0,2.0,2.0,1.0,0.0,2.0,20.41511911819787,0.0,0.5,1,2,True,29.5,56.82,53.49,55.32,High,Medium,True,False,,True,priority_and_confidence_gate,Medium,INC-000503,new_session_or_first_episode
LTE-TP-EP-000727,542020041221088+20250827135108+Fiji-Nadi-LTE-DL-D!20250827132314,Fiji-Nadi-LTE-DL-D,2025-08-27 03:21:41+02:00,2025-08-27 03:21:43+02:00,2,-17.77295062,177.43830511,-17.7727992,177.4384379,ECI:1067151.0,1067151.0,339.0,41384.0,41.0,2.563368,3.4966999999999997,,,,57.19,54.099999999999994,61.03,57.760000000000005,52.49,49.620000000000005,0,2,0,1,radio_limited_degradation,normal,radio,statistical_only_retained,2.0,3.0,2.0,0.6666666666666666,1.0,1.0,14.852559343624572,0.0,0.5,1,2,True,18.5,49.58,43.65,46.91,Medium,Medium,True,False,,True,priority_and_confidence_gate,Medium,INC-000504,"new:gap=13.0s,dist=83.8439036873737m,cell=True,family=True"
LTE-TP-EP-000728,542020041221088+20250827135108+Fiji-Nadi-LTE-DL-D!20250827132314,Fiji-Nadi-LTE-DL-D,2025-08-27 03:21:52+02:00,2025-08-27 03:21:52+02:00,1,-17.7724144,177.4386594,-17.7724144,177.4386594,ECI:1067831.0,1067831.0,127.0,41384.0,41.0,5.557952,5.557952,38.729599,33.171647,0.14350657232469669,63.75,63.75,61.27,61.27,66.78,66.78,0,1,0,1,ca_underperformance,normal,capability,statistical_only_retained,0.0,1.0,1.0,1.0,0.0,1.0,9.210193310169432,0.0,1.0,1,0,False,22.25,51.52,60.08,55.37,Medium,High,True,False,,True,priority_and_confidence_gate,Medium,INC-000505,"new:gap=9.0s,dist=48.794510395390624m,cell=False,family=False"
LTE-TP-EP-000729,542020041221088+20250827135108+Fiji-Nadi-LTE-DL-D!20250827132314,Fiji-Nadi-LTE-DL-D,2025-08-27 03:21:55+02:00,2025-08-27 03:21:55+02:00,1,-17.77235009,177.43856157,-17.77235009,177.43856157,ECI:1067151.0,1067151.0,339.0,41384.0,41.0,4.17916,4.17916,38.729599,34.550439,0.1079061004478771,67.49,67.49,65.76,65.76,69.6,69.6,0,1,0,1,ca_underperformance,normal,capability,statistical_only_retained,0.0,1.0,1.0,1.0,0.0,1.0,6.633363722340177,0.0,1.0,1,0,False,22.25,54.88,62.2,58.18,Medium,High,True,False,,True,priority_and_confidence_gate,Medium,INC-000506,"new:gap=3.0s,dist=12.587553005522098m,cell=False,family=True"
LTE-TP-EP-000730,542020041221088+20250827135108+Fiji-Nadi-LTE-DL-D!20250827132314,Fiji-Nadi-LTE-DL-D,2025-08-27 03:22:13+02:00,2025-08-27 03:22:14+02:00,2,-17.77130787,177.43714477,-17.77127579,177.4370691,ECI:1067048.0,1067048.0,339.0,40790.0,41.0,7.154304,7.7465,49.4498,42.295496,0.1446781180105885,64.61,62.620000000000005,63.77,62.035,65.63,63.334999999999994,0,2,0,2,ca_underperformance,normal,capability,statistical_only_retained,1.0,2.0,2.0,1.0,0.0,2.0,18.339954559870286,0.0,1.0,2,0,False,29.5,54.77,58.65,56.51,Medium,Medium,True,False,,True,priority_and_confidence_gate,Medium,INC-000507,"new:gap=18.0s,dist=189.57164608501105m,cell=False,family=True"
LTE-TP-EP-000731,542020041221088+20250827135108+Fiji-Nadi-LTE-DL-D!20250827132314,Fiji-Nadi-LTE-DL-D,2025-08-27 03:22:16+02:00,2025-08-27 03:22:23+02:00,5,-17.7712606,177.4368713,-17.77159896,177.43645341,ECI:1066045.0,1066045.0,123.0,40790.0,41.0,2.8223839,4.903248,,,,73.03,65.92,81.12,74.024,65.2,56.013999999999996,0,5,0,2,radio_limited_degradation,normal,radio,statistical_only_retained,7.0,8.0,5.0,0.625,3.0,2.0,45.84260556269714,0.0,0.4,2,5,True,27.62,65.97,50.6,59.06,High,Medium,True,False,,True,priority_and_confidence_gate,Medium,INC-000508,"new:gap=2.0s,dist=21.012865851751624m,cell=False,family=False"
LTE-TP-EP-000732,542020041221088+20250827135108+Fiji-Nadi-LTE-DL-D!20250827132314,Fiji-Nadi-LTE-DL-D,2025-08-27 03:22:28+02:00,2025-08-27 03:22:28+02:00,1,-17.7720365,177.4359201,-17.7720365,177.4359201,ECI:1067048.0,1067048.0,339.0,40790.0,41.0,3.832192,3.832192,,,,70.34,70.34,77.59,77.59,61.47,61.47,0,1,0,0,radio_limited_degradation,normal,radio,statistical_only_retained,0.0,1.0,1.0,1.0,0.0,1.0,25.463402912378864,0.0,0.0,0,1,True,22.25,63.76,46.1,55.81,High,Medium,True,False,,True,priority_and_confidence_gate,Medium,INC-000509,"new:gap=5.0s,dist=74.53913834071734m,cell=False,family=True"
LTE-TP-EP-000735,542020041221088+20250827135148+Fiji-Nadi-LTE-DL-D!20250827132524,Fiji-Nadi-LTE-DL-D,2025-08-27 03:24:01+02:00,2025-08-27 03:24:04+02:00,2,-17.7764672,177.4329141,-17.7764988,177.4328923,ECI:1067153.0,1067153.0,338.0,41384.0,41.0,4.04468,4.925596,,,,58.36,57.215,55.84,52.760000000000005,63.89,62.66,0,2,0,1,radio_limited_degradation,normal,radio,statistical_only_retained,3.0,4.0,2.0,0.5,2.0,1.0,6.523643469351693,0.0,0.5,1,2,True,16.0,45.11,52.61,48.48,Medium,Medium,True,False,,True,priority_and_confidence_gate,Medium,INC-000510,new_session_or_first_episode
LTE-TP-EP-000740,542020041221088+20250827135148+Fiji-Nadi-LTE-DL-D!20250827132524,Fiji-Nadi-LTE-DL-D,2025-08-27 03:24:59+02:00,2025-08-27 03:25:02+02:00,2,-17.7765064,177.4328884,-17.7765064,177.4328884,ECI:1067153.0,1067153.0,338.0,41384.0,41.0,23.518896,26.484855500000002,105.95971,82.440814,0.221960743380668,63.13,59.47,62.05,59.545,64.45,59.375,0,2,0,1,rb_conditioned_underperformance,normal,capability,statistical_only_retained,3.0,4.0,2.0,0.5,2.0,1.0,0.0,0.0,0.5,1,1,True,16.0,49.91,52.07,50.88,Medium,Medium,True,False,,True,priority_and_confidence_gate,Medium,INC-000511,"new:gap=55.0s,dist=0.940583273512966m,cell=True,family=False"
LTE-TP-EP-000741,542020041221088+20250827135148+Fiji-Nadi-LTE-DL-D!20250827132524,Fiji-Nadi-LTE-DL-D,2025-08-27 03:25:19+02:00,2025-08-27 03:25:20+02:00,2,-17.7766786,177.4328159,-17.7767059,177.4328334,ECI:1067153.0,1067153.0,338.0,41384.0,41.0,1.911704,4.2894,,,,67.29,64.67,63.31,54.99,80.84,76.495,0,2,0,2,radio_limited_degradation,normal,radio,statistical_only_retained,1.0,2.0,2.0,1.0,0.0,2.0,10.470034988084462,0.0,1.0,2,2,True,29.5,52.78,69.54,60.32,Medium,High,True,False,,True,priority_and_confidence_gate,Medium,INC-000512,"new:gap=17.0s,dist=20.62935312385623m,cell=True,family=False"
LTE-TP-EP-000747,542020041221088+20250827135208+Fiji-Nadi-LTE-DL-D!20250827132735,Fiji-Nadi-LTE-DL-D,2025-08-27 03:26:40+02:00,2025-08-27 03:26:41+02:00,2,-17.7764878,177.4337492,-17.77648966,177.43374895,ECI:1067152.0,1067152.0,340.0,41384.0,41.0,0.05712,0.185204,17.189776307247076,17.132656307247075,0.003322905369973817,74.19,73.765,71.77,70.33500000000001,78.76,77.95,0,2,0,2,radio_limited_degradation,normal,radio,statistical_only_retained,1.0,2.0,2.0,1.0,0.0,2.0,17.835033526803034,0.0,1.0,2,1,True,29.5,60.84,68.87,64.45,High,High,True,False,,True,priority_and_confidence_gate,Medium,INC-000513,new_session_or_first_episode
LTE-TP-EP-000748,542020041221088+20250827135208+Fiji-Nadi-LTE-DL-D!20250827132735,Fiji-Nadi-LTE-DL-D,2025-08-27 03:26:46+02:00,2025-08-27 03:26:51+02:00,3,-17.77666622,177.43340226,-17.77673977,177.433102,ECI:1067153.0,1067153.0,338.0,41384.0,41.0,10.849432,27.677088,98.07729499999999,70.400207,0.17852567955871243,69.31,60.02,60.99,55.29333333333333,79.47,65.79333333333334,0,3,0,1,rb_conditioned_underperformance,normal,capability,statistical_only_retained,5.0,6.0,3.0,0.5,3.0,1.0,15.031278542080244,0.0,0.3333333333333333,1,2,True,17.25,48.63,59.52,53.53,Medium,Medium,True,False,,True,priority_and_confidence_gate,Medium,INC-000514,"new:gap=5.0s,dist=41.629735644965365m,cell=False,family=False"
LTE-TP-EP-000749,542020041221088+20250827135208+Fiji-Nadi-LTE-DL-D!20250827132735,Fiji-Nadi-LTE-DL-D,2025-08-27 03:27:07+02:00,2025-08-27 03:27:07+02:00,1,-17.77695055,177.43268876,-17.77695055,177.43268876,ECI:1067153.0,1067153.0,338.0,41384.0,41.0,2.561208,2.561208,20.98854938962172,18.42734138962172,0.12202882402470604,76.43,76.43,67.12,67.12,87.8,87.8,0,1,0,1,sudden_drop,normal,temporal,statistical_only_retained,0.0,1.0,1.0,1.0,0.0,1.0,5.082880589448829,0.0,1.0,1,0,False,22.25,55.9,75.85,64.88,High,High,True,False,,True,priority_and_confidence_gate,Medium,INC-000515,"new:gap=16.0s,dist=49.638051463292264m,cell=True,family=False"
LTE-TP-EP-000751,542020041221088+20250827135208+Fiji-Nadi-LTE-DL-D!20250827132735,Fiji-Nadi-LTE-DL-D,2025-08-27 03:27:20+02:00,2025-08-27 03:27:22+02:00,3,-17.77735588,177.43238245,-17.7774717,177.4323026,ECI:1067153.0,1067153.0,338.0,41384.0,41.0,3.169384,4.88552,28.12277814676905,13.92466614676905,0.5048616436790824,70.49,62.48333333333333,58.91,48.419999999999995,84.65,79.67333333333333,0,3,0,3,radio_limited_degradation,normal,radio,statistical_only_retained,2.0,3.0,3.0,1.0,0.0,3.0,20.564923091087536,0.0,1.0,3,3,True,36.75,50.75,72.24,60.42,Medium,High,True,False,,True,priority_and_confidence_gate,Medium,INC-000516,"new:gap=13.0s,dist=55.527666268698m,cell=True,family=False"
LTE-TP-EP-000752,542020041221088+20250827135208+Fiji-Nadi-LTE-DL-D!20250827132735,Fiji-Nadi-LTE-DL-D,2025-08-27 03:27:32+02:00,2025-08-27 03:27:32+02:00,1,-17.7778896,177.4320194,-17.7778896,177.4320194,ECI:1067153.0,1067153.0,338.0,41384.0,41.0,2.369368,2.369368,15.7547318463107,13.3853638463107,0.15039088085493738,75.31,75.31,63.97,63.97,89.17,89.17,0,1,0,1,sudden_drop,normal,temporal,statistical_only_retained,0.0,1.0,1.0,1.0,0.0,1.0,10.668047907869743,0.0,1.0,1,0,False,22.25,53.54,76.88,64.04,Medium,High,True,False,,True,priority_and_confidence_gate,Medium,INC-000517,"new:gap=10.0s,dist=55.303872052350705m,cell=True,family=False"
LTE-TP-EP-000753,542020041221088+20250827135348+Fiji-Nadi-LTE-DL-D!20250827133514,Fiji-Nadi-LTE-DL-D,2025-08-27 03:33:16+02:00,2025-08-27 03:33:16+02:00,1,-17.7929516,177.4226433,-17.7929516,177.4226433,ECI:1064767.0,1064767.0,147.0,40988.0,41.0,0.001216,0.001216,,,,80.97,80.97,100.0,100.0,57.72,57.72,0,1,0,1,radio_limited_degradation,normal,radio,statistical_only_retained,0.0,1.0,1.0,1.0,0.0,1.0,0.0,0.0,1.0,1,1,True,22.25,80.56,53.29,68.29,Critical,Medium,True,True,critical_impact_with_verified_direct_evidence,True,critical_verified_direct_evidence_override,High,INC-000518,new_session_or_first_episode
LTE-TP-EP-000754,542020041221088+20250827135348+Fiji-Nadi-LTE-DL-D!20250827133514,Fiji-Nadi-LTE-DL-D,2025-08-27 03:33:27+02:00,2025-08-27 03:33:27+02:00,1,-17.79294343,177.42265193,-17.79294343,177.42265193,ECI:1064764.0,1064764.0,147.0,40790.0,41.0,1.5040799,1.5040799,49.4498,47.9457201,0.030416298953686364,80.15,80.15,80.32,80.32,79.94,79.94,0,1,0,1,ca_underperformance,normal,capability,statistical_only_retained,0.0,1.0,1.0,1.0,0.0,1.0,0.39834575816525597,0.0,1.0,1,0,False,22.25,65.8,69.96,67.67,High,High,True,False,,True,priority_and_confidence_gate,High,INC-000519,"new:gap=11.0s,dist=1.2884784681380042m,cell=False,family=False"
LTE-TP-EP-000755,542020041221088+20250827135348+Fiji-Nadi-LTE-DL-D!20250827133514,Fiji-Nadi-LTE-DL-D,2025-08-27 03:33:38+02:00,2025-08-27 03:33:39+02:00,2,-17.79294239,177.42265347,-17.7929424,177.4226535,ECI:1064764.0,1064764.0,147.0,40790.0,41.0,2.709888,2.889668,,,,73.65,72.86,90.52,89.89,54.57,52.05,0,2,0,2,radio_limited_degradation,normal,radio,statistical_only_retained,1.0,2.0,2.0,1.0,0.0,2.0,0.003365301064721918,0.0,1.0,2,2,True,29.5,75.11,50.3,63.94,High,Medium,True,False,,True,priority_and_confidence_gate,Medium,INC-000520,"new:gap=11.0s,dist=0.199896001973182m,cell=True,family=False"
LTE-TP-EP-000756,542020041221088+20250827135348+Fiji-Nadi-LTE-DL-D!20250827133514,Fiji-Nadi-LTE-DL-D,2025-08-27 03:33:40+02:00,2025-08-27 03:33:40+02:00,1,-17.79294239,177.42265347,-17.79294239,177.42265347,ECI:1065503.0,1065503.0,147.0,40790.0,41.0,0.506368,0.506368,,,,80.9,80.9,98.23,98.23,59.72,59.72,0,1,0,1,radio_limited_degradation,normal,radio,statistical_only_retained,0.0,1.0,1.0,1.0,0.0,1.0,0.003365301064721918,0.0,1.0,1,1,True,22.25,79.24,54.79,68.23,High,Medium,True,False,,True,priority_and_confidence_gate,High,INC-000521,"new:gap=1.0s,dist=0.0033652996500882805m,cell=False,family=True"
LTE-TP-EP-000757,542020041221088+20250827135348+Fiji-Nadi-LTE-DL-D!20250827133514,Fiji-Nadi-LTE-DL-D,2025-08-27 03:33:50+02:00,2025-08-27 03:33:50+02:00,1,-17.79294239,177.42265347,-17.79294239,177.42265347,ECI:1065543.0,1065543.0,132.0,9310.0,28.0,7.949456,7.949456,59.51545075,51.56599475,0.13356961763412334,73.05,73.05,68.05,68.05,79.16,79.16,0,1,0,1,ca_underperformance,ml_quantile_p75_resource_underperformance,capability,statistical_only_retained,0.0,1.0,1.0,1.0,0.0,1.0,0.0,0.0,1.0,1,0,False,22.25,56.6,69.37,62.35,High,High,True,False,,True,priority_and_confidence_gate,Medium,INC-000522,"new:gap=10.0s,dist=0.0m,cell=False,family=False"
LTE-TP-EP-000759,542020041221088+20250827135348+Fiji-Nadi-LTE-DL-D!20250827133514,Fiji-Nadi-LTE-DL-D,2025-08-27 03:34:21+02:00,2025-08-27 03:34:21+02:00,1,-17.79216759,177.42265687,-17.79216759,177.42265687,ECI:1065543.0,1065543.0,132.0,9310.0,28.0,3.984264,3.984264,19.580678072804297,15.596414072804297,0.20347936803750247,66.97,66.97,50.51,50.51,87.09,87.09,0,1,0,1,rolling_local_drop,normal,temporal,statistical_only_retained,0.0,1.0,1.0,1.0,0.0,1.0,0.17955241021207707,0.0,1.0,1,0,False,22.25,43.44,75.32,57.79,Medium,High,True,False,,True,priority_and_confidence_gate,Medium,INC-000523,"new:gap=31.0s,dist=86.15470022104886m,cell=True,family=False"
LTE-TP-EP-000760,542020041221088+20250827135348+Fiji-Nadi-LTE-DL-D!20250827133514,Fiji-Nadi-LTE-DL-D,2025-08-27 03:34:37+02:00,2025-08-27 03:34:37+02:00,1,-17.7914438,177.4233813,-17.7914438,177.4233813,ECI:1065543.0,1065543.0,132.0,9310.0,28.0,7.759808,7.759808,35.8816643575282,28.121856357528202,0.21626109432050195,74.62,74.62,60.27,60.27,92.17,92.17,0,1,0,1,radio_limited_degradation,normal,temporal,statistical_only_retained,0.0,1.0,1.0,1.0,0.0,1.0,7.476150881115589,0.0,1.0,1,1,True,22.25,50.77,79.13,63.53,Medium,High,True,False,,True,priority_and_confidence_gate,Medium,INC-000524,"new:gap=16.0s,dist=111.17685504916648m,cell=True,family=True"
LTE-TP-EP-000761,542020041221088+20250827135348+Fiji-Nadi-LTE-DL-D!20250827133514,Fiji-Nadi-LTE-DL-D,2025-08-27 03:34:54+02:00,2025-08-27 03:34:56+02:00,3,-17.79067014,177.42436939,-17.79057559,177.42451332,ECI:1065543.0,1065543.0,132.0,9310.0,28.0,2.757272,6.532792,,,,77.82,64.97333333333333,69.35,56.92666666666667,88.17,74.80666666666667,0,3,0,3,radio_limited_degradation,normal,radio,statistical_only_retained,2.0,3.0,3.0,1.0,0.0,3.0,27.724747615264718,0.0,1.0,3,3,True,36.75,58.09,72.79,64.71,High,High,True,False,,True,priority_and_confidence_gate,Medium,INC-000525,"new:gap=17.0s,dist=135.44471065377962m,cell=True,family=True"
LTE-TP-EP-000762,542020041221088+20250827135549+Fiji-Nadi-LTE-DL-D!20250827133724,Fiji-Nadi-LTE-DL-D,2025-08-27 03:35:30+02:00,2025-08-27 03:35:31+02:00,2,-17.7884825,177.4268301,-17.78848788,177.42682653,ECI:1065543.0,1065543.0,132.0,9310.0,28.0,0.518456,1.636484,40.87669165240217,38.122179652402174,0.01809305370969558,85.06,82.17500000000001,77.89,77.62,94.48,87.74000000000001,0,2,0,2,rolling_local_drop,normal,temporal,statistical_only_retained,1.0,2.0,2.0,1.0,0.0,2.0,14.652142008128669,0.0,1.0,2,0,False,29.5,65.72,79.18,71.78,High,High,True,False,,True,priority_and_confidence_gate,High,INC-000526,new_session_or_first_episode
LTE-TP-EP-000764,542020041221088+20250827135549+Fiji-Nadi-LTE-DL-D!20250827133724,Fiji-Nadi-LTE-DL-D,2025-08-27 03:35:48+02:00,2025-08-27 03:35:51+02:00,4,-17.78769113,177.42602123,-17.78748818,177.42578233,ECI:1065523.0,1065523.0,133.0,41186.0,41.0,0.010792,5.27864,105.7221075,72.1040505,0.0005251741012721056,78.51,68.785,76.48,66.1925,81.0,71.95750000000001,0,4,0,3,ca_underperformance,normal,capability,statistical_only_retained,3.0,4.0,4.0,1.0,0.0,4.0,45.24174781311392,0.0,0.75,3,0,False,44.0,65.79,65.99,65.88,High,High,True,False,,True,priority_and_confidence_gate,High,INC-000527,"new:gap=17.0s,dist=122.95955147484247m,cell=False,family=False"
LTE-TP-EP-000766,542020041221088+20250827135549+Fiji-Nadi-LTE-DL-D!20250827133724,Fiji-Nadi-LTE-DL-D,2025-08-27 03:35:59+02:00,2025-08-27 03:35:59+02:00,1,-17.7868262,177.4249847,-17.7868262,177.4249847,ECI:1065524.0,1065524.0,361.0,41186.0,41.0,28.667728,28.667728,105.7221075,77.05437950000001,0.27116114763414073,71.85,71.85,57.71,57.71,89.13,89.13,1,0,0,1,rb_conditioned_underperformance,ml_hgb_strict_causal_temporal_underperformance,capability,statistical_and_ml_consensus,0.0,1.0,1.0,1.0,0.0,1.0,12.349825715978136,100.0,1.0,1,0,False,22.25,48.84,91.85,68.2,Medium,Very High,True,False,,True,priority_and_confidence_gate,High,INC-000528,"new:gap=8.0s,dist=112.02926161996466m,cell=False,family=True"
LTE-TP-EP-000769,542020041221088+20250827135549+Fiji-Nadi-LTE-DL-D!20250827133724,Fiji-Nadi-LTE-DL-D,2025-08-27 03:36:19+02:00,2025-08-27 03:36:21+02:00,3,-17.7855794,177.4234451,-17.78552482,177.42338007,ECI:1065524.0,1065524.0,133.0,41186.0,41.0,22.700808,23.960615,105.7221075,83.02129950000001,0.21472148575925804,66.53,61.04,62.47,59.07666666666666,72.34,63.43666666666667,0,3,0,2,rb_conditioned_underperformance,normal,capability,statistical_only_retained,2.0,3.0,3.0,1.0,0.0,3.0,28.81215880104112,0.0,0.6666666666666666,2,1,True,36.75,55.19,58.7,56.77,High,Medium,True,False,,True,priority_and_confidence_gate,Medium,INC-000529,"new:gap=20.0s,dist=213.99494090700392m,cell=True,family=True"
LTE-TP-EP-000770,542020041221088+20250827135549+Fiji-Nadi-LTE-DL-D!20250827133724,Fiji-Nadi-LTE-DL-D,2025-08-27 03:36:27+02:00,2025-08-27 03:36:29+02:00,3,-17.7851352,177.4228935,-17.78507887,177.4228236,ECI:1065524.0,1065524.0,133.0,41186.0,41.0,3.184312,9.417512,100.61148,89.286416,0.11256234378025251,88.6,78.34666666666666,79.28,69.32333333333334,100.0,89.37666666666667,1,2,0,3,ca_underperformance,ml_hgb_resource_conditioned_underperformance,capability,statistical_only_retained,2.0,3.0,3.0,1.0,0.0,3.0,29.580731428548795,33.33333333333333,1.0,3,0,False,36.75,66.16,87.34,75.69,High,Very High,True,False,,True,priority_and_confidence_gate,High,INC-000530,"new:gap=6.0s,dist=67.31345993244624m,cell=True,family=True"
LTE-TP-EP-000771,542020041221088+20250827135549+Fiji-Nadi-LTE-DL-D!20250827133724,Fiji-Nadi-LTE-DL-D,2025-08-27 03:36:42+02:00,2025-08-27 03:36:43+02:00,2,-17.7842556,177.4218188,-17.78425488,177.42181988,ECI:1064754.0,1064754.0,147.0,41186.0,41.0,0.192008,0.34612,18.412476436195355,17.912244436195355,0.011274812963794999,73.18,72.975,70.19,70.03999999999999,76.83,76.555,0,2,0,2,rolling_local_drop,normal,temporal,statistical_only_retained,1.0,2.0,2.0,1.0,0.0,2.0,19.382311152563105,0.0,1.0,2,0,False,29.5,59.98,67.55,63.39,High,High,True,False,,True,priority_and_confidence_gate,Medium,INC-000531,"new:gap=13.0s,dist=140.35289802424157m,cell=False,family=False"
LTE-TP-EP-000772,542020041221088+20250827135549+Fiji-Nadi-LTE-DL-D!20250827133724,Fiji-Nadi-LTE-DL-D,2025-08-27 03:37:20+02:00,2025-08-27 03:37:20+02:00,1,-17.78396444,177.41979591,-17.78396444,177.41979591,ECI:1065527.0,1065527.0,133.0,41384.0,41.0,0.56936,0.56936,,,,70.02,70.02,68.01,68.01,72.47,72.47,0,1,0,1,radio_limited_degradation,normal,radio,statistical_only_retained,0.0,1.0,1.0,1.0,0.0,1.0,10.303556967192709,0.0,1.0,1,1,True,22.25,56.57,64.35,60.07,High,High,True,False,,True,priority_and_confidence_gate,Medium,INC-000532,"new:gap=37.0s,dist=216.72086393092798m,cell=False,family=False"
LTE-TP-EP-000773,542020041221088+20250827135649+Fiji-Nadi-LTE-DL-D!20250827133934,Fiji-Nadi-LTE-DL-D,2025-08-27 03:38:04+02:00,2025-08-27 03:38:04+02:00,1,-17.78334198,177.41695203,-17.78334198,177.41695203,ECI:1065527.0,1065527.0,133.0,41384.0,41.0,10.8678,10.8678,40.18353793605673,29.315737936056728,0.2704540356126361,67.23,67.23,56.24,56.24,80.66,80.66,0,1,0,1,sudden_drop,normal,temporal,statistical_only_retained,0.0,1.0,1.0,1.0,0.0,1.0,0.1573455075948771,0.0,1.0,1,0,False,22.25,47.74,70.49,57.98,Medium,High,True,False,,True,priority_and_confidence_gate,Medium,INC-000533,new_session_or_first_episode
LTE-TP-EP-000774,542020041221088+20250827135649+Fiji-Nadi-LTE-DL-D!20250827133934,Fiji-Nadi-LTE-DL-D,2025-08-27 03:38:27+02:00,2025-08-27 03:38:28+02:00,2,-17.78171329,177.41509545,-17.781577,177.4149364,ECI:1069336.0,1069336.0,135.0,356.0,1.0,0.009128,1.111788,23.704111704820424,21.489663704820423,0.0005759987654631424,72.79,72.555,70.06,67.37,82.71,78.895,0,2,0,2,rolling_local_drop,normal,temporal,statistical_only_retained,1.0,2.0,2.0,1.0,0.0,2.0,34.46867358534453,0.0,1.0,2,0,False,29.5,59.25,71.08,64.57,High,High,True,False,,True,priority_and_confidence_gate,Medium,INC-000534,"new:gap=23.0s,dist=267.28534718495155m,cell=False,family=True"
LTE-TP-EP-000775,542020041221088+20250827135649+Fiji-Nadi-LTE-DL-D!20250827133934,Fiji-Nadi-LTE-DL-D,2025-08-27 03:38:43+02:00,2025-08-27 03:38:45+02:00,3,-17.78062541,177.41386215,-17.78047936,177.41369768,ECI:1069336.0,1069336.0,135.0,356.0,1.0,0.0064,3.119816,77.801385,74.681569,0.00030440934219588253,95.1,81.33666666666666,91.1,76.39333333333333,100.0,87.38,1,2,0,3,rolling_local_drop,normal,temporal,statistical_only_retained,2.0,3.0,3.0,1.0,0.0,3.0,35.896983033788196,33.33333333333333,1.0,3,0,False,36.75,73.84,86.84,79.69,High,Very High,True,False,,True,priority_and_confidence_gate,High,INC-000535,"new:gap=15.0s,dist=155.35174414069317m,cell=True,family=True"
LTE-TP-EP-000777,542020041221088+20250827135649+Fiji-Nadi-LTE-DL-D!20250827133934,Fiji-Nadi-LTE-DL-D,2025-08-27 03:39:00+02:00,2025-08-27 03:39:01+02:00,2,-17.77968674,177.4125148,-17.7796309,177.4123651,ECI:1069374.0,1069374.0,137.0,40790.0,41.0,0.048584,0.09930800000000001,38.7713815457743,38.64216864401003,0.0012557005661537994,82.98,82.635,83.35,83.235,82.8,81.9,0,2,0,2,radio_limited_degradation,normal,temporal,statistical_only_retained,1.0,2.0,2.0,1.0,0.0,2.0,25.539951123405714,0.0,1.0,2,1,True,29.5,69.86,71.88,70.77,High,High,True,False,,True,priority_and_confidence_gate,High,INC-000536,"new:gap=15.0s,dist=153.14995622148146m,cell=False,family=True"
LTE-TP-EP-000778,542020041221088+20250827135649+Fiji-Nadi-LTE-DL-D!20250827133934,Fiji-Nadi-LTE-DL-D,2025-08-27 03:39:07+02:00,2025-08-27 03:39:07+02:00,1,-17.77949784,177.41203248,-17.77949784,177.41203248,ECI:1069374.0,1069374.0,137.0,40790.0,41.0,37.41976,37.41976,118.44779,81.02803,0.31591775583149334,64.2,64.2,56.57,56.57,73.53,73.53,0,1,0,1,radio_p75_underperformance,normal,capability,statistical_only_retained,0.0,1.0,1.0,1.0,0.0,1.0,0.08369495951225467,0.0,1.0,1,0,False,22.25,47.99,65.15,55.71,Medium,High,True,False,,True,priority_and_confidence_gate,Medium,INC-000537,"new:gap=6.0s,dist=38.20082492380981m,cell=True,family=False"
LTE-TP-EP-000779,542020041221088+20250827135649+Fiji-Nadi-LTE-DL-D!20250827133934,Fiji-Nadi-LTE-DL-D,2025-08-27 03:39:13+02:00,2025-08-27 03:39:14+02:00,2,-17.77935821,177.41171072,-17.77933111,177.41165133,ECI:1069374.0,1069374.0,137.0,40790.0,41.0,7.33064,23.232575,138.2563025,99.1217925,0.19916590576673976,77.17,76.9,63.17,60.83,100.0,96.53999999999999,1,1,0,2,radio_limited_degradation,ml_quantile_p75_resource_underperformance,resource,statistical_and_ml_consensus,1.0,2.0,2.0,1.0,0.0,2.0,12.96767959283114,50.0,1.0,2,1,True,29.5,54.17,91.64,71.03,Medium,Very High,True,False,,True,priority_and_confidence_gate,High,INC-000538,"new:gap=6.0s,dist=37.44037098751787m,cell=True,family=False"
LTE-TP-EP-000780,542020041221088+20250827135649+Fiji-Nadi-LTE-DL-D!20250827133934,Fiji-Nadi-LTE-DL-D,2025-08-27 03:39:26+02:00,2025-08-27 03:39:26+02:00,1,-17.7789984,177.4111519,-17.7789984,177.4111519,ECI:1069374.0,1069374.0,137.0,40790.0,41.0,0.032488,0.032488,39.93062479803982,39.89813679803982,0.0008136111108783559,83.4,83.4,83.89,83.89,82.8,82.8,0,1,0,1,radio_limited_degradation,normal,temporal,statistical_only_retained,0.0,1.0,1.0,1.0,0.0,1.0,7.845548971294026,0.0,1.0,1,1,True,22.25,68.48,72.1,70.11,High,High,True,False,,True,priority_and_confidence_gate,High,INC-000539,"new:gap=12.0s,dist=64.53817191749572m,cell=True,family=True"
LTE-TP-EP-000781,542020041221088+20250827135949+Fiji-Nadi-LTE-DL-D!20250827134144,Fiji-Nadi-LTE-DL-D,2025-08-27 03:39:42+02:00,2025-08-27 03:39:44+02:00,2,-17.778136,177.4101496,-17.778023,177.4100168,ECI:1069374.0,1069374.0,137.0,40790.0,41.0,2.643624,3.886988,138.2563025,133.12595050000002,0.03710754524192487,95.28,85.09,91.42,80.66,100.0,90.5,1,1,0,2,ca_underperformance,ml_quantile_p75_resource_underperformance,resource,statistical_and_ml_consensus,2.0,3.0,2.0,0.6666666666666666,1.0,1.0,9.449451416403798,50.0,1.0,2,0,False,18.5,70.5,90.12,79.33,High,Very High,True,False,,True,priority_and_confidence_gate,High,INC-000540,new_session_or_first_episode
LTE-TP-EP-000782,542020041221088+20250827135949+Fiji-Nadi-LTE-DL-D!20250827134144,Fiji-Nadi-LTE-DL-D,2025-08-27 03:39:54+02:00,2025-08-27 03:39:54+02:00,1,-17.777424,177.4093119,-17.777424,177.4093119,ECI:1069374.0,1069374.0,137.0,40790.0,41.0,5.28544,5.28544,37.26193049782549,31.976490497825488,0.14184557615200438,72.98,72.98,68.89,68.89,77.97,77.97,0,1,0,1,sudden_drop,normal,temporal,statistical_only_retained,0.0,1.0,1.0,1.0,0.0,1.0,9.553316722672466,0.0,1.0,1,0,False,22.25,57.23,68.48,62.29,High,High,True,False,,True,priority_and_confidence_gate,Medium,INC-000541,"new:gap=10.0s,dist=100.03626235407785m,cell=True,family=False"
LTE-TP-EP-000783,542020041221088+20250827135949+Fiji-Nadi-LTE-DL-D!20250827134144,Fiji-Nadi-LTE-DL-D,2025-08-27 03:40:28+02:00,2025-08-27 03:40:29+02:00,2,-17.7760833,177.4083793,-17.7760271,177.4083642,ECI:1069373.0,1069373.0,135.0,40790.0,41.0,9.059376,20.7222845,119.0290425,86.6438495,0.15773150221184176,79.65,72.66,70.93,65.03,90.31,81.99000000000001,0,2,0,2,rb_conditioned_underperformance,ml_hgb_strict_causal_temporal_underperformance,capability,statistical_only_retained,1.0,2.0,2.0,1.0,0.0,2.0,13.003537572209503,0.0,1.0,2,0,False,29.5,59.1,75.65,66.55,High,High,True,False,,True,priority_and_confidence_gate,High,INC-000542,"new:gap=34.0s,dist=178.81840280405174m,cell=False,family=False"
LTE-TP-EP-000784,542020041221088+20250827135949+Fiji-Nadi-LTE-DL-D!20250827134144,Fiji-Nadi-LTE-DL-D,2025-08-27 03:40:36+02:00,2025-08-27 03:40:36+02:00,1,-17.7757525,177.4082738,-17.7757525,177.4082738,ECI:1069373.0,1069373.0,135.0,40790.0,41.0,0.01132,0.01132,48.11754,48.10622,0.00023525724714937632,85.23,85.23,87.22,87.22,82.8,82.8,0,1,0,1,radio_limited_degradation,normal,temporal,statistical_only_retained,0.0,1.0,1.0,1.0,0.0,1.0,2.7776134426447823,0.0,1.0,1,1,True,22.25,70.98,72.1,71.48,High,High,True,False,,True,priority_and_confidence_gate,High,INC-000543,"new:gap=7.0s,dist=31.99939311422737m,cell=True,family=False"
LTE-TP-EP-000785,542020041221088+20250827135949+Fiji-Nadi-LTE-DL-D!20250827134144,Fiji-Nadi-LTE-DL-D,2025-08-27 03:40:44+02:00,2025-08-27 03:40:46+02:00,3,-17.7753137,177.4081357,-17.7751714,177.408095,ECI:1069373.0,1069373.0,135.0,40790.0,41.0,0.01068,0.03112,59.62557859434768,50.05547459434768,0.00022751938903467421,84.97,82.88333333333334,86.75,81.47666666666667,90.0,84.60000000000001,0,3,0,3,radio_limited_degradation,normal,temporal,statistical_only_retained,2.0,3.0,3.0,1.0,0.0,3.0,24.754521520527483,0.0,1.0,3,1,True,36.75,72.93,76.15,74.38,High,High,True,False,,True,priority_and_confidence_gate,High,INC-000544,"new:gap=8.0s,dist=50.93651749326201m,cell=True,family=True"
LTE-TP-EP-000787,542020041221088+20250827135949+Fiji-Nadi-LTE-DL-D!20250827134144,Fiji-Nadi-LTE-DL-D,2025-08-27 03:40:57+02:00,2025-08-27 03:40:57+02:00,1,-17.7743891,177.4078267,-17.7743891,177.4078267,ECI:1069373.0,1069373.0,135.0,40790.0,41.0,37.642494,37.642494,118.44779,80.805296,0.3177981961503883,67.94,67.94,56.46,56.46,81.98,81.98,0,1,0,1,rb_conditioned_underperformance,normal,capability,statistical_only_retained,0.0,1.0,1.0,1.0,0.0,1.0,8.601306089603838,0.0,1.0,1,0,False,22.25,47.91,71.49,58.52,Medium,High,True,False,,True,priority_and_confidence_gate,Medium,INC-000545,"new:gap=11.0s,dist=91.50954176709742m,cell=True,family=False"
LTE-TP-EP-000788,542020041221088+20250827135949+Fiji-Nadi-LTE-DL-D!20250827134144,Fiji-Nadi-LTE-DL-D,2025-08-27 03:41:03+02:00,2025-08-27 03:41:03+02:00,1,-17.7739364,177.4076736,-17.7739364,177.4076736,ECI:1069373.0,1069373.0,135.0,40790.0,41.0,19.177689,19.177689,119.0290425,99.8513535,0.16111772889376977,75.7,75.7,66.63,66.63,86.79,86.79,0,1,0,1,rb_conditioned_underperformance,ml_quantile_p75_resource_underperformance,capability,statistical_only_retained,0.0,1.0,1.0,1.0,0.0,1.0,8.754557580639327,0.0,1.0,1,0,False,22.25,55.54,75.09,64.34,High,High,True,False,,True,priority_and_confidence_gate,Medium,INC-000546,"new:gap=6.0s,dist=52.88406061355142m,cell=True,family=True"
LTE-TP-EP-000789,542020041221088+20250827135949+Fiji-Nadi-LTE-DL-D!20250827134144,Fiji-Nadi-LTE-DL-D,2025-08-27 03:41:08+02:00,2025-08-27 03:41:10+02:00,3,-17.7735735,177.4075404,-17.7734278,177.4074875,ECI:1069373.0,1069373.0,135.0,40790.0,41.0,0.010008,0.014656,120.54668963811612,59.87323620995611,0.00016712521393982997,87.82,77.73333333333333,91.93,75.30333333333334,82.8,80.70666666666666,0,3,0,3,radio_limited_degradation,normal,temporal,statistical_only_retained,2.0,3.0,3.0,1.0,0.0,3.0,25.785108372708322,0.0,1.0,3,2,True,36.75,73.98,71.58,72.9,High,High,True,False,,True,priority_and_confidence_gate,High,INC-000547,"new:gap=5.0s,dist=42.7465724697948m,cell=True,family=False"
LTE-TP-EP-000790,542020041221088+20250827135949+Fiji-Nadi-LTE-DL-D!20250827134144,Fiji-Nadi-LTE-DL-D,2025-08-27 03:41:15+02:00,2025-08-27 03:41:17+02:00,3,-17.7730863,177.4073744,-17.7729562,177.4073186,ECI:1069373.0,1069373.0,135.0,40790.0,41.0,0.01032,5.180536,123.23914189178018,68.55918189178018,0.00016416815304862406,88.86,83.76666666666667,93.12,77.45,97.47,91.48333333333333,1,2,0,3,radio_limited_degradation,normal,temporal,statistical_only_retained,2.0,3.0,3.0,1.0,0.0,3.0,23.602200384699124,33.33333333333333,1.0,3,1,True,36.75,75.11,86.61,80.28,High,Very High,True,False,,True,priority_and_confidence_gate,High,INC-000547,"bridged:gap=5.0s,dist=39.816839261700615m,cell=True,family=True"
LTE-TP-EP-000791,542020041221088+20250827135949+Fiji-Nadi-LTE-DL-D!20250827134144,Fiji-Nadi-LTE-DL-D,2025-08-27 03:41:22+02:00,2025-08-27 03:41:22+02:00,1,-17.7726621,177.4070924,-17.7726621,177.4070924,ECI:1069373.0,1069373.0,135.0,40790.0,41.0,10.050192,10.050192,108.53014350711018,98.47995150711019,0.09260277076240644,92.1,92.1,85.63,85.63,100.0,100.0,1,0,0,1,ca_underperformance,ml_quantile_p75_resource_underperformance,temporal,statistical_and_ml_consensus,0.0,1.0,1.0,1.0,0.0,1.0,8.150373640721776,100.0,1.0,1,0,False,22.25,69.78,100.0,83.38,High,Very High,True,False,,True,priority_and_confidence_gate,High,INC-000547,"bridged:gap=5.0s,dist=40.535737777849555m,cell=True,family=True"
LTE-TP-EP-000792,542020041221088+20250827135949+Fiji-Nadi-LTE-DL-D!20250827134144,Fiji-Nadi-LTE-DL-D,2025-08-27 03:41:27+02:00,2025-08-27 03:41:29+02:00,3,-17.7724606,177.4067359,-17.7723861,177.4065804,ECI:1069373.0,1069373.0,135.0,40790.0,41.0,0.006856,1.115152,90.48969601688282,72.6123061950989,9.52183310611503e-05,94.1,82.75666666666666,96.79,84.73666666666666,92.73,80.33666666666666,0,3,0,3,rolling_local_drop,normal,temporal,statistical_only_retained,2.0,3.0,3.0,1.0,0.0,3.0,27.829913333540425,0.0,1.0,3,1,True,36.75,78.77,76.45,77.72,High,High,True,False,,True,priority_and_confidence_gate,High,INC-000547,"bridged:gap=5.0s,dist=43.89786638528957m,cell=True,family=True"
LTE-TP-EP-000793,542020041221088+20250827135949+Fiji-Nadi-LTE-DL-D!20250827134144,Fiji-Nadi-LTE-DL-D,2025-08-27 03:41:34+02:00,2025-08-27 03:41:35+02:00,2,-17.7721832,177.4061758,-17.772151,177.4061,ECI:1069373.0,1069373.0,135.0,40790.0,41.0,0.006064,0.032512,74.07717742662923,74.07111342662924,8.186057043015945e-05,90.14,90.10499999999999,97.62,97.555,81.0,81.0,0,2,0,2,rolling_local_drop,normal,temporal,statistical_only_retained,1.0,2.0,2.0,1.0,0.0,2.0,18.12078827479399,0.0,1.0,2,0,False,29.5,80.57,70.75,76.15,Critical,High,True,True,critical_impact_with_verified_direct_evidence,True,critical_verified_direct_evidence_override,High,INC-000547,"bridged:gap=5.0s,dist=48.420040858248136m,cell=True,family=True"
LTE-TP-EP-000794,542020041221088+20250827135949+Fiji-Nadi-LTE-DL-D!20250827134144,Fiji-Nadi-LTE-DL-D,2025-08-27 03:41:41+02:00,2025-08-27 03:41:41+02:00,1,-17.7719087,177.4056386,-17.7719087,177.4056386,ECI:1069373.0,1069373.0,135.0,40790.0,41.0,0.04748,0.04748,57.2328,57.18532,0.0008295942186997666,87.19,87.19,90.79,90.79,82.8,82.8,0,1,0,1,radio_limited_degradation,normal,temporal,statistical_only_retained,0.0,1.0,1.0,1.0,0.0,1.0,9.526860641298434,0.0,1.0,1,1,True,22.25,73.66,72.1,72.96,High,High,True,False,,True,priority_and_confidence_gate,High,INC-000548,"new:gap=6.0s,dist=55.79347875625756m,cell=True,family=True"
LTE-TP-EP-000796,542020041221088+20250827140149+Fiji-Nadi-LTE-DL-D!20250827134245,Fiji-Nadi-LTE-DL-D,2025-08-27 03:42:00+02:00,2025-08-27 03:42:01+02:00,2,-17.771171,177.4041907,-17.7711358,177.4041173,ECI:1069373.0,1069373.0,135.0,40790.0,41.0,14.916,23.198708500000002,106.18578904611105,74.70437204611105,0.2087547269773407,73.89,70.845,65.96,65.005,85.91,77.97999999999999,0,2,0,2,rb_conditioned_underperformance,ml_hgb_strict_causal_temporal_underperformance,temporal,statistical_only_retained,1.0,2.0,2.0,1.0,0.0,2.0,17.413117107756413,0.0,1.0,2,0,False,29.5,56.61,72.45,63.74,High,High,True,False,,True,priority_and_confidence_gate,Medium,INC-000549,new_session_or_first_episode
LTE-TP-EP-000797,542020041221088+20250827140149+Fiji-Nadi-LTE-DL-D!20250827134245,Fiji-Nadi-LTE-DL-D,2025-08-27 03:42:08+02:00,2025-08-27 03:42:08+02:00,1,-17.7708853,177.403626,-17.7708853,177.403626,ECI:1069373.0,1069373.0,135.0,40790.0,41.0,0.161096,0.161096,48.419921764908764,48.258825764908764,0.003327060311707291,84.29,84.29,86.99,86.99,81.0,81.0,0,1,0,1,sudden_drop,normal,temporal,statistical_only_retained,0.0,1.0,1.0,1.0,0.0,1.0,8.1388321477556,0.0,1.0,1,0,False,22.25,70.8,70.75,70.78,High,High,True,False,,True,priority_and_confidence_gate,High,INC-000550,"new:gap=7.0s,dist=59.01102229443424m,cell=True,family=True"
LTE-TP-EP-000798,542020041221088+20250827140149+Fiji-Nadi-LTE-DL-D!20250827134245,Fiji-Nadi-LTE-DL-D,2025-08-27 03:42:16+02:00,2025-08-27 03:42:16+02:00,1,-17.7707529,177.4033087,-17.7707529,177.4033087,ECI:1069373.0,1069373.0,135.0,40790.0,41.0,0.59056,0.59056,55.464071426635115,54.87351142663512,0.010647613577758367,85.32,85.32,88.86,88.86,81.0,81.0,0,1,0,1,sudden_drop,normal,temporal,statistical_only_retained,0.0,1.0,1.0,1.0,0.0,1.0,1.2386800917143619,0.0,1.0,1,0,False,22.25,72.21,70.75,71.55,High,High,True,False,,True,priority_and_confidence_gate,High,INC-000551,"new:gap=8.0s,dist=36.68265472806058m,cell=True,family=True"
LTE-TP-EP-000799,542020041221088+20250827140149+Fiji-Nadi-LTE-DL-D!20250827134245,Fiji-Nadi-LTE-DL-D,2025-08-27 03:42:24+02:00,2025-08-27 03:42:24+02:00,1,-17.7705561,177.4029709,-17.7705561,177.4029709,ECI:1069373.0,1069373.0,135.0,40790.0,41.0,7.475304,7.475304,65.6365987278597,58.161294727859705,0.11388926521000667,84.3,84.3,78.47,78.47,91.42,91.42,0,1,0,1,sudden_drop,normal,temporal,statistical_only_retained,0.0,1.0,1.0,1.0,0.0,1.0,7.672322722782537,0.0,1.0,1,0,False,22.25,64.42,78.56,70.78,High,High,True,False,,True,priority_and_confidence_gate,High,INC-000552,"new:gap=8.0s,dist=41.93243722078428m,cell=True,family=True"
LTE-TP-EP-000800,542020041221088+20250827140149+Fiji-Nadi-LTE-DL-D!20250827134245,Fiji-Nadi-LTE-DL-D,2025-08-27 03:42:31+02:00,2025-08-27 03:42:31+02:00,1,-17.7704081,177.4027593,-17.7704081,177.4027593,ECI:1069373.0,1069373.0,135.0,40790.0,41.0,1.895752,1.895752,47.800228488516716,45.904476488516714,0.03965989410396701,81.89,81.89,82.62,82.62,81.0,81.0,0,1,0,1,sudden_drop,normal,temporal,statistical_only_retained,0.0,1.0,1.0,1.0,0.0,1.0,3.0673147524696547,0.0,1.0,1,0,False,22.25,67.53,70.75,68.98,High,High,True,False,,True,priority_and_confidence_gate,High,INC-000553,"new:gap=7.0s,dist=27.800507463922344m,cell=True,family=True"
LTE-TP-EP-000801,542020041221088+20250827140149+Fiji-Nadi-LTE-DL-D!20250827134245,Fiji-Nadi-LTE-DL-D,2025-08-27 03:42:40+02:00,2025-08-27 03:42:41+02:00,2,-17.7705915,177.4031588,-17.7706246,177.4032263,ECI:1069373.0,1069373.0,135.0,40790.0,41.0,3.481616,11.6838605,78.88327765032867,58.997172650328665,0.06755437758235347,84.55,81.25999999999999,80.59,70.27000000000001,100.0,94.695,1,1,0,2,rb_conditioned_underperformance,ml_quantile_p75_resource_underperformance,temporal,statistical_and_ml_consensus,1.0,2.0,2.0,1.0,0.0,2.0,15.592059797609053,50.0,1.0,2,0,False,29.5,65.24,91.17,76.91,High,Very High,True,False,,True,priority_and_confidence_gate,High,INC-000554,"new:gap=9.0s,dist=46.96186069915216m,cell=True,family=True"
LTE-TP-EP-000802,542020041221088+20250827140349+Fiji-Nadi-LTE-DL-D!20250827135601,Fiji-Nadi-LTE-DL-D,2025-08-27 03:54:00+02:00,2025-08-27 03:54:02+02:00,3,-17.7690611,177.440185,-17.76906107,177.44018496,ECI:1066048.0,1066048.0,123.0,40988.0,41.0,0.16836,0.218352,,,,88.54,84.10000000000001,90.41,90.25333333333333,86.25,76.57666666666667,0,3,0,0,radio_limited_degradation,normal,radio,statistical_only_retained,2.0,3.0,3.0,1.0,0.0,3.0,0.010783018656788336,0.0,0.0,0,3,True,36.75,76.96,62.27,70.35,High,High,True,False,,True,priority_and_confidence_gate,High,INC-000555,new_session_or_first_episode
LTE-TP-EP-000803,542020041221088+20250827140349+Fiji-Nadi-LTE-DL-D!20250827135601,Fiji-Nadi-LTE-DL-D,2025-08-27 03:54:06+02:00,2025-08-27 03:54:19+02:00,13,-17.76906107,177.44018496,-17.76906107,177.44018496,ECI:1066048.0,1066048.0,123.0,40988.0,41.0,0.087848,0.136696,,,,82.31,81.9346153846154,90.69,90.4723076923077,72.06,71.50076923076924,0,13,0,0,radio_limited_degradation,normal,radio,statistical_only_retained,13.0,14.0,13.0,0.9285714285714286,1.0,7.0,0.02695754664197084,0.0,0.0,0,13,True,72.18,86.01,53.91,71.56,Critical,Medium,True,False,,True,priority_and_confidence_gate,High,INC-000555,"bridged:gap=4.0s,dist=0.0m,cell=True,family=True"
LTE-TP-EP-000804,542020041221088+20250827140349+Fiji-Nadi-LTE-DL-D!20250827135601,Fiji-Nadi-LTE-DL-D,2025-08-27 03:54:25+02:00,2025-08-27 03:54:30+02:00,4,-17.7690611,177.440185,-17.76906107,177.44018496,ECI:1066048.0,1066048.0,123.0,40988.0,41.0,0.158416,1.6166960000000001,25.625776135868804,18.491160135868803,0.014083644934362753,76.65,71.46000000000001,71.62,63.2575,88.02,81.485,0,4,0,4,radio_limited_degradation,normal,temporal,statistical_only_retained,5.0,6.0,4.0,0.6666666666666666,2.0,2.0,0.010783018656788336,0.0,1.0,4,3,True,27.0,58.37,74.38,65.58,High,High,True,False,,True,priority_and_confidence_gate,High,INC-000556,"new:gap=6.0s,dist=0.005391509251889438m,cell=True,family=True"
LTE-TP-EP-000806,542020041221088+20250827140349+Fiji-Nadi-LTE-DL-D!20250827135601,Fiji-Nadi-LTE-DL-D,2025-08-27 03:55:02+02:00,2025-08-27 03:55:05+02:00,2,-17.76989182,177.44097552,-17.769961,177.4411794,ECI:1067071.0,1067071.0,130.0,40988.0,41.0,1.142568,3.4432199999999997,32.41143,26.667558000000003,0.17721748161065398,76.06,67.38,87.0,71.41,62.7,62.465,0,2,0,2,ca_underperformance,normal,capability,statistical_only_retained,3.0,4.0,2.0,0.5,2.0,1.0,11.668087125363835,0.0,1.0,2,1,True,16.0,65.35,56.97,61.58,High,Medium,True,False,,True,priority_and_confidence_gate,Medium,INC-000557,"new:gap=32.0s,dist=124.66350817406625m,cell=False,family=False"
LTE-TP-EP-000807,542020041221088+20250827140349+Fiji-Nadi-LTE-DL-D!20250827135601,Fiji-Nadi-LTE-DL-D,2025-08-27 03:55:15+02:00,2025-08-27 03:55:16+02:00,2,-17.7699024,177.4417703,-17.7698724,177.4418263,ECI:1066035.0,1066035.0,123.0,41186.0,41.0,7.370464,8.593592000000001,60.097231750000006,50.28051175,0.16334729095071837,64.11,58.105000000000004,63.34,53.77,65.05,63.405,0,2,0,1,ca_underperformance,normal,capability,statistical_only_retained,1.0,2.0,2.0,1.0,0.0,2.0,13.48266941475309,0.0,0.5,1,1,True,29.5,52.49,53.38,52.89,Medium,Medium,True,False,,True,priority_and_confidence_gate,Medium,INC-000558,"new:gap=10.0s,dist=62.908731058170495m,cell=False,family=True"
LTE-TP-EP-000808,542020041221088+20250827140609+Fiji-Nadi-LTE-DL-D!20250827135810,Fiji-Nadi-LTE-DL-D,2025-08-27 03:56:16+02:00,2025-08-27 03:56:17+02:00,2,-17.76726435,177.44402057,-17.7672191,177.4441128,ECI:1066035.0,1066035.0,123.0,41186.0,41.0,5.57604,10.20112,47.795711262059655,32.969511262059655,0.20827309026259566,68.41,67.055,61.18,55.66,84.71,80.975,0,2,0,2,rolling_local_drop,normal,temporal,statistical_only_retained,1.0,2.0,2.0,1.0,0.0,2.0,16.619121691611603,0.0,1.0,2,0,False,29.5,51.88,72.6,61.2,Medium,High,True,False,,True,priority_and_confidence_gate,Medium,INC-000559,new_session_or_first_episode
LTE-TP-EP-000809,542020041221088+20250827140609+Fiji-Nadi-LTE-DL-D!20250827135810,Fiji-Nadi-LTE-DL-D,2025-08-27 03:56:24+02:00,2025-08-27 03:56:25+02:00,2,-17.76710927,177.44435715,-17.7670866,177.44440716,ECI:1066035.0,1066035.0,123.0,41186.0,41.0,0.557968,5.076004,58.03267150502576,48.43863150502576,0.016875758002358403,80.26,80.135,79.66,74.865,92.16,86.58,0,2,0,2,rolling_local_drop,normal,temporal,statistical_only_retained,1.0,2.0,2.0,1.0,0.0,2.0,6.120725566113233,0.0,1.0,2,0,False,29.5,65.92,77.72,71.23,High,High,True,False,,True,priority_and_confidence_gate,High,INC-000560,"new:gap=7.0s,dist=28.611914866773205m,cell=True,family=True"
LTE-TP-EP-000810,542020041221088+20250827140609+Fiji-Nadi-LTE-DL-D!20250827135810,Fiji-Nadi-LTE-DL-D,2025-08-27 03:56:34+02:00,2025-08-27 03:56:34+02:00,1,-17.7668774,177.4449279,-17.7668774,177.4449279,ECI:1066035.0,1066035.0,123.0,41186.0,41.0,2.619088,2.619088,34.01315372399071,31.39406572399071,0.0770022098289775,81.09,81.09,74.35,74.35,89.32,89.32,0,1,0,1,sudden_drop,normal,temporal,statistical_only_retained,0.0,1.0,1.0,1.0,0.0,1.0,12.387138447992701,0.0,1.0,1,0,False,22.25,61.32,76.99,68.37,High,High,True,False,,True,priority_and_confidence_gate,High,INC-000561,"new:gap=9.0s,dist=59.8478464298002m,cell=True,family=True"
LTE-TP-EP-000811,542020041221088+20250827140609+Fiji-Nadi-LTE-DL-D!20250827135810,Fiji-Nadi-LTE-DL-D,2025-08-27 03:56:46+02:00,2025-08-27 03:56:47+02:00,2,-17.7667815,177.4457013,-17.7667768,177.4457812,ECI:1066035.0,1066035.0,123.0,41186.0,41.0,0.48964798,0.84339999,25.800580990510195,24.603428990510196,0.022127072194950137,78.22,77.995,75.13,74.805,82.8,81.9,0,2,0,2,radio_limited_degradation,normal,temporal,statistical_only_retained,1.0,2.0,2.0,1.0,0.0,2.0,16.625233799464628,0.0,1.0,2,1,True,29.5,63.64,71.88,67.35,High,High,True,False,,True,priority_and_confidence_gate,High,INC-000562,"new:gap=12.0s,dist=82.58801736655583m,cell=True,family=True"
LTE-TP-EP-000812,542020041221088+20250827140609+Fiji-Nadi-LTE-DL-D!20250827135810,Fiji-Nadi-LTE-DL-D,2025-08-27 03:57:12+02:00,2025-08-27 03:57:13+02:00,2,-17.76667249,177.44745276,-17.76661104,177.44747081,ECI:1066034.0,1066034.0,124.0,41186.0,41.0,0.199568,0.233948,11.83561098629053,11.567282986290529,0.016994805870459737,70.91,69.63,63.02,62.84,81.0,77.93,0,2,0,2,rolling_local_drop,normal,temporal,statistical_only_retained,1.0,2.0,2.0,1.0,0.0,2.0,12.877680119411979,0.0,1.0,2,0,False,29.5,54.6,69.98,61.52,Medium,High,True,False,,True,priority_and_confidence_gate,Medium,INC-000563,"new:gap=25.0s,dist=177.38415817464863m,cell=False,family=True"
LTE-TP-EP-000815,542020041221088+20250827140609+Fiji-Nadi-LTE-DL-D!20250827135810,Fiji-Nadi-LTE-DL-D,2025-08-27 03:57:39+02:00,2025-08-27 03:57:39+02:00,1,-17.7665439,177.4477631,-17.7665439,177.4477631,ECI:1066034.0,1066034.0,124.0,41186.0,41.0,11.66424,11.66424,51.0088867966881,39.3446467966881,0.2286707421491373,71.64,71.64,61.4,61.4,84.15,84.15,0,1,0,1,sudden_drop,normal,temporal,statistical_only_retained,0.0,1.0,1.0,1.0,0.0,1.0,0.004447803325953315,0.0,1.0,1,0,False,22.25,51.61,73.11,61.29,Medium,High,True,False,,True,priority_and_confidence_gate,Medium,INC-000564,"new:gap=26.0s,dist=31.83880170564981m,cell=True,family=True"
LTE-TP-EP-000816,542020041221088+20250827140609+Fiji-Nadi-LTE-DL-D!20250827135810,Fiji-Nadi-LTE-DL-D,2025-08-27 03:58:09+02:00,2025-08-27 03:58:09+02:00,1,-17.76653285,177.44773828,-17.76653285,177.44773828,ECI:1066034.0,1066034.0,124.0,41186.0,41.0,4.196432,4.196432,23.50676021064214,19.31032821064214,0.1785202198174533,70.37,70.37,63.2,63.2,79.13,79.13,0,1,0,1,radio_limited_degradation,normal,temporal,statistical_only_retained,0.0,1.0,1.0,1.0,0.0,1.0,0.005949462479980751,0.0,1.0,1,1,True,22.25,52.96,69.35,60.34,Medium,High,True,False,,True,priority_and_confidence_gate,Medium,INC-000565,"new:gap=30.0s,dist=2.90126730761255m,cell=True,family=True"
LTE-TP-EP-000817,542020041221088+20250827140810+Fiji-Nadi-LTE-DL-D!20250827140022,Fiji-Nadi-LTE-DL-D,2025-08-27 03:58:22+02:00,2025-08-27 03:58:22+02:00,1,-17.76653285,177.44773828,-17.76653285,177.44773828,ECI:1066034.0,1066034.0,124.0,41186.0,41.0,10.221984,10.221984,39.42423810755764,29.202254107557643,0.25928171324737515,63.76,63.76,57.36,57.36,71.58,71.58,0,1,0,1,sudden_drop,normal,temporal,statistical_only_retained,0.0,1.0,1.0,1.0,0.0,1.0,0.0,0.0,1.0,1,0,False,22.25,48.58,63.68,55.38,Medium,High,True,False,,True,priority_and_confidence_gate,Medium,INC-000566,new_session_or_first_episode
LTE-TP-EP-000818,542020041221088+20250827140810+Fiji-Nadi-LTE-DL-D!20250827140022,Fiji-Nadi-LTE-DL-D,2025-08-27 03:58:30+02:00,2025-08-27 03:58:32+02:00,3,-17.76653285,177.44773828,-17.7665328,177.4477383,ECI:1066034.0,1066034.0,124.0,41186.0,41.0,0.010064,4.141744,47.96205813383687,42.156400215637646,0.0002386730826785262,83.11,78.47333333333333,84.84,76.51666666666667,86.62,80.86333333333333,0,3,0,3,rolling_local_drop,normal,temporal,statistical_only_retained,2.0,3.0,3.0,1.0,0.0,3.0,0.011898924959961503,0.0,1.0,3,0,False,36.75,70.74,73.53,71.99,High,High,True,False,,True,priority_and_confidence_gate,High,INC-000567,"new:gap=8.0s,dist=0.0m,cell=True,family=True"
LTE-TP-EP-000819,542020041221088+20250827140810+Fiji-Nadi-LTE-DL-D!20250827140022,Fiji-Nadi-LTE-DL-D,2025-08-27 03:58:42+02:00,2025-08-27 03:58:42+02:00,1,-17.76652546,177.44774025,-17.76652546,177.44774025,ECI:1066034.0,1066034.0,124.0,41186.0,41.0,0.35664,0.35664,33.94665088501083,33.590010885010834,0.010505896478803293,81.58,81.58,80.59,80.59,82.8,82.8,0,1,0,1,radio_limited_degradation,normal,temporal,statistical_only_retained,0.0,1.0,1.0,1.0,0.0,1.0,0.0,0.0,1.0,1,1,True,22.25,66.0,72.1,68.75,High,High,True,False,,True,priority_and_confidence_gate,High,INC-000568,"new:gap=10.0s,dist=0.8418873908837422m,cell=True,family=True"
LTE-TP-EP-000820,542020041221088+20250827140810+Fiji-Nadi-LTE-DL-D!20250827140022,Fiji-Nadi-LTE-DL-D,2025-08-27 03:58:51+02:00,2025-08-27 03:58:52+02:00,2,-17.7665265,177.44771508,-17.766525,177.4477172,ECI:1066034.0,1066034.0,124.0,41186.0,41.0,0.764968,4.270188,51.1390936489037,46.656570457734915,0.016131235402280085,83.28,76.695,85.14,77.805,81.0,75.34,0,2,0,2,rolling_local_drop,normal,temporal,statistical_only_retained,1.0,2.0,2.0,1.0,0.0,2.0,1.520774563584401,0.0,1.0,2,0,False,29.5,69.4,69.34,69.37,High,High,True,False,,True,priority_and_confidence_gate,High,INC-000569,"new:gap=9.0s,dist=2.6678078587396077m,cell=True,family=True"
LTE-TP-EP-000821,542020041221088+20250827140810+Fiji-Nadi-LTE-DL-D!20250827140022,Fiji-Nadi-LTE-DL-D,2025-08-27 03:59:01+02:00,2025-08-27 03:59:03+02:00,3,-17.76652373,177.447708,-17.76652373,177.447708,ECI:1066034.0,1066034.0,124.0,41186.0,41.0,0.010368,0.017168,32.42935836242467,29.1812555,0.00035517037961249403,81.07,78.77,79.65,76.99333333333334,82.8,80.93666666666667,0,3,0,3,rolling_local_drop,normal,temporal,statistical_only_retained,2.0,3.0,3.0,1.0,0.0,3.0,0.2579154762719933,0.0,1.0,3,1,True,36.75,68.26,71.63,69.78,High,High,True,False,,True,priority_and_confidence_gate,High,INC-000570,"new:gap=9.0s,dist=0.9843879305055084m,cell=True,family=True"
LTE-TP-EP-000822,542020041221088+20250827140810+Fiji-Nadi-LTE-DL-D!20250827140022,Fiji-Nadi-LTE-DL-D,2025-08-27 03:59:13+02:00,2025-08-27 03:59:13+02:00,1,-17.7665226,177.44771125,-17.7665226,177.44771125,ECI:1066034.0,1066034.0,124.0,41186.0,41.0,1.258864,1.258864,38.46646974174423,37.207605741744224,0.032726268057655085,80.5,80.5,80.1,80.1,81.0,81.0,0,1,0,1,sudden_drop,normal,temporal,statistical_only_retained,0.0,1.0,1.0,1.0,0.0,1.0,0.0,0.0,1.0,1,0,False,22.25,65.64,70.75,67.94,High,High,True,False,,True,priority_and_confidence_gate,High,INC-000571,"new:gap=10.0s,dist=0.36636927838843236m,cell=True,family=True"
LTE-TP-EP-000823,542020041221088+20250827140810+Fiji-Nadi-LTE-DL-D!20250827140022,Fiji-Nadi-LTE-DL-D,2025-08-27 03:59:23+02:00,2025-08-27 03:59:23+02:00,1,-17.7665226,177.44771125,-17.7665226,177.44771125,ECI:1066034.0,1066034.0,124.0,41186.0,41.0,0.072208,0.072208,30.632690915886958,30.560482915886958,0.002357220271580873,81.28,81.28,80.04,80.04,82.8,82.8,0,1,0,1,radio_limited_degradation,normal,temporal,statistical_only_retained,0.0,1.0,1.0,1.0,0.0,1.0,0.0,0.0,1.0,1,1,True,22.25,65.59,72.1,68.52,High,High,True,False,,True,priority_and_confidence_gate,High,INC-000572,"new:gap=10.0s,dist=0.0m,cell=True,family=True"
LTE-TP-EP-000824,542020041221088+20250827140810+Fiji-Nadi-LTE-DL-D!20250827140022,Fiji-Nadi-LTE-DL-D,2025-08-27 03:59:32+02:00,2025-08-27 03:59:33+02:00,2,-17.7665226,177.4477113,-17.7665226,177.44771125,ECI:1066034.0,1066034.0,124.0,41186.0,41.0,0.543336,1.049912,42.981360013912294,41.42487201391229,0.013974617399082224,85.07,83.755,82.14,81.72999999999999,89.65,86.225,0,2,0,2,radio_limited_degradation,normal,temporal,statistical_only_retained,1.0,2.0,2.0,1.0,0.0,2.0,0.010589194497577089,0.0,1.0,2,1,True,29.5,68.88,76.38,72.25,High,High,True,False,,True,priority_and_confidence_gate,High,INC-000573,"new:gap=9.0s,dist=0.0052945985530562295m,cell=True,family=True"
LTE-TP-EP-000825,542020041221088+20250827140810+Fiji-Nadi-LTE-DL-D!20250827140022,Fiji-Nadi-LTE-DL-D,2025-08-27 03:59:42+02:00,2025-08-27 03:59:42+02:00,1,-17.7665226,177.44771125,-17.7665226,177.44771125,ECI:1066034.0,1066034.0,124.0,41186.0,41.0,0.034096,0.034096,32.79175198060826,32.75765598060826,0.0010397736607718618,81.82,81.82,81.02,81.02,82.8,82.8,0,1,0,1,radio_limited_degradation,normal,temporal,statistical_only_retained,0.0,1.0,1.0,1.0,0.0,1.0,0.0,0.0,1.0,1,1,True,22.25,66.33,72.1,68.93,High,High,True,False,,True,priority_and_confidence_gate,High,INC-000574,"new:gap=9.0s,dist=0.0m,cell=True,family=True"
LTE-TP-EP-000826,542020041221088+20250827140810+Fiji-Nadi-LTE-DL-D!20250827140022,Fiji-Nadi-LTE-DL-D,2025-08-27 03:59:54+02:00,2025-08-27 03:59:54+02:00,1,-17.7665226,177.44771125,-17.7665226,177.44771125,ECI:1066034.0,1066034.0,124.0,41186.0,41.0,0.675864,0.675864,27.67025573505806,26.99439173505806,0.024425650650697964,79.6,79.6,76.98,76.98,82.8,82.8,0,1,0,1,radio_limited_degradation,normal,temporal,statistical_only_retained,0.0,1.0,1.0,1.0,0.0,1.0,0.0,0.0,1.0,1,1,True,22.25,63.3,72.1,67.26,High,High,True,False,,True,priority_and_confidence_gate,High,INC-000575,"new:gap=12.0s,dist=0.0m,cell=True,family=True"
LTE-TP-EP-000827,542020041221088+20250827140810+Fiji-Nadi-LTE-DL-D!20250827140022,Fiji-Nadi-LTE-DL-D,2025-08-27 04:00:11+02:00,2025-08-27 04:00:12+02:00,2,-17.7665226,177.44771125,-17.7665226,177.4477113,ECI:1066034.0,1066034.0,124.0,41186.0,41.0,0.067832,0.320604,51.65648688920772,51.08311088920772,0.0019511333409979743,91.4,86.805,87.34,84.53,96.36,89.58,0,2,0,2,radio_limited_degradation,normal,temporal,statistical_only_retained,1.0,2.0,2.0,1.0,0.0,2.0,0.005294597248788544,0.0,1.0,2,2,True,29.5,72.18,80.58,75.96,High,Very High,True,False,,True,priority_and_confidence_gate,High,INC-000576,"new:gap=17.0s,dist=0.0m,cell=True,family=True"
LTE-TP-EP-000828,542020041221088+20250827140810+Fiji-Nadi-LTE-DL-D!20250827140022,Fiji-Nadi-LTE-DL-D,2025-08-27 04:00:21+02:00,2025-08-27 04:00:22+02:00,2,-17.7665226,177.4477113,-17.7665226,177.44771125,ECI:1066034.0,1066034.0,124.0,41186.0,41.0,0.018152,4.3376,59.89082896859547,51.23378096859547,0.0006755288630398658,82.4,81.47,78.69,75.89,93.77,88.285,0,2,0,2,radio_limited_degradation,normal,temporal,statistical_only_retained,1.0,2.0,2.0,1.0,0.0,2.0,0.005294597248788544,0.0,1.0,2,1,True,29.5,65.69,78.96,71.66,High,High,True,False,,True,priority_and_confidence_gate,High,INC-000577,"new:gap=9.0s,dist=0.0m,cell=True,family=True"
LTE-TP-EP-000829,542020041221088+20250827140850+Fiji-Nadi-LTE-DL-D!20250827140234,Fiji-Nadi-LTE-DL-D,2025-08-27 04:00:32+02:00,2025-08-27 04:00:32+02:00,1,-17.7665226,177.4477113,-17.7665226,177.4477113,ECI:1066034.0,1066034.0,124.0,41186.0,41.0,0.013968,0.013968,38.2797747712023,38.2658067712023,0.000364892429056507,83.06,83.06,83.28,83.28,82.8,82.8,0,1,0,1,radio_limited_degradation,normal,temporal,statistical_only_retained,0.0,1.0,1.0,1.0,0.0,1.0,0.005294597248788544,0.0,1.0,1,1,True,22.25,68.02,72.1,69.86,High,High,True,False,,True,priority_and_confidence_gate,High,INC-000578,new_session_or_first_episode
LTE-TP-EP-000830,542020041221088+20250827140850+Fiji-Nadi-LTE-DL-D!20250827140234,Fiji-Nadi-LTE-DL-D,2025-08-27 04:00:42+02:00,2025-08-27 04:00:42+02:00,1,-17.7665226,177.44771125,-17.7665226,177.44771125,ECI:1066034.0,1066034.0,124.0,41186.0,41.0,0.535144,0.535144,38.17054001569912,37.635396015699115,0.014019817371719163,81.47,81.47,81.86,81.86,81.0,81.0,0,1,0,1,sudden_drop,normal,temporal,statistical_only_retained,0.0,1.0,1.0,1.0,0.0,1.0,0.005294597248788544,0.0,1.0,1,0,False,22.25,66.96,70.75,68.66,High,High,True,False,,True,priority_and_confidence_gate,High,INC-000579,"new:gap=10.0s,dist=0.0052945985530562295m,cell=True,family=True"
LTE-TP-EP-000831,542020041221088+20250827140850+Fiji-Nadi-LTE-DL-D!20250827140234,Fiji-Nadi-LTE-DL-D,2025-08-27 04:01:01+02:00,2025-08-27 04:01:03+02:00,3,-17.7665226,177.44771125,-17.7665226,177.44771125,ECI:1066034.0,1066034.0,124.0,41186.0,41.0,0.848792,1.927008,68.21710764776749,63.491779647767494,0.014236737288855047,90.61,89.54333333333334,90.0,87.40666666666668,93.33,92.15333333333332,0,3,0,3,radio_limited_degradation,normal,temporal,statistical_only_retained,2.0,3.0,3.0,1.0,0.0,3.0,0.005294597248788544,0.0,1.0,3,2,True,36.75,76.04,79.7,77.69,High,High,True,False,,True,priority_and_confidence_gate,High,INC-000580,"new:gap=19.0s,dist=0.0m,cell=True,family=True"
LTE-TP-EP-000832,542020041221088+20250827140850+Fiji-Nadi-LTE-DL-D!20250827140234,Fiji-Nadi-LTE-DL-D,2025-08-27 04:01:13+02:00,2025-08-27 04:01:13+02:00,1,-17.7665226,177.44771125,-17.7665226,177.44771125,ECI:1066034.0,1066034.0,124.0,41186.0,41.0,5.401024,5.401024,68.51555884843981,63.11453484843981,0.07882916071585086,88.28,88.28,84.17,84.17,93.31,93.31,0,1,0,1,sudden_drop,normal,temporal,statistical_only_retained,0.0,1.0,1.0,1.0,0.0,1.0,0.005294597248788544,0.0,1.0,1,0,False,22.25,68.69,79.98,73.77,High,High,True,False,,True,priority_and_confidence_gate,High,INC-000581,"new:gap=10.0s,dist=0.0m,cell=True,family=True"
LTE-TP-EP-000833,542020041221088+20250827140850+Fiji-Nadi-LTE-DL-D!20250827140234,Fiji-Nadi-LTE-DL-D,2025-08-27 04:01:22+02:00,2025-08-27 04:01:23+02:00,2,-17.7665226,177.44771125,-17.7665226,177.44771125,ECI:1066034.0,1066034.0,124.0,41186.0,41.0,0.104072,0.499667985,52.769333555299085,51.87406958529908,0.002111179261609788,84.56,84.445,87.47,87.265,81.0,81.0,0,2,0,2,rolling_local_drop,normal,temporal,statistical_only_retained,1.0,2.0,2.0,1.0,0.0,2.0,0.0,0.0,1.0,2,0,False,29.5,72.93,70.75,71.95,High,High,True,False,,True,priority_and_confidence_gate,High,INC-000582,"new:gap=9.0s,dist=0.0m,cell=True,family=True"
LTE-TP-EP-000834,542020041221088+20250827140850+Fiji-Nadi-LTE-DL-D!20250827140234,Fiji-Nadi-LTE-DL-D,2025-08-27 04:01:35+02:00,2025-08-27 04:01:35+02:00,1,-17.7665226,177.44771125,-17.7665226,177.44771125,ECI:1066034.0,1066034.0,124.0,41186.0,41.0,1.069656,1.069656,40.96083224190448,39.891176241904475,0.026114117840254757,81.37,81.37,81.67,81.67,81.0,81.0,0,1,0,1,sudden_drop,normal,temporal,statistical_only_retained,0.0,1.0,1.0,1.0,0.0,1.0,0.005294597248788544,0.0,1.0,1,0,False,22.25,66.82,70.75,68.59,High,High,True,False,,True,priority_and_confidence_gate,High,INC-000583,"new:gap=12.0s,dist=0.0m,cell=True,family=True"
LTE-TP-EP-000835,542020041221088+20250827140850+Fiji-Nadi-LTE-DL-D!20250827140234,Fiji-Nadi-LTE-DL-D,2025-08-27 04:01:45+02:00,2025-08-27 04:01:46+02:00,2,-17.7665226,177.4477113,-17.7665226,177.4477113,ECI:1066034.0,1066034.0,124.0,41186.0,41.0,0.003824,0.008072,23.750530480627063,23.738210480627064,0.000161276037602959,79.06,79.055,77.47,77.465,81.0,81.0,0,2,0,2,rolling_local_drop,normal,temporal,statistical_only_retained,1.0,2.0,2.0,1.0,0.0,2.0,0.0,0.0,1.0,2,0,False,29.5,65.48,70.75,67.85,High,High,True,False,,True,priority_and_confidence_gate,High,INC-000584,"new:gap=10.0s,dist=0.0052945985530562295m,cell=True,family=True"
LTE-TP-EP-000836,542020041221088+20250827140850+Fiji-Nadi-LTE-DL-D!20250827140234,Fiji-Nadi-LTE-DL-D,2025-08-27 04:02:00+02:00,2025-08-27 04:02:00+02:00,1,-17.7665226,177.4477113,-17.7665226,177.4477113,ECI:1066034.0,1066034.0,124.0,41186.0,41.0,1.994168,1.994168,38.64214008205006,36.64797208205006,0.051606044483191685,79.49,79.49,78.26,78.26,81.0,81.0,0,1,0,1,sudden_drop,normal,temporal,statistical_only_retained,0.0,1.0,1.0,1.0,0.0,1.0,0.005294597248788544,0.0,1.0,1,0,False,22.25,64.26,70.75,67.18,High,High,True,False,,True,priority_and_confidence_gate,High,INC-000585,"new:gap=14.0s,dist=0.0m,cell=True,family=True"
LTE-TP-EP-000837,542020041221088+20250827140850+Fiji-Nadi-LTE-DL-D!20250827140234,Fiji-Nadi-LTE-DL-D,2025-08-27 04:02:12+02:00,2025-08-27 04:02:12+02:00,1,-17.7665213,177.4479558,-17.7665213,177.4479558,ECI:1066034.0,1066034.0,124.0,41186.0,41.0,0.046576,0.046576,28.1038121187439,28.057236118743898,0.001657284065350552,80.76,80.76,79.1,79.1,82.8,82.8,0,1,0,1,radio_limited_degradation,normal,temporal,statistical_only_retained,0.0,1.0,1.0,1.0,0.0,1.0,3.211423271929663,0.0,1.0,1,1,True,22.25,64.89,72.1,68.13,High,High,True,False,,True,priority_and_confidence_gate,High,INC-000586,"new:gap=12.0s,dist=25.89098473127876m,cell=True,family=True"
LTE-TP-EP-000838,542020041221088+20250827140850+Fiji-Nadi-LTE-DL-D!20250827140234,Fiji-Nadi-LTE-DL-D,2025-08-27 04:02:26+02:00,2025-08-27 04:02:29+02:00,2,-17.7658441,177.4479112,-17.7657124,177.4478342,ECI:1066034.0,1066034.0,124.0,41186.0,41.0,1.94136,8.468284,42.80101032804817,40.85965032804817,0.045357807797536884,87.29,69.43,80.29,61.095,95.85,79.62,0,2,0,2,radio_limited_degradation,normal,temporal,statistical_only_retained,3.0,4.0,2.0,0.5,2.0,1.0,18.32624151519195,0.0,1.0,2,1,True,16.0,59.42,77.83,67.7,High,High,True,False,,True,priority_and_confidence_gate,High,INC-000587,"new:gap=14.0s,dist=75.44926626927773m,cell=True,family=True"
LTE-TP-EP-000839,542020041221088+20250827141110+Fiji-Nadi-LTE-DL-D!20250827140445,Fiji-Nadi-LTE-DL-D,2025-08-27 04:02:43+02:00,2025-08-27 04:02:43+02:00,1,-17.76493678,177.44729012,-17.76493678,177.44729012,EARFCN:41186.0|PCI:124.0,,124.0,41186.0,41.0,19.803345,19.803345,109.543755,89.74041,0.18078022795548682,80.59,80.59,64.7,64.7,100.0,100.0,1,0,0,1,rb_conditioned_underperformance,ml_quantile_p75_resource_underperformance,resource,statistical_and_ml_consensus,0.0,1.0,1.0,1.0,0.0,1.0,,100.0,1.0,1,0,False,22.25,54.09,100.0,74.75,Medium,Very High,True,False,,True,priority_and_confidence_gate,High,INC-000588,new_session_or_first_episode
LTE-TP-EP-000840,542020041221088+20250827141110+Fiji-Nadi-LTE-DL-D!20250827140445,Fiji-Nadi-LTE-DL-D,2025-08-27 04:02:47+02:00,2025-08-27 04:02:47+02:00,1,-17.76480386,177.44719402,-17.76480386,177.44719402,ECI:1066034.0,1066034.0,124.0,41186.0,41.0,0.27084,0.27084,32.32594867175429,32.05510867175429,0.008378408403421555,80.54,80.54,80.16,80.16,81.0,81.0,0,1,0,1,sudden_drop,normal,temporal,statistical_only_retained,0.0,1.0,1.0,1.0,0.0,1.0,0.34688710468834105,0.0,1.0,1,0,False,22.25,65.68,70.75,67.96,High,High,True,False,,True,priority_and_confidence_gate,High,INC-000589,"new:gap=4.0s,dist=17.944558179957312m,cell=False,family=False"
LTE-TP-EP-000841,542020041221088+20250827141110+Fiji-Nadi-LTE-DL-D!20250827140445,Fiji-Nadi-LTE-DL-D,2025-08-27 04:02:55+02:00,2025-08-27 04:02:56+02:00,2,-17.76435134,177.44684471,-17.7642488,177.446728,ECI:1066034.0,1066034.0,124.0,41186.0,41.0,0.264024,1.03704,25.31076962191936,24.489624764431532,0.01066606392102386,78.82,77.505,77.03,74.64,81.0,81.0,0,2,0,2,rolling_local_drop,normal,temporal,statistical_only_retained,1.0,2.0,2.0,1.0,0.0,2.0,17.103280108367308,0.0,1.0,2,0,False,29.5,64.55,70.75,67.34,High,High,True,False,,True,priority_and_confidence_gate,High,INC-000590,"new:gap=8.0s,dist=62.450983704864335m,cell=True,family=True"
LTE-TP-EP-000842,542020041221088+20250827141110+Fiji-Nadi-LTE-DL-D!20250827140445,Fiji-Nadi-LTE-DL-D,2025-08-27 04:03:12+02:00,2025-08-27 04:03:12+02:00,1,-17.7641031,177.4465196,-17.7641031,177.4465196,ECI:1066034.0,1066034.0,124.0,41186.0,41.0,8.090816,8.090816,35.19137260358611,27.10055660358611,0.22990907718034054,70.06,70.06,55.48,55.48,87.89,87.89,0,1,0,1,sudden_drop,normal,temporal,statistical_only_retained,0.0,1.0,1.0,1.0,0.0,1.0,0.0030710111063181537,0.0,1.0,1,0,False,22.25,47.17,75.92,60.11,Medium,High,True,False,,True,priority_and_confidence_gate,Medium,INC-000591,"new:gap=16.0s,dist=27.37664298983001m,cell=True,family=True"
LTE-TP-EP-000843,542020041221088+20250827141110+Fiji-Nadi-LTE-DL-D!20250827140445,Fiji-Nadi-LTE-DL-D,2025-08-27 04:03:35+02:00,2025-08-27 04:03:35+02:00,1,-17.7640925,177.44649201,-17.7640925,177.44649201,ECI:1066034.0,1066034.0,124.0,41186.0,41.0,3.754072,3.754072,54.07249464146243,50.318422641462426,0.06942664703916587,84.35,84.35,81.13,81.13,88.29,88.29,0,1,0,1,sudden_drop,normal,temporal,statistical_only_retained,0.0,1.0,1.0,1.0,0.0,1.0,0.24014087493694272,0.0,1.0,1,0,False,22.25,66.41,76.22,70.82,High,High,True,False,,True,priority_and_confidence_gate,High,INC-000592,"new:gap=23.0s,dist=3.15039606161248m,cell=True,family=True"
LTE-TP-EP-000844,542020041221088+20250827141110+Fiji-Nadi-LTE-DL-D!20250827140445,Fiji-Nadi-LTE-DL-D,2025-08-27 04:03:43+02:00,2025-08-27 04:03:44+02:00,2,-17.76409028,177.44649161,-17.76408772,177.44648066,ECI:1066034.0,1066034.0,124.0,41186.0,41.0,0.012688,2.301992,42.113711687062036,38.574065225812326,0.00032881750702757896,82.32,81.04499999999999,83.4,78.36500000000001,87.63,84.315,0,2,0,2,rolling_local_drop,normal,temporal,statistical_only_retained,1.0,2.0,2.0,1.0,0.0,2.0,1.49165601967267,0.0,1.0,2,0,False,29.5,68.67,74.89,71.47,High,High,True,False,,True,priority_and_confidence_gate,High,INC-000593,"new:gap=8.0s,dist=0.25046075027954123m,cell=True,family=True"
LTE-TP-EP-000845,542020041221088+20250827141110+Fiji-Nadi-LTE-DL-D!20250827140445,Fiji-Nadi-LTE-DL-D,2025-08-27 04:03:53+02:00,2025-08-27 04:03:54+02:00,2,-17.7645299,177.4460129,-17.7646162,177.4459412,ECI:1066034.0,1066034.0,124.0,41186.0,41.0,0.046216,0.79966,26.696732602283234,26.22209810170061,0.0017593820380352456,80.36,78.695,78.36,76.075,82.8,81.9,0,2,0,2,radio_limited_degradation,normal,temporal,statistical_only_retained,1.0,2.0,2.0,1.0,0.0,2.0,33.919817433246365,0.0,1.0,2,1,True,29.5,65.57,71.88,68.41,High,High,True,False,,True,priority_and_confidence_gate,High,INC-000594,"new:gap=9.0s,dist=69.7925308267115m,cell=True,family=True"
LTE-TP-EP-000847,542020041221088+20250827141110+Fiji-Nadi-LTE-DL-D!20250827140445,Fiji-Nadi-LTE-DL-D,2025-08-27 04:04:19+02:00,2025-08-27 04:04:20+02:00,2,-17.76551196,177.44513107,-17.76551196,177.44513107,ECI:1066034.0,1066034.0,124.0,41186.0,41.0,0.105456,3.832628,30.545103180326638,22.98530318032664,0.005175745545001002,78.93,74.17500000000001,75.76,66.92,83.29,83.045,0,2,0,2,radio_limited_degradation,normal,temporal,statistical_only_retained,1.0,2.0,2.0,1.0,0.0,2.0,0.0,0.0,1.0,2,1,True,29.5,61.98,72.41,66.67,High,High,True,False,,True,priority_and_confidence_gate,High,INC-000595,"new:gap=25.0s,dist=131.45484898932241m,cell=True,family=True"
LTE-TP-EP-000848,542020041221088+20250827141150+Fiji-Nadi-LTE-DL-D!20250827140658,Fiji-Nadi-LTE-DL-D,2025-08-27 04:04:56+02:00,2025-08-27 04:04:58+02:00,2,-17.76533786,177.44453512,-17.76531034,177.44444824,ECI:1066036.0,1066036.0,125.0,41186.0,41.0,3.035208,18.4319755,103.734363,69.90562,0.10797882367097074,78.61,69.245,69.96,60.44499999999999,89.18,80.0,0,2,0,1,rb_conditioned_underperformance,normal,capability,statistical_only_retained,2.0,3.0,2.0,0.6666666666666666,1.0,1.0,0.10294614179956273,0.0,0.5,1,0,False,18.5,54.72,69.59,61.41,Medium,High,True,False,,True,priority_and_confidence_gate,Medium,INC-000596,new_session_or_first_episode
LTE-TP-EP-000849,542020041221088+20250827141150+Fiji-Nadi-LTE-DL-D!20250827140658,Fiji-Nadi-LTE-DL-D,2025-08-27 04:05:02+02:00,2025-08-27 04:05:08+02:00,5,-17.76525023,177.44426874,-17.7651746,177.4438619,ECI:1066036.0,1066036.0,125.0,41186.0,41.0,0.045768,3.75732,117.05716397965944,80.02147797965944,0.0013348123522024728,82.13,73.51,81.59,64.1,99.77,85.014,1,4,0,5,radio_limited_degradation,normal,temporal,statistical_only_retained,6.0,7.0,5.0,0.7142857142857143,2.0,3.0,37.63137431838191,20.0,1.0,5,2,True,34.96,65.56,84.14,73.92,High,Very High,True,False,,True,priority_and_confidence_gate,High,INC-000597,"new:gap=4.0s,dist=20.14867375549979m,cell=True,family=False"
LTE-TP-EP-000850,542020041221088+20250827141150+Fiji-Nadi-LTE-DL-D!20250827140658,Fiji-Nadi-LTE-DL-D,2025-08-27 04:05:14+02:00,2025-08-27 04:05:14+02:00,1,-17.76525337,177.44356735,-17.76525337,177.44356735,ECI:1066036.0,1066036.0,125.0,41186.0,41.0,25.890648,25.890648,109.543755,83.653107,0.23634983117020225,78.67,78.67,61.21,61.21,100.0,100.0,1,0,0,1,rb_conditioned_underperformance,ml_quantile_p75_resource_underperformance,resource,statistical_and_ml_consensus,0.0,1.0,1.0,1.0,0.0,1.0,0.14299405874205465,100.0,1.0,1,0,False,22.25,51.47,100.0,73.31,Medium,Very High,True,False,,True,priority_and_confidence_gate,High,INC-000598,"new:gap=6.0s,dist=32.39717680464357m,cell=True,family=False"
LTE-TP-EP-000851,542020041221088+20250827141150+Fiji-Nadi-LTE-DL-D!20250827140658,Fiji-Nadi-LTE-DL-D,2025-08-27 04:05:20+02:00,2025-08-27 04:05:21+02:00,2,-17.76532001,177.44330496,-17.76533316,177.44326398,ECI:1066036.0,1066036.0,125.0,41186.0,41.0,0.609904,14.029692,82.81169975460841,55.36221975460841,0.011907230330526007,89.03,74.985,87.08,70.88,91.42,80.00999999999999,0,2,0,2,radio_limited_degradation,normal,temporal,statistical_only_retained,1.0,2.0,2.0,1.0,0.0,2.0,4.600758021480515,0.0,1.0,2,1,True,29.5,68.64,75.71,71.82,High,High,True,False,,True,priority_and_confidence_gate,High,INC-000599,"new:gap=6.0s,dist=28.756302381590945m,cell=True,family=False"
LTE-TP-EP-000852,542020041221088+20250827141150+Fiji-Nadi-LTE-DL-D!20250827140658,Fiji-Nadi-LTE-DL-D,2025-08-27 04:05:28+02:00,2025-08-27 04:05:29+02:00,2,-17.7654543,177.4427735,-17.765473,177.4427072,ECI:1066036.0,1066036.0,125.0,41186.0,41.0,0.11024,8.563080000000001,61.887161421981176,47.98848236924443,0.00229195277067256,85.1,73.195,86.98,71.54,82.8,75.215,0,2,0,2,radio_limited_degradation,normal,temporal,statistical_only_retained,1.0,2.0,2.0,1.0,0.0,2.0,21.878647409466932,0.0,1.0,2,1,True,29.5,68.75,70.2,69.4,High,High,True,False,,True,priority_and_confidence_gate,High,INC-000600,"new:gap=7.0s,dist=53.656529982408394m,cell=True,family=True"
LTE-TP-EP-000853,542020041221088+20250827141150+Fiji-Nadi-LTE-DL-D!20250827140658,Fiji-Nadi-LTE-DL-D,2025-08-27 04:05:41+02:00,2025-08-27 04:05:41+02:00,1,-17.76555018,177.44188484,-17.76555018,177.44188484,ECI:1066036.0,1066036.0,125.0,41186.0,41.0,0.041176,0.041176,,,,78.01,78.01,78.86,78.86,76.97,76.97,0,1,0,1,radio_limited_degradation,normal,radio,statistical_only_retained,0.0,1.0,1.0,1.0,0.0,1.0,7.955723987596877,0.0,1.0,1,1,True,22.25,64.71,67.73,66.07,High,High,True,False,,True,priority_and_confidence_gate,High,INC-000601,"new:gap=12.0s,dist=87.50365825261085m,cell=True,family=True"
LTE-TP-EP-000854,542020041221088+20250827141150+Fiji-Nadi-LTE-DL-D!20250827140658,Fiji-Nadi-LTE-DL-D,2025-08-27 04:06:15+02:00,2025-08-27 04:06:16+02:00,2,-17.76568214,177.43980565,-17.7656617,177.43972554,ECI:1066039.0,1066039.0,125.0,41384.0,41.0,0.403432,4.2703120000000006,,,,81.23,78.435,98.59,85.055,80.68,70.35000000000001,0,2,0,2,radio_limited_degradation,normal,radio,statistical_only_retained,1.0,2.0,2.0,1.0,0.0,2.0,17.49323958202683,0.0,1.0,2,2,True,29.5,77.93,67.93,73.43,High,High,True,False,,True,priority_and_confidence_gate,High,INC-000602,"new:gap=34.0s,dist=220.659004375076m,cell=False,family=True"
LTE-TP-EP-000855,542020041221088+20250827141150+Fiji-Nadi-LTE-DL-D!20250827140658,Fiji-Nadi-LTE-DL-D,2025-08-27 04:06:17+02:00,2025-08-27 04:06:17+02:00,1,-17.7656168,177.4395793,-17.7656168,177.4395793,ECI:1066038.0,1066038.0,125.0,41384.0,41.0,0.35376,0.35376,,,,76.52,76.52,98.76,98.76,49.33,49.33,0,1,0,1,radio_limited_degradation,normal,radio,statistical_only_retained,0.0,1.0,1.0,1.0,0.0,1.0,16.27064872138732,0.0,1.0,1,1,True,22.25,79.63,47.0,64.95,High,Medium,True,False,,True,priority_and_confidence_gate,Medium,INC-000603,"new:gap=1.0s,dist=16.27064872171863m,cell=False,family=True"
LTE-TP-EP-000856,542020041221088+20250827141150+Fiji-Nadi-LTE-DL-D!20250827140658,Fiji-Nadi-LTE-DL-D,2025-08-27 04:06:18+02:00,2025-08-27 04:06:22+02:00,4,-17.7655791,177.4395139,-17.7653367,177.439335,ECI:1067151.0,1067151.0,339.0,41384.0,41.0,0.035,0.644732,,,,82.0,79.605,99.88,97.61749999999999,60.62,57.585,0,4,0,4,radio_limited_degradation,normal,radio,statistical_only_retained,4.0,5.0,4.0,0.8,1.0,3.0,25.588360734190186,0.0,1.0,4,4,True,35.0,83.09,54.71,70.32,Critical,Medium,True,True,critical_impact_with_verified_direct_evidence,True,critical_verified_direct_evidence_override,High,INC-000604,"new:gap=1.0s,dist=8.095310934142963m,cell=False,family=True"
LTE-TP-EP-000857,542020041221088+20250827141150+Fiji-Nadi-LTE-DL-D!20250827140658,Fiji-Nadi-LTE-DL-D,2025-08-27 04:06:24+02:00,2025-08-27 04:06:24+02:00,1,-17.76525243,177.43933176,-17.76525243,177.43933176,ECI:1067208.0,1067208.0,339.0,500.0,1.0,2.85668,2.85668,43.970293999999996,41.113614,0.06496840798926658,76.82,76.82,73.2,73.2,81.24,81.24,0,1,0,1,ca_underperformance,normal,capability,statistical_only_retained,0.0,1.0,1.0,1.0,0.0,1.0,0.9892237946339283,0.0,1.0,1,0,False,22.25,60.46,70.93,65.17,High,High,True,False,,True,priority_and_confidence_gate,High,INC-000605,"new:gap=2.0s,dist=9.376688372469369m,cell=False,family=False"
LTE-TP-EP-000858,542020041221088+20250827141150+Fiji-Nadi-LTE-DL-D!20250827140658,Fiji-Nadi-LTE-DL-D,2025-08-27 04:06:26+02:00,2025-08-27 04:06:26+02:00,1,-17.76510215,177.4393611,-17.76510215,177.4393611,ECI:1067071.0,1067071.0,487.0,41186.0,41.0,6.749448,6.749448,,,,63.42,63.42,76.38,76.38,47.58,47.58,0,1,0,1,radio_limited_degradation,normal,radio,statistical_only_retained,0.0,1.0,1.0,1.0,0.0,1.0,8.562243839558016,0.0,1.0,1,1,True,22.25,62.85,45.68,55.12,High,Medium,True,False,,True,priority_and_confidence_gate,Medium,INC-000606,"new:gap=2.0s,dist=16.996768552808028m,cell=False,family=False"
LTE-TP-EP-000860,542020041221088+20250827141150+Fiji-Nadi-LTE-DL-D!20250827140658,Fiji-Nadi-LTE-DL-D,2025-08-27 04:06:34+02:00,2025-08-27 04:06:34+02:00,1,-17.76467452,177.43984062,-17.76467452,177.43984062,ECI:1068749.0,1068749.0,136.0,40988.0,41.0,0.782576,0.782576,,,,72.03,72.03,97.26,97.26,41.2,41.2,0,1,0,1,radio_limited_degradation,normal,radio,statistical_only_retained,0.0,1.0,1.0,1.0,0.0,1.0,0.1376438079913201,0.0,1.0,1,1,True,22.25,78.51,40.9,61.58,High,Medium,True,False,,True,priority_and_confidence_gate,Medium,INC-000607,"new:gap=8.0s,dist=69.56592540804955m,cell=False,family=True"
LTE-TP-EP-000861,542020041221088+20250827141150+Fiji-Nadi-LTE-DL-D!20250827140658,Fiji-Nadi-LTE-DL-D,2025-08-27 04:06:39+02:00,2025-08-27 04:06:42+02:00,2,-17.76446127,177.44017722,-17.76433845,177.44034378,ECI:1068749.0,1068749.0,402.0,356.0,1.0,0.367232,4.077968,,,,79.85,67.195,98.71,85.725,56.79,44.54,0,2,0,2,radio_limited_degradation,normal,radio,statistical_only_retained,3.0,4.0,2.0,0.5,2.0,1.0,14.968571638856133,0.0,1.0,2,2,True,16.0,74.79,49.53,63.42,High,Medium,True,False,,True,priority_and_confidence_gate,Medium,INC-000607,"bridged:gap=5.0s,dist=42.81054966660673m,cell=True,family=True"
LTE-TP-EP-000863,542020041221088+20250827141150+Fiji-Nadi-LTE-DL-D!20250827140658,Fiji-Nadi-LTE-DL-D,2025-08-27 04:06:49+02:00,2025-08-27 04:06:49+02:00,1,-17.7641413,177.4405899,-17.7641413,177.4405899,ECI:1068615.0,1068615.0,487.0,41186.0,41.0,0.341712,0.341712,,,,77.52,77.52,98.8,98.8,51.51,51.51,0,1,0,1,radio_limited_degradation,normal,radio,statistical_only_retained,0.0,1.0,1.0,1.0,0.0,1.0,5.214753878873806,0.0,1.0,1,1,True,22.25,79.66,48.63,65.7,High,Medium,True,False,,True,priority_and_confidence_gate,High,INC-000608,"new:gap=7.0s,dist=34.0562867251936m,cell=False,family=True"
LTE-TP-EP-000865,542020041221088+20250827141150+Fiji-Nadi-LTE-DL-D!20250827140658,Fiji-Nadi-LTE-DL-D,2025-08-27 04:06:52+02:00,2025-08-27 04:06:53+02:00,2,-17.7640333,177.4406962,-17.76403305,177.44069465,ECI:1069342.0,1069342.0,136.0,1850.0,3.0,2.041776,4.51934,,,,70.66,69.64,92.85,84.18,64.74,51.87,0,2,0,2,radio_limited_degradation,normal,radio,statistical_only_retained,1.0,2.0,2.0,1.0,0.0,2.0,10.994622088241961,0.0,1.0,2,2,True,29.5,74.84,55.34,66.07,High,Medium,True,False,,True,priority_and_confidence_gate,High,INC-000609,"new:gap=3.0s,dist=16.459823386515716m,cell=False,family=True"
LTE-TP-EP-000866,542020041221088+20250827141150+Fiji-Nadi-LTE-DL-D!20250827140658,Fiji-Nadi-LTE-DL-D,2025-08-27 04:06:54+02:00,2025-08-27 04:06:54+02:00,1,-17.7639633,177.4407582,-17.7639633,177.4407582,ECI:1066056.0,1066056.0,487.0,40988.0,41.0,3.47832,3.47832,,,,66.47,66.47,87.83,87.83,40.36,40.36,0,1,0,1,radio_limited_degradation,normal,radio,statistical_only_retained,0.0,1.0,1.0,1.0,0.0,1.0,10.268391586958604,0.0,1.0,1,1,True,22.25,71.44,40.27,57.41,High,Medium,True,False,,True,priority_and_confidence_gate,Medium,INC-000610,"new:gap=1.0s,dist=10.268391587665832m,cell=False,family=True"
LTE-TP-EP-000867,542020041221088+20250827141150+Fiji-Nadi-LTE-DL-D!20250827140658,Fiji-Nadi-LTE-DL-D,2025-08-27 04:06:55+02:00,2025-08-27 04:06:58+02:00,4,-17.7639291,177.4407873,-17.76386648,177.44083012,ECI:1068615.0,1068615.0,122.0,9310.0,28.0,1.56072,4.5947119999999995,59.51545075,57.954730749999996,0.026223778537038136,85.2,72.695,92.17,78.64,81.43,65.43,0,4,0,4,ca_underperformance,normal,capability,statistical_only_retained,3.0,4.0,4.0,1.0,0.0,4.0,13.770750863398815,0.0,1.0,4,2,True,44.0,76.74,67.07,72.39,High,High,True,False,,True,priority_and_confidence_gate,High,INC-000611,"new:gap=1.0s,dist=4.894637486985447m,cell=False,family=False"
LTE-TP-EP-000868,542020041221088+20250827141230+Fiji-Nadi-LTE-DL-D!20250827140734,Fiji-Nadi-LTE-DL-D,2025-08-27 04:07:10+02:00,2025-08-27 04:07:10+02:00,1,-17.76373148,177.44088949,-17.76373148,177.44088949,ECI:1066019.0,1066019.0,125.0,41384.0,41.0,0.056776,0.056776,,,,82.33,82.33,99.8,99.8,60.98,60.98,0,1,0,1,radio_limited_degradation,normal,radio,statistical_only_retained,0.0,1.0,1.0,1.0,0.0,1.0,0.0,0.0,1.0,1,1,True,22.25,80.41,55.74,69.31,Critical,Medium,True,True,critical_impact_with_verified_direct_evidence,True,critical_verified_direct_evidence_override,High,INC-000612,new_session_or_first_episode
LTE-TP-EP-000870,542020041221088+20250827141230+Fiji-Nadi-LTE-DL-D!20250827140734,Fiji-Nadi-LTE-DL-D,2025-08-27 04:07:14+02:00,2025-08-27 04:07:14+02:00,1,-17.7637315,177.4408895,-17.7637315,177.4408895,ECI:1069342.0,1069342.0,125.0,41384.0,41.0,2.266344,2.266344,,,,78.32,78.32,92.07,92.07,61.52,61.52,0,1,0,1,radio_limited_degradation,normal,radio,statistical_only_retained,0.0,1.0,1.0,1.0,0.0,1.0,0.0,0.0,1.0,1,1,True,22.25,74.61,56.14,66.3,High,Medium,True,False,,True,priority_and_confidence_gate,High,INC-000613,"new:gap=4.0s,dist=0.0024631453572783457m,cell=False,family=True"
LTE-TP-EP-000871,542020041221088+20250827141230+Fiji-Nadi-LTE-DL-D!20250827140734,Fiji-Nadi-LTE-DL-D,2025-08-27 04:07:15+02:00,2025-08-27 04:07:16+02:00,2,-17.7637315,177.4408895,-17.76373148,177.44088949,ECI:1069375.0,1069375.0,136.0,1850.0,3.0,5.068624,5.424272,32.41143,26.631510000000002,0.17832968184371992,62.06,61.965,55.69,55.129999999999995,70.79,70.32,0,2,0,2,ca_underperformance,normal,capability,statistical_only_retained,1.0,2.0,2.0,1.0,0.0,2.0,0.0024631447546817264,0.0,1.0,2,0,False,29.5,49.0,62.98,55.29,Medium,High,True,False,,True,priority_and_confidence_gate,Medium,INC-000614,"new:gap=1.0s,dist=0.0m,cell=False,family=False"
LTE-TP-EP-000872,542020041221088+20250827141230+Fiji-Nadi-LTE-DL-D!20250827140734,Fiji-Nadi-LTE-DL-D,2025-08-27 04:07:21+02:00,2025-08-27 04:07:21+02:00,1,-17.7637315,177.4408895,-17.7637315,177.4408895,ECI:1069372.0,1069372.0,136.0,40790.0,41.0,5.920696,5.920696,,,,77.6,77.6,79.28,79.28,75.55,75.55,0,1,0,1,rb_efficiency_underperformance,normal,radio,statistical_only_retained,0.0,1.0,1.0,1.0,0.0,1.0,0.0024631447546817264,0.0,1.0,1,1,True,22.25,65.02,66.66,65.76,High,High,True,False,,True,priority_and_confidence_gate,High,INC-000615,"new:gap=5.0s,dist=0.0024631453572783457m,cell=False,family=False"
LTE-TP-EP-000873,542020041221088+20250827144511+Fiji-Nadi-LTE-DL-D!20250827144430,Fiji-Nadi-LTE-DL-D,2025-08-27 04:42:28+02:00,2025-08-27 04:42:28+02:00,1,-17.7637149,177.4409221,-17.7637149,177.4409221,ECI:1068749.0,1068749.0,402.0,356.0,1.0,0.004784,0.004784,,,,75.23,75.23,90.98,90.98,55.99,55.99,0,1,0,1,radio_limited_degradation,normal,radio,statistical_only_retained,0.0,1.0,1.0,1.0,0.0,1.0,,0.0,1.0,1,1,True,22.25,73.8,51.99,63.99,High,Medium,True,False,,True,priority_and_confidence_gate,Medium,INC-000616,new_session_or_first_episode
LTE-TP-EP-000874,542020041221088+20250827144511+Fiji-Nadi-LTE-DL-D!20250827144430,Fiji-Nadi-LTE-DL-D,2025-08-27 04:42:33+02:00,2025-08-27 04:42:40+02:00,7,-17.7637151,177.4409219,-17.763715,177.440922,ECI:1068749.0,1068749.0,402.0,356.0,1.0,0.011624,0.015808,,,,75.83,75.71714285714286,90.96,90.94142857142857,57.34,57.11142857142857,0,7,0,4,radio_limited_degradation,normal,radio,statistical_only_retained,7.0,8.0,7.0,0.875,1.0,6.0,0.03282837666445198,0.0,0.5714285714285714,4,7,True,57.88,82.69,48.66,67.37,Critical,Medium,True,True,critical_impact_with_verified_direct_evidence,True,critical_verified_direct_evidence_override,High,INC-000616,"bridged:gap=5.0s,dist=0.03071012926411514m,cell=True,family=True"
LTE-TP-EP-000875,542020041221088+20250827144511+Fiji-Nadi-LTE-DL-D!20250827144430,Fiji-Nadi-LTE-DL-D,2025-08-27 04:43:13+02:00,2025-08-27 04:43:13+02:00,1,-17.7633682,177.4412782,-17.7633682,177.4412782,ECI:1068615.0,1068615.0,122.0,9310.0,28.0,1.217888,1.217888,59.51545075,58.29756275,0.020463392020936683,86.14,86.14,86.43,86.43,85.78,85.78,0,1,0,1,ca_underperformance,normal,capability,statistical_only_retained,0.0,1.0,1.0,1.0,0.0,1.0,6.335959590626145,0.0,1.0,1,0,False,22.25,70.39,74.33,72.16,High,High,True,False,,True,priority_and_confidence_gate,High,INC-000617,"new:gap=33.0s,dist=53.942668478893154m,cell=False,family=False"
LTE-TP-EP-000876,542020041221088+20250827144511+Fiji-Nadi-LTE-DL-D!20250827144430,Fiji-Nadi-LTE-DL-D,2025-08-27 04:43:14+02:00,2025-08-27 04:43:19+02:00,4,-17.7633246,177.4413187,-17.7630949,177.4415308,ECI:1066294.0,1066294.0,487.0,41384.0,41.0,1.318824,7.312024,59.51545075,49.64613075,0.16582786277561715,68.09,62.405,86.38,67.565,69.51,56.095,0,4,0,3,radio_limited_degradation,normal,capability,statistical_only_retained,5.0,6.0,4.0,0.6666666666666666,2.0,3.0,26.69577104654757,0.0,0.75,3,3,True,33.0,68.33,56.28,62.91,High,Medium,True,False,,True,priority_and_confidence_gate,Medium,INC-000618,"new:gap=1.0s,dist=6.472794984518895m,cell=False,family=True"
LTE-TP-EP-000877,542020041221088+20250827144511+Fiji-Nadi-LTE-DL-D!20250827144430,Fiji-Nadi-LTE-DL-D,2025-08-27 04:43:20+02:00,2025-08-27 04:43:22+02:00,2,-17.7630481,177.4415781,-17.762955,177.4416742,ECI:1069375.0,1069375.0,136.0,1850.0,3.0,0.005208,1.450904,,,,76.6,73.31,90.98,85.92,59.02,57.895,0,2,0,1,radio_limited_degradation,normal,radio,statistical_only_retained,2.0,3.0,2.0,0.6666666666666666,1.0,1.0,14.431645145610638,0.0,0.5,1,2,True,18.5,71.6,48.98,61.42,High,Medium,True,False,,True,priority_and_confidence_gate,Medium,INC-000619,"new:gap=1.0s,dist=7.2227986051253605m,cell=False,family=True"
LTE-TP-EP-000878,542020041221088+20250827144511+Fiji-Nadi-LTE-DL-D!20250827144430,Fiji-Nadi-LTE-DL-D,2025-08-27 04:43:31+02:00,2025-08-27 04:43:31+02:00,1,-17.7625477,177.4421033,-17.7625477,177.4421033,ECI:1069375.0,1069375.0,136.0,40988.0,41.0,6.770816,6.770816,,,,64.47,64.47,67.3,67.3,61.02,61.02,0,1,0,1,rb_efficiency_underperformance,normal,radio,statistical_only_retained,0.0,1.0,1.0,1.0,0.0,1.0,7.354245862982985,0.0,1.0,1,1,True,22.25,56.04,55.77,55.91,High,Medium,True,False,,True,priority_and_confidence_gate,Medium,INC-000620,"new:gap=9.0s,dist=64.15514207671829m,cell=True,family=True"
LTE-TP-EP-000881,542020041221088+20250827144731+Fiji-Nadi-LTE-DL-D!20250827144643,Fiji-Nadi-LTE-DL-D,2025-08-27 04:44:52+02:00,2025-08-27 04:44:54+02:00,2,-17.7579992,177.4448203,-17.7578945,177.444952,ECI:1066036.0,1066036.0,125.0,41186.0,41.0,3.358336,7.650227999999999,41.037212749999995,37.67887674999999,0.0818363571731611,74.99,62.655,69.87,56.255,81.24,70.47,0,2,0,2,ca_underperformance,normal,capability,statistical_only_retained,2.0,3.0,2.0,0.6666666666666666,1.0,1.0,17.726550424684696,0.0,1.0,2,0,False,18.5,53.62,68.24,60.2,Medium,High,True,False,,True,priority_and_confidence_gate,Medium,INC-000621,new_session_or_first_episode
LTE-TP-EP-000882,542020041221088+20250827144731+Fiji-Nadi-LTE-DL-D!20250827144643,Fiji-Nadi-LTE-DL-D,2025-08-27 04:45:03+02:00,2025-08-27 04:45:06+02:00,4,-17.7574809,177.445404,-17.757507,177.4456012,ECI:1066311.0,1066311.0,487.0,9310.0,28.0,0.014496,1.083855999,,,,77.64,71.005,90.95,85.98,61.5,52.7,0,4,0,3,radio_limited_degradation,normal,radio,statistical_only_retained,3.0,4.0,4.0,1.0,0.0,4.0,28.740316074342207,0.0,0.75,3,4,True,44.0,77.97,51.43,66.02,High,Medium,True,False,,True,priority_and_confidence_gate,High,INC-000622,"new:gap=9.0s,dist=66.37932478958078m,cell=False,family=False"
LTE-TP-EP-000883,542020041221088+20250827144731+Fiji-Nadi-LTE-DL-D!20250827144643,Fiji-Nadi-LTE-DL-D,2025-08-27 04:45:07+02:00,2025-08-27 04:45:07+02:00,1,-17.7575362,177.4456638,-17.7575362,177.4456638,ECI:1068615.0,1068615.0,487.0,9310.0,28.0,0.014496,0.014496,,,,76.06,76.06,90.95,90.95,57.87,57.87,0,1,0,1,radio_limited_degradation,normal,radio,statistical_only_retained,0.0,1.0,1.0,1.0,0.0,1.0,7.381613917525811,0.0,1.0,1,1,True,22.25,73.78,53.4,64.61,High,Medium,True,False,,True,priority_and_confidence_gate,Medium,INC-000623,"new:gap=1.0s,dist=7.381613917862674m,cell=False,family=True"
LTE-TP-EP-000885,542020041221088+20250827144731+Fiji-Nadi-LTE-DL-D!20250827144643,Fiji-Nadi-LTE-DL-D,2025-08-27 04:45:30+02:00,2025-08-27 04:45:31+02:00,2,-17.7579262,177.4473118,-17.7579231,177.4473815,ECI:1070870.0,1070870.0,350.0,500.0,1.0,19.592993,46.447466500000004,176.8458,103.54386,0.18491786932143123,70.62,63.025000000000006,64.72,57.769999999999996,77.83,69.445,0,2,0,1,rb_conditioned_underperformance,normal,capability,statistical_only_retained,1.0,2.0,2.0,1.0,0.0,2.0,15.124548479038486,0.0,0.5,1,0,False,29.5,54.18,61.28,57.37,Medium,High,True,False,,True,priority_and_confidence_gate,Medium,INC-000624,"new:gap=23.0s,dist=179.8258218881268m,cell=False,family=False"
LTE-TP-EP-000886,542020041221088+20250827144731+Fiji-Nadi-LTE-DL-D!20250827144643,Fiji-Nadi-LTE-DL-D,2025-08-27 04:46:01+02:00,2025-08-27 04:46:01+02:00,1,-17.7578349,177.4497586,-17.7578349,177.4497586,ECI:3625779.0,3625779.0,116.0,40790.0,41.0,6.881872,6.881872,62.203377,55.321505,0.11063502227539833,76.37,76.37,72.6,72.6,80.98,80.98,0,1,0,1,ca_underperformance,normal,capability,statistical_only_retained,0.0,1.0,1.0,1.0,0.0,1.0,8.702253731377589,0.0,1.0,1,0,False,22.25,60.01,70.74,64.84,High,High,True,False,,True,priority_and_confidence_gate,Medium,INC-000625,"new:gap=30.0s,dist=251.91888999455625m,cell=False,family=True"
LTE-TP-EP-000888,542020041221088+20250827145151+Fiji-Nadi-LTE-DL-D!20250827145113,Fiji-Nadi-LTE-DL-D,2025-08-27 04:49:51+02:00,2025-08-27 04:49:51+02:00,1,-17.7654435,177.4658906,-17.7654435,177.4658906,ECI:1066311.0,1066311.0,487.0,41384.0,41.0,0.001264,0.001264,,,,68.08,68.08,70.0,70.0,65.74,65.74,0,1,0,1,radio_limited_degradation,normal,radio,statistical_only_retained,0.0,1.0,1.0,1.0,0.0,1.0,12.781642460955876,0.0,1.0,1,1,True,22.25,58.06,59.3,58.62,High,Medium,True,False,,True,priority_and_confidence_gate,Medium,INC-000626,new_session_or_first_episode
LTE-TP-EP-000890,542020041221088+20250827145151+Fiji-Nadi-LTE-DL-D!20250827145113,Fiji-Nadi-LTE-DL-D,2025-08-27 04:49:59+02:00,2025-08-27 04:50:02+02:00,4,-17.7658025,177.4667876,-17.7659222,177.4671135,ECI:1068852.0,1068852.0,112.0,41186.0,41.0,24.120264,29.554735,105.7221075,81.6018435,0.22814777883613413,60.71,55.3775,61.69,50.975,69.43,60.760000000000005,0,3,1,2,rb_conditioned_underperformance,normal,capability,statistical_only_retained,3.0,4.0,4.0,1.0,0.0,4.0,49.88217041507055,0.0,0.5,2,0,False,44.0,54.59,54.9,54.73,Medium,Medium,True,False,,True,priority_and_confidence_gate,Medium,INC-000627,"new:gap=8.0s,dist=103.03293080489433m,cell=False,family=False"
LTE-TP-EP-000891,542020041221088+20250827145151+Fiji-Nadi-LTE-DL-D!20250827145113,Fiji-Nadi-LTE-DL-D,2025-08-27 04:50:20+02:00,2025-08-27 04:50:20+02:00,1,-17.7653865,177.4677851,-17.7653865,177.4677851,ECI:1067336.0,1067336.0,110.0,9310.0,28.0,0.670456,0.670456,,,,74.91,74.91,88.65,88.65,58.11,58.11,0,1,0,1,radio_limited_degradation,normal,radio,statistical_only_retained,0.0,1.0,1.0,1.0,0.0,1.0,6.559527950720923,0.0,1.0,1,1,True,22.25,72.05,53.58,63.74,High,Medium,True,False,,True,priority_and_confidence_gate,Medium,INC-000628,"new:gap=18.0s,dist=92.76816895971227m,cell=False,family=False"
LTE-TP-EP-000892,542020041221088+20250827145151+Fiji-Nadi-LTE-DL-D!20250827145113,Fiji-Nadi-LTE-DL-D,2025-08-27 04:50:23+02:00,2025-08-27 04:50:23+02:00,1,-17.7652114,177.4678486,-17.7652114,177.4678486,ECI:1067296.0,1067296.0,110.0,9310.0,28.0,0.787048,0.787048,,,,74.29,74.29,88.25,88.25,57.23,57.23,0,1,0,0,radio_limited_degradation,normal,radio,statistical_only_retained,0.0,1.0,1.0,1.0,0.0,1.0,6.758925913299047,0.0,0.0,0,1,True,22.25,71.75,42.92,58.78,High,Medium,True,False,,True,priority_and_confidence_gate,Medium,INC-000629,"new:gap=3.0s,dist=20.598680234045503m,cell=False,family=True"
LTE-TP-EP-000895,542020041221088+20250827145411+Fiji-Nadi-LTE-DL-D!20250827145328,Fiji-Nadi-LTE-DL-D,2025-08-27 04:52:38+02:00,2025-08-27 04:52:40+02:00,2,-17.7663444,177.4747452,-17.7663671,177.4749128,ECI:1068853.0,1068853.0,111.0,41384.0,41.0,39.98783,40.488588,121.14346,81.15563,0.33008657669179997,59.35,58.68,55.74,55.5,63.76,62.565,0,2,0,0,radio_p75_underperformance,normal,capability,statistical_only_retained,2.0,3.0,2.0,0.6666666666666666,1.0,1.0,17.93838572628593,0.0,0.0,0,0,False,18.5,46.37,47.52,46.89,Medium,Medium,True,False,,True,priority_and_confidence_gate,Medium,INC-000630,new_session_or_first_episode
LTE-TP-EP-000896,542020041221088+20250827145611+Fiji-Nadi-LTE-DL-D!20250827145542,Fiji-Nadi-LTE-DL-D,2025-08-27 04:53:40+02:00,2025-08-27 04:53:40+02:00,1,-17.7679548,177.4764853,-17.7679548,177.4764853,ECI:1068853.0,1068853.0,111.0,41384.0,41.0,40.88693,40.88693,129.10258992405716,88.21565992405715,0.3167010826355318,68.15,68.15,56.53,56.53,82.36,82.36,0,1,0,1,rb_conditioned_underperformance,normal,resource,statistical_only_retained,0.0,1.0,1.0,1.0,0.0,1.0,6.735247849760138,0.0,1.0,1,0,False,22.25,47.96,71.77,58.67,Medium,High,True,False,,True,priority_and_confidence_gate,Medium,INC-000631,new_session_or_first_episode
LTE-TP-EP-000898,542020041221088+20250827145611+Fiji-Nadi-LTE-DL-D!20250827145542,Fiji-Nadi-LTE-DL-D,2025-08-27 04:54:04+02:00,2025-08-27 04:54:05+02:00,2,-17.7689377,177.4759004,-17.7689938,177.4759479,ECI:1068853.0,1068853.0,111.0,41384.0,41.0,14.006192,20.3384315,105.95971,79.289039,0.2517057757141842,59.22,55.93,59.96,50.81,66.06,62.185,0,2,0,1,ca_underperformance,normal,capability,statistical_only_retained,1.0,2.0,2.0,1.0,0.0,2.0,15.563479900070178,0.0,0.5,1,0,False,29.5,50.06,53.58,51.64,Medium,Medium,True,False,,True,priority_and_confidence_gate,Medium,INC-000632,"new:gap=24.0s,dist=125.6228921093919m,cell=True,family=False"
LTE-TP-EP-000899,542020041221088+20250827145611+Fiji-Nadi-LTE-DL-D!20250827145542,Fiji-Nadi-LTE-DL-D,2025-08-27 04:55:06+02:00,2025-08-27 04:55:06+02:00,1,-17.771924,177.4745584,-17.771924,177.4745584,ECI:1068854.0,1068854.0,113.0,41384.0,41.0,27.100927,27.100927,121.14346,94.042533,0.2237093690406399,63.54,63.54,61.95,61.95,65.49,65.49,0,1,0,1,rb_conditioned_underperformance,normal,capability,statistical_only_retained,0.0,1.0,1.0,1.0,0.0,1.0,8.443548993916744,0.0,1.0,1,0,False,22.25,52.03,59.12,55.22,Medium,Medium,True,False,,True,priority_and_confidence_gate,Medium,INC-000633,"new:gap=61.0s,dist=357.5044991137887m,cell=False,family=True"
LTE-TP-EP-000900,542020041221088+20250827145831+Fiji-Nadi-LTE-DL-D!20250827145756,Fiji-Nadi-LTE-DL-D,2025-08-27 04:55:54+02:00,2025-08-27 04:55:54+02:00,1,-17.773096,177.4716557,-17.773096,177.4716557,ECI:1068854.0,1068854.0,113.0,41384.0,41.0,5.73324,5.73324,60.15991375,54.42667375,0.09530000365068675,84.93,84.93,74.49,74.49,97.7,97.7,0,1,0,1,ca_underperformance,ml_quantile_p75_resource_underperformance,capability,statistical_only_retained,0.0,1.0,1.0,1.0,0.0,1.0,,0.0,1.0,1,0,False,22.25,61.43,83.28,71.26,High,Very High,True,False,,True,priority_and_confidence_gate,High,INC-000634,new_session_or_first_episode
LTE-TP-EP-000902,542020041221088+20250827145831+Fiji-Nadi-LTE-DL-D!20250827145756,Fiji-Nadi-LTE-DL-D,2025-08-27 04:57:52+02:00,2025-08-27 04:57:52+02:00,1,-17.7696134,177.4735336,-17.7696134,177.4735336,ECI:1068854.0,1068854.0,113.0,41384.0,41.0,26.739897,26.739897,121.14346,94.403563,0.22072918339958258,71.47,71.47,62.12,62.12,82.9,82.9,0,1,0,1,rb_conditioned_underperformance,ml_quantile_p75_resource_underperformance,capability,statistical_only_retained,0.0,1.0,1.0,1.0,0.0,1.0,3.664650636146401,0.0,1.0,1,0,False,22.25,52.15,72.18,61.16,Medium,High,True,False,,True,priority_and_confidence_gate,Medium,INC-000635,"new:gap=118.0s,dist=435.31824320452546m,cell=True,family=True"
LTE-TP-EP-000903,542020041221088+20250827150031+Fiji-Nadi-LTE-DL-D!20250827150011,Fiji-Nadi-LTE-DL-D,2025-08-27 04:58:09+02:00,2025-08-27 04:58:09+02:00,1,-17.7694363,177.4740918,-17.7694363,177.4740918,ECI:1068854.0,1068854.0,113.0,41384.0,41.0,41.834713,41.834713,118.29537290099327,76.46065990099328,0.3536462329343461,63.58,63.58,52.6,52.6,77.0,77.0,0,1,0,1,rb_conditioned_underperformance,normal,resource,statistical_only_retained,0.0,1.0,1.0,1.0,0.0,1.0,3.6079574133763876,0.0,1.0,1,0,False,22.25,45.01,67.75,55.24,Medium,High,True,False,,True,priority_and_confidence_gate,Medium,INC-000636,new_session_or_first_episode
LTE-TP-EP-000904,542020041221088+20250827150031+Fiji-Nadi-LTE-DL-D!20250827150011,Fiji-Nadi-LTE-DL-D,2025-08-27 05:00:08+02:00,2025-08-27 05:00:10+02:00,2,-17.7686998,177.4757009,-17.7686127,177.475643,ECI:1068853.0,1068853.0,111.0,41384.0,41.0,13.495168,22.583804,98.07729499999999,66.404855,0.19074760944594432,66.01,60.010000000000005,60.63,54.995000000000005,72.58,66.14,0,2,0,1,ca_underperformance,normal,capability,statistical_only_retained,2.0,3.0,2.0,0.6666666666666666,1.0,1.0,11.087774815961112,0.0,0.5,1,0,False,18.5,48.69,57.82,52.8,Medium,Medium,True,False,,True,priority_and_confidence_gate,Medium,INC-000637,"new:gap=119.0s,dist=189.04759977190741m,cell=False,family=False"
LTE-TP-EP-000905,542020041221088+20250827150151+Fiji-Nadi-LTE-DL-D!20250827150045,Fiji-Nadi-LTE-DL-D,2025-08-27 05:00:24+02:00,2025-08-27 05:00:27+02:00,2,-17.7680778,177.474632,-17.767966,177.4743645,ECI:1068853.0,1068853.0,111.0,41384.0,41.0,18.169945,24.0699885,121.14346,91.173428,0.24739290094570518,66.11,61.915,60.57,50.86,77.97,75.425,0,2,0,2,rb_conditioned_underperformance,ml_hgb_strict_causal_temporal_underperformance,capability,statistical_only_retained,3.0,4.0,2.0,0.5,2.0,1.0,10.146240727836254,0.0,1.0,2,0,False,16.0,47.0,67.84,56.38,Medium,High,True,False,,True,priority_and_confidence_gate,Medium,INC-000638,new_session_or_first_episode
LTE-TP-EP-000906,542020041221088+20250827150151+Fiji-Nadi-LTE-DL-D!20250827150045,Fiji-Nadi-LTE-DL-D,2025-08-27 05:00:28+02:00,2025-08-27 05:00:29+02:00,2,-17.7679319,177.4742757,-17.7679068,177.4741913,ECI:1068855.0,1068855.0,111.0,41384.0,41.0,14.45336,24.4301635,121.14346,86.736493,0.14736703331795603,76.74,67.985,73.34,65.885,80.89,70.545,0,2,0,1,ca_underperformance,normal,capability,statistical_only_retained,1.0,2.0,2.0,1.0,0.0,2.0,19.501721070630737,0.0,0.5,1,0,False,29.5,60.52,63.08,61.67,High,High,True,False,,True,priority_and_confidence_gate,Medium,INC-000639,"new:gap=1.0s,dist=10.13884791708941m,cell=False,family=True"
LTE-TP-EP-000907,542020041221088+20250827150911+Fiji-Nadi-LTE-DL-D!20250827150839,Fiji-Nadi-LTE-DL-D,2025-08-27 05:06:38+02:00,2025-08-27 05:06:49+02:00,6,-17.75711661,177.45730559,-17.75711661,177.45730559,ECI:1072183.0,1072183.0,448.0,41384.0,41.0,0.005456,0.020844,,,,80.44,79.935,90.98,90.91000000000001,67.62,66.52,0,6,0,5,radio_limited_degradation,normal,radio,statistical_only_retained,11.0,12.0,6.0,0.5,6.0,1.0,0.0061421400232353615,0.0,0.8333333333333334,5,6,True,21.0,73.47,58.77,66.86,High,Medium,True,False,,True,priority_and_confidence_gate,High,INC-000640,new_session_or_first_episode
LTE-TP-EP-000909,542020041221088+20250827151132+Fiji-Nadi-LTE-DL-D!20250827151053,Fiji-Nadi-LTE-DL-D,2025-08-27 05:09:07+02:00,2025-08-27 05:09:10+02:00,3,-17.7544688,177.4548683,-17.7544496,177.4548554,ECI:1072150.0,1072150.0,448.0,500.0,1.0,0.956056,3.314056,59.31967,49.810382000000004,0.16030581424340357,82.98,73.77,87.65,76.90666666666668,77.28,69.94333333333334,0,3,0,1,radio_limited_degradation,normal,radio,statistical_only_retained,3.0,4.0,3.0,0.75,1.0,2.0,3.1372381390018775,0.0,0.3333333333333333,1,2,True,27.0,69.8,59.46,65.15,High,Medium,True,False,,True,priority_and_confidence_gate,High,INC-000641,new_session_or_first_episode
LTE-TP-EP-000910,542020041221088+20250827151132+Fiji-Nadi-LTE-DL-D!20250827151053,Fiji-Nadi-LTE-DL-D,2025-08-27 05:09:16+02:00,2025-08-27 05:09:20+02:00,3,-17.7544297,177.4548365,-17.7543548,177.4547811,ECI:1072150.0,1072150.0,448.0,500.0,1.0,19.100399,19.802095,81.48199,62.381591,0.2344125247800158,54.75,52.95333333333334,53.64,50.67666666666667,56.79,55.73,0,3,0,2,rb_conditioned_underperformance,normal,capability,statistical_only_retained,4.0,5.0,3.0,0.6,2.0,2.0,7.596644877986556,0.0,0.6666666666666666,2,0,False,24.75,45.68,48.99,47.17,Medium,Medium,True,False,,True,priority_and_confidence_gate,Medium,INC-000642,"new:gap=6.0s,dist=2.9836854434343896m,cell=True,family=False"
LTE-TP-EP-000911,542020041221088+20250827151132+Fiji-Nadi-LTE-DL-D!20250827151053,Fiji-Nadi-LTE-DL-D,2025-08-27 05:09:25+02:00,2025-08-27 05:09:27+02:00,3,-17.75418229,177.45467261,-17.7539739,177.4545667,ECI:3625798.0,3625798.0,115.0,9310.0,28.0,15.154808,37.591526,150.5427125,135.3879045,0.10066782873996641,85.27,67.29666666666667,75.18,63.97,97.6,71.36333333333333,1,2,0,2,radio_p75_underperformance,normal,capability,statistical_only_retained,2.0,3.0,3.0,1.0,0.0,3.0,33.19063893115634,33.33333333333333,0.6666666666666666,2,3,True,36.75,62.77,78.31,69.76,High,High,True,False,,True,priority_and_confidence_gate,High,INC-000643,"new:gap=5.0s,dist=22.35970586881423m,cell=False,family=True"
LTE-TP-EP-000912,542020041221088+20250827151132+Fiji-Nadi-LTE-DL-D!20250827151053,Fiji-Nadi-LTE-DL-D,2025-08-27 05:10:03+02:00,2025-08-27 05:10:03+02:00,1,-17.75388621,177.4528601,-17.75388621,177.4528601,ECI:3625798.0,3625798.0,115.0,9310.0,28.0,49.119793,49.119793,138.45918006626118,89.33938706626118,0.3547601031328741,68.14,68.14,63.44,63.44,73.88,73.88,0,1,0,1,radio_limited_degradation,normal,temporal,statistical_only_retained,0.0,1.0,1.0,1.0,0.0,1.0,2.9786425092782824,0.0,1.0,1,1,True,22.25,53.14,65.41,58.66,Medium,High,True,False,,True,priority_and_confidence_gate,Medium,INC-000644,"new:gap=36.0s,dist=180.99076459596216m,cell=True,family=False"
LTE-TP-EP-000913,542020041221088+20250827151132+Fiji-Nadi-LTE-DL-D!20250827151053,Fiji-Nadi-LTE-DL-D,2025-08-27 05:10:08+02:00,2025-08-27 05:10:08+02:00,1,-17.7539591,177.4525382,-17.7539591,177.4525382,ECI:3625798.0,3625798.0,115.0,9310.0,28.0,29.05584,29.05584,116.48149909377702,87.42565909377701,0.24944596546278736,77.08,77.08,68.36,68.36,87.74,87.74,0,1,0,1,radio_limited_degradation,normal,temporal,statistical_only_retained,0.0,1.0,1.0,1.0,0.0,1.0,7.837280395776688,0.0,1.0,1,1,True,22.25,56.83,75.81,65.37,High,High,True,False,,True,priority_and_confidence_gate,High,INC-000644,"bridged:gap=5.0s,dist=35.03929772370122m,cell=True,family=True"
LTE-TP-EP-000914,542020041221088+20250827151132+Fiji-Nadi-LTE-DL-D!20250827151053,Fiji-Nadi-LTE-DL-D,2025-08-27 05:10:12+02:00,2025-08-27 05:10:13+02:00,2,-17.753984,177.45223,-17.75398502,177.45223046,ECI:3625798.0,3625798.0,115.0,9310.0,28.0,32.86843,49.12007,141.30848563317466,80.29582760857687,0.29044886340074266,72.25,68.785,66.45,61.620000000000005,79.34,77.53999999999999,0,2,0,2,radio_limited_degradation,normal,temporal,statistical_only_retained,1.0,2.0,2.0,1.0,0.0,2.0,7.930534082107859,0.0,1.0,2,2,True,29.5,56.0,69.05,61.88,High,High,True,False,,True,priority_and_confidence_gate,Medium,INC-000644,"bridged:gap=4.0s,dist=32.75541695185096m,cell=True,family=True"
LTE-TP-EP-000915,542020041221088+20250827151132+Fiji-Nadi-LTE-DL-D!20250827151053,Fiji-Nadi-LTE-DL-D,2025-08-27 05:10:18+02:00,2025-08-27 05:10:18+02:00,1,-17.75408611,177.45195579,-17.75408611,177.45195579,ECI:3625798.0,3625798.0,115.0,9310.0,28.0,0.06196,0.06196,28.321143922662852,28.259183922662853,0.0021877647375118563,84.38,84.38,79.14,79.14,90.79,90.79,0,1,0,1,sudden_drop,normal,temporal,statistical_only_retained,0.0,1.0,1.0,1.0,0.0,1.0,3.469117711335141,0.0,1.0,1,0,False,22.25,64.92,78.09,70.85,High,High,True,False,,True,priority_and_confidence_gate,High,INC-000644,"bridged:gap=5.0s,dist=31.18379002769952m,cell=True,family=True"
LTE-TP-EP-000916,542020041221088+20250827151132+Fiji-Nadi-LTE-DL-D!20250827151053,Fiji-Nadi-LTE-DL-D,2025-08-27 05:10:29+02:00,2025-08-27 05:10:30+02:00,2,-17.75424166,177.45135764,-17.7542362,177.45131857,ECI:3625800.0,3625800.0,114.0,9310.0,28.0,2.818976,13.69484,66.67195396813842,55.770824488388875,0.04811376684169893,87.3,70.1,85.24,66.44,89.82,74.58,0,2,0,2,radio_limited_degradation,normal,temporal,statistical_only_retained,1.0,2.0,2.0,1.0,0.0,2.0,4.417544979316106,0.0,1.0,2,1,True,29.5,66.6,73.55,69.73,High,High,True,False,,True,priority_and_confidence_gate,High,INC-000645,"new:gap=11.0s,dist=65.66264206912125m,cell=False,family=True"
LTE-TP-EP-000917,542020041221088+20250827151132+Fiji-Nadi-LTE-DL-D!20250827151053,Fiji-Nadi-LTE-DL-D,2025-08-27 05:10:37+02:00,2025-08-27 05:10:38+02:00,2,-17.75413353,177.45097588,-17.75410028,177.450929,ECI:3625800.0,3625800.0,114.0,9310.0,28.0,0.089448,5.747488000000001,69.65732509095629,58.25179709095629,0.0016017196841358657,86.84,81.785,90.14,81.195,82.8,82.505,0,2,0,2,radio_limited_degradation,normal,temporal,statistical_only_retained,1.0,2.0,2.0,1.0,0.0,2.0,12.548905901894766,0.0,1.0,2,2,True,29.5,72.74,72.03,72.42,High,High,True,False,,True,priority_and_confidence_gate,High,INC-000646,"new:gap=7.0s,dist=38.04395948925437m,cell=True,family=True"
LTE-TP-EP-000918,542020041221088+20250827151132+Fiji-Nadi-LTE-DL-D!20250827151053,Fiji-Nadi-LTE-DL-D,2025-08-27 05:10:45+02:00,2025-08-27 05:10:47+02:00,3,-17.7537383,177.4508364,-17.7536669,177.4508609,ECI:3625800.0,3625800.0,114.0,9310.0,28.0,0.008152,8.639912,96.90562345798796,65.90155467883739,0.00012368436169383657,88.34,80.38,94.35,76.93333333333334,89.67,84.59333333333333,0,3,0,3,radio_limited_degradation,normal,temporal,statistical_only_retained,2.0,3.0,3.0,1.0,0.0,3.0,19.57957435883304,0.0,1.0,3,2,True,36.75,75.6,75.98,75.77,High,High,True,False,,True,priority_and_confidence_gate,High,INC-000647,"new:gap=7.0s,dist=41.427738758953666m,cell=True,family=True"
LTE-TP-EP-000919,542020041221088+20250827151132+Fiji-Nadi-LTE-DL-D!20250827151053,Fiji-Nadi-LTE-DL-D,2025-08-27 05:10:52+02:00,2025-08-27 05:10:53+02:00,2,-17.7536236,177.4508679,-17.75362351,177.45086778,ECI:3625800.0,3625800.0,114.0,9310.0,28.0,0.023792,30.160732,136.9619556318668,76.6642836318668,0.00031286071512956937,90.55,80.06,98.37,78.245,83.57,82.285,0,2,0,2,radio_limited_degradation,ml_hgb_strict_causal_temporal_underperformance,temporal,statistical_only_retained,1.0,2.0,2.0,1.0,0.0,2.0,0.5818938106907388,0.0,1.0,2,1,True,29.5,76.12,72.36,74.43,High,High,True,False,,True,priority_and_confidence_gate,High,INC-000647,"bridged:gap=5.0s,dist=4.87147920535366m,cell=True,family=True"
LTE-TP-EP-000920,542020041221088+20250827151332+Fiji-Nadi-LTE-DL-D!20250827151309,Fiji-Nadi-LTE-DL-D,2025-08-27 05:11:10+02:00,2025-08-27 05:11:10+02:00,1,-17.7532782,177.45099524,-17.7532782,177.45099524,ECI:3625800.0,3625800.0,114.0,9310.0,28.0,16.180616,16.180616,84.89681028784062,68.71619428784062,0.19059156575070377,76.44,76.44,70.41,70.41,83.82,83.82,0,1,0,1,radio_limited_degradation,normal,temporal,statistical_only_retained,0.0,1.0,1.0,1.0,0.0,1.0,4.046254842708997,0.0,1.0,1,1,True,22.25,58.37,72.86,64.89,High,High,True,False,,True,priority_and_confidence_gate,Medium,INC-000648,new_session_or_first_episode
LTE-TP-EP-000921,542020041221088+20250827151332+Fiji-Nadi-LTE-DL-D!20250827151309,Fiji-Nadi-LTE-DL-D,2025-08-27 05:11:15+02:00,2025-08-27 05:11:17+02:00,3,-17.7531856,177.4511768,-17.75318694,177.45123171,ECI:3625800.0,3625800.0,114.0,9310.0,28.0,0.00612,5.286184,118.98566693623475,85.08529193623475,9.131077285840988e-05,88.59,82.86333333333333,94.8,82.10666666666667,92.13,83.79333333333334,0,3,0,3,rb_conditioned_underperformance,normal,temporal,statistical_only_retained,2.0,3.0,3.0,1.0,0.0,3.0,9.822829963624331,0.0,1.0,3,0,False,36.75,77.11,77.01,77.07,High,High,True,False,,True,priority_and_confidence_gate,High,INC-000648,"bridged:gap=5.0s,dist=21.810671254422452m,cell=True,family=True"
LTE-TP-EP-000923,542020041221088+20250827151332+Fiji-Nadi-LTE-DL-D!20250827151309,Fiji-Nadi-LTE-DL-D,2025-08-27 05:11:31+02:00,2025-08-27 05:11:31+02:00,1,-17.75331047,177.45168142,-17.75331047,177.45168142,ECI:3625798.0,3625798.0,115.0,9310.0,28.0,1.6044,1.6044,50.78959964770543,49.18519964770543,0.03158914445336612,83.79,83.79,84.6,84.6,82.8,82.8,0,1,0,1,radio_limited_degradation,normal,temporal,statistical_only_retained,0.0,1.0,1.0,1.0,0.0,1.0,3.2809687645059187,0.0,1.0,1,1,True,22.25,69.01,72.1,70.4,High,High,True,False,,True,priority_and_confidence_gate,High,INC-000649,"new:gap=14.0s,dist=49.56551500978523m,cell=False,family=True"
LTE-TP-EP-000924,542020041221088+20250827151332+Fiji-Nadi-LTE-DL-D!20250827151309,Fiji-Nadi-LTE-DL-D,2025-08-27 05:11:39+02:00,2025-08-27 05:11:39+02:00,1,-17.75344153,177.45198159,-17.75344153,177.45198159,ECI:3625798.0,3625798.0,115.0,9310.0,28.0,22.873535,22.873535,114.62554588004252,91.75201088004252,0.19955006385694793,83.88,83.88,70.69,70.69,100.0,100.0,1,0,0,1,rb_conditioned_underperformance,ml_quantile_p75_resource_underperformance,temporal,statistical_and_ml_consensus,0.0,1.0,1.0,1.0,0.0,1.0,4.8413270328918845,100.0,1.0,1,1,True,22.25,58.58,100.0,77.22,High,Very High,True,False,,True,priority_and_confidence_gate,High,INC-000650,"new:gap=8.0s,dist=34.96928550447029m,cell=True,family=True"
LTE-TP-EP-000925,542020041221088+20250827151332+Fiji-Nadi-LTE-DL-D!20250827151309,Fiji-Nadi-LTE-DL-D,2025-08-27 05:11:45+02:00,2025-08-27 05:11:46+02:00,2,-17.75350498,177.45221793,-17.75351264,177.4522498,ECI:3625798.0,3625798.0,115.0,9310.0,28.0,0.016984,0.284456,51.45813934107272,50.96928103216113,0.0003331093185446478,85.05,84.75999999999999,88.36,87.83500000000001,81.0,81.0,0,2,0,2,rolling_local_drop,normal,temporal,statistical_only_retained,1.0,2.0,2.0,1.0,0.0,2.0,3.531403102298557,0.0,1.0,2,0,False,29.5,73.51,70.75,72.27,High,High,True,False,,True,priority_and_confidence_gate,High,INC-000651,"new:gap=6.0s,dist=26.003747414782453m,cell=True,family=True"
LTE-TP-EP-000926,542020041221088+20250827151332+Fiji-Nadi-LTE-DL-D!20250827151309,Fiji-Nadi-LTE-DL-D,2025-08-27 05:11:54+02:00,2025-08-27 05:11:55+02:00,2,-17.75357067,177.45249019,-17.75358093,177.45252953,ECI:3625798.0,3625798.0,115.0,9310.0,28.0,0.022168,8.2491965,61.337982640829274,56.84169624758417,0.0003898433617434256,86.34,73.055,90.7,73.815,81.0,72.125,0,2,0,2,radio_limited_degradation,normal,temporal,statistical_only_retained,1.0,2.0,2.0,1.0,0.0,2.0,4.3740432636025535,0.0,1.0,2,1,True,29.5,71.18,68.53,69.99,High,High,True,False,,True,priority_and_confidence_gate,High,INC-000652,"new:gap=8.0s,dist=26.262261232910816m,cell=True,family=True"
LTE-TP-EP-000927,542020041221088+20250827151332+Fiji-Nadi-LTE-DL-D!20250827151309,Fiji-Nadi-LTE-DL-D,2025-08-27 05:12:02+02:00,2025-08-27 05:12:03+02:00,2,-17.75362788,177.45288028,-17.7536245,177.4530027,ECI:3625798.0,3625798.0,115.0,9310.0,28.0,0.019752,20.697967499999997,171.62932,130.253137,0.0006247865913420818,81.58,80.05,80.59,70.765,100.0,91.4,1,1,0,2,radio_limited_degradation,ml_quantile_p75_resource_underperformance,resource,statistical_and_ml_consensus,1.0,2.0,2.0,1.0,0.0,2.0,13.11768364579779,50.0,1.0,2,2,True,29.5,65.36,90.35,76.61,High,Very High,True,False,,True,priority_and_confidence_gate,High,INC-000653,"new:gap=7.0s,dist=37.50936553769441m,cell=True,family=True"
LTE-TP-EP-000928,542020041221088+20250827151332+Fiji-Nadi-LTE-DL-D!20250827151309,Fiji-Nadi-LTE-DL-D,2025-08-27 05:12:14+02:00,2025-08-27 05:12:14+02:00,1,-17.75351879,177.45349681,-17.75351879,177.45349681,ECI:3625798.0,3625798.0,115.0,9310.0,28.0,0.363792,0.363792,49.459791253932295,49.0959992539323,0.007355308034606328,84.26,84.26,86.93,86.93,81.0,81.0,0,1,0,1,sudden_drop,normal,temporal,statistical_only_retained,0.0,1.0,1.0,1.0,0.0,1.0,0.12764366868041374,0.0,1.0,1,0,False,22.25,70.76,70.75,70.76,High,High,True,False,,True,priority_and_confidence_gate,High,INC-000654,"new:gap=11.0s,dist=53.63005726570765m,cell=True,family=False"
LTE-TP-EP-000929,542020041221088+20250827151332+Fiji-Nadi-LTE-DL-D!20250827151309,Fiji-Nadi-LTE-DL-D,2025-08-27 05:12:22+02:00,2025-08-27 05:12:22+02:00,1,-17.75339512,177.45383302,-17.75339512,177.45383302,ECI:3625798.0,3625798.0,115.0,9310.0,28.0,32.79032,32.79032,137.05949,104.26917,0.2392415147612179,76.61,76.61,61.04,61.04,95.65,95.65,1,0,0,1,rb_conditioned_underperformance,ml_hgb_strict_causal_temporal_underperformance,capability,statistical_and_ml_consensus,0.0,1.0,1.0,1.0,0.0,1.0,0.1178384448301966,100.0,1.0,1,0,False,22.25,51.34,96.74,71.77,Medium,Very High,True,False,,True,priority_and_confidence_gate,High,INC-000655,"new:gap=8.0s,dist=38.16787040826319m,cell=True,family=False"
LTE-TP-EP-000930,542020041221088+20250827151332+Fiji-Nadi-LTE-DL-D!20250827151309,Fiji-Nadi-LTE-DL-D,2025-08-27 05:12:30+02:00,2025-08-27 05:12:30+02:00,1,-17.7531713,177.4542141,-17.7531713,177.4542141,ECI:3625798.0,3625798.0,115.0,9310.0,28.0,10.09956,10.09956,79.27889234549632,69.17933234549632,0.1273927990313772,85.02,85.02,79.63,79.63,91.61,91.61,0,1,0,1,sudden_drop,normal,temporal,statistical_only_retained,0.0,1.0,1.0,1.0,0.0,1.0,5.7386078930439215,0.0,1.0,1,0,False,22.25,65.29,78.71,71.33,High,High,True,False,,True,priority_and_confidence_gate,High,INC-000656,"new:gap=8.0s,dist=47.41336199189421m,cell=True,family=False"
LTE-TP-EP-000931,542020041221088+20250827151332+Fiji-Nadi-LTE-DL-D!20250827151309,Fiji-Nadi-LTE-DL-D,2025-08-27 05:12:37+02:00,2025-08-27 05:12:41+02:00,3,-17.7531642,177.4542234,-17.7531326,177.4542562,ECI:3625798.0,3625798.0,115.0,9310.0,28.0,0.003688,12.762296,139.7114255656911,98.94977956569109,0.0001521531903983807,79.17,75.13,77.68,64.75666666666666,97.49,87.81333333333333,1,2,0,3,radio_limited_degradation,normal,temporal,statistical_only_retained,4.0,5.0,3.0,0.6,2.0,2.0,2.726028501203014,33.33333333333333,1.0,3,2,True,24.75,61.22,85.7,72.23,High,Very High,True,False,,True,priority_and_confidence_gate,High,INC-000657,"new:gap=7.0s,dist=1.2622412197588782m,cell=True,family=True"
LTE-TP-EP-000932,542020041221088+20250827151332+Fiji-Nadi-LTE-DL-D!20250827151309,Fiji-Nadi-LTE-DL-D,2025-08-27 05:12:46+02:00,2025-08-27 05:12:48+02:00,3,-17.7531273,177.4542602,-17.7531273,177.4542602,ECI:3625798.0,3625798.0,115.0,9310.0,28.0,0.011704,26.464209,129.49126676519367,74.65631376519367,0.00018902179685857854,87.46,72.31666666666666,92.74,66.43666666666667,99.01,79.5,1,2,0,3,radio_limited_degradation,normal,temporal,statistical_only_retained,2.0,3.0,3.0,1.0,0.0,3.0,0.0010589982074375893,33.33333333333333,1.0,3,2,True,36.75,72.17,84.38,77.66,High,Very High,True,False,,True,priority_and_confidence_gate,High,INC-000657,"bridged:gap=5.0s,dist=0.7257761446688129m,cell=True,family=True"
LTE-TP-EP-000933,542020041221088+20250827151332+Fiji-Nadi-LTE-DL-D!20250827151309,Fiji-Nadi-LTE-DL-D,2025-08-27 05:12:59+02:00,2025-08-27 05:12:59+02:00,1,-17.7527375,177.4542501,-17.7527375,177.4542501,ECI:3625798.0,3625798.0,115.0,9310.0,28.0,7.238576,7.238576,81.49150274228886,74.25292674228886,0.0888261445232086,86.78,86.78,86.32,86.32,87.34,87.34,0,1,0,1,sudden_drop,normal,temporal,statistical_only_retained,0.0,1.0,1.0,1.0,0.0,1.0,17.640519012012472,0.0,1.0,1,0,False,22.25,70.3,75.5,72.64,High,High,True,False,,True,priority_and_confidence_gate,High,INC-000658,"new:gap=11.0s,dist=43.35703732692701m,cell=True,family=True"
LTE-TP-EP-000934,542020041221088+20250827151332+Fiji-Nadi-LTE-DL-D!20250827151309,Fiji-Nadi-LTE-DL-D,2025-08-27 05:13:05+02:00,2025-08-27 05:13:06+02:00,2,-17.7521405,177.4542411,-17.75213981,177.45424185,ECI:3625798.0,3625798.0,115.0,9310.0,28.0,0.232992,0.6922240000000001,37.511947177638135,36.36049117763813,0.006420606311210663,81.49,80.96000000000001,81.89,80.925,81.0,81.0,0,2,0,2,rolling_local_drop,normal,temporal,statistical_only_retained,1.0,2.0,2.0,1.0,0.0,2.0,24.983135192705518,0.0,1.0,2,0,False,29.5,68.55,70.75,69.54,High,High,True,False,,True,priority_and_confidence_gate,High,INC-000659,"new:gap=6.0s,dist=66.39030464619017m,cell=True,family=True"
LTE-TP-EP-000935,542020041221088+20250827151552+Fiji-Nadi-LTE-DL-D!20250827151524,Fiji-Nadi-LTE-DL-D,2025-08-27 05:13:45+02:00,2025-08-27 05:13:45+02:00,1,-17.7481703,177.4553386,-17.7481703,177.4553386,ECI:1068313.0,1068313.0,50.0,356.0,1.0,4.619432,4.619432,40.51269952306269,35.89326752306269,0.11402429495892498,84.83,84.83,72.42,72.42,100.0,100.0,1,0,0,1,ca_underperformance,ml_severe_quantile_p75_resource_underperformance,temporal,statistical_and_ml_consensus,0.0,1.0,1.0,1.0,0.0,1.0,0.801841047455634,100.0,1.0,1,0,False,22.25,59.88,100.0,77.93,High,Very High,True,False,,True,priority_and_confidence_gate,High,INC-000660,new_session_or_first_episode
LTE-TP-EP-000937,542020041221088+20250827151552+Fiji-Nadi-LTE-DL-D!20250827151524,Fiji-Nadi-LTE-DL-D,2025-08-27 05:14:17+02:00,2025-08-27 05:14:23+02:00,5,-17.74777535,177.45477039,-17.7478155,177.45413813,ECI:1066294.0,1066294.0,50.0,41384.0,41.0,0.012768,6.408056,121.14346,89.18691700000001,0.0006161775564274442,78.38,68.352,76.24,64.546,82.45,73.006,0,5,0,4,rb_conditioned_underperformance,normal,temporal,statistical_only_retained,6.0,7.0,5.0,0.7142857142857143,2.0,3.0,34.069031265704396,0.0,0.8,4,0,False,34.96,63.0,67.48,65.01,High,High,True,False,,True,priority_and_confidence_gate,High,INC-000661,"new:gap=32.0s,dist=74.49631937502868m,cell=False,family=True"
LTE-TP-EP-000938,542020041221088+20250827151552+Fiji-Nadi-LTE-DL-D!20250827151524,Fiji-Nadi-LTE-DL-D,2025-08-27 05:14:38+02:00,2025-08-27 05:14:38+02:00,1,-17.7477968,177.4522131,-17.7477968,177.4522131,ECI:1066294.0,1066294.0,50.0,41384.0,41.0,9.189872,9.189872,121.14346,111.95358800000001,0.0758594149448926,91.25,91.25,84.09,84.09,100.0,100.0,1,0,0,1,rb_efficiency_underperformance,ml_quantile_p75_resource_underperformance,capability,statistical_and_ml_consensus,0.0,1.0,1.0,1.0,0.0,1.0,12.182548406833751,100.0,1.0,1,1,True,22.25,68.63,100.0,82.75,High,Very High,True,False,,True,priority_and_confidence_gate,High,INC-000662,"new:gap=15.0s,dist=203.8771046976308m,cell=True,family=False"
LTE-TP-EP-000939,542020041221088+20250827151552+Fiji-Nadi-LTE-DL-D!20250827151524,Fiji-Nadi-LTE-DL-D,2025-08-27 05:14:51+02:00,2025-08-27 05:14:52+02:00,2,-17.74780798,177.4513174,-17.7478185,177.4511427,ECI:1066294.0,1066294.0,50.0,41384.0,41.0,20.07896,30.67346,121.14346,101.06450000000001,0.16574530725802283,80.93,72.83000000000001,65.33,60.2,100.0,88.265,1,1,0,1,rb_conditioned_underperformance,ml_quantile_p75_resource_underperformance,capability,statistical_and_ml_consensus,1.0,2.0,2.0,1.0,0.0,2.0,27.400167840413204,50.0,0.5,1,0,False,29.5,55.09,84.57,68.35,High,Very High,True,False,,True,priority_and_confidence_gate,High,INC-000663,"new:gap=13.0s,dist=94.86548756492905m,cell=True,family=True"
LTE-TP-EP-000940,542020041221088+20250827151552+Fiji-Nadi-LTE-DL-D!20250827151524,Fiji-Nadi-LTE-DL-D,2025-08-27 05:15:00+02:00,2025-08-27 05:15:00+02:00,1,-17.7476784,177.4502861,-17.7476784,177.4502861,ECI:1066294.0,1066294.0,487.0,41384.0,41.0,3.987808,3.987808,60.15991375,56.17210575,0.0662867971615069,85.23,85.23,79.23,79.23,92.56,92.56,0,1,0,1,ca_underperformance,normal,capability,statistical_only_retained,0.0,1.0,1.0,1.0,0.0,1.0,13.269639207976969,0.0,1.0,1,0,False,22.25,64.98,79.42,71.48,High,High,True,False,,True,priority_and_confidence_gate,High,INC-000664,"new:gap=8.0s,dist=92.04445604628089m,cell=True,family=True"
LTE-TP-EP-000942,542020041221088+20250827151552+Fiji-Nadi-LTE-DL-D!20250827151524,Fiji-Nadi-LTE-DL-D,2025-08-27 05:15:13+02:00,2025-08-27 05:15:18+02:00,4,-17.7470291,177.4487421,-17.74683542,177.44829953,ECI:1066291.0,1066291.0,487.0,41186.0,41.0,0.605216,4.86167995,41.037212749999995,34.14638074999999,0.16791666729363827,90.73,69.6075,88.88,71.095,93.0,67.7925,0,4,0,4,ca_underperformance,normal,capability,statistical_only_retained,5.0,6.0,4.0,0.6666666666666666,2.0,2.0,38.988121691295156,0.0,1.0,4,2,True,27.0,68.96,73.45,70.98,High,High,True,False,,True,priority_and_confidence_gate,High,INC-000665,"new:gap=13.0s,dist=178.7449092990637m,cell=False,family=True"
LTE-TP-EP-000944,542020041221088+20250827151812+Fiji-Nadi-LTE-DL-D!20250827151738,Fiji-Nadi-LTE-DL-D,2025-08-27 05:15:44+02:00,2025-08-27 05:15:46+02:00,3,-17.746776,177.4459634,-17.7467777,177.4459372,ECI:1068575.0,1068575.0,122.0,1850.0,3.0,0.194784,20.418,80.53437439443675,52.06612724082033,0.004006754343694668,85.1,70.32333333333334,86.99,63.553333333333335,82.8,78.60666666666667,0,3,0,3,radio_limited_degradation,normal,temporal,statistical_only_retained,2.0,3.0,3.0,1.0,0.0,3.0,5.382752120373741,0.0,1.0,3,2,True,36.75,68.57,71.05,69.69,High,High,True,False,,True,priority_and_confidence_gate,High,INC-000666,new_session_or_first_episode
LTE-TP-EP-000945,542020041221088+20250827151812+Fiji-Nadi-LTE-DL-D!20250827151738,Fiji-Nadi-LTE-DL-D,2025-08-27 05:15:56+02:00,2025-08-27 05:15:57+02:00,2,-17.74678329,177.44586256,-17.7467863,177.4458034,ECI:1068575.0,1068575.0,122.0,1850.0,3.0,0.425896,2.559088,82.24740622643102,77.55512622643103,0.0063038814432242445,92.67,90.85,94.13,92.9,93.9,88.35,0,2,0,2,radio_limited_degradation,normal,temporal,statistical_only_retained,1.0,2.0,2.0,1.0,0.0,2.0,6.4270215411969644,0.0,1.0,2,1,True,29.5,77.66,79.04,78.28,High,High,True,False,,True,priority_and_confidence_gate,High,INC-000667,"new:gap=10.0s,dist=7.929048367919031m,cell=True,family=True"
LTE-TP-EP-000946,542020041221088+20250827151812+Fiji-Nadi-LTE-DL-D!20250827151738,Fiji-Nadi-LTE-DL-D,2025-08-27 05:16:02+02:00,2025-08-27 05:16:03+02:00,2,-17.74679135,177.44561201,-17.7467973,177.4454745,ECI:1068575.0,1068575.0,122.0,1850.0,3.0,0.13844,0.17624800000000002,72.8516878135595,72.6376318135595,0.0020553561430667285,94.43,91.875,96.7,95.67500000000001,91.65,87.225,0,2,0,2,radio_limited_degradation,normal,temporal,statistical_only_retained,1.0,2.0,2.0,1.0,0.0,2.0,20.734082618881168,0.0,1.0,2,2,True,29.5,79.64,77.63,78.74,High,High,True,False,,True,priority_and_confidence_gate,High,INC-000667,"bridged:gap=5.0s,dist=20.27667216234379m,cell=True,family=True"
LTE-TP-EP-000947,542020041221088+20250827151812+Fiji-Nadi-LTE-DL-D!20250827151738,Fiji-Nadi-LTE-DL-D,2025-08-27 05:16:08+02:00,2025-08-27 05:16:10+02:00,3,-17.7468212,177.4450976,-17.7468282,177.4449258,ECI:1068575.0,1068575.0,122.0,1850.0,3.0,0.081088,19.344336,135.5693,116.224964,0.0014008791689168307,87.29,76.45666666666666,90.97,73.08999999999999,100.0,80.58,1,2,0,3,radio_limited_degradation,normal,temporal,statistical_only_retained,2.0,3.0,3.0,1.0,0.0,3.0,26.70805174114531,33.33333333333333,1.0,3,2,True,36.75,72.95,85.14,78.44,High,Very High,True,False,,True,priority_and_confidence_gate,High,INC-000667,"bridged:gap=5.0s,dist=40.00344548480343m,cell=True,family=True"
LTE-TP-EP-000948,542020041221088+20250827151812+Fiji-Nadi-LTE-DL-D!20250827151738,Fiji-Nadi-LTE-DL-D,2025-08-27 05:16:16+02:00,2025-08-27 05:16:20+02:00,3,-17.7468554,177.4443613,-17.74686771,177.44405761,ECI:1068575.0,1068575.0,122.0,1850.0,3.0,7.633144,31.470352,99.32182546746196,46.93944672851163,0.16033207349059808,72.56,62.27333333333333,68.87,52.04,77.06,74.78,0,3,0,3,sudden_drop,normal,temporal,statistical_only_retained,4.0,5.0,3.0,0.6,2.0,2.0,31.32670318892473,0.0,1.0,3,1,True,24.75,53.63,67.22,59.75,Medium,High,True,False,,True,priority_and_confidence_gate,Medium,INC-000668,"new:gap=6.0s,dist=59.859038466662916m,cell=True,family=True"
LTE-TP-EP-000949,542020041221088+20250827151812+Fiji-Nadi-LTE-DL-D!20250827151738,Fiji-Nadi-LTE-DL-D,2025-08-27 05:16:25+02:00,2025-08-27 05:16:25+02:00,1,-17.74688111,177.44356325,-17.74688111,177.44356325,ECI:1068575.0,1068575.0,122.0,1850.0,3.0,0.393968,0.393968,42.06082879308343,41.66686079308343,0.009366624750503844,83.37,83.37,83.84,83.84,82.8,82.8,0,1,0,1,radio_limited_degradation,normal,temporal,statistical_only_retained,0.0,1.0,1.0,1.0,0.0,1.0,0.14220247140913383,0.0,1.0,1,1,True,22.25,68.44,72.1,70.09,High,High,True,False,,True,priority_and_confidence_gate,High,INC-000669,"new:gap=5.0s,dist=52.37569074560205m,cell=True,family=True"
LTE-TP-EP-000950,542020041221088+20250827151812+Fiji-Nadi-LTE-DL-D!20250827151738,Fiji-Nadi-LTE-DL-D,2025-08-27 05:16:33+02:00,2025-08-27 05:16:34+02:00,2,-17.74690533,177.44284045,-17.74690811,177.44276326,ECI:1068575.0,1068575.0,122.0,1850.0,3.0,0.01208,9.8071035,63.673268869496,44.071141869496,0.0004373263833510102,79.91,74.19,79.01,65.33500000000001,89.01,85.005,0,2,0,2,sudden_drop,normal,temporal,statistical_only_retained,1.0,2.0,2.0,1.0,0.0,2.0,8.33951426869997,0.0,1.0,2,0,False,29.5,63.21,75.76,68.86,High,High,True,False,,True,priority_and_confidence_gate,High,INC-000670,"new:gap=8.0s,dist=76.59445863273244m,cell=True,family=True"
LTE-TP-EP-000951,542020041221088+20250827151812+Fiji-Nadi-LTE-DL-D!20250827151738,Fiji-Nadi-LTE-DL-D,2025-08-27 05:16:46+02:00,2025-08-27 05:16:46+02:00,1,-17.74673339,177.44244286,-17.74673339,177.44244286,ECI:1068575.0,1068575.0,122.0,1850.0,3.0,5.026608,5.026608,54.510314221292234,49.48370622129223,0.0922138878083473,85.13,85.13,78.46,78.46,93.28,93.28,0,1,0,1,sudden_drop,normal,temporal,statistical_only_retained,0.0,1.0,1.0,1.0,0.0,1.0,1.8973729525698546,0.0,1.0,1,0,False,22.25,64.41,79.96,71.41,High,High,True,False,,True,priority_and_confidence_gate,High,INC-000671,"new:gap=12.0s,dist=39.099809955837465m,cell=True,family=True"
LTE-TP-EP-000952,542020041221088+20250827151812+Fiji-Nadi-LTE-DL-D!20250827151738,Fiji-Nadi-LTE-DL-D,2025-08-27 05:16:58+02:00,2025-08-27 05:16:58+02:00,1,-17.74642019,177.44255345,-17.74642019,177.44255345,ECI:1068575.0,1068575.0,122.0,1850.0,3.0,0.107472,0.107472,37.864238430761,37.756766430761,0.002838351026035413,82.83,82.83,82.86,82.86,82.8,82.8,0,1,0,1,radio_limited_degradation,normal,temporal,statistical_only_retained,0.0,1.0,1.0,1.0,0.0,1.0,2.8801802090413515,0.0,1.0,1,1,True,22.25,67.71,72.1,69.68,High,High,True,False,,True,priority_and_confidence_gate,High,INC-000672,"new:gap=12.0s,dist=36.74288528088605m,cell=True,family=True"
LTE-TP-EP-000953,542020041221088+20250827151812+Fiji-Nadi-LTE-DL-D!20250827151738,Fiji-Nadi-LTE-DL-D,2025-08-27 05:17:16+02:00,2025-08-27 05:17:17+02:00,2,-17.74587074,177.44272709,-17.7458109,177.4427589,ECI:1068575.0,1068575.0,122.0,1850.0,3.0,0.021856,4.27984,30.47659377898285,21.93876977898285,0.0010430373891494318,78.42,73.235,76.3,65.14,85.25,83.125,0,2,0,2,radio_limited_degradation,normal,temporal,statistical_only_retained,1.0,2.0,2.0,1.0,0.0,2.0,11.227450249082452,0.0,1.0,2,1,True,29.5,61.81,73.41,67.03,High,High,True,False,,True,priority_and_confidence_gate,High,INC-000673,"new:gap=18.0s,dist=63.80360161471532m,cell=True,family=True"
LTE-TP-EP-000954,542020041221088+20250827152052+Fiji-Nadi-LTE-DL-D!20250827151954,Fiji-Nadi-LTE-DL-D,2025-08-27 05:17:58+02:00,2025-08-27 05:17:59+02:00,2,-17.7449354,177.4423466,-17.7449356,177.44234643,ECI:1068606.0,1068606.0,120.0,40790.0,41.0,0.053672,1.806696,28.506035332242302,24.946315332242303,0.003245614168753281,76.17,75.17,70.75,69.67,82.8,81.9,0,2,0,2,radio_limited_degradation,normal,temporal,statistical_only_retained,1.0,2.0,2.0,1.0,0.0,2.0,1.5157585529816555,0.0,1.0,2,1,True,29.5,60.17,71.88,65.44,High,High,True,False,,True,priority_and_confidence_gate,High,INC-000674,new_session_or_first_episode
LTE-TP-EP-000955,542020041221088+20250827152052+Fiji-Nadi-LTE-DL-D!20250827151954,Fiji-Nadi-LTE-DL-D,2025-08-27 05:18:23+02:00,2025-08-27 05:18:23+02:00,1,-17.744329,177.4424346,-17.744329,177.4424346,ECI:1068606.0,1068606.0,120.0,40790.0,41.0,5.056464,5.056464,36.06665904001045,31.01019504001045,0.14019773759445325,75.94,75.94,68.81,68.81,84.65,84.65,0,1,0,1,sudden_drop,normal,temporal,statistical_only_retained,0.0,1.0,1.0,1.0,0.0,1.0,3.696386687226661,0.0,1.0,1,0,False,22.25,57.17,73.49,64.51,High,High,True,False,,True,priority_and_confidence_gate,Medium,INC-000675,"new:gap=24.0s,dist=68.0942005994207m,cell=True,family=True"
LTE-TP-EP-000956,542020041221088+20250827152052+Fiji-Nadi-LTE-DL-D!20250827151954,Fiji-Nadi-LTE-DL-D,2025-08-27 05:18:36+02:00,2025-08-27 05:18:38+02:00,3,-17.744069,177.4420838,-17.7440315,177.4420269,ECI:1068606.0,1068606.0,120.0,40790.0,41.0,0.113992,0.4184,27.727292148530648,23.598660148530648,0.00598823425025627,77.8,76.0,75.18,70.39,86.58,82.86,0,3,0,3,rolling_local_drop,normal,temporal,statistical_only_retained,2.0,3.0,3.0,1.0,0.0,3.0,10.92560730140788,0.0,1.0,3,0,False,36.75,64.38,74.0,68.71,High,High,True,False,,True,priority_and_confidence_gate,High,INC-000676,"new:gap=13.0s,dist=47.07510962081855m,cell=True,family=True"
LTE-TP-EP-000957,542020041221088+20250827152052+Fiji-Nadi-LTE-DL-D!20250827151954,Fiji-Nadi-LTE-DL-D,2025-08-27 05:18:51+02:00,2025-08-27 05:18:52+02:00,2,-17.7438607,177.4417789,-17.7438494,177.441766,ECI:1068606.0,1068606.0,120.0,40790.0,41.0,1.168976,2.877752,41.25179913394408,40.08282313394408,0.028337576167389678,81.3,78.145,81.54,76.315,81.0,80.38,0,2,0,2,rolling_local_drop,normal,temporal,statistical_only_retained,1.0,2.0,2.0,1.0,0.0,2.0,5.166711549157368,0.0,1.0,2,0,False,29.5,67.22,70.6,68.74,High,High,True,False,,True,priority_and_confidence_gate,High,INC-000677,"new:gap=13.0s,dist=32.41181018462152m,cell=True,family=True"
LTE-TP-EP-000958,542020041221088+20250827152052+Fiji-Nadi-LTE-DL-D!20250827151954,Fiji-Nadi-LTE-DL-D,2025-08-27 05:19:12+02:00,2025-08-27 05:19:12+02:00,1,-17.74355048,177.44163067,-17.74355048,177.44163067,ECI:1068606.0,1068606.0,120.0,40790.0,41.0,8.886376,8.886376,51.60441846028064,42.71804246028064,0.1722018436626652,77.95,77.95,68.16,68.16,89.91,89.91,0,1,0,1,sudden_drop,normal,temporal,statistical_only_retained,0.0,1.0,1.0,1.0,0.0,1.0,2.109198373521373,0.0,1.0,1,0,False,22.25,56.68,77.43,66.02,High,High,True,False,,True,priority_and_confidence_gate,High,INC-000678,"new:gap=20.0s,dist=36.19675377637787m,cell=True,family=True"
LTE-TP-EP-000959,542020041221088+20250827152052+Fiji-Nadi-LTE-DL-D!20250827151954,Fiji-Nadi-LTE-DL-D,2025-08-27 05:19:20+02:00,2025-08-27 05:19:22+02:00,3,-17.7434228,177.44167439,-17.7433926,177.44168736,ECI:1068606.0,1068606.0,120.0,40790.0,41.0,0.0204,0.020864,41.62901720562861,34.949437103600935,0.0005833598806755482,82.32,73.88666666666667,81.93,71.73,82.8,76.52666666666666,0,3,0,3,radio_limited_degradation,normal,temporal,statistical_only_retained,2.0,3.0,3.0,1.0,0.0,3.0,5.46255838215434,0.0,1.0,3,2,True,36.75,68.09,70.53,69.19,High,High,True,False,,True,priority_and_confidence_gate,High,INC-000679,"new:gap=8.0s,dist=14.93333517015799m,cell=True,family=True"
LTE-TP-EP-000960,542020041221088+20250827152052+Fiji-Nadi-LTE-DL-D!20250827151954,Fiji-Nadi-LTE-DL-D,2025-08-27 05:19:30+02:00,2025-08-27 05:19:31+02:00,2,-17.7432528,177.4417457,-17.74325253,177.44174549,ECI:1068606.0,1068606.0,120.0,40790.0,41.0,0.030088,0.6906399999999999,42.023837876947724,41.993749876947724,0.000715974587759031,83.86,82.41499999999999,84.73,82.84,82.8,81.9,0,2,0,2,radio_limited_degradation,normal,temporal,statistical_only_retained,1.0,2.0,2.0,1.0,0.0,2.0,3.8169769591530343,0.0,1.0,2,1,True,29.5,70.45,71.88,71.09,High,High,True,False,,True,priority_and_confidence_gate,High,INC-000680,"new:gap=8.0s,dist=16.72792851281083m,cell=True,family=True"
LTE-TP-EP-000961,542020041221088+20250827152052+Fiji-Nadi-LTE-DL-D!20250827151954,Fiji-Nadi-LTE-DL-D,2025-08-27 05:19:50+02:00,2025-08-27 05:19:50+02:00,1,-17.7429311,177.44192406,-17.7429311,177.44192406,ECI:1068606.0,1068606.0,120.0,40790.0,41.0,1.9269919,1.9269919,35.385472682709405,33.45848078270941,0.05445714735193,78.76,78.76,76.92,76.92,81.0,81.0,0,1,0,1,sudden_drop,normal,temporal,statistical_only_retained,0.0,1.0,1.0,1.0,0.0,1.0,0.03539462569377434,0.0,1.0,1,0,False,22.25,63.25,70.75,66.63,High,High,True,False,,True,priority_and_confidence_gate,High,INC-000681,"new:gap=19.0s,dist=40.436355044546936m,cell=True,family=True"
LTE-TP-EP-000962,542020041221088+20250827152532+Fiji-Nadi-LTE-DL-D!20250827152209,Fiji-Nadi-LTE-DL-D,2025-08-27 05:20:19+02:00,2025-08-27 05:20:21+02:00,2,-17.7425172,177.4422122,-17.7425036,177.44222108,ECI:1068606.0,1068606.0,120.0,40790.0,41.0,0.140136,2.406352,15.158104,15.017968,0.009244955701583787,75.17,70.38499999999999,70.53,62.09,80.83,80.515,0,2,0,2,radio_limited_degradation,normal,radio,statistical_only_retained,2.0,3.0,2.0,0.6666666666666666,1.0,1.0,1.820964962788903,0.0,1.0,2,1,True,18.5,55.41,70.54,62.22,High,High,True,False,,True,priority_and_confidence_gate,Medium,INC-000682,new_session_or_first_episode
LTE-TP-EP-000963,542020041221088+20250827152532+Fiji-Nadi-LTE-DL-D!20250827152209,Fiji-Nadi-LTE-DL-D,2025-08-27 05:20:30+02:00,2025-08-27 05:20:30+02:00,1,-17.742363,177.44226036,-17.742363,177.44226036,ECI:1068606.0,1068606.0,120.0,40790.0,41.0,4.963432,4.963432,38.110246337865306,33.14681433786531,0.13023878030062663,80.82,80.82,70.22,70.22,93.77,93.77,0,1,0,1,sudden_drop,normal,temporal,statistical_only_retained,0.0,1.0,1.0,1.0,0.0,1.0,0.03768591760900752,0.0,1.0,1,0,False,22.25,58.23,80.33,68.17,High,Very High,True,False,,True,priority_and_confidence_gate,High,INC-000683,"new:gap=9.0s,dist=16.178022259453662m,cell=True,family=False"
LTE-TP-EP-000964,542020041221088+20250827152532+Fiji-Nadi-LTE-DL-D!20250827152209,Fiji-Nadi-LTE-DL-D,2025-08-27 05:20:43+02:00,2025-08-27 05:20:43+02:00,1,-17.7421081,177.4422123,-17.7421081,177.4422123,ECI:1068606.0,1068606.0,120.0,40790.0,41.0,2.1237519,2.1237519,36.61840664681909,34.49465474681909,0.05799684078237966,82.39,82.39,76.97,76.97,89.01,89.01,0,1,0,1,sudden_drop,normal,temporal,statistical_only_retained,0.0,1.0,1.0,1.0,0.0,1.0,4.5163524208978965,0.0,1.0,1,0,False,22.25,63.29,76.76,69.35,High,High,True,False,,True,priority_and_confidence_gate,High,INC-000684,"new:gap=13.0s,dist=28.797009984428293m,cell=True,family=True"
LTE-TP-EP-000965,542020041221088+20250827152532+Fiji-Nadi-LTE-DL-D!20250827152209,Fiji-Nadi-LTE-DL-D,2025-08-27 05:21:24+02:00,2025-08-27 05:21:25+02:00,2,-17.741516,177.4426341,-17.74151578,177.44263389,ECI:1066301.0,1066301.0,487.0,40790.0,41.0,14.352496,16.1490635,60.347314999999995,45.99481899999999,0.23783155886885773,54.8,53.44,51.18,46.3,65.11,62.165,0,2,0,2,ca_underperformance,normal,capability,statistical_only_retained,1.0,2.0,2.0,1.0,0.0,2.0,2.2471192004843896,0.0,1.0,2,0,False,29.5,44.54,58.1,50.64,Medium,Medium,True,False,,True,priority_and_confidence_gate,Medium,INC-000685,"new:gap=41.0s,dist=79.56290212084696m,cell=False,family=False"
LTE-TP-EP-000966,542020041221088+20250827152532+Fiji-Nadi-LTE-DL-D!20250827152209,Fiji-Nadi-LTE-DL-D,2025-08-27 05:21:27+02:00,2025-08-27 05:21:28+02:00,2,-17.7415166,177.4426743,-17.74151704,177.44269662,ECI:1068606.0,1068606.0,120.0,40790.0,41.0,13.565704,26.637051999999997,119.0290425,105.4633385,0.11396969777354968,74.77,65.185,76.39,65.795,72.8,64.45,0,2,0,1,ca_underperformance,normal,capability,statistical_only_retained,1.0,2.0,2.0,1.0,0.0,2.0,4.4947033739281,0.0,0.5,1,0,False,29.5,62.02,57.51,59.99,High,Medium,True,False,,True,priority_and_confidence_gate,Medium,INC-000686,"new:gap=2.0s,dist=4.280662789671323m,cell=False,family=True"
LTE-TP-EP-000967,542020041221088+20250827152532+Fiji-Nadi-LTE-DL-D!20250827152209,Fiji-Nadi-LTE-DL-D,2025-08-27 05:21:36+02:00,2025-08-27 05:21:36+02:00,1,-17.7415067,177.4429147,-17.7415067,177.4429147,ECI:1068606.0,1068606.0,120.0,40790.0,41.0,0.005424,0.005424,40.62461987864211,40.61919587864211,0.00013351509543235384,83.59,83.59,84.24,84.24,82.8,82.8,0,1,0,1,radio_limited_degradation,normal,temporal,statistical_only_retained,0.0,1.0,1.0,1.0,0.0,1.0,2.753777589214497,0.0,1.0,1,1,True,22.25,68.74,72.1,70.25,High,High,True,False,,True,priority_and_confidence_gate,High,INC-000687,"new:gap=8.0s,dist=23.12474417841792m,cell=True,family=False"
LTE-TP-EP-000969,542020041221088+20250827152532+Fiji-Nadi-LTE-DL-D!20250827152209,Fiji-Nadi-LTE-DL-D,2025-08-27 05:21:54+02:00,2025-08-27 05:21:55+02:00,2,-17.7416286,177.4433752,-17.74162864,177.44337534,ECI:1068606.0,1068606.0,120.0,40790.0,41.0,7.363848,10.622936,49.4498,42.085952000000006,0.14891562756573332,66.41,58.644999999999996,63.15,53.605000000000004,70.4,64.81,0,2,0,2,ca_underperformance,normal,capability,statistical_only_retained,1.0,2.0,2.0,1.0,0.0,2.0,2.7687620586991235,0.0,1.0,2,0,False,29.5,52.35,61.4,56.42,Medium,High,True,False,,True,priority_and_confidence_gate,Medium,INC-000688,"new:gap=18.0s,dist=50.61863679601099m,cell=True,family=False"
LTE-TP-EP-000970,542020041221088+20250827152532+Fiji-Nadi-LTE-DL-D!20250827152209,Fiji-Nadi-LTE-DL-D,2025-08-27 05:22:04+02:00,2025-08-27 05:22:05+02:00,2,-17.7417305,177.4435971,-17.7417471,177.4436163,ECI:1068606.0,1068606.0,120.0,40790.0,41.0,0.087832,0.407812,17.451952675043874,17.364120675043875,0.005032789260630928,76.24,73.62,71.83,69.93,81.63,78.125,0,2,0,2,radio_limited_degradation,normal,temporal,statistical_only_retained,1.0,2.0,2.0,1.0,0.0,2.0,8.014769813410705,0.0,1.0,2,1,True,29.5,60.77,70.35,65.08,High,High,True,False,,True,priority_and_confidence_gate,High,INC-000689,"new:gap=9.0s,dist=26.07434218795256m,cell=True,family=False"
LTE-TP-EP-000972,542020041221088+20250827152632+Fiji-Nadi-LTE-DL-D!20250827152422,Fiji-Nadi-LTE-DL-D,2025-08-27 05:22:24+02:00,2025-08-27 05:22:24+02:00,1,-17.7421092,177.4434894,-17.7421092,177.4434894,ECI:1066301.0,1066301.0,487.0,40790.0,41.0,1.638016,1.638016,,,,70.39,70.39,85.27,85.27,52.2,52.2,0,1,0,1,radio_limited_degradation,normal,radio,statistical_only_retained,0.0,1.0,1.0,1.0,0.0,1.0,3.8281392479981036,0.0,1.0,1,1,True,22.25,69.52,49.15,60.35,High,Medium,True,False,,True,priority_and_confidence_gate,Medium,INC-000690,new_session_or_first_episode
LTE-TP-EP-000973,542020041221088+20250827152632+Fiji-Nadi-LTE-DL-D!20250827152422,Fiji-Nadi-LTE-DL-D,2025-08-27 05:22:28+02:00,2025-08-27 05:22:28+02:00,1,-17.74210384,177.44344579,-17.74210384,177.44344579,ECI:1066301.0,1066301.0,487.0,40790.0,41.0,0.428904,0.428904,,,,75.59,75.59,89.5,89.5,58.59,58.59,0,1,0,1,radio_limited_degradation,normal,radio,statistical_only_retained,0.0,1.0,1.0,1.0,0.0,1.0,0.17900462114581053,0.0,1.0,1,1,True,22.25,72.69,53.94,64.25,High,Medium,True,False,,True,priority_and_confidence_gate,Medium,INC-000690,"bridged:gap=4.0s,dist=4.6568750296132775m,cell=True,family=True"
LTE-TP-EP-000974,542020041221088+20250827152632+Fiji-Nadi-LTE-DL-D!20250827152422,Fiji-Nadi-LTE-DL-D,2025-08-27 05:22:35+02:00,2025-08-27 05:22:42+02:00,4,-17.7421027,177.4434449,-17.7420639,177.4435255,ECI:1066301.0,1066301.0,487.0,40790.0,41.0,3.777696,6.934824,49.4498,45.672104000000004,0.07639456580208616,76.49,60.705,73.66,67.1075,79.94,52.8775,0,4,0,3,radio_limited_degradation,normal,radio,statistical_only_retained,7.0,8.0,4.0,0.5,4.0,1.0,3.2908542231121523,0.0,0.75,3,3,True,18.5,58.23,60.69,59.34,High,High,True,False,,True,priority_and_confidence_gate,Medium,INC-000691,"new:gap=7.0s,dist=0.1579652752671996m,cell=True,family=True"
LTE-TP-EP-000975,542020041221088+20250827152632+Fiji-Nadi-LTE-DL-D!20250827152422,Fiji-Nadi-LTE-DL-D,2025-08-27 05:22:51+02:00,2025-08-27 05:22:56+02:00,6,-17.74195309,177.44359521,-17.74187697,177.44363034,ECI:1066301.0,1066301.0,487.0,40790.0,41.0,0.00384,0.9795719999999999,,,,76.37,67.11166666666666,90.99,82.59666666666666,58.51,48.18833333333333,0,6,0,6,radio_limited_degradation,normal,radio,statistical_only_retained,5.0,6.0,6.0,1.0,0.0,6.0,9.342135767550005,0.0,1.0,6,6,True,58.5,80.77,51.3,67.51,Critical,Medium,True,True,critical_impact_with_verified_direct_evidence,True,critical_verified_direct_evidence_override,High,INC-000692,"new:gap=9.0s,dist=14.364012603605751m,cell=True,family=True"
LTE-TP-EP-000976,542020041221088+20250827152632+Fiji-Nadi-LTE-DL-D!20250827152422,Fiji-Nadi-LTE-DL-D,2025-08-27 05:22:58+02:00,2025-08-27 05:22:58+02:00,1,-17.74184401,177.44363955,-17.74184401,177.44363955,ECI:1068606.0,1068606.0,120.0,40790.0,41.0,2.276136,2.276136,,,,74.06,74.06,83.03,83.03,63.1,63.1,0,1,0,1,radio_limited_degradation,normal,radio,statistical_only_retained,0.0,1.0,1.0,1.0,0.0,1.0,0.09562188018581516,0.0,1.0,1,1,True,22.25,67.84,57.32,63.11,High,Medium,True,False,,True,priority_and_confidence_gate,Medium,INC-000693,"new:gap=2.0s,dist=3.7925656568762705m,cell=False,family=True"
LTE-TP-EP-000977,542020041221088+20250827152632+Fiji-Nadi-LTE-DL-D!20250827152422,Fiji-Nadi-LTE-DL-D,2025-08-27 05:23:27+02:00,2025-08-27 05:23:28+02:00,2,-17.7415263,177.4430388,-17.74152634,177.44303864,ECI:1068606.0,1068606.0,120.0,40790.0,41.0,6.852768,9.7794,83.886915,71.180883,0.13858029759473242,65.72,65.685,70.87,67.76,66.87,63.150000000000006,0,2,0,2,ca_underperformance,normal,capability,statistical_only_retained,1.0,2.0,2.0,1.0,0.0,2.0,7.024537369156185,0.0,1.0,2,0,False,29.5,59.75,59.22,59.51,High,Medium,True,False,,True,priority_and_confidence_gate,Medium,INC-000694,"new:gap=29.0s,dist=72.77356607267872m,cell=True,family=False"
LTE-TP-EP-000978,542020041221088+20250827152632+Fiji-Nadi-LTE-DL-D!20250827152422,Fiji-Nadi-LTE-DL-D,2025-08-27 05:23:49+02:00,2025-08-27 05:23:49+02:00,1,-17.7415625,177.4423207,-17.7415625,177.4423207,ECI:1066301.0,1066301.0,487.0,40790.0,41.0,5.859376,5.859376,49.4498,43.590424000000006,0.11849139935854139,77.41,77.41,67.56,67.56,89.44,89.44,0,1,0,1,ca_underperformance,ml_quantile_p75_resource_underperformance,capability,statistical_only_retained,0.0,1.0,1.0,1.0,0.0,1.0,3.5335014965623235,0.0,1.0,1,0,False,22.25,56.23,77.08,65.61,High,High,True,False,,True,priority_and_confidence_gate,High,INC-000695,"new:gap=21.0s,dist=76.14091577490602m,cell=False,family=True"
LTE-TP-EP-000979,542020041221088+20250827152632+Fiji-Nadi-LTE-DL-D!20250827152422,Fiji-Nadi-LTE-DL-D,2025-08-27 05:23:50+02:00,2025-08-27 05:23:51+02:00,2,-17.74156338,177.44232156,-17.74158808,177.44230064,ECI:1068606.0,1068606.0,120.0,40790.0,41.0,8.109984,9.978288,49.4498,41.339816,0.16400438424422345,63.41,58.084999999999994,60.97,55.495000000000005,66.4,61.25,0,2,0,2,ca_underperformance,normal,capability,statistical_only_retained,1.0,2.0,2.0,1.0,0.0,2.0,3.6624348142804912,0.0,1.0,2,1,True,29.5,51.73,58.51,54.78,Medium,Medium,True,False,,True,priority_and_confidence_gate,Medium,INC-000696,"new:gap=1.0s,dist=0.13368049694633255m,cell=False,family=True"
LTE-TP-EP-000980,542020041221088+20250827152632+Fiji-Nadi-LTE-DL-D!20250827152422,Fiji-Nadi-LTE-DL-D,2025-08-27 05:23:55+02:00,2025-08-27 05:23:56+02:00,2,-17.7417111,177.4421878,-17.74171107,177.44218803,ECI:1066301.0,1066301.0,487.0,40790.0,41.0,18.74464,19.201880000000003,89.466875,70.722235,0.20951486234430342,70.23,65.79,59.71,58.61,85.77,74.56,1,1,0,2,rb_conditioned_underperformance,ml_hgb_strict_causal_temporal_underperformance,capability,statistical_and_ml_consensus,1.0,2.0,2.0,1.0,0.0,2.0,7.280942617688958,50.0,1.0,2,1,True,29.5,51.88,79.02,64.1,Medium,High,True,False,,True,priority_and_confidence_gate,Medium,INC-000697,"new:gap=4.0s,dist=18.164131534663678m,cell=False,family=True"
LTE-TP-EP-000983,542020041221088+20250827152912+Fiji-Nadi-LTE-DL-D!20250827152850,Fiji-Nadi-LTE-DL-D,2025-08-27 05:27:10+02:00,2025-08-27 05:27:10+02:00,1,-17.74510213,177.44230073,-17.74510213,177.44230073,ECI:1068609.0,1068609.0,120.0,500.0,1.0,14.644536,14.644536,176.8458,162.201264,0.08280963415585782,82.3,82.3,76.86,76.86,88.96,88.96,0,1,0,1,ca_underperformance,ml_hgb_strict_causal_temporal_underperformance,capability,statistical_only_retained,0.0,1.0,1.0,1.0,0.0,1.0,2.274212482746223,0.0,1.0,1,0,False,22.25,63.21,76.72,69.29,High,High,True,False,,True,priority_and_confidence_gate,High,INC-000698,new_session_or_first_episode
LTE-TP-EP-000985,542020041221088+20250827152912+Fiji-Nadi-LTE-DL-D!20250827152850,Fiji-Nadi-LTE-DL-D,2025-08-27 05:27:21+02:00,2025-08-27 05:27:22+02:00,2,-17.7452477,177.44253641,-17.74526455,177.44256664,ECI:1068746.0,1068746.0,120.0,500.0,1.0,9.557752,12.18142,85.55677,75.999018,0.11171239867984732,84.64,78.075,79.54,73.16,90.87,84.08000000000001,0,2,0,2,ca_underperformance,ml_hgb_strict_causal_temporal_underperformance,capability,statistical_only_retained,1.0,2.0,2.0,1.0,0.0,2.0,6.968154057451167,0.0,1.0,2,0,False,29.5,65.44,76.46,70.39,High,High,True,False,,True,priority_and_confidence_gate,High,INC-000699,"new:gap=11.0s,dist=29.748772073207867m,cell=False,family=True"
LTE-TP-EP-000986,542020041221088+20250827152912+Fiji-Nadi-LTE-DL-D!20250827152850,Fiji-Nadi-LTE-DL-D,2025-08-27 05:27:26+02:00,2025-08-27 05:27:26+02:00,1,-17.74534084,177.44267574,-17.74534084,177.44267574,ECI:1068340.0,1068340.0,50.0,41186.0,41.0,5.521696,5.521696,70.787155,65.26545899999999,0.07800420853190103,80.37,80.37,81.18,81.18,79.39,79.39,0,1,0,1,ca_underperformance,normal,capability,statistical_only_retained,0.0,1.0,1.0,1.0,0.0,1.0,3.310161131344285,0.0,1.0,1,0,False,22.25,66.45,69.54,67.84,High,High,True,False,,True,priority_and_confidence_gate,High,INC-000700,"new:gap=4.0s,dist=14.333932990646982m,cell=False,family=True"
LTE-TP-EP-000987,542020041221088+20250827152912+Fiji-Nadi-LTE-DL-D!20250827152850,Fiji-Nadi-LTE-DL-D,2025-08-27 05:27:28+02:00,2025-08-27 05:27:29+02:00,2,-17.7453846,177.4427761,-17.74536583,177.44274909,ECI:1066291.0,1066291.0,487.0,41186.0,41.0,0.239168,9.3411685,54.170067,35.726898000000006,0.09410015828997648,63.48,57.605,53.39,44.17,75.81,74.025,0,2,0,2,rb_conditioned_underperformance,ml_hgb_strict_causal_temporal_underperformance,capability,statistical_only_retained,1.0,2.0,2.0,1.0,0.0,2.0,11.950397736180612,0.0,1.0,2,0,False,29.5,45.11,66.41,54.7,Medium,High,True,False,,True,priority_and_confidence_gate,Medium,INC-000701,"new:gap=2.0s,dist=11.68946140681369m,cell=False,family=True"
LTE-TP-EP-000988,542020041221088+20250827152912+Fiji-Nadi-LTE-DL-D!20250827152850,Fiji-Nadi-LTE-DL-D,2025-08-27 05:27:31+02:00,2025-08-27 05:27:32+02:00,2,-17.7454537,177.4428555,-17.7454884,177.4428724,ECI:1068340.0,1068340.0,50.0,41186.0,41.0,0.028168,0.046924,,,,82.17,82.11500000000001,90.9,90.83500000000001,71.51,71.46000000000001,0,2,0,0,radio_limited_degradation,normal,radio,statistical_only_retained,1.0,2.0,2.0,1.0,0.0,2.0,11.697990364800695,0.0,0.0,0,2,True,29.5,75.53,53.62,65.67,High,Medium,True,False,,True,priority_and_confidence_gate,High,INC-000702,"new:gap=2.0s,dist=14.915218536584275m,cell=False,family=False"
LTE-TP-EP-000989,542020041221088+20250827152912+Fiji-Nadi-LTE-DL-D!20250827152850,Fiji-Nadi-LTE-DL-D,2025-08-27 05:27:40+02:00,2025-08-27 05:27:41+02:00,2,-17.7457748,177.4427937,-17.7458124,177.442774,ECI:1068606.0,1068606.0,120.0,40790.0,41.0,12.64752,14.7639925,62.203377,49.555857,0.20332529534529933,59.98,55.19,57.11,51.42,63.49,59.795,0,2,0,1,ca_underperformance,normal,capability,statistical_only_retained,1.0,2.0,2.0,1.0,0.0,2.0,9.251302796260912,0.0,0.5,1,0,False,29.5,48.78,51.69,50.09,Medium,Medium,True,False,,True,priority_and_confidence_gate,Medium,INC-000703,"new:gap=8.0s,dist=32.918865229696756m,cell=False,family=False"
LTE-TP-EP-000991,542020041221088+20250827152912+Fiji-Nadi-LTE-DL-D!20250827152850,Fiji-Nadi-LTE-DL-D,2025-08-27 05:27:45+02:00,2025-08-27 05:27:46+02:00,2,-17.7459643,177.4427204,-17.7460043,177.4427079,ECI:1068608.0,1068608.0,50.0,40790.0,41.0,3.810512,5.8976120000000005,49.4498,41.465088,0.16147106762818048,64.26,62.795,61.33,59.730000000000004,67.84,66.545,0,2,0,2,ca_underperformance,normal,capability,statistical_only_retained,1.0,2.0,2.0,1.0,0.0,2.0,9.168821307606299,0.0,1.0,2,0,False,29.5,52.97,60.56,56.39,Medium,High,True,False,,True,priority_and_confidence_gate,Medium,INC-000704,"new:gap=4.0s,dist=17.818875559842443m,cell=False,family=True"
LTE-TP-EP-000992,542020041221088+20250827153152+Fiji-Nadi-LTE-DL-D!20250827153105,Fiji-Nadi-LTE-DL-D,2025-08-27 05:29:02+02:00,2025-08-27 05:29:02+02:00,1,-17.74493263,177.43975535,-17.74493263,177.43975535,EARFCN:40790.0|PCI:120.0,,120.0,40790.0,41.0,22.18984,22.18984,103.21548465329701,81.02564465329701,0.21498557192785694,83.48,83.48,69.97,69.97,100.0,100.0,1,0,0,1,rb_conditioned_underperformance,ml_quantile_p75_resource_underperformance,temporal,statistical_and_ml_consensus,0.0,1.0,1.0,1.0,0.0,1.0,,100.0,1.0,1,0,False,22.25,58.04,100.0,76.92,High,Very High,True,False,,True,priority_and_confidence_gate,High,INC-000705,new_session_or_first_episode
LTE-TP-EP-000993,542020041221088+20250827153152+Fiji-Nadi-LTE-DL-D!20250827153105,Fiji-Nadi-LTE-DL-D,2025-08-27 05:30:06+02:00,2025-08-27 05:30:08+02:00,2,-17.7440923,177.4350747,-17.74409746,177.43501885,ECI:1066301.0,1066301.0,487.0,40790.0,41.0,0.197232,0.36873999999999996,,,,84.36,80.05,90.31,89.71000000000001,77.08,68.24,0,2,0,2,radio_limited_degradation,normal,radio,statistical_only_retained,2.0,3.0,2.0,0.6666666666666666,1.0,1.0,11.672887543663899,0.0,1.0,2,2,True,18.5,72.21,65.6,69.23,High,High,True,False,,True,priority_and_confidence_gate,High,INC-000706,"new:gap=64.0s,dist=504.43404712558237m,cell=False,family=False"
LTE-TP-EP-000994,542020041221088+20250827153152+Fiji-Nadi-LTE-DL-D!20250827153105,Fiji-Nadi-LTE-DL-D,2025-08-27 05:30:09+02:00,2025-08-27 05:30:11+02:00,2,-17.7441088,177.4349121,-17.7441153,177.4348121,ECI:1068606.0,1068606.0,120.0,40790.0,41.0,0.527536,1.31738,,,,75.79,75.17500000000001,89.15,86.385,63.49,61.47,0,2,0,2,radio_limited_degradation,normal,radio,statistical_only_retained,2.0,3.0,2.0,0.6666666666666666,1.0,1.0,22.007869089944375,0.0,1.0,2,2,True,18.5,70.8,57.11,64.64,High,Medium,True,False,,True,priority_and_confidence_gate,Medium,INC-000707,"new:gap=1.0s,dist=11.375484941193243m,cell=False,family=True"
LTE-TP-EP-001001,542020041221088+20250827153332+Fiji-Nadi-LTE-DL-D!20250827153318,Fiji-Nadi-LTE-DL-D,2025-08-27 05:31:45+02:00,2025-08-27 05:31:46+02:00,2,-17.74432567,177.43378543,-17.74429854,177.43385629,ECI:1066039.0,1066039.0,120.0,500.0,1.0,2.720944,6.612444,38.729599,28.225655,0.2712123097375731,55.05,54.629999999999995,60.48,52.81999999999999,65.27,56.839999999999996,0,2,0,2,ca_underperformance,normal,capability,statistical_only_retained,1.0,2.0,2.0,1.0,0.0,2.0,16.121113612694668,0.0,1.0,2,1,True,29.5,50.82,56.84,53.53,Medium,Medium,True,False,,True,priority_and_confidence_gate,Medium,INC-000708,new_session_or_first_episode
LTE-TP-EP-001002,542020041221088+20250827153332+Fiji-Nadi-LTE-DL-D!20250827153318,Fiji-Nadi-LTE-DL-D,2025-08-27 05:31:51+02:00,2025-08-27 05:31:51+02:00,1,-17.7441569,177.43419463,-17.7441569,177.43419463,ECI:1066039.0,1066039.0,130.0,41384.0,41.0,3.8735359,3.8735359,,,,65.68,65.68,77.44,77.44,51.3,51.3,0,1,0,1,radio_limited_degradation,normal,radio,statistical_only_retained,0.0,1.0,1.0,1.0,0.0,1.0,0.018003879800209833,0.0,1.0,1,1,True,22.25,63.64,48.48,56.82,High,Medium,True,False,,True,priority_and_confidence_gate,Medium,INC-000709,"new:gap=5.0s,dist=39.140522202423064m,cell=True,family=False"
LTE-TP-EP-001003,542020041221088+20250827153332+Fiji-Nadi-LTE-DL-D!20250827153318,Fiji-Nadi-LTE-DL-D,2025-08-27 05:31:52+02:00,2025-08-27 05:31:52+02:00,1,-17.7440996,177.4343251,-17.7440996,177.4343251,ECI:1067151.0,1067151.0,125.0,41384.0,41.0,0.072432,0.072432,,,,78.3,78.3,90.75,90.75,63.08,63.08,0,1,0,1,radio_limited_degradation,normal,radio,statistical_only_retained,0.0,1.0,1.0,1.0,0.0,1.0,15.215705721495436,0.0,1.0,1,1,True,22.25,73.62,57.31,66.28,High,Medium,True,False,,True,priority_and_confidence_gate,High,INC-000710,"new:gap=1.0s,dist=15.215705721777006m,cell=False,family=True"
LTE-TP-EP-001004,542020041221088+20250827153332+Fiji-Nadi-LTE-DL-D!20250827153318,Fiji-Nadi-LTE-DL-D,2025-08-27 05:31:53+02:00,2025-08-27 05:31:53+02:00,1,-17.74409966,177.43432504,-17.74409966,177.43432504,ECI:1066294.0,1066294.0,339.0,41384.0,41.0,1.730128,1.730128,,,,80.36,80.36,84.94,84.94,74.76,74.76,0,1,0,1,rb_efficiency_underperformance,normal,radio,statistical_only_retained,0.0,1.0,1.0,1.0,0.0,1.0,0.009213518929807716,0.0,1.0,1,1,True,22.25,69.27,66.07,67.83,High,High,True,False,,True,priority_and_confidence_gate,High,INC-000711,"new:gap=1.0s,dist=0.009213518720320495m,cell=False,family=True"
LTE-TP-EP-001005,542020041221088+20250827153332+Fiji-Nadi-LTE-DL-D!20250827153318,Fiji-Nadi-LTE-DL-D,2025-08-27 05:31:54+02:00,2025-08-27 05:31:59+02:00,5,-17.7440499,177.4344583,-17.74401313,177.4346914,ECI:1066039.0,1066039.0,125.0,41384.0,41.0,1.532648,4.038664,38.729599,27.793727,0.28236471025687615,74.29,63.04600000000001,85.64,71.958,71.14,52.158,0,5,0,4,radio_limited_degradation,normal,radio,statistical_only_retained,5.0,6.0,5.0,0.8333333333333334,1.0,3.0,34.09959755066464,0.0,0.8,4,5,True,36.75,70.0,56.61,63.97,High,Medium,True,False,,True,priority_and_confidence_gate,Medium,INC-000712,"new:gap=1.0s,dist=15.15881465809674m,cell=False,family=True"
LTE-TP-EP-001006,542020041221088+20250827153332+Fiji-Nadi-LTE-DL-D!20250827153318,Fiji-Nadi-LTE-DL-D,2025-08-27 05:32:00+02:00,2025-08-27 05:32:00+02:00,1,-17.7440227,177.4348131,-17.7440227,177.4348131,ECI:1068606.0,1068606.0,125.0,41384.0,41.0,1.357112,1.357112,,,,71.31,71.31,86.25,86.25,53.05,53.05,0,1,0,1,radio_limited_degradation,normal,radio,statistical_only_retained,0.0,1.0,1.0,1.0,0.0,1.0,12.932525843049252,0.0,1.0,1,1,True,22.25,70.25,49.79,61.04,High,Medium,True,False,,True,priority_and_confidence_gate,Medium,INC-000713,"new:gap=1.0s,dist=12.93252584216195m,cell=False,family=True"
LTE-TP-EP-001007,542020041221088+20250827153332+Fiji-Nadi-LTE-DL-D!20250827153318,Fiji-Nadi-LTE-DL-D,2025-08-27 05:32:58+02:00,2025-08-27 05:32:58+02:00,1,-17.744629,177.4392415,-17.744629,177.4392415,ECI:1068566.0,1068566.0,120.0,500.0,1.0,36.944695,36.944695,176.8458,139.901105,0.20890908916129194,64.36,64.36,62.81,62.81,66.25,66.25,0,1,0,1,rb_conditioned_underperformance,normal,capability,statistical_only_retained,0.0,1.0,1.0,1.0,0.0,1.0,23.072065023629584,0.0,1.0,1,0,False,22.25,52.67,59.69,55.83,Medium,Medium,True,False,,True,priority_and_confidence_gate,Medium,INC-000714,"new:gap=58.0s,dist=473.8109529342573m,cell=False,family=False"
LTE-TP-EP-001008,542020041221088+20250827154414+Fiji-Nadi-LTE-DL-D!20250827153533,Fiji-Nadi-LTE-DL-D,2025-08-27 05:33:30+02:00,2025-08-27 05:33:30+02:00,1,-17.74610579,177.44105124,-17.74610579,177.44105124,ECI:1068746.0,1068746.0,120.0,500.0,1.0,1.06384,1.06384,25.42578952973799,24.36194952973799,0.041840981919390674,80.86,80.86,74.73,74.73,88.36,88.36,0,1,0,1,rolling_local_drop,normal,temporal,statistical_only_retained,0.0,1.0,1.0,1.0,0.0,1.0,6.752056886006457,0.0,1.0,1,0,False,22.25,61.61,76.27,68.21,High,High,True,False,,True,priority_and_confidence_gate,High,INC-000715,new_session_or_first_episode
LTE-TP-EP-001009,542020041221088+20250827154414+Fiji-Nadi-LTE-DL-D!20250827153533,Fiji-Nadi-LTE-DL-D,2025-08-27 05:33:54+02:00,2025-08-27 05:33:54+02:00,1,-17.746849,177.4432316,-17.746849,177.4432316,ECI:1068608.0,1068608.0,122.0,40988.0,41.0,3.486424,3.486424,62.94313266677415,59.45670866677415,0.05539006166816324,86.04,86.04,85.71,85.71,86.45,86.45,0,1,0,1,sudden_drop,normal,temporal,statistical_only_retained,0.0,1.0,1.0,1.0,0.0,1.0,21.27408934197243,0.0,1.0,1,0,False,22.25,69.84,74.84,72.09,High,High,True,False,,True,priority_and_confidence_gate,High,INC-000716,"new:gap=24.0s,dist=245.25148043358777m,cell=False,family=True"
LTE-TP-EP-001012,542020041221088+20250827154913+Fiji-Nadi-LTE-DL-D!20250827153748,Fiji-Nadi-LTE-DL-D,2025-08-27 05:36:57+02:00,2025-08-27 05:36:57+02:00,1,-17.7383531,177.45612,-17.7383531,177.45612,ECI:3631425.0,3631425.0,215.0,41384.0,41.0,0.667648,0.667648,,,,69.62,69.62,67.66,67.66,72.02,72.02,0,1,0,1,radio_limited_degradation,normal,radio,statistical_only_retained,0.0,1.0,1.0,1.0,0.0,1.0,6.854706848659858,0.0,1.0,1,1,True,22.25,56.31,64.01,59.78,High,High,True,False,,True,priority_and_confidence_gate,Medium,INC-000717,new_session_or_first_episode
LTE-TP-EP-001013,542020041221088+20250827154913+Fiji-Nadi-LTE-DL-D!20250827153748,Fiji-Nadi-LTE-DL-D,2025-08-27 05:37:03+02:00,2025-08-27 05:37:04+02:00,2,-17.73841919,177.4564655,-17.73844267,177.4565502,ECI:1066294.0,1066294.0,487.0,41384.0,41.0,3.51784,7.143752,38.729599,35.211759,0.0908307881008528,69.83,60.125,67.91,56.105,72.18,65.04,0,2,0,1,ca_underperformance,normal,capability,statistical_only_retained,1.0,2.0,2.0,1.0,0.0,2.0,18.125060170984447,0.0,0.5,1,1,True,29.5,55.36,57.35,56.25,High,Medium,True,False,,True,priority_and_confidence_gate,Medium,INC-000718,"new:gap=6.0s,dist=37.32208603213485m,cell=False,family=False"
LTE-TP-EP-001014,542020041221088+20250827154913+Fiji-Nadi-LTE-DL-D!20250827153748,Fiji-Nadi-LTE-DL-D,2025-08-27 05:37:46+02:00,2025-08-27 05:37:46+02:00,1,-17.7406666,177.4566888,-17.7406666,177.4566888,ECI:1066294.0,1066294.0,487.0,41384.0,41.0,0.888216,0.888216,,,,73.49,73.49,87.89,87.89,55.88,55.88,0,1,0,0,radio_limited_degradation,normal,radio,statistical_only_retained,0.0,1.0,1.0,1.0,0.0,1.0,0.0,0.0,0.0,0,1,True,22.25,71.48,41.91,58.17,High,Medium,True,False,,True,priority_and_confidence_gate,Medium,INC-000719,"new:gap=42.0s,dist=247.72535054899896m,cell=True,family=False"
LTE-TP-EP-001015,542020041221088+20250827155333+Fiji-Nadi-LTE-DL-D!20250827154000,Fiji-Nadi-LTE-DL-D,2025-08-27 05:38:24+02:00,2025-08-27 05:38:29+02:00,3,-17.74066661,177.45668877,-17.74066661,177.45668877,ECI:1066294.0,1066294.0,487.0,41384.0,41.0,0.005216,0.00696,,,,77.5,70.07333333333334,90.98,83.42333333333333,61.02,53.75666666666667,0,3,0,0,radio_limited_degradation,normal,radio,statistical_only_retained,5.0,6.0,3.0,0.5,3.0,1.0,0.0,0.0,0.0,0,3,True,17.25,70.66,43.95,58.64,High,Medium,True,False,,True,priority_and_confidence_gate,Medium,INC-000720,new_session_or_first_episode
LTE-TP-EP-001017,542020041221088+20250827155633+Fiji-Nadi-LTE-DL-D!20250827154210,Fiji-Nadi-LTE-DL-D,2025-08-27 05:40:22+02:00,2025-08-27 05:40:22+02:00,1,-17.73913576,177.45809406,-17.73913576,177.45809406,ECI:1066294.0,1066294.0,487.0,41384.0,41.0,24.601128,24.601128,105.95971,81.358582,0.23217436136810868,70.35,70.35,61.46,61.46,81.21,81.21,0,1,0,1,rb_conditioned_underperformance,ml_hgb_strict_causal_temporal_underperformance,capability,statistical_only_retained,0.0,1.0,1.0,1.0,0.0,1.0,0.021498493826310985,0.0,1.0,1,0,False,22.25,51.66,70.91,60.32,Medium,High,True,False,,True,priority_and_confidence_gate,Medium,INC-000721,new_session_or_first_episode
LTE-TP-EP-001018,542020041221088+20250827155633+Fiji-Nadi-LTE-DL-D!20250827154210,Fiji-Nadi-LTE-DL-D,2025-08-27 05:40:28+02:00,2025-08-27 05:40:30+02:00,2,-17.73906437,177.45825109,-17.73908108,177.45831568,ECI:1066294.0,1066294.0,487.0,41384.0,41.0,2.496072,5.26452,38.729599,30.696631,0.20741159752260796,72.02,63.97,91.26,72.235,59.24,53.870000000000005,0,2,0,2,ca_underperformance,normal,capability,statistical_only_retained,2.0,3.0,2.0,0.6666666666666666,1.0,1.0,0.30901661211003045,0.0,1.0,2,1,True,18.5,68.31,53.09,61.46,High,Medium,True,False,,True,priority_and_confidence_gate,Medium,INC-000722,"new:gap=6.0s,dist=18.428170958672947m,cell=True,family=True"
LTE-TP-EP-001019,542020041221088+20250827155633+Fiji-Nadi-LTE-DL-D!20250827154210,Fiji-Nadi-LTE-DL-D,2025-08-27 05:40:40+02:00,2025-08-27 05:40:41+02:00,2,-17.739114,177.4585007,-17.739114,177.4585007,ECI:1066294.0,1066294.0,487.0,41384.0,41.0,0.40816,2.08882,,,,82.67,74.58500000000001,98.57,92.69,63.24,52.46,0,2,0,2,radio_limited_degradation,normal,radio,statistical_only_retained,1.0,2.0,2.0,1.0,0.0,2.0,0.003177245996068413,0.0,1.0,2,2,True,29.5,79.83,54.74,68.54,High,Medium,True,False,,True,priority_and_confidence_gate,High,INC-000723,"new:gap=10.0s,dist=19.934109354207624m,cell=True,family=False"
LTE-TP-EP-001020,542020041221088+20250827155633+Fiji-Nadi-LTE-DL-D!20250827154210,Fiji-Nadi-LTE-DL-D,2025-08-27 05:40:50+02:00,2025-08-27 05:40:52+02:00,2,-17.739114,177.4585007,-17.739114,177.45850067,ECI:1066294.0,1066294.0,487.0,41384.0,41.0,0.661232,1.974288,,,,81.85,75.16,97.69,93.09,62.5,53.25,0,2,0,2,radio_limited_degradation,normal,radio,statistical_only_retained,2.0,3.0,2.0,0.6666666666666666,1.0,1.0,0.003177245996068413,0.0,1.0,2,2,True,18.5,76.74,54.56,66.76,High,Medium,True,False,,True,priority_and_confidence_gate,High,INC-000724,"new:gap=9.0s,dist=0.0m,cell=True,family=True"
LTE-TP-EP-001022,542020041221088+20250827155633+Fiji-Nadi-LTE-DL-D!20250827154210,Fiji-Nadi-LTE-DL-D,2025-08-27 05:41:12+02:00,2025-08-27 05:41:14+02:00,2,-17.7391366,177.4585521,-17.7391673,177.458617,ECI:1066294.0,1066294.0,487.0,41384.0,41.0,0.150904,0.158476,,,,80.73,80.70500000000001,99.47,99.445,57.83,57.8,0,2,0,1,radio_limited_degradation,normal,radio,statistical_only_retained,2.0,3.0,2.0,0.6666666666666666,1.0,1.0,12.393109112923792,0.0,0.5,1,2,True,18.5,79.22,48.36,65.34,High,Medium,True,False,,True,priority_and_confidence_gate,High,INC-000725,"new:gap=20.0s,dist=5.998621557139077m,cell=True,family=True"
LTE-TP-EP-001023,542020041221088+20250827155633+Fiji-Nadi-LTE-DL-D!20250827154210,Fiji-Nadi-LTE-DL-D,2025-08-27 05:41:19+02:00,2025-08-27 05:41:19+02:00,1,-17.7392365,177.4588896,-17.7392365,177.4588896,ECI:1066294.0,1066294.0,487.0,41384.0,41.0,1.128096,1.128096,,,,81.53,81.53,96.05,96.05,63.78,63.78,0,1,0,0,radio_limited_degradation,normal,radio,statistical_only_retained,0.0,1.0,1.0,1.0,0.0,1.0,7.702970867715494,0.0,0.0,0,1,True,22.25,77.6,47.84,64.21,High,Medium,True,False,,True,priority_and_confidence_gate,Medium,INC-000725,"bridged:gap=5.0s,dist=29.87837295661303m,cell=True,family=True"
LTE-TP-EP-001024,542020041221088+20250827155633+Fiji-Nadi-LTE-DL-D!20250827154210,Fiji-Nadi-LTE-DL-D,2025-08-27 05:41:26+02:00,2025-08-27 05:41:26+02:00,1,-17.73934166,177.45913406,-17.73934166,177.45913406,ECI:1066294.0,1066294.0,487.0,41384.0,41.0,0.821208,0.821208,,,,80.21,80.21,97.13,97.13,59.53,59.53,0,1,0,0,radio_limited_degradation,normal,radio,statistical_only_retained,0.0,1.0,1.0,1.0,0.0,1.0,1.0259602933007101,0.0,0.0,0,1,True,22.25,78.41,44.65,63.22,High,Medium,True,False,,True,priority_and_confidence_gate,Medium,INC-000726,"new:gap=7.0s,dist=28.40844116469014m,cell=True,family=True"
LTE-TP-EP-001026,542020041221088+20250827155853+Fiji-Nadi-LTE-DL-D!20250827154409,Fiji-Nadi-LTE-DL-D,2025-08-27 05:42:50+02:00,2025-08-27 05:42:50+02:00,1,-17.74446573,177.4569019,-17.74446573,177.4569019,ECI:1068338.0,1068338.0,49.0,41186.0,41.0,2.385408,2.385408,103.734363,101.348955,0.02299535015219595,92.93,92.93,95.68,95.68,89.56,89.56,0,1,0,1,ca_underperformance,normal,capability,statistical_only_retained,0.0,1.0,1.0,1.0,0.0,1.0,0.17744380627568013,0.0,1.0,1,0,False,22.25,77.32,77.17,77.25,High,High,True,False,,True,priority_and_confidence_gate,High,INC-000727,new_session_or_first_episode
LTE-TP-EP-001028,542020041221088+20250827155853+Fiji-Nadi-LTE-DL-D!20250827154409,Fiji-Nadi-LTE-DL-D,2025-08-27 05:43:29+02:00,2025-08-27 05:43:31+02:00,3,-17.7477824,177.455605,-17.7479607,177.4555427,ECI:1068350.0,1068350.0,50.0,40790.0,41.0,11.536144,16.751753,83.886915,67.13516200000001,0.18545848403053744,65.79,62.419999999999995,60.98,56.26333333333333,71.66,69.94,0,3,0,2,rb_conditioned_underperformance,normal,capability,statistical_only_retained,2.0,3.0,3.0,1.0,0.0,3.0,29.981540772110403,0.0,0.6666666666666666,2,1,True,36.75,53.74,59.98,56.55,Medium,Medium,True,False,,True,priority_and_confidence_gate,Medium,INC-000728,"new:gap=39.0s,dist=393.5424881723201m,cell=False,family=True"
LTE-TP-EP-001030,542020041221088+20250827155853+Fiji-Nadi-LTE-DL-D!20250827154409,Fiji-Nadi-LTE-DL-D,2025-08-27 05:44:04+02:00,2025-08-27 05:44:04+02:00,1,-17.75189698,177.45441863,-17.75189698,177.45441863,ECI:1066291.0,1066291.0,487.0,41186.0,41.0,1.947288,1.947288,,,,65.47,65.47,63.18,63.18,68.26,68.26,0,1,0,1,radio_limited_degradation,normal,radio,statistical_only_retained,0.0,1.0,1.0,1.0,0.0,1.0,0.1866314448787148,0.0,1.0,1,1,True,22.25,52.95,61.2,56.66,Medium,High,True,False,,True,priority_and_confidence_gate,Medium,INC-000729,"new:gap=33.0s,dist=453.5941437905528m,cell=False,family=False"
LTE-TP-EP-001032,542020041221088+20250827160154+Fiji-Nadi-LTE-DL-D!20250827155510,Fiji-Nadi-LTE-DL-D,2025-08-27 05:53:13+02:00,2025-08-27 05:53:26+02:00,9,-17.78877476,177.44170807,-17.78877476,177.44170807,ECI:1067152.0,1067152.0,340.0,41384.0,41.0,0.0198,0.04044,,,,76.27,73.40333333333334,90.93,88.28888888888889,58.36,55.21333333333333,0,9,0,7,radio_limited_degradation,normal,radio,statistical_only_retained,13.0,14.0,9.0,0.6428571428571429,5.0,4.0,0.027327750852194875,0.0,0.7777777777777778,7,9,True,44.89,78.76,50.76,66.16,High,Medium,True,False,,True,priority_and_confidence_gate,High,INC-000730,new_session_or_first_episode
LTE-TP-EP-001033,542020041221088+20250827160154+Fiji-Nadi-LTE-DL-D!20250827155510,Fiji-Nadi-LTE-DL-D,2025-08-27 05:54:40+02:00,2025-08-27 05:54:40+02:00,1,-17.79308108,177.44452976,-17.79308108,177.44452976,ECI:1073216.0,1073216.0,430.0,40988.0,41.0,13.217832,13.217832,88.404305,75.18647299999999,0.14951570514580712,72.55,72.55,72.35,72.35,72.8,72.8,0,1,0,1,ca_underperformance,ml_quantile_p75_resource_underperformance,capability,statistical_only_retained,0.0,1.0,1.0,1.0,0.0,1.0,14.760677217166526,0.0,1.0,1,0,False,22.25,59.82,64.6,61.97,High,High,True,False,,True,priority_and_confidence_gate,Medium,INC-000731,"new:gap=74.0s,dist=564.3960438034279m,cell=False,family=False"
LTE-TP-EP-001034,542020041221088+20250827160414+Fiji-Nadi-LTE-DL-D!20250827155722,Fiji-Nadi-LTE-DL-D,2025-08-27 05:55:19+02:00,2025-08-27 05:55:19+02:00,1,-17.79589025,177.44698443,-17.79589025,177.44698443,ECI:1073216.0,1073216.0,430.0,40988.0,41.0,26.123344,26.123344,120.30231,94.178966,0.21714748453292376,79.28,79.28,62.33,62.33,100.0,100.0,1,0,0,1,rb_conditioned_underperformance,ml_quantile_p75_resource_underperformance,resource,statistical_and_ml_consensus,0.0,1.0,1.0,1.0,0.0,1.0,2.620044762822663,100.0,1.0,1,0,False,22.25,52.31,100.0,73.77,Medium,Very High,True,False,,True,priority_and_confidence_gate,High,INC-000732,new_session_or_first_episode
LTE-TP-EP-001035,542020041221088+20250827160414+Fiji-Nadi-LTE-DL-D!20250827155722,Fiji-Nadi-LTE-DL-D,2025-08-27 05:56:05+02:00,2025-08-27 05:56:05+02:00,1,-17.7973515,177.4485027,-17.7973515,177.4485027,ECI:1065023.0,1065023.0,470.0,40988.0,41.0,12.805224,12.805224,64.715159,51.909935,0.19787054838264403,66.75,66.75,58.41,58.41,76.95,76.95,0,1,0,1,ca_underperformance,ml_quantile_p75_resource_underperformance,capability,statistical_only_retained,0.0,1.0,1.0,1.0,0.0,1.0,11.971670213181447,0.0,1.0,1,0,False,22.25,49.37,67.71,57.62,Medium,High,True,False,,True,priority_and_confidence_gate,Medium,INC-000733,"new:gap=46.0s,dist=228.56093098932502m,cell=False,family=True"
LTE-TP-EP-001036,542020041221088+20250827160414+Fiji-Nadi-LTE-DL-D!20250827155722,Fiji-Nadi-LTE-DL-D,2025-08-27 05:56:11+02:00,2025-08-27 05:56:11+02:00,1,-17.79757177,177.44869262,-17.79757177,177.44869262,ECI:1073216.0,1073216.0,470.0,40988.0,41.0,12.959688,12.959688,65.36004299999999,52.40035499999999,0.1982815096985172,64.37,64.37,58.43,58.43,71.62,71.62,0,1,0,1,ca_underperformance,normal,capability,statistical_only_retained,0.0,1.0,1.0,1.0,0.0,1.0,0.06058038468306264,0.0,1.0,1,0,False,22.25,49.38,63.72,55.83,Medium,High,True,False,,True,priority_and_confidence_gate,Medium,INC-000734,"new:gap=6.0s,dist=31.68937244836274m,cell=False,family=True"
LTE-TP-EP-001040,542020041221088+20250827160414+Fiji-Nadi-LTE-DL-D!20250827155722,Fiji-Nadi-LTE-DL-D,2025-08-27 05:57:18+02:00,2025-08-27 05:57:18+02:00,1,-17.79967259,177.45104095,-17.79967259,177.45104095,ECI:1065023.0,1065023.0,470.0,40988.0,41.0,0.600824,0.600824,,,,78.18,78.18,88.9,88.9,65.07,65.07,0,1,0,1,radio_limited_degradation,normal,radio,statistical_only_retained,0.0,1.0,1.0,1.0,0.0,1.0,4.135280245576766,0.0,1.0,1,1,True,22.25,72.24,58.8,66.19,High,Medium,True,False,,True,priority_and_confidence_gate,High,INC-000735,"new:gap=67.0s,dist=341.15030005429645m,cell=False,family=False"
LTE-TP-EP-001042,542020041221088+20250827160414+Fiji-Nadi-LTE-DL-D!20250827155722,Fiji-Nadi-LTE-DL-D,2025-08-27 05:57:21+02:00,2025-08-27 05:57:21+02:00,1,-17.7997721,177.4511685,-17.7997721,177.4511685,ECI:1073216.0,1073216.0,214.0,40988.0,41.0,1.300872,1.300872,,,,72.79,72.79,86.45,86.45,56.1,56.1,0,1,0,1,radio_limited_degradation,normal,radio,statistical_only_retained,0.0,1.0,1.0,1.0,0.0,1.0,4.9303808080679286,0.0,1.0,1,1,True,22.25,70.4,52.08,62.15,High,Medium,True,False,,True,priority_and_confidence_gate,Medium,INC-000736,"new:gap=3.0s,dist=17.458320392558672m,cell=False,family=True"
LTE-TP-EP-001043,542020041221088+20250827160614+Fiji-Nadi-LTE-DL-D!20250827155934,Fiji-Nadi-LTE-DL-D,2025-08-27 05:57:32+02:00,2025-08-27 05:57:32+02:00,1,-17.79999334,177.45159717,-17.79999334,177.45159717,ECI:1073215.0,1073215.0,429.0,40988.0,41.0,2.017744,2.017744,32.41143,30.393686000000002,0.062254087524061724,80.37,80.37,69.04,69.04,94.21,94.21,0,1,0,1,ca_underperformance,ml_quantile_p75_resource_underperformance,capability,statistical_only_retained,0.0,1.0,1.0,1.0,0.0,1.0,,0.0,1.0,1,0,False,22.25,57.34,80.66,67.83,High,Very High,True,False,,True,priority_and_confidence_gate,High,INC-000737,new_session_or_first_episode
LTE-TP-EP-001045,542020041221088+20250827160614+Fiji-Nadi-LTE-DL-D!20250827155934,Fiji-Nadi-LTE-DL-D,2025-08-27 05:57:45+02:00,2025-08-27 05:57:45+02:00,1,-17.8002265,177.4522152,-17.8002265,177.4522152,ECI:1065020.0,1065020.0,470.0,40790.0,41.0,0.608832,0.608832,9.129134165709626,8.520302165709627,0.06669110004833348,70.4,70.4,64.48,64.48,77.63,77.63,0,1,0,1,sudden_drop,normal,temporal,statistical_only_retained,0.0,1.0,1.0,1.0,0.0,1.0,5.46644616171984,0.0,1.0,1,0,False,22.25,53.92,68.22,60.36,Medium,High,True,False,,True,priority_and_confidence_gate,Medium,INC-000738,"new:gap=13.0s,dist=70.38131425925468m,cell=False,family=False"
LTE-TP-EP-001047,542020041221088+20250827160614+Fiji-Nadi-LTE-DL-D!20250827155934,Fiji-Nadi-LTE-DL-D,2025-08-27 05:57:50+02:00,2025-08-27 05:57:51+02:00,2,-17.8003933,177.4524545,-17.80039394,177.45245447,ECI:3631411.0,3631411.0,211.0,40790.0,41.0,1.257504,2.551472,,,,78.2,75.44,86.6,82.07,67.93,67.34,0,2,0,2,radio_limited_degradation,normal,radio,statistical_only_retained,1.0,2.0,2.0,1.0,0.0,2.0,12.659941140950258,0.0,1.0,2,2,True,29.5,71.19,60.8,66.52,High,High,True,False,,True,priority_and_confidence_gate,High,INC-000739,"new:gap=5.0s,dist=31.398624987164837m,cell=False,family=False"
LTE-TP-EP-001048,542020041221088+20250827160614+Fiji-Nadi-LTE-DL-D!20250827155934,Fiji-Nadi-LTE-DL-D,2025-08-27 05:57:53+02:00,2025-08-27 05:57:59+02:00,5,-17.8005044,177.4526002,-17.8007589,177.4528165,ECI:1065020.0,1065020.0,148.0,40790.0,41.0,1.127928,1.410944,49.4498,48.158784000000004,0.02610760811974972,86.1,75.288,87.05,76.558,84.93,73.73400000000001,0,5,0,5,rb_efficiency_underperformance,normal,radio,statistical_only_retained,6.0,7.0,5.0,0.7142857142857143,2.0,4.0,29.432352483454192,0.0,1.0,5,3,True,40.96,72.9,70.9,72.0,High,High,True,False,,True,priority_and_confidence_gate,High,INC-000740,"new:gap=2.0s,dist=19.72073393020721m,cell=False,family=True"
LTE-TP-EP-001049,542020041221088+20250827160614+Fiji-Nadi-LTE-DL-D!20250827155934,Fiji-Nadi-LTE-DL-D,2025-08-27 05:58:00+02:00,2025-08-27 05:58:00+02:00,1,-17.8008812,177.4528822,-17.8008812,177.4528822,ECI:1073212.0,1073212.0,470.0,40790.0,41.0,3.127192,3.127192,,,,80.81,80.81,80.05,80.05,81.74,81.74,0,1,0,1,rb_efficiency_underperformance,normal,radio,statistical_only_retained,0.0,1.0,1.0,1.0,0.0,1.0,15.274808589537743,0.0,1.0,1,1,True,22.25,65.6,71.3,68.17,High,High,True,False,,True,priority_and_confidence_gate,High,INC-000741,"new:gap=1.0s,dist=15.274808589815562m,cell=False,family=True"
LTE-TP-EP-001050,542020041221088+20250827160614+Fiji-Nadi-LTE-DL-D!20250827155934,Fiji-Nadi-LTE-DL-D,2025-08-27 05:58:01+02:00,2025-08-27 05:58:01+02:00,1,-17.80088095,177.45288185,-17.80088095,177.45288185,ECI:1073205.0,1073205.0,429.0,40790.0,41.0,0.467224,0.467224,,,,76.54,76.54,89.36,89.36,60.86,60.86,0,1,0,1,radio_limited_degradation,normal,radio,statistical_only_retained,0.0,1.0,1.0,1.0,0.0,1.0,0.0463233044558992,0.0,1.0,1,1,True,22.25,72.58,55.64,64.96,High,Medium,True,False,,True,priority_and_confidence_gate,Medium,INC-000742,"new:gap=1.0s,dist=0.0463233045366625m,cell=False,family=True"
LTE-TP-EP-001052,542020041221088+20250827160834+Fiji-Nadi-LTE-DL-D!20250827160146,Fiji-Nadi-LTE-DL-D,2025-08-27 06:00:04+02:00,2025-08-27 06:00:04+02:00,1,-17.80666484,177.45235495,-17.80666484,177.45235495,ECI:1070391.0,1070391.0,470.0,41384.0,41.0,20.292831,20.292831,121.14346,100.850629,0.16751074304795321,80.66,80.66,65.23,65.23,99.51,99.51,1,0,0,1,rb_conditioned_underperformance,ml_quantile_p75_resource_underperformance,capability,statistical_and_ml_consensus,0.0,1.0,1.0,1.0,0.0,1.0,0.10485187422903575,100.0,1.0,1,0,False,22.25,54.49,99.63,74.8,Medium,Very High,True,False,,True,priority_and_confidence_gate,High,INC-000743,new_session_or_first_episode
LTE-TP-EP-001053,542020041221088+20250827160834+Fiji-Nadi-LTE-DL-D!20250827160146,Fiji-Nadi-LTE-DL-D,2025-08-27 06:00:17+02:00,2025-08-27 06:00:17+02:00,1,-17.8072331,177.4523944,-17.8072331,177.4523944,ECI:1070391.0,1070391.0,470.0,41384.0,41.0,8.301936,8.301936,72.7976368809444,64.4957008809444,0.11404128424631768,84.28,84.28,80.17,80.17,89.3,89.3,0,1,0,1,sudden_drop,normal,temporal,statistical_only_retained,0.0,1.0,1.0,1.0,0.0,1.0,8.651937612737097,0.0,1.0,1,0,False,22.25,65.69,76.98,70.77,High,High,True,False,,True,priority_and_confidence_gate,High,INC-000744,"new:gap=13.0s,dist=63.32559178169519m,cell=True,family=False"
LTE-TP-EP-001054,542020041221088+20250827160834+Fiji-Nadi-LTE-DL-D!20250827160146,Fiji-Nadi-LTE-DL-D,2025-08-27 06:00:24+02:00,2025-08-27 06:00:24+02:00,1,-17.8074164,177.4523131,-17.8074164,177.4523131,ECI:1070391.0,1070391.0,470.0,41384.0,41.0,12.191104,12.191104,71.56434444572989,59.37324044572989,0.17035164779920542,69.83,69.83,71.61,71.61,67.65,67.65,0,1,0,1,sudden_drop,normal,temporal,statistical_only_retained,0.0,1.0,1.0,1.0,0.0,1.0,4.451057148927914,0.0,1.0,1,0,False,22.25,59.27,60.74,59.93,High,High,True,False,,True,priority_and_confidence_gate,Medium,INC-000745,"new:gap=7.0s,dist=22.12486348548584m,cell=True,family=True"
LTE-TP-EP-001056,542020041221088+20250827160834+Fiji-Nadi-LTE-DL-D!20250827160146,Fiji-Nadi-LTE-DL-D,2025-08-27 06:00:45+02:00,2025-08-27 06:00:45+02:00,1,-17.80773823,177.45139222,-17.80773823,177.45139222,ECI:1070391.0,1070391.0,470.0,41384.0,41.0,24.99712,24.99712,105.95971,80.96259,0.23591155543932688,63.95,63.95,61.24,61.24,67.27,67.27,0,1,0,1,rb_conditioned_underperformance,normal,capability,statistical_only_retained,0.0,1.0,1.0,1.0,0.0,1.0,5.621695293583203,0.0,1.0,1,0,False,22.25,51.49,60.45,55.52,Medium,High,True,False,,True,priority_and_confidence_gate,Medium,INC-000746,"new:gap=21.0s,dist=103.8518047991685m,cell=True,family=False"
LTE-TP-EP-001059,542020041221088+20250827161114+Fiji-Nadi-LTE-DL-D!20250827160608,Fiji-Nadi-LTE-DL-D,2025-08-27 06:04:06+02:00,2025-08-27 06:04:06+02:00,1,-17.81116123,177.44284917,-17.81116123,177.44284917,ECI:1065015.0,1065015.0,469.0,41384.0,41.0,7.974224,7.974224,105.95971,97.985486,0.07525713311219898,92.1,92.1,85.64,85.64,100.0,100.0,1,0,0,1,ca_underperformance,ml_quantile_p75_resource_underperformance,capability,statistical_and_ml_consensus,0.0,1.0,1.0,1.0,0.0,1.0,,100.0,1.0,1,0,False,22.25,69.79,100.0,83.39,High,Very High,True,False,,True,priority_and_confidence_gate,High,INC-000747,new_session_or_first_episode
LTE-TP-EP-001062,542020041221088+20250827161114+Fiji-Nadi-LTE-DL-D!20250827160608,Fiji-Nadi-LTE-DL-D,2025-08-27 06:05:43+02:00,2025-08-27 06:05:50+02:00,5,-17.81170385,177.43971302,-17.8117804,177.4395116,ECI:1064992.0,1064992.0,469.0,1850.0,3.0,0.015432,2.700792,,,,77.12,72.16600000000001,90.95,84.35600000000001,65.15,57.267999999999994,0,5,0,1,radio_limited_degradation,normal,radio,statistical_only_retained,7.0,8.0,5.0,0.625,3.0,2.0,20.01400397213417,0.0,0.2,1,5,True,27.62,73.47,48.89,62.41,High,Medium,True,False,,True,priority_and_confidence_gate,Medium,INC-000748,"new:gap=97.0s,dist=337.4475320561867m,cell=False,family=False"
LTE-TP-EP-001063,542020041221088+20250827161114+Fiji-Nadi-LTE-DL-D!20250827160608,Fiji-Nadi-LTE-DL-D,2025-08-27 06:05:56+02:00,2025-08-27 06:05:57+02:00,2,-17.8118388,177.439367,-17.8118474,177.4393414,ECI:1064992.0,1064992.0,469.0,1850.0,3.0,4.91256,5.988328,,,,58.81,56.625,73.81,70.045,40.47,40.215,0,2,0,2,radio_limited_degradation,normal,radio,statistical_only_retained,1.0,2.0,2.0,1.0,0.0,2.0,8.161554434908938,0.0,1.0,2,2,True,29.5,61.79,40.29,52.12,High,Medium,True,False,,True,priority_and_confidence_gate,Medium,INC-000749,"new:gap=6.0s,dist=16.628501128555403m,cell=True,family=True"
LTE-TP-EP-001064,542020041221088+20250827161114+Fiji-Nadi-LTE-DL-D!20250827160608,Fiji-Nadi-LTE-DL-D,2025-08-27 06:06:06+02:00,2025-08-27 06:06:06+02:00,1,-17.81194019,177.43910936,-17.81194019,177.43910936,ECI:1064992.0,1064992.0,469.0,1850.0,3.0,0.058376,0.058376,,,,76.59,76.59,90.8,90.8,59.22,59.22,0,1,0,1,radio_limited_degradation,normal,radio,statistical_only_retained,0.0,1.0,1.0,1.0,0.0,1.0,3.9143699974080044,0.0,1.0,1,1,True,22.25,73.66,54.41,65.0,High,Medium,True,False,,True,priority_and_confidence_gate,High,INC-000750,"new:gap=9.0s,dist=26.643805504185668m,cell=True,family=True"
LTE-TP-EP-001065,542020041221088+20250827161154+Fiji-Nadi-LTE-DL-D!20250827160820,Fiji-Nadi-LTE-DL-D,2025-08-27 06:06:19+02:00,2025-08-27 06:06:30+02:00,7,-17.81213357,177.43856837,-17.8122958,177.4381428,ECI:1064992.0,1064992.0,469.0,1850.0,3.0,0.001672,0.836368,,,,81.75,73.02428571428571,99.99,91.42571428571429,59.45,50.529999999999994,0,7,0,5,radio_limited_degradation,normal,radio,statistical_only_retained,11.0,12.0,7.0,0.5833333333333334,5.0,3.0,35.051500719778566,0.0,0.7142857142857143,5,7,True,35.5,81.73,49.5,67.22,Critical,Medium,True,True,critical_impact_with_verified_direct_evidence,True,critical_verified_direct_evidence_override,High,INC-000751,new_session_or_first_episode
LTE-TP-EP-001068,542020041221088+20250827161154+Fiji-Nadi-LTE-DL-D!20250827160820,Fiji-Nadi-LTE-DL-D,2025-08-27 06:06:53+02:00,2025-08-27 06:06:53+02:00,1,-17.8125348,177.4374076,-17.8125348,177.4374076,ECI:1064992.0,1064992.0,469.0,1850.0,3.0,0.099543996,0.099543996,,,,85.25,85.25,99.65,99.65,67.66,67.66,0,1,0,1,radio_limited_degradation,normal,radio,statistical_only_retained,0.0,1.0,1.0,1.0,0.0,1.0,7.128706436148485,0.0,1.0,1,1,True,22.25,80.3,60.74,71.5,Critical,High,True,True,critical_impact_with_verified_direct_evidence,True,critical_verified_direct_evidence_override,High,INC-000752,"new:gap=23.0s,dist=82.24381879764451m,cell=True,family=True"
LTE-TP-EP-001069,542020041221088+20250827161154+Fiji-Nadi-LTE-DL-D!20250827160820,Fiji-Nadi-LTE-DL-D,2025-08-27 06:07:00+02:00,2025-08-27 06:07:08+02:00,7,-17.81257754,177.43720812,-17.81264573,177.43695011,ECI:1064992.0,1064992.0,469.0,1850.0,3.0,0.006208,1.949168,,,,82.77,75.59285714285714,99.98,93.62142857142858,61.74,53.56,0,7,0,6,radio_limited_degradation,normal,radio,statistical_only_retained,8.0,9.0,7.0,0.7777777777777778,2.0,5.0,17.764220368883556,0.0,0.8571428571428571,6,7,True,50.42,86.0,52.83,71.07,Critical,Medium,True,True,critical_impact_with_verified_direct_evidence,True,critical_verified_direct_evidence_override,High,INC-000753,"new:gap=7.0s,dist=21.646037450996584m,cell=True,family=True"
LTE-TP-EP-001070,542020041221088+20250827161154+Fiji-Nadi-LTE-DL-D!20250827160820,Fiji-Nadi-LTE-DL-D,2025-08-27 06:07:19+02:00,2025-08-27 06:07:20+02:00,2,-17.81276194,177.43687952,-17.8127826,177.4368986,ECI:1071676.0,1071676.0,393.0,40790.0,41.0,0.002096,0.002396,,,,81.17,80.81,99.99,99.99,58.17,57.365,0,2,0,2,radio_limited_degradation,normal,radio,statistical_only_retained,1.0,2.0,2.0,1.0,0.0,2.0,4.51743246852569,0.0,1.0,2,2,True,29.5,82.37,53.43,69.34,Critical,Medium,True,True,critical_impact_with_verified_direct_evidence,True,critical_verified_direct_evidence_override,High,INC-000754,"new:gap=11.0s,dist=14.927256907320007m,cell=False,family=True"
LTE-TP-EP-001071,542020041221088+20250827161154+Fiji-Nadi-LTE-DL-D!20250827160820,Fiji-Nadi-LTE-DL-D,2025-08-27 06:07:24+02:00,2025-08-27 06:07:24+02:00,1,-17.81281855,177.43693058,-17.81281855,177.43693058,ECI:1071647.0,1071647.0,148.0,40790.0,41.0,0.83376,0.83376,,,,78.99,78.99,97.08,97.08,56.88,56.88,0,1,0,1,radio_limited_degradation,normal,radio,statistical_only_retained,0.0,1.0,1.0,1.0,0.0,1.0,0.0362657495747895,0.0,1.0,1,1,True,22.25,78.37,52.66,66.8,High,Medium,True,False,,True,priority_and_confidence_gate,High,INC-000755,"new:gap=4.0s,dist=5.238476842734772m,cell=False,family=True"
LTE-TP-EP-001072,542020041221088+20250827161154+Fiji-Nadi-LTE-DL-D!20250827160820,Fiji-Nadi-LTE-DL-D,2025-08-27 06:07:27+02:00,2025-08-27 06:07:27+02:00,1,-17.81285664,177.43696108,-17.81285664,177.43696108,ECI:1064765.0,1064765.0,148.0,40790.0,41.0,5.1574,5.1574,49.4498,44.2924,0.10429566954770292,68.32,68.32,69.62,69.62,66.72,66.72,0,1,0,1,ca_underperformance,normal,capability,statistical_only_retained,0.0,1.0,1.0,1.0,0.0,1.0,1.7006359853972424,0.0,1.0,1,0,False,22.25,57.78,60.04,58.8,High,High,True,False,,True,priority_and_confidence_gate,Medium,INC-000756,"new:gap=3.0s,dist=5.325820928454505m,cell=False,family=False"
LTE-TP-EP-001073,542020041221088+20250827161154+Fiji-Nadi-LTE-DL-D!20250827160820,Fiji-Nadi-LTE-DL-D,2025-08-27 06:07:34+02:00,2025-08-27 06:07:34+02:00,1,-17.81295508,177.43703998,-17.81295508,177.43703998,ECI:1071637.0,1071637.0,148.0,40790.0,41.0,1.384104,1.384104,,,,77.03,77.03,95.16,95.16,54.86,54.86,0,1,0,1,radio_limited_degradation,normal,radio,statistical_only_retained,0.0,1.0,1.0,1.0,0.0,1.0,1.9552477750163086,0.0,1.0,1,1,True,22.25,76.93,51.14,65.33,High,Medium,True,False,,True,priority_and_confidence_gate,High,INC-000757,"new:gap=7.0s,dist=13.768934180890172m,cell=False,family=False"
LTE-TP-EP-001074,542020041221088+20250827161154+Fiji-Nadi-LTE-DL-D!20250827160820,Fiji-Nadi-LTE-DL-D,2025-08-27 06:07:35+02:00,2025-08-27 06:07:35+02:00,1,-17.81296941,177.43705127,-17.81296941,177.43705127,ECI:1071647.0,1071647.0,395.0,500.0,1.0,0.487752,0.487752,,,,84.49,84.49,98.29,98.29,67.62,67.62,0,1,0,0,radio_limited_degradation,normal,radio,statistical_only_retained,0.0,1.0,1.0,1.0,0.0,1.0,1.991865925406692,0.0,0.0,0,1,True,22.25,79.28,50.72,66.43,High,Medium,True,False,,True,priority_and_confidence_gate,High,INC-000758,"new:gap=1.0s,dist=1.9918659261604597m,cell=False,family=True"
LTE-TP-EP-001075,542020041221088+20250827161154+Fiji-Nadi-LTE-DL-D!20250827160820,Fiji-Nadi-LTE-DL-D,2025-08-27 06:07:47+02:00,2025-08-27 06:07:48+02:00,2,-17.8131696,177.4372153,-17.8131881,177.4372316,ECI:1064755.0,1064755.0,148.0,41186.0,41.0,0.586208,1.79568,,,,80.54,78.08000000000001,97.95,93.715,59.26,58.965,0,2,0,2,radio_limited_degradation,normal,radio,statistical_only_retained,1.0,2.0,2.0,1.0,0.0,2.0,5.517293477707563,0.0,1.0,2,2,True,29.5,79.78,54.37,68.35,High,Medium,True,False,,True,priority_and_confidence_gate,High,INC-000759,"new:gap=12.0s,dist=28.23215771066675m,cell=False,family=True"
LTE-TP-EP-001077,542020041221088+20250827161234+Fiji-Nadi-LTE-DL-D!20250827161029,Fiji-Nadi-LTE-DL-D,2025-08-27 06:08:27+02:00,2025-08-27 06:08:27+02:00,1,-17.8138109,177.4377673,-17.8138109,177.4377673,ECI:1070110.0,1070110.0,395.0,1850.0,3.0,5.153832,5.153832,53.8361855,48.6823535,0.09573174533325732,74.26,74.26,72.31,72.31,76.64,76.64,0,1,0,1,ca_underperformance,normal,capability,statistical_only_retained,0.0,1.0,1.0,1.0,0.0,1.0,6.070440560300057,0.0,1.0,1,0,False,22.25,59.8,67.48,63.25,High,High,True,False,,True,priority_and_confidence_gate,Medium,INC-000760,new_session_or_first_episode
LTE-TP-EP-001078,542020041221088+20250827161234+Fiji-Nadi-LTE-DL-D!20250827161029,Fiji-Nadi-LTE-DL-D,2025-08-27 06:08:29+02:00,2025-08-27 06:08:30+02:00,2,-17.81383296,177.43778797,-17.81385373,177.43780725,ECI:1064765.0,1064765.0,148.0,40790.0,41.0,6.340096,8.215848,49.4498,43.109704,0.12821277335803177,65.66,61.025,66.15,60.655,65.07,61.485,0,2,0,2,ca_underperformance,normal,capability,statistical_only_retained,1.0,2.0,2.0,1.0,0.0,2.0,6.255134015412008,0.0,1.0,2,1,True,29.5,55.61,57.91,56.65,High,Medium,True,False,,True,priority_and_confidence_gate,Medium,INC-000761,"new:gap=2.0s,dist=3.2871384106862775m,cell=False,family=True"
LTE-TP-EP-001079,542020041221088+20250827161234+Fiji-Nadi-LTE-DL-D!20250827161029,Fiji-Nadi-LTE-DL-D,2025-08-27 06:08:31+02:00,2025-08-27 06:08:36+02:00,4,-17.81387332,177.43782653,-17.81397366,177.43792649,ECI:1070110.0,1070110.0,332.0,1850.0,3.0,3.362592,4.922988,27.996896250000002,23.413608250000003,0.1637070037718913,79.41,65.3075,88.23,75.74000000000001,68.64,52.5575,0,4,0,3,radio_limited_degradation,normal,radio,statistical_only_retained,5.0,6.0,4.0,0.6666666666666666,2.0,3.0,8.816928996289219,0.0,0.75,3,3,True,33.0,71.3,54.96,63.95,High,Medium,True,False,,True,priority_and_confidence_gate,Medium,INC-000762,"new:gap=1.0s,dist=2.9851213075260494m,cell=False,family=False"
LTE-TP-EP-001080,542020041221088+20250827161234+Fiji-Nadi-LTE-DL-D!20250827161029,Fiji-Nadi-LTE-DL-D,2025-08-27 06:08:40+02:00,2025-08-27 06:08:55+02:00,9,-17.81407164,177.43801328,-17.81457821,177.43845215,ECI:1071647.0,1071647.0,395.0,1850.0,3.0,1.2584879,3.93168,53.8361855,49.5804015,0.07905062293092813,86.11,75.07666666666667,95.6,82.80222222222223,78.14,65.63222222222223,0,9,0,2,radio_limited_degradation,normal,radio,statistical_only_retained,15.0,16.0,9.0,0.5625,7.0,4.0,43.329317018904334,0.0,0.2222222222222222,2,8,True,43.69,79.42,57.7,69.65,High,Medium,True,False,,True,priority_and_confidence_gate,High,INC-000763,"new:gap=4.0s,dist=14.251896181380944m,cell=False,family=True"
LTE-TP-EP-001081,542020041221088+20250827161234+Fiji-Nadi-LTE-DL-D!20250827161029,Fiji-Nadi-LTE-DL-D,2025-08-27 06:08:56+02:00,2025-08-27 06:08:57+02:00,2,-17.81461707,177.43848557,-17.81465411,177.43851541,ECI:1064758.0,1064758.0,148.0,1850.0,3.0,5.388552,6.3659680000000005,38.729599,31.386215,0.18960650741568486,65.16,63.955,81.14,68.295,71.68,58.650000000000006,0,2,0,2,ca_underperformance,normal,capability,statistical_only_retained,1.0,2.0,2.0,1.0,0.0,2.0,10.775282031229924,0.0,1.0,2,1,True,29.5,65.02,60.5,62.99,High,High,True,False,,True,priority_and_confidence_gate,Medium,INC-000764,"new:gap=1.0s,dist=5.584668987558328m,cell=False,family=False"
LTE-TP-EP-001082,542020041221088+20250827161234+Fiji-Nadi-LTE-DL-D!20250827161029,Fiji-Nadi-LTE-DL-D,2025-08-27 06:09:02+02:00,2025-08-27 06:09:03+02:00,2,-17.81484724,177.43867147,-17.81488687,177.43869957,ECI:1071647.0,1071647.0,148.0,1850.0,3.0,2.2138,3.437712,,,,76.3,72.055,92.25,87.965,56.8,52.605,0,2,0,2,radio_limited_degradation,normal,radio,statistical_only_retained,1.0,2.0,2.0,1.0,0.0,2.0,5.472785540973986,0.0,1.0,2,2,True,29.5,75.49,51.55,64.72,High,Medium,True,False,,True,priority_and_confidence_gate,Medium,INC-000765,"new:gap=5.0s,dist=27.094736511271726m,cell=False,family=False"
LTE-TP-EP-001083,542020041221088+20250827161234+Fiji-Nadi-LTE-DL-D!20250827161029,Fiji-Nadi-LTE-DL-D,2025-08-27 06:09:04+02:00,2025-08-27 06:09:04+02:00,1,-17.8149557,177.4387513,-17.8149557,177.4387513,ECI:1070150.0,1070150.0,330.0,9310.0,28.0,1.465728,1.465728,,,,72.69,72.69,94.87,94.87,45.59,45.59,0,1,0,1,radio_limited_degradation,normal,radio,statistical_only_retained,0.0,1.0,1.0,1.0,0.0,1.0,9.410997081300517,0.0,1.0,1,1,True,22.25,76.72,44.19,62.08,High,Medium,True,False,,True,priority_and_confidence_gate,Medium,INC-000766,"new:gap=1.0s,dist=9.410997079917783m,cell=False,family=True"
LTE-TP-EP-001085,542020041221088+20250827161234+Fiji-Nadi-LTE-DL-D!20250827161029,Fiji-Nadi-LTE-DL-D,2025-08-27 06:09:08+02:00,2025-08-27 06:09:10+02:00,2,-17.8150051,177.4388001,-17.8150079,177.43881768,ECI:1064755.0,1064755.0,148.0,1850.0,3.0,0.33012798,1.7017239899999999,,,,84.87,78.275,98.84,94.03999999999999,67.79,59.0,0,2,0,2,radio_limited_degradation,normal,radio,statistical_only_retained,2.0,3.0,2.0,0.6666666666666666,1.0,1.0,1.635536209877522,0.0,1.0,2,2,True,18.5,77.56,58.64,69.05,High,Medium,True,False,,True,priority_and_confidence_gate,High,INC-000767,"new:gap=4.0s,dist=7.54070955373397m,cell=False,family=True"
LTE-TP-EP-001090,542020041221088+20250827161234+Fiji-Nadi-LTE-DL-D!20250827161029,Fiji-Nadi-LTE-DL-D,2025-08-27 06:10:03+02:00,2025-08-27 06:10:06+02:00,2,-17.81437508,177.44222156,-17.81432011,177.44235064,ECI:1064755.0,1064755.0,148.0,41186.0,41.0,0.940504,3.452044,41.037212749999995,35.07362875,0.145321370540693,82.04,75.445,96.71,79.16,77.7,70.9,0,2,0,2,ca_underperformance,normal,capability,statistical_only_retained,3.0,4.0,2.0,0.5,2.0,1.0,10.392493080359706,0.0,1.0,2,1,True,16.0,72.15,66.57,69.64,High,High,True,False,,True,priority_and_confidence_gate,High,INC-000768,"new:gap=53.0s,dist=367.15237417123876m,cell=True,family=False"
LTE-TP-EP-001091,542020041221088+20250827161234+Fiji-Nadi-LTE-DL-D!20250827161029,Fiji-Nadi-LTE-DL-D,2025-08-27 06:10:14+02:00,2025-08-27 06:10:15+02:00,2,-17.81422479,177.44262569,-17.8142138,177.4426952,ECI:1064992.0,1064992.0,469.0,1850.0,3.0,0.866408,2.2522320000000002,53.8361855,50.1981295,0.06757640732180031,84.1,81.10499999999999,96.97,86.78999999999999,79.94,74.155,0,2,0,1,ca_underperformance,normal,capability,statistical_only_retained,1.0,2.0,2.0,1.0,0.0,2.0,7.572097493093785,0.0,0.5,1,1,True,29.5,77.56,63.51,71.24,High,High,True,False,,True,priority_and_confidence_gate,High,INC-000769,"new:gap=8.0s,dist=30.986885519419634m,cell=False,family=True"
LTE-TP-EP-001092,542020041221088+20250827161234+Fiji-Nadi-LTE-DL-D!20250827161029,Fiji-Nadi-LTE-DL-D,2025-08-27 06:10:21+02:00,2025-08-27 06:10:26+02:00,4,-17.81414321,177.44292054,-17.81405576,177.44316901,ECI:1064992.0,1064992.0,469.0,1850.0,3.0,1.416504,2.324608,,,,81.57,77.8175,95.04,89.8575,65.1,63.0975,0,4,0,1,radio_limited_degradation,normal,radio,statistical_only_retained,5.0,6.0,4.0,0.6666666666666666,2.0,2.0,16.678466724056417,0.0,0.25,1,4,True,27.0,76.73,50.82,65.07,High,Medium,True,False,,True,priority_and_confidence_gate,High,INC-000770,"new:gap=6.0s,dist=25.11348969863158m,cell=True,family=False"
LTE-TP-EP-001093,542020041221088+20250827161314+Fiji-Nadi-LTE-DL-D!20250827161239,Fiji-Nadi-LTE-DL-D,2025-08-27 06:10:37+02:00,2025-08-27 06:10:37+02:00,1,-17.81389423,177.44371538,-17.81389423,177.44371538,ECI:1064992.0,1064992.0,469.0,1850.0,3.0,4.371696,4.371696,,,,67.12,67.12,54.7,54.7,82.3,82.3,0,1,0,1,radio_limited_degradation,normal,radio,statistical_only_retained,0.0,1.0,1.0,1.0,0.0,1.0,5.001000141991972,0.0,1.0,1,1,True,22.25,46.59,71.72,57.9,Medium,High,True,False,,True,priority_and_confidence_gate,Medium,INC-000771,new_session_or_first_episode
LTE-TP-EP-001096,542020041221088+20250827161314+Fiji-Nadi-LTE-DL-D!20250827161239,Fiji-Nadi-LTE-DL-D,2025-08-27 06:12:04+02:00,2025-08-27 06:12:04+02:00,1,-17.8135828,177.4475744,-17.8135828,177.4475744,ECI:1065025.0,1065025.0,469.0,40988.0,41.0,30.497889,30.497889,111.79482125,81.29693225,0.27280234145908616,64.35,64.35,59.09,59.09,70.78,70.78,0,1,0,1,rb_conditioned_underperformance,normal,capability,statistical_only_retained,0.0,1.0,1.0,1.0,0.0,1.0,5.487967750150844,0.0,1.0,1,0,False,22.25,49.88,63.08,55.82,Medium,High,True,False,,True,priority_and_confidence_gate,Medium,INC-000772,"new:gap=87.0s,dist=409.9961741066611m,cell=False,family=False"
LTE-TP-EP-001098,542020041221088+20250828102346+Fiji-Nadi-LTE-DL-D!20250828102312,Fiji-Nadi-LTE-DL-D,2025-08-28 00:21:34+02:00,2025-08-28 00:21:34+02:00,1,-17.737185,177.4599082,-17.737185,177.4599082,ECI:1071136.0,1071136.0,338.0,1850.0,3.0,3.703504,3.703504,47.8287254036583,44.125221403658294,0.07743263005116019,76.8,76.8,78.33,78.33,74.93,74.93,0,1,0,1,radio_limited_degradation,normal,temporal,statistical_only_retained,0.0,1.0,1.0,1.0,0.0,1.0,0.0,0.0,1.0,1,1,True,22.25,64.31,66.2,65.16,High,High,True,False,,True,priority_and_confidence_gate,High,INC-000773,new_session_or_first_episode
LTE-TP-EP-001099,542020041221088+20250828102346+Fiji-Nadi-LTE-DL-D!20250828102312,Fiji-Nadi-LTE-DL-D,2025-08-28 00:21:43+02:00,2025-08-28 00:21:44+02:00,2,-17.737185,177.4599081,-17.737185,177.4599081,ECI:1071136.0,1071136.0,338.0,1850.0,3.0,0.0092319995,3.10555999975,54.27980504168722,48.077917041687215,0.00020344680602325544,84.63,83.345,86.13,80.91499999999999,89.84,86.32,0,2,0,2,ca_underperformance,ml_quantile_p75_resource_underperformance,temporal,statistical_only_retained,1.0,2.0,2.0,1.0,0.0,2.0,0.0,0.0,1.0,2,1,True,29.5,70.67,76.5,73.29,High,High,True,False,,True,priority_and_confidence_gate,High,INC-000774,"new:gap=9.0s,dist=0.010590930049458231m,cell=True,family=True"
LTE-TP-EP-001101,542020041221088+20250828102346+Fiji-Nadi-LTE-DL-D!20250828102312,Fiji-Nadi-LTE-DL-D,2025-08-28 00:22:00+02:00,2025-08-28 00:22:02+02:00,3,-17.7371848,177.4599081,-17.7371848,177.4599081,ECI:1071136.0,1071136.0,338.0,1850.0,3.0,0.04236,0.066208,103.049195,94.839475,0.0009632570641125346,91.8,86.77666666666666,85.49,85.33666666666666,100.0,88.53333333333335,1,2,0,3,radio_limited_degradation,normal,temporal,statistical_only_retained,2.0,3.0,3.0,1.0,0.0,3.0,0.0,33.33333333333333,1.0,3,3,True,36.75,73.27,87.13,79.51,High,Very High,True,False,,True,priority_and_confidence_gate,High,INC-000775,"new:gap=16.0s,dist=0.022239015922442505m,cell=True,family=True"
LTE-TP-EP-001102,542020041221088+20250828102346+Fiji-Nadi-LTE-DL-D!20250828102312,Fiji-Nadi-LTE-DL-D,2025-08-28 00:22:11+02:00,2025-08-28 00:22:12+02:00,2,-17.7371848,177.4599081,-17.7371848,177.4599081,ECI:1071136.0,1071136.0,338.0,1850.0,3.0,0.028304,0.05078,39.20204,39.173736,0.0007220032426883908,83.25,82.72,83.61,83.38499999999999,82.8,81.9,0,2,0,2,radio_limited_degradation,normal,temporal,statistical_only_retained,1.0,2.0,2.0,1.0,0.0,2.0,0.0,0.0,1.0,2,1,True,29.5,70.03,71.88,70.86,High,High,True,False,,True,priority_and_confidence_gate,High,INC-000776,"new:gap=9.0s,dist=0.0m,cell=True,family=True"
LTE-TP-EP-001103,542020041221088+20250828102346+Fiji-Nadi-LTE-DL-D!20250828102312,Fiji-Nadi-LTE-DL-D,2025-08-28 00:22:24+02:00,2025-08-28 00:22:27+02:00,4,-17.7371848,177.4599081,-17.7371848,177.4599081,ECI:1071136.0,1071136.0,338.0,1850.0,3.0,0.018632,0.047644000000000006,17.91372923736067,17.89509723736067,0.0010400961046760332,87.2,81.88,90.8,81.8625,82.8,81.9,0,4,0,4,radio_limited_degradation,normal,radio,statistical_only_retained,3.0,4.0,4.0,1.0,0.0,4.0,0.0,0.0,1.0,4,2,True,44.0,76.87,71.88,74.62,High,High,True,False,,True,priority_and_confidence_gate,High,INC-000777,"new:gap=12.0s,dist=0.0m,cell=True,family=True"
LTE-TP-EP-001104,542020041221088+20250828102346+Fiji-Nadi-LTE-DL-D!20250828102312,Fiji-Nadi-LTE-DL-D,2025-08-28 00:22:41+02:00,2025-08-28 00:22:43+02:00,3,-17.7371848,177.459908,-17.7371848,177.459908,ECI:1071136.0,1071136.0,338.0,1850.0,3.0,0.1352,0.358208,28.444339610412545,25.08956629597248,0.005997568758059276,79.62,71.45666666666666,77.02,67.40666666666667,82.8,76.40666666666667,0,3,0,3,rolling_local_drop,normal,temporal,statistical_only_retained,2.0,3.0,3.0,1.0,0.0,3.0,0.01059093046244363,0.0,1.0,3,1,True,36.75,64.55,70.5,67.23,High,High,True,False,,True,priority_and_confidence_gate,High,INC-000778,"new:gap=14.0s,dist=0.01059093006128309m,cell=True,family=False"
LTE-TP-EP-001105,542020041221088+20250828102346+Fiji-Nadi-LTE-DL-D!20250828102312,Fiji-Nadi-LTE-DL-D,2025-08-28 00:22:56+02:00,2025-08-28 00:22:57+02:00,2,-17.7371849,177.4599081,-17.7371849,177.4599081,ECI:1071136.0,1071136.0,338.0,1850.0,3.0,0.28576,4.276316,53.8361855,45.5693135,0.008429929803222483,85.27,76.845,80.77,72.13,90.78,82.61,0,2,0,2,ca_underperformance,normal,capability,statistical_only_retained,1.0,2.0,2.0,1.0,0.0,2.0,0.0,0.0,1.0,2,0,False,29.5,65.79,76.04,70.4,High,High,True,False,,True,priority_and_confidence_gate,High,INC-000779,"new:gap=13.0s,dist=0.015356147071042487m,cell=True,family=False"
LTE-TP-EP-001106,542020041221088+20250828102346+Fiji-Nadi-LTE-DL-D!20250828102312,Fiji-Nadi-LTE-DL-D,2025-08-28 00:23:07+02:00,2025-08-28 00:23:07+02:00,1,-17.7371849,177.4599081,-17.7371849,177.4599081,ECI:1071136.0,1071136.0,338.0,1850.0,3.0,0.013384,0.013384,41.656815,41.643431,0.00032129196627250545,83.81,83.81,84.63,84.63,82.8,82.8,0,1,0,1,radio_limited_degradation,normal,temporal,statistical_only_retained,0.0,1.0,1.0,1.0,0.0,1.0,0.0,0.0,1.0,1,1,True,22.25,69.04,72.1,70.41,High,High,True,False,,True,priority_and_confidence_gate,High,INC-000780,"new:gap=10.0s,dist=0.0m,cell=True,family=False"
LTE-TP-EP-001107,542020041221088+20250828102746+Fiji-Nadi-LTE-DL-D!20250828102524,Fiji-Nadi-LTE-DL-D,2025-08-28 00:23:27+02:00,2025-08-28 00:23:28+02:00,2,-17.7371849,177.459908,-17.7371849,177.459908,ECI:1071136.0,1071136.0,338.0,1850.0,3.0,0.014536,5.977752,101.60060999999999,89.65964199999999,0.0003576592559895192,88.02,85.8,84.22,81.22,100.0,91.4,1,1,0,2,ca_underperformance,ml_quantile_p75_resource_underperformance,resource,statistical_and_ml_consensus,1.0,2.0,2.0,1.0,0.0,2.0,0.0,50.0,1.0,2,1,True,29.5,69.79,90.35,79.04,High,Very High,True,False,,True,priority_and_confidence_gate,High,INC-000781,new_session_or_first_episode
LTE-TP-EP-001108,542020041221088+20250828102746+Fiji-Nadi-LTE-DL-D!20250828102524,Fiji-Nadi-LTE-DL-D,2025-08-28 00:23:38+02:00,2025-08-28 00:23:42+02:00,5,-17.737185,177.459908,-17.7371849,177.459908,ECI:1071136.0,1071136.0,338.0,1850.0,3.0,0.010752,3.649896,96.10842114583129,78.37158114583129,0.0003270894154848202,95.92,82.442,94.23,76.066,100.0,90.23400000000001,1,4,0,5,ca_underperformance,normal,temporal,statistical_only_retained,4.0,5.0,5.0,1.0,0.0,5.0,0.02171043858867104,20.0,1.0,5,1,True,51.25,78.94,85.56,81.92,High,Very High,True,False,,True,priority_and_confidence_gate,High,INC-000782,"new:gap=10.0s,dist=0.01111950813805227m,cell=True,family=True"
LTE-TP-EP-001109,542020041221088+20250828102746+Fiji-Nadi-LTE-DL-D!20250828102524,Fiji-Nadi-LTE-DL-D,2025-08-28 00:23:51+02:00,2025-08-28 00:23:54+02:00,4,-17.737185,177.459908,-17.737185,177.459908,ECI:1071136.0,1071136.0,338.0,1850.0,3.0,0.000664,2.3934119000000003,103.049195,98.2906672,1.937100819387812e-05,94.03,82.505,91.36,76.595,99.6,89.725,1,3,0,4,ca_underperformance,ml_quantile_p75_resource_underperformance,temporal,statistical_only_retained,3.0,4.0,4.0,1.0,0.0,4.0,0.011119508138052268,25.0,1.0,4,1,True,44.0,75.83,85.98,80.4,High,Very High,True,False,,True,priority_and_confidence_gate,High,INC-000783,"new:gap=9.0s,dist=0.01111950813805227m,cell=True,family=True"
LTE-TP-EP-001110,542020041221088+20250828102746+Fiji-Nadi-LTE-DL-D!20250828102524,Fiji-Nadi-LTE-DL-D,2025-08-28 00:24:04+02:00,2025-08-28 00:24:04+02:00,1,-17.737185,177.4599079,-17.737185,177.4599079,ECI:1071136.0,1071136.0,338.0,1850.0,3.0,0.001,0.001,41.316935,41.315935,2.4203150596722628e-05,83.75,83.75,84.52,84.52,82.8,82.8,0,1,0,1,radio_limited_degradation,normal,temporal,statistical_only_retained,0.0,1.0,1.0,1.0,0.0,1.0,0.0,0.0,1.0,1,1,True,22.25,68.95,72.1,70.37,High,High,True,False,,True,priority_and_confidence_gate,High,INC-000784,"new:gap=10.0s,dist=0.010590933059581777m,cell=True,family=True"
LTE-TP-EP-001111,542020041221088+20250828102746+Fiji-Nadi-LTE-DL-D!20250828102524,Fiji-Nadi-LTE-DL-D,2025-08-28 00:24:13+02:00,2025-08-28 00:24:16+02:00,4,-17.737185,177.4599079,-17.7371761,177.4599083,ECI:1071136.0,1071136.0,338.0,1850.0,3.0,0.00208,3.722156,103.049195,77.700875,8.862457744877323e-05,85.44,78.85249999999999,81.34,73.89750000000001,90.45,84.91,0,4,0,4,radio_limited_degradation,normal,capability,statistical_only_retained,3.0,4.0,4.0,1.0,0.0,4.0,1.0019400023510354,0.0,1.0,4,2,True,44.0,70.14,76.45,72.98,High,High,True,False,,True,priority_and_confidence_gate,High,INC-000785,"new:gap=9.0s,dist=0.0m,cell=True,family=True"
LTE-TP-EP-001112,542020041221088+20250828102746+Fiji-Nadi-LTE-DL-D!20250828102524,Fiji-Nadi-LTE-DL-D,2025-08-28 00:24:27+02:00,2025-08-28 00:24:28+02:00,2,-17.7370615,177.4599267,-17.7370389,177.4599312,ECI:1068318.0,1068318.0,49.0,1850.0,3.0,0.02848,2.008816,53.8361855,49.8470335,0.002949693470394854,83.66,73.67,75.61,68.43,93.49,80.07499999999999,0,2,0,2,rb_efficiency_underperformance,normal,capability,statistical_only_retained,1.0,2.0,2.0,1.0,0.0,2.0,5.287120445366421,0.0,1.0,2,1,True,29.5,62.29,76.76,68.8,High,High,True,False,,True,priority_and_confidence_gate,High,INC-000786,"new:gap=11.0s,dist=12.891101149886174m,cell=False,family=True"
LTE-TP-EP-001115,542020041221088+20250828102746+Fiji-Nadi-LTE-DL-D!20250828102524,Fiji-Nadi-LTE-DL-D,2025-08-28 00:24:48+02:00,2025-08-28 00:24:48+02:00,1,-17.7359655,177.4604803,-17.7359655,177.4604803,ECI:1066294.0,1066294.0,487.0,41384.0,41.0,2.689704,2.689704,22.817810950148594,20.128106950148595,0.11787738998611012,72.73,72.73,67.86,67.86,78.69,78.69,0,1,0,1,sudden_drop,normal,temporal,statistical_only_retained,0.0,1.0,1.0,1.0,0.0,1.0,11.5037655644092,0.0,1.0,1,0,False,22.25,56.46,69.02,62.11,High,High,True,False,,True,priority_and_confidence_gate,Medium,INC-000787,"new:gap=20.0s,dist=132.77067478615857m,cell=False,family=False"
LTE-TP-EP-001116,542020041221088+20250828102746+Fiji-Nadi-LTE-DL-D!20250828102524,Fiji-Nadi-LTE-DL-D,2025-08-28 00:25:22+02:00,2025-08-28 00:25:22+02:00,1,-17.7332225,177.4592847,-17.7332225,177.4592847,ECI:1066294.0,1066294.0,487.0,41384.0,41.0,0.256704,0.256704,22.392479472538263,22.135775472538263,0.011463848847771288,76.59,76.59,76.06,76.06,77.23,77.23,0,1,0,1,sudden_drop,normal,temporal,statistical_only_retained,0.0,1.0,1.0,1.0,0.0,1.0,25.36878356262919,0.0,1.0,1,0,False,22.25,62.61,67.92,65.0,High,High,True,False,,True,priority_and_confidence_gate,High,INC-000788,"new:gap=34.0s,dist=330.2489075494417m,cell=True,family=True"
LTE-TP-EP-001117,542020041221088+20250828103047+Fiji-Nadi-LTE-DL-D!20250828102736,Fiji-Nadi-LTE-DL-D,2025-08-28 00:25:39+02:00,2025-08-28 00:25:40+02:00,2,-17.73227077,177.4574637,-17.7321309,177.4572045,ECI:1066294.0,1066294.0,487.0,41384.0,41.0,0.080152,6.1761,105.95971,93.687662,0.004362739019527675,87.84,82.66,77.9,75.515,100.0,91.4,1,1,0,2,ca_underperformance,ml_quantile_p75_resource_underperformance,capability,statistical_and_ml_consensus,1.0,2.0,2.0,1.0,0.0,2.0,47.25509831254432,50.0,1.0,2,1,True,29.5,65.2,90.35,76.52,High,Very High,True,False,,True,priority_and_confidence_gate,High,INC-000789,new_session_or_first_episode
LTE-TP-EP-001118,542020041221088+20250828103047+Fiji-Nadi-LTE-DL-D!20250828102736,Fiji-Nadi-LTE-DL-D,2025-08-28 00:25:50+02:00,2025-08-28 00:25:51+02:00,2,-17.73152176,177.45604137,-17.73145158,177.45590734,ECI:1066294.0,1066294.0,487.0,41384.0,41.0,12.018208,13.09558,64.03671244331372,49.863760443313716,0.22132541567536146,72.81,66.16,63.44,58.065,84.27,76.055,0,2,0,2,rolling_local_drop,normal,temporal,statistical_only_retained,1.0,2.0,2.0,1.0,0.0,2.0,31.999077023738604,0.0,1.0,2,0,False,29.5,53.61,71.15,61.5,Medium,High,True,False,,True,priority_and_confidence_gate,Medium,INC-000790,"new:gap=10.0s,dist=140.58300003334134m,cell=True,family=False"
LTE-TP-EP-001120,542020041221088+20250828103047+Fiji-Nadi-LTE-DL-D!20250828102736,Fiji-Nadi-LTE-DL-D,2025-08-28 00:26:18+02:00,2025-08-28 00:26:20+02:00,3,-17.728182,177.4539678,-17.7279807,177.4539028,ECI:1066294.0,1066294.0,487.0,41384.0,41.0,0.124352,1.213984,17.355182631642045,16.141198631642045,0.010206380371530033,73.97,72.85666666666667,65.75,63.36000000000001,90.11,84.46333333333332,0,3,0,3,rolling_local_drop,normal,temporal,statistical_only_retained,2.0,3.0,3.0,1.0,0.0,3.0,36.158840392597135,0.0,1.0,3,1,True,36.75,57.9,76.17,66.12,High,High,True,False,,True,priority_and_confidence_gate,High,INC-000791,"new:gap=27.0s,dist=417.5831473991117m,cell=True,family=True"
LTE-TP-EP-001122,542020041221088+20250828103047+Fiji-Nadi-LTE-DL-D!20250828102736,Fiji-Nadi-LTE-DL-D,2025-08-28 00:26:40+02:00,2025-08-28 00:26:41+02:00,2,-17.725638,177.453113,-17.7255222,177.4530729,ECI:1066294.0,1066294.0,487.0,41384.0,41.0,0.295864,2.1162360000000002,28.771703513111607,27.551866000434323,0.010624348914449602,79.48,78.75,78.23,72.92,90.74,85.87,0,2,0,2,rolling_local_drop,normal,temporal,statistical_only_retained,1.0,2.0,2.0,1.0,0.0,2.0,42.64089522384478,0.0,1.0,2,0,False,29.5,64.72,76.84,70.17,High,High,True,False,,True,priority_and_confidence_gate,High,INC-000792,"new:gap=20.0s,dist=273.59860694205406m,cell=True,family=True"
LTE-TP-EP-001123,542020041221088+20250828103047+Fiji-Nadi-LTE-DL-D!20250828102736,Fiji-Nadi-LTE-DL-D,2025-08-28 00:26:53+02:00,2025-08-28 00:26:53+02:00,1,-17.7241782,177.4525979,-17.7241782,177.4525979,ECI:1066294.0,1066294.0,487.0,41384.0,41.0,0.066872,0.066872,42.76088588735288,42.69401388735288,0.001563859087862778,83.98,83.98,84.94,84.94,82.8,82.8,0,1,0,1,radio_limited_degradation,normal,temporal,statistical_only_retained,0.0,1.0,1.0,1.0,0.0,1.0,27.417058020287023,0.0,1.0,1,1,True,22.25,69.27,72.1,70.54,High,High,True,False,,True,priority_and_confidence_gate,High,INC-000793,"new:gap=12.0s,dist=157.68734179518356m,cell=True,family=True"
LTE-TP-EP-001124,542020041221088+20250828103047+Fiji-Nadi-LTE-DL-D!20250828102736,Fiji-Nadi-LTE-DL-D,2025-08-28 00:27:01+02:00,2025-08-28 00:27:02+02:00,2,-17.7232042,177.4522579,-17.7230847,177.4522186,ECI:1066294.0,1066294.0,487.0,41384.0,41.0,0.149344,3.909068,43.780502372601326,43.63115837260133,0.0034111988649418133,83.28,76.36,85.14,75.325,81.0,77.62,0,2,0,2,rolling_local_drop,normal,temporal,statistical_only_retained,1.0,2.0,2.0,1.0,0.0,2.0,41.525907332085744,0.0,1.0,2,0,False,29.5,68.78,69.9,69.28,High,High,True,False,,True,priority_and_confidence_gate,High,INC-000794,"new:gap=8.0s,dist=114.13419025028654m,cell=True,family=True"
LTE-TP-EP-001125,542020041221088+20250828103047+Fiji-Nadi-LTE-DL-D!20250828102736,Fiji-Nadi-LTE-DL-D,2025-08-28 00:27:15+02:00,2025-08-28 00:27:16+02:00,2,-17.72157045,177.45223932,-17.7213507,177.4523866,ECI:1066294.0,1066294.0,487.0,41384.0,41.0,0.030136,0.24781999999999998,29.941452203415995,29.475948203415996,0.0013113574874908458,84.13,81.895,78.6,77.845,90.88,86.84,0,2,0,2,radio_limited_degradation,normal,temporal,statistical_only_retained,1.0,2.0,2.0,1.0,0.0,2.0,43.80701020968682,0.0,1.0,2,1,True,29.5,66.14,77.15,71.09,High,High,True,False,,True,priority_and_confidence_gate,High,INC-000795,"new:gap=13.0s,dist=168.39145196041133m,cell=True,family=True"
LTE-TP-EP-001126,542020041221088+20250828103047+Fiji-Nadi-LTE-DL-D!20250828102736,Fiji-Nadi-LTE-DL-D,2025-08-28 00:27:31+02:00,2025-08-28 00:27:32+02:00,2,-17.71986877,177.45344193,-17.7196384,177.4535854,ECI:1066294.0,1066294.0,487.0,41384.0,41.0,2.596864,4.667552000000001,33.48785292221453,26.749612922214528,0.11908648209661582,73.54,73.305,67.53,63.07,90.75,85.82,0,2,0,2,rolling_local_drop,normal,temporal,statistical_only_retained,1.0,2.0,2.0,1.0,0.0,2.0,29.815621253278728,0.0,1.0,2,0,False,29.5,56.91,76.83,65.87,High,High,True,False,,True,priority_and_confidence_gate,High,INC-000796,"new:gap=15.0s,dist=199.11861957613255m,cell=True,family=True"
LTE-TP-EP-001128,542020041221088+20250828103207+Fiji-Nadi-LTE-DL-D!20250828102946,Fiji-Nadi-LTE-DL-D,2025-08-28 00:27:51+02:00,2025-08-28 00:27:56+02:00,4,-17.7174622,177.45425718,-17.7169125,177.45399831,ECI:1066294.0,1066294.0,487.0,41384.0,41.0,0.010408,3.442816,31.249595149387666,24.382931149387666,0.0006262445837016935,76.38,73.845,71.17,63.332499999999996,91.64,86.6925,0,4,0,4,sudden_drop,normal,temporal,statistical_only_retained,5.0,6.0,4.0,0.6666666666666666,2.0,3.0,38.91799298397211,0.0,1.0,4,1,True,33.0,59.67,77.49,67.69,High,High,True,False,,True,priority_and_confidence_gate,High,INC-000797,new_session_or_first_episode
LTE-TP-EP-001130,542020041221088+20250828103207+Fiji-Nadi-LTE-DL-D!20250828102946,Fiji-Nadi-LTE-DL-D,2025-08-28 00:28:09+02:00,2025-08-28 00:28:09+02:00,1,-17.7152356,177.4531395,-17.7152356,177.4531395,ECI:1066294.0,1066294.0,487.0,41384.0,41.0,8.685808,8.685808,33.600826507725735,24.915018507725733,0.2584998317824979,72.22,72.22,57.22,57.22,90.56,90.56,0,1,0,1,sudden_drop,normal,temporal,statistical_only_retained,0.0,1.0,1.0,1.0,0.0,1.0,29.01118702201557,0.0,1.0,1,0,False,22.25,48.48,77.92,61.73,Medium,High,True,False,,True,priority_and_confidence_gate,Medium,INC-000798,"new:gap=13.0s,dist=207.4690322696069m,cell=True,family=True"
LTE-TP-EP-001133,542020041221088+20250828103207+Fiji-Nadi-LTE-DL-D!20250828102946,Fiji-Nadi-LTE-DL-D,2025-08-28 00:28:35+02:00,2025-08-28 00:28:36+02:00,2,-17.71302034,177.45067019,-17.7128797,177.4504174,ECI:1066294.0,1066294.0,487.0,41384.0,41.0,0.29232,0.31271199000000005,,,,77.47,77.4,89.98,89.905,62.19,62.125,0,2,0,1,radio_limited_degradation,normal,radio,statistical_only_retained,1.0,2.0,2.0,1.0,0.0,2.0,46.568020231227194,0.0,0.5,1,2,True,29.5,74.84,51.63,64.39,High,Medium,True,False,,True,priority_and_confidence_gate,Medium,INC-000799,"new:gap=26.0s,dist=359.28865072155037m,cell=True,family=False"
LTE-TP-EP-001136,542020041221088+20250828103427+Fiji-Nadi-LTE-DL-D!20250828103156,Fiji-Nadi-LTE-DL-D,2025-08-28 00:29:54+02:00,2025-08-28 00:29:54+02:00,1,-17.70734302,177.44063707,-17.70734302,177.44063707,ECI:1075519.0,1075519.0,315.0,40988.0,41.0,36.215305,36.215305,118.10928875,81.89398375,0.30662537538987594,70.35,70.35,57.11,57.11,86.53,86.53,0,1,0,1,rb_conditioned_underperformance,ml_quantile_p75_resource_underperformance,resource,statistical_only_retained,0.0,1.0,1.0,1.0,0.0,1.0,0.375926094987043,0.0,1.0,1,0,False,22.25,48.4,74.9,60.32,Medium,High,True,False,,True,priority_and_confidence_gate,Medium,INC-000800,new_session_or_first_episode
LTE-TP-EP-001139,542020041221088+20250828103607+Fiji-Nadi-LTE-DL-D!20250828103408,Fiji-Nadi-LTE-DL-D,2025-08-28 00:32:42+02:00,2025-08-28 00:32:42+02:00,1,-17.70032345,177.42981733,-17.70032345,177.42981733,ECI:1075521.0,1075521.0,316.0,40988.0,41.0,9.995856,9.995856,59.72923778091847,49.733381780918464,0.16735281365323815,77.11,77.11,70.09,70.09,85.69,85.69,0,1,0,1,sudden_drop,normal,temporal,statistical_only_retained,0.0,1.0,1.0,1.0,0.0,1.0,13.45263409752334,0.0,1.0,1,0,False,22.25,58.13,74.27,65.39,High,High,True,False,,True,priority_and_confidence_gate,High,INC-000801,new_session_or_first_episode
LTE-TP-EP-001142,542020041221088+20250828103607+Fiji-Nadi-LTE-DL-D!20250828103408,Fiji-Nadi-LTE-DL-D,2025-08-28 00:33:35+02:00,2025-08-28 00:33:35+02:00,1,-17.6971847,177.4264994,-17.6971847,177.4264994,ECI:1075521.0,1075521.0,316.0,40988.0,41.0,8.07616,8.07616,31.243576094926826,23.16741609492683,0.25849025653985125,63.97,63.97,56.98,56.98,72.51,72.51,0,1,0,1,radio_limited_degradation,normal,temporal,statistical_only_retained,0.0,1.0,1.0,1.0,0.0,1.0,18.49712572671971,0.0,1.0,1,1,True,22.25,48.3,64.38,55.54,Medium,High,True,False,,True,priority_and_confidence_gate,Medium,INC-000802,"new:gap=53.0s,dist=495.3232513302781m,cell=True,family=True"
LTE-TP-EP-001144,542020041221088+20250828103607+Fiji-Nadi-LTE-DL-D!20250828103408,Fiji-Nadi-LTE-DL-D,2025-08-28 00:33:48+02:00,2025-08-28 00:33:48+02:00,1,-17.6961766,177.4254231,-17.6961766,177.4254231,ECI:1066305.0,1066305.0,488.0,40988.0,41.0,21.700727,21.700727,77.7671355624887,56.066408562488704,0.2790475287927081,66.86,66.86,46.76,46.76,91.42,91.42,1,0,0,1,rb_conditioned_underperformance,ml_quantile_p75_resource_underperformance,resource,statistical_and_ml_consensus,0.0,1.0,1.0,1.0,0.0,1.0,27.903218370719102,100.0,1.0,1,0,False,22.25,40.63,93.56,64.45,Medium,Very High,True,False,,True,priority_and_confidence_gate,Medium,INC-000803,"new:gap=13.0s,dist=159.890877152818m,cell=False,family=False"
LTE-TP-EP-001145,542020041221088+20250828103707+Fiji-Nadi-LTE-DL-D!20250828103621,Fiji-Nadi-LTE-DL-D,2025-08-28 00:34:30+02:00,2025-08-28 00:34:30+02:00,1,-17.69220601,177.42159949,-17.69220601,177.42159949,ECI:1081414.0,1081414.0,453.0,9310.0,28.0,14.271768,14.271768,81.009805,66.738037,0.1761733409924885,68.4,68.4,65.25,65.25,72.26,72.26,0,1,0,1,rb_conditioned_underperformance,normal,capability,statistical_only_retained,0.0,1.0,1.0,1.0,0.0,1.0,15.090535445413215,0.0,1.0,1,1,True,22.25,54.5,64.2,58.86,Medium,High,True,False,,True,priority_and_confidence_gate,Medium,INC-000804,new_session_or_first_episode
LTE-TP-EP-001146,542020041221088+20250828103707+Fiji-Nadi-LTE-DL-D!20250828103621,Fiji-Nadi-LTE-DL-D,2025-08-28 00:35:42+02:00,2025-08-28 00:35:42+02:00,1,-17.6844334,177.4146479,-17.6844334,177.4146479,ECI:1081374.0,1081374.0,453.0,1850.0,3.0,35.62661,35.62661,102.526375,66.899765,0.3474872685199296,68.91,68.91,48.18,48.18,94.25,94.25,1,0,0,1,sudden_drop,ml_hgb_strict_causal_temporal_underperformance,resource,statistical_and_ml_consensus,0.0,1.0,1.0,1.0,0.0,1.0,16.86982305661462,100.0,1.0,1,0,False,22.25,41.7,95.69,65.99,Medium,Very High,True,False,,True,priority_and_confidence_gate,High,INC-000805,"new:gap=72.0s,dist=1135.480020036824m,cell=False,family=False"
LTE-TP-EP-001148,542020041221088+20250828103907+Fiji-Nadi-LTE-DL-D!20250828103834,Fiji-Nadi-LTE-DL-D,2025-08-28 00:37:34+02:00,2025-08-28 00:37:38+02:00,5,-17.66915548,177.40760677,-17.6685239,177.4074189,ECI:1081376.0,1081376.0,455.0,1850.0,3.0,1.480408,8.752744,,,,73.7,61.864,85.82,68.994,58.89,53.15,0,5,0,0,radio_limited_degradation,normal,radio,statistical_only_retained,4.0,5.0,5.0,1.0,0.0,5.0,73.14392944817739,0.0,0.0,0,5,True,51.25,72.97,42.73,59.36,High,Medium,True,False,,True,priority_and_confidence_gate,Medium,INC-000806,new_session_or_first_episode
LTE-TP-EP-001149,542020041221088+20250828103907+Fiji-Nadi-LTE-DL-D!20250828103834,Fiji-Nadi-LTE-DL-D,2025-08-28 00:37:47+02:00,2025-08-28 00:37:51+02:00,3,-17.66749309,177.40713667,-17.6668812,177.4069694,ECI:1081376.0,1081376.0,455.0,1850.0,3.0,6.527128,7.127368,,,,63.67,61.06666666666666,68.16,65.39666666666666,60.77,55.776666666666664,0,3,0,0,radio_limited_degradation,normal,radio,statistical_only_retained,4.0,5.0,3.0,0.6,2.0,2.0,28.63307518548408,0.0,0.0,0,3,True,24.75,56.62,44.33,51.09,High,Medium,True,False,,True,priority_and_confidence_gate,Medium,INC-000807,"new:gap=9.0s,dist=118.45725660262306m,cell=True,family=True"
LTE-TP-EP-001151,542020041221088+20250828103907+Fiji-Nadi-LTE-DL-D!20250828103834,Fiji-Nadi-LTE-DL-D,2025-08-28 00:38:14+02:00,2025-08-28 00:38:14+02:00,1,-17.6644802,177.4063227,-17.6644802,177.4063227,ECI:1081376.0,1081376.0,455.0,1850.0,3.0,18.870289,18.870289,117.84952050000001,98.97923150000001,0.16012189884132788,66.64,66.64,67.07,67.07,66.12,66.12,0,1,0,1,rb_conditioned_underperformance,normal,capability,statistical_only_retained,0.0,1.0,1.0,1.0,0.0,1.0,25.284051169697886,0.0,1.0,1,1,True,22.25,55.86,59.59,57.54,High,Medium,True,False,,True,priority_and_confidence_gate,Medium,INC-000808,"new:gap=23.0s,dist=275.6316822198033m,cell=True,family=False"
LTE-TP-EP-001152,542020041221088+20250828103907+Fiji-Nadi-LTE-DL-D!20250828103834,Fiji-Nadi-LTE-DL-D,2025-08-28 00:38:29+02:00,2025-08-28 00:38:31+02:00,3,-17.6627847,177.4057861,-17.6625847,177.4057059,ECI:1079366.0,1079366.0,320.0,9310.0,28.0,0.178784,2.961304,59.51545075,56.55414675,0.04975689443131707,85.26,75.08999999999999,90.37,80.71666666666667,89.65,68.21666666666667,0,3,0,3,rb_efficiency_underperformance,normal,radio,statistical_only_retained,2.0,3.0,3.0,1.0,0.0,3.0,48.353206363365906,0.0,1.0,3,3,True,36.75,74.55,71.88,73.35,High,High,True,False,,True,priority_and_confidence_gate,High,INC-000809,"new:gap=15.0s,dist=196.91733815249032m,cell=False,family=False"
LTE-TP-EP-001154,542020041221088+20250828103907+Fiji-Nadi-LTE-DL-D!20250828103834,Fiji-Nadi-LTE-DL-D,2025-08-28 00:38:33+02:00,2025-08-28 00:38:34+02:00,2,-17.66248579,177.405665,-17.66238265,177.40562299,ECI:1079366.0,1079366.0,320.0,1850.0,3.0,3.792704,4.4599559,59.51545075,55.72274675,0.06372637612931126,79.64,67.55,79.4,76.225,79.94,56.945,0,2,0,2,ca_underperformance,normal,capability,statistical_only_retained,1.0,2.0,2.0,1.0,0.0,2.0,12.347723620314808,0.0,1.0,2,1,True,29.5,66.13,64.21,65.26,High,High,True,False,,True,priority_and_confidence_gate,High,INC-000810,"new:gap=2.0s,dist=11.821246781292906m,cell=True,family=False"
LTE-TP-EP-001156,542020041221088+20250828104127+Fiji-Nadi-LTE-DL-D!20250828104043,Fiji-Nadi-LTE-DL-D,2025-08-28 00:38:51+02:00,2025-08-28 00:38:52+02:00,2,-17.66065154,177.40515683,-17.6604432,177.4051557,ECI:1081416.0,1081416.0,320.0,9310.0,28.0,1.760112,4.387524,59.51545075,52.50051475,0.11786747662328677,80.16,74.4,84.84,77.725,74.43,70.33000000000001,0,2,0,2,ca_underperformance,normal,capability,statistical_only_retained,1.0,2.0,2.0,1.0,0.0,2.0,33.87359842013876,0.0,1.0,2,1,True,29.5,69.23,64.8,67.23,High,High,True,False,,True,priority_and_confidence_gate,High,INC-000811,new_session_or_first_episode
LTE-TP-EP-001157,542020041221088+20250828104127+Fiji-Nadi-LTE-DL-D!20250828104043,Fiji-Nadi-LTE-DL-D,2025-08-28 00:38:53+02:00,2025-08-28 00:38:54+02:00,2,-17.6603383,177.4051564,-17.66033841,177.40515685,ECI:1075783.0,1075783.0,159.0,9310.0,28.0,2.721136,3.926552,59.51545075,56.79431475,0.04572150535212068,81.25,68.35,82.33,77.685,79.94,56.945,0,2,0,2,ca_underperformance,normal,capability,statistical_only_retained,1.0,2.0,2.0,1.0,0.0,2.0,11.713823203894634,0.0,1.0,2,1,True,29.5,67.96,64.21,66.27,High,High,True,False,,True,priority_and_confidence_gate,High,INC-000812,"new:gap=1.0s,dist=11.664599714732976m,cell=False,family=True"
LTE-TP-EP-001162,542020041221088+20250828104127+Fiji-Nadi-LTE-DL-D!20250828104043,Fiji-Nadi-LTE-DL-D,2025-08-28 00:39:32+02:00,2025-08-28 00:39:32+02:00,1,-17.6556901,177.405748,-17.6556901,177.405748,ECI:1075733.0,1075733.0,159.0,500.0,1.0,15.467712,15.467712,90.28093,74.81321799999999,0.1713286737298785,64.21,64.21,68.08,68.08,59.49,59.49,0,1,0,1,rb_conditioned_underperformance,normal,capability,statistical_only_retained,0.0,1.0,1.0,1.0,0.0,1.0,28.728233666905837,0.0,1.0,1,0,False,22.25,56.62,54.62,55.72,High,Medium,True,False,,True,priority_and_confidence_gate,Medium,INC-000813,"new:gap=38.0s,dist=520.6505825959839m,cell=False,family=True"
LTE-TP-EP-001164,542020041221088+20250828104127+Fiji-Nadi-LTE-DL-D!20250828104043,Fiji-Nadi-LTE-DL-D,2025-08-28 00:40:31+02:00,2025-08-28 00:40:31+02:00,1,-17.6487331,177.4086611,-17.6487331,177.4086611,ECI:1075914.0,1075914.0,437.0,500.0,1.0,50.386112,50.386112,176.8458,126.459688,0.28491551396753556,70.89,70.89,58.38,58.38,86.17,86.17,0,1,0,1,radio_p75_underperformance,ml_hgb_strict_causal_temporal_underperformance,capability,statistical_only_retained,0.0,1.0,1.0,1.0,0.0,1.0,13.833485224351667,0.0,1.0,1,0,False,22.25,49.35,74.63,60.72,Medium,High,True,False,,True,priority_and_confidence_gate,Medium,INC-000814,"new:gap=59.0s,dist=832.8924892516156m,cell=False,family=True"
LTE-TP-EP-001166,542020041221088+20250828104327+Fiji-Nadi-LTE-DL-D!20250828104254,Fiji-Nadi-LTE-DL-D,2025-08-28 00:41:48+02:00,2025-08-28 00:41:49+02:00,2,-17.64513371,177.41537253,-17.64509944,177.41548616,ECI:1075763.0,1075763.0,159.0,41186.0,41.0,10.517112,11.886592,54.170067,43.652955000000006,0.19414987985892648,58.19,55.36,57.35,53.480000000000004,59.22,57.66,0,2,0,2,ca_underperformance,normal,capability,statistical_only_retained,1.0,2.0,2.0,1.0,0.0,2.0,12.720422470588836,0.0,1.0,2,0,False,29.5,49.42,54.02,51.49,Medium,Medium,True,False,,True,priority_and_confidence_gate,Medium,INC-000815,new_session_or_first_episode
LTE-TP-EP-001167,542020041221088+20250828104327+Fiji-Nadi-LTE-DL-D!20250828104254,Fiji-Nadi-LTE-DL-D,2025-08-28 00:41:58+02:00,2025-08-28 00:41:59+02:00,2,-17.64471657,177.41663953,-17.6445902,177.4168763,ECI:1081652.0,1081652.0,356.0,41186.0,41.0,8.918272,10.547128,54.170067,45.251795,0.1646346865326934,61.6,60.575,61.87,57.269999999999996,67.95,64.605,0,2,0,2,ca_underperformance,normal,capability,statistical_only_retained,1.0,2.0,2.0,1.0,0.0,2.0,43.227730203450015,0.0,1.0,2,0,False,29.5,52.63,60.13,56.0,Medium,High,True,False,,True,priority_and_confidence_gate,Medium,INC-000816,"new:gap=9.0s,dist=129.41824711034783m,cell=False,family=True"
LTE-TP-EP-001169,542020041221088+20250828104327+Fiji-Nadi-LTE-DL-D!20250828104254,Fiji-Nadi-LTE-DL-D,2025-08-28 00:42:42+02:00,2025-08-28 00:42:48+02:00,5,-17.64168342,177.42067894,-17.6412115,177.4212968,ECI:1081652.0,1081652.0,356.0,41186.0,41.0,5.557088,17.145424,70.787155,53.641731,0.1947383967607055,65.29,56.088,57.26,47.908,77.59,66.086,0,5,0,3,rb_conditioned_underperformance,normal,capability,statistical_only_retained,6.0,7.0,5.0,0.7142857142857143,2.0,3.0,72.12742801110025,0.0,0.6,3,0,False,34.96,49.35,61.32,54.73,Medium,High,True,False,,True,priority_and_confidence_gate,Medium,INC-000817,"new:gap=43.0s,dist=516.5620072527697m,cell=True,family=True"
LTE-TP-EP-001170,542020041221088+20250828104327+Fiji-Nadi-LTE-DL-D!20250828104254,Fiji-Nadi-LTE-DL-D,2025-08-28 00:42:53+02:00,2025-08-28 00:42:54+02:00,2,-17.6408736,177.4217304,-17.6408038,177.4218195,ECI:1081652.0,1081652.0,356.0,41186.0,41.0,34.139553,38.4162415,105.7221075,71.58255450000001,0.32291782492133914,55.24,53.515,51.95,47.455,62.59,60.93000000000001,0,2,0,0,radio_p75_underperformance,normal,capability,statistical_only_retained,1.0,2.0,2.0,1.0,0.0,2.0,24.79821582286383,0.0,0.0,0,0,False,29.5,45.21,46.53,45.8,Medium,Medium,True,False,,True,priority_and_confidence_gate,Medium,INC-000818,"new:gap=5.0s,dist=59.35343624532625m,cell=True,family=True"
LTE-TP-EP-001171,542020041221088+20250828104547+Fiji-Nadi-LTE-DL-D!20250828104505,Fiji-Nadi-LTE-DL-D,2025-08-28 00:43:03+02:00,2025-08-28 00:43:04+02:00,2,-17.64025122,177.42252937,-17.6401067,177.4227132,ECI:1075764.0,1075764.0,160.0,41186.0,41.0,3.853712,8.863748000000001,70.787155,56.913371,0.19599295945712186,66.12,60.95,59.68,56.254999999999995,73.99,66.69,0,2,0,2,ca_underperformance,normal,capability,statistical_only_retained,1.0,2.0,2.0,1.0,0.0,2.0,25.25283394169774,0.0,1.0,2,0,False,29.5,51.28,63.67,56.85,Medium,High,True,False,,True,priority_and_confidence_gate,Medium,INC-000819,new_session_or_first_episode
LTE-TP-EP-001172,542020041221088+20250828104547+Fiji-Nadi-LTE-DL-D!20250828104505,Fiji-Nadi-LTE-DL-D,2025-08-28 00:43:26+02:00,2025-08-28 00:43:27+02:00,2,-17.63868897,177.42452833,-17.63861265,177.42462578,ECI:1081652.0,1081652.0,356.0,41186.0,41.0,20.658705,21.2186525,105.7221075,85.06340250000001,0.19540572438929105,65.11,57.9,63.6,54.435,66.95,62.135000000000005,0,2,0,1,rb_conditioned_underperformance,normal,capability,statistical_only_retained,1.0,2.0,2.0,1.0,0.0,2.0,26.292153965000843,0.0,0.5,1,0,False,29.5,52.78,54.01,53.34,Medium,Medium,True,False,,True,priority_and_confidence_gate,Medium,INC-000820,"new:gap=22.0s,dist=248.692514331411m,cell=False,family=True"
LTE-TP-EP-001173,542020041221088+20250828104547+Fiji-Nadi-LTE-DL-D!20250828104505,Fiji-Nadi-LTE-DL-D,2025-08-28 00:43:54+02:00,2025-08-28 00:43:54+02:00,1,-17.63671976,177.42706971,-17.63671976,177.42706971,ECI:1081632.0,1081632.0,356.0,1850.0,3.0,36.02512,36.02512,135.5693,99.54418,0.265732138470878,66.27,66.27,59.5,59.5,74.54,74.54,0,1,0,1,rb_conditioned_underperformance,normal,capability,statistical_only_retained,0.0,1.0,1.0,1.0,0.0,1.0,12.818648431774228,0.0,1.0,1,0,False,22.25,50.19,65.9,57.26,Medium,High,True,False,,True,priority_and_confidence_gate,Medium,INC-000821,"new:gap=27.0s,dist=333.72389081883796m,cell=False,family=True"
LTE-TP-EP-001175,542020041221088+20250828104547+Fiji-Nadi-LTE-DL-D!20250828104505,Fiji-Nadi-LTE-DL-D,2025-08-28 00:44:39+02:00,2025-08-28 00:44:46+02:00,6,-17.6342237,177.4294971,-17.6347627,177.4301975,ECI:3643082.0,3643082.0,312.0,356.0,1.0,0.804232,19.795128000000002,123.63355,91.80727,0.2574242994721093,83.24,66.69666666666667,88.19,68.99166666666666,77.19,63.89000000000001,0,6,0,3,radio_limited_degradation,normal,capability,statistical_only_retained,7.0,8.0,6.0,0.75,2.0,4.0,106.43955659628246,0.0,0.5,3,6,True,42.75,72.03,59.57,66.42,High,Medium,True,False,,True,priority_and_confidence_gate,High,INC-000822,"new:gap=45.0s,dist=378.4183039938224m,cell=False,family=True"
LTE-TP-EP-001176,542020041221088+20250828104547+Fiji-Nadi-LTE-DL-D!20250828104505,Fiji-Nadi-LTE-DL-D,2025-08-28 00:44:54+02:00,2025-08-28 00:44:56+02:00,2,-17.63532025,177.43090153,-17.6355411,177.4311772,ECI:3643082.0,3643082.0,312.0,356.0,1.0,29.87156,32.687567,123.63355,93.76199,0.24161370437069873,78.5,69.305,60.91,59.58,100.0,81.19,1,1,0,1,rb_conditioned_underperformance,ml_quantile_p75_resource_underperformance,capability,statistical_and_ml_consensus,2.0,3.0,2.0,0.6666666666666666,1.0,1.0,38.45813470915035,50.0,0.5,1,0,False,18.5,49.98,82.8,64.75,Medium,Very High,True,False,,True,priority_and_confidence_gate,Medium,INC-000823,"new:gap=8.0s,dist=97.00319585674215m,cell=True,family=True"
LTE-TP-EP-001177,542020041221088+20250828104547+Fiji-Nadi-LTE-DL-D!20250828104505,Fiji-Nadi-LTE-DL-D,2025-08-28 00:44:59+02:00,2025-08-28 00:45:01+02:00,3,-17.63571369,177.43134255,-17.6360463,177.4315022,ECI:1081630.0,1081630.0,354.0,1850.0,3.0,1.779528,7.396448,135.5693,133.789772,0.013126334649511358,97.52,87.76333333333332,97.01,88.93666666666667,98.15,86.33,0,3,0,3,ca_underperformance,normal,capability,statistical_only_retained,2.0,3.0,3.0,1.0,0.0,3.0,54.14123044118476,0.0,1.0,3,0,False,36.75,79.93,80.66,80.26,High,Very High,True,False,,True,priority_and_confidence_gate,High,INC-000824,"new:gap=3.0s,dist=25.986943516986077m,cell=False,family=True"
LTE-TP-EP-001178,542020041221088+20250828104747+Fiji-Nadi-LTE-DL-D!20250828104718,Fiji-Nadi-LTE-DL-D,2025-08-28 00:45:20+02:00,2025-08-28 00:45:23+02:00,4,-17.6376783,177.43156577,-17.63795539,177.43149817,ECI:1081631.0,1081631.0,355.0,1850.0,3.0,0.020672,2.037056,103.049195,80.140875,0.0017980533805865432,71.61,68.8175,86.79,65.43,81.0,72.96000000000001,0,4,0,4,rolling_local_drop,normal,temporal,statistical_only_retained,3.0,4.0,4.0,1.0,0.0,4.0,31.716259287420414,0.0,1.0,4,1,True,44.0,70.75,68.74,69.85,High,High,True,False,,True,priority_and_confidence_gate,High,INC-000825,new_session_or_first_episode
LTE-TP-EP-001179,542020041221088+20250828104747+Fiji-Nadi-LTE-DL-D!20250828104718,Fiji-Nadi-LTE-DL-D,2025-08-28 00:45:51+02:00,2025-08-28 00:45:53+02:00,2,-17.6407443,177.4313222,-17.64085271,177.43133434,ECI:1081631.0,1081631.0,355.0,1850.0,3.0,18.413704,25.811452000000003,103.049195,84.635491,0.17868847980811495,74.01,64.405,66.56,58.84,83.12,71.205,0,2,0,1,rb_conditioned_underperformance,ml_hgb_strict_causal_temporal_underperformance,capability,statistical_only_retained,2.0,3.0,2.0,0.6666666666666666,1.0,1.0,37.76043716822939,0.0,0.5,1,2,True,18.5,52.62,64.36,57.9,Medium,High,True,False,,True,priority_and_confidence_gate,Medium,INC-000826,"new:gap=28.0s,dist=310.67318521193465m,cell=True,family=False"
LTE-TP-EP-001180,542020041221088+20250828104747+Fiji-Nadi-LTE-DL-D!20250828104718,Fiji-Nadi-LTE-DL-D,2025-08-28 00:46:02+02:00,2025-08-28 00:46:02+02:00,1,-17.6418683,177.4317315,-17.6418683,177.4317315,ECI:1082679.0,1082679.0,16.0,40790.0,41.0,3.518032,3.518032,62.203377,58.685345000000005,0.056556929377001505,80.88,80.88,81.65,81.65,79.94,79.94,0,1,0,1,ca_underperformance,normal,capability,statistical_only_retained,0.0,1.0,1.0,1.0,0.0,1.0,13.030980199948111,0.0,1.0,1,0,False,22.25,66.8,69.96,68.22,High,High,True,False,,True,priority_and_confidence_gate,High,INC-000827,"new:gap=9.0s,dist=120.51576969541502m,cell=False,family=True"
LTE-TP-EP-001182,542020041221088+20250828104747+Fiji-Nadi-LTE-DL-D!20250828104718,Fiji-Nadi-LTE-DL-D,2025-08-28 00:46:16+02:00,2025-08-28 00:46:19+02:00,3,-17.64279645,177.43223974,-17.6431849,177.4323985,ECI:1081654.0,1081654.0,355.0,41384.0,41.0,9.519952,16.60924,70.7488185,54.1395785,0.20227193965500712,64.51,56.68333333333334,55.07,50.73666666666667,76.05,63.949999999999996,0,3,0,3,rb_conditioned_underperformance,normal,capability,statistical_only_retained,3.0,4.0,3.0,0.75,1.0,2.0,34.37156886687409,0.0,1.0,3,0,False,27.0,46.97,64.01,54.64,Medium,High,True,False,,True,priority_and_confidence_gate,Medium,INC-000828,"new:gap=14.0s,dist=116.41247283788854m,cell=False,family=True"
LTE-TP-EP-001184,542020041221088+20250828104747+Fiji-Nadi-LTE-DL-D!20250828104718,Fiji-Nadi-LTE-DL-D,2025-08-28 00:46:31+02:00,2025-08-28 00:46:36+02:00,6,-17.6438443,177.43275508,-17.6442697,177.4333255,ECI:1082689.0,1082689.0,16.0,40988.0,41.0,3.300512,26.3393365,111.79482125,82.51361324999999,0.051000600956570316,83.85,64.575,83.61,63.02333333333333,84.15,66.47,0,6,0,6,rb_conditioned_underperformance,normal,capability,statistical_only_retained,5.0,6.0,6.0,1.0,0.0,6.0,86.98035587744778,0.0,1.0,6,0,False,58.5,72.19,68.69,70.61,High,High,True,False,,True,priority_and_confidence_gate,High,INC-000829,"new:gap=12.0s,dist=82.4852407990883m,cell=False,family=True"
LTE-TP-EP-001186,542020041221088+20250828104747+Fiji-Nadi-LTE-DL-D!20250828104718,Fiji-Nadi-LTE-DL-D,2025-08-28 00:47:07+02:00,2025-08-28 00:47:15+02:00,6,-17.64586937,177.43624855,-17.6461167,177.43697647,ECI:1078583.0,1078583.0,163.0,41384.0,41.0,0.001008,14.680168,121.14346,91.429349,6.75384874850528e-05,86.61,69.785,75.66,65.98333333333333,100.0,74.43333333333332,1,5,0,5,rb_conditioned_underperformance,normal,capability,statistical_only_retained,8.0,9.0,6.0,0.6666666666666666,3.0,3.0,51.28903233195486,16.666666666666664,0.8333333333333334,5,1,True,35.5,63.2,79.44,70.51,High,High,True,False,,True,priority_and_confidence_gate,High,INC-000830,"new:gap=31.0s,dist=357.17877412433234m,cell=False,family=True"
LTE-TP-EP-001187,542020041221088+20250828105007+Fiji-Nadi-LTE-DL-D!20250828104930,Fiji-Nadi-LTE-DL-D,2025-08-28 00:47:28+02:00,2025-08-28 00:47:29+02:00,2,-17.64668492,177.43799447,-17.6467758,177.4381363,ECI:1078583.0,1078583.0,163.0,41384.0,41.0,28.545103,34.0505365,121.14346,92.59835700000001,0.23563057386671968,64.76,60.995000000000005,61.25,58.6,69.05,63.925,0,2,0,1,radio_p75_underperformance,normal,capability,statistical_only_retained,1.0,2.0,2.0,1.0,0.0,2.0,18.110235067688908,0.0,0.5,1,0,False,29.5,52.65,55.51,53.94,Medium,Medium,True,False,,True,priority_and_confidence_gate,Medium,INC-000831,new_session_or_first_episode
LTE-TP-EP-001188,542020041221088+20250828105007+Fiji-Nadi-LTE-DL-D!20250828104930,Fiji-Nadi-LTE-DL-D,2025-08-28 00:47:34+02:00,2025-08-28 00:47:36+02:00,2,-17.6469216,177.43848243,-17.64695982,177.43867024,ECI:1078583.0,1078583.0,163.0,41384.0,41.0,26.162537,30.8544925,105.95971,79.797173,0.24691023597554201,57.97,56.41,60.5,55.57,60.0,57.44,0,2,0,2,radio_p75_underperformance,normal,capability,statistical_only_retained,2.0,3.0,2.0,0.6666666666666666,1.0,1.0,20.474397104909194,0.0,1.0,2,0,False,18.5,48.77,54.36,51.28,Medium,Medium,True,False,,True,priority_and_confidence_gate,Medium,INC-000831,"bridged:gap=5.0s,dist=40.10020772493558m,cell=True,family=True"
LTE-TP-EP-001189,542020041221088+20250828105007+Fiji-Nadi-LTE-DL-D!20250828104930,Fiji-Nadi-LTE-DL-D,2025-08-28 00:47:42+02:00,2025-08-28 00:47:44+02:00,3,-17.6470774,177.43927663,-17.6472321,177.4395575,ECI:1078583.0,1078583.0,163.0,41384.0,41.0,0.005408,1.286944,121.14346,95.274388,0.00023816475626084506,78.83,77.35000000000001,77.06,71.01666666666667,93.27,85.08999999999999,1,2,0,3,rb_conditioned_underperformance,normal,temporal,statistical_only_retained,2.0,3.0,3.0,1.0,0.0,3.0,45.93995493257374,33.33333333333333,1.0,3,0,False,36.75,65.47,82.91,73.32,High,Very High,True,False,,True,priority_and_confidence_gate,High,INC-000832,"new:gap=6.0s,dist=65.57126158636844m,cell=True,family=False"
LTE-TP-EP-001190,542020041221088+20250828105007+Fiji-Nadi-LTE-DL-D!20250828104930,Fiji-Nadi-LTE-DL-D,2025-08-28 00:47:56+02:00,2025-08-28 00:47:59+02:00,3,-17.6479793,177.4403232,-17.64809799,177.44044493,ECI:1081654.0,1081654.0,355.0,41384.0,41.0,4.905976,6.99832,47.0651145,42.1591385,0.10423805513104616,74.44,64.59666666666666,68.87,60.43333333333334,81.24,69.68333333333334,0,3,0,3,ca_underperformance,normal,capability,statistical_only_retained,3.0,4.0,3.0,0.75,1.0,2.0,35.44387232352174,0.0,1.0,3,0,False,27.0,56.29,68.04,61.58,High,High,True,False,,True,priority_and_confidence_gate,Medium,INC-000833,"new:gap=12.0s,dist=116.12938339765286m,cell=False,family=False"
LTE-TP-EP-001191,542020041221088+20250828105007+Fiji-Nadi-LTE-DL-D!20250828104930,Fiji-Nadi-LTE-DL-D,2025-08-28 00:48:00+02:00,2025-08-28 00:48:00+02:00,1,-17.648189,177.4405733,-17.648189,177.4405733,ECI:1082684.0,1082684.0,355.0,41384.0,41.0,4.908064,4.908064,47.0651145,42.1570505,0.10428241920031875,76.05,76.05,68.86,68.86,84.84,84.84,0,1,0,1,ca_underperformance,normal,capability,statistical_only_retained,0.0,1.0,1.0,1.0,0.0,1.0,16.953900559959948,0.0,1.0,1,0,False,22.25,57.21,73.63,64.6,High,High,True,False,,True,priority_and_confidence_gate,Medium,INC-000834,"new:gap=1.0s,dist=16.9539005594693m,cell=False,family=True"
LTE-TP-EP-001192,542020041221088+20250828105007+Fiji-Nadi-LTE-DL-D!20250828104930,Fiji-Nadi-LTE-DL-D,2025-08-28 00:48:01+02:00,2025-08-28 00:48:05+02:00,4,-17.648226,177.440634,-17.6483392,177.44084322,ECI:1081661.0,1081661.0,355.0,40790.0,41.0,6.466656,12.515264,62.203377,55.736721,0.10395988629363322,74.94,61.4875,73.72,60.995,76.43,62.0825,0,4,0,4,ca_underperformance,normal,capability,statistical_only_retained,4.0,5.0,4.0,0.8,1.0,3.0,33.17236501998705,0.0,1.0,4,0,False,35.0,60.86,63.74,62.15,High,High,True,False,,True,priority_and_confidence_gate,Medium,INC-000835,"new:gap=1.0s,dist=7.635173564773284m,cell=False,family=True"
LTE-TP-EP-001194,542020041221088+20250828105007+Fiji-Nadi-LTE-DL-D!20250828104930,Fiji-Nadi-LTE-DL-D,2025-08-28 00:48:08+02:00,2025-08-28 00:48:09+02:00,2,-17.6485081,177.4411077,-17.6485583,177.4411698,ECI:1078590.0,1078590.0,0.0,40790.0,41.0,5.737408,8.030384,83.886915,78.149507,0.06839455235658624,87.99,72.41,87.91,71.195,88.08,73.89,0,2,0,2,ca_underperformance,normal,capability,statistical_only_retained,1.0,2.0,2.0,1.0,0.0,2.0,25.45459097337924,0.0,1.0,2,0,False,29.5,69.13,72.51,70.65,High,High,True,False,,True,priority_and_confidence_gate,High,INC-000836,"new:gap=3.0s,dist=33.73583142621432m,cell=False,family=True"
LTE-TP-EP-001195,542020041221088+20250828105007+Fiji-Nadi-LTE-DL-D!20250828104930,Fiji-Nadi-LTE-DL-D,2025-08-28 00:48:35+02:00,2025-08-28 00:48:36+02:00,2,-17.64917355,177.44244867,-17.6491817,177.4425303,ECI:1078590.0,1078590.0,163.0,40790.0,41.0,0.010296,0.027464,47.588801370387934,47.57850537038794,0.0002163534214670654,85.12,85.08500000000001,87.01,86.95,82.8,82.8,0,2,0,2,radio_limited_degradation,normal,temporal,statistical_only_retained,1.0,2.0,2.0,1.0,0.0,2.0,8.747543409391863,0.0,1.0,2,2,True,29.5,72.62,72.1,72.38,High,High,True,False,,True,priority_and_confidence_gate,High,INC-000837,"new:gap=26.0s,dist=151.80085360536594m,cell=True,family=False"
LTE-TP-EP-001196,542020041221088+20250828105007+Fiji-Nadi-LTE-DL-D!20250828104930,Fiji-Nadi-LTE-DL-D,2025-08-28 00:48:48+02:00,2025-08-28 00:48:50+02:00,3,-17.6490865,177.44298571,-17.6490406,177.4430757,ECI:1078590.0,1078590.0,163.0,40790.0,41.0,0.00756,0.4786,42.920990103412386,42.442390103412386,0.00018821445819340569,83.49,81.97,84.05,82.27333333333333,82.8,81.60000000000001,0,3,0,3,radio_limited_degradation,normal,temporal,statistical_only_retained,2.0,3.0,3.0,1.0,0.0,3.0,14.471514715612058,0.0,1.0,3,1,True,36.75,71.78,71.8,71.79,High,High,True,False,,True,priority_and_confidence_gate,High,INC-000838,"new:gap=12.0s,dist=49.40325543990922m,cell=True,family=True"
LTE-TP-EP-001197,542020041221088+20250828105007+Fiji-Nadi-LTE-DL-D!20250828104930,Fiji-Nadi-LTE-DL-D,2025-08-28 00:48:57+02:00,2025-08-28 00:48:58+02:00,2,-17.6489456,177.4432873,-17.6489313,177.4433269,ECI:1078590.0,1078590.0,163.0,40790.0,41.0,1.9871039,18.20735195,106.48158917214784,76.7809449968311,0.025227283496670982,89.81,84.105,95.55,78.64,98.77,90.785,1,1,0,2,radio_limited_degradation,ml_quantile_p75_resource_underperformance,temporal,statistical_and_ml_consensus,1.0,2.0,2.0,1.0,0.0,2.0,12.411332775312687,50.0,1.0,2,1,True,29.5,74.81,89.58,81.46,High,Very High,True,False,,True,priority_and_confidence_gate,High,INC-000839,"new:gap=7.0s,dist=24.785240068932247m,cell=True,family=True"
LTE-TP-EP-001198,542020041221088+20250828105007+Fiji-Nadi-LTE-DL-D!20250828104930,Fiji-Nadi-LTE-DL-D,2025-08-28 00:49:04+02:00,2025-08-28 00:49:04+02:00,1,-17.6488558,177.4435416,-17.6488558,177.4435416,ECI:1078590.0,1078590.0,163.0,40790.0,41.0,3.176696,3.176696,118.44779,115.27109399999999,0.026819377550226984,96.95,96.95,94.46,94.46,100.0,100.0,1,0,0,1,ca_underperformance,ml_severe_quantile_p75_resource_underperformance,capability,statistical_and_ml_consensus,0.0,1.0,1.0,1.0,0.0,1.0,4.219640956944973,100.0,1.0,1,0,False,22.25,76.41,100.0,87.02,High,Very High,True,False,,True,priority_and_confidence_gate,High,INC-000840,"new:gap=6.0s,dist=24.24949929562916m,cell=True,family=False"
LTE-TP-EP-001199,542020041221088+20250828105007+Fiji-Nadi-LTE-DL-D!20250828104930,Fiji-Nadi-LTE-DL-D,2025-08-28 00:49:13+02:00,2025-08-28 00:49:13+02:00,1,-17.6487992,177.4438233,-17.6487992,177.4438233,ECI:1078590.0,1078590.0,163.0,40790.0,41.0,14.437328,14.437328,100.33373220627267,85.89640420627268,0.14389306250781936,88.37,88.37,78.85,78.85,100.0,100.0,1,0,0,1,ca_underperformance,ml_quantile_p75_resource_underperformance,temporal,statistical_and_ml_consensus,0.0,1.0,1.0,1.0,0.0,1.0,5.279162399838094,100.0,1.0,1,0,False,22.25,64.7,100.0,80.59,High,Very High,True,False,,True,priority_and_confidence_gate,High,INC-000841,"new:gap=9.0s,dist=30.505615415605593m,cell=True,family=True"
LTE-TP-EP-001200,542020041221088+20250828105007+Fiji-Nadi-LTE-DL-D!20250828104930,Fiji-Nadi-LTE-DL-D,2025-08-28 00:49:19+02:00,2025-08-28 00:49:19+02:00,1,-17.6487842,177.4439907,-17.6487842,177.4439907,ECI:1078590.0,1078590.0,163.0,40790.0,41.0,0.009944,0.009944,83.04506,83.035116,0.0001197422218732818,91.44,91.44,99.98,99.98,81.0,81.0,0,1,0,1,sudden_drop,normal,temporal,statistical_only_retained,0.0,1.0,1.0,1.0,0.0,1.0,7.74050331862558,0.0,1.0,1,0,False,22.25,80.55,70.75,76.14,Critical,High,True,True,critical_impact_with_verified_direct_evidence,True,critical_verified_direct_evidence_override,High,INC-000842,"new:gap=6.0s,dist=17.816191745631045m,cell=True,family=True"
LTE-TP-EP-001201,542020041221088+20250828105207+Fiji-Nadi-LTE-DL-D!20250828105141,Fiji-Nadi-LTE-DL-D,2025-08-28 00:49:39+02:00,2025-08-28 00:49:43+02:00,3,-17.64880085,177.44465963,-17.6488172,177.4447715,ECI:1078590.0,1078590.0,163.0,40790.0,41.0,0.00804,14.099376,138.2563025,120.39923950000001,0.0001502185727893336,88.3,85.83,89.39,79.41666666666667,100.0,93.66666666666667,2,1,0,3,ca_underperformance,ml_quantile_p75_resource_underperformance,temporal,statistical_and_ml_consensus,4.0,5.0,3.0,0.6,2.0,2.0,6.942747389743675,66.66666666666666,1.0,3,0,False,24.75,70.74,93.42,80.94,High,Very High,True,False,,True,priority_and_confidence_gate,High,INC-000843,new_session_or_first_episode
LTE-TP-EP-001202,542020041221088+20250828105207+Fiji-Nadi-LTE-DL-D!20250828105141,Fiji-Nadi-LTE-DL-D,2025-08-28 00:49:53+02:00,2025-08-28 00:49:53+02:00,1,-17.6488646,177.4449649,-17.6488646,177.4449649,ECI:1078590.0,1078590.0,163.0,40790.0,41.0,9.968776,9.968776,62.78936377699708,52.82058777699708,0.15876536088827303,71.57,71.57,71.75,71.75,71.36,71.36,0,1,0,1,sudden_drop,normal,temporal,statistical_only_retained,0.0,1.0,1.0,1.0,0.0,1.0,4.025787108152726,0.0,1.0,1,0,False,22.25,59.38,63.52,61.24,High,High,True,False,,True,priority_and_confidence_gate,Medium,INC-000844,"new:gap=10.0s,dist=21.159872430950116m,cell=True,family=True"
LTE-TP-EP-001203,542020041221088+20250828105207+Fiji-Nadi-LTE-DL-D!20250828105141,Fiji-Nadi-LTE-DL-D,2025-08-28 00:50:02+02:00,2025-08-28 00:50:03+02:00,2,-17.648907,177.4451031,-17.64890724,177.44510302,ECI:1078590.0,1078590.0,163.0,40790.0,41.0,0.026208,1.22132,48.225196790055634,48.19898879005564,0.0005434503484577645,84.43,81.41,87.23,81.74000000000001,81.0,81.0,0,2,0,2,rolling_local_drop,normal,temporal,statistical_only_retained,1.0,2.0,2.0,1.0,0.0,2.0,2.067658884217745,0.0,1.0,2,0,False,29.5,71.43,70.75,71.12,High,High,True,False,,True,priority_and_confidence_gate,High,INC-000845,"new:gap=9.0s,dist=15.384110995490678m,cell=True,family=True"
LTE-TP-EP-001204,542020041221088+20250828105207+Fiji-Nadi-LTE-DL-D!20250828105141,Fiji-Nadi-LTE-DL-D,2025-08-28 00:50:07+02:00,2025-08-28 00:50:11+02:00,4,-17.6489329,177.4451942,-17.6489669,177.4453575,ECI:1078590.0,1078590.0,163.0,40790.0,41.0,0.612136,0.718124,9.712533967702592,9.096785957367281,0.06304881249308032,67.28,63.832499999999996,57.22,51.0975,81.0,79.395,0,4,0,4,rolling_local_drop,normal,temporal,statistical_only_retained,4.0,5.0,4.0,0.8,1.0,3.0,13.360436015373452,0.0,1.0,4,0,False,35.0,50.13,70.35,59.23,Medium,High,True,False,,True,priority_and_confidence_gate,Medium,INC-000845,"bridged:gap=4.0s,dist=10.07406660169997m,cell=True,family=True"
LTE-TP-EP-001206,542020041221088+20250828105207+Fiji-Nadi-LTE-DL-D!20250828105141,Fiji-Nadi-LTE-DL-D,2025-08-28 00:51:33+02:00,2025-08-28 00:51:33+02:00,1,-17.65136851,177.44442311,-17.65136851,177.44442311,ECI:1078588.0,1078588.0,162.0,40790.0,41.0,0.002528,0.002528,4.532104,4.5295760000000005,0.0005577983206034107,67.48,67.48,60.45,60.45,76.07,76.07,0,1,0,1,sudden_drop,normal,temporal,statistical_only_retained,0.0,1.0,1.0,1.0,0.0,1.0,0.15449367861282792,0.0,1.0,1,0,False,22.25,50.9,67.05,58.17,Medium,High,True,False,,True,priority_and_confidence_gate,Medium,INC-000846,"new:gap=82.0s,dist=284.8103053684547m,cell=False,family=True"
LTE-TP-EP-001207,542020041221088+20250828105207+Fiji-Nadi-LTE-DL-D!20250828105141,Fiji-Nadi-LTE-DL-D,2025-08-28 00:51:34+02:00,2025-08-28 00:51:35+02:00,2,-17.6514782,177.4443008,-17.651536,177.444234,ECI:1078590.0,1078590.0,162.0,40790.0,41.0,0.0011999999,0.04424799995,,,,81.53,80.25999999999999,91.0,90.845,69.95,67.325,0,2,0,1,radio_limited_degradation,normal,radio,statistical_only_retained,1.0,2.0,2.0,1.0,0.0,2.0,27.357527584389295,0.0,0.5,1,2,True,29.5,75.59,56.81,67.14,High,Medium,True,False,,True,priority_and_confidence_gate,High,INC-000847,"new:gap=1.0s,dist=17.796824132968734m,cell=False,family=False"
LTE-TP-EP-001208,542020041221088+20250828105428+Fiji-Nadi-LTE-DL-D!20250828105353,Fiji-Nadi-LTE-DL-D,2025-08-28 00:51:57+02:00,2025-08-28 00:51:58+02:00,2,-17.65217803,177.44273952,-17.65219754,177.44267861,ECI:1078559.0,1078559.0,164.0,1850.0,3.0,11.293856,13.850708000000001,135.5693,119.16174,0.1210271056942833,68.32,62.75,72.43,62.035000000000004,63.95,63.625,0,2,0,2,ca_underperformance,normal,capability,statistical_only_retained,1.0,2.0,2.0,1.0,0.0,2.0,6.881795912755801,0.0,1.0,2,0,False,29.5,59.1,57.88,58.55,High,Medium,True,False,,True,priority_and_confidence_gate,Medium,INC-000848,new_session_or_first_episode
LTE-TP-EP-001210,542020041221088+20250828105428+Fiji-Nadi-LTE-DL-D!20250828105353,Fiji-Nadi-LTE-DL-D,2025-08-28 00:52:49+02:00,2025-08-28 00:52:50+02:00,2,-17.6549644,177.4387188,-17.654964,177.43871885,ECI:1075735.0,1075735.0,161.0,356.0,1.0,3.799376,5.11092,,,,62.03,58.760000000000005,56.7,52.11,68.54,66.885,0,2,0,2,rb_efficiency_underperformance,normal,radio,statistical_only_retained,1.0,2.0,2.0,1.0,0.0,2.0,19.45115467402951,0.0,1.0,2,2,True,29.5,48.75,60.99,54.26,Medium,High,True,False,,True,priority_and_confidence_gate,Medium,INC-000849,"new:gap=51.0s,dist=520.2878652276767m,cell=False,family=False"
LTE-TP-EP-001211,542020041221088+20250828105428+Fiji-Nadi-LTE-DL-D!20250828105353,Fiji-Nadi-LTE-DL-D,2025-08-28 00:53:19+02:00,2025-08-28 00:53:20+02:00,2,-17.65520697,177.43819712,-17.65520558,177.43819673,ECI:1075767.0,1075767.0,160.0,9310.0,28.0,5.361424,6.38288,38.729599,31.325263,0.19118029081581764,59.48,57.245,72.24,63.75,64.64,49.295,0,2,0,2,ca_underperformance,normal,capability,statistical_only_retained,1.0,2.0,2.0,1.0,0.0,2.0,0.287690812662165,0.0,1.0,2,1,True,29.5,59.43,54.64,57.28,High,Medium,True,False,,True,priority_and_confidence_gate,Medium,INC-000850,"new:gap=29.0s,dist=61.530054133328065m,cell=False,family=False"
LTE-TP-EP-001214,542020041221088+20250828105428+Fiji-Nadi-LTE-DL-D!20250828105353,Fiji-Nadi-LTE-DL-D,2025-08-28 00:53:40+02:00,2025-08-28 00:53:43+02:00,4,-17.65479267,177.43928072,-17.6546941,177.4396023,ECI:1078599.0,1078599.0,164.0,9310.0,28.0,0.506088,10.628955999999999,59.51545075,49.488738749999996,0.16847241974387633,74.79,65.3825,68.23,61.807500000000005,82.8,69.7525,0,4,0,4,rb_conditioned_underperformance,normal,capability,statistical_only_retained,3.0,4.0,4.0,1.0,0.0,4.0,35.99695427014682,0.0,1.0,4,3,True,44.0,60.57,68.84,64.29,High,High,True,False,,True,priority_and_confidence_gate,Medium,INC-000851,"new:gap=20.0s,dist=123.69408978514477m,cell=False,family=True"
LTE-TP-EP-001216,542020041221088+20250828105628+Fiji-Nadi-LTE-DL-D!20250828105605,Fiji-Nadi-LTE-DL-D,2025-08-28 00:55:01+02:00,2025-08-28 00:55:03+02:00,2,-17.65160166,177.44418598,-17.6515162,177.44426575,ECI:1078583.0,1078583.0,163.0,41384.0,41.0,3.226456,19.376153,105.95971,70.43386000000001,0.09372141493364881,81.69,70.985,72.88,61.769999999999996,92.45,82.245,0,2,0,1,radio_p75_underperformance,normal,capability,statistical_only_retained,2.0,3.0,2.0,0.6666666666666666,1.0,1.0,0.14897335715603974,0.0,0.5,1,0,False,18.5,56.51,71.79,63.38,High,High,True,False,,True,priority_and_confidence_gate,Medium,INC-000852,new_session_or_first_episode
LTE-TP-EP-001217,542020041221088+20250828105628+Fiji-Nadi-LTE-DL-D!20250828105605,Fiji-Nadi-LTE-DL-D,2025-08-28 00:55:12+02:00,2025-08-28 00:55:13+02:00,2,-17.65111654,177.44471264,-17.65107714,177.44475784,ECI:1078583.0,1078583.0,163.0,41384.0,41.0,3.308456,6.966743999999999,60.15991375,49.534881750000004,0.07853662733747721,73.93,71.7,76.55,68.865,79.6,75.16,0,2,0,2,ca_underperformance,ml_quantile_p75_resource_underperformance,capability,statistical_only_retained,1.0,2.0,2.0,1.0,0.0,2.0,13.551981672374614,0.0,1.0,2,1,True,29.5,62.87,68.59,65.44,High,High,True,False,,True,priority_and_confidence_gate,High,INC-000853,"new:gap=9.0s,dist=64.93987783186253m,cell=True,family=True"
LTE-TP-EP-001218,542020041221088+20250828105628+Fiji-Nadi-LTE-DL-D!20250828105605,Fiji-Nadi-LTE-DL-D,2025-08-28 00:55:24+02:00,2025-08-28 00:55:24+02:00,1,-17.6505907,177.4450875,-17.6505907,177.4450875,ECI:1078583.0,1078583.0,163.0,41384.0,41.0,6.929784,6.929784,41.528662145514886,34.59887814551489,0.16686749926396122,70.81,70.81,67.12,67.12,75.32,75.32,0,1,0,1,sudden_drop,normal,temporal,statistical_only_retained,0.0,1.0,1.0,1.0,0.0,1.0,11.681796768922894,0.0,1.0,1,0,False,22.25,55.9,66.49,60.67,High,High,True,False,,True,priority_and_confidence_gate,Medium,INC-000854,"new:gap=11.0s,dist=64.38838332594138m,cell=True,family=False"
LTE-TP-EP-001219,542020041221088+20250828105628+Fiji-Nadi-LTE-DL-D!20250828105605,Fiji-Nadi-LTE-DL-D,2025-08-28 00:55:40+02:00,2025-08-28 00:55:41+02:00,2,-17.6499235,177.4456004,-17.64992342,177.44560055,ECI:1078583.0,1078583.0,163.0,41384.0,41.0,0.432352,5.6689359999999995,58.10025701626286,47.19473701626286,0.010746120072121446,82.09,78.92500000000001,82.99,75.1,86.21,83.60499999999999,0,2,0,2,rolling_local_drop,normal,temporal,statistical_only_retained,1.0,2.0,2.0,1.0,0.0,2.0,12.054735466217188,0.0,1.0,2,0,False,29.5,67.64,74.01,70.51,High,High,True,False,,True,priority_and_confidence_gate,High,INC-000855,"new:gap=16.0s,dist=91.96562905068721m,cell=True,family=True"
LTE-TP-EP-001220,542020041221088+20250828105628+Fiji-Nadi-LTE-DL-D!20250828105605,Fiji-Nadi-LTE-DL-D,2025-08-28 00:55:49+02:00,2025-08-28 00:55:50+02:00,2,-17.64962343,177.44584047,-17.6495447,177.4459047,ECI:1078583.0,1078583.0,163.0,41384.0,41.0,0.125808,7.107688,54.2447535470603,54.1189455470603,0.0023192657680867635,85.63,73.565,89.41,71.37,81.0,76.24000000000001,0,2,0,2,sudden_drop,normal,temporal,statistical_only_retained,1.0,2.0,2.0,1.0,0.0,2.0,16.397840540190767,0.0,1.0,2,0,False,29.5,69.92,69.56,69.76,High,High,True,False,,True,priority_and_confidence_gate,High,INC-000856,"new:gap=8.0s,dist=41.94045390857939m,cell=True,family=True"
LTE-TP-EP-001223,542020041221088+20250828113351+Fiji-Nadi-LTE-DL-D!20250828110026,Fiji-Nadi-LTE-DL-D,2025-08-28 00:58:26+02:00,2025-08-28 00:58:27+02:00,2,-17.64132073,177.45074763,-17.6412506,177.4508085,ECI:1077814.0,1077814.0,378.0,500.0,1.0,12.546984,19.5836955,168.440535,141.820128,0.12904293853576282,79.12,73.785,81.43,73.605,76.29,74.0,0,2,0,2,rb_conditioned_underperformance,normal,capability,statistical_only_retained,1.0,2.0,2.0,1.0,0.0,2.0,15.546889914732443,0.0,1.0,2,0,False,29.5,66.49,66.64,66.56,High,High,True,False,,True,priority_and_confidence_gate,High,INC-000857,new_session_or_first_episode
LTE-TP-EP-001225,542020041221088+20250828113351+Fiji-Nadi-LTE-DL-D!20250828110026,Fiji-Nadi-LTE-DL-D,2025-08-28 00:59:52+02:00,2025-08-28 00:59:58+02:00,5,-17.63702729,177.45701696,-17.63641775,177.45720848,ECI:1077820.0,1077820.0,165.0,40790.0,41.0,6.547704,9.800144,62.203377,53.482089,0.1402060212904518,70.97,61.386,68.08,60.482000000000006,75.01,62.488,0,5,0,5,ca_underperformance,normal,capability,statistical_only_retained,6.0,7.0,5.0,0.7142857142857143,2.0,3.0,57.29609335956301,0.0,1.0,5,1,True,34.96,57.9,63.13,60.25,High,High,True,False,,True,priority_and_confidence_gate,Medium,INC-000858,"new:gap=85.0s,dist=808.305313889347m,cell=False,family=True"
LTE-TP-EP-001226,542020041221088+20250828113351+Fiji-Nadi-LTE-DL-D!20250828110026,Fiji-Nadi-LTE-DL-D,2025-08-28 01:00:01+02:00,2025-08-28 01:00:01+02:00,1,-17.635976,177.4573718,-17.635976,177.4573718,ECI:3640372.0,3640372.0,272.0,40790.0,41.0,0.041528,0.041528,,,,82.95,82.95,90.85,90.85,73.29,73.29,0,1,0,1,radio_limited_degradation,normal,radio,statistical_only_retained,0.0,1.0,1.0,1.0,0.0,1.0,26.37593200991018,0.0,1.0,1,1,True,22.25,73.7,64.97,69.77,High,High,True,False,,True,priority_and_confidence_gate,High,INC-000859,"new:gap=3.0s,dist=52.0801572274402m,cell=False,family=False"
LTE-TP-EP-001227,542020041221088+20250828113351+Fiji-Nadi-LTE-DL-D!20250828110026,Fiji-Nadi-LTE-DL-D,2025-08-28 01:00:16+02:00,2025-08-28 01:00:16+02:00,1,-17.63536965,177.458808,-17.63536965,177.458808,ECI:3640371.0,3640371.0,271.0,40790.0,41.0,2.920944,2.920944,,,,69.99,69.99,80.78,80.78,56.81,56.81,0,1,0,1,radio_limited_degradation,normal,radio,statistical_only_retained,0.0,1.0,1.0,1.0,0.0,1.0,0.14199556517113882,0.0,1.0,1,1,True,22.25,66.15,52.61,60.05,High,Medium,True,False,,True,priority_and_confidence_gate,Medium,INC-000860,"new:gap=15.0s,dist=166.458883873236m,cell=False,family=True"
LTE-TP-EP-001231,542020041221088+20250828113551+Fiji-Nadi-LTE-DL-D!20250828110238,Fiji-Nadi-LTE-DL-D,2025-08-28 01:01:07+02:00,2025-08-28 01:01:07+02:00,1,-17.63648374,177.46058386,-17.63648374,177.46058386,ECI:3640371.0,3640371.0,271.0,40790.0,41.0,19.480553,19.480553,119.0290425,99.5484895,0.16366218353810583,64.63,64.63,66.1,66.1,62.84,62.84,0,1,0,1,rb_conditioned_underperformance,normal,capability,statistical_only_retained,0.0,1.0,1.0,1.0,0.0,1.0,9.072303985484893,0.0,1.0,1,0,False,22.25,55.14,57.13,56.03,High,Medium,True,False,,True,priority_and_confidence_gate,Medium,INC-000861,new_session_or_first_episode
LTE-TP-EP-001232,542020041221088+20250828113551+Fiji-Nadi-LTE-DL-D!20250828110238,Fiji-Nadi-LTE-DL-D,2025-08-28 01:01:12+02:00,2025-08-28 01:01:12+02:00,1,-17.63676468,177.46064178,-17.63676468,177.46064178,ECI:3640371.0,3640371.0,271.0,40790.0,41.0,6.136536,6.136536,33.20475419231784,27.068218192317843,0.18480895730948468,74.11,74.11,64.07,64.07,86.39,86.39,0,1,0,1,sudden_drop,normal,temporal,statistical_only_retained,0.0,1.0,1.0,1.0,0.0,1.0,6.342783795465981,0.0,1.0,1,0,False,22.25,53.62,74.79,63.14,Medium,High,True,False,,True,priority_and_confidence_gate,Medium,INC-000862,"new:gap=5.0s,dist=31.836388141296123m,cell=True,family=False"
LTE-TP-EP-001237,542020041221088+20250828113551+Fiji-Nadi-LTE-DL-D!20250828110238,Fiji-Nadi-LTE-DL-D,2025-08-28 01:01:39+02:00,2025-08-28 01:01:56+02:00,9,-17.63831932,177.4617123,-17.6388173,177.4636334,ECI:1077820.0,1077820.0,165.0,40790.0,41.0,6.310296,16.50876,119.0290425,88.7892825,0.1234806167326573,81.22,64.83777777777777,76.61,64.53555555555556,87.77,65.21,0,9,0,7,ca_underperformance,normal,capability,statistical_only_retained,17.0,18.0,9.0,0.5,9.0,2.0,126.4964365826907,0.0,0.7777777777777778,7,1,True,30.75,62.13,67.97,64.75,High,High,True,False,,True,priority_and_confidence_gate,Medium,INC-000863,"new:gap=27.0s,dist=206.7662929582721m,cell=False,family=False"
LTE-TP-EP-001240,542020041221088+20250828113551+Fiji-Nadi-LTE-DL-D!20250828110238,Fiji-Nadi-LTE-DL-D,2025-08-28 01:02:08+02:00,2025-08-28 01:02:17+02:00,7,-17.6388462,177.4649613,-17.63875679,177.46571697,ECI:1077820.0,1077820.0,165.0,40790.0,41.0,1.611864,3.281256,,,,70.67,62.97428571428571,85.36,77.74714285714286,52.71,44.917142857142856,0,7,0,3,radio_limited_degradation,normal,radio,statistical_only_retained,9.0,10.0,7.0,0.7,3.0,3.0,71.35730152221136,0.0,0.42857142857142855,3,7,True,37.25,71.43,41.87,58.13,High,Medium,True,False,,True,priority_and_confidence_gate,Medium,INC-000864,"new:gap=12.0s,dist=140.75066909544321m,cell=True,family=False"
LTE-TP-EP-001242,542020041221088+20250828113551+Fiji-Nadi-LTE-DL-D!20250828110238,Fiji-Nadi-LTE-DL-D,2025-08-28 01:02:29+02:00,2025-08-28 01:02:30+02:00,2,-17.6383847,177.467028,-17.6383512,177.4671315,ECI:1077820.0,1077820.0,165.0,40790.0,41.0,0.841528,5.064208,49.4498,48.60827200000001,0.017017824136801363,81.75,70.41499999999999,82.26,70.38,81.12,70.455,0,2,0,2,ca_underperformance,normal,capability,statistical_only_retained,1.0,2.0,2.0,1.0,0.0,2.0,23.19079175879307,0.0,1.0,2,1,True,29.5,66.1,68.17,67.03,High,High,True,False,,True,priority_and_confidence_gate,High,INC-000865,"new:gap=12.0s,dist=144.95665382705798m,cell=True,family=False"
LTE-TP-EP-001243,542020041221088+20250828113551+Fiji-Nadi-LTE-DL-D!20250828110238,Fiji-Nadi-LTE-DL-D,2025-08-28 01:02:34+02:00,2025-08-28 01:02:34+02:00,1,-17.6382162,177.467529,-17.6382162,177.467529,ECI:1077820.0,1077820.0,165.0,40790.0,41.0,3.263072,3.263072,,,,64.39,64.39,79.58,79.58,45.82,45.82,0,1,0,1,radio_limited_degradation,normal,radio,statistical_only_retained,0.0,1.0,1.0,1.0,0.0,1.0,10.734754325355352,0.0,1.0,1,1,True,22.25,65.25,44.36,55.85,High,Medium,True,False,,True,priority_and_confidence_gate,Medium,INC-000866,"new:gap=4.0s,dist=44.717044552280555m,cell=True,family=False"
LTE-TP-EP-001248,542020041221088+20250828113631+Fiji-Nadi-LTE-DL-D!20250828110448,Fiji-Nadi-LTE-DL-D,2025-08-28 01:03:14+02:00,2025-08-28 01:03:16+02:00,3,-17.6382634,177.4707381,-17.638296,177.4709584,ECI:1080637.0,1080637.0,352.0,40790.0,41.0,0.975736,1.461328,,,,70.45,68.58,96.58,92.32333333333334,45.39,39.56333333333333,0,3,0,3,radio_limited_degradation,normal,radio,statistical_only_retained,2.0,3.0,3.0,1.0,0.0,3.0,44.621401229101004,0.0,1.0,3,3,True,36.75,80.56,42.59,63.47,Critical,Medium,True,True,critical_impact_with_verified_direct_evidence,True,critical_verified_direct_evidence_override,Medium,INC-000867,new_session_or_first_episode
LTE-TP-EP-001253,542020041221088+20250828113631+Fiji-Nadi-LTE-DL-D!20250828110448,Fiji-Nadi-LTE-DL-D,2025-08-28 01:03:38+02:00,2025-08-28 01:03:39+02:00,2,-17.6381239,177.4732283,-17.63812424,177.47322811,ECI:1080647.0,1080647.0,352.0,356.0,1.0,2.06916,3.152228,,,,76.76,75.74000000000001,92.76,88.97,66.46,59.559999999999995,0,2,0,2,radio_limited_degradation,normal,radio,statistical_only_retained,1.0,2.0,2.0,1.0,0.0,2.0,12.15360198123153,0.0,1.0,2,2,True,29.5,76.0,58.12,67.95,High,Medium,True,False,,True,priority_and_confidence_gate,High,INC-000868,"new:gap=22.0s,dist=241.29604869379713m,cell=False,family=True"
LTE-TP-EP-001254,542020041221088+20250828113631+Fiji-Nadi-LTE-DL-D!20250828110448,Fiji-Nadi-LTE-DL-D,2025-08-28 01:03:41+02:00,2025-08-28 01:03:41+02:00,1,-17.6380566,177.4735421,-17.6380566,177.4735421,ECI:1080630.0,1080630.0,352.0,9310.0,28.0,3.094408,3.094408,,,,85.83,85.83,89.17,89.17,81.74,81.74,0,1,0,1,rb_efficiency_underperformance,normal,radio,statistical_only_retained,0.0,1.0,1.0,1.0,0.0,1.0,10.046931602668753,0.0,1.0,1,1,True,22.25,72.44,71.3,71.93,High,High,True,False,,True,priority_and_confidence_gate,High,INC-000869,"new:gap=2.0s,dist=34.112297694610255m,cell=False,family=True"
LTE-TP-EP-001255,542020041221088+20250828113631+Fiji-Nadi-LTE-DL-D!20250828110448,Fiji-Nadi-LTE-DL-D,2025-08-28 01:03:55+02:00,2025-08-28 01:03:55+02:00,1,-17.637824,177.4745312,-17.637824,177.4745312,ECI:3636032.0,3636032.0,231.0,41384.0,41.0,4.816544,4.816544,,,,70.41,70.41,83.14,83.14,54.85,54.85,0,1,0,0,radio_limited_degradation,normal,radio,statistical_only_retained,0.0,1.0,1.0,1.0,0.0,1.0,10.26845408718502,0.0,0.0,0,1,True,22.25,67.92,41.14,55.87,High,Medium,True,False,,True,priority_and_confidence_gate,Medium,INC-000870,"new:gap=14.0s,dist=107.9567659389851m,cell=False,family=True"
LTE-TP-EP-001256,542020041221088+20250828113631+Fiji-Nadi-LTE-DL-D!20250828110448,Fiji-Nadi-LTE-DL-D,2025-08-28 01:03:59+02:00,2025-08-28 01:04:03+02:00,4,-17.63775984,177.4748173,-17.63767159,177.47520173,ECI:3636032.0,3636032.0,231.0,41384.0,41.0,6.119224,6.887856,,,,67.32,63.3375,78.58,73.88749999999999,56.77,50.445,0,4,0,0,radio_limited_degradation,normal,radio,statistical_only_retained,4.0,5.0,4.0,0.8,1.0,2.0,31.240538161789186,0.0,0.0,0,4,True,29.0,65.01,41.0,54.2,High,Medium,True,False,,True,priority_and_confidence_gate,Medium,INC-000870,"bridged:gap=4.0s,dist=31.14552690853668m,cell=True,family=True"
LTE-TP-EP-001257,542020041221088+20250828113631+Fiji-Nadi-LTE-DL-D!20250828110448,Fiji-Nadi-LTE-DL-D,2025-08-28 01:04:04+02:00,2025-08-28 01:04:04+02:00,1,-17.6376209,177.4754008,-17.6376209,177.4754008,ECI:1077813.0,1077813.0,231.0,41384.0,41.0,4.740688,4.740688,,,,70.12,70.12,83.41,83.41,53.88,53.88,0,1,0,0,radio_limited_degradation,normal,radio,statistical_only_retained,0.0,1.0,1.0,1.0,0.0,1.0,21.835086512470117,0.0,0.0,0,1,True,22.25,68.12,40.41,55.65,High,Medium,True,False,,True,priority_and_confidence_gate,Medium,INC-000871,"new:gap=1.0s,dist=21.83508651175776m,cell=False,family=True"
LTE-TP-EP-001258,542020041221088+20250828113631+Fiji-Nadi-LTE-DL-D!20250828110448,Fiji-Nadi-LTE-DL-D,2025-08-28 01:04:14+02:00,2025-08-28 01:04:19+02:00,4,-17.63739885,177.47630453,-17.63736107,177.47678782,ECI:3636032.0,3636032.0,231.0,41384.0,41.0,1.49088,4.33145595,,,,79.8,69.3175,94.78,84.1825,62.25,51.1525,0,4,0,2,radio_limited_degradation,normal,radio,statistical_only_retained,5.0,6.0,4.0,0.6666666666666666,2.0,3.0,30.1622689572835,0.0,0.5,2,4,True,33.0,76.69,48.91,64.19,High,Medium,True,False,,True,priority_and_confidence_gate,Medium,INC-000872,"new:gap=10.0s,dist=98.89826867658816m,cell=False,family=True"
LTE-TP-EP-001259,542020041221088+20250828113631+Fiji-Nadi-LTE-DL-D!20250828110448,Fiji-Nadi-LTE-DL-D,2025-08-28 01:04:46+02:00,2025-08-28 01:04:49+02:00,3,-17.63574481,177.47818519,-17.63551238,177.47822184,ECI:1077964.0,1077964.0,377.0,356.0,1.0,0.695288,1.177352,,,,77.29,76.22000000000001,97.57,94.58666666666666,61.38,53.77666666666667,0,3,0,3,radio_limited_degradation,normal,radio,statistical_only_retained,3.0,4.0,3.0,0.75,1.0,2.0,26.679839064065668,0.0,1.0,3,3,True,27.0,79.18,54.13,67.91,High,Medium,True,False,,True,priority_and_confidence_gate,High,INC-000873,"new:gap=27.0s,dist=232.86530990855374m,cell=False,family=True"
LTE-TP-EP-001260,542020041221088+20250828113831+Fiji-Nadi-LTE-DL-D!20250828110657,Fiji-Nadi-LTE-DL-D,2025-08-28 01:04:56+02:00,2025-08-28 01:04:56+02:00,1,-17.63500381,177.47826345,-17.63500381,177.47826345,ECI:1077964.0,1077964.0,377.0,356.0,1.0,0.79144,0.79144,,,,71.33,71.33,88.23,88.23,50.68,50.68,0,1,0,1,radio_limited_degradation,normal,radio,statistical_only_retained,0.0,1.0,1.0,1.0,0.0,1.0,7.87530717499388,0.0,1.0,1,1,True,22.25,71.74,48.01,61.06,High,Medium,True,False,,True,priority_and_confidence_gate,Medium,INC-000874,new_session_or_first_episode
LTE-TP-EP-001263,542020041221088+20250828113831+Fiji-Nadi-LTE-DL-D!20250828110657,Fiji-Nadi-LTE-DL-D,2025-08-28 01:05:20+02:00,2025-08-28 01:05:21+02:00,2,-17.63339496,177.47820483,-17.63332284,177.47824973,ECI:1080637.0,1080637.0,352.0,40790.0,41.0,31.900824,32.9080595,119.0290425,87.1282185,0.26800874248820405,68.99,67.32,59.37,58.875,80.74,77.64,0,2,0,2,rb_conditioned_underperformance,normal,capability,statistical_only_retained,1.0,2.0,2.0,1.0,0.0,2.0,17.877136433183193,0.0,1.0,2,0,False,29.5,51.78,69.78,59.88,Medium,High,True,False,,True,priority_and_confidence_gate,Medium,INC-000875,"new:gap=24.0s,dist=179.00402393991624m,cell=False,family=False"
LTE-TP-EP-001266,542020041221088+20250828113831+Fiji-Nadi-LTE-DL-D!20250828110657,Fiji-Nadi-LTE-DL-D,2025-08-28 01:06:31+02:00,2025-08-28 01:06:32+02:00,2,-17.62838579,177.48065358,-17.62829478,177.48064644,ECI:1077820.0,1077820.0,165.0,40790.0,41.0,2.490512,3.103564,49.4498,46.959288,0.05036445041233736,78.56,77.575,77.43,75.635,79.94,79.94,0,2,0,2,ca_underperformance,normal,capability,statistical_only_retained,1.0,2.0,2.0,1.0,0.0,2.0,10.231671128840453,0.0,1.0,2,0,False,29.5,65.0,69.96,67.23,High,High,True,False,,True,priority_and_confidence_gate,High,INC-000876,"new:gap=70.0s,dist=605.2000893180832m,cell=False,family=True"
LTE-TP-EP-001270,542020041221088+20250828114011+Fiji-Nadi-LTE-DL-D!20250828110908,Fiji-Nadi-LTE-DL-D,2025-08-28 01:07:06+02:00,2025-08-28 01:07:06+02:00,1,-17.6259577,177.47975582,-17.6259577,177.47975582,EARFCN:40988.0|PCI:351.0,,351.0,40988.0,41.0,1.032872,1.032872,65.36004299999999,64.32717099999999,0.01580280478089649,94.47,94.47,89.95,89.95,100.0,100.0,0,1,0,1,ca_underperformance,ml_severe_quantile_p75_resource_underperformance,capability,statistical_only_retained,0.0,1.0,1.0,1.0,0.0,1.0,,0.0,1.0,1,0,False,22.25,73.03,85.0,78.41,High,Very High,True,False,,True,priority_and_confidence_gate,High,INC-000877,new_session_or_first_episode
LTE-TP-EP-001273,542020041221088+20250828114011+Fiji-Nadi-LTE-DL-D!20250828110908,Fiji-Nadi-LTE-DL-D,2025-08-28 01:08:56+02:00,2025-08-28 01:08:57+02:00,2,-17.6189985,177.47441813,-17.6188989,177.4743052,ECI:1076278.0,1076278.0,178.0,500.0,1.0,10.834384,26.4001155,121.14346,79.17761300000001,0.3147136912041679,58.52,58.375,54.38,53.150000000000006,65.95,64.76,0,2,0,1,rb_conditioned_underperformance,normal,capability,statistical_only_retained,1.0,2.0,2.0,1.0,0.0,2.0,16.43419716176295,0.0,0.5,1,0,False,29.5,47.85,54.17,50.69,Medium,Medium,True,False,,True,priority_and_confidence_gate,Medium,INC-000878,"new:gap=110.0s,dist=958.538329967838m,cell=False,family=True"
LTE-TP-EP-001274,542020041221088+20250828114132+Fiji-Nadi-LTE-DL-D!20250828111120,Fiji-Nadi-LTE-DL-D,2025-08-28 01:09:18+02:00,2025-08-28 01:09:18+02:00,1,-17.6175843,177.4734518,-17.6175843,177.4734518,EARFCN:41384.0|PCI:178.0,,178.0,41384.0,41.0,37.03669,37.03669,128.72179215071182,91.68510215071183,0.28772664970851397,70.51,70.51,58.22,58.22,85.54,85.54,0,1,0,1,rb_conditioned_underperformance,ml_quantile_p75_resource_underperformance,resource,statistical_only_retained,0.0,1.0,1.0,1.0,0.0,1.0,,0.0,1.0,1,0,False,22.25,49.23,74.16,60.44,Medium,High,True,False,,True,priority_and_confidence_gate,Medium,INC-000879,new_session_or_first_episode
LTE-TP-EP-001275,542020041221088+20250828114132+Fiji-Nadi-LTE-DL-D!20250828111120,Fiji-Nadi-LTE-DL-D,2025-08-28 01:09:40+02:00,2025-08-28 01:09:43+02:00,3,-17.616196,177.4727311,-17.6160167,177.4726131,ECI:1076279.0,1076279.0,179.0,41384.0,41.0,32.08419,35.18775,121.14346,89.05927,0.26484459004225236,60.05,57.88999999999999,59.55,56.126666666666665,62.77,60.04333333333333,0,3,0,0,rb_conditioned_underperformance,normal,capability,statistical_only_retained,3.0,4.0,3.0,0.75,1.0,2.0,33.65576339168328,0.0,0.0,0,0,False,27.0,50.56,46.4,48.68,Medium,Medium,True,False,,True,priority_and_confidence_gate,Medium,INC-000880,"new:gap=22.0s,dist=172.2342818930173m,cell=False,family=True"
LTE-TP-EP-001278,542020041221088+20250828114132+Fiji-Nadi-LTE-DL-D!20250828111120,Fiji-Nadi-LTE-DL-D,2025-08-28 01:10:38+02:00,2025-08-28 01:10:40+02:00,2,-17.611164,177.4723096,-17.61104056,177.47231003,ECI:1076246.0,1076246.0,179.0,500.0,1.0,48.86757,51.082668999999996,176.8458,127.97823,0.27632869991823383,66.77,63.025,58.88,58.150000000000006,78.19,68.975,0,2,0,0,radio_p75_underperformance,normal,capability,statistical_only_retained,2.0,3.0,2.0,0.6666666666666666,1.0,1.0,27.979504498803962,0.0,0.0,0,1,True,18.5,48.6,56.34,52.08,Medium,Medium,True,False,,True,priority_and_confidence_gate,Medium,INC-000881,"new:gap=55.0s,dist=540.5542178532344m,cell=False,family=True"
LTE-TP-EP-001281,542020041221088+20250828114132+Fiji-Nadi-LTE-DL-D!20250828111120,Fiji-Nadi-LTE-DL-D,2025-08-28 01:11:14+02:00,2025-08-28 01:11:14+02:00,1,-17.6070824,177.4723428,-17.6070824,177.4723428,ECI:1076246.0,1076246.0,179.0,500.0,1.0,16.46844,16.46844,76.56581184487482,60.097371844874814,0.21508868779927096,73.23,73.23,65.53,65.53,82.64,82.64,0,1,0,1,sudden_drop,normal,temporal,statistical_only_retained,0.0,1.0,1.0,1.0,0.0,1.0,12.49836746229388,0.0,1.0,1,0,False,22.25,54.71,71.98,62.48,Medium,High,True,False,,True,priority_and_confidence_gate,Medium,INC-000882,"new:gap=34.0s,dist=440.1416220506947m,cell=True,family=False"
LTE-TP-EP-001283,542020041221088+20250828114252+Fiji-Nadi-LTE-DL-D!20250828111332,Fiji-Nadi-LTE-DL-D,2025-08-28 01:12:14+02:00,2025-08-28 01:12:21+02:00,5,-17.60557404,177.47495433,-17.6052274,177.4760086,ECI:1076246.0,1076246.0,179.0,500.0,1.0,12.156472,21.765568,85.55677,65.030258,0.20493155137241997,57.24,54.358000000000004,56.43,51.391999999999996,62.63,57.98,0,5,0,4,radio_p75_underperformance,normal,capability,statistical_only_retained,7.0,8.0,5.0,0.625,3.0,2.0,105.15312745140373,0.0,0.8,4,1,True,27.62,47.97,53.81,50.6,Medium,Medium,True,False,,True,priority_and_confidence_gate,Medium,INC-000883,new_session_or_first_episode
LTE-TP-EP-001288,542020041221088+20250828114252+Fiji-Nadi-LTE-DL-D!20250828111332,Fiji-Nadi-LTE-DL-D,2025-08-28 01:12:53+02:00,2025-08-28 01:12:57+02:00,3,-17.6038271,177.4802981,-17.60369493,177.48069434,ECI:1076277.0,1076277.0,177.0,41384.0,41.0,3.364256,6.876352,,,,63.61,56.46666666666667,66.93,62.163333333333334,70.19,49.51,0,3,0,1,radio_limited_degradation,normal,radio,statistical_only_retained,4.0,5.0,3.0,0.6,2.0,2.0,45.426124795283584,0.0,0.3333333333333333,1,3,True,24.75,55.19,50.81,53.22,High,Medium,True,False,,True,priority_and_confidence_gate,Medium,INC-000884,"new:gap=32.0s,dist=480.5578466389098m,cell=False,family=False"
LTE-TP-EP-001289,542020041221088+20250828114252+Fiji-Nadi-LTE-DL-D!20250828111332,Fiji-Nadi-LTE-DL-D,2025-08-28 01:13:01+02:00,2025-08-28 01:13:02+02:00,2,-17.60354468,177.48115166,-17.6034744,177.481362,ECI:1076277.0,1076277.0,177.0,41384.0,41.0,4.476992,4.85482,,,,69.0,65.16499999999999,75.33,74.00999999999999,61.26,54.349999999999994,0,2,0,0,radio_limited_degradation,normal,radio,statistical_only_retained,1.0,2.0,2.0,1.0,0.0,2.0,23.6505015673879,0.0,0.0,0,2,True,29.5,63.54,44.22,54.85,High,Medium,True,False,,True,priority_and_confidence_gate,Medium,INC-000885,"new:gap=4.0s,dist=51.268978541683836m,cell=True,family=True"
LTE-TP-EP-001290,542020041221088+20250828114252+Fiji-Nadi-LTE-DL-D!20250828111332,Fiji-Nadi-LTE-DL-D,2025-08-28 01:13:03+02:00,2025-08-28 01:13:06+02:00,3,-17.6034425,177.4814584,-17.6033518,177.4817334,ECI:1076274.0,1076274.0,177.0,41186.0,41.0,4.756728,15.216056,70.787155,55.571099,0.21495504375052227,56.17,54.776666666666664,56.23,54.169999999999995,56.1,55.52,0,3,0,2,rb_conditioned_underperformance,normal,capability,statistical_only_retained,3.0,4.0,3.0,0.75,1.0,2.0,41.633750864760884,0.0,0.6666666666666666,2,1,True,27.0,48.41,48.6,48.49,Medium,Medium,True,False,,True,priority_and_confidence_gate,Medium,INC-000886,"new:gap=1.0s,dist=10.81546598063675m,cell=False,family=False"
LTE-TP-EP-001292,542020041221088+20250828114252+Fiji-Nadi-LTE-DL-D!20250828111332,Fiji-Nadi-LTE-DL-D,2025-08-28 01:13:32+02:00,2025-08-28 01:13:32+02:00,1,-17.602146,177.4854304,-17.602146,177.4854304,ECI:1076427.0,1076427.0,373.0,356.0,1.0,1.142992,1.142992,7.652557466316928,6.5095654663169285,0.14936078625099258,64.73,64.73,58.08,58.08,72.86,72.86,0,1,0,1,sudden_drop,normal,temporal,statistical_only_retained,0.0,1.0,1.0,1.0,0.0,1.0,35.122515002644015,0.0,1.0,1,0,False,22.25,49.12,64.64,56.11,Medium,High,True,False,,True,priority_and_confidence_gate,Medium,INC-000887,"new:gap=26.0s,dist=414.14413677025163m,cell=False,family=False"
LTE-TP-EP-001293,542020041221088+20250828114432+Fiji-Nadi-LTE-DL-D!20250828111543,Fiji-Nadi-LTE-DL-D,2025-08-28 01:14:44+02:00,2025-08-28 01:14:44+02:00,1,-17.5984571,177.4966954,-17.5984571,177.4966954,ECI:1079831.0,1079831.0,495.0,356.0,1.0,14.492184,14.492184,40.04547720717156,25.553293207171556,0.36189315275295714,63.54,63.54,46.84,46.84,83.95,83.95,0,1,0,1,radio_limited_degradation,normal,temporal,statistical_only_retained,0.0,1.0,1.0,1.0,0.0,1.0,33.711290660179316,0.0,1.0,1,1,True,22.25,40.69,72.96,55.21,Medium,High,True,False,,True,priority_and_confidence_gate,Medium,INC-000888,new_session_or_first_episode
LTE-TP-EP-001294,542020041221088+20250828114552+Fiji-Nadi-LTE-DL-D!20250828111754,Fiji-Nadi-LTE-DL-D,2025-08-28 01:15:52+02:00,2025-08-28 01:15:52+02:00,1,-17.5953338,177.5064251,-17.5953338,177.5064251,ECI:1080863.0,1080863.0,349.0,1850.0,3.0,1.878448,1.878448,,,,86.46,86.46,84.43,84.43,88.94,88.94,0,1,0,1,rb_efficiency_underperformance,ml_quantile_p75_resource_underperformance,radio,statistical_only_retained,0.0,1.0,1.0,1.0,0.0,1.0,,0.0,1.0,1,1,True,22.25,68.89,76.7,72.4,High,High,True,False,,True,priority_and_confidence_gate,High,INC-000889,new_session_or_first_episode
LTE-TP-EP-001296,542020041221088+20250828114552+Fiji-Nadi-LTE-DL-D!20250828111754,Fiji-Nadi-LTE-DL-D,2025-08-28 01:16:02+02:00,2025-08-28 01:16:04+02:00,2,-17.5954694,177.5062919,-17.5954423,177.5062479,ECI:1079878.0,1079878.0,405.0,500.0,1.0,3.154936,5.564996000000001,,,,62.16,60.519999999999996,79.96,71.525,61.02,47.07,0,2,0,2,radio_limited_degradation,normal,radio,statistical_only_retained,2.0,3.0,2.0,0.6666666666666666,1.0,1.0,11.221795699559438,0.0,1.0,2,2,True,18.5,62.49,52.28,57.89,High,Medium,True,False,,True,priority_and_confidence_gate,Medium,INC-000890,"new:gap=10.0s,dist=20.65605110509529m,cell=False,family=True"
LTE-TP-EP-001297,542020041221088+20250828114552+Fiji-Nadi-LTE-DL-D!20250828111754,Fiji-Nadi-LTE-DL-D,2025-08-28 01:16:08+02:00,2025-08-28 01:16:09+02:00,2,-17.5954187,177.5061049,-17.5954321,177.5060451,ECI:1079829.0,1079829.0,495.0,500.0,1.0,4.8854,7.59628,43.970293999999996,33.663134,0.23441189635893725,57.47,55.18,73.9,62.08500000000001,56.1,46.74,0,2,0,1,ca_underperformance,normal,capability,statistical_only_retained,1.0,2.0,2.0,1.0,0.0,2.0,15.691012471980375,0.0,0.5,1,1,True,29.5,59.85,44.74,53.05,High,Medium,True,False,,True,priority_and_confidence_gate,Medium,INC-000891,"new:gap=4.0s,dist=15.382463110947825m,cell=False,family=False"
LTE-TP-EP-001298,542020041221088+20250828114552+Fiji-Nadi-LTE-DL-D!20250828111754,Fiji-Nadi-LTE-DL-D,2025-08-28 01:16:20+02:00,2025-08-28 01:16:25+02:00,4,-17.5958575,177.5047879,-17.5961094,177.5040125,ECI:1079878.0,1079878.0,495.0,9310.0,28.0,0.212936,6.111752,59.51545075,53.58097075,0.09971326647475655,71.75,63.6425,73.56,68.35,69.53,57.885,0,4,0,2,radio_limited_degradation,normal,radio,statistical_only_retained,5.0,6.0,4.0,0.6666666666666666,2.0,3.0,101.72351659415253,0.0,0.5,2,3,True,33.0,62.12,54.24,58.57,High,Medium,True,False,,True,priority_and_confidence_gate,Medium,INC-000892,"new:gap=11.0s,dist=141.40063529393763m,cell=False,family=False"
LTE-TP-EP-001305,542020041221088+20250828114952+Fiji-Nadi-LTE-DL-D!20250828112430,Fiji-Nadi-LTE-DL-D,2025-08-28 01:22:28+02:00,2025-08-28 01:22:28+02:00,1,-17.60722854,177.46273071,-17.60722854,177.46273071,ECI:1076369.0,1076369.0,373.0,41384.0,41.0,3.25544,3.25544,,,,69.16,69.16,67.61,67.61,71.06,71.06,0,1,0,1,radio_limited_degradation,normal,radio,statistical_only_retained,0.0,1.0,1.0,1.0,0.0,1.0,1.347149099654613,0.0,1.0,1,1,True,22.25,56.27,63.3,59.43,High,High,True,False,,True,priority_and_confidence_gate,Medium,INC-000893,new_session_or_first_episode
LTE-TP-EP-001306,542020041221088+20250828114952+Fiji-Nadi-LTE-DL-D!20250828112430,Fiji-Nadi-LTE-DL-D,2025-08-28 01:22:57+02:00,2025-08-28 01:22:57+02:00,1,-17.6071464,177.4613387,-17.6071464,177.4613387,ECI:1076426.0,1076426.0,375.0,500.0,1.0,10.049688,10.049688,59.31967,49.269982,0.16941577726241563,69.19,69.19,62.19,62.19,77.74,77.74,0,1,0,1,ca_underperformance,normal,capability,statistical_only_retained,0.0,1.0,1.0,1.0,0.0,1.0,0.5697687808397941,0.0,1.0,1,0,False,22.25,52.2,68.3,59.45,Medium,High,True,False,,True,priority_and_confidence_gate,Medium,INC-000894,"new:gap=29.0s,dist=147.81587658846817m,cell=False,family=False"
LTE-TP-EP-001307,542020041221088+20250828114952+Fiji-Nadi-LTE-DL-D!20250828112430,Fiji-Nadi-LTE-DL-D,2025-08-28 01:23:06+02:00,2025-08-28 01:23:07+02:00,2,-17.6071434,177.4613264,-17.60714317,177.46132611,ECI:1080085.0,1080085.0,196.0,500.0,1.0,0.657352,5.502024,59.31967,48.972974,0.17442268306617348,90.49,78.35499999999999,97.7,79.54,81.68,76.91,0,2,0,2,ca_underperformance,normal,capability,statistical_only_retained,1.0,2.0,2.0,1.0,0.0,2.0,0.9326444495508074,0.0,1.0,2,1,True,29.5,76.11,70.07,73.39,High,High,True,False,,True,priority_and_confidence_gate,High,INC-000895,"new:gap=9.0s,dist=1.3456306943595657m,cell=False,family=True"
LTE-TP-EP-001308,542020041221088+20250828114952+Fiji-Nadi-LTE-DL-D!20250828112430,Fiji-Nadi-LTE-DL-D,2025-08-28 01:23:22+02:00,2025-08-28 01:23:24+02:00,3,-17.60673418,177.46130502,-17.60658587,177.4613387,ECI:1076426.0,1076426.0,375.0,500.0,1.0,0.000528,2.823288,37.790760608308545,31.657800608308545,2.5322132832263248e-05,83.49,79.63333333333334,90.12,77.80666666666667,89.85,81.86666666666666,0,3,0,3,ca_underperformance,normal,temporal,statistical_only_retained,2.0,3.0,3.0,1.0,0.0,3.0,17.105387082580286,0.0,1.0,3,1,True,36.75,73.7,75.39,74.46,High,High,True,False,,True,priority_and_confidence_gate,High,INC-000896,"new:gap=15.0s,dist=45.53257432762894m,cell=False,family=True"
LTE-TP-EP-001309,542020041221088+20250828114952+Fiji-Nadi-LTE-DL-D!20250828112430,Fiji-Nadi-LTE-DL-D,2025-08-28 01:23:25+02:00,2025-08-28 01:23:25+02:00,1,-17.60651148,177.4613549,-17.60651148,177.4613549,ECI:3638804.0,3638804.0,250.0,500.0,1.0,0.067064,0.067064,20.744331761952317,20.67726776195232,0.0032328831205353024,74.58,74.58,76.05,76.05,72.79,72.79,0,1,0,1,rolling_local_drop,normal,temporal,statistical_only_retained,0.0,1.0,1.0,1.0,0.0,1.0,8.448119350998008,0.0,1.0,1,0,False,22.25,62.6,64.59,63.5,High,High,True,False,,True,priority_and_confidence_gate,Medium,INC-000897,"new:gap=1.0s,dist=8.448119351470625m,cell=False,family=True"
LTE-TP-EP-001310,542020041221088+20250828114952+Fiji-Nadi-LTE-DL-D!20250828112430,Fiji-Nadi-LTE-DL-D,2025-08-28 01:23:36+02:00,2025-08-28 01:23:36+02:00,1,-17.60597119,177.46146273,-17.60597119,177.46146273,ECI:1076426.0,1076426.0,375.0,500.0,1.0,3.110184,3.110184,,,,75.04,75.04,89.11,89.11,57.85,57.85,0,1,0,1,radio_limited_degradation,normal,radio,statistical_only_retained,0.0,1.0,1.0,1.0,0.0,1.0,2.9771166778863782,0.0,1.0,1,1,True,22.25,72.4,53.39,63.84,High,Medium,True,False,,True,priority_and_confidence_gate,Medium,INC-000898,"new:gap=11.0s,dist=61.15494952609106m,cell=False,family=False"
LTE-TP-EP-001311,542020041221088+20250828114952+Fiji-Nadi-LTE-DL-D!20250828112430,Fiji-Nadi-LTE-DL-D,2025-08-28 01:23:43+02:00,2025-08-28 01:23:43+02:00,1,-17.60579401,177.46150333,-17.60579401,177.46150333,ECI:1076426.0,1076426.0,375.0,500.0,1.0,1.652352,1.652352,,,,79.47,79.47,94.22,94.22,61.44,61.44,0,1,0,1,radio_limited_degradation,normal,radio,statistical_only_retained,0.0,1.0,1.0,1.0,0.0,1.0,0.018052018602262007,0.0,1.0,1,1,True,22.25,76.23,56.08,67.16,High,Medium,True,False,,True,priority_and_confidence_gate,High,INC-000899,"new:gap=7.0s,dist=20.165990183564407m,cell=True,family=True"
LTE-TP-EP-001312,542020041221088+20250828114952+Fiji-Nadi-LTE-DL-D!20250828112430,Fiji-Nadi-LTE-DL-D,2025-08-28 01:23:49+02:00,2025-08-28 01:23:49+02:00,1,-17.6056202,177.4615371,-17.6056202,177.4615371,ECI:1076426.0,1076426.0,375.0,500.0,1.0,0.01712,0.01712,,,,83.69,83.69,99.94,99.94,63.83,63.83,0,1,0,1,radio_limited_degradation,normal,radio,statistical_only_retained,0.0,1.0,1.0,1.0,0.0,1.0,5.929960889708162,0.0,1.0,1,1,True,22.25,80.52,57.87,70.33,Critical,Medium,True,True,critical_impact_with_verified_direct_evidence,True,critical_verified_direct_evidence_override,High,INC-000900,"new:gap=6.0s,dist=19.65544022971434m,cell=True,family=True"
LTE-TP-EP-001313,542020041221088+20250828114952+Fiji-Nadi-LTE-DL-D!20250828112430,Fiji-Nadi-LTE-DL-D,2025-08-28 01:23:50+02:00,2025-08-28 01:23:50+02:00,1,-17.60561942,177.46153712,-17.60561942,177.46153712,ECI:1076369.0,1076369.0,375.0,500.0,1.0,0.216248,0.216248,,,,83.08,83.08,99.24,99.24,63.34,63.34,0,1,0,1,radio_limited_degradation,normal,radio,statistical_only_retained,0.0,1.0,1.0,1.0,0.0,1.0,0.08675806193356224,0.0,1.0,1,1,True,22.25,79.99,57.51,69.87,High,Medium,True,False,,True,priority_and_confidence_gate,High,INC-000901,"new:gap=1.0s,dist=0.08675806193622639m,cell=False,family=True"
LTE-TP-EP-001321,542020041221088+20250828115313+Fiji-Nadi-LTE-DL-D!20250828112854,Fiji-Nadi-LTE-DL-D,2025-08-28 01:27:47+02:00,2025-08-28 01:27:47+02:00,1,-17.59872419,177.45935983,-17.59872419,177.45935983,ECI:1077534.0,1077534.0,188.0,1850.0,3.0,35.76583,35.76583,135.5693,99.80347,0.26381953731412644,66.24,66.24,59.61,59.61,74.35,74.35,0,1,0,1,rb_conditioned_underperformance,normal,capability,statistical_only_retained,0.0,1.0,1.0,1.0,0.0,1.0,0.0,0.0,1.0,1,0,False,22.25,50.27,65.76,57.24,Medium,High,True,False,,True,priority_and_confidence_gate,Medium,INC-000902,new_session_or_first_episode
LTE-TP-EP-001323,542020041221088+20250828115533+Fiji-Nadi-LTE-DL-D!20250828113110,Fiji-Nadi-LTE-DL-D,2025-08-28 01:30:23+02:00,2025-08-28 01:30:25+02:00,3,-17.60405774,177.45957269,-17.6042816,177.4595362,ECI:1077525.0,1077525.0,187.0,500.0,1.0,8.663224,11.354016,59.31967,47.965654,0.19140389688614248,64.35,60.88666666666666,58.63,52.093333333333334,72.44,71.63666666666667,0,3,0,2,ca_underperformance,normal,capability,statistical_only_retained,2.0,3.0,3.0,1.0,0.0,3.0,34.04360705111077,0.0,0.6666666666666666,2,2,True,36.75,51.53,60.8,55.7,Medium,High,True,False,,True,priority_and_confidence_gate,Medium,INC-000903,new_session_or_first_episode
LTE-TP-EP-001324,542020041221088+20250828115533+Fiji-Nadi-LTE-DL-D!20250828113110,Fiji-Nadi-LTE-DL-D,2025-08-28 01:30:31+02:00,2025-08-28 01:30:35+02:00,3,-17.604463,177.45948757,-17.6044668,177.45928142,ECI:1076759.0,1076759.0,184.0,356.0,1.0,1.098496,1.39072,,,,78.26,75.36,96.16,93.73,56.38,52.906666666666666,0,3,0,2,radio_limited_degradation,normal,radio,statistical_only_retained,4.0,5.0,3.0,0.6,2.0,2.0,16.26038426690414,0.0,0.6666666666666666,2,3,True,24.75,77.7,48.08,64.37,High,Medium,True,False,,True,priority_and_confidence_gate,Medium,INC-000904,"new:gap=6.0s,dist=20.818890083361335m,cell=False,family=False"
LTE-TP-EP-001325,542020041221088+20250828115533+Fiji-Nadi-LTE-DL-D!20250828113110,Fiji-Nadi-LTE-DL-D,2025-08-28 01:30:36+02:00,2025-08-28 01:30:36+02:00,1,-17.6044417,177.4591665,-17.6044417,177.4591665,ECI:1076806.0,1076806.0,184.0,356.0,1.0,0.847248,0.847248,,,,78.82,78.82,97.03,97.03,56.56,56.56,0,1,0,1,radio_limited_degradation,normal,radio,statistical_only_retained,0.0,1.0,1.0,1.0,0.0,1.0,12.495762952766823,0.0,1.0,1,1,True,22.25,78.34,52.42,66.67,High,Medium,True,False,,True,priority_and_confidence_gate,High,INC-000905,"new:gap=1.0s,dist=12.495762952663389m,cell=False,family=True"
LTE-TP-EP-001326,542020041221088+20250828115533+Fiji-Nadi-LTE-DL-D!20250828113110,Fiji-Nadi-LTE-DL-D,2025-08-28 01:30:37+02:00,2025-08-28 01:30:37+02:00,1,-17.6044316,177.4591219,-17.6044316,177.4591219,ECI:1077575.0,1077575.0,184.0,9310.0,28.0,2.247792,2.247792,,,,72.29,72.29,92.13,92.13,48.05,48.05,0,1,0,1,radio_limited_degradation,normal,radio,statistical_only_retained,0.0,1.0,1.0,1.0,0.0,1.0,4.85862341452394,0.0,1.0,1,1,True,22.25,74.66,46.04,61.78,High,Medium,True,False,,True,priority_and_confidence_gate,Medium,INC-000906,"new:gap=1.0s,dist=4.858623415805429m,cell=False,family=True"
LTE-TP-EP-001327,542020041221088+20250828115533+Fiji-Nadi-LTE-DL-D!20250828113110,Fiji-Nadi-LTE-DL-D,2025-08-28 01:30:42+02:00,2025-08-28 01:30:44+02:00,2,-17.6044075,177.4589641,-17.6043907,177.4588843,ECI:1076796.0,1076796.0,184.0,40790.0,41.0,6.596816,8.082964,49.4498,42.852984000000006,0.13340430092740516,64.4,57.755,66.51,65.95500000000001,63.17,47.730000000000004,0,2,0,2,ca_underperformance,normal,capability,statistical_only_retained,2.0,3.0,2.0,0.6666666666666666,1.0,1.0,8.624880818479163,0.0,1.0,2,1,True,18.5,54.37,53.52,53.99,Medium,Medium,True,False,,True,priority_and_confidence_gate,Medium,INC-000907,"new:gap=5.0s,dist=16.93816079146925m,cell=False,family=False"
LTE-TP-EP-001328,542020041221088+20250828115533+Fiji-Nadi-LTE-DL-D!20250828113110,Fiji-Nadi-LTE-DL-D,2025-08-28 01:30:50+02:00,2025-08-28 01:30:53+02:00,2,-17.6043411,177.45872,-17.6043421,177.4586621,ECI:1076796.0,1076796.0,184.0,40790.0,41.0,0.011528,2.644204,,,,81.73,73.95,99.96,90.745,59.45,53.42,0,2,0,0,radio_limited_degradation,normal,radio,statistical_only_retained,3.0,4.0,2.0,0.5,2.0,1.0,4.266890293220886,0.0,0.0,0,2,True,16.0,76.67,43.08,61.55,High,Medium,True,False,,True,priority_and_confidence_gate,Medium,INC-000908,"new:gap=6.0s,dist=18.266283599235543m,cell=True,family=False"
LTE-TP-EP-001329,542020041221088+20250828115533+Fiji-Nadi-LTE-DL-D!20250828113110,Fiji-Nadi-LTE-DL-D,2025-08-28 01:31:07+02:00,2025-08-28 01:31:07+02:00,1,-17.604311,177.4583415,-17.604311,177.4583415,ECI:1076796.0,1076796.0,184.0,40790.0,41.0,3.897744,3.897744,,,,67.06,67.06,86.36,86.36,43.47,43.47,0,1,0,1,radio_limited_degradation,normal,radio,statistical_only_retained,0.0,1.0,1.0,1.0,0.0,1.0,5.463071984247923,0.0,1.0,1,1,True,22.25,70.33,42.6,57.85,High,Medium,True,False,,True,priority_and_confidence_gate,Medium,INC-000909,"new:gap=14.0s,dist=34.155134737874654m,cell=True,family=True"
LTE-TP-EP-001332,542020041221088+20250828115753+Fiji-Nadi-LTE-DL-D!20250828113321,Fiji-Nadi-LTE-DL-D,2025-08-28 01:31:42+02:00,2025-08-28 01:31:42+02:00,1,-17.60485152,177.45749359,-17.60485152,177.45749359,ECI:1076799.0,1076799.0,184.0,40988.0,41.0,0.707792,0.707792,,,,77.71,77.71,88.52,88.52,64.49,64.49,0,1,0,1,radio_limited_degradation,normal,radio,statistical_only_retained,0.0,1.0,1.0,1.0,0.0,1.0,0.13169492905987054,0.0,1.0,1,1,True,22.25,71.95,58.37,65.84,High,Medium,True,False,,True,priority_and_confidence_gate,High,INC-000910,new_session_or_first_episode
LTE-TP-EP-001333,542020041221088+20250828115753+Fiji-Nadi-LTE-DL-D!20250828113321,Fiji-Nadi-LTE-DL-D,2025-08-28 01:31:43+02:00,2025-08-28 01:31:45+02:00,2,-17.60490083,177.45750724,-17.6050005,177.45753099,ECI:1080094.0,1080094.0,184.0,1850.0,3.0,1.467696,13.831224,103.049195,76.854443,0.2541965708708351,72.83,65.155,85.86,72.23,56.91,56.504999999999995,0,2,0,2,radio_limited_degradation,normal,capability,statistical_only_retained,2.0,3.0,2.0,0.6666666666666666,1.0,1.0,5.727176398802097,0.0,1.0,2,1,True,18.5,65.61,52.58,59.75,High,Medium,True,False,,True,priority_and_confidence_gate,Medium,INC-000911,"new:gap=1.0s,dist=5.670681398274449m,cell=False,family=True"
LTE-TP-EP-001335,542020041221088+20250828115753+Fiji-Nadi-LTE-DL-D!20250828113321,Fiji-Nadi-LTE-DL-D,2025-08-28 01:32:49+02:00,2025-08-28 01:32:49+02:00,1,-17.6057534,177.4606525,-17.6057534,177.4606525,ECI:1076541.0,1076541.0,182.0,40790.0,41.0,5.87648,5.87648,49.4498,43.57332,0.11883728548952674,68.5,68.5,67.51,67.51,69.71,69.71,0,1,0,1,ca_underperformance,normal,capability,statistical_only_retained,0.0,1.0,1.0,1.0,0.0,1.0,10.948497426575008,0.0,1.0,1,0,False,22.25,56.2,62.28,58.93,High,High,True,False,,True,priority_and_confidence_gate,Medium,INC-000912,"new:gap=64.0s,dist=341.2674998796657m,cell=False,family=True"
LTE-TP-EP-001336,542020041221088+20250828115753+Fiji-Nadi-LTE-DL-D!20250828113321,Fiji-Nadi-LTE-DL-D,2025-08-28 01:32:52+02:00,2025-08-28 01:32:54+02:00,2,-17.6057816,177.4608321,-17.60579102,177.4608919,ECI:1076266.0,1076266.0,373.0,40790.0,41.0,3.188904,4.095808,,,,65.91,62.355,79.84,76.66499999999999,48.89,44.865,0,2,0,1,radio_limited_degradation,normal,radio,statistical_only_retained,2.0,3.0,2.0,0.6666666666666666,1.0,1.0,13.229683034883479,0.0,0.5,1,2,True,18.5,63.71,40.66,53.34,High,Medium,True,False,,True,priority_and_confidence_gate,Medium,INC-000913,"new:gap=3.0s,dist=19.291762034365124m,cell=False,family=False"
LTE-TP-EP-001337,542020041221088+20250828120053+Fiji-Nadi-LTE-DL-D!20250828113532,Fiji-Nadi-LTE-DL-D,2025-08-28 01:33:33+02:00,2025-08-28 01:33:35+02:00,2,-17.60477456,177.461191,-17.60475663,177.46113268,ECI:1080088.0,1080088.0,196.0,356.0,1.0,5.237312,6.573036,,,,69.24,59.67,72.67,67.995,65.05,49.5,0,2,0,1,radio_limited_degradation,normal,radio,statistical_only_retained,2.0,3.0,2.0,0.6666666666666666,1.0,1.0,6.066176290623359,0.0,0.5,1,2,True,18.5,57.96,49.9,54.33,High,Medium,True,False,,True,priority_and_confidence_gate,Medium,INC-000914,new_session_or_first_episode
LTE-TP-EP-001340,542020041221088+20250828120053+Fiji-Nadi-LTE-DL-D!20250828113532,Fiji-Nadi-LTE-DL-D,2025-08-28 01:34:43+02:00,2025-08-28 01:34:44+02:00,2,-17.603662,177.46074416,-17.6036196,177.4605712,ECI:1077525.0,1077525.0,187.0,500.0,1.0,2.98836,5.882028,43.970293999999996,35.194598,0.19958238168705447,57.71,57.285,59.54,57.265,61.04,57.31,0,2,0,2,ca_underperformance,normal,capability,statistical_only_retained,1.0,2.0,2.0,1.0,0.0,2.0,28.22135934438049,0.0,1.0,2,1,True,29.5,51.46,54.85,52.99,Medium,Medium,True,False,,True,priority_and_confidence_gate,Medium,INC-000915,"new:gap=68.0s,dist=128.49434465838866m,cell=False,family=False"
LTE-TP-EP-001341,542020041221088+20250828120053+Fiji-Nadi-LTE-DL-D!20250828113532,Fiji-Nadi-LTE-DL-D,2025-08-28 01:35:18+02:00,2025-08-28 01:35:24+02:00,6,-17.60439987,177.4595142,-17.6044434,177.4595008,ECI:1076796.0,1076796.0,184.0,40790.0,41.0,2.5121279,5.362223999999999,49.4498,44.921440000000004,0.09157489009055648,75.86,61.23500000000001,82.21,69.38833333333334,81.24,51.26666666666666,0,6,0,3,radio_limited_degradation,normal,radio,statistical_only_retained,6.0,7.0,6.0,0.8571428571428571,1.0,4.0,4.925645652241855,0.0,0.5,3,4,True,44.36,69.54,58.44,64.54,High,Medium,True,False,,True,priority_and_confidence_gate,Medium,INC-000916,"new:gap=34.0s,dist=141.6975211054416m,cell=False,family=False"
LTE-TP-EP-001345,542020041221088+20250828120254+Fiji-Nadi-LTE-DL-D!20250828113742,Fiji-Nadi-LTE-DL-D,2025-08-28 01:36:21+02:00,2025-08-28 01:36:22+02:00,2,-17.60418515,177.45758666,-17.6041918,177.4574425,ECI:1080086.0,1080086.0,184.0,500.0,1.0,4.3034,10.2968245,59.31967,43.029421,0.2746179977063257,63.58,58.05,63.94,54.535,63.15,62.355000000000004,0,2,0,1,radio_limited_degradation,normal,capability,statistical_only_retained,1.0,2.0,2.0,1.0,0.0,2.0,15.406000100958787,0.0,0.5,1,2,True,29.5,52.98,52.16,52.61,Medium,Medium,True,False,,True,priority_and_confidence_gate,Medium,INC-000917,new_session_or_first_episode
LTE-TP-EP-001348,542020041221088+20250828120254+Fiji-Nadi-LTE-DL-D!20250828113742,Fiji-Nadi-LTE-DL-D,2025-08-28 01:36:56+02:00,2025-08-28 01:36:56+02:00,1,-17.6044663,177.4563248,-17.6044663,177.4563248,ECI:1076789.0,1076789.0,184.0,41384.0,41.0,1.789504,1.789504,,,,79.73,79.73,93.74,93.74,62.6,62.6,0,1,0,0,radio_limited_degradation,normal,radio,statistical_only_retained,0.0,1.0,1.0,1.0,0.0,1.0,0.0,0.0,0.0,0,1,True,22.25,75.87,46.95,62.85,High,Medium,True,False,,True,priority_and_confidence_gate,Medium,INC-000918,"new:gap=34.0s,dist=122.33141580532569m,cell=False,family=True"
LTE-TP-EP-001349,542020041221088+20250828120254+Fiji-Nadi-LTE-DL-D!20250828113742,Fiji-Nadi-LTE-DL-D,2025-08-28 01:37:00+02:00,2025-08-28 01:37:04+02:00,3,-17.6044663,177.4563248,-17.6044663,177.4563248,ECI:1076789.0,1076789.0,184.0,41384.0,41.0,0.527536,0.669856,,,,81.3,80.38,98.15,97.71,60.71,59.199999999999996,0,3,0,0,radio_limited_degradation,normal,radio,statistical_only_retained,4.0,5.0,3.0,0.6,2.0,2.0,0.010934890440462445,0.0,0.0,0,3,True,24.75,79.69,45.16,64.15,High,Medium,True,False,,True,priority_and_confidence_gate,Medium,INC-000918,"bridged:gap=4.0s,dist=0.0m,cell=True,family=True"
LTE-TP-EP-001350,542020041221088+20250828120254+Fiji-Nadi-LTE-DL-D!20250828113742,Fiji-Nadi-LTE-DL-D,2025-08-28 01:37:09+02:00,2025-08-28 01:37:10+02:00,2,-17.6044616,177.4562467,-17.60445551,177.45624555,ECI:1076789.0,1076789.0,184.0,41384.0,41.0,0.046384,0.37122,,,,81.97,81.42,99.84,98.7,60.46,60.295,0,2,0,0,radio_limited_degradation,normal,radio,statistical_only_retained,1.0,2.0,2.0,1.0,0.0,2.0,4.058689538513864,0.0,0.0,0,2,True,29.5,81.97,45.3,65.47,Critical,Medium,True,False,,True,priority_and_confidence_gate,High,INC-000918,"bridged:gap=5.0s,dist=8.294104787152138m,cell=True,family=True"
LTE-TP-EP-001351,542020041221088+20250828120254+Fiji-Nadi-LTE-DL-D!20250828113742,Fiji-Nadi-LTE-DL-D,2025-08-28 01:37:16+02:00,2025-08-28 01:37:16+02:00,1,-17.604152,177.4561329,-17.604152,177.4561329,ECI:1082165.0,1082165.0,184.0,41384.0,41.0,0.18468,0.18468,,,,83.33,83.33,99.35,99.35,63.75,63.75,0,1,0,0,radio_limited_degradation,normal,radio,statistical_only_retained,0.0,1.0,1.0,1.0,0.0,1.0,13.135362189141235,0.0,0.0,0,1,True,22.25,80.08,47.81,65.56,Critical,Medium,True,False,,True,priority_and_confidence_gate,High,INC-000919,"new:gap=6.0s,dist=35.798526097160796m,cell=False,family=True"
LTE-TP-EP-001352,542020041221088+20250828120254+Fiji-Nadi-LTE-DL-D!20250828113742,Fiji-Nadi-LTE-DL-D,2025-08-28 01:37:20+02:00,2025-08-28 01:37:24+02:00,3,-17.60392286,177.4560751,-17.6035532,177.4559767,ECI:1082165.0,1082165.0,184.0,41384.0,41.0,0.58592,0.6846,,,,79.75,78.82666666666667,97.95,97.61666666666667,58.3,55.86333333333334,0,3,0,1,radio_limited_degradation,normal,radio,statistical_only_retained,4.0,5.0,3.0,0.6,2.0,2.0,33.6804834440172,0.0,0.3333333333333333,1,3,True,24.75,79.57,46.45,64.66,High,Medium,True,False,,True,priority_and_confidence_gate,Medium,INC-000919,"bridged:gap=4.0s,dist=26.20535639326706m,cell=True,family=True"
LTE-TP-EP-001353,542020041221088+20250828120902+Fiji-Nadi-LTE-DL-D!20250828113953,Fiji-Nadi-LTE-DL-D,2025-08-28 01:38:43+02:00,2025-08-28 01:38:45+02:00,2,-17.6030901,177.45433388,-17.6031023,177.4542971,ECI:1076789.0,1076789.0,184.0,41384.0,41.0,5.22196,6.27974,,,,69.42,67.02000000000001,72.72,69.02,74.44,64.585,0,2,0,0,radio_limited_degradation,normal,radio,statistical_only_retained,2.0,3.0,2.0,0.6666666666666666,1.0,1.0,0.922931262338347,0.0,0.0,0,2,True,18.5,58.24,53.37,56.05,High,Medium,True,False,,True,priority_and_confidence_gate,Medium,INC-000920,new_session_or_first_episode
LTE-TP-EP-001354,542020041221088+20250828120902+Fiji-Nadi-LTE-DL-D!20250828113953,Fiji-Nadi-LTE-DL-D,2025-08-28 01:39:02+02:00,2025-08-28 01:39:02+02:00,1,-17.6032085,177.453962,-17.6032085,177.453962,ECI:1076789.0,1076789.0,184.0,41384.0,41.0,4.045528,4.045528,,,,73.38,73.38,76.84,76.84,69.16,69.16,0,1,0,0,radio_limited_degradation,normal,radio,statistical_only_retained,0.0,1.0,1.0,1.0,0.0,1.0,5.130506392254542,0.0,0.0,0,1,True,22.25,63.19,51.87,58.1,High,Medium,True,False,,True,priority_and_confidence_gate,Medium,INC-000921,"new:gap=17.0s,dist=37.428386486345126m,cell=True,family=True"
LTE-TP-EP-001357,542020041221088+20250828121001+Fiji-Nadi-LTE-DL-D!20250828114201,Fiji-Nadi-LTE-DL-D,2025-08-28 01:40:25+02:00,2025-08-28 01:40:25+02:00,1,-17.6033705,177.4534133,-17.6033705,177.4534133,ECI:1076789.0,1076789.0,184.0,41384.0,41.0,1.391464,1.391464,,,,67.34,67.34,65.13,65.13,70.05,70.05,0,1,0,1,radio_limited_degradation,normal,radio,statistical_only_retained,0.0,1.0,1.0,1.0,0.0,1.0,0.10953950895126169,0.0,1.0,1,1,True,22.25,54.41,62.54,58.07,Medium,High,True,False,,True,priority_and_confidence_gate,Medium,INC-000922,new_session_or_first_episode
LTE-TP-EP-001358,542020041221088+20250828121001+Fiji-Nadi-LTE-DL-D!20250828114201,Fiji-Nadi-LTE-DL-D,2025-08-28 01:40:54+02:00,2025-08-28 01:40:55+02:00,2,-17.60350777,177.45300341,-17.603515,177.4529859,ECI:1076789.0,1076789.0,184.0,41384.0,41.0,0.132168,0.478712,,,,80.92,80.61500000000001,90.54,89.325,70.77,69.965,0,2,0,1,radio_limited_degradation,normal,radio,statistical_only_retained,1.0,2.0,2.0,1.0,0.0,2.0,2.781233287961948,0.0,0.5,1,2,True,29.5,74.98,57.88,67.28,High,Medium,True,False,,True,priority_and_confidence_gate,High,INC-000923,"new:gap=29.0s,dist=46.04689178488159m,cell=True,family=True"
LTE-TP-EP-001360,542020041221088+20250828121001+Fiji-Nadi-LTE-DL-D!20250828114201,Fiji-Nadi-LTE-DL-D,2025-08-28 01:41:33+02:00,2025-08-28 01:41:33+02:00,1,-17.6035804,177.452794,-17.6035804,177.452794,ECI:1076789.0,1076789.0,184.0,41384.0,41.0,0.119264,0.119264,,,,69.99,69.99,69.58,69.58,70.5,70.5,0,1,0,1,radio_limited_degradation,normal,radio,statistical_only_retained,0.0,1.0,1.0,1.0,0.0,1.0,2.9227332676590163,0.0,1.0,1,1,True,22.25,57.75,62.87,60.05,High,High,True,False,,True,priority_and_confidence_gate,Medium,INC-000924,"new:gap=38.0s,dist=21.60007871045736m,cell=True,family=True"
LTE-TP-EP-001361,542020041221088+20250828121001+Fiji-Nadi-LTE-DL-D!20250828114201,Fiji-Nadi-LTE-DL-D,2025-08-28 01:41:52+02:00,2025-08-28 01:41:52+02:00,1,-17.6036716,177.45252971,-17.6036716,177.45252971,ECI:1076789.0,1076789.0,184.0,41384.0,41.0,0.003112,0.003112,,,,78.77,78.77,90.99,90.99,63.84,63.84,0,1,0,0,radio_limited_degradation,normal,radio,statistical_only_retained,0.0,1.0,1.0,1.0,0.0,1.0,0.12024662414166179,0.0,0.0,0,1,True,22.25,73.8,47.88,62.14,High,Medium,True,False,,True,priority_and_confidence_gate,Medium,INC-000925,"new:gap=19.0s,dist=29.790727593947647m,cell=True,family=True"
LTE-TP-EP-001363,542020041221088+20250828121001+Fiji-Nadi-LTE-DL-D!20250828114201,Fiji-Nadi-LTE-DL-D,2025-08-28 01:41:57+02:00,2025-08-28 01:41:57+02:00,1,-17.60373739,177.45234957,-17.60373739,177.45234957,ECI:1076790.0,1076790.0,139.0,41384.0,41.0,7.678856,7.678856,,,,64.88,64.88,64.12,64.12,65.8,65.8,0,1,0,1,rb_efficiency_underperformance,normal,radio,statistical_only_retained,0.0,1.0,1.0,1.0,0.0,1.0,0.03637956484694877,0.0,1.0,1,1,True,22.25,53.65,59.35,56.22,Medium,Medium,True,False,,True,priority_and_confidence_gate,Medium,INC-000926,"new:gap=5.0s,dist=20.446193777976017m,cell=False,family=True"
LTE-TP-EP-001364,542020041221088+20250828121041+Fiji-Nadi-LTE-DL-D!20250828114409,Fiji-Nadi-LTE-DL-D,2025-08-28 01:42:07+02:00,2025-08-28 01:42:07+02:00,1,-17.6038731,177.4519317,-17.6038731,177.4519317,ECI:1076790.0,1076790.0,185.0,41384.0,41.0,0.012216,0.012216,18.8546305,18.8424145,0.0006479045028222642,73.71,73.71,74.34,74.34,72.94,72.94,0,1,0,1,rolling_local_drop,normal,temporal,statistical_only_retained,0.0,1.0,1.0,1.0,0.0,1.0,,0.0,1.0,1,0,False,22.25,61.32,64.7,62.84,High,High,True,False,,True,priority_and_confidence_gate,Medium,INC-000927,new_session_or_first_episode
LTE-TP-EP-001365,542020041221088+20250828121041+Fiji-Nadi-LTE-DL-D!20250828114409,Fiji-Nadi-LTE-DL-D,2025-08-28 01:42:08+02:00,2025-08-28 01:42:09+02:00,2,-17.60387324,177.45193114,-17.60388575,177.45188649,ECI:1082165.0,1082165.0,139.0,41384.0,41.0,3.153496,13.4060405,121.14346,97.484875,0.12414015133452405,65.21,64.16,67.95,65.78,62.5,62.18,0,2,0,2,rb_conditioned_underperformance,normal,capability,statistical_only_retained,1.0,2.0,2.0,1.0,0.0,2.0,4.993928339521279,0.0,1.0,2,0,False,29.5,57.79,56.79,57.34,High,Medium,True,False,,True,priority_and_confidence_gate,Medium,INC-000928,"new:gap=1.0s,dist=0.0613607547463543m,cell=False,family=False"
LTE-TP-EP-001366,542020041221088+20250828121041+Fiji-Nadi-LTE-DL-D!20250828114409,Fiji-Nadi-LTE-DL-D,2025-08-28 01:42:18+02:00,2025-08-28 01:42:20+02:00,3,-17.6039857,177.45159,-17.6039866,177.4515492,ECI:1082165.0,1082165.0,139.0,41384.0,41.0,3.098448,35.658432,121.14346,118.045012,0.02557668404055819,96.97,73.61333333333333,94.63,67.24,99.82,81.39999999999999,0,3,0,2,ca_underperformance,ml_hgb_strict_causal_temporal_underperformance,capability,statistical_only_retained,2.0,3.0,3.0,1.0,0.0,3.0,8.112732085239022,0.0,0.6666666666666666,2,0,False,36.75,73.31,76.93,74.94,High,High,True,False,,True,priority_and_confidence_gate,High,INC-000929,"new:gap=9.0s,dist=33.33178612876221m,cell=True,family=True"
LTE-TP-EP-001367,542020041221088+20250828121041+Fiji-Nadi-LTE-DL-D!20250828114409,Fiji-Nadi-LTE-DL-D,2025-08-28 01:42:32+02:00,2025-08-28 01:42:32+02:00,1,-17.60382833,177.45143622,-17.60382833,177.45143622,ECI:1076790.0,1076790.0,185.0,41384.0,41.0,0.033152,0.033152,,,,72.11,72.11,69.88,69.88,74.84,74.84,0,1,0,1,radio_limited_degradation,normal,radio,statistical_only_retained,0.0,1.0,1.0,1.0,0.0,1.0,0.02743456585700713,0.0,1.0,1,1,True,22.25,57.97,66.13,61.64,High,High,True,False,,True,priority_and_confidence_gate,Medium,INC-000930,"new:gap=12.0s,dist=21.286335996472054m,cell=False,family=False"
LTE-TP-EP-001369,542020041221088+20250828121041+Fiji-Nadi-LTE-DL-D!20250828114409,Fiji-Nadi-LTE-DL-D,2025-08-28 01:42:55+02:00,2025-08-28 01:42:55+02:00,1,-17.60359218,177.45111221,-17.60359218,177.45111221,ECI:1076787.0,1076787.0,185.0,41186.0,41.0,0.010432,0.010432,19.042058652384842,19.03162665238484,0.0005478399258419199,77.24,77.24,74.94,74.94,80.04,80.04,0,1,0,1,sudden_drop,normal,temporal,statistical_only_retained,0.0,1.0,1.0,1.0,0.0,1.0,2.198250607540563,0.0,1.0,1,0,False,22.25,61.77,70.03,65.49,High,High,True,False,,True,priority_and_confidence_gate,High,INC-000931,"new:gap=23.0s,dist=43.23002345942588m,cell=False,family=False"
LTE-TP-EP-001370,542020041221088+20250828121041+Fiji-Nadi-LTE-DL-D!20250828114409,Fiji-Nadi-LTE-DL-D,2025-08-28 01:42:59+02:00,2025-08-28 01:42:59+02:00,1,-17.60346942,177.45108363,-17.60346942,177.45108363,ECI:1076787.0,1076787.0,139.0,41186.0,41.0,16.477743,16.477743,103.734363,87.25662,0.1588455601737295,70.27,70.27,70.14,70.14,70.42,70.42,0,1,0,1,rb_conditioned_underperformance,normal,capability,statistical_only_retained,0.0,1.0,1.0,1.0,0.0,1.0,0.667895593039325,0.0,1.0,1,0,False,22.25,58.17,62.82,60.26,High,High,True,False,,True,priority_and_confidence_gate,Medium,INC-000932,"new:gap=4.0s,dist=13.982367041579778m,cell=True,family=False"
LTE-TP-EP-001371,542020041221088+20250828121041+Fiji-Nadi-LTE-DL-D!20250828114409,Fiji-Nadi-LTE-DL-D,2025-08-28 01:43:11+02:00,2025-08-28 01:43:12+02:00,2,-17.60294869,177.4509668,-17.6028,177.4508927,ECI:1076787.0,1076787.0,185.0,41186.0,41.0,3.664512,3.791932,27.213704994986422,23.54919299498642,0.1346568576632661,73.27,66.34,67.47,60.93,80.35,72.945,0,2,0,2,rolling_local_drop,normal,temporal,statistical_only_retained,1.0,2.0,2.0,1.0,0.0,2.0,18.438673496110564,0.0,1.0,2,0,False,29.5,56.34,68.41,61.77,High,High,True,False,,True,priority_and_confidence_gate,Medium,INC-000933,"new:gap=12.0s,dist=59.21183687389703m,cell=True,family=False"
LTE-TP-EP-001372,542020041221088+20250828121041+Fiji-Nadi-LTE-DL-D!20250828114409,Fiji-Nadi-LTE-DL-D,2025-08-28 01:43:27+02:00,2025-08-28 01:43:27+02:00,1,-17.60228039,177.45027282,-17.60228039,177.45027282,ECI:1082162.0,1082162.0,139.0,41186.0,41.0,17.055744,17.055744,105.7221075,88.6663635,0.16132618241648275,71.23,71.23,69.27,69.27,73.62,73.62,0,1,0,1,rb_conditioned_underperformance,normal,capability,statistical_only_retained,0.0,1.0,1.0,1.0,0.0,1.0,8.727235831665867,0.0,1.0,1,0,False,22.25,57.52,65.22,60.98,High,High,True,False,,True,priority_and_confidence_gate,Medium,INC-000934,"new:gap=15.0s,dist=87.49186166356408m,cell=False,family=False"
LTE-TP-EP-001374,542020041221088+20250828121041+Fiji-Nadi-LTE-DL-D!20250828114409,Fiji-Nadi-LTE-DL-D,2025-08-28 01:44:01+02:00,2025-08-28 01:44:01+02:00,1,-17.6037042,177.449819,-17.6037042,177.449819,ECI:1082165.0,1082165.0,139.0,41384.0,41.0,0.712576,0.712576,31.57807429675988,30.86549829675988,0.022565530541965792,79.67,79.67,78.58,78.58,81.0,81.0,0,1,0,1,sudden_drop,normal,temporal,statistical_only_retained,0.0,1.0,1.0,1.0,0.0,1.0,4.691207776938262,0.0,1.0,1,0,False,22.25,64.5,70.75,67.31,High,High,True,False,,True,priority_and_confidence_gate,High,INC-000935,"new:gap=34.0s,dist=165.46603472077047m,cell=False,family=False"
LTE-TP-EP-001375,542020041221088+20250828121201+Fiji-Nadi-LTE-DL-D!20250828114619,Fiji-Nadi-LTE-DL-D,2025-08-28 01:45:05+02:00,2025-08-28 01:45:06+02:00,2,-17.6043939,177.4518969,-17.6044026,177.4519536,ECI:1076791.0,1076791.0,183.0,41384.0,41.0,0.229016,0.97458,19.984931742682438,19.11998735714822,0.011836061825654354,74.81,72.09,73.92,71.13499999999999,75.9,73.255,0,2,0,2,rolling_local_drop,normal,temporal,statistical_only_retained,1.0,2.0,2.0,1.0,0.0,2.0,20.09189934918883,0.0,1.0,2,0,False,29.5,62.12,66.26,63.98,High,High,True,False,,True,priority_and_confidence_gate,Medium,INC-000936,new_session_or_first_episode
LTE-TP-EP-001377,542020041221088+20250828121201+Fiji-Nadi-LTE-DL-D!20250828114619,Fiji-Nadi-LTE-DL-D,2025-08-28 01:45:48+02:00,2025-08-28 01:45:48+02:00,1,-17.6032307,177.4537385,-17.6032307,177.4537385,ECI:1076789.0,1076789.0,184.0,41384.0,41.0,1.246504,1.246504,,,,68.69,68.69,65.64,65.64,72.41,72.41,0,1,0,1,radio_limited_degradation,normal,radio,statistical_only_retained,0.0,1.0,1.0,1.0,0.0,1.0,5.264818003463246,0.0,1.0,1,1,True,22.25,54.79,64.31,59.07,Medium,High,True,False,,True,priority_and_confidence_gate,Medium,INC-000937,"new:gap=42.0s,dist=229.71458877543313m,cell=False,family=False"
LTE-TP-EP-001379,542020041221088+20250828121301+Fiji-Nadi-LTE-DL-D!20250828114829,Fiji-Nadi-LTE-DL-D,2025-08-28 01:46:27+02:00,2025-08-28 01:46:27+02:00,1,-17.6027985,177.4550022,-17.6027985,177.4550022,EARFCN:41384.0|PCI:184.0,,184.0,41384.0,41.0,0.270976,0.270976,21.058099751947513,20.78712375194751,0.012868017684023904,75.86,75.86,75.44,75.44,76.38,76.38,0,1,0,1,rolling_local_drop,normal,temporal,statistical_only_retained,0.0,1.0,1.0,1.0,0.0,1.0,,0.0,1.0,1,0,False,22.25,62.14,67.28,64.46,High,High,True,False,,True,priority_and_confidence_gate,Medium,INC-000938,new_session_or_first_episode
LTE-TP-EP-001382,542020041221088+20250828121301+Fiji-Nadi-LTE-DL-D!20250828114829,Fiji-Nadi-LTE-DL-D,2025-08-28 01:46:54+02:00,2025-08-28 01:46:55+02:00,2,-17.6024885,177.4557177,-17.6024876,177.4557471,ECI:1076789.0,1076789.0,184.0,41384.0,41.0,0.002048,0.478268,17.705171042311747,17.70312304231175,0.00011567242107436849,74.33,73.435,72.67,71.00999999999999,76.44,76.395,0,2,0,2,radio_limited_degradation,normal,temporal,statistical_only_retained,1.0,2.0,2.0,1.0,0.0,2.0,9.42260463657725,0.0,1.0,2,1,True,29.5,61.46,67.32,64.1,High,High,True,False,,True,priority_and_confidence_gate,Medium,INC-000939,"new:gap=27.0s,dist=83.30145803138385m,cell=False,family=True"
LTE-TP-EP-001383,542020041221088+20250828121301+Fiji-Nadi-LTE-DL-D!20250828114829,Fiji-Nadi-LTE-DL-D,2025-08-28 01:47:05+02:00,2025-08-28 01:47:05+02:00,1,-17.6025428,177.4557931,-17.6025428,177.4557931,ECI:1076789.0,1076789.0,184.0,41384.0,41.0,0.147056,0.147056,16.682231352717555,16.535175352717555,0.008815127718273995,73.8,73.8,70.51,70.51,77.83,77.83,0,1,0,1,radio_limited_degradation,normal,temporal,statistical_only_retained,0.0,1.0,1.0,1.0,0.0,1.0,0.2158744320284909,0.0,1.0,1,1,True,22.25,58.45,68.37,62.91,High,High,True,False,,True,priority_and_confidence_gate,Medium,INC-000940,"new:gap=10.0s,dist=7.838681982663281m,cell=True,family=True"
LTE-TP-EP-001386,542020041221088+20250828121301+Fiji-Nadi-LTE-DL-D!20250828114829,Fiji-Nadi-LTE-DL-D,2025-08-28 01:47:34+02:00,2025-08-28 01:47:35+02:00,2,-17.6025797,177.4557892,-17.60257959,177.45578923,ECI:1076789.0,1076789.0,184.0,41384.0,41.0,5.373664,5.5446279999999994,,,,53.21,53.075,51.19,50.595,56.53,56.105000000000004,0,2,0,0,radio_limited_degradation,normal,radio,statistical_only_retained,1.0,2.0,2.0,1.0,0.0,2.0,0.012637990870682207,0.0,0.0,0,2,True,29.5,45.62,42.29,44.12,Medium,Medium,True,False,,True,priority_and_confidence_gate,Medium,INC-000941,"new:gap=29.0s,dist=4.123867094466238m,cell=True,family=True"
LTE-TP-EP-001388,542020041221088+20250828121341+Fiji-Nadi-LTE-DL-D!20250828115038,Fiji-Nadi-LTE-DL-D,2025-08-28 01:49:08+02:00,2025-08-28 01:49:08+02:00,1,-17.6033872,177.4533815,-17.6033872,177.4533815,ECI:1076789.0,1076789.0,184.0,41384.0,41.0,1.197536,1.197536,,,,66.95,66.95,65.81,65.81,68.35,68.35,0,1,0,1,radio_limited_degradation,normal,radio,statistical_only_retained,0.0,1.0,1.0,1.0,0.0,1.0,0.603363048207495,0.0,1.0,1,1,True,22.25,54.92,61.26,57.77,Medium,High,True,False,,True,priority_and_confidence_gate,Medium,INC-000942,new_session_or_first_episode
LTE-TP-EP-001392,542020041221088+20250828121442+Fiji-Nadi-LTE-DL-D!20250828115247,Fiji-Nadi-LTE-DL-D,2025-08-28 01:51:54+02:00,2025-08-28 01:51:55+02:00,2,-17.6043574,177.452286,-17.60435739,177.45228602,ECI:1076791.0,1076791.0,183.0,41384.0,41.0,0.008392,0.017528000000000002,,,,82.85,81.645,90.97,90.94,73.0,70.28999999999999,0,2,0,2,radio_limited_degradation,normal,radio,statistical_only_retained,1.0,2.0,2.0,1.0,0.0,2.0,0.0023936971994184004,0.0,1.0,2,2,True,29.5,75.59,64.07,70.41,High,High,True,False,,True,priority_and_confidence_gate,High,INC-000943,new_session_or_first_episode
LTE-TP-EP-001394,542020041221088+20250828121442+Fiji-Nadi-LTE-DL-D!20250828115247,Fiji-Nadi-LTE-DL-D,2025-08-28 01:52:30+02:00,2025-08-28 01:52:32+02:00,2,-17.6043574,177.452286,-17.60435739,177.45228602,ECI:1076791.0,1076791.0,183.0,41384.0,41.0,1.304424,4.616508,27.71546317395694,19.78687117395694,0.2860710625774483,67.47,65.47,65.43,60.035000000000004,74.27,72.12,0,2,0,2,radio_limited_degradation,normal,radio,statistical_only_retained,2.0,3.0,2.0,0.6666666666666666,1.0,1.0,0.0,0.0,1.0,2,1,True,18.5,52.35,65.16,58.12,Medium,High,True,False,,True,priority_and_confidence_gate,Medium,INC-000944,"new:gap=35.0s,dist=0.0023936972959801976m,cell=True,family=True"
LTE-TP-EP-001395,542020041221088+20250828121542+Fiji-Nadi-LTE-DL-D!20250828115456,Fiji-Nadi-LTE-DL-D,2025-08-28 01:52:54+02:00,2025-08-28 01:52:54+02:00,1,-17.60509834,177.4521174,-17.60509834,177.4521174,EARFCN:41384.0|PCI:183.0,,183.0,41384.0,41.0,4.662912,4.662912,46.38832179129196,41.72540979129196,0.1005190923047215,83.16,83.16,75.34,75.34,92.71,92.71,0,1,0,1,rolling_local_drop,normal,temporal,statistical_only_retained,0.0,1.0,1.0,1.0,0.0,1.0,,0.0,1.0,1,0,False,22.25,62.07,79.53,69.93,High,High,True,False,,True,priority_and_confidence_gate,High,INC-000945,new_session_or_first_episode
LTE-TP-EP-001396,542020041221088+20250828121542+Fiji-Nadi-LTE-DL-D!20250828115456,Fiji-Nadi-LTE-DL-D,2025-08-28 01:53:17+02:00,2025-08-28 01:53:17+02:00,1,-17.6052529,177.4516253,-17.6052529,177.4516253,ECI:1082165.0,1082165.0,139.0,41384.0,41.0,1.228984,1.228984,11.250013721828713,10.021029721828713,0.10924288897669239,65.91,65.91,54.84,54.84,79.44,79.44,0,1,0,1,rolling_local_drop,normal,temporal,statistical_only_retained,0.0,1.0,1.0,1.0,0.0,1.0,5.036954516106392,0.0,1.0,1,0,False,22.25,46.69,69.58,56.99,Medium,High,True,False,,True,priority_and_confidence_gate,Medium,INC-000946,"new:gap=23.0s,dist=54.914867272929946m,cell=False,family=True"
LTE-TP-EP-001397,542020041221088+20250828121642+Fiji-Nadi-LTE-DL-D!20250828115710,Fiji-Nadi-LTE-DL-D,2025-08-28 01:55:51+02:00,2025-08-28 01:55:51+02:00,1,-17.60442834,177.45214253,-17.60442834,177.45214253,ECI:1076791.0,1076791.0,183.0,41384.0,41.0,1.73748,1.73748,,,,67.03,67.03,63.92,63.92,70.84,70.84,0,1,0,1,radio_limited_degradation,normal,radio,statistical_only_retained,0.0,1.0,1.0,1.0,0.0,1.0,0.0,0.0,1.0,1,1,True,22.25,53.5,63.13,57.83,Medium,High,True,False,,True,priority_and_confidence_gate,Medium,INC-000947,new_session_or_first_episode
LTE-TP-EP-001403,542020041221088+20250828121902+Fiji-Nadi-LTE-DL-D!20250828120130,Fiji-Nadi-LTE-DL-D,2025-08-28 01:59:40+02:00,2025-08-28 01:59:40+02:00,1,-17.604083,177.4523574,-17.604083,177.4523574,ECI:1076791.0,1076791.0,183.0,41384.0,41.0,4.868656,4.868656,30.92282517154082,26.05416917154082,0.15744538129979035,68.94,68.94,65.88,65.88,72.69,72.69,0,1,0,1,sudden_drop,normal,temporal,statistical_only_retained,0.0,1.0,1.0,1.0,0.0,1.0,0.035001787671964914,0.0,1.0,1,0,False,22.25,54.97,64.52,59.27,Medium,High,True,False,,True,priority_and_confidence_gate,Medium,INC-000948,new_session_or_first_episode
LTE-TP-EP-001405,542020041221088+20250828121902+Fiji-Nadi-LTE-DL-D!20250828120130,Fiji-Nadi-LTE-DL-D,2025-08-28 02:00:18+02:00,2025-08-28 02:00:18+02:00,1,-17.6044889,177.4523965,-17.6044889,177.4523965,ECI:1076791.0,1076791.0,183.0,41384.0,41.0,0.051088,0.051088,18.606027472314718,18.554939472314718,0.0027457768766609427,74.77,74.77,73.76,73.76,76.0,76.0,0,1,0,1,sudden_drop,normal,temporal,statistical_only_retained,0.0,1.0,1.0,1.0,0.0,1.0,3.5952985509875934,0.0,1.0,1,0,False,22.25,60.88,67.0,63.64,High,High,True,False,,True,priority_and_confidence_gate,Medium,INC-000949,"new:gap=38.0s,dist=45.32393566208703m,cell=True,family=True"
LTE-TP-EP-001408,542020041221088+20250828121902+Fiji-Nadi-LTE-DL-D!20250828120130,Fiji-Nadi-LTE-DL-D,2025-08-28 02:00:55+02:00,2025-08-28 02:00:56+02:00,2,-17.6046294,177.453005,-17.6046294,177.4530048,ECI:1076791.0,1076791.0,183.0,41384.0,41.0,0.029048,0.248948,26.893396676091303,26.470891875829864,0.0010961534303892584,79.32,77.995,78.51,77.9,80.32,78.12,0,2,0,2,radio_limited_degradation,normal,temporal,statistical_only_retained,1.0,2.0,2.0,1.0,0.0,2.0,0.045134407601533505,0.0,1.0,2,1,True,29.5,66.1,69.69,67.72,High,High,True,False,,True,priority_and_confidence_gate,High,INC-000950,"new:gap=37.0s,dist=66.35863302140167m,cell=True,family=True"
LTE-TP-EP-001409,542020041221088+20250828121902+Fiji-Nadi-LTE-DL-D!20250828120130,Fiji-Nadi-LTE-DL-D,2025-08-28 02:01:01+02:00,2025-08-28 02:01:01+02:00,1,-17.6046294,177.4530047,-17.6046294,177.4530047,ECI:1076791.0,1076791.0,183.0,41384.0,41.0,12.318048,12.318048,50.118664452982046,37.80061645298205,0.24577765857180736,66.7,66.7,59.33,59.33,75.71,75.71,0,1,0,1,sudden_drop,normal,temporal,statistical_only_retained,0.0,1.0,1.0,1.0,0.0,1.0,0.0,0.0,1.0,1,0,False,22.25,50.06,66.78,57.59,Medium,High,True,False,,True,priority_and_confidence_gate,Medium,INC-000950,"bridged:gap=5.0s,dist=0.01059873895417546m,cell=True,family=True"
LTE-TP-EP-001410,542020041221088+20250828121902+Fiji-Nadi-LTE-DL-D!20250828120130,Fiji-Nadi-LTE-DL-D,2025-08-28 02:01:11+02:00,2025-08-28 02:01:11+02:00,1,-17.6046294,177.4530047,-17.6046294,177.4530047,ECI:1076791.0,1076791.0,183.0,41384.0,41.0,2.699336,2.699336,18.648289409264247,15.948953409264247,0.14474979129501295,64.76,64.76,60.76,60.76,69.66,69.66,0,1,0,1,radio_limited_degradation,normal,temporal,statistical_only_retained,0.0,1.0,1.0,1.0,0.0,1.0,0.0,0.0,1.0,1,1,True,22.25,51.13,62.24,56.13,Medium,High,True,False,,True,priority_and_confidence_gate,Medium,INC-000951,"new:gap=10.0s,dist=0.0m,cell=True,family=True"
LTE-TP-EP-001411,542020041221088+20250828121902+Fiji-Nadi-LTE-DL-D!20250828120130,Fiji-Nadi-LTE-DL-D,2025-08-28 02:01:27+02:00,2025-08-28 02:01:28+02:00,2,-17.6046294,177.4530047,-17.6046294,177.4530047,ECI:1076791.0,1076791.0,183.0,41384.0,41.0,2.547392,5.115184,37.35406292738955,29.67108692738955,0.0890741885849638,70.68,66.635,71.72,67.155,69.41,65.995,0,2,0,2,rolling_local_drop,normal,temporal,statistical_only_retained,1.0,2.0,2.0,1.0,0.0,2.0,0.0,0.0,1.0,2,0,False,29.5,60.02,61.2,60.55,High,High,True,False,,True,priority_and_confidence_gate,Medium,INC-000952,"new:gap=16.0s,dist=0.0m,cell=True,family=True"
LTE-TP-EP-001412,542020041221088+20250828122022+Fiji-Nadi-LTE-DL-D!20250828120340,Fiji-Nadi-LTE-DL-D,2025-08-28 02:01:43+02:00,2025-08-28 02:01:44+02:00,2,-17.6046294,177.4530047,-17.6046294,177.4530047,ECI:1076791.0,1076791.0,183.0,41384.0,41.0,0.01268,0.0368,18.696731645957858,18.635811645957858,0.0007111966066909616,76.34,75.975,73.85,73.35499999999999,79.38,79.18,0,2,0,2,radio_limited_degradation,normal,temporal,statistical_only_retained,1.0,2.0,2.0,1.0,0.0,2.0,0.0,0.0,1.0,2,2,True,29.5,62.64,69.48,65.72,High,High,True,False,,True,priority_and_confidence_gate,High,INC-000953,new_session_or_first_episode
LTE-TP-EP-001413,542020041221088+20250828122022+Fiji-Nadi-LTE-DL-D!20250828120340,Fiji-Nadi-LTE-DL-D,2025-08-28 02:02:58+02:00,2025-08-28 02:02:58+02:00,1,-17.60494725,177.45511734,-17.60494725,177.45511734,ECI:1076791.0,1076791.0,183.0,41384.0,41.0,0.161424,0.161424,,,,77.59,77.59,90.44,90.44,61.89,61.89,0,1,0,0,radio_limited_degradation,normal,radio,statistical_only_retained,0.0,1.0,1.0,1.0,0.0,1.0,0.02232420578017902,0.0,0.0,0,1,True,22.25,73.39,46.42,61.25,High,Medium,True,False,,True,priority_and_confidence_gate,Medium,INC-000954,"new:gap=74.0s,dist=226.68522460243815m,cell=True,family=True"
LTE-TP-EP-001414,542020041221088+20250828122022+Fiji-Nadi-LTE-DL-D!20250828120340,Fiji-Nadi-LTE-DL-D,2025-08-28 02:03:25+02:00,2025-08-28 02:03:25+02:00,1,-17.6041653,177.4550732,-17.6041653,177.4550732,ECI:1076789.0,1076789.0,184.0,41384.0,41.0,0.452936,0.452936,14.937306886815255,14.484370886815256,0.03032246732507009,69.37,69.37,66.17,66.17,73.28,73.28,0,1,0,1,rolling_local_drop,normal,temporal,statistical_only_retained,0.0,1.0,1.0,1.0,0.0,1.0,3.5282077085962413,0.0,1.0,1,0,False,22.25,55.19,64.96,59.59,High,High,True,False,,True,priority_and_confidence_gate,Medium,INC-000955,"new:gap=27.0s,dist=87.07475947380148m,cell=False,family=False"
LTE-TP-EP-001415,542020041221088+20250828122203+Fiji-Nadi-LTE-DL-D!20250828120550,Fiji-Nadi-LTE-DL-D,2025-08-28 02:05:03+02:00,2025-08-28 02:05:04+02:00,2,-17.6033562,177.4530181,-17.60335628,177.45301809,ECI:1076789.0,1076789.0,184.0,41384.0,41.0,5.179944,5.523492,17.300304911145517,12.120360911145518,0.2994134511850645,58.43,57.58,49.47,48.620000000000005,71.45,68.525,0,2,0,1,radio_limited_degradation,normal,radio,statistical_only_retained,1.0,2.0,2.0,1.0,0.0,2.0,0.024320112127962958,0.0,0.5,1,1,True,29.5,44.26,57.86,50.38,Medium,Medium,True,False,,True,priority_and_confidence_gate,Medium,INC-000956,new_session_or_first_episode
LTE-TP-EP-001416,542020041221088+20250828122203+Fiji-Nadi-LTE-DL-D!20250828120550,Fiji-Nadi-LTE-DL-D,2025-08-28 02:05:37+02:00,2025-08-28 02:05:37+02:00,1,-17.6033563,177.4530181,-17.6033563,177.4530181,ECI:1076789.0,1076789.0,184.0,41384.0,41.0,0.205496,0.205496,,,,79.62,79.62,90.28,90.28,66.59,66.59,0,1,0,0,radio_limited_degradation,normal,radio,statistical_only_retained,0.0,1.0,1.0,1.0,0.0,1.0,0.0024635516736665674,0.0,0.0,0,1,True,22.25,73.27,49.94,62.77,High,Medium,True,False,,True,priority_and_confidence_gate,Medium,INC-000957,"new:gap=33.0s,dist=0.0024635522772399657m,cell=True,family=True"
LTE-TP-EP-001417,542020041221088+20250828122241+Fiji-Nadi-LTE-DL-D!20250828121359,Fiji-Nadi-LTE-DL-D,2025-08-28 02:12:04+02:00,2025-08-28 02:12:04+02:00,1,-17.6033711,177.4529777,-17.6033711,177.4529777,ECI:1076799.0,1076799.0,184.0,40988.0,41.0,0.051512,0.051512,,,,84.94,84.94,90.82,90.82,77.76,77.76,0,1,0,0,radio_limited_degradation,normal,radio,statistical_only_retained,0.0,1.0,1.0,1.0,0.0,1.0,0.03952379655544096,0.0,0.0,0,1,True,22.25,73.68,58.32,66.77,High,Medium,True,False,,True,priority_and_confidence_gate,High,INC-000958,new_session_or_first_episode
LTE-TP-EP-001418,542020041221088+20250828122241+Fiji-Nadi-LTE-DL-D!20250828121359,Fiji-Nadi-LTE-DL-D,2025-08-28 02:12:09+02:00,2025-08-28 02:12:11+02:00,2,-17.6033711,177.4529778,-17.6033711,177.4529778,ECI:1076799.0,1076799.0,184.0,40988.0,41.0,0.088144,0.09553600000000001,,,,84.1,84.085,90.69,90.66499999999999,76.05,76.03999999999999,0,2,0,0,radio_limited_degradation,normal,radio,statistical_only_retained,2.0,3.0,2.0,0.6666666666666666,1.0,1.0,0.01059881590766836,0.0,0.0,0,2,True,18.5,72.64,57.03,65.62,High,Medium,True,False,,True,priority_and_confidence_gate,High,INC-000958,"bridged:gap=5.0s,dist=0.01059881582176474m,cell=True,family=True"
LTE-TP-EP-001419,542020041221088+20250828122241+Fiji-Nadi-LTE-DL-D!20250828121359,Fiji-Nadi-LTE-DL-D,2025-08-28 02:12:26+02:00,2025-08-28 02:12:26+02:00,1,-17.6033721,177.4529783,-17.6033721,177.4529783,ECI:1076799.0,1076799.0,184.0,40988.0,41.0,0.987024,0.987024,13.317592203594197,12.330568203594197,0.0741142982087722,71.25,71.25,63.27,63.27,81.0,81.0,0,1,0,1,sudden_drop,normal,temporal,statistical_only_retained,0.0,1.0,1.0,1.0,0.0,1.0,0.011119508138052268,0.0,1.0,1,0,False,22.25,53.02,70.75,61.0,Medium,High,True,False,,True,priority_and_confidence_gate,Medium,INC-000959,"new:gap=15.0s,dist=0.12317758324958815m,cell=True,family=False"
LTE-TP-EP-001423,542020041221088+20250828122241+Fiji-Nadi-LTE-DL-D!20250828121359,Fiji-Nadi-LTE-DL-D,2025-08-28 02:13:05+02:00,2025-08-28 02:13:09+02:00,3,-17.6033727,177.4529791,-17.6033728,177.4529797,ECI:1076799.0,1076799.0,184.0,40988.0,41.0,14.945048,30.084064,111.79482125,81.71075725,0.2691006941432898,62.2,59.31333333333333,59.3,50.74,86.9,69.78333333333335,0,3,0,1,rb_conditioned_underperformance,normal,capability,statistical_only_retained,4.0,5.0,3.0,0.6,2.0,2.0,0.010598813116952027,0.0,0.3333333333333333,1,0,False,24.75,48.52,64.23,55.59,Medium,High,True,False,,True,priority_and_confidence_gate,Medium,INC-000960,"new:gap=39.0s,dist=0.10789158552595128m,cell=True,family=False"
LTE-TP-EP-001425,542020041221088+20250828122241+Fiji-Nadi-LTE-DL-D!20250828121359,Fiji-Nadi-LTE-DL-D,2025-08-28 02:13:23+02:00,2025-08-28 02:13:24+02:00,2,-17.6033731,177.4529804,-17.6033731,177.4529804,ECI:1076799.0,1076799.0,184.0,40988.0,41.0,12.22192,23.490936500000004,111.79482125,77.03486824999999,0.31092632566823847,62.09,60.540000000000006,55.38,46.394999999999996,85.37,77.83000000000001,0,2,0,1,radio_p75_underperformance,normal,capability,statistical_only_retained,1.0,2.0,2.0,1.0,0.0,2.0,0.0,0.0,0.5,1,0,False,29.5,46.66,67.14,55.88,Medium,High,True,False,,True,priority_and_confidence_gate,Medium,INC-000961,"new:gap=14.0s,dist=0.08134616600768603m,cell=True,family=True"
LTE-TP-EP-001427,542020041221088+20250828122241+Fiji-Nadi-LTE-DL-D!20250828121359,Fiji-Nadi-LTE-DL-D,2025-08-28 02:13:39+02:00,2025-08-28 02:13:41+02:00,3,-17.603387,177.4529915,-17.6033865,177.4529934,ECI:1076799.0,1076799.0,184.0,40988.0,41.0,0.017544,0.043552,111.79482125,75.86022825,0.0009764407238451261,78.36,72.44,74.73,67.33,82.8,78.68666666666667,0,3,0,2,radio_limited_degradation,normal,temporal,statistical_only_retained,2.0,3.0,3.0,1.0,0.0,3.0,0.42354774505862597,0.0,0.6666666666666666,2,2,True,36.75,63.39,67.74,65.34,High,High,True,False,,True,priority_and_confidence_gate,High,INC-000962,"new:gap=15.0s,dist=1.9424193082851307m,cell=True,family=False"
LTE-TP-EP-001429,542020041221088+20250828122241+Fiji-Nadi-LTE-DL-D!20250828121359,Fiji-Nadi-LTE-DL-D,2025-08-28 02:13:56+02:00,2025-08-28 02:13:59+02:00,2,-17.6033946,177.453007,-17.6033947,177.453007,ECI:1076799.0,1076799.0,184.0,40988.0,41.0,0.066952,18.455981,111.79482125,74.94981125,0.0037305120175383983,77.31,68.435,72.82,63.035,82.8,75.03999999999999,0,2,0,1,radio_limited_degradation,normal,capability,statistical_only_retained,3.0,4.0,2.0,0.5,2.0,1.0,0.03072317214787464,0.0,0.5,1,1,True,16.0,56.17,65.16,60.21,High,High,True,False,,True,priority_and_confidence_gate,Medium,INC-000963,"new:gap=15.0s,dist=1.6996969163465336m,cell=True,family=True"
LTE-TP-EP-001430,542020041221088+20250828122402+Fiji-Nadi-LTE-DL-D!20250828121612,Fiji-Nadi-LTE-DL-D,2025-08-28 02:14:10+02:00,2025-08-28 02:14:14+02:00,4,-17.6033973,177.4530084,-17.6034009,177.453011,ECI:1076799.0,1076799.0,184.0,40988.0,41.0,0.012208,28.335735999999997,111.79482125,80.82101325,0.0005921455198928666,79.17,64.74,76.2,60.21,82.8,70.2775,0,4,0,1,rb_conditioned_underperformance,normal,capability,statistical_only_retained,4.0,5.0,4.0,0.8,1.0,3.0,0.8094638068587368,0.0,0.25,1,1,True,35.0,61.9,61.47,61.71,High,High,True,False,,True,priority_and_confidence_gate,Medium,INC-000964,new_session_or_first_episode
LTE-TP-EP-001434,542020041221088+20250828122402+Fiji-Nadi-LTE-DL-D!20250828121612,Fiji-Nadi-LTE-DL-D,2025-08-28 02:14:49+02:00,2025-08-28 02:14:49+02:00,1,-17.6033886,177.4530203,-17.6033886,177.4530203,ECI:1076799.0,1076799.0,184.0,40988.0,41.0,0.262784,0.262784,15.607545936875342,15.344761936875342,0.016836983921932946,77.46,77.46,73.09,73.09,82.8,82.8,0,1,0,1,radio_limited_degradation,normal,temporal,statistical_only_retained,0.0,1.0,1.0,1.0,0.0,1.0,0.0,0.0,1.0,1,1,True,22.25,60.38,72.1,65.65,High,High,True,False,,True,priority_and_confidence_gate,High,INC-000965,"new:gap=35.0s,dist=1.6858783218085012m,cell=True,family=False"
LTE-TP-EP-001435,542020041221088+20250828122402+Fiji-Nadi-LTE-DL-D!20250828121612,Fiji-Nadi-LTE-DL-D,2025-08-28 02:15:04+02:00,2025-08-28 02:15:05+02:00,2,-17.6034578,177.4530322,-17.6034586,177.4530269,ECI:1076799.0,1076799.0,184.0,40988.0,41.0,0.244008,7.2789,40.63121317379653,28.914116176122818,0.008368439565114917,79.86,68.855,78.93,63.35000000000001,81.0,75.58,0,2,0,2,rolling_local_drop,normal,temporal,statistical_only_retained,1.0,2.0,2.0,1.0,0.0,2.0,0.6601835420714097,0.0,1.0,2,0,False,29.5,62.68,69.4,65.7,High,High,True,False,,True,priority_and_confidence_gate,High,INC-000966,"new:gap=15.0s,dist=7.7973825122328035m,cell=True,family=True"
LTE-TP-EP-001436,542020041221088+20250828122402+Fiji-Nadi-LTE-DL-D!20250828121612,Fiji-Nadi-LTE-DL-D,2025-08-28 02:15:13+02:00,2025-08-28 02:15:18+02:00,4,-17.6035027,177.4529691,-17.603536,177.4529132,ECI:1076799.0,1076799.0,184.0,40988.0,41.0,0.767024,7.7664480000000005,37.69536886135422,24.51316086135422,0.0346459811983205,77.24,66.3825,74.16,57.027499999999996,82.76,77.8175,0,4,0,4,rolling_local_drop,normal,temporal,statistical_only_retained,5.0,6.0,4.0,0.6666666666666666,2.0,2.0,5.9965212202128875,0.0,1.0,4,0,False,27.0,58.09,70.83,63.82,High,High,True,False,,True,priority_and_confidence_gate,Medium,INC-000967,"new:gap=8.0s,dist=7.847007885622951m,cell=True,family=True"
LTE-TP-EP-001437,542020041221088+20250828122402+Fiji-Nadi-LTE-DL-D!20250828121612,Fiji-Nadi-LTE-DL-D,2025-08-28 02:15:29+02:00,2025-08-28 02:15:32+02:00,2,-17.6035673,177.4528173,-17.6035758,177.4528014,ECI:1076799.0,1076799.0,184.0,40988.0,41.0,5.242336,20.344265,111.79482125,76.34862724999999,0.2247967325177997,71.78,63.99,59.5,57.09,86.8,72.425,0,2,0,1,radio_p75_underperformance,normal,capability,statistical_only_retained,3.0,4.0,2.0,0.5,2.0,1.0,0.8621328779685541,0.0,0.5,1,0,False,16.0,48.02,66.51,56.34,Medium,High,True,False,,True,priority_and_confidence_gate,Medium,INC-000968,"new:gap=11.0s,dist=10.743614068112452m,cell=True,family=False"
LTE-TP-EP-001438,542020041221088+20250828122402+Fiji-Nadi-LTE-DL-D!20250828121612,Fiji-Nadi-LTE-DL-D,2025-08-28 02:15:39+02:00,2025-08-28 02:15:43+02:00,3,-17.6035999,177.4527377,-17.6036085,177.4527041,ECI:1076799.0,1076799.0,184.0,40988.0,41.0,10.2023115,34.21177,111.79482125,77.58305125,0.30602285166228127,55.71,55.50333333333333,55.94,48.330000000000005,79.71,64.27333333333333,0,3,0,1,radio_p75_underperformance,normal,capability,statistical_only_retained,4.0,5.0,3.0,0.6,2.0,2.0,3.070241556528113,0.0,0.3333333333333333,1,0,False,24.75,46.24,59.26,52.1,Medium,Medium,True,False,,True,priority_and_confidence_gate,Medium,INC-000969,"new:gap=7.0s,dist=7.263829881514549m,cell=True,family=True"
LTE-TP-EP-001439,542020041221088+20250828122402+Fiji-Nadi-LTE-DL-D!20250828121612,Fiji-Nadi-LTE-DL-D,2025-08-28 02:15:49+02:00,2025-08-28 02:15:53+02:00,4,-17.6036194,177.452658,-17.6036243,177.4526456,ECI:1076799.0,1076799.0,184.0,40988.0,41.0,0.738104,16.28,111.79482125,97.36162125,0.12910437029747476,73.81,65.0775,74.43,65.375,81.62,64.715,0,4,0,3,rb_conditioned_underperformance,normal,capability,statistical_only_retained,4.0,5.0,4.0,0.8,1.0,2.0,1.2115186059689322,0.0,0.75,3,1,True,29.0,60.81,64.49,62.46,High,High,True,False,,True,priority_and_confidence_gate,Medium,INC-000970,"new:gap=6.0s,dist=5.03412927772512m,cell=True,family=True"
LTE-TP-EP-001440,542020041221088+20250828122402+Fiji-Nadi-LTE-DL-D!20250828121612,Fiji-Nadi-LTE-DL-D,2025-08-28 02:15:57+02:00,2025-08-28 02:15:57+02:00,1,-17.6036321,177.4526238,-17.6036321,177.4526238,ECI:1076799.0,1076799.0,184.0,40988.0,41.0,14.4392,14.4392,83.236885,68.797685,0.17347117206512472,65.6,65.6,66.23,66.23,64.83,64.83,0,1,0,1,ca_underperformance,normal,capability,statistical_only_retained,0.0,1.0,1.0,1.0,0.0,1.0,0.5552261916013195,0.0,1.0,1,0,False,22.25,55.24,58.62,56.76,High,Medium,True,False,,True,priority_and_confidence_gate,Medium,INC-000970,"bridged:gap=4.0s,dist=2.467961272590487m,cell=True,family=True"
LTE-TP-EP-001442,542020041221088+20250828122402+Fiji-Nadi-LTE-DL-D!20250828121612,Fiji-Nadi-LTE-DL-D,2025-08-28 02:16:10+02:00,2025-08-28 02:16:12+02:00,2,-17.6036991,177.4524822,-17.60371672,177.45244832,ECI:1076799.0,1076799.0,184.0,40988.0,41.0,27.492249,29.2159005,100.12010000000001,69.18054800000002,0.3090243817175572,52.79,51.625,51.56,49.44,54.3,54.3,0,2,0,0,rb_conditioned_underperformance,normal,capability,statistical_only_retained,2.0,3.0,2.0,0.6666666666666666,1.0,1.0,3.2094978461154646,0.0,0.0,0,0,False,18.5,42.76,40.72,41.85,Medium,Medium,True,False,,True,priority_and_confidence_gate,Medium,INC-000971,"new:gap=13.0s,dist=16.755311741775362m,cell=True,family=True"
LTE-TP-EP-001443,542020041221088+20250828122542+Fiji-Nadi-LTE-DL-D!20250828121826,Fiji-Nadi-LTE-DL-D,2025-08-28 02:17:00+02:00,2025-08-28 02:17:02+02:00,3,-17.6044521,177.4522724,-17.6045529,177.4522566,ECI:1076798.0,1076798.0,183.0,40790.0,41.0,23.312113,25.686832,118.44779,95.135677,0.19681340614290904,64.99,63.23,63.52,61.169999999999995,73.97,65.74333333333333,0,3,0,3,rb_conditioned_underperformance,normal,capability,statistical_only_retained,2.0,3.0,3.0,1.0,0.0,3.0,16.782016236166626,0.0,1.0,3,0,False,36.75,56.24,63.42,59.47,High,High,True,False,,True,priority_and_confidence_gate,Medium,INC-000972,new_session_or_first_episode
LTE-TP-EP-001444,542020041221088+20250828122542+Fiji-Nadi-LTE-DL-D!20250828121826,Fiji-Nadi-LTE-DL-D,2025-08-28 02:17:17+02:00,2025-08-28 02:17:18+02:00,2,-17.6053292,177.451988,-17.60532243,177.45198124,ECI:1076798.0,1076798.0,183.0,40790.0,41.0,30.547192,34.6579075,118.44779,87.900598,0.2578958374824891,60.23,58.45,59.96,57.855000000000004,60.57,59.18,0,2,0,0,radio_p75_underperformance,normal,capability,statistical_only_retained,1.0,2.0,2.0,1.0,0.0,2.0,10.322486479827027,0.0,0.0,0,0,False,29.5,51.82,45.08,48.79,Medium,Medium,True,False,,True,priority_and_confidence_gate,Medium,INC-000973,"new:gap=15.0s,dist=90.89393120629248m,cell=True,family=True"
LTE-TP-EP-001445,542020041221088+20250828122542+Fiji-Nadi-LTE-DL-D!20250828121826,Fiji-Nadi-LTE-DL-D,2025-08-28 02:17:22+02:00,2025-08-28 02:17:22+02:00,1,-17.6052532,177.4515733,-17.6052532,177.4515733,ECI:1082172.0,1082172.0,139.0,40790.0,41.0,17.46828,17.46828,93.96716500000001,76.498885,0.1858977016067261,64.7,64.7,65.57,65.57,63.64,63.64,0,1,0,1,rb_conditioned_underperformance,normal,capability,statistical_only_retained,0.0,1.0,1.0,1.0,0.0,1.0,19.39405227797628,0.0,1.0,1,0,False,22.25,54.74,57.73,56.09,Medium,Medium,True,False,,True,priority_and_confidence_gate,Medium,INC-000974,"new:gap=4.0s,dist=43.91629421372985m,cell=False,family=True"
LTE-TP-EP-001447,542020041221088+20250828122542+Fiji-Nadi-LTE-DL-D!20250828121826,Fiji-Nadi-LTE-DL-D,2025-08-28 02:18:08+02:00,2025-08-28 02:18:08+02:00,1,-17.6046431,177.4494512,-17.6046431,177.4494512,ECI:1076797.0,1076797.0,185.0,40790.0,41.0,32.06316,32.06316,118.44779,86.38462999999999,0.270694455337664,64.12,64.12,59.21,59.21,70.13,70.13,0,1,0,1,rb_conditioned_underperformance,normal,capability,statistical_only_retained,0.0,1.0,1.0,1.0,0.0,1.0,8.806879950414585,0.0,1.0,1,0,False,22.25,49.97,62.6,55.65,Medium,High,True,False,,True,priority_and_confidence_gate,Medium,INC-000975,"new:gap=46.0s,dist=234.92391080099597m,cell=False,family=True"
LTE-TP-EP-001448,542020041221088+20250828122542+Fiji-Nadi-LTE-DL-D!20250828121826,Fiji-Nadi-LTE-DL-D,2025-08-28 02:18:22+02:00,2025-08-28 02:18:25+02:00,4,-17.6033936,177.4496521,-17.6031226,177.4495934,ECI:1076797.0,1076797.0,185.0,40790.0,41.0,2.648936,8.16104,83.886915,65.210308,0.1523437826457656,64.68,60.7425,58.11,51.1325,77.82,72.4875,0,4,0,4,sudden_drop,normal,temporal,statistical_only_retained,3.0,4.0,4.0,1.0,0.0,4.0,41.52303800906254,0.0,1.0,4,0,False,44.0,52.84,67.03,59.23,Medium,High,True,False,,True,priority_and_confidence_gate,Medium,INC-000976,"new:gap=14.0s,dist=140.56040468927029m,cell=True,family=False"
LTE-TP-EP-001449,542020041221088+20250828122702+Fiji-Nadi-LTE-DL-D!20250828122042,Fiji-Nadi-LTE-DL-D,2025-08-28 02:18:40+02:00,2025-08-28 02:18:40+02:00,1,-17.6029344,177.4487953,-17.6029344,177.4487953,ECI:1076797.0,1076797.0,185.0,40790.0,41.0,12.765928,12.765928,119.0290425,106.2631145,0.10725053089459238,87.78,87.78,77.79,77.79,100.0,100.0,1,0,0,1,ca_underperformance,ml_quantile_p75_resource_underperformance,capability,statistical_and_ml_consensus,0.0,1.0,1.0,1.0,0.0,1.0,,100.0,1.0,1,0,False,22.25,63.91,100.0,80.15,High,Very High,True,False,,True,priority_and_confidence_gate,High,INC-000977,new_session_or_first_episode
LTE-TP-EP-001451,542020041221088+20250828122702+Fiji-Nadi-LTE-DL-D!20250828122042,Fiji-Nadi-LTE-DL-D,2025-08-28 02:20:04+02:00,2025-08-28 02:20:04+02:00,1,-17.60599143,177.44355627,-17.60599143,177.44355627,ECI:1076540.0,1076540.0,141.0,40790.0,41.0,11.868384,11.868384,118.44779,106.57940599999999,0.10019928611584902,88.63,88.63,79.32,79.32,100.0,100.0,1,0,0,1,ca_underperformance,ml_quantile_p75_resource_underperformance,capability,statistical_and_ml_consensus,0.0,1.0,1.0,1.0,0.0,1.0,0.10286819022327381,100.0,1.0,1,0,False,22.25,65.05,100.0,80.78,High,Very High,True,False,,True,priority_and_confidence_gate,High,INC-000978,"new:gap=84.0s,dist=651.0581949411087m,cell=False,family=True"
LTE-TP-EP-001452,542020041221088+20250828122702+Fiji-Nadi-LTE-DL-D!20250828122042,Fiji-Nadi-LTE-DL-D,2025-08-28 02:20:12+02:00,2025-08-28 02:20:12+02:00,1,-17.606348,177.4436632,-17.606348,177.4436632,ECI:1076540.0,1076540.0,141.0,40790.0,41.0,0.005832,0.005832,42.02665793734895,42.02082593734895,0.0001387690643565812,83.09,83.09,84.8,84.8,81.0,81.0,0,1,0,1,sudden_drop,normal,temporal,statistical_only_retained,0.0,1.0,1.0,1.0,0.0,1.0,3.1358644950821914,0.0,1.0,1,0,False,22.25,69.16,70.75,69.88,High,High,True,False,,True,priority_and_confidence_gate,High,INC-000979,"new:gap=8.0s,dist=41.23675136121651m,cell=True,family=False"
LTE-TP-EP-001454,542020041221088+20250828122802+Fiji-Nadi-LTE-DL-D!20250828122423,Fiji-Nadi-LTE-DL-D,2025-08-28 02:22:34+02:00,2025-08-28 02:22:34+02:00,1,-17.6156906,177.4399962,-17.6156906,177.4399962,ECI:1081918.0,1081918.0,180.0,40790.0,41.0,0.160776,0.160776,,,,84.69,84.69,90.44,90.44,77.66,77.66,0,1,0,0,radio_limited_degradation,normal,radio,statistical_only_retained,0.0,1.0,1.0,1.0,0.0,1.0,9.275679332854041,0.0,0.0,0,1,True,22.25,73.39,58.24,66.58,High,Medium,True,False,,True,priority_and_confidence_gate,High,INC-000980,new_session_or_first_episode
LTE-TP-EP-001455,542020041221088+20250828122802+Fiji-Nadi-LTE-DL-D!20250828122423,Fiji-Nadi-LTE-DL-D,2025-08-28 02:22:40+02:00,2025-08-28 02:22:42+02:00,3,-17.61588798,177.43971105,-17.6159657,177.4395938,ECI:1076542.0,1076542.0,180.0,40790.0,41.0,0.083032,0.21432,27.185068936048477,27.102036936048478,0.003054323687584852,82.82,79.76333333333334,78.62,73.95666666666666,94.99,86.86333333333333,0,3,0,3,radio_limited_degradation,normal,temporal,statistical_only_retained,2.0,3.0,3.0,1.0,0.0,3.0,20.677179734109995,0.0,1.0,3,2,True,36.75,66.99,79.21,72.49,High,High,True,False,,True,priority_and_confidence_gate,High,INC-000981,"new:gap=6.0s,dist=37.34937369996708m,cell=False,family=True"
LTE-TP-EP-001458,542020041221088+20250828122802+Fiji-Nadi-LTE-DL-D!20250828122423,Fiji-Nadi-LTE-DL-D,2025-08-28 02:23:15+02:00,2025-08-28 02:23:15+02:00,1,-17.61777984,177.43685568,-17.61777984,177.43685568,ECI:1081878.0,1081878.0,169.0,500.0,1.0,1.17292,1.17292,,,,63.78,63.78,65.89,65.89,61.19,61.19,0,1,0,1,radio_limited_degradation,normal,radio,statistical_only_retained,0.0,1.0,1.0,1.0,0.0,1.0,0.09573008894423944,0.0,1.0,1,1,True,22.25,54.98,55.89,55.39,Medium,Medium,True,False,,True,priority_and_confidence_gate,Medium,INC-000982,"new:gap=33.0s,dist=353.41274213516374m,cell=False,family=True"
LTE-TP-EP-001459,542020041221088+20250828122942+Fiji-Nadi-LTE-DL-D!20250828122638,Fiji-Nadi-LTE-DL-D,2025-08-28 02:26:12+02:00,2025-08-28 02:26:12+02:00,1,-17.6235524,177.4325984,-17.6235524,177.4325984,ECI:1079582.0,1079582.0,347.0,1850.0,3.0,46.693817,46.693817,135.5693,88.875483,0.34442766171987316,68.51,68.51,54.91,54.91,85.14,85.14,0,1,0,1,rb_conditioned_underperformance,ml_hgb_strict_causal_temporal_underperformance,capability,statistical_only_retained,0.0,1.0,1.0,1.0,0.0,1.0,20.525900796395845,0.0,1.0,1,1,True,22.25,46.74,73.86,58.94,Medium,High,True,False,,True,priority_and_confidence_gate,Medium,INC-000983,new_session_or_first_episode
LTE-TP-EP-001460,542020041221088+20250828123202+Fiji-Nadi-LTE-DL-D!20250828122853,Fiji-Nadi-LTE-DL-D,2025-08-28 02:26:53+02:00,2025-08-28 02:26:53+02:00,1,-17.6215741,177.4351459,-17.6215741,177.4351459,ECI:1079612.0,1079612.0,347.0,40790.0,41.0,3.794096,3.794096,62.203377,58.409281,0.06099501639597477,87.29,87.29,80.9,80.9,95.11,95.11,0,1,0,1,ca_underperformance,ml_quantile_p75_resource_underperformance,capability,statistical_only_retained,0.0,1.0,1.0,1.0,0.0,1.0,,0.0,1.0,1,0,False,22.25,66.24,81.33,73.03,High,Very High,True,False,,True,priority_and_confidence_gate,High,INC-000984,new_session_or_first_episode
LTE-TP-EP-001461,542020041221088+20250828123202+Fiji-Nadi-LTE-DL-D!20250828122853,Fiji-Nadi-LTE-DL-D,2025-08-28 02:27:02+02:00,2025-08-28 02:27:04+02:00,3,-17.62218535,177.43519892,-17.62229804,177.4353207,ECI:1079613.0,1079613.0,354.0,40790.0,41.0,0.736984,5.228048,83.886915,73.784875,0.01184797410597177,89.96,79.82,89.12,81.13666666666667,90.99,78.21333333333332,0,3,0,3,ca_underperformance,normal,capability,statistical_only_retained,2.0,3.0,3.0,1.0,0.0,3.0,27.22902475380047,0.0,1.0,3,1,True,36.75,74.03,75.05,74.49,High,High,True,False,,True,priority_and_confidence_gate,High,INC-000985,"new:gap=9.0s,dist=68.19985517436402m,cell=False,family=True"
LTE-TP-EP-001462,542020041221088+20250828123202+Fiji-Nadi-LTE-DL-D!20250828122853,Fiji-Nadi-LTE-DL-D,2025-08-28 02:27:09+02:00,2025-08-28 02:27:09+02:00,1,-17.6227765,177.4353482,-17.6227765,177.4353482,ECI:1079613.0,1079613.0,345.0,40790.0,41.0,10.695448,10.695448,119.0290425,108.3335945,0.08985578456619106,88.18,88.18,81.39,81.39,96.49,96.49,1,0,0,1,ca_underperformance,ml_quantile_p75_resource_underperformance,capability,statistical_and_ml_consensus,0.0,1.0,1.0,1.0,0.0,1.0,10.480227822617186,100.0,1.0,1,0,False,22.25,66.6,97.37,80.45,High,Very High,True,False,,True,priority_and_confidence_gate,High,INC-000986,"new:gap=5.0s,dist=53.28216100098097m,cell=True,family=True"
LTE-TP-EP-001463,542020041221088+20250828123202+Fiji-Nadi-LTE-DL-D!20250828122853,Fiji-Nadi-LTE-DL-D,2025-08-28 02:27:14+02:00,2025-08-28 02:27:16+02:00,3,-17.62293467,177.43498387,-17.6231251,177.4347721,ECI:1079613.0,1079613.0,345.0,40790.0,41.0,11.551728,12.068456,93.96716500000001,80.02625300000001,0.1377059580746294,68.76,68.67333333333333,73.92,68.76,80.83,68.56666666666666,0,3,0,3,ca_underperformance,normal,capability,statistical_only_retained,2.0,3.0,3.0,1.0,0.0,3.0,40.977859809410575,0.0,1.0,3,0,False,36.75,63.34,67.56,65.24,High,High,True,False,,True,priority_and_confidence_gate,High,INC-000986,"bridged:gap=5.0s,dist=42.427560719343624m,cell=True,family=True"
LTE-TP-EP-001464,542020041221088+20250828123202+Fiji-Nadi-LTE-DL-D!20250828122853,Fiji-Nadi-LTE-DL-D,2025-08-28 02:28:24+02:00,2025-08-28 02:28:24+02:00,1,-17.62784743,177.43289759,-17.62784743,177.43289759,ECI:1081660.0,1081660.0,346.0,40790.0,41.0,9.526632,9.526632,49.4498,39.923168000000004,0.19265258909035018,64.88,64.88,56.82,56.82,74.74,74.74,0,1,0,1,ca_underperformance,normal,capability,statistical_only_retained,0.0,1.0,1.0,1.0,0.0,1.0,4.649313283225712,0.0,1.0,1,0,False,22.25,48.18,66.05,56.22,Medium,High,True,False,,True,priority_and_confidence_gate,Medium,INC-000987,"new:gap=68.0s,dist=561.4198728826228m,cell=False,family=True"
LTE-TP-EP-001467,542020041221088+20250828123342+Fiji-Nadi-LTE-DL-D!20250828123109,Fiji-Nadi-LTE-DL-D,2025-08-28 02:29:07+02:00,2025-08-28 02:29:07+02:00,1,-17.6276777,177.4328325,-17.6276777,177.4328325,EARFCN:40988.0|PCI:346.0,,346.0,40988.0,41.0,15.2183275,15.2183275,51.307278,36.088950499999996,0.2966114768357035,64.18,64.18,41.72,41.72,91.64,91.64,1,0,0,1,rb_conditioned_underperformance,ml_quantile_p75_resource_underperformance,resource,statistical_and_ml_consensus,0.0,1.0,1.0,1.0,0.0,1.0,,100.0,1.0,1,0,False,22.25,36.85,93.73,62.45,Medium,Very High,True,False,,True,priority_and_confidence_gate,Medium,INC-000988,new_session_or_first_episode
LTE-TP-EP-001468,542020041221088+20250828123522+Fiji-Nadi-LTE-DL-D!20250828123323,Fiji-Nadi-LTE-DL-D,2025-08-28 02:31:21+02:00,2025-08-28 02:31:21+02:00,1,-17.6274955,177.4329251,-17.6274955,177.4329251,ECI:1079617.0,1079617.0,354.0,40988.0,41.0,0.616648,0.616648,38.595138500000004,37.97849050000001,0.015977349064312852,85.54,85.54,77.29,77.29,95.63,95.63,0,1,0,1,ca_underperformance,ml_severe_quantile_p75_resource_underperformance,resource,statistical_only_retained,0.0,1.0,1.0,1.0,0.0,1.0,,0.0,1.0,1,0,False,22.25,63.53,81.72,71.72,High,Very High,True,False,,True,priority_and_confidence_gate,High,INC-000989,new_session_or_first_episode
LTE-TP-EP-001469,542020041221088+20250828123522+Fiji-Nadi-LTE-DL-D!20250828123323,Fiji-Nadi-LTE-DL-D,2025-08-28 02:32:17+02:00,2025-08-28 02:32:21+02:00,3,-17.6304582,177.4374522,-17.6308751,177.4377221,ECI:1081663.0,1081663.0,354.0,40988.0,41.0,2.900856,8.234952,64.715159,50.040447,0.06639987895898317,75.84,63.52666666666667,72.89,60.92666666666667,79.44,66.70666666666666,0,3,0,3,ca_underperformance,normal,capability,statistical_only_retained,4.0,5.0,3.0,0.6,2.0,2.0,41.061696849642104,0.0,1.0,3,0,False,24.75,57.86,66.4,61.7,High,High,True,False,,True,priority_and_confidence_gate,Medium,INC-000990,"new:gap=56.0s,dist=581.9707929017508m,cell=False,family=True"
LTE-TP-EP-001470,542020041221088+20250828123522+Fiji-Nadi-LTE-DL-D!20250828123323,Fiji-Nadi-LTE-DL-D,2025-08-28 02:32:29+02:00,2025-08-28 02:32:36+02:00,8,-17.6313019,177.4383826,-17.63130008,177.43908446,ECI:1079242.0,1079242.0,385.0,500.0,1.0,4.55104,6.093976,59.31967,54.76863,0.07672058863442767,78.44,68.8925,77.22,71.75,81.24,65.40125,0,8,0,4,ca_underperformance,normal,capability,statistical_only_retained,7.0,8.0,8.0,1.0,0.0,8.0,86.22094461808835,0.0,0.5,4,4,True,73.0,74.8,61.97,69.03,High,High,True,False,,True,priority_and_confidence_gate,High,INC-000991,"new:gap=8.0s,dist=84.56645227415522m,cell=False,family=True"
LTE-TP-EP-001471,542020041221088+20250828123522+Fiji-Nadi-LTE-DL-D!20250828123323,Fiji-Nadi-LTE-DL-D,2025-08-28 02:32:37+02:00,2025-08-28 02:32:37+02:00,1,-17.63130401,177.4391856,-17.63130401,177.4391856,ECI:1081653.0,1081653.0,385.0,500.0,1.0,2.243,2.243,,,,70.55,70.55,83.15,83.15,55.16,55.16,0,1,0,1,radio_limited_degradation,normal,radio,statistical_only_retained,0.0,1.0,1.0,1.0,0.0,1.0,10.726885593476588,0.0,1.0,1,1,True,22.25,67.92,51.37,60.48,High,Medium,True,False,,True,priority_and_confidence_gate,Medium,INC-000992,"new:gap=1.0s,dist=10.726885593883619m,cell=False,family=False"
LTE-TP-EP-001473,542020041221088+20250828123522+Fiji-Nadi-LTE-DL-D!20250828123323,Fiji-Nadi-LTE-DL-D,2025-08-28 02:32:57+02:00,2025-08-28 02:32:57+02:00,1,-17.630043,177.4397343,-17.630043,177.4397343,ECI:1081653.0,1081653.0,315.0,41384.0,41.0,0.008944,0.008944,,,,80.27,80.27,90.97,90.97,67.2,67.2,0,1,0,1,radio_limited_degradation,normal,radio,statistical_only_retained,0.0,1.0,1.0,1.0,0.0,1.0,9.667310362278501,0.0,1.0,1,1,True,22.25,73.79,60.4,67.76,High,High,True,False,,True,priority_and_confidence_gate,High,INC-000993,"new:gap=20.0s,dist=151.79650416618213m,cell=True,family=True"
LTE-TP-EP-001475,542020041221088+20250828123522+Fiji-Nadi-LTE-DL-D!20250828123323,Fiji-Nadi-LTE-DL-D,2025-08-28 02:33:05+02:00,2025-08-28 02:33:06+02:00,2,-17.6296636,177.4401571,-17.6296178,177.4402082,ECI:1079576.0,1079576.0,345.0,356.0,1.0,1.364344,3.733368,,,,72.44,71.64,86.22,77.93,72.3,63.945,0,2,0,2,radio_limited_degradation,normal,radio,statistical_only_retained,1.0,2.0,2.0,1.0,0.0,2.0,14.67013073597391,0.0,1.0,2,2,True,29.5,69.97,62.14,66.44,High,High,True,False,,True,priority_and_confidence_gate,High,INC-000994,"new:gap=8.0s,dist=61.540916568726814m,cell=False,family=True"
LTE-TP-EP-001477,542020041221088+20250828123522+Fiji-Nadi-LTE-DL-D!20250828123323,Fiji-Nadi-LTE-DL-D,2025-08-28 02:33:18+02:00,2025-08-28 02:33:19+02:00,2,-17.6293309,177.4405548,-17.6293316,177.4405539,ECI:3643080.0,3643080.0,310.0,356.0,1.0,0.011328,0.023524,45.14569746165007,45.134369461650074,0.00025092092130424607,83.77,83.145,86.03,84.89500000000001,81.0,81.0,0,2,0,2,rolling_local_drop,normal,temporal,statistical_only_retained,1.0,2.0,2.0,1.0,0.0,2.0,0.3488922765849496,0.0,1.0,2,0,False,29.5,71.61,70.75,71.23,High,High,True,False,,True,priority_and_confidence_gate,High,INC-000995,"new:gap=12.0s,dist=48.6501269846358m,cell=False,family=False"
LTE-TP-EP-001478,542020041221088+20250828123602+Fiji-Nadi-LTE-DL-D!20250828123538,Fiji-Nadi-LTE-DL-D,2025-08-28 02:33:36+02:00,2025-08-28 02:33:36+02:00,1,-17.6293643,177.440522,-17.6293643,177.440522,ECI:3643080.0,3643080.0,310.0,356.0,1.0,32.450695,32.450695,123.63355,91.18285499999999,0.26247482984998816,71.23,71.23,59.69,59.69,85.33,85.33,0,1,0,1,rb_conditioned_underperformance,ml_quantile_p75_resource_underperformance,capability,statistical_only_retained,0.0,1.0,1.0,1.0,0.0,1.0,1.5063192388778368,0.0,1.0,1,1,True,22.25,50.33,74.0,60.98,Medium,High,True,False,,True,priority_and_confidence_gate,Medium,INC-000996,new_session_or_first_episode
LTE-TP-EP-001479,542020041221088+20250828123602+Fiji-Nadi-LTE-DL-D!20250828123538,Fiji-Nadi-LTE-DL-D,2025-08-28 02:33:41+02:00,2025-08-28 02:33:41+02:00,1,-17.6293523,177.440508,-17.6293523,177.440508,ECI:3643080.0,3643080.0,310.0,356.0,1.0,17.383816,17.383816,123.63355,106.249734,0.14060759397428935,83.54,83.54,70.07,70.07,100.0,100.0,1,0,0,1,rb_conditioned_underperformance,ml_quantile_p75_resource_underperformance,capability,statistical_and_ml_consensus,0.0,1.0,1.0,1.0,0.0,1.0,1.1500603241879197,100.0,1.0,1,0,False,22.25,58.11,100.0,76.96,High,Very High,True,False,,True,priority_and_confidence_gate,High,INC-000996,"bridged:gap=5.0s,dist=1.9953933648611337m,cell=True,family=True"
LTE-TP-EP-001480,542020041221088+20250828123602+Fiji-Nadi-LTE-DL-D!20250828123538,Fiji-Nadi-LTE-DL-D,2025-08-28 02:33:45+02:00,2025-08-28 02:33:46+02:00,2,-17.6294339,177.4404086,-17.6294765,177.4403797,ECI:3643080.0,3643080.0,310.0,356.0,1.0,6.630696,18.119576000000002,123.63355,94.025094,0.17718945332029035,76.8,69.155,65.42,63.225,90.71,76.405,0,2,0,2,radio_limited_degradation,normal,capability,statistical_only_retained,1.0,2.0,2.0,1.0,0.0,2.0,11.75427675618118,0.0,1.0,2,2,True,29.5,55.89,74.46,64.25,High,High,True,False,,True,priority_and_confidence_gate,Medium,INC-000996,"bridged:gap=4.0s,dist=13.902791184440316m,cell=True,family=True"
LTE-TP-EP-001482,542020041221088+20250828123602+Fiji-Nadi-LTE-DL-D!20250828123538,Fiji-Nadi-LTE-DL-D,2025-08-28 02:34:16+02:00,2025-08-28 02:34:17+02:00,2,-17.6301748,177.4411948,-17.6301804,177.4412281,ECI:3642943.0,3642943.0,313.0,41384.0,41.0,0.181456,5.095224,38.871052972394075,33.4385620388212,0.005397260637709113,80.97,71.605,80.94,69.23,81.0,74.50999999999999,0,2,0,2,rolling_local_drop,normal,temporal,statistical_only_retained,1.0,2.0,2.0,1.0,0.0,2.0,7.340071884731227,0.0,1.0,2,0,False,29.5,65.15,69.13,66.94,High,High,True,False,,True,priority_and_confidence_gate,High,INC-000997,"new:gap=30.0s,dist=116.14793335494308m,cell=False,family=False"
LTE-TP-EP-001483,542020041221088+20250828123602+Fiji-Nadi-LTE-DL-D!20250828123538,Fiji-Nadi-LTE-DL-D,2025-08-28 02:34:24+02:00,2025-08-28 02:34:25+02:00,2,-17.6302466,177.4411748,-17.6302436,177.4411556,ECI:3642943.0,3642943.0,313.0,41384.0,41.0,0.014784,0.045924,60.930315,60.915531,0.0002426378396369689,87.24,87.16999999999999,92.34,92.215,81.0,81.0,0,2,0,2,rolling_local_drop,normal,temporal,statistical_only_retained,1.0,2.0,2.0,1.0,0.0,2.0,3.6969171667055356,0.0,1.0,2,0,False,29.5,76.6,70.75,73.97,High,High,True,False,,True,priority_and_confidence_gate,High,INC-000998,"new:gap=7.0s,dist=9.278448382984141m,cell=True,family=True"
LTE-TP-EP-001484,542020041221088+20250828123602+Fiji-Nadi-LTE-DL-D!20250828123538,Fiji-Nadi-LTE-DL-D,2025-08-28 02:34:39+02:00,2025-08-28 02:34:39+02:00,1,-17.6300746,177.4403946,-17.6300746,177.4403946,ECI:1079606.0,1079606.0,345.0,41384.0,41.0,0.13488,0.13488,10.580654483621625,10.445774483621625,0.012747793646299304,65.38,65.38,61.95,61.95,69.58,69.58,0,1,0,1,sudden_drop,normal,temporal,statistical_only_retained,0.0,1.0,1.0,1.0,0.0,1.0,7.089088481094299,0.0,1.0,1,0,False,22.25,52.03,62.18,56.6,Medium,High,True,False,,True,priority_and_confidence_gate,Medium,INC-000999,"new:gap=14.0s,dist=82.80551648816368m,cell=False,family=True"
LTE-TP-EP-001486,542020041221088+20250828123602+Fiji-Nadi-LTE-DL-D!20250828123538,Fiji-Nadi-LTE-DL-D,2025-08-28 02:35:06+02:00,2025-08-28 02:35:07+02:00,2,-17.630828,177.439489,-17.6309056,177.4394952,ECI:3642885.0,3642885.0,315.0,1850.0,3.0,1.387568,2.244668,,,,68.47,64.1,86.14,83.14,46.87,40.825,0,2,0,2,radio_limited_degradation,normal,radio,statistical_only_retained,1.0,2.0,2.0,1.0,0.0,2.0,17.27644192793122,0.0,1.0,2,2,True,29.5,71.23,43.64,58.82,High,Medium,True,False,,True,priority_and_confidence_gate,Medium,INC-001000,"new:gap=27.0s,dist=127.38951711362225m,cell=False,family=False"
LTE-TP-EP-001487,542020041221088+20250828123602+Fiji-Nadi-LTE-DL-D!20250828123538,Fiji-Nadi-LTE-DL-D,2025-08-28 02:35:12+02:00,2025-08-28 02:35:13+02:00,2,-17.6312087,177.4395005,-17.6312485,177.4395079,ECI:3642885.0,3642885.0,315.0,1850.0,3.0,0.943784,20.892492,115.36553,74.52433,0.0296493085577172,79.37,68.055,78.03,64.82,81.0,72.0,0,2,0,1,rb_conditioned_underperformance,normal,capability,statistical_only_retained,1.0,2.0,2.0,1.0,0.0,2.0,9.702328349087676,0.0,0.5,1,0,False,29.5,62.6,63.5,63.0,High,High,True,False,,True,priority_and_confidence_gate,Medium,INC-001001,"new:gap=5.0s,dist=33.70790833871728m,cell=True,family=False"
LTE-TP-EP-001489,542020041221088+20250828123602+Fiji-Nadi-LTE-DL-D!20250828123538,Fiji-Nadi-LTE-DL-D,2025-08-28 02:35:19+02:00,2025-08-28 02:35:20+02:00,2,-17.6313244,177.4398279,-17.6313312,177.4399178,ECI:1081653.0,1081653.0,315.0,1850.0,3.0,1.970064,3.891064,39.25019234824897,35.670087961391125,0.05233942737587155,75.45,70.025,77.86,73.255,72.51,66.075,0,2,0,2,radio_limited_degradation,normal,temporal,statistical_only_retained,1.0,2.0,2.0,1.0,0.0,2.0,18.596014801439644,0.0,1.0,2,1,True,29.5,64.62,62.77,63.79,High,High,True,False,,True,priority_and_confidence_gate,Medium,INC-001002,"new:gap=6.0s,dist=34.94540866428405m,cell=False,family=False"
LTE-TP-EP-001490,542020041221088+20250828123602+Fiji-Nadi-LTE-DL-D!20250828123538,Fiji-Nadi-LTE-DL-D,2025-08-28 02:35:26+02:00,2025-08-28 02:35:26+02:00,1,-17.6313513,177.4404794,-17.6313513,177.4404794,ECI:1081653.0,1081653.0,315.0,41384.0,41.0,0.114848,0.114848,32.90278,32.787932,0.003490525724574033,80.91,80.91,80.84,80.84,81.0,81.0,0,1,0,1,sudden_drop,normal,temporal,statistical_only_retained,0.0,1.0,1.0,1.0,0.0,1.0,10.353458929211998,0.0,1.0,1,0,False,22.25,66.19,70.75,68.24,High,High,True,False,,True,priority_and_confidence_gate,High,INC-001003,"new:gap=6.0s,dist=59.55566276883055m,cell=True,family=True"
LTE-TP-EP-001491,542020041221088+20250828123602+Fiji-Nadi-LTE-DL-D!20250828123538,Fiji-Nadi-LTE-DL-D,2025-08-28 02:35:34+02:00,2025-08-28 02:35:35+02:00,2,-17.6314245,177.4412187,-17.6314469,177.4412981,ECI:1081653.0,1081653.0,315.0,41384.0,41.0,6.778192,22.028156,82.04612491821999,62.57497274212154,0.09773442964288082,89.93,72.095,81.69,63.195,100.0,82.97,1,1,0,2,ca_underperformance,ml_quantile_p75_resource_underperformance,temporal,statistical_and_ml_consensus,1.0,2.0,2.0,1.0,0.0,2.0,17.98925427940471,50.0,1.0,2,1,True,29.5,64.02,88.24,74.92,High,Very High,True,False,,True,priority_and_confidence_gate,High,INC-001004,"new:gap=8.0s,dist=78.76654404565386m,cell=True,family=True"
LTE-TP-EP-001492,542020041221088+20250828123823+Fiji-Nadi-LTE-DL-D!20250828123754,Fiji-Nadi-LTE-DL-D,2025-08-28 02:35:52+02:00,2025-08-28 02:35:52+02:00,1,-17.6315021,177.4424728,-17.6315021,177.4424728,EARFCN:41384.0|PCI:313.0,,313.0,41384.0,41.0,0.013488,0.013488,46.075667852877274,46.06217985287727,0.0002927358544876245,83.97,83.97,86.4,86.4,81.0,81.0,0,1,0,1,rolling_local_drop,normal,temporal,statistical_only_retained,0.0,1.0,1.0,1.0,0.0,1.0,,0.0,1.0,1,0,False,22.25,70.36,70.75,70.54,High,High,True,False,,True,priority_and_confidence_gate,High,INC-001005,new_session_or_first_episode
LTE-TP-EP-001493,542020041221088+20250828123823+Fiji-Nadi-LTE-DL-D!20250828123754,Fiji-Nadi-LTE-DL-D,2025-08-28 02:35:53+02:00,2025-08-28 02:35:53+02:00,1,-17.6314434,177.4424698,-17.6314434,177.4424698,ECI:3642943.0,3642943.0,313.0,41384.0,41.0,0.027511999,0.027511999,44.25308193286898,44.22556993386898,0.000621696790332821,83.55,83.55,85.63,85.63,81.0,81.0,0,1,0,1,rolling_local_drop,normal,temporal,statistical_only_retained,0.0,1.0,1.0,1.0,0.0,1.0,6.534888888793128,0.0,1.0,1,0,False,22.25,69.78,70.75,70.22,High,High,True,False,,True,priority_and_confidence_gate,High,INC-001006,"new:gap=1.0s,dist=6.534888888824102m,cell=False,family=True"
LTE-TP-EP-001494,542020041221088+20250828123823+Fiji-Nadi-LTE-DL-D!20250828123754,Fiji-Nadi-LTE-DL-D,2025-08-28 02:36:04+02:00,2025-08-28 02:36:07+02:00,4,-17.6304788,177.4424883,-17.6301757,177.4424708,ECI:3642943.0,3642943.0,313.0,41384.0,41.0,0.658344,2.783468,121.14346,98.197844,0.03185303942139696,80.17,75.25999999999999,73.86,67.2575,100.0,85.0425,1,3,0,4,rolling_local_drop,normal,temporal,statistical_only_retained,3.0,4.0,4.0,1.0,0.0,4.0,45.226580119459065,25.0,1.0,4,0,False,44.0,64.74,85.01,73.86,High,Very High,True,False,,True,priority_and_confidence_gate,High,INC-001007,"new:gap=11.0s,dist=107.27668977375237m,cell=True,family=True"
LTE-TP-EP-001495,542020041221088+20250828123823+Fiji-Nadi-LTE-DL-D!20250828123754,Fiji-Nadi-LTE-DL-D,2025-08-28 02:36:19+02:00,2025-08-28 02:36:20+02:00,2,-17.6290282,177.442441,-17.6289303,177.4424449,ECI:3642943.0,3642943.0,313.0,41384.0,41.0,8.342464,10.019296,70.7488185,62.4063545,0.11791665467883396,76.35,67.53,73.9,61.235,79.34,75.22,0,2,0,2,ca_underperformance,normal,capability,statistical_only_retained,1.0,2.0,2.0,1.0,0.0,2.0,21.895931861313393,0.0,1.0,2,1,True,29.5,59.63,68.47,63.61,High,High,True,False,,True,priority_and_confidence_gate,Medium,INC-001008,"new:gap=12.0s,dist=127.63542839939774m,cell=True,family=False"
LTE-TP-EP-001496,542020041221088+20250828123823+Fiji-Nadi-LTE-DL-D!20250828123754,Fiji-Nadi-LTE-DL-D,2025-08-28 02:36:26+02:00,2025-08-28 02:36:26+02:00,1,-17.6283771,177.4424399,-17.6283771,177.4424399,ECI:1079185.0,1079185.0,385.0,41384.0,41.0,6.484272,6.484272,47.0651145,40.5808425,0.1377723621600878,69.27,69.27,64.15,64.15,75.53,75.53,0,1,0,1,rb_efficiency_underperformance,normal,capability,statistical_only_retained,0.0,1.0,1.0,1.0,0.0,1.0,10.088923424561003,0.0,1.0,1,1,True,22.25,53.68,66.65,59.51,Medium,High,True,False,,True,priority_and_confidence_gate,Medium,INC-001009,"new:gap=6.0s,dist=61.5154004446035m,cell=False,family=True"
LTE-TP-EP-001497,542020041221088+20250828123823+Fiji-Nadi-LTE-DL-D!20250828123754,Fiji-Nadi-LTE-DL-D,2025-08-28 02:36:27+02:00,2025-08-28 02:36:28+02:00,2,-17.6282928,177.4424266,-17.6282141,177.4424159,ECI:3642943.0,3642943.0,313.0,41384.0,41.0,5.464112,6.992068,47.0651145,38.5450905,0.18102630983719373,66.56,63.955,58.06,56.39,76.96,73.205,0,2,0,2,rb_efficiency_underperformance,normal,capability,statistical_only_retained,1.0,2.0,2.0,1.0,0.0,2.0,18.30332665956208,0.0,1.0,2,2,True,29.5,50.5,66.78,57.83,Medium,High,True,False,,True,priority_and_confidence_gate,Medium,INC-001010,"new:gap=1.0s,dist=9.479116078827571m,cell=False,family=True"
LTE-TP-EP-001498,542020041221088+20250828123823+Fiji-Nadi-LTE-DL-D!20250828123754,Fiji-Nadi-LTE-DL-D,2025-08-28 02:36:33+02:00,2025-08-28 02:36:36+02:00,3,-17.6278542,177.4423977,-17.6276726,177.4423935,ECI:1079185.0,1079185.0,385.0,41384.0,41.0,2.66284,7.665928,47.0651145,39.3991865,0.16287919580010796,64.48,61.42000000000001,60.68,57.196666666666665,69.19,66.58333333333333,0,3,0,3,ca_underperformance,normal,capability,statistical_only_retained,3.0,4.0,3.0,0.75,1.0,2.0,20.494742898867855,0.0,1.0,3,2,True,27.0,51.39,61.24,55.82,Medium,High,True,False,,True,priority_and_confidence_gate,Medium,INC-001011,"new:gap=5.0s,dist=40.06555974490618m,cell=False,family=True"
LTE-TP-EP-001500,542020041221088+20250828123823+Fiji-Nadi-LTE-DL-D!20250828123754,Fiji-Nadi-LTE-DL-D,2025-08-28 02:36:41+02:00,2025-08-28 02:36:43+02:00,3,-17.6274831,177.4423723,-17.6274678,177.4424121,ECI:1079185.0,1079185.0,385.0,41384.0,41.0,2.083072,5.178936,47.0651145,44.9820425,0.044259363270007554,79.08,66.71666666666667,77.31,64.73333333333333,81.24,69.14,0,3,0,2,ca_underperformance,normal,capability,statistical_only_retained,2.0,3.0,3.0,1.0,0.0,3.0,9.291085092227632,0.0,0.6666666666666666,2,2,True,36.75,64.03,64.57,64.27,High,High,True,False,,True,priority_and_confidence_gate,Medium,INC-001011,"bridged:gap=5.0s,dist=21.190898380956966m,cell=True,family=True"
LTE-TP-EP-001502,542020041221088+20250828123823+Fiji-Nadi-LTE-DL-D!20250828123754,Fiji-Nadi-LTE-DL-D,2025-08-28 02:36:48+02:00,2025-08-28 02:36:48+02:00,1,-17.6275866,177.4424688,-17.6275866,177.4424688,ECI:1079606.0,1079606.0,385.0,41384.0,41.0,4.494032,4.494032,,,,78.77,78.77,75.27,75.27,83.04,83.04,0,1,0,1,rb_efficiency_underperformance,normal,radio,statistical_only_retained,0.0,1.0,1.0,1.0,0.0,1.0,3.787717412822487,0.0,1.0,1,1,True,22.25,62.02,72.28,66.63,High,High,True,False,,True,priority_and_confidence_gate,High,INC-001012,"new:gap=5.0s,dist=14.512346580295326m,cell=False,family=False"
LTE-TP-EP-001503,542020041221088+20250828123823+Fiji-Nadi-LTE-DL-D!20250828123754,Fiji-Nadi-LTE-DL-D,2025-08-28 02:36:53+02:00,2025-08-28 02:36:56+02:00,4,-17.6278615,177.4424519,-17.6280651,177.4424524,ECI:1079185.0,1079185.0,385.0,41384.0,41.0,2.283472,7.075647999999999,47.0651145,38.8253865,0.17507081598622265,73.1,61.8425,83.01,68.02250000000001,62.84,54.2875,0,4,0,3,radio_limited_degradation,normal,radio,statistical_only_retained,3.0,4.0,4.0,1.0,0.0,4.0,30.132047357035518,0.0,0.75,3,3,True,44.0,69.51,52.49,61.85,High,Medium,True,False,,True,priority_and_confidence_gate,Medium,INC-001013,"new:gap=5.0s,dist=30.619948898992m,cell=False,family=True"
LTE-TP-EP-001504,542020041221088+20250828123823+Fiji-Nadi-LTE-DL-D!20250828123754,Fiji-Nadi-LTE-DL-D,2025-08-28 02:36:57+02:00,2025-08-28 02:36:57+02:00,1,-17.6281414,177.44245,-17.6281414,177.44245,ECI:3642943.0,3642943.0,385.0,41384.0,41.0,4.391144,4.391144,,,,72.44,72.44,75.63,75.63,68.53,68.53,0,1,0,1,rb_efficiency_underperformance,normal,radio,statistical_only_retained,0.0,1.0,1.0,1.0,0.0,1.0,8.487995984727933,0.0,1.0,1,1,True,22.25,62.28,61.4,61.89,High,High,True,False,,True,priority_and_confidence_gate,Medium,INC-001014,"new:gap=1.0s,dist=8.487995984728927m,cell=False,family=True"
LTE-TP-EP-001505,542020041221088+20250828123823+Fiji-Nadi-LTE-DL-D!20250828123754,Fiji-Nadi-LTE-DL-D,2025-08-28 02:37:08+02:00,2025-08-28 02:37:09+02:00,2,-17.6290696,177.4424638,-17.6291488,177.4424684,ECI:3642943.0,3642943.0,313.0,41384.0,41.0,0.019632,0.046512,24.868231056996443,24.843165,0.0007896134936065318,79.28,78.86500000000001,77.88,77.79499999999999,81.0,80.175,0,2,0,2,rolling_local_drop,normal,temporal,statistical_only_retained,1.0,2.0,2.0,1.0,0.0,2.0,18.0510843663234,0.0,1.0,2,0,False,29.5,65.76,70.54,67.91,High,High,True,False,,True,priority_and_confidence_gate,High,INC-001015,"new:gap=11.0s,dist=103.22163377144308m,cell=True,family=False"
LTE-TP-EP-001506,542020041221088+20250828123823+Fiji-Nadi-LTE-DL-D!20250828123754,Fiji-Nadi-LTE-DL-D,2025-08-28 02:37:17+02:00,2025-08-28 02:37:17+02:00,1,-17.6298581,177.442455,-17.6298581,177.442455,ECI:3642943.0,3642943.0,313.0,41384.0,41.0,0.006824,0.006824,56.299775,56.292950999999995,0.00012120829967792945,86.22,86.22,90.5,90.5,81.0,81.0,0,1,0,1,sudden_drop,normal,temporal,statistical_only_retained,0.0,1.0,1.0,1.0,0.0,1.0,10.439013327754267,0.0,1.0,1,0,False,22.25,73.44,70.75,72.23,High,High,True,False,,True,priority_and_confidence_gate,High,INC-001016,"new:gap=8.0s,dist=78.88345296207955m,cell=True,family=True"
LTE-TP-EP-001507,542020041221088+20250828123823+Fiji-Nadi-LTE-DL-D!20250828123754,Fiji-Nadi-LTE-DL-D,2025-08-28 02:37:24+02:00,2025-08-28 02:37:25+02:00,2,-17.6305278,177.4424566,-17.6306151,177.4424641,ECI:3642943.0,3642943.0,313.0,41384.0,41.0,0.008176,0.22423600000000002,56.30520762844365,56.29703162844365,0.00014520859338541426,86.22,84.695,90.5,87.72,81.0,81.0,0,2,0,2,rolling_local_drop,normal,temporal,statistical_only_retained,1.0,2.0,2.0,1.0,0.0,2.0,20.521663325010877,0.0,1.0,2,0,False,29.5,74.55,70.75,72.84,High,High,True,False,,True,priority_and_confidence_gate,High,INC-001017,"new:gap=7.0s,dist=74.46753826421072m,cell=True,family=True"
LTE-TP-EP-001509,542020041221088+20250828123823+Fiji-Nadi-LTE-DL-D!20250828123754,Fiji-Nadi-LTE-DL-D,2025-08-28 02:37:35+02:00,2025-08-28 02:37:36+02:00,2,-17.631383,177.4424822,-17.6314479,177.4424856,ECI:3642943.0,3642943.0,313.0,41384.0,41.0,0.066992,2.325412,118.85684985609348,114.27301785609347,0.0008466686290638751,96.49,93.84,99.52,96.57,100.0,90.5,1,1,0,2,ca_underperformance,ml_severe_quantile_p75_resource_underperformance,temporal,statistical_and_ml_consensus,1.0,2.0,2.0,1.0,0.0,2.0,15.253897348275427,50.0,1.0,2,0,False,29.5,81.28,90.12,85.26,Critical,Very High,True,True,critical_impact_with_verified_direct_evidence,True,critical_verified_direct_evidence_override,High,INC-001018,"new:gap=10.0s,dist=85.40824300061767m,cell=True,family=True"
LTE-TP-EP-001510,542020041221088+20250828123823+Fiji-Nadi-LTE-DL-D!20250828123754,Fiji-Nadi-LTE-DL-D,2025-08-28 02:37:52+02:00,2025-08-28 02:37:52+02:00,1,-17.6316087,177.442605,-17.6316087,177.442605,ECI:3642943.0,3642943.0,313.0,41384.0,41.0,5.237744,5.237744,75.37748072646178,70.13973672646178,0.06948685402484212,83.3,83.3,87.58,87.58,78.08,78.08,0,1,0,1,sudden_drop,normal,temporal,statistical_only_retained,0.0,1.0,1.0,1.0,0.0,1.0,4.2902661521338255,0.0,1.0,1,0,False,22.25,71.25,68.56,70.04,High,High,True,False,,True,priority_and_confidence_gate,High,INC-001019,"new:gap=16.0s,dist=21.904316102755672m,cell=True,family=True"
LTE-TP-EP-001511,542020041221088+20250828124043+Fiji-Nadi-LTE-DL-D!20250828124009,Fiji-Nadi-LTE-DL-D,2025-08-28 02:38:07+02:00,2025-08-28 02:38:07+02:00,1,-17.6314439,177.4435269,-17.6314439,177.4435269,EARFCN:41384.0|PCI:313.0,,313.0,41384.0,41.0,25.238913,25.238913,98.07729499999999,72.838382,0.25733696060846706,64.77,64.77,56.41,56.41,74.99,74.99,0,1,0,1,rb_conditioned_underperformance,normal,capability,statistical_only_retained,0.0,1.0,1.0,1.0,0.0,1.0,,0.0,1.0,1,0,False,22.25,47.87,66.24,56.14,Medium,High,True,False,,True,priority_and_confidence_gate,Medium,INC-001020,new_session_or_first_episode
LTE-TP-EP-001512,542020041221088+20250828124043+Fiji-Nadi-LTE-DL-D!20250828124009,Fiji-Nadi-LTE-DL-D,2025-08-28 02:38:16+02:00,2025-08-28 02:38:16+02:00,1,-17.6310461,177.4440356,-17.6310461,177.4440356,ECI:3642943.0,3642943.0,313.0,41384.0,41.0,23.864872,23.864872,121.14346,97.27858800000001,0.19699678381317487,71.5,71.5,63.51,63.51,81.26,81.26,0,1,0,1,rb_conditioned_underperformance,ml_hgb_strict_causal_temporal_underperformance,capability,statistical_only_retained,0.0,1.0,1.0,1.0,0.0,1.0,5.165253535333867,0.0,1.0,1,0,False,22.25,53.2,70.95,61.18,Medium,High,True,False,,True,priority_and_confidence_gate,Medium,INC-001021,"new:gap=9.0s,dist=69.7326942145195m,cell=False,family=True"
LTE-TP-EP-001514,542020041221088+20250828124043+Fiji-Nadi-LTE-DL-D!20250828124009,Fiji-Nadi-LTE-DL-D,2025-08-28 02:38:28+02:00,2025-08-28 02:38:28+02:00,1,-17.6309832,177.4440877,-17.6309832,177.4440877,ECI:3642943.0,3642943.0,313.0,41384.0,41.0,29.364168,29.364168,121.14346,91.779292,0.2423916899847503,66.82,66.82,60.86,60.86,74.1,74.1,0,1,0,1,rb_conditioned_underperformance,normal,capability,statistical_only_retained,0.0,1.0,1.0,1.0,0.0,1.0,1.5575769591564628,0.0,1.0,1,0,False,22.25,51.21,65.57,57.67,Medium,High,True,False,,True,priority_and_confidence_gate,Medium,INC-001022,"new:gap=12.0s,dist=8.91074423131677m,cell=True,family=True"
LTE-TP-EP-001515,542020041221088+20250828124043+Fiji-Nadi-LTE-DL-D!20250828124009,Fiji-Nadi-LTE-DL-D,2025-08-28 02:38:34+02:00,2025-08-28 02:38:36+02:00,3,-17.6308957,177.4441288,-17.6307991,177.4440908,ECI:3642943.0,3642943.0,313.0,41384.0,41.0,0.008616,0.023072,121.14346,118.868004,0.000270305415943596,97.83,86.5,96.06,85.82333333333334,100.0,87.33333333333333,1,2,0,3,rolling_local_drop,normal,temporal,statistical_only_retained,2.0,3.0,3.0,1.0,0.0,3.0,15.120627576792113,33.33333333333333,1.0,3,0,False,36.75,78.67,86.83,82.35,High,Very High,True,False,,True,priority_and_confidence_gate,High,INC-001023,"new:gap=6.0s,dist=10.659945583802083m,cell=True,family=False"
LTE-TP-EP-001516,542020041221088+20250828124043+Fiji-Nadi-LTE-DL-D!20250828124009,Fiji-Nadi-LTE-DL-D,2025-08-28 02:38:44+02:00,2025-08-28 02:38:45+02:00,2,-17.6301109,177.4438296,-17.6299845,177.4438099,ECI:1079185.0,1079185.0,385.0,41384.0,41.0,6.379032,8.899288,47.0651145,40.6860825,0.13553631108238354,70.3,66.16,64.46,56.925,77.46,77.445,0,2,0,2,ca_underperformance,ml_hgb_strict_causal_temporal_underperformance,capability,statistical_only_retained,1.0,2.0,2.0,1.0,0.0,2.0,27.965451007739915,0.0,1.0,2,1,True,29.5,53.84,68.09,60.25,Medium,High,True,False,,True,priority_and_confidence_gate,Medium,INC-001024,"new:gap=8.0s,dist=81.37672564922936m,cell=False,family=False"
LTE-TP-EP-001517,542020041221088+20250828124043+Fiji-Nadi-LTE-DL-D!20250828124009,Fiji-Nadi-LTE-DL-D,2025-08-28 02:38:49+02:00,2025-08-28 02:38:56+02:00,6,-17.6294681,177.4437909,-17.6285956,177.4437779,ECI:1079185.0,1079185.0,385.0,41384.0,41.0,0.556736,10.743208,98.07729499999999,75.67426999999999,0.12478694809082,71.32,64.22500000000001,68.05,60.071666666666665,77.16,69.30166666666666,0,6,0,6,rb_conditioned_underperformance,normal,capability,statistical_only_retained,7.0,8.0,6.0,0.75,2.0,3.0,70.37980115618619,0.0,1.0,6,3,True,36.75,58.23,65.91,61.68,High,High,True,False,,True,priority_and_confidence_gate,Medium,INC-001025,"new:gap=4.0s,dist=57.456430077036394m,cell=True,family=True"
LTE-TP-EP-001518,542020041221088+20250828124043+Fiji-Nadi-LTE-DL-D!20250828124009,Fiji-Nadi-LTE-DL-D,2025-08-28 02:39:00+02:00,2025-08-28 02:39:02+02:00,2,-17.6281009,177.44377,-17.62797927,177.44376564,ECI:1079185.0,1079185.0,385.0,41384.0,41.0,19.276169,21.066521,98.07729499999999,78.801126,0.19654058566766142,62.03,61.6,63.84,61.43000000000001,65.7,61.8,0,2,0,2,rb_conditioned_underperformance,normal,capability,statistical_only_retained,2.0,3.0,2.0,0.6666666666666666,1.0,1.0,40.94752773212801,0.0,1.0,2,2,True,18.5,51.9,58.3,54.78,Medium,Medium,True,False,,True,priority_and_confidence_gate,Medium,INC-001026,"new:gap=4.0s,dist=55.01457657875137m,cell=True,family=True"
LTE-TP-EP-001519,542020041221088+20250828124043+Fiji-Nadi-LTE-DL-D!20250828124009,Fiji-Nadi-LTE-DL-D,2025-08-28 02:39:03+02:00,2025-08-28 02:39:04+02:00,2,-17.62785775,177.44376351,-17.62762,177.4437654,ECI:1079075.0,1079075.0,385.0,1850.0,3.0,7.200344,10.66554,98.07729499999999,83.946559,0.11963836777330304,72.69,70.595,73.93,72.22,75.36,68.61,0,2,0,2,ca_underperformance,normal,capability,statistical_only_retained,1.0,2.0,2.0,1.0,0.0,2.0,39.95170040977614,0.0,1.0,2,0,False,29.5,62.4,64.83,63.49,High,High,True,False,,True,priority_and_confidence_gate,Medium,INC-001027,"new:gap=1.0s,dist=13.51431136973592m,cell=False,family=True"
LTE-TP-EP-001520,542020041221088+20250828124043+Fiji-Nadi-LTE-DL-D!20250828124009,Fiji-Nadi-LTE-DL-D,2025-08-28 02:39:25+02:00,2025-08-28 02:39:30+02:00,3,-17.62521634,177.44373462,-17.6245127,177.4436201,ECI:1079075.0,1079075.0,385.0,1850.0,3.0,3.730008,4.470144,,,,78.77,73.16333333333334,77.94,73.38666666666667,79.79,72.89666666666666,0,3,0,0,radio_limited_degradation,normal,radio,statistical_only_retained,5.0,6.0,3.0,0.5,3.0,1.0,11.835540962278825,0.0,0.0,0,3,True,17.25,61.63,58.12,60.05,High,Medium,True,False,,True,priority_and_confidence_gate,Medium,INC-001028,"new:gap=21.0s,dist=267.29507035516195m,cell=True,family=False"
LTE-TP-EP-001525,542020041221088+20250828124043+Fiji-Nadi-LTE-DL-D!20250828124009,Fiji-Nadi-LTE-DL-D,2025-08-28 02:40:08+02:00,2025-08-28 02:40:09+02:00,2,-17.6222711,177.4411971,-17.62227107,177.44119729,ECI:1079095.0,1079095.0,169.0,41384.0,41.0,7.777888,9.909556,98.07729499999999,90.29940699999999,0.07930365534653051,82.05,66.72,85.65,66.595,77.65,66.875,0,2,0,2,ca_underperformance,normal,capability,statistical_only_retained,1.0,2.0,2.0,1.0,0.0,2.0,24.65028635018337,0.0,1.0,2,0,False,29.5,66.85,65.54,66.26,High,High,True,False,,True,priority_and_confidence_gate,High,INC-001029,"new:gap=38.0s,dist=357.86081210382525m,cell=False,family=False"
LTE-TP-EP-001526,542020041221088+20250828124303+Fiji-Nadi-LTE-DL-D!20250828124223,Fiji-Nadi-LTE-DL-D,2025-08-28 02:40:21+02:00,2025-08-28 02:40:23+02:00,3,-17.6214313,177.4403948,-17.6213463,177.4402162,ECI:1079095.0,1079095.0,169.0,41384.0,41.0,7.429832,10.362136,47.0651145,39.6352825,0.15786282640404498,63.5,56.879999999999995,61.32,54.77666666666667,66.16,59.453333333333326,0,3,0,3,ca_underperformance,normal,capability,statistical_only_retained,2.0,3.0,3.0,1.0,0.0,3.0,41.87675263954953,0.0,1.0,3,0,False,36.75,53.54,57.94,55.52,Medium,Medium,True,False,,True,priority_and_confidence_gate,Medium,INC-001030,new_session_or_first_episode
LTE-TP-EP-001528,542020041221088+20250828124303+Fiji-Nadi-LTE-DL-D!20250828124223,Fiji-Nadi-LTE-DL-D,2025-08-28 02:40:52+02:00,2025-08-28 02:40:52+02:00,1,-17.61963194,177.43930909,-17.61963194,177.43930909,ECI:1076552.0,1076552.0,180.0,9310.0,28.0,32.21224,32.21224,103.01821000000001,70.80597,0.31268491269650284,65.88,65.88,52.16,52.16,82.64,82.64,0,1,0,1,rb_conditioned_underperformance,ml_hgb_strict_causal_temporal_underperformance,capability,statistical_only_retained,0.0,1.0,1.0,1.0,0.0,1.0,0.22777565924395093,0.0,1.0,1,1,True,22.25,44.68,71.98,56.97,Medium,High,True,False,,True,priority_and_confidence_gate,Medium,INC-001031,"new:gap=29.0s,dist=213.49681358493442m,cell=False,family=True"
LTE-TP-EP-001530,542020041221088+20250828124303+Fiji-Nadi-LTE-DL-D!20250828124223,Fiji-Nadi-LTE-DL-D,2025-08-28 02:41:24+02:00,2025-08-28 02:41:26+02:00,2,-17.6209947,177.4375289,-17.62107195,177.43743074,ECI:1079065.0,1079065.0,169.0,356.0,1.0,4.713208,6.225168,,,,69.44,63.665,74.5,69.21000000000001,63.25,56.885000000000005,0,2,0,0,radio_limited_degradation,normal,radio,statistical_only_retained,2.0,3.0,2.0,0.6666666666666666,1.0,1.0,13.42703607379758,0.0,0.0,0,2,True,18.5,59.18,45.85,53.18,High,Medium,True,False,,True,priority_and_confidence_gate,Medium,INC-001032,"new:gap=32.0s,dist=241.98160802590044m,cell=False,family=False"
LTE-TP-EP-001531,542020041221088+20250828124303+Fiji-Nadi-LTE-DL-D!20250828124223,Fiji-Nadi-LTE-DL-D,2025-08-28 02:41:30+02:00,2025-08-28 02:41:42+02:00,7,-17.62137227,177.43702343,-17.622224,177.43581262,ECI:1079065.0,1079065.0,169.0,356.0,1.0,2.343288,3.590208,,,,70.64,67.99285714285715,82.8,77.32714285714285,71.75,56.58142857142857,0,7,0,1,radio_limited_degradation,normal,radio,statistical_only_retained,12.0,13.0,7.0,0.5384615384615384,6.0,2.0,79.34797834711607,0.0,0.14285714285714285,1,7,True,28.83,67.94,51.45,60.52,High,Medium,True,False,,True,priority_and_confidence_gate,Medium,INC-001033,"new:gap=4.0s,dist=54.575168028867694m,cell=True,family=True"
LTE-TP-EP-001532,542020041221088+20250828124303+Fiji-Nadi-LTE-DL-D!20250828124223,Fiji-Nadi-LTE-DL-D,2025-08-28 02:41:43+02:00,2025-08-28 02:41:43+02:00,1,-17.6223388,177.4356529,-17.6223388,177.4356529,ECI:1079576.0,1079576.0,169.0,356.0,1.0,2.298544,2.298544,,,,67.41,67.41,82.96,82.96,48.4,48.4,0,1,0,1,radio_limited_degradation,normal,radio,statistical_only_retained,0.0,1.0,1.0,1.0,0.0,1.0,21.200512471265743,0.0,1.0,1,1,True,22.25,67.78,46.3,58.12,High,Medium,True,False,,True,priority_and_confidence_gate,Medium,INC-001034,"new:gap=1.0s,dist=21.200512471843485m,cell=False,family=True"
LTE-TP-EP-001533,542020041221088+20250828124303+Fiji-Nadi-LTE-DL-D!20250828124223,Fiji-Nadi-LTE-DL-D,2025-08-28 02:42:02+02:00,2025-08-28 02:42:05+02:00,2,-17.62323497,177.43469917,-17.62341243,177.43460643,ECI:1079613.0,1079613.0,345.0,40790.0,41.0,23.744663,27.6359435,118.44779,94.703127,0.20046522607133488,60.66,60.54,63.31,61.39,61.57,59.5,0,2,0,1,rb_conditioned_underperformance,normal,capability,statistical_only_retained,3.0,4.0,2.0,0.5,2.0,1.0,6.566148830892576,0.0,0.5,1,0,False,16.0,51.0,50.66,50.85,Medium,Medium,True,False,,True,priority_and_confidence_gate,Medium,INC-001035,"new:gap=19.0s,dist=141.93608179871288m,cell=False,family=False"
LTE-TP-EP-001534,542020041221088+20250828124303+Fiji-Nadi-LTE-DL-D!20250828124223,Fiji-Nadi-LTE-DL-D,2025-08-28 02:42:10+02:00,2025-08-28 02:42:13+02:00,2,-17.62381411,177.43439446,-17.6241768,177.4341951,ECI:1079613.0,1079613.0,345.0,40790.0,41.0,27.9564,33.1727115,118.44779,90.49139,0.23602297687445245,63.62,60.265,61.23,58.66,66.53,62.22,0,2,0,1,radio_p75_underperformance,normal,capability,statistical_only_retained,3.0,4.0,2.0,0.5,2.0,1.0,11.81495697335975,0.0,0.5,1,0,False,16.0,49.28,53.82,51.32,Medium,Medium,True,False,,True,priority_and_confidence_gate,Medium,INC-001035,"bridged:gap=5.0s,dist=49.99569539845458m,cell=True,family=True"
LTE-TP-EP-001537,542020041221088+20250828124503+Fiji-Nadi-LTE-DL-D!20250828124436,Fiji-Nadi-LTE-DL-D,2025-08-28 02:42:35+02:00,2025-08-28 02:42:36+02:00,2,-17.62607321,177.4332293,-17.6262521,177.4331372,ECI:1079614.0,1079614.0,345.0,40790.0,41.0,3.572608,6.504303999999999,62.203377,53.515584,0.06258050701623201,81.29,74.33500000000001,78.64,72.19,84.52,76.94999999999999,0,2,0,2,ca_underperformance,normal,capability,statistical_only_retained,1.0,2.0,2.0,1.0,0.0,2.0,33.79494834982577,0.0,1.0,2,0,False,29.5,64.74,71.5,67.78,High,High,True,False,,True,priority_and_confidence_gate,High,INC-001036,new_session_or_first_episode
LTE-TP-EP-001538,542020041221088+20250828124503+Fiji-Nadi-LTE-DL-D!20250828124436,Fiji-Nadi-LTE-DL-D,2025-08-28 02:42:56+02:00,2025-08-28 02:42:57+02:00,2,-17.62740922,177.43294422,-17.6274946,177.4331216,ECI:1081660.0,1081660.0,354.0,40790.0,41.0,0.008072,0.13575600000000002,15.9443835,15.9363115,0.0005062597747978151,73.2,71.765,72.1,71.19,74.54,72.465,0,2,0,2,radio_limited_degradation,normal,temporal,statistical_only_retained,1.0,2.0,2.0,1.0,0.0,2.0,30.232409529683405,0.0,1.0,2,1,True,29.5,61.22,65.39,63.1,High,High,True,False,,True,priority_and_confidence_gate,Medium,INC-001037,"new:gap=20.0s,dist=130.28120867413764m,cell=False,family=False"
LTE-TP-EP-001539,542020041221088+20250828124503+Fiji-Nadi-LTE-DL-D!20250828124436,Fiji-Nadi-LTE-DL-D,2025-08-28 02:43:22+02:00,2025-08-28 02:43:22+02:00,1,-17.6286519,177.4358781,-17.6286519,177.4358781,ECI:1078583.0,1078583.0,354.0,41384.0,41.0,0.014728,0.014728,50.89339,50.878662,0.000289389250745529,85.84,85.84,88.32,88.32,82.8,82.8,0,1,0,1,radio_limited_degradation,normal,temporal,statistical_only_retained,0.0,1.0,1.0,1.0,0.0,1.0,13.396525213972566,0.0,1.0,1,1,True,22.25,71.8,72.1,71.94,High,High,True,False,,True,priority_and_confidence_gate,High,INC-001038,"new:gap=25.0s,dist=319.20532080723035m,cell=False,family=True"
LTE-TP-EP-001540,542020041221088+20250828124503+Fiji-Nadi-LTE-DL-D!20250828124436,Fiji-Nadi-LTE-DL-D,2025-08-28 02:43:55+02:00,2025-08-28 02:43:56+02:00,2,-17.6312853,177.4383202,-17.63128733,177.43843504,ECI:1079185.0,1079185.0,315.0,41384.0,41.0,1.334312,1.4700639999999998,38.729599,37.123783,0.041462241837308976,76.85,68.955,74.14,69.735,80.17,68.0,0,2,0,2,ca_underperformance,normal,capability,statistical_only_retained,1.0,2.0,2.0,1.0,0.0,2.0,23.162182385238324,0.0,1.0,2,1,True,29.5,61.88,67.08,64.22,High,High,True,False,,True,priority_and_confidence_gate,Medium,INC-001039,"new:gap=33.0s,dist=390.7931770461517m,cell=False,family=False"
LTE-TP-EP-001541,542020041221088+20250828124503+Fiji-Nadi-LTE-DL-D!20250828124436,Fiji-Nadi-LTE-DL-D,2025-08-28 02:44:13+02:00,2025-08-28 02:44:13+02:00,1,-17.63132452,177.4404842,-17.63132452,177.4404842,ECI:3642945.0,3642945.0,315.0,41384.0,41.0,5.685384,5.685384,41.62377388686387,35.938389886863874,0.1365898252151101,70.57,70.57,70.32,70.32,70.88,70.88,0,1,0,1,radio_limited_degradation,normal,temporal,statistical_only_retained,0.0,1.0,1.0,1.0,0.0,1.0,12.354049502271316,0.0,1.0,1,1,True,22.25,58.3,63.16,60.49,High,High,True,False,,True,priority_and_confidence_gate,Medium,INC-001040,"new:gap=17.0s,dist=217.19239445562m,cell=False,family=False"
LTE-TP-EP-001542,542020041221088+20250828124503+Fiji-Nadi-LTE-DL-D!20250828124436,Fiji-Nadi-LTE-DL-D,2025-08-28 02:44:23+02:00,2025-08-28 02:44:23+02:00,1,-17.6315218,177.4415653,-17.6315218,177.4415653,ECI:3642943.0,3642943.0,313.0,41384.0,41.0,5.69544,5.69544,28.981247218490893,23.285807218490895,0.19652156296317505,69.92,69.92,62.45,62.45,79.06,79.06,0,1,0,1,sudden_drop,normal,temporal,statistical_only_retained,0.0,1.0,1.0,1.0,0.0,1.0,16.191090263713612,0.0,1.0,1,0,False,22.25,52.4,69.3,60.0,Medium,High,True,False,,True,priority_and_confidence_gate,Medium,INC-001041,"new:gap=10.0s,dist=116.64721079175291m,cell=False,family=True"
LTE-TP-EP-001543,542020041221088+20250828124503+Fiji-Nadi-LTE-DL-D!20250828124436,Fiji-Nadi-LTE-DL-D,2025-08-28 02:44:32+02:00,2025-08-28 02:44:33+02:00,2,-17.6316037,177.442494,-17.63160353,177.44249391,ECI:3642943.0,3642943.0,313.0,41384.0,41.0,0.413392,0.426748,56.90207631780557,56.461972317805575,0.007734410209250737,85.83,85.0,89.78,88.275,81.0,81.0,0,2,0,2,rolling_local_drop,normal,temporal,statistical_only_retained,1.0,2.0,2.0,1.0,0.0,2.0,21.51456018057699,0.0,1.0,2,0,False,29.5,74.33,70.75,72.72,High,High,True,False,,True,priority_and_confidence_gate,High,INC-001042,"new:gap=9.0s,dist=98.8362548381689m,cell=True,family=True"
LTE-TP-EP-001544,542020041221088+20250828124723+Fiji-Nadi-LTE-DL-D!20250828124651,Fiji-Nadi-LTE-DL-D,2025-08-28 02:44:53+02:00,2025-08-28 02:44:53+02:00,1,-17.6309639,177.4441089,-17.6309639,177.4441089,ECI:3642943.0,3642943.0,313.0,41384.0,41.0,23.505207,23.505207,110.66016279066946,87.15495579066946,0.2124089320604351,79.76,79.76,70.09,70.09,91.57,91.57,0,1,0,1,rb_conditioned_underperformance,ml_hgb_strict_causal_temporal_underperformance,temporal,statistical_only_retained,0.0,1.0,1.0,1.0,0.0,1.0,1.1824741852631049,0.0,1.0,1,0,False,22.25,58.13,78.68,67.38,High,High,True,False,,True,priority_and_confidence_gate,High,INC-001043,new_session_or_first_episode
LTE-TP-EP-001545,542020041221088+20250828124723+Fiji-Nadi-LTE-DL-D!20250828124651,Fiji-Nadi-LTE-DL-D,2025-08-28 02:45:18+02:00,2025-08-28 02:45:19+02:00,2,-17.63169419,177.44523896,-17.6318041,177.4454593,ECI:3642944.0,3642944.0,314.0,41384.0,41.0,3.364392,4.07212,24.20749179827681,20.84309979827681,0.13898143715324904,67.45,64.795,64.11,60.94,79.28,69.51,0,2,0,2,rolling_local_drop,normal,temporal,statistical_only_retained,1.0,2.0,2.0,1.0,0.0,2.0,39.55730087022552,0.0,1.0,2,0,False,29.5,54.66,67.02,60.22,Medium,High,True,False,,True,priority_and_confidence_gate,Medium,INC-001044,"new:gap=25.0s,dist=144.69039630269447m,cell=False,family=True"
LTE-TP-EP-001546,542020041221088+20250828124723+Fiji-Nadi-LTE-DL-D!20250828124651,Fiji-Nadi-LTE-DL-D,2025-08-28 02:46:08+02:00,2025-08-28 02:46:08+02:00,1,-17.63101672,177.45041939,-17.63101672,177.45041939,ECI:1079094.0,1079094.0,170.0,41384.0,41.0,3.923208,3.923208,47.0651145,43.1419065,0.08335702657219711,76.05,76.05,71.8,71.8,81.24,81.24,0,1,0,1,ca_underperformance,normal,capability,statistical_only_retained,0.0,1.0,1.0,1.0,0.0,1.0,13.261287526528427,0.0,1.0,1,0,False,22.25,59.41,70.93,64.6,High,High,True,False,,True,priority_and_confidence_gate,Medium,INC-001045,"new:gap=49.0s,dist=532.8708376452912m,cell=False,family=False"
LTE-TP-EP-001549,542020041221088+20250828124723+Fiji-Nadi-LTE-DL-D!20250828124651,Fiji-Nadi-LTE-DL-D,2025-08-28 02:46:27+02:00,2025-08-28 02:46:27+02:00,1,-17.6301727,177.4505948,-17.6301727,177.4505948,ECI:1079084.0,1079084.0,384.0,40988.0,41.0,9.44208,9.44208,83.236885,73.794805,0.11343624884568904,75.06,75.06,78.48,78.48,70.87,70.87,0,1,0,1,ca_underperformance,normal,capability,statistical_only_retained,0.0,1.0,1.0,1.0,0.0,1.0,21.555354732839184,0.0,1.0,1,0,False,22.25,64.42,63.15,63.85,High,High,True,False,,True,priority_and_confidence_gate,Medium,INC-001046,"new:gap=19.0s,dist=95.67403608181934m,cell=False,family=True"
LTE-TP-EP-001551,542020041221088+20250828124723+Fiji-Nadi-LTE-DL-D!20250828124651,Fiji-Nadi-LTE-DL-D,2025-08-28 02:46:32+02:00,2025-08-28 02:46:32+02:00,1,-17.62994516,177.45025903,-17.62994516,177.45025903,ECI:1077825.0,1077825.0,167.0,40988.0,41.0,7.365512,7.365512,83.236885,75.871373,0.08848855888828612,83.69,83.69,83.57,83.57,83.84,83.84,0,1,0,1,rb_efficiency_underperformance,normal,capability,statistical_only_retained,0.0,1.0,1.0,1.0,0.0,1.0,10.60288455870763,0.0,1.0,1,1,True,22.25,68.24,72.88,70.33,High,High,True,False,,True,priority_and_confidence_gate,High,INC-001047,"new:gap=5.0s,dist=43.660765766101434m,cell=False,family=True"
LTE-TP-EP-001552,542020041221088+20250828124723+Fiji-Nadi-LTE-DL-D!20250828124651,Fiji-Nadi-LTE-DL-D,2025-08-28 02:46:33+02:00,2025-08-28 02:46:35+02:00,3,-17.6298088,177.4501124,-17.6296632,177.4499843,ECI:1079084.0,1079084.0,384.0,40988.0,41.0,5.123472,23.768543,83.236885,59.468342,0.2855530093419522,55.79,53.21666666666667,48.08,43.79333333333333,72.39,64.73,0,3,0,2,rb_conditioned_underperformance,normal,capability,statistical_only_retained,2.0,3.0,3.0,1.0,0.0,3.0,42.84027814057865,0.0,0.6666666666666666,2,1,True,36.75,44.18,59.04,50.87,Medium,Medium,True,False,,True,priority_and_confidence_gate,Medium,INC-001048,"new:gap=1.0s,dist=21.710740220483107m,cell=False,family=True"
LTE-TP-EP-001553,542020041221088+20250828124723+Fiji-Nadi-LTE-DL-D!20250828124651,Fiji-Nadi-LTE-DL-D,2025-08-28 02:46:40+02:00,2025-08-28 02:46:42+02:00,3,-17.62936618,177.44973943,-17.6291273,177.4495408,ECI:1077960.0,1077960.0,376.0,500.0,1.0,15.58912,27.27784,105.955109,78.677269,0.18220790710074725,64.9,61.660000000000004,64.87,61.01666666666667,64.94,62.45333333333334,0,3,0,1,rb_conditioned_underperformance,normal,capability,statistical_only_retained,2.0,3.0,3.0,1.0,0.0,3.0,33.896155676140076,0.0,0.3333333333333333,1,0,False,36.75,56.88,51.42,54.42,High,Medium,True,False,,True,priority_and_confidence_gate,Medium,INC-001049,"new:gap=5.0s,dist=42.002057711021166m,cell=False,family=True"
LTE-TP-EP-001554,542020041221088+20250828124723+Fiji-Nadi-LTE-DL-D!20250828124651,Fiji-Nadi-LTE-DL-D,2025-08-28 02:46:46+02:00,2025-08-28 02:46:49+02:00,3,-17.62887716,177.44933937,-17.62863037,177.4491379,ECI:1079061.0,1079061.0,170.0,500.0,1.0,15.179624,18.189775,85.55677,70.377146,0.17742165815750174,62.37,55.93666666666667,65.86,53.02333333333333,64.29,59.5,0,3,0,2,radio_p75_underperformance,normal,capability,statistical_only_retained,3.0,4.0,3.0,0.75,1.0,2.0,34.91721204679607,0.0,0.6666666666666666,2,0,False,27.0,52.94,53.69,53.27,Medium,Medium,True,False,,True,priority_and_confidence_gate,Medium,INC-001050,"new:gap=4.0s,dist=35.06131494535483m,cell=False,family=True"
LTE-TP-EP-001555,542020041221088+20250828124723+Fiji-Nadi-LTE-DL-D!20250828124651,Fiji-Nadi-LTE-DL-D,2025-08-28 02:46:50+02:00,2025-08-28 02:46:51+02:00,2,-17.6284815,177.4489969,-17.62848225,177.44899604,ECI:1079094.0,1079094.0,170.0,500.0,1.0,29.908417,35.2091335,121.14346,80.63361,0.28227442057560437,57.16,56.459999999999994,56.56,56.025000000000006,57.9,57.0,0,2,0,0,radio_p75_underperformance,normal,capability,statistical_only_retained,1.0,2.0,2.0,1.0,0.0,2.0,22.42359409879378,0.0,0.0,0,1,True,29.5,49.66,43.2,46.75,Medium,Medium,True,False,,True,priority_and_confidence_gate,Medium,INC-001051,"new:gap=1.0s,dist=22.300059012459904m,cell=False,family=True"
LTE-TP-EP-001559,542020041221088+20250828124943+Fiji-Nadi-LTE-DL-D!20250828124907,Fiji-Nadi-LTE-DL-D,2025-08-28 02:48:52+02:00,2025-08-28 02:48:52+02:00,1,-17.6284586,177.4505431,-17.6284586,177.4505431,ECI:1079101.0,1079101.0,170.0,40790.0,41.0,3.000736,3.000736,57.088192,54.087456,0.052563164025233096,80.89,80.89,80.23,80.23,81.7,81.7,0,1,0,1,ca_underperformance,normal,capability,statistical_only_retained,0.0,1.0,1.0,1.0,0.0,1.0,12.93021382658789,0.0,1.0,1,0,False,22.25,65.74,71.28,68.23,High,High,True,False,,True,priority_and_confidence_gate,High,INC-001052,new_session_or_first_episode
LTE-TP-EP-001560,542020041221088+20250828124943+Fiji-Nadi-LTE-DL-D!20250828124907,Fiji-Nadi-LTE-DL-D,2025-08-28 02:48:53+02:00,2025-08-28 02:48:54+02:00,2,-17.62845853,177.45054422,-17.6286271,177.4507072,ECI:1077822.0,1077822.0,167.0,40790.0,41.0,11.761624,12.48958,93.96716500000001,82.20554100000001,0.1251673816061174,73.54,64.075,78.0,64.955,68.08,62.989999999999995,0,2,0,2,ca_underperformance,normal,capability,statistical_only_retained,1.0,2.0,2.0,1.0,0.0,2.0,25.607164240031942,0.0,1.0,2,1,True,29.5,62.61,59.79,61.34,High,Medium,True,False,,True,priority_and_confidence_gate,Medium,INC-001053,"new:gap=1.0s,dist=0.11894515919330025m,cell=False,family=True"
LTE-TP-EP-001563,542020041221088+20250828124943+Fiji-Nadi-LTE-DL-D!20250828124907,Fiji-Nadi-LTE-DL-D,2025-08-28 02:49:05+02:00,2025-08-28 02:49:05+02:00,1,-17.6290491,177.451868,-17.6290491,177.451868,ECI:1077815.0,1077815.0,167.0,41384.0,41.0,0.017424,0.017424,,,,80.85,80.85,90.94,90.94,68.51,68.51,0,1,0,0,radio_limited_degradation,normal,radio,statistical_only_retained,0.0,1.0,1.0,1.0,0.0,1.0,23.822255330283685,0.0,0.0,0,1,True,22.25,73.77,51.38,63.69,High,Medium,True,False,,True,priority_and_confidence_gate,Medium,INC-001054,"new:gap=11.0s,dist=131.65961258139345m,cell=False,family=False"
LTE-TP-EP-001564,542020041221088+20250828124943+Fiji-Nadi-LTE-DL-D!20250828124907,Fiji-Nadi-LTE-DL-D,2025-08-28 02:49:06+02:00,2025-08-28 02:49:07+02:00,2,-17.6290733,177.4519781,-17.6290732,177.45197786,ECI:1077825.0,1077825.0,167.0,40988.0,41.0,8.007936,8.69214,,,,65.15,57.97,62.97,60.575,67.81,54.78,0,2,0,0,radio_limited_degradation,normal,radio,statistical_only_retained,1.0,2.0,2.0,1.0,0.0,2.0,12.001675486145471,0.0,0.0,0,2,True,29.5,54.0,47.6,51.12,Medium,Medium,True,False,,True,priority_and_confidence_gate,Medium,INC-001055,"new:gap=1.0s,dist=11.973917465114264m,cell=False,family=True"
LTE-TP-EP-001565,542020041221088+20250828125203+Fiji-Nadi-LTE-DL-D!20250828125121,Fiji-Nadi-LTE-DL-D,2025-08-28 02:49:20+02:00,2025-08-28 02:49:21+02:00,2,-17.62989119,177.45302496,-17.62998459,177.45305324,ECI:1077825.0,1077825.0,167.0,40988.0,41.0,3.571144,3.64683195,83.236885,79.5143651,0.04472199914737319,88.22,87.50999999999999,92.5,90.0,85.95,84.47,0,2,0,1,ca_underperformance,normal,capability,statistical_only_retained,1.0,2.0,2.0,1.0,0.0,2.0,10.809372857898465,0.0,0.5,1,1,True,29.5,76.12,69.09,72.96,High,High,True,False,,True,priority_and_confidence_gate,High,INC-001056,new_session_or_first_episode
LTE-TP-EP-001566,542020041221088+20250828125203+Fiji-Nadi-LTE-DL-D!20250828125121,Fiji-Nadi-LTE-DL-D,2025-08-28 02:49:26+02:00,2025-08-28 02:49:27+02:00,2,-17.63031825,177.45311711,-17.63034047,177.45312273,ECI:1077825.0,1077825.0,167.0,40988.0,41.0,10.181416,10.2277,83.236885,73.055469,0.12231856105619522,78.39,77.88,76.67,76.555,80.5,79.505,0,2,0,2,ca_underperformance,ml_quantile_p75_resource_underperformance,capability,statistical_only_retained,1.0,2.0,2.0,1.0,0.0,2.0,2.7482142582518683,0.0,1.0,2,0,False,29.5,64.85,70.13,67.22,High,High,True,False,,True,priority_and_confidence_gate,High,INC-001056,"bridged:gap=5.0s,dist=37.71368748325242m,cell=True,family=True"
LTE-TP-EP-001568,542020041221088+20250828125203+Fiji-Nadi-LTE-DL-D!20250828125121,Fiji-Nadi-LTE-DL-D,2025-08-28 02:49:39+02:00,2025-08-28 02:49:40+02:00,2,-17.63040005,177.45343209,-17.6304067,177.45354,ECI:3640375.0,3640375.0,167.0,40988.0,41.0,5.22404,7.660568,111.79482125,101.69772524999999,0.09031810138521958,90.16,83.645,82.11,74.32,100.0,95.03999999999999,1,1,0,2,rb_conditioned_underperformance,ml_quantile_p75_resource_underperformance,capability,statistical_and_ml_consensus,1.0,2.0,2.0,1.0,0.0,2.0,11.49619165749356,50.0,1.0,2,1,True,29.5,67.01,91.26,77.92,High,Very High,True,False,,True,priority_and_confidence_gate,High,INC-001057,"new:gap=12.0s,dist=33.44628530506918m,cell=False,family=True"
LTE-TP-EP-001569,542020041221088+20250828125203+Fiji-Nadi-LTE-DL-D!20250828125121,Fiji-Nadi-LTE-DL-D,2025-08-28 02:49:57+02:00,2025-08-28 02:49:57+02:00,1,-17.6307357,177.4545366,-17.6307357,177.4545366,ECI:1077825.0,1077825.0,167.0,40988.0,41.0,4.852648,4.852648,,,,72.7,72.7,62.02,62.02,85.76,85.76,0,1,0,0,radio_limited_degradation,normal,radio,statistical_only_retained,0.0,1.0,1.0,1.0,0.0,1.0,2.706306844337622,0.0,0.0,0,1,True,22.25,52.08,64.32,57.59,Medium,High,True,False,,True,priority_and_confidence_gate,Medium,INC-001058,"new:gap=17.0s,dist=111.76847763949307m,cell=False,family=False"
LTE-TP-EP-001570,542020041221088+20250828125203+Fiji-Nadi-LTE-DL-D!20250828125121,Fiji-Nadi-LTE-DL-D,2025-08-28 02:50:04+02:00,2025-08-28 02:50:04+02:00,1,-17.6308924,177.454617,-17.6308924,177.454617,ECI:1077780.0,1077780.0,165.0,500.0,1.0,13.48532,13.48532,105.955109,92.46978899999999,0.12727390049686044,71.26,71.26,75.72,75.72,65.82,65.82,0,1,0,1,ca_underperformance,normal,capability,statistical_only_retained,0.0,1.0,1.0,1.0,0.0,1.0,6.353831661873666,0.0,1.0,1,0,False,22.25,62.35,59.36,61.01,High,Medium,True,False,,True,priority_and_confidence_gate,Medium,INC-001059,"new:gap=7.0s,dist=19.39582710925549m,cell=False,family=False"
LTE-TP-EP-001571,542020041221088+20250828125203+Fiji-Nadi-LTE-DL-D!20250828125121,Fiji-Nadi-LTE-DL-D,2025-08-28 02:50:10+02:00,2025-08-28 02:50:10+02:00,1,-17.6313048,177.45449737,-17.6313048,177.45449737,ECI:1077780.0,1077780.0,165.0,500.0,1.0,16.745647,16.745647,105.955109,89.20946199999999,0.15804473383157014,66.39,66.39,69.85,69.85,62.17,62.17,0,1,0,1,rb_conditioned_underperformance,normal,capability,statistical_only_retained,0.0,1.0,1.0,1.0,0.0,1.0,0.20028856084592647,0.0,1.0,1,0,False,22.25,57.95,56.63,57.35,High,Medium,True,False,,True,priority_and_confidence_gate,Medium,INC-001060,"new:gap=6.0s,dist=47.57696471309461m,cell=True,family=True"
LTE-TP-EP-001573,542020041221088+20250828125203+Fiji-Nadi-LTE-DL-D!20250828125121,Fiji-Nadi-LTE-DL-D,2025-08-28 02:50:31+02:00,2025-08-28 02:50:31+02:00,1,-17.63349166,177.45444229,-17.63349166,177.45444229,ECI:1077780.0,1077780.0,165.0,500.0,1.0,8.70976,8.70976,,,,71.67,71.67,69.52,69.52,74.3,74.3,0,1,0,0,radio_limited_degradation,normal,radio,statistical_only_retained,0.0,1.0,1.0,1.0,0.0,1.0,0.39524572253999257,0.0,0.0,0,1,True,22.25,57.7,55.72,56.81,High,Medium,True,False,,True,priority_and_confidence_gate,Medium,INC-001061,"new:gap=21.0s,dist=243.23811596378917m,cell=True,family=False"
LTE-TP-EP-001574,542020041221088+20250828125203+Fiji-Nadi-LTE-DL-D!20250828125121,Fiji-Nadi-LTE-DL-D,2025-08-28 02:50:38+02:00,2025-08-28 02:50:39+02:00,2,-17.6339849,177.4538317,-17.63398514,177.45383219,ECI:1077780.0,1077780.0,165.0,500.0,1.0,0.801128,3.3779319,,,,87.37,79.985,97.2,88.18,75.36,69.97,0,2,0,0,radio_limited_degradation,normal,radio,statistical_only_retained,1.0,2.0,2.0,1.0,0.0,2.0,21.663921416869893,0.0,0.0,0,2,True,29.5,78.02,55.17,67.74,High,Medium,True,False,,True,priority_and_confidence_gate,High,INC-001062,"new:gap=7.0s,dist=84.8217442829895m,cell=True,family=True"
LTE-TP-EP-001575,542020041221088+20250828125203+Fiji-Nadi-LTE-DL-D!20250828125121,Fiji-Nadi-LTE-DL-D,2025-08-28 02:50:46+02:00,2025-08-28 02:50:47+02:00,2,-17.63440542,177.45353641,-17.6344758,177.4534751,ECI:1077780.0,1077780.0,165.0,500.0,1.0,4.705576,5.461956,,,,81.6,76.765,83.53,80.88499999999999,79.25,71.735,0,2,0,0,radio_limited_degradation,normal,radio,statistical_only_retained,1.0,2.0,2.0,1.0,0.0,2.0,15.74910395823369,0.0,0.0,0,2,True,29.5,69.36,57.56,64.05,High,Medium,True,False,,True,priority_and_confidence_gate,Medium,INC-001063,"new:gap=7.0s,dist=56.27090188139553m,cell=True,family=True"
LTE-TP-EP-001576,542020041221088+20250828125203+Fiji-Nadi-LTE-DL-D!20250828125121,Fiji-Nadi-LTE-DL-D,2025-08-28 02:50:48+02:00,2025-08-28 02:50:48+02:00,1,-17.6344819,177.4534301,-17.6344819,177.4534301,ECI:3640375.0,3640375.0,165.0,500.0,1.0,4.402552,4.402552,,,,74.47,74.47,84.59,84.59,62.11,62.11,0,1,0,1,radio_limited_degradation,normal,radio,statistical_only_retained,0.0,1.0,1.0,1.0,0.0,1.0,4.816642027664528,0.0,1.0,1,1,True,22.25,69.01,56.58,63.41,High,Medium,True,False,,True,priority_and_confidence_gate,Medium,INC-001064,"new:gap=1.0s,dist=4.816642027691143m,cell=False,family=True"
LTE-TP-EP-001577,542020041221088+20250828125203+Fiji-Nadi-LTE-DL-D!20250828125121,Fiji-Nadi-LTE-DL-D,2025-08-28 02:50:52+02:00,2025-08-28 02:51:01+02:00,5,-17.6344297,177.4534287,-17.6343163,177.4535127,ECI:1077825.0,1077825.0,167.0,40988.0,41.0,0.818096,5.340656,43.68767,38.152358,0.12670192756903723,85.17,78.382,97.14,82.388,79.21,73.486,0,5,0,2,radio_limited_degradation,normal,radio,statistical_only_retained,9.0,10.0,5.0,0.5,5.0,2.0,12.884085171112625,0.0,0.4,2,4,True,25.75,75.6,61.98,69.47,High,High,True,False,,True,priority_and_confidence_gate,High,INC-001065,"new:gap=4.0s,dist=5.806278863844561m,cell=False,family=True"
LTE-TP-EP-001578,542020041221088+20250828125203+Fiji-Nadi-LTE-DL-D!20250828125121,Fiji-Nadi-LTE-DL-D,2025-08-28 02:51:03+02:00,2025-08-28 02:51:03+02:00,1,-17.6342212,177.4535703,-17.6342212,177.4535703,ECI:3640375.0,3640375.0,275.0,40988.0,41.0,0.12916,0.12916,,,,90.41,90.41,99.55,99.55,79.23,79.23,0,1,0,0,radio_limited_degradation,normal,radio,statistical_only_retained,0.0,1.0,1.0,1.0,0.0,1.0,12.157663015760617,0.0,0.0,0,1,True,22.25,80.23,59.42,70.86,Critical,Medium,True,False,,True,priority_and_confidence_gate,High,INC-001066,"new:gap=2.0s,dist=12.209852992051195m,cell=False,family=True"
LTE-TP-EP-001579,542020041221088+20250828125404+Fiji-Nadi-LTE-DL-D!20250828125334,Fiji-Nadi-LTE-DL-D,2025-08-28 02:51:32+02:00,2025-08-28 02:51:35+02:00,4,-17.6349871,177.4542609,-17.6351409,177.4542181,ECI:1077825.0,1077825.0,167.0,40988.0,41.0,0.47288,1.752016,88.404305,77.572289,0.122528150637008,84.63,83.8925,98.34,91.045,92.61,75.15,1,3,0,1,radio_limited_degradation,normal,radio,statistical_only_retained,3.0,4.0,4.0,1.0,0.0,4.0,17.696515294236107,25.0,0.25,1,3,True,44.0,82.93,71.34,77.72,Critical,High,True,True,critical_impact_with_verified_direct_evidence,True,critical_verified_direct_evidence_override,High,INC-001067,new_session_or_first_episode
LTE-TP-EP-001580,542020041221088+20250828125404+Fiji-Nadi-LTE-DL-D!20250828125334,Fiji-Nadi-LTE-DL-D,2025-08-28 02:51:41+02:00,2025-08-28 02:51:43+02:00,2,-17.6351858,177.45413,-17.63518593,177.45413,ECI:1077825.0,1077825.0,167.0,40988.0,41.0,6.257264,7.839791999999999,88.404305,82.14704099999999,0.07078008248580203,87.39,76.575,88.05,77.535,86.58,75.405,0,2,0,1,radio_limited_degradation,ml_quantile_p75_resource_underperformance,capability,statistical_only_retained,2.0,3.0,2.0,0.6666666666666666,1.0,1.0,0.19972150059444613,0.0,0.5,1,2,True,18.5,68.03,67.14,67.63,High,High,True,False,,True,priority_and_confidence_gate,High,INC-001068,"new:gap=6.0s,dist=10.587060363383662m,cell=True,family=True"
LTE-TP-EP-001581,542020041221088+20250828125404+Fiji-Nadi-LTE-DL-D!20250828125334,Fiji-Nadi-LTE-DL-D,2025-08-28 02:51:51+02:00,2025-08-28 02:51:51+02:00,1,-17.63517911,177.45415012,-17.63517911,177.45415012,ECI:1077825.0,1077825.0,167.0,40988.0,41.0,5.610456,5.610456,83.236885,77.626429,0.06740348344366803,85.9,85.9,87.87,87.87,83.5,83.5,0,1,0,1,ca_underperformance,normal,capability,statistical_only_retained,0.0,1.0,1.0,1.0,0.0,1.0,0.2784687377252614,0.0,1.0,1,0,False,22.25,71.46,72.62,71.99,High,High,True,False,,True,priority_and_confidence_gate,High,INC-001069,"new:gap=8.0s,dist=2.2629556600709444m,cell=True,family=True"
LTE-TP-EP-001582,542020041221088+20250828125404+Fiji-Nadi-LTE-DL-D!20250828125334,Fiji-Nadi-LTE-DL-D,2025-08-28 02:51:59+02:00,2025-08-28 02:52:06+02:00,6,-17.63497149,177.45424037,-17.6347077,177.4543207,ECI:1077825.0,1077825.0,167.0,40988.0,41.0,0.656272,3.71856,,,,86.55,81.03666666666668,97.7,87.89833333333333,83.1,72.65333333333334,0,6,0,0,radio_limited_degradation,normal,radio,statistical_only_retained,7.0,8.0,6.0,0.75,2.0,3.0,23.779029179491797,0.0,0.0,0,6,True,36.75,80.01,59.71,70.88,Critical,Medium,True,False,,True,priority_and_confidence_gate,High,INC-001070,"new:gap=8.0s,dist=24.98886893622956m,cell=True,family=False"
LTE-TP-EP-001583,542020041221088+20250828125404+Fiji-Nadi-LTE-DL-D!20250828125334,Fiji-Nadi-LTE-DL-D,2025-08-28 02:52:20+02:00,2025-08-28 02:52:20+02:00,1,-17.6337944,177.4542943,-17.6337944,177.4542943,ECI:1077825.0,1077825.0,167.0,40988.0,41.0,4.886728,4.886728,,,,81.55,81.55,82.9,82.9,79.89,79.89,0,1,0,0,radio_limited_degradation,normal,radio,statistical_only_retained,0.0,1.0,1.0,1.0,0.0,1.0,4.512980502275119,0.0,0.0,0,1,True,22.25,67.74,59.92,64.22,High,Medium,True,False,,True,priority_and_confidence_gate,Medium,INC-001071,"new:gap=14.0s,dist=101.59299351917345m,cell=True,family=True"
LTE-TP-EP-001584,542020041221088+20250828125404+Fiji-Nadi-LTE-DL-D!20250828125334,Fiji-Nadi-LTE-DL-D,2025-08-28 02:52:26+02:00,2025-08-28 02:52:30+02:00,4,-17.63360775,177.45430081,-17.63339964,177.45443827,ECI:1077825.0,1077825.0,167.0,40988.0,41.0,4.924728,7.6570439,,,,82.96,76.37,82.76,73.8125,83.2,79.4925,0,4,0,0,radio_limited_degradation,normal,radio,statistical_only_retained,4.0,5.0,4.0,0.8,1.0,3.0,21.429478813987046,0.0,0.0,0,4,True,35.0,68.58,61.47,65.38,High,High,True,False,,True,priority_and_confidence_gate,High,INC-001072,"new:gap=6.0s,dist=20.76602389923747m,cell=True,family=True"
LTE-TP-EP-001585,542020041221088+20250828125404+Fiji-Nadi-LTE-DL-D!20250828125334,Fiji-Nadi-LTE-DL-D,2025-08-28 02:52:34+02:00,2025-08-28 02:52:34+02:00,1,-17.63309209,177.45443917,-17.63309209,177.45443917,ECI:1077825.0,1077825.0,167.0,40988.0,41.0,10.105568,10.105568,64.715159,54.609591,0.1561545726867487,65.93,65.93,65.56,65.56,66.39,66.39,0,1,0,1,rb_conditioned_underperformance,ml_hgb_resource_conditioned_underperformance,capability,statistical_only_retained,0.0,1.0,1.0,1.0,0.0,1.0,8.775873056139238,0.0,1.0,1,1,True,22.25,54.73,59.79,57.01,Medium,Medium,True,False,,True,priority_and_confidence_gate,Medium,INC-001073,"new:gap=4.0s,dist=34.19817991684519m,cell=True,family=False"
LTE-TP-EP-001586,542020041221088+20250828125404+Fiji-Nadi-LTE-DL-D!20250828125334,Fiji-Nadi-LTE-DL-D,2025-08-28 02:52:38+02:00,2025-08-28 02:52:38+02:00,1,-17.63278129,177.4543961,-17.63278129,177.4543961,ECI:1077825.0,1077825.0,167.0,40988.0,41.0,0.631472,0.631472,,,,85.55,85.55,97.79,97.79,70.59,70.59,0,1,0,0,radio_limited_degradation,normal,radio,statistical_only_retained,0.0,1.0,1.0,1.0,0.0,1.0,0.10141188454202639,0.0,0.0,0,1,True,22.25,78.91,52.94,67.22,High,Medium,True,False,,True,priority_and_confidence_gate,High,INC-001074,"new:gap=4.0s,dist=34.85951565825899m,cell=True,family=False"
LTE-TP-EP-001587,542020041221088+20250828125404+Fiji-Nadi-LTE-DL-D!20250828125334,Fiji-Nadi-LTE-DL-D,2025-08-28 02:52:47+02:00,2025-08-28 02:52:48+02:00,2,-17.63208727,177.45430274,-17.63200535,177.45430392,ECI:1077825.0,1077825.0,167.0,40988.0,41.0,3.13528,5.559744,43.68767,35.703461999999995,0.18275655350811798,85.98,74.58500000000001,89.03,73.12,82.26,76.375,0,2,0,1,ca_underperformance,ml_quantile_p75_resource_underperformance,capability,statistical_only_retained,1.0,2.0,2.0,1.0,0.0,2.0,18.80859366607384,0.0,0.5,1,1,True,29.5,70.17,65.22,67.94,High,High,True,False,,True,priority_and_confidence_gate,High,INC-001075,"new:gap=9.0s,dist=77.80319945501822m,cell=True,family=False"
LTE-TP-EP-001588,542020041221088+20250828125404+Fiji-Nadi-LTE-DL-D!20250828125334,Fiji-Nadi-LTE-DL-D,2025-08-28 02:52:49+02:00,2025-08-28 02:52:51+02:00,3,-17.6319169,177.45430937,-17.63173964,177.4543309,ECI:3640375.0,3640375.0,275.0,40988.0,41.0,0.548752,2.215344,64.715159,59.624687,0.07865965376056637,88.37,83.89999999999999,98.08,89.73,100.0,76.78,1,2,0,1,radio_limited_degradation,normal,radio,statistical_only_retained,2.0,3.0,3.0,1.0,0.0,3.0,29.69658836548664,33.33333333333333,0.3333333333333333,1,2,True,36.75,80.66,77.53,79.25,Critical,High,True,True,critical_impact_with_verified_direct_evidence,True,critical_verified_direct_evidence_override,High,INC-001076,"new:gap=1.0s,dist=9.852147544030961m,cell=False,family=False"
LTE-TP-EP-001590,542020041221088+20250828125404+Fiji-Nadi-LTE-DL-D!20250828125334,Fiji-Nadi-LTE-DL-D,2025-08-28 02:52:56+02:00,2025-08-28 02:52:56+02:00,1,-17.63119972,177.45446859,-17.63119972,177.45446859,ECI:3640375.0,3640375.0,167.0,40988.0,41.0,3.333944,3.333944,,,,78.1,78.1,88.33,88.33,65.6,65.6,0,1,0,0,radio_limited_degradation,normal,radio,statistical_only_retained,0.0,1.0,1.0,1.0,0.0,1.0,12.069477033762272,0.0,0.0,0,1,True,22.25,71.81,49.2,61.64,High,Medium,True,False,,True,priority_and_confidence_gate,Medium,INC-001077,"new:gap=5.0s,dist=61.78413353172039m,cell=True,family=True"
LTE-TP-EP-001591,542020041221088+20250828125404+Fiji-Nadi-LTE-DL-D!20250828125334,Fiji-Nadi-LTE-DL-D,2025-08-28 02:53:13+02:00,2025-08-28 02:53:13+02:00,1,-17.63102755,177.45525839,-17.63102755,177.45525839,ECI:1077825.0,1077825.0,167.0,40988.0,41.0,12.016264,12.016264,111.79482125,99.77855725,0.10748497887150564,78.96,78.96,78.71,78.71,79.26,79.26,0,1,0,1,ca_underperformance,ml_quantile_p75_resource_underperformance,capability,statistical_only_retained,0.0,1.0,1.0,1.0,0.0,1.0,12.196594898455398,0.0,1.0,1,0,False,22.25,64.6,69.45,66.78,High,High,True,False,,True,priority_and_confidence_gate,High,INC-001078,"new:gap=17.0s,dist=85.85816299963535m,cell=False,family=False"
LTE-TP-EP-001592,542020041221088+20250828125404+Fiji-Nadi-LTE-DL-D!20250828125334,Fiji-Nadi-LTE-DL-D,2025-08-28 02:53:26+02:00,2025-08-28 02:53:27+02:00,2,-17.63154994,177.45593521,-17.6317218,177.4559547,ECI:1077780.0,1077780.0,165.0,500.0,1.0,27.13936,32.5786635,176.8458,138.827833,0.21497805998219918,62.25,56.975,62.46,54.08,61.99,60.510000000000005,0,2,0,1,radio_p75_underperformance,normal,capability,statistical_only_retained,1.0,2.0,2.0,1.0,0.0,2.0,28.818703691103963,0.0,0.5,1,0,False,29.5,52.12,51.12,51.67,Medium,Medium,True,False,,True,priority_and_confidence_gate,Medium,INC-001079,"new:gap=13.0s,dist=92.29531242810974m,cell=False,family=True"
LTE-TP-EP-001593,542020041221088+20250828125624+Fiji-Nadi-LTE-DL-D!20250828125546,Fiji-Nadi-LTE-DL-D,2025-08-28 02:53:44+02:00,2025-08-28 02:53:44+02:00,1,-17.63279271,177.45674388,-17.63279271,177.45674388,ECI:3640385.0,3640385.0,275.0,41384.0,41.0,5.951584,5.951584,30.65149933271076,24.69991533271076,0.19416942497323683,71.6,71.6,62.35,62.35,82.91,82.91,0,1,0,1,rolling_local_drop,normal,temporal,statistical_only_retained,0.0,1.0,1.0,1.0,0.0,1.0,,0.0,1.0,1,0,False,22.25,52.33,72.18,61.26,Medium,High,True,False,,True,priority_and_confidence_gate,Medium,INC-001080,new_session_or_first_episode
LTE-TP-EP-001594,542020041221088+20250828125624+Fiji-Nadi-LTE-DL-D!20250828125546,Fiji-Nadi-LTE-DL-D,2025-08-28 02:54:00+02:00,2025-08-28 02:54:01+02:00,2,-17.63402194,177.45718221,-17.6341793,177.4570066,ECI:1077815.0,1077815.0,167.0,41384.0,41.0,4.968576,7.917384,38.729599,27.863407000000002,0.2805655695015071,64.79,59.55500000000001,82.61,63.295,66.95,54.985,0,2,0,1,ca_underperformance,normal,capability,statistical_only_retained,1.0,2.0,2.0,1.0,0.0,2.0,37.48329921717617,0.0,0.5,1,1,True,29.5,64.5,52.22,58.98,High,Medium,True,False,,True,priority_and_confidence_gate,Medium,INC-001081,"new:gap=16.0s,dist=144.36139495847164m,cell=False,family=False"
LTE-TP-EP-001595,542020041221088+20250828125624+Fiji-Nadi-LTE-DL-D!20250828125546,Fiji-Nadi-LTE-DL-D,2025-08-28 02:54:02+02:00,2025-08-28 02:54:02+02:00,1,-17.6342527,177.4569191,-17.6342527,177.4569191,ECI:3640385.0,3640385.0,167.0,41384.0,41.0,5.997048,5.997048,47.0651145,41.0680665,0.12742023606465464,70.39,70.39,65.6,65.6,76.24,76.24,0,1,0,1,ca_underperformance,ml_quantile_p75_resource_underperformance,capability,statistical_only_retained,0.0,1.0,1.0,1.0,0.0,1.0,12.352757521155523,0.0,1.0,1,0,False,22.25,54.76,67.18,60.35,Medium,High,True,False,,True,priority_and_confidence_gate,Medium,INC-001082,"new:gap=1.0s,dist=12.35275752147227m,cell=False,family=True"
LTE-TP-EP-001596,542020041221088+20250828125624+Fiji-Nadi-LTE-DL-D!20250828125546,Fiji-Nadi-LTE-DL-D,2025-08-28 02:54:15+02:00,2025-08-28 02:54:18+02:00,2,-17.6354049,177.4563198,-17.6357425,177.4563359,ECI:3640385.0,3640385.0,165.0,41384.0,41.0,2.589152,6.1370640000000005,38.729599,29.044623,0.17206039619233346,57.31,55.540000000000006,57.32,52.575,61.04,59.165,0,2,0,2,ca_underperformance,normal,capability,statistical_only_retained,3.0,4.0,2.0,0.5,2.0,1.0,36.70247404075696,0.0,1.0,2,0,False,16.0,45.8,55.31,50.08,Medium,Medium,True,False,,True,priority_and_confidence_gate,Medium,INC-001083,"new:gap=13.0s,dist=142.99541223512136m,cell=True,family=True"
LTE-TP-EP-001597,542020041221088+20250828125624+Fiji-Nadi-LTE-DL-D!20250828125546,Fiji-Nadi-LTE-DL-D,2025-08-28 02:54:45+02:00,2025-08-28 02:54:45+02:00,1,-17.63732215,177.45516547,-17.63732215,177.45516547,ECI:1077823.0,1077823.0,165.0,40988.0,41.0,13.904856,13.904856,83.236885,69.332029,0.1670516141972396,63.94,63.94,67.54,67.54,59.53,59.53,0,1,0,1,ca_underperformance,normal,capability,statistical_only_retained,0.0,1.0,1.0,1.0,0.0,1.0,0.5304734727901271,0.0,1.0,1,0,False,22.25,56.22,54.65,55.51,High,Medium,True,False,,True,priority_and_confidence_gate,Medium,INC-001084,"new:gap=27.0s,dist=215.02522039586756m,cell=False,family=True"
LTE-TP-EP-001598,542020041221088+20250828125624+Fiji-Nadi-LTE-DL-D!20250828125546,Fiji-Nadi-LTE-DL-D,2025-08-28 02:54:58+02:00,2025-08-28 02:55:01+02:00,3,-17.6370823,177.45538772,-17.6368353,177.4555854,ECI:1077823.0,1077823.0,165.0,40988.0,41.0,1.291752,9.711728,83.236885,73.060037,0.12226368153974046,77.26,70.88666666666667,95.48,74.68,74.28,66.25,0,3,0,2,ca_underperformance,normal,capability,statistical_only_retained,3.0,4.0,3.0,0.75,1.0,2.0,25.8410713472016,0.0,0.6666666666666666,2,1,True,27.0,73.16,60.37,67.4,High,High,True,False,,True,priority_and_confidence_gate,High,INC-001085,"new:gap=13.0s,dist=35.58042947675066m,cell=True,family=True"
LTE-TP-EP-001599,542020041221088+20250828125624+Fiji-Nadi-LTE-DL-D!20250828125546,Fiji-Nadi-LTE-DL-D,2025-08-28 02:55:03+02:00,2025-08-28 02:55:05+02:00,2,-17.63676536,177.45564708,-17.63661769,177.45578018,ECI:3640375.0,3640375.0,275.0,40988.0,41.0,0.941712,3.5547999999999997,,,,79.46,72.8,96.7,87.555,58.4,54.775,0,2,0,0,radio_limited_degradation,normal,radio,statistical_only_retained,2.0,3.0,2.0,0.6666666666666666,1.0,1.0,21.454524802682386,0.0,0.0,0,2,True,18.5,74.86,42.89,60.48,High,Medium,True,False,,True,priority_and_confidence_gate,Medium,INC-001086,"new:gap=2.0s,dist=10.158866247236826m,cell=False,family=False"
LTE-TP-EP-001600,542020041221088+20250828125624+Fiji-Nadi-LTE-DL-D!20250828125546,Fiji-Nadi-LTE-DL-D,2025-08-28 02:55:18+02:00,2025-08-28 02:55:19+02:00,2,-17.63548704,177.45632911,-17.63539999,177.45631715,ECI:3640375.0,3640375.0,275.0,40988.0,41.0,1.785216,3.505764,,,,78.29,72.525,93.75,87.72999999999999,59.39,53.935,0,2,0,1,radio_limited_degradation,normal,radio,statistical_only_retained,1.0,2.0,2.0,1.0,0.0,2.0,19.826138558204924,0.0,0.5,1,2,True,29.5,76.18,48.18,63.58,High,Medium,True,False,,True,priority_and_confidence_gate,Medium,INC-001087,"new:gap=13.0s,dist=138.52759891544758m,cell=True,family=True"
LTE-TP-EP-001601,542020041221088+20250828125624+Fiji-Nadi-LTE-DL-D!20250828125546,Fiji-Nadi-LTE-DL-D,2025-08-28 02:55:24+02:00,2025-08-28 02:55:24+02:00,1,-17.63492674,177.45629439,-17.63492674,177.45629439,ECI:3640375.0,3640375.0,275.0,40988.0,41.0,0.451248,0.451248,,,,83.71,83.71,98.42,98.42,65.72,65.72,0,1,0,0,radio_limited_degradation,normal,radio,statistical_only_retained,0.0,1.0,1.0,1.0,0.0,1.0,0.34898735633420347,0.0,0.0,0,1,True,22.25,79.38,49.29,65.84,High,Medium,True,False,,True,priority_and_confidence_gate,High,INC-001088,"new:gap=5.0s,dist=52.678314033728746m,cell=True,family=True"
LTE-TP-EP-001603,542020041221088+20250828125844+Fiji-Nadi-LTE-DL-D!20250828125759,Fiji-Nadi-LTE-DL-D,2025-08-28 02:56:05+02:00,2025-08-28 02:56:06+02:00,2,-17.63197855,177.45602297,-17.6319095,177.4560004,ECI:3640375.0,3640375.0,275.0,40988.0,41.0,0.045584,1.9503599999999999,9.97080164985051,9.92521764985051,0.00457174875208589,69.59,65.89500000000001,61.59,59.05,79.37,74.265,0,2,0,2,rb_efficiency_underperformance,normal,radio,statistical_only_retained,1.0,2.0,2.0,1.0,0.0,2.0,8.366384558596886,0.0,1.0,2,1,True,29.5,52.93,68.25,59.83,Medium,High,True,False,,True,priority_and_confidence_gate,Medium,INC-001089,new_session_or_first_episode
LTE-TP-EP-001604,542020041221088+20250828125844+Fiji-Nadi-LTE-DL-D!20250828125759,Fiji-Nadi-LTE-DL-D,2025-08-28 02:56:13+02:00,2025-08-28 02:56:13+02:00,1,-17.6315328,177.4559191,-17.6315328,177.4559191,ECI:3640375.0,3640375.0,167.0,40988.0,41.0,3.7954879,3.7954879,,,,78.72,78.72,77.72,77.72,79.94,79.94,0,1,0,0,radio_limited_degradation,normal,radio,statistical_only_retained,0.0,1.0,1.0,1.0,0.0,1.0,9.504575875075394,0.0,0.0,0,1,True,22.25,63.85,59.96,62.1,High,Medium,True,False,,True,priority_and_confidence_gate,Medium,INC-001090,"new:gap=7.0s,dist=42.76403784769566m,cell=True,family=True"
LTE-TP-EP-001605,542020041221088+20250828125844+Fiji-Nadi-LTE-DL-D!20250828125759,Fiji-Nadi-LTE-DL-D,2025-08-28 02:56:17+02:00,2025-08-28 02:56:18+02:00,2,-17.6312912,177.4559103,-17.6312866,177.4559077,ECI:1077825.0,1077825.0,167.0,40988.0,41.0,0.068424,1.5071999999999999,,,,85.42,81.095,90.76,85.725,78.89,75.43,0,2,0,0,radio_limited_degradation,normal,radio,statistical_only_retained,1.0,2.0,2.0,1.0,0.0,2.0,9.468771292382392,0.0,0.0,0,2,True,29.5,74.19,58.3,67.04,High,Medium,True,False,,True,priority_and_confidence_gate,High,INC-001091,"new:gap=4.0s,dist=26.880912243551183m,cell=False,family=True"
LTE-TP-EP-001606,542020041221088+20250828125844+Fiji-Nadi-LTE-DL-D!20250828125759,Fiji-Nadi-LTE-DL-D,2025-08-28 02:56:23+02:00,2025-08-28 02:56:23+02:00,1,-17.6312872,177.4559049,-17.6312872,177.4559049,ECI:1077825.0,1077825.0,167.0,40988.0,41.0,5.057184,5.057184,,,,76.86,76.86,73.3,73.3,81.2,81.2,0,1,0,0,radio_limited_degradation,normal,radio,statistical_only_retained,0.0,1.0,1.0,1.0,0.0,1.0,0.030143899788577094,0.0,0.0,0,1,True,22.25,60.54,60.9,60.7,High,High,True,False,,True,priority_and_confidence_gate,Medium,INC-001091,"bridged:gap=5.0s,dist=0.30412897963545066m,cell=True,family=True"
LTE-TP-EP-001607,542020041221088+20250828125844+Fiji-Nadi-LTE-DL-D!20250828125759,Fiji-Nadi-LTE-DL-D,2025-08-28 02:56:25+02:00,2025-08-28 02:56:25+02:00,1,-17.6312874,177.4559049,-17.6312874,177.4559049,ECI:3640375.0,3640375.0,275.0,40988.0,41.0,2.86488,2.86488,,,,75.18,75.18,80.97,80.97,68.11,68.11,0,1,0,0,radio_limited_degradation,normal,radio,statistical_only_retained,0.0,1.0,1.0,1.0,0.0,1.0,0.011119508138052268,0.0,0.0,0,1,True,22.25,66.29,51.08,59.45,High,Medium,True,False,,True,priority_and_confidence_gate,Medium,INC-001092,"new:gap=2.0s,dist=0.02223901627610454m,cell=False,family=True"
LTE-TP-EP-001608,542020041221088+20250828125844+Fiji-Nadi-LTE-DL-D!20250828125759,Fiji-Nadi-LTE-DL-D,2025-08-28 02:56:51+02:00,2025-08-28 02:56:52+02:00,2,-17.6308081,177.4559996,-17.6307382,177.4559996,ECI:1077825.0,1077825.0,167.0,40988.0,41.0,5.7356,6.6623920000000005,,,,76.56,73.68,70.93,67.685,83.45,81.015,0,2,0,0,radio_limited_degradation,normal,radio,statistical_only_retained,1.0,2.0,2.0,1.0,0.0,2.0,21.273185679144703,0.0,0.0,0,2,True,29.5,59.76,61.98,60.76,High,High,True,False,,True,priority_and_confidence_gate,Medium,INC-001093,"new:gap=26.0s,dist=54.2324119490514m,cell=False,family=True"
LTE-TP-EP-001609,542020041221088+20250828125844+Fiji-Nadi-LTE-DL-D!20250828125759,Fiji-Nadi-LTE-DL-D,2025-08-28 02:56:59+02:00,2025-08-28 02:57:00+02:00,2,-17.63030452,177.45583825,-17.63024234,177.45578471,ECI:1077825.0,1077825.0,167.0,40988.0,41.0,3.135344,4.03918,100.12010000000001,96.984756,0.03131582968854406,95.43,87.9,94.25,83.975,96.88,92.69999999999999,0,2,0,1,ca_underperformance,ml_severe_quantile_p75_resource_underperformance,capability,statistical_only_retained,1.0,2.0,2.0,1.0,0.0,2.0,9.308730654389198,0.0,0.5,1,1,True,29.5,75.49,76.61,76.0,High,High,True,False,,True,priority_and_confidence_gate,High,INC-001094,"new:gap=7.0s,dist=51.164716580569475m,cell=True,family=False"
LTE-TP-EP-001610,542020041221088+20250828125844+Fiji-Nadi-LTE-DL-D!20250828125759,Fiji-Nadi-LTE-DL-D,2025-08-28 02:57:03+02:00,2025-08-28 02:57:03+02:00,1,-17.6300762,177.455541,-17.6300762,177.455541,ECI:1077780.0,1077780.0,165.0,500.0,1.0,22.049215,22.049215,176.8458,154.796585,0.12468045608094735,67.66,67.66,67.73,67.73,67.57,67.57,0,1,0,1,rb_conditioned_underperformance,normal,capability,statistical_only_retained,0.0,1.0,1.0,1.0,0.0,1.0,7.139229457973618,0.0,1.0,1,0,False,22.25,56.36,60.68,58.3,High,High,True,False,,True,priority_and_confidence_gate,Medium,INC-001095,"new:gap=3.0s,dist=31.753687848401356m,cell=False,family=True"
LTE-TP-EP-001611,542020041221088+20250828125844+Fiji-Nadi-LTE-DL-D!20250828125759,Fiji-Nadi-LTE-DL-D,2025-08-28 02:57:14+02:00,2025-08-28 02:57:17+02:00,2,-17.63000055,177.4552288,-17.62999711,177.45520396,ECI:1077780.0,1077780.0,165.0,500.0,1.0,42.235897,47.739025,176.8458,134.609903,0.23882895154988132,62.11,60.7,61.07,59.254999999999995,63.38,62.465,0,2,0,1,radio_p75_underperformance,normal,capability,statistical_only_retained,3.0,4.0,2.0,0.5,2.0,1.0,0.09567412746742125,0.0,0.5,1,1,True,16.0,49.35,52.31,50.68,Medium,Medium,True,False,,True,priority_and_confidence_gate,Medium,INC-001096,"new:gap=11.0s,dist=34.137242357609246m,cell=True,family=True"
LTE-TP-EP-001614,542020041221088+20250828130044+Fiji-Nadi-LTE-DL-D!20250828130012,Fiji-Nadi-LTE-DL-D,2025-08-28 02:58:55+02:00,2025-08-28 02:58:55+02:00,1,-17.6299178,177.4547136,-17.6299178,177.4547136,ECI:1077780.0,1077780.0,165.0,500.0,1.0,34.57968,34.57968,176.8458,142.26612,0.19553577184190976,63.47,63.47,63.59,63.59,63.32,63.32,0,1,0,1,rb_conditioned_underperformance,normal,capability,statistical_only_retained,0.0,1.0,1.0,1.0,0.0,1.0,2.9521083009524616,0.0,1.0,1,0,False,22.25,53.26,57.49,55.16,Medium,Medium,True,False,,True,priority_and_confidence_gate,Medium,INC-001097,new_session_or_first_episode
LTE-TP-EP-001616,542020041221088+20250828130044+Fiji-Nadi-LTE-DL-D!20250828130012,Fiji-Nadi-LTE-DL-D,2025-08-28 02:59:08+02:00,2025-08-28 02:59:09+02:00,2,-17.6296126,177.4545215,-17.6295511,177.4545301,ECI:1077780.0,1077780.0,165.0,500.0,1.0,48.902138,50.952895999999996,176.8458,127.94366199999999,0.27652416964383664,60.68,59.575,58.87,58.195,64.54,61.265,0,2,0,0,radio_p75_underperformance,normal,capability,statistical_only_retained,1.0,2.0,2.0,1.0,0.0,2.0,12.599781468077023,0.0,0.0,0,0,False,29.5,51.36,47.59,49.66,Medium,Medium,True,False,,True,priority_and_confidence_gate,Medium,INC-001098,"new:gap=13.0s,dist=39.57427972324753m,cell=True,family=True"
LTE-TP-EP-001619,542020041221088+20250828130044+Fiji-Nadi-LTE-DL-D!20250828130012,Fiji-Nadi-LTE-DL-D,2025-08-28 02:59:42+02:00,2025-08-28 02:59:42+02:00,1,-17.6285503,177.4569063,-17.6285503,177.4569063,ECI:3640345.0,3640345.0,275.0,500.0,1.0,22.326056,22.326056,101.13403784118272,78.80798184118271,0.22075709105039434,78.84,78.84,61.53,61.53,100.0,100.0,1,0,0,1,rb_conditioned_underperformance,ml_quantile_p75_resource_underperformance,resource,statistical_and_ml_consensus,0.0,1.0,1.0,1.0,0.0,1.0,9.39301461748085,100.0,1.0,1,1,True,22.25,51.71,100.0,73.44,Medium,Very High,True,False,,True,priority_and_confidence_gate,High,INC-001099,"new:gap=33.0s,dist=275.30711414898974m,cell=False,family=False"
LTE-TP-EP-001620,542020041221088+20250828130044+Fiji-Nadi-LTE-DL-D!20250828130012,Fiji-Nadi-LTE-DL-D,2025-08-28 03:00:05+02:00,2025-08-28 03:00:06+02:00,2,-17.6273598,177.4572388,-17.6272732,177.4571973,ECI:3635989.0,3635989.0,231.0,500.0,1.0,27.783943,42.7730715,173.72593999999998,145.941997,0.15992973185236473,68.82,59.955,65.67,48.225,75.91,74.28999999999999,0,2,0,2,radio_limited_degradation,normal,capability,statistical_only_retained,1.0,2.0,2.0,1.0,0.0,2.0,21.403237566350974,0.0,1.0,2,1,True,29.5,52.27,66.53,58.68,Medium,High,True,False,,True,priority_and_confidence_gate,Medium,INC-001100,"new:gap=23.0s,dist=136.98708125224366m,cell=False,family=False"
LTE-TP-EP-001622,542020041221088+20250828130244+Fiji-Nadi-LTE-DL-D!20250828130228,Fiji-Nadi-LTE-DL-D,2025-08-28 03:00:48+02:00,2025-08-28 03:00:49+02:00,2,-17.62593921,177.45430224,-17.6260498,177.4540986,ECI:3636029.0,3636029.0,231.0,41186.0,41.0,3.501136,8.45214375,54.170067,40.7669155,0.08531612566694116,76.35,64.33,69.41,59.305,84.84,70.47,0,2,0,2,ca_underperformance,normal,capability,statistical_only_retained,1.0,2.0,2.0,1.0,0.0,2.0,24.857609379777692,0.0,1.0,2,0,False,29.5,56.91,70.04,62.82,High,High,True,False,,True,priority_and_confidence_gate,Medium,INC-001101,new_session_or_first_episode
LTE-TP-EP-001624,542020041221088+20250828130244+Fiji-Nadi-LTE-DL-D!20250828130228,Fiji-Nadi-LTE-DL-D,2025-08-28 03:01:16+02:00,2025-08-28 03:01:17+02:00,2,-17.62792941,177.45274904,-17.62800616,177.45268116,ECI:1077812.0,1077812.0,167.0,41186.0,41.0,1.555064,4.93726,,,,80.76,71.285,94.56,82.72,63.9,57.31,0,2,0,0,radio_limited_degradation,normal,radio,statistical_only_retained,1.0,2.0,2.0,1.0,0.0,2.0,11.286241863540415,0.0,0.0,0,2,True,29.5,75.33,46.28,62.26,High,Medium,True,False,,True,priority_and_confidence_gate,Medium,INC-001102,"new:gap=27.0s,dist=253.2523294474761m,cell=False,family=False"
LTE-TP-EP-001625,542020041221088+20250828130244+Fiji-Nadi-LTE-DL-D!20250828130228,Fiji-Nadi-LTE-DL-D,2025-08-28 03:01:26+02:00,2025-08-28 03:01:30+02:00,3,-17.6286919,177.4520454,-17.62884295,177.45190611,ECI:1077812.0,1077812.0,167.0,41186.0,41.0,0.573952,0.620376,,,,85.31,84.0,97.99,97.75666666666666,69.81,67.18333333333334,0,3,0,0,radio_limited_degradation,normal,radio,statistical_only_retained,4.0,5.0,3.0,0.6,2.0,2.0,32.17284795251824,0.0,0.0,0,3,True,24.75,79.62,51.7,67.06,High,Medium,True,False,,True,priority_and_confidence_gate,High,INC-001103,"new:gap=9.0s,dist=101.75173699493979m,cell=True,family=True"
LTE-TP-EP-001626,542020041221088+20250828130244+Fiji-Nadi-LTE-DL-D!20250828130228,Fiji-Nadi-LTE-DL-D,2025-08-28 03:01:32+02:00,2025-08-28 03:01:32+02:00,1,-17.628953,177.4518389,-17.628953,177.4518389,ECI:1077822.0,1077822.0,167.0,40790.0,41.0,16.702105,16.702105,93.96716500000001,77.26506,0.17774405559644157,65.05,65.05,67.39,67.39,62.19,62.19,0,1,0,1,rb_conditioned_underperformance,normal,capability,statistical_only_retained,0.0,1.0,1.0,1.0,0.0,1.0,3.778380864377878,0.0,1.0,1,0,False,22.25,56.1,56.64,56.35,High,Medium,True,False,,True,priority_and_confidence_gate,Medium,INC-001104,"new:gap=2.0s,dist=14.15888366671017m,cell=False,family=False"
LTE-TP-EP-001627,542020041221088+20250828130244+Fiji-Nadi-LTE-DL-D!20250828130228,Fiji-Nadi-LTE-DL-D,2025-08-28 03:01:36+02:00,2025-08-28 03:01:37+02:00,2,-17.62902333,177.45186068,-17.6290631,177.4519359,ECI:1077822.0,1077822.0,167.0,40790.0,41.0,8.967688,10.37347575,93.96716500000001,82.18790150000001,0.1253551014335699,77.57,67.06,77.96,54.37,88.04,82.57,0,2,0,2,ca_underperformance,ml_quantile_p75_resource_underperformance,capability,statistical_only_retained,1.0,2.0,2.0,1.0,0.0,2.0,9.370660825499295,0.0,1.0,2,0,False,29.5,59.95,74.66,66.57,High,High,True,False,,True,priority_and_confidence_gate,High,INC-001104,"bridged:gap=4.0s,dist=8.153843959262831m,cell=True,family=True"
LTE-TP-EP-001628,542020041221088+20250828130244+Fiji-Nadi-LTE-DL-D!20250828130228,Fiji-Nadi-LTE-DL-D,2025-08-28 03:01:50+02:00,2025-08-28 03:01:50+02:00,1,-17.62961306,177.45289413,-17.62961306,177.45289413,ECI:1077822.0,1077822.0,167.0,40790.0,41.0,12.993208,12.993208,118.44779,105.454582,0.10969565578218048,75.89,75.89,77.36,77.36,74.09,74.09,0,1,0,1,ca_underperformance,normal,capability,statistical_only_retained,0.0,1.0,1.0,1.0,0.0,1.0,0.17406222838002539,0.0,1.0,1,0,False,22.25,63.58,65.57,64.48,High,High,True,False,,True,priority_and_confidence_gate,Medium,INC-001105,"new:gap=13.0s,dist=118.53835269689698m,cell=True,family=True"
LTE-TP-EP-001629,542020041221088+20250828130244+Fiji-Nadi-LTE-DL-D!20250828130228,Fiji-Nadi-LTE-DL-D,2025-08-28 03:01:52+02:00,2025-08-28 03:01:52+02:00,1,-17.6298755,177.4530365,-17.6298755,177.4530365,ECI:3640372.0,3640372.0,272.0,40790.0,41.0,0.168752,0.168752,8.807807258261464,8.639055258261465,0.01915936566864762,68.84,68.84,58.89,58.89,81.0,81.0,0,1,0,1,rolling_local_drop,normal,temporal,statistical_only_retained,0.0,1.0,1.0,1.0,0.0,1.0,10.725107236144762,0.0,1.0,1,0,False,22.25,49.73,70.75,59.19,Medium,High,True,False,,True,priority_and_confidence_gate,Medium,INC-001106,"new:gap=2.0s,dist=32.85146360526476m,cell=False,family=False"
LTE-TP-EP-001630,542020041221088+20250828130244+Fiji-Nadi-LTE-DL-D!20250828130228,Fiji-Nadi-LTE-DL-D,2025-08-28 03:01:57+02:00,2025-08-28 03:01:58+02:00,2,-17.63019589,177.4531034,-17.63025298,177.45311296,ECI:1079101.0,1079101.0,170.0,40790.0,41.0,6.028496,9.700764,62.203377,56.174881000000006,0.09691589573987276,74.97,65.655,74.9,63.19,75.05,68.67,0,2,0,2,ca_underperformance,normal,capability,statistical_only_retained,1.0,2.0,2.0,1.0,0.0,2.0,14.332695163158885,0.0,1.0,2,1,True,29.5,60.62,64.69,62.45,High,High,True,False,,True,priority_and_confidence_gate,Medium,INC-001107,"new:gap=5.0s,dist=36.324356525585365m,cell=False,family=False"
LTE-TP-EP-001631,542020041221088+20250828130244+Fiji-Nadi-LTE-DL-D!20250828130228,Fiji-Nadi-LTE-DL-D,2025-08-28 03:01:59+02:00,2025-08-28 03:02:04+02:00,4,-17.63029737,177.45312428,-17.63034663,177.45315181,ECI:1077822.0,1077822.0,167.0,40790.0,41.0,5.120232,6.956367999999999,62.203377,55.155593,0.11330227296180398,79.05,69.2975,82.08,71.15,75.35,67.0325,0,4,0,2,ca_underperformance,normal,capability,statistical_only_retained,5.0,6.0,4.0,0.6666666666666666,2.0,2.0,9.217544111864568,0.0,0.5,2,2,True,27.0,65.58,59.43,62.81,High,Medium,True,False,,True,priority_and_confidence_gate,Medium,INC-001108,"new:gap=1.0s,dist=5.079631388018437m,cell=False,family=True"
LTE-TP-EP-001632,542020041221088+20250828130244+Fiji-Nadi-LTE-DL-D!20250828130228,Fiji-Nadi-LTE-DL-D,2025-08-28 03:02:16+02:00,2025-08-28 03:02:17+02:00,2,-17.63045314,177.45386322,-17.63048628,177.45396579,ECI:3640372.0,3640372.0,272.0,40790.0,41.0,2.2929919,16.77331595,111.62699879716978,80.37335879716977,0.06189565095023054,78.65,77.63,76.72,67.695,98.54,89.77000000000001,1,1,0,2,sudden_drop,ml_quantile_p75_resource_underperformance,resource,statistical_and_ml_consensus,1.0,2.0,2.0,1.0,0.0,2.0,21.795659030529166,50.0,1.0,2,0,False,29.5,62.66,89.21,74.61,High,Very High,True,False,,True,priority_and_confidence_gate,High,INC-001109,"new:gap=12.0s,dist=76.31432639577747m,cell=False,family=False"
LTE-TP-EP-001633,542020041221088+20250828130244+Fiji-Nadi-LTE-DL-D!20250828130228,Fiji-Nadi-LTE-DL-D,2025-08-28 03:02:23+02:00,2025-08-28 03:02:23+02:00,1,-17.63074257,177.45460326,-17.63074257,177.45460326,ECI:1077780.0,1077780.0,165.0,500.0,1.0,15.816024,15.816024,105.955109,90.139085,0.14927098984910678,84.34,84.34,71.52,71.52,100.0,100.0,1,0,0,1,rb_conditioned_underperformance,ml_quantile_p75_resource_underperformance,capability,statistical_and_ml_consensus,0.0,1.0,1.0,1.0,0.0,1.0,0.1398339487001977,100.0,1.0,1,0,False,22.25,59.2,100.0,77.56,High,Very High,True,False,,True,priority_and_confidence_gate,High,INC-001110,"new:gap=6.0s,dist=73.31914530721383m,cell=False,family=True"
LTE-TP-EP-001634,542020041221088+20250828130504+Fiji-Nadi-LTE-DL-D!20250828130441,Fiji-Nadi-LTE-DL-D,2025-08-28 03:02:38+02:00,2025-08-28 03:02:38+02:00,1,-17.63117434,177.4561668,-17.63117434,177.4561668,EARFCN:500.0|PCI:165.0,,165.0,500.0,1.0,3.209768,3.209768,21.758640875267925,18.548872875267925,0.14751693446296085,71.08,71.08,58.21,58.21,86.81,86.81,0,1,0,1,rolling_local_drop,normal,temporal,statistical_only_retained,0.0,1.0,1.0,1.0,0.0,1.0,,0.0,1.0,1,0,False,22.25,49.22,75.11,60.87,Medium,High,True,False,,True,priority_and_confidence_gate,Medium,INC-001111,new_session_or_first_episode
LTE-TP-EP-001636,542020041221088+20250828130504+Fiji-Nadi-LTE-DL-D!20250828130441,Fiji-Nadi-LTE-DL-D,2025-08-28 03:02:49+02:00,2025-08-28 03:02:49+02:00,1,-17.63064507,177.45734024,-17.63064507,177.45734024,ECI:1077825.0,1077825.0,167.0,40988.0,41.0,3.08536,3.08536,111.79482125,108.70946125,0.027598416147563726,94.42,94.42,94.53,94.53,94.29,94.29,0,1,0,1,ca_underperformance,normal,capability,statistical_only_retained,0.0,1.0,1.0,1.0,0.0,1.0,0.041359969831223746,0.0,1.0,1,0,False,22.25,76.46,80.72,78.38,High,Very High,True,False,,True,priority_and_confidence_gate,High,INC-001112,"new:gap=11.0s,dist=137.57520842043314m,cell=False,family=False"
LTE-TP-EP-001638,542020041221088+20250828130744+Fiji-Nadi-LTE-DL-D!20250828130656,Fiji-Nadi-LTE-DL-D,2025-08-28 03:04:56+02:00,2025-08-28 03:04:56+02:00,1,-17.6336082,177.45980579,-17.6336082,177.45980579,ECI:3640374.0,3640374.0,274.0,40988.0,41.0,35.83093,35.83093,111.79482125,75.96389124999999,0.32050617013710736,65.89,65.89,54.29,54.29,80.06,80.06,0,1,0,1,radio_p75_underperformance,ml_quantile_p75_resource_underperformance,capability,statistical_only_retained,0.0,1.0,1.0,1.0,0.0,1.0,,0.0,1.0,1,1,True,22.25,46.28,70.04,56.97,Medium,High,True,False,,True,priority_and_confidence_gate,Medium,INC-001113,new_session_or_first_episode
LTE-TP-EP-001640,542020041221088+20250828130744+Fiji-Nadi-LTE-DL-D!20250828130656,Fiji-Nadi-LTE-DL-D,2025-08-28 03:06:26+02:00,2025-08-28 03:06:26+02:00,1,-17.628352,177.461197,-17.628352,177.461197,ECI:3638839.0,3638839.0,255.0,40988.0,41.0,0.478488,0.478488,22.476340795250394,21.997852795250395,0.021288518640948533,77.05,77.05,75.33,75.33,79.16,79.16,0,1,0,1,sudden_drop,normal,temporal,statistical_only_retained,0.0,1.0,1.0,1.0,0.0,1.0,12.049784843481257,0.0,1.0,1,0,False,22.25,62.06,69.37,65.35,High,High,True,False,,True,priority_and_confidence_gate,High,INC-001114,"new:gap=90.0s,dist=602.771137092278m,cell=False,family=False"
LTE-TP-EP-001643,542020041221088+20250828131005+Fiji-Nadi-LTE-DL-D!20250828130912,Fiji-Nadi-LTE-DL-D,2025-08-28 03:07:23+02:00,2025-08-28 03:07:23+02:00,1,-17.6288449,177.4629221,-17.6288449,177.4629221,ECI:3638838.0,3638838.0,254.0,40988.0,41.0,27.501225,27.501225,82.8002818238406,55.2990568238406,0.3321392680584041,63.67,63.67,54.62,54.62,74.72,74.72,0,1,0,1,sudden_drop,ml_hgb_strict_causal_temporal_underperformance,temporal,statistical_only_retained,0.0,1.0,1.0,1.0,0.0,1.0,3.8788547876673527,0.0,1.0,1,0,False,22.25,46.53,66.04,55.31,Medium,High,True,False,,True,priority_and_confidence_gate,Medium,INC-001115,new_session_or_first_episode
LTE-TP-EP-001645,542020041221088+20250828131005+Fiji-Nadi-LTE-DL-D!20250828130912,Fiji-Nadi-LTE-DL-D,2025-08-28 03:08:08+02:00,2025-08-28 03:08:08+02:00,1,-17.62709948,177.46193173,-17.62709948,177.46193173,ECI:3638839.0,3638839.0,255.0,40988.0,41.0,16.07572,16.07572,58.2378020581651,42.1620820581651,0.2760358295106046,64.01,64.01,55.91,55.91,73.92,73.92,0,1,0,1,sudden_drop,normal,temporal,statistical_only_retained,0.0,1.0,1.0,1.0,0.0,1.0,0.04020685928200364,0.0,1.0,1,0,False,22.25,47.49,65.44,55.57,Medium,High,True,False,,True,priority_and_confidence_gate,Medium,INC-001116,"new:gap=45.0s,dist=220.64232075739693m,cell=False,family=True"
LTE-TP-EP-001646,542020041221088+20250828131005+Fiji-Nadi-LTE-DL-D!20250828130912,Fiji-Nadi-LTE-DL-D,2025-08-28 03:08:15+02:00,2025-08-28 03:08:15+02:00,1,-17.6274123,177.4613286,-17.6274123,177.4613286,ECI:3638839.0,3638839.0,255.0,40988.0,41.0,28.544071,28.544071,85.59454355892606,57.05047255892606,0.33348003053897163,70.39,70.39,55.26,55.26,88.88,88.88,0,1,0,1,rb_conditioned_underperformance,ml_hgb_strict_causal_temporal_underperformance,temporal,statistical_only_retained,0.0,1.0,1.0,1.0,0.0,1.0,7.610282743420379,0.0,1.0,1,0,False,22.25,47.01,76.66,60.35,Medium,High,True,False,,True,priority_and_confidence_gate,Medium,INC-001117,"new:gap=7.0s,dist=72.76816384456549m,cell=True,family=True"
LTE-TP-EP-001647,542020041221088+20250828131005+Fiji-Nadi-LTE-DL-D!20250828130912,Fiji-Nadi-LTE-DL-D,2025-08-28 03:08:28+02:00,2025-08-28 03:08:29+02:00,2,-17.6277949,177.4605756,-17.62779479,177.46057519,ECI:3638839.0,3638839.0,255.0,40988.0,41.0,0.054791998,4.970927999000001,32.74455489406543,26.54322745801479,0.0020600029295643483,78.5,67.785,78.47,65.82,78.54,70.185,0,2,0,2,rolling_local_drop,normal,temporal,statistical_only_retained,1.0,2.0,2.0,1.0,0.0,2.0,15.537868211081625,0.0,1.0,2,0,False,29.5,63.06,66.82,64.75,High,High,True,False,,True,priority_and_confidence_gate,Medium,INC-001118,"new:gap=13.0s,dist=90.43065565522326m,cell=True,family=True"
LTE-TP-EP-001648,542020041221088+20250828131005+Fiji-Nadi-LTE-DL-D!20250828130912,Fiji-Nadi-LTE-DL-D,2025-08-28 03:08:42+02:00,2025-08-28 03:08:42+02:00,1,-17.6284322,177.4599187,-17.6284322,177.4599187,ECI:3640373.0,3640373.0,255.0,40988.0,41.0,13.4404955,13.4404955,50.86588554140148,37.425390041401485,0.2642339823035288,67.99,67.99,57.2,57.2,81.17,81.17,0,1,0,1,ca_underperformance,ml_hgb_strict_causal_temporal_underperformance,temporal,statistical_only_retained,0.0,1.0,1.0,1.0,0.0,1.0,7.0902772973986306,0.0,1.0,1,0,False,22.25,48.46,70.88,58.55,Medium,High,True,False,,True,priority_and_confidence_gate,Medium,INC-001119,"new:gap=13.0s,dist=99.31565111242142m,cell=False,family=True"
LTE-TP-EP-001649,542020041221088+20250828131005+Fiji-Nadi-LTE-DL-D!20250828130912,Fiji-Nadi-LTE-DL-D,2025-08-28 03:08:51+02:00,2025-08-28 03:08:52+02:00,2,-17.6287388,177.460044,-17.6287434,177.4600485,ECI:3640373.0,3640373.0,273.0,40988.0,41.0,0.281592,9.5580075,59.15109740865434,43.38337223231171,0.006448923180191781,81.72,70.705,84.77,67.6,78.0,74.5,0,2,0,2,radio_limited_degradation,ml_quantile_p75_resource_underperformance,temporal,statistical_only_retained,1.0,2.0,2.0,1.0,0.0,2.0,2.5907500470712588,0.0,1.0,2,1,True,29.5,66.66,67.62,67.09,High,High,True,False,,True,priority_and_confidence_gate,High,INC-001120,"new:gap=9.0s,dist=36.58701909344037m,cell=True,family=True"
LTE-TP-EP-001650,542020041221088+20250828131435+Fiji-Nadi-LTE-DL-D!20250828131128,Fiji-Nadi-LTE-DL-D,2025-08-28 03:09:38+02:00,2025-08-28 03:09:40+02:00,3,-17.62708017,177.46446545,-17.62696418,177.46465549,ECI:3638838.0,3638838.0,254.0,40988.0,41.0,0.019408,12.1878,85.0730599649034,72.3650759649034,0.00040354040587316844,84.4,81.10000000000001,87.19,78.56333333333333,91.93,84.20333333333333,0,3,0,3,radio_limited_degradation,normal,temporal,statistical_only_retained,2.0,3.0,3.0,1.0,0.0,3.0,36.465232409617414,0.0,1.0,3,1,True,36.75,72.42,77.02,74.49,High,High,True,False,,True,priority_and_confidence_gate,High,INC-001121,new_session_or_first_episode
LTE-TP-EP-001652,542020041221088+20250828131435+Fiji-Nadi-LTE-DL-D!20250828131128,Fiji-Nadi-LTE-DL-D,2025-08-28 03:09:54+02:00,2025-08-28 03:09:55+02:00,2,-17.62662792,177.46562588,-17.62665446,177.4656937,ECI:3638838.0,3638838.0,254.0,40988.0,41.0,0.021399999,0.0250799995,60.82854272174373,60.79978272174373,0.0003528501055944225,87.98,87.59,92.27,92.24,82.8,81.9,0,2,0,2,radio_limited_degradation,normal,temporal,statistical_only_retained,1.0,2.0,2.0,1.0,0.0,2.0,16.463623142663046,0.0,1.0,2,1,True,29.5,76.57,71.88,74.46,High,High,True,False,,True,priority_and_confidence_gate,High,INC-001122,"new:gap=14.0s,dist=109.42297304836748m,cell=True,family=True"
LTE-TP-EP-001653,542020041221088+20250828131435+Fiji-Nadi-LTE-DL-D!20250828131128,Fiji-Nadi-LTE-DL-D,2025-08-28 03:10:03+02:00,2025-08-28 03:10:03+02:00,1,-17.6268908,177.4663394,-17.6268908,177.4663394,ECI:3638838.0,3638838.0,254.0,40988.0,41.0,0.021384,0.021384,63.675406547026654,63.654022547026656,0.0003358282445233722,87.83,87.83,93.42,93.42,81.0,81.0,0,1,0,1,sudden_drop,normal,temporal,statistical_only_retained,0.0,1.0,1.0,1.0,0.0,1.0,20.37693327507796,0.0,1.0,1,0,False,22.25,75.63,70.75,73.43,High,High,True,False,,True,priority_and_confidence_gate,High,INC-001123,"new:gap=8.0s,dist=73.30058301910735m,cell=True,family=True"
LTE-TP-EP-001654,542020041221088+20250828131435+Fiji-Nadi-LTE-DL-D!20250828131128,Fiji-Nadi-LTE-DL-D,2025-08-28 03:10:10+02:00,2025-08-28 03:10:11+02:00,2,-17.62707,177.4668118,-17.62706946,177.46681026,ECI:3638838.0,3638838.0,254.0,40988.0,41.0,1.702344,13.897692,88.018015732615,61.924975732614996,0.030652213812298254,84.78,75.595,86.4,72.67,82.8,79.16499999999999,0,2,0,2,radio_limited_degradation,normal,temporal,statistical_only_retained,1.0,2.0,2.0,1.0,0.0,2.0,5.188610873870147,0.0,1.0,2,1,True,29.5,68.74,71.19,69.84,High,High,True,False,,True,priority_and_confidence_gate,High,INC-001124,"new:gap=7.0s,dist=53.882094490235524m,cell=True,family=True"
LTE-TP-EP-001655,542020041221088+20250828131435+Fiji-Nadi-LTE-DL-D!20250828131128,Fiji-Nadi-LTE-DL-D,2025-08-28 03:10:39+02:00,2025-08-28 03:10:39+02:00,1,-17.627563,177.4689467,-17.627563,177.4689467,ECI:3638838.0,3638838.0,254.0,40988.0,41.0,11.078624,11.078624,111.79482125,100.71619725,0.09909782829050322,89.2,89.2,80.37,80.37,100.0,100.0,1,0,0,1,ca_underperformance,ml_quantile_p75_resource_underperformance,capability,statistical_and_ml_consensus,0.0,1.0,1.0,1.0,0.0,1.0,18.931831344272748,100.0,1.0,1,0,False,22.25,65.84,100.0,81.21,High,Very High,True,False,,True,priority_and_confidence_gate,High,INC-001125,"new:gap=28.0s,dist=232.96345029486855m,cell=True,family=False"
LTE-TP-EP-001656,542020041221088+20250828131435+Fiji-Nadi-LTE-DL-D!20250828131128,Fiji-Nadi-LTE-DL-D,2025-08-28 03:10:50+02:00,2025-08-28 03:10:51+02:00,2,-17.62796598,177.46986928,-17.6280658,177.470054,ECI:3638838.0,3638838.0,254.0,40988.0,41.0,0.015552,0.041392,16.29211406334083,16.22488206334083,0.0012057301955404108,76.89,73.67,74.23,70.1,80.13,78.03,0,2,0,2,rolling_local_drop,normal,temporal,statistical_only_retained,1.0,2.0,2.0,1.0,0.0,2.0,22.539848453773246,0.0,1.0,2,0,False,29.5,62.02,69.57,65.42,High,High,True,False,,True,priority_and_confidence_gate,High,INC-001126,"new:gap=11.0s,dist=107.5486903525918m,cell=True,family=False"
LTE-TP-EP-001658,542020041221088+20250828131435+Fiji-Nadi-LTE-DL-D!20250828131128,Fiji-Nadi-LTE-DL-D,2025-08-28 03:11:00+02:00,2025-08-28 03:11:00+02:00,1,-17.62796566,177.47067209,-17.62796566,177.47067209,ECI:3638838.0,3638838.0,254.0,40988.0,41.0,6.546144,6.546144,24.098505819539636,17.552361819539634,0.2716410738914872,65.15,65.15,51.51,51.51,81.83,81.83,0,1,0,1,sudden_drop,normal,temporal,statistical_only_retained,0.0,1.0,1.0,1.0,0.0,1.0,10.189259519882777,0.0,1.0,1,0,False,22.25,44.2,71.37,56.42,Medium,High,True,False,,True,priority_and_confidence_gate,Medium,INC-001127,"new:gap=9.0s,dist=66.44098813301432m,cell=True,family=True"
LTE-TP-EP-001664,542020041221088+20250828131954+Fiji-Nadi-LTE-DL-D!20250828131344,Fiji-Nadi-LTE-DL-D,2025-08-28 03:12:20+02:00,2025-08-28 03:12:20+02:00,1,-17.6313646,177.4764449,-17.6313646,177.4764449,ECI:3638785.0,3638785.0,251.0,1850.0,3.0,3.001456,3.001456,,,,69.76,69.76,80.49,80.49,56.65,56.65,0,1,0,1,radio_limited_degradation,normal,radio,statistical_only_retained,0.0,1.0,1.0,1.0,0.0,1.0,2.63859748350014,0.0,1.0,1,1,True,22.25,65.93,52.49,59.88,High,Medium,True,False,,True,priority_and_confidence_gate,Medium,INC-001128,new_session_or_first_episode
LTE-TP-EP-001665,542020041221088+20250828131954+Fiji-Nadi-LTE-DL-D!20250828131344,Fiji-Nadi-LTE-DL-D,2025-08-28 03:12:24+02:00,2025-08-28 03:12:25+02:00,2,-17.6313578,177.4764403,-17.63135701,177.4764403,ECI:3636029.0,3636029.0,231.0,1850.0,3.0,4.392768,5.242380000000001,,,,57.53,56.29,54.63,51.655,62.84,61.955,0,2,0,1,radio_limited_degradation,normal,radio,statistical_only_retained,1.0,2.0,2.0,1.0,0.0,2.0,0.19652677136030472,0.0,0.5,1,2,True,29.5,47.6,51.91,49.54,Medium,Medium,True,False,,True,priority_and_confidence_gate,Medium,INC-001129,"new:gap=4.0s,dist=0.8996411221997214m,cell=False,family=True"
LTE-TP-EP-001666,542020041221088+20250828131954+Fiji-Nadi-LTE-DL-D!20250828131344,Fiji-Nadi-LTE-DL-D,2025-08-28 03:12:33+02:00,2025-08-28 03:12:34+02:00,2,-17.6313123,177.4763605,-17.6312906,177.476323,ECI:1080627.0,1080627.0,231.0,41186.0,41.0,1.69864,2.546012,,,,72.18,66.26,85.05,71.585,63.05,59.75,0,2,0,1,radio_limited_degradation,normal,radio,statistical_only_retained,1.0,2.0,2.0,1.0,0.0,2.0,8.365520831812775,0.0,0.5,1,2,True,29.5,67.8,51.46,60.45,High,Medium,True,False,,True,priority_and_confidence_gate,Medium,INC-001130,"new:gap=8.0s,dist=9.809650359618693m,cell=False,family=True"
LTE-TP-EP-001667,542020041221088+20250828131954+Fiji-Nadi-LTE-DL-D!20250828131344,Fiji-Nadi-LTE-DL-D,2025-08-28 03:12:46+02:00,2025-08-28 03:12:48+02:00,3,-17.63079455,177.4757767,-17.63066287,177.47561871,ECI:1080627.0,1080627.0,352.0,41186.0,41.0,0.47037598,2.965728,41.037212749999995,38.071484749999996,0.03659635557333283,80.4,68.98333333333333,71.11,62.91,91.76,76.40666666666667,0,3,0,3,ca_underperformance,normal,capability,statistical_only_retained,2.0,3.0,3.0,1.0,0.0,3.0,22.379129495654766,0.0,1.0,3,0,False,36.75,60.47,74.98,67.0,High,High,True,False,,True,priority_and_confidence_gate,High,INC-001131,"new:gap=12.0s,dist=79.9623327532007m,cell=True,family=False"
LTE-TP-EP-001668,542020041221088+20250828131954+Fiji-Nadi-LTE-DL-D!20250828131344,Fiji-Nadi-LTE-DL-D,2025-08-28 03:12:57+02:00,2025-08-28 03:12:59+02:00,3,-17.62993076,177.47486504,-17.6297216,177.4746468,ECI:1080630.0,1080630.0,352.0,41384.0,41.0,1.567752,2.751872,20.470735055094593,18.902983055094595,0.07658503692127218,67.62,64.13666666666667,65.36,60.123333333333335,78.79,69.04333333333334,0,3,0,3,rolling_local_drop,normal,temporal,statistical_only_retained,2.0,3.0,3.0,1.0,0.0,3.0,32.92398314353986,0.0,1.0,3,0,False,36.75,56.9,66.66,61.29,High,High,True,False,,True,priority_and_confidence_gate,Medium,INC-001132,"new:gap=9.0s,dist=114.04397051923098m,cell=False,family=False"
LTE-TP-EP-001669,542020041221088+20250828131954+Fiji-Nadi-LTE-DL-D!20250828131344,Fiji-Nadi-LTE-DL-D,2025-08-28 03:13:07+02:00,2025-08-28 03:13:07+02:00,1,-17.6291936,177.4740016,-17.6291936,177.4740016,ECI:1080630.0,1080630.0,352.0,41384.0,41.0,13.259248,13.259248,105.95971,92.700462,0.1251348083153493,79.35,79.35,76.13,76.13,83.29,83.29,0,1,0,1,ca_underperformance,ml_quantile_p75_resource_underperformance,capability,statistical_only_retained,0.0,1.0,1.0,1.0,0.0,1.0,23.571401143059756,0.0,1.0,1,0,False,22.25,62.66,72.47,67.07,High,High,True,False,,True,priority_and_confidence_gate,High,INC-001133,"new:gap=8.0s,dist=90.12180091984656m,cell=True,family=False"
LTE-TP-EP-001670,542020041221088+20250828131954+Fiji-Nadi-LTE-DL-D!20250828131344,Fiji-Nadi-LTE-DL-D,2025-08-28 03:13:18+02:00,2025-08-28 03:13:18+02:00,1,-17.62875489,177.47296907,-17.62875489,177.47296907,ECI:1080630.0,1080630.0,352.0,41384.0,41.0,13.65868,13.65868,41.41542432723139,27.75674432723139,0.32979693488300615,66.9,66.9,46.87,46.87,91.39,91.39,1,0,0,1,ca_underperformance,ml_quantile_p75_resource_underperformance,temporal,statistical_and_ml_consensus,0.0,1.0,1.0,1.0,0.0,1.0,12.228576229322359,100.0,1.0,1,0,False,22.25,40.71,93.54,64.49,Medium,Very High,True,False,,True,priority_and_confidence_gate,Medium,INC-001134,"new:gap=11.0s,dist=119.80211267811409m,cell=True,family=True"
LTE-TP-EP-001671,542020041221088+20250828131954+Fiji-Nadi-LTE-DL-D!20250828131344,Fiji-Nadi-LTE-DL-D,2025-08-28 03:13:30+02:00,2025-08-28 03:13:31+02:00,2,-17.6282935,177.4718257,-17.62829378,177.4718262,ECI:3638848.0,3638848.0,254.0,41384.0,41.0,0.004208,2.621708,98.07729499999999,92.83808699999999,0.00011136590088230668,94.68,88.42,90.33,86.715,100.0,90.5,1,1,0,2,ca_underperformance,ml_quantile_p75_resource_underperformance,capability,statistical_and_ml_consensus,1.0,2.0,2.0,1.0,0.0,2.0,5.763787596741695,50.0,1.0,2,0,False,29.5,74.22,90.12,81.38,High,Very High,True,False,,True,priority_and_confidence_gate,High,INC-001135,"new:gap=12.0s,dist=131.580831491666m,cell=False,family=True"
LTE-TP-EP-001672,542020041221088+20250828131954+Fiji-Nadi-LTE-DL-D!20250828131344,Fiji-Nadi-LTE-DL-D,2025-08-28 03:13:40+02:00,2025-08-28 03:13:40+02:00,1,-17.6279545,177.4710118,-17.6279545,177.4710118,ECI:3638848.0,3638848.0,254.0,41384.0,41.0,0.933784,0.933784,56.330395025788036,55.39661102578803,0.016576911977494814,91.52,91.52,88.45,88.45,95.28,95.28,0,1,0,1,sudden_drop,normal,temporal,statistical_only_retained,0.0,1.0,1.0,1.0,0.0,1.0,20.88208064996814,0.0,1.0,1,0,False,22.25,71.9,81.46,76.2,High,Very High,True,False,,True,priority_and_confidence_gate,High,INC-001136,"new:gap=9.0s,dist=94.19026717069015m,cell=True,family=False"
LTE-TP-EP-001674,542020041221088+20250828132455+Fiji-Nadi-LTE-DL-D!20250828131658,Fiji-Nadi-LTE-DL-D,2025-08-28 03:15:05+02:00,2025-08-28 03:15:05+02:00,1,-17.626559,177.4653506,-17.626559,177.4653506,ECI:3638848.0,3638848.0,254.0,41384.0,41.0,0.035312,0.035312,,,,84.25,84.25,90.88,90.88,76.15,76.15,0,1,0,0,radio_limited_degradation,normal,radio,statistical_only_retained,0.0,1.0,1.0,1.0,0.0,1.0,12.785497973636739,0.0,0.0,0,1,True,22.25,73.72,57.11,66.25,High,Medium,True,False,,True,priority_and_confidence_gate,High,INC-001137,new_session_or_first_episode
LTE-TP-EP-001675,542020041221088+20250828132455+Fiji-Nadi-LTE-DL-D!20250828131658,Fiji-Nadi-LTE-DL-D,2025-08-28 03:15:12+02:00,2025-08-28 03:15:12+02:00,1,-17.6263931,177.4652617,-17.6263931,177.4652617,ECI:3638848.0,3638848.0,254.0,41384.0,41.0,12.9854555,12.9854555,121.14346,108.1580045,0.1071907265980351,87.64,87.64,77.52,77.52,100.0,100.0,1,0,0,1,ca_underperformance,ml_quantile_p75_resource_underperformance,capability,statistical_and_ml_consensus,0.0,1.0,1.0,1.0,0.0,1.0,5.892109504916266,100.0,1.0,1,0,False,22.25,63.7,100.0,80.04,High,Very High,True,False,,True,priority_and_confidence_gate,High,INC-001138,"new:gap=7.0s,dist=20.71374902683053m,cell=True,family=False"
LTE-TP-EP-001676,542020041221088+20250828132455+Fiji-Nadi-LTE-DL-D!20250828131658,Fiji-Nadi-LTE-DL-D,2025-08-28 03:15:28+02:00,2025-08-28 03:15:28+02:00,1,-17.62548312,177.46539331,-17.62548312,177.46539331,ECI:3638848.0,3638848.0,254.0,41384.0,41.0,9.687648,9.687648,94.1412673136677,84.4536193136677,0.10290543431630136,88.26,88.26,85.51,85.51,91.62,91.62,0,1,0,1,sudden_drop,normal,temporal,statistical_only_retained,0.0,1.0,1.0,1.0,0.0,1.0,6.654983743438071,0.0,1.0,1,0,False,22.25,69.7,78.72,73.75,High,High,True,False,,True,priority_and_confidence_gate,High,INC-001139,"new:gap=16.0s,dist=102.14202583839162m,cell=True,family=False"
LTE-TP-EP-001677,542020041221088+20250828132455+Fiji-Nadi-LTE-DL-D!20250828131658,Fiji-Nadi-LTE-DL-D,2025-08-28 03:15:34+02:00,2025-08-28 03:15:35+02:00,2,-17.6253214,177.4648207,-17.62532195,177.46482076,ECI:3638848.0,3638848.0,254.0,41384.0,41.0,8.05704,11.942356,78.06750410810267,70.01046410810267,0.10320606623779274,87.72,75.17,83.13,71.065,93.33,80.185,0,2,0,2,radio_limited_degradation,normal,temporal,statistical_only_retained,1.0,2.0,2.0,1.0,0.0,2.0,9.25716118752646,0.0,1.0,2,1,True,29.5,66.71,76.71,71.21,High,High,True,False,,True,priority_and_confidence_gate,High,INC-001140,"new:gap=6.0s,dist=63.29083463971039m,cell=True,family=True"
LTE-TP-EP-001678,542020041221088+20250828132455+Fiji-Nadi-LTE-DL-D!20250828131658,Fiji-Nadi-LTE-DL-D,2025-08-28 03:15:51+02:00,2025-08-28 03:15:51+02:00,1,-17.62596667,177.46382595,-17.62596667,177.46382595,ECI:3638848.0,3638848.0,254.0,41384.0,41.0,6.891744,6.891744,41.72616088201223,34.83441688201223,0.16516602185107732,72.91,72.91,67.33,67.33,79.72,79.72,0,1,0,1,sudden_drop,normal,temporal,statistical_only_retained,0.0,1.0,1.0,1.0,0.0,1.0,0.08924526378773921,0.0,1.0,1,0,False,22.25,56.06,69.79,62.24,High,High,True,False,,True,priority_and_confidence_gate,Medium,INC-001141,"new:gap=16.0s,dist=127.4905944901854m,cell=True,family=True"
LTE-TP-EP-001679,542020041221088+20250828132455+Fiji-Nadi-LTE-DL-D!20250828131658,Fiji-Nadi-LTE-DL-D,2025-08-28 03:15:57+02:00,2025-08-28 03:15:58+02:00,2,-17.6263738,177.4635477,-17.6264552,177.4635334,ECI:3640383.0,3640383.0,231.0,41384.0,41.0,4.431576,5.380395999999999,26.53615851190709,20.20694251190709,0.18262789070714303,63.4,62.545,62.98,60.8,69.25,64.685,0,2,0,2,radio_limited_degradation,normal,temporal,statistical_only_retained,1.0,2.0,2.0,1.0,0.0,2.0,25.293811714970154,0.0,1.0,2,1,True,29.5,54.06,60.8,57.09,Medium,High,True,False,,True,priority_and_confidence_gate,Medium,INC-001142,"new:gap=6.0s,dist=54.027411363395686m,cell=False,family=True"
LTE-TP-EP-001680,542020041221088+20250828132455+Fiji-Nadi-LTE-DL-D!20250828131658,Fiji-Nadi-LTE-DL-D,2025-08-28 03:16:05+02:00,2025-08-28 03:16:08+02:00,4,-17.6270631,177.4636092,-17.6272627,177.4637092,ECI:3638848.0,3638848.0,254.0,41384.0,41.0,0.012088,0.022324,16.553153978838317,16.159449978838317,0.000781645853190485,76.58,74.0,72.96,70.355,81.0,78.45,0,4,0,4,rolling_local_drop,normal,temporal,statistical_only_retained,3.0,4.0,4.0,1.0,0.0,4.0,43.047230407863324,0.0,1.0,4,0,False,44.0,65.07,70.11,67.34,High,High,True,False,,True,priority_and_confidence_gate,High,INC-001143,"new:gap=7.0s,dist=68.07111722704434m,cell=False,family=True"
LTE-TP-EP-001681,542020041221088+20250828132455+Fiji-Nadi-LTE-DL-D!20250828131658,Fiji-Nadi-LTE-DL-D,2025-08-28 03:16:26+02:00,2025-08-28 03:16:26+02:00,1,-17.62735637,177.46403477,-17.62735637,177.46403477,ECI:3638848.0,3638848.0,254.0,41384.0,41.0,0.742712,0.742712,37.01486197421983,36.272149974219836,0.020065237593410053,80.91,80.91,80.83,80.83,81.0,81.0,0,1,0,1,sudden_drop,normal,temporal,statistical_only_retained,0.0,1.0,1.0,1.0,0.0,1.0,0.07829693491385502,0.0,1.0,1,0,False,22.25,66.18,70.75,68.24,High,High,True,False,,True,priority_and_confidence_gate,High,INC-001144,"new:gap=18.0s,dist=36.039869876650954m,cell=True,family=True"
LTE-TP-EP-001682,542020041221088+20250828132455+Fiji-Nadi-LTE-DL-D!20250828131658,Fiji-Nadi-LTE-DL-D,2025-08-28 03:16:35+02:00,2025-08-28 03:16:37+02:00,3,-17.62692136,177.46471491,-17.6267332,177.4649711,ECI:3638848.0,3638848.0,254.0,41384.0,41.0,0.00688,0.015312,121.14346,86.86358000000001,0.00021480841774242597,80.88,76.93666666666667,80.79,73.35000000000001,81.97,81.32333333333334,0,3,0,3,rb_conditioned_underperformance,normal,temporal,statistical_only_retained,2.0,3.0,3.0,1.0,0.0,3.0,45.16126266701707,0.0,1.0,3,0,False,36.75,67.92,71.32,69.45,High,High,True,False,,True,priority_and_confidence_gate,High,INC-001145,"new:gap=9.0s,dist=86.8037129554648m,cell=True,family=True"
LTE-TP-EP-001683,542020041221088+20250828132455+Fiji-Nadi-LTE-DL-D!20250828131658,Fiji-Nadi-LTE-DL-D,2025-08-28 03:16:46+02:00,2025-08-28 03:16:46+02:00,1,-17.62596498,177.46541875,-17.62596498,177.46541875,ECI:3638848.0,3638848.0,254.0,41384.0,41.0,14.345976,14.345976,80.04728541233257,65.70130941233256,0.17921876958228208,79.33,79.33,71.57,71.57,88.81,88.81,0,1,0,1,sudden_drop,normal,temporal,statistical_only_retained,0.0,1.0,1.0,1.0,0.0,1.0,13.300016057177723,0.0,1.0,1,0,False,22.25,59.24,76.61,67.06,High,High,True,False,,True,priority_and_confidence_gate,High,INC-001146,"new:gap=9.0s,dist=97.71119358213608m,cell=True,family=True"
LTE-TP-EP-001684,542020041221088+20250828132455+Fiji-Nadi-LTE-DL-D!20250828131658,Fiji-Nadi-LTE-DL-D,2025-08-28 03:16:54+02:00,2025-08-28 03:16:55+02:00,2,-17.62508413,177.46570138,-17.62500789,177.46572696,ECI:3638848.0,3638848.0,254.0,41384.0,41.0,0.01868,0.447772,42.14775785086285,41.270893850862855,0.0005527311591686723,81.91,81.58500000000001,82.66,82.065,81.0,81.0,0,2,0,2,rolling_local_drop,normal,temporal,statistical_only_retained,1.0,2.0,2.0,1.0,0.0,2.0,9.196200590870035,0.0,1.0,2,0,False,29.5,69.22,70.75,69.91,High,High,True,False,,True,priority_and_confidence_gate,High,INC-001147,"new:gap=8.0s,dist=102.42344810655305m,cell=True,family=True"
LTE-TP-EP-001685,542020041221088+20250828132555+Fiji-Nadi-LTE-DL-D!20250828131914,Fiji-Nadi-LTE-DL-D,2025-08-28 03:17:21+02:00,2025-08-28 03:17:21+02:00,1,-17.6248077,177.4658012,-17.6248077,177.4658012,ECI:3638848.0,3638848.0,254.0,41384.0,41.0,8.000208,8.000208,63.65938653897592,55.65917853897592,0.12567208757347692,87.02,87.02,76.4,76.4,100.0,100.0,1,0,0,1,ca_underperformance,ml_quantile_p75_resource_underperformance,temporal,statistical_and_ml_consensus,0.0,1.0,1.0,1.0,0.0,1.0,0.005394184216630952,100.0,1.0,1,0,False,22.25,62.86,100.0,79.57,High,Very High,True,False,,True,priority_and_confidence_gate,High,INC-001148,new_session_or_first_episode
LTE-TP-EP-001686,542020041221088+20250828132555+Fiji-Nadi-LTE-DL-D!20250828131914,Fiji-Nadi-LTE-DL-D,2025-08-28 03:17:34+02:00,2025-08-28 03:17:34+02:00,1,-17.62480268,177.46579839,-17.62480268,177.46579839,ECI:3638848.0,3638848.0,254.0,41384.0,41.0,0.007752,0.007752,27.61727908643821,27.60952708643821,0.0002806938357590307,79.91,79.91,79.02,79.02,81.0,81.0,0,1,0,1,sudden_drop,normal,temporal,statistical_only_retained,0.0,1.0,1.0,1.0,0.0,1.0,0.05409326486591038,0.0,1.0,1,0,False,22.25,64.83,70.75,67.49,High,High,True,False,,True,priority_and_confidence_gate,High,INC-001149,"new:gap=13.0s,dist=0.6326658764580717m,cell=True,family=True"
LTE-TP-EP-001687,542020041221088+20250828132555+Fiji-Nadi-LTE-DL-D!20250828131914,Fiji-Nadi-LTE-DL-D,2025-08-28 03:17:49+02:00,2025-08-28 03:17:49+02:00,1,-17.6238558,177.4662977,-17.6238558,177.4662977,ECI:3638847.0,3638847.0,253.0,41384.0,41.0,0.939088,0.939088,29.3430150021514,28.4039270021514,0.03200380056143334,78.76,78.76,76.93,76.93,81.0,81.0,0,1,0,1,sudden_drop,normal,temporal,statistical_only_retained,0.0,1.0,1.0,1.0,0.0,1.0,17.830246579481273,0.0,1.0,1,0,False,22.25,63.26,70.75,66.63,High,High,True,False,,True,priority_and_confidence_gate,High,INC-001150,"new:gap=15.0s,dist=117.83726767934309m,cell=False,family=True"
LTE-TP-EP-001688,542020041221088+20250828132555+Fiji-Nadi-LTE-DL-D!20250828131914,Fiji-Nadi-LTE-DL-D,2025-08-28 03:17:59+02:00,2025-08-28 03:18:00+02:00,2,-17.62308663,177.46674857,-17.6229909,177.46680211,ECI:3638847.0,3638847.0,253.0,41384.0,41.0,9.620696,10.427284,105.95971,94.725838,0.10602022221465121,88.87,80.775,79.77,72.06,100.0,91.425,1,1,0,2,ca_underperformance,ml_quantile_p75_resource_underperformance,capability,statistical_and_ml_consensus,1.0,2.0,2.0,1.0,0.0,2.0,24.255345638819463,50.0,1.0,2,1,True,29.5,65.27,90.36,76.56,High,Very High,True,False,,True,priority_and_confidence_gate,High,INC-001151,"new:gap=10.0s,dist=97.96990059735339m,cell=True,family=False"
LTE-TP-EP-001689,542020041221088+20250828132555+Fiji-Nadi-LTE-DL-D!20250828131914,Fiji-Nadi-LTE-DL-D,2025-08-28 03:18:10+02:00,2025-08-28 03:18:11+02:00,2,-17.62237763,177.46722553,-17.6223794,177.46727712,ECI:3638847.0,3638847.0,253.0,41384.0,41.0,0.102352,0.45522,42.94831960099618,42.719342999999995,0.0023901902995666097,83.13,82.66,84.87,84.02000000000001,81.0,81.0,0,2,0,2,rolling_local_drop,normal,temporal,statistical_only_retained,1.0,2.0,2.0,1.0,0.0,2.0,5.866048424115694,0.0,1.0,2,0,False,29.5,70.82,70.75,70.79,High,High,True,False,,True,priority_and_confidence_gate,High,INC-001152,"new:gap=10.0s,dist=81.63204192559961m,cell=True,family=False"
LTE-TP-EP-001691,542020041221088+20250828132555+Fiji-Nadi-LTE-DL-D!20250828131914,Fiji-Nadi-LTE-DL-D,2025-08-28 03:18:48+02:00,2025-08-28 03:18:50+02:00,3,-17.6215547,177.4696416,-17.6214089,177.4696028,ECI:1080631.0,1080631.0,353.0,41384.0,41.0,0.01232,0.2742,98.07729499999999,72.409326,0.0005887696537415558,82.99,72.64666666666666,76.33,69.39666666666666,91.64,76.62333333333333,0,3,0,2,radio_limited_degradation,normal,temporal,statistical_only_retained,2.0,3.0,3.0,1.0,0.0,3.0,21.58997486809261,0.0,0.6666666666666666,2,2,True,36.75,64.7,71.64,67.83,High,High,True,False,,True,priority_and_confidence_gate,High,INC-001153,"new:gap=37.0s,dist=266.8336619916056m,cell=False,family=True"
LTE-TP-EP-001692,542020041221088+20250828132735+Fiji-Nadi-LTE-DL-D!20250828132130,Fiji-Nadi-LTE-DL-D,2025-08-28 03:19:32+02:00,2025-08-28 03:19:37+02:00,4,-17.61804793,177.46705578,-17.6182463,177.4667485,ECI:3635992.0,3635992.0,234.0,500.0,1.0,0.17656,0.21976,,,,78.21,78.09,90.38,90.25,63.33,63.2225,0,4,0,4,radio_limited_degradation,normal,radio,statistical_only_retained,5.0,6.0,4.0,0.6666666666666666,2.0,2.0,30.051505434406856,0.0,1.0,4,4,True,27.0,74.5,57.47,66.84,High,Medium,True,False,,True,priority_and_confidence_gate,High,INC-001154,new_session_or_first_episode
LTE-TP-EP-001693,542020041221088+20250828132735+Fiji-Nadi-LTE-DL-D!20250828132130,Fiji-Nadi-LTE-DL-D,2025-08-28 03:19:55+02:00,2025-08-28 03:19:56+02:00,2,-17.61940874,177.46584256,-17.61941929,177.46583455,ECI:3635992.0,3635992.0,234.0,500.0,1.0,0.030728,0.31741199999999997,30.498966315849042,29.905598129312313,0.0010264452580877154,81.19,80.795,79.88,79.155,82.8,82.8,0,2,0,2,radio_limited_degradation,normal,temporal,statistical_only_retained,1.0,2.0,2.0,1.0,0.0,2.0,3.581486625953514,0.0,1.0,2,2,True,29.5,67.1,72.1,69.35,High,High,True,False,,True,priority_and_confidence_gate,High,INC-001155,"new:gap=18.0s,dist=161.0142166691002m,cell=True,family=True"
LTE-TP-EP-001694,542020041221088+20250828132735+Fiji-Nadi-LTE-DL-D!20250828132130,Fiji-Nadi-LTE-DL-D,2025-08-28 03:20:09+02:00,2025-08-28 03:20:11+02:00,3,-17.6189472,177.4651503,-17.61893061,177.46510879,ECI:3638804.0,3638804.0,250.0,500.0,1.0,0.018984,1.010456,34.93376011016426,33.56606384324752,0.0006375135631962571,80.37,73.27666666666667,79.85,70.96333333333332,81.0,76.09666666666668,0,3,0,3,radio_limited_degradation,normal,temporal,statistical_only_retained,2.0,3.0,3.0,1.0,0.0,3.0,17.426940166880442,0.0,1.0,3,1,True,36.75,66.85,69.52,68.06,High,High,True,False,,True,priority_and_confidence_gate,High,INC-001156,"new:gap=13.0s,dist=89.52208286346443m,cell=False,family=True"
LTE-TP-EP-001695,542020041221088+20250828132735+Fiji-Nadi-LTE-DL-D!20250828132130,Fiji-Nadi-LTE-DL-D,2025-08-28 03:20:20+02:00,2025-08-28 03:20:23+02:00,4,-17.619353,177.4644681,-17.6195232,177.464233,ECI:3638804.0,3638804.0,250.0,500.0,1.0,0.020152,0.055611998999999995,21.578661385594202,18.088173385594203,0.00357141470967469,87.27,79.64,90.93,78.2225,82.8,81.3725,0,4,0,4,radio_limited_degradation,normal,radio,statistical_only_retained,3.0,4.0,4.0,1.0,0.0,4.0,51.2576403667381,0.0,1.0,4,2,True,44.0,76.02,71.74,74.1,High,High,True,False,,True,priority_and_confidence_gate,High,INC-001157,"new:gap=9.0s,dist=82.56100921072343m,cell=True,family=True"
LTE-TP-EP-001696,542020041221088+20250828132735+Fiji-Nadi-LTE-DL-D!20250828132130,Fiji-Nadi-LTE-DL-D,2025-08-28 03:20:33+02:00,2025-08-28 03:20:34+02:00,2,-17.620089,177.4634598,-17.620142,177.4633813,ECI:3635992.0,3635992.0,234.0,500.0,1.0,0.02956,0.037052,18.977546132854535,18.947986132854535,0.001557630253830593,77.96,77.55,75.48,74.73,81.0,81.0,0,2,0,2,rolling_local_drop,normal,temporal,statistical_only_retained,1.0,2.0,2.0,1.0,0.0,2.0,30.585885477362446,0.0,1.0,2,0,False,29.5,63.8,70.75,66.93,High,High,True,False,,True,priority_and_confidence_gate,High,INC-001158,"new:gap=10.0s,dist=103.30913487695656m,cell=False,family=False"
LTE-TP-EP-001697,542020041221088+20250828132735+Fiji-Nadi-LTE-DL-D!20250828132130,Fiji-Nadi-LTE-DL-D,2025-08-28 03:20:46+02:00,2025-08-28 03:20:48+02:00,3,-17.62077307,177.46250808,-17.6210114,177.4624263,ECI:3635992.0,3635992.0,234.0,500.0,1.0,0.003432,8.686648,81.84013082126228,55.45769982126228,7.748434328286415e-05,83.59,76.83,85.71,70.52333333333333,87.64,84.54333333333334,0,3,0,3,sudden_drop,normal,temporal,statistical_only_retained,2.0,3.0,3.0,1.0,0.0,3.0,37.2180486818962,0.0,1.0,3,0,False,36.75,69.67,74.96,72.05,High,High,True,False,,True,priority_and_confidence_gate,High,INC-001159,"new:gap=12.0s,dist=116.13849909027721m,cell=True,family=True"
LTE-TP-EP-001698,542020041221088+20250828132735+Fiji-Nadi-LTE-DL-D!20250828132130,Fiji-Nadi-LTE-DL-D,2025-08-28 03:20:57+02:00,2025-08-28 03:20:57+02:00,1,-17.621694,177.4628363,-17.621694,177.4628363,ECI:3635992.0,3635992.0,234.0,500.0,1.0,0.030695999,0.030695999,34.43851524812834,34.40781924912834,0.0008913275958279956,81.38,81.38,81.69,81.69,81.0,81.0,0,1,0,1,sudden_drop,normal,temporal,statistical_only_retained,0.0,1.0,1.0,1.0,0.0,1.0,21.576373668445196,0.0,1.0,1,0,False,22.25,66.83,70.75,68.59,High,High,True,False,,True,priority_and_confidence_gate,High,INC-001160,"new:gap=9.0s,dist=87.45884730170869m,cell=True,family=True"
LTE-TP-EP-001699,542020041221088+20250828132735+Fiji-Nadi-LTE-DL-D!20250828132130,Fiji-Nadi-LTE-DL-D,2025-08-28 03:21:11+02:00,2025-08-28 03:21:12+02:00,2,-17.62255193,177.46359238,-17.6226484,177.4636598,ECI:3638804.0,3638804.0,250.0,500.0,1.0,6.509336,8.612208,52.69362792300923,41.97854792300923,0.15448565099052503,75.09,74.265,68.53,66.56,87.93,83.685,0,2,0,2,radio_limited_degradation,normal,temporal,statistical_only_retained,1.0,2.0,2.0,1.0,0.0,2.0,20.40609820684816,0.0,1.0,2,2,True,29.5,58.28,74.89,65.75,High,High,True,False,,True,priority_and_confidence_gate,High,INC-001161,"new:gap=14.0s,dist=124.58357284091021m,cell=False,family=True"
LTE-TP-EP-001701,542020041221088+20250828133115+Fiji-Nadi-LTE-DL-D!20250828132346,Fiji-Nadi-LTE-DL-D,2025-08-28 03:22:12+02:00,2025-08-28 03:22:13+02:00,2,-17.6242049,177.4608833,-17.62420535,177.46088456,ECI:3635989.0,3635989.0,231.0,500.0,1.0,25.364496,29.531296499999996,99.49033361836429,74.12583761836429,0.25494432551905855,76.13,69.985,57.19,51.129999999999995,99.27,93.025,1,1,0,2,rb_conditioned_underperformance,ml_hgb_strict_causal_temporal_underperformance,resource,statistical_and_ml_consensus,1.0,2.0,2.0,1.0,0.0,2.0,8.515887587110265,50.0,1.0,2,2,True,29.5,48.75,90.39,67.49,Medium,Very High,True,False,,True,priority_and_confidence_gate,High,INC-001162,new_session_or_first_episode
LTE-TP-EP-001702,542020041221088+20250828133115+Fiji-Nadi-LTE-DL-D!20250828132346,Fiji-Nadi-LTE-DL-D,2025-08-28 03:22:26+02:00,2025-08-28 03:22:27+02:00,2,-17.6250218,177.46158154,-17.62510636,177.46166175,ECI:3635989.0,3635989.0,231.0,500.0,1.0,9.854184,12.221148,78.76266000000001,64.17454800000002,0.18521609097508893,79.68,74.695,63.05,58.78,100.0,94.14500000000001,1,1,0,2,rb_conditioned_underperformance,ml_quantile_p75_resource_underperformance,capability,statistical_and_ml_consensus,1.0,2.0,2.0,1.0,0.0,2.0,12.725363050903015,50.0,1.0,2,1,True,29.5,53.59,91.04,70.44,Medium,Very High,True,False,,True,priority_and_confidence_gate,High,INC-001163,"new:gap=13.0s,dist=117.03711797820458m,cell=True,family=True"
LTE-TP-EP-001703,542020041221088+20250828133115+Fiji-Nadi-LTE-DL-D!20250828132346,Fiji-Nadi-LTE-DL-D,2025-08-28 03:22:41+02:00,2025-08-28 03:22:41+02:00,1,-17.6266592,177.4623641,-17.6266592,177.4623641,ECI:3638806.0,3638806.0,252.0,500.0,1.0,3.839216,3.839216,37.80144015463909,33.96222415463909,0.10156269137616022,77.42,77.42,73.01,73.01,82.8,82.8,0,1,0,1,radio_limited_degradation,normal,temporal,statistical_only_retained,0.0,1.0,1.0,1.0,0.0,1.0,25.912727223837525,0.0,1.0,1,1,True,22.25,60.32,72.1,65.62,High,High,True,False,,True,priority_and_confidence_gate,High,INC-001164,"new:gap=14.0s,dist=188.027502428555m,cell=False,family=False"
LTE-TP-EP-001705,542020041221088+20250828133115+Fiji-Nadi-LTE-DL-D!20250828132346,Fiji-Nadi-LTE-DL-D,2025-08-28 03:22:57+02:00,2025-08-28 03:22:57+02:00,1,-17.62795746,177.46271489,-17.62795746,177.46271489,ECI:3640343.0,3640343.0,273.0,500.0,1.0,0.066024,0.066024,25.3412075,25.2751835,0.0026054007094965777,80.12,80.12,77.92,77.92,82.8,82.8,0,1,0,1,radio_limited_degradation,normal,temporal,statistical_only_retained,0.0,1.0,1.0,1.0,0.0,1.0,0.09729923133988422,0.0,1.0,1,1,True,22.25,64.0,72.1,67.65,High,High,True,False,,True,priority_and_confidence_gate,High,INC-001165,"new:gap=16.0s,dist=149.06978218153205m,cell=False,family=True"
LTE-TP-EP-001706,542020041221088+20250828133115+Fiji-Nadi-LTE-DL-D!20250828132346,Fiji-Nadi-LTE-DL-D,2025-08-28 03:23:02+02:00,2025-08-28 03:23:02+02:00,1,-17.62798805,177.46290212,-17.62798805,177.46290212,ECI:3635989.0,3635989.0,251.0,500.0,1.0,16.607183,16.607183,73.10037750000001,56.49319450000001,0.22718327275396077,67.32,67.32,54.24,54.24,83.3,83.3,0,1,0,1,rb_conditioned_underperformance,normal,capability,statistical_only_retained,0.0,1.0,1.0,1.0,0.0,1.0,0.23590697898041332,0.0,1.0,1,1,True,22.25,46.24,72.47,58.05,Medium,High,True,False,,True,priority_and_confidence_gate,Medium,INC-001166,"new:gap=5.0s,dist=20.130900980004952m,cell=False,family=False"
LTE-TP-EP-001707,542020041221088+20250828133115+Fiji-Nadi-LTE-DL-D!20250828132346,Fiji-Nadi-LTE-DL-D,2025-08-28 03:23:11+02:00,2025-08-28 03:23:11+02:00,1,-17.62766708,177.46355384,-17.62766708,177.46355384,ECI:3638808.0,3638808.0,254.0,500.0,1.0,14.501168,14.501168,78.76266000000001,64.261492,0.18411221764221775,67.88,67.88,63.26,63.26,73.53,73.53,0,1,0,1,rb_conditioned_underperformance,normal,capability,statistical_only_retained,0.0,1.0,1.0,1.0,0.0,1.0,0.024827466348930776,0.0,1.0,1,1,True,22.25,53.01,65.15,58.47,Medium,High,True,False,,True,priority_and_confidence_gate,Medium,INC-001167,"new:gap=9.0s,dist=77.7418925131153m,cell=False,family=True"
LTE-TP-EP-001708,542020041221088+20250828133115+Fiji-Nadi-LTE-DL-D!20250828132346,Fiji-Nadi-LTE-DL-D,2025-08-28 03:23:16+02:00,2025-08-28 03:23:16+02:00,1,-17.6273783,177.4640027,-17.6273783,177.4640027,ECI:3638808.0,3638808.0,254.0,500.0,1.0,14.143928,14.143928,78.76266000000001,64.61873200000001,0.1795765658498583,80.28,80.28,64.15,64.15,100.0,100.0,1,0,0,1,rb_conditioned_underperformance,ml_quantile_p75_resource_underperformance,capability,statistical_and_ml_consensus,0.0,1.0,1.0,1.0,0.0,1.0,10.610569450820803,100.0,1.0,1,1,True,22.25,53.68,100.0,74.52,Medium,Very High,True,False,,True,priority_and_confidence_gate,High,INC-001168,"new:gap=5.0s,dist=57.391417539956045m,cell=True,family=True"
LTE-TP-EP-001710,542020041221088+20250828133115+Fiji-Nadi-LTE-DL-D!20250828132346,Fiji-Nadi-LTE-DL-D,2025-08-28 03:23:42+02:00,2025-08-28 03:23:43+02:00,2,-17.62556314,177.46554642,-17.62549925,177.46556753,ECI:3638805.0,3638805.0,251.0,500.0,1.0,0.024472,0.024688,27.827177868081822,27.802273868081823,0.0008949524137180022,80.74,80.055,79.05,78.545,82.8,81.9,0,2,0,2,radio_limited_degradation,normal,temporal,statistical_only_retained,1.0,2.0,2.0,1.0,0.0,2.0,7.578356109889137,0.0,1.0,2,1,True,29.5,66.54,71.88,68.94,High,High,True,False,,True,priority_and_confidence_gate,High,INC-001169,"new:gap=26.0s,dist=259.81043572204646m,cell=False,family=False"
LTE-TP-EP-001712,542020041221088+20250828133556+Fiji-Nadi-LTE-DL-D!20250828132602,Fiji-Nadi-LTE-DL-D,2025-08-28 03:24:27+02:00,2025-08-28 03:24:28+02:00,2,-17.6223535,177.4671375,-17.6222534,177.467186,ECI:3638807.0,3638807.0,253.0,500.0,1.0,0.46732,5.003732,87.35888910170127,77.81874510170127,0.00951019675209102,89.13,86.595,86.56,85.525,94.8,87.9,0,2,0,2,rolling_local_drop,normal,temporal,statistical_only_retained,1.0,2.0,2.0,1.0,0.0,2.0,24.648237188088547,0.0,1.0,2,0,False,29.5,72.04,79.38,75.34,High,High,True,False,,True,priority_and_confidence_gate,High,INC-001170,new_session_or_first_episode
LTE-TP-EP-001713,542020041221088+20250828133556+Fiji-Nadi-LTE-DL-D!20250828132602,Fiji-Nadi-LTE-DL-D,2025-08-28 03:24:36+02:00,2025-08-28 03:24:37+02:00,2,-17.6214116,177.4673259,-17.6213055,177.4673125,ECI:3638807.0,3638807.0,253.0,500.0,1.0,2.4278,21.222668,88.15522673907508,48.39471337897414,0.047770167954826276,81.94,68.975,82.7,64.385,81.0,74.58,0,2,0,2,radio_limited_degradation,ml_hgb_strict_causal_temporal_underperformance,temporal,statistical_only_retained,1.0,2.0,2.0,1.0,0.0,2.0,35.78056522867222,0.0,1.0,2,1,True,29.5,64.82,69.14,66.77,High,High,True,False,,True,priority_and_confidence_gate,High,INC-001171,"new:gap=8.0s,dist=94.77093006768384m,cell=True,family=True"
LTE-TP-EP-001715,542020041221088+20250828133556+Fiji-Nadi-LTE-DL-D!20250828132602,Fiji-Nadi-LTE-DL-D,2025-08-28 03:25:20+02:00,2025-08-28 03:25:21+02:00,2,-17.61925689,177.46540347,-17.6192569,177.4654035,ECI:3635992.0,3635992.0,234.0,500.0,1.0,0.000232,0.17416800000000002,29.57248994236376,29.22438594236376,7.964028200094522e-06,80.26,80.02000000000001,79.65,79.22,81.0,81.0,0,2,0,2,rolling_local_drop,normal,temporal,statistical_only_retained,1.0,2.0,2.0,1.0,0.0,2.0,0.01627864218556385,0.0,1.0,2,0,False,29.5,67.01,70.75,68.69,High,High,True,False,,True,priority_and_confidence_gate,High,INC-001172,"new:gap=43.0s,dist=304.6675463598845m,cell=False,family=True"
LTE-TP-EP-001716,542020041221088+20250828133556+Fiji-Nadi-LTE-DL-D!20250828132602,Fiji-Nadi-LTE-DL-D,2025-08-28 03:25:32+02:00,2025-08-28 03:25:32+02:00,1,-17.6192498,177.4653968,-17.6192498,177.4653968,ECI:3635992.0,3635992.0,234.0,500.0,1.0,0.244816,0.244816,36.21146840658197,35.96665240658197,0.006760731082518075,81.46,81.46,81.83,81.83,81.0,81.0,0,1,0,1,sudden_drop,normal,temporal,statistical_only_retained,0.0,1.0,1.0,1.0,0.0,1.0,1.058871857008695,0.0,1.0,1,0,False,22.25,66.94,70.75,68.65,High,High,True,False,,True,priority_and_confidence_gate,High,INC-001173,"new:gap=11.0s,dist=1.061823462044899m,cell=True,family=True"
LTE-TP-EP-001717,542020041221088+20250828133556+Fiji-Nadi-LTE-DL-D!20250828132602,Fiji-Nadi-LTE-DL-D,2025-08-28 03:25:42+02:00,2025-08-28 03:25:44+02:00,3,-17.6191806,177.465428,-17.61918112,177.46542706,ECI:3635992.0,3635992.0,234.0,500.0,1.0,3.4678159,10.59716,62.47540414948242,38.79158914948242,0.09134192160570972,78.0,64.51666666666667,74.07,59.419999999999995,82.8,70.74333333333334,0,3,0,3,radio_limited_degradation,normal,temporal,statistical_only_retained,2.0,3.0,3.0,1.0,0.0,3.0,0.23193460997772206,0.0,1.0,3,2,True,36.75,61.08,69.09,64.68,High,High,True,False,,True,priority_and_confidence_gate,Medium,INC-001174,"new:gap=10.0s,dist=8.375058498084764m,cell=True,family=True"
LTE-TP-EP-001718,542020041221088+20250828133556+Fiji-Nadi-LTE-DL-D!20250828132602,Fiji-Nadi-LTE-DL-D,2025-08-28 03:25:55+02:00,2025-08-28 03:25:55+02:00,1,-17.61936265,177.46580183,-17.61936265,177.46580183,ECI:3635992.0,3635992.0,234.0,500.0,1.0,0.00728,0.00728,28.760999620889745,28.753719620889743,0.000253120548519196,80.97,80.97,79.48,79.48,82.8,82.8,0,1,0,1,radio_limited_degradation,normal,temporal,statistical_only_retained,0.0,1.0,1.0,1.0,0.0,1.0,6.389029845299661,0.0,1.0,1,1,True,22.25,65.17,72.1,68.29,High,High,True,False,,True,priority_and_confidence_gate,High,INC-001175,"new:gap=11.0s,dist=44.552639227504386m,cell=True,family=True"
LTE-TP-EP-001719,542020041221088+20250828133816+Fiji-Nadi-LTE-DL-D!20250828132818,Fiji-Nadi-LTE-DL-D,2025-08-28 03:26:30+02:00,2025-08-28 03:26:30+02:00,1,-17.6163668,177.4668903,-17.6163668,177.4668903,ECI:1076426.0,1076426.0,375.0,500.0,1.0,1.511176,1.511176,,,,84.86,84.86,94.71,94.71,72.82,72.82,0,1,0,0,radio_limited_degradation,normal,radio,statistical_only_retained,0.0,1.0,1.0,1.0,0.0,1.0,24.749019355808812,0.0,0.0,0,1,True,22.25,76.6,54.61,66.7,High,Medium,True,False,,True,priority_and_confidence_gate,High,INC-001176,new_session_or_first_episode
LTE-TP-EP-001720,542020041221088+20250828133816+Fiji-Nadi-LTE-DL-D!20250828132818,Fiji-Nadi-LTE-DL-D,2025-08-28 03:26:36+02:00,2025-08-28 03:26:36+02:00,1,-17.6158152,177.4667103,-17.6158152,177.4667103,ECI:1076426.0,1076426.0,375.0,500.0,1.0,0.78336,0.78336,,,,82.26,82.26,97.26,97.26,63.92,63.92,0,1,0,0,radio_limited_degradation,normal,radio,statistical_only_retained,0.0,1.0,1.0,1.0,0.0,1.0,9.076223973160726,0.0,0.0,0,1,True,22.25,78.51,47.94,64.75,High,Medium,True,False,,True,priority_and_confidence_gate,Medium,INC-001177,"new:gap=6.0s,dist=64.2333335455424m,cell=True,family=True"
LTE-TP-EP-001721,542020041221088+20250828133816+Fiji-Nadi-LTE-DL-D!20250828132818,Fiji-Nadi-LTE-DL-D,2025-08-28 03:26:41+02:00,2025-08-28 03:26:55+02:00,11,-17.6154997,177.4666671,-17.61543573,177.46574584,ECI:1076426.0,1076426.0,375.0,500.0,1.0,0.106744,1.761912,43.970293999999996,41.5760381,0.05445166912006548,91.39,81.83363636363637,99.63,92.55363636363637,88.64,68.73,0,11,0,9,radio_limited_degradation,normal,radio,statistical_only_retained,14.0,15.0,11.0,0.7333333333333333,4.0,6.0,70.28785671245744,0.0,0.8181818181818182,9,10,True,60.75,88.14,69.68,79.84,Critical,High,True,True,critical_impact_with_verified_direct_evidence,True,critical_verified_direct_evidence_override,High,INC-001177,"bridged:gap=5.0s,dist=35.37953650865504m,cell=True,family=True"
LTE-TP-EP-001722,542020041221088+20250828133816+Fiji-Nadi-LTE-DL-D!20250828132818,Fiji-Nadi-LTE-DL-D,2025-08-28 03:26:57+02:00,2025-08-28 03:27:01+02:00,5,-17.6154999,177.4655009,-17.6154598,177.4653429,ECI:3635988.0,3635988.0,230.0,500.0,1.0,0.385896,1.022576,,,,83.53,80.064,98.65,95.682,65.06,60.977999999999994,0,5,0,5,radio_limited_degradation,normal,radio,statistical_only_retained,4.0,5.0,5.0,1.0,0.0,5.0,36.2814322041381,0.0,1.0,5,5,True,51.25,86.06,57.77,73.33,Critical,Medium,True,True,critical_impact_with_verified_direct_evidence,True,critical_verified_direct_evidence_override,High,INC-001178,"new:gap=2.0s,dist=26.921796685242022m,cell=False,family=True"
LTE-TP-EP-001723,542020041221088+20250828133816+Fiji-Nadi-LTE-DL-D!20250828132818,Fiji-Nadi-LTE-DL-D,2025-08-28 03:27:02+02:00,2025-08-28 03:27:02+02:00,1,-17.61545812,177.46534511,-17.61545812,177.46534511,ECI:1076426.0,1076426.0,230.0,500.0,1.0,3.845056,3.845056,,,,71.48,71.48,86.54,86.54,53.07,53.07,0,1,0,1,radio_limited_degradation,normal,radio,statistical_only_retained,0.0,1.0,1.0,1.0,0.0,1.0,0.2995917965657134,0.0,1.0,1,1,True,22.25,70.47,49.8,61.17,High,Medium,True,False,,True,priority_and_confidence_gate,Medium,INC-001179,"new:gap=1.0s,dist=0.2995917959611663m,cell=False,family=True"
LTE-TP-EP-001729,542020041221088+20250828133856+Fiji-Nadi-LTE-DL-D!20250828133030,Fiji-Nadi-LTE-DL-D,2025-08-28 03:29:21+02:00,2025-08-28 03:29:21+02:00,1,-17.6177596,177.4656364,-17.6177596,177.4656364,ECI:3638837.0,3638837.0,253.0,40988.0,41.0,0.559208,0.559208,12.707719716361872,12.148511716361872,0.04400537724167694,65.21,65.21,62.36,62.36,68.69,68.69,0,1,0,1,sudden_drop,normal,temporal,statistical_only_retained,0.0,1.0,1.0,1.0,0.0,1.0,7.924218624913798,0.0,1.0,1,0,False,22.25,52.33,61.52,56.47,Medium,High,True,False,,True,priority_and_confidence_gate,Medium,INC-001180,new_session_or_first_episode
LTE-TP-EP-001732,542020041221088+20250828133856+Fiji-Nadi-LTE-DL-D!20250828133030,Fiji-Nadi-LTE-DL-D,2025-08-28 03:30:21+02:00,2025-08-28 03:30:25+02:00,3,-17.61641329,177.46603585,-17.6166319,177.4660101,ECI:3638837.0,3638837.0,253.0,40988.0,41.0,0.745232,2.771264,13.146602744498097,10.219064017788716,0.08461576132816682,70.48,61.596666666666664,66.53,53.629999999999995,75.3,71.33333333333333,0,3,0,3,rolling_local_drop,normal,temporal,statistical_only_retained,4.0,5.0,3.0,0.6,2.0,2.0,10.387313633743622,0.0,1.0,3,0,False,24.75,52.86,65.48,58.54,Medium,High,True,False,,True,priority_and_confidence_gate,Medium,INC-001181,"new:gap=60.0s,dist=155.57361139869286m,cell=True,family=True"
LTE-TP-EP-001734,542020041221088+20250828134016+Fiji-Nadi-LTE-DL-D!20250828133246,Fiji-Nadi-LTE-DL-D,2025-08-28 03:31:14+02:00,2025-08-28 03:31:14+02:00,1,-17.6182038,177.46491385,-17.6182038,177.46491385,ECI:3638837.0,3638837.0,253.0,40988.0,41.0,0.517224,0.517224,32.71339685844275,32.19617285844275,0.01581077019418464,80.24,80.24,79.62,79.62,81.0,81.0,0,1,0,1,sudden_drop,normal,temporal,statistical_only_retained,0.0,1.0,1.0,1.0,0.0,1.0,0.028733618647032198,0.0,1.0,1,0,False,22.25,65.28,70.75,67.74,High,High,True,False,,True,priority_and_confidence_gate,High,INC-001182,new_session_or_first_episode
LTE-TP-EP-001735,542020041221088+20250828134016+Fiji-Nadi-LTE-DL-D!20250828133246,Fiji-Nadi-LTE-DL-D,2025-08-28 03:31:23+02:00,2025-08-28 03:31:24+02:00,2,-17.6182388,177.4647679,-17.6182366,177.4647131,ECI:3638837.0,3638837.0,253.0,40988.0,41.0,0.471088,9.458860000000001,53.30422065600442,34.85758865600442,0.021628297462487407,76.9,69.68,75.04,61.19500000000001,80.93,80.055,0,2,0,2,radio_limited_degradation,normal,temporal,statistical_only_retained,1.0,2.0,2.0,1.0,0.0,2.0,10.988929659432458,0.0,1.0,2,1,True,29.5,60.19,70.48,64.82,High,High,True,False,,True,priority_and_confidence_gate,Medium,INC-001183,"new:gap=9.0s,dist=15.949794070900532m,cell=True,family=True"
LTE-TP-EP-001737,542020041221088+20250828134016+Fiji-Nadi-LTE-DL-D!20250828133246,Fiji-Nadi-LTE-DL-D,2025-08-28 03:31:57+02:00,2025-08-28 03:32:02+02:00,4,-17.61754344,177.4617267,-17.6171585,177.46132412,ECI:3638837.0,3638837.0,253.0,40988.0,41.0,0.010704,4.096876,23.179679344048793,18.392319344048794,0.0007639132470043634,73.77,69.3125,76.76,63.3725,84.53,76.575,0,4,0,3,rolling_local_drop,normal,temporal,statistical_only_retained,5.0,6.0,4.0,0.6666666666666666,2.0,3.0,25.681741124105447,0.0,0.75,3,1,True,33.0,62.47,68.91,65.37,High,High,True,False,,True,priority_and_confidence_gate,High,INC-001184,"new:gap=33.0s,dist=325.7474145889953m,cell=True,family=True"
LTE-TP-EP-001740,542020041221088+20250828134016+Fiji-Nadi-LTE-DL-D!20250828133246,Fiji-Nadi-LTE-DL-D,2025-08-28 03:32:25+02:00,2025-08-28 03:32:25+02:00,1,-17.6160029,177.4605478,-17.6160029,177.4605478,ECI:3638837.0,3638837.0,353.0,40988.0,41.0,0.619352,0.619352,,,,74.3,74.3,88.83,88.83,56.55,56.55,0,1,0,0,radio_limited_degradation,normal,radio,statistical_only_retained,0.0,1.0,1.0,1.0,0.0,1.0,19.61212060084871,0.0,0.0,0,1,True,22.25,72.18,42.41,58.79,High,Medium,True,False,,True,priority_and_confidence_gate,Medium,INC-001185,"new:gap=23.0s,dist=152.57985492284496m,cell=True,family=False"
LTE-TP-EP-001741,542020041221088+20250828134016+Fiji-Nadi-LTE-DL-D!20250828133246,Fiji-Nadi-LTE-DL-D,2025-08-28 03:32:39+02:00,2025-08-28 03:32:39+02:00,1,-17.61459344,177.46019957,-17.61459344,177.46019957,ECI:1076289.0,1076289.0,179.0,40988.0,41.0,1.474264,1.474264,,,,74.33,74.33,85.84,85.84,60.26,60.26,0,1,0,1,radio_limited_degradation,normal,radio,statistical_only_retained,0.0,1.0,1.0,1.0,0.0,1.0,13.071474452662407,0.0,1.0,1,1,True,22.25,69.94,55.2,63.31,High,Medium,True,False,,True,priority_and_confidence_gate,Medium,INC-001186,"new:gap=14.0s,dist=161.01170757759718m,cell=False,family=True"
LTE-TP-EP-001742,542020041221088+20250828134116+Fiji-Nadi-LTE-DL-D!20250828133502,Fiji-Nadi-LTE-DL-D,2025-08-28 03:33:05+02:00,2025-08-28 03:33:08+02:00,3,-17.6139417,177.46146045,-17.6141124,177.4618933,ECI:1080641.0,1080641.0,353.0,40988.0,41.0,10.429296,12.327824,100.12010000000001,75.30728300000001,0.16115692460865313,65.15,60.26000000000001,64.71,60.85999999999999,65.68,59.52333333333333,0,3,0,3,ca_underperformance,normal,capability,statistical_only_retained,3.0,4.0,3.0,0.75,1.0,2.0,49.91051154978228,0.0,1.0,3,0,False,27.0,54.32,57.72,55.85,Medium,Medium,True,False,,True,priority_and_confidence_gate,Medium,INC-001187,new_session_or_first_episode
LTE-TP-EP-001743,542020041221088+20250828134116+Fiji-Nadi-LTE-DL-D!20250828133502,Fiji-Nadi-LTE-DL-D,2025-08-28 03:33:14+02:00,2025-08-28 03:33:15+02:00,2,-17.6143604,177.4625165,-17.61436082,177.46251591,ECI:1076289.0,1076289.0,179.0,40988.0,41.0,2.425344,3.034636,13.838565042731217,10.194637042731216,0.26331689656753776,68.43,64.66,61.51,52.935,81.09,78.985,0,2,0,2,radio_limited_degradation,normal,radio,statistical_only_retained,1.0,2.0,2.0,1.0,0.0,2.0,23.07312462179627,0.0,1.0,2,1,True,29.5,51.36,70.29,59.88,Medium,High,True,False,,True,priority_and_confidence_gate,Medium,INC-001188,"new:gap=6.0s,dist=71.5735465717739m,cell=False,family=False"
LTE-TP-EP-001744,542020041221088+20250828134116+Fiji-Nadi-LTE-DL-D!20250828133502,Fiji-Nadi-LTE-DL-D,2025-08-28 03:33:30+02:00,2025-08-28 03:33:30+02:00,1,-17.61493761,177.46398202,-17.61493761,177.46398202,ECI:3638837.0,3638837.0,179.0,40988.0,41.0,0.013168,0.013168,,,,71.26,71.26,69.95,69.95,72.87,72.87,0,1,0,0,radio_limited_degradation,normal,radio,statistical_only_retained,0.0,1.0,1.0,1.0,0.0,1.0,0.05232085165566526,0.0,0.0,0,1,True,22.25,58.03,54.65,56.51,High,Medium,True,False,,True,priority_and_confidence_gate,Medium,INC-001189,"new:gap=15.0s,dist=168.09690846394568m,cell=False,family=True"
LTE-TP-EP-001746,542020041221088+20250828134116+Fiji-Nadi-LTE-DL-D!20250828133502,Fiji-Nadi-LTE-DL-D,2025-08-28 03:33:52+02:00,2025-08-28 03:33:52+02:00,1,-17.6166508,177.464943,-17.6166508,177.464943,ECI:3638837.0,3638837.0,253.0,40988.0,41.0,22.651031,22.651031,100.12010000000001,77.469069,0.22623859744446917,78.3,78.3,60.54,60.54,100.0,100.0,1,0,0,1,rb_conditioned_underperformance,ml_quantile_p75_resource_underperformance,capability,statistical_and_ml_consensus,0.0,1.0,1.0,1.0,0.0,1.0,20.07032742764536,100.0,1.0,1,0,False,22.25,50.97,100.0,73.03,Medium,Very High,True,False,,True,priority_and_confidence_gate,High,INC-001190,"new:gap=22.0s,dist=216.01412333815261m,cell=True,family=False"
LTE-TP-EP-001749,542020041221088+20250828134116+Fiji-Nadi-LTE-DL-D!20250828133502,Fiji-Nadi-LTE-DL-D,2025-08-28 03:34:40+02:00,2025-08-28 03:34:43+02:00,2,-17.6177308,177.4620349,-17.6175881,177.4617786,ECI:1076289.0,1076289.0,179.0,40988.0,41.0,3.8087919,4.094559950000001,,,,64.5,61.93,77.67,76.67,48.41,43.92,0,2,0,2,radio_limited_degradation,normal,radio,statistical_only_retained,3.0,4.0,2.0,0.5,2.0,1.0,31.912040306194058,0.0,1.0,2,2,True,16.0,62.0,45.18,54.43,High,Medium,True,False,,True,priority_and_confidence_gate,Medium,INC-001191,"new:gap=48.0s,dist=330.7707955448503m,cell=False,family=False"
LTE-TP-EP-001750,542020041221088+20250828134116+Fiji-Nadi-LTE-DL-D!20250828133502,Fiji-Nadi-LTE-DL-D,2025-08-28 03:34:44+02:00,2025-08-28 03:34:44+02:00,1,-17.6175285,177.4617097,-17.6175285,177.4617097,ECI:3638837.0,3638837.0,179.0,40988.0,41.0,0.782968,0.782968,,,,72.62,72.62,88.26,88.26,53.5,53.5,0,1,0,1,radio_limited_degradation,normal,radio,statistical_only_retained,0.0,1.0,1.0,1.0,0.0,1.0,9.861007210757283,0.0,1.0,1,1,True,22.25,71.76,50.12,62.02,High,Medium,True,False,,True,priority_and_confidence_gate,Medium,INC-001192,"new:gap=1.0s,dist=9.861007211320151m,cell=False,family=True"
LTE-TP-EP-001751,542020041221088+20250828134116+Fiji-Nadi-LTE-DL-D!20250828133502,Fiji-Nadi-LTE-DL-D,2025-08-28 03:35:00+02:00,2025-08-28 03:35:01+02:00,2,-17.6165681,177.4606117,-17.61656928,177.46061213,ECI:1080641.0,1080641.0,353.0,40988.0,41.0,7.967192,9.497148,43.68767,32.660565999999996,0.24581426984245988,53.82,53.495000000000005,47.92,47.870000000000005,61.04,60.370000000000005,0,2,0,2,ca_underperformance,normal,capability,statistical_only_retained,1.0,2.0,2.0,1.0,0.0,2.0,4.908652751053019,0.0,1.0,2,0,False,29.5,43.3,55.61,48.84,Medium,Medium,True,False,,True,priority_and_confidence_gate,Medium,INC-001193,"new:gap=16.0s,dist=157.9416371968846m,cell=False,family=False"
LTE-TP-EP-001752,542020041221088+20250828134256+Fiji-Nadi-LTE-DL-D!20250828133718,Fiji-Nadi-LTE-DL-D,2025-08-28 03:35:20+02:00,2025-08-28 03:35:20+02:00,1,-17.6181426,177.4600542,-17.6181426,177.4600542,ECI:3638837.0,3638837.0,253.0,40988.0,41.0,5.215008,5.215008,,,,70.27,70.27,72.75,72.75,67.24,67.24,0,1,0,0,radio_limited_degradation,normal,radio,statistical_only_retained,0.0,1.0,1.0,1.0,0.0,1.0,12.565582350399623,0.0,0.0,0,1,True,22.25,60.13,50.43,55.76,High,Medium,True,False,,True,priority_and_confidence_gate,Medium,INC-001194,new_session_or_first_episode
LTE-TP-EP-001754,542020041221088+20250828134256+Fiji-Nadi-LTE-DL-D!20250828133718,Fiji-Nadi-LTE-DL-D,2025-08-28 03:35:24+02:00,2025-08-28 03:35:28+02:00,3,-17.6185933,177.459938,-17.61894797,177.45984464,ECI:1077825.0,1077825.0,167.0,40988.0,41.0,1.02048,8.664936,,,,71.12,62.88333333333333,87.43,68.23,75.49,56.343333333333334,0,3,0,1,radio_limited_degradation,normal,radio,statistical_only_retained,4.0,5.0,3.0,0.6,2.0,2.0,53.071144275988544,0.0,0.3333333333333333,1,3,True,24.75,66.96,55.16,61.65,High,Medium,True,False,,True,priority_and_confidence_gate,Medium,INC-001195,"new:gap=4.0s,dist=51.606490721073634m,cell=False,family=True"
LTE-TP-EP-001755,542020041221088+20250828134256+Fiji-Nadi-LTE-DL-D!20250828133718,Fiji-Nadi-LTE-DL-D,2025-08-28 03:37:10+02:00,2025-08-28 03:37:10+02:00,1,-17.6241006,177.4551778,-17.6241006,177.4551778,ECI:3636029.0,3636029.0,167.0,40988.0,41.0,1.087208,1.087208,,,,63.47,63.47,66.19,66.19,60.15,60.15,0,1,0,1,radio_limited_degradation,normal,radio,statistical_only_retained,0.0,1.0,1.0,1.0,0.0,1.0,20.01303163935611,0.0,1.0,1,1,True,22.25,55.2,55.11,55.16,High,Medium,True,False,,True,priority_and_confidence_gate,Medium,INC-001196,"new:gap=102.0s,dist=756.8868349023678m,cell=False,family=True"
LTE-TP-EP-001756,542020041221088+20250828134436+Fiji-Nadi-LTE-DL-D!20250828133934,Fiji-Nadi-LTE-DL-D,2025-08-28 03:37:35+02:00,2025-08-28 03:37:35+02:00,1,-17.62203,177.4550741,-17.62203,177.4550741,EARFCN:41186.0|PCI:231.0,,231.0,41186.0,41.0,0.986384,0.986384,,,,83.43,83.43,96.55,96.55,67.39,67.39,0,1,0,0,radio_limited_degradation,normal,radio,statistical_only_retained,0.0,1.0,1.0,1.0,0.0,1.0,,0.0,0.0,0,1,True,22.25,77.98,50.54,65.63,High,Medium,True,False,,True,priority_and_confidence_gate,High,INC-001197,new_session_or_first_episode
LTE-TP-EP-001757,542020041221088+20250828134436+Fiji-Nadi-LTE-DL-D!20250828133934,Fiji-Nadi-LTE-DL-D,2025-08-28 03:37:36+02:00,2025-08-28 03:37:38+02:00,3,-17.6219601,177.45512,-17.6218347,177.4552003,ECI:3636029.0,3636029.0,231.0,41186.0,41.0,4.493064,5.852344,,,,72.83,70.46,84.27,79.60333333333334,60.18,59.28333333333333,0,3,0,0,radio_limited_degradation,normal,radio,statistical_only_retained,2.0,3.0,3.0,1.0,0.0,3.0,25.50490290509528,0.0,0.0,0,3,True,36.75,71.22,44.91,59.38,High,Medium,True,False,,True,priority_and_confidence_gate,Medium,INC-001198,"new:gap=1.0s,dist=9.16920124226657m,cell=False,family=True"
LTE-TP-EP-001758,542020041221088+20250828134436+Fiji-Nadi-LTE-DL-D!20250828133934,Fiji-Nadi-LTE-DL-D,2025-08-28 03:37:43+02:00,2025-08-28 03:37:58+02:00,10,-17.6216501,177.4553452,-17.6217348,177.4553016,ECI:3636029.0,3636029.0,231.0,41186.0,41.0,6.61968,7.62051585,,,,68.69,63.798,76.83,72.26899999999999,58.74,53.444,0,10,0,0,radio_limited_degradation,normal,radio,statistical_only_retained,15.0,16.0,10.0,0.625,6.0,3.0,19.413876045879633,0.0,0.0,0,10,True,39.88,66.45,42.73,55.78,High,Medium,True,False,,True,priority_and_confidence_gate,Medium,INC-001198,"bridged:gap=5.0s,dist=25.634978776145843m,cell=True,family=True"
LTE-TP-EP-001761,542020041221088+20250828134436+Fiji-Nadi-LTE-DL-D!20250828133934,Fiji-Nadi-LTE-DL-D,2025-08-28 03:38:38+02:00,2025-08-28 03:38:38+02:00,1,-17.62456613,177.45533281,-17.62456613,177.45533281,ECI:3636029.0,3636029.0,231.0,41186.0,41.0,1.791096,1.791096,15.272032123637173,13.480936123637173,0.11727948091648162,68.52,68.52,59.48,59.48,79.57,79.57,0,1,0,1,sudden_drop,normal,temporal,statistical_only_retained,0.0,1.0,1.0,1.0,0.0,1.0,0.13061947089918557,0.0,1.0,1,0,False,22.25,50.17,69.68,58.95,Medium,High,True,False,,True,priority_and_confidence_gate,Medium,INC-001199,"new:gap=40.0s,dist=314.84734007720436m,cell=True,family=False"
LTE-TP-EP-001763,542020041221088+20250828134436+Fiji-Nadi-LTE-DL-D!20250828133934,Fiji-Nadi-LTE-DL-D,2025-08-28 03:38:54+02:00,2025-08-28 03:38:56+02:00,2,-17.62492823,177.45513786,-17.6249623,177.4550188,ECI:3636029.0,3636029.0,231.0,41186.0,41.0,5.3187838,5.5930919,,,,60.5,59.655,60.38,59.42,60.64,59.935,0,2,0,0,radio_limited_degradation,normal,radio,statistical_only_retained,2.0,3.0,2.0,0.6666666666666666,1.0,1.0,12.772468217707157,0.0,0.0,0,2,True,18.5,49.67,45.3,47.71,Medium,Medium,True,False,,True,priority_and_confidence_gate,Medium,INC-001200,"new:gap=16.0s,dist=45.25485324092596m,cell=True,family=False"
LTE-TP-EP-001764,542020041221088+20250828134436+Fiji-Nadi-LTE-DL-D!20250828133934,Fiji-Nadi-LTE-DL-D,2025-08-28 03:39:26+02:00,2025-08-28 03:39:27+02:00,2,-17.62316597,177.45361297,-17.62310823,177.45349728,ECI:1079090.0,1079090.0,168.0,41186.0,41.0,2.968336,10.755399500000001,70.787155,52.244692,0.26194671900572924,67.65,60.58500000000001,68.61,58.135,66.47,63.575,0,2,0,2,radio_limited_degradation,normal,capability,statistical_only_retained,1.0,2.0,2.0,1.0,0.0,2.0,27.768988612915898,0.0,1.0,2,1,True,29.5,56.21,59.13,57.53,High,Medium,True,False,,True,priority_and_confidence_gate,Medium,INC-001201,"new:gap=30.0s,dist=249.18584581816603m,cell=False,family=True"
LTE-TP-EP-001770,542020041221088+20250828134616+Fiji-Nadi-LTE-DL-D!20250828134149,Fiji-Nadi-LTE-DL-D,2025-08-28 03:40:32+02:00,2025-08-28 03:40:32+02:00,1,-17.61791516,177.44889691,-17.61791516,177.44889691,ECI:3636033.0,3636033.0,232.0,41384.0,41.0,16.36572,16.36572,105.95971,89.59399,0.15445229134734326,66.73,66.73,70.53,70.53,62.08,62.08,0,1,0,1,rb_conditioned_underperformance,normal,capability,statistical_only_retained,0.0,1.0,1.0,1.0,0.0,1.0,9.962084145496481,0.0,1.0,1,0,False,22.25,58.46,56.56,57.6,High,Medium,True,False,,True,priority_and_confidence_gate,Medium,INC-001202,new_session_or_first_episode
LTE-TP-EP-001773,542020041221088+20250828134616+Fiji-Nadi-LTE-DL-D!20250828134149,Fiji-Nadi-LTE-DL-D,2025-08-28 03:41:38+02:00,2025-08-28 03:41:38+02:00,1,-17.61487487,177.44595748,-17.61487487,177.44595748,ECI:1079093.0,1079093.0,232.0,41384.0,41.0,0.669776,0.669776,,,,71.05,71.05,67.66,67.66,75.2,75.2,0,1,0,1,radio_limited_degradation,normal,radio,statistical_only_retained,0.0,1.0,1.0,1.0,0.0,1.0,14.821524852943124,0.0,1.0,1,1,True,22.25,56.31,66.4,60.85,High,High,True,False,,True,priority_and_confidence_gate,Medium,INC-001203,"new:gap=66.0s,dist=459.71103647087244m,cell=False,family=False"
LTE-TP-EP-001774,542020041221088+20250828134616+Fiji-Nadi-LTE-DL-D!20250828134149,Fiji-Nadi-LTE-DL-D,2025-08-28 03:41:47+02:00,2025-08-28 03:41:47+02:00,1,-17.61384655,177.44671507,-17.61384655,177.44671507,ECI:1079093.0,1079093.0,232.0,41384.0,41.0,2.490376,2.490376,,,,70.63,70.63,82.28,82.28,56.4,56.4,0,1,0,1,radio_limited_degradation,normal,radio,statistical_only_retained,0.0,1.0,1.0,1.0,0.0,1.0,0.8029302308788088,0.0,1.0,1,1,True,22.25,67.27,52.3,60.53,High,Medium,True,False,,True,priority_and_confidence_gate,Medium,INC-001204,"new:gap=9.0s,dist=139.7181785757038m,cell=True,family=True"
LTE-TP-EP-001777,542020041221088+20250828134936+Fiji-Nadi-LTE-DL-D!20250828134405,Fiji-Nadi-LTE-DL-D,2025-08-28 03:42:14+02:00,2025-08-28 03:42:14+02:00,1,-17.61273378,177.448371,-17.61273378,177.448371,ECI:1081876.0,1081876.0,182.0,41384.0,41.0,5.6636558,5.6636558,38.729599,33.0659432,0.14623584922735708,65.85,65.85,60.92,60.92,71.87,71.87,0,1,0,1,ca_underperformance,normal,capability,statistical_only_retained,0.0,1.0,1.0,1.0,0.0,1.0,9.061274508284352,0.0,1.0,1,0,False,22.25,51.25,63.9,56.94,Medium,High,True,False,,True,priority_and_confidence_gate,Medium,INC-001205,new_session_or_first_episode
LTE-TP-EP-001779,542020041221088+20250828134936+Fiji-Nadi-LTE-DL-D!20250828134405,Fiji-Nadi-LTE-DL-D,2025-08-28 03:42:42+02:00,2025-08-28 03:42:44+02:00,2,-17.61417189,177.45009138,-17.6142888,177.4501238,ECI:1076541.0,1076541.0,182.0,40790.0,41.0,8.481904,8.9819,49.4498,40.967896,0.17152554712051413,60.4,59.89,59.88,58.415000000000006,62.34,61.69,0,2,0,2,ca_underperformance,normal,capability,statistical_only_retained,2.0,3.0,2.0,0.6666666666666666,1.0,1.0,9.374845413065275,0.0,1.0,2,0,False,18.5,49.17,56.59,52.51,Medium,Medium,True,False,,True,priority_and_confidence_gate,Medium,INC-001206,"new:gap=28.0s,dist=242.5192029512157m,cell=False,family=True"
LTE-TP-EP-001781,542020041221088+20250828134936+Fiji-Nadi-LTE-DL-D!20250828134405,Fiji-Nadi-LTE-DL-D,2025-08-28 03:42:46+02:00,2025-08-28 03:42:48+02:00,3,-17.61433649,177.4501244,-17.61442045,177.45012955,ECI:3636033.0,3636033.0,232.0,41384.0,41.0,9.017688,9.886448,60.15991375,50.27346575,0.1643361398602404,66.47,59.50333333333333,63.19,57.57666666666666,70.49,61.86333333333334,0,3,0,2,ca_underperformance,normal,capability,statistical_only_retained,2.0,3.0,3.0,1.0,0.0,3.0,14.535131310564909,0.0,0.6666666666666666,2,1,True,36.75,55.18,57.38,56.17,High,Medium,True,False,,True,priority_and_confidence_gate,Medium,INC-001207,"new:gap=2.0s,dist=5.303274622943305m,cell=False,family=True"
LTE-TP-EP-001783,542020041221088+20250828134936+Fiji-Nadi-LTE-DL-D!20250828134405,Fiji-Nadi-LTE-DL-D,2025-08-28 03:43:35+02:00,2025-08-28 03:43:37+02:00,3,-17.61406994,177.45003382,-17.6139754,177.4499366,ECI:3636030.0,3636030.0,232.0,41186.0,41.0,2.849896,3.13872,,,,71.34,68.57333333333334,81.03,78.02666666666667,59.49,57.01333333333334,0,3,0,1,radio_limited_degradation,normal,radio,statistical_only_retained,2.0,3.0,3.0,1.0,0.0,3.0,19.40792621579066,0.0,0.3333333333333333,1,3,True,36.75,69.21,47.33,59.36,High,Medium,True,False,,True,priority_and_confidence_gate,Medium,INC-001208,"new:gap=47.0s,dist=40.27385658526735m,cell=False,family=False"
LTE-TP-EP-001784,542020041221088+20250828134936+Fiji-Nadi-LTE-DL-D!20250828134405,Fiji-Nadi-LTE-DL-D,2025-08-28 03:43:39+02:00,2025-08-28 03:43:39+02:00,1,-17.61394851,177.44988393,-17.61394851,177.44988393,ECI:1076531.0,1076531.0,182.0,41186.0,41.0,3.297864,3.297864,,,,70.04,70.04,79.46,79.46,58.52,58.52,0,1,0,0,radio_limited_degradation,normal,radio,statistical_only_retained,0.0,1.0,1.0,1.0,0.0,1.0,6.07626978697225,0.0,0.0,0,1,True,22.25,65.16,43.89,55.59,High,Medium,True,False,,True,priority_and_confidence_gate,Medium,INC-001209,"new:gap=2.0s,dist=6.332439625129518m,cell=False,family=True"
LTE-TP-EP-001787,542020041221088+20250828134936+Fiji-Nadi-LTE-DL-D!20250828134405,Fiji-Nadi-LTE-DL-D,2025-08-28 03:43:44+02:00,2025-08-28 03:43:44+02:00,1,-17.6138404,177.44955657,-17.6138404,177.44955657,ECI:1076534.0,1076534.0,182.0,41384.0,41.0,9.407216,9.407216,60.15991375,50.75269775,0.15637017099280665,67.76,67.76,64.5,64.5,71.75,71.75,0,1,0,1,ca_underperformance,normal,capability,statistical_only_retained,0.0,1.0,1.0,1.0,0.0,1.0,0.0690081663857818,0.0,1.0,1,0,False,22.25,53.94,63.81,58.38,Medium,High,True,False,,True,priority_and_confidence_gate,Medium,INC-001210,"new:gap=5.0s,dist=36.71788202229136m,cell=False,family=False"
LTE-TP-EP-001789,542020041221088+20250828134936+Fiji-Nadi-LTE-DL-D!20250828134405,Fiji-Nadi-LTE-DL-D,2025-08-28 03:44:03+02:00,2025-08-28 03:44:05+02:00,2,-17.61286521,177.4484595,-17.61271141,177.44834937,ECI:1079240.0,1079240.0,383.0,500.0,1.0,6.239936,6.4538519999999995,59.31967,52.651902,0.11240399685298316,71.72,65.05,71.43,59.795,72.08,71.47999999999999,0,2,0,2,ca_underperformance,normal,capability,statistical_only_retained,2.0,3.0,2.0,0.6666666666666666,1.0,1.0,0.12677522776951594,0.0,1.0,2,1,True,18.5,55.29,63.91,59.17,High,High,True,False,,True,priority_and_confidence_gate,Medium,INC-001211,"new:gap=19.0s,dist=158.98787531233123m,cell=False,family=True"
LTE-TP-EP-001794,542020041221088+20250828135037+Fiji-Nadi-LTE-DL-D!20250828134621,Fiji-Nadi-LTE-DL-D,2025-08-28 03:45:14+02:00,2025-08-28 03:45:15+02:00,2,-17.6119182,177.4486743,-17.61191572,177.44867358,ECI:1076534.0,1076534.0,182.0,356.0,1.0,4.44028,5.30666,,,,64.03,60.22,75.46,72.425,57.47,45.295,0,2,0,0,radio_limited_degradation,normal,radio,statistical_only_retained,1.0,2.0,2.0,1.0,0.0,2.0,11.302823085639128,0.0,0.0,0,2,True,29.5,63.21,40.06,52.79,High,Medium,True,False,,True,priority_and_confidence_gate,Medium,INC-001212,new_session_or_first_episode
LTE-TP-EP-001797,542020041221088+20250828135037+Fiji-Nadi-LTE-DL-D!20250828134621,Fiji-Nadi-LTE-DL-D,2025-08-28 03:46:00+02:00,2025-08-28 03:46:00+02:00,1,-17.61047872,177.45154732,-17.61047872,177.45154732,ECI:1082166.0,1082166.0,140.0,41384.0,41.0,34.62309,34.62309,121.14346,86.52037000000001,0.285802386690953,70.32,70.32,58.33,58.33,84.98,84.98,0,1,0,1,rb_conditioned_underperformance,ml_hgb_strict_causal_temporal_underperformance,capability,statistical_only_retained,0.0,1.0,1.0,1.0,0.0,1.0,0.90866939455745,0.0,1.0,1,0,False,22.25,49.31,73.74,60.3,Medium,High,True,False,,True,priority_and_confidence_gate,Medium,INC-001213,"new:gap=45.0s,dist=343.93945831468017m,cell=False,family=False"
LTE-TP-EP-001799,542020041221088+20250828135137+Fiji-Nadi-LTE-DL-D!20250828134837,Fiji-Nadi-LTE-DL-D,2025-08-28 03:46:56+02:00,2025-08-28 03:46:57+02:00,2,-17.61314353,177.45378178,-17.61333,177.4538566,ECI:1079183.0,1079183.0,140.0,41384.0,41.0,7.132736,21.175756500000002,105.95971,70.740933,0.10081774015773848,77.67,66.285,77.01,63.995000000000005,78.48,69.09,0,2,0,1,ca_underperformance,normal,capability,statistical_only_retained,1.0,2.0,2.0,1.0,0.0,2.0,23.166764298623512,0.0,0.5,1,0,False,29.5,61.88,61.51,61.71,High,High,True,False,,True,priority_and_confidence_gate,Medium,INC-001214,new_session_or_first_episode
LTE-TP-EP-001802,542020041221088+20250828135137+Fiji-Nadi-LTE-DL-D!20250828134837,Fiji-Nadi-LTE-DL-D,2025-08-28 03:47:22+02:00,2025-08-28 03:47:23+02:00,2,-17.61407743,177.45495793,-17.6141859,177.454963,ECI:1076544.0,1076544.0,140.0,40790.0,41.0,7.874752,9.953548,60.347314999999995,48.31497099999999,0.19938491049684648,59.5,57.045,57.49,52.870000000000005,62.34,62.145,0,2,0,2,ca_underperformance,normal,capability,statistical_only_retained,1.0,2.0,2.0,1.0,0.0,2.0,18.05774514037566,0.0,1.0,2,0,False,29.5,49.34,56.71,52.65,Medium,Medium,True,False,,True,priority_and_confidence_gate,Medium,INC-001215,"new:gap=25.0s,dist=143.28715039725023m,cell=False,family=True"
LTE-TP-EP-001803,542020041221088+20250828135137+Fiji-Nadi-LTE-DL-D!20250828134837,Fiji-Nadi-LTE-DL-D,2025-08-28 03:47:30+02:00,2025-08-28 03:47:31+02:00,2,-17.61451766,177.45497166,-17.61456653,177.45497256,ECI:1082176.0,1082176.0,140.0,40790.0,41.0,5.676928,6.3515239999999995,49.4498,42.423680000000004,0.14208591339095406,69.55,66.10499999999999,64.14,60.095,76.16,73.44999999999999,0,2,0,2,ca_underperformance,ml_quantile_p75_resource_underperformance,capability,statistical_only_retained,1.0,2.0,2.0,1.0,0.0,2.0,11.008377030709358,0.0,1.0,2,0,False,29.5,54.47,66.44,59.86,Medium,High,True,False,,True,priority_and_confidence_gate,Medium,INC-001216,"new:gap=7.0s,dist=36.90149520593056m,cell=False,family=True"
LTE-TP-EP-001804,542020041221088+20250828135137+Fiji-Nadi-LTE-DL-D!20250828134837,Fiji-Nadi-LTE-DL-D,2025-08-28 03:48:08+02:00,2025-08-28 03:48:08+02:00,1,-17.61402509,177.45477296,-17.61402509,177.45477296,ECI:1076544.0,1076544.0,182.0,40988.0,41.0,4.268792,4.268792,32.41143,28.142638,0.13170637642337904,71.76,71.76,61.05,61.05,84.84,84.84,0,1,0,1,ca_underperformance,normal,capability,statistical_only_retained,0.0,1.0,1.0,1.0,0.0,1.0,0.22680394621532862,0.0,1.0,1,0,False,22.25,51.35,73.63,61.38,Medium,High,True,False,,True,priority_and_confidence_gate,Medium,INC-001217,"new:gap=37.0s,dist=63.81369433489836m,cell=False,family=True"
LTE-TP-EP-001805,542020041221088+20250828135137+Fiji-Nadi-LTE-DL-D!20250828134837,Fiji-Nadi-LTE-DL-D,2025-08-28 03:48:10+02:00,2025-08-28 03:48:10+02:00,1,-17.6139388,177.4546506,-17.6139388,177.4546506,ECI:1082163.0,1082163.0,140.0,40988.0,41.0,7.018512,7.018512,65.36004299999999,58.34153099999999,0.10738230389475113,73.03,73.03,74.13,74.13,71.69,71.69,0,1,0,1,ca_underperformance,normal,capability,statistical_only_retained,0.0,1.0,1.0,1.0,0.0,1.0,11.846362595685706,0.0,1.0,1,0,False,22.25,61.16,63.77,62.33,High,High,True,False,,True,priority_and_confidence_gate,Medium,INC-001218,"new:gap=2.0s,dist=16.131710870561147m,cell=False,family=True"
LTE-TP-EP-001808,542020041221088+20250828135137+Fiji-Nadi-LTE-DL-D!20250828134837,Fiji-Nadi-LTE-DL-D,2025-08-28 03:48:29+02:00,2025-08-28 03:48:33+02:00,4,-17.61316535,177.45373303,-17.61299419,177.45344899,ECI:1082166.0,1082166.0,140.0,41384.0,41.0,7.615664,13.97876775,70.7488185,56.3558105,0.19663678934553389,66.38,59.542500000000004,58.32,50.2025,76.22,70.9525,0,4,0,4,ca_underperformance,normal,capability,statistical_only_retained,4.0,5.0,4.0,0.8,1.0,2.0,28.86938872754131,0.0,1.0,4,0,False,29.0,48.96,65.85,56.56,Medium,High,True,False,,True,priority_and_confidence_gate,Medium,INC-001219,"new:gap=19.0s,dist=129.82085140286154m,cell=False,family=True"
LTE-TP-EP-001809,542020041221088+20250828135237+Fiji-Nadi-LTE-DL-D!20250828135054,Fiji-Nadi-LTE-DL-D,2025-08-28 03:48:57+02:00,2025-08-28 03:49:00+02:00,2,-17.6139255,177.4520431,-17.614282,177.4521009,ECI:3636033.0,3636033.0,232.0,41384.0,41.0,0.81876,3.9545280000000003,14.263107964798317,13.444347964798318,0.05740403858827394,70.61,63.135,64.6,54.89,77.95,73.21000000000001,0,2,0,2,radio_limited_degradation,normal,radio,statistical_only_retained,3.0,4.0,2.0,0.5,2.0,1.0,38.954442411797785,0.0,1.0,2,1,True,16.0,50.02,67.28,57.79,Medium,High,True,False,,True,priority_and_confidence_gate,Medium,INC-001220,new_session_or_first_episode
LTE-TP-EP-001811,542020041221088+20250828135437+Fiji-Nadi-LTE-DL-D!20250828135310,Fiji-Nadi-LTE-DL-D,2025-08-28 03:51:56+02:00,2025-08-28 03:51:57+02:00,2,-17.6193268,177.4502999,-17.6192672,177.4502461,ECI:1079110.0,1079110.0,168.0,500.0,1.0,15.196448,15.452524,103.01821000000001,87.30961,0.15248372108193298,70.93,64.64,71.47,59.795,70.85,70.555,0,2,0,2,rb_conditioned_underperformance,normal,capability,statistical_only_retained,1.0,2.0,2.0,1.0,0.0,2.0,25.167189834741755,0.0,1.0,2,1,True,29.5,58.06,63.06,60.31,High,High,True,False,,True,priority_and_confidence_gate,Medium,INC-001221,new_session_or_first_episode
LTE-TP-EP-001813,542020041221088+20250828135437+Fiji-Nadi-LTE-DL-D!20250828135310,Fiji-Nadi-LTE-DL-D,2025-08-28 03:52:25+02:00,2025-08-28 03:52:25+02:00,1,-17.6176483,177.4482083,-17.6176483,177.4482083,ECI:1079093.0,1079093.0,168.0,41384.0,41.0,5.220264,5.220264,47.0651145,41.8448505,0.11091578243159272,78.53,78.53,67.93,67.93,91.49,91.49,0,1,0,1,rb_efficiency_underperformance,normal,capability,statistical_only_retained,0.0,1.0,1.0,1.0,0.0,1.0,12.144279196724373,0.0,1.0,1,1,True,22.25,56.51,78.62,66.46,High,High,True,False,,True,priority_and_confidence_gate,High,INC-001222,"new:gap=28.0s,dist=281.15055152177797m,cell=False,family=True"
LTE-TP-EP-001814,542020041221088+20250828135437+Fiji-Nadi-LTE-DL-D!20250828135310,Fiji-Nadi-LTE-DL-D,2025-08-28 03:52:38+02:00,2025-08-28 03:52:42+02:00,4,-17.6168447,177.447123,-17.6166172,177.4468512,ECI:3636033.0,3636033.0,232.0,41384.0,41.0,3.673128,7.577392,70.7488185,52.4933135,0.25803264827666345,68.87,62.61,78.14,63.86750000000001,62.92,61.072500000000005,0,4,0,2,radio_limited_degradation,normal,radio,statistical_only_retained,4.0,5.0,4.0,0.8,1.0,3.0,37.02638907819985,0.0,0.5,2,3,True,35.0,63.79,51.73,58.36,High,Medium,True,False,,True,priority_and_confidence_gate,Medium,INC-001223,"new:gap=13.0s,dist=145.65088096168384m,cell=False,family=False"
LTE-TP-EP-001815,542020041221088+20250828135437+Fiji-Nadi-LTE-DL-D!20250828135310,Fiji-Nadi-LTE-DL-D,2025-08-28 03:52:43+02:00,2025-08-28 03:52:46+02:00,3,-17.61654746,177.44676075,-17.6163311,177.44647361,ECI:1079093.0,1079093.0,168.0,41384.0,41.0,1.929832,3.575456,38.729599,29.660359,0.2341681874888506,75.01,66.24333333333333,84.25,70.85666666666667,63.72,60.60666666666666,0,3,0,1,radio_limited_degradation,normal,radio,statistical_only_retained,3.0,4.0,3.0,0.75,1.0,2.0,38.70645566603655,0.0,0.3333333333333333,1,2,True,27.0,66.59,50.34,59.28,High,Medium,True,False,,True,priority_and_confidence_gate,Medium,INC-001224,"new:gap=1.0s,dist=12.329883591891505m,cell=False,family=True"
LTE-TP-EP-001816,542020041221088+20250828135437+Fiji-Nadi-LTE-DL-D!20250828135310,Fiji-Nadi-LTE-DL-D,2025-08-28 03:52:50+02:00,2025-08-28 03:52:54+02:00,3,-17.61608177,177.44609241,-17.61586629,177.44575605,ECI:3636033.0,3636033.0,232.0,41384.0,41.0,0.626128,0.675336,,,,81.84,79.20333333333333,88.81,88.11,73.52,68.31666666666666,0,3,0,0,radio_limited_degradation,normal,radio,statistical_only_retained,4.0,5.0,3.0,0.6,2.0,2.0,9.698021084280807,0.0,0.0,0,3,True,24.75,72.62,53.84,64.17,High,Medium,True,False,,True,priority_and_confidence_gate,Medium,INC-001225,"new:gap=4.0s,dist=48.997747724053454m,cell=False,family=True"
LTE-TP-EP-001818,542020041221088+20250828135857+Fiji-Nadi-LTE-DL-D!20250828135526,Fiji-Nadi-LTE-DL-D,2025-08-28 03:54:10+02:00,2025-08-28 03:54:13+02:00,3,-17.6113851,177.4496393,-17.6112726,177.4498616,ECI:1082166.0,1082166.0,140.0,41384.0,41.0,15.63552,32.205288,105.95971,73.754422,0.2210004397458595,61.51,56.80666666666667,55.12,53.776666666666664,69.31,60.50333333333333,0,3,0,1,radio_p75_underperformance,normal,capability,statistical_only_retained,3.0,4.0,3.0,0.75,1.0,2.0,37.28319123495706,0.0,0.3333333333333333,1,0,False,27.0,47.75,53.11,50.17,Medium,Medium,True,False,,True,priority_and_confidence_gate,Medium,INC-001226,new_session_or_first_episode
LTE-TP-EP-001819,542020041221088+20250828135857+Fiji-Nadi-LTE-DL-D!20250828135526,Fiji-Nadi-LTE-DL-D,2025-08-28 03:54:23+02:00,2025-08-28 03:54:23+02:00,1,-17.6109494,177.4504843,-17.6109494,177.4504843,ECI:1082166.0,1082166.0,140.0,41384.0,41.0,24.109913,24.109913,121.14346,97.033547,0.19901951785098426,79.8,79.8,63.39,63.39,99.86,99.86,1,0,0,1,rb_conditioned_underperformance,ml_quantile_p75_resource_underperformance,capability,statistical_and_ml_consensus,0.0,1.0,1.0,1.0,0.0,1.0,9.233366738029313,100.0,1.0,1,0,False,22.25,53.1,99.9,74.16,Medium,Very High,True,False,,True,priority_and_confidence_gate,High,INC-001227,"new:gap=10.0s,dist=75.14670610030933m,cell=True,family=True"
LTE-TP-EP-001823,542020041221088+20250828140057+Fiji-Nadi-LTE-DL-D!20250828135741,Fiji-Nadi-LTE-DL-D,2025-08-28 03:55:43+02:00,2025-08-28 03:55:45+02:00,2,-17.60849411,177.45598874,-17.6083807,177.4562637,ECI:1076531.0,1076531.0,182.0,41186.0,41.0,0.40895998,0.46778799,,,,79.02,78.735,98.57,98.365,55.13,54.75,0,2,0,2,radio_limited_degradation,normal,radio,statistical_only_retained,2.0,3.0,2.0,0.6666666666666666,1.0,1.0,21.006488466879876,0.0,1.0,2,2,True,18.5,78.5,51.25,66.24,High,Medium,True,False,,True,priority_and_confidence_gate,High,INC-001228,new_session_or_first_episode
LTE-TP-EP-001824,542020041221088+20250828140057+Fiji-Nadi-LTE-DL-D!20250828135741,Fiji-Nadi-LTE-DL-D,2025-08-28 03:55:46+02:00,2025-08-28 03:55:46+02:00,1,-17.6083469,177.4563443,-17.6083469,177.4563443,ECI:1076788.0,1076788.0,182.0,41186.0,41.0,0.408216,0.408216,,,,79.04,79.04,98.57,98.57,55.17,55.17,0,1,0,1,radio_limited_degradation,normal,radio,statistical_only_retained,0.0,1.0,1.0,1.0,0.0,1.0,9.332644200027964,0.0,1.0,1,1,True,22.25,79.49,51.38,66.84,High,Medium,True,False,,True,priority_and_confidence_gate,High,INC-001229,"new:gap=1.0s,dist=9.332644199509605m,cell=False,family=True"
LTE-TP-EP-001825,542020041221088+20250828140057+Fiji-Nadi-LTE-DL-D!20250828135741,Fiji-Nadi-LTE-DL-D,2025-08-28 03:55:48+02:00,2025-08-28 03:55:48+02:00,1,-17.6082833,177.4564955,-17.6082833,177.4564955,ECI:3636030.0,3636030.0,183.0,41186.0,41.0,0.036336,0.036336,,,,82.53,82.53,99.87,99.87,61.34,61.34,0,1,0,1,radio_limited_degradation,normal,radio,statistical_only_retained,0.0,1.0,1.0,1.0,0.0,1.0,17.60585745201396,0.0,1.0,1,1,True,22.25,80.46,56.0,69.46,Critical,Medium,True,True,critical_impact_with_verified_direct_evidence,True,critical_verified_direct_evidence_override,High,INC-001230,"new:gap=2.0s,dist=17.516074200661645m,cell=False,family=True"
LTE-TP-EP-001826,542020041221088+20250828140057+Fiji-Nadi-LTE-DL-D!20250828135741,Fiji-Nadi-LTE-DL-D,2025-08-28 03:55:52+02:00,2025-08-28 03:55:52+02:00,1,-17.60820288,177.45668277,-17.60820288,177.45668277,ECI:3636030.0,3636030.0,232.0,41186.0,41.0,0.638768,0.638768,,,,83.17,83.17,97.76,97.76,65.34,65.34,0,1,0,1,radio_limited_degradation,normal,radio,statistical_only_retained,0.0,1.0,1.0,1.0,0.0,1.0,6.77993236294125,0.0,1.0,1,1,True,22.25,78.88,59.0,69.94,High,Medium,True,False,,True,priority_and_confidence_gate,High,INC-001230,"bridged:gap=4.0s,dist=21.769302213200962m,cell=True,family=True"
LTE-TP-EP-001827,542020041221088+20250828140057+Fiji-Nadi-LTE-DL-D!20250828135741,Fiji-Nadi-LTE-DL-D,2025-08-28 03:55:53+02:00,2025-08-28 03:55:56+02:00,3,-17.6081595,177.4567861,-17.60811801,177.45688313,ECI:1076531.0,1076531.0,182.0,41186.0,41.0,0.842616,4.387456,41.037212749999995,36.649756749999995,0.1069140837300165,82.18,76.59666666666668,97.05,81.95333333333333,79.94,70.05,0,3,0,3,ca_underperformance,normal,radio,statistical_only_retained,3.0,4.0,3.0,0.75,1.0,2.0,23.261189867840656,0.0,1.0,3,2,True,27.0,75.76,67.48,72.04,High,High,True,False,,True,priority_and_confidence_gate,High,INC-001231,"new:gap=1.0s,dist=11.96670595554705m,cell=False,family=True"
LTE-TP-EP-001828,542020041221088+20250828140057+Fiji-Nadi-LTE-DL-D!20250828135741,Fiji-Nadi-LTE-DL-D,2025-08-28 03:56:03+02:00,2025-08-28 03:56:05+02:00,2,-17.60789837,177.45711757,-17.60778367,177.45709739,ECI:1076531.0,1076531.0,182.0,41186.0,41.0,0.475512,0.506504,,,,82.0,81.905,98.34,98.23,62.04,61.955,0,2,0,0,radio_limited_degradation,normal,radio,statistical_only_retained,2.0,3.0,2.0,0.6666666666666666,1.0,1.0,5.482534334728642,0.0,0.0,0,2,True,18.5,78.35,46.51,64.02,High,Medium,True,False,,True,priority_and_confidence_gate,Medium,INC-001232,"new:gap=7.0s,dist=34.84051917199842m,cell=True,family=True"
LTE-TP-EP-001829,542020041221088+20250828140057+Fiji-Nadi-LTE-DL-D!20250828135741,Fiji-Nadi-LTE-DL-D,2025-08-28 03:56:23+02:00,2025-08-28 03:56:24+02:00,2,-17.60701192,177.4569016,-17.6070121,177.4569017,ECI:1076531.0,1076531.0,182.0,41186.0,41.0,2.778784,3.1378,,,,74.12,73.225,90.27,89.015,57.45,53.925,0,2,0,2,radio_limited_degradation,normal,radio,statistical_only_retained,1.0,2.0,2.0,1.0,0.0,2.0,0.0779960066133531,0.0,1.0,2,2,True,29.5,74.76,52.21,64.61,High,Medium,True,False,,True,priority_and_confidence_gate,Medium,INC-001233,"new:gap=18.0s,dist=88.28806565638325m,cell=True,family=True"
LTE-TP-EP-001830,542020041221088+20250828140057+Fiji-Nadi-LTE-DL-D!20250828135741,Fiji-Nadi-LTE-DL-D,2025-08-28 03:56:35+02:00,2025-08-28 03:56:35+02:00,1,-17.60665763,177.45672239,-17.60665763,177.45672239,ECI:1082162.0,1082162.0,139.0,41186.0,41.0,0.261856,0.261856,,,,87.02,87.02,99.08,99.08,72.29,72.29,0,1,0,0,radio_limited_degradation,normal,radio,statistical_only_retained,0.0,1.0,1.0,1.0,0.0,1.0,0.22560227342686934,0.0,0.0,0,1,True,22.25,79.87,54.22,68.33,High,Medium,True,False,,True,priority_and_confidence_gate,High,INC-001234,"new:gap=11.0s,dist=43.75766736978313m,cell=False,family=True"
LTE-TP-EP-001831,542020041221088+20250828140057+Fiji-Nadi-LTE-DL-D!20250828135741,Fiji-Nadi-LTE-DL-D,2025-08-28 03:56:40+02:00,2025-08-28 03:56:40+02:00,1,-17.6065953,177.45644177,-17.6065953,177.45644177,ECI:1082162.0,1082162.0,139.0,41186.0,41.0,9.626304,9.626304,70.787155,61.160851,0.13598941785412905,70.55,70.55,70.61,70.61,70.48,70.48,0,1,0,1,ca_underperformance,normal,capability,statistical_only_retained,0.0,1.0,1.0,1.0,0.0,1.0,6.926623224055818,0.0,1.0,1,0,False,22.25,58.52,62.86,60.47,High,High,True,False,,True,priority_and_confidence_gate,Medium,INC-001235,"new:gap=5.0s,dist=30.53872498661441m,cell=True,family=False"
LTE-TP-EP-001835,542020041221088+20250828140057+Fiji-Nadi-LTE-DL-D!20250828135741,Fiji-Nadi-LTE-DL-D,2025-08-28 03:57:10+02:00,2025-08-28 03:57:12+02:00,3,-17.60728515,177.45592713,-17.6074471,177.455975,ECI:1082172.0,1082172.0,139.0,40790.0,41.0,1.80124,7.92248,49.4498,41.52732,0.1602125792217562,67.2,63.913333333333334,72.7,64.69333333333333,67.08,62.95666666666667,0,3,0,3,ca_underperformance,normal,capability,statistical_only_retained,2.0,3.0,3.0,1.0,0.0,3.0,18.749516048346763,0.0,1.0,3,1,True,36.75,61.71,59.28,60.62,High,Medium,True,False,,True,priority_and_confidence_gate,Medium,INC-001236,"new:gap=30.0s,dist=94.12345801472252m,cell=False,family=True"
LTE-TP-EP-001836,542020041221088+20250828140057+Fiji-Nadi-LTE-DL-D!20250828135741,Fiji-Nadi-LTE-DL-D,2025-08-28 03:57:17+02:00,2025-08-28 03:57:17+02:00,1,-17.6077227,177.4560371,-17.6077227,177.4560371,ECI:1076788.0,1076788.0,182.0,41186.0,41.0,5.067176,5.067176,,,,74.7,74.7,82.26,82.26,65.45,65.45,0,1,0,1,rb_efficiency_underperformance,normal,radio,statistical_only_retained,0.0,1.0,1.0,1.0,0.0,1.0,6.231824900814606,0.0,1.0,1,1,True,22.25,67.26,59.09,63.58,High,Medium,True,False,,True,priority_and_confidence_gate,Medium,INC-001237,"new:gap=5.0s,dist=31.344173973382617m,cell=False,family=False"
LTE-TP-EP-001837,542020041221088+20250828140057+Fiji-Nadi-LTE-DL-D!20250828135741,Fiji-Nadi-LTE-DL-D,2025-08-28 03:57:20+02:00,2025-08-28 03:57:22+02:00,2,-17.6078299,177.45605945,-17.6079913,177.4560997,ECI:1082162.0,1082162.0,139.0,41186.0,41.0,0.148048,2.222932,,,,85.3,76.13499999999999,99.48,92.22,67.98,56.480000000000004,0,2,0,2,radio_limited_degradation,normal,radio,statistical_only_retained,2.0,3.0,2.0,0.6666666666666666,1.0,1.0,12.295294804795907,0.0,1.0,2,2,True,18.5,77.42,58.11,68.73,High,Medium,True,False,,True,priority_and_confidence_gate,High,INC-001238,"new:gap=3.0s,dist=12.153196655198554m,cell=False,family=True"
LTE-TP-EP-001838,542020041221088+20250828140057+Fiji-Nadi-LTE-DL-D!20250828135741,Fiji-Nadi-LTE-DL-D,2025-08-28 03:57:33+02:00,2025-08-28 03:57:39+02:00,5,-17.608343,177.45623886,-17.60834655,177.45624065,ECI:1076798.0,1076798.0,183.0,40790.0,41.0,0.459352,0.717856,,,,80.48,73.072,98.39,91.886,58.6,50.086,0,5,0,1,radio_limited_degradation,normal,radio,statistical_only_retained,6.0,7.0,5.0,0.7142857142857143,2.0,3.0,0.5574661962167029,0.0,0.2,1,5,True,34.96,80.91,43.82,64.22,Critical,Medium,True,True,critical_impact_with_verified_direct_evidence,True,critical_verified_direct_evidence_override,Medium,INC-001239,"new:gap=11.0s,dist=41.79607907751376m,cell=False,family=True"
LTE-TP-EP-001839,542020041221088+20250828140157+Fiji-Nadi-LTE-DL-D!20250828135953,Fiji-Nadi-LTE-DL-D,2025-08-28 03:57:55+02:00,2025-08-28 03:57:57+02:00,2,-17.60830934,177.45645283,-17.6082602,177.45656405,ECI:1076798.0,1076798.0,183.0,40790.0,41.0,3.080152,4.451992000000001,,,,66.3,61.375,80.22,75.42,49.28,44.2,0,2,0,1,radio_limited_degradation,normal,radio,statistical_only_retained,2.0,3.0,2.0,0.6666666666666666,1.0,1.0,6.6013734585689985,0.0,0.5,1,2,True,18.5,63.59,40.69,53.28,High,Medium,True,False,,True,priority_and_confidence_gate,Medium,INC-001240,new_session_or_first_episode
LTE-TP-EP-001840,542020041221088+20250828140157+Fiji-Nadi-LTE-DL-D!20250828135953,Fiji-Nadi-LTE-DL-D,2025-08-28 03:58:00+02:00,2025-08-28 03:58:01+02:00,2,-17.60818551,177.45674098,-17.6081426,177.4568415,ECI:1076541.0,1076541.0,182.0,40790.0,41.0,0.79748,0.867896,,,,85.03,79.745,88.21,87.965,81.74,69.695,0,2,0,2,radio_limited_degradation,normal,radio,statistical_only_retained,1.0,2.0,2.0,1.0,0.0,2.0,11.740151699853579,0.0,1.0,2,2,True,29.5,73.47,68.29,71.14,High,High,True,False,,True,priority_and_confidence_gate,High,INC-001241,"new:gap=3.0s,dist=20.508835233888007m,cell=False,family=True"
LTE-TP-EP-001841,542020041221088+20250828140157+Fiji-Nadi-LTE-DL-D!20250828135953,Fiji-Nadi-LTE-DL-D,2025-08-28 03:58:36+02:00,2025-08-28 03:58:43+02:00,4,-17.6073198,177.4569648,-17.60717796,177.45693307,ECI:1080085.0,1080085.0,196.0,500.0,1.0,10.943264,42.071953,176.8458,136.494207,0.22130047037601766,63.5,59.2175,61.69,58.614999999999995,67.11,59.955,0,4,0,3,radio_p75_underperformance,normal,capability,statistical_only_retained,7.0,8.0,4.0,0.5,4.0,2.0,13.42227068916583,0.0,0.75,3,0,False,24.5,51.62,56.04,53.61,Medium,Medium,True,False,,True,priority_and_confidence_gate,Medium,INC-001242,"new:gap=35.0s,dist=92.41987533991642m,cell=False,family=False"
LTE-TP-EP-001842,542020041221088+20250828140157+Fiji-Nadi-LTE-DL-D!20250828135953,Fiji-Nadi-LTE-DL-D,2025-08-28 03:58:50+02:00,2025-08-28 03:58:51+02:00,2,-17.60689358,177.45685579,-17.60684099,177.45683953,ECI:1080135.0,1080135.0,195.0,500.0,1.0,26.52412,28.545111499999997,103.01821000000001,72.45210700000001,0.29670582511577315,55.24,53.010000000000005,53.92,50.175,56.86,56.480000000000004,0,2,0,0,radio_p75_underperformance,normal,capability,statistical_only_retained,1.0,2.0,2.0,1.0,0.0,2.0,11.609200850522456,0.0,0.0,0,0,False,29.5,46.88,42.55,44.93,Medium,Medium,True,False,,True,priority_and_confidence_gate,Medium,INC-001243,"new:gap=7.0s,dist=32.66519649302435m,cell=False,family=True"
LTE-TP-EP-001846,542020041221088+20250828140337+Fiji-Nadi-LTE-DL-D!20250828140209,Fiji-Nadi-LTE-DL-D,2025-08-28 04:00:10+02:00,2025-08-28 04:00:11+02:00,2,-17.6077216,177.454771,-17.6077216,177.454771,ECI:1076798.0,1076798.0,183.0,40790.0,41.0,1.1968,1.21562,14.558229975288581,13.361429975288582,0.08220779600483516,70.31,68.825,61.98,61.485,80.5,77.805,0,2,0,2,rolling_local_drop,normal,temporal,statistical_only_retained,1.0,2.0,2.0,1.0,0.0,2.0,0.0,0.0,1.0,2,0,False,29.5,53.74,69.7,60.92,Medium,High,True,False,,True,priority_and_confidence_gate,Medium,INC-001244,new_session_or_first_episode
LTE-TP-EP-001848,542020041221088+20250828140337+Fiji-Nadi-LTE-DL-D!20250828140209,Fiji-Nadi-LTE-DL-D,2025-08-28 04:00:41+02:00,2025-08-28 04:00:47+02:00,5,-17.6078957,177.45479047,-17.60793397,177.45479311,ECI:1076798.0,1076798.0,183.0,40790.0,41.0,13.127368,15.367928,62.203377,49.076009,0.21103947459315592,55.91,53.096000000000004,55.82,50.648,56.1,56.084,0,5,0,3,radio_p75_underperformance,normal,capability,statistical_only_retained,6.0,7.0,5.0,0.7142857142857143,2.0,2.0,3.1134868744836086,0.0,0.6,3,0,False,28.96,47.81,48.07,47.93,Medium,Medium,True,False,,True,priority_and_confidence_gate,Medium,INC-001245,"new:gap=30.0s,dist=19.46873207316891m,cell=True,family=False"
LTE-TP-EP-001849,542020041221088+20250828140337+Fiji-Nadi-LTE-DL-D!20250828140209,Fiji-Nadi-LTE-DL-D,2025-08-28 04:00:49+02:00,2025-08-28 04:00:49+02:00,1,-17.607977,177.4547801,-17.607977,177.4547801,ECI:1082172.0,1082172.0,139.0,40790.0,41.0,9.51244,9.51244,62.203377,52.690937000000005,0.15292481628449206,65.02,65.02,65.53,65.53,64.39,64.39,0,1,0,1,ca_underperformance,normal,capability,statistical_only_retained,0.0,1.0,1.0,1.0,0.0,1.0,3.7779904354234697,0.0,1.0,1,0,False,22.25,54.71,58.29,56.32,Medium,Medium,True,False,,True,priority_and_confidence_gate,Medium,INC-001246,"new:gap=2.0s,dist=4.97944483195963m,cell=False,family=True"
LTE-TP-EP-001853,542020041221088+20250828140337+Fiji-Nadi-LTE-DL-D!20250828140209,Fiji-Nadi-LTE-DL-D,2025-08-28 04:01:16+02:00,2025-08-28 04:01:22+02:00,4,-17.60795243,177.45289945,-17.60783275,177.45226,ECI:1082162.0,1082162.0,139.0,41186.0,41.0,11.086272,16.3034395,103.734363,76.712331,0.18026043903997907,74.27,62.985,63.48,55.43,99.73,72.22,1,3,0,3,ca_underperformance,normal,capability,statistical_only_retained,6.0,7.0,4.0,0.5714285714285714,3.0,2.0,23.447866972487226,25.0,0.75,3,0,False,25.57,51.99,79.17,64.22,Medium,High,True,False,,True,priority_and_confidence_gate,Medium,INC-001247,"new:gap=27.0s,dist=199.3402369274455m,cell=False,family=True"
LTE-TP-EP-001854,542020041221088+20250828140337+Fiji-Nadi-LTE-DL-D!20250828140209,Fiji-Nadi-LTE-DL-D,2025-08-28 04:01:25+02:00,2025-08-28 04:01:27+02:00,2,-17.60778231,177.45197301,-17.607737,177.4517022,ECI:1076801.0,1076801.0,183.0,40988.0,41.0,3.689912,10.79646,65.36004299999999,47.45703499999999,0.1138460104969142,68.06,59.13,63.11,54.239999999999995,74.12,65.11,0,2,0,2,ca_underperformance,normal,capability,statistical_only_retained,2.0,3.0,2.0,0.6666666666666666,1.0,1.0,19.74717833910624,0.0,1.0,2,0,False,18.5,49.74,63.34,55.86,Medium,High,True,False,,True,priority_and_confidence_gate,Medium,INC-001248,"new:gap=3.0s,dist=30.929569030495283m,cell=False,family=True"
LTE-TP-EP-001855,542020041221088+20250828140337+Fiji-Nadi-LTE-DL-D!20250828140209,Fiji-Nadi-LTE-DL-D,2025-08-28 04:01:34+02:00,2025-08-28 04:01:34+02:00,1,-17.6077438,177.4511411,-17.6077438,177.4511411,ECI:1082176.0,1082176.0,183.0,40988.0,41.0,2.93128,2.93128,,,,70.38,70.38,80.74,80.74,57.71,57.71,0,1,0,1,radio_limited_degradation,normal,radio,statistical_only_retained,0.0,1.0,1.0,1.0,0.0,1.0,7.26466030901025,0.0,1.0,1,1,True,22.25,66.12,53.28,60.34,High,Medium,True,False,,True,priority_and_confidence_gate,Medium,INC-001249,"new:gap=7.0s,dist=59.47330990123565m,cell=False,family=False"
LTE-TP-EP-001858,542020041221088+20250828140337+Fiji-Nadi-LTE-DL-D!20250828140209,Fiji-Nadi-LTE-DL-D,2025-08-28 04:01:45+02:00,2025-08-28 04:01:47+02:00,3,-17.6078629,177.4507441,-17.60786333,177.45074288,ECI:1082132.0,1082132.0,139.0,500.0,1.0,0.043536,0.822112,59.31967,41.249758,0.0530071688588968,75.63,66.96,69.85,57.85666666666666,82.7,78.08666666666666,0,3,0,3,radio_limited_degradation,normal,capability,statistical_only_retained,2.0,3.0,3.0,1.0,0.0,3.0,0.35680972719545545,0.0,1.0,3,1,True,36.75,58.58,70.87,64.11,High,High,True,False,,True,priority_and_confidence_gate,Medium,INC-001250,"new:gap=11.0s,dist=44.11119195308015m,cell=False,family=True"
LTE-TP-EP-001859,542020041221088+20250828140337+Fiji-Nadi-LTE-DL-D!20250828140209,Fiji-Nadi-LTE-DL-D,2025-08-28 04:02:00+02:00,2025-08-28 04:02:01+02:00,2,-17.6078656,177.4507267,-17.6078656,177.4507267,ECI:1082142.0,1082142.0,139.0,1850.0,3.0,7.979544,8.767072,57.46835969902082,49.488815699020826,0.13885108330551427,81.23,70.59,73.34,65.07,90.87,77.33,0,2,0,2,rolling_local_drop,normal,temporal,statistical_only_retained,1.0,2.0,2.0,1.0,0.0,2.0,0.0,0.0,1.0,2,0,False,29.5,60.31,74.77,66.82,High,High,True,False,,True,priority_and_confidence_gate,High,INC-001251,"new:gap=13.0s,dist=1.7333224679562973m,cell=False,family=False"
LTE-TP-EP-001860,542020041221088+20250828140457+Fiji-Nadi-LTE-DL-D!20250828140425,Fiji-Nadi-LTE-DL-D,2025-08-28 04:02:40+02:00,2025-08-28 04:02:41+02:00,2,-17.6067175,177.4502736,-17.60671737,177.45027285,ECI:1082175.0,1082175.0,139.0,40988.0,41.0,0.166944,0.631348,17.338826793427515,16.243074793427514,0.06319643266840624,73.74,71.62,69.42,66.7,79.03,77.64,0,2,0,2,radio_limited_degradation,normal,radio,statistical_only_retained,1.0,2.0,2.0,1.0,0.0,2.0,16.76215509182875,0.0,1.0,2,1,True,29.5,58.76,68.92,63.33,High,High,True,False,,True,priority_and_confidence_gate,Medium,INC-001252,new_session_or_first_episode
LTE-TP-EP-001861,542020041221088+20250828140457+Fiji-Nadi-LTE-DL-D!20250828140425,Fiji-Nadi-LTE-DL-D,2025-08-28 04:02:58+02:00,2025-08-28 04:02:59+02:00,2,-17.6057633,177.44957717,-17.6057033,177.4495138,ECI:1082175.0,1082175.0,139.0,40988.0,41.0,0.028392,4.632628,88.404305,79.167441,0.0017742170123865241,86.91,80.67,81.94,76.10499999999999,92.98,86.245,0,2,0,2,ca_underperformance,ml_quantile_p75_resource_underperformance,capability,statistical_only_retained,1.0,2.0,2.0,1.0,0.0,2.0,14.81569596715447,0.0,1.0,2,1,True,29.5,67.37,78.05,72.18,High,High,True,False,,True,priority_and_confidence_gate,High,INC-001253,"new:gap=17.0s,dist=129.19421298063122m,cell=True,family=False"
LTE-TP-EP-001862,542020041221088+20250828140457+Fiji-Nadi-LTE-DL-D!20250828140425,Fiji-Nadi-LTE-DL-D,2025-08-28 04:03:11+02:00,2025-08-28 04:03:12+02:00,2,-17.6054744,177.449295,-17.605475,177.44929534,ECI:1082175.0,1082175.0,139.0,40988.0,41.0,3.524904,19.143963499999998,111.79482125,77.03179825000001,0.1312587796920565,78.16,67.49,66.86,61.120000000000005,91.97,75.275,0,2,0,1,radio_p75_underperformance,normal,capability,statistical_only_retained,1.0,2.0,2.0,1.0,0.0,2.0,0.7050992052426938,0.0,0.5,1,0,False,29.5,56.08,69.8,62.26,High,High,True,False,,True,priority_and_confidence_gate,Medium,INC-001254,"new:gap=12.0s,dist=34.43261304067651m,cell=True,family=True"
LTE-TP-EP-001865,542020041221088+20250828140457+Fiji-Nadi-LTE-DL-D!20250828140425,Fiji-Nadi-LTE-DL-D,2025-08-28 04:03:26+02:00,2025-08-28 04:03:27+02:00,2,-17.6053361,177.4492287,-17.6053229,177.4492281,ECI:1082175.0,1082175.0,139.0,40988.0,41.0,6.356976,23.5830555,111.79482125,70.98568625,0.16011171935020463,78.78,68.28,67.51,58.355000000000004,92.55,80.41,0,2,0,1,rb_conditioned_underperformance,normal,capability,statistical_only_retained,1.0,2.0,2.0,1.0,0.0,2.0,2.7652701421415413,0.0,0.5,1,0,False,29.5,55.72,71.38,62.77,High,High,True,False,,True,priority_and_confidence_gate,Medium,INC-001255,"new:gap=14.0s,dist=16.98332895226852m,cell=True,family=True"
LTE-TP-EP-001866,542020041221088+20250828140457+Fiji-Nadi-LTE-DL-D!20250828140425,Fiji-Nadi-LTE-DL-D,2025-08-28 04:03:40+02:00,2025-08-28 04:03:40+02:00,1,-17.6051533,177.4496948,-17.6051533,177.4496948,ECI:1082175.0,1082175.0,139.0,40988.0,41.0,0.656088,0.656088,30.45455063853949,29.79846263853949,0.021543184392605573,77.39,77.39,78.26,78.26,76.32,76.32,0,1,0,1,sudden_drop,normal,temporal,statistical_only_retained,0.0,1.0,1.0,1.0,0.0,1.0,13.217964795363212,0.0,1.0,1,0,False,22.25,64.26,67.24,65.6,High,High,True,False,,True,priority_and_confidence_gate,High,INC-001256,"new:gap=13.0s,dist=52.93724818995273m,cell=True,family=False"
LTE-TP-EP-001867,542020041221088+20250828140457+Fiji-Nadi-LTE-DL-D!20250828140425,Fiji-Nadi-LTE-DL-D,2025-08-28 04:03:51+02:00,2025-08-28 04:03:52+02:00,2,-17.6052547,177.4502758,-17.6052688,177.4503398,ECI:1082175.0,1082175.0,139.0,40988.0,41.0,3.447368,9.8709325,64.715159,48.420662,0.2517879466231397,81.83,69.39,78.93,64.04,85.38,75.93,0,2,0,1,radio_limited_degradation,normal,capability,statistical_only_retained,1.0,2.0,2.0,1.0,0.0,2.0,13.171826060248438,0.0,0.5,1,1,True,29.5,62.85,66.67,64.57,High,High,True,False,,True,priority_and_confidence_gate,Medium,INC-001257,"new:gap=11.0s,dist=62.60222867002422m,cell=True,family=False"
LTE-TP-EP-001870,542020041221088+20250828140718+Fiji-Nadi-LTE-DL-D!20250828140641,Fiji-Nadi-LTE-DL-D,2025-08-28 04:04:43+02:00,2025-08-28 04:04:43+02:00,1,-17.60557169,177.45215827,-17.60557169,177.45215827,ECI:1076788.0,1076788.0,183.0,41186.0,41.0,1.914664,1.914664,,,,65.17,65.17,63.3,63.3,67.46,67.46,0,1,0,1,radio_limited_degradation,normal,radio,statistical_only_retained,0.0,1.0,1.0,1.0,0.0,1.0,0.0,0.0,1.0,1,1,True,22.25,53.04,60.6,56.44,Medium,High,True,False,,True,priority_and_confidence_gate,Medium,INC-001258,new_session_or_first_episode
LTE-TP-EP-001871,542020041221088+20250828140718+Fiji-Nadi-LTE-DL-D!20250828140641,Fiji-Nadi-LTE-DL-D,2025-08-28 04:04:57+02:00,2025-08-28 04:04:58+02:00,2,-17.60561717,177.45243895,-17.6056234,177.45247726,ECI:1076788.0,1076788.0,183.0,41186.0,41.0,1.508616,1.809688,12.263519694686089,10.15275969468609,0.1721169821184871,67.51,63.135000000000005,64.72,58.489999999999995,70.92,68.815,0,2,0,2,radio_limited_degradation,normal,radio,statistical_only_retained,1.0,2.0,2.0,1.0,0.0,2.0,4.1405136128108175,0.0,1.0,2,1,True,29.5,54.36,62.66,58.1,Medium,High,True,False,,True,priority_and_confidence_gate,Medium,INC-001259,"new:gap=14.0s,dist=30.175173502603187m,cell=True,family=True"
LTE-TP-EP-001872,542020041221088+20250828140718+Fiji-Nadi-LTE-DL-D!20250828140641,Fiji-Nadi-LTE-DL-D,2025-08-28 04:05:08+02:00,2025-08-28 04:05:09+02:00,2,-17.6057022,177.4529517,-17.60570255,177.45295056,ECI:1076788.0,1076788.0,183.0,41186.0,41.0,0.003032,0.005616,19.33288124006038,19.324681240060382,0.00020727388288127704,76.5,74.055,74.97,71.69,78.37,76.95,0,2,0,2,rolling_local_drop,normal,temporal,statistical_only_retained,1.0,2.0,2.0,1.0,0.0,2.0,4.3372418524667,0.0,1.0,2,0,False,29.5,62.78,68.42,65.32,High,High,True,False,,True,priority_and_confidence_gate,High,INC-001260,"new:gap=10.0s,dist=51.04207833260628m,cell=True,family=False"
LTE-TP-EP-001873,542020041221088+20250828140718+Fiji-Nadi-LTE-DL-D!20250828140641,Fiji-Nadi-LTE-DL-D,2025-08-28 04:05:40+02:00,2025-08-28 04:05:40+02:00,1,-17.606731,177.4546633,-17.606731,177.4546633,ECI:1082162.0,1082162.0,139.0,41186.0,41.0,0.091376,0.091376,,,,85.68,85.68,90.68,90.68,79.56,79.56,0,1,0,0,radio_limited_degradation,normal,radio,statistical_only_retained,0.0,1.0,1.0,1.0,0.0,1.0,20.59586059346512,0.0,0.0,0,1,True,22.25,73.57,59.67,67.32,High,Medium,True,False,,True,priority_and_confidence_gate,High,INC-001261,"new:gap=31.0s,dist=214.54610160624992m,cell=False,family=False"
LTE-TP-EP-001876,542020041221088+20250828140718+Fiji-Nadi-LTE-DL-D!20250828140641,Fiji-Nadi-LTE-DL-D,2025-08-28 04:05:48+02:00,2025-08-28 04:05:49+02:00,2,-17.60737925,177.45473242,-17.6075623,177.4547515,ECI:1076798.0,1076798.0,183.0,40790.0,41.0,14.588136,17.9787955,118.44779,103.85965399999999,0.12316089645910659,81.84,69.62,74.58,66.305,90.72,73.675,1,1,0,2,ca_underperformance,ml_quantile_p75_resource_underperformance,capability,statistical_and_ml_consensus,1.0,2.0,2.0,1.0,0.0,2.0,30.838444303467824,50.0,1.0,2,0,False,29.5,61.24,81.28,70.26,High,Very High,True,False,,True,priority_and_confidence_gate,High,INC-001262,"new:gap=8.0s,dist=72.45351424827088m,cell=False,family=False"
LTE-TP-EP-001878,542020041221088+20250828140718+Fiji-Nadi-LTE-DL-D!20250828140641,Fiji-Nadi-LTE-DL-D,2025-08-28 04:05:59+02:00,2025-08-28 04:06:01+02:00,2,-17.60795206,177.45478918,-17.6079543,177.4547866,ECI:1082172.0,1082172.0,139.0,40790.0,41.0,15.071536,16.025064,62.203377,45.224785000000004,0.2640044372048076,50.97,50.61,46.77,46.120000000000005,56.1,56.1,0,2,0,1,radio_p75_underperformance,normal,capability,statistical_only_retained,2.0,3.0,2.0,0.6666666666666666,1.0,1.0,0.350221667999657,0.0,0.5,1,0,False,18.5,39.54,47.08,42.93,Medium,Medium,True,False,,True,priority_and_confidence_gate,Medium,INC-001263,"new:gap=10.0s,dist=43.52299900156716m,cell=False,family=True"
LTE-TP-EP-001879,542020041221088+20250828140718+Fiji-Nadi-LTE-DL-D!20250828140641,Fiji-Nadi-LTE-DL-D,2025-08-28 04:06:12+02:00,2025-08-28 04:06:13+02:00,2,-17.6079609,177.4547849,-17.60796152,177.45478471,ECI:1082172.0,1082172.0,139.0,40790.0,41.0,0.708472,1.480324,15.61523665244382,13.363060652443819,0.05407011381228919,68.49,68.475,62.29,58.61,84.99,80.525,0,2,0,2,rolling_local_drop,normal,temporal,statistical_only_retained,1.0,2.0,2.0,1.0,0.0,2.0,0.8314611284128945,0.0,1.0,2,0,False,29.5,53.17,72.63,61.93,Medium,High,True,False,,True,priority_and_confidence_gate,Medium,INC-001264,"new:gap=11.0s,dist=0.7556811678774409m,cell=True,family=False"
LTE-TP-EP-001881,542020041221088+20250828140718+Fiji-Nadi-LTE-DL-D!20250828140641,Fiji-Nadi-LTE-DL-D,2025-08-28 04:06:36+02:00,2025-08-28 04:06:38+02:00,3,-17.6080198,177.453273,-17.60800253,177.45316352,ECI:1082165.0,1082165.0,139.0,41384.0,41.0,0.4946,0.79968,98.07729499999999,71.47653499999998,0.03472323171520532,70.71,65.33666666666666,64.81,61.0,79.81,70.64333333333333,0,3,0,2,rb_conditioned_underperformance,normal,temporal,statistical_only_retained,2.0,3.0,3.0,1.0,0.0,3.0,23.215258071601557,0.0,0.6666666666666666,2,0,False,36.75,56.84,64.23,60.17,High,High,True,False,,True,priority_and_confidence_gate,Medium,INC-001265,"new:gap=23.0s,dist=160.35022843457804m,cell=False,family=True"
LTE-TP-EP-001885,542020041221088+20250828140938+Fiji-Nadi-LTE-DL-D!20250828140855,Fiji-Nadi-LTE-DL-D,2025-08-28 04:07:05+02:00,2025-08-28 04:07:05+02:00,1,-17.60788926,177.45073109,-17.60788926,177.45073109,ECI:1082133.0,1082133.0,140.0,500.0,1.0,11.659696,11.659696,59.31967,47.659974000000005,0.1965569936582587,65.16,65.16,57.79,57.79,74.17,74.17,0,1,0,1,ca_underperformance,ml_hgb_strict_causal_temporal_underperformance,capability,statistical_only_retained,0.0,1.0,1.0,1.0,0.0,1.0,3.3670547635481407,0.0,1.0,1,0,False,22.25,48.9,65.63,56.43,Medium,High,True,False,,True,priority_and_confidence_gate,Medium,INC-001266,new_session_or_first_episode
LTE-TP-EP-001886,542020041221088+20250828140938+Fiji-Nadi-LTE-DL-D!20250828140855,Fiji-Nadi-LTE-DL-D,2025-08-28 04:07:30+02:00,2025-08-28 04:07:30+02:00,1,-17.6101336,177.4513908,-17.6101336,177.4513908,ECI:1082133.0,1082133.0,140.0,500.0,1.0,43.657288,43.657288,168.440535,124.78324700000002,0.25918516585096335,63.82,63.82,59.88,59.88,68.64,68.64,0,1,0,1,radio_p75_underperformance,normal,capability,statistical_only_retained,0.0,1.0,1.0,1.0,0.0,1.0,14.624535045335755,0.0,1.0,1,0,False,22.25,50.47,61.48,55.43,Medium,High,True,False,,True,priority_and_confidence_gate,Medium,INC-001267,"new:gap=25.0s,dist=259.16920802558036m,cell=True,family=True"
LTE-TP-EP-001887,542020041221088+20250828140938+Fiji-Nadi-LTE-DL-D!20250828140855,Fiji-Nadi-LTE-DL-D,2025-08-28 04:07:38+02:00,2025-08-28 04:07:41+02:00,3,-17.61030118,177.45166189,-17.61020675,177.45191575,ECI:1082133.0,1082133.0,140.0,500.0,1.0,42.265728,42.9266,176.8458,134.580072,0.2389976352279783,66.94,63.32666666666666,61.06,60.52,74.97,66.75666666666666,0,3,0,1,radio_p75_underperformance,normal,capability,statistical_only_retained,3.0,4.0,3.0,0.75,1.0,2.0,24.607911632306646,0.0,0.3333333333333333,1,3,True,27.0,52.41,57.51,54.7,Medium,Medium,True,False,,True,priority_and_confidence_gate,Medium,INC-001268,"new:gap=8.0s,dist=34.24488896271811m,cell=True,family=True"
LTE-TP-EP-001888,542020041221088+20250828140938+Fiji-Nadi-LTE-DL-D!20250828140855,Fiji-Nadi-LTE-DL-D,2025-08-28 04:07:59+02:00,2025-08-28 04:08:07+02:00,5,-17.6095813,177.4534374,-17.60933078,177.45403312,ECI:1082176.0,1082176.0,140.0,40988.0,41.0,8.363496,15.073016,100.12010000000001,85.04708400000001,0.12796038093181794,70.67,62.302,72.38,59.448,81.48,65.788,0,5,0,4,rb_conditioned_underperformance,normal,capability,statistical_only_retained,8.0,9.0,5.0,0.5555555555555556,4.0,2.0,64.58144495272137,0.0,0.8,4,1,True,26.58,57.7,65.19,61.07,High,High,True,False,,True,priority_and_confidence_gate,Medium,INC-001269,"new:gap=18.0s,dist=175.62779199179386m,cell=False,family=True"
LTE-TP-EP-001892,542020041221088+20250828140938+Fiji-Nadi-LTE-DL-D!20250828140855,Fiji-Nadi-LTE-DL-D,2025-08-28 04:08:28+02:00,2025-08-28 04:08:28+02:00,1,-17.60880059,177.45528019,-17.60880059,177.45528019,ECI:1076544.0,1076544.0,182.0,40988.0,41.0,3.56516,3.56516,32.41143,28.846270000000004,0.10999699797262878,65.88,65.88,63.55,63.55,68.73,68.73,0,1,0,1,ca_underperformance,normal,capability,statistical_only_retained,0.0,1.0,1.0,1.0,0.0,1.0,10.849634907908902,0.0,1.0,1,0,False,22.25,53.22,61.55,56.97,Medium,High,True,False,,True,priority_and_confidence_gate,Medium,INC-001270,"new:gap=21.0s,dist=144.7227152094472m,cell=False,family=True"
LTE-TP-EP-001894,542020041221088+20250828140938+Fiji-Nadi-LTE-DL-D!20250828140855,Fiji-Nadi-LTE-DL-D,2025-08-28 04:08:37+02:00,2025-08-28 04:08:42+02:00,5,-17.6083771,177.4563073,-17.6081721,177.4567834,ECI:1076801.0,1076801.0,183.0,40988.0,41.0,3.205592,5.103448,32.41143,27.307982000000003,0.15745827937860193,63.04,62.064,79.78,67.366,69.26,55.58200000000001,0,5,0,5,radio_limited_degradation,normal,radio,statistical_only_retained,5.0,6.0,5.0,0.8333333333333334,1.0,3.0,55.453608329763206,0.0,1.0,5,4,True,36.75,65.92,58.53,62.59,High,Medium,True,False,,True,priority_and_confidence_gate,Medium,INC-001271,"new:gap=9.0s,dist=118.60692999677269m,cell=False,family=False"
LTE-TP-EP-001895,542020041221088+20250828140938+Fiji-Nadi-LTE-DL-D!20250828140855,Fiji-Nadi-LTE-DL-D,2025-08-28 04:08:43+02:00,2025-08-28 04:08:46+02:00,2,-17.60817333,177.45678136,-17.60806082,177.45702286,ECI:1076544.0,1076544.0,182.0,40988.0,41.0,4.025464,10.157456,65.36004299999999,49.07059499999999,0.24922639662278073,52.55,52.545,55.91,52.775,56.1,52.254999999999995,0,2,0,2,radio_limited_degradation,normal,capability,statistical_only_retained,3.0,4.0,2.0,0.5,2.0,1.0,0.43564597737171,0.0,1.0,2,1,True,16.0,45.15,51.11,47.83,Medium,Medium,True,False,,True,priority_and_confidence_gate,Medium,INC-001272,"new:gap=1.0s,dist=0.25583745235354055m,cell=False,family=True"
LTE-TP-EP-001898,542020041221088+20250828141158+Fiji-Nadi-LTE-DL-D!20250828141111,Fiji-Nadi-LTE-DL-D,2025-08-28 04:09:25+02:00,2025-08-28 04:09:26+02:00,2,-17.61070758,177.45909688,-17.6106471,177.4592378,ECI:1080088.0,1080088.0,196.0,356.0,1.0,6.147512,7.046984,31.748123749999998,23.801667749999996,0.25029686990557987,70.62,62.165000000000006,78.48,62.925,61.45,61.235,0,2,0,2,ca_underperformance,normal,capability,statistical_only_retained,1.0,2.0,2.0,1.0,0.0,2.0,16.50857863797208,0.0,1.0,2,1,True,29.5,62.35,56.03,59.51,High,Medium,True,False,,True,priority_and_confidence_gate,Medium,INC-001273,new_session_or_first_episode
LTE-TP-EP-001900,542020041221088+20250828141158+Fiji-Nadi-LTE-DL-D!20250828141111,Fiji-Nadi-LTE-DL-D,2025-08-28 04:09:32+02:00,2025-08-28 04:09:41+02:00,4,-17.6104419,177.459711,-17.6100952,177.4605389,ECI:1076429.0,1076429.0,375.0,356.0,1.0,0.176168,1.807284,,,,84.24,79.225,99.38,94.2075,77.08,60.9125,0,4,0,2,radio_limited_degradation,normal,radio,statistical_only_retained,9.0,10.0,4.0,0.4,6.0,1.0,62.927853136476784,0.0,0.5,2,4,True,17.0,77.49,58.77,69.07,High,Medium,True,False,,True,priority_and_confidence_gate,High,INC-001274,"new:gap=6.0s,dist=55.098169092850526m,cell=False,family=False"
LTE-TP-EP-001901,542020041221088+20250828141158+Fiji-Nadi-LTE-DL-D!20250828141111,Fiji-Nadi-LTE-DL-D,2025-08-28 04:09:50+02:00,2025-08-28 04:09:52+02:00,2,-17.60979371,177.46126933,-17.6096913,177.4615098,ECI:1076429.0,1076429.0,375.0,356.0,1.0,5.81292,6.94288,,,,73.85,66.34,79.65,75.7,66.77,54.9,0,2,0,0,radio_limited_degradation,normal,radio,statistical_only_retained,2.0,3.0,2.0,0.6666666666666666,1.0,1.0,28.68698408631738,0.0,0.0,0,2,True,18.5,63.38,47.11,56.06,High,Medium,True,False,,True,priority_and_confidence_gate,Medium,INC-001275,"new:gap=9.0s,dist=84.3612133770959m,cell=True,family=True"
LTE-TP-EP-001904,542020041221088+20250828141158+Fiji-Nadi-LTE-DL-D!20250828141111,Fiji-Nadi-LTE-DL-D,2025-08-28 04:10:28+02:00,2025-08-28 04:10:28+02:00,1,-17.608185,177.4623683,-17.608185,177.4623683,ECI:1076429.0,1076429.0,375.0,356.0,1.0,2.236304,2.236304,,,,73.12,73.12,92.17,92.17,49.84,49.84,0,1,0,1,radio_limited_degradation,normal,radio,statistical_only_retained,0.0,1.0,1.0,1.0,0.0,1.0,8.858950783043422,0.0,1.0,1,1,True,22.25,74.69,47.38,62.4,High,Medium,True,False,,True,priority_and_confidence_gate,Medium,INC-001276,"new:gap=36.0s,dist=190.61157533809103m,cell=True,family=True"
LTE-TP-EP-001912,542020041221088+20250828141358+Fiji-Nadi-LTE-DL-D!20250828141324,Fiji-Nadi-LTE-DL-D,2025-08-28 04:12:15+02:00,2025-08-28 04:12:16+02:00,2,-17.61233367,177.46320002,-17.61244601,177.46322673,ECI:1076429.0,1076429.0,375.0,356.0,1.0,5.326864,6.0929,,,,69.01,68.945,81.36,78.675,60.47,57.05,0,2,0,0,radio_limited_degradation,normal,radio,statistical_only_retained,1.0,2.0,2.0,1.0,0.0,2.0,25.94178042667955,0.0,0.0,0,2,True,29.5,67.72,44.5,57.27,High,Medium,True,False,,True,priority_and_confidence_gate,Medium,INC-001277,new_session_or_first_episode
LTE-TP-EP-001913,542020041221088+20250828141358+Fiji-Nadi-LTE-DL-D!20250828141324,Fiji-Nadi-LTE-DL-D,2025-08-28 04:12:19+02:00,2025-08-28 04:12:19+02:00,1,-17.61279514,177.46327916,-17.61279514,177.46327916,ECI:3638984.0,3638984.0,250.0,356.0,1.0,0.849104,0.849104,,,,87.61,87.61,97.03,97.03,76.09,76.09,0,1,0,0,radio_limited_degradation,normal,radio,statistical_only_retained,0.0,1.0,1.0,1.0,0.0,1.0,0.11397348430158065,0.0,0.0,0,1,True,22.25,78.34,57.07,68.76,High,Medium,True,False,,True,priority_and_confidence_gate,High,INC-001278,"new:gap=3.0s,dist=39.21719594368378m,cell=False,family=True"
LTE-TP-EP-001914,542020041221088+20250828141358+Fiji-Nadi-LTE-DL-D!20250828141324,Fiji-Nadi-LTE-DL-D,2025-08-28 04:12:21+02:00,2025-08-28 04:12:21+02:00,1,-17.61304669,177.46329225,-17.61304669,177.46329225,ECI:1076429.0,1076429.0,250.0,356.0,1.0,3.880992,3.880992,,,,78.79,78.79,86.42,86.42,69.46,69.46,0,1,0,1,radio_limited_degradation,normal,radio,statistical_only_retained,0.0,1.0,1.0,1.0,0.0,1.0,0.10142357928481945,0.0,1.0,1,1,True,22.25,70.38,62.09,66.65,High,High,True,False,,True,priority_and_confidence_gate,High,INC-001279,"new:gap=2.0s,dist=28.00550522244575m,cell=False,family=True"
LTE-TP-EP-001915,542020041221088+20250828141358+Fiji-Nadi-LTE-DL-D!20250828141324,Fiji-Nadi-LTE-DL-D,2025-08-28 04:12:33+02:00,2025-08-28 04:12:34+02:00,2,-17.61421761,177.4631305,-17.61430045,177.46310326,ECI:1076279.0,1076279.0,179.0,356.0,1.0,3.392448,3.556884,38.729599,35.008279,0.09608465091518247,71.0,69.87,88.13,77.69,70.55,60.31,0,2,0,2,ca_underperformance,normal,capability,statistical_only_retained,1.0,2.0,2.0,1.0,0.0,2.0,20.42294531709725,0.0,1.0,2,1,True,29.5,70.86,60.35,66.13,High,High,True,False,,True,priority_and_confidence_gate,High,INC-001280,"new:gap=12.0s,dist=131.32421878537437m,cell=False,family=False"
LTE-TP-EP-001916,542020041221088+20250828141358+Fiji-Nadi-LTE-DL-D!20250828141324,Fiji-Nadi-LTE-DL-D,2025-08-28 04:12:40+02:00,2025-08-28 04:12:42+02:00,2,-17.61449124,177.46303889,-17.6144988,177.4630365,ECI:1076279.0,1076279.0,179.0,41384.0,41.0,4.624712,8.802316,70.7488185,57.7688985,0.18346483058229446,62.61,61.394999999999996,62.81,62.385000000000005,62.36,60.185,0,2,0,1,ca_underperformance,normal,capability,statistical_only_retained,2.0,3.0,2.0,0.6666666666666666,1.0,1.0,0.5101415473589713,0.0,0.5,1,1,True,18.5,51.63,51.23,51.45,Medium,Medium,True,False,,True,priority_and_confidence_gate,Medium,INC-001281,"new:gap=6.0s,dist=22.28480654780344m,cell=True,family=True"
LTE-TP-EP-001917,542020041221088+20250828141358+Fiji-Nadi-LTE-DL-D!20250828141324,Fiji-Nadi-LTE-DL-D,2025-08-28 04:12:47+02:00,2025-08-28 04:12:47+02:00,1,-17.61455896,177.46295876,-17.61455896,177.46295876,ECI:1076279.0,1076279.0,179.0,41384.0,41.0,5.714088,5.714088,38.729599,33.015511000000004,0.14753801091511431,66.34,66.34,60.76,60.76,73.15,73.15,0,1,0,1,ca_underperformance,normal,capability,statistical_only_retained,0.0,1.0,1.0,1.0,0.0,1.0,0.45986440705744114,0.0,1.0,1,0,False,22.25,51.13,64.86,57.31,Medium,High,True,False,,True,priority_and_confidence_gate,Medium,INC-001281,"bridged:gap=5.0s,dist=10.612757182151483m,cell=True,family=True"
LTE-TP-EP-001918,542020041221088+20250828141358+Fiji-Nadi-LTE-DL-D!20250828141324,Fiji-Nadi-LTE-DL-D,2025-08-28 04:12:57+02:00,2025-08-28 04:12:59+02:00,3,-17.61425773,177.46211621,-17.6141658,177.46187752,ECI:1076279.0,1076279.0,179.0,41384.0,41.0,1.797472,3.725184,105.95971,72.077004,0.104030148529177,75.98,67.85333333333334,65.96,59.49,88.23,78.07333333333334,0,3,0,2,radio_limited_degradation,normal,capability,statistical_only_retained,2.0,3.0,3.0,1.0,0.0,3.0,27.373788232460676,0.0,0.6666666666666666,2,1,True,36.75,57.04,70.3,63.01,High,High,True,False,,True,priority_and_confidence_gate,Medium,INC-001282,"new:gap=10.0s,dist=95.37035016873186m,cell=True,family=True"
LTE-TP-EP-001919,542020041221088+20250828141358+Fiji-Nadi-LTE-DL-D!20250828141324,Fiji-Nadi-LTE-DL-D,2025-08-28 04:13:03+02:00,2025-08-28 04:13:04+02:00,2,-17.6139141,177.4612734,-17.6138674,177.4611535,ECI:1080631.0,1080631.0,353.0,41384.0,41.0,33.446144,33.716295,105.95971,72.513566,0.31564963701769283,55.93,54.965,52.84,52.56,59.7,57.900000000000006,0,2,0,0,radio_p75_underperformance,normal,capability,statistical_only_retained,1.0,2.0,2.0,1.0,0.0,2.0,41.86137689827606,0.0,0.0,0,0,False,29.5,46.94,44.32,45.76,Medium,Medium,True,False,,True,priority_and_confidence_gate,Medium,INC-001283,"new:gap=4.0s,dist=69.87571809963517m,cell=False,family=True"
LTE-TP-EP-001921,542020041221088+20250828141358+Fiji-Nadi-LTE-DL-D!20250828141324,Fiji-Nadi-LTE-DL-D,2025-08-28 04:13:14+02:00,2025-08-28 04:13:14+02:00,1,-17.6137678,177.4602347,-17.6137678,177.4602347,ECI:1076279.0,1076279.0,179.0,41384.0,41.0,8.422464,8.422464,60.15991375,51.73744975,0.1400012645463608,65.42,65.42,67.17,67.17,63.27,63.27,0,1,0,1,ca_underperformance,normal,capability,statistical_only_retained,0.0,1.0,1.0,1.0,0.0,1.0,4.979998291359323,0.0,1.0,1,0,False,22.25,55.94,57.45,56.62,High,Medium,True,False,,True,priority_and_confidence_gate,Medium,INC-001284,"new:gap=10.0s,dist=98.00404506299462m,cell=False,family=True"
LTE-TP-EP-001924,542020041221088+20250828141618+Fiji-Nadi-LTE-DL-D!20250828141538,Fiji-Nadi-LTE-DL-D,2025-08-28 04:13:37+02:00,2025-08-28 04:13:38+02:00,2,-17.61306613,177.45972541,-17.61296383,177.45969664,ECI:1076279.0,1076279.0,179.0,41384.0,41.0,6.581544,9.278196,78.06344,66.088592,0.15339892784637726,81.29,72.685,69.13,63.53,96.16,83.88,1,1,0,2,ca_underperformance,ml_quantile_p75_resource_underperformance,capability,statistical_and_ml_consensus,1.0,2.0,2.0,1.0,0.0,2.0,11.882712817799232,50.0,1.0,2,0,False,29.5,57.82,86.55,70.75,High,Very High,True,False,,True,priority_and_confidence_gate,High,INC-001285,new_session_or_first_episode
LTE-TP-EP-001927,542020041221088+20250828141618+Fiji-Nadi-LTE-DL-D!20250828141538,Fiji-Nadi-LTE-DL-D,2025-08-28 04:14:01+02:00,2025-08-28 04:14:02+02:00,2,-17.61111193,177.45874428,-17.6111512,177.45865976,ECI:1082166.0,1082166.0,140.0,41384.0,41.0,10.364136,11.114236,60.15991375,48.29557775,0.19721331465505965,59.94,55.95,57.81,51.715,62.55,61.125,0,2,0,2,ca_underperformance,normal,capability,statistical_only_retained,1.0,2.0,2.0,1.0,0.0,2.0,19.013133110885555,0.0,1.0,2,1,True,29.5,49.21,56.56,52.52,Medium,Medium,True,False,,True,priority_and_confidence_gate,Medium,INC-001286,"new:gap=23.0s,dist=229.32861775588157m,cell=False,family=True"
LTE-TP-EP-001928,542020041221088+20250828141618+Fiji-Nadi-LTE-DL-D!20250828141538,Fiji-Nadi-LTE-DL-D,2025-08-28 04:14:04+02:00,2025-08-28 04:14:08+02:00,3,-17.6112881,177.4583776,-17.6115308,177.4580251,ECI:1082163.0,1082163.0,140.0,41186.0,41.0,3.611928,5.275624,60.097231750000006,54.821607750000005,0.08778480882357778,78.29,67.97333333333334,75.7,62.93333333333334,81.46,74.13333333333333,0,3,0,3,ca_underperformance,normal,capability,statistical_only_retained,4.0,5.0,3.0,0.6,2.0,2.0,46.09346635184116,0.0,1.0,3,0,False,24.75,59.77,69.26,64.04,High,High,True,False,,True,priority_and_confidence_gate,Medium,INC-001287,"new:gap=2.0s,dist=33.555858222902344m,cell=False,family=True"
LTE-TP-EP-001933,542020041221088+20250828141618+Fiji-Nadi-LTE-DL-D!20250828141538,Fiji-Nadi-LTE-DL-D,2025-08-28 04:15:15+02:00,2025-08-28 04:15:17+02:00,2,-17.6173036,177.4560876,-17.61733124,177.45617684,ECI:3635971.0,3635971.0,233.0,1850.0,3.0,55.080257,55.614372,199.14377,144.063513,0.2765853885361315,70.73,66.035,58.87,57.535,85.22,76.42,0,2,0,0,radio_p75_underperformance,ml_hgb_resource_conditioned_underperformance,capability,statistical_only_retained,2.0,3.0,2.0,0.6666666666666666,1.0,1.0,9.809600034822926,0.0,0.0,0,1,True,18.5,48.44,61.72,54.42,Medium,High,True,False,,True,priority_and_confidence_gate,Medium,INC-001288,"new:gap=67.0s,dist=673.9501702553483m,cell=False,family=True"
LTE-TP-EP-001934,542020041221088+20250828141838+Fiji-Nadi-LTE-DL-D!20250828141754,Fiji-Nadi-LTE-DL-D,2025-08-28 04:16:02+02:00,2025-08-28 04:16:02+02:00,1,-17.6158366,177.4576468,-17.6158366,177.4576468,EARFCN:1850.0|PCI:230.0,,230.0,1850.0,3.0,7.538272,7.538272,174.2549025,166.71663049999998,0.0432600282221615,93.43,93.43,88.05,88.05,100.0,100.0,1,0,0,1,ca_underperformance,ml_quantile_p75_resource_underperformance,capability,statistical_and_ml_consensus,0.0,1.0,1.0,1.0,0.0,1.0,,100.0,1.0,1,0,False,22.25,71.6,100.0,84.38,High,Very High,True,False,,True,priority_and_confidence_gate,High,INC-001289,new_session_or_first_episode
LTE-TP-EP-001936,542020041221088+20250828141838+Fiji-Nadi-LTE-DL-D!20250828141754,Fiji-Nadi-LTE-DL-D,2025-08-28 04:17:01+02:00,2025-08-28 04:17:03+02:00,2,-17.61219918,177.45753496,-17.61201036,177.45765539,ECI:1082133.0,1082133.0,140.0,500.0,1.0,9.793032,9.824204,43.970293999999996,34.177262,0.22271927497232566,56.8,56.235,51.86,49.565,65.94,64.39,0,2,0,2,ca_underperformance,normal,capability,statistical_only_retained,2.0,3.0,2.0,0.6666666666666666,1.0,1.0,12.396022709881896,0.0,1.0,2,1,True,18.5,42.95,59.07,50.2,Medium,Medium,True,False,,True,priority_and_confidence_gate,Medium,INC-001290,"new:gap=59.0s,dist=404.6368509721073m,cell=False,family=True"
LTE-TP-EP-001937,542020041221088+20250828141838+Fiji-Nadi-LTE-DL-D!20250828141754,Fiji-Nadi-LTE-DL-D,2025-08-28 04:17:07+02:00,2025-08-28 04:17:07+02:00,1,-17.6115521,177.4579555,-17.6115521,177.4579555,ECI:1082163.0,1082163.0,140.0,41384.0,41.0,5.468296,5.468296,38.729599,33.261303,0.14119165034474018,67.5,67.5,61.56,61.56,74.77,74.77,0,1,0,1,ca_underperformance,normal,capability,statistical_only_retained,0.0,1.0,1.0,1.0,0.0,1.0,23.643541359024066,0.0,1.0,1,0,False,22.25,51.73,66.08,58.19,Medium,High,True,False,,True,priority_and_confidence_gate,Medium,INC-001291,"new:gap=4.0s,dist=60.06830344360032m,cell=False,family=True"
LTE-TP-EP-001938,542020041221088+20250828141838+Fiji-Nadi-LTE-DL-D!20250828141754,Fiji-Nadi-LTE-DL-D,2025-08-28 04:17:08+02:00,2025-08-28 04:17:09+02:00,2,-17.6115524,177.45795657,-17.61147422,177.45802745,ECI:1082173.0,1082173.0,140.0,40790.0,41.0,4.81428,7.284648,49.4498,44.63552,0.09735691549814154,76.43,66.39500000000001,70.62,60.1,83.54,74.09,0,2,0,2,ca_underperformance,normal,capability,statistical_only_retained,1.0,2.0,2.0,1.0,0.0,2.0,11.60750268978291,0.0,1.0,2,0,False,29.5,57.71,70.29,63.37,High,High,True,False,,True,priority_and_confidence_gate,Medium,INC-001292,"new:gap=1.0s,dist=0.11820677652765223m,cell=False,family=True"
LTE-TP-EP-001940,542020041221088+20250828141838+Fiji-Nadi-LTE-DL-D!20250828141754,Fiji-Nadi-LTE-DL-D,2025-08-28 04:17:13+02:00,2025-08-28 04:17:14+02:00,2,-17.61122278,177.45839742,-17.61117792,177.45848923,ECI:1076541.0,1076541.0,140.0,40790.0,41.0,3.119096,5.36598,49.4498,46.330704000000004,0.0630760083963939,79.17,72.295,75.59,69.005,83.54,76.315,0,2,0,2,ca_underperformance,normal,capability,statistical_only_retained,1.0,2.0,2.0,1.0,0.0,2.0,11.066263228336627,0.0,1.0,2,0,False,29.5,62.42,70.85,66.21,High,High,True,False,,True,priority_and_confidence_gate,High,INC-001293,"new:gap=4.0s,dist=48.157848573239335m,cell=False,family=True"
LTE-TP-EP-001941,542020041221088+20250828141838+Fiji-Nadi-LTE-DL-D!20250828141754,Fiji-Nadi-LTE-DL-D,2025-08-28 04:17:19+02:00,2025-08-28 04:17:19+02:00,1,-17.6110131,177.4587836,-17.6110131,177.4587836,ECI:1080085.0,1080085.0,196.0,500.0,1.0,4.66872,4.66872,,,,66.74,66.74,83.66,83.66,46.05,46.05,0,1,0,1,radio_limited_degradation,normal,radio,statistical_only_retained,0.0,1.0,1.0,1.0,0.0,1.0,6.292176526481703,0.0,1.0,1,1,True,22.25,68.31,44.54,57.61,High,Medium,True,False,,True,priority_and_confidence_gate,Medium,INC-001294,"new:gap=5.0s,dist=36.183213715840914m,cell=False,family=False"
LTE-TP-EP-001942,542020041221088+20250828141838+Fiji-Nadi-LTE-DL-D!20250828141754,Fiji-Nadi-LTE-DL-D,2025-08-28 04:17:21+02:00,2025-08-28 04:17:22+02:00,2,-17.6109455,177.458816,-17.6109439,177.45881406,ECI:1076286.0,1076286.0,179.0,40790.0,41.0,7.208528,8.54806,,,,56.21,55.93,74.77,70.08,44.99,38.64,0,2,0,2,radio_limited_degradation,normal,radio,statistical_only_retained,1.0,2.0,2.0,1.0,0.0,2.0,4.855317133990202,0.0,1.0,2,2,True,29.5,62.28,42.16,53.22,High,Medium,True,False,,True,priority_and_confidence_gate,Medium,INC-001295,"new:gap=2.0s,dist=8.263991901827412m,cell=False,family=True"
LTE-TP-EP-001943,542020041221088+20250828141838+Fiji-Nadi-LTE-DL-D!20250828141754,Fiji-Nadi-LTE-DL-D,2025-08-28 04:17:25+02:00,2025-08-28 04:17:27+02:00,2,-17.61082003,177.4588715,-17.61075995,177.45896852,ECI:1076426.0,1076426.0,375.0,500.0,1.0,2.926088,5.136712,,,,76.37,74.63,89.76,82.02000000000001,71.18,65.595,0,2,0,2,radio_limited_degradation,normal,radio,statistical_only_retained,2.0,3.0,2.0,0.6666666666666666,1.0,1.0,5.286723960642052,0.0,1.0,2,2,True,18.5,70.01,61.99,66.4,High,High,True,False,,True,priority_and_confidence_gate,High,INC-001296,"new:gap=3.0s,dist=15.059080940267883m,cell=False,family=True"
LTE-TP-EP-001944,542020041221088+20250828141838+Fiji-Nadi-LTE-DL-D!20250828141754,Fiji-Nadi-LTE-DL-D,2025-08-28 04:17:35+02:00,2025-08-28 04:17:35+02:00,1,-17.61051952,177.45953441,-17.61051952,177.45953441,ECI:1080085.0,1080085.0,196.0,500.0,1.0,0.101552,0.101552,,,,83.13,83.13,99.64,99.64,62.95,62.95,0,1,0,1,radio_limited_degradation,normal,radio,statistical_only_retained,0.0,1.0,1.0,1.0,0.0,1.0,8.009900749509734,0.0,1.0,1,1,True,22.25,80.29,57.21,69.91,Critical,Medium,True,True,critical_impact_with_verified_direct_evidence,True,critical_verified_direct_evidence_override,High,INC-001297,"new:gap=8.0s,dist=65.66404274779477m,cell=False,family=True"
LTE-TP-EP-001945,542020041221088+20250828141838+Fiji-Nadi-LTE-DL-D!20250828141754,Fiji-Nadi-LTE-DL-D,2025-08-28 04:17:36+02:00,2025-08-28 04:17:36+02:00,1,-17.6104896,177.45960242,-17.6104896,177.45960242,ECI:1076426.0,1076426.0,196.0,500.0,1.0,0.04728,0.04728,,,,80.53,80.53,99.83,99.83,56.95,56.95,0,1,0,1,radio_limited_degradation,normal,radio,statistical_only_retained,0.0,1.0,1.0,1.0,0.0,1.0,7.93873084432887,0.0,1.0,1,1,True,22.25,80.44,52.71,67.96,Critical,Medium,True,True,critical_impact_with_verified_direct_evidence,True,critical_verified_direct_evidence_override,High,INC-001298,"new:gap=1.0s,dist=7.938730844103267m,cell=False,family=True"
LTE-TP-EP-001946,542020041221088+20250828141838+Fiji-Nadi-LTE-DL-D!20250828141754,Fiji-Nadi-LTE-DL-D,2025-08-28 04:17:42+02:00,2025-08-28 04:17:45+02:00,4,-17.61028133,177.46011115,-17.6101152,177.4604904,ECI:1076426.0,1076426.0,375.0,500.0,1.0,0.704536,1.57715195,,,,82.34,79.7125,97.53,92.8875,67.82,63.61,0,4,0,3,radio_limited_degradation,normal,radio,statistical_only_retained,3.0,4.0,4.0,1.0,0.0,4.0,55.085717689764905,0.0,0.75,3,4,True,44.0,82.99,57.31,71.43,Critical,Medium,True,True,critical_impact_with_verified_direct_evidence,True,critical_verified_direct_evidence_override,High,INC-001299,"new:gap=6.0s,dist=58.680409367017454m,cell=True,family=True"
LTE-TP-EP-001948,542020041221088+20250828142038+Fiji-Nadi-LTE-DL-D!20250828142010,Fiji-Nadi-LTE-DL-D,2025-08-28 04:18:15+02:00,2025-08-28 04:18:15+02:00,1,-17.6085041,177.4612125,-17.6085041,177.4612125,ECI:1076426.0,1076426.0,375.0,500.0,1.0,2.779424,2.779424,,,,71.05,71.05,81.27,81.27,58.55,58.55,0,1,0,1,radio_limited_degradation,normal,radio,statistical_only_retained,0.0,1.0,1.0,1.0,0.0,1.0,25.41967782768829,0.0,1.0,1,1,True,22.25,66.52,53.91,60.84,High,Medium,True,False,,True,priority_and_confidence_gate,Medium,INC-001300,new_session_or_first_episode
LTE-TP-EP-001949,542020041221088+20250828142038+Fiji-Nadi-LTE-DL-D!20250828142010,Fiji-Nadi-LTE-DL-D,2025-08-28 04:18:23+02:00,2025-08-28 04:18:23+02:00,1,-17.6077933,177.4607221,-17.6077933,177.4607221,ECI:1076426.0,1076426.0,375.0,500.0,1.0,2.765128,2.765128,,,,72.31,72.31,81.32,81.32,61.3,61.3,0,1,0,1,radio_limited_degradation,normal,radio,statistical_only_retained,0.0,1.0,1.0,1.0,0.0,1.0,21.20162522535881,0.0,1.0,1,1,True,22.25,66.55,55.97,61.79,High,Medium,True,False,,True,priority_and_confidence_gate,Medium,INC-001301,"new:gap=8.0s,dist=94.59567949815595m,cell=True,family=True"
LTE-TP-EP-001950,542020041221088+20250828142038+Fiji-Nadi-LTE-DL-D!20250828142010,Fiji-Nadi-LTE-DL-D,2025-08-28 04:18:25+02:00,2025-08-28 04:18:27+02:00,2,-17.6076422,177.4606142,-17.6075034,177.4605181,ECI:1080085.0,1080085.0,196.0,500.0,1.0,1.673656,2.176936,59.31967,57.646014,0.028214182580584148,82.77,77.435,85.09,83.355,79.94,70.205,0,2,0,1,ca_underperformance,normal,capability,statistical_only_retained,2.0,3.0,2.0,0.6666666666666666,1.0,1.0,38.91788660932514,0.0,0.5,1,1,True,18.5,68.01,62.52,65.54,High,High,True,False,,True,priority_and_confidence_gate,High,INC-001302,"new:gap=2.0s,dist=20.324160845701204m,cell=False,family=False"
LTE-TP-EP-001952,542020041221088+20250828142258+Fiji-Nadi-LTE-DL-D!20250828142226,Fiji-Nadi-LTE-DL-D,2025-08-28 04:20:26+02:00,2025-08-28 04:20:26+02:00,1,-17.6059858,177.4558251,-17.6059858,177.4558251,EARFCN:500.0|PCI:197.0,,197.0,500.0,1.0,51.40909,51.40909,159.52736731293874,108.11827731293874,0.3222587501187351,76.64,76.64,64.96,64.96,90.92,90.92,0,1,0,1,rb_conditioned_underperformance,ml_quantile_p75_resource_underperformance,temporal,statistical_only_retained,0.0,1.0,1.0,1.0,0.0,1.0,,0.0,1.0,1,0,False,22.25,54.28,78.19,65.04,Medium,High,True,False,,True,priority_and_confidence_gate,High,INC-001303,new_session_or_first_episode
LTE-TP-EP-001955,542020041221088+20250828142258+Fiji-Nadi-LTE-DL-D!20250828142226,Fiji-Nadi-LTE-DL-D,2025-08-28 04:22:01+02:00,2025-08-28 04:22:01+02:00,1,-17.6050282,177.4535265,-17.6050282,177.4535265,ECI:1076791.0,1076791.0,183.0,41384.0,41.0,0.469448,0.469448,11.554730683084758,11.085282683084758,0.04062820786357539,68.53,68.53,65.0,65.0,72.84,72.84,0,1,0,1,sudden_drop,normal,temporal,statistical_only_retained,0.0,1.0,1.0,1.0,0.0,1.0,9.800555496618488,0.0,1.0,1,0,False,22.25,54.31,64.63,58.96,Medium,High,True,False,,True,priority_and_confidence_gate,Medium,INC-001304,"new:gap=95.0s,dist=265.87494321331786m,cell=False,family=True"
LTE-TP-EP-001956,542020041221088+20250828142518+Fiji-Nadi-LTE-DL-D!20250828142442,Fiji-Nadi-LTE-DL-D,2025-08-28 04:22:53+02:00,2025-08-28 04:22:53+02:00,1,-17.6049491,177.4535421,-17.6049491,177.4535421,ECI:1076791.0,1076791.0,183.0,41384.0,41.0,1.461056,1.461056,24.844664538709246,23.383608538709247,0.058807636453436535,72.97,72.97,73.15,73.15,72.74,72.74,0,1,0,1,radio_limited_degradation,normal,temporal,statistical_only_retained,0.0,1.0,1.0,1.0,0.0,1.0,0.0,0.0,1.0,1,1,True,22.25,60.42,64.55,62.28,High,High,True,False,,True,priority_and_confidence_gate,Medium,INC-001305,new_session_or_first_episode
LTE-TP-EP-001958,542020041221088+20250828142518+Fiji-Nadi-LTE-DL-D!20250828142442,Fiji-Nadi-LTE-DL-D,2025-08-28 04:24:17+02:00,2025-08-28 04:24:17+02:00,1,-17.60584776,177.45544939,-17.60584776,177.45544939,ECI:1082165.0,1082165.0,139.0,41384.0,41.0,9.728184,9.728184,60.15991375,50.43172975,0.16170541800352897,63.28,63.28,63.62,63.62,62.87,62.87,0,1,0,1,ca_underperformance,normal,capability,statistical_only_retained,0.0,1.0,1.0,1.0,0.0,1.0,4.453918506322148,0.0,1.0,1,0,False,22.25,53.28,57.15,55.02,Medium,Medium,True,False,,True,priority_and_confidence_gate,Medium,INC-001306,"new:gap=84.0s,dist=225.49738016811298m,cell=False,family=False"
LTE-TP-EP-001960,542020041221088+20250828142739+Fiji-Nadi-LTE-DL-D!20250828142656,Fiji-Nadi-LTE-DL-D,2025-08-28 04:26:03+02:00,2025-08-28 04:26:03+02:00,1,-17.6052478,177.4515033,-17.6052478,177.4515033,ECI:1082162.0,1082162.0,139.0,41186.0,41.0,13.0062475,13.0062475,103.734363,90.7281155,0.1253803187666945,80.45,80.45,76.43,76.43,85.36,85.36,0,1,0,1,ca_underperformance,normal,capability,statistical_only_retained,0.0,1.0,1.0,1.0,0.0,1.0,6.881820730775373,0.0,1.0,1,0,False,22.25,62.89,74.02,67.9,High,High,True,False,,True,priority_and_confidence_gate,High,INC-001307,new_session_or_first_episode
LTE-TP-EP-001964,542020041221088+20250828142959+Fiji-Nadi-LTE-DL-D!20250828142912,Fiji-Nadi-LTE-DL-D,2025-08-28 04:28:09+02:00,2025-08-28 04:28:10+02:00,2,-17.6042736,177.4449489,-17.6042731,177.44494903,ECI:1082167.0,1082167.0,141.0,41384.0,41.0,39.115864,52.594339500000004,133.86990610609845,72.0690974359446,0.35180894515608807,64.87,62.205,60.41,56.25,70.33,69.485,0,2,0,2,rolling_local_drop,normal,temporal,statistical_only_retained,1.0,2.0,2.0,1.0,0.0,2.0,5.198986118276058,0.0,1.0,2,0,False,29.5,51.64,62.54,56.54,Medium,High,True,False,,True,priority_and_confidence_gate,Medium,INC-001308,new_session_or_first_episode
LTE-TP-EP-001965,542020041221088+20250828143139+Fiji-Nadi-LTE-DL-D!20250828143127,Fiji-Nadi-LTE-DL-D,2025-08-28 04:29:42+02:00,2025-08-28 04:29:43+02:00,2,-17.60748684,177.44015614,-17.6076728,177.4400852,ECI:1079612.0,1079612.0,180.0,40790.0,41.0,9.823984,10.201652,49.4498,39.625816,0.19866579844610086,61.85,60.24,55.94,54.834999999999994,69.07,66.845,0,2,0,2,ca_underperformance,normal,capability,statistical_only_retained,1.0,2.0,2.0,1.0,0.0,2.0,22.247621823466037,0.0,1.0,2,0,False,29.5,49.05,61.25,54.54,Medium,High,True,False,,True,priority_and_confidence_gate,Medium,INC-001309,new_session_or_first_episode
LTE-TP-EP-001967,542020041221088+20250828143139+Fiji-Nadi-LTE-DL-D!20250828143127,Fiji-Nadi-LTE-DL-D,2025-08-28 04:29:54+02:00,2025-08-28 04:29:54+02:00,1,-17.60870176,177.44019792,-17.60870176,177.44019792,ECI:1079103.0,1079103.0,168.0,40988.0,41.0,1.313768,1.313768,,,,70.85,70.85,65.4,65.4,77.51,77.51,0,1,0,1,rb_efficiency_underperformance,normal,radio,statistical_only_retained,0.0,1.0,1.0,1.0,0.0,1.0,0.08278786948753149,0.0,1.0,1,1,True,22.25,54.61,68.13,60.7,Medium,High,True,False,,True,priority_and_confidence_gate,Medium,INC-001310,"new:gap=11.0s,dist=115.03730398014659m,cell=False,family=False"
LTE-TP-EP-001971,542020041221088+20250828143139+Fiji-Nadi-LTE-DL-D!20250828143127,Fiji-Nadi-LTE-DL-D,2025-08-28 04:30:41+02:00,2025-08-28 04:30:43+02:00,3,-17.6111114,177.4413984,-17.61121843,177.44139631,ECI:1076685.0,1076685.0,406.0,356.0,1.0,2.8698559,4.3744,,,,66.94,60.653333333333336,80.96,74.32666666666667,49.8,43.94,0,3,0,2,radio_limited_degradation,normal,radio,statistical_only_retained,2.0,3.0,3.0,1.0,0.0,3.0,34.79078586750565,0.0,0.6666666666666666,2,3,True,36.75,68.25,42.55,56.69,High,Medium,True,False,,True,priority_and_confidence_gate,Medium,INC-001311,"new:gap=47.0s,dist=296.6140483115454m,cell=False,family=True"
LTE-TP-EP-001972,542020041221088+20250828143419+Fiji-Nadi-LTE-DL-D!20250828143343,Fiji-Nadi-LTE-DL-D,2025-08-28 04:31:43+02:00,2025-08-28 04:31:43+02:00,1,-17.61646686,177.441275,-17.61646686,177.441275,ECI:1081921.0,1081921.0,394.0,40988.0,41.0,34.01507,34.01507,111.79482125,77.77975125,0.3042633783897213,69.9,69.9,56.14,56.14,86.72,86.72,0,1,0,1,rb_conditioned_underperformance,ml_hgb_strict_causal_temporal_underperformance,capability,statistical_only_retained,0.0,1.0,1.0,1.0,0.0,1.0,0.20060472880707916,0.0,1.0,1,0,False,22.25,47.67,75.04,59.99,Medium,High,True,False,,True,priority_and_confidence_gate,Medium,INC-001312,new_session_or_first_episode
LTE-TP-EP-001973,542020041221088+20250828143419+Fiji-Nadi-LTE-DL-D!20250828143343,Fiji-Nadi-LTE-DL-D,2025-08-28 04:32:06+02:00,2025-08-28 04:32:15+02:00,8,-17.61776565,177.44354195,-17.61779366,177.4436935,ECI:1079182.0,1079182.0,385.0,41186.0,41.0,6.01864,10.050124,70.787155,54.192139,0.11947483838260713,67.95,58.8575,68.79,55.8025,70.76,62.5875,0,8,0,8,rb_conditioned_underperformance,normal,capability,statistical_only_retained,9.0,10.0,8.0,0.8,2.0,5.0,21.093428379867998,0.0,1.0,8,5,True,52.0,61.35,61.03,61.2,High,High,True,False,,True,priority_and_confidence_gate,Medium,INC-001313,"new:gap=23.0s,dist=280.3170535837759m,cell=False,family=True"
LTE-TP-EP-001975,542020041221088+20250828143419+Fiji-Nadi-LTE-DL-D!20250828143343,Fiji-Nadi-LTE-DL-D,2025-08-28 04:32:45+02:00,2025-08-28 04:32:46+02:00,2,-17.6176649,177.445307,-17.61766499,177.44530665,ECI:1081920.0,1081920.0,169.0,40988.0,41.0,1.12828,5.062584,,,,66.84,63.925,66.05,62.78,67.8,65.32,0,2,0,2,radio_limited_degradation,normal,radio,statistical_only_retained,1.0,2.0,2.0,1.0,0.0,2.0,22.656413596093664,0.0,1.0,2,2,True,29.5,56.09,60.23,57.96,High,High,True,False,,True,priority_and_confidence_gate,Medium,INC-001314,"new:gap=30.0s,dist=171.59659804095406m,cell=False,family=False"
LTE-TP-EP-001976,542020041221088+20250828143419+Fiji-Nadi-LTE-DL-D!20250828143343,Fiji-Nadi-LTE-DL-D,2025-08-28 04:32:48+02:00,2025-08-28 04:32:51+02:00,3,-17.6177748,177.44549862,-17.61794115,177.44580616,ECI:1079083.0,1079083.0,383.0,40988.0,41.0,4.884176,8.040256,43.68767,33.890381999999995,0.22425750789639276,62.85,58.093333333333334,62.86,55.79666666666666,64.14,60.903333333333336,0,3,0,2,rb_efficiency_underperformance,normal,radio,statistical_only_retained,3.0,4.0,3.0,0.75,1.0,2.0,24.588478201871617,0.0,0.6666666666666666,2,3,True,27.0,52.13,53.96,52.95,Medium,Medium,True,False,,True,priority_and_confidence_gate,Medium,INC-001315,"new:gap=2.0s,dist=23.727793142956674m,cell=False,family=True"
LTE-TP-EP-001977,542020041221088+20250828143419+Fiji-Nadi-LTE-DL-D!20250828143343,Fiji-Nadi-LTE-DL-D,2025-08-28 04:33:00+02:00,2025-08-28 04:33:04+02:00,3,-17.6184972,177.4468221,-17.6187272,177.4472042,ECI:1079083.0,1079083.0,383.0,40988.0,41.0,8.62132,9.906792,83.236885,72.414741,0.1300162061566816,78.65,64.06,75.1,60.54333333333333,82.98,68.35333333333334,0,3,0,3,ca_underperformance,normal,capability,statistical_only_retained,4.0,5.0,3.0,0.6,2.0,2.0,61.16767124441218,0.0,1.0,3,1,True,24.75,58.87,68.58,63.24,High,High,True,False,,True,priority_and_confidence_gate,Medium,INC-001316,"new:gap=9.0s,dist=124.15919985037978m,cell=True,family=False"
LTE-TP-EP-001978,542020041221088+20250828143419+Fiji-Nadi-LTE-DL-D!20250828143343,Fiji-Nadi-LTE-DL-D,2025-08-28 04:33:06+02:00,2025-08-28 04:33:08+02:00,3,-17.61878882,177.44728808,-17.6189986,177.4475218,ECI:1079103.0,1079103.0,168.0,40988.0,41.0,5.074096,10.395136,83.236885,72.841749,0.12488617275862739,70.16,61.52333333333333,76.14,59.53666666666667,72.9,63.946666666666665,0,3,0,2,ca_underperformance,normal,capability,statistical_only_retained,2.0,3.0,3.0,1.0,0.0,3.0,34.17177596896736,0.0,0.6666666666666666,2,1,True,36.75,62.14,59.1,60.77,High,Medium,True,False,,True,priority_and_confidence_gate,Medium,INC-001317,"new:gap=2.0s,dist=11.223698634438538m,cell=False,family=True"
LTE-TP-EP-001979,542020041221088+20250828143419+Fiji-Nadi-LTE-DL-D!20250828143343,Fiji-Nadi-LTE-DL-D,2025-08-28 04:33:12+02:00,2025-08-28 04:33:16+02:00,3,-17.61924217,177.44771907,-17.6197128,177.4479376,ECI:1079103.0,1079103.0,168.0,40988.0,41.0,11.082832,13.861416,88.404305,74.54288899999999,0.15679571260698222,68.96,59.663333333333334,70.8,54.71,72.89,65.72,0,3,0,2,rb_conditioned_underperformance,normal,capability,statistical_only_retained,4.0,5.0,3.0,0.6,2.0,1.0,35.53710932801476,0.0,0.6666666666666666,2,2,True,18.75,53.76,59.54,56.36,Medium,Medium,True,False,,True,priority_and_confidence_gate,Medium,INC-001317,"bridged:gap=4.0s,dist=34.214197456610826m,cell=True,family=True"
LTE-TP-EP-001981,542020041221088+20250828143419+Fiji-Nadi-LTE-DL-D!20250828143343,Fiji-Nadi-LTE-DL-D,2025-08-28 04:33:25+02:00,2025-08-28 04:33:26+02:00,2,-17.6205524,177.4481512,-17.62055143,177.44815094,ECI:1079083.0,1079083.0,168.0,40988.0,41.0,4.161608,8.24032,43.68767,39.526061999999996,0.09525818154184007,74.51,62.745000000000005,69.0,56.42,81.24,70.47,0,2,0,2,ca_underperformance,normal,capability,statistical_only_retained,1.0,2.0,2.0,1.0,0.0,2.0,8.162781603475747,0.0,1.0,2,0,False,29.5,55.98,68.24,61.5,High,High,True,False,,True,priority_and_confidence_gate,Medium,INC-001318,"new:gap=9.0s,dist=96.06460162506079m,cell=False,family=True"
LTE-TP-EP-001982,542020041221088+20250828143419+Fiji-Nadi-LTE-DL-D!20250828143343,Fiji-Nadi-LTE-DL-D,2025-08-28 04:33:30+02:00,2025-08-28 04:33:30+02:00,1,-17.6208789,177.44822358,-17.6208789,177.44822358,ECI:3636030.0,3636030.0,232.0,41186.0,41.0,11.16524,11.16524,105.7221075,94.55686750000001,0.10560932111573731,77.94,77.94,79.88,79.88,75.58,75.58,0,1,0,1,ca_underperformance,normal,capability,statistical_only_retained,0.0,1.0,1.0,1.0,0.0,1.0,0.06570626949154554,0.0,1.0,1,0,False,22.25,65.47,66.68,66.02,High,High,True,False,,True,priority_and_confidence_gate,High,INC-001319,"new:gap=4.0s,dist=37.217916328822525m,cell=False,family=True"
LTE-TP-EP-001983,542020041221088+20250828143639+Fiji-Nadi-LTE-DL-D!20250828143559,Fiji-Nadi-LTE-DL-D,2025-08-28 04:33:59+02:00,2025-08-28 04:34:02+02:00,4,-17.62277019,177.44636367,-17.62284077,177.44611808,ECI:1079182.0,1079182.0,385.0,41186.0,41.0,5.217608,11.670668,54.170067,45.8108295,0.10224902535963404,72.93,60.435,70.42,56.879999999999995,76.0,64.78,0,4,0,4,ca_underperformance,normal,capability,statistical_only_retained,3.0,4.0,4.0,1.0,0.0,4.0,36.76722597069136,0.0,1.0,4,1,True,44.0,60.43,64.2,62.12,High,High,True,False,,True,priority_and_confidence_gate,Medium,INC-001320,new_session_or_first_episode
LTE-TP-EP-001985,542020041221088+20250828143639+Fiji-Nadi-LTE-DL-D!20250828143559,Fiji-Nadi-LTE-DL-D,2025-08-28 04:34:17+02:00,2025-08-28 04:34:18+02:00,2,-17.6228576,177.4447506,-17.62286014,177.44475122,ECI:1079182.0,1079182.0,385.0,41186.0,41.0,8.290344,8.342023999999999,70.787155,62.393451,0.11857665419665474,71.31,67.31,73.79,68.72,68.27,65.58,0,2,0,2,ca_underperformance,normal,capability,statistical_only_retained,1.0,2.0,2.0,1.0,0.0,2.0,8.097672238831024,0.0,1.0,2,1,True,29.5,61.45,60.53,61.04,High,High,True,False,,True,priority_and_confidence_gate,Medium,INC-001321,"new:gap=15.0s,dist=144.93309497216597m,cell=True,family=True"
LTE-TP-EP-001986,542020041221088+20250828143639+Fiji-Nadi-LTE-DL-D!20250828143559,Fiji-Nadi-LTE-DL-D,2025-08-28 04:34:34+02:00,2025-08-28 04:34:36+02:00,2,-17.62258385,177.4440896,-17.6222974,177.4440196,ECI:1077812.0,1077812.0,167.0,41186.0,41.0,0.820128,4.659084,,,,77.87,66.14,88.13,74.695,65.32,55.675,0,2,0,1,radio_limited_degradation,normal,radio,statistical_only_retained,2.0,3.0,2.0,0.6666666666666666,1.0,1.0,22.47712844227726,0.0,0.5,1,2,True,18.5,67.36,51.58,60.26,High,Medium,True,False,,True,priority_and_confidence_gate,Medium,INC-001322,"new:gap=16.0s,dist=76.5516128448587m,cell=False,family=False"
LTE-TP-EP-001987,542020041221088+20250828143639+Fiji-Nadi-LTE-DL-D!20250828143559,Fiji-Nadi-LTE-DL-D,2025-08-28 04:34:38+02:00,2025-08-28 04:34:42+02:00,3,-17.62219959,177.44400428,-17.62180389,177.44395605,ECI:1079182.0,1079182.0,385.0,41186.0,41.0,1.524464,3.85704,,,,83.9,71.37333333333333,85.66,76.23333333333333,81.74,65.42999999999999,0,3,0,2,rb_efficiency_underperformance,normal,radio,statistical_only_retained,4.0,5.0,3.0,0.6,2.0,2.0,22.32155926923783,0.0,0.6666666666666666,2,3,True,24.75,68.08,63.89,66.19,High,High,True,False,,True,priority_and_confidence_gate,High,INC-001323,"new:gap=2.0s,dist=10.996506269885558m,cell=False,family=True"
LTE-TP-EP-001988,542020041221088+20250828143639+Fiji-Nadi-LTE-DL-D!20250828143559,Fiji-Nadi-LTE-DL-D,2025-08-28 04:34:46+02:00,2025-08-28 04:34:48+02:00,2,-17.6213111,177.4438974,-17.62120553,177.44388726,ECI:1079182.0,1079182.0,385.0,41186.0,41.0,0.370744,3.02914,,,,77.53,67.28999999999999,89.7,80.39500000000001,62.65,51.269999999999996,0,2,0,1,radio_limited_degradation,normal,radio,statistical_only_retained,2.0,3.0,2.0,0.6666666666666666,1.0,1.0,11.496475678597351,0.0,0.5,1,2,True,18.5,69.57,49.14,60.38,High,Medium,True,False,,True,priority_and_confidence_gate,Medium,INC-001324,"new:gap=4.0s,dist=55.14721832795934m,cell=True,family=True"
LTE-TP-EP-001989,542020041221088+20250828143639+Fiji-Nadi-LTE-DL-D!20250828143559,Fiji-Nadi-LTE-DL-D,2025-08-28 04:34:49+02:00,2025-08-28 04:34:56+02:00,5,-17.62109629,177.44387716,-17.62036881,177.44381833,ECI:1079095.0,1079095.0,232.0,41384.0,41.0,2.4924,7.202952,38.729599,31.104727,0.19687454032250631,65.46,59.636,82.28,66.292,62.84,51.501999999999995,0,5,0,3,radio_limited_degradation,normal,radio,statistical_only_retained,7.0,8.0,5.0,0.625,3.0,3.0,57.81856537753899,0.0,0.6,3,4,True,33.62,66.12,50.3,59.0,High,Medium,True,False,,True,priority_and_confidence_gate,Medium,INC-001325,"new:gap=1.0s,dist=12.19401943710376m,cell=False,family=True"
LTE-TP-EP-001990,542020041221088+20250828143639+Fiji-Nadi-LTE-DL-D!20250828143559,Fiji-Nadi-LTE-DL-D,2025-08-28 04:35:00+02:00,2025-08-28 04:35:00+02:00,1,-17.6198973,177.4438075,-17.6198973,177.4438075,ECI:3636033.0,3636033.0,232.0,41384.0,41.0,11.052192,11.052192,105.95971,94.907518,0.10430560823543213,73.98,73.98,80.1,80.1,66.51,66.51,0,1,0,1,ca_underperformance,normal,capability,statistical_only_retained,0.0,1.0,1.0,1.0,0.0,1.0,20.738581599962064,0.0,1.0,1,0,False,22.25,65.64,59.88,63.05,High,Medium,True,False,,True,priority_and_confidence_gate,Medium,INC-001326,"new:gap=4.0s,dist=52.44215351301957m,cell=False,family=False"
LTE-TP-EP-001992,542020041221088+20250828143639+Fiji-Nadi-LTE-DL-D!20250828143559,Fiji-Nadi-LTE-DL-D,2025-08-28 04:35:24+02:00,2025-08-28 04:35:27+02:00,2,-17.6184633,177.4451247,-17.6183792,177.4451893,ECI:1079183.0,1079183.0,383.0,41384.0,41.0,3.31812,5.905628,47.0651145,38.5719785,0.18045501620951118,62.8,61.415,58.39,58.265,68.18,65.26,0,2,0,2,ca_underperformance,normal,capability,statistical_only_retained,3.0,4.0,2.0,0.5,2.0,1.0,12.730183937463602,0.0,1.0,2,1,True,16.0,47.76,60.41,53.45,Medium,High,True,False,,True,priority_and_confidence_gate,Medium,INC-001327,"new:gap=24.0s,dist=211.9253563672412m,cell=False,family=True"
LTE-TP-EP-001995,542020041221088+20250828143859+Fiji-Nadi-LTE-DL-D!20250828143815,Fiji-Nadi-LTE-DL-D,2025-08-28 04:36:39+02:00,2025-08-28 04:36:39+02:00,1,-17.61911502,177.44102975,-17.61911502,177.44102975,ECI:3636033.0,3636033.0,232.0,41384.0,41.0,7.303528,7.303528,47.0651145,39.7615865,0.15517922515624605,68.39,68.39,61.7,61.7,76.57,76.57,0,1,0,1,ca_underperformance,normal,capability,statistical_only_retained,0.0,1.0,1.0,1.0,0.0,1.0,16.465702702714694,0.0,1.0,1,0,False,22.25,51.84,67.43,58.85,Medium,High,True,False,,True,priority_and_confidence_gate,Medium,INC-001328,new_session_or_first_episode
LTE-TP-EP-002000,542020041221088+20250828144059+Fiji-Nadi-LTE-DL-D!20250828144029,Fiji-Nadi-LTE-DL-D,2025-08-28 04:40:07+02:00,2025-08-28 04:40:08+02:00,2,-17.62788648,177.43279064,-17.6278729,177.432766,ECI:1079614.0,1079614.0,346.0,40790.0,41.0,12.53012,20.63006,93.50385054332986,64.77385054332986,0.20143793800777085,68.47,66.4,57.42,53.44,91.71,82.245,1,1,0,2,ca_underperformance,ml_quantile_p75_resource_underperformance,capability,statistical_and_ml_consensus,1.0,2.0,2.0,1.0,0.0,2.0,3.0666892000538417,50.0,1.0,2,0,False,29.5,49.44,83.92,64.96,Medium,Very High,True,False,,True,priority_and_confidence_gate,Medium,INC-001329,new_session_or_first_episode
LTE-TP-EP-002001,542020041221088+20250828144059+Fiji-Nadi-LTE-DL-D!20250828144029,Fiji-Nadi-LTE-DL-D,2025-08-28 04:40:16+02:00,2025-08-28 04:40:16+02:00,1,-17.6277231,177.4327816,-17.6277231,177.4327816,ECI:1081660.0,1081660.0,354.0,40790.0,41.0,14.580288,14.580288,83.886915,69.306627,0.17380884730353952,68.23,68.23,66.29,66.29,70.61,70.61,0,1,0,1,ca_underperformance,normal,capability,statistical_only_retained,0.0,1.0,1.0,1.0,0.0,1.0,0.3350833757456943,0.0,1.0,1,0,False,22.25,55.28,62.96,58.73,High,High,True,False,,True,priority_and_confidence_gate,Medium,INC-001330,"new:gap=8.0s,dist=16.738860673157454m,cell=False,family=True"
LTE-TP-EP-002002,542020041221088+20250828144319+Fiji-Nadi-LTE-DL-D!20250828144243,Fiji-Nadi-LTE-DL-D,2025-08-28 04:40:42+02:00,2025-08-28 04:40:43+02:00,2,-17.6274688,177.4329326,-17.6274595,177.4329333,ECI:1079624.0,1079624.0,346.0,9310.0,28.0,11.128112,12.18627175,79.1365,68.008388,0.14061920858263885,73.66,68.585,71.89,69.25999999999999,75.82,67.75999999999999,0,2,0,2,ca_underperformance,normal,capability,statistical_only_retained,1.0,2.0,2.0,1.0,0.0,2.0,1.9321894454845636,0.0,1.0,2,0,False,29.5,60.63,64.85,62.53,High,High,True,False,,True,priority_and_confidence_gate,Medium,INC-001331,new_session_or_first_episode
LTE-TP-EP-002004,542020041221088+20250828144319+Fiji-Nadi-LTE-DL-D!20250828144243,Fiji-Nadi-LTE-DL-D,2025-08-28 04:42:21+02:00,2025-08-28 04:42:21+02:00,1,-17.6336111,177.4293246,-17.6336111,177.4293246,ECI:1081652.0,1081652.0,356.0,41186.0,41.0,7.643648,7.643648,70.787155,63.143507,0.10798072051348864,79.22,79.22,75.72,75.72,83.49,83.49,0,1,0,1,ca_underperformance,ml_quantile_p75_resource_underperformance,capability,statistical_only_retained,0.0,1.0,1.0,1.0,0.0,1.0,8.526049380477458,0.0,1.0,1,0,False,22.25,62.35,72.62,66.97,High,High,True,False,,True,priority_and_confidence_gate,High,INC-001332,"new:gap=98.0s,dist=783.6710207208228m,cell=False,family=True"
LTE-TP-EP-002005,542020041221088+20250828144319+Fiji-Nadi-LTE-DL-D!20250828144243,Fiji-Nadi-LTE-DL-D,2025-08-28 04:42:24+02:00,2025-08-28 04:42:24+02:00,1,-17.6337954,177.4291891,-17.6337954,177.4291891,ECI:1075764.0,1075764.0,356.0,41186.0,41.0,6.218696,6.218696,41.037212749999995,34.81851674999999,0.15153797208120573,64.0,64.0,60.8,60.8,67.92,67.92,0,1,0,1,ca_underperformance,normal,capability,statistical_only_retained,0.0,1.0,1.0,1.0,0.0,1.0,8.460540690463343,0.0,1.0,1,0,False,22.25,51.16,60.94,55.56,Medium,High,True,False,,True,priority_and_confidence_gate,Medium,INC-001333,"new:gap=3.0s,dist=25.02306291453863m,cell=False,family=True"
LTE-TP-EP-002007,542020041221088+20250828144319+Fiji-Nadi-LTE-DL-D!20250828144243,Fiji-Nadi-LTE-DL-D,2025-08-28 04:42:29+02:00,2025-08-28 04:42:29+02:00,1,-17.6341994,177.4288984,-17.6341994,177.4288984,ECI:1081652.0,1081652.0,356.0,41186.0,41.0,16.763111,16.763111,105.7221075,88.95899650000001,0.15855823721637405,77.53,77.53,69.8,69.8,86.98,86.98,1,0,0,1,rb_conditioned_underperformance,ml_quantile_p75_resource_underperformance,capability,statistical_and_ml_consensus,0.0,1.0,1.0,1.0,0.0,1.0,11.762853820450081,100.0,1.0,1,0,False,22.25,57.91,90.24,72.46,High,Very High,True,False,,True,priority_and_confidence_gate,High,INC-001334,"new:gap=5.0s,dist=54.470535056760646m,cell=False,family=True"
LTE-TP-EP-002008,542020041221088+20250828144319+Fiji-Nadi-LTE-DL-D!20250828144243,Fiji-Nadi-LTE-DL-D,2025-08-28 04:42:42+02:00,2025-08-28 04:42:42+02:00,1,-17.6355654,177.4281909,-17.6355654,177.4281909,ECI:1081632.0,1081632.0,356.0,1850.0,3.0,14.432568,14.432568,103.049195,88.616627,0.14005512609778273,74.16,74.16,73.79,73.79,74.61,74.61,0,1,0,1,ca_underperformance,normal,capability,statistical_only_retained,0.0,1.0,1.0,1.0,0.0,1.0,12.756730568788376,0.0,1.0,1,0,False,22.25,60.91,65.96,63.18,High,High,True,False,,True,priority_and_confidence_gate,Medium,INC-001335,"new:gap=13.0s,dist=169.38817067993318m,cell=False,family=True"
LTE-TP-EP-002009,542020041221088+20250828144339+Fiji-Nadi-LTE-DL-D!20250828144308,Fiji-Nadi-LTE-DL-D,2025-08-28 04:42:54+02:00,2025-08-28 04:42:56+02:00,3,-17.6364649,177.4274327,-17.6365434,177.4273345,ECI:1081632.0,1081632.0,356.0,1850.0,3.0,4.8808,25.330368,103.049195,98.168395,0.04736378581123317,94.36,69.2,91.14,68.74333333333334,98.29,69.75666666666667,0,3,0,2,rb_conditioned_underperformance,normal,capability,statistical_only_retained,2.0,3.0,3.0,1.0,0.0,3.0,13.584105711497518,0.0,0.6666666666666666,2,1,True,36.75,71.94,73.25,72.53,High,High,True,False,,True,priority_and_confidence_gate,High,INC-001336,new_session_or_first_episode
LTE-TP-EP-002010,542020041221088+20250828144339+Fiji-Nadi-LTE-DL-D!20250828144308,Fiji-Nadi-LTE-DL-D,2025-08-28 04:43:01+02:00,2025-08-28 04:43:05+02:00,3,-17.6367231,177.4270978,-17.6368953,177.4268715,ECI:1081632.0,1081632.0,356.0,1850.0,3.0,28.012167,31.37728,135.5693,92.616812,0.27183295318318595,60.62,57.77333333333333,56.66,55.416666666666664,65.46,60.65,0,3,0,0,rb_conditioned_underperformance,normal,capability,statistical_only_retained,4.0,5.0,3.0,0.6,2.0,2.0,21.38376133640316,0.0,0.0,0,0,False,24.75,48.37,47.89,48.16,Medium,Medium,True,False,,True,priority_and_confidence_gate,Medium,INC-001336,"bridged:gap=5.0s,dist=32.06892158623211m,cell=True,family=True"
LTE-TP-EP-002011,542020041221088+20250828153519+Fiji-Nadi-LTE-DL-D!20250828151816,Fiji-Nadi-LTE-DL-D,2025-08-28 05:16:21+02:00,2025-08-28 05:16:25+02:00,3,-17.6737287,177.4085894,-17.6737287,177.4085893,ECI:1081376.0,1081376.0,455.0,1850.0,3.0,0.0028,0.003608,,,,84.33,84.28666666666666,90.99,90.94,76.18,76.15333333333334,0,3,0,0,radio_limited_degradation,normal,radio,statistical_only_retained,4.0,5.0,3.0,0.6,2.0,2.0,0.021714186243176656,0.0,0.0,0,3,True,24.75,74.42,57.13,66.64,High,Medium,True,False,,True,priority_and_confidence_gate,High,INC-001337,new_session_or_first_episode
LTE-TP-EP-002012,542020041221088+20250828153519+Fiji-Nadi-LTE-DL-D!20250828151816,Fiji-Nadi-LTE-DL-D,2025-08-28 05:17:41+02:00,2025-08-28 05:17:43+02:00,3,-17.6737285,177.4085894,-17.6737285,177.4085894,ECI:1081376.0,1081376.0,455.0,1850.0,3.0,0.00296,0.322976,135.5693,98.598612,0.02440201521567687,87.3,75.27666666666666,90.99,73.37,82.8,77.60666666666667,0,3,0,1,radio_limited_degradation,normal,capability,statistical_only_retained,2.0,3.0,3.0,1.0,0.0,3.0,0.0,0.0,0.3333333333333333,1,1,True,36.75,73.02,64.13,69.02,High,High,True,False,,True,priority_and_confidence_gate,High,INC-001338,"new:gap=76.0s,dist=0.024633738142621195m,cell=True,family=True"
LTE-TP-EP-002013,542020041221088+20250828153519+Fiji-Nadi-LTE-DL-D!20250828151816,Fiji-Nadi-LTE-DL-D,2025-08-28 05:17:50+02:00,2025-08-28 05:17:50+02:00,1,-17.6737284,177.4085895,-17.6737284,177.4085895,ECI:1081376.0,1081376.0,455.0,1850.0,3.0,6.6604238,6.6604238,135.5693,128.9088762,0.04912929254632133,91.14,91.14,88.81,88.81,93.98,93.98,0,1,0,1,ca_underperformance,ml_quantile_p75_resource_underperformance,capability,statistical_only_retained,0.0,1.0,1.0,1.0,0.0,1.0,0.0,0.0,1.0,1,0,False,22.25,72.17,80.49,75.91,High,Very High,True,False,,True,priority_and_confidence_gate,High,INC-001339,"new:gap=7.0s,dist=0.015358730406503155m,cell=True,family=True"
LTE-TP-EP-002014,542020041221088+20250828153602+Fiji-Nadi-LTE-DL-D!20250828152027,Fiji-Nadi-LTE-DL-D,2025-08-28 05:18:33+02:00,2025-08-28 05:18:33+02:00,1,-17.6776489,177.4088241,-17.6776489,177.4088241,ECI:1081375.0,1081375.0,455.0,1850.0,3.0,4.989144,4.989144,31.291917555309837,26.302773555309837,0.15943874296554275,74.35,74.35,66.09,66.09,84.44,84.44,0,1,0,1,radio_limited_degradation,normal,temporal,statistical_only_retained,0.0,1.0,1.0,1.0,0.0,1.0,24.245359596904844,0.0,1.0,1,1,True,22.25,55.13,73.33,63.32,High,High,True,False,,True,priority_and_confidence_gate,Medium,INC-001340,new_session_or_first_episode
LTE-TP-EP-002016,542020041221088+20250828153702+Fiji-Nadi-LTE-DL-D!20250828152243,Fiji-Nadi-LTE-DL-D,2025-08-28 05:20:49+02:00,2025-08-28 05:20:49+02:00,1,-17.6783874,177.3979169,-17.6783874,177.3979169,ECI:1079367.0,1079367.0,454.0,9310.0,28.0,3.159,3.159,59.51545075,56.35645075,0.053078653697334215,80.59,80.59,81.13,81.13,79.94,79.94,0,1,0,1,ca_underperformance,normal,capability,statistical_only_retained,0.0,1.0,1.0,1.0,0.0,1.0,10.493674396577152,0.0,1.0,1,0,False,22.25,66.41,69.96,68.01,High,High,True,False,,True,priority_and_confidence_gate,High,INC-001341,new_session_or_first_episode
LTE-TP-EP-002018,542020041221088+20250828153702+Fiji-Nadi-LTE-DL-D!20250828152243,Fiji-Nadi-LTE-DL-D,2025-08-28 05:22:27+02:00,2025-08-28 05:22:28+02:00,2,-17.6817334,177.3888479,-17.6816899,177.388808,ECI:1079368.0,1079368.0,319.0,500.0,1.0,0.066392,0.841568,11.209257326171226,9.592513326171225,0.14423292756650768,69.36,67.05,69.77,61.385,79.1,73.975,0,2,0,2,radio_limited_degradation,normal,radio,statistical_only_retained,1.0,2.0,2.0,1.0,0.0,2.0,11.337924632895545,0.0,1.0,2,1,True,29.5,57.61,68.04,62.3,High,High,True,False,,True,priority_and_confidence_gate,Medium,INC-001342,"new:gap=98.0s,dist=1030.3199540064006m,cell=False,family=False"
LTE-TP-EP-002020,542020041221088+20250828153842+Fiji-Nadi-LTE-DL-D!20250828152712,Fiji-Nadi-LTE-DL-D,2025-08-28 05:26:26+02:00,2025-08-28 05:26:28+02:00,3,-17.678618,177.3973326,-17.6784884,177.3975848,ECI:1079367.0,1079367.0,318.0,9310.0,28.0,0.470016,0.483712,,,,75.65,74.71333333333334,89.35,89.06,58.95,57.173333333333325,0,3,0,0,radio_limited_degradation,normal,radio,statistical_only_retained,2.0,3.0,3.0,1.0,0.0,3.0,45.435096780370586,0.0,0.0,0,3,True,36.75,76.13,43.77,61.57,High,Medium,True,False,,True,priority_and_confidence_gate,Medium,INC-001343,new_session_or_first_episode
LTE-TP-EP-002021,542020041221088+20250828153842+Fiji-Nadi-LTE-DL-D!20250828152712,Fiji-Nadi-LTE-DL-D,2025-08-28 05:26:32+02:00,2025-08-28 05:26:32+02:00,1,-17.6782681,177.3980686,-17.6782681,177.3980686,ECI:1075733.0,1075733.0,159.0,500.0,1.0,6.007656,6.007656,43.970293999999996,37.962638,0.13662988016409444,63.95,63.95,63.5,63.5,64.5,64.5,0,1,0,1,ca_underperformance,normal,capability,statistical_only_retained,0.0,1.0,1.0,1.0,0.0,1.0,13.195516722378082,0.0,1.0,1,0,False,22.25,53.19,58.38,55.52,Medium,Medium,True,False,,True,priority_and_confidence_gate,Medium,INC-001344,"new:gap=4.0s,dist=56.80859144510211m,cell=False,family=False"
LTE-TP-EP-002022,542020041221088+20250828153842+Fiji-Nadi-LTE-DL-D!20250828152712,Fiji-Nadi-LTE-DL-D,2025-08-28 05:26:34+02:00,2025-08-28 05:26:37+02:00,2,-17.6781637,177.3982963,-17.6779652,177.3986403,ECI:1079316.0,1079316.0,320.0,500.0,1.0,2.907144,4.42668,,,,70.02,68.485,80.82,75.505,69.81,59.900000000000006,0,2,0,1,radio_limited_degradation,normal,radio,statistical_only_retained,3.0,4.0,2.0,0.5,2.0,1.0,28.025930098880046,0.0,0.5,1,2,True,16.0,63.29,54.88,59.5,High,Medium,True,False,,True,priority_and_confidence_gate,Medium,INC-001345,"new:gap=2.0s,dist=26.771356155421593m,cell=False,family=False"
LTE-TP-EP-002024,542020041221088+20250828153842+Fiji-Nadi-LTE-DL-D!20250828152712,Fiji-Nadi-LTE-DL-D,2025-08-28 05:26:40+02:00,2025-08-28 05:26:41+02:00,2,-17.6777507,177.3989725,-17.6776833,177.399078,ECI:1081415.0,1081415.0,454.0,500.0,1.0,0.791592,1.754988,59.51545075,56.79706675,0.045675265258744595,84.09,77.88,88.23,85.285,86.23,68.83,0,2,0,2,ca_underperformance,normal,capability,statistical_only_retained,1.0,2.0,2.0,1.0,0.0,2.0,27.2394255995032,0.0,1.0,2,1,True,29.5,72.81,70.32,71.69,High,High,True,False,,True,priority_and_confidence_gate,High,INC-001346,"new:gap=3.0s,dist=42.5153375580277m,cell=False,family=False"
LTE-TP-EP-002025,542020041221088+20250828153842+Fiji-Nadi-LTE-DL-D!20250828152712,Fiji-Nadi-LTE-DL-D,2025-08-28 05:26:42+02:00,2025-08-28 05:26:44+02:00,3,-17.6776168,177.3991794,-17.6774998,177.399357,ECI:1081375.0,1081375.0,454.0,1850.0,3.0,9.361736,12.93588,79.6243025,66.6884225,0.15729925392525068,63.37,60.53666666666667,67.7,62.27666666666667,61.04,58.403333333333336,0,3,0,3,rb_conditioned_underperformance,normal,capability,statistical_only_retained,2.0,3.0,3.0,1.0,0.0,3.0,35.917222510851275,0.0,1.0,3,1,True,36.75,58.61,55.12,57.04,High,Medium,True,False,,True,priority_and_confidence_gate,Medium,INC-001347,"new:gap=1.0s,dist=13.04167453149559m,cell=False,family=True"
LTE-TP-EP-002027,542020041221088+20250828153922+Fiji-Nadi-LTE-DL-D!20250828152928,Fiji-Nadi-LTE-DL-D,2025-08-28 05:27:32+02:00,2025-08-28 05:27:44+02:00,11,-17.6763024,177.4053645,-17.6768633,177.4071245,ECI:1081375.0,1081375.0,454.0,1850.0,3.0,0.032775998,0.595664,103.049195,81.457115,0.20953176781245114,87.25,80.08363636363637,90.89,85.47272727272728,83.43,73.49545454545455,0,11,0,2,radio_limited_degradation,normal,radio,statistical_only_retained,12.0,13.0,11.0,0.8461538461538461,2.0,6.0,177.96352442248497,0.0,0.18181818181818182,2,10,True,62.44,82.42,61.91,73.19,Critical,High,True,True,critical_impact_with_verified_direct_evidence,True,critical_verified_direct_evidence_override,High,INC-001348,new_session_or_first_episode
LTE-TP-EP-002028,542020041221088+20250828153922+Fiji-Nadi-LTE-DL-D!20250828152928,Fiji-Nadi-LTE-DL-D,2025-08-28 05:28:25+02:00,2025-08-28 05:28:25+02:00,1,-17.6783773,177.408984,-17.6783773,177.408984,ECI:1081375.0,1081375.0,454.0,1850.0,3.0,6.737936,6.737936,79.6243025,72.8863665,0.0846216015518629,90.69,90.69,83.08,83.08,100.0,100.0,1,0,0,1,ca_underperformance,ml_quantile_p75_resource_underperformance,capability,statistical_and_ml_consensus,0.0,1.0,1.0,1.0,0.0,1.0,6.254486185747984,100.0,1.0,1,0,False,22.25,67.87,100.0,82.33,High,Very High,True,False,,True,priority_and_confidence_gate,High,INC-001349,"new:gap=41.0s,dist=259.1369832836912m,cell=True,family=False"
LTE-TP-EP-002029,542020041221088+20250828153922+Fiji-Nadi-LTE-DL-D!20250828152928,Fiji-Nadi-LTE-DL-D,2025-08-28 05:28:35+02:00,2025-08-28 05:28:35+02:00,1,-17.6794135,177.4090542,-17.6794135,177.4090542,ECI:1081375.0,1081375.0,454.0,1850.0,3.0,16.935465,16.935465,56.31303232959526,39.37756732959526,0.3007379339986205,64.99,64.99,52.78,52.78,79.92,79.92,0,1,0,1,rb_conditioned_underperformance,ml_hgb_strict_causal_temporal_underperformance,temporal,statistical_only_retained,0.0,1.0,1.0,1.0,0.0,1.0,15.4251818514694,0.0,1.0,1,0,False,22.25,45.15,69.94,56.3,Medium,High,True,False,,True,priority_and_confidence_gate,Medium,INC-001350,"new:gap=10.0s,dist=115.46012260636758m,cell=True,family=False"
LTE-TP-EP-002030,542020041221088+20250828153922+Fiji-Nadi-LTE-DL-D!20250828152928,Fiji-Nadi-LTE-DL-D,2025-08-28 05:28:46+02:00,2025-08-28 05:28:47+02:00,2,-17.680802,177.4088147,-17.6809177,177.408791,ECI:1081415.0,1081415.0,360.0,500.0,1.0,4.425176,4.611624000000001,59.51545075,54.71737875,0.08061893070682995,83.91,72.77,76.66,73.345,92.78,72.075,0,2,0,2,ca_underperformance,ml_quantile_p75_resource_underperformance,capability,statistical_only_retained,1.0,2.0,2.0,1.0,0.0,2.0,26.295220130889177,0.0,1.0,2,1,True,29.5,64.04,74.41,68.71,High,High,True,False,,True,priority_and_confidence_gate,High,INC-001351,"new:gap=11.0s,dist=156.46542101236759m,cell=False,family=False"
LTE-TP-EP-002032,542020041221088+20250828153922+Fiji-Nadi-LTE-DL-D!20250828152928,Fiji-Nadi-LTE-DL-D,2025-08-28 05:29:17+02:00,2025-08-28 05:29:17+02:00,1,-17.6845228,177.4093122,-17.6845228,177.4093122,ECI:1081415.0,1081415.0,454.0,9310.0,28.0,23.027088,23.027088,78.63960644981252,55.61251844981252,0.2928179455564264,63.92,63.92,56.58,56.58,72.88,72.88,0,1,0,1,sudden_drop,ml_hgb_strict_causal_temporal_underperformance,temporal,statistical_only_retained,0.0,1.0,1.0,1.0,0.0,1.0,13.00379830778497,0.0,1.0,1,0,False,22.25,48.0,64.66,55.5,Medium,High,True,False,,True,priority_and_confidence_gate,Medium,INC-001352,"new:gap=30.0s,dist=404.65435326087567m,cell=True,family=False"
LTE-TP-EP-002033,542020041221088+20250828154002+Fiji-Nadi-LTE-DL-D!20250828153143,Fiji-Nadi-LTE-DL-D,2025-08-28 05:30:04+02:00,2025-08-28 05:30:05+02:00,2,-17.6873743,177.4105758,-17.6874345,177.4106138,ECI:1081374.0,1081374.0,157.0,1850.0,3.0,0.181616,0.465144,12.952727724223925,12.771111724223925,0.014021448135618994,68.82,68.38999999999999,67.38,66.25,71.43,71.0,0,2,0,2,radio_limited_degradation,normal,radio,statistical_only_retained,1.0,2.0,2.0,1.0,0.0,2.0,16.586920976819982,0.0,1.0,2,1,True,29.5,57.63,63.46,60.25,High,High,True,False,,True,priority_and_confidence_gate,Medium,INC-001353,new_session_or_first_episode
LTE-TP-EP-002035,542020041221088+20250828154002+Fiji-Nadi-LTE-DL-D!20250828153143,Fiji-Nadi-LTE-DL-D,2025-08-28 05:30:13+02:00,2025-08-28 05:30:13+02:00,1,-17.6877815,177.4108275,-17.6877815,177.4108275,ECI:1081414.0,1081414.0,453.0,9310.0,28.0,3.977672,3.977672,17.25053832185752,13.272866321857519,0.23058248535699544,65.04,65.04,52.86,52.86,79.93,79.93,0,1,0,1,rb_efficiency_underperformance,normal,temporal,statistical_only_retained,0.0,1.0,1.0,1.0,0.0,1.0,8.566011213742987,0.0,1.0,1,0,False,22.25,45.21,69.95,56.34,Medium,High,True,False,,True,priority_and_confidence_gate,Medium,INC-001354,"new:gap=8.0s,dist=44.73596103914044m,cell=False,family=False"
LTE-TP-EP-002036,542020041221088+20250828154002+Fiji-Nadi-LTE-DL-D!20250828153143,Fiji-Nadi-LTE-DL-D,2025-08-28 05:30:40+02:00,2025-08-28 05:30:40+02:00,1,-17.6897531,177.4115995,-17.6897531,177.4115995,ECI:1081414.0,1081414.0,453.0,9310.0,28.0,4.136976,4.136976,,,,72.49,72.49,76.52,76.52,67.57,67.57,0,1,0,1,rb_efficiency_underperformance,normal,radio,statistical_only_retained,0.0,1.0,1.0,1.0,0.0,1.0,11.594730481673174,0.0,1.0,1,1,True,22.25,62.95,60.68,61.93,High,High,True,False,,True,priority_and_confidence_gate,Medium,INC-001355,"new:gap=27.0s,dist=233.9901666393989m,cell=True,family=True"
LTE-TP-EP-002037,542020041221088+20250828154002+Fiji-Nadi-LTE-DL-D!20250828153143,Fiji-Nadi-LTE-DL-D,2025-08-28 05:30:41+02:00,2025-08-28 05:30:43+02:00,3,-17.6898357,177.4116719,-17.6899847,177.4118301,ECI:1066822.0,1066822.0,157.0,9310.0,28.0,1.226808,2.261976,,,,69.11,65.0,86.71,83.75999999999999,47.59,42.07,0,3,0,3,radio_limited_degradation,normal,radio,statistical_only_retained,2.0,3.0,3.0,1.0,0.0,3.0,35.53904621340483,0.0,1.0,3,3,True,36.75,73.48,44.31,60.36,High,Medium,True,False,,True,priority_and_confidence_gate,Medium,INC-001356,"new:gap=1.0s,dist=11.966023298944494m,cell=False,family=True"
LTE-TP-EP-002038,542020041221088+20250828154002+Fiji-Nadi-LTE-DL-D!20250828153143,Fiji-Nadi-LTE-DL-D,2025-08-28 05:30:45+02:00,2025-08-28 05:30:46+02:00,2,-17.6901091,177.4120005,-17.6901631,177.4120895,ECI:1066312.0,1066312.0,147.0,9310.0,28.0,0.00792,0.017660000000000002,,,,76.57,76.255,90.97,90.935,58.96,58.305,0,2,0,2,radio_limited_degradation,normal,radio,statistical_only_retained,1.0,2.0,2.0,1.0,0.0,2.0,22.323378232462254,0.0,1.0,2,2,True,29.5,75.59,54.06,65.9,High,Medium,True,False,,True,priority_and_confidence_gate,High,INC-001357,"new:gap=2.0s,dist=22.742167288548583m,cell=False,family=True"
LTE-TP-EP-002039,542020041221088+20250828154002+Fiji-Nadi-LTE-DL-D!20250828153143,Fiji-Nadi-LTE-DL-D,2025-08-28 05:30:47+02:00,2025-08-28 05:30:49+02:00,3,-17.6902102,177.4121727,-17.6902797,177.4122952,ECI:1067080.0,1067080.0,488.0,9310.0,28.0,0.001744,0.014424,,,,76.49,75.7,90.99,90.94333333333333,58.81,57.06666666666666,0,3,0,2,radio_limited_degradation,normal,radio,statistical_only_retained,2.0,3.0,3.0,1.0,0.0,3.0,25.358940227992655,0.0,0.6666666666666666,2,3,True,36.75,77.42,50.34,65.23,High,Medium,True,False,,True,priority_and_confidence_gate,High,INC-001358,"new:gap=1.0s,dist=10.252567343548952m,cell=False,family=True"
LTE-TP-EP-002041,542020041221088+20250828154002+Fiji-Nadi-LTE-DL-D!20250828153143,Fiji-Nadi-LTE-DL-D,2025-08-28 05:31:08+02:00,2025-08-28 05:31:08+02:00,1,-17.6915495,177.4140105,-17.6915495,177.4140105,ECI:1066812.0,1066812.0,157.0,40790.0,41.0,1.341688,1.341688,,,,66.1,66.1,65.3,65.3,67.07,67.07,0,1,0,1,radio_limited_degradation,normal,radio,statistical_only_retained,0.0,1.0,1.0,1.0,0.0,1.0,13.184797800083265,0.0,1.0,1,1,True,22.25,54.54,60.3,57.13,Medium,High,True,False,,True,priority_and_confidence_gate,Medium,INC-001359,"new:gap=19.0s,dist=230.12132375602857m,cell=False,family=True"
LTE-TP-EP-002043,542020041221088+20250828154002+Fiji-Nadi-LTE-DL-D!20250828153143,Fiji-Nadi-LTE-DL-D,2025-08-28 05:31:25+02:00,2025-08-28 05:31:25+02:00,1,-17.6927975,177.4157117,-17.6927975,177.4157117,ECI:1066302.0,1066302.0,157.0,40790.0,41.0,0.089272,0.089272,9.963828654278815,9.874556654278816,0.008959608108240952,63.52,63.52,61.21,61.21,66.35,66.35,0,1,0,1,rolling_local_drop,normal,temporal,statistical_only_retained,0.0,1.0,1.0,1.0,0.0,1.0,12.47962088987276,0.0,1.0,1,0,False,22.25,51.47,59.76,55.2,Medium,Medium,True,False,,True,priority_and_confidence_gate,Medium,INC-001360,"new:gap=17.0s,dist=227.45569407746657m,cell=False,family=False"
LTE-TP-EP-002044,542020041221088+20250828154042+Fiji-Nadi-LTE-DL-D!20250828153246,Fiji-Nadi-LTE-DL-D,2025-08-28 05:31:56+02:00,2025-08-28 05:31:57+02:00,2,-17.6909938,177.4187097,-17.6909785,177.4188031,ECI:1081374.0,1081374.0,453.0,1850.0,3.0,0.577888,0.634736,,,,84.37,83.035,97.98,97.78,67.74,65.02,0,2,0,2,radio_limited_degradation,normal,radio,statistical_only_retained,1.0,2.0,2.0,1.0,0.0,2.0,21.68137530344494,0.0,1.0,2,2,True,29.5,80.81,60.12,71.5,Critical,High,True,True,critical_impact_with_verified_direct_evidence,True,critical_verified_direct_evidence_override,High,INC-001361,new_session_or_first_episode
LTE-TP-EP-002047,542020041221088+20250828154042+Fiji-Nadi-LTE-DL-D!20250828153246,Fiji-Nadi-LTE-DL-D,2025-08-28 05:32:11+02:00,2025-08-28 05:32:12+02:00,2,-17.690971,177.4194738,-17.6910236,177.419568,ECI:1066312.0,1066312.0,488.0,9310.0,28.0,3.531848,4.261432,26.96001483698462,21.968998836984618,0.16226633986670155,56.55,56.474999999999994,63.16,61.959999999999994,51.4,49.765,0,2,0,2,rolling_local_drop,normal,temporal,statistical_only_retained,1.0,2.0,2.0,1.0,0.0,2.0,22.643817973177303,0.0,1.0,2,0,False,29.5,54.44,48.14,51.61,Medium,Medium,True,False,,True,priority_and_confidence_gate,Medium,INC-001362,"new:gap=14.0s,dist=71.05656758998444m,cell=False,family=False"
LTE-TP-EP-002048,542020041221088+20250828154042+Fiji-Nadi-LTE-DL-D!20250828153246,Fiji-Nadi-LTE-DL-D,2025-08-28 05:32:32+02:00,2025-08-28 05:32:35+02:00,3,-17.6918095,177.4213772,-17.6918372,177.4214058,ECI:1066312.0,1066312.0,488.0,9310.0,28.0,0.427112,0.512624,,,,82.32,80.98333333333333,98.51,98.25333333333333,62.9,59.873333333333335,0,3,0,0,radio_limited_degradation,normal,radio,statistical_only_retained,3.0,4.0,3.0,0.75,1.0,2.0,5.057132736028417,0.0,0.0,0,3,True,27.0,80.57,46.42,65.2,Critical,Medium,True,False,,True,priority_and_confidence_gate,High,INC-001363,"new:gap=20.0s,dist=210.64249544026282m,cell=True,family=False"
LTE-TP-EP-002049,542020041221088+20250829102513+Nawaka-LTE-DL!20250829102435,Nawaka-LTE-DL,2025-08-29 00:22:34+02:00,2025-08-29 00:22:34+02:00,1,-17.8128907,177.443263,-17.8128907,177.443263,EARFCN:500.0|PCI:469.0,,469.0,500.0,1.0,0.00336,0.00336,,,,81.7,81.7,99.99,99.99,59.34,59.34,0,1,0,1,radio_limited_degradation,normal,radio,statistical_only_retained,0.0,1.0,1.0,1.0,0.0,1.0,,0.0,1.0,1,1,True,22.25,80.55,54.5,68.83,Critical,Medium,True,True,critical_impact_with_verified_direct_evidence,True,critical_verified_direct_evidence_override,High,INC-001364,new_session_or_first_episode
LTE-TP-EP-002050,542020041221088+20250829102513+Nawaka-LTE-DL!20250829102435,Nawaka-LTE-DL,2025-08-29 00:22:35+02:00,2025-08-29 00:22:35+02:00,1,-17.8128907,177.443263,-17.8128907,177.443263,ECI:1064982.0,1064982.0,469.0,500.0,1.0,0.00372,0.00372,,,,81.7,81.7,99.99,99.99,59.34,59.34,0,1,0,1,radio_limited_degradation,normal,radio,statistical_only_retained,0.0,1.0,1.0,1.0,0.0,1.0,0.0,0.0,1.0,1,1,True,22.25,80.55,54.5,68.83,Critical,Medium,True,True,critical_impact_with_verified_direct_evidence,True,critical_verified_direct_evidence_override,High,INC-001365,"new:gap=1.0s,dist=0.0m,cell=False,family=True"
LTE-TP-EP-002051,542020041221088+20250829102513+Nawaka-LTE-DL!20250829102435,Nawaka-LTE-DL,2025-08-29 00:22:36+02:00,2025-08-29 00:22:36+02:00,1,-17.8128907,177.443263,-17.8128907,177.443263,ECI:1065032.0,1065032.0,469.0,500.0,1.0,0.025592,0.025592,,,,81.62,81.62,99.91,99.91,59.26,59.26,0,1,0,0,radio_limited_degradation,normal,radio,statistical_only_retained,0.0,1.0,1.0,1.0,0.0,1.0,0.0,0.0,0.0,0,1,True,22.25,80.5,44.44,64.27,Critical,Medium,True,False,,True,priority_and_confidence_gate,Medium,INC-001366,"new:gap=1.0s,dist=0.0m,cell=False,family=True"
LTE-TP-EP-002054,542020041221088+20250829102513+Nawaka-LTE-DL!20250829102435,Nawaka-LTE-DL,2025-08-29 00:23:24+02:00,2025-08-29 00:23:24+02:00,1,-17.8128907,177.4432632,-17.8128907,177.4432632,ECI:1064992.0,1064992.0,469.0,1850.0,3.0,0.064248,0.064248,,,,73.65,73.65,78.78,78.78,67.38,67.38,0,1,0,1,radio_limited_degradation,normal,radio,statistical_only_retained,0.0,1.0,1.0,1.0,0.0,1.0,0.0,0.0,1.0,1,1,True,22.25,64.65,60.54,62.8,High,High,True,False,,True,priority_and_confidence_gate,Medium,INC-001367,"new:gap=48.0s,dist=0.021172889520117356m,cell=False,family=True"
LTE-TP-EP-002059,542020041221088+20250829102513+Nawaka-LTE-DL!20250829102435,Nawaka-LTE-DL,2025-08-29 00:24:05+02:00,2025-08-29 00:24:06+02:00,2,-17.8128905,177.4432635,-17.8128905,177.4432635,ECI:1064758.0,1064758.0,148.0,41384.0,41.0,5.693864,5.953504,,,,65.72,62.519999999999996,80.07,79.16,50.41,42.18,0,2,0,2,radio_limited_degradation,normal,radio,statistical_only_retained,1.0,2.0,2.0,1.0,0.0,2.0,0.010586445172923021,0.0,1.0,2,2,True,29.5,67.2,45.75,57.55,High,Medium,True,False,,True,priority_and_confidence_gate,Medium,INC-001368,"new:gap=41.0s,dist=0.0387715015877383m,cell=False,family=True"
LTE-TP-EP-002061,542020041221088+20250829102513+Nawaka-LTE-DL!20250829102435,Nawaka-LTE-DL,2025-08-29 00:24:24+02:00,2025-08-29 00:24:26+02:00,3,-17.8128906,177.4432636,-17.8128906,177.4432636,ECI:1064992.0,1064992.0,469.0,1850.0,3.0,2.18832,4.68876,,,,73.67,66.88333333333334,92.34,83.76,50.84,46.25333333333333,0,3,0,1,radio_limited_degradation,normal,radio,statistical_only_retained,2.0,3.0,3.0,1.0,0.0,3.0,0.0,0.0,0.3333333333333333,1,3,True,36.75,76.3,40.32,60.11,High,Medium,True,False,,True,priority_and_confidence_gate,Medium,INC-001369,"new:gap=18.0s,dist=0.015353053714109903m,cell=False,family=True"
LTE-TP-EP-002063,542020041221088+20250829102713+Nawaka-LTE-DL!20250829102643,Nawaka-LTE-DL,2025-08-29 00:24:54+02:00,2025-08-29 00:24:54+02:00,1,-17.8128906,177.4432636,-17.8128906,177.4432636,ECI:1064992.0,1064992.0,469.0,1850.0,3.0,0.256728,0.256728,,,,80.42,80.42,90.1,90.1,68.58,68.58,0,1,0,1,radio_limited_degradation,normal,radio,statistical_only_retained,0.0,1.0,1.0,1.0,0.0,1.0,0.0,0.0,1.0,1,1,True,22.25,73.14,61.43,67.87,High,High,True,False,,True,priority_and_confidence_gate,High,INC-001370,new_session_or_first_episode
LTE-TP-EP-002064,542020041221088+20250829102713+Nawaka-LTE-DL!20250829102643,Nawaka-LTE-DL,2025-08-29 00:24:59+02:00,2025-08-29 00:24:59+02:00,1,-17.8128906,177.4432636,-17.8128906,177.4432636,ECI:1064992.0,1064992.0,469.0,1850.0,3.0,0.023632,0.023632,,,,76.74,76.74,90.92,90.92,59.42,59.42,0,1,0,1,radio_limited_degradation,normal,radio,statistical_only_retained,0.0,1.0,1.0,1.0,0.0,1.0,0.0,0.0,1.0,1,1,True,22.25,73.75,54.57,65.12,High,Medium,True,False,,True,priority_and_confidence_gate,High,INC-001370,"bridged:gap=5.0s,dist=0.0m,cell=True,family=True"
LTE-TP-EP-002065,542020041221088+20250829102713+Nawaka-LTE-DL!20250829102643,Nawaka-LTE-DL,2025-08-29 00:25:10+02:00,2025-08-29 00:25:12+02:00,2,-17.8128906,177.4432636,-17.8128906,177.4432636,ECI:1064992.0,1064992.0,469.0,1850.0,3.0,1.041328,2.676972,,,,65.09,58.715,66.36,60.635,63.53,56.36,0,2,0,2,radio_limited_degradation,normal,radio,statistical_only_retained,2.0,3.0,2.0,0.6666666666666666,1.0,1.0,0.0,0.0,1.0,2,2,True,18.5,52.96,55.86,54.26,Medium,Medium,True,False,,True,priority_and_confidence_gate,Medium,INC-001371,"new:gap=11.0s,dist=0.0m,cell=True,family=True"
LTE-TP-EP-002067,542020041221088+20250829102713+Nawaka-LTE-DL!20250829102643,Nawaka-LTE-DL,2025-08-29 00:25:38+02:00,2025-08-29 00:25:38+02:00,1,-17.8128906,177.4432637,-17.8128906,177.4432637,ECI:1064992.0,1064992.0,469.0,1850.0,3.0,1.917656,1.917656,,,,65.02,65.02,63.29,63.29,67.14,67.14,0,1,0,1,radio_limited_degradation,normal,radio,statistical_only_retained,0.0,1.0,1.0,1.0,0.0,1.0,0.0,0.0,1.0,1,1,True,22.25,53.03,60.35,56.33,Medium,High,True,False,,True,priority_and_confidence_gate,Medium,INC-001372,"new:gap=26.0s,dist=0.010586444765995526m,cell=True,family=True"
LTE-TP-EP-002069,542020041221088+20250829102713+Nawaka-LTE-DL!20250829102643,Nawaka-LTE-DL,2025-08-29 00:26:29+02:00,2025-08-29 00:26:29+02:00,1,-17.8128907,177.4432638,-17.8128907,177.4432638,ECI:1064992.0,1064992.0,469.0,1850.0,3.0,1.430728,1.430728,,,,63.95,63.95,64.99,64.99,62.68,62.68,0,1,0,1,radio_limited_degradation,normal,radio,statistical_only_retained,0.0,1.0,1.0,1.0,0.0,1.0,0.0,0.0,1.0,1,1,True,22.25,54.3,57.01,55.52,Medium,Medium,True,False,,True,priority_and_confidence_gate,Medium,INC-001373,"new:gap=51.0s,dist=0.015353056553141516m,cell=True,family=True"
LTE-TP-EP-002072,542020041221088+20250829102934+Nawaka-LTE-DL!20250829102857,Nawaka-LTE-DL,2025-08-29 00:27:19+02:00,2025-08-29 00:27:21+02:00,2,-17.8128906,177.443264,-17.8128906,177.443264,ECI:1064992.0,1064992.0,469.0,1850.0,3.0,5.438448,5.619556,27.996896250000002,22.55844825,0.19425181818145287,61.54,59.035,53.15,52.455,73.49,67.07,0,2,0,2,ca_underperformance,normal,capability,statistical_only_retained,2.0,3.0,2.0,0.6666666666666666,1.0,1.0,0.010586445166986173,0.0,1.0,2,1,True,18.5,44.31,63.51,52.95,Medium,High,True,False,,True,priority_and_confidence_gate,Medium,INC-001374,new_session_or_first_episode
LTE-TP-EP-002073,542020041221088+20250829102934+Nawaka-LTE-DL!20250829102857,Nawaka-LTE-DL,2025-08-29 00:27:38+02:00,2025-08-29 00:27:39+02:00,2,-17.8128906,177.443264,-17.8128906,177.443264,ECI:1064992.0,1064992.0,469.0,1850.0,3.0,0.305544,3.814276,,,,80.42,67.205,89.93,77.65,68.8,54.44,0,2,0,2,radio_limited_degradation,normal,radio,statistical_only_retained,1.0,2.0,2.0,1.0,0.0,2.0,0.0,0.0,1.0,2,2,True,29.5,71.75,58.01,65.57,High,Medium,True,False,,True,priority_and_confidence_gate,High,INC-001375,"new:gap=17.0s,dist=0.0m,cell=True,family=False"
LTE-TP-EP-002074,542020041221088+20250829102934+Nawaka-LTE-DL!20250829102857,Nawaka-LTE-DL,2025-08-29 00:27:59+02:00,2025-08-29 00:27:59+02:00,1,-17.8128906,177.4432641,-17.8128906,177.4432641,ECI:1064992.0,1064992.0,469.0,1850.0,3.0,5.843472,5.843472,32.0803415,26.236869500000005,0.18215117815999557,70.15,70.15,55.19,55.19,88.44,88.44,0,1,0,1,ca_underperformance,ml_quantile_p75_resource_underperformance,resource,statistical_only_retained,0.0,1.0,1.0,1.0,0.0,1.0,0.0,0.0,1.0,1,0,False,22.25,46.96,76.33,60.17,Medium,High,True,False,,True,priority_and_confidence_gate,Medium,INC-001376,"new:gap=20.0s,dist=0.010586444765995526m,cell=True,family=False"
LTE-TP-EP-002076,542020041221088+20250829102934+Nawaka-LTE-DL!20250829102857,Nawaka-LTE-DL,2025-08-29 00:28:30+02:00,2025-08-29 00:28:35+02:00,5,-17.8128905,177.4432642,-17.8128905,177.4432643,ECI:1064992.0,1064992.0,469.0,1850.0,3.0,0.538096,1.76064,27.996896250000002,20.669864250000003,0.2617087242304582,77.46,65.55799999999999,89.12,73.596,63.2,55.734,0,5,0,4,radio_limited_degradation,normal,radio,statistical_only_retained,5.0,6.0,5.0,0.8333333333333334,1.0,3.0,0.0105864478665845,0.0,0.8,4,4,True,36.75,72.15,53.53,63.77,High,Medium,True,False,,True,priority_and_confidence_gate,Medium,INC-001377,"new:gap=31.0s,dist=0.015353053714109903m,cell=True,family=False"
LTE-TP-EP-002077,542020041221088+20250829102934+Nawaka-LTE-DL!20250829102857,Nawaka-LTE-DL,2025-08-29 00:28:44+02:00,2025-08-29 00:28:46+02:00,3,-17.8128905,177.4432643,-17.8128905,177.4432643,ECI:1064992.0,1064992.0,469.0,1850.0,3.0,2.4954,2.69676,30.40734287561852,22.78861487561852,0.2505555329567752,71.23,66.48333333333333,82.27,70.36333333333333,71.5,61.74333333333333,0,3,0,1,radio_limited_degradation,normal,radio,statistical_only_retained,2.0,3.0,3.0,1.0,0.0,3.0,0.0,0.0,0.3333333333333333,1,2,True,36.75,67.91,54.52,61.89,High,Medium,True,False,,True,priority_and_confidence_gate,Medium,INC-001378,"new:gap=9.0s,dist=0.0m,cell=True,family=True"
LTE-TP-EP-002079,542020041221088+20250829103154+Nawaka-LTE-DL!20250829103112,Nawaka-LTE-DL,2025-08-29 00:30:57+02:00,2025-08-29 00:30:57+02:00,1,-17.8128906,177.4432646,-17.8128906,177.4432646,ECI:1064992.0,1064992.0,469.0,1850.0,3.0,0.430832,0.430832,,,,68.49,68.49,68.49,68.49,68.49,68.49,0,1,0,1,radio_limited_degradation,normal,radio,statistical_only_retained,0.0,1.0,1.0,1.0,0.0,1.0,0.0,0.0,1.0,1,1,True,22.25,56.93,61.37,58.93,High,High,True,False,,True,priority_and_confidence_gate,Medium,INC-001379,new_session_or_first_episode
LTE-TP-EP-002080,542020041221088+20250829103614+Nawaka-LTE-DL!20250829103543,Nawaka-LTE-DL,2025-08-29 00:34:59+02:00,2025-08-29 00:34:59+02:00,1,-17.8128904,177.4432648,-17.8128904,177.4432648,ECI:1065015.0,1065015.0,469.0,41384.0,41.0,3.283696,3.283696,38.729599,35.445903,0.08478517941794336,72.22,72.22,68.67,68.67,76.57,76.57,0,1,0,1,rb_efficiency_underperformance,normal,capability,statistical_only_retained,0.0,1.0,1.0,1.0,0.0,1.0,0.0,0.0,1.0,1,1,True,22.25,57.06,67.43,61.73,High,High,True,False,,True,priority_and_confidence_gate,Medium,INC-001380,new_session_or_first_episode
LTE-TP-EP-002085,542020041221088+20250829103754+Nawaka-LTE-DL!20250829103644,Nawaka-LTE-DL,2025-08-29 00:36:23+02:00,2025-08-29 00:36:23+02:00,1,-17.8128905,177.4432647,-17.8128905,177.4432647,ECI:1064982.0,1064982.0,469.0,500.0,1.0,4.907288,4.907288,,,,64.34,64.34,82.82,82.82,41.76,41.76,0,1,0,1,radio_limited_degradation,normal,radio,statistical_only_retained,0.0,1.0,1.0,1.0,0.0,1.0,0.0,0.0,1.0,1,1,True,22.25,67.68,41.32,55.82,High,Medium,True,False,,True,priority_and_confidence_gate,Medium,INC-001381,new_session_or_first_episode
LTE-TP-EP-002087,542020041221088+20250829103754+Nawaka-LTE-DL!20250829103644,Nawaka-LTE-DL,2025-08-29 00:36:37+02:00,2025-08-29 00:36:37+02:00,1,-17.8128905,177.4432647,-17.8128905,177.4432647,ECI:1064982.0,1064982.0,469.0,500.0,1.0,7.2345037,7.2345037,,,,64.04,64.04,53.68,53.68,76.71,76.71,0,1,0,1,radio_limited_degradation,normal,radio,statistical_only_retained,0.0,1.0,1.0,1.0,0.0,1.0,0.0,0.0,1.0,1,1,True,22.25,45.82,67.53,55.59,Medium,High,True,False,,True,priority_and_confidence_gate,Medium,INC-001382,"new:gap=14.0s,dist=0.0m,cell=True,family=True"
