operational_incident_id,id,route_label,start_time,end_time,strict_episodes,rows,max_priority,mean_priority,max_impact,max_confidence,max_persistence,consensus_rows,statistical_only_rows,ml_only_rows,coverage_planning_review_flag,dominant_statistical_type,dominant_ml_type,dominant_impact_family,primary_serving_cell_key,primary_serving_eci,primary_serving_pci,latitude_start,longitude_start,latitude_end,longitude_end,duration_seconds
INC-000773,542020041221088+20250828105007+Fiji-Nadi-LTE-DL-D!20250828104930,Fiji-Nadi-LTE-DL-D,2025-08-28 00:49:04+02:00,2025-08-28 00:49:04+02:00,1,1,86.3,86.3,75.09,100.0,17.0,1,0,0,False,ca_underperformance,ml_severe_quantile_p75_resource_underperformance,capability,ECI:1078590.0,1078590.0,163.0,-17.6488558,177.4435416,-17.6488558,177.4435416,0.0
INC-000488,542020041221088+20250827135949+Fiji-Nadi-LTE-DL-D!20250827134144,Fiji-Nadi-LTE-DL-D,2025-08-27 03:39:42+02:00,2025-08-27 03:39:42+02:00,1,1,85.05,85.05,72.82,100.0,17.0,1,0,0,False,ca_underperformance,ml_quantile_p75_resource_underperformance,resource,ECI:1069374.0,1069374.0,137.0,-17.778136,177.4101496,-17.778136,177.4101496,0.0
INC-000432,542020041221088+20250827134427+Fiji-Nadi-LTE-DL-D!20250827131213,Fiji-Nadi-LTE-DL-D,2025-08-27 03:10:11+02:00,2025-08-27 03:10:11+02:00,1,1,84.9,84.9,72.54,100.0,17.0,1,0,0,False,ca_underperformance,ml_quantile_p75_resource_underperformance,capability,ECI:1067153.0,1067153.0,131.0,-17.77721003,177.43119349,-17.77721003,177.43119349,0.0
INC-000946,542020041221088+20250828123823+Fiji-Nadi-LTE-DL-D!20250828123754,Fiji-Nadi-LTE-DL-D,2025-08-28 02:37:35+02:00,2025-08-28 02:37:36+02:00,1,2,84.5,84.5,79.9,90.12,24.0,1,1,0,False,ca_underperformance,ml_severe_quantile_p75_resource_underperformance,temporal,ECI:3642943.0,3642943.0,313.0,-17.631383,177.4424822,-17.6314479,177.4424856,1.0
INC-000217,542020041221088+20250827122034+Fiji-Nadi-LTE-DL-D!20250827113125,Fiji-Nadi-LTE-DL-D,2025-08-27 01:30:31+02:00,2025-08-27 01:30:31+02:00,1,1,84.43,84.43,71.69,100.0,17.0,1,0,0,False,ca_underperformance,ml_quantile_p75_resource_underperformance,capability,ECI:1072439.0,1072439.0,394.0,-17.77260188,177.42392483,-17.77260188,177.42392483,0.0
INC-001214,542020041221088+20250828141838+Fiji-Nadi-LTE-DL-D!20250828141754,Fiji-Nadi-LTE-DL-D,2025-08-28 04:16:02+02:00,2025-08-28 04:16:02+02:00,1,1,83.66,83.66,70.29,100.0,17.0,1,0,0,False,ca_underperformance,ml_quantile_p75_resource_underperformance,capability,EARFCN:1850.0|PCI:230.0,,230.0,-17.6158366,177.4576468,-17.6158366,177.4576468,0.0
INC-000238,542020041221088+20250827122555+Fiji-Nadi-LTE-DL-D!20250827113546,Fiji-Nadi-LTE-DL-D,2025-08-27 01:35:17+02:00,2025-08-27 01:35:18+02:00,1,2,83.04,83.04,75.51,92.24,24.0,1,1,0,False,ca_underperformance,ml_quantile_p75_resource_underperformance,capability,ECI:1072446.0,1072446.0,394.0,-17.77119239,177.42536349,-17.77127485,177.42528442,1.0
INC-000496,542020041221088+20250827135949+Fiji-Nadi-LTE-DL-D!20250827134144,Fiji-Nadi-LTE-DL-D,2025-08-27 03:41:08+02:00,2025-08-27 03:41:35+02:00,5,12,82.66,77.31800000000001,79.2,100.0,31.0,2,10,0,True,radio_limited_degradation,normal,temporal,ECI:1069373.0,1069373.0,135.0,-17.7735735,177.4075404,-17.772151,177.4061,27.0
INC-000685,542020041221088+20250827161114+Fiji-Nadi-LTE-DL-D!20250827160608,Fiji-Nadi-LTE-DL-D,2025-08-27 06:04:06+02:00,2025-08-27 06:04:06+02:00,1,1,82.66,82.66,68.48,100.0,17.0,1,0,0,False,ca_underperformance,ml_quantile_p75_resource_underperformance,capability,ECI:1065015.0,1065015.0,469.0,-17.81116123,177.44284917,-17.81116123,177.44284917,0.0
INC-000399,542020041221088+20250827133907+Fiji-Nadi-LTE-DL-D!20250827130324,Fiji-Nadi-LTE-DL-D,2025-08-27 03:01:56+02:00,2025-08-27 03:01:56+02:00,1,1,82.27,82.27,67.76,100.0,17.0,1,0,0,True,rb_efficiency_underperformance,ml_quantile_p75_resource_underperformance,capability,ECI:1065506.0,1065506.0,322.0,-17.78942887,177.42703991,-17.78942887,177.42703991,0.0
INC-000605,542020041221088+20250827151552+Fiji-Nadi-LTE-DL-D!20250827151524,Fiji-Nadi-LTE-DL-D,2025-08-27 05:14:38+02:00,2025-08-27 05:14:38+02:00,1,1,82.02,82.02,67.32,100.0,17.0,1,0,0,True,rb_efficiency_underperformance,ml_quantile_p75_resource_underperformance,capability,ECI:1066294.0,1066294.0,50.0,-17.7477968,177.4522131,-17.7477968,177.4522131,0.0
INC-000232,542020041221088+20250827122555+Fiji-Nadi-LTE-DL-D!20250827113546,Fiji-Nadi-LTE-DL-D,2025-08-27 01:34:11+02:00,2025-08-27 01:34:12+02:00,1,2,81.96,81.96,73.33,92.5,24.0,1,1,0,False,ca_underperformance,ml_quantile_p75_resource_underperformance,capability,ECI:1072446.0,1072446.0,394.0,-17.76634916,177.42989571,-17.76641346,177.42985314,1.0
INC-000418,542020041221088+20250827134247+Fiji-Nadi-LTE-DL-D!20250827130749,Fiji-Nadi-LTE-DL-D,2025-08-27 03:06:16+02:00,2025-08-27 03:06:17+02:00,1,2,81.7,81.7,74.8,90.12,24.0,1,1,0,False,ca_underperformance,ml_severe_quantile_p75_resource_underperformance,capability,ECI:1072702.0,1072702.0,394.0,-17.78074862,177.43065911,-17.7807437,177.43059402,1.0
INC-001272,542020041221088+20250828153922+Fiji-Nadi-LTE-DL-D!20250828152928,Fiji-Nadi-LTE-DL-D,2025-08-28 05:28:25+02:00,2025-08-28 05:28:25+02:00,1,1,81.61,81.61,66.56,100.0,17.0,1,0,0,False,ca_underperformance,ml_quantile_p75_resource_underperformance,capability,ECI:1081375.0,1081375.0,454.0,-17.6783773,177.408984,-17.6783773,177.408984,0.0
INC-000951,542020041221088+20250828124043+Fiji-Nadi-LTE-DL-D!20250828124009,Fiji-Nadi-LTE-DL-D,2025-08-28 02:38:34+02:00,2025-08-28 02:38:36+02:00,1,3,81.55,81.55,77.24,86.83,31.0,1,2,0,False,rolling_local_drop,normal,temporal,ECI:3642943.0,3642943.0,313.0,-17.6308957,177.4441288,-17.6307991,177.4440908,2.0
INC-000408,542020041221088+20250827134107+Fiji-Nadi-LTE-DL-D!20250827130537,Fiji-Nadi-LTE-DL-D,2025-08-27 03:04:22+02:00,2025-08-27 03:04:24+02:00,1,3,81.44,81.44,76.91,86.98,31.0,1,2,0,True,radio_limited_degradation,normal,temporal,ECI:1065535.0,1065535.0,394.0,-17.7808043,177.4321824,-17.78080948,177.43222762,2.0
INC-000999,542020041221088+20250828125404+Fiji-Nadi-LTE-DL-D!20250828125334,Fiji-Nadi-LTE-DL-D,2025-08-28 02:52:47+02:00,2025-08-28 02:52:52+02:00,1,6,81.3,81.3,82.14,80.27,52.0,1,5,0,True,radio_limited_degradation,normal,radio,ECI:1077825.0,1077825.0,167.0,-17.63208727,177.45430274,-17.63163607,177.45435476,5.0
INC-000719,542020041221088+20250828102746+Fiji-Nadi-LTE-DL-D!20250828102524,Fiji-Nadi-LTE-DL-D,2025-08-28 00:23:38+02:00,2025-08-28 00:23:42+02:00,1,5,81.06,81.06,77.38,85.56,45.0,1,4,0,True,ca_underperformance,normal,temporal,ECI:1071136.0,1071136.0,338.0,-17.737185,177.459908,-17.7371849,177.459908,4.0
INC-000413,542020041221088+20250827134107+Fiji-Nadi-LTE-DL-D!20250827130537,Fiji-Nadi-LTE-DL-D,2025-08-27 03:05:03+02:00,2025-08-27 03:05:08+02:00,2,2,81.06,70.37,77.83,85.0,17.0,0,2,0,False,ca_underperformance,ml_severe_quantile_p75_resource_underperformance,temporal,ECI:1072704.0,1072704.0,395.0,-17.78094487,177.43379258,-17.78094586,177.43368277,5.0
INC-000772,542020041221088+20250828105007+Fiji-Nadi-LTE-DL-D!20250828104930,Fiji-Nadi-LTE-DL-D,2025-08-28 00:48:57+02:00,2025-08-28 00:48:58+02:00,1,2,80.7,80.7,73.44,89.58,24.0,1,1,0,True,radio_limited_degradation,ml_quantile_p75_resource_underperformance,temporal,ECI:1078590.0,1078590.0,163.0,-17.6489456,177.4432873,-17.6489313,177.4433269,1.0
INC-000342,542020041221088+20250827131704+Fiji-Nadi-LTE-DL-D!20250827121308,Fiji-Nadi-LTE-DL-D,2025-08-27 02:11:11+02:00,2025-08-27 02:11:26+02:00,1,16,80.62,80.62,95.49,62.43,86.0,0,16,0,True,radio_limited_degradation,normal,radio,ECI:1065268.0,1065268.0,146.0,-17.796831,177.4070945,-17.7968346,177.4070939,15.0
INC-001052,542020041221088+20250828131954+Fiji-Nadi-LTE-DL-D!20250828131344,Fiji-Nadi-LTE-DL-D,2025-08-28 03:13:30+02:00,2025-08-28 03:13:31+02:00,1,2,80.62,80.62,72.84,90.12,24.0,1,1,0,False,ca_underperformance,ml_quantile_p75_resource_underperformance,capability,ECI:3638848.0,3638848.0,254.0,-17.6282935,177.4718257,-17.62829378,177.4718262,1.0
INC-001041,542020041221088+20250828131435+Fiji-Nadi-LTE-DL-D!20250828131128,Fiji-Nadi-LTE-DL-D,2025-08-28 03:10:39+02:00,2025-08-28 03:10:39+02:00,1,1,80.49,80.49,64.53,100.0,17.0,1,0,0,False,ca_underperformance,ml_quantile_p75_resource_underperformance,capability,ECI:3638838.0,3638838.0,254.0,-17.627563,177.4689467,-17.627563,177.4689467,0.0
INC-000218,542020041221088+20250827122034+Fiji-Nadi-LTE-DL-D!20250827113125,Fiji-Nadi-LTE-DL-D,2025-08-27 01:30:40+02:00,2025-08-27 01:30:41+02:00,1,2,80.39,80.39,72.26,90.33,24.0,1,1,0,False,ca_underperformance,ml_severe_quantile_p75_resource_underperformance,capability,ECI:1072439.0,1072439.0,394.0,-17.77174732,177.42474428,-17.77165117,177.4248377,1.0
INC-000990,542020041221088+20250828125404+Fiji-Nadi-LTE-DL-D!20250828125334,Fiji-Nadi-LTE-DL-D,2025-08-28 02:51:32+02:00,2025-08-28 02:51:35+02:00,1,4,80.27,80.27,81.43,78.84,38.0,1,3,0,True,radio_limited_degradation,normal,radio,ECI:1077825.0,1077825.0,167.0,-17.6349871,177.4542609,-17.6351409,177.4542181,3.0
INC-000370,542020041221088+20250827132825+Fiji-Nadi-LTE-DL-D!20250827122826,Fiji-Nadi-LTE-DL-D,2025-08-27 02:26:47+02:00,2025-08-27 02:26:49+02:00,1,3,80.19,80.19,69.86,92.82,31.0,2,1,0,False,ca_underperformance,ml_quantile_p75_resource_underperformance,capability,ECI:1064759.0,1064759.0,149.0,-17.8070401,177.4181157,-17.8070401,177.4181157,2.0
INC-000236,542020041221088+20250827122555+Fiji-Nadi-LTE-DL-D!20250827113546,Fiji-Nadi-LTE-DL-D,2025-08-27 01:34:45+02:00,2025-08-27 01:34:46+02:00,1,2,80.11,80.11,71.91,90.12,24.0,1,1,0,False,ca_underperformance,ml_quantile_p75_resource_underperformance,capability,ECI:1072446.0,1072446.0,394.0,-17.7687544,177.4276981,-17.76875384,177.4276977,1.0
INC-000220,542020041221088+20250827122034+Fiji-Nadi-LTE-DL-D!20250827113125,Fiji-Nadi-LTE-DL-D,2025-08-27 01:30:59+02:00,2025-08-27 01:30:59+02:00,1,1,80.08,80.08,76.05,85.0,17.0,0,1,0,False,ca_underperformance,ml_severe_quantile_p75_resource_underperformance,capability,ECI:1072439.0,1072439.0,394.0,-17.7698283,177.42659,-17.7698283,177.42659,0.0
INC-000912,542020041221088+20250828122702+Fiji-Nadi-LTE-DL-D!20250828122042,Fiji-Nadi-LTE-DL-D,2025-08-28 02:20:04+02:00,2025-08-28 02:20:04+02:00,1,1,80.06,80.06,63.74,100.0,17.0,1,0,0,False,ca_underperformance,ml_quantile_p75_resource_underperformance,capability,ECI:1076540.0,1076540.0,141.0,-17.60599143,177.44355627,-17.60599143,177.44355627,0.0
INC-000240,542020041221088+20250827122555+Fiji-Nadi-LTE-DL-D!20250827113546,Fiji-Nadi-LTE-DL-D,2025-08-27 01:35:41+02:00,2025-08-27 01:35:43+02:00,1,3,80.01,80.01,74.42,86.83,31.0,1,2,0,False,rolling_local_drop,normal,temporal,ECI:1072446.0,1072446.0,394.0,-17.773293,177.4233524,-17.77337597,177.42327195,2.0
INC-000776,542020041221088+20250828105207+Fiji-Nadi-LTE-DL-D!20250828105141,Fiji-Nadi-LTE-DL-D,2025-08-28 00:49:39+02:00,2025-08-28 00:49:43+02:00,2,3,80.0,78.13499999999999,71.71,100.0,24.0,2,1,0,False,ca_underperformance,ml_quantile_p75_resource_underperformance,resource,ECI:1078590.0,1078590.0,163.0,-17.64880085,177.44465963,-17.6488172,177.4447715,4.0
INC-000414,542020041221088+20250827134107+Fiji-Nadi-LTE-DL-D!20250827130537,Fiji-Nadi-LTE-DL-D,2025-08-27 03:05:14+02:00,2025-08-27 03:05:16+02:00,1,3,79.94,79.94,74.31,86.83,31.0,1,2,0,False,rb_conditioned_underperformance,normal,temporal,ECI:1072704.0,1072704.0,395.0,-17.7809343,177.43339573,-17.7809278,177.4332135,2.0
INC-000441,542020041221088+20250827134607+Fiji-Nadi-LTE-DL-D!20250827131425,Fiji-Nadi-LTE-DL-D,2025-08-27 03:12:45+02:00,2025-08-27 03:12:47+02:00,1,3,79.9,79.9,68.91,93.33,31.0,2,1,0,True,radio_limited_degradation,ml_quantile_p75_resource_underperformance,temporal,ECI:1067060.0,1067060.0,129.0,-17.7750392,177.4325465,-17.7749278,177.4326335,2.0
INC-000774,542020041221088+20250828105007+Fiji-Nadi-LTE-DL-D!20250828104930,Fiji-Nadi-LTE-DL-D,2025-08-28 00:49:13+02:00,2025-08-28 00:49:13+02:00,1,1,79.86,79.86,63.39,100.0,17.0,1,0,0,False,ca_underperformance,ml_quantile_p75_resource_underperformance,temporal,ECI:1078590.0,1078590.0,163.0,-17.6487992,177.4438233,-17.6487992,177.4438233,0.0
INC-000919,542020041221088+20250828123202+Fiji-Nadi-LTE-DL-D!20250828122853,Fiji-Nadi-LTE-DL-D,2025-08-28 02:27:09+02:00,2025-08-28 02:27:16+02:00,2,4,79.73,72.09,65.29,97.37,31.0,1,3,0,False,ca_underperformance,ml_quantile_p75_resource_underperformance,capability,ECI:1079613.0,1079613.0,345.0,-17.6227765,177.4353482,-17.6231251,177.4347721,7.0
INC-000720,542020041221088+20250828102746+Fiji-Nadi-LTE-DL-D!20250828102524,Fiji-Nadi-LTE-DL-D,2025-08-28 00:23:51+02:00,2025-08-28 00:23:54+02:00,1,4,79.57,79.57,74.33,85.98,38.0,1,3,0,True,ca_underperformance,ml_quantile_p75_resource_underperformance,temporal,ECI:1071136.0,1071136.0,338.0,-17.737185,177.459908,-17.737185,177.459908,3.0
INC-000420,542020041221088+20250827134247+Fiji-Nadi-LTE-DL-D!20250827130749,Fiji-Nadi-LTE-DL-D,2025-08-27 03:06:42+02:00,2025-08-27 03:06:42+02:00,1,1,79.57,79.57,62.86,100.0,17.0,1,0,0,False,ca_underperformance,ml_quantile_p75_resource_underperformance,capability,ECI:1072702.0,1072702.0,394.0,-17.78071471,177.4301838,-17.78071471,177.4301838,0.0
INC-000314,542020041221088+20250827124539+Fiji-Nadi-LTE-DL-D!20250827120159,Fiji-Nadi-LTE-DL-D,2025-08-27 02:00:44+02:00,2025-08-27 02:00:44+02:00,1,1,79.54,79.54,62.8,100.0,17.0,1,0,0,False,rb_conditioned_underperformance,ml_quantile_p75_resource_underperformance,temporal,ECI:3623958.0,3623958.0,155.0,-17.77345692,177.38093898,-17.77345692,177.38093898,0.0
INC-000758,542020041221088+20250828104547+Fiji-Nadi-LTE-DL-D!20250828104505,Fiji-Nadi-LTE-DL-D,2025-08-28 00:44:59+02:00,2025-08-28 00:45:01+02:00,1,3,79.46,79.46,78.49,80.66,31.0,0,3,0,False,ca_underperformance,normal,capability,ECI:1081630.0,1081630.0,354.0,-17.63571369,177.43134255,-17.6360463,177.4315022,2.0
INC-000911,542020041221088+20250828122702+Fiji-Nadi-LTE-DL-D!20250828122042,Fiji-Nadi-LTE-DL-D,2025-08-28 02:18:40+02:00,2025-08-28 02:18:40+02:00,1,1,79.43,79.43,62.59,100.0,17.0,1,0,0,False,ca_underperformance,ml_quantile_p75_resource_underperformance,capability,ECI:1076797.0,1076797.0,185.0,-17.6029344,177.4487953,-17.6029344,177.4487953,0.0
INC-001055,542020041221088+20250828132455+Fiji-Nadi-LTE-DL-D!20250828131658,Fiji-Nadi-LTE-DL-D,2025-08-28 03:15:12+02:00,2025-08-28 03:15:12+02:00,1,1,79.31,79.31,62.39,100.0,17.0,1,0,0,False,ca_underperformance,ml_quantile_p75_resource_underperformance,capability,ECI:3638848.0,3638848.0,254.0,-17.6263931,177.4652617,-17.6263931,177.4652617,0.0
INC-000261,542020041221088+20250827123337+Fiji-Nadi-LTE-DL-D!20250827114216,Fiji-Nadi-LTE-DL-D,2025-08-27 01:41:23+02:00,2025-08-27 01:41:50+02:00,1,28,79.06,79.06,98.78,54.97,98.0,0,28,0,True,radio_limited_degradation,normal,radio,ECI:1065268.0,1065268.0,146.0,-17.7967214,177.407518,-17.79689112,177.40681651,27.0
INC-000098,542020041221088+20250827103246+Fiji-Nadi-LTE-DL-D!20250827103001,Fiji-Nadi-LTE-DL-D,2025-08-27 00:29:43+02:00,2025-08-27 00:29:54+02:00,1,12,78.99,78.99,90.36,65.1,82.0,0,12,0,True,radio_limited_degradation,normal,radio,ECI:1065012.0,1065012.0,148.0,-17.8146882,177.4363228,-17.81409142,177.43544407,11.0
INC-000405,542020041221088+20250827133907+Fiji-Nadi-LTE-DL-D!20250827130324,Fiji-Nadi-LTE-DL-D,2025-08-27 03:02:53+02:00,2025-08-27 03:02:54+02:00,1,2,78.98,78.98,62.94,98.58,24.0,2,0,0,True,ca_underperformance,ml_quantile_p75_resource_underperformance,capability,ECI:1065505.0,1065505.0,321.0,-17.78364902,177.42864363,-17.78353625,177.42867203,1.0
INC-000484,542020041221088+20250827135649+Fiji-Nadi-LTE-DL-D!20250827133934,Fiji-Nadi-LTE-DL-D,2025-08-27 03:38:43+02:00,2025-08-27 03:38:45+02:00,1,3,78.9,78.9,72.4,86.84,31.0,1,2,0,False,rolling_local_drop,normal,temporal,ECI:1069336.0,1069336.0,135.0,-17.78062541,177.41386215,-17.78047936,177.41369768,2.0
INC-001065,542020041221088+20250828132555+Fiji-Nadi-LTE-DL-D!20250828131914,Fiji-Nadi-LTE-DL-D,2025-08-28 03:17:21+02:00,2025-08-28 03:17:21+02:00,1,1,78.85,78.85,61.55,100.0,17.0,1,0,0,False,ca_underperformance,ml_quantile_p75_resource_underperformance,temporal,ECI:3638848.0,3638848.0,254.0,-17.6248077,177.4658012,-17.6248077,177.4658012,0.0
INC-000422,542020041221088+20250827134247+Fiji-Nadi-LTE-DL-D!20250827130749,Fiji-Nadi-LTE-DL-D,2025-08-27 03:06:58+02:00,2025-08-27 03:06:59+02:00,1,2,78.82,78.82,69.1,90.71,24.0,1,1,0,True,rb_conditioned_underperformance,ml_hgb_strict_causal_temporal_underperformance,capability,ECI:1072702.0,1072702.0,394.0,-17.78071471,177.4301838,-17.7807147,177.4301838,1.0
INC-000211,542020041221088+20250827122034+Fiji-Nadi-LTE-DL-D!20250827113125,Fiji-Nadi-LTE-DL-D,2025-08-27 01:29:22+02:00,2025-08-27 01:29:22+02:00,1,1,78.76,78.76,61.38,100.0,17.0,1,0,0,True,rb_conditioned_underperformance,ml_quantile_p75_resource_underperformance,resource,ECI:1069516.0,1069516.0,403.0,-17.7791513,177.4255024,-17.7791513,177.4255024,0.0
INC-000712,542020041221088+20250828102346+Fiji-Nadi-LTE-DL-D!20250828102312,Fiji-Nadi-LTE-DL-D,2025-08-28 00:22:00+02:00,2025-08-28 00:22:02+02:00,1,3,78.72,78.72,71.83,87.13,31.0,1,2,0,True,radio_limited_degradation,normal,temporal,ECI:1071136.0,1071136.0,338.0,-17.7371848,177.4599081,-17.7371848,177.4599081,2.0
INC-000250,542020041221088+20250827123136+Fiji-Nadi-LTE-DL-D!20250827114007,Fiji-Nadi-LTE-DL-D,2025-08-27 01:38:16+02:00,2025-08-27 01:38:17+02:00,1,2,78.68,78.68,70.89,88.19,24.0,1,1,0,False,ca_underperformance,ml_severe_quantile_p75_resource_underperformance,capability,ECI:1065524.0,1065524.0,133.0,-17.78281581,177.42136009,-17.78286546,177.42125108,1.0
INC-000135,542020041221088+20250827105427+Fiji-Nadi-LTE-DL-D!20250827104733,Fiji-Nadi-LTE-DL-D,2025-08-27 00:47:17+02:00,2025-08-27 00:47:19+02:00,1,3,78.62,78.62,71.74,87.03,31.0,1,2,0,True,radio_limited_degradation,normal,temporal,ECI:1067839.0,1067839.0,128.0,-17.77303182,177.4561704,-17.7727849,177.4562233,2.0
INC-000423,542020041221088+20250827134247+Fiji-Nadi-LTE-DL-D!20250827130749,Fiji-Nadi-LTE-DL-D,2025-08-27 03:07:07+02:00,2025-08-27 03:07:08+02:00,1,2,78.57,78.57,69.12,90.12,24.0,1,1,0,False,rb_conditioned_underperformance,ml_quantile_p75_resource_underperformance,resource,ECI:1072702.0,1072702.0,394.0,-17.7807147,177.4301838,-17.7807147,177.4301838,1.0
INC-001094,542020041221088+20250828133816+Fiji-Nadi-LTE-DL-D!20250828132818,Fiji-Nadi-LTE-DL-D,2025-08-28 03:26:36+02:00,2025-08-28 03:26:55+02:00,5,12,78.4,73.042,84.62,70.8,52.0,0,12,0,True,radio_limited_degradation,normal,radio,ECI:1076426.0,1076426.0,375.0,-17.6158152,177.4667103,-17.61543573,177.46574584,19.0
INC-000718,542020041221088+20250828102746+Fiji-Nadi-LTE-DL-D!20250828102524,Fiji-Nadi-LTE-DL-D,2025-08-28 00:23:27+02:00,2025-08-28 00:23:28+02:00,1,2,78.29,78.29,68.42,90.35,24.0,1,1,0,True,ca_underperformance,ml_quantile_p75_resource_underperformance,resource,ECI:1071136.0,1071136.0,338.0,-17.7371849,177.459908,-17.7371849,177.459908,1.0
INC-000026,542020041221088+20250827095105+Fiji-Nadi-LTE-DL-D!20250827094821,Fiji-Nadi-LTE-DL-D,2025-08-26 23:46:19+02:00,2025-08-26 23:46:19+02:00,1,1,78.08,78.08,60.15,100.0,17.0,1,0,0,False,ca_underperformance,ml_quantile_p75_resource_underperformance,resource,EARFCN:41186.0|PCI:151.0,,151.0,-17.8116013,177.3998509,-17.8116013,177.3998509,0.0
INC-000612,542020041221088+20250827151812+Fiji-Nadi-LTE-DL-D!20250827151738,Fiji-Nadi-LTE-DL-D,2025-08-27 05:15:56+02:00,2025-08-27 05:16:10+02:00,3,7,77.98,77.71666666666667,78.27,85.14,31.0,1,6,0,True,radio_limited_degradation,normal,temporal,ECI:1068575.0,1068575.0,122.0,-17.74678329,177.44586256,-17.7468282,177.4449258,14.0
INC-000815,542020041221088+20250828114011+Fiji-Nadi-LTE-DL-D!20250828110908,Fiji-Nadi-LTE-DL-D,2025-08-28 01:07:06+02:00,2025-08-28 01:07:06+02:00,1,1,77.69,77.69,71.71,85.0,17.0,0,1,0,False,ca_underperformance,ml_severe_quantile_p75_resource_underperformance,capability,EARFCN:40988.0|PCI:351.0,,351.0,-17.6259577,177.47975582,-17.6259577,177.47975582,0.0
INC-001030,542020041221088+20250828130504+Fiji-Nadi-LTE-DL-D!20250828130441,Fiji-Nadi-LTE-DL-D,2025-08-28 03:02:49+02:00,2025-08-28 03:02:49+02:00,1,1,77.65,77.65,75.15,80.72,17.0,0,1,0,False,ca_underperformance,normal,capability,ECI:1077825.0,1077825.0,167.0,-17.63064507,177.45734024,-17.63064507,177.45734024,0.0
INC-001014,542020041221088+20250828125844+Fiji-Nadi-LTE-DL-D!20250828125759,Fiji-Nadi-LTE-DL-D,2025-08-28 02:56:59+02:00,2025-08-28 02:57:00+02:00,1,2,77.49,77.49,74.12,81.61,24.0,0,2,0,True,ca_underperformance,ml_severe_quantile_p75_resource_underperformance,capability,ECI:1077825.0,1077825.0,167.0,-17.63030452,177.45583825,-17.63024234,177.45578471,1.0
INC-000239,542020041221088+20250827122555+Fiji-Nadi-LTE-DL-D!20250827113546,Fiji-Nadi-LTE-DL-D,2025-08-27 01:35:29+02:00,2025-08-27 01:35:30+02:00,1,2,77.42,77.42,66.69,90.54,24.0,1,1,0,False,ca_underperformance,ml_hgb_resource_conditioned_underperformance,capability,ECI:1072446.0,1072446.0,394.0,-17.77219751,177.42439854,-17.7722805,177.42432039,1.0
INC-000404,542020041221088+20250827133907+Fiji-Nadi-LTE-DL-D!20250827130324,Fiji-Nadi-LTE-DL-D,2025-08-27 03:02:40+02:00,2025-08-27 03:02:45+02:00,1,6,77.23,77.23,80.36,73.41,52.0,0,6,0,True,radio_limited_degradation,normal,radio,ECI:1067828.0,1067828.0,127.0,-17.78510628,177.4281874,-17.78454077,177.42834025,5.0
INC-000601,542020041221088+20250827151552+Fiji-Nadi-LTE-DL-D!20250827151524,Fiji-Nadi-LTE-DL-D,2025-08-27 05:13:45+02:00,2025-08-27 05:13:45+02:00,1,1,77.21,77.21,58.56,100.0,17.0,1,0,0,False,ca_underperformance,ml_severe_quantile_p75_resource_underperformance,temporal,ECI:1068313.0,1068313.0,50.0,-17.7481703,177.4553386,-17.7481703,177.4553386,0.0
INC-000981,542020041221088+20250828125203+Fiji-Nadi-LTE-DL-D!20250828125121,Fiji-Nadi-LTE-DL-D,2025-08-28 02:49:39+02:00,2025-08-28 02:49:40+02:00,1,2,77.17,77.17,65.64,91.26,24.0,1,1,0,True,rb_conditioned_underperformance,ml_quantile_p75_resource_underperformance,capability,ECI:3640375.0,3640375.0,167.0,-17.63040005,177.45343209,-17.6304067,177.45354,1.0
INC-000219,542020041221088+20250827122034+Fiji-Nadi-LTE-DL-D!20250827113125,Fiji-Nadi-LTE-DL-D,2025-08-27 01:30:49+02:00,2025-08-27 01:30:49+02:00,1,1,77.16,77.16,71.01,84.68,17.0,0,1,0,False,ca_underperformance,ml_quantile_p75_resource_underperformance,capability,ECI:1072439.0,1072439.0,394.0,-17.77088008,177.42557419,-17.77088008,177.42557419,0.0
INC-000449,542020041221088+20250827134808+Fiji-Nadi-LTE-DL-D!20250827131638,Fiji-Nadi-LTE-DL-D,2025-08-27 03:15:38+02:00,2025-08-27 03:15:40+02:00,1,3,77.08,77.08,75.42,79.11,31.0,0,3,0,False,ca_underperformance,normal,capability,ECI:1072445.0,1072445.0,395.0,-17.7682506,177.4351813,-17.76829874,177.43523972,2.0
INC-000528,542020041221088+20250827140850+Fiji-Nadi-LTE-DL-D!20250827140234,Fiji-Nadi-LTE-DL-D,2025-08-27 04:01:01+02:00,2025-08-27 04:01:03+02:00,1,3,76.9,76.9,74.6,79.7,31.0,0,3,0,True,radio_limited_degradation,normal,temporal,ECI:1066034.0,1066034.0,124.0,-17.7665226,177.44771125,-17.7665226,177.44771125,2.0
INC-000598,542020041221088+20250827151332+Fiji-Nadi-LTE-DL-D!20250827151309,Fiji-Nadi-LTE-DL-D,2025-08-27 05:12:41+02:00,2025-08-27 05:12:48+02:00,2,4,76.87,68.275,70.73,84.38,31.0,1,3,0,True,radio_limited_degradation,normal,temporal,ECI:3625798.0,3625798.0,115.0,-17.7531326,177.4542562,-17.7531273,177.4542602,7.0
INC-001028,542020041221088+20250828130244+Fiji-Nadi-LTE-DL-D!20250828130228,Fiji-Nadi-LTE-DL-D,2025-08-28 03:02:23+02:00,2025-08-28 03:02:23+02:00,1,1,76.84,76.84,57.89,100.0,17.0,1,0,0,False,rb_conditioned_underperformance,ml_quantile_p75_resource_underperformance,capability,ECI:1077780.0,1077780.0,165.0,-17.63074257,177.45460326,-17.63074257,177.45460326,0.0
INC-000073,542020041221088+20250827102526+Fiji-Nadi-LTE-DL-D!20250827102354,Fiji-Nadi-LTE-DL-D,2025-08-27 00:21:53+02:00,2025-08-27 00:21:53+02:00,1,1,76.79,76.79,57.8,100.0,17.0,1,0,0,True,rb_conditioned_underperformance,ml_quantile_p75_resource_underperformance,temporal,ECI:1064756.0,1064756.0,149.0,-17.80686405,177.41527523,-17.80686405,177.41527523,0.0
INC-000549,542020041221088+20250827141150+Fiji-Nadi-LTE-DL-D!20250827140658,Fiji-Nadi-LTE-DL-D,2025-08-27 04:06:15+02:00,2025-08-27 04:06:22+02:00,2,7,76.54,72.44,85.69,65.35,52.0,0,7,0,True,radio_limited_degradation,normal,radio,ECI:1067151.0,1067151.0,125.0,-17.76568214,177.43980565,-17.7653367,177.439335,7.0
INC-000668,542020041221088+20250827155853+Fiji-Nadi-LTE-DL-D!20250827154409,Fiji-Nadi-LTE-DL-D,2025-08-27 05:42:50+02:00,2025-08-27 05:42:50+02:00,1,1,76.53,76.53,76.01,77.17,17.0,0,1,0,False,ca_underperformance,normal,capability,ECI:1068338.0,1068338.0,49.0,-17.74446573,177.4569019,-17.74446573,177.4569019,0.0
INC-000590,542020041221088+20250827151332+Fiji-Nadi-LTE-DL-D!20250827151309,Fiji-Nadi-LTE-DL-D,2025-08-27 05:11:39+02:00,2025-08-27 05:11:39+02:00,1,1,76.5,76.5,57.27,100.0,17.0,1,0,0,True,rb_conditioned_underperformance,ml_quantile_p75_resource_underperformance,temporal,ECI:3625798.0,3625798.0,115.0,-17.75344153,177.45198159,-17.75344153,177.45198159,0.0
INC-000588,542020041221088+20250827151332+Fiji-Nadi-LTE-DL-D!20250827151309,Fiji-Nadi-LTE-DL-D,2025-08-27 05:11:10+02:00,2025-08-27 05:11:17+02:00,2,4,76.28,70.225,75.68,77.01,31.0,0,4,0,True,radio_limited_degradation,normal,temporal,ECI:3625800.0,3625800.0,114.0,-17.7532782,177.45099524,-17.75318694,177.45123171,7.0
INC-000212,542020041221088+20250827122034+Fiji-Nadi-LTE-DL-D!20250827113125,Fiji-Nadi-LTE-DL-D,2025-08-27 01:29:25+02:00,2025-08-27 01:29:27+02:00,1,3,76.28,76.28,68.54,85.73,31.0,1,2,0,False,rolling_local_drop,normal,temporal,ECI:1069516.0,1069516.0,403.0,-17.77907162,177.42536256,-17.77895195,177.42521769,2.0
INC-000928,542020041221088+20250828123602+Fiji-Nadi-LTE-DL-D!20250828123538,Fiji-Nadi-LTE-DL-D,2025-08-28 02:33:36+02:00,2025-08-28 02:33:46+02:00,3,4,76.24,66.66333333333333,56.8,100.0,24.0,1,3,0,True,rb_conditioned_underperformance,ml_quantile_p75_resource_underperformance,capability,ECI:3643080.0,3643080.0,310.0,-17.6293643,177.440522,-17.6294765,177.4403797,10.0
INC-000416,542020041221088+20250827134247+Fiji-Nadi-LTE-DL-D!20250827130749,Fiji-Nadi-LTE-DL-D,2025-08-27 03:06:01+02:00,2025-08-27 03:06:01+02:00,1,1,76.2,76.2,74.4,78.41,17.0,0,1,0,False,sudden_drop,normal,temporal,ECI:1072702.0,1072702.0,394.0,-17.7807976,177.4313552,-17.7807976,177.4313552,0.0
INC-000650,542020041221088+20250827153152+Fiji-Nadi-LTE-DL-D!20250827153105,Fiji-Nadi-LTE-DL-D,2025-08-27 05:29:02+02:00,2025-08-27 05:29:02+02:00,1,1,76.2,76.2,56.73,100.0,17.0,1,0,0,False,rb_conditioned_underperformance,ml_quantile_p75_resource_underperformance,temporal,EARFCN:40790.0|PCI:120.0,,120.0,-17.74493263,177.43975535,-17.74493263,177.43975535,0.0
INC-000503,542020041221088+20250827140149+Fiji-Nadi-LTE-DL-D!20250827134245,Fiji-Nadi-LTE-DL-D,2025-08-27 03:42:40+02:00,2025-08-27 03:42:41+02:00,1,2,76.15,76.15,63.86,91.17,24.0,1,1,0,False,rb_conditioned_underperformance,ml_quantile_p75_resource_underperformance,temporal,ECI:1069373.0,1069373.0,135.0,-17.7705915,177.4031588,-17.7706246,177.4032263,1.0
INC-000278,542020041221088+20250827123437+Fiji-Nadi-LTE-DL-D!20250827114425,Fiji-Nadi-LTE-DL-D,2025-08-27 01:43:36+02:00,2025-08-27 01:43:43+02:00,1,8,76.07,76.07,85.75,64.23,66.0,0,8,0,True,radio_limited_degradation,normal,radio,ECI:1069080.0,1069080.0,140.0,-17.7936536,177.3949411,-17.79291307,177.39505489,7.0
INC-000409,542020041221088+20250827134107+Fiji-Nadi-LTE-DL-D!20250827130537,Fiji-Nadi-LTE-DL-D,2025-08-27 03:04:30+02:00,2025-08-27 03:04:31+02:00,1,2,76.04,76.04,64.51,90.12,24.0,1,1,0,False,rb_conditioned_underperformance,ml_quantile_p75_resource_underperformance,resource,ECI:1065535.0,1065535.0,394.0,-17.78084762,177.43257236,-17.78085269,177.43263587,1.0
INC-000338,542020041221088+20250827131624+Fiji-Nadi-LTE-DL-D!20250827121056,Fiji-Nadi-LTE-DL-D,2025-08-27 02:10:32+02:00,2025-08-27 02:10:38+02:00,1,7,75.99,75.99,88.4,60.82,59.0,0,7,0,True,radio_limited_degradation,normal,radio,ECI:1067573.0,1067573.0,151.0,-17.7966905,177.4034138,-17.7966899,177.4041092,6.0
INC-000412,542020041221088+20250827134107+Fiji-Nadi-LTE-DL-D!20250827130537,Fiji-Nadi-LTE-DL-D,2025-08-27 03:04:56+02:00,2025-08-27 03:04:57+02:00,1,2,75.95,75.95,79.28,71.88,24.0,0,2,0,True,radio_limited_degradation,normal,temporal,ECI:1072704.0,1072704.0,395.0,-17.7809643,177.4338239,-17.78096425,177.43382376,1.0
INC-000032,542020041221088+20250827095105+Fiji-Nadi-LTE-DL-D!20250827094821,Fiji-Nadi-LTE-DL-D,2025-08-26 23:47:09+02:00,2025-08-26 23:47:10+02:00,1,2,75.93,75.93,65.28,88.94,24.0,1,1,0,False,ca_underperformance,ml_quantile_p75_resource_underperformance,capability,ECI:1067570.0,1067570.0,151.0,-17.8116013,177.3998509,-17.8116013,177.3998509,1.0
INC-000407,542020041221088+20250827134107+Fiji-Nadi-LTE-DL-D!20250827130537,Fiji-Nadi-LTE-DL-D,2025-08-27 03:04:10+02:00,2025-08-27 03:04:10+02:00,1,1,75.86,75.86,73.25,79.06,17.0,0,1,0,False,sudden_drop,normal,temporal,ECI:1065535.0,1065535.0,394.0,-17.78078133,177.43160185,-17.78078133,177.43160185,0.0
INC-000593,542020041221088+20250827151332+Fiji-Nadi-LTE-DL-D!20250827151309,Fiji-Nadi-LTE-DL-D,2025-08-27 05:12:02+02:00,2025-08-27 05:12:03+02:00,1,2,75.85,75.85,63.99,90.35,24.0,1,1,0,True,radio_limited_degradation,ml_quantile_p75_resource_underperformance,resource,ECI:3625798.0,3625798.0,115.0,-17.75362788,177.45288028,-17.7536245,177.4530027,1.0
INC-000544,542020041221088+20250827141150+Fiji-Nadi-LTE-DL-D!20250827140658,Fiji-Nadi-LTE-DL-D,2025-08-27 04:04:58+02:00,2025-08-27 04:05:08+02:00,3,6,75.83,68.10333333333334,64.06,90.21,31.0,1,5,0,True,radio_limited_degradation,normal,temporal,ECI:1066036.0,1066036.0,125.0,-17.76531034,177.44444824,-17.7651746,177.4438619,10.0
INC-001068,542020041221088+20250828132555+Fiji-Nadi-LTE-DL-D!20250828131914,Fiji-Nadi-LTE-DL-D,2025-08-28 03:17:59+02:00,2025-08-28 03:18:00+02:00,1,2,75.81,75.81,63.9,90.36,24.0,1,1,0,True,ca_underperformance,ml_quantile_p75_resource_underperformance,capability,ECI:3638847.0,3638847.0,253.0,-17.62308663,177.46674857,-17.6229909,177.46680211,1.0
INC-000417,542020041221088+20250827134247+Fiji-Nadi-LTE-DL-D!20250827130749,Fiji-Nadi-LTE-DL-D,2025-08-27 03:06:08+02:00,2025-08-27 03:06:10+02:00,1,3,75.8,75.8,75.3,76.41,31.0,0,3,0,True,rolling_local_drop,normal,temporal,ECI:1072702.0,1072702.0,394.0,-17.7807834,177.4310874,-17.78077724,177.43100443,2.0
INC-000099,542020041221088+20250827103246+Fiji-Nadi-LTE-DL-D!20250827103001,Fiji-Nadi-LTE-DL-D,2025-08-27 00:29:56+02:00,2025-08-27 00:30:02+02:00,1,7,75.77,75.77,86.61,62.52,59.0,0,7,0,True,radio_limited_degradation,normal,radio,ECI:1064755.0,1064755.0,148.0,-17.81391781,177.43533454,-17.81352404,177.43512036,6.0
INC-000726,542020041221088+20250828103047+Fiji-Nadi-LTE-DL-D!20250828102736,Fiji-Nadi-LTE-DL-D,2025-08-28 00:25:39+02:00,2025-08-28 00:25:40+02:00,1,2,75.76,75.76,63.83,90.35,24.0,1,1,0,True,ca_underperformance,ml_quantile_p75_resource_underperformance,capability,ECI:1066294.0,1066294.0,487.0,-17.73227077,177.4574637,-17.7321309,177.4572045,1.0
INC-000864,542020041221088+20250828121041+Fiji-Nadi-LTE-DL-D!20250828114409,Fiji-Nadi-LTE-DL-D,2025-08-28 01:42:18+02:00,2025-08-28 01:42:20+02:00,1,3,75.65,75.65,71.88,80.26,31.0,0,3,0,False,ca_underperformance,ml_hgb_strict_causal_temporal_underperformance,capability,ECI:1082165.0,1082165.0,139.0,-17.6039857,177.45159,-17.6039866,177.4515492,2.0
INC-000440,542020041221088+20250827134607+Fiji-Nadi-LTE-DL-D!20250827131425,Fiji-Nadi-LTE-DL-D,2025-08-27 03:12:34+02:00,2025-08-27 03:12:36+02:00,1,3,75.54,75.54,67.06,85.91,31.0,1,2,0,False,rolling_local_drop,normal,temporal,ECI:1067060.0,1067060.0,129.0,-17.7754463,177.4326012,-17.77541211,177.43255691,2.0
INC-000119,542020041221088+20250827104707+Fiji-Nadi-LTE-DL-D!20250827104518,Fiji-Nadi-LTE-DL-D,2025-08-27 00:44:06+02:00,2025-08-27 00:44:07+02:00,1,2,75.49,75.49,74.8,76.34,24.0,0,2,0,True,radio_limited_degradation,normal,temporal,ECI:1073174.0,1073174.0,431.0,-17.78793437,177.44195638,-17.7878284,177.44202907,1.0
INC-001053,542020041221088+20250828131954+Fiji-Nadi-LTE-DL-D!20250828131344,Fiji-Nadi-LTE-DL-D,2025-08-28 03:13:40+02:00,2025-08-28 03:13:40+02:00,1,1,75.48,75.48,70.59,81.46,17.0,0,1,0,False,sudden_drop,normal,temporal,ECI:3638848.0,3638848.0,254.0,-17.6279545,177.4710118,-17.6279545,177.4710118,0.0
INC-000303,542020041221088+20250827123858+Fiji-Nadi-LTE-DL-D!20250827115524,Fiji-Nadi-LTE-DL-D,2025-08-27 01:54:21+02:00,2025-08-27 01:54:21+02:00,1,1,75.47,75.47,72.72,78.83,17.0,0,1,0,True,radio_limited_degradation,normal,temporal,ECI:1066814.0,1066814.0,156.0,-17.77603561,177.36804676,-17.77603561,177.36804676,0.0
INC-000284,542020041221088+20250827123517+Fiji-Nadi-LTE-DL-D!20250827114634,Fiji-Nadi-LTE-DL-D,2025-08-27 01:44:52+02:00,2025-08-27 01:45:02+02:00,1,11,75.44,75.44,90.63,56.87,81.0,0,11,0,True,radio_limited_degradation,normal,radio,ECI:1069126.0,1069126.0,138.0,-17.78520008,177.39134153,-17.78461551,177.39020029,10.0
INC-000775,542020041221088+20250828105007+Fiji-Nadi-LTE-DL-D!20250828104930,Fiji-Nadi-LTE-DL-D,2025-08-28 00:49:19+02:00,2025-08-28 00:49:19+02:00,1,1,75.42,75.42,79.24,70.75,17.0,0,1,0,False,sudden_drop,normal,temporal,ECI:1078590.0,1078590.0,163.0,-17.6487842,177.4439907,-17.6487842,177.4439907,0.0
INC-001270,542020041221088+20250828153922+Fiji-Nadi-LTE-DL-D!20250828152928,Fiji-Nadi-LTE-DL-D,2025-08-28 05:27:32+02:00,2025-08-28 05:27:37+02:00,1,6,75.38,75.38,79.1,70.84,52.0,0,6,0,True,radio_limited_degradation,normal,radio,ECI:1081375.0,1081375.0,454.0,-17.6763024,177.4053645,-17.6765444,177.4061108,5.0
INC-000305,542020041221088+20250827123858+Fiji-Nadi-LTE-DL-D!20250827115524,Fiji-Nadi-LTE-DL-D,2025-08-27 01:54:34+02:00,2025-08-27 01:54:36+02:00,1,3,75.36,75.36,74.02,76.99,31.0,0,3,0,True,radio_limited_degradation,normal,temporal,ECI:1066814.0,1066814.0,156.0,-17.777129,177.36826133,-17.77731042,177.3682741,2.0
INC-000155,542020041221088+20250827110647+Fiji-Nadi-LTE-DL-D!20250827105407,Fiji-Nadi-LTE-DL-D,2025-08-27 00:52:36+02:00,2025-08-27 00:52:36+02:00,1,1,75.28,75.28,71.83,79.5,17.0,0,1,0,False,ca_underperformance,normal,capability,ECI:1067286.0,1067286.0,212.0,-17.76251478,177.46458487,-17.76251478,177.46458487,0.0
INC-000105,542020041221088+20250827103926+Fiji-Nadi-LTE-DL-D!20250827103843,Fiji-Nadi-LTE-DL-D,2025-08-27 00:37:17+02:00,2025-08-27 00:37:25+02:00,1,9,75.26,75.26,93.14,53.41,73.0,0,9,0,True,radio_limited_degradation,normal,radio,ECI:1064755.0,1064755.0,148.0,-17.8132208,177.4348914,-17.81292808,177.43478619,8.0
INC-000524,542020041221088+20250827140810+Fiji-Nadi-LTE-DL-D!20250827140022,Fiji-Nadi-LTE-DL-D,2025-08-27 04:00:11+02:00,2025-08-27 04:00:12+02:00,1,2,75.2,75.2,70.8,80.58,24.0,0,2,0,True,radio_limited_degradation,normal,temporal,ECI:1066034.0,1066034.0,124.0,-17.7665226,177.44771125,-17.7665226,177.4477113,1.0
INC-001262,542020041221088+20250828153519+Fiji-Nadi-LTE-DL-D!20250828151816,Fiji-Nadi-LTE-DL-D,2025-08-28 05:17:50+02:00,2025-08-28 05:17:50+02:00,1,1,75.19,75.19,70.86,80.49,17.0,0,1,0,False,ca_underperformance,ml_quantile_p75_resource_underperformance,capability,ECI:1081376.0,1081376.0,455.0,-17.6737284,177.4085895,-17.6737284,177.4085895,0.0
INC-000312,542020041221088+20250827123938+Fiji-Nadi-LTE-DL-D!20250827115735,Fiji-Nadi-LTE-DL-D,2025-08-27 01:57:32+02:00,2025-08-27 01:57:32+02:00,1,1,75.16,75.16,54.83,100.0,17.0,1,0,0,False,rb_conditioned_underperformance,ml_quantile_p75_resource_underperformance,capability,ECI:1066772.0,1066772.0,157.0,-17.7713502,177.3718861,-17.7713502,177.3718861,0.0
INC-000587,542020041221088+20250827151132+Fiji-Nadi-LTE-DL-D!20250827151053,Fiji-Nadi-LTE-DL-D,2025-08-27 05:10:45+02:00,2025-08-27 05:10:53+02:00,2,5,74.98,74.325,74.75,75.98,31.0,0,5,0,True,radio_limited_degradation,ml_hgb_strict_causal_temporal_underperformance,temporal,ECI:3625800.0,3625800.0,114.0,-17.7537383,177.4508364,-17.75362351,177.45086778,8.0
INC-000479,542020041221088+20250827135549+Fiji-Nadi-LTE-DL-D!20250827133724,Fiji-Nadi-LTE-DL-D,2025-08-27 03:36:27+02:00,2025-08-27 03:36:29+02:00,1,3,74.9,74.9,64.72,87.34,31.0,1,2,0,False,ca_underperformance,ml_hgb_resource_conditioned_underperformance,capability,ECI:1065524.0,1065524.0,133.0,-17.7851352,177.4228935,-17.78507887,177.4228236,2.0
INC-000608,542020041221088+20250827151552+Fiji-Nadi-LTE-DL-D!20250827151524,Fiji-Nadi-LTE-DL-D,2025-08-27 05:15:13+02:00,2025-08-27 05:15:13+02:00,1,1,74.89,74.89,70.91,79.75,17.0,0,1,0,True,rb_efficiency_underperformance,normal,radio,ECI:1066291.0,1066291.0,487.0,-17.7470291,177.4487421,-17.7470291,177.4487421,0.0
INC-000072,542020041221088+20250827102346+Fiji-Nadi-LTE-DL-D!20250827102142,Fiji-Nadi-LTE-DL-D,2025-08-27 00:21:17+02:00,2025-08-27 00:21:17+02:00,1,1,74.82,74.82,54.49,99.68,17.0,1,0,0,False,ca_underperformance,ml_quantile_p75_resource_underperformance,capability,ECI:1064756.0,1064756.0,149.0,-17.80910029,177.41300548,-17.80910029,177.41300548,0.0
INC-000745,542020041221088+20250828103907+Fiji-Nadi-LTE-DL-D!20250828103834,Fiji-Nadi-LTE-DL-D,2025-08-28 00:38:29+02:00,2025-08-28 00:38:34+02:00,1,6,74.72,74.72,78.33,70.31,52.0,0,6,0,True,radio_limited_degradation,normal,radio,ECI:1079366.0,1079366.0,320.0,-17.6627847,177.4057861,-17.66238265,177.40562299,5.0
INC-000263,542020041221088+20250827123337+Fiji-Nadi-LTE-DL-D!20250827114216,Fiji-Nadi-LTE-DL-D,2025-08-27 01:42:02+02:00,2025-08-27 01:42:07+02:00,1,6,74.71,74.71,83.56,63.88,52.0,0,6,0,True,radio_limited_degradation,normal,radio,ECI:1073736.0,1073736.0,363.0,-17.79678404,177.40556276,-17.79677514,177.40496856,5.0
INC-000259,542020041221088+20250827123337+Fiji-Nadi-LTE-DL-D!20250827114216,Fiji-Nadi-LTE-DL-D,2025-08-27 01:41:03+02:00,2025-08-27 01:41:13+02:00,2,10,74.65,70.735,91.46,54.1,66.0,0,10,0,True,radio_limited_degradation,normal,radio,ECI:1065271.0,1065271.0,140.0,-17.7967159,177.4075249,-17.7967214,177.407518,10.0
INC-000989,542020041221088+20250828125203+Fiji-Nadi-LTE-DL-D!20250828125121,Fiji-Nadi-LTE-DL-D,2025-08-28 02:51:03+02:00,2025-08-28 02:51:03+02:00,1,1,74.64,74.64,78.91,69.42,17.0,0,1,0,True,radio_limited_degradation,normal,radio,ECI:3640375.0,3640375.0,275.0,-17.6342212,177.4535703,-17.6342212,177.4535703,0.0
INC-000444,542020041221088+20250827134607+Fiji-Nadi-LTE-DL-D!20250827131425,Fiji-Nadi-LTE-DL-D,2025-08-27 03:13:34+02:00,2025-08-27 03:13:44+02:00,2,10,74.63,73.49,83.18,70.54,66.0,0,10,0,True,radio_limited_degradation,normal,radio,ECI:1067148.0,1067148.0,339.0,-17.77381905,177.43379696,-17.7732165,177.4342317,10.0
INC-000028,542020041221088+20250827095105+Fiji-Nadi-LTE-DL-D!20250827094821,Fiji-Nadi-LTE-DL-D,2025-08-26 23:46:38+02:00,2025-08-26 23:46:39+02:00,1,2,74.63,74.63,69.17,81.29,24.0,0,2,0,True,radio_limited_degradation,normal,temporal,ECI:1067570.0,1067570.0,151.0,-17.81160131,177.39985085,-17.81160131,177.39985085,1.0
INC-000024,542020041221088+20250827094925+Fiji-Nadi-LTE-DL-D!20250827094611,Fiji-Nadi-LTE-DL-D,2025-08-26 23:45:51+02:00,2025-08-26 23:45:52+02:00,1,2,74.58,74.58,61.43,90.64,24.0,1,1,0,False,ca_underperformance,ml_quantile_p75_resource_underperformance,capability,ECI:1067570.0,1067570.0,151.0,-17.81160131,177.39985085,-17.81160131,177.39985085,1.0
INC-001087,542020041221088+20250828133556+Fiji-Nadi-LTE-DL-D!20250828132602,Fiji-Nadi-LTE-DL-D,2025-08-28 03:24:27+02:00,2025-08-28 03:24:28+02:00,1,2,74.58,74.58,70.66,79.38,24.0,0,2,0,False,rolling_local_drop,normal,temporal,ECI:3638807.0,3638807.0,253.0,-17.6223535,177.4671375,-17.6222534,177.467186,1.0
INC-000023,542020041221088+20250827094925+Fiji-Nadi-LTE-DL-D!20250827094611,Fiji-Nadi-LTE-DL-D,2025-08-26 23:45:42+02:00,2025-08-26 23:45:43+02:00,1,2,74.49,74.49,70.46,79.41,24.0,0,2,0,False,rolling_local_drop,normal,temporal,ECI:1067570.0,1067570.0,151.0,-17.8116013,177.3998509,-17.81160131,177.39985085,1.0
INC-000225,542020041221088+20250827122335+Fiji-Nadi-LTE-DL-D!20250827113336,Fiji-Nadi-LTE-DL-D,2025-08-27 01:31:59+02:00,2025-08-27 01:31:59+02:00,1,1,74.48,74.48,69.84,80.16,17.0,0,1,0,False,sudden_drop,normal,temporal,ECI:1072439.0,1072439.0,394.0,-17.76512541,177.43056646,-17.76512541,177.43056646,0.0
INC-000980,542020041221088+20250828125203+Fiji-Nadi-LTE-DL-D!20250828125121,Fiji-Nadi-LTE-DL-D,2025-08-28 02:49:20+02:00,2025-08-28 02:49:28+02:00,2,5,74.45,70.485,74.75,74.09,31.0,0,5,0,True,ca_underperformance,ml_quantile_p75_resource_underperformance,capability,ECI:1077825.0,1077825.0,167.0,-17.62989119,177.45302496,-17.63034857,177.45312478,8.0
INC-000277,542020041221088+20250827123437+Fiji-Nadi-LTE-DL-D!20250827114425,Fiji-Nadi-LTE-DL-D,2025-08-27 01:43:26+02:00,2025-08-27 01:43:30+02:00,1,5,74.37,74.37,84.92,61.47,45.0,0,5,0,True,radio_limited_degradation,normal,radio,ECI:1069126.0,1069126.0,138.0,-17.79487485,177.39545414,-17.79447074,177.39514009,4.0
INC-000504,542020041221088+20250827140349+Fiji-Nadi-LTE-DL-D!20250827135601,Fiji-Nadi-LTE-DL-D,2025-08-27 03:54:00+02:00,2025-08-27 03:54:19+02:00,3,16,74.32,73.84333333333333,82.74,72.27,59.0,0,16,0,True,radio_limited_degradation,normal,radio,ECI:1066048.0,1066048.0,123.0,-17.7690611,177.440185,-17.76906107,177.44018496,19.0
INC-000833,542020041221088+20250828114952+Fiji-Nadi-LTE-DL-D!20250828112430,Fiji-Nadi-LTE-DL-D,2025-08-28 01:23:22+02:00,2025-08-28 01:23:25+02:00,1,4,74.32,74.32,73.9,74.82,38.0,0,4,0,True,rolling_local_drop,normal,temporal,ECI:1076426.0,1076426.0,375.0,-17.60673418,177.46130502,-17.60651148,177.4613549,3.0
INC-000554,542020041221088+20250827141150+Fiji-Nadi-LTE-DL-D!20250827140658,Fiji-Nadi-LTE-DL-D,2025-08-27 04:06:52+02:00,2025-08-27 04:06:58+02:00,1,7,74.2,74.2,81.56,65.21,59.0,0,7,0,True,radio_limited_degradation,normal,radio,ECI:1068615.0,1068615.0,122.0,-17.7640333,177.4406962,-17.76386648,177.44083012,6.0
INC-000936,542020041221088+20250828123602+Fiji-Nadi-LTE-DL-D!20250828123538,Fiji-Nadi-LTE-DL-D,2025-08-28 02:35:34+02:00,2025-08-28 02:35:35+02:00,1,2,74.16,74.16,62.64,88.24,24.0,1,1,0,True,ca_underperformance,ml_quantile_p75_resource_underperformance,temporal,ECI:1081653.0,1081653.0,315.0,-17.6314245,177.4412187,-17.6314469,177.4412981,1.0
INC-000330,542020041221088+20250827131523+Fiji-Nadi-LTE-DL-D!20250827120845,Fiji-Nadi-LTE-DL-D,2025-08-27 02:08:25+02:00,2025-08-27 02:08:35+02:00,1,11,74.11,74.11,92.74,51.35,81.0,0,11,0,True,radio_limited_degradation,normal,radio,ECI:1069086.0,1069086.0,138.0,-17.78774048,177.3934048,-17.78880753,177.39409976,10.0
INC-000132,542020041221088+20250827105427+Fiji-Nadi-LTE-DL-D!20250827104733,Fiji-Nadi-LTE-DL-D,2025-08-27 00:46:49+02:00,2025-08-27 00:46:51+02:00,1,3,74.11,74.11,69.62,79.61,31.0,0,3,0,True,radio_limited_degradation,normal,temporal,ECI:1067839.0,1067839.0,128.0,-17.77630111,177.4550587,-17.77607015,177.45514036,2.0
INC-000060,542020041221088+20250827100525+Fiji-Nadi-LTE-DL-D!20250827100437,Fiji-Nadi-LTE-DL-D,2025-08-27 00:03:31+02:00,2025-08-27 00:03:32+02:00,1,2,74.09,74.09,61.82,89.07,24.0,1,1,0,True,radio_limited_degradation,ml_quantile_p75_resource_underperformance,temporal,ECI:1064755.0,1064755.0,148.0,-17.807038,177.4225792,-17.807038,177.4225792,1.0
INC-000180,542020041221088+20250827114050+Fiji-Nadi-LTE-DL-D!20250827111354,Fiji-Nadi-LTE-DL-D,2025-08-27 01:12:01+02:00,2025-08-27 01:12:01+02:00,1,1,74.09,74.09,52.89,100.0,17.0,1,0,0,False,rb_conditioned_underperformance,ml_quantile_p75_resource_underperformance,capability,ECI:1072190.0,1072190.0,448.0,-17.7556717,177.46335923,-17.7556717,177.46335923,0.0
INC-000682,542020041221088+20250827160834+Fiji-Nadi-LTE-DL-D!20250827160146,Fiji-Nadi-LTE-DL-D,2025-08-27 06:00:04+02:00,2025-08-27 06:00:04+02:00,1,1,74.08,74.08,53.17,99.63,17.0,1,0,0,False,rb_conditioned_underperformance,ml_quantile_p75_resource_underperformance,capability,ECI:1070391.0,1070391.0,470.0,-17.80666484,177.45235495,-17.80666484,177.45235495,0.0
INC-000764,542020041221088+20250828104747+Fiji-Nadi-LTE-DL-D!20250828104718,Fiji-Nadi-LTE-DL-D,2025-08-28 00:47:07+02:00,2025-08-28 00:47:15+02:00,3,6,74.04,60.84,63.45,86.98,31.0,1,5,0,True,ca_underperformance,normal,capability,ECI:1078583.0,1078583.0,163.0,-17.64586937,177.43624855,-17.6461167,177.43697647,8.0
INC-000214,542020041221088+20250827122034+Fiji-Nadi-LTE-DL-D!20250827113125,Fiji-Nadi-LTE-DL-D,2025-08-27 01:30:02+02:00,2025-08-27 01:30:04+02:00,1,3,74.04,74.04,66.86,82.81,31.0,1,2,0,True,rb_conditioned_underperformance,normal,temporal,ECI:1067213.0,1067213.0,341.0,-17.77539201,177.42335639,-17.7750829,177.4231608,2.0
INC-000536,542020041221088+20250827141110+Fiji-Nadi-LTE-DL-D!20250827140445,Fiji-Nadi-LTE-DL-D,2025-08-27 04:02:43+02:00,2025-08-27 04:02:43+02:00,1,1,74.03,74.03,52.78,100.0,17.0,1,0,0,False,rb_conditioned_underperformance,ml_quantile_p75_resource_underperformance,resource,EARFCN:41186.0|PCI:124.0,,124.0,-17.76493678,177.44729012,-17.76493678,177.44729012,0.0
INC-000357,542020041221088+20250827131704+Fiji-Nadi-LTE-DL-D!20250827121308,Fiji-Nadi-LTE-DL-D,2025-08-27 02:12:47+02:00,2025-08-27 02:12:51+02:00,1,5,73.97,73.97,83.56,62.26,45.0,0,5,0,True,radio_limited_degradation,normal,radio,ECI:1065271.0,1065271.0,146.0,-17.79730229,177.40908892,-17.79748855,177.40965217,4.0
INC-000400,542020041221088+20250827133907+Fiji-Nadi-LTE-DL-D!20250827130324,Fiji-Nadi-LTE-DL-D,2025-08-27 03:02:02+02:00,2025-08-27 03:02:02+02:00,1,1,73.96,73.96,75.48,72.1,17.0,0,1,0,True,radio_limited_degradation,normal,temporal,ECI:1065506.0,1065506.0,322.0,-17.78911716,177.42723715,-17.78911716,177.42723715,0.0
INC-000127,542020041221088+20250827105427+Fiji-Nadi-LTE-DL-D!20250827104733,Fiji-Nadi-LTE-DL-D,2025-08-27 00:45:44+02:00,2025-08-27 00:45:45+02:00,1,2,73.86,73.86,59.93,90.89,24.0,1,1,0,False,rb_conditioned_underperformance,ml_quantile_p75_resource_underperformance,capability,ECI:1067841.0,1067841.0,127.0,-17.7809259,177.4515087,-17.78092581,177.45150816,1.0
INC-001027,542020041221088+20250828130244+Fiji-Nadi-LTE-DL-D!20250828130228,Fiji-Nadi-LTE-DL-D,2025-08-28 03:02:16+02:00,2025-08-28 03:02:17+02:00,1,2,73.85,73.85,61.28,89.21,24.0,1,1,0,False,sudden_drop,ml_quantile_p75_resource_underperformance,resource,ECI:3640372.0,3640372.0,272.0,-17.63045314,177.45386322,-17.63048628,177.45396579,1.0
INC-000597,542020041221088+20250827151332+Fiji-Nadi-LTE-DL-D!20250827151309,Fiji-Nadi-LTE-DL-D,2025-08-27 05:12:37+02:00,2025-08-27 05:12:38+02:00,1,2,73.84,73.84,61.8,88.56,24.0,1,1,0,True,rb_conditioned_underperformance,ml_quantile_p75_resource_underperformance,resource,ECI:3625798.0,3625798.0,115.0,-17.7531642,177.4542234,-17.75316368,177.45422407,1.0
INC-000171,542020041221088+20250827112649+Fiji-Nadi-LTE-DL-D!20250827110516,Fiji-Nadi-LTE-DL-D,2025-08-27 01:03:37+02:00,2025-08-27 01:03:44+02:00,1,8,73.8,73.8,79.24,67.14,66.0,0,8,0,True,radio_limited_degradation,normal,capability,ECI:1073460.0,1073460.0,82.0,-17.7702401,177.4874639,-17.7695338,177.487682,7.0
INC-001085,542020041221088+20250828133115+Fiji-Nadi-LTE-DL-D!20250828132346,Fiji-Nadi-LTE-DL-D,2025-08-28 03:23:16+02:00,2025-08-28 03:23:16+02:00,1,1,73.8,73.8,52.36,100.0,17.0,1,0,0,True,rb_conditioned_underperformance,ml_quantile_p75_resource_underperformance,capability,ECI:3638808.0,3638808.0,254.0,-17.6273783,177.4640027,-17.6273783,177.4640027,0.0
INC-000714,542020041221088+20250828102346+Fiji-Nadi-LTE-DL-D!20250828102312,Fiji-Nadi-LTE-DL-D,2025-08-28 00:22:24+02:00,2025-08-28 00:22:27+02:00,1,4,73.79,73.79,75.37,71.88,38.0,0,4,0,True,radio_limited_degradation,normal,radio,ECI:1071136.0,1071136.0,338.0,-17.7371848,177.4599081,-17.7371848,177.4599081,3.0
INC-000918,542020041221088+20250828123202+Fiji-Nadi-LTE-DL-D!20250828122853,Fiji-Nadi-LTE-DL-D,2025-08-28 02:27:02+02:00,2025-08-28 02:27:04+02:00,1,3,73.7,73.7,72.59,75.05,31.0,0,3,0,True,ca_underperformance,normal,capability,ECI:1079613.0,1079613.0,354.0,-17.62218535,177.43519892,-17.62229804,177.4353207,2.0
INC-001037,542020041221088+20250828131435+Fiji-Nadi-LTE-DL-D!20250828131128,Fiji-Nadi-LTE-DL-D,2025-08-28 03:09:38+02:00,2025-08-28 03:09:40+02:00,1,3,73.7,73.7,70.99,77.02,31.0,0,3,0,True,radio_limited_degradation,normal,temporal,ECI:3638838.0,3638838.0,254.0,-17.62708017,177.46446545,-17.62696418,177.46465549,2.0
INC-001038,542020041221088+20250828131435+Fiji-Nadi-LTE-DL-D!20250828131128,Fiji-Nadi-LTE-DL-D,2025-08-28 03:09:54+02:00,2025-08-28 03:09:55+02:00,1,2,73.7,73.7,75.19,71.88,24.0,0,2,0,True,radio_limited_degradation,normal,temporal,ECI:3638838.0,3638838.0,254.0,-17.62662792,177.46562588,-17.62665446,177.4656937,1.0
INC-000994,542020041221088+20250828125404+Fiji-Nadi-LTE-DL-D!20250828125334,Fiji-Nadi-LTE-DL-D,2025-08-28 02:51:59+02:00,2025-08-28 02:52:06+02:00,3,6,73.68,71.04,77.64,69.29,31.0,0,6,0,True,radio_limited_degradation,normal,radio,ECI:1077825.0,1077825.0,167.0,-17.63497149,177.45424037,-17.6347077,177.4543207,7.0
INC-000493,542020041221088+20250827135949+Fiji-Nadi-LTE-DL-D!20250827134144,Fiji-Nadi-LTE-DL-D,2025-08-27 03:40:44+02:00,2025-08-27 03:40:46+02:00,1,3,73.59,73.59,71.49,76.15,31.0,0,3,0,True,radio_limited_degradation,normal,temporal,ECI:1069373.0,1069373.0,135.0,-17.7753137,177.4081357,-17.7751714,177.408095,2.0
INC-000118,542020041221088+20250827104707+Fiji-Nadi-LTE-DL-D!20250827104518,Fiji-Nadi-LTE-DL-D,2025-08-27 00:43:53+02:00,2025-08-27 00:43:53+02:00,1,1,73.59,73.59,68.48,79.84,17.0,0,1,0,False,sudden_drop,normal,temporal,ECI:1073174.0,1073174.0,431.0,-17.7892713,177.441017,-17.7892713,177.441017,0.0
INC-000295,542020041221088+20250827123638+Fiji-Nadi-LTE-DL-D!20250827114845,Fiji-Nadi-LTE-DL-D,2025-08-27 01:48:28+02:00,2025-08-27 01:48:45+02:00,4,9,73.45,68.17750000000001,75.67,70.74,31.0,0,9,0,True,radio_limited_degradation,normal,radio,ECI:1066816.0,1066816.0,158.0,-17.77583656,177.37567579,-17.77506832,177.37518586,17.0
INC-000209,542020041221088+20250827121333+Fiji-Nadi-LTE-DL-D!20250827112914,Fiji-Nadi-LTE-DL-D,2025-08-27 01:28:58+02:00,2025-08-27 01:29:00+02:00,1,3,73.45,73.45,71.08,76.35,31.0,0,3,0,True,radio_limited_degradation,normal,temporal,ECI:1065675.0,1065675.0,321.0,-17.78003006,177.42707257,-17.77991762,177.42703995,2.0
INC-000173,542020041221088+20250827112649+Fiji-Nadi-LTE-DL-D!20250827110516,Fiji-Nadi-LTE-DL-D,2025-08-27 01:03:59+02:00,2025-08-27 01:03:59+02:00,1,1,73.45,73.45,65.13,83.62,17.0,0,1,0,False,ca_underperformance,ml_severe_quantile_p75_resource_underperformance,capability,ECI:1067335.0,1067335.0,108.0,-17.7682644,177.4888325,-17.7682644,177.4888325,0.0
INC-001147,542020041221088+20250828135857+Fiji-Nadi-LTE-DL-D!20250828135526,Fiji-Nadi-LTE-DL-D,2025-08-28 03:54:23+02:00,2025-08-28 03:54:23+02:00,1,1,73.44,73.44,51.79,99.9,17.0,1,0,0,False,rb_conditioned_underperformance,ml_quantile_p75_resource_underperformance,capability,ECI:1082166.0,1082166.0,140.0,-17.6109494,177.4504843,-17.6109494,177.4504843,0.0
INC-000702,542020041221088+20250827161234+Fiji-Nadi-LTE-DL-D!20250827161029,Fiji-Nadi-LTE-DL-D,2025-08-27 06:08:49+02:00,2025-08-27 06:09:05+02:00,3,11,73.38,68.06666666666666,81.55,63.39,52.0,0,11,0,True,radio_limited_degradation,normal,radio,ECI:1071647.0,1071647.0,395.0,-17.8143623,177.43826694,-17.8149768,177.4387693,16.0
INC-000020,542020041221088+20250827094925+Fiji-Nadi-LTE-DL-D!20250827094611,Fiji-Nadi-LTE-DL-D,2025-08-26 23:45:18+02:00,2025-08-26 23:45:19+02:00,1,2,73.36,73.36,70.14,77.31,24.0,0,2,0,False,rolling_local_drop,normal,temporal,ECI:1067570.0,1067570.0,151.0,-17.81160131,177.39985085,-17.81160131,177.39985085,1.0
INC-000058,542020041221088+20250827100345+Fiji-Nadi-LTE-DL-D!20250827100319,Fiji-Nadi-LTE-DL-D,2025-08-27 00:02:23+02:00,2025-08-27 00:02:25+02:00,1,3,73.32,73.32,62.71,86.3,31.0,1,2,0,True,ca_underperformance,normal,capability,ECI:1064755.0,1064755.0,148.0,-17.80703805,177.42257921,-17.80703805,177.42257921,2.0
INC-000066,542020041221088+20250827102006+Fiji-Nadi-LTE-DL-D!20250827101931,Fiji-Nadi-LTE-DL-D,2025-08-27 00:17:32+02:00,2025-08-27 00:17:41+02:00,3,8,73.29,70.85666666666667,79.48,67.11,45.0,0,8,0,True,radio_limited_degradation,normal,radio,ECI:1067720.0,1067720.0,351.0,-17.8160388,177.395537,-17.8160387,177.395537,9.0
INC-000145,542020041221088+20250827110227+Fiji-Nadi-LTE-DL-D!20250827105156,Fiji-Nadi-LTE-DL-D,2025-08-27 00:50:18+02:00,2025-08-27 00:50:18+02:00,1,1,73.29,73.29,75.37,70.75,17.0,0,1,0,False,sudden_drop,normal,temporal,ECI:1070898.0,1070898.0,212.0,-17.7629862,177.4595338,-17.7629862,177.4595338,0.0
INC-000681,542020041221088+20250827160614+Fiji-Nadi-LTE-DL-D!20250827155934,Fiji-Nadi-LTE-DL-D,2025-08-27 05:57:53+02:00,2025-08-27 05:58:01+02:00,2,7,73.27,72.34,77.06,73.7,52.0,0,7,0,True,rb_efficiency_underperformance,normal,radio,ECI:1065020.0,1065020.0,148.0,-17.8005044,177.4526002,-17.80088095,177.45288185,8.0
INC-001074,542020041221088+20250828132735+Fiji-Nadi-LTE-DL-D!20250828132130,Fiji-Nadi-LTE-DL-D,2025-08-28 03:20:20+02:00,2025-08-28 03:20:23+02:00,1,4,73.27,73.27,74.52,71.74,38.0,0,4,0,True,radio_limited_degradation,normal,radio,ECI:3638804.0,3638804.0,250.0,-17.619353,177.4644681,-17.6195232,177.464233,3.0
INC-000328,542020041221088+20250827131523+Fiji-Nadi-LTE-DL-D!20250827120845,Fiji-Nadi-LTE-DL-D,2025-08-27 02:07:52+02:00,2025-08-27 02:07:56+02:00,1,5,73.24,73.24,82.56,61.86,45.0,0,5,0,True,rb_efficiency_underperformance,normal,radio,ECI:1067079.0,1067079.0,138.0,-17.78486695,177.39088023,-17.78513296,177.39134484,4.0
INC-001259,542020041221088+20250828144339+Fiji-Nadi-LTE-DL-D!20250828144308,Fiji-Nadi-LTE-DL-D,2025-08-28 04:42:54+02:00,2025-08-28 04:43:02+02:00,2,5,73.24,62.815,70.51,76.58,31.0,0,5,0,True,rb_conditioned_underperformance,normal,capability,ECI:1081632.0,1081632.0,356.0,-17.6364649,177.4274327,-17.6367601,177.4270479,8.0
INC-000930,542020041221088+20250828123602+Fiji-Nadi-LTE-DL-D!20250828123538,Fiji-Nadi-LTE-DL-D,2025-08-28 02:34:24+02:00,2025-08-28 02:34:25+02:00,1,2,73.21,73.21,75.22,70.75,24.0,0,2,0,False,rolling_local_drop,normal,temporal,ECI:3642943.0,3642943.0,313.0,-17.6302466,177.4411748,-17.6302436,177.4411556,1.0
INC-000235,542020041221088+20250827122555+Fiji-Nadi-LTE-DL-D!20250827113546,Fiji-Nadi-LTE-DL-D,2025-08-27 01:34:37+02:00,2025-08-27 01:34:38+02:00,1,2,73.18,73.18,51.23,100.0,24.0,2,0,0,False,rb_conditioned_underperformance,ml_quantile_p75_resource_underperformance,capability,ECI:1072446.0,1072446.0,394.0,-17.76809704,177.42833129,-17.7682457,177.4281939,1.0
INC-000146,542020041221088+20250827110227+Fiji-Nadi-LTE-DL-D!20250827105156,Fiji-Nadi-LTE-DL-D,2025-08-27 00:50:34+02:00,2025-08-27 00:50:34+02:00,1,1,73.14,73.14,75.09,70.75,17.0,0,1,0,False,sudden_drop,normal,temporal,ECI:1070898.0,1070898.0,212.0,-17.7635759,177.4610403,-17.7635759,177.4610403,0.0
INC-001095,542020041221088+20250828133816+Fiji-Nadi-LTE-DL-D!20250828132818,Fiji-Nadi-LTE-DL-D,2025-08-28 03:26:57+02:00,2025-08-28 03:27:02+02:00,1,6,73.08,73.08,85.86,57.44,52.0,0,6,0,True,radio_limited_degradation,normal,radio,ECI:3635988.0,3635988.0,230.0,-17.6154999,177.4655009,-17.61545812,177.46534511,5.0
INC-000529,542020041221088+20250827140850+Fiji-Nadi-LTE-DL-D!20250827140234,Fiji-Nadi-LTE-DL-D,2025-08-27 04:01:13+02:00,2025-08-27 04:01:13+02:00,1,1,73.05,73.05,67.38,79.98,17.0,0,1,0,False,sudden_drop,normal,temporal,ECI:1066034.0,1066034.0,124.0,-17.7665226,177.44771125,-17.7665226,177.44771125,0.0
INC-000673,542020041221088+20250827160414+Fiji-Nadi-LTE-DL-D!20250827155722,Fiji-Nadi-LTE-DL-D,2025-08-27 05:55:19+02:00,2025-08-27 05:55:19+02:00,1,1,73.05,73.05,51.0,100.0,17.0,1,0,0,False,rb_conditioned_underperformance,ml_quantile_p75_resource_underperformance,resource,ECI:1073216.0,1073216.0,430.0,-17.79589025,177.44698443,-17.79589025,177.44698443,0.0
INC-000938,542020041221088+20250828123823+Fiji-Nadi-LTE-DL-D!20250828123754,Fiji-Nadi-LTE-DL-D,2025-08-28 02:36:04+02:00,2025-08-28 02:36:07+02:00,1,4,73.04,73.04,63.24,85.01,38.0,1,3,0,False,rolling_local_drop,normal,temporal,ECI:3642943.0,3642943.0,313.0,-17.6304788,177.4424883,-17.6301757,177.4424708,3.0
INC-001056,542020041221088+20250828132455+Fiji-Nadi-LTE-DL-D!20250828131658,Fiji-Nadi-LTE-DL-D,2025-08-28 03:15:28+02:00,2025-08-28 03:15:28+02:00,1,1,73.03,73.03,68.38,78.72,17.0,0,1,0,False,sudden_drop,normal,temporal,ECI:3638848.0,3638848.0,254.0,-17.62548312,177.46539331,-17.62548312,177.46539331,0.0
INC-000337,542020041221088+20250827131624+Fiji-Nadi-LTE-DL-D!20250827121056,Fiji-Nadi-LTE-DL-D,2025-08-27 02:10:24+02:00,2025-08-27 02:10:27+02:00,1,4,73.02,73.02,78.44,66.4,38.0,0,4,0,True,radio_limited_degradation,normal,radio,ECI:1073726.0,1073726.0,363.0,-17.7966579,177.4025131,-17.7966813,177.4028619,3.0
INC-000184,542020041221088+20250827114050+Fiji-Nadi-LTE-DL-D!20250827111354,Fiji-Nadi-LTE-DL-D,2025-08-27 01:13:06+02:00,2025-08-27 01:13:06+02:00,1,1,72.99,72.99,69.22,77.6,17.0,0,1,0,False,ca_underperformance,normal,capability,ECI:1068343.0,1068343.0,50.0,-17.7513454,177.4584585,-17.7513454,177.4584585,0.0
INC-000367,542020041221088+20250827132625+Fiji-Nadi-LTE-DL-D!20250827122623,Fiji-Nadi-LTE-DL-D,2025-08-27 02:26:00+02:00,2025-08-27 02:26:03+02:00,1,4,72.98,72.98,74.02,71.7,38.0,0,4,0,True,radio_limited_degradation,normal,radio,ECI:1064759.0,1064759.0,149.0,-17.8070401,177.4181157,-17.8070401,177.4181157,3.0
INC-000924,542020041221088+20250828123522+Fiji-Nadi-LTE-DL-D!20250828123323,Fiji-Nadi-LTE-DL-D,2025-08-28 02:32:29+02:00,2025-08-28 02:32:37+02:00,1,9,72.95,72.95,78.08,66.69,73.0,0,9,0,True,radio_limited_degradation,normal,radio,ECI:1079242.0,1079242.0,385.0,-17.6313019,177.4383826,-17.63130401,177.4391856,8.0
INC-000142,542020041221088+20250827110227+Fiji-Nadi-LTE-DL-D!20250827105156,Fiji-Nadi-LTE-DL-D,2025-08-27 00:49:53+02:00,2025-08-27 00:49:53+02:00,1,1,72.94,72.94,69.0,77.75,17.0,0,1,0,False,ca_underperformance,ml_quantile_p75_resource_underperformance,capability,EARFCN:41186.0|PCI:348.0,,348.0,-17.7620919,177.4578741,-17.7620919,177.4578741,0.0
INC-000031,542020041221088+20250827095105+Fiji-Nadi-LTE-DL-D!20250827094821,Fiji-Nadi-LTE-DL-D,2025-08-26 23:47:03+02:00,2025-08-26 23:47:03+02:00,1,1,72.9,72.9,74.65,70.75,17.0,0,1,0,False,sudden_drop,normal,temporal,ECI:1067570.0,1067570.0,151.0,-17.8116013,177.3998509,-17.8116013,177.3998509,0.0
INC-000373,542020041221088+20250827133005+Fiji-Nadi-LTE-DL-D!20250827124117,Fiji-Nadi-LTE-DL-D,2025-08-27 02:39:22+02:00,2025-08-27 02:39:27+02:00,2,5,72.87,71.25,77.55,67.15,38.0,0,5,0,True,radio_limited_degradation,normal,radio,ECI:1064759.0,1064759.0,149.0,-17.8070166,177.418,-17.8070166,177.418,5.0
INC-000443,542020041221088+20250827134607+Fiji-Nadi-LTE-DL-D!20250827131425,Fiji-Nadi-LTE-DL-D,2025-08-27 03:13:19+02:00,2025-08-27 03:13:21+02:00,1,3,72.82,72.82,61.12,87.12,31.0,1,2,0,True,radio_limited_degradation,normal,capability,ECI:1067148.0,1067148.0,339.0,-17.77397939,177.43325537,-17.77396512,177.43329961,2.0
INC-000319,542020041221088+20250827131243+Fiji-Nadi-LTE-DL-D!20250827120629,Fiji-Nadi-LTE-DL-D,2025-08-27 02:04:27+02:00,2025-08-27 02:04:27+02:00,1,1,72.74,72.74,50.49,99.93,17.0,1,0,0,False,rb_conditioned_underperformance,ml_quantile_p75_resource_underperformance,resource,EARFCN:40988.0|PCI:158.0,,158.0,-17.7755483,177.3755514,-17.7755483,177.3755514,0.0
INC-000706,542020041221088+20250827161234+Fiji-Nadi-LTE-DL-D!20250827161029,Fiji-Nadi-LTE-DL-D,2025-08-27 06:10:14+02:00,2025-08-27 06:10:15+02:00,1,2,72.73,72.73,76.18,68.51,24.0,0,2,0,True,ca_underperformance,normal,capability,ECI:1064992.0,1064992.0,469.0,-17.81422479,177.44262569,-17.8142138,177.4426952,1.0
INC-001017,542020041221088+20250828130044+Fiji-Nadi-LTE-DL-D!20250828130012,Fiji-Nadi-LTE-DL-D,2025-08-28 02:59:42+02:00,2025-08-28 02:59:42+02:00,1,1,72.72,72.72,50.4,100.0,17.0,1,0,0,True,rb_conditioned_underperformance,ml_quantile_p75_resource_underperformance,resource,ECI:3640345.0,3640345.0,275.0,-17.6285503,177.4569063,-17.6285503,177.4569063,0.0
INC-000306,542020041221088+20250827123858+Fiji-Nadi-LTE-DL-D!20250827115524,Fiji-Nadi-LTE-DL-D,2025-08-27 01:54:43+02:00,2025-08-27 01:54:45+02:00,1,3,72.71,72.71,69.63,76.48,31.0,0,3,0,True,radio_limited_degradation,normal,temporal,ECI:1066814.0,1066814.0,156.0,-17.77795914,177.3682912,-17.7782358,177.3683033,2.0
INC-001039,542020041221088+20250828131435+Fiji-Nadi-LTE-DL-D!20250828131128,Fiji-Nadi-LTE-DL-D,2025-08-28 03:10:03+02:00,2025-08-28 03:10:03+02:00,1,1,72.71,72.71,74.32,70.75,17.0,0,1,0,False,sudden_drop,normal,temporal,ECI:3638838.0,3638838.0,254.0,-17.6268908,177.4663394,-17.6268908,177.4663394,0.0
INC-000832,542020041221088+20250828114952+Fiji-Nadi-LTE-DL-D!20250828112430,Fiji-Nadi-LTE-DL-D,2025-08-28 01:23:06+02:00,2025-08-28 01:23:07+02:00,1,2,72.63,72.63,74.74,70.07,24.0,0,2,0,True,ca_underperformance,normal,capability,ECI:1080085.0,1080085.0,196.0,-17.6071434,177.4613264,-17.60714317,177.46132611,1.0
INC-000545,542020041221088+20250827141150+Fiji-Nadi-LTE-DL-D!20250827140658,Fiji-Nadi-LTE-DL-D,2025-08-27 04:05:14+02:00,2025-08-27 04:05:14+02:00,1,1,72.59,72.59,50.16,100.0,17.0,1,0,0,False,rb_conditioned_underperformance,ml_quantile_p75_resource_underperformance,resource,ECI:1066036.0,1066036.0,125.0,-17.76525337,177.44356735,-17.76525337,177.44356735,0.0
INC-000711,542020041221088+20250828102346+Fiji-Nadi-LTE-DL-D!20250828102312,Fiji-Nadi-LTE-DL-D,2025-08-28 00:21:43+02:00,2025-08-28 00:21:44+02:00,1,2,72.54,72.54,69.29,76.5,24.0,0,2,0,True,ca_underperformance,ml_quantile_p75_resource_underperformance,temporal,ECI:1071136.0,1071136.0,338.0,-17.737185,177.4599081,-17.737185,177.4599081,1.0
INC-001201,542020041221088+20250828141358+Fiji-Nadi-LTE-DL-D!20250828141324,Fiji-Nadi-LTE-DL-D,2025-08-28 04:12:19+02:00,2025-08-28 04:12:19+02:00,1,1,72.54,72.54,77.02,67.07,17.0,0,1,0,True,radio_limited_degradation,normal,radio,ECI:3638984.0,3638984.0,250.0,-17.61279514,177.46327916,-17.61279514,177.46327916,0.0
INC-000766,542020041221088+20250828105007+Fiji-Nadi-LTE-DL-D!20250828104930,Fiji-Nadi-LTE-DL-D,2025-08-28 00:47:42+02:00,2025-08-28 00:47:44+02:00,1,3,72.53,72.53,64.03,82.91,31.0,1,2,0,False,rb_conditioned_underperformance,normal,temporal,ECI:1078583.0,1078583.0,163.0,-17.6470774,177.43927663,-17.6472321,177.4395575,2.0
INC-000344,542020041221088+20250827131704+Fiji-Nadi-LTE-DL-D!20250827121308,Fiji-Nadi-LTE-DL-D,2025-08-27 02:11:41+02:00,2025-08-27 02:11:43+02:00,1,3,72.51,72.51,78.1,65.68,31.0,0,3,0,True,radio_limited_degradation,normal,radio,ECI:1073726.0,1073726.0,363.0,-17.7968344,177.407094,-17.7968343,177.407094,2.0
INC-000757,542020041221088+20250828104547+Fiji-Nadi-LTE-DL-D!20250828104505,Fiji-Nadi-LTE-DL-D,2025-08-28 00:44:54+02:00,2025-08-28 00:44:54+02:00,1,1,72.46,72.46,49.93,100.0,17.0,1,0,0,False,rb_conditioned_underperformance,ml_quantile_p75_resource_underperformance,capability,ECI:3643082.0,3643082.0,312.0,-17.63532025,177.43090153,-17.63532025,177.43090153,0.0
INC-000421,542020041221088+20250827134247+Fiji-Nadi-LTE-DL-D!20250827130749,Fiji-Nadi-LTE-DL-D,2025-08-27 03:06:50+02:00,2025-08-27 03:06:50+02:00,1,1,72.4,72.4,72.64,72.1,17.0,0,1,0,True,radio_limited_degradation,normal,temporal,ECI:1072702.0,1072702.0,394.0,-17.78071471,177.4301838,-17.78071471,177.4301838,0.0
INC-000992,542020041221088+20250828125404+Fiji-Nadi-LTE-DL-D!20250828125334,Fiji-Nadi-LTE-DL-D,2025-08-28 02:51:43+02:00,2025-08-28 02:51:43+02:00,1,1,72.38,72.38,70.29,74.94,17.0,0,1,0,True,rb_efficiency_underperformance,ml_quantile_p75_resource_underperformance,capability,ECI:1077825.0,1077825.0,167.0,-17.63518593,177.45413,-17.63518593,177.45413,0.0
INC-000151,542020041221088+20250827110227+Fiji-Nadi-LTE-DL-D!20250827105156,Fiji-Nadi-LTE-DL-D,2025-08-27 00:51:51+02:00,2025-08-27 00:51:56+02:00,2,5,72.32,60.769999999999996,62.95,83.77,31.0,1,3,1,True,not_flagged,ml_quantile_p75_resource_underperformance,capability,ECI:3631430.0,3631430.0,210.0,-17.7617178,177.4649244,-17.76173269,177.46507949,5.0
INC-000535,542020041221088+20250827140850+Fiji-Nadi-LTE-DL-D!20250827140234,Fiji-Nadi-LTE-DL-D,2025-08-27 04:02:29+02:00,2025-08-27 04:02:29+02:00,1,1,72.31,72.31,64.47,81.89,17.0,0,1,0,False,sudden_drop,normal,temporal,ECI:1066034.0,1066034.0,124.0,-17.7657124,177.4478342,-17.7657124,177.4478342,0.0
INC-000917,542020041221088+20250828123202+Fiji-Nadi-LTE-DL-D!20250828122853,Fiji-Nadi-LTE-DL-D,2025-08-28 02:26:53+02:00,2025-08-28 02:26:53+02:00,1,1,72.31,72.31,64.92,81.33,17.0,0,1,0,False,ca_underperformance,ml_quantile_p75_resource_underperformance,capability,ECI:1079612.0,1079612.0,347.0,-17.6215741,177.4351459,-17.6215741,177.4351459,0.0
INC-001111,542020041221088+20250828134116+Fiji-Nadi-LTE-DL-D!20250828133502,Fiji-Nadi-LTE-DL-D,2025-08-28 03:33:52+02:00,2025-08-28 03:33:52+02:00,1,1,72.31,72.31,49.65,100.0,17.0,1,0,0,False,rb_conditioned_underperformance,ml_quantile_p75_resource_underperformance,capability,ECI:3638837.0,3638837.0,253.0,-17.6166508,177.464943,-17.6166508,177.464943,0.0
INC-000340,542020041221088+20250827131624+Fiji-Nadi-LTE-DL-D!20250827121056,Fiji-Nadi-LTE-DL-D,2025-08-27 02:10:51+02:00,2025-08-27 02:10:56+02:00,1,6,72.26,72.26,80.0,62.8,52.0,0,6,0,True,radio_limited_degradation,normal,radio,ECI:1069077.0,1069077.0,363.0,-17.7967052,177.4055499,-17.79670868,177.40599489,5.0
INC-000304,542020041221088+20250827123858+Fiji-Nadi-LTE-DL-D!20250827115524,Fiji-Nadi-LTE-DL-D,2025-08-27 01:54:27+02:00,2025-08-27 01:54:28+02:00,1,2,72.25,72.25,67.72,77.78,24.0,0,2,0,False,rb_conditioned_underperformance,ml_quantile_p75_resource_underperformance,resource,ECI:1066814.0,1066814.0,156.0,-17.7765906,177.3681897,-17.7766778,177.3682071,1.0
INC-000497,542020041221088+20250827135949+Fiji-Nadi-LTE-DL-D!20250827134144,Fiji-Nadi-LTE-DL-D,2025-08-27 03:41:41+02:00,2025-08-27 03:41:41+02:00,1,1,72.23,72.23,72.34,72.1,17.0,0,1,0,True,radio_limited_degradation,normal,temporal,ECI:1069373.0,1069373.0,135.0,-17.7719087,177.4056386,-17.7719087,177.4056386,0.0
INC-000722,542020041221088+20250828102746+Fiji-Nadi-LTE-DL-D!20250828102524,Fiji-Nadi-LTE-DL-D,2025-08-28 00:24:13+02:00,2025-08-28 00:24:16+02:00,1,4,72.16,72.16,68.64,76.45,38.0,0,4,0,True,radio_limited_degradation,normal,capability,ECI:1071136.0,1071136.0,338.0,-17.737185,177.4599079,-17.7371761,177.4599083,3.0
INC-000017,542020041221088+20250827094925+Fiji-Nadi-LTE-DL-D!20250827094611,Fiji-Nadi-LTE-DL-D,2025-08-26 23:44:44+02:00,2025-08-26 23:44:48+02:00,2,3,72.12,68.26,64.91,80.92,24.0,0,3,0,True,radio_limited_degradation,normal,temporal,ECI:1067570.0,1067570.0,151.0,-17.81160131,177.39985085,-17.81160131,177.39985085,4.0
INC-000190,542020041221088+20250827114630+Fiji-Nadi-LTE-DL-D!20250827111815,Fiji-Nadi-LTE-DL-D,2025-08-27 01:18:07+02:00,2025-08-27 01:18:09+02:00,1,3,72.12,72.12,74.13,69.67,31.0,0,3,0,False,sudden_drop,normal,temporal,ECI:3631412.0,3631412.0,212.0,-17.7614198,177.4586657,-17.76145146,177.45865162,2.0
INC-001154,542020041221088+20250828140057+Fiji-Nadi-LTE-DL-D!20250828135741,Fiji-Nadi-LTE-DL-D,2025-08-28 03:56:35+02:00,2025-08-28 03:56:35+02:00,1,1,72.11,72.11,78.56,64.22,17.0,0,1,0,True,radio_limited_degradation,normal,radio,ECI:1082162.0,1082162.0,139.0,-17.60665763,177.45672239,-17.60665763,177.45672239,0.0
INC-000945,542020041221088+20250828123823+Fiji-Nadi-LTE-DL-D!20250828123754,Fiji-Nadi-LTE-DL-D,2025-08-28 02:37:24+02:00,2025-08-28 02:37:25+02:00,1,2,72.09,72.09,73.18,70.75,24.0,0,2,0,False,rolling_local_drop,normal,temporal,ECI:3642943.0,3642943.0,313.0,-17.6305278,177.4424566,-17.6306151,177.4424641,1.0
INC-000377,542020041221088+20250827133105+Fiji-Nadi-LTE-DL-D!20250827124329,Fiji-Nadi-LTE-DL-D,2025-08-27 02:42:53+02:00,2025-08-27 02:42:56+02:00,1,4,72.06,72.06,72.94,70.98,38.0,0,4,0,True,radio_limited_degradation,normal,radio,ECI:1065269.0,1065269.0,144.0,-17.8056896,177.4149006,-17.80568932,177.41490162,3.0
INC-000308,542020041221088+20250827123938+Fiji-Nadi-LTE-DL-D!20250827115735,Fiji-Nadi-LTE-DL-D,2025-08-27 01:56:31+02:00,2025-08-27 01:56:32+02:00,1,2,72.01,72.01,73.06,70.73,24.0,0,2,0,True,radio_limited_degradation,normal,temporal,ECI:1066814.0,1066814.0,156.0,-17.77298,177.3675524,-17.77298395,177.36755289,1.0
INC-001271,542020041221088+20250828153922+Fiji-Nadi-LTE-DL-D!20250828152928,Fiji-Nadi-LTE-DL-D,2025-08-28 05:27:40+02:00,2025-08-28 05:27:44+02:00,1,5,72.0,72.0,78.02,64.65,45.0,0,5,0,True,radio_limited_degradation,normal,radio,ECI:1081375.0,1081375.0,454.0,-17.6766906,177.406575,-17.6768633,177.4071245,4.0
INC-000427,542020041221088+20250827134247+Fiji-Nadi-LTE-DL-D!20250827130749,Fiji-Nadi-LTE-DL-D,2025-08-27 03:07:45+02:00,2025-08-27 03:07:47+02:00,1,3,71.96,71.96,72.87,70.86,31.0,0,3,0,True,radio_limited_degradation,normal,radio,ECI:1067153.0,1067153.0,338.0,-17.77865376,177.43104265,-17.77858937,177.43093862,2.0
INC-000969,542020041221088+20250828124503+Fiji-Nadi-LTE-DL-D!20250828124436,Fiji-Nadi-LTE-DL-D,2025-08-28 02:44:32+02:00,2025-08-28 02:44:33+02:00,1,2,71.96,71.96,72.96,70.75,24.0,0,2,0,False,rolling_local_drop,normal,temporal,ECI:3642943.0,3642943.0,313.0,-17.6316037,177.442494,-17.63160353,177.44249391,1.0
INC-000599,542020041221088+20250827151332+Fiji-Nadi-LTE-DL-D!20250827151309,Fiji-Nadi-LTE-DL-D,2025-08-27 05:12:59+02:00,2025-08-27 05:12:59+02:00,1,1,71.92,71.92,68.99,75.5,17.0,0,1,0,False,sudden_drop,normal,temporal,ECI:3625798.0,3625798.0,115.0,-17.7527375,177.4542501,-17.7527375,177.4542501,0.0
INC-000691,542020041221088+20250827161154+Fiji-Nadi-LTE-DL-D!20250827160820,Fiji-Nadi-LTE-DL-D,2025-08-27 06:07:00+02:00,2025-08-27 06:07:08+02:00,2,7,71.91,66.735,85.5,55.31,45.0,0,7,0,True,radio_limited_degradation,normal,radio,ECI:1064992.0,1064992.0,469.0,-17.81257754,177.43720812,-17.81264573,177.43695011,8.0
INC-000410,542020041221088+20250827134107+Fiji-Nadi-LTE-DL-D!20250827130537,Fiji-Nadi-LTE-DL-D,2025-08-27 03:04:41+02:00,2025-08-27 03:04:42+02:00,1,2,71.9,71.9,71.92,71.88,24.0,0,2,0,True,radio_limited_degradation,normal,temporal,ECI:1072704.0,1072704.0,395.0,-17.78090498,177.43331981,-17.78091083,177.43338079,1.0
INC-001269,542020041221088+20250828153842+Fiji-Nadi-LTE-DL-D!20250828152712,Fiji-Nadi-LTE-DL-D,2025-08-28 05:26:39+02:00,2025-08-28 05:26:44+02:00,1,6,71.82,71.82,74.38,68.69,52.0,0,6,0,True,ca_underperformance,normal,capability,ECI:1081375.0,1081375.0,454.0,-17.6778205,177.398865,-17.6774998,177.399357,5.0
INC-000234,542020041221088+20250827122555+Fiji-Nadi-LTE-DL-D!20250827113546,Fiji-Nadi-LTE-DL-D,2025-08-27 01:34:28+02:00,2025-08-27 01:34:29+02:00,1,2,71.82,71.82,72.7,70.75,24.0,0,2,0,False,rolling_local_drop,normal,temporal,ECI:1072446.0,1072446.0,394.0,-17.7674645,177.42892082,-17.767532,177.42885754,1.0
INC-001257,542020041221088+20250828144319+Fiji-Nadi-LTE-DL-D!20250828144243,Fiji-Nadi-LTE-DL-D,2025-08-28 04:42:29+02:00,2025-08-28 04:42:29+02:00,1,1,71.74,71.74,56.6,90.24,17.0,1,0,0,False,rb_conditioned_underperformance,ml_quantile_p75_resource_underperformance,capability,ECI:1081652.0,1081652.0,356.0,-17.6341994,177.4288984,-17.6341994,177.4288984,0.0
INC-001221,542020041221088+20250828141838+Fiji-Nadi-LTE-DL-D!20250828141754,Fiji-Nadi-LTE-DL-D,2025-08-28 04:17:42+02:00,2025-08-28 04:17:45+02:00,1,4,71.73,71.73,81.49,59.81,38.0,0,4,0,True,radio_limited_degradation,normal,radio,ECI:1076426.0,1076426.0,375.0,-17.61028133,177.46011115,-17.6101152,177.4604904,3.0
INC-000915,542020041221088+20250828122802+Fiji-Nadi-LTE-DL-D!20250828122423,Fiji-Nadi-LTE-DL-D,2025-08-28 02:22:40+02:00,2025-08-28 02:22:42+02:00,1,3,71.7,71.7,65.55,79.21,31.0,0,3,0,True,radio_limited_degradation,normal,temporal,ECI:1076542.0,1076542.0,180.0,-17.61588798,177.43971105,-17.6159657,177.4395938,2.0
INC-000586,542020041221088+20250827151132+Fiji-Nadi-LTE-DL-D!20250827151053,Fiji-Nadi-LTE-DL-D,2025-08-27 05:10:37+02:00,2025-08-27 05:10:38+02:00,1,2,71.66,71.66,71.37,72.03,24.0,0,2,0,True,radio_limited_degradation,normal,temporal,ECI:3625800.0,3625800.0,114.0,-17.75413353,177.45097588,-17.75410028,177.450929,1.0
INC-000770,542020041221088+20250828105007+Fiji-Nadi-LTE-DL-D!20250828104930,Fiji-Nadi-LTE-DL-D,2025-08-28 00:48:35+02:00,2025-08-28 00:48:36+02:00,1,2,71.63,71.63,71.24,72.1,24.0,0,2,0,True,radio_limited_degradation,normal,temporal,ECI:1078590.0,1078590.0,163.0,-17.64917355,177.44244867,-17.6491817,177.4425303,1.0
INC-000157,542020041221088+20250827110647+Fiji-Nadi-LTE-DL-D!20250827105407,Fiji-Nadi-LTE-DL-D,2025-08-27 00:52:53+02:00,2025-08-27 00:52:54+02:00,1,2,71.62,71.62,72.33,70.75,24.0,0,2,0,False,rolling_local_drop,normal,temporal,ECI:3631430.0,3631430.0,210.0,-17.76345513,177.46424906,-17.76352738,177.46422525,1.0
INC-001021,542020041221088+20250828130244+Fiji-Nadi-LTE-DL-D!20250828130228,Fiji-Nadi-LTE-DL-D,2025-08-28 03:01:26+02:00,2025-08-28 03:01:30+02:00,2,3,71.58,70.33,79.47,61.93,24.0,0,3,0,True,radio_limited_degradation,normal,radio,ECI:1077812.0,1077812.0,167.0,-17.6286919,177.4520454,-17.62884295,177.45190611,4.0
INC-000022,542020041221088+20250827094925+Fiji-Nadi-LTE-DL-D!20250827094611,Fiji-Nadi-LTE-DL-D,2025-08-26 23:45:35+02:00,2025-08-26 23:45:35+02:00,1,1,71.58,71.58,71.15,72.1,17.0,0,1,0,True,radio_limited_degradation,normal,temporal,ECI:1067570.0,1067570.0,151.0,-17.81160131,177.39985085,-17.81160131,177.39985085,0.0
INC-000591,542020041221088+20250827151332+Fiji-Nadi-LTE-DL-D!20250827151309,Fiji-Nadi-LTE-DL-D,2025-08-27 05:11:45+02:00,2025-08-27 05:11:46+02:00,1,2,71.51,71.51,72.14,70.75,24.0,0,2,0,False,rolling_local_drop,normal,temporal,ECI:3625798.0,3625798.0,115.0,-17.75350498,177.45221793,-17.75351264,177.4522498,1.0
INC-000944,542020041221088+20250828123823+Fiji-Nadi-LTE-DL-D!20250828123754,Fiji-Nadi-LTE-DL-D,2025-08-28 02:37:17+02:00,2025-08-28 02:37:17+02:00,1,1,71.51,71.51,72.12,70.75,17.0,0,1,0,False,sudden_drop,normal,temporal,ECI:3642943.0,3642943.0,313.0,-17.6298581,177.442455,-17.6298581,177.442455,0.0
INC-000521,542020041221088+20250827140810+Fiji-Nadi-LTE-DL-D!20250827140022,Fiji-Nadi-LTE-DL-D,2025-08-27 03:59:32+02:00,2025-08-27 03:59:33+02:00,1,2,71.5,71.5,67.5,76.38,24.0,0,2,0,True,radio_limited_degradation,normal,temporal,ECI:1066034.0,1066034.0,124.0,-17.7665226,177.4477113,-17.7665226,177.44771125,1.0
INC-000986,542020041221088+20250828125203+Fiji-Nadi-LTE-DL-D!20250828125121,Fiji-Nadi-LTE-DL-D,2025-08-28 02:50:38+02:00,2025-08-28 02:50:39+02:00,1,2,71.48,71.48,76.65,65.17,24.0,0,2,0,True,radio_limited_degradation,normal,radio,ECI:1077780.0,1077780.0,165.0,-17.6339849,177.4538317,-17.63398514,177.45383219,1.0
INC-001173,542020041221088+20250828140457+Fiji-Nadi-LTE-DL-D!20250828140425,Fiji-Nadi-LTE-DL-D,2025-08-28 04:02:58+02:00,2025-08-28 04:02:59+02:00,1,2,71.42,71.42,66.0,78.05,24.0,0,2,0,True,ca_underperformance,ml_quantile_p75_resource_underperformance,capability,ECI:1082175.0,1082175.0,139.0,-17.6057633,177.44957717,-17.6057033,177.4495138,1.0
INC-000657,542020041221088+20250827154414+Fiji-Nadi-LTE-DL-D!20250827153533,Fiji-Nadi-LTE-DL-D,2025-08-27 05:33:54+02:00,2025-08-27 05:33:54+02:00,1,1,71.37,71.37,68.53,74.84,17.0,0,1,0,False,sudden_drop,normal,temporal,ECI:1068608.0,1068608.0,122.0,-17.746849,177.4432316,-17.746849,177.4432316,0.0
INC-000126,542020041221088+20250827105427+Fiji-Nadi-LTE-DL-D!20250827104733,Fiji-Nadi-LTE-DL-D,2025-08-27 00:45:33+02:00,2025-08-27 00:45:34+02:00,1,2,71.36,71.36,66.38,77.44,24.0,0,2,0,True,radio_limited_degradation,normal,temporal,ECI:1067841.0,1067841.0,127.0,-17.78152218,177.4506526,-17.78145675,177.45075491,1.0
INC-000166,542020041221088+20250827112048+Fiji-Nadi-LTE-DL-D!20250827110300,Fiji-Nadi-LTE-DL-D,2025-08-27 01:00:57+02:00,2025-08-27 01:00:57+02:00,1,1,71.27,71.27,48.48,99.12,17.0,1,0,0,False,rb_conditioned_underperformance,ml_quantile_p75_resource_underperformance,temporal,ECI:1070356.0,1070356.0,333.0,-17.7820418,177.4892468,-17.7820418,177.4892468,0.0
INC-000993,542020041221088+20250828125404+Fiji-Nadi-LTE-DL-D!20250828125334,Fiji-Nadi-LTE-DL-D,2025-08-28 02:51:51+02:00,2025-08-28 02:51:51+02:00,1,1,71.27,71.27,70.15,72.62,17.0,0,1,0,False,ca_underperformance,normal,capability,ECI:1077825.0,1077825.0,167.0,-17.63517911,177.45415012,-17.63517911,177.45415012,0.0
INC-001076,542020041221088+20250828132735+Fiji-Nadi-LTE-DL-D!20250828132130,Fiji-Nadi-LTE-DL-D,2025-08-28 03:20:46+02:00,2025-08-28 03:20:48+02:00,1,3,71.26,71.26,68.24,74.96,31.0,0,3,0,False,sudden_drop,normal,temporal,ECI:3635992.0,3635992.0,234.0,-17.62077307,177.46250808,-17.6210114,177.4624263,2.0
INC-001261,542020041221088+20250828153519+Fiji-Nadi-LTE-DL-D!20250828151816,Fiji-Nadi-LTE-DL-D,2025-08-28 05:17:41+02:00,2025-08-28 05:17:43+02:00,1,3,71.23,71.23,71.59,70.8,31.0,0,3,0,True,radio_limited_degradation,normal,capability,ECI:1081376.0,1081376.0,455.0,-17.6737285,177.4085894,-17.6737285,177.4085894,2.0
INC-000335,542020041221088+20250827131624+Fiji-Nadi-LTE-DL-D!20250827121056,Fiji-Nadi-LTE-DL-D,2025-08-27 02:10:15+02:00,2025-08-27 02:10:16+02:00,1,2,71.21,71.21,77.03,64.09,24.0,0,2,0,True,radio_limited_degradation,normal,radio,ECI:1067720.0,1067720.0,140.0,-17.7965511,177.401492,-17.7965673,177.4015977,1.0
INC-000808,542020041221088+20250828113631+Fiji-Nadi-LTE-DL-D!20250828110448,Fiji-Nadi-LTE-DL-D,2025-08-28 01:03:41+02:00,2025-08-28 01:03:41+02:00,1,1,71.21,71.21,71.13,71.3,17.0,0,1,0,True,rb_efficiency_underperformance,normal,radio,ECI:1080630.0,1080630.0,352.0,-17.6380566,177.4735421,-17.6380566,177.4735421,0.0
INC-000965,542020041221088+20250828124503+Fiji-Nadi-LTE-DL-D!20250828124436,Fiji-Nadi-LTE-DL-D,2025-08-28 02:43:22+02:00,2025-08-28 02:43:22+02:00,1,1,71.21,71.21,70.49,72.1,17.0,0,1,0,True,radio_limited_degradation,normal,temporal,ECI:1078583.0,1078583.0,354.0,-17.6286519,177.4358781,-17.6286519,177.4358781,0.0
INC-000515,542020041221088+20250827140810+Fiji-Nadi-LTE-DL-D!20250827140022,Fiji-Nadi-LTE-DL-D,2025-08-27 03:58:30+02:00,2025-08-27 03:58:32+02:00,1,3,71.2,71.2,69.3,73.53,31.0,0,3,0,False,rolling_local_drop,normal,temporal,ECI:1066034.0,1066034.0,124.0,-17.76653285,177.44773828,-17.7665328,177.4477383,2.0
INC-000307,542020041221088+20250827123858+Fiji-Nadi-LTE-DL-D!20250827115524,Fiji-Nadi-LTE-DL-D,2025-08-27 01:54:53+02:00,2025-08-27 01:54:54+02:00,1,2,71.19,71.19,66.16,77.34,24.0,0,2,0,True,radio_limited_degradation,normal,temporal,ECI:1066814.0,1066814.0,156.0,-17.7788813,177.3685221,-17.77888065,177.36852729,1.0
INC-000530,542020041221088+20250827140850+Fiji-Nadi-LTE-DL-D!20250827140234,Fiji-Nadi-LTE-DL-D,2025-08-27 04:01:22+02:00,2025-08-27 04:01:23+02:00,1,2,71.19,71.19,71.55,70.75,24.0,0,2,0,False,rolling_local_drop,normal,temporal,ECI:1066034.0,1066034.0,124.0,-17.7665226,177.44771125,-17.7665226,177.44771125,1.0
INC-000346,542020041221088+20250827131704+Fiji-Nadi-LTE-DL-D!20250827121308,Fiji-Nadi-LTE-DL-D,2025-08-27 02:11:53+02:00,2025-08-27 02:11:53+02:00,1,1,71.18,71.18,68.62,74.3,17.0,0,1,0,True,rb_efficiency_underperformance,normal,radio,ECI:1073729.0,1073729.0,363.0,-17.7968343,177.4070941,-17.7968343,177.4070941,0.0
INC-001181,542020041221088+20250828140718+Fiji-Nadi-LTE-DL-D!20250828140641,Fiji-Nadi-LTE-DL-D,2025-08-28 04:05:40+02:00,2025-08-28 04:05:40+02:00,1,1,71.09,71.09,72.26,69.67,17.0,0,1,0,True,radio_limited_degradation,normal,radio,ECI:1082162.0,1082162.0,139.0,-17.606731,177.4546633,-17.606731,177.4546633,0.0
INC-000113,542020041221088+20250827104347+Fiji-Nadi-LTE-DL-D!20250827104305,Fiji-Nadi-LTE-DL-D,2025-08-27 00:42:48+02:00,2025-08-27 00:42:57+02:00,2,8,71.08,68.595,73.93,67.6,45.0,0,8,0,True,radio_limited_degradation,normal,radio,ECI:1064992.0,1064992.0,147.0,-17.7961834,177.4352746,-17.79579419,177.43645862,9.0
INC-000546,542020041221088+20250827141150+Fiji-Nadi-LTE-DL-D!20250827140658,Fiji-Nadi-LTE-DL-D,2025-08-27 04:05:20+02:00,2025-08-27 04:05:21+02:00,1,2,71.06,71.06,67.26,75.71,24.0,0,2,0,True,radio_limited_degradation,normal,temporal,ECI:1066036.0,1066036.0,125.0,-17.76532001,177.44330496,-17.76533316,177.44326398,1.0
INC-000595,542020041221088+20250827151332+Fiji-Nadi-LTE-DL-D!20250827151309,Fiji-Nadi-LTE-DL-D,2025-08-27 05:12:22+02:00,2025-08-27 05:12:22+02:00,1,1,71.05,71.05,50.03,96.74,17.0,1,0,0,False,rb_conditioned_underperformance,ml_hgb_strict_causal_temporal_underperformance,capability,ECI:3625798.0,3625798.0,115.0,-17.75339512,177.45383302,-17.75339512,177.45383302,0.0
INC-001260,542020041221088+20250828153519+Fiji-Nadi-LTE-DL-D!20250828151816,Fiji-Nadi-LTE-DL-D,2025-08-28 05:16:21+02:00,2025-08-28 05:16:25+02:00,2,3,71.04,70.52000000000001,74.24,67.13,24.0,0,3,0,True,radio_limited_degradation,normal,radio,ECI:1081376.0,1081376.0,455.0,-17.6737287,177.4085894,-17.6737287,177.4085893,4.0
INC-000988,542020041221088+20250828125203+Fiji-Nadi-LTE-DL-D!20250828125121,Fiji-Nadi-LTE-DL-D,2025-08-28 02:50:52+02:00,2025-08-28 02:50:59+02:00,3,4,71.03,68.89,77.1,69.3,24.0,0,4,0,True,radio_limited_degradation,normal,radio,ECI:1077825.0,1077825.0,167.0,-17.6344297,177.4534287,-17.63442458,177.45345288,7.0
INC-000475,542020041221088+20250827135549+Fiji-Nadi-LTE-DL-D!20250827133724,Fiji-Nadi-LTE-DL-D,2025-08-27 03:35:30+02:00,2025-08-27 03:35:31+02:00,1,2,71.02,71.02,64.35,79.18,24.0,0,2,0,False,rolling_local_drop,normal,temporal,ECI:1065543.0,1065543.0,132.0,-17.7884825,177.4268301,-17.78848788,177.42682653,1.0
INC-000771,542020041221088+20250828105007+Fiji-Nadi-LTE-DL-D!20250828104930,Fiji-Nadi-LTE-DL-D,2025-08-28 00:48:48+02:00,2025-08-28 00:48:50+02:00,1,3,71.0,71.0,70.34,71.8,31.0,0,3,0,True,radio_limited_degradation,normal,temporal,ECI:1078590.0,1078590.0,163.0,-17.6490865,177.44298571,-17.6490406,177.4430757,2.0
INC-000998,542020041221088+20250828125404+Fiji-Nadi-LTE-DL-D!20250828125334,Fiji-Nadi-LTE-DL-D,2025-08-28 02:52:38+02:00,2025-08-28 02:52:38+02:00,1,1,71.0,71.0,77.59,62.94,17.0,0,1,0,True,radio_limited_degradation,normal,radio,ECI:1077825.0,1077825.0,167.0,-17.63278129,177.4543961,-17.63278129,177.4543961,0.0
INC-000922,542020041221088+20250828123522+Fiji-Nadi-LTE-DL-D!20250828123323,Fiji-Nadi-LTE-DL-D,2025-08-28 02:31:21+02:00,2025-08-28 02:31:21+02:00,1,1,70.99,70.99,62.22,81.72,17.0,0,1,0,False,ca_underperformance,ml_severe_quantile_p75_resource_underperformance,resource,ECI:1079617.0,1079617.0,354.0,-17.6274955,177.4329251,-17.6274955,177.4329251,0.0
INC-000124,542020041221088+20250827104707+Fiji-Nadi-LTE-DL-D!20250827104518,Fiji-Nadi-LTE-DL-D,2025-08-27 00:45:06+02:00,2025-08-27 00:45:07+02:00,1,2,70.98,70.98,67.14,75.67,24.0,0,2,0,False,rolling_local_drop,normal,temporal,ECI:1067841.0,1067841.0,127.0,-17.7833653,177.4479034,-17.78336488,177.44790233,1.0
INC-000317,542020041221088+20250827130936+Fiji-Nadi-LTE-DL-D!20250827120414,Fiji-Nadi-LTE-DL-D,2025-08-27 02:03:09+02:00,2025-08-27 02:03:09+02:00,1,1,70.92,70.92,71.06,70.75,17.0,0,1,0,False,sudden_drop,normal,temporal,ECI:3623958.0,3623958.0,155.0,-17.77317708,177.37696177,-17.77317708,177.37696177,0.0
INC-000525,542020041221088+20250827140810+Fiji-Nadi-LTE-DL-D!20250827140022,Fiji-Nadi-LTE-DL-D,2025-08-27 04:00:21+02:00,2025-08-27 04:00:22+02:00,1,2,70.9,70.9,64.32,78.96,24.0,0,2,0,True,radio_limited_degradation,normal,temporal,ECI:1066034.0,1066034.0,124.0,-17.7665226,177.4477113,-17.7665226,177.44771125,1.0
INC-000021,542020041221088+20250827094925+Fiji-Nadi-LTE-DL-D!20250827094611,Fiji-Nadi-LTE-DL-D,2025-08-26 23:45:27+02:00,2025-08-26 23:45:27+02:00,1,1,70.83,70.83,70.9,70.75,17.0,0,1,0,False,sudden_drop,normal,temporal,ECI:1067570.0,1067570.0,151.0,-17.81160131,177.39985085,-17.81160131,177.39985085,0.0
INC-000500,542020041221088+20250827140149+Fiji-Nadi-LTE-DL-D!20250827134245,Fiji-Nadi-LTE-DL-D,2025-08-27 03:42:16+02:00,2025-08-27 03:42:16+02:00,1,1,70.83,70.83,70.9,70.75,17.0,0,1,0,False,sudden_drop,normal,temporal,ECI:1069373.0,1069373.0,135.0,-17.7707529,177.4033087,-17.7707529,177.4033087,0.0
INC-001158,542020041221088+20250828140057+Fiji-Nadi-LTE-DL-D!20250828135741,Fiji-Nadi-LTE-DL-D,2025-08-28 03:57:20+02:00,2025-08-28 03:57:22+02:00,2,2,70.82,63.94,78.86,60.98,17.0,0,2,0,True,radio_limited_degradation,normal,radio,ECI:1082162.0,1082162.0,139.0,-17.6078299,177.45605945,-17.6079913,177.4560997,2.0
INC-001011,542020041221088+20250828125844+Fiji-Nadi-LTE-DL-D!20250828125759,Fiji-Nadi-LTE-DL-D,2025-08-28 02:56:17+02:00,2025-08-28 02:56:23+02:00,2,3,70.78,67.63,72.81,70.9,24.0,0,3,0,True,radio_limited_degradation,normal,radio,ECI:1077825.0,1077825.0,167.0,-17.6312912,177.4559103,-17.6312872,177.4559049,6.0
INC-000298,542020041221088+20250827123738+Fiji-Nadi-LTE-DL-D!20250827115101,Fiji-Nadi-LTE-DL-D,2025-08-27 01:49:12+02:00,2025-08-27 01:49:12+02:00,1,1,70.78,70.78,48.6,97.88,17.0,1,0,0,False,sudden_drop,ml_hgb_strict_causal_temporal_underperformance,temporal,ECI:1066816.0,1066816.0,157.0,-17.7736596,177.3745738,-17.7736596,177.3745738,0.0
INC-000690,542020041221088+20250827161154+Fiji-Nadi-LTE-DL-D!20250827160820,Fiji-Nadi-LTE-DL-D,2025-08-27 06:06:53+02:00,2025-08-27 06:06:53+02:00,1,1,70.78,70.78,78.99,60.74,17.0,0,1,0,True,radio_limited_degradation,normal,radio,ECI:1064992.0,1064992.0,469.0,-17.8125348,177.4374076,-17.8125348,177.4374076,0.0
INC-000492,542020041221088+20250827135949+Fiji-Nadi-LTE-DL-D!20250827134144,Fiji-Nadi-LTE-DL-D,2025-08-27 03:40:36+02:00,2025-08-27 03:40:36+02:00,1,1,70.76,70.76,69.66,72.1,17.0,0,1,0,True,radio_limited_degradation,normal,temporal,ECI:1069373.0,1069373.0,135.0,-17.7757525,177.4082738,-17.7757525,177.4082738,0.0
INC-000607,542020041221088+20250827151552+Fiji-Nadi-LTE-DL-D!20250827151524,Fiji-Nadi-LTE-DL-D,2025-08-27 05:15:00+02:00,2025-08-27 05:15:00+02:00,1,1,70.76,70.76,63.67,79.42,17.0,0,1,0,False,ca_underperformance,normal,capability,ECI:1066294.0,1066294.0,487.0,-17.7476784,177.4502861,-17.7476784,177.4502861,0.0
INC-001281,542020041221088+20250828154042+Fiji-Nadi-LTE-DL-D!20250828153246,Fiji-Nadi-LTE-DL-D,2025-08-28 05:31:56+02:00,2025-08-28 05:31:57+02:00,1,2,70.75,70.75,79.44,60.12,24.0,0,2,0,True,radio_limited_degradation,normal,radio,ECI:1081374.0,1081374.0,453.0,-17.6909938,177.4187097,-17.6909785,177.4188031,1.0
INC-000937,542020041221088+20250828123823+Fiji-Nadi-LTE-DL-D!20250828123754,Fiji-Nadi-LTE-DL-D,2025-08-28 02:35:52+02:00,2025-08-28 02:35:53+02:00,1,2,70.72,70.72,70.7,70.75,24.0,0,2,0,False,rolling_local_drop,normal,temporal,EARFCN:41384.0|PCI:313.0,3642943.0,313.0,-17.6315021,177.4424728,-17.6314434,177.4424698,1.0
INC-000005,542020041221088+20250827094505+Fiji-Nadi-LTE-DL-D!20250827094151,Fiji-Nadi-LTE-DL-D,2025-08-26 23:39:49+02:00,2025-08-26 23:39:50+02:00,1,2,70.71,70.71,56.5,88.07,24.0,1,1,0,False,ca_underperformance,ml_quantile_p75_resource_underperformance,capability,EARFCN:40790.0|PCI:288.0,1064509.0,288.0,-17.8159711,177.3955936,-17.81597115,177.39559364,1.0
INC-000541,542020041221088+20250827141110+Fiji-Nadi-LTE-DL-D!20250827140445,Fiji-Nadi-LTE-DL-D,2025-08-27 04:03:43+02:00,2025-08-27 04:03:44+02:00,1,2,70.71,70.71,67.29,74.89,24.0,0,2,0,False,rolling_local_drop,normal,temporal,ECI:1066034.0,1066034.0,124.0,-17.76409028,177.44649161,-17.76408772,177.44648066,1.0
INC-000033,542020041221088+20250827095105+Fiji-Nadi-LTE-DL-D!20250827094821,Fiji-Nadi-LTE-DL-D,2025-08-26 23:47:36+02:00,2025-08-26 23:47:36+02:00,1,1,70.69,70.69,69.54,72.1,17.0,0,1,0,True,radio_limited_degradation,normal,temporal,ECI:1067570.0,1067570.0,151.0,-17.8116013,177.3998509,-17.8116013,177.3998509,0.0
INC-000616,542020041221088+20250827151812+Fiji-Nadi-LTE-DL-D!20250827151738,Fiji-Nadi-LTE-DL-D,2025-08-27 05:16:46+02:00,2025-08-27 05:16:46+02:00,1,1,70.68,70.68,63.09,79.96,17.0,0,1,0,False,sudden_drop,normal,temporal,ECI:1068575.0,1068575.0,122.0,-17.74673339,177.44244286,-17.74673339,177.44244286,0.0
INC-000289,542020041221088+20250827123517+Fiji-Nadi-LTE-DL-D!20250827114634,Fiji-Nadi-LTE-DL-D,2025-08-27 01:45:25+02:00,2025-08-27 01:45:27+02:00,1,3,70.67,70.67,82.67,56.01,31.0,0,3,0,True,radio_limited_degradation,normal,radio,ECI:3623997.0,3623997.0,153.0,-17.78351463,177.38755295,-17.7833374,177.3872403,2.0
INC-000134,542020041221088+20250827105427+Fiji-Nadi-LTE-DL-D!20250827104733,Fiji-Nadi-LTE-DL-D,2025-08-27 00:47:09+02:00,2025-08-27 00:47:10+02:00,1,2,70.61,70.61,70.49,70.75,24.0,0,2,0,False,rolling_local_drop,normal,temporal,ECI:1067839.0,1067839.0,128.0,-17.7738139,177.4559269,-17.77381651,177.45592636,1.0
INC-000215,542020041221088+20250827122034+Fiji-Nadi-LTE-DL-D!20250827113125,Fiji-Nadi-LTE-DL-D,2025-08-27 01:30:19+02:00,2025-08-27 01:30:21+02:00,1,3,70.6,70.6,60.03,83.5,31.0,1,2,0,False,ca_underperformance,normal,capability,ECI:1072439.0,1072439.0,394.0,-17.77368427,177.42290372,-17.77351544,177.42306546,2.0
INC-000596,542020041221088+20250827151332+Fiji-Nadi-LTE-DL-D!20250827151309,Fiji-Nadi-LTE-DL-D,2025-08-27 05:12:30+02:00,2025-08-27 05:12:30+02:00,1,1,70.6,70.6,63.97,78.71,17.0,0,1,0,False,sudden_drop,normal,temporal,ECI:3625798.0,3625798.0,115.0,-17.7531713,177.4542141,-17.7531713,177.4542141,0.0
INC-000093,542020041221088+20250827102926+Fiji-Nadi-LTE-DL-D!20250827102813,Fiji-Nadi-LTE-DL-D,2025-08-27 00:28:10+02:00,2025-08-27 00:28:14+02:00,1,5,70.56,70.56,81.28,57.46,45.0,0,5,0,True,radio_limited_degradation,normal,radio,ECI:1064755.0,1064755.0,148.0,-17.81501422,177.43757334,-17.81506898,177.43789953,4.0
INC-000894,542020041221088+20250828122241+Fiji-Nadi-LTE-DL-D!20250828121359,Fiji-Nadi-LTE-DL-D,2025-08-28 02:12:04+02:00,2025-08-28 02:12:11+02:00,3,3,70.54,70.11333333333333,72.36,68.32,17.0,0,3,0,True,radio_limited_degradation,normal,radio,ECI:1076799.0,1076799.0,184.0,-17.6033711,177.4529777,-17.6033711,177.4529778,7.0
INC-000573,542020041221088+20250827145831+Fiji-Nadi-LTE-DL-D!20250827145756,Fiji-Nadi-LTE-DL-D,2025-08-27 04:55:54+02:00,2025-08-27 04:55:54+02:00,1,1,70.54,70.54,60.12,83.28,17.0,0,1,0,False,ca_underperformance,ml_quantile_p75_resource_underperformance,capability,ECI:1068854.0,1068854.0,113.0,-17.773096,177.4716557,-17.773096,177.4716557,0.0
INC-000703,542020041221088+20250827161234+Fiji-Nadi-LTE-DL-D!20250827161029,Fiji-Nadi-LTE-DL-D,2025-08-27 06:09:07+02:00,2025-08-27 06:09:10+02:00,2,3,70.49,65.025,78.38,60.84,24.0,0,3,0,True,radio_limited_degradation,normal,radio,ECI:1064755.0,1064755.0,148.0,-17.8149985,177.4387905,-17.8150079,177.43881768,3.0
INC-000836,542020041221088+20250828114952+Fiji-Nadi-LTE-DL-D!20250828112430,Fiji-Nadi-LTE-DL-D,2025-08-28 01:23:49+02:00,2025-08-28 01:23:50+02:00,1,2,70.49,70.49,80.87,57.81,24.0,0,2,0,True,radio_limited_degradation,normal,radio,ECI:1076369.0,1076369.0,375.0,-17.6056202,177.4615371,-17.60561942,177.46153712,1.0
INC-000509,542020041221088+20250827140609+Fiji-Nadi-LTE-DL-D!20250827135810,Fiji-Nadi-LTE-DL-D,2025-08-27 03:56:24+02:00,2025-08-27 03:56:25+02:00,1,2,70.48,70.48,64.55,77.72,24.0,0,2,0,False,rolling_local_drop,normal,temporal,ECI:1066035.0,1066035.0,123.0,-17.76710927,177.44435715,-17.7670866,177.44440716,1.0
INC-001093,542020041221088+20250828133816+Fiji-Nadi-LTE-DL-D!20250828132818,Fiji-Nadi-LTE-DL-D,2025-08-28 03:26:30+02:00,2025-08-28 03:26:30+02:00,1,1,70.48,70.48,75.28,64.61,17.0,0,1,0,True,radio_limited_degradation,normal,radio,ECI:1076426.0,1076426.0,375.0,-17.6163668,177.4668903,-17.6163668,177.4668903,0.0
INC-000583,542020041221088+20250827151132+Fiji-Nadi-LTE-DL-D!20250827151053,Fiji-Nadi-LTE-DL-D,2025-08-27 05:09:25+02:00,2025-08-27 05:09:27+02:00,1,3,70.47,70.47,61.33,81.64,31.0,1,2,0,True,radio_p75_underperformance,normal,capability,ECI:3625798.0,3625798.0,115.0,-17.75418229,177.45467261,-17.7539739,177.4545667,2.0
INC-000201,542020041221088+20250827115912+Fiji-Nadi-LTE-DL-D!20250827112451,Fiji-Nadi-LTE-DL-D,2025-08-27 01:24:04+02:00,2025-08-27 01:24:05+02:00,1,2,70.47,70.47,54.94,89.46,24.0,1,1,0,False,rb_conditioned_underperformance,ml_quantile_p75_resource_underperformance,capability,ECI:1066038.0,1066038.0,123.0,-17.7694953,177.4391596,-17.7694953,177.4391596,1.0
INC-000927,542020041221088+20250828123522+Fiji-Nadi-LTE-DL-D!20250828123323,Fiji-Nadi-LTE-DL-D,2025-08-28 02:33:18+02:00,2025-08-28 02:33:19+02:00,1,2,70.47,70.47,70.24,70.75,24.0,0,2,0,False,rolling_local_drop,normal,temporal,ECI:3643080.0,3643080.0,310.0,-17.6293309,177.4405548,-17.6293316,177.4405539,1.0
INC-001057,542020041221088+20250828132455+Fiji-Nadi-LTE-DL-D!20250828131658,Fiji-Nadi-LTE-DL-D,2025-08-28 03:15:34+02:00,2025-08-28 03:15:35+02:00,1,2,70.45,70.45,65.33,76.71,24.0,0,2,0,True,radio_limited_degradation,normal,temporal,ECI:3638848.0,3638848.0,254.0,-17.6253214,177.4648207,-17.62532195,177.46482076,1.0
INC-000136,542020041221088+20250827105427+Fiji-Nadi-LTE-DL-D!20250827104733,Fiji-Nadi-LTE-DL-D,2025-08-27 00:47:26+02:00,2025-08-27 00:47:27+02:00,1,2,70.4,70.4,69.2,71.88,24.0,0,2,0,True,radio_limited_degradation,normal,temporal,ECI:1067839.0,1067839.0,128.0,-17.77188623,177.45628095,-17.7717616,177.45627762,1.0
INC-001161,542020041221088+20250828140157+Fiji-Nadi-LTE-DL-D!20250828135953,Fiji-Nadi-LTE-DL-D,2025-08-28 03:58:00+02:00,2025-08-28 03:58:01+02:00,1,2,70.39,70.39,72.1,68.29,24.0,0,2,0,True,radio_limited_degradation,normal,radio,ECI:1076541.0,1076541.0,182.0,-17.60818551,177.45674098,-17.6081426,177.4568415,1.0
INC-000123,542020041221088+20250827104707+Fiji-Nadi-LTE-DL-D!20250827104518,Fiji-Nadi-LTE-DL-D,2025-08-27 00:44:58+02:00,2025-08-27 00:44:58+02:00,1,1,70.38,70.38,70.08,70.75,17.0,0,1,0,False,sudden_drop,normal,temporal,ECI:1067841.0,1067841.0,127.0,-17.78396004,177.44696711,-17.78396004,177.44696711,0.0
INC-000778,542020041221088+20250828105207+Fiji-Nadi-LTE-DL-D!20250828105141,Fiji-Nadi-LTE-DL-D,2025-08-28 00:50:02+02:00,2025-08-28 00:50:03+02:00,1,2,70.37,70.37,70.05,70.75,24.0,0,2,0,False,rolling_local_drop,normal,temporal,ECI:1078590.0,1078590.0,163.0,-17.648907,177.4451031,-17.64890724,177.44510302,1.0
INC-000914,542020041221088+20250828122802+Fiji-Nadi-LTE-DL-D!20250828122423,Fiji-Nadi-LTE-DL-D,2025-08-28 02:22:34+02:00,2025-08-28 02:22:34+02:00,1,1,70.35,70.35,72.08,68.24,17.0,0,1,0,True,radio_limited_degradation,normal,radio,ECI:1081918.0,1081918.0,180.0,-17.6156906,177.4399962,-17.6156906,177.4399962,0.0
INC-000258,542020041221088+20250827123337+Fiji-Nadi-LTE-DL-D!20250827114216,Fiji-Nadi-LTE-DL-D,2025-08-27 01:40:46+02:00,2025-08-27 01:40:49+02:00,1,4,70.34,70.34,82.55,55.41,38.0,0,4,0,True,radio_limited_degradation,normal,radio,ECI:1066271.0,1066271.0,487.0,-17.7956929,177.4085719,-17.79586392,177.40838848,3.0
INC-000625,542020041221088+20250827152052+Fiji-Nadi-LTE-DL-D!20250827151954,Fiji-Nadi-LTE-DL-D,2025-08-27 05:19:30+02:00,2025-08-27 05:19:31+02:00,1,2,70.34,70.34,69.08,71.88,24.0,0,2,0,True,radio_limited_degradation,normal,temporal,ECI:1068606.0,1068606.0,120.0,-17.7432528,177.4417457,-17.74325253,177.44174549,1.0
INC-000732,542020041221088+20250828103047+Fiji-Nadi-LTE-DL-D!20250828102736,Fiji-Nadi-LTE-DL-D,2025-08-28 00:27:15+02:00,2025-08-28 00:27:16+02:00,1,2,70.34,70.34,64.76,77.15,24.0,0,2,0,True,radio_limited_degradation,normal,temporal,ECI:1066294.0,1066294.0,487.0,-17.72157045,177.45223932,-17.7213507,177.4523866,1.0
INC-000116,542020041221088+20250827104707+Fiji-Nadi-LTE-DL-D!20250827104518,Fiji-Nadi-LTE-DL-D,2025-08-27 00:43:37+02:00,2025-08-27 00:43:37+02:00,1,1,70.33,70.33,71.4,69.03,17.0,0,1,0,False,sudden_drop,normal,temporal,ECI:1073174.0,1073174.0,431.0,-17.7910956,177.4397878,-17.7910956,177.4397878,0.0
INC-000019,542020041221088+20250827094925+Fiji-Nadi-LTE-DL-D!20250827094611,Fiji-Nadi-LTE-DL-D,2025-08-26 23:45:09+02:00,2025-08-26 23:45:10+02:00,1,2,70.29,70.29,69.0,71.88,24.0,0,2,0,True,radio_limited_degradation,normal,temporal,ECI:1067570.0,1067570.0,151.0,-17.8116013,177.3998509,-17.81160131,177.39985085,1.0
INC-000486,542020041221088+20250827135649+Fiji-Nadi-LTE-DL-D!20250827133934,Fiji-Nadi-LTE-DL-D,2025-08-27 03:39:13+02:00,2025-08-27 03:39:14+02:00,1,2,70.27,70.27,52.79,91.64,24.0,1,1,0,True,radio_limited_degradation,ml_quantile_p75_resource_underperformance,resource,ECI:1069374.0,1069374.0,137.0,-17.77935821,177.41171072,-17.77933111,177.41165133,1.0
INC-000301,542020041221088+20250827123818+Fiji-Nadi-LTE-DL-D!20250827115313,Fiji-Nadi-LTE-DL-D,2025-08-27 01:51:21+02:00,2025-08-27 01:51:22+02:00,1,2,70.26,70.26,71.57,68.66,24.0,0,2,0,True,radio_limited_degradation,normal,radio,ECI:1066815.0,1066815.0,157.0,-17.7686856,177.3763951,-17.7686875,177.3763218,1.0
INC-000695,542020041221088+20250827161154+Fiji-Nadi-LTE-DL-D!20250827160820,Fiji-Nadi-LTE-DL-D,2025-08-27 06:07:34+02:00,2025-08-27 06:07:35+02:00,1,2,70.23,70.23,79.33,59.12,24.0,0,2,0,True,radio_limited_degradation,normal,radio,ECI:1071637.0,1071637.0,148.0,-17.81295508,177.43703998,-17.81296941,177.43705127,1.0
INC-001248,542020041221088+20250828143639+Fiji-Nadi-LTE-DL-D!20250828143559,Fiji-Nadi-LTE-DL-D,2025-08-28 04:34:38+02:00,2025-08-28 04:34:39+02:00,1,2,70.16,70.16,69.23,71.3,24.0,0,2,0,True,rb_efficiency_underperformance,normal,radio,ECI:1079182.0,1079182.0,385.0,-17.62219959,177.44400428,-17.6220994,177.44398985,1.0
INC-000356,542020041221088+20250827131704+Fiji-Nadi-LTE-DL-D!20250827121308,Fiji-Nadi-LTE-DL-D,2025-08-27 02:12:41+02:00,2025-08-27 02:12:45+02:00,1,5,70.15,70.15,75.23,63.94,45.0,0,5,0,True,ca_underperformance,normal,radio,ECI:1065236.0,1065236.0,144.0,-17.79712462,177.40852741,-17.79726905,177.40898352,4.0
INC-000297,542020041221088+20250827123738+Fiji-Nadi-LTE-DL-D!20250827115101,Fiji-Nadi-LTE-DL-D,2025-08-27 01:49:05+02:00,2025-08-27 01:49:05+02:00,1,1,70.14,70.14,46.08,99.54,17.0,1,0,0,False,rb_conditioned_underperformance,ml_hgb_strict_causal_temporal_underperformance,resource,ECI:1066772.0,1066772.0,157.0,-17.7739675,177.3746823,-17.7739675,177.3746823,0.0
INC-000584,542020041221088+20250827151132+Fiji-Nadi-LTE-DL-D!20250827151053,Fiji-Nadi-LTE-DL-D,2025-08-27 05:10:03+02:00,2025-08-27 05:10:18+02:00,4,5,70.12,63.4575,63.6,78.09,24.0,0,5,0,True,radio_limited_degradation,normal,temporal,ECI:3625798.0,3625798.0,115.0,-17.75388621,177.4528601,-17.75408611,177.45195579,15.0
INC-000350,542020041221088+20250827131704+Fiji-Nadi-LTE-DL-D!20250827121308,Fiji-Nadi-LTE-DL-D,2025-08-27 02:12:09+02:00,2025-08-27 02:12:12+02:00,1,4,70.12,70.12,80.76,57.11,38.0,0,4,0,True,radio_limited_degradation,normal,radio,ECI:1065268.0,1065268.0,146.0,-17.7968343,177.4070941,-17.7968343,177.4070941,3.0
INC-000018,542020041221088+20250827094925+Fiji-Nadi-LTE-DL-D!20250827094611,Fiji-Nadi-LTE-DL-D,2025-08-26 23:44:56+02:00,2025-08-26 23:44:56+02:00,1,1,70.11,70.11,51.67,92.64,17.0,1,0,0,False,rb_conditioned_underperformance,ml_hgb_strict_causal_temporal_underperformance,capability,ECI:1067570.0,1067570.0,151.0,-17.8116013,177.3998509,-17.8116013,177.3998509,0.0
INC-000651,542020041221088+20250827153152+Fiji-Nadi-LTE-DL-D!20250827153105,Fiji-Nadi-LTE-DL-D,2025-08-27 05:30:06+02:00,2025-08-27 05:30:09+02:00,2,3,70.1,67.365,72.86,67.81,24.0,0,3,0,True,radio_limited_degradation,normal,radio,ECI:1066301.0,1066301.0,487.0,-17.7440923,177.4350747,-17.7441088,177.4349121,3.0
INC-000713,542020041221088+20250828102346+Fiji-Nadi-LTE-DL-D!20250828102312,Fiji-Nadi-LTE-DL-D,2025-08-28 00:22:11+02:00,2025-08-28 00:22:12+02:00,1,2,70.1,70.1,68.65,71.88,24.0,0,2,0,True,radio_limited_degradation,normal,temporal,ECI:1071136.0,1071136.0,338.0,-17.7371848,177.4599081,-17.7371848,177.4599081,1.0
INC-000540,542020041221088+20250827141110+Fiji-Nadi-LTE-DL-D!20250827140445,Fiji-Nadi-LTE-DL-D,2025-08-27 04:03:35+02:00,2025-08-27 04:03:35+02:00,1,1,70.1,70.1,65.1,76.22,17.0,0,1,0,False,sudden_drop,normal,temporal,ECI:1066034.0,1066034.0,124.0,-17.7640925,177.44649201,-17.7640925,177.44649201,0.0
INC-000352,542020041221088+20250827131704+Fiji-Nadi-LTE-DL-D!20250827121308,Fiji-Nadi-LTE-DL-D,2025-08-27 02:12:22+02:00,2025-08-27 02:12:25+02:00,1,4,70.07,70.07,76.46,62.25,38.0,0,4,0,True,radio_limited_degradation,normal,radio,ECI:1069080.0,1069080.0,140.0,-17.7968369,177.4071029,-17.7968445,177.4071549,3.0
INC-000200,542020041221088+20250827115912+Fiji-Nadi-LTE-DL-D!20250827112451,Fiji-Nadi-LTE-DL-D,2025-08-27 01:23:52+02:00,2025-08-27 01:23:53+02:00,1,2,70.06,70.06,68.57,71.88,24.0,0,2,0,True,radio_limited_degradation,normal,temporal,ECI:1066038.0,1066038.0,123.0,-17.7694953,177.4391596,-17.7694953,177.4391596,1.0
INC-000499,542020041221088+20250827140149+Fiji-Nadi-LTE-DL-D!20250827134245,Fiji-Nadi-LTE-DL-D,2025-08-27 03:42:08+02:00,2025-08-27 03:42:08+02:00,1,1,70.06,70.06,69.49,70.75,17.0,0,1,0,False,sudden_drop,normal,temporal,ECI:1069373.0,1069373.0,135.0,-17.7708853,177.403626,-17.7708853,177.403626,0.0
INC-000501,542020041221088+20250827140149+Fiji-Nadi-LTE-DL-D!20250827134245,Fiji-Nadi-LTE-DL-D,2025-08-27 03:42:24+02:00,2025-08-27 03:42:24+02:00,1,1,70.06,70.06,63.1,78.56,17.0,0,1,0,False,sudden_drop,normal,temporal,ECI:1069373.0,1069373.0,135.0,-17.7705561,177.4029709,-17.7705561,177.4029709,0.0
INC-001150,542020041221088+20250828140057+Fiji-Nadi-LTE-DL-D!20250828135741,Fiji-Nadi-LTE-DL-D,2025-08-28 03:55:52+02:00,2025-08-28 03:55:53+02:00,1,2,70.05,70.05,79.23,58.84,24.0,0,2,0,True,radio_limited_degradation,normal,radio,ECI:1076531.0,1076531.0,232.0,-17.60820288,177.45668277,-17.6081595,177.4567861,1.0
INC-000683,542020041221088+20250827160834+Fiji-Nadi-LTE-DL-D!20250827160146,Fiji-Nadi-LTE-DL-D,2025-08-27 06:00:17+02:00,2025-08-27 06:00:17+02:00,1,1,70.05,70.05,64.38,76.98,17.0,0,1,0,False,sudden_drop,normal,temporal,ECI:1070391.0,1070391.0,470.0,-17.8072331,177.4523944,-17.8072331,177.4523944,0.0
INC-001284,542020041221088+20250829102513+Nawaka-LTE-DL!20250829102435,Nawaka-LTE-DL,2025-08-29 00:22:34+02:00,2025-08-29 00:22:36+02:00,1,3,70.03,70.03,82.74,54.5,31.0,0,3,0,True,radio_limited_degradation,normal,radio,EARFCN:500.0|PCI:469.0,1064982.0,469.0,-17.8128907,177.443263,-17.8128907,177.443263,2.0
INC-001069,542020041221088+20250828132555+Fiji-Nadi-LTE-DL-D!20250828131914,Fiji-Nadi-LTE-DL-D,2025-08-28 03:18:10+02:00,2025-08-28 03:18:11+02:00,1,2,70.03,70.03,69.44,70.75,24.0,0,2,0,False,rolling_local_drop,normal,temporal,ECI:3638847.0,3638847.0,253.0,-17.62237763,177.46722553,-17.6223794,177.46727712,1.0
INC-000594,542020041221088+20250827151332+Fiji-Nadi-LTE-DL-D!20250827151309,Fiji-Nadi-LTE-DL-D,2025-08-27 05:12:14+02:00,2025-08-27 05:12:14+02:00,1,1,70.03,70.03,69.45,70.75,17.0,0,1,0,False,sudden_drop,normal,temporal,ECI:3625798.0,3625798.0,115.0,-17.75351879,177.45349681,-17.75351879,177.45349681,0.0
INC-001054,542020041221088+20250828132455+Fiji-Nadi-LTE-DL-D!20250828131658,Fiji-Nadi-LTE-DL-D,2025-08-28 03:15:05+02:00,2025-08-28 03:15:05+02:00,1,1,70.03,70.03,72.41,67.11,17.0,0,1,0,True,radio_limited_degradation,normal,radio,ECI:3638848.0,3638848.0,254.0,-17.626559,177.4653506,-17.626559,177.4653506,0.0
INC-001193,542020041221088+20250828141158+Fiji-Nadi-LTE-DL-D!20250828141111,Fiji-Nadi-LTE-DL-D,2025-08-28 04:09:32+02:00,2025-08-28 04:09:41+02:00,4,4,70.02,66.255,78.78,67.81,17.0,0,4,0,True,radio_limited_degradation,normal,radio,ECI:1076429.0,1076429.0,375.0,-17.6104419,177.459711,-17.6100952,177.4605389,9.0
INC-000138,542020041221088+20250827105947+Fiji-Nadi-LTE-DL-D!20250827104944,Fiji-Nadi-LTE-DL-D,2025-08-27 00:47:53+02:00,2025-08-27 00:47:54+02:00,1,2,70.02,70.02,69.42,70.75,24.0,0,2,0,False,rolling_local_drop,normal,temporal,ECI:3631414.0,3631414.0,214.0,-17.76874231,177.45534664,-17.7685231,177.4552621,1.0
INC-000485,542020041221088+20250827135649+Fiji-Nadi-LTE-DL-D!20250827133934,Fiji-Nadi-LTE-DL-D,2025-08-27 03:39:00+02:00,2025-08-27 03:39:01+02:00,1,2,70.01,70.01,68.48,71.88,24.0,0,2,0,True,radio_limited_degradation,normal,temporal,ECI:1069374.0,1069374.0,137.0,-17.77968674,177.4125148,-17.7796309,177.4123651,1.0
INC-001209,542020041221088+20250828141618+Fiji-Nadi-LTE-DL-D!20250828141538,Fiji-Nadi-LTE-DL-D,2025-08-28 04:13:37+02:00,2025-08-28 04:13:38+02:00,1,2,69.99,69.99,56.45,86.55,24.0,1,1,0,False,ca_underperformance,ml_quantile_p75_resource_underperformance,capability,ECI:1076279.0,1076279.0,179.0,-17.61306613,177.45972541,-17.61296383,177.45969664,1.0
INC-000112,542020041221088+20250827104347+Fiji-Nadi-LTE-DL-D!20250827104305,Fiji-Nadi-LTE-DL-D,2025-08-27 00:42:31+02:00,2025-08-27 00:42:33+02:00,1,3,69.98,69.98,62.66,78.92,31.0,0,3,0,True,radio_limited_degradation,normal,temporal,ECI:1071636.0,1071636.0,393.0,-17.79763094,177.43363434,-17.79737583,177.43374599,2.0
INC-000769,542020041221088+20250828105007+Fiji-Nadi-LTE-DL-D!20250828104930,Fiji-Nadi-LTE-DL-D,2025-08-28 00:48:07+02:00,2025-08-28 00:48:09+02:00,1,3,69.95,69.95,68.23,72.05,31.0,0,3,0,False,ca_underperformance,normal,capability,ECI:1078590.0,1078590.0,0.0,-17.64841964,177.44097887,-17.6485583,177.4411698,2.0
INC-000233,542020041221088+20250827122555+Fiji-Nadi-LTE-DL-D!20250827113546,Fiji-Nadi-LTE-DL-D,2025-08-27 01:34:20+02:00,2025-08-27 01:34:20+02:00,1,1,69.91,69.91,69.23,70.75,17.0,0,1,0,False,sudden_drop,normal,temporal,ECI:1072446.0,1072446.0,394.0,-17.7669857,177.42941113,-17.7669857,177.42941113,0.0
INC-000654,542020041221088+20250827153332+Fiji-Nadi-LTE-DL-D!20250827153318,Fiji-Nadi-LTE-DL-D,2025-08-27 05:31:51+02:00,2025-08-27 05:32:00+02:00,2,9,69.9,65.83,75.31,63.29,45.0,0,9,0,True,radio_limited_degradation,normal,radio,ECI:1066039.0,1066039.0,125.0,-17.7441569,177.43419463,-17.7440227,177.4348131,9.0
INC-000780,542020041221088+20250828105207+Fiji-Nadi-LTE-DL-D!20250828105141,Fiji-Nadi-LTE-DL-D,2025-08-28 00:51:33+02:00,2025-08-28 00:51:35+02:00,1,3,69.9,69.9,73.43,65.6,31.0,0,3,0,True,radio_limited_degradation,normal,radio,ECI:1078590.0,1078590.0,162.0,-17.65136851,177.44442311,-17.651536,177.444234,2.0
INC-000415,542020041221088+20250827134247+Fiji-Nadi-LTE-DL-D!20250827130749,Fiji-Nadi-LTE-DL-D,2025-08-27 03:05:53+02:00,2025-08-27 03:05:54+02:00,1,2,69.9,69.9,53.76,89.64,24.0,1,1,0,False,rb_conditioned_underperformance,ml_hgb_strict_causal_temporal_underperformance,capability,ECI:1072702.0,1072702.0,394.0,-17.78081721,177.43155401,-17.78081721,177.43155401,1.0
INC-000006,542020041221088+20250827094505+Fiji-Nadi-LTE-DL-D!20250827094151,Fiji-Nadi-LTE-DL-D,2025-08-26 23:40:01+02:00,2025-08-26 23:40:01+02:00,1,1,69.89,69.89,47.32,97.47,17.0,1,0,0,False,ca_underperformance,ml_quantile_p75_resource_underperformance,temporal,ECI:1064509.0,1064509.0,288.0,-17.8159711,177.3955937,-17.8159711,177.3955937,0.0
INC-001220,542020041221088+20250828141838+Fiji-Nadi-LTE-DL-D!20250828141754,Fiji-Nadi-LTE-DL-D,2025-08-28 04:17:35+02:00,2025-08-28 04:17:36+02:00,1,2,69.87,69.87,80.85,56.46,24.0,0,2,0,True,radio_limited_degradation,normal,radio,ECI:1076426.0,1076426.0,196.0,-17.61051952,177.45953441,-17.6104896,177.45960242,1.0
INC-001116,542020041221088+20250828134436+Fiji-Nadi-LTE-DL-D!20250828133934,Fiji-Nadi-LTE-DL-D,2025-08-28 03:37:35+02:00,2025-08-28 03:37:58+02:00,5,12,69.86,59.64200000000001,78.74,59.02,38.0,0,12,0,True,radio_limited_degradation,normal,radio,ECI:3636029.0,3636029.0,231.0,-17.62203,177.4550741,-17.6217348,177.4553016,23.0
INC-000285,542020041221088+20250827123517+Fiji-Nadi-LTE-DL-D!20250827114634,Fiji-Nadi-LTE-DL-D,2025-08-27 01:45:05+02:00,2025-08-27 01:45:06+02:00,1,2,69.86,69.86,80.64,56.67,24.0,0,2,0,True,radio_limited_degradation,normal,radio,ECI:1069086.0,1069086.0,138.0,-17.78444069,177.38985531,-17.78438351,177.38973891,1.0
INC-000606,542020041221088+20250827151552+Fiji-Nadi-LTE-DL-D!20250827151524,Fiji-Nadi-LTE-DL-D,2025-08-27 05:14:51+02:00,2025-08-27 05:14:52+02:00,1,2,69.85,69.85,53.72,89.57,24.0,1,1,0,False,rb_conditioned_underperformance,ml_quantile_p75_resource_underperformance,capability,ECI:1066294.0,1066294.0,50.0,-17.74780798,177.4513174,-17.7478185,177.4511427,1.0
INC-000364,542020041221088+20250827132304+Fiji-Nadi-LTE-DL-D!20250827122156,Fiji-Nadi-LTE-DL-D,2025-08-27 02:21:33+02:00,2025-08-27 02:21:33+02:00,1,1,69.84,69.84,45.17,100.0,17.0,1,0,0,False,ca_underperformance,ml_quantile_p75_resource_underperformance,capability,ECI:1065269.0,1065269.0,144.0,-17.80387452,177.41972233,-17.80387452,177.41972233,0.0
INC-000730,542020041221088+20250828103047+Fiji-Nadi-LTE-DL-D!20250828102736,Fiji-Nadi-LTE-DL-D,2025-08-28 00:26:53+02:00,2025-08-28 00:26:53+02:00,1,1,69.82,69.82,67.95,72.1,17.0,0,1,0,True,radio_limited_degradation,normal,temporal,ECI:1066294.0,1066294.0,487.0,-17.7241782,177.4525979,-17.7241782,177.4525979,0.0
INC-000788,542020041221088+20250828105628+Fiji-Nadi-LTE-DL-D!20250828105605,Fiji-Nadi-LTE-DL-D,2025-08-28 00:55:40+02:00,2025-08-28 00:55:41+02:00,1,2,69.75,69.75,66.27,74.01,24.0,0,2,0,False,rolling_local_drop,normal,temporal,ECI:1078583.0,1078583.0,163.0,-17.6499235,177.4456004,-17.64992342,177.44560055,1.0
INC-000763,542020041221088+20250828104747+Fiji-Nadi-LTE-DL-D!20250828104718,Fiji-Nadi-LTE-DL-D,2025-08-28 00:46:31+02:00,2025-08-28 00:46:36+02:00,1,6,69.72,69.72,70.56,68.69,52.0,0,6,0,False,rb_conditioned_underperformance,normal,capability,ECI:1082689.0,1082689.0,16.0,-17.6438443,177.43275508,-17.6442697,177.4333255,5.0
INC-000996,542020041221088+20250828125404+Fiji-Nadi-LTE-DL-D!20250828125334,Fiji-Nadi-LTE-DL-D,2025-08-28 02:52:26+02:00,2025-08-28 02:52:30+02:00,2,4,69.7,65.27000000000001,68.23,71.49,31.0,0,4,0,True,radio_limited_degradation,normal,radio,ECI:1077825.0,1077825.0,167.0,-17.63360775,177.45430081,-17.63339964,177.45443827,4.0
INC-001080,542020041221088+20250828133115+Fiji-Nadi-LTE-DL-D!20250828132346,Fiji-Nadi-LTE-DL-D,2025-08-28 03:22:26+02:00,2025-08-28 03:22:27+02:00,1,2,69.69,69.69,52.22,91.04,24.0,1,1,0,True,rb_conditioned_underperformance,ml_quantile_p75_resource_underperformance,capability,ECI:3635989.0,3635989.0,231.0,-17.6250218,177.46158154,-17.62510636,177.46166175,1.0
INC-000717,542020041221088+20250828102346+Fiji-Nadi-LTE-DL-D!20250828102312,Fiji-Nadi-LTE-DL-D,2025-08-28 00:23:07+02:00,2025-08-28 00:23:07+02:00,1,1,69.69,69.69,67.72,72.1,17.0,0,1,0,True,radio_limited_degradation,normal,temporal,ECI:1071136.0,1071136.0,338.0,-17.7371849,177.4599081,-17.7371849,177.4599081,0.0
INC-000589,542020041221088+20250827151332+Fiji-Nadi-LTE-DL-D!20250827151309,Fiji-Nadi-LTE-DL-D,2025-08-27 05:11:31+02:00,2025-08-27 05:11:31+02:00,1,1,69.68,69.68,67.7,72.1,17.0,0,1,0,True,radio_limited_degradation,normal,temporal,ECI:3625798.0,3625798.0,115.0,-17.75331047,177.45168142,-17.75331047,177.45168142,0.0
INC-000156,542020041221088+20250827110647+Fiji-Nadi-LTE-DL-D!20250827105407,Fiji-Nadi-LTE-DL-D,2025-08-27 00:52:44+02:00,2025-08-27 00:52:46+02:00,1,3,69.66,69.66,66.92,73.02,31.0,0,3,0,True,radio_limited_degradation,normal,temporal,ECI:3631430.0,3631430.0,210.0,-17.76291537,177.46443291,-17.763049,177.4643877,2.0
INC-000716,542020041221088+20250828102346+Fiji-Nadi-LTE-DL-D!20250828102312,Fiji-Nadi-LTE-DL-D,2025-08-28 00:22:56+02:00,2025-08-28 00:22:57+02:00,1,2,69.65,69.65,64.42,76.04,24.0,0,2,0,False,ca_underperformance,normal,capability,ECI:1071136.0,1071136.0,338.0,-17.7371849,177.4599081,-17.7371849,177.4599081,1.0
INC-000879,542020041221088+20250828121442+Fiji-Nadi-LTE-DL-D!20250828115247,Fiji-Nadi-LTE-DL-D,2025-08-28 01:51:54+02:00,2025-08-28 01:51:55+02:00,1,2,69.65,69.65,74.22,64.07,24.0,0,2,0,True,radio_limited_degradation,normal,radio,ECI:1076791.0,1076791.0,183.0,-17.6043574,177.452286,-17.60435739,177.45228602,1.0
INC-000721,542020041221088+20250828102746+Fiji-Nadi-LTE-DL-D!20250828102524,Fiji-Nadi-LTE-DL-D,2025-08-28 00:24:04+02:00,2025-08-28 00:24:04+02:00,1,1,69.65,69.65,67.64,72.1,17.0,0,1,0,True,radio_limited_degradation,normal,temporal,ECI:1071136.0,1071136.0,338.0,-17.737185,177.4599079,-17.737185,177.4599079,0.0
INC-000411,542020041221088+20250827134107+Fiji-Nadi-LTE-DL-D!20250827130537,Fiji-Nadi-LTE-DL-D,2025-08-27 03:04:49+02:00,2025-08-27 03:04:50+02:00,1,2,69.62,69.62,71.15,67.75,24.0,0,2,0,False,rolling_local_drop,normal,temporal,ECI:1072704.0,1072704.0,395.0,-17.7809412,177.4338105,-17.78094472,177.43380546,1.0
INC-001008,542020041221088+20250828125624+Fiji-Nadi-LTE-DL-D!20250828125546,Fiji-Nadi-LTE-DL-D,2025-08-28 02:55:24+02:00,2025-08-28 02:55:24+02:00,1,1,69.62,69.62,78.06,59.29,17.0,0,1,0,True,radio_limited_degradation,normal,radio,ECI:3640375.0,3640375.0,275.0,-17.63492674,177.45629439,-17.63492674,177.45629439,0.0
INC-000633,542020041221088+20250827152532+Fiji-Nadi-LTE-DL-D!20250827152209,Fiji-Nadi-LTE-DL-D,2025-08-27 05:21:36+02:00,2025-08-27 05:21:36+02:00,1,1,69.53,69.53,67.43,72.1,17.0,0,1,0,True,radio_limited_degradation,normal,temporal,ECI:1068606.0,1068606.0,120.0,-17.7415067,177.4429147,-17.7415067,177.4429147,0.0
INC-000559,542020041221088+20250827144511+Fiji-Nadi-LTE-DL-D!20250827144430,Fiji-Nadi-LTE-DL-D,2025-08-27 04:43:13+02:00,2025-08-27 04:43:16+02:00,1,4,69.52,69.52,69.61,69.42,38.0,0,4,0,True,ca_underperformance,normal,capability,ECI:1066294.0,1066294.0,122.0,-17.7633682,177.4412782,-17.7632352,177.4414033,3.0
INC-000070,542020041221088+20250827102346+Fiji-Nadi-LTE-DL-D!20250827102142,Fiji-Nadi-LTE-DL-D,2025-08-27 00:20:24+02:00,2025-08-27 00:20:25+02:00,1,2,69.5,69.5,54.68,87.61,24.0,1,1,0,False,radio_p75_underperformance,ml_quantile_p75_resource_underperformance,capability,ECI:1065267.0,1065267.0,145.0,-17.8102354,177.4082182,-17.8102753,177.408332,1.0
INC-001182,542020041221088+20250828140718+Fiji-Nadi-LTE-DL-D!20250828140641,Fiji-Nadi-LTE-DL-D,2025-08-28 04:05:48+02:00,2025-08-28 04:05:49+02:00,1,2,69.5,69.5,59.87,81.28,24.0,1,1,0,False,ca_underperformance,ml_quantile_p75_resource_underperformance,capability,ECI:1076798.0,1076798.0,183.0,-17.60737925,177.45473242,-17.6075623,177.4547515,1.0
INC-000647,542020041221088+20250827152912+Fiji-Nadi-LTE-DL-D!20250827152850,Fiji-Nadi-LTE-DL-D,2025-08-27 05:27:31+02:00,2025-08-27 05:27:32+02:00,1,2,69.42,69.42,74.16,63.62,24.0,0,2,0,True,radio_limited_degradation,normal,radio,ECI:1068340.0,1068340.0,50.0,-17.7454537,177.4428555,-17.7454884,177.4428724,1.0
INC-000729,542020041221088+20250828103047+Fiji-Nadi-LTE-DL-D!20250828102736,Fiji-Nadi-LTE-DL-D,2025-08-28 00:26:40+02:00,2025-08-28 00:26:41+02:00,1,2,69.42,69.42,63.35,76.84,24.0,0,2,0,False,rolling_local_drop,normal,temporal,ECI:1066294.0,1066294.0,487.0,-17.725638,177.453113,-17.7255222,177.4530729,1.0
INC-000487,542020041221088+20250827135649+Fiji-Nadi-LTE-DL-D!20250827133934,Fiji-Nadi-LTE-DL-D,2025-08-27 03:39:26+02:00,2025-08-27 03:39:26+02:00,1,1,69.39,69.39,67.17,72.1,17.0,0,1,0,True,radio_limited_degradation,normal,temporal,ECI:1069374.0,1069374.0,137.0,-17.7789984,177.4111519,-17.7789984,177.4111519,0.0
INC-000614,542020041221088+20250827151812+Fiji-Nadi-LTE-DL-D!20250827151738,Fiji-Nadi-LTE-DL-D,2025-08-27 05:16:25+02:00,2025-08-27 05:16:25+02:00,1,1,69.37,69.37,67.13,72.1,17.0,0,1,0,True,radio_limited_degradation,normal,temporal,ECI:1068575.0,1068575.0,122.0,-17.74688111,177.44356325,-17.74688111,177.44356325,0.0
INC-000133,542020041221088+20250827105427+Fiji-Nadi-LTE-DL-D!20250827104733,Fiji-Nadi-LTE-DL-D,2025-08-27 00:47:00+02:00,2025-08-27 00:47:01+02:00,1,2,69.35,69.35,66.72,72.57,24.0,0,2,0,False,rolling_local_drop,normal,temporal,ECI:1067839.0,1067839.0,128.0,-17.77499289,177.4555212,-17.77487433,177.45556189,1.0
INC-000855,542020041221088+20250828120254+Fiji-Nadi-LTE-DL-D!20250828113742,Fiji-Nadi-LTE-DL-D,2025-08-28 01:37:16+02:00,2025-08-28 01:37:24+02:00,3,4,69.34,67.44333333333333,79.38,57.81,24.0,0,4,0,True,radio_limited_degradation,normal,radio,ECI:1082165.0,1082165.0,184.0,-17.604152,177.4561329,-17.6035532,177.4559767,8.0
INC-000947,542020041221088+20250828123823+Fiji-Nadi-LTE-DL-D!20250828123754,Fiji-Nadi-LTE-DL-D,2025-08-28 02:37:52+02:00,2025-08-28 02:37:52+02:00,1,1,69.32,69.32,69.94,68.56,17.0,0,1,0,False,sudden_drop,normal,temporal,ECI:3642943.0,3642943.0,313.0,-17.6316087,177.442605,-17.6316087,177.442605,0.0
INC-000128,542020041221088+20250827105427+Fiji-Nadi-LTE-DL-D!20250827104733,Fiji-Nadi-LTE-DL-D,2025-08-27 00:45:55+02:00,2025-08-27 00:45:56+02:00,1,2,69.28,69.28,61.71,78.54,24.0,0,2,0,False,rolling_local_drop,normal,temporal,ECI:1067841.0,1067841.0,127.0,-17.7805947,177.4520025,-17.7805602,177.4520543,1.0
INC-000592,542020041221088+20250827151332+Fiji-Nadi-LTE-DL-D!20250827151309,Fiji-Nadi-LTE-DL-D,2025-08-27 05:11:54+02:00,2025-08-27 05:11:55+02:00,1,2,69.23,69.23,69.8,68.53,24.0,0,2,0,True,radio_limited_degradation,normal,temporal,ECI:3625798.0,3625798.0,115.0,-17.75357067,177.45249019,-17.75358093,177.45252953,1.0
INC-000854,542020041221088+20250828120254+Fiji-Nadi-LTE-DL-D!20250828113742,Fiji-Nadi-LTE-DL-D,2025-08-28 01:36:56+02:00,2025-08-28 01:37:10+02:00,4,6,69.21,67.8275,80.6,56.95,24.0,0,6,0,True,radio_limited_degradation,normal,radio,ECI:1076789.0,1076789.0,184.0,-17.6044663,177.4563248,-17.60445551,177.45624555,14.0
INC-000881,542020041221088+20250828121542+Fiji-Nadi-LTE-DL-D!20250828115456,Fiji-Nadi-LTE-DL-D,2025-08-28 01:52:54+02:00,2025-08-28 01:52:54+02:00,1,1,69.2,69.2,60.76,79.53,17.0,0,1,0,False,rolling_local_drop,normal,temporal,EARFCN:41384.0|PCI:183.0,,183.0,-17.60509834,177.4521174,-17.60509834,177.4521174,0.0
INC-000644,542020041221088+20250827152912+Fiji-Nadi-LTE-DL-D!20250827152850,Fiji-Nadi-LTE-DL-D,2025-08-27 05:27:20+02:00,2025-08-27 05:27:22+02:00,1,3,69.16,69.16,63.37,76.23,31.0,0,3,0,False,ca_underperformance,ml_hgb_strict_causal_temporal_underperformance,capability,ECI:1068746.0,1068746.0,122.0,-17.7452353,177.44250853,-17.74526455,177.44256664,2.0
INC-000913,542020041221088+20250828122702+Fiji-Nadi-LTE-DL-D!20250828122042,Fiji-Nadi-LTE-DL-D,2025-08-28 02:20:12+02:00,2025-08-28 02:20:12+02:00,1,1,69.16,69.16,67.85,70.75,17.0,0,1,0,False,sudden_drop,normal,temporal,ECI:1076540.0,1076540.0,141.0,-17.606348,177.4436632,-17.606348,177.4436632,0.0
INC-001064,542020041221088+20250828132455+Fiji-Nadi-LTE-DL-D!20250828131658,Fiji-Nadi-LTE-DL-D,2025-08-28 03:16:54+02:00,2025-08-28 03:16:55+02:00,1,2,69.15,69.15,67.85,70.75,24.0,0,2,0,False,rolling_local_drop,normal,temporal,ECI:3638848.0,3638848.0,254.0,-17.62508413,177.46570138,-17.62500789,177.46572696,1.0
INC-000526,542020041221088+20250827140850+Fiji-Nadi-LTE-DL-D!20250827140234,Fiji-Nadi-LTE-DL-D,2025-08-27 04:00:32+02:00,2025-08-27 04:00:32+02:00,1,1,69.14,69.14,66.71,72.1,17.0,0,1,0,True,radio_limited_degradation,normal,temporal,ECI:1066034.0,1066034.0,124.0,-17.7665226,177.4477113,-17.7665226,177.4477113,0.0
INC-000122,542020041221088+20250827104707+Fiji-Nadi-LTE-DL-D!20250827104518,Fiji-Nadi-LTE-DL-D,2025-08-27 00:44:49+02:00,2025-08-27 00:44:50+02:00,1,2,69.13,69.13,68.33,70.11,24.0,0,2,0,True,radio_limited_degradation,normal,capability,ECI:1067841.0,1067841.0,127.0,-17.78456666,177.44606059,-17.7844377,177.4462517,1.0
INC-000689,542020041221088+20250827161154+Fiji-Nadi-LTE-DL-D!20250827160820,Fiji-Nadi-LTE-DL-D,2025-08-27 06:06:19+02:00,2025-08-27 06:06:30+02:00,4,7,69.1,66.5,80.98,54.59,31.0,0,7,0,True,radio_limited_degradation,normal,radio,ECI:1064992.0,1064992.0,469.0,-17.81213357,177.43856837,-17.8122958,177.4381428,11.0
INC-000088,542020041221088+20250827102926+Fiji-Nadi-LTE-DL-D!20250827102813,Fiji-Nadi-LTE-DL-D,2025-08-27 00:27:44+02:00,2025-08-27 00:27:48+02:00,1,5,69.1,69.1,80.44,55.23,45.0,0,5,0,True,radio_limited_degradation,normal,radio,ECI:1065032.0,1065032.0,395.0,-17.8139633,177.4353879,-17.81413199,177.43552294,4.0
INC-000101,542020041221088+20250827103926+Fiji-Nadi-LTE-DL-D!20250827103843,Fiji-Nadi-LTE-DL-D,2025-08-27 00:36:55+02:00,2025-08-27 00:36:57+02:00,1,3,69.1,69.1,81.05,54.49,31.0,0,3,0,True,radio_limited_degradation,normal,radio,ECI:1071647.0,1071647.0,469.0,-17.81326291,177.43492408,-17.8132629,177.4349241,2.0
INC-000251,542020041221088+20250827123136+Fiji-Nadi-LTE-DL-D!20250827114007,Fiji-Nadi-LTE-DL-D,2025-08-27 01:38:42+02:00,2025-08-27 01:38:43+02:00,1,2,69.09,69.09,62.86,76.71,24.0,0,2,0,False,rolling_local_drop,normal,temporal,ECI:1069374.0,1069374.0,137.0,-17.78479636,177.41901242,-17.7849616,177.4188515,1.0
INC-001040,542020041221088+20250828131435+Fiji-Nadi-LTE-DL-D!20250828131128,Fiji-Nadi-LTE-DL-D,2025-08-28 03:10:10+02:00,2025-08-28 03:10:11+02:00,1,2,69.09,69.09,67.37,71.19,24.0,0,2,0,True,radio_limited_degradation,normal,temporal,ECI:3638838.0,3638838.0,254.0,-17.62707,177.4668118,-17.62706946,177.46681026,1.0
INC-000792,542020041221088+20250828113351+Fiji-Nadi-LTE-DL-D!20250828110026,Fiji-Nadi-LTE-DL-D,2025-08-28 01:00:01+02:00,2025-08-28 01:00:01+02:00,1,1,69.05,69.05,72.39,64.97,17.0,0,1,0,True,radio_limited_degradation,normal,radio,ECI:3640372.0,3640372.0,272.0,-17.635976,177.4573718,-17.635976,177.4573718,0.0
INC-000759,542020041221088+20250828104747+Fiji-Nadi-LTE-DL-D!20250828104718,Fiji-Nadi-LTE-DL-D,2025-08-28 00:45:20+02:00,2025-08-28 00:45:23+02:00,1,4,69.02,69.02,69.25,68.74,38.0,0,4,0,True,rolling_local_drop,normal,temporal,ECI:1081631.0,1081631.0,355.0,-17.6376783,177.43156577,-17.63795539,177.43149817,3.0
INC-000789,542020041221088+20250828105628+Fiji-Nadi-LTE-DL-D!20250828105605,Fiji-Nadi-LTE-DL-D,2025-08-28 00:55:49+02:00,2025-08-28 00:55:50+02:00,1,2,69.0,69.0,68.55,69.56,24.0,0,2,0,False,sudden_drop,normal,temporal,ECI:1078583.0,1078583.0,163.0,-17.64962343,177.44584047,-17.6495447,177.4459047,1.0
INC-000518,542020041221088+20250827140810+Fiji-Nadi-LTE-DL-D!20250827140022,Fiji-Nadi-LTE-DL-D,2025-08-27 03:59:01+02:00,2025-08-27 03:59:03+02:00,1,3,68.99,68.99,66.82,71.63,31.0,0,3,0,True,rolling_local_drop,normal,temporal,ECI:1066034.0,1066034.0,124.0,-17.76652373,177.447708,-17.76652373,177.447708,2.0
INC-001145,542020041221088+20250828135437+Fiji-Nadi-LTE-DL-D!20250828135310,Fiji-Nadi-LTE-DL-D,2025-08-28 03:52:50+02:00,2025-08-28 03:52:54+02:00,2,3,68.98,66.375,72.59,64.56,24.0,0,3,0,True,radio_limited_degradation,normal,radio,ECI:3636033.0,3636033.0,232.0,-17.61608177,177.44609241,-17.61586629,177.44575605,4.0
INC-000585,542020041221088+20250827151132+Fiji-Nadi-LTE-DL-D!20250827151053,Fiji-Nadi-LTE-DL-D,2025-08-27 05:10:29+02:00,2025-08-27 05:10:30+02:00,1,2,68.98,68.98,65.23,73.55,24.0,0,2,0,True,radio_limited_degradation,normal,temporal,ECI:3625800.0,3625800.0,114.0,-17.75424166,177.45135764,-17.7542362,177.45131857,1.0
INC-000424,542020041221088+20250827134247+Fiji-Nadi-LTE-DL-D!20250827130749,Fiji-Nadi-LTE-DL-D,2025-08-27 03:07:17+02:00,2025-08-27 03:07:17+02:00,1,1,68.97,68.97,67.52,70.75,17.0,0,1,0,False,sudden_drop,normal,temporal,ECI:1072702.0,1072702.0,394.0,-17.7806022,177.4300396,-17.7806022,177.4300396,0.0
INC-000117,542020041221088+20250827104707+Fiji-Nadi-LTE-DL-D!20250827104518,Fiji-Nadi-LTE-DL-D,2025-08-27 00:43:45+02:00,2025-08-27 00:43:45+02:00,1,1,68.96,68.96,68.89,69.05,17.0,0,1,0,False,sudden_drop,normal,temporal,ECI:1073174.0,1073174.0,431.0,-17.79030335,177.44033869,-17.79030335,177.44033869,0.0
INC-000617,542020041221088+20250827151812+Fiji-Nadi-LTE-DL-D!20250827151738,Fiji-Nadi-LTE-DL-D,2025-08-27 05:16:58+02:00,2025-08-27 05:16:58+02:00,1,1,68.96,68.96,66.4,72.1,17.0,0,1,0,True,radio_limited_degradation,normal,temporal,ECI:1068575.0,1068575.0,122.0,-17.74642019,177.44255345,-17.74642019,177.44255345,0.0
INC-000049,542020041221088+20250827100005+Fiji-Nadi-LTE-DL-D!20250827095853,Fiji-Nadi-LTE-DL-D,2025-08-26 23:57:35+02:00,2025-08-26 23:57:35+02:00,1,1,68.94,68.94,67.46,70.75,17.0,0,1,0,False,sudden_drop,normal,temporal,ECI:1067570.0,1067570.0,151.0,-17.8101501,177.4013366,-17.8101501,177.4013366,0.0
INC-000131,542020041221088+20250827105427+Fiji-Nadi-LTE-DL-D!20250827104733,Fiji-Nadi-LTE-DL-D,2025-08-27 00:46:37+02:00,2025-08-27 00:46:39+02:00,1,3,68.92,68.92,67.42,70.75,31.0,0,3,0,False,rolling_local_drop,normal,temporal,ECI:1067839.0,1067839.0,128.0,-17.77760494,177.45460297,-17.7772927,177.4547122,2.0
INC-001224,542020041221088+20250828142038+Fiji-Nadi-LTE-DL-D!20250828142010,Fiji-Nadi-LTE-DL-D,2025-08-28 04:18:25+02:00,2025-08-28 04:18:25+02:00,1,1,68.92,68.92,68.07,69.96,17.0,0,1,0,False,ca_underperformance,normal,capability,ECI:1080085.0,1080085.0,196.0,-17.6076422,177.4606142,-17.6076422,177.4606142,0.0
INC-000611,542020041221088+20250827151812+Fiji-Nadi-LTE-DL-D!20250827151738,Fiji-Nadi-LTE-DL-D,2025-08-27 05:15:44+02:00,2025-08-27 05:15:46+02:00,1,3,68.9,68.9,67.13,71.05,31.0,0,3,0,True,radio_limited_degradation,normal,temporal,ECI:1068575.0,1068575.0,122.0,-17.746776,177.4459634,-17.7467777,177.4459372,2.0
INC-000746,542020041221088+20250828104127+Fiji-Nadi-LTE-DL-D!20250828104043,Fiji-Nadi-LTE-DL-D,2025-08-28 00:38:51+02:00,2025-08-28 00:38:54+02:00,1,4,68.89,68.89,71.35,65.88,38.0,0,4,0,True,ca_underperformance,normal,capability,ECI:1075783.0,1075783.0,455.0,-17.66065154,177.40515683,-17.66033841,177.40515685,3.0
INC-001159,542020041221088+20250828140057+Fiji-Nadi-LTE-DL-D!20250828135741,Fiji-Nadi-LTE-DL-D,2025-08-28 03:57:33+02:00,2025-08-28 03:57:39+02:00,2,5,68.87,64.265,81.42,53.54,31.0,0,5,0,True,radio_limited_degradation,normal,radio,ECI:1076798.0,1076798.0,183.0,-17.608343,177.45623886,-17.60834655,177.45624065,6.0
INC-000987,542020041221088+20250828125203+Fiji-Nadi-LTE-DL-D!20250828125121,Fiji-Nadi-LTE-DL-D,2025-08-28 02:50:46+02:00,2025-08-28 02:50:48+02:00,1,3,68.86,68.86,70.58,66.76,31.0,0,3,0,True,radio_limited_degradation,normal,radio,ECI:1077780.0,1077780.0,165.0,-17.63440542,177.45353641,-17.6344819,177.4534301,2.0
INC-000125,542020041221088+20250827104707+Fiji-Nadi-LTE-DL-D!20250827104518,Fiji-Nadi-LTE-DL-D,2025-08-27 00:45:15+02:00,2025-08-27 00:45:15+02:00,1,1,68.85,68.85,66.18,72.1,17.0,0,1,0,True,radio_limited_degradation,normal,temporal,ECI:1067841.0,1067841.0,127.0,-17.78286388,177.44865373,-17.78286388,177.44865373,0.0
INC-000221,542020041221088+20250827122034+Fiji-Nadi-LTE-DL-D!20250827113125,Fiji-Nadi-LTE-DL-D,2025-08-27 01:31:14+02:00,2025-08-27 01:31:14+02:00,1,1,68.85,68.85,67.29,70.75,17.0,0,1,0,False,sudden_drop,normal,temporal,ECI:1072439.0,1072439.0,394.0,-17.76853832,177.42783299,-17.76853832,177.42783299,0.0
INC-000707,542020041221088+20250827161234+Fiji-Nadi-LTE-DL-D!20250827161029,Fiji-Nadi-LTE-DL-D,2025-08-27 06:10:21+02:00,2025-08-27 06:10:26+02:00,2,4,68.84,67.155,77.13,58.7,24.0,0,4,0,True,radio_limited_degradation,normal,radio,ECI:1064992.0,1064992.0,469.0,-17.81414321,177.44292054,-17.81405576,177.44316901,5.0
INC-000339,542020041221088+20250827131624+Fiji-Nadi-LTE-DL-D!20250827121056,Fiji-Nadi-LTE-DL-D,2025-08-27 02:10:40+02:00,2025-08-27 02:10:43+02:00,1,4,68.82,68.82,82.88,51.65,38.0,0,4,0,True,radio_limited_degradation,normal,radio,ECI:1069383.0,1069383.0,135.0,-17.7966916,177.4043424,-17.7966975,177.4046919,3.0
INC-000581,542020041221088+20250827151132+Fiji-Nadi-LTE-DL-D!20250827151053,Fiji-Nadi-LTE-DL-D,2025-08-27 05:09:09+02:00,2025-08-27 05:09:10+02:00,1,2,68.82,68.82,70.71,66.52,24.0,0,2,0,True,radio_limited_degradation,normal,radio,ECI:1072150.0,1072150.0,448.0,-17.75446222,177.45486442,-17.7544496,177.4548554,1.0
INC-000600,542020041221088+20250827151332+Fiji-Nadi-LTE-DL-D!20250827151309,Fiji-Nadi-LTE-DL-D,2025-08-27 05:13:05+02:00,2025-08-27 05:13:06+02:00,1,2,68.78,68.78,67.18,70.75,24.0,0,2,0,False,rolling_local_drop,normal,temporal,ECI:3625798.0,3625798.0,115.0,-17.7521405,177.4542411,-17.75213981,177.45424185,1.0
INC-000859,542020041221088+20250828121001+Fiji-Nadi-LTE-DL-D!20250828114201,Fiji-Nadi-LTE-DL-D,2025-08-28 01:40:54+02:00,2025-08-28 01:40:55+02:00,1,2,68.78,68.78,73.6,62.88,24.0,0,2,0,True,radio_limited_degradation,normal,radio,ECI:1076789.0,1076789.0,184.0,-17.60350777,177.45300341,-17.603515,177.4529859,1.0
INC-000057,542020041221088+20250827100345+Fiji-Nadi-LTE-DL-D!20250827100319,Fiji-Nadi-LTE-DL-D,2025-08-27 00:02:10+02:00,2025-08-27 00:02:11+02:00,1,2,68.76,68.76,64.6,73.84,24.0,0,2,0,True,ca_underperformance,ml_quantile_p75_resource_underperformance,capability,ECI:1064755.0,1064755.0,148.0,-17.80703805,177.42257921,-17.807038,177.4225792,1.0
INC-000079,542020041221088+20250827102926+Fiji-Nadi-LTE-DL-D!20250827102813,Fiji-Nadi-LTE-DL-D,2025-08-27 00:26:22+02:00,2025-08-27 00:26:22+02:00,1,1,68.75,68.75,65.95,72.17,17.0,0,1,0,False,ca_underperformance,normal,capability,ECI:1071637.0,1071637.0,395.0,-17.80895321,177.43252511,-17.80895321,177.43252511,0.0
INC-000310,542020041221088+20250827123938+Fiji-Nadi-LTE-DL-D!20250827115735,Fiji-Nadi-LTE-DL-D,2025-08-27 01:57:00+02:00,2025-08-27 01:57:00+02:00,1,1,68.74,68.74,59.58,79.93,17.0,0,1,0,False,sudden_drop,normal,temporal,ECI:1066814.0,1066814.0,156.0,-17.77200703,177.36971133,-17.77200703,177.36971133,0.0
INC-001149,542020041221088+20250828140057+Fiji-Nadi-LTE-DL-D!20250828135741,Fiji-Nadi-LTE-DL-D,2025-08-28 03:55:48+02:00,2025-08-28 03:55:48+02:00,1,1,68.74,68.74,79.15,56.0,17.0,0,1,0,True,radio_limited_degradation,normal,radio,ECI:3636030.0,3636030.0,183.0,-17.6082833,177.4564955,-17.6082833,177.4564955,0.0
INC-001062,542020041221088+20250828132455+Fiji-Nadi-LTE-DL-D!20250828131658,Fiji-Nadi-LTE-DL-D,2025-08-28 03:16:35+02:00,2025-08-28 03:16:37+02:00,1,3,68.66,68.66,66.48,71.32,31.0,0,3,0,False,rb_conditioned_underperformance,normal,temporal,ECI:3638848.0,3638848.0,254.0,-17.62692136,177.46471491,-17.6267332,177.4649711,2.0
INC-000365,542020041221088+20250827132444+Fiji-Nadi-LTE-DL-D!20250827122410,Fiji-Nadi-LTE-DL-D,2025-08-27 02:22:29+02:00,2025-08-27 02:22:29+02:00,1,1,68.66,68.66,63.07,75.48,17.0,0,1,0,True,radio_limited_degradation,normal,temporal,ECI:1064759.0,1064759.0,149.0,-17.806679,177.4188663,-17.806679,177.4188663,0.0
INC-000547,542020041221088+20250827141150+Fiji-Nadi-LTE-DL-D!20250827140658,Fiji-Nadi-LTE-DL-D,2025-08-27 04:05:28+02:00,2025-08-27 04:05:29+02:00,1,2,68.65,68.65,67.38,70.2,24.0,0,2,0,True,radio_limited_degradation,normal,temporal,ECI:1066036.0,1066036.0,125.0,-17.7654543,177.4427735,-17.765473,177.4427072,1.0
INC-000055,542020041221088+20250827100145+Fiji-Nadi-LTE-DL-D!20250827100105,Fiji-Nadi-LTE-DL-D,2025-08-27 00:00:56+02:00,2025-08-27 00:00:56+02:00,1,1,68.64,68.64,47.53,94.43,17.0,1,0,0,False,ca_underperformance,ml_hgb_strict_causal_temporal_underperformance,capability,ECI:1064755.0,1064755.0,148.0,-17.80709114,177.42027637,-17.80709114,177.42027637,0.0
INC-000630,542020041221088+20250827152532+Fiji-Nadi-LTE-DL-D!20250827152209,Fiji-Nadi-LTE-DL-D,2025-08-27 05:20:43+02:00,2025-08-27 05:20:43+02:00,1,1,68.63,68.63,61.98,76.76,17.0,0,1,0,False,sudden_drop,normal,temporal,ECI:1068606.0,1068606.0,120.0,-17.7421081,177.4422123,-17.7421081,177.4422123,0.0
INC-000517,542020041221088+20250827140810+Fiji-Nadi-LTE-DL-D!20250827140022,Fiji-Nadi-LTE-DL-D,2025-08-27 03:58:51+02:00,2025-08-27 03:58:52+02:00,1,2,68.61,68.61,68.02,69.34,24.0,0,2,0,False,rolling_local_drop,normal,temporal,ECI:1066034.0,1066034.0,124.0,-17.7665265,177.44771508,-17.766525,177.4477172,1.0
INC-001283,542020041221088+20250828154042+Fiji-Nadi-LTE-DL-D!20250828153246,Fiji-Nadi-LTE-DL-D,2025-08-28 05:32:32+02:00,2025-08-28 05:32:35+02:00,2,3,68.6,68.59,79.82,57.18,24.0,0,3,0,True,radio_limited_degradation,normal,radio,ECI:1066312.0,1066312.0,488.0,-17.6918095,177.4213772,-17.6918372,177.4214058,3.0
INC-000025,542020041221088+20250827094925+Fiji-Nadi-LTE-DL-D!20250827094611,Fiji-Nadi-LTE-DL-D,2025-08-26 23:46:06+02:00,2025-08-26 23:46:07+02:00,1,2,68.6,68.6,61.93,76.74,24.0,0,2,0,False,ca_underperformance,ml_quantile_p75_resource_underperformance,temporal,ECI:1067570.0,1067570.0,151.0,-17.81160131,177.39985085,-17.8116013,177.3998509,1.0
INC-001072,542020041221088+20250828132735+Fiji-Nadi-LTE-DL-D!20250828132130,Fiji-Nadi-LTE-DL-D,2025-08-28 03:19:55+02:00,2025-08-28 03:19:56+02:00,1,2,68.6,68.6,65.73,72.1,24.0,0,2,0,True,radio_limited_degradation,normal,temporal,ECI:3635992.0,3635992.0,234.0,-17.61940874,177.46584256,-17.61941929,177.46583455,1.0
INC-000692,542020041221088+20250827161154+Fiji-Nadi-LTE-DL-D!20250827160820,Fiji-Nadi-LTE-DL-D,2025-08-27 06:07:19+02:00,2025-08-27 06:07:20+02:00,1,2,68.59,68.59,80.99,53.43,24.0,0,2,0,True,radio_limited_degradation,normal,radio,ECI:1071676.0,1071676.0,393.0,-17.81276194,177.43687952,-17.8127826,177.4368986,1.0
INC-000555,542020041221088+20250827141230+Fiji-Nadi-LTE-DL-D!20250827140734,Fiji-Nadi-LTE-DL-D,2025-08-27 04:07:10+02:00,2025-08-27 04:07:10+02:00,1,1,68.59,68.59,79.1,55.74,17.0,0,1,0,True,radio_limited_degradation,normal,radio,ECI:1066019.0,1066019.0,125.0,-17.76373148,177.44088949,-17.76373148,177.44088949,0.0
INC-000643,542020041221088+20250827152912+Fiji-Nadi-LTE-DL-D!20250827152850,Fiji-Nadi-LTE-DL-D,2025-08-27 05:27:10+02:00,2025-08-27 05:27:10+02:00,1,1,68.57,68.57,61.89,76.72,17.0,0,1,0,False,ca_underperformance,ml_hgb_strict_causal_temporal_underperformance,capability,ECI:1068609.0,1068609.0,120.0,-17.74510213,177.44230073,-17.74510213,177.44230073,0.0
INC-001070,542020041221088+20250828132555+Fiji-Nadi-LTE-DL-D!20250828131914,Fiji-Nadi-LTE-DL-D,2025-08-28 03:18:48+02:00,2025-08-28 03:18:50+02:00,1,3,68.53,68.53,63.26,74.98,31.0,0,3,0,True,radio_limited_degradation,normal,temporal,ECI:1080631.0,1080631.0,353.0,-17.6215547,177.4696416,-17.6214089,177.4696028,2.0
INC-000037,542020041221088+20250827095145+Fiji-Nadi-LTE-DL-D!20250827095034,Fiji-Nadi-LTE-DL-D,2025-08-26 23:48:59+02:00,2025-08-26 23:49:00+02:00,1,2,68.53,68.53,65.8,71.88,24.0,0,2,0,True,radio_limited_degradation,normal,temporal,ECI:1067570.0,1067570.0,151.0,-17.810433,177.4012242,-17.81043825,177.4012211,1.0
INC-000731,542020041221088+20250828103047+Fiji-Nadi-LTE-DL-D!20250828102736,Fiji-Nadi-LTE-DL-D,2025-08-28 00:27:01+02:00,2025-08-28 00:27:02+02:00,1,2,68.53,68.53,67.4,69.9,24.0,0,2,0,False,rolling_local_drop,normal,temporal,ECI:1066294.0,1066294.0,487.0,-17.7232042,177.4522579,-17.7230847,177.4522186,1.0
INC-000558,542020041221088+20250827144511+Fiji-Nadi-LTE-DL-D!20250827144430,Fiji-Nadi-LTE-DL-D,2025-08-27 04:42:28+02:00,2025-08-27 04:42:40+02:00,3,8,68.49,65.14666666666666,81.22,52.97,52.0,0,8,0,True,radio_limited_degradation,normal,radio,ECI:1068749.0,1068749.0,402.0,-17.7637149,177.4409221,-17.763715,177.440922,12.0
INC-000029,542020041221088+20250827095105+Fiji-Nadi-LTE-DL-D!20250827094821,Fiji-Nadi-LTE-DL-D,2025-08-26 23:46:47+02:00,2025-08-26 23:46:48+02:00,1,2,68.45,68.45,64.75,72.97,24.0,0,2,0,False,rolling_local_drop,normal,temporal,ECI:1067570.0,1067570.0,151.0,-17.8116013,177.3998509,-17.8116013,177.3998509,1.0
INC-000230,542020041221088+20250827122555+Fiji-Nadi-LTE-DL-D!20250827113546,Fiji-Nadi-LTE-DL-D,2025-08-27 01:33:52+02:00,2025-08-27 01:33:52+02:00,1,1,68.43,68.43,65.42,72.1,17.0,0,1,0,True,radio_limited_degradation,normal,temporal,ECI:1072404.0,1072404.0,393.0,-17.7651586,177.430553,-17.7651586,177.430553,0.0
INC-000624,542020041221088+20250827152052+Fiji-Nadi-LTE-DL-D!20250827151954,Fiji-Nadi-LTE-DL-D,2025-08-27 05:19:20+02:00,2025-08-27 05:19:22+02:00,1,3,68.4,68.4,66.65,70.53,31.0,0,3,0,True,radio_limited_degradation,normal,temporal,ECI:1068606.0,1068606.0,120.0,-17.7434228,177.44167439,-17.7433926,177.44168736,2.0
INC-000311,542020041221088+20250827123938+Fiji-Nadi-LTE-DL-D!20250827115735,Fiji-Nadi-LTE-DL-D,2025-08-27 01:57:13+02:00,2025-08-27 01:57:13+02:00,1,1,68.4,68.4,65.37,72.1,17.0,0,1,0,True,radio_limited_degradation,normal,temporal,ECI:1066814.0,1066814.0,156.0,-17.77164701,177.37073744,-17.77164701,177.37073744,0.0
INC-000248,542020041221088+20250827122836+Fiji-Nadi-LTE-DL-D!20250827113757,Fiji-Nadi-LTE-DL-D,2025-08-27 01:37:50+02:00,2025-08-27 01:37:51+02:00,1,2,68.37,68.37,60.14,78.43,24.0,0,2,0,True,radio_limited_degradation,ml_quantile_p75_resource_underperformance,resource,ECI:1065675.0,1065675.0,321.0,-17.78143441,177.42418197,-17.7815357,177.4239738,1.0
INC-000705,542020041221088+20250827161234+Fiji-Nadi-LTE-DL-D!20250827161029,Fiji-Nadi-LTE-DL-D,2025-08-27 06:10:06+02:00,2025-08-27 06:10:06+02:00,1,1,68.36,68.36,76.78,58.07,17.0,0,1,0,True,radio_limited_degradation,normal,radio,ECI:1064755.0,1064755.0,148.0,-17.81432011,177.44235064,-17.81432011,177.44235064,0.0
INC-001152,542020041221088+20250828140057+Fiji-Nadi-LTE-DL-D!20250828135741,Fiji-Nadi-LTE-DL-D,2025-08-28 03:56:03+02:00,2025-08-28 03:56:05+02:00,2,2,68.34,68.265,78.0,56.53,17.0,0,2,0,True,radio_limited_degradation,normal,radio,ECI:1076531.0,1076531.0,182.0,-17.60789837,177.45711757,-17.60778367,177.45709739,2.0
INC-000121,542020041221088+20250827104707+Fiji-Nadi-LTE-DL-D!20250827104518,Fiji-Nadi-LTE-DL-D,2025-08-27 00:44:41+02:00,2025-08-27 00:44:41+02:00,1,1,68.34,68.34,66.37,70.75,17.0,0,1,0,False,sudden_drop,normal,temporal,ECI:1067841.0,1067841.0,127.0,-17.7850217,177.4453903,-17.7850217,177.4453903,0.0
INC-000199,542020041221088+20250827115912+Fiji-Nadi-LTE-DL-D!20250827112451,Fiji-Nadi-LTE-DL-D,2025-08-27 01:23:41+02:00,2025-08-27 01:23:42+02:00,1,2,68.28,68.28,65.5,71.68,24.0,0,2,0,False,rolling_local_drop,normal,temporal,ECI:1066038.0,1066038.0,123.0,-17.7694953,177.4391596,-17.76949527,177.4391596,1.0
INC-000502,542020041221088+20250827140149+Fiji-Nadi-LTE-DL-D!20250827134245,Fiji-Nadi-LTE-DL-D,2025-08-27 03:42:31+02:00,2025-08-27 03:42:31+02:00,1,1,68.26,68.26,66.22,70.75,17.0,0,1,0,False,sudden_drop,normal,temporal,ECI:1069373.0,1069373.0,135.0,-17.7704081,177.4027593,-17.7704081,177.4027593,0.0
INC-000665,542020041221088+20250827155633+Fiji-Nadi-LTE-DL-D!20250827154210,Fiji-Nadi-LTE-DL-D,2025-08-27 05:40:50+02:00,2025-08-27 05:40:52+02:00,2,2,68.23,63.21,77.52,56.88,17.0,0,2,0,True,radio_limited_degradation,normal,radio,ECI:1066294.0,1066294.0,487.0,-17.739114,177.4585007,-17.739114,177.45850067,2.0
INC-000522,542020041221088+20250827140810+Fiji-Nadi-LTE-DL-D!20250827140022,Fiji-Nadi-LTE-DL-D,2025-08-27 03:59:42+02:00,2025-08-27 03:59:42+02:00,1,1,68.2,68.2,65.01,72.1,17.0,0,1,0,True,radio_limited_degradation,normal,temporal,ECI:1066034.0,1066034.0,124.0,-17.7665226,177.44771125,-17.7665226,177.44771125,0.0
INC-001086,542020041221088+20250828133115+Fiji-Nadi-LTE-DL-D!20250828132346,Fiji-Nadi-LTE-DL-D,2025-08-28 03:23:42+02:00,2025-08-28 03:23:43+02:00,1,2,68.18,68.18,65.16,71.88,24.0,0,2,0,True,radio_limited_degradation,normal,temporal,ECI:3638805.0,3638805.0,251.0,-17.62556314,177.46554642,-17.62549925,177.46556753,1.0
INC-001005,542020041221088+20250828125624+Fiji-Nadi-LTE-DL-D!20250828125546,Fiji-Nadi-LTE-DL-D,2025-08-28 02:54:58+02:00,2025-08-28 02:55:01+02:00,2,3,68.17,65.045,72.16,63.3,24.0,0,3,0,True,ca_underperformance,ml_quantile_p75_resource_underperformance,capability,ECI:1077823.0,1077823.0,165.0,-17.6370823,177.45538772,-17.6368353,177.4555854,3.0
INC-000827,542020041221088+20250828114552+Fiji-Nadi-LTE-DL-D!20250828111754,Fiji-Nadi-LTE-DL-D,2025-08-28 01:15:52+02:00,2025-08-28 01:15:53+02:00,1,2,68.16,68.16,64.02,73.22,24.0,0,2,0,True,ca_underperformance,ml_quantile_p75_resource_underperformance,capability,ECI:1079839.0,1079839.0,349.0,-17.5953338,177.5064251,-17.59533608,177.50642371,1.0
INC-000223,542020041221088+20250827122034+Fiji-Nadi-LTE-DL-D!20250827113125,Fiji-Nadi-LTE-DL-D,2025-08-27 01:31:23+02:00,2025-08-27 01:31:23+02:00,1,1,68.16,68.16,66.04,70.75,17.0,0,1,0,False,sudden_drop,normal,temporal,ECI:1072439.0,1072439.0,394.0,-17.7676484,177.4286876,-17.7676484,177.4286876,0.0
INC-000247,542020041221088+20250827122836+Fiji-Nadi-LTE-DL-D!20250827113757,Fiji-Nadi-LTE-DL-D,2025-08-27 01:37:26+02:00,2025-08-27 01:37:28+02:00,1,3,68.14,68.14,54.3,85.05,31.0,1,2,0,False,ca_underperformance,normal,capability,ECI:1065532.0,1065532.0,134.0,-17.78029299,177.42650514,-17.78038248,177.42632175,2.0
INC-000843,542020041221088+20250828115533+Fiji-Nadi-LTE-DL-D!20250828113110,Fiji-Nadi-LTE-DL-D,2025-08-28 01:30:50+02:00,2025-08-28 01:30:53+02:00,2,2,68.14,62.3,79.22,54.59,17.0,0,2,0,True,radio_limited_degradation,normal,radio,ECI:1076796.0,1076796.0,184.0,-17.6043411,177.45872,-17.6043421,177.4586621,3.0
INC-000469,542020041221088+20250827135348+Fiji-Nadi-LTE-DL-D!20250827133514,Fiji-Nadi-LTE-DL-D,2025-08-27 03:33:38+02:00,2025-08-27 03:33:40+02:00,1,3,68.1,68.1,80.03,53.51,31.0,0,3,0,True,radio_limited_degradation,normal,radio,ECI:1064764.0,1064764.0,147.0,-17.79294239,177.42265347,-17.79294239,177.42265347,2.0
INC-000615,542020041221088+20250827151812+Fiji-Nadi-LTE-DL-D!20250827151738,Fiji-Nadi-LTE-DL-D,2025-08-27 05:16:33+02:00,2025-08-27 05:16:34+02:00,1,2,68.1,68.1,61.84,75.76,24.0,0,2,0,False,sudden_drop,normal,temporal,ECI:1068575.0,1068575.0,122.0,-17.74690533,177.44284045,-17.74690811,177.44276326,1.0
INC-000785,542020041221088+20250828105628+Fiji-Nadi-LTE-DL-D!20250828105605,Fiji-Nadi-LTE-DL-D,2025-08-28 00:55:01+02:00,2025-08-28 00:55:01+02:00,1,1,68.1,68.1,58.91,79.34,17.0,0,1,0,False,sudden_drop,normal,temporal,ECI:1078583.0,1078583.0,163.0,-17.65160166,177.44418598,-17.65160166,177.44418598,0.0
INC-000723,542020041221088+20250828102746+Fiji-Nadi-LTE-DL-D!20250828102524,Fiji-Nadi-LTE-DL-D,2025-08-28 00:24:27+02:00,2025-08-28 00:24:28+02:00,1,2,68.05,68.05,60.91,76.76,24.0,0,2,0,True,rb_efficiency_underperformance,normal,capability,ECI:1068318.0,1068318.0,49.0,-17.7370615,177.4599267,-17.7370389,177.4599312,1.0
INC-000061,542020041221088+20250827100525+Fiji-Nadi-LTE-DL-D!20250827100437,Fiji-Nadi-LTE-DL-D,2025-08-27 00:03:43+02:00,2025-08-27 00:03:43+02:00,1,1,68.05,68.05,64.74,72.1,17.0,0,1,0,True,radio_limited_degradation,normal,temporal,ECI:1064755.0,1064755.0,148.0,-17.80703805,177.42257921,-17.80703805,177.42257921,0.0
INC-000701,542020041221088+20250827161234+Fiji-Nadi-LTE-DL-D!20250827161029,Fiji-Nadi-LTE-DL-D,2025-08-27 06:08:46+02:00,2025-08-27 06:08:47+02:00,1,2,68.04,68.04,69.43,66.34,24.0,0,2,0,True,ca_underperformance,normal,capability,ECI:1071647.0,1071647.0,395.0,-17.81425724,177.43817501,-17.81429161,177.43820491,1.0
INC-000375,542020041221088+20250827133105+Fiji-Nadi-LTE-DL-D!20250827124329,Fiji-Nadi-LTE-DL-D,2025-08-27 02:42:42+02:00,2025-08-27 02:42:43+02:00,1,2,68.03,68.03,68.29,67.7,24.0,0,2,0,True,radio_limited_degradation,normal,radio,ECI:1065269.0,1065269.0,144.0,-17.8056947,177.4149003,-17.8056943,177.4149005,1.0
INC-000516,542020041221088+20250827140810+Fiji-Nadi-LTE-DL-D!20250827140022,Fiji-Nadi-LTE-DL-D,2025-08-27 03:58:42+02:00,2025-08-27 03:58:42+02:00,1,1,68.03,68.03,64.69,72.1,17.0,0,1,0,True,radio_limited_degradation,normal,temporal,ECI:1066034.0,1066034.0,124.0,-17.76652546,177.44774025,-17.76652546,177.44774025,0.0
INC-000995,542020041221088+20250828125404+Fiji-Nadi-LTE-DL-D!20250828125334,Fiji-Nadi-LTE-DL-D,2025-08-28 02:52:20+02:00,2025-08-28 02:52:20+02:00,1,1,68.0,68.0,66.42,69.92,17.0,0,1,0,True,radio_limited_degradation,normal,radio,ECI:1077825.0,1077825.0,167.0,-17.6337944,177.4542943,-17.6337944,177.4542943,0.0
INC-000329,542020041221088+20250827131523+Fiji-Nadi-LTE-DL-D!20250827120845,Fiji-Nadi-LTE-DL-D,2025-08-27 02:08:11+02:00,2025-08-27 02:08:17+02:00,2,6,67.99,65.49,82.19,50.65,31.0,0,6,0,True,radio_limited_degradation,normal,radio,ECI:1069086.0,1069086.0,138.0,-17.78637219,177.39254185,-17.78694,177.39289522,6.0
INC-000056,542020041221088+20250827100345+Fiji-Nadi-LTE-DL-D!20250827100319,Fiji-Nadi-LTE-DL-D,2025-08-27 00:01:57+02:00,2025-08-27 00:01:57+02:00,1,1,67.99,67.99,61.4,76.05,17.0,0,1,0,False,sudden_drop,normal,temporal,ECI:1064755.0,1064755.0,148.0,-17.807038,177.4225792,-17.807038,177.4225792,0.0
INC-000666,542020041221088+20250827155633+Fiji-Nadi-LTE-DL-D!20250827154210,Fiji-Nadi-LTE-DL-D,2025-08-27 05:41:12+02:00,2025-08-27 05:41:19+02:00,3,3,67.98,67.57333333333334,78.85,57.84,17.0,0,3,0,True,radio_limited_degradation,normal,radio,ECI:1066294.0,1066294.0,487.0,-17.7391366,177.4585521,-17.7392365,177.4588896,7.0
INC-000622,542020041221088+20250827152052+Fiji-Nadi-LTE-DL-D!20250827151954,Fiji-Nadi-LTE-DL-D,2025-08-27 05:18:51+02:00,2025-08-27 05:18:52+02:00,1,2,67.98,67.98,65.85,70.6,24.0,0,2,0,False,rolling_local_drop,normal,temporal,ECI:1068606.0,1068606.0,120.0,-17.7438607,177.4417789,-17.7438494,177.441766,1.0
INC-000290,542020041221088+20250827123517+Fiji-Nadi-LTE-DL-D!20250827114634,Fiji-Nadi-LTE-DL-D,2025-08-27 01:45:49+02:00,2025-08-27 01:45:49+02:00,1,1,67.98,67.98,65.38,71.16,17.0,0,1,0,False,ca_underperformance,normal,capability,ECI:3623987.0,3623987.0,153.0,-17.78150941,177.38549635,-17.78150941,177.38549635,0.0
INC-001278,542020041221088+20250828154002+Fiji-Nadi-LTE-DL-D!20250828153143,Fiji-Nadi-LTE-DL-D,2025-08-28 05:30:45+02:00,2025-08-28 05:30:49+02:00,1,5,67.96,67.96,79.48,53.87,45.0,0,5,0,True,radio_limited_degradation,normal,radio,ECI:1067080.0,1067080.0,488.0,-17.6901091,177.4120005,-17.6902797,177.4122952,4.0
INC-001274,542020041221088+20250828153922+Fiji-Nadi-LTE-DL-D!20250828152928,Fiji-Nadi-LTE-DL-D,2025-08-28 05:28:46+02:00,2025-08-28 05:28:47+02:00,1,2,67.95,67.95,62.67,74.41,24.0,0,2,0,True,ca_underperformance,ml_quantile_p75_resource_underperformance,capability,ECI:1081415.0,1081415.0,360.0,-17.680802,177.4088147,-17.6809177,177.408791,1.0
INC-000527,542020041221088+20250827140850+Fiji-Nadi-LTE-DL-D!20250827140234,Fiji-Nadi-LTE-DL-D,2025-08-27 04:00:42+02:00,2025-08-27 04:00:42+02:00,1,1,67.94,67.94,65.64,70.75,17.0,0,1,0,False,sudden_drop,normal,temporal,ECI:1066034.0,1066034.0,124.0,-17.7665226,177.44771125,-17.7665226,177.44771125,0.0
INC-000841,542020041221088+20250828115533+Fiji-Nadi-LTE-DL-D!20250828113110,Fiji-Nadi-LTE-DL-D,2025-08-28 01:30:31+02:00,2025-08-28 01:30:37+02:00,2,5,67.93,66.05000000000001,81.47,51.39,38.0,0,5,0,True,radio_limited_degradation,normal,radio,ECI:1076759.0,1076759.0,184.0,-17.604463,177.45948757,-17.6044316,177.4591219,6.0
INC-001089,542020041221088+20250828133556+Fiji-Nadi-LTE-DL-D!20250828132602,Fiji-Nadi-LTE-DL-D,2025-08-28 03:25:20+02:00,2025-08-28 03:25:21+02:00,1,2,67.93,67.93,65.63,70.75,24.0,0,2,0,False,rolling_local_drop,normal,temporal,ECI:3635992.0,3635992.0,234.0,-17.61925689,177.46540347,-17.6192569,177.4654035,1.0
INC-001090,542020041221088+20250828133556+Fiji-Nadi-LTE-DL-D!20250828132602,Fiji-Nadi-LTE-DL-D,2025-08-28 03:25:32+02:00,2025-08-28 03:25:32+02:00,1,1,67.93,67.93,65.62,70.75,17.0,0,1,0,False,sudden_drop,normal,temporal,ECI:3635992.0,3635992.0,234.0,-17.6192498,177.4653968,-17.6192498,177.4653968,0.0
INC-000621,542020041221088+20250827152052+Fiji-Nadi-LTE-DL-D!20250827151954,Fiji-Nadi-LTE-DL-D,2025-08-27 05:18:36+02:00,2025-08-27 05:18:38+02:00,1,3,67.92,67.92,62.94,74.0,31.0,0,3,0,False,rolling_local_drop,normal,temporal,ECI:1068606.0,1068606.0,120.0,-17.744069,177.4420838,-17.7440315,177.4420269,2.0
INC-000009,542020041221088+20250827094505+Fiji-Nadi-LTE-DL-D!20250827094151,Fiji-Nadi-LTE-DL-D,2025-08-26 23:41:35+02:00,2025-08-26 23:41:36+02:00,1,2,67.91,67.91,64.48,72.1,24.0,0,2,0,True,radio_limited_degradation,normal,temporal,ECI:1064509.0,1064509.0,288.0,-17.815971,177.3955936,-17.815971,177.3955936,1.0
INC-000090,542020041221088+20250827102926+Fiji-Nadi-LTE-DL-D!20250827102813,Fiji-Nadi-LTE-DL-D,2025-08-27 00:27:57+02:00,2025-08-27 00:27:58+02:00,1,2,67.91,67.91,80.35,52.69,24.0,0,2,0,True,radio_limited_degradation,normal,radio,ECI:1071647.0,1071647.0,395.0,-17.81461928,177.43629013,-17.81467789,177.43639012,1.0
INC-001077,542020041221088+20250828132735+Fiji-Nadi-LTE-DL-D!20250828132130,Fiji-Nadi-LTE-DL-D,2025-08-28 03:20:57+02:00,2025-08-28 03:20:57+02:00,1,1,67.87,67.87,65.52,70.75,17.0,0,1,0,False,sudden_drop,normal,temporal,ECI:3635992.0,3635992.0,234.0,-17.621694,177.4628363,-17.621694,177.4628363,0.0
INC-000531,542020041221088+20250827140850+Fiji-Nadi-LTE-DL-D!20250827140234,Fiji-Nadi-LTE-DL-D,2025-08-27 04:01:35+02:00,2025-08-27 04:01:35+02:00,1,1,67.86,67.86,65.5,70.75,17.0,0,1,0,False,sudden_drop,normal,temporal,ECI:1066034.0,1066034.0,124.0,-17.7665226,177.44771125,-17.7665226,177.44771125,0.0
INC-000047,542020041221088+20250827100005+Fiji-Nadi-LTE-DL-D!20250827095853,Fiji-Nadi-LTE-DL-D,2025-08-26 23:57:13+02:00,2025-08-26 23:57:14+02:00,1,2,67.85,67.85,64.48,71.97,24.0,0,2,0,True,radio_limited_degradation,ml_hgb_strict_causal_temporal_underperformance,capability,ECI:1067570.0,1067570.0,151.0,-17.81219426,177.39931836,-17.8120191,177.3995024,1.0
INC-000429,542020041221088+20250827134347+Fiji-Nadi-LTE-DL-D!20250827131002,Fiji-Nadi-LTE-DL-D,2025-08-27 03:08:46+02:00,2025-08-27 03:08:46+02:00,1,1,67.81,67.81,64.3,72.1,17.0,0,1,0,True,radio_limited_degradation,normal,temporal,ECI:1067060.0,1067060.0,129.0,-17.77657663,177.43005868,-17.77657663,177.43005868,0.0
INC-000048,542020041221088+20250827100005+Fiji-Nadi-LTE-DL-D!20250827095853,Fiji-Nadi-LTE-DL-D,2025-08-26 23:57:26+02:00,2025-08-26 23:57:26+02:00,1,1,67.8,67.8,65.38,70.75,17.0,0,1,0,False,sudden_drop,normal,temporal,ECI:1067570.0,1067570.0,151.0,-17.81101512,177.40048821,-17.81101512,177.40048821,0.0
INC-000189,542020041221088+20250827114630+Fiji-Nadi-LTE-DL-D!20250827111815,Fiji-Nadi-LTE-DL-D,2025-08-27 01:16:13+02:00,2025-08-27 01:16:13+02:00,1,1,67.8,67.8,43.03,98.08,17.0,1,0,0,False,ca_underperformance,ml_quantile_p75_resource_underperformance,resource,ECI:3625779.0,3625779.0,116.0,-17.7595278,177.4588996,-17.7595278,177.4588996,0.0
INC-000520,542020041221088+20250827140810+Fiji-Nadi-LTE-DL-D!20250827140022,Fiji-Nadi-LTE-DL-D,2025-08-27 03:59:23+02:00,2025-08-27 03:59:23+02:00,1,1,67.8,67.8,64.28,72.1,17.0,0,1,0,True,radio_limited_degradation,normal,temporal,ECI:1066034.0,1066034.0,124.0,-17.7665226,177.44771125,-17.7665226,177.44771125,0.0
INC-000445,542020041221088+20250827134607+Fiji-Nadi-LTE-DL-D!20250827131425,Fiji-Nadi-LTE-DL-D,2025-08-27 03:13:55+02:00,2025-08-27 03:13:57+02:00,1,3,67.79,67.79,65.21,70.94,31.0,0,3,0,True,radio_limited_degradation,normal,temporal,ECI:1067148.0,1067148.0,339.0,-17.7726264,177.4346382,-17.77256579,177.43467508,2.0
INC-000664,542020041221088+20250827155633+Fiji-Nadi-LTE-DL-D!20250827154210,Fiji-Nadi-LTE-DL-D,2025-08-27 05:40:40+02:00,2025-08-27 05:40:41+02:00,1,2,67.78,67.78,78.46,54.74,24.0,0,2,0,True,radio_limited_degradation,normal,radio,ECI:1066294.0,1066294.0,487.0,-17.739114,177.4585007,-17.739114,177.4585007,1.0
INC-000111,542020041221088+20250827104347+Fiji-Nadi-LTE-DL-D!20250827104305,Fiji-Nadi-LTE-DL-D,2025-08-27 00:42:17+02:00,2025-08-27 00:42:17+02:00,1,1,67.78,67.78,59.92,77.39,17.0,0,1,0,False,sudden_drop,normal,temporal,ECI:1071636.0,1071636.0,393.0,-17.79943666,177.43284277,-17.79943666,177.43284277,0.0
INC-000268,542020041221088+20250827123437+Fiji-Nadi-LTE-DL-D!20250827114425,Fiji-Nadi-LTE-DL-D,2025-08-27 01:42:37+02:00,2025-08-27 01:42:40+02:00,1,4,67.74,67.74,82.46,49.75,38.0,0,4,0,True,radio_limited_degradation,normal,radio,ECI:1073736.0,1073736.0,335.0,-17.79659206,177.40129185,-17.7965323,177.4007882,3.0
INC-000756,542020041221088+20250828104547+Fiji-Nadi-LTE-DL-D!20250828104505,Fiji-Nadi-LTE-DL-D,2025-08-28 00:44:39+02:00,2025-08-28 00:44:44+02:00,2,5,67.7,67.34,70.45,66.42,38.0,0,5,0,True,radio_limited_degradation,normal,capability,ECI:3643082.0,3643082.0,312.0,-17.6342237,177.4294971,-17.6345952,177.4299789,5.0
INC-000734,542020041221088+20250828103207+Fiji-Nadi-LTE-DL-D!20250828102946,Fiji-Nadi-LTE-DL-D,2025-08-28 00:27:51+02:00,2025-08-28 00:27:56+02:00,2,4,67.68,63.74,59.97,78.5,31.0,0,4,0,True,radio_limited_degradation,normal,temporal,ECI:1066294.0,1066294.0,487.0,-17.7174622,177.45425718,-17.7169125,177.45399831,5.0
INC-000542,542020041221088+20250827141110+Fiji-Nadi-LTE-DL-D!20250827140445,Fiji-Nadi-LTE-DL-D,2025-08-27 04:03:53+02:00,2025-08-27 04:03:54+02:00,1,2,67.65,67.65,64.2,71.88,24.0,0,2,0,True,radio_limited_degradation,normal,temporal,ECI:1066034.0,1066034.0,124.0,-17.7645299,177.4460129,-17.7646162,177.4459412,1.0
INC-000510,542020041221088+20250827140609+Fiji-Nadi-LTE-DL-D!20250827135810,Fiji-Nadi-LTE-DL-D,2025-08-27 03:56:34+02:00,2025-08-27 03:56:34+02:00,1,1,67.65,67.65,60.01,76.99,17.0,0,1,0,False,sudden_drop,normal,temporal,ECI:1066035.0,1066035.0,123.0,-17.7668774,177.4449279,-17.7668774,177.4449279,0.0
INC-000347,542020041221088+20250827131704+Fiji-Nadi-LTE-DL-D!20250827121308,Fiji-Nadi-LTE-DL-D,2025-08-27 02:11:56+02:00,2025-08-27 02:11:59+02:00,1,4,67.62,67.62,71.2,63.23,38.0,0,4,0,True,ca_underperformance,normal,capability,ECI:1073726.0,1073726.0,363.0,-17.7968343,177.40709408,-17.7968343,177.4070941,3.0
INC-000271,542020041221088+20250827123437+Fiji-Nadi-LTE-DL-D!20250827114425,Fiji-Nadi-LTE-DL-D,2025-08-27 01:42:54+02:00,2025-08-27 01:42:54+02:00,1,1,67.62,67.62,78.0,54.93,17.0,0,1,0,True,radio_limited_degradation,normal,radio,ECI:1069127.0,1069127.0,140.0,-17.79633376,177.3991435,-17.79633376,177.3991435,0.0
INC-000050,542020041221088+20250827100005+Fiji-Nadi-LTE-DL-D!20250827095853,Fiji-Nadi-LTE-DL-D,2025-08-26 23:57:48+02:00,2025-08-26 23:57:51+02:00,1,4,67.61,67.61,75.45,58.04,38.0,0,4,0,True,radio_limited_degradation,normal,radio,ECI:1067570.0,1067570.0,151.0,-17.80924058,177.40261978,-17.80910012,177.40303326,3.0
INC-000696,542020041221088+20250827161154+Fiji-Nadi-LTE-DL-D!20250827160820,Fiji-Nadi-LTE-DL-D,2025-08-27 06:07:47+02:00,2025-08-27 06:07:48+02:00,1,2,67.59,67.59,78.4,54.37,24.0,0,2,0,True,radio_limited_degradation,normal,radio,ECI:1064755.0,1064755.0,148.0,-17.8131696,177.4372153,-17.8131881,177.4372316,1.0
INC-000231,542020041221088+20250827122555+Fiji-Nadi-LTE-DL-D!20250827113546,Fiji-Nadi-LTE-DL-D,2025-08-27 01:34:02+02:00,2025-08-27 01:34:02+02:00,1,1,67.58,67.58,64.98,70.75,17.0,0,1,0,False,sudden_drop,normal,temporal,ECI:1072445.0,1072445.0,393.0,-17.76572543,177.43024794,-17.76572543,177.43024794,0.0
INC-000191,542020041221088+20250827115331+Fiji-Nadi-LTE-DL-D!20250827112239,Fiji-Nadi-LTE-DL-D,2025-08-27 01:20:42+02:00,2025-08-27 01:20:42+02:00,1,1,67.57,67.57,61.31,75.22,17.0,0,1,0,False,sudden_drop,normal,temporal,ECI:1070868.0,1070868.0,348.0,-17.7611943,177.4513521,-17.7611943,177.4513521,0.0
INC-000467,542020041221088+20250827135348+Fiji-Nadi-LTE-DL-D!20250827133514,Fiji-Nadi-LTE-DL-D,2025-08-27 03:33:16+02:00,2025-08-27 03:33:16+02:00,1,1,67.57,67.57,79.25,53.29,17.0,0,1,0,True,radio_limited_degradation,normal,radio,ECI:1064767.0,1064767.0,147.0,-17.7929516,177.4226433,-17.7929516,177.4226433,0.0
INC-001092,542020041221088+20250828133556+Fiji-Nadi-LTE-DL-D!20250828132602,Fiji-Nadi-LTE-DL-D,2025-08-28 03:25:55+02:00,2025-08-28 03:25:55+02:00,1,1,67.57,67.57,63.86,72.1,17.0,0,1,0,True,radio_limited_degradation,normal,temporal,ECI:3635992.0,3635992.0,234.0,-17.61936265,177.46580183,-17.61936265,177.46580183,0.0
INC-000564,542020041221088+20250827144731+Fiji-Nadi-LTE-DL-D!20250827144643,Fiji-Nadi-LTE-DL-D,2025-08-27 04:45:03+02:00,2025-08-27 04:45:07+02:00,1,5,67.54,67.54,78.47,54.18,45.0,0,5,0,True,radio_limited_degradation,normal,radio,ECI:1066311.0,1066311.0,487.0,-17.7574809,177.445404,-17.7575362,177.4456638,4.0
INC-000935,542020041221088+20250828123602+Fiji-Nadi-LTE-DL-D!20250828123538,Fiji-Nadi-LTE-DL-D,2025-08-28 02:35:26+02:00,2025-08-28 02:35:26+02:00,1,1,67.52,67.52,64.88,70.75,17.0,0,1,0,False,sudden_drop,normal,temporal,ECI:1081653.0,1081653.0,315.0,-17.6313513,177.4404794,-17.6313513,177.4404794,0.0
INC-001061,542020041221088+20250828132455+Fiji-Nadi-LTE-DL-D!20250828131658,Fiji-Nadi-LTE-DL-D,2025-08-28 03:16:26+02:00,2025-08-28 03:16:26+02:00,1,1,67.52,67.52,64.87,70.75,17.0,0,1,0,False,sudden_drop,normal,temporal,ECI:3638848.0,3638848.0,254.0,-17.62735637,177.46403477,-17.62735637,177.46403477,0.0
INC-000656,542020041221088+20250827154414+Fiji-Nadi-LTE-DL-D!20250827153533,Fiji-Nadi-LTE-DL-D,2025-08-27 05:33:30+02:00,2025-08-27 05:33:30+02:00,1,1,67.49,67.49,60.3,76.27,17.0,0,1,0,False,rolling_local_drop,normal,temporal,ECI:1068746.0,1068746.0,120.0,-17.74610579,177.44105124,-17.74610579,177.44105124,0.0
INC-000629,542020041221088+20250827152532+Fiji-Nadi-LTE-DL-D!20250827152209,Fiji-Nadi-LTE-DL-D,2025-08-27 05:20:30+02:00,2025-08-27 05:20:30+02:00,1,1,67.45,67.45,56.91,80.33,17.0,0,1,0,False,sudden_drop,normal,temporal,ECI:1068606.0,1068606.0,120.0,-17.742363,177.44226036,-17.742363,177.44226036,0.0
INC-000355,542020041221088+20250827131704+Fiji-Nadi-LTE-DL-D!20250827121308,Fiji-Nadi-LTE-DL-D,2025-08-27 02:12:35+02:00,2025-08-27 02:12:39+02:00,1,5,67.42,67.42,80.0,52.05,45.0,0,5,0,True,radio_limited_degradation,normal,radio,ECI:1069383.0,1069383.0,363.0,-17.7969991,177.4079898,-17.7970884,177.4084231,4.0
INC-000534,542020041221088+20250827140850+Fiji-Nadi-LTE-DL-D!20250827140234,Fiji-Nadi-LTE-DL-D,2025-08-27 04:02:12+02:00,2025-08-27 04:02:12+02:00,1,1,67.41,67.41,63.58,72.1,17.0,0,1,0,True,radio_limited_degradation,normal,temporal,ECI:1066034.0,1066034.0,124.0,-17.7665213,177.4479558,-17.7665213,177.4479558,0.0
INC-000034,542020041221088+20250827095105+Fiji-Nadi-LTE-DL-D!20250827094821,Fiji-Nadi-LTE-DL-D,2025-08-26 23:48:21+02:00,2025-08-26 23:48:22+02:00,1,2,67.4,67.4,64.09,71.44,24.0,0,2,0,True,radio_limited_degradation,normal,temporal,ECI:1067570.0,1067570.0,151.0,-17.81160836,177.39985997,-17.81160836,177.39985997,1.0
INC-000100,542020041221088+20250827103926+Fiji-Nadi-LTE-DL-D!20250827103843,Fiji-Nadi-LTE-DL-D,2025-08-27 00:36:49+02:00,2025-08-27 00:36:49+02:00,1,1,67.36,67.36,79.23,52.85,17.0,0,1,0,True,radio_limited_degradation,normal,radio,ECI:1071637.0,1071637.0,395.0,-17.8132629,177.4349241,-17.8132629,177.4349241,0.0
INC-000144,542020041221088+20250827110227+Fiji-Nadi-LTE-DL-D!20250827105156,Fiji-Nadi-LTE-DL-D,2025-08-27 00:50:10+02:00,2025-08-27 00:50:10+02:00,1,1,67.36,67.36,64.85,70.43,17.0,0,1,0,False,sudden_drop,normal,temporal,ECI:1070898.0,1070898.0,212.0,-17.7626664,177.4589538,-17.7626664,177.4589538,0.0
INC-000302,542020041221088+20250827123818+Fiji-Nadi-LTE-DL-D!20250827115313,Fiji-Nadi-LTE-DL-D,2025-08-27 01:52:09+02:00,2025-08-27 01:52:10+02:00,1,2,67.35,67.35,64.12,71.3,24.0,0,2,0,True,radio_limited_degradation,normal,temporal,ECI:1066816.0,1066816.0,158.0,-17.771014,177.3738915,-17.77100715,177.37388146,1.0
INC-000153,542020041221088+20250827110647+Fiji-Nadi-LTE-DL-D!20250827105407,Fiji-Nadi-LTE-DL-D,2025-08-27 00:52:21+02:00,2025-08-27 00:52:22+02:00,1,2,67.28,67.28,72.45,60.95,24.0,0,2,0,True,radio_limited_degradation,normal,radio,ECI:3631420.0,3631420.0,210.0,-17.76199111,177.46498294,-17.7619968,177.4648866,1.0
INC-001264,542020041221088+20250828153702+Fiji-Nadi-LTE-DL-D!20250828152243,Fiji-Nadi-LTE-DL-D,2025-08-28 05:20:49+02:00,2025-08-28 05:20:49+02:00,1,1,67.28,67.28,65.1,69.96,17.0,0,1,0,False,ca_underperformance,normal,capability,ECI:1079367.0,1079367.0,454.0,-17.6783874,177.3979169,-17.6783874,177.3979169,0.0
INC-001073,542020041221088+20250828132735+Fiji-Nadi-LTE-DL-D!20250828132130,Fiji-Nadi-LTE-DL-D,2025-08-28 03:20:09+02:00,2025-08-28 03:20:11+02:00,1,3,67.26,67.26,65.42,69.52,31.0,0,3,0,True,radio_limited_degradation,normal,temporal,ECI:3638804.0,3638804.0,250.0,-17.6189472,177.4651503,-17.61893061,177.46510879,2.0
INC-000537,542020041221088+20250827141110+Fiji-Nadi-LTE-DL-D!20250827140445,Fiji-Nadi-LTE-DL-D,2025-08-27 04:02:47+02:00,2025-08-27 04:02:47+02:00,1,1,67.24,67.24,64.37,70.75,17.0,0,1,0,False,sudden_drop,normal,temporal,ECI:1066034.0,1066034.0,124.0,-17.76480386,177.44719402,-17.76480386,177.44719402,0.0
INC-000363,542020041221088+20250827132304+Fiji-Nadi-LTE-DL-D!20250827122156,Fiji-Nadi-LTE-DL-D,2025-08-27 02:21:20+02:00,2025-08-27 02:21:20+02:00,1,1,67.22,67.22,61.5,74.21,17.0,0,1,0,False,ca_underperformance,normal,capability,ECI:1064757.0,1064757.0,147.0,-17.80476123,177.42038465,-17.80476123,177.42038465,0.0
INC-000519,542020041221088+20250827140810+Fiji-Nadi-LTE-DL-D!20250827140022,Fiji-Nadi-LTE-DL-D,2025-08-27 03:59:13+02:00,2025-08-27 03:59:13+02:00,1,1,67.22,67.22,64.32,70.75,17.0,0,1,0,False,sudden_drop,normal,temporal,ECI:1066034.0,1066034.0,124.0,-17.7665226,177.44771125,-17.7665226,177.44771125,0.0
INC-000807,542020041221088+20250828113631+Fiji-Nadi-LTE-DL-D!20250828110448,Fiji-Nadi-LTE-DL-D,2025-08-28 01:03:38+02:00,2025-08-28 01:03:39+02:00,1,2,67.2,67.2,74.62,58.12,24.0,0,2,0,True,radio_limited_degradation,normal,radio,ECI:1080647.0,1080647.0,352.0,-17.6381239,177.4732283,-17.63812424,177.47322811,1.0
INC-000578,542020041221088+20250827150911+Fiji-Nadi-LTE-DL-D!20250827150839,Fiji-Nadi-LTE-DL-D,2025-08-27 05:06:38+02:00,2025-08-27 05:06:49+02:00,6,6,67.17,66.78833333333334,72.48,60.72,17.0,0,6,0,True,radio_limited_degradation,normal,radio,ECI:1072183.0,1072183.0,448.0,-17.75711661,177.45730559,-17.75711661,177.45730559,11.0
INC-000027,542020041221088+20250827095105+Fiji-Nadi-LTE-DL-D!20250827094821,Fiji-Nadi-LTE-DL-D,2025-08-26 23:46:28+02:00,2025-08-26 23:46:28+02:00,1,1,67.17,67.17,64.24,70.75,17.0,0,1,0,False,sudden_drop,normal,temporal,ECI:1067570.0,1067570.0,151.0,-17.8116013,177.3998509,-17.8116013,177.3998509,0.0
INC-001230,542020041221088+20250828142739+Fiji-Nadi-LTE-DL-D!20250828142656,Fiji-Nadi-LTE-DL-D,2025-08-28 04:26:03+02:00,2025-08-28 04:26:03+02:00,1,1,67.17,67.17,61.57,74.02,17.0,0,1,0,False,ca_underperformance,normal,capability,ECI:1082162.0,1082162.0,139.0,-17.6052478,177.4515033,-17.6052478,177.4515033,0.0
INC-000556,542020041221088+20250827141230+Fiji-Nadi-LTE-DL-D!20250827140734,Fiji-Nadi-LTE-DL-D,2025-08-27 04:07:13+02:00,2025-08-27 04:07:16+02:00,1,4,67.16,67.16,71.51,61.85,38.0,0,4,0,True,ca_underperformance,normal,capability,ECI:1069375.0,1069375.0,125.0,-17.7637315,177.4408895,-17.76373148,177.44088949,3.0
INC-000943,542020041221088+20250828123823+Fiji-Nadi-LTE-DL-D!20250828123754,Fiji-Nadi-LTE-DL-D,2025-08-28 02:37:08+02:00,2025-08-28 02:37:09+02:00,1,2,67.16,67.16,64.39,70.54,24.0,0,2,0,False,rolling_local_drop,normal,temporal,ECI:3642943.0,3642943.0,313.0,-17.6290696,177.4424638,-17.6291488,177.4424684,1.0
INC-000382,542020041221088+20250827133206+Fiji-Nadi-LTE-DL-D!20250827125008,Fiji-Nadi-LTE-DL-D,2025-08-27 02:49:04+02:00,2025-08-27 02:49:04+02:00,1,1,67.16,67.16,77.61,54.39,17.0,0,1,0,True,radio_limited_degradation,normal,radio,ECI:1065269.0,1065269.0,144.0,-17.8017712,177.415997,-17.8017712,177.415997,0.0
INC-001291,542020041221088+20250829102713+Nawaka-LTE-DL!20250829102643,Nawaka-LTE-DL,2025-08-29 00:24:54+02:00,2025-08-29 00:24:59+02:00,2,2,67.15,65.775,72.44,61.43,17.0,0,2,0,True,radio_limited_degradation,normal,radio,ECI:1064992.0,1064992.0,469.0,-17.8128906,177.4432636,-17.8128906,177.4432636,5.0
INC-000054,542020041221088+20250827100145+Fiji-Nadi-LTE-DL-D!20250827100105,Fiji-Nadi-LTE-DL-D,2025-08-26 23:59:22+02:00,2025-08-26 23:59:22+02:00,1,1,67.15,67.15,64.25,70.69,17.0,0,1,0,False,sudden_drop,normal,temporal,ECI:1064756.0,1064756.0,149.0,-17.80922389,177.41292875,-17.80922389,177.41292875,0.0
INC-000064,542020041221088+20250827100525+Fiji-Nadi-LTE-DL-D!20250827100437,Fiji-Nadi-LTE-DL-D,2025-08-27 00:04:23+02:00,2025-08-27 00:04:24+02:00,1,2,67.14,67.14,64.51,70.35,24.0,0,2,0,False,sudden_drop,normal,temporal,ECI:1064755.0,1064755.0,148.0,-17.807038,177.4225792,-17.80703805,177.42257921,1.0
INC-000645,542020041221088+20250827152912+Fiji-Nadi-LTE-DL-D!20250827152850,Fiji-Nadi-LTE-DL-D,2025-08-27 05:27:26+02:00,2025-08-27 05:27:26+02:00,1,1,67.12,67.12,65.14,69.54,17.0,0,1,0,False,ca_underperformance,normal,capability,ECI:1068340.0,1068340.0,50.0,-17.74534084,177.44267574,-17.74534084,177.44267574,0.0
INC-000246,542020041221088+20250827122836+Fiji-Nadi-LTE-DL-D!20250827113757,Fiji-Nadi-LTE-DL-D,2025-08-27 01:37:12+02:00,2025-08-27 01:37:14+02:00,1,3,67.11,67.11,63.96,70.96,31.0,0,3,0,True,radio_limited_degradation,normal,temporal,ECI:1065532.0,1065532.0,134.0,-17.7799152,177.4272813,-17.77996674,177.42728672,2.0
INC-000678,542020041221088+20250827160614+Fiji-Nadi-LTE-DL-D!20250827155934,Fiji-Nadi-LTE-DL-D,2025-08-27 05:57:32+02:00,2025-08-27 05:57:32+02:00,1,1,67.11,67.11,56.03,80.66,17.0,0,1,0,False,ca_underperformance,ml_quantile_p75_resource_underperformance,capability,ECI:1073215.0,1073215.0,429.0,-17.79999334,177.45159717,-17.79999334,177.45159717,0.0
INC-000395,542020041221088+20250827133827+Fiji-Nadi-LTE-DL-D!20250827130111,Fiji-Nadi-LTE-DL-D,2025-08-27 03:00:29+02:00,2025-08-27 03:00:30+02:00,1,2,67.09,67.09,72.66,60.28,24.0,0,2,0,True,radio_limited_degradation,normal,radio,ECI:1064737.0,1064737.0,309.0,-17.79476341,177.42108916,-17.79473457,177.42115471,1.0
INC-000532,542020041221088+20250827140850+Fiji-Nadi-LTE-DL-D!20250827140234,Fiji-Nadi-LTE-DL-D,2025-08-27 04:01:45+02:00,2025-08-27 04:01:46+02:00,1,2,67.09,67.09,64.1,70.75,24.0,0,2,0,False,rolling_local_drop,normal,temporal,ECI:1066034.0,1066034.0,124.0,-17.7665226,177.4477113,-17.7665226,177.4477113,1.0
INC-000160,542020041221088+20250827110647+Fiji-Nadi-LTE-DL-D!20250827105407,Fiji-Nadi-LTE-DL-D,2025-08-27 00:53:11+02:00,2025-08-27 00:53:13+02:00,1,3,67.08,67.08,72.9,59.96,31.0,0,3,0,True,radio_limited_degradation,normal,radio,ECI:1068852.0,1068852.0,210.0,-17.76433034,177.464098,-17.7644477,177.4643292,2.0
INC-000326,542020041221088+20250827131523+Fiji-Nadi-LTE-DL-D!20250827120845,Fiji-Nadi-LTE-DL-D,2025-08-27 02:07:12+02:00,2025-08-27 02:07:14+02:00,1,3,67.06,67.06,66.16,68.17,31.0,0,3,0,True,radio_limited_degradation,normal,radio,ECI:1066812.0,1066812.0,157.0,-17.7825266,177.3865496,-17.7827109,177.3867214,2.0
INC-000925,542020041221088+20250828123522+Fiji-Nadi-LTE-DL-D!20250828123323,Fiji-Nadi-LTE-DL-D,2025-08-28 02:32:57+02:00,2025-08-28 02:32:57+02:00,1,1,67.04,67.04,72.48,60.4,17.0,0,1,0,True,radio_limited_degradation,normal,radio,ECI:1081653.0,1081653.0,315.0,-17.630043,177.4397343,-17.630043,177.4397343,0.0
INC-000963,542020041221088+20250828124503+Fiji-Nadi-LTE-DL-D!20250828124436,Fiji-Nadi-LTE-DL-D,2025-08-28 02:42:34+02:00,2025-08-28 02:42:36+02:00,1,3,67.03,67.03,64.55,70.06,31.0,0,3,0,True,ca_underperformance,normal,capability,ECI:1079614.0,1079614.0,345.0,-17.62597871,177.4332765,-17.6262521,177.4331372,2.0
INC-001101,542020041221088+20250828134016+Fiji-Nadi-LTE-DL-D!20250828133246,Fiji-Nadi-LTE-DL-D,2025-08-28 03:31:14+02:00,2025-08-28 03:31:14+02:00,1,1,67.02,67.02,63.96,70.75,17.0,0,1,0,False,sudden_drop,normal,temporal,ECI:3638837.0,3638837.0,253.0,-17.6182038,177.46491385,-17.6182038,177.46491385,0.0
INC-000197,542020041221088+20250827115912+Fiji-Nadi-LTE-DL-D!20250827112451,Fiji-Nadi-LTE-DL-D,2025-08-27 01:23:19+02:00,2025-08-27 01:23:21+02:00,1,3,67.01,67.01,63.97,70.72,31.0,0,3,0,True,radio_limited_degradation,normal,temporal,ECI:1066038.0,1066038.0,123.0,-17.7694291,177.439385,-17.7694666,177.4392479,2.0
INC-001148,542020041221088+20250828140057+Fiji-Nadi-LTE-DL-D!20250828135741,Fiji-Nadi-LTE-DL-D,2025-08-28 03:55:43+02:00,2025-08-28 03:55:46+02:00,2,3,67.01,66.555,79.88,51.35,24.0,0,3,0,True,radio_limited_degradation,normal,radio,ECI:1076531.0,1076531.0,182.0,-17.60849411,177.45598874,-17.6083469,177.4563443,3.0
INC-000667,542020041221088+20250827155633+Fiji-Nadi-LTE-DL-D!20250827154210,Fiji-Nadi-LTE-DL-D,2025-08-27 05:41:26+02:00,2025-08-27 05:41:26+02:00,1,1,67.0,67.0,77.1,54.65,17.0,0,1,0,True,radio_limited_degradation,normal,radio,ECI:1066294.0,1066294.0,487.0,-17.73934166,177.45913406,-17.73934166,177.45913406,0.0
INC-000604,542020041221088+20250827151552+Fiji-Nadi-LTE-DL-D!20250827151524,Fiji-Nadi-LTE-DL-D,2025-08-27 05:14:21+02:00,2025-08-27 05:14:23+02:00,1,3,66.99,66.99,63.22,71.6,31.0,0,3,0,False,rolling_local_drop,normal,temporal,ECI:1066294.0,1066294.0,50.0,-17.74780531,177.45436169,-17.7478155,177.45413813,2.0
INC-000850,542020041221088+20250828120053+Fiji-Nadi-LTE-DL-D!20250828113532,Fiji-Nadi-LTE-DL-D,2025-08-28 01:35:18+02:00,2025-08-28 01:35:21+02:00,1,4,66.97,66.97,68.14,65.53,38.0,0,4,0,True,ca_underperformance,normal,capability,ECI:1076796.0,1076796.0,184.0,-17.60439987,177.4595142,-17.60440726,177.45951365,3.0
INC-000886,542020041221088+20250828121902+Fiji-Nadi-LTE-DL-D!20250828120130,Fiji-Nadi-LTE-DL-D,2025-08-28 02:00:55+02:00,2025-08-28 02:01:01+02:00,2,3,66.96,61.91,64.73,69.69,24.0,0,3,0,True,radio_limited_degradation,normal,temporal,ECI:1076791.0,1076791.0,183.0,-17.6046294,177.453005,-17.6046294,177.4530047,6.0
INC-000468,542020041221088+20250827135348+Fiji-Nadi-LTE-DL-D!20250827133514,Fiji-Nadi-LTE-DL-D,2025-08-27 03:33:27+02:00,2025-08-27 03:33:27+02:00,1,1,66.95,66.95,64.49,69.96,17.0,0,1,0,False,ca_underperformance,normal,capability,ECI:1064764.0,1064764.0,147.0,-17.79294343,177.42265193,-17.79294343,177.42265193,0.0
INC-000205,542020041221088+20250827120512+Fiji-Nadi-LTE-DL-D!20250827112702,Fiji-Nadi-LTE-DL-D,2025-08-27 01:25:12+02:00,2025-08-27 01:25:12+02:00,1,1,66.94,66.94,63.83,70.75,17.0,0,1,0,False,sudden_drop,normal,temporal,ECI:1067041.0,1067041.0,339.0,-17.77344903,177.43494568,-17.77344903,177.43494568,0.0
INC-000810,542020041221088+20250828113631+Fiji-Nadi-LTE-DL-D!20250828110448,Fiji-Nadi-LTE-DL-D,2025-08-28 01:04:14+02:00,2025-08-28 01:04:16+02:00,1,3,66.93,66.93,77.18,54.39,31.0,0,3,0,True,radio_limited_degradation,normal,radio,ECI:3636032.0,3636032.0,231.0,-17.63739885,177.47630453,-17.63738075,177.47648789,2.0
INC-000796,542020041221088+20250828113551+Fiji-Nadi-LTE-DL-D!20250828110238,Fiji-Nadi-LTE-DL-D,2025-08-28 01:01:39+02:00,2025-08-28 01:01:40+02:00,1,2,66.93,66.93,61.7,73.32,24.0,0,2,0,False,ca_underperformance,ml_hgb_strict_causal_temporal_underperformance,capability,ECI:1077820.0,1077820.0,165.0,-17.63831932,177.4617123,-17.638342,177.46181774,1.0
INC-000671,542020041221088+20250827160154+Fiji-Nadi-LTE-DL-D!20250827155510,Fiji-Nadi-LTE-DL-D,2025-08-27 05:53:13+02:00,2025-08-27 05:53:26+02:00,4,9,66.92,64.4175,77.68,53.75,38.0,0,9,0,True,radio_limited_degradation,normal,radio,ECI:1067152.0,1067152.0,340.0,-17.78877476,177.44170807,-17.78877476,177.44170807,13.0
INC-001082,542020041221088+20250828133115+Fiji-Nadi-LTE-DL-D!20250828132346,Fiji-Nadi-LTE-DL-D,2025-08-28 03:22:57+02:00,2025-08-28 03:22:57+02:00,1,1,66.92,66.92,62.69,72.1,17.0,0,1,0,True,radio_limited_degradation,normal,temporal,ECI:3640343.0,3640343.0,273.0,-17.62795746,177.46271489,-17.62795746,177.46271489,0.0
INC-000035,542020041221088+20250827095145+Fiji-Nadi-LTE-DL-D!20250827095034,Fiji-Nadi-LTE-DL-D,2025-08-26 23:48:36+02:00,2025-08-26 23:48:36+02:00,1,1,66.9,66.9,63.75,70.75,17.0,0,1,0,False,sudden_drop,normal,temporal,ECI:1067570.0,1067570.0,151.0,-17.8115561,177.3999228,-17.8115561,177.3999228,0.0
INC-001151,542020041221088+20250828140057+Fiji-Nadi-LTE-DL-D!20250828135741,Fiji-Nadi-LTE-DL-D,2025-08-28 03:55:55+02:00,2025-08-28 03:55:56+02:00,1,2,66.85,66.85,65.71,68.24,24.0,0,2,0,True,ca_underperformance,normal,capability,ECI:1076531.0,1076531.0,182.0,-17.60813897,177.45683301,-17.60811801,177.45688313,1.0
INC-000293,542020041221088+20250827123638+Fiji-Nadi-LTE-DL-D!20250827114845,Fiji-Nadi-LTE-DL-D,2025-08-27 01:47:47+02:00,2025-08-27 01:47:52+02:00,2,5,66.83,61.91,77.66,53.59,38.0,0,5,0,True,radio_limited_degradation,normal,radio,ECI:3623990.0,3623990.0,158.0,-17.77777924,177.37761624,-17.77759225,177.37724552,5.0
INC-000973,542020041221088+20250828124723+Fiji-Nadi-LTE-DL-D!20250828124651,Fiji-Nadi-LTE-DL-D,2025-08-28 02:46:27+02:00,2025-08-28 02:46:35+02:00,2,5,66.78,64.955,64.72,69.3,38.0,0,5,0,True,ca_underperformance,normal,capability,ECI:1079084.0,1079084.0,167.0,-17.6301727,177.4505948,-17.6296632,177.4499843,8.0
INC-001066,542020041221088+20250828132555+Fiji-Nadi-LTE-DL-D!20250828131914,Fiji-Nadi-LTE-DL-D,2025-08-28 03:17:34+02:00,2025-08-28 03:17:34+02:00,1,1,66.77,66.77,63.52,70.75,17.0,0,1,0,False,sudden_drop,normal,temporal,ECI:3638848.0,3638848.0,254.0,-17.62480268,177.46579839,-17.62480268,177.46579839,0.0
INC-000368,542020041221088+20250827132625+Fiji-Nadi-LTE-DL-D!20250827122623,Fiji-Nadi-LTE-DL-D,2025-08-27 02:26:21+02:00,2025-08-27 02:26:23+02:00,1,3,66.74,66.74,53.92,82.41,31.0,1,2,0,False,radio_p75_underperformance,normal,capability,ECI:1064759.0,1064759.0,149.0,-17.8070401,177.4181157,-17.80704012,177.41811573,2.0
INC-001079,542020041221088+20250828133115+Fiji-Nadi-LTE-DL-D!20250828132346,Fiji-Nadi-LTE-DL-D,2025-08-28 03:22:12+02:00,2025-08-28 03:22:13+02:00,1,2,66.73,66.73,47.38,90.39,24.0,1,1,0,True,rb_conditioned_underperformance,ml_hgb_strict_causal_temporal_underperformance,resource,ECI:3635989.0,3635989.0,231.0,-17.6242049,177.4608833,-17.62420535,177.46088456,1.0
INC-000552,542020041221088+20250827141150+Fiji-Nadi-LTE-DL-D!20250827140658,Fiji-Nadi-LTE-DL-D,2025-08-27 04:06:42+02:00,2025-08-27 04:06:42+02:00,1,1,66.72,66.72,78.28,52.59,17.0,0,1,0,True,radio_limited_degradation,normal,radio,ECI:1068749.0,1068749.0,402.0,-17.76433845,177.44034378,-17.76433845,177.44034378,0.0
INC-000062,542020041221088+20250827100525+Fiji-Nadi-LTE-DL-D!20250827100437,Fiji-Nadi-LTE-DL-D,2025-08-27 00:03:56+02:00,2025-08-27 00:03:56+02:00,1,1,66.7,66.7,62.28,72.1,17.0,0,1,0,True,radio_limited_degradation,normal,temporal,ECI:1064755.0,1064755.0,148.0,-17.807038,177.4225792,-17.807038,177.4225792,0.0
INC-000130,542020041221088+20250827105427+Fiji-Nadi-LTE-DL-D!20250827104733,Fiji-Nadi-LTE-DL-D,2025-08-27 00:46:24+02:00,2025-08-27 00:46:25+02:00,1,2,66.65,66.65,63.3,70.75,24.0,0,2,0,False,rolling_local_drop,normal,temporal,ECI:1067840.0,1067840.0,126.0,-17.77891907,177.45406138,-17.7787246,177.4541677,1.0
INC-000970,542020041221088+20250828124723+Fiji-Nadi-LTE-DL-D!20250828124651,Fiji-Nadi-LTE-DL-D,2025-08-28 02:44:53+02:00,2025-08-28 02:44:53+02:00,1,1,66.65,66.65,56.82,78.68,17.0,0,1,0,False,rb_conditioned_underperformance,ml_hgb_strict_causal_temporal_underperformance,temporal,ECI:3642943.0,3642943.0,313.0,-17.6309639,177.4441089,-17.6309639,177.4441089,0.0
INC-000978,542020041221088+20250828124943+Fiji-Nadi-LTE-DL-D!20250828124907,Fiji-Nadi-LTE-DL-D,2025-08-28 02:48:52+02:00,2025-08-28 02:48:54+02:00,1,3,66.63,66.63,65.38,68.16,31.0,0,3,0,True,ca_underperformance,normal,capability,ECI:1077822.0,1077822.0,170.0,-17.6284586,177.4505431,-17.6286271,177.4507072,2.0
INC-000638,542020041221088+20250827152632+Fiji-Nadi-LTE-DL-D!20250827152422,Fiji-Nadi-LTE-DL-D,2025-08-27 05:22:51+02:00,2025-08-27 05:22:56+02:00,1,6,66.62,66.62,79.14,51.3,52.0,0,6,0,True,radio_limited_degradation,normal,radio,ECI:1066301.0,1066301.0,487.0,-17.74195309,177.44359521,-17.74187697,177.44363034,5.0
INC-000553,542020041221088+20250827141150+Fiji-Nadi-LTE-DL-D!20250827140658,Fiji-Nadi-LTE-DL-D,2025-08-27 04:06:48+02:00,2025-08-27 04:06:50+02:00,1,3,66.6,66.6,76.85,54.06,31.0,0,3,0,True,radio_limited_degradation,normal,radio,ECI:1066311.0,1066311.0,487.0,-17.7641733,177.4405539,-17.7641061,177.440626,2.0
INC-000511,542020041221088+20250827140609+Fiji-Nadi-LTE-DL-D!20250827135810,Fiji-Nadi-LTE-DL-D,2025-08-27 03:56:46+02:00,2025-08-27 03:56:47+02:00,1,2,66.59,66.59,62.27,71.88,24.0,0,2,0,True,radio_limited_degradation,normal,temporal,ECI:1066035.0,1066035.0,123.0,-17.7667815,177.4457013,-17.7667768,177.4457812,1.0
INC-000870,542020041221088+20250828121041+Fiji-Nadi-LTE-DL-D!20250828114409,Fiji-Nadi-LTE-DL-D,2025-08-28 01:44:01+02:00,2025-08-28 01:44:01+02:00,1,1,66.59,66.59,63.18,70.75,17.0,0,1,0,False,sudden_drop,normal,temporal,ECI:1082165.0,1082165.0,139.0,-17.6037042,177.449819,-17.6037042,177.449819,0.0
INC-000538,542020041221088+20250827141110+Fiji-Nadi-LTE-DL-D!20250827140445,Fiji-Nadi-LTE-DL-D,2025-08-27 04:02:55+02:00,2025-08-27 04:02:56+02:00,1,2,66.58,66.58,63.18,70.75,24.0,0,2,0,False,rolling_local_drop,normal,temporal,ECI:1066034.0,1066034.0,124.0,-17.76435134,177.44684471,-17.7642488,177.446728,1.0
INC-000222,542020041221088+20250827122034+Fiji-Nadi-LTE-DL-D!20250827113125,Fiji-Nadi-LTE-DL-D,2025-08-27 01:31:18+02:00,2025-08-27 01:31:18+02:00,1,1,66.56,66.56,63.12,70.75,17.0,0,1,0,False,sudden_drop,normal,temporal,ECI:1072439.0,1072439.0,394.0,-17.76816618,177.42818487,-17.76816618,177.42818487,0.0
INC-000325,542020041221088+20250827131523+Fiji-Nadi-LTE-DL-D!20250827120845,Fiji-Nadi-LTE-DL-D,2025-08-27 02:07:06+02:00,2025-08-27 02:07:07+02:00,1,2,66.55,66.55,63.12,70.75,24.0,0,2,0,False,rolling_local_drop,normal,temporal,ECI:3623987.0,3623987.0,153.0,-17.7819875,177.3860465,-17.782077,177.3861333,1.0
INC-000893,542020041221088+20250828122203+Fiji-Nadi-LTE-DL-D!20250828120550,Fiji-Nadi-LTE-DL-D,2025-08-28 02:05:37+02:00,2025-08-28 02:05:37+02:00,1,1,66.55,66.55,71.96,59.94,17.0,0,1,0,True,radio_limited_degradation,normal,radio,ECI:1076789.0,1076789.0,184.0,-17.6033563,177.4530181,-17.6033563,177.4530181,0.0
INC-000103,542020041221088+20250827103926+Fiji-Nadi-LTE-DL-D!20250827103843,Fiji-Nadi-LTE-DL-D,2025-08-27 00:37:03+02:00,2025-08-27 00:37:03+02:00,1,1,66.54,66.54,63.74,69.96,17.0,0,1,0,False,ca_underperformance,normal,capability,ECI:1071687.0,1071687.0,395.0,-17.81326291,177.43492408,-17.81326291,177.43492408,0.0
INC-000523,542020041221088+20250827140810+Fiji-Nadi-LTE-DL-D!20250827140022,Fiji-Nadi-LTE-DL-D,2025-08-27 03:59:54+02:00,2025-08-27 03:59:54+02:00,1,1,66.54,66.54,61.98,72.1,17.0,0,1,0,True,radio_limited_degradation,normal,temporal,ECI:1066034.0,1066034.0,124.0,-17.7665226,177.44771125,-17.7665226,177.44771125,0.0
INC-000172,542020041221088+20250827112649+Fiji-Nadi-LTE-DL-D!20250827110516,Fiji-Nadi-LTE-DL-D,2025-08-27 01:03:51+02:00,2025-08-27 01:03:53+02:00,1,3,66.52,66.52,71.82,60.04,31.0,0,3,0,True,radio_limited_degradation,normal,radio,ECI:1073463.0,1073463.0,82.0,-17.7687948,177.4880312,-17.76869953,177.48811255,2.0
INC-001060,542020041221088+20250828132455+Fiji-Nadi-LTE-DL-D!20250828131658,Fiji-Nadi-LTE-DL-D,2025-08-28 03:16:05+02:00,2025-08-28 03:16:08+02:00,1,4,66.51,66.51,63.57,70.11,38.0,0,4,0,False,rolling_local_drop,normal,temporal,ECI:3638848.0,3638848.0,254.0,-17.6270631,177.4636092,-17.6272627,177.4637092,3.0
INC-000814,542020041221088+20250828113831+Fiji-Nadi-LTE-DL-D!20250828110657,Fiji-Nadi-LTE-DL-D,2025-08-28 01:06:31+02:00,2025-08-28 01:06:32+02:00,1,2,66.47,66.47,63.62,69.96,24.0,0,2,0,False,ca_underperformance,normal,capability,ECI:1077820.0,1077820.0,165.0,-17.62838579,177.48065358,-17.62829478,177.48064644,1.0
INC-000533,542020041221088+20250827140850+Fiji-Nadi-LTE-DL-D!20250827140234,Fiji-Nadi-LTE-DL-D,2025-08-27 04:02:00+02:00,2025-08-27 04:02:00+02:00,1,1,66.46,66.46,62.95,70.75,17.0,0,1,0,False,sudden_drop,normal,temporal,ECI:1066034.0,1066034.0,124.0,-17.7665226,177.4477113,-17.7665226,177.4477113,0.0
INC-000396,542020041221088+20250827133827+Fiji-Nadi-LTE-DL-D!20250827130111,Fiji-Nadi-LTE-DL-D,2025-08-27 03:01:10+02:00,2025-08-27 03:01:10+02:00,1,1,66.45,66.45,65.54,67.56,17.0,0,1,0,False,ca_underperformance,normal,capability,ECI:1065543.0,1065543.0,132.0,-17.792373,177.4232739,-17.792373,177.4232739,0.0
INC-000715,542020041221088+20250828102346+Fiji-Nadi-LTE-DL-D!20250828102312,Fiji-Nadi-LTE-DL-D,2025-08-28 00:22:41+02:00,2025-08-28 00:22:43+02:00,1,3,66.44,66.44,63.11,70.5,31.0,0,3,0,True,rolling_local_drop,normal,temporal,ECI:1071136.0,1071136.0,338.0,-17.7371848,177.459908,-17.7371848,177.459908,2.0
INC-001006,542020041221088+20250828125624+Fiji-Nadi-LTE-DL-D!20250828125546,Fiji-Nadi-LTE-DL-D,2025-08-28 02:55:03+02:00,2025-08-28 02:55:05+02:00,2,2,66.44,61.44,76.78,53.8,17.0,0,2,0,True,radio_limited_degradation,normal,radio,ECI:3640375.0,3640375.0,275.0,-17.63676536,177.45564708,-17.63661769,177.45578018,2.0
INC-000835,542020041221088+20250828114952+Fiji-Nadi-LTE-DL-D!20250828112430,Fiji-Nadi-LTE-DL-D,2025-08-28 01:23:43+02:00,2025-08-28 01:23:43+02:00,1,1,66.44,66.44,74.91,56.08,17.0,0,1,0,True,radio_limited_degradation,normal,radio,ECI:1076426.0,1076426.0,375.0,-17.60579401,177.46150333,-17.60579401,177.46150333,0.0
INC-000046,542020041221088+20250827100005+Fiji-Nadi-LTE-DL-D!20250827095853,Fiji-Nadi-LTE-DL-D,2025-08-26 23:56:57+02:00,2025-08-26 23:56:57+02:00,1,1,66.4,66.4,61.74,72.1,17.0,0,1,0,True,radio_limited_degradation,normal,temporal,ECI:1067553.0,1067553.0,351.0,-17.8134954,177.3980509,-17.8134954,177.3980509,0.0
INC-001071,542020041221088+20250828132735+Fiji-Nadi-LTE-DL-D!20250828132130,Fiji-Nadi-LTE-DL-D,2025-08-28 03:19:32+02:00,2025-08-28 03:19:37+02:00,3,4,66.37,65.73666666666666,73.69,57.5,24.0,0,4,0,True,radio_limited_degradation,normal,radio,ECI:3635992.0,3635992.0,234.0,-17.61804793,177.46705578,-17.6182463,177.4667485,5.0
INC-000097,542020041221088+20250827103246+Fiji-Nadi-LTE-DL-D!20250827103001,Fiji-Nadi-LTE-DL-D,2025-08-27 00:29:39+02:00,2025-08-27 00:29:40+02:00,1,2,66.36,66.36,75.39,55.33,24.0,0,2,0,True,radio_limited_degradation,normal,radio,ECI:1071637.0,1071637.0,395.0,-17.81494529,177.43682625,-17.81490111,177.4367199,1.0
INC-000216,542020041221088+20250827122034+Fiji-Nadi-LTE-DL-D!20250827113125,Fiji-Nadi-LTE-DL-D,2025-08-27 01:30:23+02:00,2025-08-27 01:30:24+02:00,1,2,66.36,66.36,61.84,71.88,24.0,0,2,0,True,radio_limited_degradation,normal,temporal,ECI:1072439.0,1072439.0,394.0,-17.77333944,177.42323338,-17.7731588,177.4233983,1.0
INC-001050,542020041221088+20250828131954+Fiji-Nadi-LTE-DL-D!20250828131344,Fiji-Nadi-LTE-DL-D,2025-08-28 03:13:07+02:00,2025-08-28 03:13:07+02:00,1,1,66.35,66.35,61.35,72.47,17.0,0,1,0,False,ca_underperformance,ml_quantile_p75_resource_underperformance,capability,ECI:1080630.0,1080630.0,352.0,-17.6291936,177.4740016,-17.6291936,177.4740016,0.0
INC-001036,542020041221088+20250828131005+Fiji-Nadi-LTE-DL-D!20250828130912,Fiji-Nadi-LTE-DL-D,2025-08-28 03:08:51+02:00,2025-08-28 03:08:52+02:00,1,2,66.34,66.34,65.28,67.62,24.0,0,2,0,True,radio_limited_degradation,ml_quantile_p75_resource_underperformance,temporal,ECI:3640373.0,3640373.0,273.0,-17.6287388,177.460044,-17.6287434,177.4600485,1.0
INC-000016,542020041221088+20250827094925+Fiji-Nadi-LTE-DL-D!20250827094611,Fiji-Nadi-LTE-DL-D,2025-08-26 23:44:32+02:00,2025-08-26 23:44:32+02:00,1,1,66.34,66.34,61.62,72.1,17.0,0,1,0,True,radio_limited_degradation,normal,temporal,ECI:1067570.0,1067570.0,151.0,-17.8116013,177.3998509,-17.8116013,177.3998509,0.0
INC-001063,542020041221088+20250828132455+Fiji-Nadi-LTE-DL-D!20250828131658,Fiji-Nadi-LTE-DL-D,2025-08-28 03:16:46+02:00,2025-08-28 03:16:46+02:00,1,1,66.33,66.33,57.93,76.61,17.0,0,1,0,False,sudden_drop,normal,temporal,ECI:3638848.0,3638848.0,254.0,-17.62596498,177.46541875,-17.62596498,177.46541875,0.0
INC-000324,542020041221088+20250827131523+Fiji-Nadi-LTE-DL-D!20250827120845,Fiji-Nadi-LTE-DL-D,2025-08-27 02:07:01+02:00,2025-08-27 02:07:01+02:00,1,1,66.32,66.32,62.28,71.27,17.0,0,1,0,False,ca_underperformance,normal,capability,ECI:3623987.0,3623987.0,153.0,-17.78142541,177.3855024,-17.78142541,177.3855024,0.0
INC-000252,542020041221088+20250827123136+Fiji-Nadi-LTE-DL-D!20250827114007,Fiji-Nadi-LTE-DL-D,2025-08-27 01:39:17+02:00,2025-08-27 01:39:17+02:00,1,1,66.3,66.3,62.8,70.58,17.0,0,1,0,True,rb_conditioned_underperformance,normal,capability,ECI:1073724.0,1073724.0,361.0,-17.78778973,177.41614007,-17.78778973,177.41614007,0.0
INC-000069,542020041221088+20250827102346+Fiji-Nadi-LTE-DL-D!20250827102142,Fiji-Nadi-LTE-DL-D,2025-08-27 00:20:12+02:00,2025-08-27 00:20:14+02:00,2,2,66.29,65.965,70.77,72.28,17.0,0,2,0,True,radio_limited_degradation,normal,radio,ECI:1064906.0,1064906.0,311.0,-17.809747,177.4068003,-17.8097893,177.40692068,2.0
INC-000800,542020041221088+20250828113551+Fiji-Nadi-LTE-DL-D!20250828110238,Fiji-Nadi-LTE-DL-D,2025-08-28 01:02:29+02:00,2025-08-28 01:02:30+02:00,1,2,66.28,66.28,64.73,68.17,24.0,0,2,0,True,ca_underperformance,normal,capability,ECI:1077820.0,1077820.0,165.0,-17.6383847,177.467028,-17.6383512,177.4671315,1.0
INC-000618,542020041221088+20250827151812+Fiji-Nadi-LTE-DL-D!20250827151738,Fiji-Nadi-LTE-DL-D,2025-08-27 05:17:16+02:00,2025-08-27 05:17:17+02:00,1,2,66.27,66.27,60.43,73.41,24.0,0,2,0,True,radio_limited_degradation,normal,temporal,ECI:1068575.0,1068575.0,122.0,-17.74587074,177.44272709,-17.7458109,177.4427589,1.0
INC-000063,542020041221088+20250827100525+Fiji-Nadi-LTE-DL-D!20250827100437,Fiji-Nadi-LTE-DL-D,2025-08-27 00:04:11+02:00,2025-08-27 00:04:11+02:00,1,1,66.27,66.27,62.6,70.75,17.0,0,1,0,False,sudden_drop,normal,temporal,ECI:1064755.0,1064755.0,148.0,-17.807038,177.4225792,-17.807038,177.4225792,0.0
INC-001255,542020041221088+20250828144319+Fiji-Nadi-LTE-DL-D!20250828144243,Fiji-Nadi-LTE-DL-D,2025-08-28 04:42:21+02:00,2025-08-28 04:42:21+02:00,1,1,66.25,66.25,61.04,72.62,17.0,0,1,0,False,ca_underperformance,ml_quantile_p75_resource_underperformance,capability,ECI:1081652.0,1081652.0,356.0,-17.6336111,177.4293246,-17.6336111,177.4293246,0.0
INC-000114,542020041221088+20250827104347+Fiji-Nadi-LTE-DL-D!20250827104305,Fiji-Nadi-LTE-DL-D,2025-08-27 00:42:59+02:00,2025-08-27 00:43:02+02:00,1,4,66.22,66.22,65.04,67.67,38.0,0,4,0,True,ca_underperformance,normal,capability,ECI:1073214.0,1073214.0,148.0,-17.79570089,177.43656515,-17.79524114,177.43689504,3.0
INC-000348,542020041221088+20250827131704+Fiji-Nadi-LTE-DL-D!20250827121308,Fiji-Nadi-LTE-DL-D,2025-08-27 02:12:03+02:00,2025-08-27 02:12:04+02:00,1,2,66.22,66.22,71.94,59.23,24.0,0,2,0,True,radio_limited_degradation,normal,radio,ECI:1073736.0,1073736.0,146.0,-17.7968343,177.4070941,-17.7968343,177.4070941,1.0
INC-001048,542020041221088+20250828131954+Fiji-Nadi-LTE-DL-D!20250828131344,Fiji-Nadi-LTE-DL-D,2025-08-28 03:12:46+02:00,2025-08-28 03:12:48+02:00,1,3,66.21,66.21,59.03,74.98,31.0,0,3,0,False,ca_underperformance,normal,capability,ECI:1080627.0,1080627.0,352.0,-17.63079455,177.4757767,-17.63066287,177.47561871,2.0
INC-000476,542020041221088+20250827135549+Fiji-Nadi-LTE-DL-D!20250827133724,Fiji-Nadi-LTE-DL-D,2025-08-27 03:35:48+02:00,2025-08-27 03:35:51+02:00,1,4,66.18,66.18,64.29,68.49,38.0,0,4,0,False,ca_underperformance,normal,capability,ECI:1065523.0,1065523.0,133.0,-17.78769113,177.42602123,-17.78748818,177.42578233,3.0
INC-000929,542020041221088+20250828123602+Fiji-Nadi-LTE-DL-D!20250828123538,Fiji-Nadi-LTE-DL-D,2025-08-28 02:34:16+02:00,2025-08-28 02:34:17+02:00,1,2,66.18,66.18,63.78,69.13,24.0,0,2,0,False,rolling_local_drop,normal,temporal,ECI:3642943.0,3642943.0,313.0,-17.6301748,177.4411948,-17.6301804,177.4412281,1.0
INC-001075,542020041221088+20250828132735+Fiji-Nadi-LTE-DL-D!20250828132130,Fiji-Nadi-LTE-DL-D,2025-08-28 03:20:33+02:00,2025-08-28 03:20:34+02:00,1,2,66.17,66.17,62.42,70.75,24.0,0,2,0,False,rolling_local_drop,normal,temporal,ECI:3635992.0,3635992.0,234.0,-17.620089,177.4634598,-17.620142,177.4633813,1.0
INC-000158,542020041221088+20250827110647+Fiji-Nadi-LTE-DL-D!20250827105407,Fiji-Nadi-LTE-DL-D,2025-08-27 00:53:02+02:00,2025-08-27 00:53:03+02:00,1,2,66.15,66.15,64.97,67.59,24.0,0,2,0,False,rb_conditioned_underperformance,normal,capability,ECI:3631432.0,3631432.0,210.0,-17.7640684,177.4640114,-17.7641122,177.46399165,1.0
INC-001167,542020041221088+20250828140337+Fiji-Nadi-LTE-DL-D!20250828140209,Fiji-Nadi-LTE-DL-D,2025-08-28 04:01:16+02:00,2025-08-28 04:01:19+02:00,2,3,66.14,60.82,51.86,87.06,24.0,1,2,0,False,ca_underperformance,ml_quantile_p75_resource_underperformance,capability,ECI:1082162.0,1082162.0,139.0,-17.60795243,177.45289945,-17.60789573,177.45258047,3.0
INC-000269,542020041221088+20250827123437+Fiji-Nadi-LTE-DL-D!20250827114425,Fiji-Nadi-LTE-DL-D,2025-08-27 01:42:42+02:00,2025-08-27 01:42:44+02:00,2,2,66.14,62.465,77.01,52.86,17.0,0,2,0,True,radio_limited_degradation,normal,radio,ECI:1067590.0,1067590.0,140.0,-17.79651594,177.40066415,-17.7964704,177.4002838,2.0
INC-000378,542020041221088+20250827133105+Fiji-Nadi-LTE-DL-D!20250827124329,Fiji-Nadi-LTE-DL-D,2025-08-27 02:42:58+02:00,2025-08-27 02:43:03+02:00,2,2,66.14,64.02,55.28,79.42,17.0,0,2,0,True,radio_limited_degradation,normal,temporal,ECI:1065269.0,1065269.0,144.0,-17.80568946,177.41490265,-17.805688,177.4149036,5.0
INC-001115,542020041221088+20250828134256+Fiji-Nadi-LTE-DL-D!20250828133718,Fiji-Nadi-LTE-DL-D,2025-08-28 03:35:24+02:00,2025-08-28 03:35:25+02:00,1,2,66.14,66.14,68.23,63.58,24.0,0,2,0,True,radio_limited_degradation,normal,radio,ECI:1077825.0,1077825.0,167.0,-17.6185933,177.459938,-17.6187116,177.4599082,1.0
INC-001026,542020041221088+20250828130244+Fiji-Nadi-LTE-DL-D!20250828130228,Fiji-Nadi-LTE-DL-D,2025-08-28 03:02:02+02:00,2025-08-28 03:02:04+02:00,2,2,66.13,62.575,65.81,66.51,17.0,0,2,0,True,radio_limited_degradation,normal,radio,ECI:1077822.0,1077822.0,167.0,-17.63034356,177.45314667,-17.63034663,177.45315181,2.0
INC-000187,542020041221088+20250827114430+Fiji-Nadi-LTE-DL-D!20250827111604,Fiji-Nadi-LTE-DL-D,2025-08-27 01:15:16+02:00,2025-08-27 01:15:22+02:00,1,7,66.12,66.12,65.76,66.56,59.0,0,7,0,True,radio_p75_underperformance,normal,capability,ECI:3625799.0,3625799.0,116.0,-17.7585746,177.4585564,-17.7588331,177.4586666,6.0
INC-000042,542020041221088+20250827095725+Fiji-Nadi-LTE-DL-D!20250827095641,Fiji-Nadi-LTE-DL-D,2025-08-26 23:54:41+02:00,2025-08-26 23:54:44+02:00,2,2,66.09,66.035,72.46,58.3,17.0,0,2,0,True,radio_limited_degradation,normal,radio,ECI:1067553.0,1067553.0,351.0,-17.816197,177.3954095,-17.816197,177.3954095,3.0
INC-000693,542020041221088+20250827161154+Fiji-Nadi-LTE-DL-D!20250827160820,Fiji-Nadi-LTE-DL-D,2025-08-27 06:07:24+02:00,2025-08-27 06:07:24+02:00,1,1,66.08,66.08,77.06,52.66,17.0,0,1,0,True,radio_limited_degradation,normal,radio,ECI:1071647.0,1071647.0,148.0,-17.81281855,177.43693058,-17.81281855,177.43693058,0.0
INC-001171,542020041221088+20250828140337+Fiji-Nadi-LTE-DL-D!20250828140209,Fiji-Nadi-LTE-DL-D,2025-08-28 04:02:00+02:00,2025-08-28 04:02:01+02:00,1,2,66.06,66.06,58.94,74.77,24.0,0,2,0,False,rolling_local_drop,normal,temporal,ECI:1082142.0,1082142.0,139.0,-17.6078656,177.4507267,-17.6078656,177.4507267,1.0
INC-001177,542020041221088+20250828140457+Fiji-Nadi-LTE-DL-D!20250828140425,Fiji-Nadi-LTE-DL-D,2025-08-28 04:03:51+02:00,2025-08-28 04:03:52+02:00,1,2,66.06,66.06,61.48,71.67,24.0,0,2,0,True,radio_limited_degradation,normal,capability,ECI:1082175.0,1082175.0,139.0,-17.6052547,177.4502758,-17.6052688,177.4503398,1.0
INC-001001,542020041221088+20250828125404+Fiji-Nadi-LTE-DL-D!20250828125334,Fiji-Nadi-LTE-DL-D,2025-08-28 02:53:13+02:00,2025-08-28 02:53:13+02:00,1,1,66.06,66.06,63.28,69.45,17.0,0,1,0,False,ca_underperformance,ml_quantile_p75_resource_underperformance,capability,ECI:1077825.0,1077825.0,167.0,-17.63102755,177.45525839,-17.63102755,177.45525839,0.0
INC-000898,542020041221088+20250828122241+Fiji-Nadi-LTE-DL-D!20250828121359,Fiji-Nadi-LTE-DL-D,2025-08-28 02:13:39+02:00,2025-08-28 02:13:41+02:00,1,3,66.05,66.05,61.95,71.07,31.0,0,3,0,True,radio_limited_degradation,normal,temporal,ECI:1076799.0,1076799.0,184.0,-17.603387,177.4529915,-17.6033865,177.4529934,2.0
INC-000137,542020041221088+20250827105947+Fiji-Nadi-LTE-DL-D!20250827104944,Fiji-Nadi-LTE-DL-D,2025-08-27 00:47:42+02:00,2025-08-27 00:47:44+02:00,1,3,66.03,66.03,62.22,70.68,31.0,0,3,0,False,rolling_local_drop,normal,temporal,ECI:1067839.0,1067839.0,128.0,-17.76995012,177.45579701,-17.7696229,177.4556738,2.0
INC-001088,542020041221088+20250828133556+Fiji-Nadi-LTE-DL-D!20250828132602,Fiji-Nadi-LTE-DL-D,2025-08-28 03:24:36+02:00,2025-08-28 03:24:37+02:00,1,2,66.01,66.01,63.45,69.14,24.0,0,2,0,True,radio_limited_degradation,ml_hgb_strict_causal_temporal_underperformance,temporal,ECI:3638807.0,3638807.0,253.0,-17.6214116,177.4673259,-17.6213055,177.4673125,1.0
INC-001020,542020041221088+20250828130244+Fiji-Nadi-LTE-DL-D!20250828130228,Fiji-Nadi-LTE-DL-D,2025-08-28 03:01:16+02:00,2025-08-28 03:01:17+02:00,1,2,66.0,66.0,73.96,56.28,24.0,0,2,0,True,radio_limited_degradation,normal,radio,ECI:1077812.0,1077812.0,167.0,-17.62792941,177.45274904,-17.62800616,177.45268116,1.0
INC-000193,542020041221088+20250827115331+Fiji-Nadi-LTE-DL-D!20250827112239,Fiji-Nadi-LTE-DL-D,2025-08-27 01:22:05+02:00,2025-08-27 01:22:06+02:00,1,2,65.95,65.95,62.98,69.58,24.0,0,2,0,False,sudden_drop,ml_hgb_strict_causal_temporal_underperformance,temporal,ECI:1066037.0,1066037.0,124.0,-17.7652517,177.4454503,-17.76525169,177.44545028,1.0
INC-001202,542020041221088+20250828141358+Fiji-Nadi-LTE-DL-D!20250828141324,Fiji-Nadi-LTE-DL-D,2025-08-28 04:12:21+02:00,2025-08-28 04:12:21+02:00,1,1,65.93,65.93,69.06,62.09,17.0,0,1,0,True,radio_limited_degradation,normal,radio,ECI:1076429.0,1076429.0,250.0,-17.61304669,177.46329225,-17.61304669,177.46329225,0.0
INC-000505,542020041221088+20250827140349+Fiji-Nadi-LTE-DL-D!20250827135601,Fiji-Nadi-LTE-DL-D,2025-08-27 03:54:25+02:00,2025-08-27 03:54:30+02:00,2,4,65.92,64.16,58.19,75.36,24.0,0,4,0,True,radio_limited_degradation,normal,radio,ECI:1066048.0,1066048.0,123.0,-17.7690611,177.440185,-17.76906107,177.44018496,5.0
INC-000956,542020041221088+20250828124043+Fiji-Nadi-LTE-DL-D!20250828124009,Fiji-Nadi-LTE-DL-D,2025-08-28 02:39:25+02:00,2025-08-28 02:39:30+02:00,3,3,65.92,61.71333333333333,62.7,69.84,17.0,0,3,0,True,radio_limited_degradation,normal,radio,ECI:1079075.0,1079075.0,385.0,-17.62521634,177.44373462,-17.6245127,177.4436201,5.0
INC-000543,542020041221088+20250827141110+Fiji-Nadi-LTE-DL-D!20250827140445,Fiji-Nadi-LTE-DL-D,2025-08-27 04:04:19+02:00,2025-08-27 04:04:20+02:00,1,2,65.92,65.92,60.61,72.41,24.0,0,2,0,True,radio_limited_degradation,normal,temporal,ECI:1066034.0,1066034.0,124.0,-17.76551196,177.44513107,-17.76551196,177.44513107,1.0
INC-000861,542020041221088+20250828121001+Fiji-Nadi-LTE-DL-D!20250828114201,Fiji-Nadi-LTE-DL-D,2025-08-28 01:41:52+02:00,2025-08-28 01:41:52+02:00,1,1,65.92,65.92,72.49,57.88,17.0,0,1,0,True,radio_limited_degradation,normal,radio,ECI:1076789.0,1076789.0,184.0,-17.6036716,177.45252971,-17.6036716,177.45252971,0.0
INC-001067,542020041221088+20250828132555+Fiji-Nadi-LTE-DL-D!20250828131914,Fiji-Nadi-LTE-DL-D,2025-08-28 03:17:49+02:00,2025-08-28 03:17:49+02:00,1,1,65.91,65.91,61.95,70.75,17.0,0,1,0,False,sudden_drop,normal,temporal,ECI:3638847.0,3638847.0,253.0,-17.6238558,177.4662977,-17.6238558,177.4662977,0.0
INC-000196,542020041221088+20250827115912+Fiji-Nadi-LTE-DL-D!20250827112451,Fiji-Nadi-LTE-DL-D,2025-08-27 01:23:06+02:00,2025-08-27 01:23:08+02:00,1,3,65.9,65.9,52.87,81.82,31.0,1,2,0,False,ca_underperformance,normal,temporal,ECI:1066038.0,1066038.0,123.0,-17.7688331,177.4407888,-17.76889444,177.4406833,2.0
INC-000626,542020041221088+20250827152052+Fiji-Nadi-LTE-DL-D!20250827151954,Fiji-Nadi-LTE-DL-D,2025-08-27 05:19:50+02:00,2025-08-27 05:19:50+02:00,1,1,65.9,65.9,61.94,70.75,17.0,0,1,0,False,sudden_drop,normal,temporal,ECI:1068606.0,1068606.0,120.0,-17.7429311,177.44192406,-17.7429311,177.44192406,0.0
INC-000736,542020041221088+20250828103207+Fiji-Nadi-LTE-DL-D!20250828102946,Fiji-Nadi-LTE-DL-D,2025-08-28 00:28:35+02:00,2025-08-28 00:28:44+02:00,3,5,65.89,57.21333333333333,73.47,56.63,24.0,0,5,0,True,radio_limited_degradation,normal,radio,ECI:1066294.0,1066294.0,487.0,-17.71302034,177.45067019,-17.7123145,177.4494213,9.0
INC-001010,542020041221088+20250828125844+Fiji-Nadi-LTE-DL-D!20250828125759,Fiji-Nadi-LTE-DL-D,2025-08-28 02:56:13+02:00,2025-08-28 02:56:13+02:00,1,1,65.88,65.88,62.54,69.96,17.0,0,1,0,True,radio_limited_degradation,normal,radio,ECI:3640375.0,3640375.0,167.0,-17.6315328,177.4559191,-17.6315328,177.4559191,0.0
INC-000267,542020041221088+20250827123437+Fiji-Nadi-LTE-DL-D!20250827114425,Fiji-Nadi-LTE-DL-D,2025-08-27 01:42:27+02:00,2025-08-27 01:42:30+02:00,2,3,65.86,62.055,76.92,52.34,24.0,0,3,0,True,radio_limited_degradation,normal,radio,ECI:1073736.0,1073736.0,351.0,-17.79673347,177.40252806,-17.79669496,177.40216542,3.0
INC-000241,542020041221088+20250827122836+Fiji-Nadi-LTE-DL-D!20250827113757,Fiji-Nadi-LTE-DL-D,2025-08-27 01:36:00+02:00,2025-08-27 01:36:01+02:00,1,2,65.85,65.85,62.47,69.98,24.0,0,2,0,True,radio_limited_degradation,ml_hgb_strict_causal_temporal_underperformance,temporal,ECI:1067050.0,1067050.0,338.0,-17.7750415,177.4232399,-17.7751467,177.423302,1.0
INC-000198,542020041221088+20250827115912+Fiji-Nadi-LTE-DL-D!20250827112451,Fiji-Nadi-LTE-DL-D,2025-08-27 01:23:32+02:00,2025-08-27 01:23:33+02:00,1,2,65.83,65.83,62.74,69.62,24.0,0,2,0,False,rolling_local_drop,normal,temporal,ECI:1066038.0,1066038.0,123.0,-17.76949527,177.4391596,-17.76949527,177.4391596,1.0
INC-000361,542020041221088+20250827132124+Fiji-Nadi-LTE-DL-D!20250827121942,Fiji-Nadi-LTE-DL-D,2025-08-27 02:19:16+02:00,2025-08-27 02:19:17+02:00,1,2,65.82,65.82,57.29,76.24,24.0,0,2,0,True,radio_limited_degradation,ml_hgb_strict_causal_temporal_underperformance,temporal,ECI:1064765.0,1064765.0,148.0,-17.80428155,177.42360718,-17.8043178,177.4237208,1.0
INC-000152,542020041221088+20250827110647+Fiji-Nadi-LTE-DL-D!20250827105407,Fiji-Nadi-LTE-DL-D,2025-08-27 00:52:17+02:00,2025-08-27 00:52:19+02:00,1,3,65.81,65.81,66.65,64.78,31.0,0,3,0,True,radio_limited_degradation,normal,radio,ECI:1067296.0,1067296.0,112.0,-17.76198353,177.46518908,-17.7619771,177.4650824,2.0
INC-001022,542020041221088+20250828130244+Fiji-Nadi-LTE-DL-D!20250828130228,Fiji-Nadi-LTE-DL-D,2025-08-28 03:01:32+02:00,2025-08-28 03:01:37+02:00,2,3,65.81,60.715,58.57,74.66,24.0,0,3,0,False,ca_underperformance,ml_quantile_p75_resource_underperformance,capability,ECI:1077822.0,1077822.0,167.0,-17.628953,177.4518389,-17.6290631,177.4519359,5.0
INC-000141,542020041221088+20250827105947+Fiji-Nadi-LTE-DL-D!20250827104944,Fiji-Nadi-LTE-DL-D,2025-08-27 00:49:01+02:00,2025-08-27 00:49:02+02:00,1,2,65.81,65.81,61.78,70.75,24.0,0,2,0,False,rolling_local_drop,normal,temporal,ECI:3631422.0,3631422.0,212.0,-17.7626139,177.4577384,-17.7625904,177.4577678,1.0
INC-000790,542020041221088+20250828113351+Fiji-Nadi-LTE-DL-D!20250828110026,Fiji-Nadi-LTE-DL-D,2025-08-28 00:58:26+02:00,2025-08-28 00:58:27+02:00,1,2,65.8,65.8,65.12,66.64,24.0,0,2,0,False,rb_conditioned_underperformance,normal,capability,ECI:1077814.0,1077814.0,378.0,-17.64132073,177.45074763,-17.6412506,177.4508085,1.0
INC-000491,542020041221088+20250827135949+Fiji-Nadi-LTE-DL-D!20250827134144,Fiji-Nadi-LTE-DL-D,2025-08-27 03:40:28+02:00,2025-08-27 03:40:29+02:00,1,2,65.79,65.79,57.72,75.65,24.0,0,2,0,False,rb_conditioned_underperformance,ml_hgb_strict_causal_temporal_underperformance,capability,ECI:1069373.0,1069373.0,135.0,-17.7760833,177.4083793,-17.7760271,177.4083642,1.0
INC-000254,542020041221088+20250827123136+Fiji-Nadi-LTE-DL-D!20250827114007,Fiji-Nadi-LTE-DL-D,2025-08-27 01:39:30+02:00,2025-08-27 01:39:31+02:00,1,2,65.77,65.77,73.71,56.06,24.0,0,2,0,True,radio_limited_degradation,normal,radio,ECI:1069377.0,1069377.0,137.0,-17.7889648,177.4150236,-17.7890484,177.4149429,1.0
INC-000680,542020041221088+20250827160614+Fiji-Nadi-LTE-DL-D!20250827155934,Fiji-Nadi-LTE-DL-D,2025-08-27 05:57:50+02:00,2025-08-27 05:57:51+02:00,1,2,65.76,65.76,69.82,60.8,24.0,0,2,0,True,radio_limited_degradation,normal,radio,ECI:3631411.0,3631411.0,211.0,-17.8003933,177.4524545,-17.80039394,177.45245447,1.0
INC-000296,542020041221088+20250827123738+Fiji-Nadi-LTE-DL-D!20250827115101,Fiji-Nadi-LTE-DL-D,2025-08-27 01:48:59+02:00,2025-08-27 01:48:59+02:00,1,1,65.75,65.75,57.8,75.46,17.0,0,1,0,False,rolling_local_drop,normal,temporal,EARFCN:40988.0|PCI:158.0,,158.0,-17.7742432,177.3748038,-17.7742432,177.3748038,0.0
INC-001143,542020041221088+20250828135437+Fiji-Nadi-LTE-DL-D!20250828135310,Fiji-Nadi-LTE-DL-D,2025-08-28 03:52:25+02:00,2025-08-28 03:52:25+02:00,1,1,65.74,65.74,55.2,78.62,17.0,0,1,0,True,rb_efficiency_underperformance,normal,capability,ECI:1079093.0,1079093.0,168.0,-17.6176483,177.4482083,-17.6176483,177.4482083,0.0
INC-000270,542020041221088+20250827123437+Fiji-Nadi-LTE-DL-D!20250827114425,Fiji-Nadi-LTE-DL-D,2025-08-27 01:42:49+02:00,2025-08-27 01:42:52+02:00,1,4,65.72,65.72,80.42,47.74,38.0,0,4,0,True,radio_limited_degradation,normal,radio,ECI:1069087.0,1069087.0,140.0,-17.7963985,177.3996545,-17.79636789,177.39939733,3.0
INC-000926,542020041221088+20250828123522+Fiji-Nadi-LTE-DL-D!20250828123323,Fiji-Nadi-LTE-DL-D,2025-08-28 02:33:05+02:00,2025-08-28 02:33:06+02:00,1,2,65.69,65.69,68.59,62.14,24.0,0,2,0,True,radio_limited_degradation,normal,radio,ECI:1079576.0,1079576.0,345.0,-17.6296636,177.4401571,-17.6296178,177.4402082,1.0
INC-000165,542020041221088+20250827111708+Fiji-Nadi-LTE-DL-D!20250827110046,Fiji-Nadi-LTE-DL-D,2025-08-27 00:59:34+02:00,2025-08-27 00:59:36+02:00,2,2,65.61,65.58,71.33,58.63,17.0,0,2,0,True,radio_limited_degradation,normal,radio,ECI:1070366.0,1070366.0,333.0,-17.7803162,177.4853279,-17.7803483,177.4854561,2.0
INC-000210,542020041221088+20250827121333+Fiji-Nadi-LTE-DL-D!20250827112914,Fiji-Nadi-LTE-DL-D,2025-08-27 01:29:11+02:00,2025-08-27 01:29:12+02:00,1,2,65.59,65.59,58.91,73.77,24.0,0,2,0,True,rb_efficiency_underperformance,ml_quantile_p75_resource_underperformance,temporal,ECI:1065675.0,1065675.0,321.0,-17.7794351,177.42636144,-17.7793767,177.4261636,1.0
INC-000979,542020041221088+20250828124943+Fiji-Nadi-LTE-DL-D!20250828124907,Fiji-Nadi-LTE-DL-D,2025-08-28 02:49:05+02:00,2025-08-28 02:49:07+02:00,1,3,65.58,65.58,70.89,59.09,31.0,0,3,0,True,radio_limited_degradation,normal,radio,ECI:1077825.0,1077825.0,167.0,-17.6290491,177.451868,-17.6290732,177.45197786,2.0
INC-000309,542020041221088+20250827123938+Fiji-Nadi-LTE-DL-D!20250827115735,Fiji-Nadi-LTE-DL-D,2025-08-27 01:56:48+02:00,2025-08-27 01:56:48+02:00,1,1,65.57,65.57,54.53,79.05,17.0,0,1,0,False,sudden_drop,normal,temporal,ECI:1066814.0,1066814.0,156.0,-17.77230661,177.36877039,-17.77230661,177.36877039,0.0
INC-000229,542020041221088+20250827122335+Fiji-Nadi-LTE-DL-D!20250827113336,Fiji-Nadi-LTE-DL-D,2025-08-27 01:33:30+02:00,2025-08-27 01:33:30+02:00,1,1,65.53,65.53,55.93,77.25,17.0,0,1,0,False,sudden_drop,normal,temporal,ECI:1072404.0,1072404.0,393.0,-17.7638695,177.43115242,-17.7638695,177.43115242,0.0
INC-000700,542020041221088+20250827161234+Fiji-Nadi-LTE-DL-D!20250827161029,Fiji-Nadi-LTE-DL-D,2025-08-27 06:08:34+02:00,2025-08-27 06:08:36+02:00,1,3,65.51,65.51,70.72,59.15,31.0,0,3,0,True,ca_underperformance,normal,radio,ECI:1070110.0,1070110.0,332.0,-17.8139545,177.4379085,-17.81397366,177.43792649,2.0
INC-000957,542020041221088+20250828124043+Fiji-Nadi-LTE-DL-D!20250828124009,Fiji-Nadi-LTE-DL-D,2025-08-28 02:40:08+02:00,2025-08-28 02:40:09+02:00,1,2,65.51,65.51,65.47,65.54,24.0,0,2,0,False,ca_underperformance,normal,capability,ECI:1079095.0,1079095.0,169.0,-17.6222711,177.4411971,-17.62227107,177.44119729,1.0
INC-001277,542020041221088+20250828154002+Fiji-Nadi-LTE-DL-D!20250828153143,Fiji-Nadi-LTE-DL-D,2025-08-28 05:30:40+02:00,2025-08-28 05:30:43+02:00,1,4,65.49,65.49,73.34,55.9,38.0,0,4,0,True,radio_limited_degradation,normal,radio,ECI:1066822.0,1066822.0,157.0,-17.6897531,177.4115995,-17.6899847,177.4118301,3.0
INC-000845,542020041221088+20250828115753+Fiji-Nadi-LTE-DL-D!20250828113321,Fiji-Nadi-LTE-DL-D,2025-08-28 01:31:42+02:00,2025-08-28 01:31:43+02:00,1,2,65.47,65.47,72.06,57.42,24.0,0,2,0,True,radio_limited_degradation,normal,radio,ECI:1076799.0,1076799.0,184.0,-17.60485152,177.45749359,-17.60490083,177.45750724,1.0
INC-000676,542020041221088+20250827160414+Fiji-Nadi-LTE-DL-D!20250827155722,Fiji-Nadi-LTE-DL-D,2025-08-27 05:57:18+02:00,2025-08-27 05:57:18+02:00,1,1,65.47,65.47,70.92,58.8,17.0,0,1,0,True,radio_limited_degradation,normal,radio,ECI:1065023.0,1065023.0,470.0,-17.79967259,177.45104095,-17.79967259,177.45104095,0.0
INC-001216,542020041221088+20250828141838+Fiji-Nadi-LTE-DL-D!20250828141754,Fiji-Nadi-LTE-DL-D,2025-08-28 04:17:13+02:00,2025-08-28 04:17:14+02:00,1,2,65.46,65.46,61.05,70.85,24.0,0,2,0,False,ca_underperformance,normal,capability,ECI:1076541.0,1076541.0,140.0,-17.61122278,177.45839742,-17.61117792,177.45848923,1.0
INC-001000,542020041221088+20250828125404+Fiji-Nadi-LTE-DL-D!20250828125334,Fiji-Nadi-LTE-DL-D,2025-08-28 02:52:56+02:00,2025-08-28 02:52:56+02:00,1,1,65.41,65.41,70.5,59.2,17.0,0,1,0,True,radio_limited_degradation,normal,radio,ECI:3640375.0,3640375.0,167.0,-17.63119972,177.45446859,-17.63119972,177.45446859,0.0
INC-001203,542020041221088+20250828141358+Fiji-Nadi-LTE-DL-D!20250828141324,Fiji-Nadi-LTE-DL-D,2025-08-28 04:12:33+02:00,2025-08-28 04:12:34+02:00,1,2,65.38,65.38,69.49,60.35,24.0,0,2,0,True,ca_underperformance,normal,capability,ECI:1076279.0,1076279.0,179.0,-17.61421761,177.4631305,-17.61430045,177.46310326,1.0
INC-000321,542020041221088+20250827131243+Fiji-Nadi-LTE-DL-D!20250827120629,Fiji-Nadi-LTE-DL-D,2025-08-27 02:04:57+02:00,2025-08-27 02:05:08+02:00,5,6,65.35,62.926,72.94,56.07,24.0,0,6,0,True,radio_limited_degradation,normal,radio,ECI:1066813.0,1066813.0,158.0,-17.77702995,177.37680136,-17.7776843,177.3775432,11.0
INC-000203,542020041221088+20250827115912+Fiji-Nadi-LTE-DL-D!20250827112451,Fiji-Nadi-LTE-DL-D,2025-08-27 01:24:37+02:00,2025-08-27 01:24:39+02:00,1,3,65.34,65.34,61.94,69.49,31.0,0,3,0,False,rb_conditioned_underperformance,normal,temporal,ECI:1066038.0,1066038.0,123.0,-17.7706965,177.4376038,-17.7708088,177.4374678,2.0
INC-000548,542020041221088+20250827141150+Fiji-Nadi-LTE-DL-D!20250827140658,Fiji-Nadi-LTE-DL-D,2025-08-27 04:05:41+02:00,2025-08-27 04:05:41+02:00,1,1,65.34,65.34,63.4,67.73,17.0,0,1,0,True,radio_limited_degradation,normal,radio,ECI:1066036.0,1066036.0,125.0,-17.76555018,177.44188484,-17.76555018,177.44188484,0.0
INC-000728,542020041221088+20250828103047+Fiji-Nadi-LTE-DL-D!20250828102736,Fiji-Nadi-LTE-DL-D,2025-08-28 00:26:18+02:00,2025-08-28 00:26:20+02:00,1,3,65.33,65.33,56.46,76.17,31.0,0,3,0,True,rolling_local_drop,normal,temporal,ECI:1066294.0,1066294.0,487.0,-17.728182,177.4539678,-17.7279807,177.4539028,2.0
INC-000623,542020041221088+20250827152052+Fiji-Nadi-LTE-DL-D!20250827151954,Fiji-Nadi-LTE-DL-D,2025-08-27 05:19:12+02:00,2025-08-27 05:19:12+02:00,1,1,65.3,65.3,55.37,77.43,17.0,0,1,0,False,sudden_drop,normal,temporal,ECI:1068606.0,1068606.0,120.0,-17.74355048,177.44163067,-17.74355048,177.44163067,0.0
INC-001244,542020041221088+20250828143419+Fiji-Nadi-LTE-DL-D!20250828143343,Fiji-Nadi-LTE-DL-D,2025-08-28 04:33:30+02:00,2025-08-28 04:33:30+02:00,1,1,65.3,65.3,64.16,66.68,17.0,0,1,0,False,ca_underperformance,normal,capability,ECI:3636030.0,3636030.0,232.0,-17.6208789,177.44822358,-17.6208789,177.44822358,0.0
INC-001267,542020041221088+20250828153842+Fiji-Nadi-LTE-DL-D!20250828152712,Fiji-Nadi-LTE-DL-D,2025-08-28 05:26:26+02:00,2025-08-28 05:26:28+02:00,1,3,65.28,65.28,74.69,53.77,31.0,0,3,0,True,radio_limited_degradation,normal,radio,ECI:1079367.0,1079367.0,318.0,-17.678618,177.3973326,-17.6784884,177.3975848,2.0
INC-000741,542020041221088+20250828103707+Fiji-Nadi-LTE-DL-D!20250828103621,Fiji-Nadi-LTE-DL-D,2025-08-28 00:35:42+02:00,2025-08-28 00:35:42+02:00,1,1,65.27,65.27,40.38,95.69,17.0,1,0,0,False,sudden_drop,ml_hgb_strict_causal_temporal_underperformance,resource,ECI:1081374.0,1081374.0,453.0,-17.6844334,177.4146479,-17.6844334,177.4146479,0.0
INC-000334,542020041221088+20250827131624+Fiji-Nadi-LTE-DL-D!20250827121056,Fiji-Nadi-LTE-DL-D,2025-08-27 02:09:21+02:00,2025-08-27 02:09:26+02:00,1,6,65.25,65.25,82.18,44.55,52.0,0,6,0,True,radio_limited_degradation,normal,radio,ECI:1069126.0,1069126.0,138.0,-17.79462156,177.39535647,-17.7951947,177.3958751,5.0
INC-000761,542020041221088+20250828104747+Fiji-Nadi-LTE-DL-D!20250828104718,Fiji-Nadi-LTE-DL-D,2025-08-28 00:46:02+02:00,2025-08-28 00:46:04+02:00,1,3,65.24,65.24,67.73,62.19,31.0,0,3,0,True,radio_limited_degradation,normal,radio,ECI:1081654.0,1081654.0,16.0,-17.6418683,177.4317315,-17.6420647,177.4318327,2.0
INC-000013,542020041221088+20250827094725+Fiji-Nadi-LTE-DL-D!20250827094401,Fiji-Nadi-LTE-DL-D,2025-08-26 23:43:37+02:00,2025-08-26 23:43:37+02:00,1,1,65.24,65.24,60.72,70.75,17.0,0,1,0,False,sudden_drop,normal,temporal,ECI:1067570.0,1067570.0,151.0,-17.81350226,177.39803618,-17.81350226,177.39803618,0.0
INC-001247,542020041221088+20250828143639+Fiji-Nadi-LTE-DL-D!20250828143559,Fiji-Nadi-LTE-DL-D,2025-08-28 04:34:34+02:00,2025-08-28 04:34:34+02:00,1,1,65.24,65.24,70.35,58.99,17.0,0,1,0,True,radio_limited_degradation,normal,radio,ECI:1077812.0,1077812.0,385.0,-17.62258385,177.4440896,-17.62258385,177.4440896,0.0
INC-000811,542020041221088+20250828113631+Fiji-Nadi-LTE-DL-D!20250828110448,Fiji-Nadi-LTE-DL-D,2025-08-28 01:04:46+02:00,2025-08-28 01:04:49+02:00,2,3,65.17,64.99000000000001,78.97,56.04,24.0,0,3,0,True,radio_limited_degradation,normal,radio,ECI:1077964.0,1077964.0,377.0,-17.63574481,177.47818519,-17.63551238,177.47822184,3.0
INC-001144,542020041221088+20250828135437+Fiji-Nadi-LTE-DL-D!20250828135310,Fiji-Nadi-LTE-DL-D,2025-08-28 03:52:40+02:00,2025-08-28 03:52:44+02:00,1,5,65.16,65.16,71.87,56.97,45.0,0,5,0,True,radio_limited_degradation,normal,radio,ECI:3636033.0,3636033.0,232.0,-17.61676556,177.44703495,-17.6163984,177.4465679,4.0
INC-000903,542020041221088+20250828122402+Fiji-Nadi-LTE-DL-D!20250828121612,Fiji-Nadi-LTE-DL-D,2025-08-28 02:15:13+02:00,2025-08-28 02:15:18+02:00,2,4,65.16,59.655,60.59,70.75,24.0,0,4,0,False,rolling_local_drop,normal,temporal,ECI:1076799.0,1076799.0,184.0,-17.6035027,177.4529691,-17.603536,177.4529132,5.0
INC-000438,542020041221088+20250827134427+Fiji-Nadi-LTE-DL-D!20250827131213,Fiji-Nadi-LTE-DL-D,2025-08-27 03:11:55+02:00,2025-08-27 03:11:56+02:00,1,2,65.15,65.15,60.69,70.59,24.0,0,2,0,False,rolling_local_drop,normal,temporal,ECI:1067060.0,1067060.0,129.0,-17.77683173,177.43240343,-17.77680505,177.43242336,1.0
INC-000733,542020041221088+20250828103047+Fiji-Nadi-LTE-DL-D!20250828102736,Fiji-Nadi-LTE-DL-D,2025-08-28 00:27:31+02:00,2025-08-28 00:27:32+02:00,1,2,65.12,65.12,55.53,76.83,24.0,0,2,0,False,rolling_local_drop,normal,temporal,ECI:1066294.0,1066294.0,487.0,-17.71986877,177.45344193,-17.7196384,177.4535854,1.0
INC-000279,542020041221088+20250827123437+Fiji-Nadi-LTE-DL-D!20250827114425,Fiji-Nadi-LTE-DL-D,2025-08-27 01:44:02+02:00,2025-08-27 01:44:07+02:00,1,6,65.1,65.1,81.56,44.99,52.0,0,6,0,True,radio_limited_degradation,normal,radio,ECI:1069086.0,1069086.0,138.0,-17.79055121,177.3947907,-17.78993516,177.3945255,5.0
INC-001007,542020041221088+20250828125624+Fiji-Nadi-LTE-DL-D!20250828125546,Fiji-Nadi-LTE-DL-D,2025-08-28 02:55:18+02:00,2025-08-28 02:55:19+02:00,1,2,65.07,65.07,74.81,53.18,24.0,0,2,0,True,radio_limited_degradation,normal,radio,ECI:3640375.0,3640375.0,275.0,-17.63548704,177.45632911,-17.63539999,177.45631715,1.0
INC-000557,542020041221088+20250827141230+Fiji-Nadi-LTE-DL-D!20250827140734,Fiji-Nadi-LTE-DL-D,2025-08-27 04:07:21+02:00,2025-08-27 04:07:21+02:00,1,1,65.04,65.04,63.71,66.66,17.0,0,1,0,True,rb_efficiency_underperformance,normal,radio,ECI:1069372.0,1069372.0,136.0,-17.7637315,177.4408895,-17.7637315,177.4408895,0.0
INC-000890,542020041221088+20250828122022+Fiji-Nadi-LTE-DL-D!20250828120340,Fiji-Nadi-LTE-DL-D,2025-08-28 02:02:58+02:00,2025-08-28 02:02:58+02:00,1,1,65.03,65.03,72.08,56.42,17.0,0,1,0,True,radio_limited_degradation,normal,radio,ECI:1076791.0,1076791.0,183.0,-17.60494725,177.45511734,-17.60494725,177.45511734,0.0
INC-001078,542020041221088+20250828132735+Fiji-Nadi-LTE-DL-D!20250828132130,Fiji-Nadi-LTE-DL-D,2025-08-28 03:21:11+02:00,2025-08-28 03:21:12+02:00,1,2,65.0,65.0,56.91,74.89,24.0,0,2,0,True,radio_limited_degradation,normal,temporal,ECI:3638804.0,3638804.0,250.0,-17.62255193,177.46359238,-17.6226484,177.4636598,1.0
INC-000051,542020041221088+20250827100005+Fiji-Nadi-LTE-DL-D!20250827095853,Fiji-Nadi-LTE-DL-D,2025-08-26 23:57:56+02:00,2025-08-26 23:57:56+02:00,1,1,64.99,64.99,59.18,72.1,17.0,0,1,0,True,radio_limited_degradation,normal,temporal,ECI:1065267.0,1065267.0,145.0,-17.8089618,177.403915,-17.8089618,177.403915,0.0
INC-000941,542020041221088+20250828123823+Fiji-Nadi-LTE-DL-D!20250828123754,Fiji-Nadi-LTE-DL-D,2025-08-28 02:36:35+02:00,2025-08-28 02:36:48+02:00,3,8,64.98,61.56666666666666,62.59,69.14,31.0,0,8,0,True,ca_underperformance,normal,capability,ECI:1079185.0,1079185.0,385.0,-17.6277276,177.442399,-17.6275866,177.4424688,13.0
INC-000083,542020041221088+20250827102926+Fiji-Nadi-LTE-DL-D!20250827102813,Fiji-Nadi-LTE-DL-D,2025-08-27 00:27:14+02:00,2025-08-27 00:27:16+02:00,1,3,64.97,64.97,61.32,69.42,31.0,0,3,0,False,ca_underperformance,normal,capability,ECI:1071687.0,1071687.0,332.0,-17.8124737,177.4345608,-17.81252471,177.43458832,2.0
INC-000661,542020041221088+20250827155333+Fiji-Nadi-LTE-DL-D!20250827154000,Fiji-Nadi-LTE-DL-D,2025-08-27 05:38:24+02:00,2025-08-27 05:38:26+02:00,2,2,64.96,64.63,72.48,55.77,17.0,0,2,0,True,radio_limited_degradation,normal,radio,ECI:1066294.0,1066294.0,487.0,-17.74066661,177.45668877,-17.74066661,177.45668877,2.0
INC-000889,542020041221088+20250828122022+Fiji-Nadi-LTE-DL-D!20250828120340,Fiji-Nadi-LTE-DL-D,2025-08-28 02:01:43+02:00,2025-08-28 02:01:44+02:00,1,2,64.96,64.96,61.26,69.48,24.0,0,2,0,True,radio_limited_degradation,normal,temporal,ECI:1076791.0,1076791.0,183.0,-17.6046294,177.4530047,-17.6046294,177.4530047,1.0
INC-000059,542020041221088+20250827100345+Fiji-Nadi-LTE-DL-D!20250827100319,Fiji-Nadi-LTE-DL-D,2025-08-27 00:03:18+02:00,2025-08-27 00:03:18+02:00,1,1,64.95,64.95,61.88,68.7,17.0,0,1,0,False,sudden_drop,normal,temporal,ECI:1064755.0,1064755.0,148.0,-17.80703805,177.42257921,-17.80703805,177.42257921,0.0
INC-000900,542020041221088+20250828122402+Fiji-Nadi-LTE-DL-D!20250828121612,Fiji-Nadi-LTE-DL-D,2025-08-28 02:14:12+02:00,2025-08-28 02:14:14+02:00,1,3,64.94,64.94,61.02,69.73,31.0,0,3,0,True,rb_conditioned_underperformance,normal,capability,ECI:1076799.0,1076799.0,184.0,-17.6034013,177.4530125,-17.6034009,177.453011,2.0
INC-000902,542020041221088+20250828122402+Fiji-Nadi-LTE-DL-D!20250828121612,Fiji-Nadi-LTE-DL-D,2025-08-28 02:15:04+02:00,2025-08-28 02:15:05+02:00,1,2,64.94,64.94,61.3,69.4,24.0,0,2,0,False,rolling_local_drop,normal,temporal,ECI:1076799.0,1076799.0,184.0,-17.6034578,177.4530322,-17.6034586,177.4530269,1.0
INC-000901,542020041221088+20250828122402+Fiji-Nadi-LTE-DL-D!20250828121612,Fiji-Nadi-LTE-DL-D,2025-08-28 02:14:49+02:00,2025-08-28 02:14:49+02:00,1,1,64.93,64.93,59.07,72.1,17.0,0,1,0,True,radio_limited_degradation,normal,temporal,ECI:1076799.0,1076799.0,184.0,-17.6033886,177.4530203,-17.6033886,177.4530203,0.0
INC-000942,542020041221088+20250828123823+Fiji-Nadi-LTE-DL-D!20250828123754,Fiji-Nadi-LTE-DL-D,2025-08-28 02:36:53+02:00,2025-08-28 02:36:57+02:00,1,5,64.92,64.92,70.14,58.55,45.0,0,5,0,True,radio_limited_degradation,normal,radio,ECI:1079185.0,1079185.0,385.0,-17.6278615,177.4424519,-17.6281414,177.44245,4.0
INC-000038,542020041221088+20250827095145+Fiji-Nadi-LTE-DL-D!20250827095034,Fiji-Nadi-LTE-DL-D,2025-08-26 23:49:27+02:00,2025-08-26 23:49:27+02:00,1,1,64.9,64.9,63.06,67.16,17.0,0,1,0,True,radio_limited_degradation,normal,temporal,ECI:1067570.0,1067570.0,151.0,-17.8119525,177.39964802,-17.8119525,177.39964802,0.0
INC-001081,542020041221088+20250828133115+Fiji-Nadi-LTE-DL-D!20250828132346,Fiji-Nadi-LTE-DL-D,2025-08-28 03:22:41+02:00,2025-08-28 03:22:41+02:00,1,1,64.9,64.9,59.01,72.1,17.0,0,1,0,True,radio_limited_degradation,normal,temporal,ECI:3638806.0,3638806.0,252.0,-17.6266592,177.4623641,-17.6266592,177.4623641,0.0
INC-001176,542020041221088+20250828140457+Fiji-Nadi-LTE-DL-D!20250828140425,Fiji-Nadi-LTE-DL-D,2025-08-28 04:03:40+02:00,2025-08-28 04:03:40+02:00,1,1,64.88,64.88,62.95,67.24,17.0,0,1,0,False,sudden_drop,normal,temporal,ECI:1082175.0,1082175.0,139.0,-17.6051533,177.4496948,-17.6051533,177.4496948,0.0
INC-000767,542020041221088+20250828105007+Fiji-Nadi-LTE-DL-D!20250828104930,Fiji-Nadi-LTE-DL-D,2025-08-28 00:47:58+02:00,2025-08-28 00:48:01+02:00,1,4,64.82,64.82,59.91,70.82,38.0,0,4,0,False,ca_underperformance,normal,capability,ECI:1081654.0,1081654.0,355.0,-17.64804096,177.44038075,-17.648226,177.440634,3.0
INC-001249,542020041221088+20250828143639+Fiji-Nadi-LTE-DL-D!20250828143559,Fiji-Nadi-LTE-DL-D,2025-08-28 04:34:48+02:00,2025-08-28 04:34:51+02:00,1,4,64.82,64.82,73.15,54.63,38.0,0,4,0,True,radio_limited_degradation,normal,radio,ECI:1079095.0,1079095.0,232.0,-17.62120553,177.44388726,-17.62088358,177.44386055,3.0
INC-000899,542020041221088+20250828122241+Fiji-Nadi-LTE-DL-D!20250828121359,Fiji-Nadi-LTE-DL-D,2025-08-28 02:13:59+02:00,2025-08-28 02:13:59+02:00,1,1,64.82,64.82,58.86,72.1,17.0,0,1,0,True,radio_limited_degradation,normal,temporal,ECI:1076799.0,1076799.0,184.0,-17.6033947,177.453007,-17.6033947,177.453007,0.0
INC-001294,542020041221088+20250829102934+Nawaka-LTE-DL!20250829102857,Nawaka-LTE-DL,2025-08-29 00:27:38+02:00,2025-08-29 00:27:39+02:00,1,2,64.81,64.81,70.38,58.01,24.0,0,2,0,True,radio_limited_degradation,normal,radio,ECI:1064992.0,1064992.0,469.0,-17.8128906,177.443264,-17.8128906,177.443264,1.0
INC-000866,542020041221088+20250828121041+Fiji-Nadi-LTE-DL-D!20250828114409,Fiji-Nadi-LTE-DL-D,2025-08-28 01:42:55+02:00,2025-08-28 01:42:55+02:00,1,1,64.76,64.76,60.45,70.03,17.0,0,1,0,False,sudden_drop,normal,temporal,ECI:1076787.0,1076787.0,185.0,-17.60359218,177.45111221,-17.60359218,177.45111221,0.0
INC-000030,542020041221088+20250827095105+Fiji-Nadi-LTE-DL-D!20250827094821,Fiji-Nadi-LTE-DL-D,2025-08-26 23:46:56+02:00,2025-08-26 23:46:56+02:00,1,1,64.7,64.7,59.14,71.49,17.0,0,1,0,False,sudden_drop,normal,temporal,ECI:1067570.0,1067570.0,151.0,-17.8116013,177.3998509,-17.8116013,177.3998509,0.0
INC-000786,542020041221088+20250828105628+Fiji-Nadi-LTE-DL-D!20250828105605,Fiji-Nadi-LTE-DL-D,2025-08-28 00:55:12+02:00,2025-08-28 00:55:13+02:00,1,2,64.69,64.69,61.49,68.59,24.0,0,2,0,True,ca_underperformance,ml_quantile_p75_resource_underperformance,capability,ECI:1078583.0,1078583.0,163.0,-17.65111654,177.44471264,-17.65107714,177.44475784,1.0
INC-000619,542020041221088+20250827152052+Fiji-Nadi-LTE-DL-D!20250827151954,Fiji-Nadi-LTE-DL-D,2025-08-27 05:17:58+02:00,2025-08-27 05:17:59+02:00,1,2,64.68,64.68,58.79,71.88,24.0,0,2,0,True,radio_limited_degradation,normal,temporal,ECI:1068606.0,1068606.0,120.0,-17.7449354,177.4423466,-17.7449356,177.44234643,1.0
INC-000738,542020041221088+20250828103607+Fiji-Nadi-LTE-DL-D!20250828103408,Fiji-Nadi-LTE-DL-D,2025-08-28 00:32:42+02:00,2025-08-28 00:32:42+02:00,1,1,64.67,64.67,56.82,74.27,17.0,0,1,0,False,sudden_drop,normal,temporal,ECI:1075521.0,1075521.0,316.0,-17.70032345,177.42981733,-17.70032345,177.42981733,0.0
INC-001042,542020041221088+20250828131435+Fiji-Nadi-LTE-DL-D!20250828131128,Fiji-Nadi-LTE-DL-D,2025-08-28 03:10:50+02:00,2025-08-28 03:10:51+02:00,1,2,64.66,64.66,60.64,69.57,24.0,0,2,0,False,rolling_local_drop,normal,temporal,ECI:3638838.0,3638838.0,254.0,-17.62796598,177.46986928,-17.6280658,177.470054,1.0
INC-001032,542020041221088+20250828130744+Fiji-Nadi-LTE-DL-D!20250828130656,Fiji-Nadi-LTE-DL-D,2025-08-28 03:06:26+02:00,2025-08-28 03:06:26+02:00,1,1,64.63,64.63,60.75,69.37,17.0,0,1,0,False,sudden_drop,normal,temporal,ECI:3638839.0,3638839.0,255.0,-17.628352,177.461197,-17.628352,177.461197,0.0
INC-000275,542020041221088+20250827123437+Fiji-Nadi-LTE-DL-D!20250827114425,Fiji-Nadi-LTE-DL-D,2025-08-27 01:43:13+02:00,2025-08-27 01:43:14+02:00,1,2,64.58,64.58,72.62,54.76,24.0,0,2,0,True,radio_limited_degradation,normal,radio,ECI:1069080.0,1069080.0,140.0,-17.79595911,177.39671456,-17.7958421,177.3964848,1.0
INC-001180,542020041221088+20250828140718+Fiji-Nadi-LTE-DL-D!20250828140641,Fiji-Nadi-LTE-DL-D,2025-08-28 04:05:08+02:00,2025-08-28 04:05:09+02:00,1,2,64.56,64.56,61.41,68.42,24.0,0,2,0,False,rolling_local_drop,normal,temporal,ECI:1076788.0,1076788.0,183.0,-17.6057022,177.4529517,-17.60570255,177.45295056,1.0
INC-000933,542020041221088+20250828123602+Fiji-Nadi-LTE-DL-D!20250828123538,Fiji-Nadi-LTE-DL-D,2025-08-28 02:35:12+02:00,2025-08-28 02:35:13+02:00,1,2,64.5,64.5,61.22,68.5,24.0,0,2,0,False,rb_conditioned_underperformance,normal,capability,ECI:3642885.0,3642885.0,315.0,-17.6312087,177.4395005,-17.6312485,177.4395079,1.0
INC-001013,542020041221088+20250828125844+Fiji-Nadi-LTE-DL-D!20250828125759,Fiji-Nadi-LTE-DL-D,2025-08-28 02:56:51+02:00,2025-08-28 02:56:52+02:00,1,2,64.5,64.5,58.39,71.98,24.0,0,2,0,True,radio_limited_degradation,normal,radio,ECI:1077825.0,1077825.0,167.0,-17.6308081,177.4559996,-17.6307382,177.4559996,1.0
INC-001297,542020041221088+20250829102934+Nawaka-LTE-DL!20250829102857,Nawaka-LTE-DL,2025-08-29 00:28:30+02:00,2025-08-29 00:28:35+02:00,2,5,64.45,62.065,70.83,56.65,31.0,0,5,0,True,radio_limited_degradation,normal,radio,ECI:1064992.0,1064992.0,469.0,-17.8128905,177.4432642,-17.8128905,177.4432643,5.0
INC-000550,542020041221088+20250827141150+Fiji-Nadi-LTE-DL-D!20250827140658,Fiji-Nadi-LTE-DL-D,2025-08-27 04:06:24+02:00,2025-08-27 04:06:24+02:00,1,1,64.45,64.45,59.15,70.93,17.0,0,1,0,False,ca_underperformance,normal,capability,ECI:1067208.0,1067208.0,339.0,-17.76525243,177.43933176,-17.76525243,177.43933176,0.0
INC-000710,542020041221088+20250828102346+Fiji-Nadi-LTE-DL-D!20250828102312,Fiji-Nadi-LTE-DL-D,2025-08-28 00:21:34+02:00,2025-08-28 00:21:34+02:00,1,1,64.44,64.44,63.0,66.2,17.0,0,1,0,True,radio_limited_degradation,normal,temporal,ECI:1071136.0,1071136.0,338.0,-17.737185,177.4599082,-17.737185,177.4599082,0.0
INC-001004,542020041221088+20250828125624+Fiji-Nadi-LTE-DL-D!20250828125546,Fiji-Nadi-LTE-DL-D,2025-08-28 02:54:00+02:00,2025-08-28 02:54:02+02:00,1,3,64.43,64.43,65.07,63.64,31.0,0,3,0,True,ca_underperformance,normal,capability,ECI:1077815.0,1077815.0,167.0,-17.63402194,177.45718221,-17.6342527,177.4569191,2.0
INC-000065,542020041221088+20250827102006+Fiji-Nadi-LTE-DL-D!20250827101931,Fiji-Nadi-LTE-DL-D,2025-08-27 00:17:29+02:00,2025-08-27 00:17:29+02:00,1,1,64.41,64.41,72.5,54.52,17.0,0,1,0,True,radio_limited_degradation,normal,radio,EARFCN:500.0|PCI:351.0,,351.0,-17.8160388,177.3955371,-17.8160388,177.3955371,0.0
INC-000906,542020041221088+20250828122402+Fiji-Nadi-LTE-DL-D!20250828121612,Fiji-Nadi-LTE-DL-D,2025-08-28 02:15:49+02:00,2025-08-28 02:15:57+02:00,3,5,64.38,57.79999999999999,60.95,68.57,24.0,0,5,0,True,ca_underperformance,normal,capability,ECI:1076799.0,1076799.0,184.0,-17.6036194,177.452658,-17.6036321,177.4526238,8.0
INC-000686,542020041221088+20250827161114+Fiji-Nadi-LTE-DL-D!20250827160608,Fiji-Nadi-LTE-DL-D,2025-08-27 06:05:43+02:00,2025-08-27 06:05:50+02:00,4,5,64.35,61.879999999999995,73.04,58.86,24.0,0,5,0,True,radio_limited_degradation,normal,radio,ECI:1064992.0,1064992.0,469.0,-17.81170385,177.43971302,-17.8117804,177.4395116,7.0
INC-000453,542020041221088+20250827134908+Fiji-Nadi-LTE-DL-D!20250827131851,Fiji-Nadi-LTE-DL-D,2025-08-27 03:18:41+02:00,2025-08-27 03:18:43+02:00,1,3,64.32,64.32,68.31,59.45,31.0,0,3,0,True,rb_efficiency_underperformance,normal,radio,ECI:1066048.0,1066048.0,123.0,-17.77101559,177.43950994,-17.7711259,177.43958516,2.0
INC-000635,542020041221088+20250827152532+Fiji-Nadi-LTE-DL-D!20250827152209,Fiji-Nadi-LTE-DL-D,2025-08-27 05:22:04+02:00,2025-08-27 05:22:05+02:00,1,2,64.32,64.32,59.4,70.35,24.0,0,2,0,True,radio_limited_degradation,normal,temporal,ECI:1068606.0,1068606.0,120.0,-17.7417305,177.4435971,-17.7417471,177.4436163,1.0
INC-000001,542020041221088+20250827094025+Fiji-Nadi-LTE-DL-D!20250827093942,Fiji-Nadi-LTE-DL-D,2025-08-26 23:37:42+02:00,2025-08-26 23:37:42+02:00,1,1,64.32,64.32,72.42,54.43,17.0,0,1,0,True,radio_limited_degradation,normal,radio,ECI:1067720.0,1067720.0,351.0,-17.8159714,177.3955939,-17.8159714,177.3955939,0.0
INC-000012,542020041221088+20250827094725+Fiji-Nadi-LTE-DL-D!20250827094401,Fiji-Nadi-LTE-DL-D,2025-08-26 23:43:18+02:00,2025-08-26 23:43:18+02:00,1,1,64.32,64.32,59.06,70.75,17.0,0,1,0,False,sudden_drop,normal,temporal,ECI:1065267.0,1065267.0,145.0,-17.81474082,177.39682594,-17.81474082,177.39682594,0.0
INC-001226,542020041221088+20250828142258+Fiji-Nadi-LTE-DL-D!20250828142226,Fiji-Nadi-LTE-DL-D,2025-08-28 04:20:26+02:00,2025-08-28 04:20:26+02:00,1,1,64.32,64.32,52.97,78.19,17.0,0,1,0,False,rb_conditioned_underperformance,ml_quantile_p75_resource_underperformance,temporal,EARFCN:500.0|PCI:197.0,,197.0,-17.6059858,177.4558251,-17.6059858,177.4558251,0.0
INC-000104,542020041221088+20250827103926+Fiji-Nadi-LTE-DL-D!20250827103843,Fiji-Nadi-LTE-DL-D,2025-08-27 00:37:14+02:00,2025-08-27 00:37:14+02:00,1,1,64.3,64.3,73.42,53.15,17.0,0,1,0,True,radio_limited_degradation,normal,radio,ECI:1071637.0,1071637.0,395.0,-17.813265,177.4349066,-17.813265,177.4349066,0.0
INC-000266,542020041221088+20250827123437+Fiji-Nadi-LTE-DL-D!20250827114425,Fiji-Nadi-LTE-DL-D,2025-08-27 01:42:23+02:00,2025-08-27 01:42:23+02:00,1,1,64.3,64.3,75.59,50.49,17.0,0,1,0,True,radio_limited_degradation,normal,radio,EARFCN:9310.0|PCI:363.0,,363.0,-17.7967524,177.40302152,-17.7967524,177.40302152,0.0
INC-000688,542020041221088+20250827161114+Fiji-Nadi-LTE-DL-D!20250827160608,Fiji-Nadi-LTE-DL-D,2025-08-27 06:06:06+02:00,2025-08-27 06:06:06+02:00,1,1,64.28,64.28,72.35,54.41,17.0,0,1,0,True,radio_limited_degradation,normal,radio,ECI:1064992.0,1064992.0,469.0,-17.81194019,177.43910936,-17.81194019,177.43910936,0.0
INC-000725,542020041221088+20250828102746+Fiji-Nadi-LTE-DL-D!20250828102524,Fiji-Nadi-LTE-DL-D,2025-08-28 00:25:22+02:00,2025-08-28 00:25:22+02:00,1,1,64.28,64.28,61.3,67.92,17.0,0,1,0,False,sudden_drop,normal,temporal,ECI:1066294.0,1066294.0,487.0,-17.7332225,177.4592847,-17.7332225,177.4592847,0.0
INC-001175,542020041221088+20250828140457+Fiji-Nadi-LTE-DL-D!20250828140425,Fiji-Nadi-LTE-DL-D,2025-08-28 04:03:26+02:00,2025-08-28 04:03:27+02:00,1,2,64.26,64.26,54.34,76.38,24.0,0,2,0,False,rb_conditioned_underperformance,normal,capability,ECI:1082175.0,1082175.0,139.0,-17.6053361,177.4492287,-17.6053229,177.4492281,1.0
INC-000402,542020041221088+20250827133907+Fiji-Nadi-LTE-DL-D!20250827130324,Fiji-Nadi-LTE-DL-D,2025-08-27 03:02:22+02:00,2025-08-27 03:02:22+02:00,1,1,64.21,64.21,59.96,69.41,17.0,0,1,0,False,ca_underperformance,ml_quantile_p75_resource_underperformance,temporal,ECI:1065502.0,1065502.0,322.0,-17.78715075,177.42771448,-17.78715075,177.42771448,0.0
INC-001252,542020041221088+20250828144059+Fiji-Nadi-LTE-DL-D!20250828144029,Fiji-Nadi-LTE-DL-D,2025-08-28 04:40:07+02:00,2025-08-28 04:40:08+02:00,1,2,64.2,64.2,48.07,83.92,24.0,1,1,0,False,ca_underperformance,ml_quantile_p75_resource_underperformance,capability,ECI:1079614.0,1079614.0,346.0,-17.62788648,177.43279064,-17.6278729,177.432766,1.0
INC-000637,542020041221088+20250827152632+Fiji-Nadi-LTE-DL-D!20250827152422,Fiji-Nadi-LTE-DL-D,2025-08-27 05:22:37+02:00,2025-08-27 05:22:37+02:00,1,1,64.2,64.2,59.49,69.96,17.0,0,1,0,False,ca_underperformance,normal,capability,ECI:1066301.0,1066301.0,487.0,-17.74210268,177.4434449,-17.74210268,177.4434449,0.0
INC-000560,542020041221088+20250827144511+Fiji-Nadi-LTE-DL-D!20250827144430,Fiji-Nadi-LTE-DL-D,2025-08-27 04:43:19+02:00,2025-08-27 04:43:20+02:00,1,2,64.18,64.18,73.66,52.6,24.0,0,2,0,True,radio_limited_degradation,normal,radio,ECI:1066294.0,1066294.0,487.0,-17.7630949,177.4415308,-17.7630481,177.4415781,1.0
INC-000464,542020041221088+20250827135208+Fiji-Nadi-LTE-DL-D!20250827132735,Fiji-Nadi-LTE-DL-D,2025-08-27 03:27:07+02:00,2025-08-27 03:27:07+02:00,1,1,64.16,64.16,54.59,75.85,17.0,0,1,0,False,sudden_drop,normal,temporal,ECI:1067153.0,1067153.0,338.0,-17.77695055,177.43268876,-17.77695055,177.43268876,0.0
INC-000394,542020041221088+20250827133707+Fiji-Nadi-LTE-DL-D!20250827125859,Fiji-Nadi-LTE-DL-D,2025-08-27 02:58:44+02:00,2025-08-27 02:58:46+02:00,1,3,64.14,64.14,59.26,70.1,31.0,0,3,0,True,radio_limited_degradation,normal,radio,ECI:1064767.0,1064767.0,147.0,-17.7976537,177.4158407,-17.7976027,177.4158625,2.0
INC-001219,542020041221088+20250828141838+Fiji-Nadi-LTE-DL-D!20250828141754,Fiji-Nadi-LTE-DL-D,2025-08-28 04:17:25+02:00,2025-08-28 04:17:27+02:00,2,2,64.12,62.81,71.57,63.39,17.0,0,2,0,True,radio_limited_degradation,normal,radio,ECI:1076426.0,1076426.0,375.0,-17.61082003,177.4588715,-17.61075995,177.45896852,2.0
INC-000566,542020041221088+20250827144731+Fiji-Nadi-LTE-DL-D!20250827144643,Fiji-Nadi-LTE-DL-D,2025-08-27 04:46:01+02:00,2025-08-27 04:46:01+02:00,1,1,64.12,64.12,58.7,70.74,17.0,0,1,0,False,ca_underperformance,normal,capability,ECI:3625779.0,3625779.0,116.0,-17.7578349,177.4497586,-17.7578349,177.4497586,0.0
INC-001298,542020041221088+20250829102934+Nawaka-LTE-DL!20250829102857,Nawaka-LTE-DL,2025-08-29 00:28:44+02:00,2025-08-29 00:28:46+02:00,1,3,64.1,64.1,66.48,61.19,31.0,0,3,0,True,radio_limited_degradation,normal,radio,ECI:1064992.0,1064992.0,469.0,-17.8128905,177.4432643,-17.8128905,177.4432643,2.0
INC-000262,542020041221088+20250827123337+Fiji-Nadi-LTE-DL-D!20250827114216,Fiji-Nadi-LTE-DL-D,2025-08-27 01:41:58+02:00,2025-08-27 01:41:59+02:00,1,2,64.1,64.1,68.66,58.53,24.0,0,2,0,True,ca_underperformance,normal,capability,ECI:1064725.0,1064725.0,148.0,-17.79678763,177.40600631,-17.796782,177.4057904,1.0
INC-000264,542020041221088+20250827123337+Fiji-Nadi-LTE-DL-D!20250827114216,Fiji-Nadi-LTE-DL-D,2025-08-27 01:42:10+02:00,2025-08-27 01:42:10+02:00,1,1,64.1,64.1,77.23,48.06,17.0,0,1,0,True,radio_limited_degradation,normal,radio,ECI:1069080.0,1069080.0,148.0,-17.79676873,177.40460806,-17.79676873,177.40460806,0.0
INC-000256,542020041221088+20250827123136+Fiji-Nadi-LTE-DL-D!20250827114007,Fiji-Nadi-LTE-DL-D,2025-08-27 01:40:03+02:00,2025-08-27 01:40:04+02:00,1,2,64.08,64.08,61.97,66.67,24.0,0,2,0,True,radio_limited_degradation,normal,temporal,ECI:1073696.0,1073696.0,363.0,-17.79171773,177.41237519,-17.79180858,177.41228952,1.0
INC-001102,542020041221088+20250828134016+Fiji-Nadi-LTE-DL-D!20250828133246,Fiji-Nadi-LTE-DL-D,2025-08-28 03:31:23+02:00,2025-08-28 03:31:24+02:00,1,2,64.07,64.07,58.82,70.48,24.0,0,2,0,True,radio_limited_degradation,normal,temporal,ECI:3638837.0,3638837.0,253.0,-17.6182388,177.4647679,-17.6182366,177.4647131,1.0
INC-001215,542020041221088+20250828141838+Fiji-Nadi-LTE-DL-D!20250828141754,Fiji-Nadi-LTE-DL-D,2025-08-28 04:17:07+02:00,2025-08-28 04:17:10+02:00,1,4,64.04,64.04,59.62,69.44,38.0,0,4,0,False,ca_underperformance,normal,capability,ECI:1082173.0,1082173.0,140.0,-17.6115521,177.4579555,-17.61139678,177.45811017,3.0
INC-000154,542020041221088+20250827110647+Fiji-Nadi-LTE-DL-D!20250827105407,Fiji-Nadi-LTE-DL-D,2025-08-27 00:52:29+02:00,2025-08-27 00:52:32+02:00,1,4,64.03,64.03,72.16,54.09,38.0,0,4,0,True,radio_limited_degradation,normal,radio,ECI:1068852.0,1068852.0,112.0,-17.76216041,177.46469915,-17.7622996,177.46466104,3.0
INC-001034,542020041221088+20250828131005+Fiji-Nadi-LTE-DL-D!20250828130912,Fiji-Nadi-LTE-DL-D,2025-08-28 03:08:28+02:00,2025-08-28 03:08:29+02:00,1,2,64.0,64.0,61.69,66.82,24.0,0,2,0,False,rolling_local_drop,normal,temporal,ECI:3638839.0,3638839.0,255.0,-17.6277949,177.4605756,-17.62779479,177.46057519,1.0
INC-000474,542020041221088+20250827135348+Fiji-Nadi-LTE-DL-D!20250827133514,Fiji-Nadi-LTE-DL-D,2025-08-27 03:34:54+02:00,2025-08-27 03:34:56+02:00,1,3,63.92,63.92,56.66,72.79,31.0,0,3,0,True,radio_limited_degradation,normal,radio,ECI:1065543.0,1065543.0,132.0,-17.79067014,177.42436939,-17.79057559,177.42451332,2.0
INC-001240,542020041221088+20250828143419+Fiji-Nadi-LTE-DL-D!20250828143343,Fiji-Nadi-LTE-DL-D,2025-08-28 04:33:00+02:00,2025-08-28 04:33:01+02:00,1,2,63.91,63.91,59.35,69.49,24.0,0,2,0,True,ca_underperformance,ml_hgb_strict_causal_temporal_underperformance,capability,ECI:1079083.0,1079083.0,383.0,-17.6184972,177.4468221,-17.6185525,177.4469208,1.0
INC-000428,542020041221088+20250827134347+Fiji-Nadi-LTE-DL-D!20250827131002,Fiji-Nadi-LTE-DL-D,2025-08-27 03:08:23+02:00,2025-08-27 03:08:24+02:00,1,2,63.9,63.9,61.07,67.36,24.0,0,2,0,True,radio_limited_degradation,normal,temporal,ECI:1067032.0,1067032.0,131.0,-17.7771136,177.4309774,-17.7770934,177.4309311,1.0
INC-001091,542020041221088+20250828133556+Fiji-Nadi-LTE-DL-D!20250828132602,Fiji-Nadi-LTE-DL-D,2025-08-28 03:25:42+02:00,2025-08-28 03:25:44+02:00,1,3,63.89,63.89,59.64,69.09,31.0,0,3,0,True,radio_limited_degradation,normal,temporal,ECI:3635992.0,3635992.0,234.0,-17.6191806,177.465428,-17.61918112,177.46542706,2.0
INC-000506,542020041221088+20250827140349+Fiji-Nadi-LTE-DL-D!20250827135601,Fiji-Nadi-LTE-DL-D,2025-08-27 03:55:02+02:00,2025-08-27 03:55:02+02:00,1,1,63.89,63.89,69.5,57.03,17.0,0,1,0,True,radio_limited_degradation,normal,radio,ECI:1067071.0,1067071.0,130.0,-17.76989182,177.44097552,-17.76989182,177.44097552,0.0
INC-001153,542020041221088+20250828140057+Fiji-Nadi-LTE-DL-D!20250828135741,Fiji-Nadi-LTE-DL-D,2025-08-28 03:56:23+02:00,2025-08-28 03:56:24+02:00,1,2,63.86,63.86,73.39,52.21,24.0,0,2,0,True,radio_limited_degradation,normal,radio,ECI:1076531.0,1076531.0,182.0,-17.60701192,177.4569016,-17.6070121,177.4569017,1.0
INC-000483,542020041221088+20250827135649+Fiji-Nadi-LTE-DL-D!20250827133934,Fiji-Nadi-LTE-DL-D,2025-08-27 03:38:27+02:00,2025-08-27 03:38:28+02:00,1,2,63.82,63.82,57.87,71.08,24.0,0,2,0,False,rolling_local_drop,normal,temporal,ECI:1069336.0,1069336.0,135.0,-17.78171329,177.41509545,-17.781577,177.4149364,1.0
INC-000451,542020041221088+20250827134908+Fiji-Nadi-LTE-DL-D!20250827131851,Fiji-Nadi-LTE-DL-D,2025-08-27 03:17:01+02:00,2025-08-27 03:17:11+02:00,2,9,63.79,59.155,63.57,64.05,45.0,0,9,0,True,rb_conditioned_underperformance,normal,capability,ECI:1066015.0,1066015.0,123.0,-17.7706803,177.4367141,-17.77090166,177.43695129,10.0
INC-000620,542020041221088+20250827152052+Fiji-Nadi-LTE-DL-D!20250827151954,Fiji-Nadi-LTE-DL-D,2025-08-27 05:18:23+02:00,2025-08-27 05:18:23+02:00,1,1,63.79,63.79,55.86,73.49,17.0,0,1,0,False,sudden_drop,normal,temporal,ECI:1068606.0,1068606.0,120.0,-17.744329,177.4424346,-17.744329,177.4424346,0.0
INC-000273,542020041221088+20250827123437+Fiji-Nadi-LTE-DL-D!20250827114425,Fiji-Nadi-LTE-DL-D,2025-08-27 01:42:59+02:00,2025-08-27 01:42:59+02:00,1,1,63.78,63.78,74.81,50.3,17.0,0,1,0,True,radio_limited_degradation,normal,radio,ECI:1069127.0,1069127.0,140.0,-17.7962394,177.398381,-17.7962394,177.398381,0.0
INC-000265,542020041221088+20250827123337+Fiji-Nadi-LTE-DL-D!20250827114216,Fiji-Nadi-LTE-DL-D,2025-08-27 01:42:12+02:00,2025-08-27 01:42:13+02:00,1,2,63.77,63.77,77.13,47.43,24.0,0,2,0,True,radio_limited_degradation,normal,radio,ECI:1069077.0,1069077.0,140.0,-17.79676925,177.40436602,-17.79676796,177.40424578,1.0
INC-001051,542020041221088+20250828131954+Fiji-Nadi-LTE-DL-D!20250828131344,Fiji-Nadi-LTE-DL-D,2025-08-28 03:13:18+02:00,2025-08-28 03:13:18+02:00,1,1,63.77,63.77,39.4,93.54,17.0,1,0,0,False,ca_underperformance,ml_quantile_p75_resource_underperformance,temporal,ECI:1080630.0,1080630.0,352.0,-17.62875489,177.47296907,-17.62875489,177.47296907,0.0
INC-000085,542020041221088+20250827102926+Fiji-Nadi-LTE-DL-D!20250827102813,Fiji-Nadi-LTE-DL-D,2025-08-27 00:27:28+02:00,2025-08-27 00:27:29+02:00,1,2,63.75,63.75,72.09,53.55,24.0,0,2,0,True,ca_underperformance,normal,capability,ECI:1070110.0,1070110.0,332.0,-17.81326579,177.43499974,-17.81329882,177.43501766,1.0
INC-001174,542020041221088+20250828140457+Fiji-Nadi-LTE-DL-D!20250828140425,Fiji-Nadi-LTE-DL-D,2025-08-28 04:03:11+02:00,2025-08-28 04:03:12+02:00,1,2,63.75,63.75,54.71,74.8,24.0,0,2,0,False,radio_p75_underperformance,normal,capability,ECI:1082175.0,1082175.0,139.0,-17.6054744,177.449295,-17.605475,177.44929534,1.0
INC-001023,542020041221088+20250828130244+Fiji-Nadi-LTE-DL-D!20250828130228,Fiji-Nadi-LTE-DL-D,2025-08-28 03:01:50+02:00,2025-08-28 03:01:50+02:00,1,1,63.75,63.75,62.27,65.57,17.0,0,1,0,False,ca_underperformance,normal,capability,ECI:1077822.0,1077822.0,167.0,-17.62961306,177.45289413,-17.62961306,177.45289413,0.0
INC-000739,542020041221088+20250828103607+Fiji-Nadi-LTE-DL-D!20250828103408,Fiji-Nadi-LTE-DL-D,2025-08-28 00:33:48+02:00,2025-08-28 00:33:48+02:00,1,1,63.73,63.73,39.32,93.56,17.0,1,0,0,False,rb_conditioned_underperformance,ml_quantile_p75_resource_underperformance,resource,ECI:1066305.0,1066305.0,488.0,-17.6961766,177.4254231,-17.6961766,177.4254231,0.0
INC-000873,542020041221088+20250828121301+Fiji-Nadi-LTE-DL-D!20250828114829,Fiji-Nadi-LTE-DL-D,2025-08-28 01:46:27+02:00,2025-08-28 01:46:27+02:00,1,1,63.73,63.73,60.83,67.28,17.0,0,1,0,False,rolling_local_drop,normal,temporal,EARFCN:41384.0|PCI:184.0,,184.0,-17.6027985,177.4550022,-17.6027985,177.4550022,0.0
INC-001205,542020041221088+20250828141358+Fiji-Nadi-LTE-DL-D!20250828141324,Fiji-Nadi-LTE-DL-D,2025-08-28 04:12:57+02:00,2025-08-28 04:12:59+02:00,1,3,63.72,63.72,55.6,73.63,31.0,0,3,0,True,radio_limited_degradation,normal,capability,ECI:1076279.0,1076279.0,179.0,-17.61425773,177.46211621,-17.6141658,177.46187752,2.0
INC-000462,542020041221088+20250827135208+Fiji-Nadi-LTE-DL-D!20250827132735,Fiji-Nadi-LTE-DL-D,2025-08-27 03:26:40+02:00,2025-08-27 03:26:41+02:00,1,2,63.7,63.7,59.47,68.87,24.0,0,2,0,True,radio_limited_degradation,normal,radio,ECI:1067152.0,1067152.0,340.0,-17.7764878,177.4337492,-17.77648966,177.43374895,1.0
INC-000471,542020041221088+20250827135348+Fiji-Nadi-LTE-DL-D!20250827133514,Fiji-Nadi-LTE-DL-D,2025-08-27 03:33:55+02:00,2025-08-27 03:34:10+02:00,5,10,63.65,59.879999999999995,78.71,45.24,38.0,0,10,0,True,radio_limited_degradation,normal,radio,ECI:1065543.0,1065543.0,132.0,-17.79294169,177.42266984,-17.7926387,177.42230097,15.0
INC-000186,542020041221088+20250827114430+Fiji-Nadi-LTE-DL-D!20250827111604,Fiji-Nadi-LTE-DL-D,2025-08-27 01:14:35+02:00,2025-08-27 01:14:36+02:00,1,2,63.61,63.61,58.83,69.45,24.0,0,2,0,True,ca_underperformance,normal,capability,ECI:3631422.0,3631422.0,212.0,-17.7551195,177.4555006,-17.7552131,177.4555947,1.0
INC-000362,542020041221088+20250827132124+Fiji-Nadi-LTE-DL-D!20250827121942,Fiji-Nadi-LTE-DL-D,2025-08-27 02:19:27+02:00,2025-08-27 02:19:27+02:00,1,1,63.61,63.61,40.21,92.22,17.0,1,0,0,False,radio_p75_underperformance,ml_hgb_strict_causal_temporal_underperformance,capability,ECI:1064765.0,1064765.0,148.0,-17.80443042,177.42408604,-17.80443042,177.42408604,0.0
INC-000495,542020041221088+20250827135949+Fiji-Nadi-LTE-DL-D!20250827134144,Fiji-Nadi-LTE-DL-D,2025-08-27 03:41:03+02:00,2025-08-27 03:41:03+02:00,1,1,63.61,63.61,54.22,75.09,17.0,0,1,0,False,rb_conditioned_underperformance,ml_quantile_p75_resource_underperformance,capability,ECI:1069373.0,1069373.0,135.0,-17.7739364,177.4076736,-17.7739364,177.4076736,0.0
INC-000641,542020041221088+20250827152632+Fiji-Nadi-LTE-DL-D!20250827152422,Fiji-Nadi-LTE-DL-D,2025-08-27 05:23:49+02:00,2025-08-27 05:23:51+02:00,1,3,63.6,63.6,56.41,72.38,31.0,0,3,0,True,ca_underperformance,normal,capability,ECI:1068606.0,1068606.0,487.0,-17.7415625,177.4423207,-17.74158808,177.44230064,2.0
INC-000636,542020041221088+20250827152632+Fiji-Nadi-LTE-DL-D!20250827152422,Fiji-Nadi-LTE-DL-D,2025-08-27 05:22:24+02:00,2025-08-27 05:22:28+02:00,2,2,63.53,61.58,71.38,53.94,17.0,0,2,0,True,radio_limited_degradation,normal,radio,ECI:1066301.0,1066301.0,487.0,-17.7421092,177.4434894,-17.74210384,177.44344579,4.0
INC-000095,542020041221088+20250827103246+Fiji-Nadi-LTE-DL-D!20250827103001,Fiji-Nadi-LTE-DL-D,2025-08-27 00:29:08+02:00,2025-08-27 00:29:11+02:00,1,4,63.48,63.48,59.12,68.81,38.0,0,4,0,True,ca_underperformance,normal,capability,ECI:1070100.0,1070100.0,332.0,-17.8150252,177.4397267,-17.8149902,177.4394511,3.0
INC-000966,542020041221088+20250828124503+Fiji-Nadi-LTE-DL-D!20250828124436,Fiji-Nadi-LTE-DL-D,2025-08-28 02:43:55+02:00,2025-08-28 02:43:56+02:00,1,2,63.47,63.47,60.5,67.08,24.0,0,2,0,True,ca_underperformance,normal,capability,ECI:1079185.0,1079185.0,315.0,-17.6312853,177.4383202,-17.63128733,177.43843504,1.0
INC-000784,542020041221088+20250828105428+Fiji-Nadi-LTE-DL-D!20250828105353,Fiji-Nadi-LTE-DL-D,2025-08-28 00:53:40+02:00,2025-08-28 00:53:43+02:00,1,4,63.46,63.46,59.07,68.84,38.0,0,4,0,True,rb_conditioned_underperformance,normal,capability,ECI:1078599.0,1078599.0,164.0,-17.65479267,177.43928072,-17.6546941,177.4396023,3.0
INC-000454,542020041221088+20250827134948+Fiji-Nadi-LTE-DL-D!20250827132103,Fiji-Nadi-LTE-DL-D,2025-08-27 03:19:02+02:00,2025-08-27 03:19:04+02:00,1,3,63.46,63.46,74.93,49.43,31.0,0,3,0,True,radio_limited_degradation,normal,radio,ECI:1067831.0,1067831.0,127.0,-17.77212151,177.43940183,-17.7721071,177.4392267,2.0
INC-000274,542020041221088+20250827123437+Fiji-Nadi-LTE-DL-D!20250827114425,Fiji-Nadi-LTE-DL-D,2025-08-27 01:43:01+02:00,2025-08-27 01:43:04+02:00,2,2,63.46,58.975,74.56,49.89,17.0,0,2,0,True,radio_limited_degradation,normal,radio,ECI:1069077.0,1069077.0,140.0,-17.7962094,177.3981257,-17.7961777,177.39786515,3.0
INC-001025,542020041221088+20250828130244+Fiji-Nadi-LTE-DL-D!20250828130228,Fiji-Nadi-LTE-DL-D,2025-08-28 03:01:57+02:00,2025-08-28 03:02:00+02:00,1,4,63.45,63.45,62.76,64.3,38.0,0,4,0,True,ca_underperformance,normal,capability,ECI:1077822.0,1077822.0,170.0,-17.63019589,177.4531034,-17.63032671,177.45313689,3.0
INC-000431,542020041221088+20250827134347+Fiji-Nadi-LTE-DL-D!20250827131002,Fiji-Nadi-LTE-DL-D,2025-08-27 03:09:48+02:00,2025-08-27 03:09:48+02:00,1,1,63.37,63.37,59.5,68.1,17.0,0,1,0,True,radio_limited_degradation,normal,temporal,ECI:1067060.0,1067060.0,129.0,-17.77675237,177.43031,-17.77675237,177.43031,0.0
INC-000044,542020041221088+20250827095725+Fiji-Nadi-LTE-DL-D!20250827095641,Fiji-Nadi-LTE-DL-D,2025-08-26 23:56:20+02:00,2025-08-26 23:56:23+02:00,2,3,63.34,61.52,53.46,75.4,24.0,0,3,0,True,radio_limited_degradation,normal,temporal,ECI:1067553.0,1067553.0,351.0,-17.81614814,177.39541892,-17.81609752,177.39547156,3.0
INC-000642,542020041221088+20250827152632+Fiji-Nadi-LTE-DL-D!20250827152422,Fiji-Nadi-LTE-DL-D,2025-08-27 05:23:55+02:00,2025-08-27 05:23:56+02:00,1,2,63.34,63.34,50.51,79.02,24.0,1,1,0,True,rb_conditioned_underperformance,ml_hgb_strict_causal_temporal_underperformance,capability,ECI:1066301.0,1066301.0,487.0,-17.7417111,177.4421878,-17.74171107,177.44218803,1.0
INC-000874,542020041221088+20250828121301+Fiji-Nadi-LTE-DL-D!20250828114829,Fiji-Nadi-LTE-DL-D,2025-08-28 01:46:54+02:00,2025-08-28 01:46:55+02:00,1,2,63.34,63.34,60.09,67.32,24.0,0,2,0,True,radio_limited_degradation,normal,temporal,ECI:1076789.0,1076789.0,184.0,-17.6024885,177.4557177,-17.6024876,177.4557471,1.0
INC-001170,542020041221088+20250828140337+Fiji-Nadi-LTE-DL-D!20250828140209,Fiji-Nadi-LTE-DL-D,2025-08-28 04:01:45+02:00,2025-08-28 04:01:47+02:00,1,3,63.32,63.32,57.14,70.87,31.0,0,3,0,True,radio_limited_degradation,normal,capability,ECI:1082132.0,1082132.0,139.0,-17.6078629,177.4507441,-17.60786333,177.45074288,2.0
INC-000466,542020041221088+20250827135208+Fiji-Nadi-LTE-DL-D!20250827132735,Fiji-Nadi-LTE-DL-D,2025-08-27 03:27:32+02:00,2025-08-27 03:27:32+02:00,1,1,63.32,63.32,52.23,76.88,17.0,0,1,0,False,sudden_drop,normal,temporal,ECI:1067153.0,1067153.0,338.0,-17.7778896,177.4320194,-17.7778896,177.4320194,0.0
INC-000194,542020041221088+20250827115331+Fiji-Nadi-LTE-DL-D!20250827112239,Fiji-Nadi-LTE-DL-D,2025-08-27 01:22:36+02:00,2025-08-27 01:22:37+02:00,1,2,63.31,63.31,59.21,68.33,24.0,0,2,0,False,rb_conditioned_underperformance,normal,capability,ECI:1066038.0,1066038.0,125.0,-17.76652458,177.44417432,-17.76660388,177.44407193,1.0
INC-000003,542020041221088+20250827094025+Fiji-Nadi-LTE-DL-D!20250827093942,Fiji-Nadi-LTE-DL-D,2025-08-26 23:39:20+02:00,2025-08-26 23:39:21+02:00,1,2,63.3,63.3,53.64,75.1,24.0,0,2,0,False,ca_underperformance,ml_quantile_p75_resource_underperformance,capability,ECI:1065280.0,1065280.0,145.0,-17.8159712,177.3955936,-17.8159712,177.3955936,1.0
INC-000577,542020041221088+20250827150151+Fiji-Nadi-LTE-DL-D!20250827150045,Fiji-Nadi-LTE-DL-D,2025-08-27 05:00:27+02:00,2025-08-27 05:00:29+02:00,1,3,63.27,63.27,58.83,68.7,31.0,0,3,0,False,rb_conditioned_underperformance,normal,capability,ECI:1068855.0,1068855.0,111.0,-17.767966,177.4743645,-17.7679068,177.4741913,2.0
INC-000871,542020041221088+20250828121201+Fiji-Nadi-LTE-DL-D!20250828114619,Fiji-Nadi-LTE-DL-D,2025-08-28 01:45:05+02:00,2025-08-28 01:45:06+02:00,1,2,63.23,63.23,60.74,66.26,24.0,0,2,0,False,rolling_local_drop,normal,temporal,ECI:1076791.0,1076791.0,183.0,-17.6043939,177.4518969,-17.6044026,177.4519536,1.0
INC-001105,542020041221088+20250828134016+Fiji-Nadi-LTE-DL-D!20250828133246,Fiji-Nadi-LTE-DL-D,2025-08-28 03:32:00+02:00,2025-08-28 03:32:02+02:00,1,3,63.22,63.22,56.09,71.95,31.0,0,3,0,False,rolling_local_drop,normal,temporal,ECI:3638837.0,3638837.0,253.0,-17.61732107,177.46149302,-17.6171585,177.46132412,2.0
INC-001012,542020041221088+20250828125844+Fiji-Nadi-LTE-DL-D!20250828125759,Fiji-Nadi-LTE-DL-D,2025-08-28 02:56:25+02:00,2025-08-28 02:56:25+02:00,1,1,63.22,63.22,64.98,61.08,17.0,0,1,0,True,radio_limited_degradation,normal,radio,ECI:3640375.0,3640375.0,275.0,-17.6312874,177.4559049,-17.6312874,177.4559049,0.0
INC-001135,542020041221088+20250828135137+Fiji-Nadi-LTE-DL-D!20250828134837,Fiji-Nadi-LTE-DL-D,2025-08-28 03:46:56+02:00,2025-08-28 03:46:57+02:00,1,2,63.21,63.21,60.5,66.51,24.0,0,2,0,False,ca_underperformance,normal,capability,ECI:1079183.0,1079183.0,140.0,-17.61314353,177.45378178,-17.61333,177.4538566,1.0
INC-000627,542020041221088+20250827152532+Fiji-Nadi-LTE-DL-D!20250827152209,Fiji-Nadi-LTE-DL-D,2025-08-27 05:20:19+02:00,2025-08-27 05:20:19+02:00,1,1,63.21,63.21,57.15,70.62,17.0,0,1,0,False,sudden_drop,normal,temporal,ECI:1068606.0,1068606.0,120.0,-17.7425172,177.4422122,-17.7425172,177.4422122,0.0
INC-000204,542020041221088+20250827120512+Fiji-Nadi-LTE-DL-D!20250827112702,Fiji-Nadi-LTE-DL-D,2025-08-27 01:25:00+02:00,2025-08-27 01:25:00+02:00,1,1,63.17,63.17,53.04,75.56,17.0,0,1,0,False,rolling_local_drop,normal,temporal,ECI:1067151.0,1067151.0,339.0,-17.7722527,177.4357514,-17.7722527,177.4357514,0.0
INC-000213,542020041221088+20250827122034+Fiji-Nadi-LTE-DL-D!20250827113125,Fiji-Nadi-LTE-DL-D,2025-08-27 01:29:38+02:00,2025-08-27 01:29:39+02:00,1,2,63.16,63.16,60.53,66.38,24.0,0,2,0,False,rolling_local_drop,normal,temporal,ECI:1067213.0,1067213.0,341.0,-17.7778952,177.424624,-17.77789424,177.42462238,1.0
INC-000934,542020041221088+20250828123602+Fiji-Nadi-LTE-DL-D!20250828123538,Fiji-Nadi-LTE-DL-D,2025-08-28 02:35:18+02:00,2025-08-28 02:35:20+02:00,1,3,63.14,63.14,64.02,62.05,31.0,0,3,0,True,radio_limited_degradation,normal,temporal,ECI:1081653.0,1081653.0,345.0,-17.6313205,177.4397427,-17.6313312,177.4399178,2.0
INC-000086,542020041221088+20250827102926+Fiji-Nadi-LTE-DL-D!20250827102813,Fiji-Nadi-LTE-DL-D,2025-08-27 00:27:31+02:00,2025-08-27 00:27:32+02:00,1,2,63.12,63.12,76.78,46.42,24.0,0,2,0,True,radio_limited_degradation,normal,radio,ECI:1071687.0,1071687.0,395.0,-17.81335371,177.43504927,-17.8134191,177.4350863,1.0
INC-001211,542020041221088+20250828141618+Fiji-Nadi-LTE-DL-D!20250828141538,Fiji-Nadi-LTE-DL-D,2025-08-28 04:14:04+02:00,2025-08-28 04:14:05+02:00,1,2,63.12,63.12,58.82,68.38,24.0,0,2,0,False,ca_underperformance,normal,capability,ECI:1082163.0,1082163.0,140.0,-17.6112881,177.4583776,-17.61128799,177.4583772,1.0
INC-000397,542020041221088+20250827133907+Fiji-Nadi-LTE-DL-D!20250827130324,Fiji-Nadi-LTE-DL-D,2025-08-27 03:01:25+02:00,2025-08-27 03:01:25+02:00,1,1,63.12,63.12,58.95,68.22,17.0,0,1,0,True,rb_efficiency_underperformance,normal,radio,ECI:1064737.0,1064737.0,394.0,-17.7913949,177.4243525,-17.7913949,177.4243525,0.0
INC-000834,542020041221088+20250828114952+Fiji-Nadi-LTE-DL-D!20250828112430,Fiji-Nadi-LTE-DL-D,2025-08-28 01:23:36+02:00,2025-08-28 01:23:36+02:00,1,1,63.12,63.12,71.08,53.39,17.0,0,1,0,True,radio_limited_degradation,normal,radio,ECI:1076426.0,1076426.0,375.0,-17.60597119,177.46146273,-17.60597119,177.46146273,0.0
INC-001198,542020041221088+20250828141358+Fiji-Nadi-LTE-DL-D!20250828141324,Fiji-Nadi-LTE-DL-D,2025-08-28 04:11:50+02:00,2025-08-28 04:11:50+02:00,1,1,63.11,63.11,74.55,49.11,17.0,0,1,0,True,radio_limited_degradation,normal,radio,ECI:1076429.0,1076429.0,375.0,-17.61020296,177.46243857,-17.61020296,177.46243857,0.0
INC-000477,542020041221088+20250827135549+Fiji-Nadi-LTE-DL-D!20250827133724,Fiji-Nadi-LTE-DL-D,2025-08-27 03:35:58+02:00,2025-08-27 03:35:59+02:00,1,2,63.1,63.1,47.69,81.94,24.0,1,1,0,False,rb_conditioned_underperformance,ml_hgb_strict_causal_temporal_underperformance,capability,ECI:1065524.0,1065524.0,361.0,-17.7868981,177.4250736,-17.7868262,177.4249847,1.0
INC-000455,542020041221088+20250827134948+Fiji-Nadi-LTE-DL-D!20250827132103,Fiji-Nadi-LTE-DL-D,2025-08-27 03:19:11+02:00,2025-08-27 03:19:18+02:00,2,7,63.08,56.72,74.91,48.62,45.0,0,7,0,True,radio_limited_degradation,normal,radio,ECI:1067031.0,1067031.0,130.0,-17.7717514,177.4388368,-17.77169031,177.43849386,7.0
INC-000563,542020041221088+20250827144731+Fiji-Nadi-LTE-DL-D!20250827144643,Fiji-Nadi-LTE-DL-D,2025-08-27 04:44:52+02:00,2025-08-27 04:44:52+02:00,1,1,63.08,63.08,56.65,70.93,17.0,0,1,0,False,ca_underperformance,normal,capability,ECI:1066036.0,1066036.0,125.0,-17.7579992,177.4448203,-17.7579992,177.4448203,0.0
INC-000797,542020041221088+20250828113551+Fiji-Nadi-LTE-DL-D!20250828110238,Fiji-Nadi-LTE-DL-D,2025-08-28 01:01:43+02:00,2025-08-28 01:01:49+02:00,3,4,63.05,59.23666666666667,61.71,64.7,24.0,0,4,0,True,ca_underperformance,ml_quantile_p75_resource_underperformance,capability,ECI:1077820.0,1077820.0,165.0,-17.6384618,177.4622943,-17.63863378,177.46280878,6.0
INC-000569,542020041221088+20250827145151+Fiji-Nadi-LTE-DL-D!20250827145113,Fiji-Nadi-LTE-DL-D,2025-08-27 04:50:20+02:00,2025-08-27 04:50:20+02:00,1,1,63.02,63.02,70.74,53.58,17.0,0,1,0,True,radio_limited_degradation,normal,radio,ECI:1067336.0,1067336.0,110.0,-17.7653865,177.4677851,-17.7653865,177.4677851,0.0
INC-000489,542020041221088+20250827135949+Fiji-Nadi-LTE-DL-D!20250827134144,Fiji-Nadi-LTE-DL-D,2025-08-27 03:39:44+02:00,2025-08-27 03:39:44+02:00,1,1,63.01,63.01,56.68,70.75,17.0,0,1,0,False,sudden_drop,normal,temporal,ECI:1069374.0,1069374.0,137.0,-17.778023,177.4100168,-17.778023,177.4100168,0.0
INC-000742,542020041221088+20250828103907+Fiji-Nadi-LTE-DL-D!20250828103834,Fiji-Nadi-LTE-DL-D,2025-08-28 00:37:34+02:00,2025-08-28 00:37:38+02:00,1,5,63.0,63.0,71.41,52.73,45.0,0,5,0,True,radio_limited_degradation,normal,radio,ECI:1081376.0,1081376.0,455.0,-17.66915548,177.40760677,-17.6685239,177.4074189,4.0
INC-000498,542020041221088+20250827140149+Fiji-Nadi-LTE-DL-D!20250827134245,Fiji-Nadi-LTE-DL-D,2025-08-27 03:42:00+02:00,2025-08-27 03:42:01+02:00,1,2,62.98,62.98,55.23,72.45,24.0,0,2,0,False,rb_conditioned_underperformance,ml_hgb_strict_causal_temporal_underperformance,temporal,ECI:1069373.0,1069373.0,135.0,-17.771171,177.4041907,-17.7711358,177.4041173,1.0
INC-000089,542020041221088+20250827102926+Fiji-Nadi-LTE-DL-D!20250827102813,Fiji-Nadi-LTE-DL-D,2025-08-27 00:27:54+02:00,2025-08-27 00:27:55+02:00,1,2,62.97,62.97,77.4,45.32,24.0,0,2,0,True,radio_limited_degradation,normal,radio,ECI:1064992.0,1064992.0,395.0,-17.8144373,177.43601148,-17.81449737,177.43610374,1.0
INC-000139,542020041221088+20250827105947+Fiji-Nadi-LTE-DL-D!20250827104944,Fiji-Nadi-LTE-DL-D,2025-08-27 00:48:10+02:00,2025-08-27 00:48:12+02:00,1,3,62.96,62.96,59.94,66.66,31.0,0,3,0,True,radio_limited_degradation,normal,capability,ECI:1066034.0,1066034.0,348.0,-17.7667109,177.4545906,-17.76658671,177.45455866,2.0
INC-000955,542020041221088+20250828124043+Fiji-Nadi-LTE-DL-D!20250828124009,Fiji-Nadi-LTE-DL-D,2025-08-28 02:39:02+02:00,2025-08-28 02:39:04+02:00,1,3,62.91,62.91,62.07,63.94,31.0,0,3,0,True,ca_underperformance,normal,capability,ECI:1079075.0,1079075.0,385.0,-17.62797927,177.44376564,-17.62762,177.4437654,2.0
INC-000885,542020041221088+20250828121902+Fiji-Nadi-LTE-DL-D!20250828120130,Fiji-Nadi-LTE-DL-D,2025-08-28 02:00:18+02:00,2025-08-28 02:00:18+02:00,1,1,62.91,62.91,59.57,67.0,17.0,0,1,0,False,sudden_drop,normal,temporal,ECI:1076791.0,1076791.0,183.0,-17.6044889,177.4523965,-17.6044889,177.4523965,0.0
INC-000939,542020041221088+20250828123823+Fiji-Nadi-LTE-DL-D!20250828123754,Fiji-Nadi-LTE-DL-D,2025-08-28 02:36:19+02:00,2025-08-28 02:36:20+02:00,1,2,62.86,62.86,58.26,68.47,24.0,0,2,0,True,ca_underperformance,normal,capability,ECI:3642943.0,3642943.0,313.0,-17.6290282,177.442441,-17.6289303,177.4424449,1.0
INC-000341,542020041221088+20250827131704+Fiji-Nadi-LTE-DL-D!20250827121308,Fiji-Nadi-LTE-DL-D,2025-08-27 02:11:05+02:00,2025-08-27 02:11:05+02:00,1,1,62.86,62.86,53.6,74.18,17.0,0,1,0,False,ca_underperformance,normal,capability,EARFCN:40988.0|PCI:363.0,,363.0,-17.7968201,177.4069989,-17.7968201,177.4069989,0.0
INC-001157,542020041221088+20250828140057+Fiji-Nadi-LTE-DL-D!20250828135741,Fiji-Nadi-LTE-DL-D,2025-08-28 03:57:17+02:00,2025-08-28 03:57:17+02:00,1,1,62.86,62.86,65.94,59.09,17.0,0,1,0,True,rb_efficiency_underperformance,normal,radio,ECI:1076788.0,1076788.0,182.0,-17.6077227,177.4560371,-17.6077227,177.4560371,0.0
INC-000014,542020041221088+20250827094725+Fiji-Nadi-LTE-DL-D!20250827094401,Fiji-Nadi-LTE-DL-D,2025-08-26 23:43:52+02:00,2025-08-26 23:43:52+02:00,1,1,62.84,62.84,57.89,68.89,17.0,0,1,0,False,sudden_drop,normal,temporal,ECI:1064756.0,1064756.0,151.0,-17.81249118,177.39902101,-17.81249118,177.39902101,0.0
INC-000442,542020041221088+20250827134607+Fiji-Nadi-LTE-DL-D!20250827131425,Fiji-Nadi-LTE-DL-D,2025-08-27 03:12:59+02:00,2025-08-27 03:13:01+02:00,1,3,62.83,62.83,58.14,68.58,31.0,0,3,0,True,ca_underperformance,normal,capability,ECI:1067150.0,1067150.0,338.0,-17.77432,177.4330367,-17.7741945,177.433119,2.0
INC-000195,542020041221088+20250827115912+Fiji-Nadi-LTE-DL-D!20250827112451,Fiji-Nadi-LTE-DL-D,2025-08-27 01:22:50+02:00,2025-08-27 01:22:51+02:00,1,2,62.82,62.82,56.08,71.05,24.0,0,2,0,True,radio_limited_degradation,normal,radio,ECI:1066038.0,1066038.0,123.0,-17.7675704,177.44248,-17.7676483,177.4423688,1.0
INC-000962,542020041221088+20250828124303+Fiji-Nadi-LTE-DL-D!20250828124223,Fiji-Nadi-LTE-DL-D,2025-08-28 02:41:41+02:00,2025-08-28 02:41:43+02:00,1,3,62.81,62.81,69.14,55.07,31.0,0,3,0,True,radio_limited_degradation,normal,radio,ECI:1079065.0,1079065.0,169.0,-17.6222246,177.4358112,-17.6223388,177.4356529,2.0
INC-000473,542020041221088+20250827135348+Fiji-Nadi-LTE-DL-D!20250827133514,Fiji-Nadi-LTE-DL-D,2025-08-27 03:34:37+02:00,2025-08-27 03:34:37+02:00,1,1,62.81,62.81,49.45,79.13,17.0,0,1,0,True,radio_limited_degradation,normal,temporal,ECI:1065543.0,1065543.0,132.0,-17.7914438,177.4233813,-17.7914438,177.4233813,0.0
INC-000388,542020041221088+20250827133406+Fiji-Nadi-LTE-DL-D!20250827125219,Fiji-Nadi-LTE-DL-D,2025-08-27 02:50:31+02:00,2025-08-27 02:50:34+02:00,1,4,62.79,62.79,60.47,65.63,38.0,0,4,0,False,ca_underperformance,normal,capability,ECI:1073728.0,1073728.0,147.0,-17.7996838,177.417108,-17.7996777,177.4173496,3.0
INC-000652,542020041221088+20250827153152+Fiji-Nadi-LTE-DL-D!20250827153105,Fiji-Nadi-LTE-DL-D,2025-08-27 05:30:11+02:00,2025-08-27 05:30:11+02:00,1,1,62.76,62.76,66.96,57.62,17.0,0,1,0,True,radio_limited_degradation,normal,radio,ECI:1068606.0,1068606.0,120.0,-17.7441153,177.4348121,-17.7441153,177.4348121,0.0
INC-000354,542020041221088+20250827131704+Fiji-Nadi-LTE-DL-D!20250827121308,Fiji-Nadi-LTE-DL-D,2025-08-27 02:12:31+02:00,2025-08-27 02:12:33+02:00,1,3,62.69,62.69,77.19,44.97,31.0,0,3,0,True,radio_limited_degradation,normal,radio,ECI:1069077.0,1069077.0,363.0,-17.79690235,177.40750943,-17.79693897,177.40769222,2.0
INC-000143,542020041221088+20250827110227+Fiji-Nadi-LTE-DL-D!20250827105156,Fiji-Nadi-LTE-DL-D,2025-08-27 00:49:55+02:00,2025-08-27 00:49:55+02:00,1,1,62.69,62.69,56.55,70.19,17.0,0,1,0,True,rb_efficiency_underperformance,normal,capability,ECI:1070898.0,1070898.0,212.0,-17.7620408,177.4579112,-17.7620408,177.4579112,0.0
INC-000804,542020041221088+20250828113631+Fiji-Nadi-LTE-DL-D!20250828110448,Fiji-Nadi-LTE-DL-D,2025-08-28 01:03:14+02:00,2025-08-28 01:03:16+02:00,1,3,62.68,62.68,79.12,42.59,31.0,0,3,0,True,radio_limited_degradation,normal,radio,ECI:1080637.0,1080637.0,352.0,-17.6382634,177.4707381,-17.638296,177.4709584,2.0
INC-000074,542020041221088+20250827102526+Fiji-Nadi-LTE-DL-D!20250827102354,Fiji-Nadi-LTE-DL-D,2025-08-27 00:22:06+02:00,2025-08-27 00:22:06+02:00,1,1,62.65,62.65,54.68,72.4,17.0,0,1,0,False,rb_conditioned_underperformance,ml_hgb_strict_causal_temporal_underperformance,temporal,ECI:1064756.0,1064756.0,149.0,-17.8068136,177.41642262,-17.8068136,177.41642262,0.0
INC-000084,542020041221088+20250827102926+Fiji-Nadi-LTE-DL-D!20250827102813,Fiji-Nadi-LTE-DL-D,2025-08-27 00:27:22+02:00,2025-08-27 00:27:26+02:00,2,4,62.64,62.46,77.23,44.92,24.0,0,4,0,True,radio_limited_degradation,normal,radio,ECI:1071687.0,1071687.0,395.0,-17.8129746,177.4348448,-17.81322,177.434973,4.0
INC-001096,542020041221088+20250828133816+Fiji-Nadi-LTE-DL-D!20250828132818,Fiji-Nadi-LTE-DL-D,2025-08-28 03:27:11+02:00,2025-08-28 03:27:19+02:00,3,7,62.63,59.88333333333333,75.33,49.67,31.0,0,7,0,True,radio_limited_degradation,normal,radio,ECI:1076286.0,1076286.0,179.0,-17.61492292,177.46522133,-17.61431804,177.46509852,8.0
INC-000480,542020041221088+20250827135549+Fiji-Nadi-LTE-DL-D!20250827133724,Fiji-Nadi-LTE-DL-D,2025-08-27 03:36:42+02:00,2025-08-27 03:36:43+02:00,1,2,62.63,62.63,58.6,67.55,24.0,0,2,0,False,rolling_local_drop,normal,temporal,ECI:1064754.0,1064754.0,147.0,-17.7842556,177.4218188,-17.78425488,177.42181988,1.0
INC-000448,542020041221088+20250827134808+Fiji-Nadi-LTE-DL-D!20250827131638,Fiji-Nadi-LTE-DL-D,2025-08-27 03:15:24+02:00,2025-08-27 03:15:25+02:00,1,2,62.61,62.61,56.37,70.24,24.0,0,2,0,True,radio_limited_degradation,normal,temporal,ECI:1072408.0,1072408.0,395.0,-17.7684647,177.4345811,-17.7684156,177.4346195,1.0
INC-001263,542020041221088+20250828153602+Fiji-Nadi-LTE-DL-D!20250828152027,Fiji-Nadi-LTE-DL-D,2025-08-28 05:18:33+02:00,2025-08-28 05:18:33+02:00,1,1,62.6,62.6,53.82,73.33,17.0,0,1,0,True,radio_limited_degradation,normal,temporal,ECI:1081375.0,1081375.0,455.0,-17.6776489,177.4088241,-17.6776489,177.4088241,0.0
INC-001235,542020041221088+20250828143139+Fiji-Nadi-LTE-DL-D!20250828143127,Fiji-Nadi-LTE-DL-D,2025-08-28 04:30:27+02:00,2025-08-28 04:30:43+02:00,3,13,62.58,57.32,77.73,44.07,73.0,0,13,0,True,radio_limited_degradation,normal,radio,ECI:1079243.0,1079243.0,383.0,-17.61037035,177.44095391,-17.61121843,177.44139631,16.0
INC-001172,542020041221088+20250828140457+Fiji-Nadi-LTE-DL-D!20250828140425,Fiji-Nadi-LTE-DL-D,2025-08-28 04:02:40+02:00,2025-08-28 04:02:41+02:00,1,2,62.58,62.58,57.38,68.92,24.0,0,2,0,True,radio_limited_degradation,normal,radio,ECI:1082175.0,1082175.0,139.0,-17.6067175,177.4502736,-17.60671737,177.45027285,1.0
INC-001107,542020041221088+20250828134016+Fiji-Nadi-LTE-DL-D!20250828133246,Fiji-Nadi-LTE-DL-D,2025-08-28 03:32:39+02:00,2025-08-28 03:32:39+02:00,1,1,62.58,62.58,68.63,55.2,17.0,0,1,0,True,radio_limited_degradation,normal,radio,ECI:1076289.0,1076289.0,179.0,-17.61459344,177.46019957,-17.61459344,177.46019957,0.0
INC-000140,542020041221088+20250827105947+Fiji-Nadi-LTE-DL-D!20250827104944,Fiji-Nadi-LTE-DL-D,2025-08-27 00:48:33+02:00,2025-08-27 00:48:34+02:00,1,2,62.57,62.57,67.73,56.26,24.0,0,2,0,True,radio_limited_degradation,normal,radio,ECI:1066034.0,1066034.0,124.0,-17.76426335,177.4556346,-17.7640931,177.4558472,1.0
INC-001106,542020041221088+20250828134016+Fiji-Nadi-LTE-DL-D!20250828133246,Fiji-Nadi-LTE-DL-D,2025-08-28 03:32:25+02:00,2025-08-28 03:32:25+02:00,1,1,62.57,62.57,70.87,52.41,17.0,0,1,0,True,radio_limited_degradation,normal,radio,ECI:3638837.0,3638837.0,353.0,-17.6160029,177.4605478,-17.6160029,177.4605478,0.0
INC-000570,542020041221088+20250827145151+Fiji-Nadi-LTE-DL-D!20250827145113,Fiji-Nadi-LTE-DL-D,2025-08-27 04:50:23+02:00,2025-08-27 04:50:23+02:00,1,1,62.56,62.56,70.44,52.92,17.0,0,1,0,True,radio_limited_degradation,normal,radio,ECI:1067296.0,1067296.0,110.0,-17.7652114,177.4678486,-17.7652114,177.4678486,0.0
INC-000280,542020041221088+20250827123437+Fiji-Nadi-LTE-DL-D!20250827114425,Fiji-Nadi-LTE-DL-D,2025-08-27 01:44:09+02:00,2025-08-27 01:44:25+02:00,3,13,62.54,55.81666666666666,84.08,36.21,66.0,0,13,0,True,radio_limited_degradation,normal,radio,ECI:1069126.0,1069126.0,138.0,-17.7895648,177.3943518,-17.78787405,177.39334844,16.0
INC-000698,542020041221088+20250827161234+Fiji-Nadi-LTE-DL-D!20250827161029,Fiji-Nadi-LTE-DL-D,2025-08-27 06:08:27+02:00,2025-08-27 06:08:27+02:00,1,1,62.53,62.53,58.48,67.48,17.0,0,1,0,False,ca_underperformance,normal,capability,ECI:1070110.0,1070110.0,395.0,-17.8138109,177.4377673,-17.8138109,177.4377673,0.0
INC-001258,542020041221088+20250828144319+Fiji-Nadi-LTE-DL-D!20250828144243,Fiji-Nadi-LTE-DL-D,2025-08-28 04:42:42+02:00,2025-08-28 04:42:42+02:00,1,1,62.46,62.46,59.59,65.96,17.0,0,1,0,False,ca_underperformance,normal,capability,ECI:1081632.0,1081632.0,356.0,-17.6355654,177.4281909,-17.6355654,177.4281909,0.0
INC-000863,542020041221088+20250828121041+Fiji-Nadi-LTE-DL-D!20250828114409,Fiji-Nadi-LTE-DL-D,2025-08-28 01:42:07+02:00,2025-08-28 01:42:09+02:00,1,3,62.45,62.45,62.08,62.91,31.0,0,3,0,False,rolling_local_drop,normal,temporal,ECI:1082165.0,1082165.0,185.0,-17.6038731,177.4519317,-17.60388575,177.45188649,2.0
INC-000795,542020041221088+20250828113551+Fiji-Nadi-LTE-DL-D!20250828110238,Fiji-Nadi-LTE-DL-D,2025-08-28 01:01:12+02:00,2025-08-28 01:01:12+02:00,1,1,62.42,62.42,52.3,74.79,17.0,0,1,0,False,sudden_drop,normal,temporal,ECI:3640371.0,3640371.0,271.0,-17.63676468,177.46064178,-17.63676468,177.46064178,0.0
INC-001245,542020041221088+20250828143639+Fiji-Nadi-LTE-DL-D!20250828143559,Fiji-Nadi-LTE-DL-D,2025-08-28 04:33:59+02:00,2025-08-28 04:34:03+02:00,1,5,62.38,62.38,60.99,64.07,45.0,0,5,0,True,ca_underperformance,normal,capability,ECI:1079182.0,1079182.0,385.0,-17.62277019,177.44636367,-17.6228606,177.44603494,4.0
INC-000639,542020041221088+20250827152632+Fiji-Nadi-LTE-DL-D!20250827152422,Fiji-Nadi-LTE-DL-D,2025-08-27 05:22:58+02:00,2025-08-27 05:22:58+02:00,1,1,62.38,62.38,66.52,57.32,17.0,0,1,0,True,radio_limited_degradation,normal,radio,ECI:1068606.0,1068606.0,120.0,-17.74184401,177.44363955,-17.74184401,177.44363955,0.0
INC-000760,542020041221088+20250828104747+Fiji-Nadi-LTE-DL-D!20250828104718,Fiji-Nadi-LTE-DL-D,2025-08-28 00:45:53+02:00,2025-08-28 00:45:53+02:00,1,1,62.35,62.35,54.17,72.34,17.0,0,1,0,True,rb_conditioned_underperformance,ml_hgb_strict_causal_temporal_underperformance,capability,ECI:1081631.0,1081631.0,355.0,-17.64085271,177.43133434,-17.64085271,177.43133434,0.0
INC-000964,542020041221088+20250828124503+Fiji-Nadi-LTE-DL-D!20250828124436,Fiji-Nadi-LTE-DL-D,2025-08-28 02:42:56+02:00,2025-08-28 02:42:57+02:00,1,2,62.34,62.34,59.85,65.39,24.0,0,2,0,True,radio_limited_degradation,normal,temporal,ECI:1081660.0,1081660.0,354.0,-17.62740922,177.43294422,-17.6274946,177.4331216,1.0
INC-001250,542020041221088+20250828143639+Fiji-Nadi-LTE-DL-D!20250828143559,Fiji-Nadi-LTE-DL-D,2025-08-28 04:35:00+02:00,2025-08-28 04:35:00+02:00,1,1,62.33,62.33,64.32,59.88,17.0,0,1,0,False,ca_underperformance,normal,capability,ECI:3636033.0,3636033.0,232.0,-17.6198973,177.4438075,-17.6198973,177.4438075,0.0
INC-001290,542020041221088+20250829102513+Nawaka-LTE-DL!20250829102435,Nawaka-LTE-DL,2025-08-29 00:24:24+02:00,2025-08-29 00:24:26+02:00,1,3,62.32,62.32,74.86,46.98,31.0,0,3,0,True,radio_limited_degradation,normal,radio,ECI:1064992.0,1064992.0,469.0,-17.8128906,177.4432636,-17.8128906,177.4432636,2.0
INC-000320,542020041221088+20250827131243+Fiji-Nadi-LTE-DL-D!20250827120629,Fiji-Nadi-LTE-DL-D,2025-08-27 02:04:53+02:00,2025-08-27 02:04:54+02:00,1,2,62.28,62.28,70.47,52.26,24.0,0,2,0,True,radio_limited_degradation,normal,radio,ECI:1066816.0,1066816.0,158.0,-17.77684831,177.3766007,-17.77689053,177.37665825,1.0
INC-000067,542020041221088+20250827102346+Fiji-Nadi-LTE-DL-D!20250827102142,Fiji-Nadi-LTE-DL-D,2025-08-27 00:19:40+02:00,2025-08-27 00:19:40+02:00,1,1,62.25,62.25,47.37,80.44,17.0,0,1,0,False,ca_underperformance,ml_quantile_p75_resource_underperformance,capability,ECI:1067720.0,1067720.0,351.0,-17.8092496,177.4025514,-17.8092496,177.4025514,0.0
INC-001194,542020041221088+20250828141158+Fiji-Nadi-LTE-DL-D!20250828141111,Fiji-Nadi-LTE-DL-D,2025-08-28 04:09:50+02:00,2025-08-28 04:09:50+02:00,1,1,62.23,62.23,63.99,60.08,17.0,0,1,0,True,radio_limited_degradation,normal,radio,ECI:1076429.0,1076429.0,375.0,-17.60979371,177.46126933,-17.60979371,177.46126933,0.0
INC-000392,542020041221088+20250827133707+Fiji-Nadi-LTE-DL-D!20250827125859,Fiji-Nadi-LTE-DL-D,2025-08-27 02:58:21+02:00,2025-08-27 02:58:21+02:00,1,1,62.21,62.21,56.71,68.94,17.0,0,1,0,True,radio_limited_degradation,normal,radio,ECI:1065281.0,1065281.0,146.0,-17.7988778,177.4164459,-17.7988778,177.4164459,0.0
INC-000972,542020041221088+20250828124723+Fiji-Nadi-LTE-DL-D!20250828124651,Fiji-Nadi-LTE-DL-D,2025-08-28 02:46:08+02:00,2025-08-28 02:46:09+02:00,1,2,62.19,62.19,57.28,68.18,24.0,0,2,0,False,ca_underperformance,normal,capability,ECI:1079094.0,1079094.0,170.0,-17.63101672,177.45041939,-17.63096,177.4506757,1.0
INC-000875,542020041221088+20250828121301+Fiji-Nadi-LTE-DL-D!20250828114829,Fiji-Nadi-LTE-DL-D,2025-08-28 01:47:05+02:00,2025-08-28 01:47:05+02:00,1,1,62.19,62.19,57.13,68.37,17.0,0,1,0,True,radio_limited_degradation,normal,temporal,ECI:1076789.0,1076789.0,184.0,-17.6025428,177.4557931,-17.6025428,177.4557931,0.0
INC-001019,542020041221088+20250828130244+Fiji-Nadi-LTE-DL-D!20250828130228,Fiji-Nadi-LTE-DL-D,2025-08-28 03:00:47+02:00,2025-08-28 03:00:49+02:00,1,3,62.17,62.17,56.47,69.14,31.0,0,3,0,False,ca_underperformance,normal,capability,ECI:3636029.0,3636029.0,384.0,-17.6259391,177.4543021,-17.6260498,177.4540986,2.0
INC-000923,542020041221088+20250828123522+Fiji-Nadi-LTE-DL-D!20250828123323,Fiji-Nadi-LTE-DL-D,2025-08-28 02:32:17+02:00,2025-08-28 02:32:18+02:00,1,2,62.17,62.17,58.24,66.98,24.0,0,2,0,False,ca_underperformance,normal,capability,ECI:1081663.0,1081663.0,354.0,-17.6304582,177.4374522,-17.6305662,177.4375229,1.0
INC-001104,542020041221088+20250828134016+Fiji-Nadi-LTE-DL-D!20250828133246,Fiji-Nadi-LTE-DL-D,2025-08-28 03:31:57+02:00,2025-08-28 03:31:57+02:00,1,1,62.17,62.17,61.82,62.59,17.0,0,1,0,True,radio_limited_degradation,normal,radio,ECI:3638837.0,3638837.0,253.0,-17.61754344,177.4617267,-17.61754344,177.4617267,0.0
INC-000853,542020041221088+20250828120254+Fiji-Nadi-LTE-DL-D!20250828113742,Fiji-Nadi-LTE-DL-D,2025-08-28 01:36:48+02:00,2025-08-28 01:36:48+02:00,1,1,62.13,62.13,73.93,47.7,17.0,0,1,0,True,radio_limited_degradation,normal,radio,ECI:1076789.0,1076789.0,184.0,-17.6044663,177.4563248,-17.6044663,177.4563248,0.0
INC-001285,542020041221088+20250829102513+Nawaka-LTE-DL!20250829102435,Nawaka-LTE-DL,2025-08-29 00:23:24+02:00,2025-08-29 00:23:24+02:00,1,1,62.08,62.08,63.34,60.54,17.0,0,1,0,True,radio_limited_degradation,normal,radio,ECI:1064992.0,1064992.0,469.0,-17.8128907,177.4432632,-17.8128907,177.4432632,0.0
INC-000224,542020041221088+20250827122335+Fiji-Nadi-LTE-DL-D!20250827113336,Fiji-Nadi-LTE-DL-D,2025-08-27 01:31:38+02:00,2025-08-27 01:31:39+02:00,1,2,62.07,62.07,59.8,64.84,24.0,0,2,0,False,sudden_drop,normal,temporal,ECI:1072439.0,1072439.0,394.0,-17.76663329,177.42962987,-17.7664963,177.4297352,1.0
INC-000078,542020041221088+20250827102926+Fiji-Nadi-LTE-DL-D!20250827102813,Fiji-Nadi-LTE-DL-D,2025-08-27 00:26:11+02:00,2025-08-27 00:26:11+02:00,1,1,62.04,62.04,56.36,68.98,17.0,0,1,0,True,radio_limited_degradation,normal,radio,EARFCN:40988.0|PCI:393.0,,393.0,-17.80810749,177.43206251,-17.80810749,177.43206251,0.0
INC-000802,542020041221088+20250828113631+Fiji-Nadi-LTE-DL-D!20250828110448,Fiji-Nadi-LTE-DL-D,2025-08-28 01:02:49+02:00,2025-08-28 01:02:52+02:00,1,4,62.03,62.03,75.61,45.42,38.0,0,4,0,True,radio_limited_degradation,normal,radio,ECI:1077820.0,1077820.0,165.0,-17.63788273,177.46873391,-17.63788876,177.46895334,3.0
INC-000316,542020041221088+20250827130936+Fiji-Nadi-LTE-DL-D!20250827120414,Fiji-Nadi-LTE-DL-D,2025-08-27 02:02:35+02:00,2025-08-27 02:02:35+02:00,1,1,62.01,62.01,50.12,76.54,17.0,0,1,0,True,rb_conditioned_underperformance,ml_hgb_strict_causal_temporal_underperformance,temporal,ECI:3623958.0,3623958.0,155.0,-17.7733388,177.3794864,-17.7733388,177.3794864,0.0
INC-000004,542020041221088+20250827094025+Fiji-Nadi-LTE-DL-D!20250827093942,Fiji-Nadi-LTE-DL-D,2025-08-26 23:39:27+02:00,2025-08-26 23:39:27+02:00,1,1,62.0,62.0,60.64,63.66,17.0,0,1,0,False,sudden_drop,normal,temporal,ECI:1064509.0,1064509.0,288.0,-17.8159712,177.3955937,-17.8159712,177.3955937,0.0
INC-000202,542020041221088+20250827115912+Fiji-Nadi-LTE-DL-D!20250827112451,Fiji-Nadi-LTE-DL-D,2025-08-27 01:24:21+02:00,2025-08-27 01:24:23+02:00,2,2,61.99,58.695,54.82,77.31,17.0,0,2,0,False,sudden_drop,normal,temporal,ECI:1066038.0,1066038.0,123.0,-17.7696522,177.4388635,-17.7697628,177.4387126,2.0
INC-000768,542020041221088+20250828105007+Fiji-Nadi-LTE-DL-D!20250828104930,Fiji-Nadi-LTE-DL-D,2025-08-28 00:48:03+02:00,2025-08-28 00:48:05+02:00,1,3,61.95,61.95,60.33,63.93,31.0,0,3,0,False,ca_underperformance,normal,capability,ECI:1081661.0,1081661.0,355.0,-17.64826274,177.44069898,-17.6483392,177.44084322,2.0
INC-000660,542020041221088+20250827154913+Fiji-Nadi-LTE-DL-D!20250827153748,Fiji-Nadi-LTE-DL-D,2025-08-27 05:37:46+02:00,2025-08-27 05:37:46+02:00,1,1,61.95,61.95,70.17,51.91,17.0,0,1,0,True,radio_limited_degradation,normal,radio,ECI:1066294.0,1066294.0,487.0,-17.7406666,177.4566888,-17.7406666,177.4566888,0.0
INC-001047,542020041221088+20250828131954+Fiji-Nadi-LTE-DL-D!20250828131344,Fiji-Nadi-LTE-DL-D,2025-08-28 03:12:33+02:00,2025-08-28 03:12:34+02:00,1,2,61.94,61.94,66.42,56.46,24.0,0,2,0,True,radio_limited_degradation,normal,radio,ECI:1080627.0,1080627.0,231.0,-17.6313123,177.4763605,-17.6312906,177.476323,1.0
INC-000169,542020041221088+20250827112649+Fiji-Nadi-LTE-DL-D!20250827110516,Fiji-Nadi-LTE-DL-D,2025-08-27 01:03:26+02:00,2025-08-27 01:03:27+02:00,1,2,61.93,61.93,57.01,67.94,24.0,0,2,0,True,radio_limited_degradation,normal,capability,ECI:1073430.0,1073430.0,80.0,-17.7713145,177.4877031,-17.7712174,177.4876582,1.0
INC-001287,542020041221088+20250829102513+Nawaka-LTE-DL!20250829102435,Nawaka-LTE-DL,2025-08-29 00:23:45+02:00,2025-08-29 00:23:54+02:00,3,5,61.92,57.71333333333333,70.14,51.88,31.0,0,5,0,True,radio_limited_degradation,normal,radio,ECI:1065032.0,1065032.0,469.0,-17.8128907,177.4432633,-17.8128907,177.4432633,9.0
INC-000857,542020041221088+20250828120902+Fiji-Nadi-LTE-DL-D!20250828113953,Fiji-Nadi-LTE-DL-D,2025-08-28 01:39:02+02:00,2025-08-28 01:39:02+02:00,1,1,61.88,61.88,61.88,61.87,17.0,0,1,0,True,radio_limited_degradation,normal,radio,ECI:1076789.0,1076789.0,184.0,-17.6032085,177.453962,-17.6032085,177.453962,0.0
INC-000015,542020041221088+20250827094925+Fiji-Nadi-LTE-DL-D!20250827094611,Fiji-Nadi-LTE-DL-D,2025-08-26 23:44:17+02:00,2025-08-26 23:44:18+02:00,1,2,61.82,61.82,56.8,67.94,24.0,0,2,0,False,rolling_local_drop,normal,temporal,ECI:1067570.0,1067570.0,151.0,-17.81160131,177.39985085,-17.81160131,177.39985085,1.0
INC-001254,542020041221088+20250828144319+Fiji-Nadi-LTE-DL-D!20250828144243,Fiji-Nadi-LTE-DL-D,2025-08-28 04:40:42+02:00,2025-08-28 04:40:43+02:00,1,2,61.78,61.78,59.26,64.85,24.0,0,2,0,False,ca_underperformance,normal,capability,ECI:1079624.0,1079624.0,346.0,-17.6274688,177.4329326,-17.6274595,177.4329333,1.0
INC-000820,542020041221088+20250828114132+Fiji-Nadi-LTE-DL-D!20250828111120,Fiji-Nadi-LTE-DL-D,2025-08-28 01:11:14+02:00,2025-08-28 01:11:14+02:00,1,1,61.76,61.76,53.4,71.98,17.0,0,1,0,False,sudden_drop,normal,temporal,ECI:1076246.0,1076246.0,179.0,-17.6070824,177.4723428,-17.6070824,177.4723428,0.0
INC-000108,542020041221088+20250827104126+Fiji-Nadi-LTE-DL-D!20250827104054,Fiji-Nadi-LTE-DL-D,2025-08-27 00:39:47+02:00,2025-08-27 00:39:48+02:00,1,2,61.74,61.74,57.91,66.42,24.0,0,2,0,False,rolling_local_drop,normal,temporal,ECI:1071666.0,1071666.0,393.0,-17.8057523,177.4303762,-17.8057622,177.430314,1.0
INC-000921,542020041221088+20250828123342+Fiji-Nadi-LTE-DL-D!20250828123109,Fiji-Nadi-LTE-DL-D,2025-08-28 02:29:07+02:00,2025-08-28 02:29:07+02:00,1,1,61.73,61.73,35.54,93.73,17.0,1,0,0,False,rb_conditioned_underperformance,ml_quantile_p75_resource_underperformance,resource,EARFCN:40988.0|PCI:346.0,,346.0,-17.6276777,177.4328325,-17.6276777,177.4328325,0.0
INC-000437,542020041221088+20250827134427+Fiji-Nadi-LTE-DL-D!20250827131213,Fiji-Nadi-LTE-DL-D,2025-08-27 03:11:16+02:00,2025-08-27 03:11:18+02:00,1,3,61.71,61.71,56.15,68.51,31.0,0,3,0,True,rb_conditioned_underperformance,normal,capability,ECI:1067060.0,1067060.0,129.0,-17.7779439,177.431643,-17.77790675,177.43166789,2.0
INC-000183,542020041221088+20250827114050+Fiji-Nadi-LTE-DL-D!20250827111354,Fiji-Nadi-LTE-DL-D,2025-08-27 01:13:03+02:00,2025-08-27 01:13:03+02:00,1,1,61.71,61.71,58.7,65.4,17.0,0,1,0,False,ca_underperformance,normal,capability,ECI:1072183.0,1072183.0,215.0,-17.7515366,177.4586678,-17.7515366,177.4586678,0.0
INC-001196,542020041221088+20250828141158+Fiji-Nadi-LTE-DL-D!20250828141111,Fiji-Nadi-LTE-DL-D,2025-08-28 04:10:22+02:00,2025-08-28 04:10:28+02:00,2,3,61.68,59.165,73.38,47.38,24.0,0,3,0,True,radio_limited_degradation,normal,radio,ECI:1076429.0,1076429.0,375.0,-17.60860524,177.4624192,-17.608185,177.4623683,6.0
INC-000954,542020041221088+20250828124043+Fiji-Nadi-LTE-DL-D!20250828124009,Fiji-Nadi-LTE-DL-D,2025-08-28 02:38:55+02:00,2025-08-28 02:38:56+02:00,1,2,61.67,61.67,56.78,67.64,24.0,0,2,0,True,ca_underperformance,normal,capability,ECI:1079185.0,1079185.0,385.0,-17.6287189,177.4437794,-17.6285956,177.4437779,1.0
INC-000148,542020041221088+20250827110227+Fiji-Nadi-LTE-DL-D!20250827105156,Fiji-Nadi-LTE-DL-D,2025-08-27 00:50:59+02:00,2025-08-27 00:51:00+02:00,1,2,61.66,61.66,56.59,67.87,24.0,0,2,0,True,rb_efficiency_underperformance,normal,capability,ECI:3631423.0,3631423.0,213.0,-17.7641817,177.4636041,-17.7642063,177.4636652,1.0
INC-000043,542020041221088+20250827095725+Fiji-Nadi-LTE-DL-D!20250827095641,Fiji-Nadi-LTE-DL-D,2025-08-26 23:55:08+02:00,2025-08-26 23:55:08+02:00,1,1,61.64,61.64,54.18,70.75,17.0,0,1,0,False,sudden_drop,normal,temporal,ECI:1067553.0,1067553.0,351.0,-17.816197,177.3954095,-17.816197,177.3954095,0.0
INC-000470,542020041221088+20250827135348+Fiji-Nadi-LTE-DL-D!20250827133514,Fiji-Nadi-LTE-DL-D,2025-08-27 03:33:50+02:00,2025-08-27 03:33:50+02:00,1,1,61.62,61.62,55.29,69.37,17.0,0,1,0,False,ca_underperformance,ml_quantile_p75_resource_underperformance,capability,ECI:1065543.0,1065543.0,132.0,-17.79294239,177.42265347,-17.79294239,177.42265347,0.0
INC-000331,542020041221088+20250827131523+Fiji-Nadi-LTE-DL-D!20250827120845,Fiji-Nadi-LTE-DL-D,2025-08-27 02:08:39+02:00,2025-08-27 02:08:41+02:00,1,3,61.61,61.61,69.67,51.77,31.0,0,3,0,True,radio_limited_degradation,normal,radio,ECI:1069126.0,1069126.0,138.0,-17.7894161,177.394405,-17.7896648,177.3945128,2.0
INC-000358,542020041221088+20250827131944+Fiji-Nadi-LTE-DL-D!20250827121729,Fiji-Nadi-LTE-DL-D,2025-08-27 02:15:53+02:00,2025-08-27 02:15:53+02:00,1,1,61.61,61.61,53.97,70.95,17.0,0,1,0,False,rb_conditioned_underperformance,ml_hgb_strict_causal_temporal_underperformance,capability,ECI:1073715.0,1073715.0,362.0,-17.7976654,177.4157472,-17.7976654,177.4157472,0.0
INC-000450,542020041221088+20250827134808+Fiji-Nadi-LTE-DL-D!20250827131638,Fiji-Nadi-LTE-DL-D,2025-08-27 03:15:55+02:00,2025-08-27 03:15:55+02:00,1,1,61.61,61.61,60.86,62.54,17.0,0,1,0,False,sudden_drop,normal,temporal,ECI:1072405.0,1072405.0,395.0,-17.7688392,177.4359416,-17.7688392,177.4359416,0.0
INC-000208,542020041221088+20250827121333+Fiji-Nadi-LTE-DL-D!20250827112914,Fiji-Nadi-LTE-DL-D,2025-08-27 01:28:30+02:00,2025-08-27 01:28:30+02:00,1,1,61.59,61.59,55.08,69.55,17.0,0,1,0,False,sudden_drop,normal,temporal,ECI:1072692.0,1072692.0,394.0,-17.7806835,177.4297891,-17.7806835,177.4297891,0.0
INC-001128,542020041221088+20250828134936+Fiji-Nadi-LTE-DL-D!20250828134405,Fiji-Nadi-LTE-DL-D,2025-08-28 03:43:35+02:00,2025-08-28 03:43:37+02:00,1,3,61.57,61.57,67.77,54.0,31.0,0,3,0,True,radio_limited_degradation,normal,radio,ECI:3636030.0,3636030.0,232.0,-17.61406994,177.45003382,-17.6139754,177.4499366,2.0
INC-000490,542020041221088+20250827135949+Fiji-Nadi-LTE-DL-D!20250827134144,Fiji-Nadi-LTE-DL-D,2025-08-27 03:39:54+02:00,2025-08-27 03:39:54+02:00,1,1,61.57,61.57,55.92,68.48,17.0,0,1,0,False,sudden_drop,normal,temporal,ECI:1069374.0,1069374.0,137.0,-17.777424,177.4093119,-17.777424,177.4093119,0.0
INC-001229,542020041221088+20250828142518+Fiji-Nadi-LTE-DL-D!20250828142442,Fiji-Nadi-LTE-DL-D,2025-08-28 04:22:53+02:00,2025-08-28 04:22:53+02:00,1,1,61.56,61.56,59.11,64.55,17.0,0,1,0,True,radio_limited_degradation,normal,temporal,ECI:1076791.0,1076791.0,183.0,-17.6049491,177.4535421,-17.6049491,177.4535421,0.0
INC-001190,542020041221088+20250828140938+Fiji-Nadi-LTE-DL-D!20250828140855,Fiji-Nadi-LTE-DL-D,2025-08-28 04:08:36+02:00,2025-08-28 04:08:43+02:00,2,7,61.55,61.394999999999996,65.49,56.87,38.0,0,7,0,True,radio_limited_degradation,normal,radio,ECI:1076801.0,1076801.0,182.0,-17.6084172,177.456211,-17.60817333,177.45678136,7.0
INC-001266,542020041221088+20250828153702+Fiji-Nadi-LTE-DL-D!20250828152243,Fiji-Nadi-LTE-DL-D,2025-08-28 05:22:27+02:00,2025-08-28 05:22:28+02:00,1,2,61.55,61.55,56.23,68.04,24.0,0,2,0,True,radio_limited_degradation,normal,radio,ECI:1079368.0,1079368.0,319.0,-17.6817334,177.3888479,-17.6816899,177.388808,1.0
INC-001212,542020041221088+20250828141618+Fiji-Nadi-LTE-DL-D!20250828141538,Fiji-Nadi-LTE-DL-D,2025-08-28 04:14:08+02:00,2025-08-28 04:14:09+02:00,1,2,61.53,61.53,55.53,68.85,24.0,0,2,0,False,ca_underperformance,normal,capability,ECI:1082133.0,1082133.0,140.0,-17.6115308,177.4580251,-17.61153221,177.45802546,1.0
INC-000351,542020041221088+20250827131704+Fiji-Nadi-LTE-DL-D!20250827121308,Fiji-Nadi-LTE-DL-D,2025-08-27 02:12:17+02:00,2025-08-27 02:12:20+02:00,1,4,61.52,61.52,60.3,63.0,38.0,0,4,0,True,ca_underperformance,normal,capability,ECI:1073726.0,1073726.0,135.0,-17.7968343,177.40709414,-17.7968343,177.4070942,3.0
INC-000318,542020041221088+20250827130936+Fiji-Nadi-LTE-DL-D!20250827120414,Fiji-Nadi-LTE-DL-D,2025-08-27 02:03:57+02:00,2025-08-27 02:03:57+02:00,1,1,61.52,61.52,55.51,68.85,17.0,0,1,0,True,radio_limited_degradation,normal,temporal,ECI:1066816.0,1066816.0,158.0,-17.77388147,177.37472957,-17.77388147,177.37472957,0.0
INC-001058,542020041221088+20250828132455+Fiji-Nadi-LTE-DL-D!20250828131658,Fiji-Nadi-LTE-DL-D,2025-08-28 03:15:51+02:00,2025-08-28 03:15:51+02:00,1,1,61.52,61.52,54.75,69.79,17.0,0,1,0,False,sudden_drop,normal,temporal,ECI:3638848.0,3638848.0,254.0,-17.62596667,177.46382595,-17.62596667,177.46382595,0.0
INC-001241,542020041221088+20250828143419+Fiji-Nadi-LTE-DL-D!20250828143343,Fiji-Nadi-LTE-DL-D,2025-08-28 04:33:06+02:00,2025-08-28 04:33:08+02:00,1,3,61.48,61.48,60.7,62.44,31.0,0,3,0,True,ca_underperformance,normal,capability,ECI:1079103.0,1079103.0,168.0,-17.61878882,177.44728808,-17.6189986,177.4475218,2.0
INC-000632,542020041221088+20250827152532+Fiji-Nadi-LTE-DL-D!20250827152209,Fiji-Nadi-LTE-DL-D,2025-08-27 05:21:27+02:00,2025-08-27 05:21:28+02:00,1,2,61.48,61.48,60.64,62.51,24.0,0,2,0,False,ca_underperformance,normal,capability,ECI:1068606.0,1068606.0,120.0,-17.7415166,177.4426743,-17.74151704,177.44269662,1.0
INC-000276,542020041221088+20250827123437+Fiji-Nadi-LTE-DL-D!20250827114425,Fiji-Nadi-LTE-DL-D,2025-08-27 01:43:24+02:00,2025-08-27 01:43:24+02:00,1,1,61.47,61.47,69.24,51.98,17.0,0,1,0,True,radio_limited_degradation,normal,radio,ECI:1069077.0,1069077.0,140.0,-17.79505953,177.39562875,-17.79505953,177.39562875,0.0
INC-000439,542020041221088+20250827134427+Fiji-Nadi-LTE-DL-D!20250827131213,Fiji-Nadi-LTE-DL-D,2025-08-27 03:12:10+02:00,2025-08-27 03:12:11+02:00,1,2,61.43,61.43,52.67,72.13,24.0,0,2,0,False,sudden_drop,ml_hgb_strict_causal_temporal_underperformance,temporal,ECI:1067060.0,1067060.0,129.0,-17.77626692,177.43275717,-17.77621723,177.43278523,1.0
INC-000724,542020041221088+20250828102746+Fiji-Nadi-LTE-DL-D!20250828102524,Fiji-Nadi-LTE-DL-D,2025-08-28 00:24:48+02:00,2025-08-28 00:24:48+02:00,1,1,61.39,61.39,55.14,69.02,17.0,0,1,0,False,sudden_drop,normal,temporal,ECI:1066294.0,1066294.0,487.0,-17.7359655,177.4604803,-17.7359655,177.4604803,0.0
INC-000982,542020041221088+20250828125203+Fiji-Nadi-LTE-DL-D!20250828125121,Fiji-Nadi-LTE-DL-D,2025-08-28 02:49:57+02:00,2025-08-28 02:49:57+02:00,1,1,61.36,61.36,50.77,74.32,17.0,0,1,0,True,radio_limited_degradation,normal,radio,ECI:1077825.0,1077825.0,167.0,-17.6307357,177.4545366,-17.6307357,177.4545366,0.0
INC-000082,542020041221088+20250827102926+Fiji-Nadi-LTE-DL-D!20250827102813,Fiji-Nadi-LTE-DL-D,2025-08-27 00:27:12+02:00,2025-08-27 00:27:12+02:00,1,1,61.35,61.35,70.82,49.77,17.0,0,1,0,True,radio_limited_degradation,normal,radio,ECI:1071647.0,1071647.0,395.0,-17.8123708,177.4345113,-17.8123708,177.4345113,0.0
INC-000077,542020041221088+20250827102746+Fiji-Nadi-LTE-DL-D!20250827102604,Fiji-Nadi-LTE-DL-D,2025-08-27 00:25:37+02:00,2025-08-27 00:25:38+02:00,1,2,61.29,61.29,57.32,66.15,24.0,0,2,0,True,radio_limited_degradation,normal,radio,ECI:1071676.0,1071676.0,393.0,-17.80611379,177.4309458,-17.80617511,177.43098478,1.0
INC-000068,542020041221088+20250827102346+Fiji-Nadi-LTE-DL-D!20250827102142,Fiji-Nadi-LTE-DL-D,2025-08-27 00:19:45+02:00,2025-08-27 00:19:45+02:00,1,1,61.29,61.29,62.0,60.42,17.0,0,1,0,False,sudden_drop,normal,temporal,ECI:1069077.0,1069077.0,140.0,-17.8090323,177.4032189,-17.8090323,177.4032189,0.0
INC-000272,542020041221088+20250827123437+Fiji-Nadi-LTE-DL-D!20250827114425,Fiji-Nadi-LTE-DL-D,2025-08-27 01:42:56+02:00,2025-08-27 01:42:56+02:00,1,1,61.27,61.27,75.26,44.17,17.0,0,1,0,True,radio_limited_degradation,normal,radio,ECI:1069077.0,1069077.0,140.0,-17.79630003,177.39888915,-17.79630003,177.39888915,0.0
INC-000336,542020041221088+20250827131624+Fiji-Nadi-LTE-DL-D!20250827121056,Fiji-Nadi-LTE-DL-D,2025-08-27 02:10:19+02:00,2025-08-27 02:10:20+02:00,1,2,61.26,61.26,59.75,63.1,24.0,0,2,0,True,rb_efficiency_underperformance,normal,radio,ECI:1073736.0,1073736.0,363.0,-17.7965933,177.401934,-17.79658941,177.40193515,1.0
INC-000149,542020041221088+20250827110227+Fiji-Nadi-LTE-DL-D!20250827105156,Fiji-Nadi-LTE-DL-D,2025-08-27 00:51:19+02:00,2025-08-27 00:51:20+02:00,1,2,61.25,61.25,59.69,63.15,24.0,0,2,0,False,rolling_local_drop,normal,temporal,ECI:3631423.0,3631423.0,213.0,-17.76338798,177.46419444,-17.7632469,177.4642501,1.0
INC-000672,542020041221088+20250827160154+Fiji-Nadi-LTE-DL-D!20250827155510,Fiji-Nadi-LTE-DL-D,2025-08-27 05:54:40+02:00,2025-08-27 05:54:40+02:00,1,1,61.25,61.25,58.51,64.6,17.0,0,1,0,False,ca_underperformance,ml_quantile_p75_resource_underperformance,capability,ECI:1073216.0,1073216.0,430.0,-17.79308108,177.44452976,-17.79308108,177.44452976,0.0
INC-000045,542020041221088+20250827095725+Fiji-Nadi-LTE-DL-D!20250827095641,Fiji-Nadi-LTE-DL-D,2025-08-26 23:56:40+02:00,2025-08-26 23:56:40+02:00,1,1,61.23,61.23,47.61,77.89,17.0,0,1,0,False,sudden_drop,normal,temporal,ECI:1067553.0,1067553.0,351.0,-17.81500324,177.39656325,-17.81500324,177.39656325,0.0
INC-000809,542020041221088+20250828113631+Fiji-Nadi-LTE-DL-D!20250828110448,Fiji-Nadi-LTE-DL-D,2025-08-28 01:03:55+02:00,2025-08-28 01:04:04+02:00,3,6,61.21,59.14333333333334,69.27,51.36,31.0,0,6,0,True,radio_limited_degradation,normal,radio,ECI:3636032.0,3636032.0,231.0,-17.637824,177.4745312,-17.6376209,177.4754008,9.0
INC-000181,542020041221088+20250827114050+Fiji-Nadi-LTE-DL-D!20250827111354,Fiji-Nadi-LTE-DL-D,2025-08-27 01:12:33+02:00,2025-08-27 01:12:33+02:00,1,1,61.21,61.21,68.37,52.46,17.0,0,1,0,True,radio_limited_degradation,normal,radio,ECI:1072180.0,1072180.0,448.0,-17.7534753,177.4607174,-17.7534753,177.4607174,0.0
INC-001183,542020041221088+20250828140718+Fiji-Nadi-LTE-DL-D!20250828140641,Fiji-Nadi-LTE-DL-D,2025-08-28 04:06:12+02:00,2025-08-28 04:06:13+02:00,1,2,61.17,61.17,51.8,72.63,24.0,0,2,0,False,rolling_local_drop,normal,temporal,ECI:1082172.0,1082172.0,139.0,-17.6079609,177.4547849,-17.60796152,177.45478471,1.0
INC-000092,542020041221088+20250827102926+Fiji-Nadi-LTE-DL-D!20250827102813,Fiji-Nadi-LTE-DL-D,2025-08-27 00:28:08+02:00,2025-08-27 00:28:08+02:00,1,1,61.12,61.12,57.4,65.66,17.0,0,1,0,False,ca_underperformance,normal,capability,ECI:1064768.0,1064768.0,148.0,-17.81499525,177.43736452,-17.81499525,177.43736452,0.0
INC-001223,542020041221088+20250828142038+Fiji-Nadi-LTE-DL-D!20250828142010,Fiji-Nadi-LTE-DL-D,2025-08-28 04:18:23+02:00,2025-08-28 04:18:23+02:00,1,1,61.07,61.07,65.24,55.97,17.0,0,1,0,True,radio_limited_degradation,normal,radio,ECI:1076426.0,1076426.0,375.0,-17.6077933,177.4607221,-17.6077933,177.4607221,0.0
INC-001288,542020041221088+20250829102513+Nawaka-LTE-DL!20250829102435,Nawaka-LTE-DL,2025-08-29 00:24:01+02:00,2025-08-29 00:24:01+02:00,1,1,61.06,61.06,74.76,44.33,17.0,0,1,0,True,radio_limited_degradation,normal,radio,ECI:1065032.0,1065032.0,469.0,-17.8128905,177.4432634,-17.8128905,177.4432634,0.0
INC-000868,542020041221088+20250828121041+Fiji-Nadi-LTE-DL-D!20250828114409,Fiji-Nadi-LTE-DL-D,2025-08-28 01:43:11+02:00,2025-08-28 01:43:12+02:00,1,2,61.02,61.02,54.97,68.41,24.0,0,2,0,False,rolling_local_drop,normal,temporal,ECI:1076787.0,1076787.0,185.0,-17.60294869,177.4509668,-17.6028,177.4508927,1.0
INC-001200,542020041221088+20250828141358+Fiji-Nadi-LTE-DL-D!20250828141324,Fiji-Nadi-LTE-DL-D,2025-08-28 04:12:15+02:00,2025-08-28 04:12:16+02:00,1,2,61.02,61.02,66.35,54.5,24.0,0,2,0,True,radio_limited_degradation,normal,radio,ECI:1076429.0,1076429.0,375.0,-17.61233367,177.46320002,-17.61244601,177.46322673,1.0
INC-001117,542020041221088+20250828134436+Fiji-Nadi-LTE-DL-D!20250828133934,Fiji-Nadi-LTE-DL-D,2025-08-28 03:38:09+02:00,2025-08-28 03:38:10+02:00,1,2,61.01,61.01,69.4,50.75,24.0,0,2,0,True,radio_limited_degradation,normal,radio,ECI:3636029.0,3636029.0,231.0,-17.62233994,177.4549002,-17.622481,177.4548327,1.0
INC-001300,542020041221088+20250829103614+Nawaka-LTE-DL!20250829103543,Nawaka-LTE-DL,2025-08-29 00:34:59+02:00,2025-08-29 00:34:59+02:00,1,1,61.01,61.01,55.75,67.43,17.0,0,1,0,True,rb_efficiency_underperformance,normal,capability,ECI:1065015.0,1065015.0,469.0,-17.8128904,177.4432648,-17.8128904,177.4432648,0.0
INC-000735,542020041221088+20250828103207+Fiji-Nadi-LTE-DL-D!20250828102946,Fiji-Nadi-LTE-DL-D,2025-08-28 00:28:09+02:00,2025-08-28 00:28:09+02:00,1,1,61.0,61.0,47.16,77.92,17.0,0,1,0,False,sudden_drop,normal,temporal,ECI:1066294.0,1066294.0,487.0,-17.7152356,177.4531395,-17.7152356,177.4531395,0.0
INC-000383,542020041221088+20250827133206+Fiji-Nadi-LTE-DL-D!20250827125008,Fiji-Nadi-LTE-DL-D,2025-08-27 02:49:15+02:00,2025-08-27 02:49:17+02:00,2,2,60.98,58.11,62.92,58.6,17.0,0,2,0,True,radio_limited_degradation,normal,radio,ECI:1064757.0,1064757.0,147.0,-17.8015836,177.4160705,-17.80158,177.4160702,2.0
INC-000459,542020041221088+20250827135108+Fiji-Nadi-LTE-DL-D!20250827132314,Fiji-Nadi-LTE-DL-D,2025-08-27 03:22:16+02:00,2025-08-27 03:22:23+02:00,3,5,60.94,58.913333333333334,65.05,58.9,24.0,0,5,0,True,radio_limited_degradation,normal,radio,ECI:1066045.0,1066045.0,123.0,-17.7712606,177.4368713,-17.77159896,177.43645341,7.0
INC-000865,542020041221088+20250828121041+Fiji-Nadi-LTE-DL-D!20250828114409,Fiji-Nadi-LTE-DL-D,2025-08-28 01:42:32+02:00,2025-08-28 01:42:32+02:00,1,1,60.92,60.92,56.66,66.13,17.0,0,1,0,True,radio_limited_degradation,normal,radio,ECI:1076790.0,1076790.0,185.0,-17.60382833,177.45143622,-17.60382833,177.45143622,0.0
INC-001225,542020041221088+20250828142038+Fiji-Nadi-LTE-DL-D!20250828142010,Fiji-Nadi-LTE-DL-D,2025-08-28 04:18:27+02:00,2025-08-28 04:18:27+02:00,1,1,60.91,60.91,65.46,55.35,17.0,0,1,0,True,radio_limited_degradation,normal,radio,ECI:1080085.0,1080085.0,196.0,-17.6075034,177.4605181,-17.6075034,177.4605181,0.0
INC-001184,542020041221088+20250828140718+Fiji-Nadi-LTE-DL-D!20250828140641,Fiji-Nadi-LTE-DL-D,2025-08-28 04:06:36+02:00,2025-08-28 04:06:38+02:00,1,3,60.88,60.88,55.4,67.57,31.0,0,3,0,False,rb_conditioned_underperformance,normal,temporal,ECI:1082165.0,1082165.0,139.0,-17.6080198,177.453273,-17.60800253,177.45316352,2.0
INC-000436,542020041221088+20250827134427+Fiji-Nadi-LTE-DL-D!20250827131213,Fiji-Nadi-LTE-DL-D,2025-08-27 03:10:59+02:00,2025-08-27 03:11:00+02:00,1,2,60.87,60.87,54.26,68.95,24.0,0,2,0,False,rolling_local_drop,normal,temporal,ECI:1067060.0,1067060.0,129.0,-17.7785423,177.4312233,-17.7785081,177.4312475,1.0
INC-000551,542020041221088+20250827141150+Fiji-Nadi-LTE-DL-D!20250827140658,Fiji-Nadi-LTE-DL-D,2025-08-27 04:06:34+02:00,2025-08-27 04:06:34+02:00,1,1,60.86,60.86,77.2,40.9,17.0,0,1,0,True,radio_limited_degradation,normal,radio,ECI:1068749.0,1068749.0,136.0,-17.76467452,177.43984062,-17.76467452,177.43984062,0.0
INC-000829,542020041221088+20250828114552+Fiji-Nadi-LTE-DL-D!20250828111754,Fiji-Nadi-LTE-DL-D,2025-08-28 01:16:20+02:00,2025-08-28 01:16:22+02:00,1,3,60.85,60.85,61.56,59.97,31.0,0,3,0,True,radio_limited_degradation,normal,radio,ECI:1079878.0,1079878.0,495.0,-17.5958575,177.5047879,-17.5959543,177.5044889,2.0
INC-000663,542020041221088+20250827155633+Fiji-Nadi-LTE-DL-D!20250827154210,Fiji-Nadi-LTE-DL-D,2025-08-27 05:40:30+02:00,2025-08-27 05:40:30+02:00,1,1,60.85,60.85,72.69,46.38,17.0,0,1,0,True,radio_limited_degradation,normal,radio,ECI:1066294.0,1066294.0,487.0,-17.73908108,177.45831568,-17.73908108,177.45831568,0.0
INC-000697,542020041221088+20250827161154+Fiji-Nadi-LTE-DL-D!20250827160820,Fiji-Nadi-LTE-DL-D,2025-08-27 06:07:54+02:00,2025-08-27 06:07:57+02:00,2,2,60.81,58.045,72.1,47.01,17.0,0,2,0,True,radio_limited_degradation,normal,radio,ECI:1064755.0,1064755.0,148.0,-17.81327933,177.43729418,-17.8133357,177.437331,3.0
INC-001237,542020041221088+20250828143419+Fiji-Nadi-LTE-DL-D!20250828143343,Fiji-Nadi-LTE-DL-D,2025-08-28 04:32:06+02:00,2025-08-28 04:32:15+02:00,2,7,60.8,55.7,60.31,61.39,45.0,0,7,0,True,ca_underperformance,normal,capability,ECI:1079182.0,1079182.0,385.0,-17.61776565,177.44354195,-17.61779366,177.4436935,9.0
INC-000512,542020041221088+20250827140609+Fiji-Nadi-LTE-DL-D!20250827135810,Fiji-Nadi-LTE-DL-D,2025-08-27 03:57:12+02:00,2025-08-27 03:57:13+02:00,1,2,60.76,60.76,53.22,69.98,24.0,0,2,0,False,rolling_local_drop,normal,temporal,ECI:1066034.0,1066034.0,124.0,-17.76667249,177.44745276,-17.76661104,177.44747081,1.0
INC-000727,542020041221088+20250828103047+Fiji-Nadi-LTE-DL-D!20250828102736,Fiji-Nadi-LTE-DL-D,2025-08-28 00:25:50+02:00,2025-08-28 00:25:51+02:00,1,2,60.75,60.75,52.24,71.15,24.0,0,2,0,False,rolling_local_drop,normal,temporal,ECI:1066294.0,1066294.0,487.0,-17.73152176,177.45604137,-17.73145158,177.45590734,1.0
INC-001243,542020041221088+20250828143419+Fiji-Nadi-LTE-DL-D!20250828143343,Fiji-Nadi-LTE-DL-D,2025-08-28 04:33:25+02:00,2025-08-28 04:33:26+02:00,1,2,60.74,60.74,54.6,68.24,24.0,0,2,0,False,ca_underperformance,normal,capability,ECI:1079083.0,1079083.0,168.0,-17.6205524,177.4481512,-17.62055143,177.44815094,1.0
INC-000904,542020041221088+20250828122402+Fiji-Nadi-LTE-DL-D!20250828121612,Fiji-Nadi-LTE-DL-D,2025-08-28 02:15:32+02:00,2025-08-28 02:15:32+02:00,1,1,60.68,60.68,48.87,75.1,17.0,0,1,0,False,sudden_drop,normal,temporal,ECI:1076799.0,1076799.0,184.0,-17.6035758,177.4528014,-17.6035758,177.4528014,0.0
INC-000398,542020041221088+20250827133907+Fiji-Nadi-LTE-DL-D!20250827130324,Fiji-Nadi-LTE-DL-D,2025-08-27 03:01:49+02:00,2025-08-27 03:01:50+02:00,1,2,60.66,60.66,50.87,72.62,24.0,0,2,0,False,rb_conditioned_underperformance,ml_hgb_strict_causal_temporal_underperformance,capability,ECI:1065506.0,1065506.0,132.0,-17.78997009,177.42655471,-17.7898214,177.4267212,1.0
INC-001138,542020041221088+20250828135137+Fiji-Nadi-LTE-DL-D!20250828134837,Fiji-Nadi-LTE-DL-D,2025-08-28 03:48:08+02:00,2025-08-28 03:48:08+02:00,1,1,60.65,60.65,50.04,73.63,17.0,0,1,0,False,ca_underperformance,normal,capability,ECI:1076544.0,1076544.0,182.0,-17.61402509,177.45477296,-17.61402509,177.45477296,0.0
INC-000102,542020041221088+20250827103926+Fiji-Nadi-LTE-DL-D!20250827103843,Fiji-Nadi-LTE-DL-D,2025-08-27 00:36:59+02:00,2025-08-27 00:37:00+02:00,1,2,60.63,60.63,73.79,44.53,24.0,0,2,0,True,radio_limited_degradation,normal,radio,ECI:1065032.0,1065032.0,469.0,-17.81326291,177.43492408,-17.81326291,177.43492408,1.0
INC-001132,542020041221088+20250828134936+Fiji-Nadi-LTE-DL-D!20250828134405,Fiji-Nadi-LTE-DL-D,2025-08-28 03:44:03+02:00,2025-08-28 03:44:03+02:00,1,1,60.63,60.63,57.82,64.06,17.0,0,1,0,False,ca_underperformance,normal,capability,ECI:1079240.0,1079240.0,383.0,-17.61286521,177.4484595,-17.61286521,177.4484595,0.0
INC-000327,542020041221088+20250827131523+Fiji-Nadi-LTE-DL-D!20250827120845,Fiji-Nadi-LTE-DL-D,2025-08-27 02:07:31+02:00,2025-08-27 02:07:31+02:00,1,1,60.62,60.62,61.79,59.18,17.0,0,1,0,True,radio_limited_degradation,normal,radio,ECI:1069126.0,1069126.0,138.0,-17.78366831,177.38833223,-17.78366831,177.38833223,0.0
INC-000401,542020041221088+20250827133907+Fiji-Nadi-LTE-DL-D!20250827130324,Fiji-Nadi-LTE-DL-D,2025-08-27 03:02:14+02:00,2025-08-27 03:02:14+02:00,1,1,60.62,60.62,52.18,70.94,17.0,0,1,0,False,rb_conditioned_underperformance,ml_quantile_p75_resource_underperformance,capability,ECI:1065506.0,1065506.0,322.0,-17.78792,177.4275765,-17.78792,177.4275765,0.0
INC-001112,542020041221088+20250828134116+Fiji-Nadi-LTE-DL-D!20250828133502,Fiji-Nadi-LTE-DL-D,2025-08-28 03:34:40+02:00,2025-08-28 03:34:44+02:00,2,3,60.61,57.91,70.62,48.37,24.0,0,3,0,True,radio_limited_degradation,normal,radio,ECI:1076289.0,1076289.0,179.0,-17.6177308,177.4620349,-17.6175285,177.4617097,4.0
INC-000115,542020041221088+20250827104707+Fiji-Nadi-LTE-DL-D!20250827104518,Fiji-Nadi-LTE-DL-D,2025-08-27 00:43:24+02:00,2025-08-27 00:43:25+02:00,1,2,60.6,60.6,56.74,65.32,24.0,0,2,0,True,radio_limited_degradation,normal,temporal,ECI:1073174.0,1073174.0,431.0,-17.79270283,177.43863815,-17.79259589,177.43872082,1.0
INC-000332,542020041221088+20250827131624+Fiji-Nadi-LTE-DL-D!20250827121056,Fiji-Nadi-LTE-DL-D,2025-08-27 02:08:56+02:00,2025-08-27 02:08:57+02:00,1,2,60.6,60.6,75.55,42.32,24.0,0,2,0,True,radio_limited_degradation,normal,radio,ECI:1069086.0,1069086.0,138.0,-17.79142605,177.39519718,-17.79157416,177.39521731,1.0
INC-000985,542020041221088+20250828125203+Fiji-Nadi-LTE-DL-D!20250828125121,Fiji-Nadi-LTE-DL-D,2025-08-28 02:50:31+02:00,2025-08-28 02:50:31+02:00,1,1,60.59,60.59,56.39,65.72,17.0,0,1,0,True,radio_limited_degradation,normal,radio,ECI:1077780.0,1077780.0,165.0,-17.63349166,177.45444229,-17.63349166,177.45444229,0.0
INC-000291,542020041221088+20250827123517+Fiji-Nadi-LTE-DL-D!20250827114634,Fiji-Nadi-LTE-DL-D,2025-08-27 01:46:09+02:00,2025-08-27 01:46:09+02:00,1,1,60.58,60.58,49.9,73.64,17.0,0,1,0,True,radio_limited_degradation,normal,temporal,ECI:3624137.0,3624137.0,153.0,-17.77998904,177.38357653,-17.77998904,177.38357653,0.0
INC-000406,542020041221088+20250827134107+Fiji-Nadi-LTE-DL-D!20250827130537,Fiji-Nadi-LTE-DL-D,2025-08-27 03:04:00+02:00,2025-08-27 03:04:01+02:00,1,2,60.57,60.57,52.26,70.72,24.0,0,2,0,False,rolling_local_drop,normal,temporal,ECI:1072662.0,1072662.0,394.0,-17.78075719,177.43109015,-17.78075827,177.43113948,1.0
INC-000513,542020041221088+20250827140609+Fiji-Nadi-LTE-DL-D!20250827135810,Fiji-Nadi-LTE-DL-D,2025-08-27 03:57:39+02:00,2025-08-27 03:57:39+02:00,1,1,60.57,60.57,50.3,73.11,17.0,0,1,0,False,sudden_drop,normal,temporal,ECI:1066034.0,1066034.0,124.0,-17.7665439,177.4477631,-17.7665439,177.4477631,0.0
INC-001003,542020041221088+20250828125624+Fiji-Nadi-LTE-DL-D!20250828125546,Fiji-Nadi-LTE-DL-D,2025-08-28 02:53:44+02:00,2025-08-28 02:53:44+02:00,1,1,60.54,60.54,51.01,72.18,17.0,0,1,0,False,rolling_local_drop,normal,temporal,ECI:3640385.0,3640385.0,275.0,-17.63279271,177.45674388,-17.63279271,177.45674388,0.0
INC-000777,542020041221088+20250828105207+Fiji-Nadi-LTE-DL-D!20250828105141,Fiji-Nadi-LTE-DL-D,2025-08-28 00:49:53+02:00,2025-08-28 00:49:53+02:00,1,1,60.52,60.52,58.06,63.52,17.0,0,1,0,False,sudden_drop,normal,temporal,ECI:1078590.0,1078590.0,163.0,-17.6488646,177.4449649,-17.6488646,177.4449649,0.0
INC-001049,542020041221088+20250828131954+Fiji-Nadi-LTE-DL-D!20250828131344,Fiji-Nadi-LTE-DL-D,2025-08-28 03:12:57+02:00,2025-08-28 03:12:59+02:00,1,3,60.5,60.5,55.46,66.66,31.0,0,3,0,False,rolling_local_drop,normal,temporal,ECI:1080630.0,1080630.0,352.0,-17.62993076,177.47486504,-17.6297216,177.4746468,2.0
INC-000613,542020041221088+20250827151812+Fiji-Nadi-LTE-DL-D!20250827151738,Fiji-Nadi-LTE-DL-D,2025-08-27 05:16:16+02:00,2025-08-27 05:16:17+02:00,1,2,60.49,60.49,55.05,67.14,24.0,0,2,0,False,sudden_drop,normal,temporal,ECI:1068575.0,1068575.0,122.0,-17.7468554,177.4443613,-17.7468597,177.444262,1.0
INC-000075,542020041221088+20250827102526+Fiji-Nadi-LTE-DL-D!20250827102354,Fiji-Nadi-LTE-DL-D,2025-08-27 00:23:23+02:00,2025-08-27 00:23:24+02:00,1,2,60.47,60.47,54.03,68.33,24.0,0,2,0,False,rb_conditioned_underperformance,normal,capability,ECI:1064765.0,1064765.0,148.0,-17.80712956,177.42442255,-17.80713106,177.42454171,1.0
INC-000949,542020041221088+20250828124043+Fiji-Nadi-LTE-DL-D!20250828124009,Fiji-Nadi-LTE-DL-D,2025-08-28 02:38:16+02:00,2025-08-28 02:38:16+02:00,1,1,60.46,60.46,51.88,70.95,17.0,0,1,0,False,rb_conditioned_underperformance,ml_hgb_strict_causal_temporal_underperformance,capability,ECI:3642943.0,3642943.0,313.0,-17.6310461,177.4440356,-17.6310461,177.4440356,0.0
INC-000508,542020041221088+20250827140609+Fiji-Nadi-LTE-DL-D!20250827135810,Fiji-Nadi-LTE-DL-D,2025-08-27 03:56:16+02:00,2025-08-27 03:56:17+02:00,1,2,60.45,60.45,50.5,72.6,24.0,0,2,0,False,rolling_local_drop,normal,temporal,ECI:1066035.0,1066035.0,123.0,-17.76726435,177.44402057,-17.7672191,177.4441128,1.0
INC-000574,542020041221088+20250827145831+Fiji-Nadi-LTE-DL-D!20250827145756,Fiji-Nadi-LTE-DL-D,2025-08-27 04:57:52+02:00,2025-08-27 04:57:52+02:00,1,1,60.44,60.44,50.84,72.18,17.0,0,1,0,False,rb_conditioned_underperformance,ml_quantile_p75_resource_underperformance,capability,ECI:1068854.0,1068854.0,113.0,-17.7696134,177.4735336,-17.7696134,177.4735336,0.0
INC-000812,542020041221088+20250828113831+Fiji-Nadi-LTE-DL-D!20250828110657,Fiji-Nadi-LTE-DL-D,2025-08-28 01:04:56+02:00,2025-08-28 01:04:56+02:00,1,1,60.34,60.34,70.42,48.01,17.0,0,1,0,True,radio_limited_degradation,normal,radio,ECI:1077964.0,1077964.0,377.0,-17.63500381,177.47826345,-17.63500381,177.47826345,0.0
INC-000677,542020041221088+20250827160414+Fiji-Nadi-LTE-DL-D!20250827155722,Fiji-Nadi-LTE-DL-D,2025-08-27 05:57:20+02:00,2025-08-27 05:57:21+02:00,1,2,60.33,60.33,69.43,49.2,24.0,0,2,0,True,radio_limited_degradation,normal,radio,ECI:1073216.0,1073216.0,214.0,-17.7997453,177.4511314,-17.7997721,177.4511685,1.0
INC-000381,542020041221088+20250827133105+Fiji-Nadi-LTE-DL-D!20250827124329,Fiji-Nadi-LTE-DL-D,2025-08-27 02:43:22+02:00,2025-08-27 02:43:22+02:00,1,1,60.29,60.29,52.68,69.6,17.0,0,1,0,False,sudden_drop,normal,temporal,ECI:1065269.0,1065269.0,144.0,-17.8056849,177.4149043,-17.8056849,177.4149043,0.0
INC-000983,542020041221088+20250828125203+Fiji-Nadi-LTE-DL-D!20250828125121,Fiji-Nadi-LTE-DL-D,2025-08-28 02:50:04+02:00,2025-08-28 02:50:04+02:00,1,1,60.29,60.29,61.04,59.36,17.0,0,1,0,False,ca_underperformance,normal,capability,ECI:1077780.0,1077780.0,165.0,-17.6308924,177.454617,-17.6308924,177.454617,0.0
INC-001110,542020041221088+20250828134116+Fiji-Nadi-LTE-DL-D!20250828133502,Fiji-Nadi-LTE-DL-D,2025-08-28 03:33:30+02:00,2025-08-28 03:33:30+02:00,1,1,60.29,60.29,56.71,64.65,17.0,0,1,0,True,radio_limited_degradation,normal,radio,ECI:3638837.0,3638837.0,179.0,-17.61493761,177.46398202,-17.61493761,177.46398202,0.0
INC-001246,542020041221088+20250828143639+Fiji-Nadi-LTE-DL-D!20250828143559,Fiji-Nadi-LTE-DL-D,2025-08-28 04:34:17+02:00,2025-08-28 04:34:18+02:00,1,2,60.28,60.28,60.08,60.53,24.0,0,2,0,True,ca_underperformance,normal,capability,ECI:1079182.0,1079182.0,385.0,-17.6228576,177.4447506,-17.62286014,177.44475122,1.0
INC-000895,542020041221088+20250828122241+Fiji-Nadi-LTE-DL-D!20250828121359,Fiji-Nadi-LTE-DL-D,2025-08-28 02:12:26+02:00,2025-08-28 02:12:26+02:00,1,1,60.27,60.27,51.7,70.75,17.0,0,1,0,False,sudden_drop,normal,temporal,ECI:1076799.0,1076799.0,184.0,-17.6033721,177.4529783,-17.6033721,177.4529783,0.0
INC-000869,542020041221088+20250828121041+Fiji-Nadi-LTE-DL-D!20250828114409,Fiji-Nadi-LTE-DL-D,2025-08-28 01:43:27+02:00,2025-08-28 01:43:27+02:00,1,1,60.26,60.26,56.2,65.22,17.0,0,1,0,False,rb_conditioned_underperformance,normal,capability,ECI:1082162.0,1082162.0,139.0,-17.60228039,177.45027282,-17.60228039,177.45027282,0.0
INC-001156,542020041221088+20250828140057+Fiji-Nadi-LTE-DL-D!20250828135741,Fiji-Nadi-LTE-DL-D,2025-08-28 03:57:09+02:00,2025-08-28 03:57:12+02:00,1,4,60.24,60.24,60.32,60.15,38.0,0,4,0,True,ca_underperformance,normal,capability,ECI:1082172.0,1082172.0,139.0,-17.6072851,177.4559275,-17.6074471,177.455975,3.0
INC-001133,542020041221088+20250828135037+Fiji-Nadi-LTE-DL-D!20250828134621,Fiji-Nadi-LTE-DL-D,2025-08-28 03:45:04+02:00,2025-08-28 03:45:15+02:00,2,10,60.21,56.155,69.52,48.82,52.0,0,10,0,True,radio_limited_degradation,normal,radio,ECI:1079243.0,1079243.0,383.0,-17.61233719,177.44806263,-17.61191572,177.44867358,11.0
INC-000008,542020041221088+20250827094505+Fiji-Nadi-LTE-DL-D!20250827094151,Fiji-Nadi-LTE-DL-D,2025-08-26 23:41:14+02:00,2025-08-26 23:41:14+02:00,1,1,60.18,60.18,56.68,64.46,17.0,0,1,0,True,radio_limited_degradation,normal,radio,ECI:1064509.0,1064509.0,288.0,-17.8159711,177.3955937,-17.8159711,177.3955937,0.0
INC-001164,542020041221088+20250828140337+Fiji-Nadi-LTE-DL-D!20250828140209,Fiji-Nadi-LTE-DL-D,2025-08-28 04:00:10+02:00,2025-08-28 04:00:11+02:00,1,2,60.16,60.16,52.36,69.7,24.0,0,2,0,False,rolling_local_drop,normal,temporal,ECI:1076798.0,1076798.0,183.0,-17.6077216,177.454771,-17.6077216,177.454771,1.0
INC-000175,542020041221088+20250827112649+Fiji-Nadi-LTE-DL-D!20250827110516,Fiji-Nadi-LTE-DL-D,2025-08-27 01:04:21+02:00,2025-08-27 01:04:21+02:00,1,1,60.16,60.16,56.91,64.14,17.0,0,1,0,False,rb_conditioned_underperformance,normal,capability,ECI:1067325.0,1067325.0,108.0,-17.7668296,177.4903266,-17.7668296,177.4903266,0.0
INC-000940,542020041221088+20250828123823+Fiji-Nadi-LTE-DL-D!20250828123754,Fiji-Nadi-LTE-DL-D,2025-08-28 02:36:26+02:00,2025-08-28 02:36:28+02:00,1,3,60.15,60.15,54.57,66.97,31.0,0,3,0,True,rb_efficiency_underperformance,normal,capability,ECI:3642943.0,3642943.0,385.0,-17.6283771,177.4424399,-17.6282141,177.4424159,2.0
INC-001029,542020041221088+20250828130504+Fiji-Nadi-LTE-DL-D!20250828130441,Fiji-Nadi-LTE-DL-D,2025-08-28 03:02:38+02:00,2025-08-28 03:02:38+02:00,1,1,60.15,60.15,47.91,75.11,17.0,0,1,0,False,rolling_local_drop,normal,temporal,EARFCN:500.0|PCI:165.0,,165.0,-17.63117434,177.4561668,-17.63117434,177.4561668,0.0
INC-001123,542020041221088+20250828134616+Fiji-Nadi-LTE-DL-D!20250828134149,Fiji-Nadi-LTE-DL-D,2025-08-28 03:41:38+02:00,2025-08-28 03:41:38+02:00,1,1,60.13,60.13,54.99,66.4,17.0,0,1,0,True,radio_limited_degradation,normal,radio,ECI:1079093.0,1079093.0,232.0,-17.61487487,177.44595748,-17.61487487,177.44595748,0.0
INC-000081,542020041221088+20250827102926+Fiji-Nadi-LTE-DL-D!20250827102813,Fiji-Nadi-LTE-DL-D,2025-08-27 00:26:41+02:00,2025-08-27 00:26:41+02:00,1,1,60.12,60.12,52.39,69.57,17.0,0,1,0,True,radio_limited_degradation,normal,radio,ECI:1071647.0,1071647.0,395.0,-17.8103516,177.4333475,-17.8103516,177.4333475,0.0
INC-001222,542020041221088+20250828142038+Fiji-Nadi-LTE-DL-D!20250828142010,Fiji-Nadi-LTE-DL-D,2025-08-28 04:18:15+02:00,2025-08-28 04:18:15+02:00,1,1,60.12,60.12,65.2,53.91,17.0,0,1,0,True,radio_limited_degradation,normal,radio,ECI:1076426.0,1076426.0,375.0,-17.6085041,177.4612125,-17.6085041,177.4612125,0.0
INC-000129,542020041221088+20250827105427+Fiji-Nadi-LTE-DL-D!20250827104733,Fiji-Nadi-LTE-DL-D,2025-08-27 00:46:10+02:00,2025-08-27 00:46:10+02:00,1,1,60.1,60.1,54.76,66.62,17.0,0,1,0,False,sudden_drop,normal,temporal,ECI:1067841.0,1067841.0,127.0,-17.77995724,177.45296557,-17.77995724,177.45296557,0.0
INC-000359,542020041221088+20250827131944+Fiji-Nadi-LTE-DL-D!20250827121729,Fiji-Nadi-LTE-DL-D,2025-08-27 02:16:04+02:00,2025-08-27 02:16:04+02:00,1,1,60.07,60.07,55.3,65.89,17.0,0,1,0,False,sudden_drop,normal,temporal,ECI:1064754.0,1064754.0,146.0,-17.7979367,177.4160185,-17.7979367,177.4160185,0.0
INC-000403,542020041221088+20250827133907+Fiji-Nadi-LTE-DL-D!20250827130324,Fiji-Nadi-LTE-DL-D,2025-08-27 03:02:29+02:00,2025-08-27 03:02:30+02:00,1,2,60.06,60.06,51.08,71.03,24.0,0,2,0,True,radio_limited_degradation,ml_hgb_resource_conditioned_underperformance,temporal,ECI:1065502.0,1065502.0,134.0,-17.7862511,177.4279408,-17.78625504,177.42794207,1.0
INC-001191,542020041221088+20250828141158+Fiji-Nadi-LTE-DL-D!20250828141111,Fiji-Nadi-LTE-DL-D,2025-08-28 04:09:24+02:00,2025-08-28 04:09:26+02:00,1,3,60.05,60.05,62.54,57.0,31.0,0,3,0,True,ca_underperformance,normal,capability,ECI:1080088.0,1080088.0,196.0,-17.6107087,177.4590972,-17.6106471,177.4592378,2.0
INC-000109,542020041221088+20250827104126+Fiji-Nadi-LTE-DL-D!20250827104054,Fiji-Nadi-LTE-DL-D,2025-08-27 00:40:25+02:00,2025-08-27 00:40:26+02:00,1,2,60.03,60.03,56.34,64.55,24.0,0,2,0,False,rolling_local_drop,normal,temporal,ECI:1071667.0,1071667.0,395.0,-17.80575111,177.42819138,-17.8057521,177.4281295,1.0
INC-000748,542020041221088+20250828104127+Fiji-Nadi-LTE-DL-D!20250828104043,Fiji-Nadi-LTE-DL-D,2025-08-28 00:40:31+02:00,2025-08-28 00:40:31+02:00,1,1,60.0,60.0,48.04,74.63,17.0,0,1,0,False,radio_p75_underperformance,ml_hgb_strict_causal_temporal_underperformance,capability,ECI:1075914.0,1075914.0,437.0,-17.6487331,177.4086611,-17.6487331,177.4086611,0.0
INC-001233,542020041221088+20250828143139+Fiji-Nadi-LTE-DL-D!20250828143127,Fiji-Nadi-LTE-DL-D,2025-08-28 04:29:54+02:00,2025-08-28 04:29:54+02:00,1,1,59.97,59.97,53.3,68.13,17.0,0,1,0,True,rb_efficiency_underperformance,normal,radio,ECI:1079103.0,1079103.0,168.0,-17.60870176,177.44019792,-17.60870176,177.44019792,0.0
INC-000787,542020041221088+20250828105628+Fiji-Nadi-LTE-DL-D!20250828105605,Fiji-Nadi-LTE-DL-D,2025-08-28 00:55:24+02:00,2025-08-28 00:55:24+02:00,1,1,59.95,59.95,54.59,66.49,17.0,0,1,0,False,sudden_drop,normal,temporal,ECI:1078583.0,1078583.0,163.0,-17.6505907,177.4450875,-17.6505907,177.4450875,0.0
INC-001213,542020041221088+20250828141618+Fiji-Nadi-LTE-DL-D!20250828141538,Fiji-Nadi-LTE-DL-D,2025-08-28 04:15:15+02:00,2025-08-28 04:15:15+02:00,1,1,59.88,59.88,48.4,73.91,17.0,0,1,0,True,radio_p75_underperformance,ml_hgb_resource_conditioned_underperformance,capability,ECI:3635971.0,3635971.0,233.0,-17.6173036,177.4560876,-17.6173036,177.4560876,0.0
INC-000799,542020041221088+20250828113551+Fiji-Nadi-LTE-DL-D!20250828110238,Fiji-Nadi-LTE-DL-D,2025-08-28 01:02:08+02:00,2025-08-28 01:02:15+02:00,3,6,59.84,57.99666666666667,68.87,49.53,31.0,0,6,0,True,radio_limited_degradation,normal,radio,ECI:1077820.0,1077820.0,165.0,-17.6388462,177.4649613,-17.63879778,177.46553575,7.0
INC-001188,542020041221088+20250828140938+Fiji-Nadi-LTE-DL-D!20250828140855,Fiji-Nadi-LTE-DL-D,2025-08-28 04:07:59+02:00,2025-08-28 04:08:05+02:00,3,4,59.84,57.35999999999999,58.34,71.11,24.0,0,4,0,True,rb_conditioned_underperformance,normal,capability,ECI:1082176.0,1082176.0,182.0,-17.6095813,177.4534374,-17.6093648,177.4539528,6.0
INC-000961,542020041221088+20250828124303+Fiji-Nadi-LTE-DL-D!20250828124223,Fiji-Nadi-LTE-DL-D,2025-08-28 02:41:30+02:00,2025-08-28 02:41:38+02:00,4,5,59.82,58.17,66.01,63.81,24.0,0,5,0,True,radio_limited_degradation,normal,radio,ECI:1079065.0,1079065.0,169.0,-17.62137227,177.43702343,-17.62194629,177.43619435,8.0
INC-001124,542020041221088+20250828134616+Fiji-Nadi-LTE-DL-D!20250828134149,Fiji-Nadi-LTE-DL-D,2025-08-28 03:41:47+02:00,2025-08-28 03:41:47+02:00,1,1,59.81,59.81,65.96,52.3,17.0,0,1,0,True,radio_limited_degradation,normal,radio,ECI:1079093.0,1079093.0,232.0,-17.61384655,177.44671507,-17.61384655,177.44671507,0.0
INC-000888,542020041221088+20250828121902+Fiji-Nadi-LTE-DL-D!20250828120130,Fiji-Nadi-LTE-DL-D,2025-08-28 02:01:27+02:00,2025-08-28 02:01:28+02:00,1,2,59.8,59.8,58.65,61.2,24.0,0,2,0,False,rolling_local_drop,normal,temporal,ECI:1076791.0,1076791.0,183.0,-17.6046294,177.4530047,-17.6046294,177.4530047,1.0
INC-001141,542020041221088+20250828135237+Fiji-Nadi-LTE-DL-D!20250828135054,Fiji-Nadi-LTE-DL-D,2025-08-28 03:49:00+02:00,2025-08-28 03:49:00+02:00,1,1,59.79,59.79,52.7,68.46,17.0,0,1,0,False,sudden_drop,normal,temporal,ECI:3636033.0,3636033.0,232.0,-17.614282,177.4521009,-17.614282,177.4521009,0.0
INC-001139,542020041221088+20250828135137+Fiji-Nadi-LTE-DL-D!20250828134837,Fiji-Nadi-LTE-DL-D,2025-08-28 03:48:10+02:00,2025-08-28 03:48:11+02:00,1,2,59.78,59.78,57.75,62.27,24.0,0,2,0,False,ca_underperformance,normal,capability,ECI:1082163.0,1082163.0,140.0,-17.6139388,177.4546506,-17.61393913,177.45464897,1.0
INC-000967,542020041221088+20250828124503+Fiji-Nadi-LTE-DL-D!20250828124436,Fiji-Nadi-LTE-DL-D,2025-08-28 02:44:13+02:00,2025-08-28 02:44:13+02:00,1,1,59.77,59.77,56.99,63.16,17.0,0,1,0,True,radio_limited_degradation,normal,temporal,ECI:3642945.0,3642945.0,315.0,-17.63132452,177.4404842,-17.63132452,177.4404842,0.0
INC-000185,542020041221088+20250827114050+Fiji-Nadi-LTE-DL-D!20250827111354,Fiji-Nadi-LTE-DL-D,2025-08-27 01:13:43+02:00,2025-08-27 01:13:43+02:00,1,1,59.76,59.76,56.22,64.1,17.0,0,1,0,True,radio_limited_degradation,normal,radio,ECI:1067296.0,1067296.0,110.0,-17.75027078,177.45526801,-17.75027078,177.45526801,0.0
INC-000087,542020041221088+20250827102926+Fiji-Nadi-LTE-DL-D!20250827102813,Fiji-Nadi-LTE-DL-D,2025-08-27 00:27:34+02:00,2025-08-27 00:27:35+02:00,1,2,59.75,59.75,72.97,43.6,24.0,0,2,0,True,radio_limited_degradation,normal,radio,ECI:1064992.0,1064992.0,469.0,-17.8134583,177.4351087,-17.81350285,177.43513655,1.0
INC-000007,542020041221088+20250827094505+Fiji-Nadi-LTE-DL-D!20250827094151,Fiji-Nadi-LTE-DL-D,2025-08-26 23:40:15+02:00,2025-08-26 23:40:15+02:00,1,1,59.75,59.75,56.69,63.48,17.0,0,1,0,True,radio_limited_degradation,normal,radio,ECI:1064509.0,1064509.0,288.0,-17.8159711,177.3955937,-17.8159711,177.3955937,0.0
INC-001155,542020041221088+20250828140057+Fiji-Nadi-LTE-DL-D!20250828135741,Fiji-Nadi-LTE-DL-D,2025-08-28 03:56:40+02:00,2025-08-28 03:56:40+02:00,1,1,59.75,59.75,57.21,62.86,17.0,0,1,0,False,ca_underperformance,normal,capability,ECI:1082162.0,1082162.0,139.0,-17.6065953,177.45644177,-17.6065953,177.45644177,0.0
INC-000817,542020041221088+20250828114132+Fiji-Nadi-LTE-DL-D!20250828111120,Fiji-Nadi-LTE-DL-D,2025-08-28 01:09:18+02:00,2025-08-28 01:09:18+02:00,1,1,59.72,59.72,47.92,74.16,17.0,0,1,0,False,rb_conditioned_underperformance,ml_quantile_p75_resource_underperformance,resource,EARFCN:41384.0|PCI:178.0,,178.0,-17.6175843,177.4734518,-17.6175843,177.4734518,0.0
INC-001100,542020041221088+20250828133856+Fiji-Nadi-LTE-DL-D!20250828133030,Fiji-Nadi-LTE-DL-D,2025-08-28 03:30:21+02:00,2025-08-28 03:30:25+02:00,2,3,59.69,56.045,54.15,66.47,24.0,0,3,0,False,rolling_local_drop,normal,temporal,ECI:3638837.0,3638837.0,253.0,-17.61641329,177.46603585,-17.6166319,177.4660101,4.0
INC-001142,542020041221088+20250828135437+Fiji-Nadi-LTE-DL-D!20250828135310,Fiji-Nadi-LTE-DL-D,2025-08-28 03:51:56+02:00,2025-08-28 03:51:58+02:00,1,3,59.69,59.69,57.91,61.86,31.0,0,3,0,True,rb_conditioned_underperformance,normal,capability,ECI:1079110.0,1079110.0,168.0,-17.6193268,177.4502999,-17.619197,177.4501773,2.0
INC-000465,542020041221088+20250827135208+Fiji-Nadi-LTE-DL-D!20250827132735,Fiji-Nadi-LTE-DL-D,2025-08-27 03:27:20+02:00,2025-08-27 03:27:22+02:00,1,3,59.63,59.63,49.31,72.24,31.0,0,3,0,True,radio_limited_degradation,normal,radio,ECI:1067153.0,1067153.0,338.0,-17.77735588,177.43238245,-17.7774717,177.4323026,2.0
INC-001033,542020041221088+20250828131005+Fiji-Nadi-LTE-DL-D!20250828130912,Fiji-Nadi-LTE-DL-D,2025-08-28 03:08:15+02:00,2025-08-28 03:08:15+02:00,1,1,59.63,59.63,45.69,76.66,17.0,0,1,0,False,rb_conditioned_underperformance,ml_hgb_strict_causal_temporal_underperformance,temporal,ECI:3638839.0,3638839.0,255.0,-17.6274123,177.4613286,-17.6274123,177.4613286,0.0
INC-001169,542020041221088+20250828140337+Fiji-Nadi-LTE-DL-D!20250828140209,Fiji-Nadi-LTE-DL-D,2025-08-28 04:01:34+02:00,2025-08-28 04:01:34+02:00,1,1,59.62,59.62,64.8,53.28,17.0,0,1,0,True,radio_limited_degradation,normal,radio,ECI:1082176.0,1082176.0,183.0,-17.6077438,177.4511411,-17.6077438,177.4511411,0.0
INC-000514,542020041221088+20250827140609+Fiji-Nadi-LTE-DL-D!20250827135810,Fiji-Nadi-LTE-DL-D,2025-08-27 03:58:09+02:00,2025-08-27 03:58:09+02:00,1,1,59.61,59.61,51.65,69.35,17.0,0,1,0,True,radio_limited_degradation,normal,temporal,ECI:1066034.0,1066034.0,124.0,-17.76653285,177.44773828,-17.76653285,177.44773828,0.0
INC-000662,542020041221088+20250827155633+Fiji-Nadi-LTE-DL-D!20250827154210,Fiji-Nadi-LTE-DL-D,2025-08-27 05:40:22+02:00,2025-08-27 05:40:22+02:00,1,1,59.6,59.6,50.35,70.91,17.0,0,1,0,False,rb_conditioned_underperformance,ml_hgb_strict_causal_temporal_underperformance,capability,ECI:1066294.0,1066294.0,487.0,-17.73913576,177.45809406,-17.73913576,177.45809406,0.0
INC-000737,542020041221088+20250828103427+Fiji-Nadi-LTE-DL-D!20250828103156,Fiji-Nadi-LTE-DL-D,2025-08-28 00:29:54+02:00,2025-08-28 00:29:54+02:00,1,1,59.6,59.6,47.08,74.9,17.0,0,1,0,False,rb_conditioned_underperformance,ml_quantile_p75_resource_underperformance,resource,ECI:1075519.0,1075519.0,315.0,-17.70734302,177.44063707,-17.70734302,177.44063707,0.0
INC-000460,542020041221088+20250827135108+Fiji-Nadi-LTE-DL-D!20250827132314,Fiji-Nadi-LTE-DL-D,2025-08-27 03:22:28+02:00,2025-08-27 03:22:28+02:00,1,1,59.59,59.59,62.44,56.1,17.0,0,1,0,True,radio_limited_degradation,normal,radio,ECI:1067048.0,1067048.0,339.0,-17.7720365,177.4359201,-17.7720365,177.4359201,0.0
INC-001134,542020041221088+20250828135037+Fiji-Nadi-LTE-DL-D!20250828134621,Fiji-Nadi-LTE-DL-D,2025-08-28 03:46:00+02:00,2025-08-28 03:46:00+02:00,1,1,59.58,59.58,48.0,73.74,17.0,0,1,0,False,rb_conditioned_underperformance,ml_hgb_strict_causal_temporal_underperformance,capability,ECI:1082166.0,1082166.0,140.0,-17.61047872,177.45154732,-17.61047872,177.45154732,0.0
INC-000461,542020041221088+20250827135148+Fiji-Nadi-LTE-DL-D!20250827132524,Fiji-Nadi-LTE-DL-D,2025-08-27 03:25:19+02:00,2025-08-27 03:25:20+02:00,1,2,59.57,59.57,51.4,69.54,24.0,0,2,0,True,radio_limited_degradation,normal,radio,ECI:1067153.0,1067153.0,338.0,-17.7766786,177.4328159,-17.7767059,177.4328334,1.0
INC-000867,542020041221088+20250828121041+Fiji-Nadi-LTE-DL-D!20250828114409,Fiji-Nadi-LTE-DL-D,2025-08-28 01:42:59+02:00,2025-08-28 01:42:59+02:00,1,1,59.54,59.54,56.86,62.82,17.0,0,1,0,False,rb_conditioned_underperformance,normal,capability,ECI:1076787.0,1076787.0,139.0,-17.60346942,177.45108363,-17.60346942,177.45108363,0.0
INC-000041,542020041221088+20250827095225+Fiji-Nadi-LTE-DL-D!20250827095140,Fiji-Nadi-LTE-DL-D,2025-08-26 23:51:33+02:00,2025-08-26 23:51:33+02:00,1,1,59.52,59.52,47.44,74.27,17.0,0,1,0,False,sudden_drop,normal,temporal,ECI:1067553.0,1067553.0,351.0,-17.816197,177.3954095,-17.816197,177.3954095,0.0
INC-000281,542020041221088+20250827123517+Fiji-Nadi-LTE-DL-D!20250827114634,Fiji-Nadi-LTE-DL-D,2025-08-27 01:44:33+02:00,2025-08-27 01:44:35+02:00,1,3,59.5,59.5,58.44,60.79,31.0,0,3,0,True,ca_underperformance,normal,capability,ECI:1069086.0,1069086.0,138.0,-17.78701758,177.39278933,-17.78680032,177.39265007,2.0
INC-001275,542020041221088+20250828154002+Fiji-Nadi-LTE-DL-D!20250828153143,Fiji-Nadi-LTE-DL-D,2025-08-28 05:30:04+02:00,2025-08-28 05:30:05+02:00,1,2,59.5,59.5,56.25,63.46,24.0,0,2,0,True,radio_limited_degradation,normal,radio,ECI:1081374.0,1081374.0,157.0,-17.6873743,177.4105758,-17.6874345,177.4106138,1.0
INC-000333,542020041221088+20250827131624+Fiji-Nadi-LTE-DL-D!20250827121056,Fiji-Nadi-LTE-DL-D,2025-08-27 02:09:15+02:00,2025-08-27 02:09:17+02:00,1,3,59.49,59.49,63.38,54.73,31.0,0,3,0,True,radio_limited_degradation,normal,radio,ECI:1069080.0,1069080.0,140.0,-17.79395258,177.39501486,-17.79417737,177.39507208,2.0
INC-000952,542020041221088+20250828124043+Fiji-Nadi-LTE-DL-D!20250828124009,Fiji-Nadi-LTE-DL-D,2025-08-28 02:38:44+02:00,2025-08-28 02:38:45+02:00,1,2,59.49,59.49,52.46,68.09,24.0,0,2,0,True,ca_underperformance,ml_hgb_strict_causal_temporal_underperformance,capability,ECI:1079185.0,1079185.0,385.0,-17.6301109,177.4438296,-17.6299845,177.4438099,1.0
INC-000120,542020041221088+20250827104707+Fiji-Nadi-LTE-DL-D!20250827104518,Fiji-Nadi-LTE-DL-D,2025-08-27 00:44:13+02:00,2025-08-27 00:44:14+02:00,1,2,59.47,59.47,50.67,70.24,24.0,0,2,0,True,radio_limited_degradation,normal,temporal,ECI:1073174.0,1073174.0,431.0,-17.7871332,177.4425271,-17.78713252,177.44252999,1.0
INC-000971,542020041221088+20250828124723+Fiji-Nadi-LTE-DL-D!20250828124651,Fiji-Nadi-LTE-DL-D,2025-08-28 02:45:18+02:00,2025-08-28 02:45:19+02:00,1,2,59.47,59.47,53.29,67.02,24.0,0,2,0,False,rolling_local_drop,normal,temporal,ECI:3642944.0,3642944.0,314.0,-17.63169419,177.44523896,-17.6318041,177.4454593,1.0
INC-001295,542020041221088+20250829102934+Nawaka-LTE-DL!20250829102857,Nawaka-LTE-DL,2025-08-29 00:27:59+02:00,2025-08-29 00:27:59+02:00,1,1,59.45,59.45,45.64,76.33,17.0,0,1,0,False,ca_underperformance,ml_quantile_p75_resource_underperformance,resource,ECI:1064992.0,1064992.0,469.0,-17.8128906,177.4432641,-17.8128906,177.4432641,0.0
INC-000699,542020041221088+20250827161234+Fiji-Nadi-LTE-DL-D!20250827161029,Fiji-Nadi-LTE-DL-D,2025-08-27 06:08:29+02:00,2025-08-27 06:08:31+02:00,1,3,59.4,59.4,62.61,55.47,31.0,0,3,0,True,ca_underperformance,normal,capability,ECI:1064765.0,1064765.0,148.0,-17.81383296,177.43778797,-17.81387332,177.43782653,2.0
INC-000539,542020041221088+20250827141110+Fiji-Nadi-LTE-DL-D!20250827140445,Fiji-Nadi-LTE-DL-D,2025-08-27 04:03:12+02:00,2025-08-27 04:03:12+02:00,1,1,59.39,59.39,45.86,75.92,17.0,0,1,0,False,sudden_drop,normal,temporal,ECI:1066034.0,1066034.0,124.0,-17.7641031,177.4465196,-17.7641031,177.4465196,0.0
INC-000249,542020041221088+20250827123136+Fiji-Nadi-LTE-DL-D!20250827114007,Fiji-Nadi-LTE-DL-D,2025-08-27 01:38:11+02:00,2025-08-27 01:38:13+02:00,1,3,59.38,59.38,53.4,66.7,31.0,0,3,0,False,rb_conditioned_underperformance,normal,temporal,ECI:1065524.0,1065524.0,133.0,-17.78254998,177.42190517,-17.7827113,177.4215784,2.0
INC-000435,542020041221088+20250827134427+Fiji-Nadi-LTE-DL-D!20250827131213,Fiji-Nadi-LTE-DL-D,2025-08-27 03:10:54+02:00,2025-08-27 03:10:54+02:00,1,1,59.38,59.38,55.47,64.16,17.0,0,1,0,False,ca_underperformance,normal,capability,ECI:1067060.0,1067060.0,129.0,-17.77860553,177.43105841,-17.77860553,177.43105841,0.0
INC-000610,542020041221088+20250827151552+Fiji-Nadi-LTE-DL-D!20250827151524,Fiji-Nadi-LTE-DL-D,2025-08-27 05:15:18+02:00,2025-08-27 05:15:19+02:00,1,2,59.37,59.37,63.26,54.62,24.0,0,2,0,True,radio_limited_degradation,normal,radio,ECI:1066291.0,1066291.0,487.0,-17.74683542,177.44829953,-17.7467994,177.44818557,1.0
INC-001129,542020041221088+20250828134936+Fiji-Nadi-LTE-DL-D!20250828134405,Fiji-Nadi-LTE-DL-D,2025-08-28 03:43:39+02:00,2025-08-28 03:43:39+02:00,1,1,59.37,59.37,63.84,53.89,17.0,0,1,0,True,radio_limited_degradation,normal,radio,ECI:1076531.0,1076531.0,182.0,-17.61394851,177.44988393,-17.61394851,177.44988393,0.0
INC-001268,542020041221088+20250828153842+Fiji-Nadi-LTE-DL-D!20250828152712,Fiji-Nadi-LTE-DL-D,2025-08-28 05:26:34+02:00,2025-08-28 05:26:37+02:00,2,2,59.35,58.2,64.86,62.36,17.0,0,2,0,True,radio_limited_degradation,normal,radio,ECI:1079316.0,1079316.0,320.0,-17.6781637,177.3982963,-17.6779652,177.3986403,3.0
INC-000481,542020041221088+20250827135549+Fiji-Nadi-LTE-DL-D!20250827133724,Fiji-Nadi-LTE-DL-D,2025-08-27 03:37:20+02:00,2025-08-27 03:37:20+02:00,1,1,59.35,59.35,55.26,64.35,17.0,0,1,0,True,radio_limited_degradation,normal,radio,ECI:1065527.0,1065527.0,133.0,-17.78396444,177.41979591,-17.78396444,177.41979591,0.0
INC-000561,542020041221088+20250827144511+Fiji-Nadi-LTE-DL-D!20250827144430,Fiji-Nadi-LTE-DL-D,2025-08-27 04:43:22+02:00,2025-08-27 04:43:22+02:00,1,1,59.35,59.35,64.9,52.58,17.0,0,1,0,True,radio_limited_degradation,normal,radio,ECI:1069375.0,1069375.0,136.0,-17.762955,177.4416742,-17.762955,177.4416742,0.0
INC-000793,542020041221088+20250828113351+Fiji-Nadi-LTE-DL-D!20250828110026,Fiji-Nadi-LTE-DL-D,2025-08-28 01:00:16+02:00,2025-08-28 01:00:16+02:00,1,1,59.33,59.33,64.83,52.61,17.0,0,1,0,True,radio_limited_degradation,normal,radio,ECI:3640371.0,3640371.0,271.0,-17.63536965,177.458808,-17.63536965,177.458808,0.0
INC-000860,542020041221088+20250828121001+Fiji-Nadi-LTE-DL-D!20250828114201,Fiji-Nadi-LTE-DL-D,2025-08-28 01:41:33+02:00,2025-08-28 01:41:33+02:00,1,1,59.33,59.33,56.43,62.87,17.0,0,1,0,True,radio_limited_degradation,normal,radio,ECI:1076789.0,1076789.0,184.0,-17.6035804,177.452794,-17.6035804,177.452794,0.0
INC-000434,542020041221088+20250827134427+Fiji-Nadi-LTE-DL-D!20250827131213,Fiji-Nadi-LTE-DL-D,2025-08-27 03:10:41+02:00,2025-08-27 03:10:42+02:00,1,2,59.32,59.32,48.1,73.03,24.0,0,2,0,False,rolling_local_drop,normal,temporal,ECI:1072700.0,1072700.0,393.0,-17.7782786,177.4308957,-17.77827761,177.43089587,1.0
INC-000052,542020041221088+20250827100145+Fiji-Nadi-LTE-DL-D!20250827100105,Fiji-Nadi-LTE-DL-D,2025-08-26 23:59:03+02:00,2025-08-26 23:59:03+02:00,1,1,59.28,59.28,51.22,69.12,17.0,0,1,0,True,rb_efficiency_underperformance,normal,capability,ECI:1064756.0,1064756.0,149.0,-17.8108518,177.4116205,-17.8108518,177.4116205,0.0
INC-000968,542020041221088+20250828124503+Fiji-Nadi-LTE-DL-D!20250828124436,Fiji-Nadi-LTE-DL-D,2025-08-28 02:44:23+02:00,2025-08-28 02:44:23+02:00,1,1,59.28,59.28,51.09,69.3,17.0,0,1,0,False,sudden_drop,normal,temporal,ECI:3642943.0,3642943.0,313.0,-17.6315218,177.4415653,-17.6315218,177.4415653,0.0
INC-000188,542020041221088+20250827114430+Fiji-Nadi-LTE-DL-D!20250827111604,Fiji-Nadi-LTE-DL-D,2025-08-27 01:15:34+02:00,2025-08-27 01:15:34+02:00,1,1,59.27,59.27,54.09,65.6,17.0,0,1,0,False,ca_underperformance,normal,capability,ECI:3625779.0,3625779.0,116.0,-17.7594612,177.4588937,-17.7594612,177.4588937,0.0
INC-001236,542020041221088+20250828143419+Fiji-Nadi-LTE-DL-D!20250828143343,Fiji-Nadi-LTE-DL-D,2025-08-28 04:31:43+02:00,2025-08-28 04:31:43+02:00,1,1,59.26,59.26,46.36,75.04,17.0,0,1,0,False,rb_conditioned_underperformance,ml_hgb_strict_causal_temporal_underperformance,capability,ECI:1081921.0,1081921.0,394.0,-17.61646686,177.441275,-17.61646686,177.441275,0.0
INC-000385,542020041221088+20250827133206+Fiji-Nadi-LTE-DL-D!20250827125008,Fiji-Nadi-LTE-DL-D,2025-08-27 02:49:36+02:00,2025-08-27 02:49:36+02:00,1,1,59.23,59.23,71.09,44.72,17.0,0,1,0,True,radio_limited_degradation,normal,radio,ECI:1065271.0,1065271.0,146.0,-17.8014734,177.4161111,-17.8014734,177.4161111,0.0
INC-000684,542020041221088+20250827160834+Fiji-Nadi-LTE-DL-D!20250827160146,Fiji-Nadi-LTE-DL-D,2025-08-27 06:00:24+02:00,2025-08-27 06:00:24+02:00,1,1,59.21,59.21,57.96,60.74,17.0,0,1,0,False,sudden_drop,normal,temporal,ECI:1070391.0,1070391.0,470.0,-17.8074164,177.4523131,-17.8074164,177.4523131,0.0
INC-000679,542020041221088+20250827160614+Fiji-Nadi-LTE-DL-D!20250827155934,Fiji-Nadi-LTE-DL-D,2025-08-27 05:57:45+02:00,2025-08-27 05:57:46+02:00,1,2,59.17,59.17,53.46,66.15,24.0,0,2,0,False,ca_underperformance,normal,capability,ECI:1065020.0,1065020.0,470.0,-17.8002265,177.4522152,-17.80022782,177.45221511,1.0
INC-001045,542020041221088+20250828131954+Fiji-Nadi-LTE-DL-D!20250828131344,Fiji-Nadi-LTE-DL-D,2025-08-28 03:12:20+02:00,2025-08-28 03:12:20+02:00,1,1,59.16,59.16,64.62,52.49,17.0,0,1,0,True,radio_limited_degradation,normal,radio,ECI:3638785.0,3638785.0,251.0,-17.6313646,177.4764449,-17.6313646,177.4764449,0.0
INC-000824,542020041221088+20250828114252+Fiji-Nadi-LTE-DL-D!20250828111332,Fiji-Nadi-LTE-DL-D,2025-08-28 01:13:01+02:00,2025-08-28 01:13:04+02:00,1,4,59.13,59.13,63.06,54.33,38.0,0,4,0,True,radio_limited_degradation,normal,radio,ECI:1076274.0,1076274.0,177.0,-17.60354468,177.48115166,-17.6034117,177.4815529,3.0
INC-000813,542020041221088+20250828113831+Fiji-Nadi-LTE-DL-D!20250828110657,Fiji-Nadi-LTE-DL-D,2025-08-28 01:05:20+02:00,2025-08-28 01:05:21+02:00,1,2,59.12,59.12,50.4,69.78,24.0,0,2,0,False,rb_conditioned_underperformance,normal,capability,ECI:1080637.0,1080637.0,352.0,-17.63339496,177.47820483,-17.63332284,177.47824973,1.0
INC-001109,542020041221088+20250828134116+Fiji-Nadi-LTE-DL-D!20250828133502,Fiji-Nadi-LTE-DL-D,2025-08-28 03:33:14+02:00,2025-08-28 03:33:15+02:00,1,2,59.12,59.12,49.99,70.29,24.0,0,2,0,True,radio_limited_degradation,normal,radio,ECI:1076289.0,1076289.0,179.0,-17.6143604,177.4625165,-17.61436082,177.46251591,1.0
INC-001137,542020041221088+20250828135137+Fiji-Nadi-LTE-DL-D!20250828134837,Fiji-Nadi-LTE-DL-D,2025-08-28 03:47:30+02:00,2025-08-28 03:47:31+02:00,1,2,59.1,59.1,53.09,66.44,24.0,0,2,0,False,ca_underperformance,ml_quantile_p75_resource_underperformance,capability,ECI:1082176.0,1082176.0,140.0,-17.61451766,177.45497166,-17.61456653,177.45497256,1.0
INC-001009,542020041221088+20250828125844+Fiji-Nadi-LTE-DL-D!20250828125759,Fiji-Nadi-LTE-DL-D,2025-08-28 02:56:05+02:00,2025-08-28 02:56:06+02:00,1,2,59.07,59.07,51.56,68.25,24.0,0,2,0,True,rb_efficiency_underperformance,normal,radio,ECI:3640375.0,3640375.0,275.0,-17.63197855,177.45602297,-17.6319095,177.4560004,1.0
INC-000658,542020041221088+20250827154913+Fiji-Nadi-LTE-DL-D!20250827153748,Fiji-Nadi-LTE-DL-D,2025-08-27 05:36:57+02:00,2025-08-27 05:36:57+02:00,1,1,59.05,59.05,54.99,64.01,17.0,0,1,0,True,radio_limited_degradation,normal,radio,ECI:3631425.0,3631425.0,215.0,-17.7383531,177.45612,-17.7383531,177.45612,0.0
INC-000779,542020041221088+20250828105207+Fiji-Nadi-LTE-DL-D!20250828105141,Fiji-Nadi-LTE-DL-D,2025-08-28 00:50:09+02:00,2025-08-28 00:50:11+02:00,1,3,59.04,59.04,50.49,69.5,31.0,0,3,0,False,rolling_local_drop,normal,temporal,ECI:1078590.0,1078590.0,163.0,-17.64895083,177.44526633,-17.6489669,177.4453575,2.0
INC-000387,542020041221088+20250827133406+Fiji-Nadi-LTE-DL-D!20250827125219,Fiji-Nadi-LTE-DL-D,2025-08-27 02:50:17+02:00,2025-08-27 02:50:22+02:00,2,2,59.02,58.715,67.62,59.78,17.0,0,2,0,True,radio_limited_degradation,normal,radio,ECI:1064757.0,1064757.0,147.0,-17.7999311,177.4168029,-17.799786,177.4168491,5.0
INC-000791,542020041221088+20250828113351+Fiji-Nadi-LTE-DL-D!20250828110026,Fiji-Nadi-LTE-DL-D,2025-08-28 00:59:52+02:00,2025-08-28 00:59:58+02:00,2,5,58.99,58.255,56.64,63.0,31.0,0,5,0,True,ca_underperformance,normal,capability,ECI:1077820.0,1077820.0,165.0,-17.63702729,177.45701696,-17.63641775,177.45720848,6.0
INC-000257,542020041221088+20250827123337+Fiji-Nadi-LTE-DL-D!20250827114216,Fiji-Nadi-LTE-DL-D,2025-08-27 01:40:31+02:00,2025-08-27 01:40:32+02:00,1,2,58.98,58.98,40.2,81.93,24.0,1,1,0,True,rb_conditioned_underperformance,ml_quantile_p75_resource_underperformance,capability,ECI:1073736.0,1073736.0,363.0,-17.79426463,177.40991585,-17.7944413,177.4097487,1.0
INC-000960,542020041221088+20250828124303+Fiji-Nadi-LTE-DL-D!20250828124223,Fiji-Nadi-LTE-DL-D,2025-08-28 02:41:26+02:00,2025-08-28 02:41:26+02:00,1,1,58.92,58.92,60.12,57.44,17.0,0,1,0,True,radio_limited_degradation,normal,radio,ECI:1079065.0,1079065.0,169.0,-17.62107195,177.43743074,-17.62107195,177.43743074,0.0
INC-000856,542020041221088+20250828120902+Fiji-Nadi-LTE-DL-D!20250828113953,Fiji-Nadi-LTE-DL-D,2025-08-28 01:38:43+02:00,2025-08-28 01:38:45+02:00,2,2,58.91,57.11,58.79,65.83,17.0,0,2,0,True,radio_limited_degradation,normal,radio,ECI:1076789.0,1076789.0,184.0,-17.6030901,177.45433388,-17.6031023,177.4542971,2.0
INC-000565,542020041221088+20250827144731+Fiji-Nadi-LTE-DL-D!20250827144643,Fiji-Nadi-LTE-DL-D,2025-08-27 04:45:30+02:00,2025-08-27 04:45:31+02:00,1,2,58.87,58.87,52.8,66.28,24.0,0,2,0,False,rb_conditioned_underperformance,normal,capability,ECI:1070870.0,1070870.0,350.0,-17.7579262,177.4473118,-17.7579231,177.4473815,1.0
INC-000891,542020041221088+20250828122022+Fiji-Nadi-LTE-DL-D!20250828120340,Fiji-Nadi-LTE-DL-D,2025-08-28 02:03:25+02:00,2025-08-28 02:03:25+02:00,1,1,58.86,58.86,53.88,64.96,17.0,0,1,0,False,rolling_local_drop,normal,temporal,ECI:1076789.0,1076789.0,184.0,-17.6041653,177.4550732,-17.6041653,177.4550732,0.0
INC-000463,542020041221088+20250827135208+Fiji-Nadi-LTE-DL-D!20250827132735,Fiji-Nadi-LTE-DL-D,2025-08-27 03:26:48+02:00,2025-08-27 03:26:48+02:00,1,1,58.82,58.82,49.99,69.6,17.0,0,1,0,True,rb_conditioned_underperformance,normal,capability,ECI:1067153.0,1067153.0,338.0,-17.7767088,177.43327429,-17.7767088,177.43327429,0.0
INC-001192,542020041221088+20250828141158+Fiji-Nadi-LTE-DL-D!20250828141111,Fiji-Nadi-LTE-DL-D,2025-08-28 04:09:30+02:00,2025-08-28 04:09:30+02:00,1,1,58.82,58.82,68.04,47.55,17.0,0,1,0,True,radio_limited_degradation,normal,radio,ECI:1080088.0,1080088.0,196.0,-17.61055428,177.4594616,-17.61055428,177.4594616,0.0
INC-001126,542020041221088+20250828134936+Fiji-Nadi-LTE-DL-D!20250828134405,Fiji-Nadi-LTE-DL-D,2025-08-28 03:42:44+02:00,2025-08-28 03:42:48+02:00,1,5,58.79,58.79,57.28,60.63,45.0,0,5,0,True,ca_underperformance,normal,capability,ECI:3636033.0,3636033.0,182.0,-17.6142888,177.4501238,-17.61442045,177.45012955,4.0
INC-000848,542020041221088+20250828120053+Fiji-Nadi-LTE-DL-D!20250828113532,Fiji-Nadi-LTE-DL-D,2025-08-28 01:33:35+02:00,2025-08-28 01:33:35+02:00,1,1,58.77,58.77,58.75,58.79,17.0,0,1,0,True,rb_efficiency_underperformance,normal,radio,ECI:1080088.0,1080088.0,196.0,-17.60475663,177.46113268,-17.60475663,177.46113268,0.0
INC-000878,542020041221088+20250828121442+Fiji-Nadi-LTE-DL-D!20250828115247,Fiji-Nadi-LTE-DL-D,2025-08-28 01:51:19+02:00,2025-08-28 01:51:19+02:00,1,1,58.77,58.77,65.21,50.9,17.0,0,1,0,True,radio_limited_degradation,normal,radio,ECI:1076789.0,1076789.0,184.0,-17.60367068,177.4525873,-17.60367068,177.4525873,0.0
INC-000640,542020041221088+20250827152632+Fiji-Nadi-LTE-DL-D!20250827152422,Fiji-Nadi-LTE-DL-D,2025-08-27 05:23:27+02:00,2025-08-27 05:23:28+02:00,1,2,58.76,58.76,58.38,59.22,24.0,0,2,0,False,ca_underperformance,normal,capability,ECI:1068606.0,1068606.0,120.0,-17.7415263,177.4430388,-17.74152634,177.44303864,1.0
INC-000322,542020041221088+20250827131243+Fiji-Nadi-LTE-DL-D!20250827120629,Fiji-Nadi-LTE-DL-D,2025-08-27 02:05:51+02:00,2025-08-27 02:05:51+02:00,1,1,58.73,58.73,47.69,72.23,17.0,0,1,0,False,sudden_drop,ml_hgb_strict_causal_temporal_underperformance,temporal,ECI:3624007.0,3624007.0,153.0,-17.7790601,177.3802797,-17.7790601,177.3802797,0.0
INC-000831,542020041221088+20250828114952+Fiji-Nadi-LTE-DL-D!20250828112430,Fiji-Nadi-LTE-DL-D,2025-08-28 01:22:57+02:00,2025-08-28 01:22:57+02:00,1,1,58.73,58.73,50.89,68.3,17.0,0,1,0,False,ca_underperformance,normal,capability,ECI:1076426.0,1076426.0,375.0,-17.6071464,177.4613387,-17.6071464,177.4613387,0.0
INC-000830,542020041221088+20250828114952+Fiji-Nadi-LTE-DL-D!20250828112430,Fiji-Nadi-LTE-DL-D,2025-08-28 01:22:28+02:00,2025-08-28 01:22:28+02:00,1,1,58.71,58.71,54.96,63.3,17.0,0,1,0,True,radio_limited_degradation,normal,radio,ECI:1076369.0,1076369.0,373.0,-17.60722854,177.46273071,-17.60722854,177.46273071,0.0
INC-000907,542020041221088+20250828122542+Fiji-Nadi-LTE-DL-D!20250828121826,Fiji-Nadi-LTE-DL-D,2025-08-28 02:17:00+02:00,2025-08-28 02:17:02+02:00,1,3,58.68,58.68,54.8,63.42,31.0,0,3,0,False,rb_conditioned_underperformance,normal,capability,ECI:1076798.0,1076798.0,183.0,-17.6044521,177.4522724,-17.6045529,177.4522566,2.0
INC-001114,542020041221088+20250828134256+Fiji-Nadi-LTE-DL-D!20250828133718,Fiji-Nadi-LTE-DL-D,2025-08-28 03:35:20+02:00,2025-08-28 03:35:21+02:00,1,2,58.67,58.67,59.71,57.41,24.0,0,2,0,True,radio_limited_degradation,normal,radio,ECI:1080641.0,1080641.0,253.0,-17.6181426,177.4600542,-17.6182521,177.4600263,1.0
INC-000366,542020041221088+20250827132625+Fiji-Nadi-LTE-DL-D!20250827122623,Fiji-Nadi-LTE-DL-D,2025-08-27 02:25:09+02:00,2025-08-27 02:25:09+02:00,1,1,58.67,58.67,47.53,72.3,17.0,0,1,0,False,radio_p75_underperformance,ml_hgb_strict_causal_temporal_underperformance,capability,ECI:1064759.0,1064759.0,149.0,-17.80704012,177.41811573,-17.80704012,177.41811573,0.0
INC-000245,542020041221088+20250827122836+Fiji-Nadi-LTE-DL-D!20250827113757,Fiji-Nadi-LTE-DL-D,2025-08-27 01:36:59+02:00,2025-08-27 01:36:59+02:00,1,1,58.62,58.62,54.69,63.42,17.0,0,1,0,False,ca_underperformance,normal,capability,ECI:1072439.0,1072439.0,394.0,-17.77939443,177.42645086,-17.77939443,177.42645086,0.0
INC-000374,542020041221088+20250827133005+Fiji-Nadi-LTE-DL-D!20250827124117,Fiji-Nadi-LTE-DL-D,2025-08-27 02:40:09+02:00,2025-08-27 02:40:09+02:00,1,1,58.61,58.61,46.78,73.07,17.0,0,1,0,False,rb_conditioned_underperformance,ml_hgb_strict_causal_temporal_underperformance,resource,ECI:1064759.0,1064759.0,149.0,-17.8070167,177.4180018,-17.8070167,177.4180018,0.0
INC-000896,542020041221088+20250828122241+Fiji-Nadi-LTE-DL-D!20250828121359,Fiji-Nadi-LTE-DL-D,2025-08-28 02:13:05+02:00,2025-08-28 02:13:06+02:00,1,2,58.59,58.59,47.16,72.56,24.0,0,2,0,False,rb_conditioned_underperformance,normal,capability,ECI:1076799.0,1076799.0,184.0,-17.6033727,177.4529791,-17.6033727,177.4529792,1.0
INC-001242,542020041221088+20250828143419+Fiji-Nadi-LTE-DL-D!20250828143343,Fiji-Nadi-LTE-DL-D,2025-08-28 04:33:14+02:00,2025-08-28 04:33:14+02:00,1,1,58.56,58.56,57.35,60.04,17.0,0,1,0,False,ca_underperformance,normal,capability,ECI:1079103.0,1079103.0,168.0,-17.61941507,177.44782565,-17.61941507,177.44782565,0.0
INC-000884,542020041221088+20250828121902+Fiji-Nadi-LTE-DL-D!20250828120130,Fiji-Nadi-LTE-DL-D,2025-08-28 01:59:40+02:00,2025-08-28 01:59:40+02:00,1,1,58.55,58.55,53.66,64.52,17.0,0,1,0,False,sudden_drop,normal,temporal,ECI:1076791.0,1076791.0,183.0,-17.604083,177.4523574,-17.604083,177.4523574,0.0
INC-000704,542020041221088+20250827161234+Fiji-Nadi-LTE-DL-D!20250827161029,Fiji-Nadi-LTE-DL-D,2025-08-27 06:10:03+02:00,2025-08-27 06:10:03+02:00,1,1,58.48,58.48,50.46,68.27,17.0,0,1,0,False,ca_underperformance,normal,capability,ECI:1064755.0,1064755.0,148.0,-17.81437508,177.44222156,-17.81437508,177.44222156,0.0
INC-001024,542020041221088+20250828130244+Fiji-Nadi-LTE-DL-D!20250828130228,Fiji-Nadi-LTE-DL-D,2025-08-28 03:01:52+02:00,2025-08-28 03:01:52+02:00,1,1,58.47,58.47,48.42,70.75,17.0,0,1,0,False,rolling_local_drop,normal,temporal,ECI:3640372.0,3640372.0,272.0,-17.6298755,177.4530365,-17.6298755,177.4530365,0.0
INC-001127,542020041221088+20250828134936+Fiji-Nadi-LTE-DL-D!20250828134405,Fiji-Nadi-LTE-DL-D,2025-08-28 03:42:52+02:00,2025-08-28 03:42:58+02:00,2,6,58.46,54.835,65.77,49.52,38.0,0,6,0,True,radio_limited_degradation,normal,radio,ECI:3636033.0,3636033.0,232.0,-17.6145447,177.4501778,-17.61463243,177.45022747,6.0
INC-000011,542020041221088+20250827094725+Fiji-Nadi-LTE-DL-D!20250827094401,Fiji-Nadi-LTE-DL-D,2025-08-26 23:43:04+02:00,2025-08-26 23:43:04+02:00,1,1,58.44,58.44,52.18,66.1,17.0,0,1,0,True,radio_limited_degradation,normal,radio,ECI:1065267.0,1065267.0,151.0,-17.8157187,177.3958836,-17.8157187,177.3958836,0.0
INC-000053,542020041221088+20250827100145+Fiji-Nadi-LTE-DL-D!20250827100105,Fiji-Nadi-LTE-DL-D,2025-08-26 23:59:12+02:00,2025-08-26 23:59:12+02:00,1,1,58.42,58.42,51.11,67.36,17.0,0,1,0,False,ca_underperformance,normal,capability,ECI:1065267.0,1065267.0,145.0,-17.81009268,177.41232286,-17.81009268,177.41232286,0.0
INC-000292,542020041221088+20250827123638+Fiji-Nadi-LTE-DL-D!20250827114845,Fiji-Nadi-LTE-DL-D,2025-08-27 01:46:43+02:00,2025-08-27 01:46:43+02:00,1,1,58.41,58.41,46.64,72.8,17.0,0,1,0,False,rb_conditioned_underperformance,ml_quantile_p75_resource_underperformance,resource,ECI:3624137.0,3624137.0,153.0,-17.7794851,177.38104013,-17.7794851,177.38104013,0.0
INC-000910,542020041221088+20250828122542+Fiji-Nadi-LTE-DL-D!20250828121826,Fiji-Nadi-LTE-DL-D,2025-08-28 02:18:22+02:00,2025-08-28 02:18:25+02:00,1,4,58.4,58.4,51.34,67.03,38.0,0,4,0,False,sudden_drop,normal,temporal,ECI:1076797.0,1076797.0,185.0,-17.6033936,177.4496521,-17.6031226,177.4495934,3.0
INC-000953,542020041221088+20250828124043+Fiji-Nadi-LTE-DL-D!20250828124009,Fiji-Nadi-LTE-DL-D,2025-08-28 02:38:49+02:00,2025-08-28 02:38:51+02:00,1,3,58.4,58.4,53.91,63.89,31.0,0,3,0,True,rb_conditioned_underperformance,normal,capability,ECI:1079185.0,1079185.0,385.0,-17.6294681,177.4437909,-17.6292113,177.4437849,2.0
INC-000872,542020041221088+20250828121201+Fiji-Nadi-LTE-DL-D!20250828114619,Fiji-Nadi-LTE-DL-D,2025-08-28 01:45:48+02:00,2025-08-28 01:45:48+02:00,1,1,58.35,58.35,53.48,64.31,17.0,0,1,0,True,radio_limited_degradation,normal,radio,ECI:1076789.0,1076789.0,184.0,-17.6032307,177.4537385,-17.6032307,177.4537385,0.0
INC-001238,542020041221088+20250828143419+Fiji-Nadi-LTE-DL-D!20250828143343,Fiji-Nadi-LTE-DL-D,2025-08-28 04:32:44+02:00,2025-08-28 04:32:46+02:00,1,3,58.32,58.32,55.91,61.26,31.0,0,3,0,True,radio_limited_degradation,normal,radio,ECI:1081920.0,1081920.0,169.0,-17.61756395,177.44512172,-17.61766499,177.44530665,2.0
INC-000376,542020041221088+20250827133105+Fiji-Nadi-LTE-DL-D!20250827124329,Fiji-Nadi-LTE-DL-D,2025-08-27 02:42:48+02:00,2025-08-27 02:42:48+02:00,1,1,58.25,58.25,51.28,66.76,17.0,0,1,0,False,sudden_drop,normal,temporal,ECI:1065269.0,1065269.0,144.0,-17.80569135,177.4148998,-17.80569135,177.4148998,0.0
INC-001119,542020041221088+20250828134436+Fiji-Nadi-LTE-DL-D!20250828133934,Fiji-Nadi-LTE-DL-D,2025-08-28 03:38:38+02:00,2025-08-28 03:38:38+02:00,1,1,58.23,58.23,48.86,69.68,17.0,0,1,0,False,sudden_drop,normal,temporal,ECI:3636029.0,3636029.0,231.0,-17.62456613,177.45533281,-17.62456613,177.45533281,0.0
INC-001228,542020041221088+20250828142258+Fiji-Nadi-LTE-DL-D!20250828142226,Fiji-Nadi-LTE-DL-D,2025-08-28 04:22:01+02:00,2025-08-28 04:22:01+02:00,1,1,58.23,58.23,53.0,64.63,17.0,0,1,0,False,sudden_drop,normal,temporal,ECI:1076791.0,1076791.0,183.0,-17.6050282,177.4535265,-17.6050282,177.4535265,0.0
INC-000916,542020041221088+20250828122942+Fiji-Nadi-LTE-DL-D!20250828122638,Fiji-Nadi-LTE-DL-D,2025-08-28 02:26:12+02:00,2025-08-28 02:26:12+02:00,1,1,58.22,58.22,45.43,73.86,17.0,0,1,0,True,rb_conditioned_underperformance,ml_hgb_strict_causal_temporal_underperformance,capability,ECI:1079582.0,1079582.0,347.0,-17.6235524,177.4325984,-17.6235524,177.4325984,0.0
INC-000207,542020041221088+20250827121333+Fiji-Nadi-LTE-DL-D!20250827112914,Fiji-Nadi-LTE-DL-D,2025-08-27 01:28:07+02:00,2025-08-27 01:28:08+02:00,1,2,58.21,58.21,55.37,61.68,24.0,0,2,0,False,rolling_local_drop,normal,temporal,ECI:1065532.0,1065532.0,134.0,-17.78029211,177.43023644,-17.7802921,177.4302364,1.0
INC-000846,542020041221088+20250828115753+Fiji-Nadi-LTE-DL-D!20250828113321,Fiji-Nadi-LTE-DL-D,2025-08-28 01:32:49+02:00,2025-08-28 01:32:49+02:00,1,1,58.21,58.21,54.88,62.28,17.0,0,1,0,False,ca_underperformance,normal,capability,ECI:1076541.0,1076541.0,182.0,-17.6057534,177.4606525,-17.6057534,177.4606525,0.0
INC-000150,542020041221088+20250827110227+Fiji-Nadi-LTE-DL-D!20250827105156,Fiji-Nadi-LTE-DL-D,2025-08-27 00:51:31+02:00,2025-08-27 00:51:31+02:00,1,1,58.2,58.2,58.42,57.92,17.0,0,1,0,True,radio_limited_degradation,normal,radio,ECI:1070901.0,1070901.0,348.0,-17.76277069,177.46446166,-17.76277069,177.46446166,0.0
INC-001299,542020041221088+20250829103154+Nawaka-LTE-DL!20250829103112,Nawaka-LTE-DL,2025-08-29 00:30:57+02:00,2025-08-29 00:30:57+02:00,1,1,58.2,58.2,55.62,61.37,17.0,0,1,0,True,radio_limited_degradation,normal,radio,ECI:1064992.0,1064992.0,469.0,-17.8128906,177.4432646,-17.8128906,177.4432646,0.0
INC-000380,542020041221088+20250827133105+Fiji-Nadi-LTE-DL-D!20250827124329,Fiji-Nadi-LTE-DL-D,2025-08-27 02:43:10+02:00,2025-08-27 02:43:12+02:00,1,3,58.17,58.17,51.61,66.19,31.0,0,3,0,False,rolling_local_drop,normal,temporal,ECI:1065269.0,1065269.0,144.0,-17.8056868,177.4149038,-17.8056867,177.41490415,2.0
INC-000740,542020041221088+20250828103707+Fiji-Nadi-LTE-DL-D!20250828103621,Fiji-Nadi-LTE-DL-D,2025-08-28 00:34:30+02:00,2025-08-28 00:34:30+02:00,1,1,58.14,58.14,53.19,64.2,17.0,0,1,0,True,rb_conditioned_underperformance,normal,capability,ECI:1081414.0,1081414.0,453.0,-17.69220601,177.42159949,-17.69220601,177.42159949,0.0
INC-001251,542020041221088+20250828143859+Fiji-Nadi-LTE-DL-D!20250828143815,Fiji-Nadi-LTE-DL-D,2025-08-28 04:36:39+02:00,2025-08-28 04:36:39+02:00,1,1,58.13,58.13,50.52,67.43,17.0,0,1,0,False,ca_underperformance,normal,capability,ECI:3636033.0,3636033.0,232.0,-17.61911502,177.44102975,-17.61911502,177.44102975,0.0
INC-000371,542020041221088+20250827132825+Fiji-Nadi-LTE-DL-D!20250827122826,Fiji-Nadi-LTE-DL-D,2025-08-27 02:26:56+02:00,2025-08-27 02:26:56+02:00,1,1,58.08,58.08,49.52,68.54,17.0,0,1,0,False,sudden_drop,normal,temporal,ECI:1064759.0,1064759.0,149.0,-17.8070401,177.4181157,-17.8070401,177.4181157,0.0
INC-000694,542020041221088+20250827161154+Fiji-Nadi-LTE-DL-D!20250827160820,Fiji-Nadi-LTE-DL-D,2025-08-27 06:07:27+02:00,2025-08-27 06:07:27+02:00,1,1,58.07,58.07,56.46,60.04,17.0,0,1,0,False,ca_underperformance,normal,capability,ECI:1064765.0,1064765.0,148.0,-17.81285664,177.43696108,-17.81285664,177.43696108,0.0
INC-000932,542020041221088+20250828123602+Fiji-Nadi-LTE-DL-D!20250828123538,Fiji-Nadi-LTE-DL-D,2025-08-28 02:35:06+02:00,2025-08-28 02:35:07+02:00,1,2,58.06,58.06,69.86,43.64,24.0,0,2,0,True,radio_limited_degradation,normal,radio,ECI:3642885.0,3642885.0,315.0,-17.630828,177.439489,-17.6309056,177.4394952,1.0
INC-000283,542020041221088+20250827123517+Fiji-Nadi-LTE-DL-D!20250827114634,Fiji-Nadi-LTE-DL-D,2025-08-27 01:44:48+02:00,2025-08-27 01:44:48+02:00,1,1,58.06,58.06,68.7,45.05,17.0,0,1,0,True,radio_limited_degradation,normal,radio,ECI:1069086.0,1069086.0,138.0,-17.7854355,177.3916431,-17.7854355,177.3916431,0.0
INC-000323,542020041221088+20250827131243+Fiji-Nadi-LTE-DL-D!20250827120629,Fiji-Nadi-LTE-DL-D,2025-08-27 02:06:10+02:00,2025-08-27 02:06:10+02:00,1,1,58.06,58.06,49.73,68.23,17.0,0,1,0,False,sudden_drop,ml_hgb_strict_causal_temporal_underperformance,temporal,ECI:3624007.0,3624007.0,153.0,-17.77932495,177.38104846,-17.77932495,177.38104846,0.0
INC-001253,542020041221088+20250828144059+Fiji-Nadi-LTE-DL-D!20250828144029,Fiji-Nadi-LTE-DL-D,2025-08-28 04:40:16+02:00,2025-08-28 04:40:16+02:00,1,1,58.01,58.01,53.97,62.96,17.0,0,1,0,False,ca_underperformance,normal,capability,ECI:1081660.0,1081660.0,354.0,-17.6277231,177.4327816,-17.6277231,177.4327816,0.0
INC-000349,542020041221088+20250827131704+Fiji-Nadi-LTE-DL-D!20250827121308,Fiji-Nadi-LTE-DL-D,2025-08-27 02:12:06+02:00,2025-08-27 02:12:07+02:00,1,2,57.97,57.97,52.64,64.48,24.0,0,2,0,False,ca_underperformance,normal,capability,ECI:1073726.0,1073726.0,363.0,-17.7968343,177.4070941,-17.7968343,177.4070941,1.0
INC-000571,542020041221088+20250827145611+Fiji-Nadi-LTE-DL-D!20250827145542,Fiji-Nadi-LTE-DL-D,2025-08-27 04:53:40+02:00,2025-08-27 04:53:40+02:00,1,1,57.95,57.95,46.65,71.77,17.0,0,1,0,False,rb_conditioned_underperformance,normal,resource,ECI:1068853.0,1068853.0,111.0,-17.7679548,177.4764853,-17.7679548,177.4764853,0.0
INC-001018,542020041221088+20250828130044+Fiji-Nadi-LTE-DL-D!20250828130012,Fiji-Nadi-LTE-DL-D,2025-08-28 03:00:05+02:00,2025-08-28 03:00:06+02:00,1,2,57.93,57.93,50.89,66.53,24.0,0,2,0,True,radio_limited_degradation,normal,capability,ECI:3635989.0,3635989.0,231.0,-17.6273598,177.4572388,-17.6272732,177.4571973,1.0
INC-000080,542020041221088+20250827102926+Fiji-Nadi-LTE-DL-D!20250827102813,Fiji-Nadi-LTE-DL-D,2025-08-27 00:26:34+02:00,2025-08-27 00:26:34+02:00,1,1,57.93,57.93,51.32,66.02,17.0,0,1,0,True,radio_limited_degradation,normal,radio,ECI:1071637.0,1071637.0,395.0,-17.8097764,177.43301064,-17.8097764,177.43301064,0.0
INC-000567,542020041221088+20250827145151+Fiji-Nadi-LTE-DL-D!20250827145113,Fiji-Nadi-LTE-DL-D,2025-08-27 04:49:51+02:00,2025-08-27 04:49:51+02:00,1,1,57.9,57.9,56.75,59.3,17.0,0,1,0,True,radio_limited_degradation,normal,radio,ECI:1066311.0,1066311.0,487.0,-17.7654435,177.4658906,-17.7654435,177.4658906,0.0
INC-001168,542020041221088+20250828140337+Fiji-Nadi-LTE-DL-D!20250828140209,Fiji-Nadi-LTE-DL-D,2025-08-28 04:01:25+02:00,2025-08-28 04:01:25+02:00,1,1,57.89,57.89,51.58,65.59,17.0,0,1,0,False,ca_underperformance,normal,capability,ECI:1076801.0,1076801.0,183.0,-17.60778231,177.45197301,-17.60778231,177.45197301,0.0
INC-001035,542020041221088+20250828131005+Fiji-Nadi-LTE-DL-D!20250828130912,Fiji-Nadi-LTE-DL-D,2025-08-28 03:08:42+02:00,2025-08-28 03:08:42+02:00,1,1,57.83,57.83,47.15,70.88,17.0,0,1,0,False,ca_underperformance,ml_hgb_strict_causal_temporal_underperformance,temporal,ECI:3640373.0,3640373.0,255.0,-17.6284322,177.4599187,-17.6284322,177.4599187,0.0
INC-000494,542020041221088+20250827135949+Fiji-Nadi-LTE-DL-D!20250827134144,Fiji-Nadi-LTE-DL-D,2025-08-27 03:40:57+02:00,2025-08-27 03:40:57+02:00,1,1,57.8,57.8,46.6,71.49,17.0,0,1,0,False,rb_conditioned_underperformance,normal,capability,ECI:1069373.0,1069373.0,135.0,-17.7743891,177.4078267,-17.7743891,177.4078267,0.0
INC-000781,542020041221088+20250828105428+Fiji-Nadi-LTE-DL-D!20250828105353,Fiji-Nadi-LTE-DL-D,2025-08-28 00:51:57+02:00,2025-08-28 00:51:58+02:00,1,2,57.79,57.79,57.72,57.88,24.0,0,2,0,False,ca_underperformance,normal,capability,ECI:1078559.0,1078559.0,164.0,-17.65217803,177.44273952,-17.65219754,177.44267861,1.0
INC-000659,542020041221088+20250827154913+Fiji-Nadi-LTE-DL-D!20250827153748,Fiji-Nadi-LTE-DL-D,2025-08-27 05:37:03+02:00,2025-08-27 05:37:04+02:00,1,2,57.75,57.75,53.98,62.35,24.0,0,2,0,True,ca_underperformance,normal,capability,ECI:1066294.0,1066294.0,487.0,-17.73841919,177.4564655,-17.73844267,177.4565502,1.0
INC-001084,542020041221088+20250828133115+Fiji-Nadi-LTE-DL-D!20250828132346,Fiji-Nadi-LTE-DL-D,2025-08-28 03:23:11+02:00,2025-08-28 03:23:11+02:00,1,1,57.75,57.75,51.69,65.15,17.0,0,1,0,True,rb_conditioned_underperformance,normal,capability,ECI:3638808.0,3638808.0,254.0,-17.62766708,177.46355384,-17.62766708,177.46355384,0.0
INC-000106,542020041221088+20250827103926+Fiji-Nadi-LTE-DL-D!20250827103843,Fiji-Nadi-LTE-DL-D,2025-08-27 00:37:34+02:00,2025-08-27 00:37:34+02:00,1,1,57.69,57.69,72.63,39.42,17.0,0,1,0,True,radio_limited_degradation,normal,radio,ECI:1071687.0,1071687.0,395.0,-17.81228968,177.43440274,-17.81228968,177.43440274,0.0
INC-000386,542020041221088+20250827133206+Fiji-Nadi-LTE-DL-D!20250827125008,Fiji-Nadi-LTE-DL-D,2025-08-27 02:49:40+02:00,2025-08-27 02:49:40+02:00,1,1,57.69,57.69,72.45,39.65,17.0,0,1,0,True,radio_limited_degradation,normal,radio,ECI:1064757.0,1064757.0,146.0,-17.801391,177.4161423,-17.801391,177.4161423,0.0
INC-001286,542020041221088+20250829102513+Nawaka-LTE-DL!20250829102435,Nawaka-LTE-DL,2025-08-29 00:23:36+02:00,2025-08-29 00:23:36+02:00,1,1,57.69,57.69,68.03,45.06,17.0,0,1,0,True,radio_limited_degradation,normal,radio,ECI:1065032.0,1065032.0,469.0,-17.8128907,177.4432632,-17.8128907,177.4432632,0.0
INC-001131,542020041221088+20250828134936+Fiji-Nadi-LTE-DL-D!20250828134405,Fiji-Nadi-LTE-DL-D,2025-08-28 03:43:44+02:00,2025-08-28 03:43:44+02:00,1,1,57.66,57.66,52.62,63.81,17.0,0,1,0,False,ca_underperformance,normal,capability,ECI:1076534.0,1076534.0,182.0,-17.6138404,177.44955657,-17.6138404,177.44955657,0.0
INC-000179,542020041221088+20250827113229+Fiji-Nadi-LTE-DL-D!20250827110935,Fiji-Nadi-LTE-DL-D,2025-08-27 01:08:23+02:00,2025-08-27 01:08:25+02:00,1,3,57.63,57.63,57.98,57.2,31.0,0,3,0,True,ca_underperformance,normal,capability,ECI:1068850.0,1068850.0,348.0,-17.763921,177.4759337,-17.7638783,177.4757292,2.0
INC-000243,542020041221088+20250827122836+Fiji-Nadi-LTE-DL-D!20250827113757,Fiji-Nadi-LTE-DL-D,2025-08-27 01:36:49+02:00,2025-08-27 01:36:50+02:00,1,2,57.63,57.63,50.77,66.02,24.0,0,2,0,False,rolling_local_drop,normal,temporal,ECI:1069346.0,1069346.0,403.0,-17.77919885,177.42578082,-17.77920562,177.42579832,1.0
INC-000806,542020041221088+20250828113631+Fiji-Nadi-LTE-DL-D!20250828110448,Fiji-Nadi-LTE-DL-D,2025-08-28 01:03:36+02:00,2025-08-28 01:03:36+02:00,1,1,57.61,57.61,72.26,39.71,17.0,0,1,0,True,radio_limited_degradation,normal,radio,ECI:1077964.0,1077964.0,377.0,-17.63820679,177.47289123,-17.63820679,177.47289123,0.0
INC-001015,542020041221088+20250828125844+Fiji-Nadi-LTE-DL-D!20250828125759,Fiji-Nadi-LTE-DL-D,2025-08-28 02:57:03+02:00,2025-08-28 02:57:03+02:00,1,1,57.58,57.58,55.05,60.68,17.0,0,1,0,False,rb_conditioned_underperformance,normal,capability,ECI:1077780.0,1077780.0,165.0,-17.6300762,177.455541,-17.6300762,177.455541,0.0
INC-001208,542020041221088+20250828141358+Fiji-Nadi-LTE-DL-D!20250828141324,Fiji-Nadi-LTE-DL-D,2025-08-28 04:13:25+02:00,2025-08-28 04:13:25+02:00,1,1,57.58,57.58,67.22,45.79,17.0,0,1,0,True,radio_limited_degradation,normal,radio,ECI:1076279.0,1076279.0,179.0,-17.6138031,177.46012049,-17.6138031,177.46012049,0.0
INC-000478,542020041221088+20250827135549+Fiji-Nadi-LTE-DL-D!20250827133724,Fiji-Nadi-LTE-DL-D,2025-08-27 03:36:19+02:00,2025-08-27 03:36:21+02:00,1,3,57.48,57.48,53.75,62.03,31.0,0,3,0,True,rb_conditioned_underperformance,normal,capability,ECI:1065524.0,1065524.0,133.0,-17.7855794,177.4234451,-17.78552482,177.42338007,2.0
INC-000164,542020041221088+20250827111708+Fiji-Nadi-LTE-DL-D!20250827110046,Fiji-Nadi-LTE-DL-D,2025-08-27 00:58:44+02:00,2025-08-27 00:58:44+02:00,1,1,57.46,57.46,43.06,75.06,17.0,0,1,0,False,rolling_local_drop,normal,temporal,EARFCN:41384.0|PCI:81.0,,81.0,-17.7788295,177.4829867,-17.7788295,177.4829867,0.0
INC-000457,542020041221088+20250827135108+Fiji-Nadi-LTE-DL-D!20250827132314,Fiji-Nadi-LTE-DL-D,2025-08-27 03:21:55+02:00,2025-08-27 03:21:55+02:00,1,1,57.45,57.45,53.57,62.2,17.0,0,1,0,False,ca_underperformance,normal,capability,ECI:1067151.0,1067151.0,339.0,-17.77235009,177.43856157,-17.77235009,177.43856157,0.0
INC-000880,542020041221088+20250828121442+Fiji-Nadi-LTE-DL-D!20250828115247,Fiji-Nadi-LTE-DL-D,2025-08-28 01:52:32+02:00,2025-08-28 01:52:32+02:00,1,1,57.44,57.44,53.32,62.48,17.0,0,1,0,True,radio_limited_degradation,normal,radio,ECI:1076791.0,1076791.0,183.0,-17.60435739,177.45228602,-17.60435739,177.45228602,0.0
INC-000071,542020041221088+20250827102346+Fiji-Nadi-LTE-DL-D!20250827102142,Fiji-Nadi-LTE-DL-D,2025-08-27 00:20:31+02:00,2025-08-27 00:20:31+02:00,1,1,57.39,57.39,51.85,64.16,17.0,0,1,0,False,sudden_drop,normal,temporal,ECI:1065267.0,1065267.0,145.0,-17.81049232,177.40889417,-17.81049232,177.40889417,0.0
INC-000096,542020041221088+20250827103246+Fiji-Nadi-LTE-DL-D!20250827103001,Fiji-Nadi-LTE-DL-D,2025-08-27 00:29:37+02:00,2025-08-27 00:29:37+02:00,1,1,57.38,57.38,65.92,46.93,17.0,0,1,0,True,radio_limited_degradation,normal,radio,ECI:1070100.0,1070100.0,332.0,-17.8149826,177.4369324,-17.8149826,177.4369324,0.0
INC-000897,542020041221088+20250828122241+Fiji-Nadi-LTE-DL-D!20250828121359,Fiji-Nadi-LTE-DL-D,2025-08-28 02:13:23+02:00,2025-08-28 02:13:24+02:00,1,2,57.37,57.37,45.29,72.14,24.0,0,2,0,False,radio_p75_underperformance,normal,capability,ECI:1076799.0,1076799.0,184.0,-17.6033731,177.4529804,-17.6033731,177.4529804,1.0
INC-000858,542020041221088+20250828121001+Fiji-Nadi-LTE-DL-D!20250828114201,Fiji-Nadi-LTE-DL-D,2025-08-28 01:40:25+02:00,2025-08-28 01:40:25+02:00,1,1,57.35,57.35,53.1,62.54,17.0,0,1,0,True,radio_limited_degradation,normal,radio,ECI:1076789.0,1076789.0,184.0,-17.6033705,177.4534133,-17.6033705,177.4534133,0.0
INC-001179,542020041221088+20250828140718+Fiji-Nadi-LTE-DL-D!20250828140641,Fiji-Nadi-LTE-DL-D,2025-08-28 04:04:57+02:00,2025-08-28 04:04:58+02:00,1,2,57.34,57.34,52.98,62.66,24.0,0,2,0,True,radio_limited_degradation,normal,radio,ECI:1076788.0,1076788.0,183.0,-17.60561717,177.45243895,-17.6056234,177.45247726,1.0
INC-000159,542020041221088+20250827110647+Fiji-Nadi-LTE-DL-D!20250827105407,Fiji-Nadi-LTE-DL-D,2025-08-27 00:53:08+02:00,2025-08-27 00:53:09+02:00,1,2,57.33,57.33,59.57,54.6,24.0,0,2,0,True,ca_underperformance,normal,capability,ECI:1067296.0,1067296.0,110.0,-17.7642811,177.4640119,-17.76427784,177.46402146,1.0
INC-001083,542020041221088+20250828133115+Fiji-Nadi-LTE-DL-D!20250828132346,Fiji-Nadi-LTE-DL-D,2025-08-28 03:23:02+02:00,2025-08-28 03:23:02+02:00,1,1,57.33,57.33,44.93,72.47,17.0,0,1,0,True,rb_conditioned_underperformance,normal,capability,ECI:3635989.0,3635989.0,251.0,-17.62798805,177.46290212,-17.62798805,177.46290212,0.0
INC-000315,542020041221088+20250827130936+Fiji-Nadi-LTE-DL-D!20250827120414,Fiji-Nadi-LTE-DL-D,2025-08-27 02:02:13+02:00,2025-08-27 02:02:13+02:00,1,1,57.31,57.31,46.18,70.92,17.0,0,1,0,False,rb_conditioned_underperformance,ml_quantile_p75_resource_underperformance,resource,ECI:3623958.0,3623958.0,155.0,-17.7728196,177.3803382,-17.7728196,177.3803382,0.0
INC-000379,542020041221088+20250827133105+Fiji-Nadi-LTE-DL-D!20250827124329,Fiji-Nadi-LTE-DL-D,2025-08-27 02:43:05+02:00,2025-08-27 02:43:05+02:00,1,1,57.28,57.28,47.64,69.06,17.0,0,1,0,False,rb_conditioned_underperformance,ml_hgb_strict_causal_temporal_underperformance,capability,ECI:1065269.0,1065269.0,144.0,-17.80568759,177.41490368,-17.80568759,177.41490368,0.0
INC-001289,542020041221088+20250829102513+Nawaka-LTE-DL!20250829102435,Nawaka-LTE-DL,2025-08-29 00:24:05+02:00,2025-08-29 00:24:07+02:00,1,3,57.27,57.27,66.27,46.27,31.0,0,3,0,True,radio_limited_degradation,normal,radio,ECI:1064758.0,1064758.0,148.0,-17.8128905,177.4432635,-17.8128905,177.4432635,2.0
INC-000669,542020041221088+20250827155853+Fiji-Nadi-LTE-DL-D!20250827154409,Fiji-Nadi-LTE-DL-D,2025-08-27 05:43:29+02:00,2025-08-27 05:43:31+02:00,1,3,57.26,57.26,52.31,63.32,31.0,0,3,0,True,rb_conditioned_underperformance,normal,capability,ECI:1068350.0,1068350.0,50.0,-17.7477824,177.455605,-17.7479607,177.4555427,2.0
INC-000482,542020041221088+20250827135649+Fiji-Nadi-LTE-DL-D!20250827133934,Fiji-Nadi-LTE-DL-D,2025-08-27 03:38:04+02:00,2025-08-27 03:38:04+02:00,1,1,57.26,57.26,46.43,70.49,17.0,0,1,0,False,sudden_drop,normal,temporal,ECI:1065527.0,1065527.0,133.0,-17.78334198,177.41695203,-17.78334198,177.41695203,0.0
INC-000579,542020041221088+20250827151132+Fiji-Nadi-LTE-DL-D!20250827151053,Fiji-Nadi-LTE-DL-D,2025-08-27 05:08:57+02:00,2025-08-27 05:08:57+02:00,1,1,57.25,57.25,65.97,46.58,17.0,0,1,0,True,radio_limited_degradation,normal,radio,ECI:1072183.0,1072183.0,448.0,-17.7545011,177.454886,-17.7545011,177.454886,0.0
INC-000369,542020041221088+20250827132825+Fiji-Nadi-LTE-DL-D!20250827122826,Fiji-Nadi-LTE-DL-D,2025-08-27 02:26:34+02:00,2025-08-27 02:26:34+02:00,1,1,57.23,57.23,47.12,69.58,17.0,0,1,0,False,rb_conditioned_underperformance,ml_quantile_p75_resource_underperformance,resource,ECI:1064759.0,1064759.0,149.0,-17.8070401,177.4181157,-17.8070401,177.4181157,0.0
INC-000708,542020041221088+20250827161314+Fiji-Nadi-LTE-DL-D!20250827161239,Fiji-Nadi-LTE-DL-D,2025-08-27 06:10:37+02:00,2025-08-27 06:10:37+02:00,1,1,57.18,57.18,45.28,71.72,17.0,0,1,0,True,radio_limited_degradation,normal,radio,ECI:1064992.0,1064992.0,469.0,-17.81389423,177.44371538,-17.81389423,177.44371538,0.0
INC-000294,542020041221088+20250827123638+Fiji-Nadi-LTE-DL-D!20250827114845,Fiji-Nadi-LTE-DL-D,2025-08-27 01:48:07+02:00,2025-08-27 01:48:07+02:00,1,1,57.15,57.15,60.56,52.99,17.0,0,1,0,True,radio_limited_degradation,normal,radio,ECI:1066816.0,1066816.0,158.0,-17.77688546,177.3764893,-17.77688546,177.3764893,0.0
INC-000844,542020041221088+20250828115533+Fiji-Nadi-LTE-DL-D!20250828113110,Fiji-Nadi-LTE-DL-D,2025-08-28 01:31:07+02:00,2025-08-28 01:31:07+02:00,1,1,57.13,57.13,69.02,42.6,17.0,0,1,0,True,radio_limited_degradation,normal,radio,ECI:1076796.0,1076796.0,184.0,-17.604311,177.4583415,-17.604311,177.4583415,0.0
INC-000883,542020041221088+20250828121642+Fiji-Nadi-LTE-DL-D!20250828115710,Fiji-Nadi-LTE-DL-D,2025-08-28 01:55:51+02:00,2025-08-28 01:55:51+02:00,1,1,57.11,57.11,52.19,63.13,17.0,0,1,0,True,radio_limited_degradation,normal,radio,ECI:1076791.0,1076791.0,183.0,-17.60442834,177.45214253,-17.60442834,177.45214253,0.0
INC-000472,542020041221088+20250827135348+Fiji-Nadi-LTE-DL-D!20250827133514,Fiji-Nadi-LTE-DL-D,2025-08-27 03:34:21+02:00,2025-08-27 03:34:21+02:00,1,1,57.07,57.07,42.13,75.32,17.0,0,1,0,False,rolling_local_drop,normal,temporal,ECI:1065543.0,1065543.0,132.0,-17.79216759,177.42265687,-17.79216759,177.42265687,0.0
INC-000877,542020041221088+20250828121341+Fiji-Nadi-LTE-DL-D!20250828115038,Fiji-Nadi-LTE-DL-D,2025-08-28 01:49:08+02:00,2025-08-28 01:49:08+02:00,1,1,57.05,57.05,53.61,61.26,17.0,0,1,0,True,radio_limited_degradation,normal,radio,ECI:1076789.0,1076789.0,184.0,-17.6033872,177.4533815,-17.6033872,177.4533815,0.0
INC-001187,542020041221088+20250828140938+Fiji-Nadi-LTE-DL-D!20250828140855,Fiji-Nadi-LTE-DL-D,2025-08-28 04:07:38+02:00,2025-08-28 04:07:41+02:00,2,3,57.04,55.995000000000005,51.68,66.23,24.0,0,3,0,True,radio_p75_underperformance,normal,capability,ECI:1082133.0,1082133.0,140.0,-17.61030118,177.45166189,-17.61020675,177.45191575,3.0
INC-000389,542020041221088+20250827133406+Fiji-Nadi-LTE-DL-D!20250827125219,Fiji-Nadi-LTE-DL-D,2025-08-27 02:50:50+02:00,2025-08-27 02:50:51+02:00,1,2,57.04,57.04,67.04,44.82,24.0,0,2,0,True,radio_limited_degradation,normal,radio,ECI:1064767.0,1064767.0,147.0,-17.8000812,177.4179247,-17.8001419,177.4178911,1.0
INC-000177,542020041221088+20250827112649+Fiji-Nadi-LTE-DL-D!20250827110516,Fiji-Nadi-LTE-DL-D,2025-08-27 01:05:11+02:00,2025-08-27 01:05:11+02:00,1,1,56.99,56.99,51.83,63.29,17.0,0,1,0,True,rb_efficiency_underperformance,normal,capability,ECI:1067325.0,1067325.0,108.0,-17.7633849,177.487468,-17.7633849,177.487468,0.0
INC-000452,542020041221088+20250827134908+Fiji-Nadi-LTE-DL-D!20250827131851,Fiji-Nadi-LTE-DL-D,2025-08-27 03:18:37+02:00,2025-08-27 03:18:39+02:00,1,3,56.97,56.97,60.5,52.66,31.0,0,3,0,True,radio_limited_degradation,normal,radio,ECI:1067061.0,1067061.0,123.0,-17.77081399,177.4393515,-17.77091207,177.43942816,2.0
INC-000313,542020041221088+20250827124038+Fiji-Nadi-LTE-DL-D!20250827115945,Fiji-Nadi-LTE-DL-D,2025-08-27 01:59:05+02:00,2025-08-27 01:59:05+02:00,1,1,56.96,56.96,42.52,74.6,17.0,0,1,0,False,rb_conditioned_underperformance,ml_quantile_p75_resource_underperformance,temporal,ECI:3623958.0,3623958.0,155.0,-17.77313647,177.37702199,-17.77313647,177.37702199,0.0
INC-000839,542020041221088+20250828115533+Fiji-Nadi-LTE-DL-D!20250828113110,Fiji-Nadi-LTE-DL-D,2025-08-28 01:29:29+02:00,2025-08-28 01:29:29+02:00,1,1,56.96,56.96,47.51,68.51,17.0,0,1,0,False,rb_conditioned_underperformance,normal,capability,ECI:1077535.0,1077535.0,187.0,-17.60317044,177.45805008,-17.60317044,177.45805008,0.0
INC-000950,542020041221088+20250828124043+Fiji-Nadi-LTE-DL-D!20250828124009,Fiji-Nadi-LTE-DL-D,2025-08-28 02:38:28+02:00,2025-08-28 02:38:28+02:00,1,1,56.95,56.95,49.9,65.57,17.0,0,1,0,False,rb_conditioned_underperformance,normal,capability,ECI:3642943.0,3642943.0,313.0,-17.6309832,177.4440877,-17.6309832,177.4440877,0.0
INC-001118,542020041221088+20250828134436+Fiji-Nadi-LTE-DL-D!20250828133934,Fiji-Nadi-LTE-DL-D,2025-08-28 03:38:19+02:00,2025-08-28 03:38:19+02:00,1,1,56.94,56.94,59.74,53.52,17.0,0,1,0,True,radio_limited_degradation,normal,radio,ECI:3636029.0,3636029.0,231.0,-17.62303915,177.45488342,-17.62303915,177.45488342,0.0
INC-000010,542020041221088+20250827094725+Fiji-Nadi-LTE-DL-D!20250827094401,Fiji-Nadi-LTE-DL-D,2025-08-26 23:42:12+02:00,2025-08-26 23:42:12+02:00,1,1,56.92,56.92,49.88,65.52,17.0,0,1,0,False,ca_underperformance,normal,capability,ECI:1065267.0,1065267.0,145.0,-17.815971,177.3955936,-17.815971,177.3955936,0.0
INC-000819,542020041221088+20250828114132+Fiji-Nadi-LTE-DL-D!20250828111120,Fiji-Nadi-LTE-DL-D,2025-08-28 01:10:40+02:00,2025-08-28 01:10:40+02:00,1,1,56.91,56.91,47.32,68.64,17.0,0,1,0,True,radio_p75_underperformance,normal,capability,ECI:1076246.0,1076246.0,179.0,-17.61104056,177.47231003,-17.61104056,177.47231003,0.0
INC-000674,542020041221088+20250827160414+Fiji-Nadi-LTE-DL-D!20250827155722,Fiji-Nadi-LTE-DL-D,2025-08-27 05:56:05+02:00,2025-08-27 05:56:05+02:00,1,1,56.9,56.9,48.06,67.71,17.0,0,1,0,False,ca_underperformance,ml_quantile_p75_resource_underperformance,capability,ECI:1065023.0,1065023.0,470.0,-17.7973515,177.4485027,-17.7973515,177.4485027,0.0
INC-001217,542020041221088+20250828141838+Fiji-Nadi-LTE-DL-D!20250828141754,Fiji-Nadi-LTE-DL-D,2025-08-28 04:17:19+02:00,2025-08-28 04:17:19+02:00,1,1,56.89,56.89,67.0,44.54,17.0,0,1,0,True,radio_limited_degradation,normal,radio,ECI:1080085.0,1080085.0,196.0,-17.6110131,177.4587836,-17.6110131,177.4587836,0.0
INC-001122,542020041221088+20250828134616+Fiji-Nadi-LTE-DL-D!20250828134149,Fiji-Nadi-LTE-DL-D,2025-08-28 03:40:32+02:00,2025-08-28 03:40:32+02:00,1,1,56.88,56.88,57.15,56.56,17.0,0,1,0,False,rb_conditioned_underperformance,normal,capability,ECI:3636033.0,3636033.0,232.0,-17.61791516,177.44889691,-17.61791516,177.44889691,0.0
INC-000751,542020041221088+20250828104327+Fiji-Nadi-LTE-DL-D!20250828104254,Fiji-Nadi-LTE-DL-D,2025-08-28 00:42:44+02:00,2025-08-28 00:42:46+02:00,1,3,56.84,56.84,48.98,66.45,31.0,0,3,0,False,ca_underperformance,normal,capability,ECI:1081652.0,1081652.0,356.0,-17.6414791,177.4209484,-17.6413396,177.421129,2.0
INC-001234,542020041221088+20250828143139+Fiji-Nadi-LTE-DL-D!20250828143127,Fiji-Nadi-LTE-DL-D,2025-08-28 04:30:17+02:00,2025-08-28 04:30:17+02:00,1,1,56.84,56.84,66.48,45.06,17.0,0,1,0,True,radio_limited_degradation,normal,radio,ECI:1079243.0,1079243.0,383.0,-17.6101387,177.4405278,-17.6101387,177.4405278,0.0
INC-000372,542020041221088+20250827132825+Fiji-Nadi-LTE-DL-D!20250827122826,Fiji-Nadi-LTE-DL-D,2025-08-27 02:27:40+02:00,2025-08-27 02:27:41+02:00,1,2,56.83,56.83,48.19,67.4,24.0,0,2,0,False,radio_p75_underperformance,normal,capability,ECI:1064759.0,1064759.0,149.0,-17.8070401,177.4181157,-17.8070401,177.4181157,1.0
INC-001140,542020041221088+20250828135137+Fiji-Nadi-LTE-DL-D!20250828134837,Fiji-Nadi-LTE-DL-D,2025-08-28 03:48:29+02:00,2025-08-28 03:48:33+02:00,2,4,56.82,54.58,49.04,66.34,24.0,0,4,0,False,ca_underperformance,normal,capability,ECI:1082166.0,1082166.0,140.0,-17.61316535,177.45373303,-17.61299419,177.45344899,4.0
INC-000456,542020041221088+20250827135108+Fiji-Nadi-LTE-DL-D!20250827132314,Fiji-Nadi-LTE-DL-D,2025-08-27 03:21:27+02:00,2025-08-27 03:21:28+02:00,1,2,56.82,56.82,55.45,58.49,24.0,0,2,0,True,radio_limited_degradation,normal,radio,ECI:1067151.0,1067151.0,339.0,-17.7735382,177.4377133,-17.7734947,177.4377569,1.0
INC-000744,542020041221088+20250828103907+Fiji-Nadi-LTE-DL-D!20250828103834,Fiji-Nadi-LTE-DL-D,2025-08-28 00:38:14+02:00,2025-08-28 00:38:14+02:00,1,1,56.82,56.82,54.55,59.59,17.0,0,1,0,True,rb_conditioned_underperformance,normal,capability,ECI:1081376.0,1081376.0,455.0,-17.6644802,177.4063227,-17.6644802,177.4063227,0.0
INC-000147,542020041221088+20250827110227+Fiji-Nadi-LTE-DL-D!20250827105156,Fiji-Nadi-LTE-DL-D,2025-08-27 00:50:42+02:00,2025-08-27 00:50:42+02:00,1,1,56.81,56.81,47.54,68.15,17.0,0,1,0,False,rb_conditioned_underperformance,ml_hgb_strict_causal_temporal_underperformance,capability,ECI:1070898.0,1070898.0,212.0,-17.7637548,177.4618999,-17.7637548,177.4618999,0.0
INC-000391,542020041221088+20250827133546+Fiji-Nadi-LTE-DL-D!20250827125646,Fiji-Nadi-LTE-DL-D,2025-08-27 02:56:07+02:00,2025-08-27 02:56:08+02:00,1,2,56.77,56.77,48.36,67.05,24.0,0,1,1,False,not_flagged,ml_quantile_p75_resource_underperformance,resource,ECI:1065268.0,1065268.0,146.0,-17.8017324,177.4144948,-17.8017019,177.414543,1.0
INC-001121,542020041221088+20250828134436+Fiji-Nadi-LTE-DL-D!20250828133934,Fiji-Nadi-LTE-DL-D,2025-08-28 03:39:26+02:00,2025-08-28 03:39:27+02:00,1,2,56.77,56.77,54.84,59.13,24.0,0,2,0,True,radio_limited_degradation,normal,capability,ECI:1079090.0,1079090.0,168.0,-17.62316597,177.45361297,-17.62310823,177.45349728,1.0
INC-000974,542020041221088+20250828124723+Fiji-Nadi-LTE-DL-D!20250828124651,Fiji-Nadi-LTE-DL-D,2025-08-28 02:46:40+02:00,2025-08-28 02:46:42+02:00,1,3,56.63,56.63,55.44,58.08,31.0,0,3,0,False,rb_conditioned_underperformance,normal,capability,ECI:1077960.0,1077960.0,376.0,-17.62936618,177.44973943,-17.6291273,177.4495408,2.0
INC-000984,542020041221088+20250828125203+Fiji-Nadi-LTE-DL-D!20250828125121,Fiji-Nadi-LTE-DL-D,2025-08-28 02:50:10+02:00,2025-08-28 02:50:10+02:00,1,1,56.63,56.63,56.64,56.63,17.0,0,1,0,False,rb_conditioned_underperformance,normal,capability,ECI:1077780.0,1077780.0,165.0,-17.6313048,177.45449737,-17.6313048,177.45449737,0.0
INC-001204,542020041221088+20250828141358+Fiji-Nadi-LTE-DL-D!20250828141324,Fiji-Nadi-LTE-DL-D,2025-08-28 04:12:47+02:00,2025-08-28 04:12:47+02:00,1,1,56.59,56.59,49.82,64.86,17.0,0,1,0,False,ca_underperformance,normal,capability,ECI:1076279.0,1076279.0,179.0,-17.61455896,177.46295876,-17.61455896,177.46295876,0.0
INC-000430,542020041221088+20250827134347+Fiji-Nadi-LTE-DL-D!20250827131002,Fiji-Nadi-LTE-DL-D,2025-08-27 03:09:34+02:00,2025-08-27 03:09:35+02:00,1,2,56.58,56.58,53.68,60.13,24.0,0,2,0,True,radio_limited_degradation,normal,temporal,ECI:1067060.0,1067060.0,129.0,-17.77641205,177.42988194,-17.77643414,177.42990727,1.0
INC-000419,542020041221088+20250827134247+Fiji-Nadi-LTE-DL-D!20250827130749,Fiji-Nadi-LTE-DL-D,2025-08-27 03:06:24+02:00,2025-08-27 03:06:24+02:00,1,1,56.56,56.56,50.77,63.63,17.0,0,1,0,False,rb_conditioned_underperformance,normal,capability,ECI:1072702.0,1072702.0,394.0,-17.7807159,177.430205,-17.7807159,177.430205,0.0
INC-001160,542020041221088+20250828140157+Fiji-Nadi-LTE-DL-D!20250828135953,Fiji-Nadi-LTE-DL-D,2025-08-28 03:57:57+02:00,2025-08-28 03:57:57+02:00,1,1,56.56,56.56,64.42,46.96,17.0,0,1,0,True,radio_limited_degradation,normal,radio,ECI:1076798.0,1076798.0,183.0,-17.6082602,177.45656405,-17.6082602,177.45656405,0.0
INC-000755,542020041221088+20250828104547+Fiji-Nadi-LTE-DL-D!20250828104505,Fiji-Nadi-LTE-DL-D,2025-08-28 00:43:54+02:00,2025-08-28 00:43:54+02:00,1,1,56.54,56.54,48.87,65.9,17.0,0,1,0,False,rb_conditioned_underperformance,normal,capability,ECI:1081632.0,1081632.0,356.0,-17.63671976,177.42706971,-17.63671976,177.42706971,0.0
INC-000167,542020041221088+20250827112048+Fiji-Nadi-LTE-DL-D!20250827110300,Fiji-Nadi-LTE-DL-D,2025-08-27 01:01:47+02:00,2025-08-27 01:01:48+02:00,1,2,56.53,56.53,53.68,60.01,24.0,0,2,0,True,rb_conditioned_underperformance,normal,capability,ECI:1070366.0,1070366.0,333.0,-17.7798681,177.4891298,-17.7797854,177.4890947,1.0
INC-000783,542020041221088+20250828105428+Fiji-Nadi-LTE-DL-D!20250828105353,Fiji-Nadi-LTE-DL-D,2025-08-28 00:53:19+02:00,2025-08-28 00:53:20+02:00,1,2,56.52,56.52,58.06,54.64,24.0,0,2,0,True,ca_underperformance,normal,capability,ECI:1075767.0,1075767.0,160.0,-17.65520697,177.43819712,-17.65520558,177.43819673,1.0
INC-000838,542020041221088+20250828115313+Fiji-Nadi-LTE-DL-D!20250828112854,Fiji-Nadi-LTE-DL-D,2025-08-28 01:27:47+02:00,2025-08-28 01:27:47+02:00,1,1,56.52,56.52,48.96,65.76,17.0,0,1,0,False,rb_conditioned_underperformance,normal,capability,ECI:1077534.0,1077534.0,188.0,-17.59872419,177.45935983,-17.59872419,177.45935983,0.0
INC-000426,542020041221088+20250827134247+Fiji-Nadi-LTE-DL-D!20250827130749,Fiji-Nadi-LTE-DL-D,2025-08-27 03:07:40+02:00,2025-08-27 03:07:40+02:00,1,1,56.5,56.5,41.36,74.99,17.0,0,1,0,False,ca_underperformance,normal,resource,ECI:1067032.0,1067032.0,131.0,-17.77883961,177.43113425,-17.77883961,177.43113425,0.0
INC-000242,542020041221088+20250827122836+Fiji-Nadi-LTE-DL-D!20250827113757,Fiji-Nadi-LTE-DL-D,2025-08-27 01:36:25+02:00,2025-08-27 01:36:26+02:00,1,2,56.47,56.47,55.47,57.69,24.0,0,2,0,True,radio_limited_degradation,normal,radio,ECI:1067050.0,1067050.0,338.0,-17.7776825,177.4246,-17.77768369,177.4245976,1.0
INC-000576,542020041221088+20250827150151+Fiji-Nadi-LTE-DL-D!20250827150045,Fiji-Nadi-LTE-DL-D,2025-08-27 05:00:24+02:00,2025-08-27 05:00:24+02:00,1,1,56.42,56.42,49.68,64.66,17.0,0,1,0,False,rb_conditioned_underperformance,normal,capability,ECI:1068853.0,1068853.0,111.0,-17.7680778,177.474632,-17.7680778,177.474632,0.0
INC-000840,542020041221088+20250828115533+Fiji-Nadi-LTE-DL-D!20250828113110,Fiji-Nadi-LTE-DL-D,2025-08-28 01:30:23+02:00,2025-08-28 01:30:25+02:00,1,3,56.41,56.41,50.09,64.13,31.0,0,3,0,True,ca_underperformance,normal,capability,ECI:1077525.0,1077525.0,187.0,-17.60405774,177.45957269,-17.6042816,177.4595362,2.0
INC-001279,542020041221088+20250828154002+Fiji-Nadi-LTE-DL-D!20250828153143,Fiji-Nadi-LTE-DL-D,2025-08-28 05:31:08+02:00,2025-08-28 05:31:08+02:00,1,1,56.41,56.41,53.22,60.3,17.0,0,1,0,True,radio_limited_degradation,normal,radio,ECI:1066812.0,1066812.0,157.0,-17.6915495,177.4140105,-17.6915495,177.4140105,0.0
INC-000162,542020041221088+20250827111028+Fiji-Nadi-LTE-DL-D!20250827105621,Fiji-Nadi-LTE-DL-D,2025-08-27 00:55:16+02:00,2025-08-27 00:55:18+02:00,1,3,56.36,56.36,51.12,62.77,31.0,0,2,1,False,rb_conditioned_underperformance,normal,capability,ECI:1068850.0,1068850.0,111.0,-17.7687301,177.4757376,-17.76878376,177.47576939,2.0
INC-001059,542020041221088+20250828132455+Fiji-Nadi-LTE-DL-D!20250828131658,Fiji-Nadi-LTE-DL-D,2025-08-28 03:15:57+02:00,2025-08-28 03:15:58+02:00,1,2,56.34,56.34,52.69,60.8,24.0,0,2,0,True,radio_limited_degradation,normal,temporal,ECI:3640383.0,3640383.0,231.0,-17.6263738,177.4635477,-17.6264552,177.4635334,1.0
INC-000575,542020041221088+20250827150031+Fiji-Nadi-LTE-DL-D!20250827150011,Fiji-Nadi-LTE-DL-D,2025-08-27 05:00:10+02:00,2025-08-27 05:00:10+02:00,1,1,56.34,56.34,49.72,64.44,17.0,0,1,0,False,ca_underperformance,normal,capability,ECI:1068853.0,1068853.0,111.0,-17.7686127,177.475643,-17.7686127,177.475643,0.0
INC-000997,542020041221088+20250828125404+Fiji-Nadi-LTE-DL-D!20250828125334,Fiji-Nadi-LTE-DL-D,2025-08-28 02:52:34+02:00,2025-08-28 02:52:34+02:00,1,1,56.29,56.29,53.42,59.79,17.0,0,1,0,True,rb_conditioned_underperformance,ml_hgb_resource_conditioned_underperformance,capability,ECI:1077825.0,1077825.0,167.0,-17.63309209,177.45443917,-17.63309209,177.45443917,0.0
INC-000287,542020041221088+20250827123517+Fiji-Nadi-LTE-DL-D!20250827114634,Fiji-Nadi-LTE-DL-D,2025-08-27 01:45:16+02:00,2025-08-27 01:45:17+02:00,1,2,56.28,56.28,70.62,38.75,24.0,0,2,0,True,radio_limited_degradation,normal,radio,ECI:1069086.0,1069086.0,138.0,-17.7838132,177.3884628,-17.78381332,177.38846256,1.0
INC-000076,542020041221088+20250827102746+Fiji-Nadi-LTE-DL-D!20250827102604,Fiji-Nadi-LTE-DL-D,2025-08-27 00:24:39+02:00,2025-08-27 00:24:39+02:00,1,1,56.27,56.27,48.07,66.3,17.0,0,1,0,False,sudden_drop,normal,temporal,ECI:1071677.0,1071677.0,395.0,-17.80619877,177.42704507,-17.80619877,177.42704507,0.0
INC-000847,542020041221088+20250828115753+Fiji-Nadi-LTE-DL-D!20250828113321,Fiji-Nadi-LTE-DL-D,2025-08-28 01:32:54+02:00,2025-08-28 01:32:54+02:00,1,1,56.27,56.27,64.13,46.67,17.0,0,1,0,True,radio_limited_degradation,normal,radio,ECI:1076266.0,1076266.0,373.0,-17.60579102,177.4608919,-17.60579102,177.4608919,0.0
INC-000882,542020041221088+20250828121542+Fiji-Nadi-LTE-DL-D!20250828115456,Fiji-Nadi-LTE-DL-D,2025-08-28 01:53:17+02:00,2025-08-28 01:53:17+02:00,1,1,56.27,56.27,45.38,69.58,17.0,0,1,0,False,rolling_local_drop,normal,temporal,ECI:1082165.0,1082165.0,139.0,-17.6052529,177.4516253,-17.6052529,177.4516253,0.0
INC-001031,542020041221088+20250828130744+Fiji-Nadi-LTE-DL-D!20250828130656,Fiji-Nadi-LTE-DL-D,2025-08-28 03:04:56+02:00,2025-08-28 03:04:56+02:00,1,1,56.25,56.25,44.97,70.04,17.0,0,1,0,True,radio_p75_underperformance,ml_quantile_p75_resource_underperformance,capability,ECI:3640374.0,3640374.0,274.0,-17.6336082,177.45980579,-17.6336082,177.45980579,0.0
INC-001189,542020041221088+20250828140938+Fiji-Nadi-LTE-DL-D!20250828140855,Fiji-Nadi-LTE-DL-D,2025-08-28 04:08:28+02:00,2025-08-28 04:08:28+02:00,1,1,56.25,56.25,51.91,61.55,17.0,0,1,0,False,ca_underperformance,normal,capability,ECI:1076544.0,1076544.0,182.0,-17.60880059,177.45528019,-17.60880059,177.45528019,0.0
INC-001125,542020041221088+20250828134936+Fiji-Nadi-LTE-DL-D!20250828134405,Fiji-Nadi-LTE-DL-D,2025-08-28 03:42:14+02:00,2025-08-28 03:42:14+02:00,1,1,56.22,56.22,49.94,63.9,17.0,0,1,0,False,ca_underperformance,normal,capability,ECI:1081876.0,1081876.0,182.0,-17.61273378,177.448371,-17.61273378,177.448371,0.0
INC-000959,542020041221088+20250828124303+Fiji-Nadi-LTE-DL-D!20250828124223,Fiji-Nadi-LTE-DL-D,2025-08-28 02:40:52+02:00,2025-08-28 02:40:53+02:00,1,2,56.2,56.2,44.2,70.87,24.0,0,2,0,True,rb_conditioned_underperformance,ml_hgb_strict_causal_temporal_underperformance,capability,ECI:1076515.0,1076515.0,180.0,-17.61963194,177.43930909,-17.61962749,177.43930394,1.0
INC-000568,542020041221088+20250827145151+Fiji-Nadi-LTE-DL-D!20250827145113,Fiji-Nadi-LTE-DL-D,2025-08-27 04:49:59+02:00,2025-08-27 04:50:02+02:00,1,4,56.16,56.16,53.09,59.9,38.0,0,3,1,False,rb_conditioned_underperformance,normal,capability,ECI:1068852.0,1068852.0,112.0,-17.7658025,177.4667876,-17.7659222,177.4671135,3.0
INC-000991,542020041221088+20250828125404+Fiji-Nadi-LTE-DL-D!20250828125334,Fiji-Nadi-LTE-DL-D,2025-08-28 02:51:41+02:00,2025-08-28 02:51:41+02:00,1,1,56.16,56.16,54.51,58.17,17.0,0,1,0,True,radio_limited_degradation,normal,radio,ECI:1077825.0,1077825.0,167.0,-17.6351858,177.45413,-17.6351858,177.45413,0.0
INC-001296,542020041221088+20250829102934+Nawaka-LTE-DL!20250829102857,Nawaka-LTE-DL,2025-08-29 00:28:16+02:00,2025-08-29 00:28:16+02:00,1,1,56.11,56.11,47.37,66.8,17.0,0,1,0,True,radio_limited_degradation,normal,radio,ECI:1064992.0,1064992.0,469.0,-17.8128905,177.4432642,-17.8128905,177.4432642,0.0
INC-000753,542020041221088+20250828104547+Fiji-Nadi-LTE-DL-D!20250828104505,Fiji-Nadi-LTE-DL-D,2025-08-28 00:43:03+02:00,2025-08-28 00:43:04+02:00,1,2,56.1,56.1,49.9,63.67,24.0,0,2,0,False,ca_underperformance,normal,capability,ECI:1075764.0,1075764.0,160.0,-17.64025122,177.42252937,-17.6401067,177.4227132,1.0
INC-001120,542020041221088+20250828134436+Fiji-Nadi-LTE-DL-D!20250828133934,Fiji-Nadi-LTE-DL-D,2025-08-28 03:38:43+02:00,2025-08-28 03:38:43+02:00,1,1,56.09,56.09,49.13,64.6,17.0,0,1,0,True,radio_limited_degradation,normal,radio,ECI:3636029.0,3636029.0,231.0,-17.6247495,177.45539474,-17.6247495,177.45539474,0.0
INC-000628,542020041221088+20250827152532+Fiji-Nadi-LTE-DL-D!20250827152209,Fiji-Nadi-LTE-DL-D,2025-08-27 05:20:21+02:00,2025-08-27 05:20:21+02:00,1,1,56.04,56.04,44.49,70.15,17.0,0,1,0,True,radio_limited_degradation,normal,radio,ECI:1068606.0,1068606.0,120.0,-17.7425036,177.44222108,-17.7425036,177.44222108,0.0
INC-000178,542020041221088+20250827112909+Fiji-Nadi-LTE-DL-D!20250827110725,Fiji-Nadi-LTE-DL-D,2025-08-27 01:07:22+02:00,2025-08-27 01:07:23+02:00,1,2,56.03,56.03,47.89,65.99,24.0,0,2,0,False,rb_conditioned_underperformance,normal,capability,ECI:1068850.0,1068850.0,111.0,-17.7676449,177.4768981,-17.7676729,177.4768539,1.0
INC-000602,542020041221088+20250827151552+Fiji-Nadi-LTE-DL-D!20250827151524,Fiji-Nadi-LTE-DL-D,2025-08-27 05:13:58+02:00,2025-08-27 05:13:58+02:00,1,1,56.03,56.03,60.04,51.14,17.0,0,1,0,True,radio_limited_degradation,normal,radio,ECI:1068568.0,1068568.0,122.0,-17.74817128,177.45533835,-17.74817128,177.45533835,0.0
INC-000390,542020041221088+20250827133446+Fiji-Nadi-LTE-DL-D!20250827125432,Fiji-Nadi-LTE-DL-D,2025-08-27 02:53:58+02:00,2025-08-27 02:54:05+02:00,2,5,56.02,55.790000000000006,57.23,61.88,31.0,0,5,0,True,rb_conditioned_underperformance,normal,capability,ECI:1065250.0,1065250.0,331.0,-17.80346673,177.41479302,-17.8033545,177.414708,7.0
INC-000192,542020041221088+20250827115331+Fiji-Nadi-LTE-DL-D!20250827112239,Fiji-Nadi-LTE-DL-D,2025-08-27 01:21:51+02:00,2025-08-27 01:21:51+02:00,1,1,56.02,56.02,47.68,66.2,17.0,0,1,0,False,rb_conditioned_underperformance,normal,capability,ECI:1066037.0,1066037.0,124.0,-17.76502008,177.44565153,-17.76502008,177.44565153,0.0
INC-000163,542020041221088+20250827111428+Fiji-Nadi-LTE-DL-D!20250827105835,Fiji-Nadi-LTE-DL-D,2025-08-27 00:57:42+02:00,2025-08-27 00:57:43+02:00,1,2,55.98,55.98,50.13,63.14,24.0,0,2,0,False,ca_underperformance,normal,capability,ECI:1073462.0,1073462.0,81.0,-17.77752513,177.47778335,-17.7776314,177.4779567,1.0
INC-000091,542020041221088+20250827102926+Fiji-Nadi-LTE-DL-D!20250827102813,Fiji-Nadi-LTE-DL-D,2025-08-27 00:28:04+02:00,2025-08-27 00:28:06+02:00,1,3,55.96,55.96,69.72,39.16,31.0,0,3,0,True,radio_limited_degradation,normal,radio,ECI:1064765.0,1064765.0,148.0,-17.8149731,177.4370464,-17.8149877,177.437254,2.0
INC-000670,542020041221088+20250827155853+Fiji-Nadi-LTE-DL-D!20250827154409,Fiji-Nadi-LTE-DL-D,2025-08-27 05:44:04+02:00,2025-08-27 05:44:04+02:00,1,1,55.94,55.94,51.64,61.2,17.0,0,1,0,True,radio_limited_degradation,normal,radio,ECI:1066291.0,1066291.0,487.0,-17.75189698,177.45441863,-17.75189698,177.45441863,0.0
INC-000168,542020041221088+20250827112048+Fiji-Nadi-LTE-DL-D!20250827110300,Fiji-Nadi-LTE-DL-D,2025-08-27 01:02:47+02:00,2025-08-27 01:02:48+02:00,1,2,55.92,55.92,50.02,63.14,24.0,0,2,0,False,radio_p75_underperformance,ml_hgb_strict_causal_temporal_underperformance,capability,ECI:1070366.0,1070366.0,333.0,-17.7751154,177.4880571,-17.7750397,177.4880761,1.0
INC-000039,542020041221088+20250827095145+Fiji-Nadi-LTE-DL-D!20250827095034,Fiji-Nadi-LTE-DL-D,2025-08-26 23:49:39+02:00,2025-08-26 23:49:40+02:00,1,2,55.91,55.91,51.98,60.72,24.0,0,2,0,True,radio_limited_degradation,normal,temporal,ECI:1067570.0,1067570.0,151.0,-17.8131091,177.3985136,-17.81320617,177.39841908,1.0
INC-001207,542020041221088+20250828141358+Fiji-Nadi-LTE-DL-D!20250828141324,Fiji-Nadi-LTE-DL-D,2025-08-28 04:13:14+02:00,2025-08-28 04:13:14+02:00,1,1,55.9,55.9,54.63,57.45,17.0,0,1,0,False,ca_underperformance,normal,capability,ECI:1076279.0,1076279.0,179.0,-17.6137678,177.4602347,-17.6137678,177.4602347,0.0
INC-000931,542020041221088+20250828123602+Fiji-Nadi-LTE-DL-D!20250828123538,Fiji-Nadi-LTE-DL-D,2025-08-28 02:34:39+02:00,2025-08-28 02:34:39+02:00,1,1,55.88,55.88,50.71,62.18,17.0,0,1,0,False,sudden_drop,normal,temporal,ECI:1079606.0,1079606.0,345.0,-17.6300746,177.4403946,-17.6300746,177.4403946,0.0
INC-001103,542020041221088+20250828134016+Fiji-Nadi-LTE-DL-D!20250828133246,Fiji-Nadi-LTE-DL-D,2025-08-28 03:31:38+02:00,2025-08-28 03:31:41+02:00,2,3,55.84,51.94,65.4,44.15,24.0,0,3,0,True,radio_limited_degradation,normal,radio,ECI:1076289.0,1076289.0,179.0,-17.6181292,177.46356062,-17.6179239,177.4632084,3.0
INC-001108,542020041221088+20250828134116+Fiji-Nadi-LTE-DL-D!20250828133502,Fiji-Nadi-LTE-DL-D,2025-08-28 03:33:05+02:00,2025-08-28 03:33:06+02:00,1,2,55.8,55.8,53.9,58.12,24.0,0,2,0,False,ca_underperformance,normal,capability,ECI:1080641.0,1080641.0,353.0,-17.6139417,177.46146045,-17.61398506,177.46157027,1.0
INC-001231,542020041221088+20250828142959+Fiji-Nadi-LTE-DL-D!20250828142912,Fiji-Nadi-LTE-DL-D,2025-08-28 04:28:09+02:00,2025-08-28 04:28:10+02:00,1,2,55.79,55.79,50.27,62.54,24.0,0,2,0,False,rolling_local_drop,normal,temporal,ECI:1082167.0,1082167.0,141.0,-17.6042736,177.4449489,-17.6042731,177.44494903,1.0
INC-000458,542020041221088+20250827135108+Fiji-Nadi-LTE-DL-D!20250827132314,Fiji-Nadi-LTE-DL-D,2025-08-27 03:22:13+02:00,2025-08-27 03:22:14+02:00,1,2,55.76,55.76,53.39,58.65,24.0,0,2,0,False,ca_underperformance,normal,capability,ECI:1067048.0,1067048.0,339.0,-17.77130787,177.43714477,-17.77127579,177.4370691,1.0
INC-001098,542020041221088+20250828133856+Fiji-Nadi-LTE-DL-D!20250828133030,Fiji-Nadi-LTE-DL-D,2025-08-28 03:29:21+02:00,2025-08-28 03:29:21+02:00,1,1,55.74,55.74,51.02,61.52,17.0,0,1,0,False,sudden_drop,normal,temporal,ECI:3638837.0,3638837.0,253.0,-17.6177596,177.4656364,-17.6177596,177.4656364,0.0
INC-001195,542020041221088+20250828141158+Fiji-Nadi-LTE-DL-D!20250828141111,Fiji-Nadi-LTE-DL-D,2025-08-28 04:09:56+02:00,2025-08-28 04:09:56+02:00,1,1,55.74,55.74,56.34,54.99,17.0,0,1,0,True,radio_limited_degradation,normal,radio,ECI:1076429.0,1076429.0,375.0,-17.60960381,177.46171472,-17.60960381,177.46171472,0.0
INC-001178,542020041221088+20250828140718+Fiji-Nadi-LTE-DL-D!20250828140641,Fiji-Nadi-LTE-DL-D,2025-08-28 04:04:43+02:00,2025-08-28 04:04:43+02:00,1,1,55.72,55.72,51.72,60.6,17.0,0,1,0,True,radio_limited_degradation,normal,radio,ECI:1076788.0,1076788.0,183.0,-17.60557169,177.45215827,-17.60557169,177.45215827,0.0
INC-001186,542020041221088+20250828140938+Fiji-Nadi-LTE-DL-D!20250828140855,Fiji-Nadi-LTE-DL-D,2025-08-28 04:07:05+02:00,2025-08-28 04:07:05+02:00,1,1,55.71,55.71,47.59,65.63,17.0,0,1,0,False,ca_underperformance,ml_hgb_strict_causal_temporal_underperformance,capability,ECI:1082133.0,1082133.0,140.0,-17.60788926,177.45073109,-17.60788926,177.45073109,0.0
INC-001043,542020041221088+20250828131435+Fiji-Nadi-LTE-DL-D!20250828131128,Fiji-Nadi-LTE-DL-D,2025-08-28 03:11:00+02:00,2025-08-28 03:11:00+02:00,1,1,55.7,55.7,42.88,71.37,17.0,0,1,0,False,sudden_drop,normal,temporal,ECI:3638838.0,3638838.0,254.0,-17.62796566,177.47067209,-17.62796566,177.47067209,0.0
INC-000634,542020041221088+20250827152532+Fiji-Nadi-LTE-DL-D!20250827152209,Fiji-Nadi-LTE-DL-D,2025-08-27 05:21:54+02:00,2025-08-27 05:21:55+02:00,1,2,55.67,55.67,50.98,61.4,24.0,0,2,0,False,ca_underperformance,normal,capability,ECI:1068606.0,1068606.0,120.0,-17.7416286,177.4433752,-17.74162864,177.44337534,1.0
INC-001292,542020041221088+20250829102713+Nawaka-LTE-DL!20250829102643,Nawaka-LTE-DL,2025-08-29 00:25:12+02:00,2025-08-29 00:25:12+02:00,1,1,55.65,55.65,54.02,57.65,17.0,0,1,0,True,radio_limited_degradation,normal,radio,ECI:1064992.0,1064992.0,469.0,-17.8128906,177.4432636,-17.8128906,177.4432636,0.0
INC-000580,542020041221088+20250827151132+Fiji-Nadi-LTE-DL-D!20250827151053,Fiji-Nadi-LTE-DL-D,2025-08-27 05:09:07+02:00,2025-08-27 05:09:07+02:00,1,1,55.64,55.64,52.0,60.09,17.0,0,1,0,False,ca_underperformance,normal,capability,ECI:1072150.0,1072150.0,448.0,-17.7544688,177.4548683,-17.7544688,177.4548683,0.0
INC-001276,542020041221088+20250828154002+Fiji-Nadi-LTE-DL-D!20250828153143,Fiji-Nadi-LTE-DL-D,2025-08-28 05:30:13+02:00,2025-08-28 05:30:13+02:00,1,1,55.62,55.62,43.9,69.95,17.0,0,1,0,False,rb_efficiency_underperformance,normal,temporal,ECI:1081414.0,1081414.0,453.0,-17.6877815,177.4108275,-17.6877815,177.4108275,0.0
INC-000825,542020041221088+20250828114252+Fiji-Nadi-LTE-DL-D!20250828111332,Fiji-Nadi-LTE-DL-D,2025-08-28 01:13:24+02:00,2025-08-28 01:13:24+02:00,1,1,55.6,55.6,44.48,69.18,17.0,0,1,0,True,radio_limited_degradation,normal,radio,ECI:1076427.0,1076427.0,373.0,-17.6025331,177.4842351,-17.6025331,177.4842351,0.0
INC-001166,542020041221088+20250828140337+Fiji-Nadi-LTE-DL-D!20250828140209,Fiji-Nadi-LTE-DL-D,2025-08-28 04:00:49+02:00,2025-08-28 04:00:49+02:00,1,1,55.6,55.6,53.4,58.29,17.0,0,1,0,False,ca_underperformance,normal,capability,ECI:1082172.0,1082172.0,139.0,-17.607977,177.4547801,-17.607977,177.4547801,0.0
INC-001293,542020041221088+20250829102713+Nawaka-LTE-DL!20250829102643,Nawaka-LTE-DL,2025-08-29 00:25:38+02:00,2025-08-29 00:25:38+02:00,1,1,55.6,55.6,51.72,60.35,17.0,0,1,0,True,radio_limited_degradation,normal,radio,ECI:1064992.0,1064992.0,469.0,-17.8128906,177.4432637,-17.8128906,177.4432637,0.0
INC-000649,542020041221088+20250827152912+Fiji-Nadi-LTE-DL-D!20250827152850,Fiji-Nadi-LTE-DL-D,2025-08-27 05:27:44+02:00,2025-08-27 05:27:46+02:00,1,3,55.59,55.59,51.86,60.14,31.0,0,3,0,True,ca_underperformance,normal,capability,ECI:1068608.0,1068608.0,50.0,-17.7459248,177.4427308,-17.7460043,177.4427079,2.0
INC-001273,542020041221088+20250828153922+Fiji-Nadi-LTE-DL-D!20250828152928,Fiji-Nadi-LTE-DL-D,2025-08-28 05:28:35+02:00,2025-08-28 05:28:35+02:00,1,1,55.58,55.58,43.84,69.94,17.0,0,1,0,False,rb_conditioned_underperformance,ml_hgb_strict_causal_temporal_underperformance,temporal,ECI:1081375.0,1081375.0,454.0,-17.6794135,177.4090542,-17.6794135,177.4090542,0.0
INC-001097,542020041221088+20250828133816+Fiji-Nadi-LTE-DL-D!20250828132818,Fiji-Nadi-LTE-DL-D,2025-08-28 03:28:10+02:00,2025-08-28 03:28:11+02:00,1,2,55.57,55.57,65.82,43.03,24.0,0,2,0,True,radio_limited_degradation,normal,radio,ECI:1076289.0,1076289.0,179.0,-17.6153419,177.4662678,-17.615361,177.4662623,1.0
INC-000299,542020041221088+20250827123738+Fiji-Nadi-LTE-DL-D!20250827115101,Fiji-Nadi-LTE-DL-D,2025-08-27 01:49:36+02:00,2025-08-27 01:49:36+02:00,1,1,55.57,55.57,44.95,68.55,17.0,0,1,0,False,sudden_drop,normal,temporal,ECI:1066772.0,1066772.0,157.0,-17.77270609,177.37426741,-17.77270609,177.37426741,0.0
INC-000182,542020041221088+20250827114050+Fiji-Nadi-LTE-DL-D!20250827111354,Fiji-Nadi-LTE-DL-D,2025-08-27 01:12:50+02:00,2025-08-27 01:12:50+02:00,1,1,55.55,55.55,71.47,36.08,17.0,0,1,0,True,radio_limited_degradation,normal,radio,ECI:1067316.0,1067316.0,110.0,-17.7522093,177.4594024,-17.7522093,177.4594024,0.0
INC-000260,542020041221088+20250827123337+Fiji-Nadi-LTE-DL-D!20250827114216,Fiji-Nadi-LTE-DL-D,2025-08-27 01:41:19+02:00,2025-08-27 01:41:19+02:00,1,1,55.55,55.55,48.03,64.74,17.0,0,1,0,False,ca_underperformance,normal,capability,ECI:1073736.0,1073736.0,140.0,-17.79672137,177.40751802,-17.79672137,177.40751802,0.0
INC-000360,542020041221088+20250827131944+Fiji-Nadi-LTE-DL-D!20250827121729,Fiji-Nadi-LTE-DL-D,2025-08-27 02:16:43+02:00,2025-08-27 02:16:45+02:00,1,3,55.54,55.54,50.98,61.11,31.0,0,3,0,True,ca_underperformance,normal,capability,ECI:1068064.0,1068064.0,143.0,-17.79970831,177.41769481,-17.79971727,177.41785714,2.0
INC-000040,542020041221088+20250827095145+Fiji-Nadi-LTE-DL-D!20250827095034,Fiji-Nadi-LTE-DL-D,2025-08-26 23:49:57+02:00,2025-08-26 23:49:57+02:00,1,1,55.53,55.53,48.39,64.26,17.0,0,1,0,False,sudden_drop,normal,temporal,ECI:1067570.0,1067570.0,151.0,-17.8149233,177.3967452,-17.8149233,177.3967452,0.0
INC-000920,542020041221088+20250828123202+Fiji-Nadi-LTE-DL-D!20250828122853,Fiji-Nadi-LTE-DL-D,2025-08-28 02:28:24+02:00,2025-08-28 02:28:24+02:00,1,1,55.5,55.5,46.86,66.05,17.0,0,1,0,False,ca_underperformance,normal,capability,ECI:1081660.0,1081660.0,346.0,-17.62784743,177.43289759,-17.62784743,177.43289759,0.0
INC-000384,542020041221088+20250827133206+Fiji-Nadi-LTE-DL-D!20250827125008,Fiji-Nadi-LTE-DL-D,2025-08-27 02:49:32+02:00,2025-08-27 02:49:32+02:00,1,1,55.45,55.45,59.08,51.01,17.0,0,1,0,True,radio_limited_degradation,normal,radio,ECI:1064757.0,1064757.0,147.0,-17.8015101,177.4160956,-17.8015101,177.4160956,0.0
INC-001099,542020041221088+20250828133856+Fiji-Nadi-LTE-DL-D!20250828133030,Fiji-Nadi-LTE-DL-D,2025-08-28 03:30:04+02:00,2025-08-28 03:30:04+02:00,1,1,55.45,55.45,49.34,62.93,17.0,0,1,0,True,radio_limited_degradation,normal,radio,ECI:1076289.0,1076289.0,179.0,-17.61603827,177.46600834,-17.61603827,177.46600834,0.0
INC-000765,542020041221088+20250828105007+Fiji-Nadi-LTE-DL-D!20250828104930,Fiji-Nadi-LTE-DL-D,2025-08-28 00:47:28+02:00,2025-08-28 00:47:29+02:00,1,2,55.43,55.43,51.28,60.51,24.0,0,2,0,False,radio_p75_underperformance,normal,capability,ECI:1078583.0,1078583.0,163.0,-17.64668492,177.43799447,-17.6467758,177.4381363,1.0
INC-000862,542020041221088+20250828121001+Fiji-Nadi-LTE-DL-D!20250828114201,Fiji-Nadi-LTE-DL-D,2025-08-28 01:41:56+02:00,2025-08-28 01:41:57+02:00,1,2,55.43,55.43,53.62,57.64,24.0,0,2,0,True,radio_limited_degradation,normal,radio,ECI:1076790.0,1076790.0,139.0,-17.6037373,177.4523499,-17.60373739,177.45234957,1.0
INC-000948,542020041221088+20250828124043+Fiji-Nadi-LTE-DL-D!20250828124009,Fiji-Nadi-LTE-DL-D,2025-08-28 02:38:07+02:00,2025-08-28 02:38:07+02:00,1,1,55.42,55.42,46.56,66.24,17.0,0,1,0,False,rb_conditioned_underperformance,normal,capability,EARFCN:41384.0|PCI:313.0,,313.0,-17.6314439,177.4435269,-17.6314439,177.4435269,0.0
INC-000887,542020041221088+20250828121902+Fiji-Nadi-LTE-DL-D!20250828120130,Fiji-Nadi-LTE-DL-D,2025-08-28 02:01:11+02:00,2025-08-28 02:01:11+02:00,1,1,55.41,55.41,49.82,62.24,17.0,0,1,0,True,radio_limited_degradation,normal,temporal,ECI:1076791.0,1076791.0,183.0,-17.6046294,177.4530047,-17.6046294,177.4530047,0.0
INC-000826,542020041221088+20250828114252+Fiji-Nadi-LTE-DL-D!20250828111332,Fiji-Nadi-LTE-DL-D,2025-08-28 01:13:32+02:00,2025-08-28 01:13:32+02:00,1,1,55.39,55.39,47.81,64.64,17.0,0,1,0,False,sudden_drop,normal,temporal,ECI:1076427.0,1076427.0,373.0,-17.602146,177.4854304,-17.602146,177.4854304,0.0
INC-000909,542020041221088+20250828122542+Fiji-Nadi-LTE-DL-D!20250828121826,Fiji-Nadi-LTE-DL-D,2025-08-28 02:17:22+02:00,2025-08-28 02:17:22+02:00,1,1,55.36,55.36,53.43,57.73,17.0,0,1,0,False,rb_conditioned_underperformance,normal,capability,ECI:1082172.0,1082172.0,139.0,-17.6052532,177.4515733,-17.6052532,177.4515733,0.0
INC-000794,542020041221088+20250828113551+Fiji-Nadi-LTE-DL-D!20250828110238,Fiji-Nadi-LTE-DL-D,2025-08-28 01:01:07+02:00,2025-08-28 01:01:07+02:00,1,1,55.31,55.31,53.82,57.13,17.0,0,1,0,False,rb_conditioned_underperformance,normal,capability,ECI:3640371.0,3640371.0,271.0,-17.63648374,177.46058386,-17.63648374,177.46058386,0.0
INC-001162,542020041221088+20250828140157+Fiji-Nadi-LTE-DL-D!20250828135953,Fiji-Nadi-LTE-DL-D,2025-08-28 03:58:42+02:00,2025-08-28 03:58:43+02:00,1,2,55.29,55.29,52.12,59.16,24.0,0,2,0,False,radio_p75_underperformance,normal,capability,ECI:1080085.0,1080085.0,196.0,-17.60721997,177.45694394,-17.60717796,177.45693307,1.0
INC-000750,542020041221088+20250828104327+Fiji-Nadi-LTE-DL-D!20250828104254,Fiji-Nadi-LTE-DL-D,2025-08-28 00:41:58+02:00,2025-08-28 00:41:59+02:00,1,2,55.25,55.25,51.25,60.13,24.0,0,2,0,False,ca_underperformance,normal,capability,ECI:1081652.0,1081652.0,356.0,-17.64471657,177.41663953,-17.6445902,177.4168763,1.0
INC-000762,542020041221088+20250828104747+Fiji-Nadi-LTE-DL-D!20250828104718,Fiji-Nadi-LTE-DL-D,2025-08-28 00:46:16+02:00,2025-08-28 00:46:19+02:00,2,3,55.22,52.055,45.55,67.04,24.0,0,3,0,False,ca_underperformance,normal,capability,ECI:1081654.0,1081654.0,16.0,-17.64279645,177.43223974,-17.6431849,177.4323985,3.0
INC-000036,542020041221088+20250827095145+Fiji-Nadi-LTE-DL-D!20250827095034,Fiji-Nadi-LTE-DL-D,2025-08-26 23:48:49+02:00,2025-08-26 23:48:49+02:00,1,1,55.2,55.2,50.26,61.24,17.0,0,1,0,True,radio_limited_degradation,normal,temporal,ECI:1067570.0,1067570.0,151.0,-17.810757,177.4007305,-17.810757,177.4007305,0.0
INC-000562,542020041221088+20250827144511+Fiji-Nadi-LTE-DL-D!20250827144430,Fiji-Nadi-LTE-DL-D,2025-08-27 04:43:31+02:00,2025-08-27 04:43:31+02:00,1,1,55.19,55.19,54.72,55.77,17.0,0,1,0,True,rb_efficiency_underperformance,normal,radio,ECI:1069375.0,1069375.0,136.0,-17.7625477,177.4421033,-17.7625477,177.4421033,0.0
INC-001301,542020041221088+20250829103754+Nawaka-LTE-DL!20250829103644,Nawaka-LTE-DL,2025-08-29 00:36:13+02:00,2025-08-29 00:36:13+02:00,1,1,55.19,55.19,63.98,44.45,17.0,0,1,0,True,radio_limited_degradation,normal,radio,ECI:1064982.0,1064982.0,469.0,-17.8128905,177.4432648,-17.8128905,177.4432648,0.0
INC-000743,542020041221088+20250828103907+Fiji-Nadi-LTE-DL-D!20250828103834,Fiji-Nadi-LTE-DL-D,2025-08-28 00:37:47+02:00,2025-08-28 00:37:48+02:00,1,2,55.18,55.18,55.03,55.35,24.0,0,2,0,True,radio_limited_degradation,normal,radio,ECI:1081376.0,1081376.0,455.0,-17.66749309,177.40713667,-17.66736054,177.40710017,1.0
INC-000447,542020041221088+20250827134808+Fiji-Nadi-LTE-DL-D!20250827131638,Fiji-Nadi-LTE-DL-D,2025-08-27 03:14:49+02:00,2025-08-27 03:14:51+02:00,1,3,55.15,55.15,57.38,52.42,31.0,0,3,0,True,radio_limited_degradation,normal,radio,ECI:1067041.0,1067041.0,339.0,-17.77009179,177.4357823,-17.77001618,177.43565756,2.0
INC-000433,542020041221088+20250827134427+Fiji-Nadi-LTE-DL-D!20250827131213,Fiji-Nadi-LTE-DL-D,2025-08-27 03:10:36+02:00,2025-08-27 03:10:36+02:00,1,1,55.14,55.14,51.31,59.82,17.0,0,1,0,False,sudden_drop,normal,temporal,ECI:1072692.0,1072692.0,394.0,-17.7780566,177.4310495,-17.7780566,177.4310495,0.0
INC-000801,542020041221088+20250828113551+Fiji-Nadi-LTE-DL-D!20250828110238,Fiji-Nadi-LTE-DL-D,2025-08-28 01:02:34+02:00,2025-08-28 01:02:34+02:00,1,1,55.13,55.13,63.93,44.36,17.0,0,1,0,True,radio_limited_degradation,normal,radio,ECI:1077820.0,1077820.0,165.0,-17.6382162,177.467529,-17.6382162,177.467529,0.0
INC-000842,542020041221088+20250828115533+Fiji-Nadi-LTE-DL-D!20250828113110,Fiji-Nadi-LTE-DL-D,2025-08-28 01:30:44+02:00,2025-08-28 01:30:44+02:00,1,1,55.13,55.13,53.3,57.38,17.0,0,1,0,False,ca_underperformance,normal,capability,ECI:1076796.0,1076796.0,184.0,-17.6043907,177.4588843,-17.6043907,177.4588843,0.0
INC-000655,542020041221088+20250827153332+Fiji-Nadi-LTE-DL-D!20250827153318,Fiji-Nadi-LTE-DL-D,2025-08-27 05:32:58+02:00,2025-08-27 05:32:58+02:00,1,1,55.11,55.11,51.36,59.69,17.0,0,1,0,False,rb_conditioned_underperformance,normal,capability,ECI:1068566.0,1068566.0,120.0,-17.744629,177.4392415,-17.744629,177.4392415,0.0
INC-000675,542020041221088+20250827160414+Fiji-Nadi-LTE-DL-D!20250827155722,Fiji-Nadi-LTE-DL-D,2025-08-27 05:56:11+02:00,2025-08-27 05:56:11+02:00,1,1,55.11,55.11,48.07,63.72,17.0,0,1,0,False,ca_underperformance,normal,capability,ECI:1073216.0,1073216.0,470.0,-17.79757177,177.44869262,-17.79757177,177.44869262,0.0
INC-000244,542020041221088+20250827122836+Fiji-Nadi-LTE-DL-D!20250827113757,Fiji-Nadi-LTE-DL-D,2025-08-27 01:36:55+02:00,2025-08-27 01:36:55+02:00,1,1,55.1,55.1,62.29,46.31,17.0,0,1,0,True,radio_limited_degradation,normal,radio,ECI:1067153.0,1067153.0,338.0,-17.77928918,177.42611689,-17.77928918,177.42611689,0.0
INC-000709,542020041221088+20250827161314+Fiji-Nadi-LTE-DL-D!20250827161239,Fiji-Nadi-LTE-DL-D,2025-08-27 06:12:04+02:00,2025-08-27 06:12:04+02:00,1,1,55.1,55.1,48.57,63.08,17.0,0,1,0,False,rb_conditioned_underperformance,normal,capability,ECI:1065025.0,1065025.0,469.0,-17.8135828,177.4475744,-17.8135828,177.4475744,0.0
INC-001302,542020041221088+20250829103754+Nawaka-LTE-DL!20250829103644,Nawaka-LTE-DL,2025-08-29 00:36:23+02:00,2025-08-29 00:36:23+02:00,1,1,55.09,55.09,66.36,41.32,17.0,0,1,0,True,radio_limited_degradation,normal,radio,ECI:1064982.0,1064982.0,469.0,-17.8128905,177.4432647,-17.8128905,177.4432647,0.0
INC-000237,542020041221088+20250827122555+Fiji-Nadi-LTE-DL-D!20250827113546,Fiji-Nadi-LTE-DL-D,2025-08-27 01:35:05+02:00,2025-08-27 01:35:05+02:00,1,1,55.08,55.08,50.62,60.54,17.0,0,1,0,False,rb_conditioned_underperformance,normal,capability,ECI:1072446.0,1072446.0,394.0,-17.7702933,177.4262311,-17.7702933,177.4262311,0.0
INC-000253,542020041221088+20250827123136+Fiji-Nadi-LTE-DL-D!20250827114007,Fiji-Nadi-LTE-DL-D,2025-08-27 01:39:25+02:00,2025-08-27 01:39:25+02:00,1,1,55.02,55.02,62.16,46.31,17.0,0,1,0,True,radio_limited_degradation,normal,radio,ECI:1065537.0,1065537.0,137.0,-17.78845914,177.41550284,-17.78845914,177.41550284,0.0
INC-000747,542020041221088+20250828104127+Fiji-Nadi-LTE-DL-D!20250828104043,Fiji-Nadi-LTE-DL-D,2025-08-28 00:39:32+02:00,2025-08-28 00:39:32+02:00,1,1,55.0,55.0,55.31,54.62,17.0,0,1,0,False,rb_conditioned_underperformance,normal,capability,ECI:1075733.0,1075733.0,159.0,-17.6556901,177.405748,-17.6556901,177.405748,0.0
INC-000977,542020041221088+20250828124943+Fiji-Nadi-LTE-DL-D!20250828124907,Fiji-Nadi-LTE-DL-D,2025-08-28 02:48:12+02:00,2025-08-28 02:48:12+02:00,1,1,55.0,55.0,45.71,66.36,17.0,0,1,0,True,radio_limited_degradation,normal,radio,ECI:1079245.0,1079245.0,385.0,-17.6258716,177.4467959,-17.6258716,177.4467959,0.0
INC-000107,542020041221088+20250827103926+Fiji-Nadi-LTE-DL-D!20250827103843,Fiji-Nadi-LTE-DL-D,2025-08-27 00:37:42+02:00,2025-08-27 00:37:43+02:00,1,2,54.93,54.93,71.23,35.01,24.0,0,2,0,True,radio_limited_degradation,normal,radio,ECI:1071637.0,1071637.0,395.0,-17.81177826,177.43411266,-17.8116133,177.4340156,1.0
INC-000094,542020041221088+20250827103246+Fiji-Nadi-LTE-DL-D!20250827103001,Fiji-Nadi-LTE-DL-D,2025-08-27 00:28:44+02:00,2025-08-27 00:28:45+02:00,1,2,54.86,54.86,54.81,54.93,24.0,0,2,0,True,radio_limited_degradation,normal,capability,ECI:1064755.0,1064755.0,148.0,-17.814942,177.440954,-17.814951,177.44100125,1.0
INC-000754,542020041221088+20250828104547+Fiji-Nadi-LTE-DL-D!20250828104505,Fiji-Nadi-LTE-DL-D,2025-08-28 00:43:26+02:00,2025-08-28 00:43:27+02:00,1,2,54.83,54.83,51.41,59.01,24.0,0,2,0,False,rb_conditioned_underperformance,normal,capability,ECI:1081652.0,1081652.0,356.0,-17.63868897,177.42452833,-17.63861265,177.42462578,1.0
INC-000161,542020041221088+20250827110647+Fiji-Nadi-LTE-DL-D!20250827105407,Fiji-Nadi-LTE-DL-D,2025-08-27 00:53:36+02:00,2025-08-27 00:53:37+02:00,1,2,54.82,54.82,54.18,55.61,24.0,0,2,0,True,radio_limited_degradation,normal,radio,ECI:1067289.0,1067289.0,110.0,-17.76549436,177.46601136,-17.76553929,177.46611031,1.0
INC-001197,542020041221088+20250828141158+Fiji-Nadi-LTE-DL-D!20250828141111,Fiji-Nadi-LTE-DL-D,2025-08-28 04:10:37+02:00,2025-08-28 04:10:39+02:00,1,3,54.8,54.8,69.1,37.32,31.0,0,3,0,True,radio_limited_degradation,normal,radio,ECI:1076259.0,1076259.0,375.0,-17.6075424,177.4622646,-17.607424,177.4622869,2.0
INC-001044,542020041221088+20250828131954+Fiji-Nadi-LTE-DL-D!20250828131344,Fiji-Nadi-LTE-DL-D,2025-08-28 03:12:01+02:00,2025-08-28 03:12:02+02:00,1,2,54.8,54.8,49.55,61.21,24.0,0,2,0,False,ca_underperformance,normal,capability,ECI:1080607.0,1080607.0,352.0,-17.6306174,177.475614,-17.63061649,177.47561356,1.0
INC-000958,542020041221088+20250828124303+Fiji-Nadi-LTE-DL-D!20250828124223,Fiji-Nadi-LTE-DL-D,2025-08-28 02:40:21+02:00,2025-08-28 02:40:23+02:00,1,3,54.73,54.73,52.1,57.94,31.0,0,3,0,False,ca_underperformance,normal,capability,ECI:1079095.0,1079095.0,169.0,-17.6214313,177.4403948,-17.6213463,177.4402162,2.0
INC-000828,542020041221088+20250828114552+Fiji-Nadi-LTE-DL-D!20250828111754,Fiji-Nadi-LTE-DL-D,2025-08-28 01:16:08+02:00,2025-08-28 01:16:09+02:00,1,2,54.54,54.54,58.47,49.74,24.0,0,2,0,True,ca_underperformance,normal,capability,ECI:1079829.0,1079829.0,495.0,-17.5954187,177.5061049,-17.5954321,177.5060451,1.0
INC-000975,542020041221088+20250828124723+Fiji-Nadi-LTE-DL-D!20250828124651,Fiji-Nadi-LTE-DL-D,2025-08-28 02:46:46+02:00,2025-08-28 02:46:47+02:00,1,2,54.54,54.54,52.15,57.44,24.0,0,2,0,False,radio_p75_underperformance,normal,capability,ECI:1079061.0,1079061.0,170.0,-17.62887716,177.44933937,-17.62879305,177.44927271,1.0
INC-000110,542020041221088+20250827104347+Fiji-Nadi-LTE-DL-D!20250827104305,Fiji-Nadi-LTE-DL-D,2025-08-27 00:42:00+02:00,2025-08-27 00:42:01+02:00,1,2,54.51,54.51,47.45,63.15,24.0,0,2,0,False,rolling_local_drop,normal,temporal,ECI:1071666.0,1071666.0,393.0,-17.80142083,177.43164611,-17.80135147,177.43176749,1.0
INC-000353,542020041221088+20250827131704+Fiji-Nadi-LTE-DL-D!20250827121308,Fiji-Nadi-LTE-DL-D,2025-08-27 02:12:29+02:00,2025-08-27 02:12:29+02:00,1,1,54.43,54.43,70.46,34.84,17.0,0,1,0,True,radio_limited_degradation,normal,radio,ECI:1073736.0,1073736.0,363.0,-17.7968805,177.4073999,-17.7968805,177.4073999,0.0
INC-000507,542020041221088+20250827140349+Fiji-Nadi-LTE-DL-D!20250827135601,Fiji-Nadi-LTE-DL-D,2025-08-27 03:55:15+02:00,2025-08-27 03:55:16+02:00,1,2,54.38,54.38,51.11,58.38,24.0,0,2,0,True,ca_underperformance,normal,capability,ECI:1066035.0,1066035.0,123.0,-17.7699024,177.4417703,-17.7698724,177.4418263,1.0
INC-001256,542020041221088+20250828144319+Fiji-Nadi-LTE-DL-D!20250828144243,Fiji-Nadi-LTE-DL-D,2025-08-28 04:42:24+02:00,2025-08-28 04:42:25+02:00,1,2,54.25,54.25,49.67,59.85,24.0,0,2,0,False,ca_underperformance,normal,capability,ECI:1075764.0,1075764.0,160.0,-17.6337954,177.4291891,-17.6338659,177.4291334,1.0
INC-000393,542020041221088+20250827133707+Fiji-Nadi-LTE-DL-D!20250827125859,Fiji-Nadi-LTE-DL-D,2025-08-27 02:58:40+02:00,2025-08-27 02:58:41+02:00,1,2,54.15,54.15,47.71,62.01,24.0,0,2,0,False,ca_underperformance,normal,capability,ECI:1073715.0,1073715.0,362.0,-17.7977355,177.4158305,-17.7977095,177.41582,1.0
INC-000852,542020041221088+20250828120254+Fiji-Nadi-LTE-DL-D!20250828113742,Fiji-Nadi-LTE-DL-D,2025-08-28 01:36:21+02:00,2025-08-28 01:36:22+02:00,1,2,54.11,54.11,51.6,57.16,24.0,0,2,0,True,radio_limited_degradation,normal,capability,ECI:1080086.0,1080086.0,184.0,-17.60418515,177.45758666,-17.6041918,177.4574425,1.0
INC-001280,542020041221088+20250828154002+Fiji-Nadi-LTE-DL-D!20250828153143,Fiji-Nadi-LTE-DL-D,2025-08-28 05:31:24+02:00,2025-08-28 05:31:25+02:00,1,2,53.96,53.96,50.93,57.66,24.0,0,2,0,True,radio_limited_degradation,normal,radio,ECI:1066302.0,1066302.0,157.0,-17.6927671,177.4155983,-17.6927975,177.4157117,1.0
INC-000646,542020041221088+20250827152912+Fiji-Nadi-LTE-DL-D!20250827152850,Fiji-Nadi-LTE-DL-D,2025-08-27 05:27:28+02:00,2025-08-27 05:27:29+02:00,1,2,53.94,53.94,43.74,66.41,24.0,0,2,0,False,rb_conditioned_underperformance,ml_hgb_strict_causal_temporal_underperformance,capability,ECI:1066291.0,1066291.0,487.0,-17.7453846,177.4427761,-17.74536583,177.44274909,1.0
INC-000345,542020041221088+20250827131704+Fiji-Nadi-LTE-DL-D!20250827121308,Fiji-Nadi-LTE-DL-D,2025-08-27 02:11:45+02:00,2025-08-27 02:11:46+02:00,1,2,53.84,53.84,50.19,58.3,24.0,0,2,0,False,ca_underperformance,normal,capability,ECI:1073729.0,1073729.0,363.0,-17.7968343,177.4070941,-17.7968343,177.4070941,1.0
INC-001232,542020041221088+20250828143139+Fiji-Nadi-LTE-DL-D!20250828143127,Fiji-Nadi-LTE-DL-D,2025-08-28 04:29:42+02:00,2025-08-28 04:29:43+02:00,1,2,53.78,53.78,47.68,61.25,24.0,0,2,0,False,ca_underperformance,normal,capability,ECI:1079612.0,1079612.0,180.0,-17.60748684,177.44015614,-17.6076728,177.4400852,1.0
INC-000798,542020041221088+20250828113551+Fiji-Nadi-LTE-DL-D!20250828110238,Fiji-Nadi-LTE-DL-D,2025-08-28 01:01:56+02:00,2025-08-28 01:01:57+02:00,1,2,53.67,53.67,50.4,57.66,24.0,0,2,0,True,rb_conditioned_underperformance,normal,capability,ECI:1077820.0,1077820.0,165.0,-17.6388173,177.4636334,-17.6388254,177.4637559,1.0
INC-000782,542020041221088+20250828105428+Fiji-Nadi-LTE-DL-D!20250828105353,Fiji-Nadi-LTE-DL-D,2025-08-28 00:52:49+02:00,2025-08-28 00:52:50+02:00,1,2,53.5,53.5,47.38,60.99,24.0,0,2,0,True,rb_efficiency_underperformance,normal,radio,ECI:1075735.0,1075735.0,161.0,-17.6549644,177.4387188,-17.654964,177.43871885,1.0
INC-001016,542020041221088+20250828130044+Fiji-Nadi-LTE-DL-D!20250828130012,Fiji-Nadi-LTE-DL-D,2025-08-28 02:59:08+02:00,2025-08-28 02:59:09+02:00,1,2,53.4,53.4,49.98,57.59,24.0,0,2,0,False,radio_p75_underperformance,normal,capability,ECI:1077780.0,1077780.0,165.0,-17.6296126,177.4545215,-17.6295511,177.4545301,1.0
INC-000228,542020041221088+20250827122335+Fiji-Nadi-LTE-DL-D!20250827113336,Fiji-Nadi-LTE-DL-D,2025-08-27 01:33:10+02:00,2025-08-27 01:33:11+02:00,1,2,53.38,53.38,43.86,65.03,24.0,0,2,0,True,radio_limited_degradation,normal,radio,ECI:1066006.0,1066006.0,125.0,-17.7626931,177.4316525,-17.76269166,177.43165467,1.0
INC-000288,542020041221088+20250827123517+Fiji-Nadi-LTE-DL-D!20250827114634,Fiji-Nadi-LTE-DL-D,2025-08-27 01:45:19+02:00,2025-08-27 01:45:23+02:00,2,4,53.27,52.94,67.24,36.85,24.0,0,4,0,True,radio_limited_degradation,normal,radio,ECI:1069126.0,1069126.0,138.0,-17.7837015,177.3881093,-17.7835613,177.3876591,4.0
INC-000425,542020041221088+20250827134247+Fiji-Nadi-LTE-DL-D!20250827130749,Fiji-Nadi-LTE-DL-D,2025-08-27 03:07:22+02:00,2025-08-27 03:07:23+02:00,1,2,53.26,53.26,49.06,58.4,24.0,0,2,0,False,rb_conditioned_underperformance,normal,capability,ECI:1065532.0,1065532.0,134.0,-17.78035168,177.43011923,-17.78027376,177.43016789,1.0
INC-001185,542020041221088+20250828140938+Fiji-Nadi-LTE-DL-D!20250828140855,Fiji-Nadi-LTE-DL-D,2025-08-28 04:06:57+02:00,2025-08-28 04:06:59+02:00,1,3,53.23,53.23,47.89,59.74,31.0,0,3,0,False,ca_underperformance,normal,capability,ECI:1082133.0,1082133.0,140.0,-17.6077687,177.4510676,-17.6078148,177.4509212,2.0
INC-001002,542020041221088+20250828125404+Fiji-Nadi-LTE-DL-D!20250828125334,Fiji-Nadi-LTE-DL-D,2025-08-28 02:53:26+02:00,2025-08-28 02:53:27+02:00,1,2,53.17,53.17,50.75,56.12,24.0,0,2,0,False,radio_p75_underperformance,normal,capability,ECI:1077780.0,1077780.0,165.0,-17.63154994,177.45593521,-17.6317218,177.4559547,1.0
INC-000572,542020041221088+20250827145611+Fiji-Nadi-LTE-DL-D!20250827145542,Fiji-Nadi-LTE-DL-D,2025-08-27 04:54:04+02:00,2025-08-27 04:54:05+02:00,1,2,53.13,53.13,48.68,58.58,24.0,0,2,0,False,ca_underperformance,normal,capability,ECI:1068853.0,1068853.0,111.0,-17.7689377,177.4759004,-17.7689938,177.4759479,1.0
INC-000653,542020041221088+20250827153332+Fiji-Nadi-LTE-DL-D!20250827153318,Fiji-Nadi-LTE-DL-D,2025-08-27 05:31:45+02:00,2025-08-27 05:31:46+02:00,1,2,52.77,52.77,49.44,56.84,24.0,0,2,0,True,ca_underperformance,normal,capability,ECI:1066039.0,1066039.0,120.0,-17.74432567,177.43378543,-17.74429854,177.43385629,1.0
INC-000170,542020041221088+20250827112649+Fiji-Nadi-LTE-DL-D!20250827110516,Fiji-Nadi-LTE-DL-D,2025-08-27 01:03:31+02:00,2025-08-27 01:03:33+02:00,1,3,52.55,52.55,50.66,54.85,31.0,0,3,0,False,rb_conditioned_underperformance,normal,capability,ECI:1073468.0,1073468.0,80.0,-17.7708412,177.4874815,-17.7706447,177.4874327,2.0
INC-000603,542020041221088+20250827151552+Fiji-Nadi-LTE-DL-D!20250827151524,Fiji-Nadi-LTE-DL-D,2025-08-27 05:14:17+02:00,2025-08-27 05:14:18+02:00,1,2,52.55,52.55,50.12,55.51,24.0,0,2,0,False,rb_conditioned_underperformance,normal,capability,ECI:1066294.0,1066294.0,50.0,-17.74777535,177.45477039,-17.74778268,177.45467359,1.0
INC-000908,542020041221088+20250828122542+Fiji-Nadi-LTE-DL-D!20250828121826,Fiji-Nadi-LTE-DL-D,2025-08-28 02:17:17+02:00,2025-08-28 02:17:18+02:00,1,2,52.53,52.53,50.44,55.08,24.0,0,2,0,False,radio_p75_underperformance,normal,capability,ECI:1076798.0,1076798.0,183.0,-17.6053292,177.451988,-17.60532243,177.45198124,1.0
INC-001136,542020041221088+20250828135137+Fiji-Nadi-LTE-DL-D!20250828134837,Fiji-Nadi-LTE-DL-D,2025-08-28 03:47:21+02:00,2025-08-28 03:47:23+02:00,1,3,52.51,52.51,49.24,56.5,31.0,0,3,0,False,ca_underperformance,normal,capability,ECI:1076544.0,1076544.0,140.0,-17.61402385,177.45495261,-17.6141859,177.454963,2.0
INC-001218,542020041221088+20250828141838+Fiji-Nadi-LTE-DL-D!20250828141754,Fiji-Nadi-LTE-DL-D,2025-08-28 04:17:21+02:00,2025-08-28 04:17:22+02:00,1,2,52.47,52.47,60.9,42.16,24.0,0,2,0,True,radio_limited_degradation,normal,radio,ECI:1076286.0,1076286.0,179.0,-17.6109455,177.458816,-17.6109439,177.45881406,1.0
INC-000609,542020041221088+20250827151552+Fiji-Nadi-LTE-DL-D!20250827151524,Fiji-Nadi-LTE-DL-D,2025-08-27 05:15:15+02:00,2025-08-27 05:15:16+02:00,1,2,52.4,52.4,49.63,55.78,24.0,0,2,0,False,ca_underperformance,normal,capability,ECI:1066291.0,1066291.0,487.0,-17.7469222,177.4485231,-17.74692314,177.44852342,1.0
INC-000227,542020041221088+20250827122335+Fiji-Nadi-LTE-DL-D!20250827113336,Fiji-Nadi-LTE-DL-D,2025-08-27 01:32:47+02:00,2025-08-27 01:32:48+02:00,1,2,52.39,52.39,43.44,63.34,24.0,0,2,0,True,radio_limited_degradation,ml_quantile_p75_resource_underperformance,radio,ECI:1066019.0,1066019.0,120.0,-17.7616569,177.4310555,-17.7616459,177.4310824,1.0
INC-000255,542020041221088+20250827123136+Fiji-Nadi-LTE-DL-D!20250827114007,Fiji-Nadi-LTE-DL-D,2025-08-27 01:39:55+02:00,2025-08-27 01:39:56+02:00,1,2,52.28,52.28,66.55,34.84,24.0,0,2,0,True,radio_limited_degradation,normal,radio,ECI:1065527.0,1065527.0,133.0,-17.79101108,177.41304664,-17.79109792,177.41296491,1.0
INC-000849,542020041221088+20250828120053+Fiji-Nadi-LTE-DL-D!20250828113532,Fiji-Nadi-LTE-DL-D,2025-08-28 01:34:43+02:00,2025-08-28 01:34:44+02:00,1,2,52.23,52.23,50.09,54.85,24.0,0,2,0,True,ca_underperformance,normal,capability,ECI:1077525.0,1077525.0,187.0,-17.603662,177.46074416,-17.6036196,177.4605712,1.0
INC-000816,542020041221088+20250828114011+Fiji-Nadi-LTE-DL-D!20250828110908,Fiji-Nadi-LTE-DL-D,2025-08-28 01:08:56+02:00,2025-08-28 01:08:57+02:00,1,2,52.19,52.19,46.48,59.16,24.0,0,2,0,False,rb_conditioned_underperformance,normal,capability,ECI:1076278.0,1076278.0,178.0,-17.6189985,177.47441813,-17.6188989,177.4743052,1.0
INC-000818,542020041221088+20250828114132+Fiji-Nadi-LTE-DL-D!20250828111120,Fiji-Nadi-LTE-DL-D,2025-08-28 01:09:40+02:00,2025-08-28 01:09:41+02:00,1,2,52.16,52.16,49.59,55.3,24.0,0,2,0,False,rb_conditioned_underperformance,normal,capability,ECI:1076279.0,1076279.0,179.0,-17.616196,177.4727311,-17.6161341,177.4726887,1.0
INC-000446,542020041221088+20250827134808+Fiji-Nadi-LTE-DL-D!20250827131638,Fiji-Nadi-LTE-DL-D,2025-08-27 03:14:43+02:00,2025-08-27 03:14:44+02:00,1,2,52.15,52.15,49.23,55.71,24.0,0,2,0,True,ca_underperformance,normal,capability,ECI:1066035.0,1066035.0,123.0,-17.77033897,177.43616212,-17.7702472,177.4360412,1.0
INC-000892,542020041221088+20250828122203+Fiji-Nadi-LTE-DL-D!20250828120550,Fiji-Nadi-LTE-DL-D,2025-08-28 02:05:03+02:00,2025-08-28 02:05:04+02:00,1,2,51.87,51.87,42.89,62.86,24.0,0,2,0,True,radio_limited_degradation,normal,radio,ECI:1076789.0,1076789.0,184.0,-17.6033562,177.4530181,-17.60335628,177.45301809,1.0
INC-001210,542020041221088+20250828141618+Fiji-Nadi-LTE-DL-D!20250828141538,Fiji-Nadi-LTE-DL-D,2025-08-28 04:14:01+02:00,2025-08-28 04:14:02+02:00,1,2,51.76,51.76,47.83,56.56,24.0,0,2,0,True,ca_underperformance,normal,capability,ECI:1082166.0,1082166.0,140.0,-17.61111193,177.45874428,-17.6111512,177.45865976,1.0
INC-000648,542020041221088+20250827152912+Fiji-Nadi-LTE-DL-D!20250827152850,Fiji-Nadi-LTE-DL-D,2025-08-27 05:27:40+02:00,2025-08-27 05:27:41+02:00,1,2,51.59,51.59,47.41,56.69,24.0,0,2,0,False,ca_underperformance,normal,capability,ECI:1068606.0,1068606.0,120.0,-17.7457748,177.4427937,-17.7458124,177.442774,1.0
INC-000687,542020041221088+20250827161114+Fiji-Nadi-LTE-DL-D!20250827160608,Fiji-Nadi-LTE-DL-D,2025-08-27 06:05:56+02:00,2025-08-27 06:05:57+02:00,1,2,51.36,51.36,60.42,40.29,24.0,0,2,0,True,radio_limited_degradation,normal,radio,ECI:1064992.0,1064992.0,469.0,-17.8118388,177.439367,-17.8118474,177.4393414,1.0
INC-000976,542020041221088+20250828124723+Fiji-Nadi-LTE-DL-D!20250828124651,Fiji-Nadi-LTE-DL-D,2025-08-28 02:46:49+02:00,2025-08-28 02:46:51+02:00,1,3,51.3,51.3,49.81,53.12,31.0,0,3,0,True,radio_p75_underperformance,normal,capability,ECI:1079094.0,1079094.0,170.0,-17.62863037,177.4491379,-17.62848225,177.44899604,2.0
INC-000803,542020041221088+20250828113631+Fiji-Nadi-LTE-DL-D!20250828110448,Fiji-Nadi-LTE-DL-D,2025-08-28 01:03:00+02:00,2025-08-28 01:03:01+02:00,1,2,51.23,51.23,48.34,54.75,24.0,0,2,0,True,radio_limited_degradation,normal,radio,ECI:1077794.0,1077794.0,377.0,-17.63800326,177.46956169,-17.6380292,177.4696982,1.0
INC-000002,542020041221088+20250827094025+Fiji-Nadi-LTE-DL-D!20250827093942,Fiji-Nadi-LTE-DL-D,2025-08-26 23:38:05+02:00,2025-08-26 23:38:06+02:00,1,2,51.09,51.09,49.21,53.39,24.0,0,2,0,True,radio_limited_degradation,normal,radio,ECI:1065267.0,1065267.0,145.0,-17.81597138,177.39559379,-17.8159714,177.3955938,1.0
INC-001046,542020041221088+20250828131954+Fiji-Nadi-LTE-DL-D!20250828131344,Fiji-Nadi-LTE-DL-D,2025-08-28 03:12:24+02:00,2025-08-28 03:12:25+02:00,1,2,51.03,51.03,46.23,56.91,24.0,0,2,0,True,radio_limited_degradation,normal,radio,ECI:3636029.0,3636029.0,231.0,-17.6313578,177.4764403,-17.63135701,177.4764403,1.0
INC-001199,542020041221088+20250828141358+Fiji-Nadi-LTE-DL-D!20250828141324,Fiji-Nadi-LTE-DL-D,2025-08-28 04:11:57+02:00,2025-08-28 04:11:58+02:00,1,2,51.0,51.0,60.32,39.59,24.0,0,2,0,True,radio_limited_degradation,normal,radio,ECI:1076429.0,1076429.0,375.0,-17.61069797,177.4627664,-17.61076031,177.46279549,1.0
INC-001282,542020041221088+20250828154042+Fiji-Nadi-LTE-DL-D!20250828153246,Fiji-Nadi-LTE-DL-D,2025-08-28 05:32:11+02:00,2025-08-28 05:32:12+02:00,1,2,50.85,50.85,53.07,48.14,24.0,0,2,0,False,rolling_local_drop,normal,temporal,ECI:1066312.0,1066312.0,488.0,-17.690971,177.4194738,-17.6910236,177.419568,1.0
INC-000749,542020041221088+20250828104327+Fiji-Nadi-LTE-DL-D!20250828104254,Fiji-Nadi-LTE-DL-D,2025-08-28 00:41:48+02:00,2025-08-28 00:41:49+02:00,1,2,50.74,50.74,48.04,54.02,24.0,0,2,0,False,ca_underperformance,normal,capability,ECI:1075763.0,1075763.0,159.0,-17.64513371,177.41537253,-17.64509944,177.41548616,1.0
INC-001239,542020041221088+20250828143419+Fiji-Nadi-LTE-DL-D!20250828143343,Fiji-Nadi-LTE-DL-D,2025-08-28 04:32:50+02:00,2025-08-28 04:32:51+02:00,1,2,50.71,50.71,45.52,57.05,24.0,0,2,0,True,radio_limited_degradation,normal,capability,ECI:1079083.0,1079083.0,383.0,-17.61788794,177.44570284,-17.61794115,177.44580616,1.0
INC-000176,542020041221088+20250827112649+Fiji-Nadi-LTE-DL-D!20250827110516,Fiji-Nadi-LTE-DL-D,2025-08-27 01:04:52+02:00,2025-08-27 01:04:53+02:00,1,2,50.41,50.41,46.52,55.16,24.0,0,2,0,False,ca_underperformance,normal,capability,ECI:1067315.0,1067315.0,108.0,-17.7647268,177.4885395,-17.7646314,177.4884724,1.0
INC-000821,542020041221088+20250828114252+Fiji-Nadi-LTE-DL-D!20250828111332,Fiji-Nadi-LTE-DL-D,2025-08-28 01:12:14+02:00,2025-08-28 01:12:15+02:00,1,2,50.37,50.37,47.42,53.98,24.0,0,2,0,False,ca_underperformance,normal,capability,ECI:1076246.0,1076246.0,179.0,-17.60557404,177.47495433,-17.60552702,177.47509295,1.0
INC-000805,542020041221088+20250828113631+Fiji-Nadi-LTE-DL-D!20250828110448,Fiji-Nadi-LTE-DL-D,2025-08-28 01:03:30+02:00,2025-08-28 01:03:31+02:00,1,2,50.31,50.31,62.46,35.46,24.0,0,2,0,True,radio_limited_degradation,normal,radio,ECI:1077831.0,1077831.0,166.0,-17.6383153,177.4723745,-17.6382941,177.4724782,1.0
INC-001130,542020041221088+20250828134936+Fiji-Nadi-LTE-DL-D!20250828134405,Fiji-Nadi-LTE-DL-D,2025-08-28 03:43:41+02:00,2025-08-28 03:43:42+02:00,1,2,50.17,50.17,46.59,54.55,24.0,0,2,0,True,ca_underperformance,normal,capability,ECI:1082163.0,1082163.0,140.0,-17.6138807,177.4496913,-17.61388086,177.4496906,1.0
INC-000905,542020041221088+20250828122402+Fiji-Nadi-LTE-DL-D!20250828121612,Fiji-Nadi-LTE-DL-D,2025-08-28 02:15:42+02:00,2025-08-28 02:15:43+02:00,1,2,50.13,50.13,47.7,53.11,24.0,0,2,0,False,radio_p75_underperformance,normal,capability,ECI:1076799.0,1076799.0,184.0,-17.6036064,177.4527131,-17.6036085,177.4527041,1.0
INC-001227,542020041221088+20250828142258+Fiji-Nadi-LTE-DL-D!20250828142226,Fiji-Nadi-LTE-DL-D,2025-08-28 04:21:35+02:00,2025-08-28 04:21:36+02:00,1,2,49.96,49.96,44.15,57.05,24.0,0,2,0,True,rb_conditioned_underperformance,normal,capability,ECI:1076791.0,1076791.0,139.0,-17.60558019,177.45372575,-17.60557728,177.45370918,1.0
INC-000174,542020041221088+20250827112649+Fiji-Nadi-LTE-DL-D!20250827110516,Fiji-Nadi-LTE-DL-D,2025-08-27 01:04:06+02:00,2025-08-27 01:04:07+02:00,1,2,49.93,49.93,46.2,54.49,24.0,0,2,0,True,radio_limited_degradation,normal,capability,ECI:1070366.0,1070366.0,80.0,-17.7677852,177.4894068,-17.7677107,177.489457,1.0
INC-000226,542020041221088+20250827122335+Fiji-Nadi-LTE-DL-D!20250827113336,Fiji-Nadi-LTE-DL-D,2025-08-27 01:32:05+02:00,2025-08-27 01:32:06+02:00,1,2,49.92,49.92,41.62,60.05,24.0,0,2,0,False,rb_conditioned_underperformance,normal,capability,ECI:1072436.0,1072436.0,394.0,-17.76466392,177.43077613,-17.7645795,177.4308124,1.0
INC-000631,542020041221088+20250827152532+Fiji-Nadi-LTE-DL-D!20250827152209,Fiji-Nadi-LTE-DL-D,2025-08-27 05:21:24+02:00,2025-08-27 05:21:25+02:00,1,2,49.88,49.88,43.17,58.1,24.0,0,2,0,False,ca_underperformance,normal,capability,ECI:1066301.0,1066301.0,487.0,-17.741516,177.4426341,-17.74151578,177.44263389,1.0
INC-000206,542020041221088+20250827121333+Fiji-Nadi-LTE-DL-D!20250827112914,Fiji-Nadi-LTE-DL-D,2025-08-27 01:27:41+02:00,2025-08-27 01:27:42+02:00,1,2,49.85,49.85,48.03,52.08,24.0,0,2,0,False,ca_underperformance,normal,capability,ECI:1072702.0,1072702.0,393.0,-17.7796019,177.43071873,-17.7797531,177.4306194,1.0
INC-000282,542020041221088+20250827123517+Fiji-Nadi-LTE-DL-D!20250827114634,Fiji-Nadi-LTE-DL-D,2025-08-27 01:44:37+02:00,2025-08-27 01:44:38+02:00,1,2,49.74,49.74,62.45,34.22,24.0,0,2,0,True,radio_limited_degradation,normal,radio,ECI:1069086.0,1069086.0,138.0,-17.78658928,177.39251676,-17.78648658,177.39245008,1.0
INC-000851,542020041221088+20250828120053+Fiji-Nadi-LTE-DL-D!20250828113532,Fiji-Nadi-LTE-DL-D,2025-08-28 01:35:23+02:00,2025-08-28 01:35:25+02:00,1,3,49.67,49.67,59.82,37.27,31.0,0,3,0,True,radio_limited_degradation,normal,radio,ECI:1076796.0,1076796.0,184.0,-17.60441161,177.45951357,-17.6044626,177.4594793,2.0
INC-000752,542020041221088+20250828104327+Fiji-Nadi-LTE-DL-D!20250828104254,Fiji-Nadi-LTE-DL-D,2025-08-28 00:42:53+02:00,2025-08-28 00:42:54+02:00,1,2,49.55,49.55,43.84,56.53,24.0,0,2,0,False,radio_p75_underperformance,normal,capability,ECI:1081652.0,1081652.0,356.0,-17.6408736,177.4217304,-17.6408038,177.4218195,1.0
INC-000343,542020041221088+20250827131704+Fiji-Nadi-LTE-DL-D!20250827121308,Fiji-Nadi-LTE-DL-D,2025-08-27 02:11:33+02:00,2025-08-27 02:11:35+02:00,1,3,49.54,49.54,62.31,33.94,31.0,0,3,0,True,radio_limited_degradation,normal,radio,ECI:1073736.0,1073736.0,363.0,-17.7968345,177.4070938,-17.7968346,177.4070942,2.0
INC-000822,542020041221088+20250828114252+Fiji-Nadi-LTE-DL-D!20250828111332,Fiji-Nadi-LTE-DL-D,2025-08-28 01:12:20+02:00,2025-08-28 01:12:21+02:00,1,2,49.51,49.51,44.25,55.93,24.0,0,2,0,True,radio_p75_underperformance,normal,capability,ECI:1076246.0,1076246.0,179.0,-17.6052733,177.4758714,-17.6052274,177.4760086,1.0
INC-000286,542020041221088+20250827123517+Fiji-Nadi-LTE-DL-D!20250827114634,Fiji-Nadi-LTE-DL-D,2025-08-27 01:45:10+02:00,2025-08-27 01:45:11+02:00,1,2,49.5,49.5,61.16,35.26,24.0,0,2,0,True,radio_limited_degradation,normal,radio,ECI:1069126.0,1069126.0,138.0,-17.7841064,177.3891679,-17.78410648,177.38916777,1.0
INC-001206,542020041221088+20250828141358+Fiji-Nadi-LTE-DL-D!20250828141324,Fiji-Nadi-LTE-DL-D,2025-08-28 04:13:03+02:00,2025-08-28 04:13:04+02:00,1,2,49.5,49.5,45.56,54.32,24.0,0,2,0,False,radio_p75_underperformance,normal,capability,ECI:1080631.0,1080631.0,353.0,-17.6139141,177.4612734,-17.6138674,177.4611535,1.0
INC-001265,542020041221088+20250828153702+Fiji-Nadi-LTE-DL-D!20250828152243,Fiji-Nadi-LTE-DL-D,2025-08-28 05:20:55+02:00,2025-08-28 05:20:58+02:00,1,4,49.08,49.08,61.4,34.01,38.0,0,4,0,True,radio_limited_degradation,normal,radio,ECI:1079367.0,1079367.0,318.0,-17.6786353,177.3973672,-17.6787979,177.3971387,3.0
INC-000582,542020041221088+20250827151132+Fiji-Nadi-LTE-DL-D!20250827151053,Fiji-Nadi-LTE-DL-D,2025-08-27 05:09:19+02:00,2025-08-27 05:09:20+02:00,1,2,48.94,48.94,46.01,52.51,24.0,0,2,0,False,rb_conditioned_underperformance,normal,capability,ECI:1072150.0,1072150.0,448.0,-17.7543848,177.4548009,-17.7543548,177.4547811,1.0
INC-000300,542020041221088+20250827123818+Fiji-Nadi-LTE-DL-D!20250827115313,Fiji-Nadi-LTE-DL-D,2025-08-27 01:51:16+02:00,2025-08-27 01:51:17+02:00,1,2,48.93,48.93,40.11,59.7,24.0,0,2,0,False,ca_underperformance,normal,capability,ECI:3623986.0,3623986.0,154.0,-17.76868706,177.37679107,-17.7686903,177.3766705,1.0
INC-001146,542020041221088+20250828135857+Fiji-Nadi-LTE-DL-D!20250828135526,Fiji-Nadi-LTE-DL-D,2025-08-28 03:54:12+02:00,2025-08-28 03:54:13+02:00,1,2,48.93,48.93,46.35,52.08,24.0,0,2,0,False,radio_p75_underperformance,normal,capability,ECI:1082166.0,1082166.0,140.0,-17.611307,177.4497929,-17.6112726,177.4498616,1.0
INC-001163,542020041221088+20250828140157+Fiji-Nadi-LTE-DL-D!20250828135953,Fiji-Nadi-LTE-DL-D,2025-08-28 03:58:50+02:00,2025-08-28 03:58:51+02:00,1,2,48.67,48.67,45.5,52.55,24.0,0,2,0,False,radio_p75_underperformance,normal,capability,ECI:1080135.0,1080135.0,195.0,-17.60689358,177.45685579,-17.60684099,177.45683953,1.0
INC-000823,542020041221088+20250828114252+Fiji-Nadi-LTE-DL-D!20250828111332,Fiji-Nadi-LTE-DL-D,2025-08-28 01:12:56+02:00,2025-08-28 01:12:57+02:00,1,2,48.63,48.63,55.5,40.23,24.0,0,2,0,True,radio_limited_degradation,normal,radio,ECI:1076277.0,1076277.0,177.0,-17.60373825,177.48056345,-17.60369493,177.48069434,1.0
INC-001113,542020041221088+20250828134116+Fiji-Nadi-LTE-DL-D!20250828133502,Fiji-Nadi-LTE-DL-D,2025-08-28 03:35:00+02:00,2025-08-28 03:35:01+02:00,1,2,48.09,48.09,41.93,55.61,24.0,0,2,0,False,ca_underperformance,normal,capability,ECI:1080641.0,1080641.0,353.0,-17.6165681,177.4606117,-17.61656928,177.46061213,1.0
INC-000876,542020041221088+20250828121301+Fiji-Nadi-LTE-DL-D!20250828114829,Fiji-Nadi-LTE-DL-D,2025-08-28 01:47:34+02:00,2025-08-28 01:47:35+02:00,1,2,47.87,47.87,44.24,52.29,24.0,0,2,0,True,radio_limited_degradation,normal,radio,ECI:1076789.0,1076789.0,184.0,-17.6025797,177.4557892,-17.60257959,177.45578923,1.0
INC-001165,542020041221088+20250828140337+Fiji-Nadi-LTE-DL-D!20250828140209,Fiji-Nadi-LTE-DL-D,2025-08-28 04:00:43+02:00,2025-08-28 04:00:47+02:00,2,4,47.25,47.235,43.3,52.08,24.0,0,4,0,False,radio_p75_underperformance,normal,capability,ECI:1076798.0,1076798.0,183.0,-17.6079117,177.4547914,-17.60793397,177.45479311,4.0
INC-000837,542020041221088+20250828115053+Fiji-Nadi-LTE-DL-D!20250828112640,Fiji-Nadi-LTE-DL-D,2025-08-28 01:24:39+02:00,2025-08-28 01:24:40+02:00,1,2,46.86,46.86,57.19,34.22,24.0,0,2,0,True,radio_limited_degradation,normal,radio,ECI:1076369.0,1076369.0,373.0,-17.60404689,177.46122801,-17.6039309,177.4611809,1.0
